makespan,sum_of_cost,sum_of_loss
48,746,718
48,744,714
48,762,712
48,793,725
48,745,706
48,761,721
48,743,722
48,751,719
48,767,710
48,768,712
48,727,704
50,767,717
48,722,704
48,742,712
48,717,700
48,762,718
48,786,710
48,711,695
48,752,716
48,770,728
48,747,707
48,734,702
48,734,698
53,770,726
48,719,707
48,777,724
50,747,718
48,750,710
48,807,733
48,724,701
48,758,720
48,734,710
48,740,718
48,755,704
48,740,714
48,753,712
48,743,716
48,746,713
48,742,710
48,758,714
48,751,708
48,747,707
48,749,712
48,749,723
48,713,703
48,743,703
51,734,713
48,740,718
48,716,707
50,740,714
48,751,712
48,726,706
48,745,717
48,739,720
48,736,703
48,738,705
48,763,734
48,736,702
48,724,717
48,754,727
48,764,715
53,784,727
48,755,712
48,737,698
48,720,705
48,759,708
48,762,723
48,745,714
48,715,697
48,739,711
48,760,716
48,754,707
53,759,719
48,769,725
48,765,730
48,758,714
48,739,713
48,735,712
48,732,711
48,744,712
51,731,703
48,742,711
48,741,703
48,714,701
48,725,705
48,702,691
48,759,715
48,726,695
48,738,706
48,762,715
48,746,705
48,732,708
49,762,726
48,732,710
48,757,717
48,745,721
48,737,718
48,730,703
48,760,718
48,733,711
48,729,705
48,757,716
48,737,700
48,756,716
48,740,704
48,719,705
48,729,702
48,736,705
48,749,723
48,746,713
48,745,711
48,755,715
50,777,721
48,738,708
48,738,703
48,730,713
48,742,709
48,739,702
48,716,696
48,741,713
48,748,716
48,757,729
48,746,726
48,735,715
48,737,711
48,749,704
50,749,704
48,761,715
48,726,705
48,726,704
48,738,704
53,762,727
48,750,718
48,750,709
48,720,700
48,747,726
48,728,701
48,787,717
48,741,710
48,782,735
48,768,730
48,736,712
48,780,735
48,726,702
48,761,716
48,748,714
48,778,731
48,709,697
48,735,714
48,734,710
48,742,712
48,761,724
48,749,710
48,741,710
48,727,706
48,764,712
48,728,701
48,742,714
48,748,710
48,725,706
48,784,738
48,747,704
48,760,712
48,767,724
48,736,705
48,772,716
50,741,715
48,753,718
48,745,709
48,754,709
48,720,699
48,762,714
48,730,701
48,733,710
48,723,706
48,740,717
48,739,704
48,754,731
48,715,704
48,733,710
48,754,715
48,759,712
48,738,716
50,727,709
51,742,716
48,734,712
48,762,719
50,761,713
48,729,707
48,781,733
48,715,695
48,727,705
48,744,717
48,779,732
48,779,724
48,819,738
48,753,706
48,762,711
48,736,707
53,786,731
48,746,713
48,713,693
48,745,715
48,747,714
48,737,706
48,742,706
48,735,706
48,773,723
48,745,719
48,739,709
48,741,700
48,756,713
48,759,709
48,715,701
48,779,721
48,716,701
48,743,705
48,737,706
48,768,710
48,765,710
48,724,698
48,780,718
48,751,718
48,740,710
48,753,709
48,752,719
48,731,716
49,741,711
48,755,716
48,744,717
48,722,700
48,760,710
48,721,696
48,736,717
48,743,718
48,745,713
48,778,728
48,765,716
48,771,726
48,731,714
48,760,732
48,726,708
48,729,696
48,746,705
54,727,714
48,759,722
48,730,700
48,765,717
48,776,716
48,754,709
48,748,706
48,752,713
48,736,722
48,768,725
48,741,701
48,750,717
48,754,710
48,776,723
48,771,726
48,758,715
48,733,708
48,746,719
48,733,705
48,743,708
48,708,695
48,749,709
48,766,739
48,776,720
48,739,707
48,785,723
48,710,695
48,769,718
48,741,724
48,769,728
48,745,713
48,729,704
48,735,710
48,738,715
48,731,706
48,733,706
48,731,715
48,717,700
50,763,722
48,760,713
48,752,707
48,743,715
48,777,716
48,737,712
48,729,707
48,760,711
48,755,713
48,762,703
48,721,699
48,737,699
48,752,713
48,721,705
48,741,701
51,744,715
48,753,712
48,761,716
48,750,714
48,736,719
53,789,720
48,711,696
48,752,711
48,752,707
50,765,719
48,750,721
48,729,705
48,715,705
48,741,717
48,747,718
48,732,709
48,743,705
48,772,728
48,722,714
48,754,713
48,722,704
50,763,718
51,736,713
48,763,717
48,749,716
48,743,706
48,735,706
48,787,725
48,734,710
48,776,718
48,772,730
48,774,714
50,733,705
48,732,710
48,738,711
50,794,725
48,732,701
48,753,710
48,761,716
48,729,699
48,763,714
50,732,712
48,734,703
51,717,698
48,721,697
48,747,719
48,731,703
48,748,708
48,772,720
48,726,706
48,768,723
48,741,705
48,775,717
51,798,723
48,767,724
48,740,705
48,715,695
48,719,707
48,738,709
48,750,712
48,722,700
48,753,712
48,762,721
48,755,714
48,742,708
48,731,705
48,731,701
48,777,723
48,759,715
48,759,714
48,758,715
48,736,707
48,713,698
48,747,717
48,755,724
48,739,712
48,725,712
48,776,709
48,735,708
48,760,706
48,741,718
48,748,723
48,747,712
48,758,727
48,745,707
48,765,711
48,758,729
48,771,724
50,766,724
48,779,715
48,717,698
48,717,698
48,739,709
51,731,712
48,717,698
48,751,722
48,754,717
48,761,722
48,749,716
48,744,713
48,734,717
48,746,716
48,772,719
48,720,708
50,743,715
48,726,711
48,721,704
48,737,713
48,734,717
48,736,716
48,776,734
48,724,703
48,776,720
48,755,716
48,730,712
48,740,705
48,781,726
48,725,712
48,722,701
48,747,717
48,758,723
48,732,712
48,730,706
48,722,700
51,740,701
48,726,708
50,716,703
49,734,709
48,765,722
48,792,733
48,739,706
51,748,716
50,763,716
48,734,713
48,739,719
49,742,725
48,747,719
48,754,709
48,731,702
48,769,717
48,726,708
48,762,715
48,734,708
48,761,721
48,733,710
48,721,704
48,748,712
48,726,716
48,751,708
48,760,706
48,743,713
48,728,707
48,752,713
48,714,696
48,727,711
51,765,706
48,764,719
51,741,710
48,724,702
48,781,728
48,735,713
48,731,698
48,766,724
48,771,710
48,757,716
48,740,712
48,755,711
48,749,713
48,748,724
48,760,721
48,774,721
48,746,711
48,730,703
48,732,711
48,738,707
48,740,708
48,735,699
48,775,714
51,724,712
48,760,712
48,751,710
48,762,720
48,751,705
48,770,721
48,767,715
48,708,698
48,752,718
48,733,710
48,735,708
48,781,723
51,771,725
48,743,713
48,771,718
48,723,703
48,758,721
48,756,721
48,732,705
48,743,715
48,771,720
48,782,730
48,771,723
48,750,718
48,755,712
51,738,718
48,739,709
48,739,702
48,753,719
48,734,708
48,717,699
48,741,713
48,766,717
48,769,724
48,757,718
48,718,693
48,755,711
48,734,708
48,760,715
48,752,707
48,733,697
48,732,717
48,779,721
48,770,718
48,726,699
48,776,719
50,787,720
48,763,716
48,741,715
48,751,706
48,729,701
48,754,711
48,751,717
48,751,734
48,722,702
48,758,717
48,752,716
48,724,699
48,788,728
48,764,713
48,717,704
48,729,704
48,734,711
48,768,716
48,735,700
48,777,706
48,768,733
48,741,718
48,738,710
48,717,699
48,729,710
48,745,702
48,737,707
48,720,712
49,729,701
48,756,726
48,735,704
48,771,727
49,763,714
48,744,707
51,717,702
48,756,721
48,727,703
48,742,720
52,764,710
48,745,702
48,737,715
48,797,721
48,796,718
48,753,715
48,762,709
48,762,721
48,779,718
48,753,710
48,749,704
48,725,702
50,795,734
48,752,716
48,748,706
48,742,711
48,775,723
48,759,722
48,725,717
48,754,710
48,759,710
53,741,715
48,745,714
48,779,722
48,723,700
48,739,715
48,740,706
48,769,715
48,716,701
48,744,711
48,716,700
48,721,700
48,742,712
48,736,707
48,775,718
48,758,728
48,761,715
48,758,730
48,757,721
48,756,712
48,759,717
48,711,698
48,765,708
48,743,718
48,721,703
48,742,714
48,724,692
48,785,742
50,774,726
48,755,719
48,739,714
48,765,715
48,775,716
48,736,709
48,743,714
48,750,721
48,741,718
48,746,733
48,756,729
48,769,712
48,751,709
48,771,713
48,718,700
48,761,709
51,751,711
48,740,707
50,777,731
48,728,707
48,743,709
48,732,709
48,724,699
48,771,714
48,743,705
48,750,714
48,738,708
48,722,703
48,744,704
48,743,704
48,773,716
48,758,723
48,744,707
48,795,742
48,719,699
48,741,718
48,726,703
48,796,715
48,719,700
49,730,715
48,766,714
48,732,708
48,790,721
48,758,717
50,736,710
48,794,724
48,732,704
48,766,731
48,736,716
48,725,699
48,747,721
48,729,716
48,771,730
48,760,723
48,726,701
48,735,707
48,733,703
48,754,714
48,726,710
48,755,716
48,740,705
48,767,724
48,717,705
48,768,719
48,769,707
48,749,717
48,762,727
48,745,710
48,731,714
50,795,731
48,740,705
48,753,719
50,743,710
50,726,706
48,786,740
48,747,710
48,735,702
48,759,712
48,744,713
48,724,711
48,754,713
48,774,711
48,754,711
48,754,720
48,737,719
48,748,706
48,723,706
48,726,704
48,735,707
48,733,708
48,744,714
48,717,709
48,726,700
48,732,708
48,749,718
48,745,714
48,735,706
48,732,715
48,747,710
48,751,713
48,746,712
48,717,709
48,728,702
48,747,717
48,728,702
48,765,723
48,755,722
48,744,714
48,756,714
48,740,710
49,773,727
48,763,716
48,774,717
48,752,722
48,725,698
48,785,713
48,732,712
48,785,725
48,730,699
48,767,716
48,738,704
48,735,706
48,742,705
48,761,718
50,727,700
50,729,709
48,753,726
48,756,724
48,754,731
48,743,710
48,733,711
48,752,719
48,733,723
48,729,706
48,745,713
48,733,711
48,748,710
48,720,699
51,778,720
48,767,712
48,769,720
48,765,721
48,795,728
48,748,721
48,742,717
48,722,699
48,734,711
48,730,703
48,736,711
48,763,719
48,767,712
48,745,703
48,753,720
48,718,698
48,749,703
56,732,709
48,739,704
48,745,705
48,721,701
48,729,707
48,774,714
48,746,706
48,740,710
48,737,711
48,728,701
48,734,702
48,753,729
48,749,714
48,766,712
48,732,722
49,769,710
48,764,718
48,727,703
48,726,698
48,729,707
48,732,706
48,787,722
48,736,711
48,757,708
48,748,715
48,732,706
48,744,708
48,728,707
48,724,708
48,729,708
48,749,714
48,759,722
48,732,706
48,735,704
48,763,713
48,741,716
48,744,706
48,739,707
48,786,728
48,729,706
50,733,715
48,734,716
48,790,717
48,732,708
48,732,712
48,740,716
48,750,719
48,709,701
48,767,725
48,765,708
48,747,704
48,754,727
48,713,703
48,758,718
48,755,720
49,759,707
48,766,721
48,746,715
48,745,712
48,742,712
48,749,713
48,715,698
48,772,721
48,729,716
48,743,711
48,756,727
48,763,712
48,763,707
48,751,709
48,749,721
48,756,718
48,736,715
48,756,722
48,749,704
48,762,713
50,731,703
48,782,716
48,757,706
48,745,710
48,752,715
50,777,724
48,746,707
50,740,716
48,746,711
48,744,714
48,732,700
48,767,718
48,758,708
48,766,715
48,768,720
48,744,717
48,722,711
48,722,706
48,723,702
48,743,716
48,746,716
48,720,700
48,746,710
48,742,718
48,747,713
48,735,720
48,762,725
48,746,712
48,718,700
48,749,722
48,765,701
48,740,704
48,727,700
48,750,718
48,731,703
48,740,704
48,765,718
48,754,707
48,775,729
48,761,708
48,725,707
48,750,718
48,750,713
48,724,703
48,715,699
48,742,706
48,781,728
48,728,705
48,734,715
48,758,723
48,768,717
48,748,709
48,742,717
48,758,724
48,751,726
48,729,714
48,720,711
48,738,701
48,750,732
48,741,707
48,749,711
48,739,708
48,741,705
48,736,710
48,712,691
48,741,726
48,728,702
48,755,733
48,744,712
48,727,711
48,750,719
50,746,718
48,761,718
48,749,716
48,755,716
48,726,708
48,752,724
48,756,730
49,746,712
48,776,712
48,739,719
48,775,720
48,749,711
48,781,731
48,758,722
50,759,718
48,781,722
48,750,706
48,757,709
48,771,710
48,771,706
48,720,705
48,756,719
48,786,725
48,732,709
48,740,717
48,732,711
50,791,731
48,743,713
48,737,707
48,752,721
48,715,701
48,771,721
48,748,704
48,765,730
48,736,705
48,723,711
48,763,720
48,739,715
48,766,716
48,736,718
48,735,702
48,746,723
48,760,722
48,750,716
48,742,710
48,748,719
48,737,699
48,745,717
48,749,725
48,733,718
48,756,722
48,755,710
48,753,724
48,785,722
48,760,712
48,764,721
48,752,728
48,750,717
48,748,723
48,729,708
48,787,724
48,735,695
48,727,707
48,748,720
48,737,713
48,742,704
50,753,723
48,747,716
48,732,719
48,742,707
48,734,707
48,754,719
48,734,718
48,762,724
48,740,709
48,735,700
48,705,699
48,720,702
48,714,695
48,773,719
48,730,700
48,758,718
48,717,706
48,759,726
48,749,704
48,733,704
48,758,716
48,735,718
48,749,724
48,737,712
53,773,729
48,785,734
48,750,717
48,744,715
48,760,720
48,743,710
48,767,715
48,725,701
48,738,699
48,748,724
48,726,707
48,769,722
48,738,704
48,739,710
48,747,709
48,753,712
48,770,724
48,745,707
48,772,718
48,765,714
48,750,710
48,737,715
48,747,715
48,719,704
48,762,712
48,757,722
48,733,706
48,746,709
49,771,725
48,756,724
48,797,729
48,757,719
48,754,719
48,755,730
48,726,713
48,729,708
48,761,709
48,751,721
48,773,713
48,729,702
48,758,717
48,754,716
48,750,725
48,762,709
48,735,712
48,748,705
48,746,709
48,745,717
48,772,715
48,779,717
48,739,711
48,730,710
48,771,737
48,741,715
48,743,712
48,763,722
48,774,723
48,738,706
48,753,714
48,737,716
48,746,711
48,771,718
48,778,725
55,773,716
51,734,721
48,737,714
48,725,710
48,803,741
50,746,707
48,765,723
48,749,708
48,719,704
48,800,745
48,760,718
48,757,718
48,752,719
48,729,712
48,709,699
48,765,711
48,738,705
48,710,696
48,749,718
48,738,714
48,753,716
48,736,711
48,738,709
48,801,731
48,733,718
48,781,717
48,764,717
48,764,707
48,796,733
48,726,705
48,718,694
48,764,726
48,769,721
48,746,717
48,737,711
48,758,723
48,771,719
48,775,715
48,751,715
48,720,695
48,765,726
48,752,711
48,749,713
48,743,706
48,738,711
48,729,703
48,746,715
48,738,710
48,759,709
48,750,721
48,723,708
48,774,711
48,790,728
48,738,712
48,745,715
48,748,704
48,744,703
48,750,718
48,734,707
48,721,701
48,718,705
48,772,723
48,790,717
48,754,709
48,767,712
48,730,709
48,729,701
48,731,706
48,720,699
48,778,718
48,713,696
48,755,710
48,803,749
48,745,706
48,714,701
48,755,712
48,751,716
48,741,721
48,735,701
48,732,704
48,756,716
48,746,718
48,743,712
48,741,718
48,747,710
48,766,713
48,742,711
48,762,716
48,755,709
48,743,719
48,773,719
48,748,715
48,732,705
48,751,711
48,754,703
48,745,715
48,752,720
48,758,718
48,762,722
48,748,714
48,787,720
48,750,717
48,752,715
48,733,713
48,749,714
50,802,730
48,746,707
48,760,720
48,759,729
48,742,705
48,734,704
48,791,734
48,731,718
48,749,725
48,794,723
48,733,705
48,738,709
53,740,715
48,718,705
48,755,713
48,785,734
48,749,715
48,740,720
48,731,706
48,729,710
48,751,704
48,714,703
48,762,727
48,724,708
48,727,704
48,760,729
48,764,736
48,729,710
48,726,707
48,745,718
48,740,717
48,729,709
48,735,721
48,739,714
48,773,726
48,746,722
48,750,715
48,721,706
48,720,696
48,761,714
50,728,709
48,734,711
48,732,711
48,776,737
48,755,718
48,761,720
48,741,710
48,758,721
48,732,711
48,751,706
48,757,715
48,787,721
48,739,707
50,768,722
48,776,721
48,757,716
50,724,707
48,751,713
48,777,715
48,753,714
48,757,711
48,783,729
48,721,699
48,749,714
48,733,711
48,776,713
48,753,700
48,735,714
48,726,709
48,721,710
48,748,715
48,751,709
48,752,714
48,768,706
48,761,720
48,741,713
48,763,708
55,759,718
48,765,721
48,763,723
48,745,718
48,746,719
50,768,731
51,752,718
48,759,709
48,733,712
48,732,710
48,767,729
48,761,709
51,772,729
48,731,704
48,720,704
48,714,703
48,771,726
48,781,722
48,785,719
48,745,698
48,746,721
48,737,699
48,722,701
48,768,713
48,734,706
48,744,716
48,749,711
48,738,706
48,727,711
48,775,724
50,735,707
48,748,704
48,768,710
49,729,706
48,760,715
48,723,700
51,721,708
48,751,710
48,725,705
48,732,703
48,718,704
48,748,724
48,755,729
48,706,693
48,772,722
48,715,705
48,773,717
48,747,713
48,766,730
48,748,721
48,786,730
48,806,735
48,749,712
48,752,711
48,778,719
48,723,699
48,751,719
48,747,720
48,707,694
48,769,717
48,775,715
48,750,715
48,742,701
48,782,736
48,743,709
50,749,701
48,771,720
48,774,717
48,745,708
48,760,716
48,748,720
48,720,699
48,741,721
49,806,738
48,759,715
48,788,727
48,770,719
48,755,722
48,754,711
48,764,714
48,714,699
48,732,710
48,724,703
48,750,717
48,755,709
48,745,703
48,765,738
48,768,715
48,740,713
48,748,713
48,744,722
48,735,723
48,736,721
48,746,713
48,753,708
48,759,713
48,724,694
48,767,714
48,757,705
48,758,703
48,776,724
48,733,705
48,745,707
48,736,718
48,763,735
48,768,714
48,735,710
48,758,718
48,728,707
48,727,704
48,762,713
50,722,707
48,778,718
48,745,703
48,799,737
51,744,708
48,734,714
50,769,721
48,777,725
51,742,715
48,731,697
48,724,703
48,773,718
48,739,714
48,727,706
48,752,710
48,775,721
51,766,710
48,725,707
48,745,720
48,742,714
48,725,708
48,726,714
48,754,710
48,746,713
48,792,728
48,748,713
48,740,723
48,757,708
48,709,697
48,718,704
48,720,697
48,750,717
48,734,701
48,753,713
48,756,719
48,730,703
48,756,726
48,770,724
48,748,718
50,753,711
48,743,714
48,783,715
48,749,712
48,788,737
48,746,703
48,740,711
48,757,708
48,757,708
48,773,716
48,770,715
48,742,717
48,749,706
50,750,700
48,776,714
48,772,731
48,744,705
48,756,708
48,766,725
48,769,725
48,723,704
48,761,715
48,775,713
48,759,725
48,748,720
48,722,710
48,739,717
48,743,706
48,738,704
48,737,711
48,734,719
48,773,725
48,754,723
48,740,703
48,758,728
48,730,699
48,746,712
50,778,719
48,768,718
48,724,699
48,724,707
48,778,713
48,742,703
48,781,725
48,713,698
48,736,709
48,718,701
48,751,709
48,767,712
48,793,738
48,785,711
48,733,717
48,742,710
48,734,706
48,755,712
48,758,719
48,715,691
48,748,709
48,742,709
48,746,710
48,749,719
48,746,713
48,748,710
48,752,720
51,776,736
48,762,712
48,751,716
48,722,698
48,741,712
48,734,707
48,745,712
48,724,704
48,759,721
51,776,724
48,754,709
48,731,705
48,733,707
48,730,701
48,752,706
48,748,720
48,733,705
48,748,724
48,755,704
48,743,716
48,715,702
48,744,710
48,771,715
48,776,720
48,747,729
48,716,699
48,760,712
48,760,727
48,749,718
48,742,714
48,762,712
48,762,709
48,765,728
48,743,719
48,735,702
48,790,724
48,753,714
48,785,710
50,729,712
48,745,718
48,737,717
48,741,720
48,723,702
48,754,722
48,723,708
48,728,707
48,724,702
48,740,713
48,747,718
48,716,707
48,735,710
48,766,718
48,734,707
48,740,696
48,761,723
48,755,715
48,760,719
48,711,700
48,760,704
48,711,698
48,772,712
48,745,703
48,743,706
48,743,714
48,745,714
48,749,713
48,764,721
50,752,710
48,766,709
48,762,716
48,733,709
48,755,724
48,783,722
48,738,713
48,748,710
51,737,713
48,766,710
48,758,719
48,725,706
48,757,713
48,751,708
48,725,703
48,727,710
48,732,701
48,734,709
51,744,717
48,712,700
48,780,727
50,748,715
48,744,710
48,772,721
48,728,699
48,764,711
48,720,706
48,756,713
48,729,704
48,726,707
48,737,719
48,732,703
48,771,726
48,725,697
48,712,701
48,733,703
48,737,711
48,764,712
50,739,710
48,759,712
48,734,702
48,733,705
48,728,704
48,756,718
48,774,721
48,715,698
48,749,710
48,736,699
48,768,715
48,749,719
51,732,720
48,731,708
48,739,707
48,742,714
48,739,715
48,745,704
48,705,700
48,767,724
48,742,711
48,722,695
48,727,706
48,755,712
48,743,704
52,728,704
50,740,706
48,742,712
48,742,702
48,759,726
48,742,714
48,725,708
48,768,711
48,781,733
48,780,730
48,767,715
53,783,729
48,757,718
48,747,720
48,742,724
48,744,706
48,776,727
48,745,709
48,723,696
48,749,697
48,735,706
48,724,705
48,743,717
48,750,710
48,781,723
48,725,700
48,729,712
48,735,703
48,744,716
48,781,715
48,742,709
48,730,709
48,747,715
48,758,707
50,803,743
48,741,711
48,732,702
48,754,705
48,754,707
48,736,707
48,734,705
48,769,726
48,737,706
48,721,705
48,747,714
48,767,728
48,776,737
48,735,708
48,729,709
51,762,707
48,802,729
48,722,703
48,741,708
48,738,719
48,743,714
48,710,695
48,750,711
48,726,705
48,730,712
51,742,714
48,758,706
48,743,719
48,734,715
48,778,722
48,764,702
48,758,715
53,741,724
48,784,720
48,740,718
48,746,706
48,790,729
48,770,718
48,750,707
48,733,700
50,754,714
48,731,703
48,739,710
48,723,714
48,734,706
48,738,696
48,733,706
48,749,712
48,753,710
48,782,724
48,742,713
48,757,719
48,737,712
48,791,716
48,739,709
48,762,720
51,756,720
48,763,722
48,731,710
48,786,719
48,720,702
49,727,709
48,725,707
48,738,713
48,738,709
48,759,719
48,744,711
48,745,714
48,794,726
48,757,712
48,733,705
48,742,715
48,745,703
48,761,710
49,728,703
48,743,728
48,771,726
48,777,732
48,736,712
48,736,705
48,767,715
48,758,712
48,797,726
48,750,720
48,723,704
48,729,703
48,757,726
48,764,717
48,770,712
48,738,704
48,715,695
48,761,717
48,752,707
48,714,700
48,740,707
48,735,708
48,767,736
54,736,710
48,748,716
48,724,711
48,747,715
48,743,717
48,726,697
48,772,720
48,729,709
48,733,711
48,777,725
48,736,710
48,780,716
48,753,718
48,750,704
48,729,708
48,762,705
48,764,720
48,785,731
48,793,737
48,736,714
48,735,703
51,738,715
48,731,716
48,751,718
48,742,705
48,768,712
48,773,713
48,738,703
48,741,713
48,777,733
48,738,709
53,719,713
48,728,713
48,748,707
48,757,719
48,736,704
48,776,714
48,751,706
48,740,696
48,783,720
48,770,725
48,755,711
48,715,698
48,748,716
48,743,717
48,727,717
48,723,710
48,718,697
48,757,709
51,718,701
48,734,707
48,764,712
49,722,707
48,722,705
48,777,716
48,745,725
48,742,710
48,777,719
48,771,713
48,743,717
48,731,711
48,768,724
48,733,704
48,738,705
48,762,723
48,742,705
48,769,714
48,735,707
48,761,718
48,731,709
48,751,712
48,732,715
48,716,701
48,752,722
48,754,718
48,763,707
48,757,710
48,735,707
48,735,715
48,727,698
48,744,713
48,762,725
51,742,714
48,715,703
48,733,709
48,731,699
48,750,704
48,785,716
48,751,711
48,733,706
48,719,702
50,778,736
48,730,701
48,727,708
48,787,726
48,730,717
48,729,706
48,744,708
48,776,726
50,770,721
48,760,719
48,736,700
48,758,712
48,724,708
49,742,713
48,770,714
48,735,710
48,755,717
48,738,712
48,749,710
48,789,735
48,751,709
48,761,721
48,750,702
48,755,719
48,724,709
48,737,712
48,762,714
49,779,721
48,724,711
48,745,709
48,783,707
48,719,706
48,738,709
48,720,706
48,774,730
48,767,734
48,755,720
48,730,707
48,747,708
48,751,719
48,718,699
48,732,713
48,738,705
48,734,710
48,731,710
48,741,700
48,760,737
48,734,703
48,783,721
48,722,717
48,728,704
48,780,718
48,793,731
48,747,725
48,753,714
48,767,716
48,747,704
48,733,702
48,765,719
48,728,709
48,747,710
48,708,692
51,746,708
48,732,705
48,748,711
48,766,723
48,740,715
48,721,701
48,756,719
48,744,707
48,750,709
48,739,711
48,745,721
48,740,718
48,751,730
48,732,706
48,754,705
48,737,701
48,741,719
48,724,709
48,767,711
48,751,711
48,727,714
48,767,724
48,751,713
48,776,720
48,748,716
48,733,699
48,742,702
48,747,714
48,760,720
48,770,727
48,765,713
48,759,721
48,762,717
48,746,707
48,741,706
48,734,696
48,743,719
48,747,714
48,759,717
48,737,706
48,717,705
48,728,704
48,718,701
48,733,693
50,764,713
48,744,712
48,738,709
48,773,716
48,752,712
48,719,697
48,746,716
48,738,713
48,744,722
48,762,719
48,790,714
48,792,731
48,767,728
48,737,722
48,729,718
48,713,697
48,770,733
48,753,715
48,767,713
48,728,714
48,762,720
48,723,715
48,735,708
48,754,715
48,755,713
48,751,708
48,755,723
48,747,710
48,738,706
48,744,705
48,722,702
48,744,705
48,768,710
48,738,706
48,741,719
48,719,707
48,768,707
48,758,715
50,752,721
48,757,712
49,738,711
48,728,693
48,767,725
48,767,726
48,726,717
48,731,706
48,731,704
48,748,721
48,753,727
48,743,711
48,745,714
48,753,717
48,769,709
48,735,704
48,771,725
48,759,720
48,773,717
48,788,713
48,735,713
48,745,709
57,748,712
48,736,715
48,750,705
48,741,714
48,753,717
48,750,712
48,727,707
48,717,699
48,746,719
48,755,709
48,741,722
48,741,717
48,724,707
48,734,719
48,760,726
48,780,727
48,719,713
48,739,708
48,734,708
53,767,722
48,738,707
48,770,711
48,762,719
48,744,707
48,723,700
48,733,702
48,773,718
48,759,719
48,738,699
48,728,706
48,711,691
48,706,699
48,781,735
48,724,700
48,737,707
48,771,722
48,739,709
48,750,707
48,777,725
48,750,704
48,734,720
50,766,727
48,735,717
48,733,708
48,724,697
48,720,704
48,799,733
48,728,705
48,758,710
48,749,721
48,741,706
48,736,708
48,725,706
49,765,709
48,772,717
48,794,734
48,748,720
48,749,711
48,746,713
48,731,709
48,723,702
48,735,707
48,767,721
48,765,721
48,728,701
48,752,710
48,746,705
48,794,734
48,771,728
48,732,713
48,756,716
48,803,719
48,778,731
48,718,698
48,756,716
48,750,710
48,781,726
48,748,716
48,756,719
48,733,717
48,719,703
48,728,708
48,701,694
48,763,724
48,717,702
48,807,739
48,765,725
48,746,712
48,790,722
48,760,716
48,759,722
48,710,697
48,724,697
48,739,715
48,741,708
52,764,726
48,731,705
48,740,713
48,754,723
48,735,710
48,747,716
48,763,737
48,714,703
48,715,702
48,740,713
48,732,708
48,745,720
48,776,717
48,747,707
48,741,711
48,733,707
48,788,713
48,765,716
48,731,709
48,762,717
48,756,724
48,775,709
48,755,729
48,714,697
48,719,706
48,764,717
48,742,706
48,766,718
48,727,701
48,754,719
48,722,696
48,744,721
48,733,706
48,761,712
48,780,711
48,722,701
48,757,714
48,739,714
48,728,701
48,731,718
48,783,719
48,762,717
48,719,705
49,745,717
50,739,721
48,750,720
48,745,710
48,766,724
51,723,700
48,743,703
48,786,733
48,724,708
48,761,707
50,749,714
48,730,705
48,739,714
48,748,718
48,747,713
48,718,703
48,708,702
48,730,704
48,722,706
48,714,693
48,779,731
48,734,707
48,722,703
48,803,736
48,766,728
48,746,713
48,751,721
48,744,705
48,750,718
48,753,706
48,728,703
48,748,711
48,750,720
48,770,718
48,743,709
48,741,709
48,735,717
48,735,704
53,776,717
48,778,719
48,749,709
48,753,720
48,737,711
48,769,719
48,751,724
48,754,716
48,771,735
48,762,706
48,724,705
48,725,704
48,764,726
48,784,725
48,731,707
48,752,726
48,739,714
48,751,730
48,763,709
48,730,707
48,774,715
50,743,710
48,732,707
48,748,721
48,724,708
48,780,734
48,752,717
48,726,718
48,736,714
48,758,721
48,719,696
48,778,720
50,770,723
48,713,693
48,729,706
48,765,706
48,778,723
48,739,717
48,758,712
48,723,706
51,738,708
48,724,700
48,743,726
48,757,716
48,733,713
48,775,718
48,751,704
48,773,716
48,776,729
48,754,712
50,741,704
48,745,714
48,737,716
48,757,711
48,779,718
48,719,703
50,731,711
48,734,711
48,722,704
51,738,719
48,750,712
48,750,711
48,774,720
48,739,710
48,732,710
48,774,710
48,732,705
48,744,717
48,738,706
48,721,704
48,761,729
48,719,704
48,744,711
48,740,707
48,729,713
48,751,721
48,722,706
48,771,725
48,766,705
48,778,729
48,776,726
48,736,715
48,793,715
48,757,712
48,744,716
50,745,720
48,734,712
48,760,715
48,752,714
48,752,702
48,744,718
48,751,710
50,777,725
48,756,711
48,729,710
48,751,719
50,746,725
48,738,707
48,735,705
48,745,713
48,782,718
48,730,700
48,746,719
48,747,716
48,753,713
48,724,708
48,768,712
48,731,711
48,722,702
48,754,715
48,800,734
48,763,715
48,741,717
48,803,730
48,739,699
48,775,711
48,739,701
48,730,705
48,794,728
48,738,705
48,733,705
48,759,708
48,726,714
48,741,716
48,752,727
48,796,726
48,756,720
51,727,708
48,747,715
48,736,705
48,753,716
48,751,714
48,731,708
48,718,700
48,753,717
48,748,715
48,742,706
48,721,699
48,739,715
48,703,692
48,763,708
48,785,730
48,748,715
48,759,705
48,753,716
48,779,710
48,763,727
48,759,726
48,774,731
48,750,713
48,737,712
48,778,717
48,724,706
48,762,724
48,751,723
48,727,698
50,775,723
48,765,715
48,761,723
48,746,707
48,756,723
48,768,707
48,735,705
48,760,707
48,758,710
48,716,698
48,719,710
48,731,714
48,734,713
48,750,718
48,761,721
48,793,714
48,741,716
48,739,707
48,710,697
50,741,715
48,744,718
48,765,707
48,745,719
48,786,730
48,733,721
48,733,711
48,747,718
48,749,707
48,787,728
48,742,712
48,722,707
48,752,719
48,755,705
51,737,708
48,727,700
48,778,723
48,753,721
48,730,710
48,755,712
50,771,719
48,751,714
48,749,721
48,728,702
48,756,714
48,751,712
48,747,716
48,780,712
48,742,713
48,750,727
48,725,698
48,740,711
48,750,715
48,722,699
48,762,722
48,774,719
48,778,732
48,720,704
48,773,719
48,780,726
48,718,705
48,752,716
48,744,709
48,759,709
48,774,727
50,762,729
48,730,705
48,752,710
48,768,712
50,730,717
48,780,726
48,732,707
48,722,704
48,733,708
48,745,728
48,757,724
48,737,711
48,750,719
53,749,723
48,754,714
48,730,706
48,735,703
48,758,705
48,728,718
50,765,717
48,764,719
48,784,735
48,737,721
48,732,707
48,756,714
48,726,709
48,761,719
48,711,697
48,780,713
48,724,700
48,722,709
48,725,711
48,763,720
48,780,727
48,736,710
48,760,723
48,720,699
48,786,735
48,737,714
48,746,710
48,729,706
48,729,703
48,762,724
48,733,709
48,740,706
48,729,705
48,720,705
50,737,700
48,725,711
48,727,708
48,750,716
48,768,716
48,733,707
48,773,716
48,745,709
48,733,713
48,726,712
49,725,706
53,795,734
48,755,715
48,790,718
48,735,705
48,739,696
48,743,711
48,770,724
48,749,704
48,726,702
48,718,699
48,762,719
48,771,716
48,714,699
48,747,708
48,741,708
48,710,696
48,742,716
48,733,711
50,744,707
48,782,723
48,729,713
48,743,708
48,756,711
48,740,712
48,766,729
48,735,711
48,740,704
48,745,705
48,727,705
48,722,702
48,750,710
48,728,706
48,781,723
48,741,716
48,699,697
48,763,722
48,744,720
48,755,715
53,749,710
50,743,714
48,717,698
48,762,718
48,738,707
50,772,714
48,770,728
48,730,702
48,779,714
48,763,717
48,750,708
48,725,710
48,755,724
48,789,719
48,726,711
48,787,711
48,715,695
48,738,713
48,786,721
48,759,718
53,797,742
48,741,720
48,738,721
48,774,716
48,762,707
48,729,706
48,730,710
48,748,710
48,781,713
48,787,741
48,728,704
48,761,735
48,756,717
48,758,717
48,731,712
48,768,713
48,728,703
50,755,716
48,753,715
48,765,722
49,746,731
48,755,714
48,723,706
48,731,712
48,793,727
48,735,708
48,723,717
48,741,707
48,750,713
48,753,712
48,734,711
48,770,722
48,778,725
48,704,693
48,753,719
48,725,703
48,743,722
48,801,736
48,753,716
48,728,707
48,729,703
48,750,717
48,783,720
48,764,712
48,754,712
48,753,718
48,733,721
48,754,709
48,743,709
48,738,711
48,758,737
48,762,711
50,715,702
48,787,736
48,742,716
48,737,702
48,700,694
48,768,721
48,726,702
48,790,718
48,734,726
50,756,720
48,755,726
48,787,735
48,733,699
48,783,713
48,765,707
48,763,713
48,729,706
48,746,710
48,736,719
48,791,726
53,752,727
48,781,724
48,735,723
48,749,711
48,745,707
48,743,718
48,748,724
48,740,713
48,756,722
48,746,696
48,769,716
48,743,698
48,735,707
48,764,718
48,784,720
48,773,716
48,749,708
48,748,717
48,751,718
50,784,742
53,808,726
48,740,708
48,743,711
48,730,703
48,743,716
48,743,712
48,733,713
48,742,718
48,753,719
48,731,708
48,744,715
48,743,706
48,742,711
52,767,722
48,741,714
48,733,707
48,735,705
48,730,701
48,746,717
48,726,706
48,785,728
48,734,702
48,727,707
48,756,716
48,760,710
48,731,717
48,725,708
48,761,726
49,741,707
48,742,699
48,751,710
48,761,710
48,749,700
48,733,706
48,713,698
48,741,705
48,755,718
48,751,706
48,751,719
48,746,716
48,723,708
48,759,718
48,743,708
48,721,696
48,713,698
48,753,718
48,741,715
48,735,713
48,744,722
48,741,709
48,773,715
48,750,709
48,780,728
48,747,706
50,789,732
48,776,717
48,718,704
51,749,722
48,747,715
48,725,709
48,700,688
51,779,718
48,752,708
48,748,717
48,753,704
48,769,722
48,788,718
48,712,703
48,701,693
48,759,713
48,745,719
48,746,700
48,758,705
48,720,708
48,739,700
48,778,731
48,735,710
48,724,702
48,734,712
48,757,727
48,725,703
48,756,709
48,751,722
48,784,721
48,730,711
48,731,709
48,744,704
48,732,714
48,768,715
48,747,715
48,715,700
48,713,701
48,747,712
48,717,701
48,736,705
48,742,711
48,733,705
48,736,712
48,742,711
48,724,700
48,747,719
48,762,710
48,732,724
48,737,718
48,753,710
48,716,707
48,746,713
50,726,707
48,751,712
48,743,721
48,762,722
48,734,721
48,721,703
48,759,715
48,760,716
48,737,709
48,755,711
48,737,715
48,790,723
48,749,708
48,752,715
48,720,704
48,749,711
51,764,720
48,784,731
48,741,708
48,770,728
48,733,714
48,785,729
48,727,702
48,711,693
48,766,713
48,751,726
48,722,702
48,760,718
48,787,743
48,746,709
48,768,722
48,751,705
48,739,717
48,736,703
48,736,697
48,773,720
48,744,708
48,767,722
48,727,706
48,736,712
48,762,732
48,763,713
48,727,706
48,720,697
48,764,715
48,746,711
48,754,718
48,734,703
48,740,708
48,715,707
48,730,699
48,740,709
48,741,710
48,735,706
48,776,721
48,735,717
48,756,716
48,728,702
48,750,708
48,765,725
48,758,711
48,776,713
48,770,717
48,759,711
48,770,710
48,760,707
48,754,722
48,739,703
48,777,723
48,762,705
48,756,724
48,740,709
48,738,710
48,736,703
48,753,704
48,737,718
49,790,733
48,737,711
48,751,719
48,783,715
48,769,726
48,751,708
50,745,714
48,776,725
48,769,729
48,769,728
48,750,718
48,760,709
48,753,716
48,729,701
48,767,705
48,731,698
48,767,710
50,790,734
48,751,720
48,754,714
48,776,725
49,711,701
49,736,713
48,764,718
48,761,728
48,775,724
48,730,708
48,753,707
48,739,711
48,758,718
48,757,713
48,759,706
48,750,708
48,765,725
48,730,709
48,762,728
48,761,728
48,774,716
48,770,718
48,756,716
48,781,739
48,766,721
51,765,715
48,738,707
48,749,701
48,757,716
48,747,704
48,755,722
48,750,717
48,741,705
48,756,709
48,759,712
48,730,719
48,726,707
48,750,720
48,760,717
48,767,723
48,773,723
48,743,720
48,741,719
48,732,703
48,710,695
48,762,719
48,727,707
48,734,710
48,757,711
48,750,712
48,729,710
48,721,709
48,719,707
49,749,705
48,745,712
48,743,715
48,794,710
48,756,714
48,725,703
48,770,721
48,742,705
48,775,728
54,774,724
51,730,709
48,753,718
48,786,735
48,763,714
48,765,724
48,755,707
48,738,709
48,759,716
50,739,712
48,749,711
48,789,735
48,742,720
48,742,705
48,734,708
48,715,703
48,722,716
48,736,712
48,731,704
51,726,717
48,730,712
48,716,707
48,749,706
48,725,710
48,746,705
48,747,708
48,750,713
48,713,703
48,775,728
48,724,702
48,734,706
48,744,705
48,733,703
48,733,719
48,753,718
51,779,724
48,771,716
48,784,728
48,721,707
48,765,725
48,774,719
48,746,705
48,762,718
48,755,715
48,735,709
48,722,704
48,760,719
48,727,706
48,789,718
48,730,705
48,736,704
48,730,714
48,762,713
48,762,720
48,759,718
48,749,700
48,743,715
48,722,708
48,742,702
48,735,705
48,786,728
48,783,713
48,746,719
48,781,721
48,752,705
48,717,703
48,753,715
48,747,704
48,741,709
48,743,722
48,719,695
48,776,724
48,730,702
51,743,715
48,720,699
48,770,717
48,743,706
48,744,713
48,764,716
48,737,704
48,768,725
48,722,707
48,745,703
48,724,706
48,730,706
48,724,702
48,770,710
48,729,712
48,738,712
48,724,706
48,746,707
48,745,706
48,753,716
48,739,706
48,742,718
48,744,714
50,762,720
48,737,708
48,762,722
48,747,712
48,760,712
50,746,717
48,713,695
48,742,711
48,777,716
48,725,707
48,740,703
48,746,709
48,754,708
48,736,705
48,754,717
48,738,704
48,754,726
48,751,718
48,750,722
48,735,711
48,753,707
48,736,699
48,742,708
48,728,701
48,731,703
48,733,705
48,762,720
48,717,699
49,723,712
48,719,695
49,788,723
48,759,711
48,739,711
48,780,720
48,726,706
48,743,715
48,769,726
48,741,709
48,765,716
48,777,733
48,731,700
51,742,712
48,771,721
48,771,713
48,730,710
48,742,703
48,759,720
48,762,722
48,714,703
48,726,704
48,742,711
48,724,707
48,730,710
48,800,726
48,728,713
48,737,711
48,720,701
48,719,702
48,786,726
48,779,717
48,771,717
48,705,693
48,754,716
48,748,719
52,713,702
48,778,720
48,753,717
48,765,711
48,786,724
51,765,732
48,724,708
48,783,726
48,741,703
48,742,707
48,748,707
51,750,721
48,737,708
48,721,699
48,779,726
48,774,718
48,768,720
48,741,712
48,747,712
48,757,718
48,741,713
48,747,711
48,755,721
48,741,710
48,742,716
48,729,705
48,735,707
48,739,709
48,724,709
48,730,704
48,726,701
48,754,706
48,745,716
48,740,704
48,754,714
48,753,712
48,751,706
48,753,728
48,720,706
48,734,713
48,746,720
48,774,713
48,729,709
48,761,704
48,736,713
48,728,713
48,743,725
48,746,720
48,753,717
48,740,713
48,737,704
48,742,709
51,766,730
48,746,708
48,739,708
48,749,715
48,756,709
51,726,704
48,791,718
53,749,702
48,729,712
48,734,717
48,752,707
48,749,720
48,719,707
48,766,733
48,742,714
48,755,706
48,729,707
48,753,715
48,777,723
48,738,714
48,720,704
48,800,728
48,765,725
48,736,720
48,732,710
48,728,698
48,722,698
48,771,721
48,786,724
48,735,703
48,772,719
48,744,708
48,724,707
48,752,731
48,739,713
48,775,716
48,727,703
48,754,712
48,786,734
48,793,728
48,719,700
48,740,713
48,762,719
48,760,715
48,721,707
48,771,720
48,720,706
48,767,714
48,733,703
48,732,715
48,725,703
48,757,707
48,757,720
48,718,711
48,765,711
48,727,697
48,758,724
48,733,706
48,730,712
48,793,723
48,752,713
48,748,716
48,759,710
48,772,724
48,746,712
48,767,715
48,759,717
48,763,728
48,733,710
48,730,701
48,801,714
48,726,706
48,730,705
48,744,704
48,751,714
48,773,726
48,721,701
48,726,697
48,752,714
48,746,719
48,766,711
48,768,716
48,758,721
48,742,709
48,740,720
51,729,713
48,738,709
48,714,703
48,747,698
48,752,712
48,723,703
48,734,717
48,759,715
48,744,704
48,736,718
48,763,717
48,735,704
48,729,699
48,760,709
48,760,702
48,758,711
48,738,711
48,746,709
48,771,727
48,752,711
48,713,698
48,740,704
48,746,722
48,805,729
48,725,704
48,739,714
48,757,714
48,774,711
48,738,717
48,724,701
48,741,724
48,723,705
48,757,719
48,735,705
48,737,713
48,766,727
48,733,706
48,747,719
48,783,717
48,761,718
48,726,698
48,725,706
51,740,709
48,741,706
48,752,719
48,786,739
48,735,708
48,731,712
48,727,701
48,727,692
48,750,719
48,759,709
48,753,730
48,756,713
48,759,712
48,719,696
48,770,716
48,733,711
48,734,712
48,739,697
48,774,734
48,733,712
48,762,727
48,760,713
48,737,701
48,769,713
48,762,722
48,757,721
48,754,710
48,757,715
48,757,711
48,772,717
48,741,713
48,732,706
48,742,713
48,710,698
48,791,724
48,775,716
49,759,707
48,761,715
48,748,714
50,749,710
48,748,719
48,801,729
48,741,708
48,719,699
48,724,698
48,717,701
48,767,725
48,720,703
48,751,705
48,752,709
48,738,706
48,769,722
48,759,711
48,767,699
48,763,714
48,740,710
48,752,716
48,723,695
48,767,721
48,726,701
48,761,725
48,764,720
48,737,714
51,760,714
48,756,714
48,720,707
48,724,705
48,756,718
48,788,728
48,753,721
48,765,711
48,746,703
48,717,692
48,752,710
48,720,706
48,785,734
48,731,706
50,769,724
48,721,702
50,751,732
51,746,722
48,766,726
48,749,718
48,726,706
51,752,710
48,716,705
48,770,727
48,735,700
48,775,716
48,737,711
48,725,702
48,749,728
48,752,715
48,768,728
48,746,716
48,764,729
48,737,706
51,733,714
48,737,707
48,738,716
48,734,711
48,730,711
48,728,704
48,728,710
48,737,705
48,761,720
48,760,728
48,754,707
48,759,723
48,729,707
48,720,701
48,758,706
48,725,708
48,764,718
48,752,721
48,740,704
48,756,710
48,780,722
48,770,723
48,733,713
48,721,701
48,767,723
51,751,720
48,744,704
48,751,727
48,741,720
48,735,718
48,728,712
48,767,715
48,719,702
48,758,722
48,756,718
48,786,721
48,738,714
48,737,708
48,765,727
48,777,729
48,742,720
48,725,711
48,718,705
48,733,705
48,719,701
49,783,733
48,738,714
49,790,727
48,743,712
48,754,710
48,757,712
48,759,708
48,745,716
48,737,707
48,742,713
48,782,726
50,770,713
48,738,714
48,737,699
48,753,712
48,744,706
48,764,713
48,739,715
48,735,714
48,760,717
48,721,701
48,741,714
48,747,704
48,750,713
48,751,710
48,733,708
48,744,710
48,742,708
48,758,716
48,738,704
48,722,698
48,721,712
48,750,707
48,716,701
48,758,711
48,774,730
48,783,721
48,796,730
48,718,706
48,801,723
48,737,711
48,761,719
48,752,708
48,731,706
48,768,726
48,724,706
48,726,698
48,744,712
48,769,725
48,782,716
53,825,739
48,741,716
50,785,726
48,741,712
48,771,725
48,761,714
48,745,703
48,761,720
48,756,715
48,755,714
50,762,727
48,780,716
48,787,726
48,746,719
48,779,723
48,784,729
48,723,702
48,756,709
48,779,712
48,758,713
48,751,712
49,766,718
48,764,713
48,751,725
48,723,696
48,761,712
48,767,724
48,763,713
48,731,706
48,735,710
51,751,713
51,748,708
48,779,720
48,718,696
48,734,709
48,767,702
48,732,699
48,750,717
50,766,722
48,750,716
48,726,697
48,730,701
48,738,716
48,767,721
48,774,725
48,718,701
48,787,731
48,765,712
48,746,714
48,755,712
48,756,716
48,747,711
48,755,717
48,737,710
48,729,706
48,746,713
48,758,720
48,769,724
50,724,704
48,742,713
48,719,708
48,731,702
48,745,714
48,739,721
48,789,721
48,755,729
48,769,723
48,752,715
48,737,714
48,739,710
48,730,710
48,731,698
48,728,701
48,750,721
48,760,714
48,743,714
48,747,713
48,732,700
48,750,713
48,759,711
48,752,704
48,779,725
48,724,711
48,730,705
48,729,713
48,767,713
48,772,720
48,761,708
48,733,705
48,796,740
48,734,707
53,786,725
48,749,719
48,736,708
50,738,716
48,731,707
48,773,721
48,745,709
48,767,720
48,761,716
48,734,710
48,758,715
48,791,719
48,738,712
50,734,704
48,811,743
51,745,723
48,718,702
48,768,731
48,721,697
48,790,733
48,739,715
48,749,717
48,749,719
48,742,714
48,769,729
48,738,701
48,749,712
48,762,709
48,748,711
48,770,724
48,757,716
48,765,722
48,735,707
51,751,721
48,724,699
48,775,726
48,745,713
48,776,739
48,721,708
48,739,705
48,734,709
48,737,705
48,734,711
48,725,710
48,774,736
48,769,713
48,787,737
48,742,706
48,736,710
48,739,719
48,724,704
48,725,708
48,758,727
48,739,722
48,728,704
53,756,719
48,756,718
48,731,708
48,752,727
48,778,721
48,761,711
48,771,724
48,748,707
48,735,694
48,786,736
48,744,714
48,750,715
48,727,713
48,789,731
48,799,729
48,726,702
48,761,708
48,737,706
48,719,705
48,758,720
48,712,696
48,771,720
48,775,727
48,771,711
48,756,715
48,726,709
48,743,714
48,742,713
48,762,712
48,778,717
48,741,709
48,731,702
48,744,703
48,750,705
48,706,689
48,774,725
48,752,708
48,728,710
48,746,701
48,756,718
50,781,726
48,736,709
51,730,708
48,747,712
48,763,712
48,716,694
48,743,702
48,736,704
48,758,707
48,710,696
48,739,717
48,748,720
48,763,711
48,732,717
48,734,705
48,782,732
48,771,728
48,766,721
48,743,707
48,749,716
48,725,705
48,743,715
48,780,724
48,735,713
48,752,706
48,744,712
48,741,711
48,728,703
48,735,713
48,758,724
52,811,738
48,771,718
48,762,724
48,753,724
48,754,705
48,756,720
48,729,712
48,749,727
48,767,719
48,809,737
48,730,710
48,758,717
48,778,722
48,767,720
48,786,716
48,750,712
48,752,724
50,727,713
48,764,713
48,741,713
48,735,714
48,769,717
48,721,703
48,764,724
48,730,706
48,721,709
48,773,717
48,731,711
48,722,709
51,726,717
49,765,733
48,738,705
48,786,729
48,716,711
48,732,706
48,732,700
50,732,706
48,730,708
48,762,724
48,748,721
48,712,699
48,765,728
48,764,723
48,766,730
48,783,715
48,756,712
48,732,707
48,720,696
48,763,723
48,730,704
50,713,699
48,734,713
48,742,719
48,718,698
48,735,711
48,714,699
48,733,715
48,752,707
48,721,703
48,725,704
48,776,724
48,795,740
48,738,714
48,760,722
51,791,720
51,741,707
48,748,715
49,750,718
48,772,721
48,764,721
48,764,712
48,731,711
48,706,692
48,720,706
48,758,708
48,785,729
48,723,705
48,735,713
48,754,715
48,731,713
48,782,737
48,760,715
48,762,716
48,758,710
48,729,706
48,732,704
48,729,700
48,721,703
48,760,715
48,719,707
48,736,723
48,707,693
48,771,707
48,723,717
48,748,701
48,718,700
48,751,704
48,772,719
48,731,709
48,757,712
52,766,716
48,777,716
48,758,718
48,769,720
48,774,731
48,734,711
48,733,705
48,725,711
48,777,729
48,719,702
48,764,723
48,709,700
48,749,707
48,754,709
48,733,703
48,744,718
48,731,717
48,746,710
48,761,711
48,734,705
48,757,707
48,739,716
48,781,728
48,790,726
48,756,701
48,746,707
48,769,723
48,741,709
48,769,715
48,742,710
48,749,711
48,763,724
48,767,730
48,757,723
48,743,714
48,769,721
48,754,714
48,756,714
48,730,709
48,742,703
48,729,705
48,738,711
48,745,709
48,762,709
48,726,708
48,738,712
48,766,729
48,773,713
48,745,708
48,728,708
48,731,704
48,768,730
48,736,712
48,750,714
53,769,724
53,807,743
53,732,710
48,766,710
49,741,707
48,750,708
48,764,722
48,761,712
48,739,718
48,787,727
48,717,706
48,751,712
48,770,736
51,722,702
48,745,698
48,771,706
48,733,705
49,774,728
48,755,716
48,727,698
48,757,713
48,739,707
48,753,714
48,745,706
48,781,725
48,789,715
48,732,714
48,747,711
48,771,716
48,749,701
48,763,721
48,793,719
48,719,699
48,758,711
48,772,730
48,771,717
48,761,718
48,726,699
48,729,698
48,750,703
48,743,723
48,733,712
48,735,708
48,754,716
48,763,730
48,737,708
51,761,707
48,738,712
48,741,716
48,745,714
48,762,716
48,739,697
48,713,694
48,777,720
48,739,708
48,781,717
48,745,705
48,711,697
48,746,720
48,777,732
48,782,728
48,762,711
48,743,703
48,716,697
51,746,711
48,735,712
48,737,713
48,780,718
48,772,726
48,726,708
48,752,715
48,762,713
48,756,711
48,732,710
48,752,713
48,727,706
48,745,707
48,720,705
48,705,703
48,729,695
48,794,729
48,726,697
48,745,707
48,762,716
48,720,699
48,772,719
48,785,730
48,771,714
48,758,715
48,761,712
48,752,723
48,759,709
48,743,712
48,735,708
48,766,727
48,756,720
48,721,695
48,792,731
48,763,715
48,782,735
48,722,700
48,740,705
48,734,700
48,744,716
48,754,713
48,763,712
48,724,714
48,720,698
49,716,698
48,755,710
48,743,704
48,728,708
48,750,719
48,753,704
48,736,712
48,743,703
48,732,706
48,808,732
48,734,699
48,721,699
48,749,717
48,725,695
48,722,704
48,767,733
48,734,709
48,743,709
48,749,700
48,724,712
48,720,702
51,775,731
48,781,717
48,770,721
48,732,709
48,757,718
48,738,712
48,755,721
48,742,710
48,767,723
48,742,702
48,732,708
48,735,701
48,735,712
48,750,704
48,749,714
48,786,730
48,748,707
48,731,720
48,735,712
48,749,716
48,752,722
48,736,714
49,751,717
48,770,727
48,775,712
48,738,714
48,719,711
48,719,703
48,757,720
48,777,728
48,739,713
48,749,716
48,759,709
48,728,705
48,749,726
48,758,718
48,735,713
48,766,722
48,752,710
48,736,705
48,743,714
48,748,722
48,735,713
48,745,723
48,741,710
48,721,697
48,771,715
48,769,703
48,756,717
48,771,715
48,761,716
48,747,709
48,730,705
48,739,722
48,803,729
48,726,698
48,732,706
48,734,706
50,754,704
48,745,716
48,781,730
48,735,703
48,716,701
48,724,709
48,738,711
51,734,715
48,739,702
48,745,714
48,740,714
48,737,711
48,797,720
50,788,737
51,792,736
50,764,713
48,734,710
48,761,726
48,740,713
48,733,710
48,721,706
48,720,707
48,753,718
48,711,696
48,782,718
48,735,713
48,739,711
48,741,706
48,723,697
48,746,700
48,733,704
48,774,725
48,793,730
48,781,730
48,751,717
48,729,711
48,777,718
48,732,712
48,780,722
48,740,704
48,745,707
48,721,700
48,741,718
48,756,715
48,745,704
48,769,719
48,741,700
54,773,715
49,749,720
48,757,724
48,742,710
48,735,712
48,759,721
48,736,717
48,766,708
48,745,713
48,732,698
48,720,709
48,750,703
48,731,696
48,749,717
48,776,717
48,774,713
48,729,703
48,726,709
48,730,710
48,737,718
48,776,721
48,736,703
48,746,719
48,719,699
48,745,721
48,770,713
48,764,744
48,722,708
48,743,721
48,736,710
48,730,697
48,755,715
48,783,724
48,726,706
48,730,705
48,749,720
48,749,717
48,730,710
48,806,729
48,761,713
48,750,720
48,747,714
48,752,711
48,740,710
48,748,717
48,754,715
48,735,714
48,772,712
50,752,713
53,746,721
48,731,710
48,743,718
48,778,728
48,750,721
48,737,710
48,709,695
48,773,710
48,783,725
48,764,715
48,754,723
48,771,718
48,733,716
48,755,715
48,731,709
48,755,703
48,734,713
48,805,718
48,757,717
48,796,718
48,755,717
48,772,723
48,734,701
48,741,706
48,779,735
48,751,736
48,737,722
48,774,723
48,752,706
48,743,710
48,750,717
48,735,706
48,764,724
48,735,705
48,703,697
48,731,711
48,727,705
48,740,704
48,752,719
48,765,722
51,767,729
48,756,722
48,781,721
48,754,722
48,743,711
48,718,702
48,760,717
48,757,709
48,780,724
48,733,705
48,739,710
48,746,713
48,749,711
48,728,697
48,768,715
48,740,719
48,818,745
48,762,731
48,728,704
48,765,716
48,719,701
48,752,722
48,696,696
48,727,705
48,742,709
48,756,716
48,749,713
48,748,723
48,742,715
48,770,709
48,733,709
48,780,710
48,720,702
48,750,708
48,760,725
48,796,718
48,737,702
48,745,713
49,748,714
49,717,701
48,744,718
48,733,706
48,745,708
48,768,705
48,765,718
48,746,705
48,785,723
48,753,710
48,771,727
48,744,705
48,724,709
50,749,722
48,766,719
48,725,702
48,740,712
48,755,715
48,783,726
48,723,704
48,765,710
48,749,719
48,733,704
48,733,704
48,718,702
48,725,701
48,749,711
48,729,710
48,764,712
48,726,706
48,766,709
48,786,737
49,744,712
48,752,721
48,751,713
50,727,707
48,727,706
48,744,703
48,769,721
48,719,703
48,769,714
50,760,716
48,723,706
48,742,715
48,763,711
48,732,710
48,761,712
48,806,735
48,741,716
48,789,729
48,767,718
48,758,725
48,740,705
48,778,720
48,746,715
48,741,712
48,737,713
48,733,700
48,737,705
48,753,704
48,725,697
48,735,706
48,784,729
48,735,702
48,781,718
50,752,713
48,724,705
48,738,707
51,754,717
48,790,727
48,741,720
55,781,726
48,807,729
54,743,712
48,744,718
50,733,707
48,750,713
48,748,714
48,738,705
48,775,735
48,770,721
48,744,712
48,737,717
53,715,699
48,770,701
48,744,717
48,728,711
48,719,710
48,721,695
48,803,740
48,711,698
48,769,715
48,753,721
48,797,721
48,750,711
48,750,729
48,754,710
48,782,725
48,722,701
48,759,718
48,781,714
50,762,720
48,771,716
48,730,708
48,731,703
48,772,718
48,761,723
48,791,734
48,761,743
48,724,698
48,727,700
48,725,695
48,782,728
49,739,713
48,766,719
48,730,705
48,750,719
48,762,720
48,746,702
48,750,720
48,736,722
48,728,715
48,728,703
48,802,746
48,740,707
48,756,704
48,750,721
51,741,713
48,802,742
48,739,715
48,759,713
48,755,712
48,764,719
48,740,710
48,716,703
48,747,714
48,730,709
48,756,709
48,750,721
48,757,717
48,741,716
50,737,708
48,748,713
48,741,712
48,766,710
48,750,716
48,727,708
48,735,710
48,754,709
51,738,709
48,745,714
48,721,700
48,720,701
48,775,708
48,727,711
48,745,703
48,746,702
53,742,723
48,719,704
48,732,707
48,768,724
48,745,717
48,729,698
48,742,706
48,772,724
48,744,702
48,773,737
48,737,712
48,743,710
48,792,729
48,734,707
48,754,710
52,751,715
48,768,723
48,740,721
48,777,729
48,739,705
48,767,721
48,734,710
48,788,728
48,763,714
48,729,703
48,748,721
48,751,713
48,759,723
48,733,705
48,752,720
48,754,719
48,776,725
48,787,727
48,754,714
48,733,705
48,749,715
48,759,716
48,802,729
48,726,702
48,728,709
48,746,713
48,738,708
48,766,714
48,745,716
48,746,725
48,764,728
48,777,725
48,735,713
48,735,711
48,740,701
48,766,722
48,767,720
48,719,707
48,729,705
48,719,705
48,713,696
48,780,723
48,765,723
48,732,706
48,731,714
48,762,731
48,724,703
48,775,733
48,747,723
48,809,721
48,718,705
48,776,715
48,733,707
48,769,730
48,732,709
48,722,700
51,726,713
48,734,705
48,722,706
48,765,711
49,764,726
48,774,722
48,726,706
48,750,713
48,764,726
48,723,706
48,718,700
48,731,705
48,720,707
49,765,718
48,756,715
48,734,706
48,732,713
48,728,703
48,748,728
48,748,716
48,728,713
48,738,714
48,779,726
48,709,695
48,744,702
48,742,709
48,723,708
48,755,703
48,721,698
48,776,718
48,716,706
48,717,702
48,744,705
48,730,716
48,726,702
51,743,706
48,705,691
48,738,706
48,719,696
48,793,733
50,782,727
48,744,709
48,744,705
48,762,723
48,754,718
48,755,712
48,739,712
48,725,703
48,716,695
48,706,696
48,747,711
48,766,719
48,752,716
48,756,717
48,741,720
48,760,727
53,762,710
48,738,708
48,743,713
48,754,715
48,753,721
48,761,726
48,716,698
48,743,702
48,776,726
48,768,719
48,747,712
48,761,701
48,763,707
48,739,708
48,754,710
48,744,713
48,752,720
48,763,713
50,710,699
48,771,716
48,718,710
48,749,720
48,785,727
48,736,720
48,734,705
48,768,716
48,773,713
48,751,720
48,735,709
48,732,708
48,747,717
48,770,713
48,745,714
48,751,714
48,740,704
48,765,718
48,720,706
48,760,715
48,724,712
48,737,702
48,757,711
48,793,718
48,762,712
48,807,740
48,725,702
48,748,709
48,736,700
48,739,707
48,742,706
48,756,712
48,753,721
48,738,717
48,712,702
48,736,711
48,745,710
48,732,708
48,739,708
48,719,701
48,772,729
48,788,728
48,761,721
48,758,718
48,725,700
48,772,718
48,748,718
48,766,714
48,746,716
48,746,722
48,742,712
48,778,726
51,738,705
48,746,718
48,754,704
49,781,714
48,756,715
48,754,718
48,804,725
48,779,714
48,761,722
48,754,727
48,750,727
48,742,712
48,764,725
48,749,714
50,774,717
48,762,724
48,764,733
48,750,706
48,760,718
48,761,720
48,730,703
48,725,712
48,743,712
48,736,705
48,731,700
51,754,734
48,737,708
48,769,735
48,807,735
48,758,716
48,787,718
48,742,715
48,737,700
48,731,709
48,730,720
48,735,706
48,761,723
48,759,709
48,748,705
48,729,709
48,739,712
48,752,725
48,709,697
48,741,712
48,772,718
48,754,706
48,777,724
48,794,736
48,724,706
48,725,704
51,736,716
48,721,704
48,735,707
48,782,721
48,778,722
48,721,694
48,742,708
48,734,701
48,763,719
48,735,717
48,730,700
48,741,709
48,783,716
48,766,711
48,752,713
48,742,719
48,756,715
48,751,708
48,733,705
48,745,713
48,769,716
48,721,700
50,730,707
48,780,722
48,729,715
48,778,718
48,740,710
48,751,705
48,793,716
48,761,716
48,754,723
48,750,712
48,721,695
48,745,708
48,731,703
48,752,723
48,716,697
48,735,713
48,716,697
48,788,735
48,751,712
48,727,701
48,750,713
48,728,707
48,779,723
48,763,718
48,751,708
48,739,710
53,762,716
48,789,719
48,721,704
48,726,706
48,753,715
48,704,691
48,760,718
48,722,702
48,749,709
48,778,720
48,764,712
48,748,698
48,733,711
48,734,705
48,729,715
48,756,716
48,730,705
53,744,726
48,725,708
48,778,714
48,757,719
48,756,721
48,749,719
48,748,716
48,709,699
48,725,704
48,756,715
48,794,719
48,716,703
48,768,725
48,748,715
48,792,729
48,764,726
48,719,705
48,775,720
48,725,702
48,757,727
48,742,704
48,749,720
49,742,710
48,736,701
48,748,713
48,784,730
48,738,712
50,737,724
48,730,712
48,777,733
48,732,699
48,782,725
48,746,713
48,763,713
48,729,705
48,731,703
48,751,713
48,779,730
48,751,712
48,738,710
50,723,702
48,725,709
48,738,716
48,762,712
48,779,732
48,729,714
48,759,723
48,755,718
48,733,705
48,744,705
48,733,716
48,737,709
50,729,711
48,722,696
48,740,722
48,770,734
51,722,705
48,747,709
48,734,708
48,730,702
48,735,703
48,763,719
48,779,726
48,732,704
48,727,699
51,731,710
48,737,698
48,756,718
48,753,717
48,745,704
48,771,707
48,704,695
48,740,713
51,717,697
48,747,714
48,738,703
48,784,720
48,727,713
50,770,715
48,733,712
48,748,713
48,752,720
48,772,721
48,778,720
48,737,707
48,768,719
50,733,707
48,768,727
48,780,721
48,749,711
48,734,720
48,754,721
49,742,711
48,732,703
48,731,708
48,732,710
48,731,710
48,770,726
48,727,705
48,741,708
48,774,729
48,732,700
48,756,713
48,731,698
48,755,718
48,746,721
48,774,717
48,739,709
48,736,704
48,786,715
48,732,700
53,761,711
48,765,723
48,734,699
48,753,719
48,763,716
48,768,726
48,748,716
48,715,703
48,754,710
48,741,702
48,740,710
48,744,721
48,722,703
48,755,701
48,740,712
48,756,701
48,710,697
48,742,718
48,755,716
48,720,701
48,749,702
48,742,706
48,719,698
48,778,721
48,744,704
48,775,741
48,749,707
48,784,724
48,750,709
48,722,700
48,789,732
48,742,706
48,803,746
48,731,705
48,741,713
50,771,722
48,749,705
48,736,712
48,744,718
48,746,703
48,771,718
48,733,714
48,770,720
48,754,716
48,758,719
48,736,715
48,750,720
48,736,711
48,746,720
48,724,712
48,736,710
48,730,717
48,728,711
48,744,710
48,738,722
48,785,734
48,744,721
48,749,716
48,754,706
48,768,714
48,750,720
48,744,711
48,763,723
48,768,722
48,746,718
48,741,711
48,748,721
48,754,721
48,739,706
48,732,707
48,747,723
48,763,720
48,723,702
48,715,697
48,769,722
48,769,728
48,737,714
48,769,722
48,796,736
48,724,706
48,741,717
51,720,703
48,741,724
48,759,714
48,716,703
48,738,708
48,721,710
48,788,735
48,730,714
48,756,710
48,743,702
48,734,714
48,771,705
48,782,720
48,709,694
48,747,699
48,759,706
48,768,740
48,776,724
48,737,710
48,768,721
48,762,715
48,745,708
48,717,702
48,725,710
48,737,699
48,749,726
48,743,717
48,762,716
48,745,704
48,793,730
48,758,713
48,784,722
50,744,709
48,750,712
48,762,717
48,772,717
48,755,729
48,732,707
48,732,704
48,736,705
48,745,716
48,735,714
48,739,714
48,762,715
48,786,711
48,755,706
48,784,705
48,783,715
48,715,698
48,712,694
48,739,712
48,754,720
48,784,709
48,743,712
48,794,722
48,748,710
48,756,719
48,758,707
50,744,712
48,763,716
48,772,725
48,753,714
48,764,719
50,796,746
48,769,718
48,726,709
48,733,709
48,786,720
48,755,718
48,737,703
48,767,725
48,791,721
48,722,704
48,757,707
48,740,709
48,765,720
48,739,704
48,753,704
48,722,700
48,778,725
48,778,724
48,716,705
48,738,710
48,742,702
48,761,727
48,758,706
48,729,700
48,777,728
48,788,731
48,748,717
48,733,708
48,742,716
48,772,708
48,759,731
48,747,728
48,774,723
53,776,720
48,740,710
48,736,705
48,757,720
50,731,708
53,771,716
48,741,713
48,746,718
48,711,705
48,747,712
48,722,700
48,766,713
48,768,731
48,739,714
48,772,719
48,750,708
48,768,717
49,718,702
48,769,719
48,724,707
48,744,706
48,774,724
48,722,694
48,730,705
48,722,706
48,749,712
48,771,714
48,739,714
48,773,725
48,759,711
48,756,717
48,717,699
48,768,741
48,769,728
48,774,728
48,721,700
48,781,731
48,773,717
48,712,701
48,783,723
48,727,701
48,762,725
48,744,720
48,729,699
48,755,731
48,744,712
48,769,708
48,762,712
50,761,718
48,736,698
48,736,710
48,711,700
48,738,717
48,725,705
48,744,705
48,735,711
48,757,706
48,776,709
48,755,722
48,771,723
48,729,701
48,745,720
48,728,712
48,766,712
48,751,714
48,766,724
48,764,713
48,731,713
48,767,723
48,706,700
48,749,716
48,753,713
48,729,711
48,774,703
48,726,698
48,765,733
48,722,705
48,727,706
48,720,705
48,758,718
48,745,726
48,763,712
48,749,706
48,791,727
48,763,732
48,779,729
48,785,728
48,730,711
48,733,715
53,746,728
51,757,724
48,726,702
48,742,709
48,789,720
48,737,713
48,727,702
48,729,717
48,725,704
48,742,715
48,732,710
48,728,706
48,759,730
48,731,706
48,728,707
48,742,721
50,768,717
48,721,697
48,736,716
48,746,710
48,772,717
48,757,707
48,758,713
53,792,719
48,748,720
48,742,704
48,763,716
48,754,712
48,755,715
50,757,729
52,728,708
48,762,716
48,760,721
48,765,717
48,739,704
48,778,714
48,733,698
48,715,702
50,747,707
48,744,710
48,745,709
48,742,715
48,757,717
48,751,716
48,716,700
48,775,722
48,748,718
48,769,720
48,725,705
50,729,718
48,710,703
48,760,724
51,742,707
48,722,705
48,750,717
48,718,696
48,729,708
48,757,712
51,724,705
48,744,697
48,726,709
48,764,712
48,715,706
48,726,696
48,761,716
48,727,717
48,762,722
48,731,703
48,755,714
48,748,722
48,744,722
48,760,721
48,763,706
48,739,710
48,739,710
48,745,710
48,755,715
48,775,719
48,740,705
48,741,710
48,732,703
48,755,715
48,745,719
53,759,711
48,747,714
48,742,713
48,740,715
48,762,732
48,750,714
48,719,706
48,729,712
48,751,714
48,728,709
48,778,726
48,741,719
48,770,711
48,754,730
48,738,709
48,763,715
48,745,705
48,726,697
48,729,703
48,741,707
48,731,707
48,742,706
48,724,712
48,776,719
48,742,715
48,753,734
48,720,701
48,747,713
48,714,698
48,746,710
48,736,703
48,770,721
48,759,714
48,726,710
48,741,708
48,745,723
48,810,737
48,738,702
48,766,725
48,778,716
48,726,696
48,754,713
48,738,707
48,721,696
48,738,713
48,785,727
48,744,705
48,736,706
48,738,710
48,720,696
48,752,711
48,758,717
48,722,709
48,729,711
48,764,711
48,751,704
48,764,713
48,734,707
51,715,705
48,749,705
48,722,701
48,787,735
48,750,711
48,750,721
48,744,719
48,759,710
48,747,706
48,766,719
48,767,712
48,725,705
48,741,711
48,732,714
48,724,699
48,746,707
48,759,721
48,759,722
48,751,707
48,710,701
48,796,727
48,745,715
48,739,710
48,768,713
48,755,717
48,719,703
48,738,707
48,747,710
48,738,715
48,763,707
53,742,712
48,730,711
48,756,714
48,765,715
48,714,705
48,748,712
50,744,709
48,754,719
48,751,721
48,748,715
48,737,714
48,737,696
48,743,711
48,753,719
48,758,713
48,743,710
48,734,713
48,756,722
48,734,711
48,757,721
48,730,710
50,756,713
48,773,716
48,752,711
48,761,709
48,729,699
48,721,699
48,791,738
48,768,713
48,785,725
48,779,727
49,709,697
48,790,716
48,765,719
48,765,728
50,737,711
48,739,705
48,741,712
48,724,701
48,728,705
50,765,721
48,746,713
48,762,725
48,726,712
48,746,708
50,817,723
48,712,702
48,747,704
48,736,709
48,733,708
48,734,703
48,742,713
48,792,722
48,759,715
48,762,722
48,734,713
48,761,722
48,731,711
50,743,712
48,767,721
48,715,696
48,729,708
48,760,714
48,737,712
48,743,718
49,748,714
48,727,707
48,764,716
48,749,718
50,741,721
48,750,724
48,757,709
48,734,710
48,776,717
48,743,710
48,768,720
48,737,700
48,749,716
48,769,733
48,755,717
48,738,709
48,723,699
50,795,722
48,769,710
48,753,716
48,739,714
48,752,717
48,725,701
48,730,711
48,759,716
48,758,707
48,737,708
48,757,717
48,758,719
48,752,713
48,738,700
48,748,714
48,722,712
48,735,710
48,741,710
48,776,723
48,758,713
48,719,699
48,766,715
48,723,703
48,743,707
51,719,702
48,747,702
48,739,715
48,735,709
48,733,709
48,752,706
48,749,716
48,762,710
48,770,713
48,743,722
48,743,698
48,722,701
48,725,697
48,764,720
48,769,715
51,727,712
48,785,736
48,725,706
48,782,713
48,721,704
48,753,709
48,770,713
48,765,707
48,759,715
48,725,706
48,753,707
48,735,709
48,750,709
48,761,713
48,769,715
48,725,708
48,736,709
48,767,717
48,745,714
48,764,727
48,764,723
48,754,714
48,763,707
48,776,720
48,756,710
48,747,711
48,737,704
50,750,714
53,788,713
48,747,709
48,730,702
48,756,731
48,723,708
48,768,717
48,766,724
48,737,706
48,751,719
48,728,708
48,740,712
48,751,717
48,740,717
48,741,700
48,782,721
48,761,717
48,747,720
48,743,715
48,743,717
48,740,702
48,743,716
48,716,694
48,741,707
48,738,705
48,757,717
48,752,727
48,738,705
48,743,719
48,749,716
48,779,725
48,735,714
48,770,706
48,773,726
48,753,714
48,753,736
48,747,702
48,749,719
51,746,713
48,716,702
48,749,707
48,740,710
48,738,710
48,711,700
48,716,705
48,754,714
48,744,708
48,721,703
48,747,707
48,725,700
48,766,716
48,737,712
48,737,711
48,735,712
48,767,727
48,750,713
48,762,719
48,765,711
48,744,705
48,723,706
48,776,716
48,762,715
48,725,697
48,737,712
48,734,710
48,740,719
48,744,699
48,752,717
48,735,705
53,732,709
48,743,702
48,711,693
48,722,704
48,802,726
48,715,702
48,740,720
48,732,706
48,734,702
48,756,712
48,736,712
48,746,709
48,743,708
48,750,713
48,750,715
48,754,714
48,714,704
48,758,719
48,723,713
48,756,714
48,718,711
48,762,712
48,744,710
48,786,723
48,722,710
51,751,715
48,745,726
48,745,713
48,746,708
48,739,716
48,743,707
48,768,712
48,715,710
48,723,705
48,765,713
48,757,714
48,735,701
48,734,716
48,757,724
48,735,714
48,721,701
48,736,711
48,736,702
48,738,709
48,739,711
48,748,714
48,717,700
48,767,723
48,776,721
48,740,705
48,724,702
48,756,709
48,756,716
48,763,717
48,711,698
48,717,705
48,742,710
48,740,719
48,736,709
48,739,705
48,743,715
48,742,716
48,754,729
48,766,731
48,737,711
54,756,720
48,719,697
48,706,695
48,744,720
48,734,704
48,747,706
48,754,721
48,733,703
48,766,728
48,740,709
48,738,710
48,742,711
48,764,722
48,782,717
48,759,714
48,768,715
50,794,735
48,782,721
48,731,704
48,728,706
48,750,722
48,752,709
48,757,716
48,728,705
48,741,708
48,742,719
48,744,718
48,756,720
48,746,716
48,734,717
48,769,729
48,703,696
48,748,714
48,791,716
48,729,700
48,772,721
50,767,725
48,742,721
48,739,699
48,739,704
48,760,719
48,757,715
48,787,728
48,717,697
48,723,699
48,742,714
48,772,719
50,766,723
48,728,709
48,764,707
48,714,704
48,774,727
48,764,714
48,723,701
48,751,706
48,733,713
48,743,703
48,788,710
48,728,700
48,732,703
48,746,710
48,740,705
48,738,704
48,723,706
48,740,712
51,716,694
48,743,702
48,764,717
48,732,707
48,754,707
48,731,706
48,724,707
48,730,702
48,723,705
48,756,718
48,718,709
48,733,709
48,719,697
48,742,716
48,736,709
48,774,721
48,725,705
48,718,701
48,772,717
48,754,714
48,734,717
48,722,708
50,744,718
48,772,740
48,748,718
48,743,708
48,712,701
48,744,713
51,781,718
48,775,719
48,742,711
48,733,691
50,754,723
48,745,717
48,758,718
48,755,719
48,748,711
48,777,733
48,743,716
50,784,722
48,734,709
48,765,714
48,742,716
48,796,749
48,726,705
48,741,722
48,722,698
48,751,715
48,761,716
48,777,735
48,725,705
48,754,721
48,814,722
48,742,718
48,772,723
48,728,699
48,732,718
48,713,696
48,747,715
48,725,714
48,723,700
48,751,711
48,766,719
48,732,706
48,774,715
48,740,710
50,835,740
48,722,706
48,766,722
48,738,701
48,773,727
48,738,713
48,750,718
48,718,696
48,733,708
48,760,710
48,747,715
48,721,706
48,708,701
48,781,710
48,744,719
48,797,721
48,745,716
48,742,709
48,749,708
48,759,717
48,771,720
48,762,708
48,752,717
53,752,716
48,775,730
48,742,718
48,754,719
48,805,741
48,775,717
48,717,697
48,738,703
48,761,728
48,777,723
48,728,708
48,743,713
48,731,712
48,760,726
48,742,720
48,784,739
48,729,699
48,733,704
48,741,712
50,761,721
48,745,713
48,750,709
48,760,723
48,747,706
48,754,712
50,727,704
48,741,707
48,726,701
48,733,709
48,715,706
48,747,720
48,764,723
48,769,722
48,758,720
49,737,715
48,760,710
48,770,717
48,790,729
50,795,723
48,760,708
48,739,712
48,724,705
48,743,710
48,769,717
48,777,720
48,756,709
48,742,708
48,741,711
48,723,709
48,752,713
48,735,712
48,733,711
48,724,707
48,710,704
48,744,708
48,727,703
48,774,725
48,767,720
48,777,726
48,737,716
48,741,709
48,734,708
48,732,703
48,739,715
48,754,708
48,763,726
48,754,713
48,745,706
48,783,728
48,746,715
50,735,710
48,764,720
48,757,718
48,743,708
48,736,712
48,717,696
48,770,716
48,727,705
48,733,705
48,733,706
48,745,704
48,736,713
48,749,712
48,745,715
48,802,743
48,763,709
48,742,724
48,740,705
48,743,707
48,779,731
48,745,711
48,766,712
48,765,718
48,755,715
49,715,704
48,746,713
48,772,706
50,775,725
48,735,707
48,721,705
48,735,717
48,802,723
48,745,712
48,741,707
48,735,714
48,715,705
48,703,693
48,726,711
48,733,704
48,736,703
48,766,714
48,738,703
48,761,722
48,734,706
48,759,712
48,738,704
48,731,708
48,732,702
48,760,711
48,735,707
48,734,701
48,760,713
48,726,706
48,741,718
48,735,710
48,732,713
48,738,711
48,743,704
48,771,715
48,762,706
48,746,726
48,799,723
51,731,709
48,761,714
53,750,716
50,751,718
48,746,716
48,711,702
48,776,717
48,766,708
48,733,706
48,771,721
50,766,723
48,715,703
48,740,719
48,729,700
48,767,716
48,724,703
48,762,714
48,768,711
48,745,707
48,725,705
48,721,711
48,730,702
48,768,718
48,734,712
48,751,720
48,750,721
48,759,715
48,752,711
48,767,714
48,746,712
50,733,714
48,715,704
48,737,703
49,772,717
48,747,710
48,787,746
51,782,713
50,811,732
48,754,723
51,748,718
48,781,726
48,744,713
48,753,715
48,724,708
48,773,716
48,778,722
48,779,715
48,739,711
48,750,730
48,754,723
48,785,731
48,740,710
48,751,714
48,731,706
48,737,708
48,759,709
48,735,719
48,741,707
48,756,713
48,731,696
48,725,705
48,740,711
48,745,714
48,748,725
48,762,721
48,737,704
48,710,695
51,735,714
48,731,709
48,738,712
48,751,705
48,755,710
48,745,716
48,778,723
48,739,711
48,744,715
48,730,715
48,731,712
51,764,716
48,812,733
48,752,718
48,719,703
48,752,719
48,743,712
48,772,714
48,792,728
48,756,713
48,752,711
53,730,712
48,743,703
48,751,711
48,737,710
48,737,710
48,746,705
48,719,701
48,756,705
48,746,710
48,735,712
48,771,719
48,781,721
48,739,703
48,791,734
48,753,703
48,756,720
48,776,731
48,759,716
48,745,708
48,744,713
48,742,716
48,718,699
48,723,710
48,756,703
48,731,697
48,743,704
48,728,713
51,802,733
48,743,723
48,743,708
48,747,712
48,761,716
51,755,708
48,778,715
48,731,705
48,765,715
48,726,708
48,761,723
48,771,730
50,772,716
48,756,715
48,751,721
48,808,725
48,733,706
48,769,720
51,758,714
48,738,700
48,736,713
48,716,706
48,750,715
48,728,712
48,739,713
48,739,706
48,726,694
48,724,706
48,771,723
48,737,711
48,746,708
48,718,705
48,763,715
48,738,712
48,733,702
48,759,706
48,758,717
48,749,720
48,759,721
48,748,729
48,742,716
48,728,719
48,763,722
51,719,708
48,755,697
48,743,706
48,749,710
53,741,720
48,794,721
48,762,722
48,743,702
48,752,718
48,741,709
48,734,715
48,738,710
48,750,716
48,735,710
48,730,706
48,752,708
48,738,719
48,766,710
50,733,716
48,785,735
48,759,709
48,739,719
48,778,724
48,748,714
48,731,708
48,761,710
48,741,718
50,734,715
48,718,708
48,737,708
48,736,694
48,753,706
48,736,705
48,751,713
48,736,705
48,731,712
48,758,701
48,739,707
48,744,715
48,729,698
48,725,702
48,735,705
48,717,696
48,739,711
48,745,719
53,740,710
48,748,719
48,723,702
48,739,710
48,769,719
48,715,709
48,743,712
48,743,705
48,736,712
48,717,696
48,736,706
48,722,711
48,765,709
48,729,708
48,744,713
48,754,717
48,762,721
48,786,723
48,744,702
48,769,721
48,763,717
48,744,719
48,744,708
48,769,716
48,757,719
48,761,716
48,728,709
48,731,717
48,787,722
48,753,713
48,714,701
48,753,720
51,738,711
50,768,725
48,732,706
48,773,717
48,769,722
48,732,706
48,757,733
48,744,706
48,726,711
48,725,702
48,792,729
48,721,707
48,718,709
48,777,728
48,779,725
48,730,708
48,754,716
48,768,711
48,762,711
48,763,712
51,746,717
48,760,722
48,720,709
48,745,714
48,760,725
48,789,725
48,739,716
48,740,719
48,717,706
48,747,711
48,741,710
48,736,707
48,732,703
51,726,718
48,752,710
48,751,705
48,749,709
48,760,719
48,784,724
48,725,708
48,730,703
48,732,707
48,786,736
48,741,702
48,761,726
48,746,711
48,729,705
48,742,712
48,760,716
48,722,703
48,731,707
51,777,731
48,739,702
48,767,739
48,718,707
48,739,708
48,760,722
50,767,709
48,781,729
48,798,723
48,742,707
48,735,700
49,708,695
48,734,706
48,759,723
48,731,706
51,758,705
48,774,721
48,756,720
48,751,728
48,765,722
48,737,712
48,763,724
48,778,733
48,755,707
48,725,701
48,744,715
48,778,714
48,731,706
51,742,730
48,724,710
48,734,703
48,769,722
48,722,698
48,724,703
48,784,739
51,767,718
48,765,714
48,773,725
48,739,714
48,737,713
48,752,708
48,748,716
48,728,714
48,715,696
48,728,709
48,751,715
48,741,714
48,783,727
51,803,745
48,765,721
48,752,726
48,745,714
48,763,720
48,759,720
48,725,708
48,733,699
48,752,714
48,738,709
48,727,715
48,737,711
48,746,714
48,748,727
48,739,713
48,756,721
48,743,712
48,743,727
48,735,709
48,722,707
48,731,705
48,734,699
48,721,700
48,748,715
48,738,714
48,772,712
48,793,737
48,732,705
48,738,708
48,722,701
48,742,706
51,719,702
48,732,706
48,782,719
48,735,706
50,738,710
48,798,728
50,746,715
49,756,721
48,733,716
48,732,711
48,735,725
48,761,713
48,749,713
48,745,708
48,749,717
48,783,715
48,726,713
48,738,703
48,739,710
48,762,710
51,763,711
48,745,710
48,743,712
48,769,726
48,749,714
48,737,697
48,722,702
48,735,705
48,759,718
48,741,709
48,719,700
48,751,718
48,762,707
48,723,701
48,739,719
48,711,700
48,754,710
51,742,711
48,764,719
48,743,723
48,733,706
48,770,713
48,742,711
48,743,715
48,758,717
48,740,704
48,757,711
48,786,721
48,737,717
48,725,705
48,726,713
48,746,714
48,755,716
48,726,706
48,754,726
48,727,719
48,741,703
52,709,698
48,718,701
48,735,703
48,725,705
48,725,707
48,756,721
48,751,721
48,743,708
48,738,714
48,751,714
48,711,704
48,732,709
48,731,701
48,739,711
48,738,708
48,756,716
50,715,704
48,734,707
48,749,708
48,713,693
48,708,696
48,731,699
48,756,714
48,751,706
48,740,712
48,750,709
48,733,701
48,747,714
50,720,703
48,718,696
48,739,700
48,747,712
48,730,710
48,752,722
48,770,723
48,758,707
48,732,704
48,735,703
48,747,717
48,722,715
48,771,722
48,746,713
48,752,705
48,771,722
48,721,717
48,761,722
48,760,719
51,764,731
48,734,712
48,768,720
48,764,715
48,769,718
48,728,701
48,735,703
48,767,714
48,747,713
48,744,706
48,728,709
48,771,729
48,751,710
50,740,717
48,737,702
48,751,714
48,728,693
48,736,714
49,788,743
48,766,726
48,745,703
48,760,706
48,767,731
48,744,714
48,733,704
48,745,724
48,766,712
48,767,721
48,750,714
48,763,721
48,753,713
48,740,709
53,782,739
48,781,726
48,780,734
48,756,714
48,740,713
48,753,709
48,741,721
48,800,728
48,749,708
48,751,715
48,751,718
48,739,712
48,749,715
48,723,713
48,798,728
48,754,728
48,771,710
48,731,702
48,753,718
48,721,700
48,727,703
48,756,715
48,739,711
48,721,699
48,763,714
48,773,726
48,728,710
48,733,706
48,758,711
48,734,713
48,735,708
48,739,703
48,740,705
48,760,709
48,725,701
48,739,712
48,749,721
48,725,695
48,715,702
48,756,713
48,742,716
48,766,723
48,751,707
48,748,713
48,773,731
48,759,712
48,781,724
51,768,719
48,753,714
48,718,707
48,783,724
48,751,715
48,752,712
48,717,697
48,740,709
48,714,702
48,728,708
53,772,723
48,769,718
48,709,694
48,731,698
48,755,723
48,744,716
48,757,725
50,832,733
48,733,698
48,766,731
48,746,710
48,737,706
48,765,713
48,768,708
48,750,722
48,734,709
48,785,717
48,750,712
48,798,719
48,790,720
48,749,722
48,772,723
48,727,702
48,755,710
48,766,722
48,774,729
48,726,700
48,780,724
48,716,700
48,742,713
48,745,707
48,745,712
48,757,717
48,720,696
48,755,716
48,772,725
48,732,706
48,745,724
48,757,709
48,780,731
48,740,715
48,737,713
48,732,705
48,729,713
48,719,702
48,766,721
48,746,706
48,736,714
48,734,709
48,757,734
48,726,706
48,730,705
48,759,717
48,745,714
48,708,696
48,740,703
50,721,712
48,790,740
48,725,706
48,734,704
48,704,691
48,748,705
48,768,717
48,719,706
48,713,696
48,744,708
48,763,735
48,724,702
48,733,706
48,758,711
48,732,712
48,724,707
48,763,715
48,776,722
48,719,693
48,753,714
48,759,722
50,740,717
48,738,706
48,745,715
48,754,714
48,770,715
48,774,720
48,755,710
48,729,714
48,771,712
48,746,706
48,753,716
48,736,712
48,737,707
48,730,707
50,735,704
48,719,707
48,759,724
48,747,721
48,742,710
48,783,732
48,737,713
48,757,710
48,744,710
48,761,711
48,730,714
48,736,710
53,755,721
48,724,699
48,757,714
48,761,707
48,769,717
48,726,700
48,728,692
48,748,707
48,726,713
50,755,717
48,738,717
48,723,713
48,748,705
48,747,715
51,747,718
48,757,714
48,706,690
48,760,714
51,739,704
48,780,727
48,750,711
48,745,712
48,749,716
48,731,703
48,770,706
48,753,718
48,757,718
48,754,706
48,714,702
48,729,704
48,779,719
48,773,721
48,736,714
48,734,710
48,757,718
48,761,711
48,765,711
48,762,726
48,724,701
48,784,726
48,742,704
48,753,720
48,756,716
48,801,734
48,753,713
48,777,730
48,738,722
48,731,715
48,743,704
48,735,707
48,780,717
48,722,705
48,770,718
48,758,726
48,769,725
51,714,699
48,726,697
48,762,725
48,762,711
48,753,712
48,738,710
48,752,721
48,787,716
48,719,701
48,758,719
48,738,704
48,729,705
48,721,698
48,717,706
48,750,715
48,769,723
48,755,726
48,758,702
48,726,711
48,744,713
48,768,716
48,762,708
48,754,717
48,743,721
48,724,708
48,738,714
48,724,710
48,739,715
48,739,710
48,743,701
48,745,702
48,719,701
48,739,721
48,733,703
48,763,721
48,735,708
48,766,718
48,758,711
48,768,721
48,740,708
48,736,705
48,757,702
48,747,710
48,765,726
50,785,719
48,745,723
48,764,711
48,732,716
48,741,698
48,714,701
48,730,700
48,740,714
48,745,711
48,738,697
48,746,713
48,774,722
48,781,718
48,752,711
48,737,715
48,783,729
48,729,708
48,758,717
48,744,708
51,736,708
48,753,708
48,755,723
48,777,736
48,756,719
48,734,711
48,756,716
48,770,723
48,754,719
48,755,723
48,745,720
48,738,714
48,773,719
48,770,713
48,744,713
48,746,717
48,702,695
48,765,722
48,709,696
48,749,708
49,767,720
51,734,716
48,763,725
48,737,698
48,736,701
48,757,714
48,728,711
48,746,713
48,734,716
48,763,720
48,760,716
48,736,723
48,739,707
48,784,722
48,728,705
48,725,703
48,750,703
48,767,714
48,787,726
48,736,709
48,758,743
48,765,721
48,735,722
48,750,716
48,766,721
48,746,713
48,758,717
49,756,725
48,727,699
50,716,709
51,734,715
49,737,710
48,751,709
48,727,700
48,733,714
48,773,720
48,758,722
48,767,718
48,756,710
48,748,708
48,762,725
51,742,706
48,730,706
48,725,702
48,748,720
48,748,720
48,765,720
48,743,709
51,727,710
48,718,705
48,727,705
48,762,713
48,777,729
48,748,721
48,768,716
48,760,731
48,771,723
48,780,734
48,744,716
48,734,711
48,723,709
48,754,715
50,771,714
48,768,721
48,719,704
48,756,725
48,731,716
51,740,716
48,731,712
48,750,718
48,711,700
48,747,718
48,778,738
48,746,725
48,753,711
48,786,732
48,738,712
48,753,723
48,762,722
48,766,716
48,725,703
48,760,725
48,734,707
48,722,706
48,761,718
48,766,716
48,778,720
48,760,724
50,743,717
48,761,710
48,725,703
48,740,711
48,749,710
48,750,711
48,741,700
48,751,712
48,741,702
48,792,742
48,757,707
48,767,714
48,751,717
48,773,726
48,730,707
48,732,707
48,772,737
48,763,717
48,740,704
48,721,701
48,719,703
48,765,716
55,757,712
48,725,713
48,754,716
48,723,700
48,765,722
48,730,702
48,775,732
48,709,696
48,746,719
48,734,704
48,754,715
48,718,702
48,711,700
48,730,700
48,722,698
49,782,719
48,798,738
48,728,708
48,733,709
48,766,716
48,789,729
48,758,719
50,761,728
48,730,713
48,722,705
48,715,696
48,730,698
48,731,706
48,730,717
48,719,698
48,747,716
48,752,718
48,788,726
48,739,710
48,765,716
48,735,713
48,756,715
48,742,710
48,733,706
48,727,710
50,731,703
48,782,731
48,770,716
48,754,711
48,746,729
48,725,707
48,729,700
48,759,708
48,738,710
48,760,714
48,749,725
48,752,726
48,725,711
48,739,709
48,734,710
48,791,716
48,767,720
50,768,721
48,740,706
48,727,706
48,775,717
48,737,703
48,748,705
48,760,732
48,748,720
48,755,711
48,743,703
48,746,719
48,769,724
48,726,706
48,755,714
48,754,708
48,742,712
48,776,714
48,737,704
48,726,707
48,728,713
49,749,709
48,748,709
48,734,702
48,767,708
48,764,719
48,719,698
48,732,710
50,780,730
48,730,712
48,746,704
48,720,705
52,741,717
48,731,707
48,733,708
48,779,715
48,751,718
48,744,710
48,745,700
48,755,723
48,727,710
48,742,717
48,746,701
48,758,718
48,767,717
48,715,703
48,743,707
48,734,716
48,758,709
48,795,724
48,729,708
48,729,709
48,764,705
48,715,701
48,746,711
48,772,727
48,742,707
48,763,712
48,755,717
48,748,705
48,779,727
48,726,703
48,727,697
48,715,706
48,757,713
48,736,707
48,746,712
48,750,726
48,735,712
48,724,705
48,739,712
48,728,706
48,743,715
48,715,701
48,726,711
48,747,708
48,760,713
48,713,694
48,776,723
50,757,720
48,754,727
48,725,706
48,756,715
48,750,710
48,784,716
48,757,721
50,772,725
48,752,715
48,756,711
48,777,723
53,777,715
48,744,714
48,721,700
48,749,711
48,780,712
48,740,706
50,762,699
48,748,707
48,782,731
48,753,719
48,757,717
48,733,706
48,780,725
48,736,703
48,736,712
48,774,722
48,735,705
48,726,708
48,736,711
48,735,705
48,740,713
48,755,728
50,742,712
48,717,700
48,762,718
48,778,724
48,791,726
48,775,725
48,735,710
48,743,707
48,746,704
48,751,706
48,762,725
48,758,711
48,769,717
48,724,707
48,782,718
48,747,718
48,753,719
48,751,724
48,747,720
48,734,718
53,781,736
48,760,720
48,785,720
48,755,715
48,759,715
48,739,714
48,748,726
48,732,710
48,751,715
48,747,710
53,764,732
48,735,709
48,770,712
48,792,728
48,728,701
48,736,703
48,755,718
48,769,716
48,734,701
48,762,716
48,714,705
48,737,712
48,756,711
48,783,725
48,730,706
48,748,721
48,753,726
48,765,717
48,763,715
48,756,715
48,739,728
48,768,720
48,757,723
48,734,707
48,726,704
48,758,716
54,758,712
48,755,716
48,737,721
48,753,722
48,751,715
48,733,707
48,745,711
48,784,715
48,726,705
48,740,706
48,734,704
48,772,726
48,753,718
48,753,720
48,734,714
50,744,707
48,758,707
48,785,730
48,760,715
48,729,705
48,737,709
48,759,717
51,785,725
48,758,717
48,725,708
48,760,716
48,722,707
48,758,723
48,758,714
48,742,706
48,744,713
48,727,704
48,756,724
50,758,706
48,734,702
48,741,709
48,753,709
48,752,711
48,754,716
48,768,714
48,759,713
48,743,719
48,744,707
48,760,716
48,738,725
48,740,709
48,747,709
48,732,715
48,755,722
48,758,715
48,724,703
48,752,707
48,754,720
50,762,723
48,754,729
48,779,716
48,735,712
48,735,714
48,779,727
48,731,710
48,770,709
48,753,709
48,774,719
48,758,720
50,757,713
48,758,718
48,717,693
48,764,722
48,741,714
48,778,722
48,733,711
48,759,717
48,735,700
48,730,707
48,757,719
48,720,704
51,752,719
48,752,708
48,754,717
48,753,724
48,731,709
53,792,739
48,766,707
48,734,711
48,769,721
48,765,726
48,733,703
48,769,723
50,762,722
48,714,697
48,752,714
48,732,706
48,742,709
48,752,704
48,775,711
51,763,720
48,748,720
48,801,725
48,745,714
48,748,700
48,746,717
48,722,701
48,723,699
48,792,717
48,725,703
51,742,713
48,770,710
48,744,712
48,766,719
48,745,704
48,729,709
48,789,723
48,770,711
48,753,713
48,731,703
48,739,706
48,752,713
48,724,704
48,718,694
48,754,716
48,769,712
48,739,710
48,760,724
48,722,708
48,717,705
48,741,705
48,732,708
48,773,726
48,723,698
50,719,700
48,740,713
48,742,712
48,766,708
48,713,699
48,720,708
48,758,717
48,764,715
49,760,729
48,761,718
48,724,700
48,732,705
48,750,712
48,719,703
48,742,722
48,774,717
48,740,703
48,740,706
53,730,714
48,718,707
48,732,707
48,774,724
48,719,702
48,761,723
48,727,715
48,768,716
48,745,705
48,741,710
48,703,694
48,755,718
48,729,712
48,719,706
48,752,712
48,751,703
48,748,708
48,746,713
48,735,712
48,719,699
48,751,725
48,759,727
48,766,721
48,777,726
48,781,722
48,751,717
48,729,698
50,801,732
48,742,713
48,759,714
48,784,735
48,760,710
48,734,710
48,764,718
48,741,713
48,743,714
54,787,717
48,749,708
48,750,717
48,764,723
48,741,718
48,764,730
48,757,714
48,754,717
48,766,723
48,764,715
48,761,720
48,769,716
48,768,736
51,732,712
48,740,711
48,762,724
48,721,701
48,736,697
48,747,713
48,773,723
48,748,718
48,732,715
48,731,699
48,754,726
48,734,696
48,706,702
48,748,726
48,746,724
48,744,709
48,733,708
48,726,716
48,750,723
48,811,731
48,721,704
48,751,719
48,789,726
48,777,711
48,721,704
48,718,710
48,754,719
48,760,715
48,744,712
48,715,703
48,754,722
48,736,716
48,780,723
48,717,695
53,728,702
48,756,718
48,771,723
48,743,721
48,726,700
48,745,714
48,741,713
48,708,693
48,742,718
48,760,711
48,735,710
48,771,727
48,716,706
48,781,718
48,749,709
48,740,708
48,749,709
48,784,730
48,740,706
48,769,725
48,743,721
53,744,719
48,773,713
48,761,719
48,716,705
48,744,714
48,744,710
48,755,729
48,741,704
48,730,715
48,756,712
48,760,724
51,771,727
48,729,702
48,740,718
48,756,725
48,740,704
48,731,708
48,758,716
48,721,704
48,739,709
48,783,737
48,761,718
48,739,709
48,755,709
48,745,708
48,741,722
48,753,713
48,734,710
48,811,743
50,739,719
48,768,727
48,754,720
48,744,705
48,769,718
48,763,724
48,745,720
48,758,714
48,727,704
48,739,713
48,751,718
48,750,714
48,736,704
48,736,713
48,770,723
48,727,698
48,744,703
50,767,720
48,732,704
48,725,703
48,817,724
48,750,717
50,775,723
48,745,714
48,733,705
48,781,719
48,757,727
48,739,705
48,769,712
48,715,698
48,754,712
48,737,705
48,748,726
48,726,705
48,750,719
48,784,727
48,734,712
48,733,718
51,712,701
48,760,732
48,750,708
48,755,706
48,779,718
48,746,715
48,756,713
48,759,720
48,740,712
48,748,714
48,746,718
48,745,712
48,729,712
48,761,723
48,777,720
48,734,702
48,737,706
48,738,710
48,767,721
48,765,712
48,751,710
48,733,717
48,757,722
48,763,725
48,786,723
48,744,718
48,761,716
48,760,720
48,764,732
48,762,728
48,736,707
48,722,710
48,749,703
48,746,706
48,757,717
48,754,718
48,787,718
48,761,726
48,763,714
48,734,701
48,746,701
48,759,705
48,773,708
48,719,697
48,756,722
48,786,725
48,755,717
53,751,726
48,758,716
48,760,716
48,742,709
48,739,701
50,748,719
48,748,719
48,738,714
48,758,721
48,722,703
48,764,716
50,734,708
48,751,714
48,772,720
48,746,707
48,725,704
48,737,710
48,736,720
48,754,718
48,758,706
48,781,727
48,724,706
48,741,717
48,730,709
48,731,702
48,743,722
48,729,708
48,768,729
48,748,708
50,728,706
48,707,698
48,740,719
48,752,707
48,737,710
48,770,722
48,732,713
48,769,713
48,750,711
48,746,714
48,756,729
49,723,696
48,729,711
48,731,702
48,750,722
51,733,706
48,772,715
48,740,722
48,756,722
48,722,705
48,744,711
48,729,696
48,755,722
48,725,711
48,743,710
48,753,721
48,779,717
48,730,701
48,754,722
48,713,699
48,757,726
48,755,713
48,780,729
48,731,714
48,796,727
48,725,707
48,750,710
48,749,715
48,774,719
48,774,719
48,708,695
48,756,708
48,758,716
48,736,711
48,748,725
48,743,719
48,755,727
48,814,738
48,733,712
48,725,707
48,768,720
48,735,709
48,744,714
48,730,705
48,761,726
48,765,726
48,771,712
48,762,724
48,726,707
48,751,723
48,741,711
48,764,721
48,742,711
48,745,711
48,735,705
48,744,717
48,753,712
48,808,737
48,726,709
48,747,720
48,758,709
48,762,732
48,736,706
48,781,717
48,740,706
48,763,708
48,755,724
48,744,705
48,729,712
48,777,723
48,746,711
48,731,712
48,772,713
48,755,702
48,711,696
48,758,716
48,773,708
48,746,714
48,734,699
48,749,712
48,748,711
48,768,731
48,736,715
48,762,713
48,722,702
48,749,724
48,735,712
48,741,722
48,772,732
48,772,725
48,788,740
48,741,707
48,748,714
48,747,721
48,745,718
48,752,705
48,744,716
48,760,708
48,725,699
48,713,700
48,770,739
48,748,704
48,764,720
48,738,709
48,738,722
48,769,730
48,786,720
48,768,723
48,747,708
48,720,709
48,725,710
48,779,721
48,748,711
48,748,706
48,757,715
48,734,715
48,730,714
48,764,731
48,719,706
48,753,715
50,777,719
48,735,715
48,752,709
48,752,719
48,739,718
48,751,711
48,760,713
48,765,722
50,729,712
48,788,733
48,760,719
50,742,712
48,754,715
48,719,706
48,742,707
48,730,706
48,767,720
48,763,733
48,773,715
48,751,717
51,749,703
48,771,721
48,741,714
48,753,709
51,793,726
48,738,707
48,705,698
48,778,722
48,753,716
48,730,706
48,745,704
48,744,703
48,740,710
48,740,695
48,745,710
48,757,720
48,736,709
48,764,717
48,716,695
48,730,699
48,761,706
48,765,724
48,777,725
48,725,704
48,736,703
50,729,703
48,750,718
48,742,716
48,782,719
48,767,731
48,724,703
48,763,709
48,767,730
48,761,708
51,740,718
53,739,718
48,713,708
48,761,714
48,731,709
48,738,711
48,733,711
48,717,706
48,735,702
48,744,718
48,770,731
48,733,707
48,715,704
48,743,709
48,736,710
48,756,713
48,804,726
48,776,731
48,734,704
48,722,698
48,770,723
48,735,703
48,772,712
48,758,721
48,796,728
48,751,708
48,707,700
50,761,713
48,769,720
48,726,704
48,728,703
48,794,719
48,759,716
48,720,707
48,741,705
48,799,742
48,769,715
48,774,709
48,737,704
48,748,710
48,752,718
48,737,706
48,759,724
48,743,712
48,726,707
48,753,715
48,778,724
50,723,708
48,785,724
48,745,711
48,754,719
48,751,719
48,791,729
48,780,717
48,731,709
48,731,706
48,746,714
48,758,716
48,742,721
48,730,700
48,777,724
48,778,715
48,725,709
48,736,715
48,785,729
48,733,710
48,779,716
48,806,732
48,765,724
48,745,718
48,730,712
48,742,717
48,750,718
48,738,715
48,741,717
48,759,720
48,743,712
51,708,699
48,736,708
48,764,722
48,769,717
48,746,707
48,722,697
48,744,708
48,733,705
48,746,726
48,787,713
48,714,699
48,767,708
48,763,716
48,712,702
48,777,731
48,738,707
48,718,701
48,747,707
48,761,714
48,757,707
48,773,717
48,719,705
48,766,717
48,781,734
48,723,714
48,795,733
48,737,703
48,751,709
48,739,712
48,735,715
48,741,708
48,788,737
48,753,710
48,757,706
48,732,705
48,751,722
50,756,723
48,754,714
48,770,716
48,768,709
48,757,712
48,764,722
48,752,709
48,711,700
48,766,717
48,710,696
48,740,706
48,748,705
48,753,718
48,761,730
48,746,714
48,764,714
48,770,728
50,749,721
48,771,721
48,737,703
48,738,705
48,720,704
48,752,726
48,720,698
48,753,717
48,728,708
48,707,694
48,761,721
48,730,713
48,734,692
48,744,703
48,773,726
48,749,706
48,742,712
48,791,743
48,771,715
48,736,716
49,713,696
48,729,719
48,726,708
48,741,708
48,737,712
48,726,703
48,718,699
48,756,710
48,750,716
48,795,715
48,766,716
48,731,710
48,726,700
48,763,716
48,742,729
48,769,732
48,761,710
48,753,714
48,722,709
48,779,720
48,760,716
48,737,708
48,748,710
48,770,716
48,753,713
48,768,711
48,751,707
48,789,726
48,717,705
50,741,713
48,725,708
48,754,717
50,707,693
48,729,711
48,752,721
48,760,722
48,741,703
48,738,707
48,728,706
48,747,715
48,777,714
48,719,705
48,742,708
48,736,717
48,747,715
48,734,716
48,742,723
48,753,707
48,722,715
48,783,737
48,711,700
48,756,726
48,767,720
48,771,723
51,750,713
48,744,711
48,750,704
48,740,716
48,752,706
48,718,698
50,709,695
48,734,710
48,737,708
48,786,724
48,788,723
48,755,711
48,789,718
48,754,717
48,758,719
48,738,702
48,759,737
48,730,716
48,804,736
48,736,704
48,720,700
48,738,710
48,738,700
48,742,716
48,746,710
48,723,702
48,729,705
48,770,722
48,797,729
48,769,708
48,798,727
48,755,713
48,728,708
48,812,740
48,737,717
48,782,720
50,749,724
48,792,728
48,742,718
48,765,722
48,729,707
48,748,715
53,727,703
48,743,711
48,745,707
50,720,705
48,721,698
50,767,715
48,776,727
48,728,695
51,718,696
48,745,726
48,756,703
48,730,718
48,714,693
48,748,721
48,790,737
48,745,712
48,754,713
48,728,716
48,742,708
48,737,711
48,786,724
48,733,707
50,741,714
51,735,705
48,730,704
48,745,704
48,729,707
50,731,701
48,736,704
48,745,712
48,756,713
48,761,722
50,754,728
51,739,712
48,719,697
48,716,705
50,772,717
48,732,700
48,790,707
48,758,725
48,760,711
48,769,716
48,737,720
48,759,710
48,758,706
48,730,711
48,745,709
48,728,707
48,734,701
50,721,703
48,747,709
48,764,718
48,782,721
48,752,721
48,754,716
48,746,711
48,732,709
48,745,711
48,719,697
48,743,713
48,768,724
48,732,707
48,753,719
48,782,726
48,728,708
48,758,716
48,726,710
48,754,716
48,742,704
48,742,707
48,747,719
48,716,699
48,737,711
48,718,697
48,749,707
48,758,730
48,775,723
48,735,714
48,755,707
48,757,715
48,747,716
48,726,713
48,740,711
48,760,716
48,768,731
48,734,709
48,721,710
51,769,708
48,780,738
48,723,706
48,743,717
48,740,716
48,741,708
48,748,711
48,757,722
48,740,709
48,748,714
48,740,705
48,772,728
48,722,695
48,785,720
48,756,713
48,754,717
48,744,717
51,733,710
48,733,707
49,757,727
48,758,712
48,726,703
48,714,702
48,733,705
48,714,695
48,758,709
48,732,715
48,746,706
48,748,709
48,770,716
48,731,706
48,756,713
48,756,717
48,713,698
50,731,706
48,744,710
48,763,725
48,736,703
48,720,701
48,767,732
48,730,713
48,762,725
48,753,711
48,742,716
48,747,706
48,741,717
48,781,713
48,751,715
48,750,708
48,763,717
48,744,715
49,756,708
48,743,724
48,719,708
48,765,713
48,755,726
48,753,712
48,780,721
48,713,693
48,719,701
48,724,704
48,750,717
48,753,714
50,729,720
48,732,708
48,737,713
48,743,709
48,743,711
48,769,715
48,748,698
48,767,731
48,725,707
48,721,704
48,750,717
48,730,705
48,733,712
48,729,705
48,730,707
48,745,714
48,738,705
48,759,713
48,766,711
48,757,719
48,723,704
48,743,698
48,743,711
48,739,724
48,772,727
48,750,712
50,732,715
48,762,728
48,740,703
48,762,704
48,735,708
48,773,718
48,759,713
48,765,727
48,756,711
48,770,726
48,774,712
48,715,696
48,765,725
48,731,717
48,720,700
50,746,705
48,744,712
48,791,736
48,738,711
48,747,701
48,779,724
48,737,713
48,762,714
48,773,718
48,744,718
48,785,716
48,761,715
48,743,703
48,771,714
48,763,724
48,744,709
48,743,713
48,759,717
48,741,704
51,732,704
48,770,720
52,771,732
48,756,722
48,741,708
51,740,712
48,770,718
48,747,719
48,766,722
48,741,711
48,745,707
48,727,704
48,725,703
48,727,703
48,772,727
48,742,710
48,723,697
48,740,707
48,733,708
48,741,713
48,744,716
48,756,722
48,718,703
48,738,716
48,741,702
48,721,711
48,719,697
48,783,720
48,724,709
48,818,732
48,731,713
48,757,709
48,744,719
48,719,698
48,725,700
48,784,720
48,741,710
48,764,728
48,747,701
48,730,706
48,759,710
48,744,709
48,710,699
51,720,703
48,774,716
48,767,729
48,773,714
48,759,702
48,734,707
48,714,698
48,765,707
50,761,720
48,748,717
48,746,713
48,744,714
48,745,719
48,744,711
48,746,711
48,772,728
48,763,712
48,760,712
48,775,719
48,755,722
48,734,708
50,772,726
48,800,732
48,729,708
48,771,723
48,734,708
48,737,705
48,749,706
48,768,730
48,762,713
48,771,720
48,769,737
48,765,722
48,745,704
48,771,720
48,770,712
48,729,712
48,757,715
48,724,708
48,721,704
48,773,719
48,748,714
48,739,698
48,724,709
48,736,713
48,732,704
48,732,702
48,755,715
48,750,712
48,727,702
48,727,705
48,750,714
48,745,703
48,704,700
48,758,711
48,748,712
48,756,708
48,739,714
48,730,709
48,724,704
48,721,702
48,784,715
48,729,708
48,733,702
48,766,736
48,766,724
48,752,720
48,729,709
48,717,698
48,756,720
48,779,722
48,759,723
48,749,707
48,761,715
48,764,706
48,767,706
48,736,709
48,747,712
48,786,730
48,775,725
48,757,711
48,758,710
48,748,706
48,756,713
48,727,707
48,755,721
48,743,707
48,761,724
48,730,700
48,733,707
48,757,717
48,740,715
48,739,706
48,749,717
48,755,711
48,766,726
48,748,717
48,729,713
48,751,710
48,751,717
48,712,702
48,750,713
48,794,727
48,762,722
48,750,711
48,732,705
48,760,722
48,739,714
48,753,708
48,745,715
48,715,699
48,732,711
48,762,719
48,767,713
48,756,713
48,729,714
48,738,709
48,720,702
48,747,724
48,723,709
48,778,719
48,761,709
48,724,704
48,754,710
48,755,712
48,762,725
48,769,717
48,758,713
48,740,708
49,742,709
48,746,721
48,775,710
48,738,714
48,760,725
48,735,710
48,717,709
48,729,703
48,766,726
48,741,708
48,720,704
53,730,710
48,791,725
48,785,725
48,751,715
48,774,728
48,727,711
48,734,711
48,778,729
48,773,725
48,723,701
48,723,706
48,723,697
48,740,711
48,759,704
48,753,728
50,752,721
48,739,709
48,744,705
48,728,711
48,745,710
48,766,724
48,758,727
48,760,717
48,763,724
48,759,706
48,741,722
48,736,704
48,725,709
48,764,719
48,755,713
48,733,705
48,732,705
48,745,713
48,741,711
48,737,706
48,763,720
48,773,710
48,769,717
48,750,718
48,744,719
48,747,701
48,740,717
48,749,718
48,748,710
48,783,720
48,754,718
48,715,698
48,755,709
48,735,709
48,765,708
48,717,706
48,757,721
48,727,706
48,747,709
48,791,721
48,727,703
48,726,710
48,751,710
48,735,705
48,770,711
48,734,712
48,779,715
48,721,702
48,751,707
48,755,713
48,773,714
48,748,724
48,725,702
48,740,704
48,783,730
48,745,712
48,781,721
48,733,713
48,769,718
48,732,705
48,747,719
48,743,710
48,726,701
48,752,725
50,729,716
50,746,716
48,752,721
48,745,710
48,727,702
48,718,711
48,749,715
48,753,702
48,758,702
48,764,724
48,730,708
48,755,713
48,733,717
50,755,721
48,724,700
48,781,727
48,745,719
48,761,703
48,743,712
48,743,707
48,725,703
48,760,710
48,740,714
48,764,714
48,748,707
48,763,717
48,763,718
48,742,718
48,723,705
48,745,719
48,805,721
48,771,721
48,781,731
48,710,698
48,732,709
48,758,725
48,721,699
48,737,707
48,750,723
48,754,703
48,751,720
48,743,724
48,763,712
48,747,709
48,747,713
48,753,718
48,748,710
48,758,726
48,755,715
48,740,708
48,755,718
48,744,714
48,772,713
48,739,715
48,727,701
51,704,693
48,716,704
49,782,721
50,763,730
48,734,716
48,716,703
48,737,705
48,751,714
48,771,721
48,742,714
48,762,716
48,738,708
48,726,712
48,769,712
50,731,709
48,761,711
48,792,730
53,742,706
48,767,727
48,745,720
48,731,707
48,731,716
48,722,702
48,771,716
48,750,715
48,740,708
50,760,724
48,749,728
48,753,715
48,771,712
48,747,724
48,761,711
48,758,712
48,722,700
48,739,719
48,735,716
48,752,712
48,719,703
48,717,698
48,734,707
48,732,704
48,789,742
48,764,711
48,729,709
48,729,706
48,714,703
48,725,706
48,745,713
51,757,706
50,746,705
48,717,695
48,778,723
48,730,719
48,737,708
48,741,713
48,732,717
48,768,723
48,735,723
48,758,712
48,747,715
48,765,717
48,752,717
50,742,713
48,765,721
50,742,709
50,750,707
48,767,710
48,776,718
48,737,700
48,748,726
51,733,716
48,758,721
48,747,714
48,721,696
48,763,715
48,732,705
48,728,707
48,738,705
48,723,708
48,758,708
48,785,727
48,729,694
48,745,713
48,744,705
48,745,705
48,752,715
48,747,718
48,754,716
48,725,706
48,742,720
48,748,705
48,752,728
48,743,708
48,765,707
48,767,723
48,740,707
48,749,713
48,742,710
48,717,700
48,792,729
48,737,713
48,789,737
48,776,723
48,777,726
48,749,709
48,787,737
48,719,701
48,712,705
48,740,715
48,764,737
48,737,712
48,746,713
48,724,702
48,745,709
48,743,717
48,742,708
48,738,705
48,730,707
51,732,723
48,695,690
48,746,700
48,760,729
48,757,713
48,725,701
48,713,696
48,757,712
48,765,711
48,719,693
48,710,704
48,766,715
50,712,700
48,755,711
48,761,720
48,785,712
48,749,703
49,737,707
48,735,707
50,726,708
48,774,725
48,777,727
48,763,714
48,726,705
48,778,727
48,741,708
48,752,711
48,736,706
48,749,712
48,752,711
48,802,725
48,741,703
51,716,704
48,709,700
48,750,720
48,754,715
48,767,730
48,724,700
48,724,700
48,757,709
48,752,719
48,744,707
48,772,711
48,775,714
48,731,707
48,725,703
48,730,717
48,732,707
48,758,714
48,752,717
48,770,714
53,779,715
48,748,719
48,743,720
51,748,716
48,752,721
50,783,715
48,755,709
48,772,715
48,716,700
48,752,713
48,780,719
48,746,718
51,719,707
48,729,709
48,749,713
48,723,703
48,764,707
48,768,717
48,739,704
49,729,715
50,760,720
48,737,702
48,771,721
48,743,708
48,748,705
48,759,710
48,719,705
48,732,706
48,768,720
48,792,739
48,763,717
48,720,706
48,721,700
48,771,720
48,754,718
48,743,716
48,727,701
48,731,699
48,787,726
48,783,716
48,750,708
48,726,708
48,719,698
48,739,715
48,764,735
48,729,702
48,755,710
48,731,710
48,756,709
48,739,725
48,743,712
48,735,704
48,738,706
48,757,710
48,761,716
48,764,702
48,773,716
48,735,708
48,743,719
48,752,709
48,775,709
48,743,716
48,751,704
48,757,720
48,769,717
48,790,712
48,724,698
48,783,721
48,742,703
51,749,719
48,728,706
50,759,718
48,735,710
48,731,713
48,767,726
48,795,731
48,734,709
51,741,712
48,738,720
48,783,729
48,715,700
48,747,706
48,762,727
48,751,711
48,747,711
48,731,707
48,758,712
48,729,704
48,733,721
48,759,711
48,744,716
48,725,701
48,758,718
48,715,702
48,726,700
48,736,715
48,757,717
48,744,716
48,765,717
48,763,719
48,715,694
48,738,713
48,772,715
48,773,711
48,740,720
48,719,709
48,761,715
48,775,727
48,739,704
48,750,716
48,790,733
48,737,709
48,774,723
48,750,714
48,739,717
48,748,706
48,767,717
48,766,723
48,729,710
48,731,701
48,782,730
48,751,711
48,752,726
48,769,728
48,753,717
48,707,698
48,740,719
48,749,713
48,744,711
48,740,711
48,753,732
48,756,712
48,749,709
48,753,714
48,735,706
48,770,716
48,718,702
48,750,715
48,732,701
48,712,701
48,711,694
48,720,698
48,720,701
48,765,729
48,757,725
48,766,735
48,775,725
48,743,709
48,757,709
48,745,722
48,754,724
48,766,721
48,733,714
48,740,703
48,730,709
48,728,703
48,769,716
48,764,718
48,729,700
48,746,700
48,750,710
48,730,706
48,778,730
48,759,736
50,716,694
48,744,715
48,717,700
48,735,720
48,732,704
48,760,709
48,729,714
48,738,711
48,707,703
48,763,725
48,723,700
48,746,711
48,739,709
48,759,718
48,745,707
48,780,712
48,747,706
48,750,716
48,778,719
48,740,708
48,733,715
48,738,709
48,731,719
48,755,726
48,750,719
48,746,710
48,750,708
48,722,707
48,728,708
48,731,711
48,739,709
49,743,714
48,747,719
48,761,711
48,748,708
48,728,714
48,731,709
48,771,727
48,738,717
48,733,714
48,782,726
48,761,715
48,731,703
48,748,718
48,768,710
48,739,705
48,735,707
48,760,714
48,770,722
48,715,708
48,728,711
48,717,701
48,780,722
48,742,717
48,745,719
48,715,708
48,733,713
48,754,717
48,740,715
48,758,710
48,757,714
48,723,705
48,722,697
48,738,715
48,747,720
48,753,711
48,767,722
48,719,701
48,768,710
48,775,718
48,725,701
48,753,723
48,730,701
48,779,744
48,729,702
48,738,718
48,732,712
48,744,714
48,740,708
48,750,719
48,726,703
48,743,711
48,798,740
48,712,703
48,757,707
48,750,715
48,753,715
48,750,705
48,794,741
48,767,717
48,745,712
48,729,708
48,718,700
48,743,715
48,749,715
48,723,710
48,737,711
48,755,714
48,750,718
48,741,713
48,745,714
48,749,711
48,736,716
48,750,708
48,724,702
48,750,703
48,736,708
48,722,701
48,730,708
48,770,723
48,713,700
48,765,719
48,772,721
48,726,708
48,780,729
48,724,701
48,733,706
50,784,741
48,747,719
48,727,710
48,774,729
48,724,709
48,744,710
48,716,706
50,774,714
48,747,710
49,761,717
48,772,723
48,740,700
48,762,714
48,765,711
48,739,708
48,747,706
48,737,712
48,736,714
48,725,705
48,723,700
48,747,715
48,772,726
48,789,737
48,747,714
48,734,709
48,721,705
48,757,719
48,740,722
48,773,724
48,719,706
48,765,723
48,751,726
48,737,702
48,732,705
48,749,711
48,766,722
48,783,723
48,795,728
50,749,703
48,725,715
48,763,717
48,779,724
48,759,713
48,721,701
48,730,715
48,780,711
48,729,706
48,739,704
48,746,720
48,774,724
48,782,731
48,740,711
48,728,712
48,739,705
48,742,718
48,737,706
48,729,709
48,750,703
48,749,720
48,734,712
48,737,711
48,739,713
48,751,715
48,783,715
48,732,712
48,742,715
48,762,722
48,738,724
48,726,695
48,770,717
48,735,719
48,760,726
48,781,726
48,731,701
48,756,709
48,753,725
48,758,714
48,792,726
48,779,713
48,728,708
48,718,694
48,720,701
48,767,720
49,742,704
48,758,708
48,745,708
48,765,718
48,758,711
48,770,723
48,718,700
48,753,730
50,740,705
48,755,700
48,756,710
50,758,727
48,743,722
48,744,699
48,741,712
48,730,696
48,716,703
48,717,703
48,753,709
50,746,731
48,718,703
48,748,704
48,746,706
48,746,707
48,708,693
48,761,714
48,712,693
48,736,719
48,757,713
48,777,733
48,744,709
48,767,710
48,718,697
48,774,720
48,736,708
48,749,715
48,765,715
48,767,724
48,731,702
48,755,718
48,729,710
48,756,714
48,770,727
50,786,718
48,728,700
48,774,730
48,740,716
48,734,706
48,723,701
48,772,718
48,762,728
48,750,704
48,765,723
48,748,704
48,746,711
48,709,697
48,751,714
48,741,717
48,737,709
48,753,720
48,738,708
48,730,717
48,787,723
48,728,706
48,727,697
48,750,720
48,786,733
48,747,702
48,748,715
48,778,720
48,759,719
48,773,725
48,759,716
48,760,715
48,759,712
48,770,724
48,732,709
48,770,721
48,778,718
48,715,702
48,780,710
48,710,699
48,750,709
48,784,716
48,766,710
48,736,718
48,776,717
48,727,705
48,717,700
48,749,709
48,759,711
48,744,709
48,741,706
48,743,716
48,726,705
48,738,706
48,731,701
48,747,720
48,729,707
48,723,708
48,724,705
48,738,708
48,749,710
48,757,713
48,784,711
48,765,720
48,756,718
48,751,709
48,738,711
48,708,695
48,744,713
48,732,708
48,713,703
48,774,719
48,778,725
48,756,728
48,749,716
48,743,717
48,732,701
48,729,709
48,730,707
51,732,714
48,750,714
51,746,718
48,741,716
48,727,708
53,758,727
48,751,709
48,773,729
48,726,703
48,723,705
48,793,737
48,742,715
49,724,705
48,726,706
48,723,699
48,776,739
52,760,729
48,737,707
48,757,740
48,786,727
48,712,699
48,732,703
48,723,699
48,741,705
48,775,728
49,763,715
48,749,707
48,760,719
48,738,700
48,724,701
48,738,710
48,771,730
48,745,707
48,763,717
48,740,718
48,782,718
48,732,711
48,759,711
48,778,719
48,770,713
48,741,721
48,756,716
48,736,705
48,785,726
50,725,708
48,713,696
48,735,705
48,779,724
48,728,705
48,728,715
48,728,708
48,725,704
48,715,692
48,742,711
48,736,713
48,754,710
48,724,702
48,775,722
48,728,711
48,764,724
48,737,717
48,799,732
48,749,718
48,717,699
48,748,710
48,766,728
48,728,706
48,752,713
48,762,713
48,762,715
48,746,706
48,737,717
48,734,705
50,722,708
48,733,708
48,757,711
48,743,712
51,753,723
48,774,713
48,745,709
49,766,734
48,750,707
48,747,705
48,722,707
48,779,723
48,755,721
48,714,696
50,768,731
48,746,702
48,742,709
48,739,709
48,754,713
48,726,707
48,742,718
48,783,721
48,735,716
48,746,706
48,728,703
48,740,715
48,735,709
48,732,712
48,744,717
48,738,708
48,772,714
48,729,704
48,730,714
48,737,713
48,754,707
48,769,710
48,776,727
48,726,700
48,782,720
48,739,708
51,740,702
48,734,706
48,764,711
48,766,712
48,752,708
48,739,717
48,748,719
48,730,702
48,758,701
48,758,719
48,730,705
48,709,690
49,746,708
48,732,710
48,767,723
48,741,704
48,722,710
51,755,707
48,753,718
48,729,710
48,724,711
48,781,725
48,734,702
48,768,715
49,763,719
48,734,713
48,739,715
48,737,714
50,764,727
48,747,714
48,739,712
48,763,719
48,738,717
48,755,704
48,727,704
48,760,713
48,758,715
48,765,716
48,743,708
48,754,716
48,744,712
48,722,708
48,784,730
51,793,728
48,772,726
48,775,726
48,752,710
48,772,713
48,737,718
48,745,710
48,730,707
48,761,718
48,729,706
48,744,709
48,781,728
49,740,711
48,760,723
48,738,703
51,752,725
48,749,724
48,761,731
48,708,696
48,736,703
48,725,694
48,781,722
48,743,712
48,732,705
48,711,702
48,771,721
51,744,722
48,758,710
48,739,713
48,736,705
48,755,723
48,760,714
48,774,720
48,757,722
48,732,703
48,717,701
48,764,712
48,755,721
48,767,707
48,745,716
48,748,712
48,742,718
48,727,711
48,783,722
48,737,713
48,755,717
48,722,707
48,725,704
48,735,717
48,742,716
48,718,705
48,735,711
48,763,710
48,753,711
48,733,707
48,762,718
48,767,714
48,728,712
48,761,727
48,737,713
48,780,712
48,762,712
48,768,712
48,748,713
48,766,713
48,746,720
51,756,714
48,726,697
48,728,713
48,737,708
48,754,715
48,756,715
48,727,705
48,757,701
48,787,723
48,759,725
48,755,729
48,768,722
48,742,711
48,774,723
48,783,723
48,730,707
48,765,716
48,739,715
48,741,714
48,747,706
48,739,703
48,736,709
48,726,704
48,772,722
51,774,726
48,734,699
48,742,716
48,756,712
48,736,703
48,751,720
48,778,718
48,751,710
48,766,709
52,772,729
48,731,710
48,763,706
48,751,723
48,741,699
48,724,698
48,763,715
50,729,705
53,752,717
48,754,723
48,747,718
48,772,719
48,733,706
48,730,711
48,801,724
48,734,699
48,743,713
48,721,710
48,745,707
48,736,713
48,730,699
48,730,711
48,742,712
48,730,709
48,726,715
48,768,720
48,718,700
48,731,704
48,749,710
48,790,715
48,722,707
48,810,741
50,766,715
48,741,712
48,740,708
48,719,701
48,786,732
48,717,699
48,761,716
48,738,715
48,725,707
48,756,707
48,737,704
48,751,721
48,720,696
48,758,712
48,751,719
48,762,726
48,782,715
48,725,707
48,749,723
48,738,712
48,757,708
48,731,702
48,736,703
48,751,701
48,766,718
51,744,725
48,756,708
48,730,711
48,716,696
48,775,721
48,714,700
48,744,713
48,751,721
48,742,716
48,788,716
48,761,712
48,752,710
48,751,709
49,729,700
48,752,705
48,746,707
48,757,711
48,770,721
48,742,706
48,745,711
48,728,704
48,725,699
48,774,722
48,739,707
48,737,704
48,764,709
48,740,712
48,725,704
48,739,712
48,756,718
48,776,736
48,750,725
48,749,717
48,729,718
48,780,724
48,734,706
48,765,721
48,720,703
48,713,693
48,736,700
51,713,703
48,761,729
48,764,725
48,741,707
48,762,735
48,745,719
48,738,712
48,744,711
48,746,719
48,757,717
48,722,704
48,723,705
48,751,707
48,746,717
48,772,722
48,731,711
48,756,721
48,763,706
48,713,697
48,744,702
48,738,705
48,743,719
48,774,724
48,763,710
48,767,715
49,772,724
48,733,707
48,718,703
48,781,724
48,750,724
48,761,721
48,780,709
51,720,705
48,743,709
48,730,711
48,781,736
48,738,697
48,724,705
48,781,718
48,735,710
48,737,709
53,758,720
51,751,715
48,762,724
48,733,711
48,778,728
48,718,703
48,748,714
48,739,712
48,759,720
48,777,739
48,749,725
48,733,716
48,769,717
48,730,712
48,796,732
48,771,716
48,759,712
48,729,703
48,732,698
48,785,718
48,726,702
48,756,702
48,775,715
48,753,715
48,722,713
48,770,723
48,767,717
48,754,710
48,750,709
48,768,727
48,734,711
48,722,704
48,720,702
48,756,715
48,726,706
48,745,716
48,735,714
48,731,701
48,734,718
48,730,711
48,726,712
48,741,710
48,770,704
51,718,696
48,746,706
48,740,708
48,741,704
48,746,715
48,741,717
48,739,709
48,744,718
48,734,707
48,770,718
48,726,709
48,727,717
48,735,715
48,739,720
48,767,712
48,728,703
48,741,707
48,742,714
48,764,717
48,756,720
48,743,719
48,774,718
48,800,729
48,762,712
48,747,725
48,776,714
50,789,734
48,720,705
48,722,708
48,735,713
48,749,704
48,757,710
48,732,705
48,738,711
48,755,711
48,765,709
48,721,703
48,745,713
48,785,722
48,718,701
48,729,708
48,711,700
48,764,720
48,751,728
48,736,714
48,739,700
48,735,710
49,815,743
48,738,715
48,756,706
48,771,709
48,757,711
48,738,715
48,755,727
48,734,709
48,757,719
48,734,703
48,743,721
49,727,697
48,774,726
48,770,723
48,762,719
48,763,710
48,806,732
48,775,712
48,793,722
48,747,712
48,741,717
48,780,725
51,743,708
53,750,715
48,758,707
48,759,715
48,736,709
48,781,715
50,731,711
48,766,711
48,735,706
48,729,703
48,736,703
48,746,709
48,723,715
48,718,700
48,751,712
48,733,703
48,759,734
48,746,719
48,753,720
48,736,701
48,746,709
48,769,713
48,766,721
48,728,701
48,750,719
48,751,716
48,720,699
48,770,722
48,738,722
48,792,725
48,745,700
48,778,729
48,738,715
48,722,704
48,739,711
49,753,707
48,772,714
48,762,720
48,735,716
48,766,726
48,746,706
48,738,706
48,745,711
48,764,712
48,749,709
48,731,704
48,765,724
48,746,709
48,735,707
48,771,731
48,749,706
48,748,711
48,733,715
48,725,705
48,744,708
48,732,711
48,735,705
48,763,707
48,748,719
50,728,708
48,736,711
48,744,715
48,750,720
48,734,718
48,741,708
48,762,715
48,731,709
48,725,706
48,748,720
48,804,736
48,746,712
48,735,704
48,733,709
48,739,710
48,755,713
48,763,702
48,738,702
48,742,710
48,723,699
50,738,707
48,759,719
51,754,715
48,801,739
48,763,714
48,772,724
48,728,708
48,768,712
48,736,712
48,772,721
48,741,713
48,745,709
48,748,706
48,739,707
48,733,703
48,734,711
48,766,714
48,778,719
48,749,713
48,756,716
48,755,712
48,724,702
48,760,721
48,754,717
48,756,715
48,734,706
48,795,717
48,759,718
48,744,719
48,742,720
48,757,714
48,771,710
48,744,715
48,723,701
48,740,713
48,751,717
48,742,720
48,734,714
48,729,704
48,753,722
48,749,721
48,727,708
48,748,707
48,772,719
48,750,718
48,797,727
48,760,711
48,782,714
48,729,707
48,734,709
48,735,707
48,760,727
48,741,707
48,758,709
48,751,716
48,733,703
48,735,717
48,752,705
48,751,717
51,791,731
48,755,721
48,793,714
48,741,704
48,754,717
48,759,719
53,754,711
48,772,711
48,751,715
48,781,729
48,727,699
48,789,727
48,729,709
48,792,737
48,722,694
48,738,701
48,771,723
48,734,707
48,749,702
48,742,711
48,729,712
48,792,721
48,767,728
48,730,714
48,735,707
48,757,723
48,737,715
48,738,705
48,749,713
48,730,704
48,717,704
48,743,715
48,743,703
48,720,693
48,787,728
48,730,706
48,729,703
48,747,721
48,724,693
48,735,712
48,761,710
48,748,711
48,741,723
48,799,749
48,750,724
48,798,730
48,743,720
48,741,716
48,728,700
48,740,704
48,751,722
48,784,725
48,753,715
48,738,712
48,755,720
48,743,725
48,764,728
48,751,718
48,742,712
48,749,709
48,746,713
48,752,711
48,755,713
48,777,723
48,783,734
48,755,727
48,735,706
48,772,718
48,754,711
48,754,721
48,771,711
48,789,728
48,712,703
48,737,713
48,777,713
48,751,718
48,736,715
50,736,706
48,762,724
48,744,714
48,748,706
48,770,711
48,727,703
48,726,704
48,744,708
48,743,710
48,740,706
48,721,702
48,782,720
48,736,698
48,722,695
48,796,741
48,764,716
48,765,703
48,726,711
48,730,708
48,738,707
48,734,705
48,756,712
48,772,729
48,763,719
48,754,713
48,758,707
48,770,717
48,767,714
48,741,708
48,762,719
50,751,718
48,751,706
48,734,708
48,766,716
50,757,717
48,716,696
48,744,712
48,755,706
48,778,712
48,739,723
48,748,709
48,742,715
48,761,709
48,732,699
48,734,703
48,722,707
48,725,712
48,744,724
48,731,695
48,733,702
48,749,726
48,713,704
48,758,732
48,764,715
48,796,714
48,764,735
48,735,711
48,757,707
48,769,712
48,721,700
48,741,712
48,789,721
48,744,712
48,735,705
48,770,725
48,752,716
48,761,710
48,724,705
48,763,719
51,773,728
48,719,704
48,738,728
48,771,707
48,724,704
48,760,708
48,799,746
48,766,713
48,739,711
48,730,704
48,761,724
48,723,699
51,756,717
48,741,711
48,736,703
48,756,707
48,742,713
48,728,700
48,768,717
52,766,724
48,730,705
48,755,714
48,755,704
48,755,707
48,750,716
48,769,719
48,741,713
48,749,720
48,725,701
48,751,716
48,733,708
48,736,713
48,775,728
48,738,719
51,764,723
48,777,712
48,770,727
48,785,735
48,745,720
48,730,708
48,736,703
48,760,718
48,773,718
51,770,724
48,742,717
48,723,705
48,739,708
48,799,734
48,743,698
48,729,699
48,734,708
48,755,721
48,760,718
48,770,719
48,737,713
48,747,711
48,745,705
48,757,715
48,739,701
48,734,705
48,776,714
48,745,715
48,748,715
48,701,688
48,732,713
48,730,707
48,738,713
48,745,717
48,724,702
48,728,697
48,733,717
48,743,720
48,749,712
48,755,704
48,765,726
48,783,714
48,735,705
48,744,707
48,782,720
48,772,716
48,768,729
50,734,712
48,727,705
48,760,718
48,749,711
48,778,719
48,743,723
48,746,704
48,775,721
48,751,716
48,735,711
48,759,723
48,752,711
48,758,717
48,773,718
48,742,703
48,747,717
48,794,724
48,746,707
50,740,705
48,765,714
48,749,709
48,731,697
48,739,718
48,737,711
48,753,717
48,738,716
48,747,714
48,755,713
48,713,701
48,725,703
48,778,724
50,751,726
49,738,713
48,730,709
48,695,693
48,775,733
48,777,721
48,762,717
48,739,707
48,752,710
48,771,720
48,747,712
48,743,697
48,733,710
50,744,707
48,765,732
48,756,718
48,773,723
48,764,710
48,740,706
48,752,711
48,733,712
48,749,722
48,729,708
48,722,698
48,719,708
48,764,732
48,763,727
48,773,723
48,769,724
48,763,713
48,734,700
48,737,710
48,745,714
48,802,745
48,731,700
48,723,709
48,728,700
51,762,728
48,787,718
48,726,707
48,777,721
48,731,711
48,746,713
48,756,713
48,750,722
48,769,719
48,714,703
48,790,733
48,751,708
48,774,712
50,725,709
48,724,694
48,748,712
48,714,706
48,765,719
48,743,712
48,772,722
48,733,694
48,746,713
48,750,715
48,769,724
48,739,706
48,721,706
48,755,706
48,770,712
48,743,719
48,755,724
48,722,706
48,812,735
48,777,725
48,763,712
48,764,714
48,727,701
48,763,721
48,740,716
48,730,700
48,777,713
48,803,740
48,745,709
48,739,710
48,738,713
48,743,709
48,768,721
48,744,709
48,745,716
48,768,729
48,752,708
48,761,720
48,770,724
48,733,711
48,735,715
48,732,705
48,714,699
48,756,730
48,729,697
50,726,706
48,740,707
48,741,701
48,757,712
48,757,710
48,758,718
48,737,702
48,750,719
48,785,730
48,711,701
48,735,705
48,742,699
48,763,733
48,750,710
48,765,732
48,748,716
48,726,703
48,741,716
48,726,703
50,787,728
48,802,743
48,728,699
48,764,718
48,745,716
48,738,705
48,736,712
48,801,732
50,747,714
48,742,700
48,763,721
48,755,708
48,726,704
48,752,708
48,750,711
48,711,693
48,731,714
48,706,691
48,758,711
51,769,713
51,764,717
48,767,724
48,761,715
48,762,709
48,721,702
48,725,704
48,752,714
48,749,714
48,722,698
48,755,723
48,722,703
48,716,697
48,712,705
48,765,718
48,744,706
48,760,708
48,748,709
48,722,706
48,773,723
48,765,710
48,737,711
48,784,730
48,742,702
48,756,719
49,744,704
48,731,703
48,773,717
48,748,705
48,737,701
48,733,701
48,741,713
48,722,698
48,754,709
48,743,708
48,753,729
48,761,715
48,761,713
48,734,708
48,744,708
48,744,710
48,751,706
48,745,702
50,729,711
48,740,710
48,742,714
48,790,715
48,755,715
48,733,706
48,775,721
48,796,738
48,744,714
48,716,692
51,714,693
48,734,707
48,763,716
48,793,728
48,737,709
49,739,707
48,766,723
48,783,734
48,772,724
48,740,712
48,774,730
48,732,707
48,748,717
48,751,727
50,723,701
50,744,718
48,746,709
48,766,726
48,745,728
48,766,713
48,733,698
48,763,716
48,757,708
48,753,713
48,754,719
48,724,701
49,739,710
48,790,734
48,738,704
48,739,711
48,773,710
48,764,727
48,718,704
48,727,706
48,715,701
48,749,717
48,733,709
48,775,715
48,715,691
48,733,708
48,737,711
48,766,724
48,741,699
48,752,727
48,761,706
48,738,704
48,767,713
48,736,707
48,736,705
48,737,716
48,764,711
48,779,716
48,779,726
48,719,697
48,759,719
48,726,706
48,712,699
48,753,702
48,752,714
48,765,717
48,726,710
48,742,710
48,736,711
48,745,722
48,772,727
48,718,702
48,785,737
48,735,711
48,744,707
48,721,702
48,743,716
48,782,719
48,732,714
48,789,735
48,776,714
48,763,715
50,759,717
48,795,731
50,743,718
48,737,707
48,770,723
48,748,714
48,749,715
49,721,705
48,781,717
48,729,705
48,742,718
