agent_id,time_step,vertex_index
0,0,41
0,1,9
0,2,8
0,3,40
0,4,39
0,5,38
0,6,6
0,7,5
0,8,4
0,9,36
0,10,35
0,11,34
0,12,66
0,13,98
0,14,130
0,15,162
0,16,194
0,17,226
0,18,225
0,19,224
0,20,256
0,21,288
0,22,320
0,23,352
0,24,353
0,25,354
0,26,386
0,27,418
0,28,450
0,29,449
0,30,448
0,31,480
0,32,481
0,33,513
0,34,545
0,35,546
0,36,547
0,37,579
0,38,580
0,39,612
0,40,613
0,41,645
0,42,646
0,43,678
0,44,710
0,45,711
0,46,712
0,47,713
0,48,745
0,49,777
0,50,809
0,51,841
0,52,873
0,53,874
0,54,875
0,55,907
0,56,908
0,57,909
0,58,910
0,59,878
1,0,265
1,1,297
1,2,329
1,3,361
1,4,362
1,5,394
1,6,426
1,7,458
1,8,490
1,9,522
1,10,554
1,11,586
1,12,618
1,13,650
1,14,649
1,15,681
1,16,713
1,17,745
1,18,744
1,19,743
1,20,742
1,21,741
1,22,740
1,23,739
1,24,738
1,25,770
1,26,769
1,27,801
1,28,802
1,29,834
1,30,866
2,0,1011
2,1,979
2,2,947
2,3,946
2,4,914
2,5,882
2,6,850
2,7,849
2,8,817
2,9,785
2,10,784
2,11,783
2,12,751
2,13,719
2,14,687
2,15,655
2,16,623
2,17,622
2,18,590
2,19,558
2,20,526
2,21,494
2,22,462
2,23,430
2,24,398
2,25,366
2,26,334
2,27,302
2,28,301
2,29,269
3,0,87
3,1,119
3,2,151
3,3,150
3,4,149
3,5,148
3,6,147
3,7,179
3,8,178
3,9,210
3,10,209
3,11,241
3,12,240
3,13,239
3,14,238
3,15,237
3,16,236
3,17,235
4,0,862
4,1,894
4,2,926
4,3,927
4,4,959
4,5,991
4,6,990
4,7,989
4,8,988
4,9,1020
4,10,1019
4,11,1018
4,12,1017
4,13,985
4,14,984
4,15,983
4,16,982
4,17,1014
4,18,1013
4,19,1012
4,20,1011
4,21,1010
4,22,1009
4,23,1008
4,24,1007
4,25,1006
4,26,1005
4,27,1004
4,28,1003
4,29,1002
4,30,1001
4,31,969
4,32,968
4,33,936
4,34,935
4,35,903
4,36,902
4,37,901
4,38,900
4,39,868
4,40,836
4,41,804
4,42,772
4,43,740
4,44,708
4,45,709
4,46,710
4,47,678
4,48,646
4,49,614
4,50,613
4,51,612
4,52,580
4,53,548
4,54,516
4,55,484
4,56,485
4,57,453
5,0,2
5,1,34
5,2,66
5,3,67
5,4,68
5,5,36
5,6,37
5,7,69
5,8,101
5,9,133
5,10,165
5,11,197
5,12,229
5,13,261
5,14,293
6,0,808
6,1,809
6,2,810
6,3,811
6,4,812
6,5,780
6,6,781
6,7,782
6,8,783
6,9,751
6,10,719
6,11,687
6,12,688
6,13,689
6,14,657
6,15,658
6,16,626
6,17,594
6,18,562
6,19,563
6,20,564
6,21,565
6,22,566
6,23,567
6,24,568
6,25,569
6,26,570
6,27,571
6,28,539
6,29,507
6,30,508
6,31,509
6,32,477
6,33,476
7,0,732
7,1,733
7,2,765
7,3,766
7,4,767
7,5,799
7,6,831
7,7,830
7,8,829
7,9,861
7,10,893
7,11,925
7,12,957
7,13,989
7,14,1021
7,15,1020
7,16,1019
7,17,1018
7,18,1017
7,19,1016
7,20,984
7,21,983
7,22,982
7,23,1014
7,24,1013
7,25,1012
7,26,980
7,27,948
7,28,947
7,29,915
7,30,914
7,31,913
7,32,912
7,33,911
7,34,910
7,35,909
7,36,941
7,37,973
7,38,972
7,39,971
7,40,1003
7,41,1002
7,42,1001
7,43,1000
7,44,999
7,45,998
7,46,997
7,47,965
7,48,933
7,49,901
7,50,900
7,51,868
7,52,867
7,53,835
7,54,834
7,55,802
7,56,770
7,57,769
7,58,737
7,59,705
7,60,673
7,61,672
7,62,640
7,63,641
7,64,609
7,65,610
7,66,578
7,67,546
7,68,545
7,69,513
7,70,514
7,71,482
7,72,450
7,73,418
7,74,386
7,75,354
7,76,322
7,77,321
7,78,320
7,79,288
7,80,256
7,81,224
7,82,225
7,83,193
7,84,161
7,85,129
7,86,97
7,87,98
7,88,66
7,89,67
7,90,68
7,91,69
7,92,70
7,93,38
7,94,39
7,95,40
7,96,8
7,97,9
7,98,10
7,99,11
7,100,43
7,101,75
7,102,107
7,103,139
7,104,171
8,0,953
8,1,921
8,2,889
8,3,857
8,4,825
8,5,824
8,6,792
8,7,760
8,8,728
8,9,727
8,10,695
8,11,694
8,12,662
8,13,661
8,14,629
8,15,597
8,16,565
8,17,533
8,18,501
8,19,469
8,20,468
8,21,436
8,22,435
8,23,403
8,24,371
8,25,339
8,26,307
8,27,306
8,28,274
8,29,242
9,0,172
9,1,204
9,2,205
9,3,237
9,4,238
9,5,239
9,6,240
9,7,241
9,8,273
9,9,305
9,10,306
9,11,338
9,12,370
9,13,402
9,14,434
9,15,466
9,16,498
10,0,157
10,1,156
10,2,124
10,3,123
10,4,122
10,5,121
10,6,120
10,7,88
10,8,56
10,9,24
10,10,23
10,11,22
10,12,21
10,13,20
11,0,667
11,1,666
11,2,665
11,3,664
11,4,663
11,5,662
11,6,630
11,7,598
11,8,597
11,9,596
11,10,595
11,11,563
11,12,531
11,13,499
11,14,498
11,15,497
11,16,496
11,17,464
11,18,432
11,19,400
11,20,399
11,21,367
11,22,366
11,23,334
11,24,302
11,25,301
11,26,269
11,27,237
11,28,236
11,29,204
11,30,172
11,31,171
11,32,139
11,33,107
11,34,75
11,35,74
11,36,73
11,37,41
11,38,40
11,39,39
11,40,38
11,41,37
11,42,36
11,43,35
11,44,34
11,45,33
11,46,32
12,0,850
12,1,851
12,2,883
12,3,884
12,4,885
12,5,886
12,6,887
12,7,855
12,8,856
13,0,588
13,1,589
13,2,590
13,3,558
13,4,559
13,5,527
13,6,528
13,7,496
13,8,497
13,9,465
13,10,466
13,11,434
13,12,402
13,13,370
13,14,338
13,15,306
13,16,274
13,17,242
13,18,210
13,19,178
13,20,146
13,21,114
13,22,113
14,0,461
14,1,462
14,2,430
14,3,431
14,4,432
14,5,433
14,6,434
14,7,435
14,8,436
14,9,404
14,10,405
14,11,373
15,0,333
15,1,334
15,2,366
15,3,398
15,4,399
15,5,400
15,6,401
15,7,402
15,8,403
15,9,404
15,10,405
15,11,373
15,12,374
15,13,375
15,14,376
15,15,377
16,0,218
16,1,186
16,2,187
16,3,188
16,4,189
16,5,221
16,6,253
16,7,285
16,8,317
16,9,349
16,10,381
16,11,413
16,12,445
16,13,477
16,14,509
16,15,541
16,16,573
16,17,605
16,18,604
17,0,330
17,1,331
17,2,363
17,3,364
17,4,396
17,5,428
17,6,460
17,7,492
17,8,524
17,9,556
17,10,588
17,11,620
17,12,652
17,13,684
17,14,716
17,15,748
17,16,780
17,17,812
17,18,844
17,19,876
17,20,908
18,0,308
18,1,276
18,2,244
18,3,243
18,4,211
18,5,179
18,6,178
18,7,146
18,8,145
18,9,113
18,10,112
18,11,80
18,12,48
18,13,16
18,14,15
18,15,14
18,16,13
18,17,12
18,18,11
18,19,10
18,20,9
18,21,41
18,22,73
18,23,105
18,24,137
18,25,136
18,26,135
18,27,134
18,28,133
18,29,132
18,30,164
18,31,163
18,32,162
18,33,194
18,34,226
18,35,225
18,36,257
18,37,289
18,38,321
18,39,353
18,40,354
18,41,386
18,42,418
18,43,417
18,44,449
18,45,481
18,46,513
18,47,545
18,48,546
18,49,578
18,50,610
18,51,609
18,52,641
18,53,673
18,54,705
18,55,737
18,56,769
18,57,801
18,58,800
19,0,429
19,1,461
19,2,493
19,3,525
19,4,557
19,5,589
19,6,621
19,7,653
19,8,685
19,9,717
19,10,749
19,11,781
19,12,813
19,13,845
19,14,877
19,15,909
20,0,551
20,1,583
20,2,615
20,3,616
20,4,648
20,5,680
20,6,681
20,7,713
20,8,714
20,9,746
20,10,778
20,11,810
20,12,811
20,13,843
20,14,875
20,15,876
20,16,877
20,17,909
20,18,941
20,19,973
20,20,1005
21,0,309
21,1,308
21,2,340
21,3,341
21,4,373
21,5,405
21,6,406
21,7,438
21,8,439
21,9,471
21,10,503
21,11,535
21,12,567
22,0,578
22,1,546
22,2,545
22,3,513
22,4,481
22,5,449
22,6,417
22,7,385
22,8,353
22,9,321
22,10,320
22,11,288
22,12,256
22,13,224
22,14,225
22,15,193
22,16,161
22,17,162
22,18,130
22,19,131
22,20,132
22,21,133
22,22,134
22,23,135
22,24,136
22,25,104
22,26,105
22,27,73
22,28,74
23,0,777
23,1,809
23,2,810
23,3,842
23,4,843
23,5,875
23,6,907
23,7,939
23,8,940
23,9,972
23,10,973
23,11,974
23,12,1006
23,13,1007
23,14,1008
23,15,1009
23,16,1010
23,17,1011
23,18,1012
23,19,1013
23,20,1014
23,21,982
23,22,983
23,23,951
23,24,952
23,25,920
23,26,921
23,27,889
23,28,857
23,29,858
23,30,826
23,31,794
23,32,762
23,33,730
23,34,698
23,35,666
23,36,665
23,37,664
23,38,632
23,39,600
23,40,568
24,0,479
24,1,478
24,2,477
24,3,476
24,4,444
24,5,412
24,6,380
24,7,381
24,8,382
24,9,350
24,10,318
24,11,319
24,12,287
24,13,255
24,14,223
24,15,191
24,16,159
24,17,127
24,18,95
24,19,94
24,20,93
24,21,61
24,22,60
24,23,92
25,0,660
25,1,628
25,2,627
25,3,595
25,4,594
25,5,562
25,6,561
25,7,560
25,8,559
25,9,558
25,10,557
25,11,556
25,12,555
25,13,554
25,14,553
25,15,552
25,16,551
25,17,519
25,18,487
25,19,486
25,20,485
25,21,484
25,22,483
25,23,451
25,24,419
25,25,387
25,26,355
25,27,323
25,28,322
25,29,290
25,30,291
26,0,680
26,1,648
26,2,616
26,3,584
26,4,552
26,5,520
26,6,519
26,7,487
26,8,486
26,9,454
26,10,422
26,11,421
26,12,420
26,13,388
26,14,356
26,15,324
27,0,274
27,1,306
27,2,338
27,3,339
27,4,340
27,5,341
27,6,373
27,7,374
27,8,375
28,0,874
28,1,842
28,2,810
28,3,811
28,4,812
28,5,813
28,6,781
28,7,782
28,8,783
28,9,784
28,10,785
28,11,786
28,12,787
28,13,788
28,14,820
28,15,821
28,16,822
28,17,823
28,18,855
28,19,887
28,20,888
28,21,889
28,22,921
28,23,953
28,24,985
28,25,986
28,26,987
28,27,988
29,0,601
29,1,569
29,2,570
29,3,538
29,4,506
29,5,474
29,6,473
29,7,472
29,8,471
29,9,439
29,10,407
29,11,375
29,12,343
29,13,342
29,14,341
29,15,309
29,16,277
29,17,245
30,0,571
30,1,570
30,2,569
30,3,568
30,4,567
30,5,566
30,6,565
30,7,564
30,8,596
30,9,595
30,10,627
30,11,626
30,12,625
30,13,657
30,14,689
30,15,721
30,16,720
30,17,719
30,18,751
30,19,750
30,20,749
30,21,748
30,22,780
30,23,779
30,24,778
30,25,777
30,26,809
31,0,996
31,1,997
31,2,998
31,3,999
31,4,1000
31,5,1001
31,6,969
31,7,970
31,8,971
31,9,939
31,10,940
31,11,941
31,12,909
31,13,877
31,14,878
31,15,879
31,16,847
31,17,848
31,18,849
31,19,817
31,20,818
31,21,786
31,22,754
31,23,722
31,24,723
31,25,691
31,26,692
31,27,660
31,28,661
31,29,629
31,30,597
31,31,565
31,32,566
31,33,567
31,34,568
31,35,536
31,36,504
31,37,505
31,38,473
31,39,441
31,40,409
31,41,410
31,42,378
31,43,346
31,44,347
31,45,315
31,46,283
31,47,251
31,48,219
31,49,187
31,50,155
31,51,154
32,0,134
32,1,166
32,2,165
32,3,197
32,4,229
32,5,228
32,6,260
32,7,292
33,0,197
33,1,165
33,2,164
33,3,163
33,4,195
33,5,227
33,6,259
33,7,291
33,8,323
33,9,324
33,10,356
33,11,388
33,12,420
33,13,421
33,14,422
33,15,454
33,16,486
33,17,487
33,18,519
33,19,551
33,20,552
33,21,584
33,22,616
33,23,648
33,24,680
33,25,712
33,26,744
33,27,776
33,28,808
33,29,809
33,30,841
33,31,842
33,32,843
33,33,844
33,34,845
33,35,877
33,36,878
33,37,910
33,38,911
33,39,943
33,40,944
33,41,976
33,42,977
33,43,978
34,0,484
34,1,485
34,2,453
34,3,421
34,4,420
34,5,388
34,6,356
34,7,324
34,8,323
34,9,322
34,10,290
34,11,289
34,12,257
34,13,225
34,14,193
34,15,161
34,16,129
34,17,130
34,18,98
34,19,99
34,20,67
34,21,68
34,22,36
34,23,4
34,24,5
34,25,6
34,26,38
34,27,39
34,28,40
34,29,8
34,30,9
34,31,10
34,32,11
34,33,12
34,34,44
34,35,76
34,36,108
34,37,140
34,38,141
34,39,142
34,40,174
34,41,175
34,42,176
34,43,177
34,44,145
34,45,146
34,46,147
34,47,148
34,48,149
34,49,150
34,50,118
34,51,119
34,52,120
34,53,121
34,54,153
34,55,154
34,56,155
34,57,156
34,58,157
34,59,158
34,60,159
34,61,191
34,62,223
35,0,46
35,1,78
35,2,110
35,3,142
35,4,174
35,5,206
35,6,207
35,7,208
35,8,209
35,9,241
35,10,273
35,11,274
35,12,306
35,13,307
35,14,308
35,15,309
35,16,341
35,17,342
35,18,343
35,19,344
35,20,345
35,21,346
35,22,378
35,23,410
35,24,442
35,25,474
35,26,475
35,27,507
35,28,539
35,29,571
36,0,403
36,1,402
36,2,370
36,3,369
36,4,368
36,5,367
36,6,335
36,7,334
36,8,333
37,0,965
37,1,966
37,2,967
37,3,968
37,4,969
37,5,970
37,6,938
37,7,939
37,8,940
37,9,941
37,10,942
37,11,943
37,12,944
37,13,945
38,0,645
38,1,646
38,2,614
38,3,615
38,4,616
38,5,584
38,6,585
38,7,553
38,8,554
38,9,522
38,10,490
38,11,458
38,12,459
38,13,460
38,14,428
38,15,396
38,16,364
38,17,332
38,18,331
38,19,299
38,20,298
38,21,266
38,22,234
38,23,233
38,24,201
39,0,400
39,1,401
39,2,433
39,3,465
39,4,497
39,5,529
39,6,561
39,7,560
39,8,559
39,9,558
39,10,590
39,11,622
39,12,621
39,13,653
40,0,623
40,1,655
40,2,687
40,3,688
40,4,689
40,5,721
40,6,753
40,7,754
40,8,755
40,9,787
40,10,819
40,11,820
40,12,821
40,13,822
40,14,854
40,15,855
40,16,887
40,17,919
40,18,951
40,19,952
40,20,984
41,0,405
41,1,437
41,2,436
41,3,468
41,4,467
41,5,466
41,6,498
41,7,497
41,8,529
41,9,528
41,10,527
41,11,559
41,12,558
41,13,590
41,14,589
41,15,588
41,16,587
41,17,586
41,18,618
41,19,617
41,20,616
41,21,615
41,22,614
41,23,613
41,24,581
41,25,580
42,0,285
42,1,284
42,2,283
42,3,315
42,4,347
42,5,379
42,6,378
42,7,377
42,8,376
42,9,408
42,10,407
42,11,439
42,12,438
42,13,437
42,14,436
42,15,468
42,16,467
42,17,466
42,18,498
42,19,497
42,20,496
42,21,528
42,22,527
42,23,526
42,24,525
42,25,557
42,26,556
42,27,555
42,28,554
42,29,553
42,30,552
42,31,551
42,32,519
43,0,345
43,1,377
43,2,409
43,3,408
43,4,407
43,5,439
43,6,438
43,7,437
43,8,469
43,9,501
43,10,533
43,11,565
43,12,597
43,13,596
43,14,628
43,15,660
43,16,692
43,17,691
43,18,723
43,19,755
43,20,787
43,21,788
43,22,820
44,0,864
44,1,865
44,2,866
44,3,867
44,4,868
44,5,836
44,6,837
44,7,805
44,8,806
44,9,807
44,10,808
44,11,809
44,12,810
44,13,811
44,14,812
44,15,813
44,16,814
44,17,815
44,18,783
44,19,784
44,20,785
44,21,786
44,22,754
44,23,722
44,24,690
44,25,658
44,26,626
44,27,627
44,28,628
44,29,596
44,30,597
44,31,598
44,32,599
44,33,567
44,34,535
44,35,503
44,36,471
44,37,439
44,38,407
44,39,375
44,40,343
44,41,311
44,42,312
45,0,784
45,1,816
45,2,817
45,3,849
45,4,881
45,5,882
45,6,883
45,7,884
45,8,885
45,9,886
45,10,887
45,11,855
45,12,823
46,0,753
46,1,785
46,2,817
46,3,816
46,4,815
47,0,540
47,1,539
47,2,571
47,3,603
47,4,635
47,5,667
47,6,699
47,7,731
47,8,763
47,9,795
47,10,794
47,11,793
47,12,792
47,13,791
47,14,823
47,15,855
47,16,854
47,17,886
47,18,885
47,19,884
47,20,916
47,21,915
47,22,914
47,23,913
47,24,881
47,25,880
47,26,879
47,27,878
47,28,877
47,29,845
47,30,844
47,31,843
47,32,842
47,33,841
47,34,809
47,35,777
47,36,745
47,37,713
47,38,712
47,39,680
47,40,679
47,41,678
47,42,677
47,43,645
47,44,613
47,45,612
47,46,580
47,47,548
47,48,547
47,49,515
48,0,765
48,1,766
48,2,767
48,3,799
48,4,831
48,5,830
48,6,829
48,7,861
48,8,893
48,9,892
48,10,924
48,11,956
48,12,955
48,13,954
48,14,953
48,15,985
48,16,984
48,17,983
48,18,982
48,19,1014
48,20,1013
48,21,1012
48,22,1011
48,23,1010
48,24,1009
48,25,977
48,26,945
48,27,913
48,28,912
48,29,911
48,30,910
48,31,942
48,32,974
48,33,1006
48,34,1005
48,35,1004
48,36,1003
48,37,1002
48,38,970
48,39,938
48,40,906
48,41,905
48,42,904
48,43,903
48,44,902
48,45,901
48,46,869
48,47,837
48,48,805
48,49,804
48,50,772
48,51,740
48,52,739
48,53,707
48,54,675
48,55,674
48,56,673
48,57,672
48,58,640
48,59,608
48,60,609
48,61,610
48,62,578
48,63,579
48,64,547
48,65,515
48,66,514
48,67,482
48,68,481
48,69,480
48,70,448
48,71,449
48,72,450
48,73,418
48,74,386
48,75,354
48,76,353
48,77,352
48,78,320
48,79,288
48,80,256
48,81,224
48,82,225
48,83,193
48,84,194
48,85,195
49,0,568
49,1,569
49,2,570
49,3,571
49,4,603
49,5,604
49,6,605
49,7,606
49,8,638
49,9,670
49,10,669
49,11,668
49,12,700
49,13,699
49,14,731
49,15,730
50,0,665
50,1,664
50,2,632
50,3,600
50,4,568
50,5,536
50,6,535
50,7,503
50,8,502
50,9,501
50,10,469
50,11,437
50,12,405
50,13,373
50,14,374
50,15,342
50,16,310
50,17,278
50,18,277
50,19,276
50,20,244
50,21,243
50,22,242
50,23,241
50,24,240
50,25,239
50,26,238
50,27,237
50,28,236
50,29,204
50,30,203
50,31,171
50,32,139
50,33,138
50,34,106
51,0,138
51,1,139
51,2,140
51,3,141
51,4,142
51,5,174
51,6,175
51,7,176
51,8,208
51,9,240
51,10,241
51,11,273
51,12,305
51,13,306
51,14,307
51,15,308
51,16,309
51,17,341
51,18,342
51,19,343
52,0,498
52,1,499
52,2,467
52,3,468
52,4,469
52,5,470
52,6,471
52,7,472
52,8,473
52,9,474
52,10,475
52,11,476
52,12,477
52,13,478
52,14,479
53,0,570
53,1,569
53,2,601
53,3,600
53,4,599
53,5,631
53,6,630
53,7,662
53,8,661
53,9,660
53,10,659
53,11,691
53,12,690
53,13,722
53,14,721
53,15,753
53,16,752
53,17,751
53,18,783
53,19,782
53,20,781
53,21,749
54,0,689
54,1,721
54,2,753
54,3,754
54,4,786
54,5,787
54,6,819
54,7,851
54,8,883
54,9,915
54,10,947
54,11,979
54,12,1011
55,0,419
55,1,418
55,2,417
55,3,385
55,4,353
55,5,321
55,6,322
55,7,290
55,8,291
55,9,292
55,10,260
55,11,261
55,12,229
55,13,230
55,14,231
55,15,199
55,16,200
55,17,168
56,0,643
56,1,675
56,2,707
56,3,708
56,4,709
56,5,710
56,6,711
56,7,712
56,8,713
56,9,714
56,10,715
56,11,716
56,12,717
56,13,685
56,14,686
56,15,654
56,16,622
56,17,590
56,18,558
56,19,559
56,20,560
56,21,561
56,22,529
56,23,497
56,24,465
56,25,466
56,26,434
56,27,435
56,28,436
56,29,437
56,30,438
56,31,439
56,32,407
56,33,408
56,34,376
56,35,377
56,36,378
56,37,379
56,38,380
56,39,381
56,40,382
57,0,946
57,1,945
57,2,944
57,3,943
57,4,942
57,5,974
57,6,973
57,7,972
57,8,971
57,9,970
57,10,1002
57,11,1001
57,12,1000
57,13,999
57,14,998
57,15,997
57,16,965
57,17,933
57,18,932
57,19,931
57,20,963
57,21,962
57,22,994
57,23,993
57,24,992
57,25,960
57,26,928
57,27,896
57,28,864
57,29,832
57,30,800
57,31,768
57,32,736
57,33,737
57,34,738
57,35,706
57,36,707
57,37,675
57,38,643
57,39,642
57,40,610
57,41,578
57,42,546
57,43,514
57,44,482
57,45,450
57,46,418
57,47,386
57,48,354
57,49,353
57,50,352
57,51,320
57,52,288
57,53,256
57,54,224
57,55,225
57,56,226
57,57,194
57,58,195
57,59,163
57,60,164
57,61,165
57,62,133
57,63,134
57,64,135
57,65,136
57,66,137
58,0,625
58,1,624
58,2,592
58,3,560
58,4,559
58,5,527
58,6,526
58,7,525
58,8,524
58,9,523
58,10,491
58,11,490
58,12,458
58,13,426
58,14,394
58,15,362
58,16,361
58,17,329
58,18,328
58,19,327
58,20,295
58,21,263
58,22,231
58,23,199
58,24,167
58,25,166
58,26,165
58,27,164
58,28,163
58,29,195
58,30,194
59,0,116
59,1,148
59,2,149
59,3,181
59,4,213
59,5,245
59,6,277
59,7,309
60,0,727
60,1,695
60,2,696
60,3,697
60,4,698
60,5,699
60,6,731
60,7,763
60,8,795
60,9,827
60,10,826
60,11,858
60,12,890
60,13,922
61,0,100
61,1,132
61,2,131
61,3,130
61,4,129
61,5,161
61,6,193
61,7,225
61,8,257
61,9,256
61,10,288
61,11,289
61,12,321
61,13,322
61,14,354
61,15,386
61,16,418
61,17,450
61,18,482
61,19,514
61,20,546
61,21,578
61,22,610
61,23,609
61,24,641
61,25,673
61,26,705
61,27,706
61,28,738
61,29,770
61,30,771
61,31,803
61,32,804
61,33,836
61,34,837
61,35,869
61,36,901
61,37,902
61,38,903
61,39,935
61,40,936
61,41,968
61,42,1000
61,43,1001
61,44,1002
61,45,1003
61,46,1004
61,47,1005
61,48,1006
61,49,1007
61,50,1008
61,51,1009
61,52,1010
61,53,1011
61,54,1012
61,55,1013
61,56,1014
61,57,982
61,58,983
61,59,984
61,60,1016
61,61,1017
61,62,1018
61,63,1019
61,64,987
62,0,982
62,1,983
62,2,951
62,3,952
62,4,984
62,5,985
62,6,986
62,7,987
62,8,988
62,9,1020
63,0,454
63,1,486
63,2,487
63,3,519
63,4,551
63,5,583
63,6,584
63,7,616
63,8,648
63,9,680
63,10,712
63,11,744
63,12,776
63,13,777
63,14,778
63,15,779
63,16,780
63,17,781
63,18,782
63,19,783
63,20,784
63,21,785
63,22,786
63,23,787
63,24,788
64,0,769
64,1,770
64,2,738
64,3,706
64,4,674
64,5,642
64,6,610
64,7,578
64,8,579
64,9,580
64,10,581
64,11,549
64,12,550
64,13,518
64,14,486
64,15,454
64,16,422
65,0,410
65,1,378
65,2,377
65,3,345
65,4,313
65,5,281
65,6,249
65,7,217
65,8,185
65,9,184
65,10,183
65,11,151
65,12,119
65,13,87
66,0,33
66,1,65
66,2,97
66,3,98
66,4,130
66,5,162
66,6,194
66,7,193
66,8,225
66,9,257
66,10,289
66,11,321
66,12,322
66,13,354
66,14,355
66,15,356
66,16,388
66,17,420
66,18,421
66,19,453
66,20,485
66,21,517
66,22,549
66,23,581
66,24,613
66,25,614
66,26,646
66,27,647
66,28,648
66,29,649
66,30,681
66,31,682
66,32,683
67,0,95
67,1,127
67,2,159
67,3,191
67,4,190
67,5,222
67,6,254
67,7,253
67,8,285
67,9,317
67,10,349
67,11,381
67,12,413
67,13,445
67,14,477
67,15,478
67,16,510
67,17,542
67,18,574
67,19,575
67,20,607
67,21,639
68,0,149
68,1,117
68,2,118
68,3,86
68,4,87
68,5,88
68,6,89
69,0,301
69,1,269
69,2,237
69,3,236
69,4,204
69,5,172
69,6,140
69,7,108
69,8,107
69,9,106
69,10,105
69,11,104
69,12,103
69,13,102
69,14,70
69,15,69
69,16,68
69,17,67
69,18,66
69,19,65
70,0,108
70,1,107
70,2,106
70,3,105
70,4,104
70,5,103
70,6,102
70,7,101
70,8,100
70,9,132
70,10,131
70,11,163
70,12,195
70,13,227
70,14,228
71,0,497
71,1,529
71,2,561
71,3,562
71,4,594
71,5,595
71,6,627
71,7,659
71,8,691
71,9,692
71,10,693
71,11,725
71,12,757
71,13,758
71,14,790
71,15,822
71,16,823
71,17,824
71,18,825
71,19,826
71,20,827
71,21,828
72,0,904
72,1,905
72,2,906
72,3,907
72,4,908
72,5,940
72,6,941
72,7,973
72,8,974
72,9,1006
72,10,1007
72,11,1008
73,0,614
73,1,646
73,2,678
73,3,710
73,4,742
73,5,743
73,6,744
73,7,745
73,8,746
73,9,778
73,10,779
73,11,780
73,12,781
73,13,782
73,14,814
73,15,815
73,16,816
73,17,817
73,18,818
74,0,404
74,1,436
74,2,468
74,3,467
74,4,499
74,5,531
74,6,563
74,7,595
74,8,594
74,9,626
74,10,658
74,11,657
74,12,656
74,13,688
74,14,720
74,15,752
74,16,751
74,17,750
74,18,782
74,19,814
74,20,813
75,0,827
75,1,826
75,2,825
75,3,793
75,4,792
75,5,760
75,6,728
75,7,727
75,8,695
75,9,663
75,10,631
75,11,599
75,12,598
75,13,597
75,14,596
75,15,595
75,16,563
75,17,562
75,18,561
75,19,529
75,20,528
75,21,527
75,22,526
75,23,525
75,24,493
75,25,461
76,0,778
76,1,779
76,2,747
76,3,748
76,4,749
76,5,750
76,6,751
76,7,719
76,8,720
76,9,721
76,10,722
76,11,723
76,12,724
76,13,725
76,14,693
76,15,694
76,16,695
76,17,663
76,18,631
76,19,599
76,20,600
76,21,601
76,22,569
76,23,537
76,24,505
76,25,473
76,26,441
76,27,409
76,28,410
76,29,378
76,30,379
76,31,347
76,32,315
76,33,283
76,34,251
76,35,219
76,36,187
76,37,155
76,38,123
76,39,91
76,40,92
76,41,60
76,42,61
77,0,113
77,1,112
77,2,144
77,3,176
77,4,208
77,5,207
77,6,239
77,7,238
77,8,237
77,9,236
77,10,235
77,11,234
77,12,233
77,13,265
77,14,297
77,15,329
77,16,328
77,17,327
77,18,326
77,19,358
77,20,357
77,21,356
77,22,355
77,23,387
77,24,419
77,25,418
77,26,417
77,27,449
77,28,448
77,29,480
77,30,481
78,0,9
78,1,41
78,2,42
78,3,74
78,4,106
78,5,138
78,6,170
78,7,202
78,8,234
78,9,233
78,10,265
78,11,297
78,12,329
78,13,328
79,0,879
79,1,847
79,2,815
79,3,816
79,4,817
79,5,785
79,6,753
79,7,754
79,8,722
80,0,230
80,1,231
80,2,199
80,3,167
80,4,135
80,5,103
80,6,104
80,7,105
80,8,73
80,9,74
80,10,75
80,11,76
80,12,44
80,13,12
80,14,13
80,15,14
80,16,15
80,17,16
80,18,48
80,19,80
80,20,81
80,21,113
80,22,114
80,23,115
80,24,147
80,25,148
80,26,116
80,27,117
80,28,118
80,29,119
80,30,120
80,31,121
80,32,153
80,33,154
80,34,186
80,35,187
80,36,188
80,37,189
80,38,221
80,39,253
80,40,285
80,41,284
81,0,408
81,1,440
81,2,439
81,3,438
81,4,470
81,5,502
81,6,534
81,7,533
81,8,565
81,9,597
81,10,629
81,11,628
81,12,660
81,13,659
81,14,691
81,15,690
81,16,689
81,17,721
81,18,753
81,19,752
81,20,751
81,21,783
81,22,815
81,23,814
82,0,524
82,1,525
82,2,526
82,3,527
82,4,528
82,5,529
82,6,497
82,7,498
82,8,499
82,9,531
82,10,532
82,11,533
82,12,534
82,13,535
82,14,536
82,15,537
83,0,58
83,1,59
83,2,60
83,3,61
83,4,62
83,5,94
83,6,126
83,7,127
83,8,159
83,9,158
83,10,190
83,11,222
83,12,254
83,13,286
83,14,285
83,15,284
83,16,316
83,17,315
83,18,347
83,19,346
83,20,345
83,21,344
83,22,312
83,23,280
84,0,269
84,1,301
84,2,302
84,3,334
84,4,335
84,5,336
84,6,368
84,7,400
84,8,432
84,9,464
84,10,465
84,11,497
84,12,529
84,13,561
84,14,562
84,15,594
84,16,626
84,17,625
85,0,453
85,1,454
85,2,422
85,3,423
85,4,424
85,5,392
85,6,393
85,7,361
85,8,329
85,9,330
85,10,331
85,11,332
85,12,333
85,13,301
85,14,302
85,15,303
85,16,304
85,17,305
85,18,306
85,19,307
85,20,308
86,0,52
86,1,84
86,2,116
86,3,148
86,4,147
86,5,179
86,6,178
86,7,177
86,8,176
86,9,175
86,10,174
86,11,173
86,12,141
86,13,140
86,14,108
86,15,76
86,16,75
86,17,74
86,18,42
86,19,10
86,20,9
86,21,8
86,22,40
86,23,39
86,24,38
86,25,6
86,26,5
86,27,4
86,28,3
86,29,35
86,30,34
86,31,33
86,32,32
86,33,64
86,34,96
86,35,97
86,36,129
86,37,161
86,38,193
86,39,225
86,40,224
86,41,256
86,42,288
86,43,320
86,44,352
86,45,353
86,46,354
86,47,386
86,48,418
86,49,417
86,50,449
86,51,448
86,52,480
86,53,481
86,54,482
86,55,483
86,56,515
86,57,547
86,58,579
86,59,578
86,60,610
86,61,642
86,62,643
86,63,675
86,64,707
86,65,706
86,66,738
86,67,737
86,68,736
86,69,768
86,70,769
86,71,801
86,72,800
86,73,832
86,74,864
86,75,896
86,76,897
86,77,898
86,78,930
86,79,962
86,80,994
86,81,993
86,82,992
86,83,960
87,0,287
87,1,319
87,2,351
87,3,350
87,4,382
87,5,414
87,6,413
87,7,412
87,8,444
87,9,476
87,10,475
87,11,507
87,12,539
87,13,571
87,14,603
87,15,602
87,16,601
87,17,633
87,18,632
87,19,631
87,20,630
87,21,629
87,22,661
87,23,660
87,24,692
87,25,691
87,26,690
87,27,689
87,28,657
87,29,656
87,30,624
87,31,592
88,0,823
88,1,822
88,2,790
88,3,758
88,4,757
88,5,725
88,6,693
88,7,692
89,0,430
89,1,398
89,2,399
89,3,400
89,4,401
89,5,402
89,6,403
89,7,435
89,8,436
89,9,437
89,10,469
89,11,470
89,12,471
89,13,472
89,14,473
89,15,474
89,16,475
89,17,476
89,18,444
89,19,412
89,20,413
89,21,414
89,22,382
89,23,350
89,24,318
89,25,286
89,26,254
89,27,222
89,28,221
89,29,220
89,30,219
90,0,34
90,1,35
90,2,36
90,3,37
90,4,38
90,5,39
90,6,40
90,7,41
90,8,42
90,9,43
90,10,44
90,11,45
90,12,46
90,13,47
90,14,48
90,15,80
90,16,112
90,17,113
90,18,114
90,19,115
90,20,116
90,21,117
90,22,118
90,23,119
90,24,120
90,25,121
90,26,153
90,27,154
90,28,155
90,29,156
90,30,157
90,31,158
90,32,126
91,0,968
91,1,969
91,2,970
91,3,938
91,4,939
91,5,907
91,6,908
91,7,909
91,8,910
91,9,878
91,10,879
91,11,847
91,12,848
91,13,816
91,14,784
91,15,752
91,16,753
91,17,721
91,18,722
91,19,690
91,20,691
91,21,659
91,22,660
91,23,628
91,24,629
91,25,597
91,26,565
91,27,533
91,28,534
91,29,502
91,30,470
91,31,438
91,32,406
91,33,374
91,34,342
91,35,341
91,36,309
91,37,277
91,38,245
91,39,213
91,40,212
91,41,211
91,42,179
91,43,178
91,44,177
92,0,422
92,1,454
92,2,453
92,3,485
92,4,517
92,5,549
92,6,548
92,7,547
92,8,579
92,9,578
92,10,610
92,11,642
92,12,674
93,0,836
93,1,837
93,2,838
93,3,806
93,4,807
93,5,775
93,6,776
93,7,777
93,8,778
93,9,746
93,10,714
93,11,682
93,12,683
93,13,684
93,14,652
93,15,653
93,16,621
93,17,622
93,18,590
93,19,558
93,20,526
93,21,527
93,22,528
93,23,496
93,24,497
93,25,498
93,26,499
93,27,467
93,28,468
93,29,469
93,30,470
93,31,471
93,32,472
93,33,440
93,34,408
93,35,409
93,36,377
93,37,345
93,38,313
93,39,281
93,40,249
93,41,217
93,42,185
93,43,153
93,44,121
94,0,942
94,1,941
94,2,909
94,3,877
94,4,845
94,5,813
94,6,781
94,7,780
94,8,748
94,9,716
94,10,684
94,11,652
94,12,620
94,13,621
94,14,589
94,15,557
94,16,525
94,17,493
94,18,461
94,19,460
94,20,428
94,21,396
94,22,364
94,23,332
94,24,331
94,25,330
94,26,329
94,27,328
94,28,327
94,29,295
94,30,263
94,31,231
94,32,230
94,33,229
94,34,197
94,35,165
94,36,133
94,37,132
94,38,131
94,39,130
95,0,206
95,1,207
95,2,208
95,3,209
95,4,210
95,5,211
95,6,212
95,7,213
95,8,214
95,9,215
95,10,183
95,11,184
95,12,185
95,13,186
95,14,187
95,15,155
95,16,123
95,17,91
95,18,92
95,19,93
95,20,94
95,21,95
96,0,989
96,1,988
96,2,956
96,3,924
96,4,923
96,5,891
96,6,859
96,7,827
96,8,795
96,9,794
96,10,762
96,11,730
96,12,698
96,13,697
96,14,665
96,15,633
96,16,601
96,17,569
96,18,537
96,19,538
96,20,506
96,21,505
96,22,473
96,23,441
96,24,409
97,0,382
97,1,414
97,2,413
97,3,445
97,4,444
97,5,476
97,6,508
97,7,540
97,8,541
97,9,542
97,10,574
97,11,606
97,12,638
97,13,639
97,14,671
97,15,670
97,16,669
97,17,668
97,18,700
97,19,732
97,20,731
98,0,506
98,1,538
98,2,539
98,3,540
98,4,541
98,5,542
98,6,574
98,7,606
98,8,607
98,9,639
98,10,671
98,11,670
98,12,669
98,13,668
98,14,700
98,15,732
98,16,733
98,17,765
98,18,766
98,19,767
98,20,799
98,21,831
98,22,830
98,23,862
98,24,861
98,25,893
98,26,894
98,27,895
98,28,927
98,29,959
98,30,958
98,31,990
98,32,1022
98,33,1021
98,34,1020
98,35,1019
98,36,987
98,37,986
99,0,73
99,1,74
99,2,106
99,3,138
99,4,170
99,5,202
99,6,234
99,7,235
99,8,267
99,9,299
99,10,331
99,11,363
99,12,364
99,13,396
99,14,428
99,15,460
99,16,492
99,17,524
99,18,523
100,0,327
100,1,328
100,2,329
100,3,297
100,4,298
100,5,266
100,6,234
100,7,235
100,8,203
100,9,171
100,10,139
100,11,107
100,12,75
100,13,74
100,14,42
101,0,460
101,1,428
101,2,396
101,3,364
101,4,363
101,5,331
101,6,299
101,7,267
101,8,235
101,9,203
101,10,202
101,11,201
101,12,200
101,13,199
101,14,167
101,15,166
101,16,165
101,17,164
101,18,163
101,19,162
101,20,161
102,0,926
102,1,894
102,2,862
102,3,830
102,4,798
102,5,766
102,6,734
102,7,733
102,8,701
102,9,669
102,10,637
102,11,605
102,12,573
102,13,541
102,14,542
102,15,510
102,16,511
102,17,479
102,18,447
103,0,288
103,1,289
103,2,290
103,3,291
103,4,259
103,5,260
103,6,261
103,7,229
103,8,197
103,9,165
103,10,133
103,11,101
103,12,69
103,13,37
103,14,5
104,0,892
104,1,891
104,2,890
104,3,889
104,4,888
104,5,887
104,6,886
104,7,885
104,8,884
104,9,916
104,10,915
104,11,947
105,0,483
105,1,484
105,2,485
105,3,486
105,4,518
105,5,550
105,6,551
105,7,552
105,8,553
105,9,554
105,10,555
105,11,556
105,12,524
105,13,525
105,14,493
105,15,494
105,16,462
105,17,463
105,18,464
105,19,465
105,20,466
105,21,467
105,22,435
105,23,436
105,24,404
105,25,405
105,26,406
105,27,374
105,28,342
105,29,310
105,30,278
105,31,246
105,32,214
106,0,537
106,1,538
106,2,539
106,3,507
106,4,475
106,5,443
106,6,444
106,7,412
106,8,380
106,9,348
106,10,316
106,11,284
106,12,252
106,13,253
106,14,254
106,15,222
106,16,190
106,17,158
107,0,978
107,1,946
107,2,914
107,3,882
107,4,850
107,5,849
107,6,848
107,7,847
107,8,815
107,9,814
107,10,782
107,11,781
107,12,749
107,13,717
107,14,685
107,15,684
107,16,683
107,17,651
107,18,650
107,19,649
107,20,617
107,21,585
107,22,553
107,23,552
107,24,551
107,25,550
107,26,549
107,27,548
107,28,547
107,29,546
107,30,545
107,31,513
107,32,481
107,33,449
107,34,417
107,35,385
108,0,409
108,1,408
108,2,407
108,3,406
108,4,405
108,5,404
108,6,403
108,7,402
108,8,401
108,9,369
109,0,642
109,1,643
109,2,675
109,3,707
109,4,739
109,5,771
109,6,803
109,7,835
109,8,836
109,9,837
109,10,838
109,11,839
109,12,840
109,13,872
109,14,873
109,15,874
109,16,875
109,17,876
109,18,877
109,19,878
109,20,879
109,21,880
109,22,881
109,23,849
109,24,850
109,25,851
109,26,852
109,27,884
109,28,885
109,29,886
109,30,887
109,31,919
109,32,920
109,33,921
109,34,922
109,35,923
109,36,924
109,37,925
109,38,926
109,39,927
110,0,984
110,1,952
110,2,920
110,3,888
110,4,856
110,5,824
110,6,792
110,7,760
110,8,728
110,9,727
110,10,695
110,11,663
110,12,662
110,13,630
110,14,629
110,15,597
110,16,565
111,0,755
111,1,754
111,2,786
111,3,818
111,4,850
111,5,882
111,6,914
111,7,946
111,8,978
111,9,1010
112,0,654
112,1,653
112,2,652
112,3,651
112,4,683
112,5,715
112,6,714
112,7,713
112,8,745
112,9,744
112,10,743
112,11,742
112,12,741
112,13,740
112,14,772
113,0,639
113,1,638
113,2,670
113,3,669
113,4,701
113,5,733
113,6,734
113,7,766
113,8,798
113,9,830
113,10,862
113,11,894
113,12,926
114,0,705
114,1,706
114,2,707
114,3,708
114,4,740
114,5,741
114,6,742
114,7,743
114,8,711
114,9,712
114,10,713
114,11,681
114,12,649
114,13,617
114,14,585
114,15,553
114,16,554
114,17,522
114,18,490
114,19,491
114,20,459
114,21,460
114,22,428
114,23,429
114,24,430
114,25,431
114,26,432
114,27,433
114,28,434
114,29,435
114,30,436
114,31,437
114,32,438
114,33,439
114,34,440
114,35,441
115,0,790
115,1,791
115,2,792
115,3,760
115,4,728
115,5,696
115,6,664
115,7,632
115,8,600
115,9,568
115,10,569
115,11,537
115,12,505
115,13,473
115,14,474
115,15,475
115,16,443
115,17,444
115,18,445
115,19,413
115,20,381
115,21,349
115,22,350
115,23,318
116,0,78
116,1,110
116,2,142
116,3,174
116,4,175
116,5,207
116,6,239
116,7,240
116,8,241
116,9,273
116,10,305
116,11,306
116,12,307
116,13,308
116,14,340
116,15,341
116,16,342
116,17,343
116,18,375
116,19,376
116,20,408
117,0,928
117,1,929
117,2,930
117,3,931
117,4,932
117,5,933
117,6,934
117,7,935
117,8,936
117,9,904
117,10,905
117,11,873
117,12,841
117,13,809
117,14,810
117,15,811
117,16,779
117,17,747
117,18,715
117,19,716
117,20,684
117,21,652
117,22,653
117,23,621
117,24,589
117,25,557
117,26,525
117,27,493
117,28,461
117,29,429
117,30,430
117,31,398
117,32,366
117,33,334
118,0,434
118,1,433
118,2,465
118,3,464
118,4,463
118,5,462
118,6,494
118,7,526
118,8,525
118,9,524
118,10,523
118,11,555
118,12,587
118,13,586
118,14,618
118,15,650
118,16,682
118,17,714
118,18,746
118,19,778
118,20,810
118,21,842
118,22,874
118,23,906
118,24,938
119,0,220
119,1,221
119,2,222
119,3,223
119,4,255
119,5,287
119,6,319
119,7,351
119,8,350
119,9,382
119,10,381
119,11,413
119,12,445
119,13,477
119,14,476
119,15,508
119,16,540
119,17,539
119,18,538
119,19,570
119,20,571
119,21,603
119,22,635
119,23,667
119,24,666
119,25,665
119,26,664
119,27,663
119,28,662
119,29,661
119,30,660
119,31,659
119,32,691
119,33,690
119,34,689
119,35,688
119,36,687
119,37,686
120,0,133
120,1,132
120,2,164
120,3,163
121,0,135
121,1,167
121,2,199
121,3,231
121,4,263
121,5,264
121,6,265
121,7,297
121,8,329
121,9,361
121,10,393
121,11,394
121,12,426
121,13,458
121,14,490
121,15,522
121,16,554
121,17,586
121,18,618
121,19,650
121,20,649
121,21,648
121,22,647
121,23,646
121,24,678
121,25,677
121,26,709
121,27,708
121,28,740
121,29,739
121,30,738
121,31,737
121,32,736
121,33,768
121,34,800
121,35,832
121,36,864
121,37,896
121,38,897
121,39,929
121,40,961
121,41,962
121,42,963
122,0,515
122,1,516
122,2,548
122,3,580
122,4,612
122,5,613
122,6,645
122,7,677
122,8,678
122,9,710
122,10,711
122,11,743
122,12,775
122,13,807
122,14,839
122,15,840
122,16,872
122,17,873
122,18,874
122,19,875
122,20,876
122,21,908
122,22,909
122,23,910
122,24,911
122,25,912
122,26,913
122,27,881
122,28,882
122,29,883
122,30,884
122,31,885
122,32,886
122,33,887
122,34,888
122,35,889
122,36,890
122,37,858
122,38,859
122,39,827
122,40,828
122,41,796
122,42,797
122,43,765
122,44,733
122,45,701
122,46,669
122,47,637
122,48,605
122,49,604
122,50,603
122,51,571
122,52,539
123,0,187
123,1,219
123,2,251
123,3,252
123,4,284
123,5,316
123,6,348
123,7,380
123,8,412
123,9,444
123,10,443
123,11,442
123,12,474
123,13,473
123,14,472
123,15,504
123,16,536
123,17,568
123,18,600
123,19,632
123,20,664
123,21,696
123,22,728
123,23,760
123,24,792
123,25,791
124,0,736
124,1,737
124,2,738
124,3,739
124,4,740
124,5,741
124,6,742
124,7,743
124,8,744
124,9,745
124,10,746
124,11,747
125,0,747
125,1,715
125,2,683
125,3,651
125,4,619
125,5,620
125,6,588
125,7,556
125,8,557
125,9,525
125,10,493
125,11,461
125,12,462
125,13,430
125,14,431
125,15,399
125,16,367
125,17,335
125,18,303
125,19,304
125,20,272
125,21,240
125,22,208
126,0,754
126,1,722
126,2,690
126,3,691
126,4,692
126,5,660
126,6,628
126,7,629
126,8,630
126,9,598
126,10,566
126,11,534
126,12,502
126,13,503
126,14,504
127,0,1003
127,1,971
127,2,939
127,3,907
127,4,906
127,5,905
127,6,904
127,7,903
127,8,935
127,9,934
127,10,933
127,11,901
127,12,900
127,13,868
127,14,867
127,15,835
127,16,803
127,17,802
127,18,770
127,19,738
127,20,706
127,21,674
127,22,673
127,23,672
127,24,640
127,25,608
127,26,609
127,27,610
127,28,578
127,29,579
127,30,547
127,31,515
127,32,483
127,33,451
127,34,419
127,35,387
127,36,386
127,37,385
127,38,353
127,39,321
127,40,289
127,41,288
127,42,256
127,43,257
127,44,225
127,45,226
127,46,227
127,47,195
127,48,163
127,49,131
127,50,132
127,51,133
127,52,134
127,53,135
127,54,136
127,55,137
127,56,138
127,57,139
127,58,140
127,59,141
127,60,173
127,61,174
127,62,175
128,0,783
128,1,815
128,2,847
128,3,848
128,4,849
128,5,881
128,6,913
128,7,914
128,8,915
128,9,916
128,10,948
128,11,949
128,12,981
128,13,982
128,14,983
128,15,951
128,16,952
128,17,953
128,18,921
128,19,922
128,20,890
128,21,858
128,22,826
128,23,794
128,24,795
128,25,763
128,26,731
128,27,699
128,28,698
128,29,666
128,30,667
128,31,668
128,32,669
128,33,670
128,34,638
128,35,639
128,36,607
128,37,575
128,38,574
128,39,542
128,40,510
129,0,981
129,1,949
129,2,948
129,3,916
129,4,884
129,5,885
129,6,886
129,7,854
130,0,715
130,1,683
130,2,651
130,3,619
130,4,587
130,5,588
130,6,556
130,7,557
130,8,525
130,9,526
130,10,494
130,11,462
130,12,463
130,13,464
130,14,465
130,15,466
130,16,434
130,17,402
130,18,370
130,19,371
130,20,339
130,21,307
130,22,308
130,23,276
130,24,277
130,25,278
130,26,246
130,27,214
130,28,215
130,29,183
131,0,385
131,1,386
131,2,354
131,3,322
131,4,323
131,5,324
131,6,325
131,7,293
131,8,294
131,9,295
131,10,263
131,11,264
131,12,265
131,13,266
131,14,267
131,15,235
131,16,236
131,17,237
131,18,269
131,19,301
131,20,302
131,21,303
131,22,335
131,23,336
131,24,368
131,25,369
131,26,401
131,27,433
132,0,255
132,1,223
132,2,222
132,3,221
132,4,220
132,5,188
132,6,187
132,7,186
132,8,185
132,9,184
132,10,183
132,11,151
132,12,150
132,13,149
132,14,117
132,15,116
132,16,115
132,17,147
132,18,146
132,19,145
132,20,144
132,21,176
132,22,175
132,23,207
132,24,206
132,25,174
132,26,142
132,27,110
132,28,109
132,29,108
132,30,107
132,31,106
132,32,105
132,33,104
132,34,103
132,35,102
132,36,70
132,37,69
132,38,68
132,39,67
132,40,66
132,41,98
132,42,97
132,43,129
132,44,161
132,45,193
132,46,225
132,47,224
132,48,256
132,49,257
132,50,289
132,51,290
132,52,322
132,53,354
132,54,386
132,55,418
132,56,450
132,57,482
132,58,514
132,59,513
132,60,545
132,61,544
133,0,459
133,1,460
133,2,461
133,3,429
133,4,430
133,5,431
133,6,432
133,7,433
133,8,434
133,9,435
133,10,436
133,11,437
133,12,438
133,13,406
133,14,407
133,15,408
133,16,376
133,17,377
133,18,345
133,19,313
133,20,281
133,21,249
133,22,250
133,23,218
133,24,219
133,25,220
133,26,188
133,27,156
133,28,124
133,29,92
133,30,60
133,31,28
133,32,29
133,33,30
133,34,31
134,0,162
134,1,194
134,2,226
135,0,471
135,1,503
135,2,502
135,3,534
135,4,533
135,5,532
135,6,564
135,7,563
135,8,562
135,9,594
135,10,626
135,11,625
135,12,624
135,13,623
135,14,655
135,15,654
135,16,653
135,17,685
135,18,684
135,19,716
135,20,748
135,21,747
135,22,779
135,23,811
135,24,843
135,25,842
135,26,841
135,27,840
135,28,839
135,29,838
135,30,837
135,31,836
135,32,835
135,33,834
135,34,802
135,35,770
135,36,769
136,0,325
136,1,357
136,2,356
136,3,355
136,4,387
136,5,419
136,6,451
136,7,450
136,8,449
136,9,481
136,10,513
137,0,948
137,1,916
137,2,915
137,3,883
137,4,882
137,5,881
137,6,880
137,7,879
137,8,847
137,9,815
137,10,814
137,11,782
137,12,781
137,13,749
137,14,748
137,15,747
137,16,715
137,17,714
137,18,682
137,19,650
137,20,618
137,21,586
137,22,554
137,23,522
137,24,490
137,25,489
137,26,457
137,27,458
137,28,426
137,29,394
137,30,362
137,31,330
137,32,298
137,33,297
137,34,265
137,35,264
137,36,263
138,0,688
138,1,687
138,2,686
138,3,685
138,4,717
139,0,118
139,1,119
139,2,120
139,3,121
139,4,122
139,5,154
139,6,155
139,7,156
139,8,157
139,9,189
139,10,190
139,11,191
139,12,223
139,13,255
139,14,254
139,15,286
139,16,318
139,17,350
139,18,382
139,19,414
139,20,413
139,21,445
139,22,477
139,23,509
139,24,510
139,25,542
139,26,574
139,27,606
139,28,638
139,29,637
139,30,669
139,31,701
139,32,700
139,33,732
139,34,731
139,35,730
139,36,762
139,37,794
139,38,826
139,39,858
139,40,890
139,41,922
139,42,954
139,43,986
139,44,1018
140,0,626
140,1,627
140,2,659
140,3,660
140,4,661
140,5,662
140,6,630
140,7,631
140,8,599
140,9,567
140,10,535
140,11,536
141,0,318
141,1,350
141,2,349
141,3,381
141,4,380
141,5,412
141,6,444
141,7,476
141,8,508
141,9,540
141,10,539
141,11,538
141,12,570
141,13,602
141,14,601
141,15,633
141,16,632
141,17,631
141,18,630
142,0,377
142,1,409
142,2,408
142,3,440
142,4,439
142,5,471
142,6,470
142,7,502
142,8,534
142,9,533
142,10,532
142,11,531
142,12,563
142,13,562
142,14,561
142,15,560
142,16,559
142,17,558
142,18,590
142,19,622
142,20,654
143,0,837
143,1,869
143,2,870
143,3,902
143,4,934
143,5,966
143,6,967
143,7,999
144,0,803
144,1,771
144,2,772
144,3,740
144,4,708
144,5,709
144,6,710
144,7,711
144,8,712
144,9,680
144,10,681
144,11,682
144,12,683
144,13,684
144,14,685
144,15,653
144,16,621
144,17,589
144,18,557
144,19,558
144,20,526
144,21,527
144,22,528
144,23,529
144,24,497
144,25,498
144,26,466
144,27,434
144,28,402
144,29,370
144,30,338
145,0,711
145,1,679
145,2,647
145,3,615
145,4,583
145,5,584
145,6,585
145,7,586
145,8,587
145,9,555
145,10,523
145,11,491
145,12,492
145,13,460
145,14,428
145,15,396
145,16,364
145,17,332
145,18,331
145,19,299
145,20,267
145,21,266
145,22,234
145,23,233
145,24,201
145,25,200
145,26,168
145,27,167
145,28,166
145,29,134
145,30,133
145,31,132
145,32,131
145,33,130
145,34,129
146,0,335
146,1,334
146,2,333
146,3,332
146,4,331
146,5,299
146,6,267
147,0,548
147,1,580
147,2,581
147,3,613
147,4,614
147,5,615
147,6,647
147,7,648
147,8,649
147,9,650
147,10,651
147,11,652
147,12,620
147,13,621
147,14,622
147,15,623
147,16,624
147,17,625
147,18,657
147,19,658
147,20,659
147,21,660
148,0,315
148,1,347
148,2,379
148,3,380
148,4,412
148,5,444
148,6,476
148,7,508
148,8,540
148,9,541
148,10,573
148,11,605
148,12,604
148,13,603
148,14,635
148,15,667
148,16,668
148,17,700
148,18,732
148,19,733
148,20,734
148,21,735
148,22,767
148,23,799
148,24,831
148,25,830
148,26,862
148,27,861
148,28,893
148,29,892
148,30,924
148,31,923
148,32,955
148,33,954
148,34,986
148,35,985
148,36,984
148,37,983
148,38,982
148,39,981
148,40,1013
148,41,1012
148,42,1011
148,43,1010
148,44,1009
148,45,1008
148,46,1007
148,47,1006
148,48,974
148,49,973
148,50,972
148,51,971
148,52,970
148,53,938
148,54,906
148,55,874
148,56,842
148,57,841
148,58,809
148,59,808
148,60,776
148,61,744
149,0,719
149,1,751
149,2,750
149,3,782
149,4,814
149,5,813
149,6,845
149,7,844
149,8,876
149,9,875
149,10,874
149,11,906
149,12,905
149,13,904
149,14,936
149,15,935
149,16,967
150,0,69
150,1,70
150,2,38
150,3,39
150,4,40
150,5,41
150,6,42
150,7,43
150,8,44
150,9,76
150,10,108
150,11,140
150,12,172
150,13,173
150,14,205
151,0,856
151,1,857
151,2,889
151,3,890
151,4,922
151,5,923
151,6,924
151,7,925
151,8,957
151,9,989
151,10,990
151,11,991
152,0,475
152,1,443
152,2,444
152,3,412
152,4,413
152,5,381
152,6,349
152,7,317
152,8,285
152,9,286
152,10,287
152,11,255
153,0,944
153,1,976
153,2,977
153,3,978
153,4,946
153,5,914
153,6,915
153,7,883
153,8,851
153,9,819
153,10,787
153,11,755
153,12,723
153,13,724
153,14,692
153,15,693
153,16,694
153,17,662
154,0,721
154,1,689
154,2,657
154,3,658
154,4,659
154,5,627
154,6,628
154,7,596
154,8,564
154,9,565
154,10,566
154,11,534
154,12,502
154,13,470
154,14,438
154,15,406
154,16,374
154,17,342
154,18,310
154,19,278
154,20,246
154,21,214
154,22,215
154,23,183
154,24,151
154,25,119
154,26,87
154,27,55
154,28,56
154,29,24
154,30,25
155,0,699
155,1,698
155,2,730
155,3,762
155,4,794
155,5,826
155,6,825
155,7,824
155,8,856
155,9,888
155,10,920
155,11,952
155,12,951
155,13,983
155,14,982
155,15,981
155,16,980
155,17,948
155,18,947
155,19,946
155,20,914
155,21,913
155,22,881
155,23,880
155,24,879
155,25,878
155,26,877
155,27,876
155,28,875
155,29,874
155,30,842
155,31,841
155,32,840
155,33,839
155,34,838
156,0,402
156,1,434
156,2,433
156,3,465
156,4,497
156,5,529
156,6,528
156,7,560
156,8,592
156,9,624
156,10,656
156,11,688
156,12,720
156,13,752
156,14,784
156,15,816
156,16,848
156,17,880
156,18,912
156,19,944
156,20,976
157,0,961
157,1,962
157,2,963
157,3,931
157,4,932
157,5,933
157,6,934
157,7,935
157,8,936
157,9,904
157,10,872
157,11,873
157,12,874
157,13,842
157,14,810
157,15,811
157,16,812
157,17,780
157,18,781
157,19,749
157,20,750
157,21,751
157,22,719
158,0,165
158,1,197
158,2,229
158,3,228
158,4,260
159,0,160
159,1,161
159,2,162
159,3,194
159,4,195
159,5,227
159,6,228
159,7,229
159,8,230
159,9,231
159,10,263
159,11,264
159,12,265
159,13,266
159,14,267
159,15,235
159,16,236
159,17,237
159,18,238
159,19,239
159,20,240
159,21,208
159,22,176
159,23,144
159,24,112
159,25,80
159,26,81
160,0,813
160,1,845
160,2,844
160,3,843
160,4,875
160,5,907
160,6,939
160,7,938
160,8,970
160,9,1002
160,10,1001
161,0,200
161,1,201
161,2,233
161,3,265
161,4,297
161,5,329
161,6,361
161,7,393
161,8,392
162,0,633
162,1,632
162,2,600
162,3,601
162,4,569
162,5,570
162,6,538
162,7,506
162,8,474
162,9,442
162,10,410
162,11,409
162,12,377
162,13,376
162,14,344
162,15,312
162,16,280
162,17,279
162,18,278
162,19,246
162,20,245
162,21,213
162,22,181
162,23,149
162,24,148
162,25,147
162,26,146
162,27,114
162,28,113
162,29,81
162,30,80
162,31,48
162,32,47
162,33,15
162,34,14
162,35,13
162,36,12
162,37,11
162,38,43
162,39,75
162,40,74
162,41,73
162,42,105
162,43,104
162,44,103
162,45,135
162,46,167
162,47,199
162,48,231
162,49,263
162,50,295
163,0,375
163,1,374
163,2,373
163,3,405
163,4,437
163,5,469
163,6,501
163,7,533
163,8,565
163,9,564
163,10,596
163,11,628
163,12,660
163,13,659
163,14,658
163,15,657
163,16,689
163,17,688
163,18,687
163,19,686
163,20,685
164,0,208
164,1,207
164,2,239
164,3,238
164,4,206
164,5,205
164,6,204
164,7,203
164,8,202
164,9,201
164,10,200
164,11,199
164,12,231
164,13,230
164,14,229
165,0,888
165,1,856
165,2,855
165,3,854
165,4,822
165,5,821
165,6,820
165,7,788
165,8,787
165,9,786
165,10,785
165,11,784
165,12,783
165,13,782
165,14,750
165,15,749
165,16,748
165,17,747
165,18,746
165,19,745
165,20,744
165,21,743
166,0,504
166,1,536
166,2,568
166,3,600
166,4,601
166,5,633
166,6,665
166,7,666
166,8,698
166,9,730
166,10,731
166,11,763
166,12,795
166,13,827
166,14,826
166,15,858
166,16,857
166,17,856
166,18,888
166,19,920
166,20,952
167,0,8
167,1,40
167,2,39
167,3,38
167,4,37
167,5,36
167,6,35
167,7,34
167,8,66
167,9,98
167,10,130
167,11,162
167,12,194
167,13,226
167,14,225
167,15,224
167,16,256
167,17,288
167,18,320
167,19,352
167,20,353
167,21,385
167,22,417
167,23,449
167,24,481
167,25,482
167,26,514
167,27,546
167,28,578
167,29,610
167,30,642
167,31,643
167,32,675
167,33,707
167,34,739
167,35,771
167,36,803
167,37,804
167,38,805
167,39,837
167,40,869
167,41,901
167,42,933
167,43,965
167,44,966
167,45,967
167,46,968
167,47,969
167,48,970
167,49,971
167,50,972
167,51,940
167,52,941
167,53,909
167,54,910
167,55,911
167,56,912
167,57,913
167,58,945
167,59,946
168,0,887
168,1,888
168,2,889
168,3,890
168,4,891
168,5,892
168,6,893
168,7,861
168,8,829
168,9,797
168,10,765
168,11,733
168,12,732
168,13,700
168,14,668
168,15,669
168,16,670
168,17,638
168,18,606
169,0,870
169,1,838
169,2,806
169,3,807
169,4,808
169,5,809
169,6,777
169,7,778
169,8,746
169,9,747
169,10,748
169,11,749
169,12,750
169,13,751
169,14,719
169,15,687
169,16,655
169,17,623
169,18,624
169,19,592
169,20,560
169,21,528
169,22,496
169,23,497
169,24,498
169,25,466
169,26,467
169,27,468
170,0,176
170,1,208
170,2,240
170,3,272
170,4,304
170,5,303
170,6,335
170,7,367
170,8,399
170,9,398
170,10,430
170,11,429
170,12,461
170,13,493
170,14,525
170,15,557
170,16,589
170,17,621
170,18,653
170,19,652
170,20,684
170,21,716
170,22,748
170,23,780
170,24,812
170,25,811
170,26,810
170,27,809
170,28,808
170,29,807
170,30,806
170,31,838
170,32,870
170,33,869
170,34,868
170,35,867
170,36,866
170,37,898
170,38,897
170,39,896
170,40,928
171,0,205
171,1,204
171,2,236
171,3,235
171,4,234
171,5,266
171,6,298
171,7,330
171,8,362
171,9,394
171,10,426
171,11,458
171,12,457
171,13,489
171,14,521
171,15,520
171,16,552
171,17,584
171,18,616
171,19,615
171,20,647
171,21,679
171,22,678
171,23,677
171,24,709
171,25,741
171,26,740
171,27,772
171,28,771
171,29,803
171,30,835
172,0,304
172,1,303
172,2,302
172,3,301
172,4,269
172,5,237
172,6,205
172,7,173
172,8,141
172,9,109
173,0,86
173,1,85
173,2,84
173,3,52
173,4,51
173,5,50
173,6,49
173,7,48
173,8,47
173,9,46
173,10,78
174,0,554
174,1,586
174,2,618
174,3,650
174,4,649
174,5,648
174,6,647
174,7,646
174,8,645
174,9,677
174,10,709
174,11,708
174,12,707
174,13,706
174,14,674
174,15,642
174,16,641
174,17,640
174,18,608
175,0,830
175,1,798
175,2,797
175,3,765
175,4,733
175,5,701
175,6,669
175,7,637
175,8,605
175,9,606
175,10,574
175,11,573
175,12,541
175,13,540
175,14,508
175,15,507
175,16,475
175,17,443
175,18,442
175,19,441
175,20,409
175,21,377
175,22,376
175,23,375
175,24,343
175,25,342
175,26,341
175,27,309
175,28,308
175,29,307
176,0,1006
176,1,1007
176,2,1008
176,3,976
176,4,944
176,5,912
176,6,880
176,7,848
176,8,816
176,9,784
176,10,752
176,11,720
176,12,688
176,13,656
176,14,624
176,15,592
176,16,560
176,17,528
176,18,496
176,19,464
176,20,432
176,21,400
176,22,368
176,23,336
176,24,304
176,25,272
176,26,240
176,27,208
176,28,176
176,29,144
176,30,112
176,31,80
176,32,48
176,33,16
176,34,15
177,0,655
177,1,654
177,2,622
177,3,621
177,4,620
177,5,588
177,6,587
177,7,555
177,8,523
177,9,491
178,0,466
178,1,498
178,2,497
178,3,496
178,4,528
178,5,527
178,6,559
178,7,558
178,8,557
178,9,589
178,10,621
178,11,653
178,12,685
178,13,717
178,14,749
178,15,781
178,16,813
178,17,845
178,18,877
178,19,909
178,20,941
179,0,311
179,1,310
179,2,342
179,3,341
179,4,340
179,5,339
179,6,371
179,7,370
179,8,369
179,9,368
179,10,400
179,11,432
179,12,431
179,13,463
179,14,462
179,15,461
179,16,460
179,17,459
179,18,491
179,19,490
179,20,489
179,21,521
179,22,520
179,23,519
179,24,518
179,25,517
179,26,516
180,0,89
180,1,88
180,2,87
180,3,119
180,4,151
180,5,150
180,6,149
180,7,181
180,8,213
180,9,212
180,10,211
180,11,210
180,12,209
180,13,208
180,14,207
180,15,206
180,16,205
180,17,204
180,18,203
180,19,202
180,20,201
180,21,200
180,22,199
180,23,231
180,24,230
181,0,93
181,1,94
181,2,126
181,3,127
181,4,159
181,5,158
181,6,157
181,7,189
181,8,221
181,9,253
181,10,285
181,11,317
181,12,349
181,13,381
181,14,413
181,15,445
181,16,477
181,17,478
181,18,510
181,19,542
181,20,574
181,21,606
181,22,607
182,0,762
182,1,794
182,2,793
182,3,825
182,4,824
182,5,823
182,6,822
182,7,821
182,8,820
182,9,819
182,10,818
182,11,817
182,12,816
182,13,815
182,14,783
182,15,782
182,16,750
183,0,364
183,1,396
183,2,428
183,3,460
183,4,492
183,5,493
183,6,494
184,0,450
184,1,451
184,2,419
184,3,420
184,4,421
184,5,422
184,6,423
184,7,424
184,8,392
184,9,393
184,10,394
184,11,362
184,12,363
184,13,364
184,14,332
184,15,333
184,16,334
184,17,335
184,18,336
184,19,304
184,20,305
184,21,306
184,22,338
184,23,339
184,24,340
184,25,308
184,26,309
184,27,277
184,28,245
184,29,213
184,30,181
184,31,149
184,32,117
184,33,85
184,34,86
184,35,54
185,0,907
185,1,875
185,2,876
185,3,877
185,4,878
185,5,879
185,6,880
185,7,848
185,8,849
185,9,817
185,10,818
185,11,786
185,12,754
185,13,722
185,14,690
185,15,691
185,16,659
185,17,627
185,18,595
185,19,563
186,0,136
186,1,137
186,2,105
186,3,106
186,4,74
186,5,42
186,6,10
186,7,11
186,8,12
186,9,13
186,10,45
186,11,46
186,12,47
186,13,48
186,14,49
186,15,50
186,16,51
186,17,52
186,18,84
186,19,85
186,20,86
186,21,54
186,22,22
187,0,1005
187,1,973
187,2,974
187,3,942
187,4,943
187,5,911
187,6,879
187,7,880
187,8,881
187,9,882
187,10,850
187,11,818
187,12,786
187,13,754
187,14,722
187,15,690
187,16,658
187,17,626
188,0,124
188,1,156
188,2,188
188,3,220
188,4,252
188,5,284
188,6,316
188,7,315
188,8,347
188,9,379
188,10,378
188,11,410
188,12,409
188,13,441
188,14,473
188,15,505
188,16,537
188,17,569
188,18,601
188,19,600
188,20,599
188,21,631
188,22,663
188,23,695
188,24,694
188,25,693
188,26,725
188,27,724
188,28,723
188,29,755
188,30,787
188,31,819
188,32,851
189,0,812
189,1,811
189,2,843
189,3,842
189,4,841
189,5,840
189,6,839
189,7,838
189,8,806
189,9,805
189,10,804
189,11,772
189,12,771
190,0,368
190,1,367
190,2,335
190,3,303
190,4,302
190,5,301
190,6,269
190,7,237
190,8,205
190,9,204
190,10,203
190,11,202
190,12,201
190,13,200
190,14,168
190,15,167
191,0,167
191,1,199
191,2,200
191,3,201
191,4,202
191,5,203
191,6,171
191,7,172
191,8,173
191,9,174
191,10,175
191,11,176
191,12,177
191,13,145
191,14,146
191,15,147
191,16,148
191,17,149
191,18,150
191,19,151
191,20,183
191,21,184
191,22,185
191,23,186
191,24,187
192,0,444
192,1,476
192,2,508
192,3,540
192,4,539
192,5,571
192,6,603
192,7,635
192,8,667
192,9,699
192,10,731
192,11,763
192,12,762
192,13,794
192,14,826
192,15,858
192,16,857
192,17,889
192,18,921
192,19,953
192,20,952
192,21,984
192,22,983
192,23,982
192,24,1014
192,25,1013
192,26,1012
192,27,980
192,28,948
192,29,947
192,30,915
192,31,914
192,32,913
192,33,912
192,34,911
192,35,910
192,36,909
192,37,908
192,38,940
192,39,939
192,40,938
192,41,906
192,42,905
192,43,904
192,44,903
192,45,902
192,46,901
192,47,900
192,48,868
192,49,867
192,50,866
192,51,865
192,52,864
193,0,585
193,1,586
193,2,587
193,3,619
193,4,651
193,5,683
193,6,715
193,7,747
193,8,779
193,9,811
193,10,843
193,11,875
193,12,907
193,13,939
193,14,971
193,15,1003
194,0,156
194,1,155
194,2,154
194,3,153
194,4,185
194,5,217
194,6,249
194,7,281
194,8,280
194,9,279
194,10,311
194,11,343
194,12,342
194,13,374
194,14,373
194,15,405
194,16,437
194,17,436
195,0,241
195,1,209
195,2,177
195,3,178
195,4,179
195,5,147
195,6,115
195,7,116
195,8,84
195,9,85
195,10,86
195,11,87
195,12,88
196,0,555
196,1,587
196,2,619
196,3,620
196,4,652
196,5,653
196,6,654
196,7,655
196,8,687
196,9,688
196,10,689
196,11,690
196,12,691
196,13,692
196,14,724
197,0,310
197,1,342
197,2,374
197,3,406
197,4,438
197,5,470
197,6,502
197,7,501
197,8,533
197,9,532
197,10,531
197,11,563
197,12,595
197,13,594
197,14,626
197,15,625
197,16,624
197,17,623
197,18,622
197,19,654
197,20,653
197,21,685
197,22,717
197,23,749
197,24,781
197,25,780
197,26,812
197,27,844
197,28,876
197,29,908
197,30,940
197,31,972
198,0,474
198,1,473
198,2,472
198,3,471
198,4,470
198,5,469
198,6,468
198,7,467
198,8,466
198,9,465
198,10,433
198,11,401
198,12,369
198,13,368
198,14,367
198,15,335
198,16,334
198,17,333
198,18,332
198,19,364
198,20,363
198,21,362
198,22,361
198,23,393
199,0,988
199,1,989
199,2,957
199,3,958
199,4,926
199,5,925
199,6,893
199,7,861
199,8,829
199,9,797
199,10,765
199,11,733
199,12,701
199,13,700
199,14,699
199,15,698
199,16,697
199,17,696
199,18,695
199,19,694
199,20,662
199,21,630
199,22,598
199,23,597
199,24,565
199,25,564
199,26,532
199,27,531
199,28,499
199,29,467
199,30,435
199,31,403
199,32,371
199,33,339
199,34,307
199,35,306
199,36,274
199,37,273
199,38,272
199,39,240
199,40,239
199,41,238
199,42,206
199,43,174
199,44,173
200,0,641
200,1,642
200,2,674
200,3,706
200,4,705
200,5,737
200,6,769
200,7,801
200,8,802
200,9,803
200,10,804
200,11,805
200,12,806
200,13,807
200,14,808
200,15,776
200,16,777
200,17,745
200,18,746
200,19,747
200,20,715
200,21,716
200,22,717
200,23,685
200,24,686
200,25,687
200,26,655
200,27,656
200,28,624
200,29,625
200,30,626
200,31,627
200,32,628
200,33,629
200,34,630
200,35,631
200,36,632
201,0,567
201,1,566
201,2,598
201,3,597
201,4,596
201,5,595
201,6,627
201,7,626
201,8,625
201,9,657
201,10,656
201,11,688
201,12,720
201,13,719
201,14,751
201,15,750
201,16,749
201,17,748
201,18,747
201,19,779
201,20,811
201,21,810
201,22,809
201,23,808
201,24,840
201,25,872
201,26,904
201,27,936
201,28,968
201,29,1000
201,30,999
201,31,998
201,32,966
202,0,743
202,1,742
202,2,710
202,3,678
202,4,646
202,5,614
202,6,613
202,7,581
202,8,549
202,9,517
202,10,485
202,11,453
202,12,421
202,13,422
202,14,390
202,15,358
202,16,326
202,17,294
202,18,293
202,19,261
202,20,229
202,21,197
202,22,165
202,23,133
202,24,101
203,0,701
203,1,700
203,2,732
203,3,731
203,4,763
203,5,795
203,6,827
203,7,859
203,8,891
203,9,923
203,10,955
203,11,987
203,12,1019
203,13,1018
203,14,986
203,15,954
203,16,953
203,17,952
203,18,951
203,19,983
203,20,982
203,21,1014
203,22,1013
203,23,981
203,24,949
203,25,948
203,26,947
203,27,946
203,28,945
203,29,944
203,30,943
203,31,942
203,32,910
203,33,909
203,34,908
203,35,876
203,36,875
203,37,874
203,38,873
203,39,841
203,40,809
203,41,810
204,0,746
204,1,714
204,2,713
204,3,681
204,4,649
204,5,617
204,6,616
204,7,615
204,8,614
204,9,613
204,10,581
204,11,549
204,12,548
204,13,516
204,14,484
204,15,483
204,16,451
204,17,419
204,18,387
204,19,355
204,20,323
204,21,291
204,22,259
204,23,227
204,24,226
204,25,194
204,26,162
204,27,130
204,28,98
205,0,851
205,1,852
205,2,884
205,3,885
205,4,886
205,5,887
205,6,888
205,7,889
205,8,890
205,9,891
205,10,892
206,0,960
206,1,961
206,2,929
206,3,897
206,4,898
206,5,866
206,6,834
206,7,802
206,8,770
206,9,771
206,10,772
206,11,740
206,12,708
206,13,709
206,14,710
206,15,678
206,16,646
206,17,614
206,18,615
206,19,583
207,0,501
207,1,533
207,2,565
207,3,597
207,4,598
207,5,599
207,6,631
207,7,663
208,0,855
208,1,823
208,2,824
208,3,825
208,4,826
208,5,827
208,6,828
208,7,796
208,8,797
208,9,798
209,0,740
209,1,741
209,2,709
209,3,677
209,4,678
209,5,646
209,6,647
209,7,648
209,8,616
209,9,584
209,10,585
209,11,553
209,12,521
209,13,522
209,14,523
209,15,491
209,16,492
209,17,493
209,18,461
209,19,429
209,20,430
209,21,398
209,22,366
209,23,367
209,24,335
210,0,75
210,1,107
210,2,139
210,3,171
210,4,170
210,5,202
210,6,234
210,7,266
210,8,298
210,9,297
210,10,329
210,11,361
210,12,393
210,13,394
210,14,426
210,15,458
210,16,490
210,17,522
210,18,554
210,19,586
210,20,618
210,21,650
210,22,682
210,23,681
210,24,680
210,25,679
211,0,579
211,1,547
211,2,546
211,3,514
211,4,482
211,5,450
211,6,451
211,7,419
211,8,387
211,9,355
211,10,323
211,11,291
211,12,259
211,13,227
211,14,195
211,15,163
211,16,131
211,17,99
211,18,67
211,19,35
211,20,3
212,0,669
212,1,701
212,2,733
212,3,765
212,4,766
212,5,798
212,6,797
212,7,796
212,8,828
212,9,827
212,10,859
212,11,891
212,12,923
212,13,955
212,14,987
212,15,986
212,16,1018
212,17,1017
212,18,1016
212,19,984
212,20,983
212,21,982
212,22,981
212,23,980
212,24,948
212,25,947
212,26,946
212,27,945
212,28,913
212,29,912
212,30,911
212,31,910
212,32,942
212,33,941
212,34,973
212,35,972
212,36,1004
212,37,1003
212,38,1002
212,39,1001
212,40,1000
212,41,999
212,42,998
212,43,997
212,44,965
212,45,933
212,46,932
212,47,931
212,48,930
212,49,898
212,50,897
212,51,865
212,52,864
212,53,832
212,54,800
212,55,768
212,56,769
212,57,737
212,58,705
212,59,706
212,60,707
212,61,675
212,62,643
212,63,642
212,64,641
212,65,609
212,66,610
212,67,578
212,68,579
212,69,547
212,70,515
212,71,483
212,72,484
212,73,485
213,0,700
213,1,699
213,2,667
213,3,635
213,4,603
213,5,604
213,6,605
213,7,606
213,8,574
213,9,542
213,10,541
213,11,540
213,12,508
213,13,476
213,14,444
213,15,412
213,16,413
213,17,414
213,18,382
213,19,350
213,20,318
213,21,286
213,22,254
213,23,222
213,24,190
213,25,189
213,26,157
213,27,156
213,28,155
213,29,154
213,30,122
213,31,121
213,32,89
213,33,88
213,34,56
213,35,24
213,36,23
213,37,55
213,38,87
213,39,86
213,40,118
213,41,150
213,42,149
213,43,117
213,44,116
213,45,148
213,46,147
213,47,146
213,48,114
213,49,113
213,50,81
213,51,80
213,52,48
213,53,16
213,54,15
213,55,14
213,56,13
213,57,45
213,58,77
213,59,76
213,60,75
213,61,107
213,62,139
213,63,171
213,64,203
213,65,235
213,66,267
213,67,266
214,0,313
214,1,312
214,2,311
214,3,310
214,4,309
214,5,308
214,6,307
214,7,339
214,8,371
214,9,370
214,10,369
214,11,401
214,12,400
214,13,399
214,14,398
214,15,430
214,16,429
214,17,461
214,18,493
214,19,492
214,20,524
215,0,229
215,1,230
215,2,231
215,3,199
215,4,200
215,5,201
215,6,202
215,7,170
215,8,171
215,9,139
215,10,140
216,0,779
216,1,747
216,2,715
216,3,716
216,4,684
216,5,685
216,6,686
216,7,654
216,8,655
216,9,656
216,10,657
216,11,658
216,12,659
216,13,660
216,14,661
216,15,629
216,16,630
216,17,598
216,18,566
216,19,534
216,20,535
216,21,536
216,22,504
216,23,505
216,24,506
216,25,474
216,26,442
216,27,443
216,28,444
216,29,412
216,30,380
216,31,348
216,32,316
216,33,284
216,34,252
216,35,220
216,36,188
217,0,240
217,1,241
217,2,242
217,3,274
217,4,306
217,5,338
217,6,339
217,7,340
217,8,341
217,9,373
217,10,374
217,11,406
218,0,958
218,1,926
218,2,925
218,3,893
218,4,861
218,5,829
218,6,797
218,7,765
218,8,733
218,9,701
218,10,669
218,11,637
218,12,605
218,13,573
218,14,541
218,15,509
218,16,510
218,17,478
218,18,477
218,19,476
218,20,444
218,21,412
218,22,380
218,23,348
218,24,347
218,25,315
218,26,283
218,27,251
219,0,771
219,1,739
219,2,740
219,3,741
219,4,742
219,5,710
219,6,711
219,7,679
219,8,680
219,9,648
219,10,616
219,11,584
219,12,585
219,13,586
219,14,587
219,15,555
219,16,523
219,17,491
219,18,492
219,19,493
219,20,494
219,21,462
219,22,430
219,23,398
219,24,366
219,25,367
219,26,335
219,27,303
219,28,304
219,29,305
219,30,273
219,31,241
219,32,242
219,33,243
219,34,244
219,35,245
219,36,246
220,0,909
220,1,908
220,2,907
220,3,906
220,4,874
220,5,842
220,6,810
220,7,778
220,8,746
220,9,714
220,10,713
220,11,681
220,12,649
220,13,648
220,14,647
220,15,615
220,16,614
220,17,613
221,0,305
221,1,304
221,2,303
221,3,302
221,4,301
221,5,333
221,6,332
221,7,364
221,8,363
221,9,362
221,10,361
221,11,393
221,12,392
221,13,424
221,14,423
221,15,422
221,16,454
221,17,453
221,18,485
221,19,517
221,20,516
221,21,515
221,22,514
221,23,546
221,24,578
221,25,610
221,26,642
222,0,574
222,1,575
222,2,607
222,3,639
222,4,671
222,5,670
222,6,669
222,7,668
222,8,700
222,9,732
222,10,733
222,11,734
222,12,766
222,13,798
222,14,830
222,15,862
222,16,894
222,17,893
222,18,925
222,19,924
222,20,956
222,21,955
222,22,954
222,23,953
222,24,952
222,25,984
222,26,983
222,27,982
222,28,981
222,29,949
222,30,948
222,31,916
222,32,915
222,33,914
222,34,913
222,35,912
222,36,911
222,37,910
222,38,909
222,39,908
222,40,907
222,41,906
222,42,905
222,43,873
222,44,872
222,45,840
222,46,808
222,47,776
222,48,775
222,49,743
222,50,711
222,51,710
222,52,678
222,53,677
222,54,645
222,55,613
222,56,612
222,57,580
222,58,548
222,59,516
222,60,517
223,0,538
223,1,537
223,2,505
223,3,473
223,4,441
223,5,409
223,6,377
223,7,345
223,8,313
223,9,281
223,10,249
223,11,217
223,12,216
223,13,184
224,0,992
224,1,993
224,2,961
224,3,962
224,4,963
224,5,931
224,6,932
224,7,900
224,8,901
224,9,869
224,10,870
224,11,838
224,12,806
224,13,807
224,14,775
224,15,776
224,16,777
224,17,745
224,18,746
224,19,747
224,20,715
224,21,683
224,22,684
224,23,685
224,24,653
224,25,621
224,26,589
224,27,557
224,28,558
224,29,526
224,30,494
224,31,462
224,32,430
224,33,431
224,34,399
224,35,367
224,36,368
224,37,336
224,38,304
224,39,272
224,40,273
224,41,274
224,42,242
224,43,210
224,44,211
224,45,179
224,46,147
224,47,148
225,0,317
225,1,316
225,2,348
225,3,347
225,4,346
225,5,345
225,6,313
225,7,312
225,8,311
225,9,310
225,10,309
225,11,308
225,12,307
225,13,306
225,14,305
225,15,304
225,16,303
225,17,302
225,18,301
225,19,333
225,20,332
225,21,331
225,22,330
225,23,329
225,24,328
225,25,327
225,26,326
225,27,294
226,0,236
226,1,237
226,2,269
226,3,301
226,4,302
226,5,334
226,6,366
226,7,398
226,8,399
226,9,431
226,10,432
226,11,464
226,12,496
226,13,528
226,14,560
226,15,592
226,16,624
226,17,625
226,18,657
227,0,289
227,1,290
227,2,322
227,3,323
227,4,324
227,5,325
227,6,326
227,7,327
227,8,328
227,9,329
227,10,330
227,11,362
227,12,394
227,13,426
227,14,458
227,15,490
228,0,510
228,1,509
228,2,508
228,3,507
228,4,506
228,5,505
228,6,504
228,7,503
228,8,502
228,9,501
228,10,469
228,11,468
228,12,467
228,13,466
228,14,465
228,15,464
228,16,463
228,17,462
228,18,461
228,19,460
228,20,459
229,0,629
229,1,597
229,2,565
229,3,533
229,4,501
229,5,502
229,6,470
229,7,471
229,8,439
229,9,407
229,10,408
229,11,376
229,12,344
229,13,345
230,0,417
230,1,418
230,2,450
230,3,451
230,4,483
230,5,515
230,6,516
230,7,517
230,8,518
230,9,519
230,10,520
230,11,552
230,12,584
230,13,585
230,14,617
230,15,649
230,16,681
230,17,682
230,18,714
230,19,715
230,20,716
230,21,717
230,22,749
230,23,750
230,24,782
230,25,783
230,26,815
230,27,847
230,28,848
230,29,880
230,30,912
230,31,944
231,0,110
231,1,142
231,2,174
231,3,206
231,4,207
231,5,239
231,6,240
231,7,272
231,8,273
231,9,274
231,10,306
231,11,338
231,12,339
231,13,371
231,14,403
231,15,402
231,16,434
231,17,466
231,18,498
231,19,499
231,20,531
231,21,532
231,22,564
231,23,565
231,24,566
231,25,567
231,26,599
231,27,631
231,28,663
231,29,695
232,0,940
232,1,941
232,2,942
232,3,910
232,4,878
232,5,879
232,6,847
232,7,815
232,8,816
232,9,784
232,10,752
232,11,720
232,12,721
232,13,689
232,14,657
232,15,625
232,16,626
232,17,594
232,18,595
232,19,596
232,20,597
232,21,598
232,22,566
232,23,534
232,24,535
232,25,503
232,26,504
232,27,505
232,28,506
232,29,507
232,30,508
232,31,509
232,32,510
232,33,511
233,0,132
233,1,164
233,2,165
233,3,166
233,4,167
233,5,135
233,6,136
233,7,137
233,8,138
233,9,170
233,10,171
233,11,172
233,12,204
233,13,236
233,14,237
233,15,269
233,16,301
233,17,302
233,18,334
233,19,366
233,20,367
233,21,399
233,22,400
233,23,401
233,24,402
233,25,434
234,0,842
234,1,843
234,2,844
234,3,812
234,4,780
234,5,748
234,6,716
234,7,684
234,8,652
234,9,620
234,10,588
234,11,556
234,12,557
234,13,558
234,14,526
234,15,494
234,16,462
234,17,463
234,18,431
234,19,432
234,20,433
234,21,434
234,22,435
234,23,436
234,24,437
234,25,438
235,0,927
235,1,959
235,2,958
235,3,957
235,4,956
235,5,955
235,6,954
235,7,922
235,8,921
235,9,920
235,10,919
235,11,887
235,12,886
235,13,885
235,14,884
235,15,916
235,16,948
235,17,980
235,18,979
235,19,978
235,20,977
235,21,976
235,22,1008
235,23,1007
235,24,1006
235,25,1005
235,26,1004
235,27,972
235,28,940
235,29,939
235,30,938
235,31,906
235,32,874
235,33,842
235,34,841
235,35,840
235,36,839
235,37,838
235,38,837
235,39,805
236,0,891
236,1,859
236,2,827
236,3,795
236,4,763
236,5,731
236,6,699
236,7,698
236,8,666
236,9,665
236,10,664
236,11,663
236,12,662
236,13,661
236,14,629
236,15,628
236,16,596
236,17,595
236,18,594
236,19,562
236,20,561
237,0,924
237,1,892
237,2,893
237,3,894
237,4,862
237,5,830
237,6,798
237,7,766
237,8,734
237,9,733
237,10,701
237,11,669
237,12,637
237,13,605
237,14,573
237,15,541
237,16,509
237,17,477
237,18,445
237,19,413
237,20,414
237,21,382
237,22,350
237,23,318
237,24,286
237,25,254
237,26,253
237,27,252
237,28,220
237,29,188
237,30,156
237,31,124
237,32,92
237,33,93
237,34,61
237,35,29
237,36,30
238,0,464
238,1,432
238,2,433
238,3,401
238,4,402
238,5,403
238,6,404
238,7,405
238,8,373
238,9,374
238,10,375
238,11,343
238,12,311
238,13,279
238,14,280
238,15,281
238,16,249
238,17,217
238,18,218
238,19,186
238,20,154
238,21,122
239,0,957
239,1,956
239,2,924
239,3,892
239,4,891
239,5,859
239,6,858
239,7,826
239,8,794
239,9,762
239,10,730
239,11,698
239,12,666
239,13,665
239,14,633
239,15,601
239,16,569
239,17,537
239,18,505
239,19,473
239,20,441
239,21,409
239,22,377
239,23,345
239,24,344
239,25,312
239,26,280
239,27,281
240,0,511
240,1,510
240,2,542
240,3,574
240,4,575
240,5,607
240,6,606
240,7,605
240,8,604
240,9,603
240,10,635
240,11,667
240,12,699
240,13,731
240,14,763
240,15,795
240,16,827
240,17,859
240,18,891
240,19,923
240,20,955
241,0,261
241,1,293
241,2,325
241,3,326
241,4,358
241,5,390
241,6,422
241,7,454
241,8,486
241,9,518
241,10,550
241,11,551
241,12,583
241,13,615
241,14,647
241,15,679
241,16,711
241,17,743
241,18,775
241,19,807
241,20,806
241,21,838
241,22,870
241,23,902
241,24,934
242,0,40
242,1,8
242,2,9
242,3,10
242,4,42
242,5,43
242,6,75
242,7,76
242,8,108
242,9,109
242,10,141
242,11,173
242,12,174
242,13,206
242,14,207
242,15,208
242,16,209
242,17,241
242,18,242
242,19,243
242,20,244
242,21,276
242,22,277
242,23,278
242,24,279
242,25,280
242,26,312
242,27,344
242,28,376
242,29,408
242,30,440
242,31,472
242,32,504
242,33,536
242,34,568
242,35,600
242,36,632
242,37,664
242,38,696
242,39,728
242,40,760
242,41,792
242,42,824
243,0,324
243,1,325
243,2,293
243,3,294
243,4,295
243,5,263
243,6,264
243,7,265
243,8,266
243,9,234
243,10,202
243,11,170
243,12,171
243,13,172
243,14,140
243,15,108
243,16,109
243,17,77
243,18,78
243,19,46
243,20,47
243,21,48
244,0,581
244,1,613
244,2,645
244,3,646
244,4,647
244,5,648
244,6,649
244,7,681
244,8,682
244,9,714
244,10,715
244,11,716
244,12,717
244,13,749
244,14,750
244,15,751
244,16,752
244,17,753
244,18,785
245,0,1017
245,1,985
245,2,953
245,3,921
245,4,920
245,5,919
245,6,887
245,7,886
245,8,885
245,9,884
245,10,883
245,11,882
245,12,914
245,13,913
245,14,912
245,15,911
245,16,910
245,17,909
245,18,908
245,19,907
245,20,875
245,21,843
245,22,842
245,23,841
245,24,840
245,25,808
245,26,776
245,27,744
245,28,712
245,29,680
245,30,679
245,31,647
245,32,646
245,33,614
245,34,613
245,35,612
245,36,580
245,37,548
245,38,516
245,39,484
245,40,483
245,41,482
245,42,450
245,43,449
245,44,417
246,0,6
246,1,5
246,2,4
246,3,36
246,4,68
246,5,100
246,6,132
246,7,131
246,8,163
246,9,195
246,10,227
246,11,226
246,12,225
246,13,257
246,14,256
246,15,288
246,16,320
246,17,321
246,18,353
246,19,385
246,20,417
246,21,449
246,22,481
246,23,482
246,24,483
246,25,484
246,26,485
246,27,486
246,28,487
246,29,519
246,30,551
246,31,583
246,32,584
246,33,585
246,34,617
246,35,618
246,36,650
246,37,682
246,38,683
246,39,715
247,0,834
247,1,835
247,2,836
247,3,837
247,4,838
247,5,839
247,6,840
247,7,808
247,8,809
247,9,810
247,10,811
247,11,812
247,12,813
247,13,814
247,14,815
247,15,816
247,16,817
247,17,818
247,18,819
247,19,820
247,20,821
248,0,562
248,1,561
248,2,529
248,3,528
248,4,496
248,5,464
248,6,463
248,7,431
248,8,430
248,9,429
248,10,428
248,11,396
248,12,364
248,13,363
248,14,331
248,15,330
248,16,298
248,17,297
248,18,265
248,19,264
248,20,263
248,21,231
248,22,199
248,23,167
248,24,135
248,25,134
248,26,133
248,27,132
248,28,131
249,0,278
249,1,277
249,2,276
249,3,244
249,4,212
249,5,211
249,6,179
249,7,178
249,8,177
249,9,176
249,10,175
249,11,174
249,12,142
249,13,141
249,14,109
249,15,108
249,16,107
249,17,106
249,18,105
249,19,104
249,20,103
249,21,102
249,22,101
249,23,69
249,24,68
250,0,177
250,1,178
250,2,210
250,3,242
250,4,274
250,5,306
250,6,307
250,7,339
250,8,371
250,9,403
250,10,404
250,11,436
250,12,437
250,13,469
250,14,470
250,15,502
250,16,534
250,17,566
250,18,598
250,19,630
250,20,662
250,21,661
250,22,660
250,23,659
250,24,658
250,25,657
250,26,689
250,27,721
250,28,753
250,29,752
250,30,751
250,31,783
250,32,782
250,33,781
251,0,379
251,1,380
251,2,412
251,3,444
251,4,445
251,5,477
251,6,509
251,7,541
251,8,573
251,9,605
251,10,637
251,11,669
251,12,701
251,13,733
251,14,765
251,15,797
251,16,829
251,17,861
252,0,173
252,1,205
252,2,237
252,3,269
252,4,301
252,5,333
252,6,334
252,7,335
252,8,336
252,9,368
252,10,400
252,11,432
252,12,433
252,13,434
252,14,435
252,15,467
252,16,499
252,17,531
252,18,563
252,19,595
252,20,627
252,21,628
252,22,629
252,23,661
252,24,693
252,25,725
252,26,757
252,27,758
253,0,344
253,1,345
253,2,346
253,3,347
253,4,348
253,5,349
253,6,317
254,0,204
254,1,203
254,2,235
254,3,267
254,4,299
254,5,298
254,6,330
254,7,362
254,8,394
254,9,426
254,10,458
254,11,490
254,12,491
254,13,492
254,14,524
254,15,556
254,16,588
254,17,620
255,0,785
255,1,753
255,2,721
255,3,689
255,4,690
255,5,691
255,6,692
255,7,693
255,8,694
255,9,695
255,10,696
255,11,697
255,12,698
255,13,730
255,14,762
255,15,763
255,16,795
255,17,796
255,18,797
256,0,616
256,1,617
256,2,649
256,3,650
256,4,682
256,5,714
256,6,746
256,7,778
256,8,810
256,9,842
256,10,874
256,11,906
256,12,907
257,0,45
257,1,77
257,2,109
257,3,141
257,4,142
257,5,174
257,6,175
257,7,176
257,8,208
257,9,240
257,10,272
257,11,304
257,12,336
257,13,368
257,14,400
257,15,432
257,16,464
257,17,496
257,18,528
257,19,560
257,20,592
257,21,624
257,22,656
257,23,688
257,24,720
257,25,752
257,26,784
257,27,816
257,28,848
257,29,880
257,30,912
257,31,944
257,32,976
257,33,1008
257,34,1007
258,0,796
258,1,795
258,2,763
258,3,762
258,4,730
258,5,698
258,6,697
258,7,665
258,8,633
258,9,632
258,10,631
258,11,630
258,12,598
258,13,566
258,14,534
258,15,502
258,16,470
258,17,469
258,18,437
258,19,405
258,20,373
258,21,374
258,22,342
259,0,23
259,1,55
259,2,54
259,3,86
259,4,118
259,5,150
259,6,149
259,7,117
259,8,116
259,9,115
259,10,114
259,11,113
259,12,81
259,13,49
259,14,48
259,15,16
259,16,15
259,17,14
259,18,46
259,19,45
259,20,77
259,21,76
259,22,75
259,23,74
259,24,73
259,25,105
259,26,104
259,27,103
259,28,102
259,29,70
259,30,69
259,31,68
259,32,100
259,33,132
259,34,131
259,35,163
259,36,162
259,37,194
259,38,226
259,39,225
259,40,257
259,41,289
259,42,321
259,43,322
259,44,354
259,45,355
259,46,356
259,47,388
259,48,420
259,49,419
259,50,418
259,51,450
259,52,482
259,53,514
259,54,546
259,55,578
259,56,610
259,57,609
259,58,641
259,59,673
259,60,705
259,61,737
259,62,736
259,63,768
259,64,800
259,65,832
259,66,864
259,67,896
259,68,928
259,69,960
259,70,992
260,0,0
260,1,32
260,2,64
260,3,65
260,4,66
260,5,98
260,6,99
260,7,100
260,8,101
260,9,133
260,10,134
260,11,166
260,12,167
260,13,168
260,14,136
261,0,38
261,1,70
261,2,102
261,3,134
261,4,135
261,5,136
261,6,137
261,7,138
261,8,139
261,9,140
261,10,108
261,11,76
261,12,77
261,13,45
261,14,46
261,15,14
261,16,15
261,17,16
261,18,48
261,19,80
261,20,81
261,21,113
261,22,114
261,23,115
261,24,116
261,25,117
261,26,118
261,27,119
261,28,120
261,29,121
261,30,122
261,31,123
261,32,124
261,33,156
261,34,157
261,35,189
261,36,190
261,37,191
261,38,223
261,39,255
261,40,287
261,41,319
262,0,556
262,1,588
262,2,587
262,3,586
262,4,585
263,0,386
263,1,385
263,2,417
263,3,449
263,4,481
263,5,482
263,6,483
263,7,484
263,8,516
263,9,517
263,10,518
263,11,519
263,12,520
263,13,521
263,14,489
263,15,490
263,16,491
263,17,459
263,18,460
263,19,461
263,20,462
263,21,463
263,22,464
263,23,465
263,24,466
263,25,467
264,0,935
264,1,936
264,2,968
264,3,1000
264,4,1001
264,5,1002
264,6,1003
264,7,1004
264,8,1005
264,9,973
264,10,941
264,11,942
264,12,910
264,13,911
264,14,912
264,15,913
264,16,914
264,17,882
264,18,883
264,19,851
264,20,852
264,21,820
264,22,821
264,23,822
264,24,854
264,25,855
264,26,856
264,27,824
264,28,792
264,29,760
264,30,728
264,31,696
264,32,697
264,33,665
264,34,633
264,35,601
264,36,602
264,37,570
264,38,538
264,39,506
264,40,474
264,41,442
264,42,410
264,43,378
264,44,379
264,45,347
264,46,315
264,47,283
264,48,251
264,49,219
264,50,187
264,51,155
264,52,123
264,53,91
265,0,43
265,1,44
265,2,45
265,3,46
265,4,47
265,5,48
265,6,80
265,7,112
265,8,144
265,9,145
265,10,177
265,11,209
265,12,241
265,13,242
265,14,243
265,15,244
265,16,245
265,17,246
265,18,278
265,19,279
265,20,280
265,21,312
265,22,313
265,23,345
265,24,377
265,25,378
265,26,410
266,0,766
266,1,767
266,2,735
266,3,734
266,4,733
266,5,732
266,6,731
266,7,699
266,8,667
266,9,635
266,10,603
266,11,602
266,12,570
266,13,538
266,14,506
266,15,474
266,16,475
266,17,443
266,18,444
266,19,445
266,20,413
266,21,381
266,22,382
266,23,350
266,24,351
266,25,319
266,26,318
266,27,286
266,28,254
266,29,222
266,30,190
266,31,189
266,32,188
266,33,187
266,34,186
266,35,154
266,36,153
266,37,121
266,38,89
266,39,88
266,40,56
266,41,24
267,0,664
267,1,663
267,2,662
267,3,630
267,4,629
267,5,628
267,6,627
267,7,626
267,8,625
267,9,657
267,10,689
267,11,721
267,12,753
267,13,752
268,0,517
268,1,485
268,2,453
268,3,421
268,4,420
268,5,388
268,6,387
268,7,355
268,8,323
268,9,291
268,10,259
268,11,227
268,12,195
268,13,163
268,14,164
268,15,165
268,16,166
268,17,167
268,18,168
268,19,200
268,20,201
268,21,202
268,22,203
268,23,204
268,24,205
268,25,206
268,26,207
268,27,175
268,28,176
268,29,144
268,30,145
268,31,146
268,32,147
268,33,148
268,34,149
268,35,150
268,36,151
269,0,859
269,1,858
269,2,857
269,3,889
269,4,921
269,5,920
269,6,952
269,7,951
269,8,983
269,9,982
269,10,1014
269,11,1013
269,12,1012
269,13,1011
269,14,979
269,15,978
269,16,977
269,17,945
269,18,944
269,19,943
269,20,942
269,21,941
269,22,940
269,23,972
269,24,971
269,25,970
269,26,969
269,27,968
269,28,967
269,29,935
269,30,934
269,31,933
269,32,901
269,33,869
269,34,837
269,35,805
269,36,804
269,37,803
269,38,771
269,39,739
269,40,738
269,41,706
269,42,674
269,43,673
269,44,672
269,45,640
269,46,608
269,47,609
269,48,610
269,49,578
269,50,546
269,51,514
269,52,482
269,53,450
269,54,418
269,55,386
269,56,354
269,57,322
269,58,321
269,59,289
269,60,257
269,61,225
269,62,193
269,63,161
269,64,129
269,65,97
269,66,65
269,67,66
269,68,67
269,69,68
269,70,69
269,71,70
269,72,38
269,73,39
270,0,250
270,1,218
270,2,217
270,3,216
270,4,215
270,5,214
270,6,213
270,7,212
270,8,244
270,9,243
270,10,242
270,11,274
270,12,273
270,13,305
270,14,304
270,15,303
271,0,473
271,1,472
271,2,440
271,3,439
271,4,407
271,5,406
271,6,405
271,7,404
271,8,403
271,9,435
271,10,434
271,11,433
271,12,432
271,13,431
271,14,430
271,15,429
271,16,428
271,17,396
271,18,364
271,19,363
271,20,331
271,21,330
271,22,329
271,23,328
271,24,327
271,25,326
271,26,325
271,27,324
271,28,292
271,29,291
271,30,290
271,31,289
271,32,257
271,33,256
271,34,224
272,0,96
272,1,97
272,2,129
272,3,161
272,4,193
272,5,225
272,6,257
272,7,289
272,8,321
272,9,353
272,10,385
272,11,417
272,12,418
273,0,494
273,1,462
273,2,430
273,3,398
273,4,366
273,5,367
273,6,368
273,7,369
273,8,370
273,9,338
273,10,339
273,11,340
274,0,826
274,1,825
274,2,824
274,3,823
274,4,822
274,5,821
274,6,820
274,7,819
274,8,818
274,9,817
274,10,816
274,11,815
274,12,814
274,13,813
274,14,812
274,15,811
274,16,779
274,17,778
274,18,777
274,19,776
274,20,775
274,21,743
274,22,742
274,23,710
275,0,820
275,1,788
275,2,787
275,3,786
275,4,785
275,5,753
275,6,721
275,7,720
275,8,688
275,9,656
275,10,624
275,11,623
276,0,675
276,1,707
276,2,739
276,3,771
276,4,803
277,0,59
277,1,91
277,2,123
277,3,122
277,4,121
277,5,120
277,6,88
277,7,87
277,8,55
277,9,23
277,10,22
277,11,21
277,12,20
277,13,19
277,14,51
277,15,50
277,16,49
277,17,48
277,18,47
277,19,46
277,20,78
277,21,110
277,22,109
277,23,108
277,24,107
277,25,106
277,26,105
277,27,104
277,28,103
277,29,102
277,30,101
277,31,100
278,0,217
278,1,216
278,2,215
278,3,214
278,4,213
278,5,212
278,6,211
278,7,179
278,8,178
278,9,177
278,10,176
278,11,175
278,12,174
278,13,173
278,14,172
278,15,140
278,16,139
278,17,138
278,18,106
278,19,105
278,20,104
278,21,103
278,22,102
278,23,101
278,24,100
278,25,99
279,0,214
279,1,246
279,2,278
279,3,310
279,4,311
279,5,343
279,6,375
279,7,407
279,8,439
279,9,471
279,10,503
279,11,535
279,12,534
279,13,566
279,14,598
279,15,630
279,16,662
279,17,663
279,18,695
279,19,727
279,20,728
279,21,760
279,22,792
279,23,791
279,24,823
279,25,855
279,26,854
279,27,886
279,28,885
279,29,884
279,30,916
280,0,653
280,1,685
280,2,717
280,3,749
280,4,781
280,5,813
280,6,845
280,7,877
280,8,909
280,9,941
280,10,973
281,0,999
281,1,967
281,2,968
281,3,969
281,4,970
281,5,971
281,6,939
281,7,940
281,8,941
281,9,942
281,10,910
281,11,878
281,12,879
281,13,847
281,14,848
281,15,849
281,16,817
281,17,785
281,18,753
281,19,754
281,20,722
281,21,723
281,22,724
281,23,725
281,24,693
281,25,694
281,26,695
281,27,663
281,28,631
281,29,632
281,30,600
281,31,601
281,32,569
281,33,570
281,34,538
281,35,506
281,36,474
282,0,525
282,1,524
282,2,523
282,3,522
282,4,554
282,5,586
282,6,585
282,7,617
282,8,649
282,9,648
282,10,647
282,11,679
282,12,678
282,13,677
282,14,709
282,15,708
282,16,707
282,17,706
282,18,705
282,19,673
282,20,672
283,0,608
283,1,640
283,2,641
283,3,673
283,4,705
283,5,706
283,6,707
283,7,708
283,8,709
283,9,710
283,10,678
283,11,679
283,12,680
283,13,648
283,14,616
283,15,617
283,16,618
283,17,586
283,18,554
283,19,555
283,20,523
283,21,524
283,22,492
283,23,493
283,24,494
283,25,462
283,26,463
283,27,464
283,28,432
283,29,433
283,30,401
283,31,402
283,32,370
283,33,371
283,34,339
283,35,340
283,36,341
283,37,342
283,38,343
283,39,344
284,0,238
284,1,237
284,2,236
284,3,235
284,4,234
284,5,266
284,6,298
284,7,330
284,8,362
284,9,394
284,10,426
284,11,458
284,12,457
284,13,489
284,14,521
284,15,553
284,16,585
284,17,617
284,18,649
284,19,681
284,20,713
284,21,745
284,22,744
284,23,776
284,24,808
284,25,807
284,26,839
284,27,838
284,28,870
285,0,881
285,1,849
285,2,817
285,3,785
285,4,784
285,5,783
285,6,782
285,7,750
285,8,749
285,9,717
285,10,716
285,11,715
285,12,714
285,13,682
285,14,681
285,15,680
285,16,648
286,0,631
286,1,599
286,2,567
286,3,568
286,4,536
286,5,504
286,6,472
286,7,440
286,8,441
286,9,409
286,10,377
286,11,378
286,12,379
286,13,347
286,14,315
286,15,316
286,16,317
286,17,285
286,18,253
286,19,221
286,20,189
287,0,1012
287,1,980
287,2,981
287,3,982
287,4,983
287,5,984
287,6,985
287,7,953
287,8,954
287,9,955
287,10,956
287,11,957
287,12,925
287,13,893
287,14,894
287,15,862
287,16,830
287,17,831
287,18,799
287,19,767
287,20,735
287,21,734
287,22,733
287,23,732
287,24,731
287,25,699
287,26,667
287,27,635
287,28,603
287,29,571
287,30,539
287,31,507
287,32,475
288,0,381
288,1,349
288,2,317
288,3,316
288,4,315
288,5,283
288,6,251
288,7,250
288,8,249
288,9,217
288,10,185
288,11,184
288,12,183
288,13,151
288,14,150
288,15,118
288,16,117
288,17,116
288,18,115
288,19,147
289,0,295
289,1,294
289,2,293
289,3,292
289,4,260
289,5,259
289,6,227
289,7,195
289,8,163
289,9,131
289,10,99
289,11,67
289,12,35
289,13,3
289,14,2
289,15,1
289,16,0
290,0,470
290,1,469
290,2,437
290,3,405
290,4,373
290,5,374
290,6,342
290,7,310
290,8,278
290,9,277
290,10,245
290,11,213
290,12,181
290,13,149
290,14,117
290,15,85
290,16,86
290,17,87
290,18,55
290,19,56
291,0,60
291,1,92
291,2,124
291,3,123
291,4,155
291,5,187
291,6,219
291,7,218
291,8,217
291,9,216
291,10,215
291,11,214
291,12,246
291,13,245
291,14,244
291,15,276
291,16,308
291,17,340
291,18,339
291,19,338
291,20,370
291,21,369
291,22,368
291,23,400
291,24,432
291,25,431
291,26,430
291,27,429
291,28,428
291,29,460
291,30,492
291,31,524
291,32,556
291,33,588
291,34,620
291,35,619
291,36,651
291,37,650
291,38,682
291,39,681
291,40,680
291,41,712
291,42,711
291,43,710
291,44,709
291,45,708
291,46,707
291,47,675
291,48,643
292,0,254
292,1,286
292,2,318
292,3,317
292,4,349
292,5,381
292,6,413
292,7,445
292,8,477
292,9,478
292,10,510
292,11,542
292,12,574
292,13,606
292,14,638
292,15,670
292,16,669
292,17,668
292,18,700
292,19,732
292,20,731
292,21,763
292,22,795
292,23,796
292,24,828
292,25,829
292,26,861
292,27,893
292,28,925
292,29,957
292,30,956
292,31,955
292,32,954
292,33,986
292,34,985
292,35,1017
292,36,1016
292,37,984
292,38,983
292,39,982
292,40,981
292,41,949
292,42,948
292,43,947
292,44,946
292,45,945
292,46,944
292,47,943
292,48,942
292,49,974
292,50,973
292,51,972
292,52,971
292,53,970
292,54,969
292,55,968
292,56,967
292,57,966
292,58,965
293,0,183
293,1,215
293,2,214
293,3,213
293,4,212
293,5,211
293,6,243
293,7,242
293,8,274
293,9,273
293,10,305
293,11,304
293,12,336
293,13,368
293,14,367
293,15,399
293,16,431
293,17,430
293,18,462
293,19,494
293,20,493
293,21,492
293,22,524
293,23,523
293,24,522
293,25,521
293,26,520
293,27,519
293,28,518
293,29,486
293,30,454
294,0,923
294,1,922
294,2,921
294,3,889
294,4,857
294,5,825
294,6,793
294,7,794
294,8,762
294,9,730
294,10,698
294,11,697
294,12,665
294,13,633
294,14,601
294,15,569
294,16,537
294,17,536
294,18,504
294,19,472
295,0,531
295,1,563
295,2,595
295,3,594
295,4,626
295,5,625
295,6,657
295,7,656
295,8,655
295,9,654
295,10,686
295,11,685
295,12,684
295,13,716
295,14,748
295,15,747
295,16,779
295,17,811
295,18,843
295,19,875
295,20,874
295,21,873
295,22,872
295,23,904
295,24,903
295,25,902
295,26,901
295,27,900
295,28,932
295,29,931
295,30,930
295,31,929
296,0,757
296,1,725
296,2,693
296,3,661
296,4,629
296,5,597
296,6,598
296,7,599
296,8,567
296,9,535
296,10,503
296,11,471
296,12,472
296,13,440
296,14,441
296,15,442
296,16,410
296,17,378
296,18,346
296,19,347
296,20,348
296,21,316
296,22,284
296,23,252
296,24,220
296,25,188
296,26,156
296,27,124
296,28,92
296,29,93
296,30,61
296,31,29
297,0,485
297,1,486
297,2,518
297,3,550
297,4,551
297,5,583
297,6,584
297,7,616
297,8,617
297,9,618
297,10,619
297,11,620
297,12,621
297,13,622
297,14,623
297,15,624
297,16,625
297,17,626
297,18,627
297,19,628
297,20,629
297,21,630
297,22,598
297,23,599
297,24,600
297,25,601
297,26,602
297,27,603
298,0,825
298,1,793
298,2,794
298,3,762
298,4,730
298,5,731
298,6,699
298,7,667
298,8,635
298,9,603
298,10,602
298,11,570
298,12,538
298,13,506
298,14,474
298,15,442
298,16,441
298,17,440
298,18,408
298,19,376
298,20,344
298,21,312
298,22,311
298,23,310
298,24,278
298,25,277
298,26,276
298,27,244
298,28,243
298,29,242
298,30,274
298,31,273
298,32,272
299,0,239
299,1,240
299,2,241
299,3,242
299,4,210
299,5,211
299,6,212
299,7,213
299,8,214
299,9,215
299,10,216
299,11,184
299,12,185
299,13,186
299,14,218
299,15,250
299,16,251
299,17,283
299,18,284
299,19,285
300,0,294
300,1,293
300,2,325
300,3,357
300,4,356
300,5,388
300,6,420
300,7,421
300,8,422
300,9,454
300,10,486
300,11,487
300,12,519
300,13,551
300,14,583
300,15,584
300,16,616
300,17,648
300,18,680
300,19,712
300,20,744
300,21,776
300,22,777
300,23,778
300,24,810
300,25,842
300,26,843
300,27,844
300,28,876
300,29,877
300,30,878
300,31,879
300,32,880
300,33,881
301,0,212
301,1,244
301,2,276
301,3,308
301,4,307
301,5,339
301,6,371
301,7,403
301,8,402
301,9,434
301,10,466
301,11,465
301,12,497
301,13,529
301,14,528
301,15,527
301,16,526
301,17,525
302,0,84
302,1,85
302,2,117
302,3,149
302,4,181
302,5,213
302,6,245
302,7,277
302,8,309
302,9,341
302,10,373
302,11,405
302,12,404
302,13,436
302,14,468
302,15,469
302,16,501
302,17,502
302,18,534
302,19,566
302,20,567
302,21,599
302,22,600
302,23,632
302,24,664
302,25,696
302,26,728
302,27,760
302,28,792
302,29,824
302,30,825
302,31,857
302,32,858
302,33,890
302,34,891
302,35,892
302,36,893
302,37,894
302,38,895
303,0,925
303,1,924
303,2,923
303,3,922
303,4,921
303,5,920
303,6,919
303,7,887
303,8,855
303,9,823
303,10,791
303,11,790
303,12,758
303,13,757
303,14,725
303,15,724
303,16,692
303,17,660
303,18,628
303,19,596
303,20,595
303,21,563
303,22,531
303,23,499
303,24,498
303,25,497
303,26,465
303,27,433
303,28,401
303,29,369
303,30,368
303,31,367
303,32,335
303,33,334
303,34,333
303,35,332
303,36,331
303,37,299
303,38,298
303,39,297
304,0,507
304,1,506
304,2,505
304,3,504
304,4,503
304,5,502
304,6,501
304,7,469
304,8,437
304,9,405
304,10,404
304,11,403
304,12,402
304,13,401
304,14,400
304,15,368
304,16,336
304,17,335
304,18,334
304,19,333
304,20,332
304,21,331
304,22,299
304,23,298
304,24,266
304,25,234
304,26,202
304,27,170
304,28,138
304,29,137
304,30,136
304,31,135
304,32,103
304,33,102
304,34,101
304,35,100
304,36,99
304,37,98
304,38,97
304,39,96
304,40,64
304,41,65
304,42,33
305,0,801
305,1,802
305,2,803
305,3,835
305,4,836
305,5,868
305,6,869
305,7,870
305,8,902
305,9,903
305,10,904
305,11,872
306,0,905
306,1,873
306,2,874
306,3,842
306,4,843
306,5,844
306,6,812
306,7,813
306,8,814
306,9,815
306,10,816
306,11,784
306,12,785
306,13,786
306,14,754
306,15,722
306,16,723
306,17,724
306,18,725
306,19,693
306,20,694
306,21,695
306,22,727
306,23,728
307,0,191
307,1,223
307,2,222
307,3,221
307,4,253
307,5,285
307,6,317
307,7,316
307,8,348
307,9,347
307,10,379
307,11,380
307,12,412
307,13,444
307,14,476
307,15,508
307,16,540
307,17,539
307,18,538
307,19,537
307,20,536
307,21,535
307,22,534
307,23,533
307,24,532
307,25,564
307,26,563
307,27,562
307,28,561
307,29,560
307,30,559
307,31,558
307,32,590
307,33,589
307,34,588
307,35,587
307,36,555
308,0,390
308,1,422
308,2,454
308,3,486
308,4,518
308,5,519
308,6,520
308,7,552
308,8,553
308,9,585
308,10,586
308,11,587
308,12,619
308,13,651
308,14,652
308,15,653
308,16,654
308,17,655
308,18,656
308,19,688
308,20,689
308,21,690
308,22,691
308,23,692
308,24,693
308,25,661
309,0,520
309,1,521
309,2,522
309,3,523
309,4,524
309,5,556
309,6,557
309,7,589
309,8,590
309,9,622
309,10,654
309,11,686
309,12,687
309,13,688
309,14,689
309,15,690
309,16,691
310,0,878
310,1,879
310,2,880
310,3,881
310,4,849
310,5,850
310,6,851
310,7,852
310,8,820
310,9,821
310,10,822
310,11,790
310,12,791
310,13,792
310,14,793
310,15,794
310,16,795
310,17,796
311,0,161
311,1,162
311,2,163
311,3,164
311,4,132
311,5,100
311,6,68
311,7,69
311,8,37
311,9,5
311,10,6
311,11,38
311,12,39
311,13,40
311,14,8
311,15,9
311,16,10
311,17,11
311,18,12
311,19,13
311,20,14
311,21,15
311,22,16
311,23,48
311,24,80
311,25,112
311,26,144
311,27,145
311,28,146
311,29,178
311,30,210
311,31,211
311,32,243
311,33,244
311,34,245
311,35,246
311,36,278
311,37,279
311,38,280
311,39,312
311,40,344
311,41,376
311,42,377
311,43,409
311,44,441
311,45,473
311,46,505
311,47,537
311,48,569
312,0,722
312,1,690
312,2,658
312,3,626
312,4,594
312,5,562
312,6,563
312,7,564
312,8,532
312,9,533
312,10,501
312,11,502
312,12,503
312,13,504
312,14,505
312,15,473
312,16,474
312,17,442
312,18,410
312,19,378
312,20,346
312,21,347
312,22,348
312,23,316
312,24,317
312,25,285
312,26,253
312,27,221
312,28,189
312,29,188
312,30,187
312,31,155
313,0,933
313,1,901
313,2,869
313,3,868
313,4,836
313,5,804
313,6,772
313,7,740
313,8,741
313,9,709
313,10,677
313,11,645
313,12,613
313,13,581
313,14,549
313,15,550
314,0,776
314,1,775
314,2,743
314,3,711
314,4,679
314,5,647
314,6,646
314,7,614
314,8,613
314,9,612
314,10,580
314,11,579
314,12,547
314,13,546
314,14,545
314,15,513
314,16,481
314,17,480
314,18,448
314,19,449
314,20,417
314,21,385
314,22,386
314,23,387
314,24,388
314,25,356
314,26,324
314,27,325
314,28,293
314,29,294
314,30,295
314,31,263
314,32,264
315,0,707
315,1,708
315,2,709
315,3,710
315,4,711
315,5,712
315,6,713
315,7,714
316,0,221
316,1,220
316,2,219
316,3,218
316,4,217
316,5,216
316,6,215
316,7,214
316,8,213
316,9,212
316,10,211
316,11,210
316,12,209
316,13,208
316,14,207
316,15,206
316,16,205
316,17,204
316,18,203
316,19,202
316,20,201
316,21,200
316,22,168
316,23,167
316,24,166
316,25,165
316,26,164
317,0,94
317,1,93
317,2,92
317,3,124
317,4,123
317,5,122
317,6,121
317,7,120
317,8,88
317,9,87
317,10,86
318,0,190
318,1,189
318,2,221
318,3,253
318,4,252
318,5,251
318,6,250
318,7,249
318,8,281
318,9,280
318,10,279
318,11,278
318,12,277
318,13,276
318,14,308
318,15,307
318,16,306
318,17,305
318,18,304
318,19,336
318,20,335
318,21,334
318,22,333
318,23,332
318,24,331
319,0,42
319,1,74
319,2,106
319,3,138
319,4,170
319,5,202
319,6,234
319,7,266
319,8,298
319,9,330
319,10,362
319,11,394
319,12,426
319,13,458
319,14,459
319,15,491
319,16,490
319,17,522
319,18,554
319,19,553
319,20,585
319,21,584
319,22,616
319,23,615
320,0,824
320,1,792
320,2,791
320,3,790
320,4,758
320,5,757
320,6,725
320,7,724
320,8,723
320,9,722
320,10,721
320,11,720
320,12,688
320,13,687
320,14,686
320,15,685
320,16,653
320,17,652
320,18,651
320,19,619
320,20,618
320,21,617
320,22,585
320,23,584
320,24,552
320,25,520
321,0,137
321,1,105
321,2,106
321,3,107
321,4,108
321,5,109
321,6,110
321,7,142
321,8,174
321,9,206
321,10,207
321,11,239
321,12,240
322,0,819
322,1,787
322,2,755
322,3,723
322,4,724
322,5,725
322,6,693
322,7,661
322,8,662
322,9,663
322,10,664
322,11,665
322,12,666
322,13,667
322,14,668
322,15,669
322,16,637
323,0,1009
323,1,977
323,2,945
323,3,913
323,4,881
323,5,880
323,6,848
323,7,847
323,8,815
323,9,783
323,10,751
323,11,719
323,12,687
323,13,655
323,14,654
323,15,622
323,16,590
323,17,558
323,18,526
323,19,494
323,20,493
323,21,461
323,22,462
323,23,430
324,0,709
324,1,677
324,2,645
324,3,646
324,4,647
324,5,615
324,6,583
324,7,551
324,8,519
324,9,518
324,10,486
324,11,454
324,12,422
324,13,390
324,14,358
324,15,326
325,0,962
325,1,930
325,2,898
325,3,866
325,4,834
325,5,835
325,6,836
325,7,804
325,8,805
325,9,806
325,10,807
325,11,775
325,12,743
325,13,711
325,14,679
325,15,647
325,16,615
325,17,583
325,18,551
325,19,550
325,20,518
325,21,486
325,22,454
325,23,422
325,24,390
325,25,358
325,26,357
325,27,356
325,28,324
325,29,292
325,30,260
325,31,259
326,0,420
326,1,419
326,2,451
326,3,483
326,4,515
326,5,547
326,6,579
326,7,580
326,8,612
326,9,613
326,10,645
326,11,646
326,12,647
326,13,679
326,14,711
326,15,743
326,16,775
326,17,807
326,18,808
326,19,840
326,20,841
326,21,873
326,22,874
326,23,906
326,24,938
326,25,939
326,26,940
326,27,941
326,28,942
326,29,943
326,30,944
326,31,945
326,32,977
326,33,978
326,34,979
326,35,980
326,36,981
326,37,982
326,38,983
326,39,984
326,40,952
326,41,953
326,42,954
326,43,922
326,44,923
326,45,891
326,46,859
327,0,369
327,1,370
327,2,371
327,3,403
327,4,435
327,5,467
327,6,499
327,7,531
327,8,532
327,9,564
327,10,596
327,11,628
327,12,627
327,13,659
327,14,691
327,15,723
327,16,755
327,17,787
327,18,788
327,19,820
327,20,852
327,21,884
327,22,916
327,23,915
328,0,228
328,1,229
328,2,230
328,3,231
328,4,199
328,5,200
328,6,168
328,7,136
328,8,104
328,9,105
328,10,73
328,11,41
328,12,42
328,13,43
328,14,44
328,15,45
328,16,46
328,17,47
328,18,48
328,19,49
328,20,50
328,21,51
328,22,19
328,23,20
328,24,52
329,0,194
329,1,226
329,2,227
329,3,228
329,4,260
329,5,292
329,6,293
329,7,325
329,8,357
329,9,358
329,10,390
329,11,422
329,12,421
329,13,453
329,14,485
329,15,484
329,16,516
329,17,548
329,18,549
329,19,581
329,20,613
329,21,645
329,22,677
329,23,678
329,24,679
329,25,711
329,26,743
329,27,775
329,28,807
329,29,839
330,0,3
330,1,4
330,2,5
330,3,6
330,4,38
330,5,39
330,6,40
330,7,41
330,8,73
330,9,74
330,10,75
330,11,76
330,12,108
330,13,140
330,14,172
330,15,204
330,16,236
330,17,237
330,18,269
330,19,301
330,20,302
330,21,334
330,22,366
330,23,367
330,24,368
331,0,972
331,1,940
331,2,908
331,3,876
331,4,844
331,5,812
331,6,813
331,7,814
331,8,815
331,9,816
331,10,817
331,11,818
331,12,819
331,13,820
331,14,821
331,15,822
332,0,185
332,1,217
332,2,249
332,3,281
332,4,280
332,5,312
332,6,344
332,7,376
332,8,408
332,9,440
332,10,472
332,11,504
332,12,536
332,13,568
332,14,600
332,15,632
332,16,664
332,17,696
332,18,728
332,19,760
332,20,792
332,21,824
332,22,856
332,23,888
332,24,920
332,25,919
332,26,951
333,0,546
333,1,547
333,2,548
333,3,549
333,4,550
333,5,551
333,6,552
333,7,584
333,8,585
333,9,617
333,10,618
333,11,619
333,12,620
333,13,621
333,14,622
333,15,623
333,16,655
333,17,687
333,18,719
333,19,751
333,20,783
333,21,784
333,22,785
333,23,786
333,24,787
333,25,788
333,26,820
333,27,852
333,28,884
333,29,885
333,30,886
333,31,887
333,32,919
334,0,15
334,1,47
334,2,46
334,3,78
334,4,77
334,5,109
334,6,141
334,7,173
334,8,172
334,9,171
334,10,203
334,11,235
334,12,267
334,13,299
334,14,331
334,15,363
334,16,364
334,17,396
334,18,428
334,19,460
334,20,492
334,21,524
334,22,556
334,23,588
334,24,587
334,25,619
334,26,651
334,27,650
334,28,649
334,29,681
334,30,680
334,31,679
334,32,711
334,33,710
334,34,742
334,35,741
334,36,740
334,37,739
334,38,738
334,39,737
335,0,353
335,1,385
335,2,386
335,3,418
335,4,450
335,5,482
335,6,483
335,7,484
335,8,485
335,9,486
335,10,487
335,11,519
335,12,520
335,13,521
335,14,522
335,15,523
335,16,491
335,17,492
335,18,460
335,19,461
335,20,462
335,21,463
335,22,464
335,23,465
335,24,466
335,25,467
335,26,468
335,27,469
335,28,470
335,29,471
336,0,638
336,1,639
336,2,607
336,3,575
337,0,477
337,1,509
337,2,508
337,3,507
337,4,506
337,5,505
337,6,537
337,7,536
337,8,568
337,9,600
337,10,632
337,11,664
337,12,696
337,13,728
337,14,760
337,15,792
337,16,824
337,17,856
337,18,888
337,19,887
337,20,886
337,21,885
337,22,884
338,0,580
338,1,548
338,2,549
338,3,517
338,4,485
338,5,453
338,6,454
338,7,422
338,8,423
338,9,424
338,10,392
338,11,393
338,12,361
338,13,362
338,14,363
338,15,364
338,16,332
338,17,333
338,18,334
338,19,302
338,20,303
338,21,304
338,22,272
338,23,273
338,24,241
338,25,209
338,26,210
338,27,178
338,28,146
339,0,140
339,1,141
339,2,173
339,3,205
339,4,237
339,5,238
339,6,239
339,7,240
339,8,272
339,9,273
339,10,305
339,11,306
339,12,338
339,13,339
339,14,371
339,15,403
339,16,435
339,17,467
339,18,499
339,19,531
339,20,563
339,21,564
339,22,596
339,23,628
339,24,629
339,25,630
339,26,631
339,27,663
339,28,664
339,29,665
339,30,697
339,31,698
339,32,699
339,33,700
339,34,701
339,35,733
339,36,734
339,37,766
339,38,798
339,39,830
340,0,189
340,1,188
340,2,220
340,3,219
340,4,218
340,5,250
340,6,249
340,7,281
340,8,313
340,9,345
340,10,344
340,11,343
340,12,375
340,13,407
340,14,439
340,15,471
340,16,503
340,17,535
340,18,567
340,19,599
340,20,598
340,21,597
340,22,596
341,0,54
341,1,55
341,2,87
341,3,119
341,4,151
341,5,183
341,6,184
341,7,185
341,8,186
341,9,218
341,10,250
341,11,251
341,12,283
341,13,284
341,14,316
341,15,348
341,16,380
341,17,381
341,18,413
341,19,445
341,20,477
341,21,509
341,22,541
341,23,573
341,24,605
341,25,637
341,26,669
341,27,701
341,28,733
341,29,734
341,30,735
342,0,695
342,1,696
342,2,697
342,3,665
342,4,633
342,5,601
342,6,602
342,7,603
342,8,571
342,9,539
342,10,507
342,11,508
342,12,509
342,13,510
342,14,511
342,15,479
342,16,478
343,0,349
343,1,348
343,2,347
343,3,346
343,4,345
343,5,344
343,6,312
343,7,311
343,8,310
343,9,278
343,10,246
343,11,245
343,12,244
343,13,243
343,14,242
343,15,241
343,16,209
343,17,177
343,18,145
343,19,113
343,20,81
343,21,49
343,22,48
343,23,47
343,24,46
343,25,45
343,26,44
343,27,43
343,28,42
343,29,41
343,30,40
343,31,39
343,32,38
343,33,37
343,34,69
344,0,259
344,1,227
344,2,228
344,3,260
344,4,261
344,5,293
344,6,294
344,7,326
344,8,358
344,9,390
344,10,422
344,11,421
344,12,453
344,13,485
344,14,517
344,15,518
344,16,519
344,17,520
344,18,521
345,0,915
345,1,883
345,2,851
345,3,850
345,4,849
345,5,817
345,6,785
345,7,784
345,8,752
345,9,720
345,10,719
345,11,687
345,12,686
345,13,654
345,14,653
345,15,652
345,16,651
345,17,619
345,18,587
345,19,555
345,20,523
345,21,491
345,22,459
345,23,458
345,24,426
345,25,394
345,26,393
345,27,392
345,28,424
345,29,423
346,0,668
346,1,700
346,2,699
347,0,351
347,1,319
347,2,318
347,3,286
347,4,254
347,5,255
347,6,223
347,7,191
347,8,159
347,9,127
347,10,95
347,11,94
347,12,62
347,13,61
347,14,60
347,15,59
347,16,91
347,17,123
347,18,122
347,19,154
347,20,186
347,21,185
348,0,329
348,1,297
348,2,265
348,3,233
348,4,234
348,5,235
348,6,203
348,7,171
348,8,139
348,9,107
348,10,75
348,11,43
348,12,11
348,13,12
348,14,13
348,15,14
348,16,15
348,17,16
348,18,48
348,19,80
348,20,112
348,21,113
348,22,114
348,23,146
348,24,147
348,25,148
348,26,149
348,27,181
348,28,213
348,29,245
348,30,246
348,31,278
348,32,279
348,33,311
348,34,343
348,35,344
348,36,376
348,37,408
348,38,440
348,39,441
348,40,442
348,41,443
348,42,475
348,43,507
348,44,539
348,45,571
348,46,603
348,47,635
348,48,667
348,49,699
348,50,700
348,51,701
349,0,1016
349,1,984
349,2,983
349,3,982
349,4,1014
349,5,1013
349,6,981
349,7,980
349,8,979
349,9,978
349,10,1010
349,11,1009
349,12,1008
349,13,1007
349,14,1006
349,15,1005
349,16,1004
349,17,1003
349,18,971
349,19,939
349,20,938
349,21,906
349,22,905
349,23,873
349,24,841
349,25,809
349,26,777
349,27,745
349,28,713
349,29,712
349,30,680
349,31,679
349,32,678
349,33,646
349,34,645
349,35,613
349,36,581
349,37,549
349,38,517
349,39,485
349,40,453
349,41,421
349,42,420
349,43,388
349,44,356
349,45,324
349,46,325
349,47,326
349,48,327
350,0,884
350,1,852
350,2,820
350,3,788
350,4,787
350,5,755
350,6,723
351,0,151
351,1,150
351,2,149
351,3,148
351,4,147
351,5,146
351,6,178
351,7,177
351,8,176
351,9,175
351,10,207
351,11,206
351,12,205
351,13,173
351,14,172
351,15,140
351,16,139
351,17,138
351,18,137
351,19,136
351,20,168
351,21,167
351,22,166
351,23,134
351,24,102
351,25,101
351,26,69
351,27,37
351,28,5
351,29,4
351,30,3
351,31,2
352,0,343
352,1,311
352,2,312
352,3,313
352,4,281
352,5,249
352,6,217
352,7,185
352,8,153
353,0,519
353,1,551
353,2,552
353,3,553
353,4,554
353,5,555
353,6,556
353,7,557
353,8,558
353,9,559
353,10,527
353,11,528
353,12,529
353,13,561
353,14,562
353,15,563
353,16,564
353,17,565
353,18,566
353,19,567
353,20,568
353,21,569
353,22,570
354,0,443
354,1,475
354,2,507
354,3,506
354,4,538
354,5,537
354,6,569
354,7,568
354,8,567
354,9,566
354,10,565
354,11,564
354,12,563
354,13,595
354,14,627
354,15,659
354,16,691
354,17,723
354,18,722
354,19,754
354,20,753
354,21,785
354,22,817
354,23,849
354,24,848
354,25,847
354,26,879
354,27,878
354,28,877
354,29,845
354,30,844
354,31,843
355,0,528
355,1,560
355,2,561
355,3,562
355,4,563
355,5,564
355,6,596
355,7,597
356,0,563
356,1,595
356,2,627
356,3,626
356,4,658
356,5,690
356,6,722
356,7,754
356,8,786
356,9,818
356,10,850
357,0,277
357,1,276
357,2,308
357,3,340
357,4,341
357,5,373
357,6,405
357,7,406
357,8,438
357,9,470
357,10,471
357,11,472
357,12,473
357,13,474
357,14,475
357,15,476
357,16,477
357,17,509
357,18,541
357,19,573
357,20,605
357,21,637
357,22,669
358,0,535
358,1,503
358,2,504
358,3,505
358,4,506
358,5,474
358,6,442
358,7,410
358,8,378
358,9,346
358,10,347
358,11,315
358,12,283
359,0,62
359,1,94
359,2,126
359,3,158
359,4,190
359,5,222
359,6,254
359,7,255
359,8,287
359,9,319
359,10,351
359,11,350
359,12,382
359,13,414
359,14,413
359,15,445
359,16,444
359,17,476
359,18,508
359,19,507
359,20,506
359,21,505
359,22,537
359,23,536
359,24,568
359,25,567
359,26,599
359,27,631
359,28,663
359,29,695
359,30,727
360,0,348
360,1,347
360,2,379
360,3,378
360,4,410
360,5,409
360,6,408
360,7,440
360,8,439
360,9,471
360,10,470
360,11,502
360,12,501
360,13,533
360,14,532
360,15,564
360,16,596
360,17,595
360,18,627
360,19,659
360,20,658
360,21,657
360,22,689
360,23,721
360,24,753
360,25,752
360,26,784
360,27,816
360,28,848
360,29,880
361,0,49
361,1,81
361,2,113
361,3,145
361,4,177
361,5,209
361,6,241
361,7,273
361,8,272
361,9,304
361,10,336
361,11,335
361,12,367
361,13,399
361,14,431
361,15,430
361,16,462
361,17,461
361,18,460
361,19,492
361,20,524
361,21,556
361,22,588
361,23,620
361,24,652
361,25,684
361,26,716
361,27,748
361,28,780
361,29,812
361,30,844
361,31,876
361,32,908
361,33,940
362,0,648
362,1,616
362,2,617
362,3,618
362,4,619
362,5,620
362,6,588
362,7,589
362,8,590
362,9,558
362,10,526
362,11,527
362,12,528
362,13,496
362,14,464
362,15,432
362,16,433
362,17,401
362,18,369
362,19,370
362,20,338
362,21,306
362,22,274
362,23,242
362,24,210
362,25,178
362,26,146
362,27,145
362,28,144
363,0,370
363,1,402
363,2,401
363,3,433
363,4,465
363,5,497
363,6,529
363,7,561
363,8,560
363,9,592
363,10,624
363,11,623
363,12,655
363,13,687
363,14,719
363,15,751
363,16,750
363,17,749
363,18,748
363,19,747
363,20,746
363,21,745
363,22,777
363,23,776
363,24,775
363,25,807
363,26,806
363,27,805
363,28,804
363,29,803
363,30,802
364,0,597
364,1,596
364,2,564
364,3,532
364,4,531
364,5,499
364,6,498
364,7,497
364,8,496
364,9,464
364,10,463
364,11,431
364,12,399
364,13,398
364,14,366
364,15,334
364,16,333
364,17,332
364,18,331
364,19,330
364,20,329
364,21,328
364,22,327
364,23,326
364,24,325
364,25,324
364,26,323
364,27,322
364,28,290
364,29,289
365,0,141
365,1,142
365,2,174
365,3,175
365,4,176
365,5,177
365,6,178
365,7,179
365,8,211
365,9,243
365,10,244
365,11,245
365,12,277
365,13,278
365,14,279
365,15,311
365,16,343
365,17,344
365,18,345
365,19,377
365,20,409
365,21,410
365,22,442
365,23,443
365,24,475
365,25,476
365,26,508
366,0,780
366,1,779
366,2,778
366,3,777
366,4,776
366,5,808
366,6,807
366,7,839
366,8,838
366,9,870
366,10,869
366,11,868
367,0,1008
367,1,976
367,2,977
367,3,978
367,4,979
367,5,980
367,6,981
367,7,982
367,8,983
367,9,951
367,10,919
367,11,920
367,12,888
367,13,856
367,14,857
367,15,825
368,0,233
368,1,265
368,2,264
368,3,263
368,4,295
368,5,294
368,6,326
368,7,358
368,8,357
368,9,356
368,10,355
368,11,354
368,12,353
368,13,385
368,14,417
368,15,449
368,16,448
368,17,480
369,0,388
369,1,420
369,2,421
369,3,422
369,4,423
369,5,424
369,6,392
369,7,393
369,8,361
369,9,362
369,10,363
369,11,364
369,12,396
369,13,428
369,14,429
370,0,742
370,1,710
370,2,678
370,3,679
370,4,680
370,5,681
370,6,682
370,7,650
370,8,651
370,9,619
370,10,620
370,11,621
370,12,622
370,13,623
370,14,624
370,15,625
370,16,626
370,17,627
370,18,628
370,19,629
370,20,630
370,21,598
371,0,320
371,1,288
371,2,256
371,3,257
371,4,225
371,5,193
371,6,161
371,7,129
371,8,130
371,9,131
371,10,132
371,11,133
371,12,134
371,13,135
371,14,136
371,15,137
371,16,105
371,17,73
371,18,74
371,19,75
371,20,76
371,21,77
371,22,45
371,23,13
371,24,14
371,25,15
371,26,16
371,27,48
371,28,80
371,29,112
371,30,113
371,31,114
371,32,115
371,33,116
371,34,117
371,35,118
371,36,119
371,37,120
371,38,121
371,39,122
371,40,123
372,0,175
372,1,207
372,2,208
372,3,209
372,4,210
372,5,211
372,6,212
372,7,244
373,0,671
373,1,639
373,2,607
373,3,606
373,4,605
373,5,604
373,6,603
373,7,602
373,8,601
373,9,633
373,10,632
373,11,631
373,12,630
373,13,662
373,14,661
373,15,660
373,16,659
373,17,658
373,18,657
373,19,656
373,20,655
373,21,654
373,22,622
373,23,590
373,24,558
373,25,526
374,0,219
374,1,218
374,2,186
374,3,154
374,4,153
374,5,121
374,6,89
374,7,88
374,8,56
374,9,55
374,10,54
374,11,86
374,12,85
374,13,84
374,14,52
374,15,51
374,16,50
375,0,973
375,1,974
375,2,942
375,3,943
375,4,911
375,5,879
375,6,880
375,7,881
375,8,882
375,9,850
375,10,851
375,11,852
375,12,820
375,13,821
375,14,822
375,15,854
375,16,855
375,17,856
375,18,857
375,19,825
375,20,793
375,21,792
375,22,760
375,23,728
375,24,696
375,25,697
375,26,665
375,27,633
375,28,601
375,29,569
375,30,537
375,31,538
375,32,506
375,33,474
375,34,442
375,35,410
375,36,378
375,37,346
376,0,101
376,1,102
376,2,134
376,3,135
376,4,136
376,5,137
376,6,138
376,7,170
376,8,171
376,9,172
376,10,204
376,11,236
376,12,237
376,13,238
376,14,239
376,15,240
376,16,208
376,17,209
376,18,177
376,19,145
377,0,12
377,1,44
377,2,76
377,3,77
377,4,109
377,5,141
377,6,173
377,7,174
377,8,175
377,9,207
377,10,208
377,11,209
377,12,210
377,13,211
377,14,212
377,15,244
377,16,245
377,17,246
377,18,278
378,0,553
378,1,585
378,2,586
378,3,587
379,0,990
379,1,958
379,2,926
379,3,927
379,4,895
379,5,894
379,6,862
379,7,861
379,8,829
379,9,797
379,10,765
379,11,733
379,12,732
379,13,700
379,14,668
379,15,667
380,0,358
380,1,326
380,2,294
380,3,293
380,4,261
381,0,35
381,1,36
381,2,37
381,3,38
381,4,39
381,5,40
381,6,41
381,7,42
381,8,43
381,9,44
381,10,45
381,11,46
381,12,47
381,13,48
381,14,49
381,15,50
381,16,51
381,17,19
381,18,20
381,19,21
382,0,542
382,1,541
382,2,540
382,3,539
382,4,538
382,5,537
382,6,536
382,7,535
382,8,534
382,9,533
382,10,532
382,11,531
382,12,499
382,13,467
382,14,435
382,15,403
382,16,402
382,17,401
382,18,400
382,19,399
382,20,367
382,21,366
383,0,921
383,1,922
383,2,890
383,3,858
383,4,826
383,5,794
383,6,762
383,7,730
383,8,698
383,9,666
383,10,665
383,11,633
383,12,601
383,13,602
383,14,570
383,15,538
383,16,506
383,17,505
384,0,690
384,1,722
384,2,721
384,3,720
384,4,752
384,5,751
384,6,750
384,7,782
384,8,781
384,9,780
384,10,779
384,11,778
385,0,355
385,1,354
385,2,353
385,3,321
385,4,289
385,5,257
385,6,225
385,7,226
385,8,194
385,9,162
385,10,163
385,11,164
385,12,165
385,13,166
385,14,134
385,15,135
385,16,136
385,17,137
385,18,138
385,19,170
385,20,171
385,21,172
385,22,173
385,23,174
385,24,175
385,25,176
385,26,144
385,27,145
385,28,146
385,29,114
385,30,115
385,31,116
385,32,117
385,33,118
385,34,119
385,35,120
385,36,121
385,37,122
385,38,123
385,39,91
385,40,59
386,0,697
386,1,698
386,2,730
386,3,731
386,4,763
387,0,974
387,1,942
387,2,943
387,3,911
387,4,879
387,5,847
387,6,848
387,7,816
387,8,784
387,9,752
387,10,720
387,11,688
387,12,656
387,13,624
387,14,592
387,15,560
387,16,528
387,17,496
387,18,464
387,19,432
387,20,400
387,21,399
387,22,367
387,23,368
387,24,336
387,25,304
387,26,272
387,27,273
387,28,241
387,29,242
387,30,210
387,31,178
387,32,179
387,33,147
387,34,115
387,35,116
387,36,84
387,37,52
387,38,51
387,39,19
388,0,696
388,1,697
388,2,698
388,3,666
388,4,667
388,5,635
388,6,603
388,7,571
388,8,539
388,9,507
388,10,475
388,11,443
388,12,442
388,13,410
388,14,409
388,15,408
388,16,376
388,17,344
388,18,343
388,19,311
388,20,279
388,21,278
388,22,277
388,23,276
388,24,244
388,25,243
388,26,211
388,27,179
388,28,178
388,29,146
388,30,145
388,31,113
388,32,81
388,33,49
388,34,48
388,35,16
388,36,15
388,37,14
388,38,13
388,39,12
388,40,44
388,41,76
389,0,418
389,1,450
389,2,451
389,3,483
389,4,515
389,5,516
389,6,517
389,7,549
389,8,550
389,9,551
389,10,552
389,11,553
389,12,554
389,13,555
389,14,556
389,15,557
389,16,558
389,17,559
389,18,560
389,19,561
389,20,562
390,0,549
390,1,550
390,2,551
390,3,583
390,4,584
390,5,585
390,6,617
390,7,618
390,8,619
390,9,620
390,10,621
390,11,622
390,12,623
390,13,655
390,14,656
390,15,657
390,16,658
390,17,659
390,18,691
390,19,692
390,20,724
390,21,725
390,22,757
390,23,758
390,24,790
390,25,791
390,26,823
390,27,824
390,28,825
390,29,826
390,30,827
391,0,37
391,1,36
391,2,4
391,3,3
391,4,2
391,5,34
391,6,33
391,7,65
391,8,97
391,9,129
391,10,161
391,11,193
391,12,225
391,13,257
391,14,289
391,15,290
391,16,322
391,17,354
391,18,355
391,19,387
391,20,419
391,21,451
391,22,483
391,23,515
391,24,547
391,25,548
391,26,580
391,27,612
391,28,613
391,29,645
391,30,677
391,31,709
391,32,741
391,33,740
391,34,772
391,35,804
391,36,836
391,37,868
391,38,900
391,39,932
391,40,933
391,41,934
391,42,935
392,0,822
392,1,821
392,2,820
392,3,819
392,4,787
392,5,755
392,6,754
392,7,753
392,8,721
392,9,720
392,10,719
392,11,687
392,12,686
392,13,654
392,14,622
392,15,590
392,16,558
392,17,526
392,18,494
392,19,493
392,20,492
392,21,491
392,22,459
392,23,458
392,24,426
392,25,394
392,26,393
392,27,361
392,28,329
392,29,328
392,30,327
392,31,326
392,32,325
392,33,357
392,34,356
392,35,355
392,36,387
393,0,237
393,1,238
393,2,239
393,3,207
393,4,208
393,5,209
393,6,210
393,7,211
393,8,212
393,9,213
393,10,214
393,11,215
393,12,216
393,13,217
393,14,218
393,15,250
393,16,251
393,17,252
393,18,284
393,19,285
393,20,286
393,21,287
394,0,865
394,1,866
394,2,834
394,3,802
394,4,770
394,5,738
394,6,706
394,7,674
394,8,642
394,9,610
394,10,578
394,11,579
394,12,547
394,13,515
394,14,483
394,15,451
394,16,419
394,17,387
394,18,355
394,19,323
394,20,291
394,21,292
394,22,293
394,23,261
394,24,229
394,25,197
394,26,165
394,27,133
394,28,101
394,29,69
394,30,70
395,0,590
395,1,589
395,2,588
395,3,587
395,4,555
395,5,523
395,6,491
395,7,459
395,8,458
395,9,426
395,10,394
395,11,362
395,12,330
395,13,298
395,14,266
395,15,265
395,16,233
395,17,234
395,18,202
395,19,170
395,20,138
395,21,106
395,22,74
395,23,42
395,24,10
396,0,297
396,1,265
396,2,266
396,3,267
396,4,235
396,5,236
396,6,204
396,7,205
396,8,206
396,9,207
396,10,208
396,11,240
396,12,241
396,13,273
396,14,305
396,15,306
396,16,338
396,17,370
396,18,402
396,19,403
396,20,404
397,0,155
397,1,187
397,2,219
397,3,251
397,4,252
397,5,253
397,6,254
397,7,255
397,8,287
397,9,319
397,10,351
397,11,350
397,12,349
398,0,983
398,1,982
398,2,981
398,3,980
398,4,979
398,5,947
398,6,946
398,7,945
398,8,944
398,9,943
398,10,942
398,11,974
398,12,973
398,13,972
398,14,971
398,15,970
398,16,969
398,17,968
398,18,967
398,19,935
398,20,903
398,21,902
398,22,870
398,23,869
398,24,868
398,25,867
398,26,866
398,27,865
398,28,864
398,29,832
398,30,800
398,31,801
398,32,769
398,33,737
398,34,705
398,35,673
398,36,641
398,37,609
398,38,610
398,39,578
398,40,546
398,41,514
398,42,482
398,43,450
398,44,451
398,45,419
398,46,387
398,47,386
398,48,354
398,49,322
398,50,321
398,51,320
399,0,998
399,1,966
399,2,967
399,3,999
399,4,1000
399,5,1001
399,6,1002
399,7,1003
399,8,1004
399,9,1005
399,10,1006
399,11,1007
399,12,1008
399,13,1009
399,14,977
399,15,945
399,16,913
399,17,881
399,18,882
399,19,850
399,20,818
399,21,819
399,22,820
399,23,821
399,24,822
399,25,854
399,26,855
399,27,856
399,28,857
399,29,858
399,30,890
399,31,891
399,32,923
399,33,955
399,34,987
399,35,988
399,36,1020
399,37,1021
399,38,1022
399,39,1023
