agent_id,time_step,vertex_index
0,0,768
1,0,630
2,0,708
3,0,219
4,0,935
5,0,858
6,0,800
7,0,417
8,0,20
9,0,819
10,0,324
11,0,855
12,0,910
13,0,686
14,0,97
15,0,550
16,0,690
17,0,470
18,0,374
19,0,811
20,0,569
21,0,645
22,0,123
23,0,221
24,0,698
25,0,973
26,0,790
27,0,635
28,0,972
29,0,115
30,0,901
31,0,164
32,0,880
33,0,829
34,0,981
35,0,527
36,0,547
37,0,987
38,0,155
39,0,241
40,0,888
41,0,934
42,0,787
43,0,214
44,0,528
45,0,375
46,0,349
47,0,831
48,0,771
49,0,666
50,0,54
51,0,12
52,0,333
53,0,228
54,0,816
55,0,637
56,0,581
57,0,272
58,0,99
59,0,959
60,0,212
61,0,213
62,0,131
63,0,687
64,0,622
65,0,915
66,0,381
67,0,459
68,0,517
69,0,770
70,0,127
71,0,579
72,0,689
73,0,371
74,0,449
75,0,149
76,0,418
77,0,220
78,0,955
79,0,573
80,0,183
81,0,194
82,0,542
83,0,780
84,0,728
85,0,805
86,0,191
87,0,327
88,0,469
89,0,961
90,0,42
91,0,817
92,0,250
93,0,309
94,0,266
95,0,843
96,0,363
97,0,988
98,0,911
99,0,534
100,0,740
101,0,463
102,0,767
103,0,308
104,0,872
105,0,623
106,0,225
107,0,342
108,0,801
109,0,414
110,0,893
111,0,460
112,0,562
113,0,810
114,0,748
115,0,546
116,0,355
117,0,563
118,0,707
119,0,552
120,0,755
121,0,567
122,0,163
123,0,916
124,0,288
125,0,565
126,0,251
127,0,46
128,0,960
129,0,286
130,0,22
131,0,969
132,0,317
133,0,386
134,0,782
135,0,616
136,0,1020
137,0,202
138,0,89
139,0,941
140,0,200
141,0,1021
142,0,255
143,0,210
144,0,174
145,0,1017
146,0,514
147,0,254
148,0,204
149,0,373
150,0,315
151,0,483
152,0,367
153,0,794
154,0,594
155,0,75
156,0,673
157,0,723
158,0,835
159,0,505
160,0,499
161,0,891
162,0,758
163,0,291
164,0,443
165,0,492
166,0,523
167,0,558
168,0,211
169,0,868
170,0,653
171,0,695
172,0,477
173,0,401
174,0,560
175,0,493
176,0,353
177,0,867
178,0,716
179,0,124
180,0,976
181,0,796
182,0,376
183,0,21
184,0,331
185,0,235
186,0,730
187,0,121
188,0,710
189,0,877
190,0,102
191,0,476
192,0,785
193,0,352
194,0,587
195,0,744
196,0,69
197,0,809
198,0,994
199,0,399
200,0,884
201,0,274
202,0,538
203,0,108
204,0,720
205,0,101
206,0,423
207,0,356
208,0,627
209,0,380
210,0,170
211,0,665
212,0,265
213,0,87
214,0,508
215,0,23
216,0,1019
217,0,864
218,0,284
219,0,257
220,0,932
221,0,491
222,0,408
223,0,43
224,0,176
225,0,145
226,0,222
227,0,947
228,0,803
229,0,5
230,0,507
231,0,253
232,0,608
233,0,464
234,0,435
235,0,190
236,0,909
237,0,68
238,0,2
239,0,350
240,0,606
241,0,712
242,0,874
243,0,752
244,0,503
245,0,130
246,0,345
247,0,661
248,0,329
249,0,379
250,0,320
251,0,997
252,0,40
253,0,326
254,0,6
255,0,615
256,0,35
257,0,575
258,0,234
259,0,792
260,0,450
261,0,510
262,0,444
263,0,113
264,0,709
265,0,626
266,0,59
267,0,688
268,0,494
269,0,178
270,0,34
271,0,667
272,0,873
273,0,440
274,0,341
275,0,31
276,0,479
277,0,620
278,0,80
279,0,693
280,0,882
281,0,44
282,0,223
283,0,717
284,0,936
285,0,681
286,0,1010
287,0,431
288,0,706
289,0,799
290,0,938
291,0,293
292,0,638
293,0,378
294,0,430
295,0,815
296,0,442
297,0,533
298,0,30
299,0,133
300,0,181
301,0,120
302,0,267
303,0,940
304,0,81
305,0,980
306,0,362
307,0,9
308,0,298
309,0,138
310,0,943
311,0,141
312,0,570
313,0,694
314,0,295
315,0,465
316,0,126
317,0,539
318,0,526
319,0,1004
320,0,201
321,0,158
322,0,377
323,0,714
324,0,105
325,0,305
326,0,322
327,0,841
328,0,338
329,0,70
330,0,680
331,0,735
332,0,965
333,0,1
334,0,1008
335,0,949
336,0,236
337,0,535
338,0,289
339,0,895
340,0,541
341,0,390
342,0,56
343,0,777
344,0,700
345,0,870
346,0,61
347,0,807
348,0,715
349,0,1013
350,0,36
351,0,957
352,0,894
353,0,762
354,0,157
355,0,361
356,0,217
357,0,473
358,0,96
359,0,589
360,0,39
361,0,632
362,0,742
363,0,1014
364,0,208
365,0,1000
366,0,148
367,0,649
368,0,919
369,0,933
370,0,310
371,0,862
372,0,485
373,0,733
374,0,11
375,0,763
376,0,806
377,0,159
378,0,600
379,0,10
380,0,824
381,0,881
382,0,886
383,0,229
384,0,227
385,0,41
386,0,447
387,0,592
388,0,854
389,0,64
390,0,15
391,0,584
392,0,160
393,0,568
394,0,340
395,0,437
396,0,520
397,0,948
398,0,743
399,0,421
0,1,736
1,1,598
2,1,709
3,1,251
4,1,936
5,1,858
6,1,832
7,1,449
8,1,52
9,1,787
10,1,356
11,1,823
12,1,911
13,1,686
14,1,129
15,1,551
16,1,722
17,1,502
18,1,373
19,1,812
20,1,601
21,1,613
22,1,122
23,1,189
24,1,697
25,1,974
26,1,791
27,1,603
28,1,971
29,1,115
30,1,902
31,1,165
32,1,848
33,1,797
34,1,980
35,1,526
36,1,515
37,1,955
38,1,154
39,1,273
40,1,920
41,1,935
42,1,755
43,1,213
44,1,527
45,1,374
46,1,381
47,1,830
48,1,739
49,1,698
50,1,86
51,1,11
52,1,334
53,1,260
54,1,815
55,1,669
56,1,549
57,1,272
58,1,100
59,1,958
60,1,244
61,1,245
62,1,163
63,1,719
64,1,654
65,1,914
66,1,380
67,1,491
68,1,518
69,1,770
70,1,159
71,1,547
72,1,657
73,1,403
74,1,450
75,1,150
76,1,419
77,1,219
78,1,954
79,1,605
80,1,184
81,1,226
82,1,510
83,1,779
84,1,696
85,1,806
86,1,223
87,1,328
88,1,501
89,1,929
90,1,43
91,1,816
92,1,249
93,1,277
94,1,298
95,1,844
96,1,364
97,1,987
98,1,912
99,1,533
100,1,772
101,1,462
102,1,766
103,1,307
104,1,873
105,1,622
106,1,193
107,1,310
108,1,769
109,1,413
110,1,861
111,1,459
112,1,563
113,1,811
114,1,716
115,1,545
116,1,323
117,1,531
118,1,675
119,1,553
120,1,754
121,1,535
122,1,195
123,1,915
124,1,256
125,1,564
126,1,250
127,1,78
128,1,928
129,1,285
130,1,54
131,1,970
132,1,316
133,1,387
134,1,781
135,1,617
136,1,1019
137,1,234
138,1,88
139,1,909
140,1,201
141,1,989
142,1,287
143,1,178
144,1,174
145,1,985
146,1,546
147,1,253
148,1,205
149,1,341
150,1,347
151,1,484
152,1,399
153,1,762
154,1,562
155,1,75
156,1,641
157,1,724
158,1,836
159,1,537
160,1,467
161,1,890
162,1,757
163,1,292
164,1,442
165,1,460
166,1,524
167,1,590
168,1,210
169,1,869
170,1,621
171,1,663
172,1,476
173,1,400
174,1,559
175,1,525
176,1,321
177,1,835
178,1,717
179,1,123
180,1,944
181,1,828
182,1,375
183,1,22
184,1,331
185,1,236
186,1,731
187,1,120
188,1,678
189,1,876
190,1,103
191,1,475
192,1,753
193,1,353
194,1,586
195,1,776
196,1,70
197,1,810
198,1,993
199,1,398
200,1,852
201,1,306
202,1,570
203,1,107
204,1,688
205,1,101
206,1,423
207,1,357
208,1,628
209,1,412
210,1,171
211,1,665
212,1,264
213,1,87
214,1,507
215,1,23
216,1,1018
217,1,864
218,1,283
219,1,289
220,1,900
221,1,492
222,1,409
223,1,44
224,1,208
225,1,144
226,1,254
227,1,946
228,1,771
229,1,37
230,1,506
231,1,221
232,1,609
233,1,465
234,1,436
235,1,222
236,1,910
237,1,69
238,1,34
239,1,349
240,1,574
241,1,713
242,1,842
243,1,784
244,1,504
245,1,130
246,1,377
247,1,660
248,1,297
249,1,379
250,1,320
251,1,998
252,1,41
253,1,327
254,1,38
255,1,583
256,1,36
257,1,607
258,1,233
259,1,824
260,1,418
261,1,509
262,1,443
263,1,114
264,1,710
265,1,625
266,1,60
267,1,687
268,1,493
269,1,179
270,1,66
271,1,666
272,1,874
273,1,408
274,1,340
275,1,30
276,1,478
277,1,619
278,1,112
279,1,694
280,1,883
281,1,76
282,1,255
283,1,749
284,1,904
285,1,649
286,1,1009
287,1,432
288,1,738
289,1,831
290,1,939
291,1,293
292,1,670
293,1,346
294,1,431
295,1,783
296,1,441
297,1,532
298,1,29
299,1,134
300,1,149
301,1,119
302,1,235
303,1,941
304,1,113
305,1,979
306,1,394
307,1,8
308,1,330
309,1,137
310,1,943
311,1,173
312,1,571
313,1,662
314,1,294
315,1,497
316,1,94
317,1,538
318,1,558
319,1,1005
320,1,202
321,1,190
322,1,376
323,1,682
324,1,73
325,1,304
326,1,322
327,1,809
328,1,338
329,1,102
330,1,648
331,1,734
332,1,966
333,1,33
334,1,976
335,1,948
336,1,204
337,1,503
338,1,288
339,1,894
340,1,573
341,1,422
342,1,55
343,1,745
344,1,668
345,1,870
346,1,62
347,1,775
348,1,714
349,1,1012
350,1,68
351,1,925
352,1,926
353,1,730
354,1,156
355,1,393
356,1,218
357,1,505
358,1,97
359,1,557
360,1,39
361,1,600
362,1,743
363,1,1013
364,1,240
365,1,1001
366,1,147
367,1,650
368,1,887
369,1,932
370,1,278
371,1,862
372,1,453
373,1,732
374,1,10
375,1,795
376,1,807
377,1,158
378,1,599
379,1,9
380,1,856
381,1,880
382,1,885
383,1,261
384,1,259
385,1,42
386,1,479
387,1,624
388,1,855
389,1,96
390,1,16
391,1,616
392,1,161
393,1,567
394,1,308
395,1,405
396,1,521
397,1,947
398,1,711
399,1,421
0,2,736
1,2,597
2,2,677
3,2,283
4,2,904
5,2,859
6,2,864
7,2,481
8,2,84
9,2,755
10,2,388
11,2,822
12,2,912
13,2,685
14,2,130
15,2,552
16,2,754
17,2,534
18,2,405
19,2,813
20,2,633
21,2,581
22,2,154
23,2,188
24,2,696
25,2,942
26,2,792
27,2,571
28,2,1003
29,2,147
30,2,903
31,2,197
32,2,849
33,2,765
34,2,979
35,2,494
36,2,516
37,2,923
38,2,153
39,2,305
40,2,919
41,2,936
42,2,723
43,2,212
44,2,526
45,2,373
46,2,413
47,2,798
48,2,740
49,2,699
50,2,85
51,2,11
52,2,366
53,2,292
54,2,814
55,2,668
56,2,550
57,2,273
58,2,101
59,2,957
60,2,276
61,2,246
62,2,195
63,2,719
64,2,653
65,2,882
66,2,379
67,2,523
68,2,519
69,2,771
70,2,191
71,2,515
72,2,689
73,2,403
74,2,418
75,2,151
76,2,451
77,2,187
78,2,953
79,2,604
80,2,185
81,2,225
82,2,509
83,2,778
84,2,664
85,2,807
86,2,255
87,2,329
88,2,533
89,2,897
90,2,75
91,2,815
92,2,281
93,2,245
94,2,330
95,2,845
96,2,332
97,2,986
98,2,913
99,2,532
100,2,804
101,2,461
102,2,734
103,2,306
104,2,874
105,2,621
106,2,194
107,2,278
108,2,737
109,2,445
110,2,829
111,2,491
112,2,531
113,2,812
114,2,717
115,2,513
116,2,291
117,2,499
118,2,643
119,2,554
120,2,753
121,2,503
122,2,227
123,2,883
124,2,224
125,2,563
126,2,218
127,2,77
128,2,896
129,2,253
130,2,54
131,2,971
132,2,284
133,2,419
134,2,780
135,2,585
136,2,1018
137,2,266
138,2,87
139,2,877
140,2,202
141,2,988
142,2,319
143,2,178
144,2,173
145,2,984
146,2,578
147,2,252
148,2,206
149,2,340
150,2,346
151,2,485
152,2,400
153,2,730
154,2,561
155,2,76
156,2,642
157,2,724
158,2,837
159,2,569
160,2,435
161,2,858
162,2,725
163,2,324
164,2,441
165,2,428
166,2,525
167,2,589
168,2,242
169,2,870
170,2,620
171,2,631
172,2,475
173,2,368
174,2,558
175,2,557
176,2,289
177,2,836
178,2,749
179,2,122
180,2,976
181,2,827
182,2,374
183,2,23
184,2,363
185,2,237
186,2,763
187,2,88
188,2,646
189,2,875
190,2,104
191,2,507
192,2,721
193,2,385
194,2,586
195,2,776
196,2,102
197,2,811
198,2,961
199,2,399
200,2,820
201,2,338
202,2,602
203,2,106
204,2,656
205,2,133
206,2,423
207,2,325
208,2,629
209,2,444
210,2,172
211,2,697
212,2,263
213,2,86
214,2,539
215,2,24
216,2,1017
217,2,865
218,2,315
219,2,290
220,2,901
221,2,460
222,2,410
223,2,45
224,2,240
225,2,176
226,2,286
227,2,914
228,2,739
229,2,36
230,2,474
231,2,189
232,2,610
233,2,466
234,2,437
235,2,221
236,2,911
237,2,70
238,2,66
239,2,348
240,2,542
241,2,714
242,2,810
243,2,785
244,2,536
245,2,162
246,2,376
247,2,659
248,2,265
249,2,347
250,2,321
251,2,999
252,2,42
253,2,295
254,2,38
255,2,551
256,2,68
257,2,639
258,2,201
259,2,823
260,2,386
261,2,508
262,2,443
263,2,115
264,2,711
265,2,657
266,2,61
267,2,686
268,2,492
269,2,211
270,2,67
271,2,665
272,2,842
273,2,409
274,2,339
275,2,29
276,2,477
277,2,587
278,2,113
279,2,695
280,2,851
281,2,108
282,2,254
283,2,781
284,2,872
285,2,617
286,2,1008
287,2,433
288,2,770
289,2,830
290,2,940
291,2,294
292,2,669
293,2,345
294,2,432
295,2,751
296,2,440
297,2,564
298,2,28
299,2,135
300,2,148
301,2,118
302,2,234
303,2,909
304,2,114
305,2,978
306,2,426
307,2,40
308,2,331
309,2,136
310,2,944
311,2,205
312,2,570
313,2,630
314,2,326
315,2,529
316,2,93
317,2,506
318,2,590
319,2,973
320,2,203
321,2,222
322,2,375
323,2,650
324,2,41
325,2,272
326,2,323
327,2,777
328,2,370
329,2,103
330,2,649
331,2,733
332,2,967
333,2,65
334,2,977
335,2,947
336,2,204
337,2,471
338,2,256
339,2,862
340,2,605
341,2,454
342,2,55
343,2,713
344,2,667
345,2,902
346,2,94
347,2,743
348,2,746
349,2,1011
350,2,69
351,2,893
352,2,958
353,2,698
354,2,156
355,2,392
356,2,219
357,2,537
358,2,129
359,2,556
360,2,39
361,2,568
362,2,744
363,2,1012
364,2,241
365,2,1002
366,2,146
367,2,618
368,2,886
369,2,931
370,2,277
371,2,861
372,2,421
373,2,731
374,2,10
375,2,794
376,2,808
377,2,157
378,2,598
379,2,8
380,2,824
381,2,879
382,2,884
383,2,293
384,2,259
385,2,43
386,2,511
387,2,625
388,2,856
389,2,97
390,2,48
391,2,648
392,2,193
393,2,566
394,2,309
395,2,406
396,2,489
397,2,946
398,2,679
399,2,422
0,3,737
1,3,596
2,3,678
3,3,315
4,3,905
5,3,858
6,3,865
7,3,482
8,3,116
9,3,754
10,3,388
11,3,790
12,3,913
13,3,717
14,3,131
15,3,584
16,3,786
17,3,566
18,3,404
19,3,814
20,3,633
21,3,580
22,3,153
23,3,187
24,3,695
25,3,943
26,3,793
27,3,539
28,3,971
29,3,146
30,3,903
31,3,229
32,3,849
33,3,733
34,3,978
35,3,462
36,3,517
37,3,891
38,3,185
39,3,304
40,3,951
41,3,904
42,3,724
43,3,244
44,3,525
45,3,405
46,3,445
47,3,766
48,3,741
49,3,700
50,3,84
51,3,11
52,3,398
53,3,293
54,3,782
55,3,667
56,3,551
57,3,241
58,3,102
59,3,956
60,3,308
61,3,278
62,3,227
63,3,687
64,3,652
65,3,850
66,3,378
67,3,524
68,3,520
69,3,739
70,3,223
71,3,516
72,3,688
73,3,402
74,3,386
75,3,183
76,3,483
77,3,186
78,3,952
79,3,603
80,3,217
81,3,257
82,3,508
83,3,746
84,3,632
85,3,808
86,3,287
87,3,330
88,3,565
89,3,898
90,3,107
91,3,783
92,3,313
93,3,246
94,3,362
95,3,813
96,3,333
97,3,985
98,3,881
99,3,564
100,3,805
101,3,460
102,3,734
103,3,338
104,3,842
105,3,620
106,3,195
107,3,277
108,3,705
109,3,477
110,3,828
111,3,490
112,3,499
113,3,780
114,3,716
115,3,481
116,3,292
117,3,467
118,3,642
119,3,555
120,3,752
121,3,502
122,3,259
123,3,882
124,3,224
125,3,531
126,3,218
127,3,109
128,3,864
129,3,252
130,3,54
131,3,972
132,3,284
133,3,451
134,3,779
135,3,553
136,3,1017
137,3,298
138,3,86
139,3,845
140,3,203
141,3,987
142,3,351
143,3,178
144,3,205
145,3,984
146,3,579
147,3,251
148,3,207
149,3,339
150,3,346
151,3,485
152,3,401
153,3,698
154,3,529
155,3,77
156,3,610
157,3,725
158,3,838
159,3,568
160,3,403
161,3,826
162,3,693
163,3,325
164,3,440
165,3,396
166,3,493
167,3,588
168,3,274
169,3,902
170,3,619
171,3,599
172,3,474
173,3,336
174,3,590
175,3,589
176,3,290
177,3,804
178,3,749
179,3,121
180,3,1008
181,3,859
182,3,406
183,3,24
184,3,331
185,3,238
186,3,795
187,3,56
188,3,614
189,3,874
190,3,105
191,3,506
192,3,720
193,3,417
194,3,585
195,3,775
196,3,134
197,3,812
198,3,929
199,3,400
200,3,821
201,3,370
202,3,601
203,3,138
204,3,624
205,3,101
206,3,424
207,3,326
208,3,661
209,3,443
210,3,173
211,3,665
212,3,231
213,3,85
214,3,538
215,3,25
216,3,1016
217,3,866
218,3,347
219,3,322
220,3,933
221,3,428
222,3,410
223,3,46
224,3,272
225,3,175
226,3,318
227,3,915
228,3,707
229,3,68
230,3,442
231,3,157
232,3,578
233,3,466
234,3,438
235,3,221
236,3,912
237,3,38
238,3,98
239,3,380
240,3,510
241,3,682
242,3,778
243,3,817
244,3,535
245,3,194
246,3,375
247,3,658
248,3,233
249,3,348
250,3,321
251,3,1000
252,3,43
253,3,263
254,3,39
255,3,519
256,3,69
257,3,671
258,3,200
259,3,822
260,3,354
261,3,507
262,3,475
263,3,147
264,3,712
265,3,656
266,3,62
267,3,685
268,3,492
269,3,212
270,3,99
271,3,664
272,3,843
273,3,377
274,3,371
275,3,28
276,3,476
277,3,587
278,3,114
279,3,727
280,3,852
281,3,140
282,3,253
283,3,781
284,3,840
285,3,618
286,3,1007
287,3,434
288,3,802
289,3,829
290,3,941
291,3,295
292,3,668
293,3,344
294,3,433
295,3,719
296,3,439
297,3,563
298,3,27
299,3,136
300,3,148
301,3,117
302,3,202
303,3,910
304,3,115
305,3,977
306,3,458
307,3,8
308,3,332
309,3,168
310,3,944
311,3,237
312,3,570
313,3,629
314,3,358
315,3,528
316,3,92
317,3,505
318,3,622
319,3,974
320,3,204
321,3,254
322,3,374
323,3,651
324,3,41
325,3,273
326,3,324
327,3,777
328,3,369
329,3,104
330,3,617
331,3,701
332,3,968
333,3,97
334,3,945
335,3,946
336,3,172
337,3,470
338,3,256
339,3,830
340,3,637
341,3,486
342,3,87
343,3,681
344,3,635
345,3,934
346,3,95
347,3,711
348,3,745
349,3,1010
350,3,70
351,3,861
352,3,957
353,3,697
354,3,188
355,3,392
356,3,220
357,3,569
358,3,161
359,3,557
360,3,40
361,3,536
362,3,776
363,3,1011
364,3,242
365,3,1003
366,3,145
367,3,586
368,3,885
369,3,930
370,3,245
371,3,862
372,3,420
373,3,699
374,3,10
375,3,794
376,3,809
377,3,156
378,3,597
379,3,9
380,3,792
381,3,878
382,3,883
383,3,294
384,3,291
385,3,44
386,3,511
387,3,626
388,3,857
389,3,129
390,3,80
391,3,680
392,3,225
393,3,598
394,3,310
395,3,407
396,3,457
397,3,914
398,3,647
399,3,423
0,4,705
1,4,595
2,4,646
3,4,347
4,4,906
5,4,890
6,4,865
7,4,514
8,4,148
9,4,722
10,4,387
11,4,758
12,4,881
13,4,749
14,4,132
15,4,616
16,4,785
17,4,565
18,4,403
19,4,782
20,4,632
21,4,548
22,4,185
23,4,187
24,4,695
25,4,944
26,4,794
27,4,540
28,4,970
29,4,145
30,4,904
31,4,261
32,4,850
33,4,701
34,4,977
35,4,463
36,4,518
37,4,859
38,4,217
39,4,336
40,4,983
41,4,905
42,4,692
43,4,212
44,4,524
45,4,404
46,4,477
47,4,765
48,4,742
49,4,732
50,4,52
51,4,43
52,4,430
53,4,294
54,4,781
55,4,699
56,4,552
57,4,240
58,4,103
59,4,955
60,4,307
61,4,310
62,4,259
63,4,719
64,4,684
65,4,818
66,4,377
67,4,523
68,4,520
69,4,740
70,4,255
71,4,484
72,4,687
73,4,434
74,4,354
75,4,184
76,4,515
77,4,154
78,4,951
79,4,602
80,4,249
81,4,289
82,4,476
83,4,745
84,4,600
85,4,809
86,4,319
87,4,331
88,4,564
89,4,866
90,4,139
91,4,751
92,4,312
93,4,214
94,4,394
95,4,814
96,4,334
97,4,953
98,4,849
99,4,563
100,4,837
101,4,459
102,4,733
103,4,306
104,4,843
105,4,619
106,4,163
107,4,245
108,4,673
109,4,509
110,4,796
111,4,522
112,4,467
113,4,812
114,4,717
115,4,482
116,4,260
117,4,466
118,4,610
119,4,556
120,4,784
121,4,501
122,4,291
123,4,883
124,4,225
125,4,499
126,4,186
127,4,141
128,4,832
129,4,251
130,4,86
131,4,973
132,4,284
133,4,483
134,4,747
135,4,521
136,4,1016
137,4,330
138,4,85
139,4,845
140,4,204
141,4,986
142,4,351
143,4,178
144,4,173
145,4,952
146,4,580
147,4,250
148,4,208
149,4,338
150,4,346
151,4,486
152,4,433
153,4,666
154,4,497
155,4,109
156,4,578
157,4,757
158,4,839
159,4,567
160,4,371
161,4,825
162,4,694
163,4,293
164,4,440
165,4,364
166,4,461
167,4,620
168,4,273
169,4,903
170,4,618
171,4,599
172,4,473
173,4,335
174,4,589
175,4,621
176,4,290
177,4,772
178,4,748
179,4,120
180,4,1007
181,4,858
182,4,438
183,4,56
184,4,363
185,4,239
186,4,827
187,4,55
188,4,613
189,4,873
190,4,106
191,4,505
192,4,688
193,4,449
194,4,584
195,4,776
196,4,135
197,4,813
198,4,897
199,4,401
200,4,820
201,4,402
202,4,633
203,4,137
204,4,592
205,4,69
206,4,392
207,4,327
208,4,662
209,4,442
210,4,174
211,4,665
212,4,230
213,4,84
214,4,537
215,4,24
216,4,984
217,4,834
218,4,379
219,4,321
220,4,934
221,4,396
222,4,378
223,4,47
224,4,304
225,4,207
226,4,350
227,4,947
228,4,675
229,4,100
230,4,410
231,4,158
232,4,546
233,4,498
234,4,470
235,4,222
236,4,913
237,4,70
238,4,130
239,4,348
240,4,478
241,4,650
242,4,746
243,4,817
244,4,534
245,4,226
246,4,374
247,4,657
248,4,234
249,4,349
250,4,320
251,4,1001
252,4,44
253,4,231
254,4,38
255,4,519
256,4,68
257,4,670
258,4,168
259,4,821
260,4,322
261,4,506
262,4,507
263,4,115
264,4,713
265,4,655
266,4,94
267,4,653
268,4,460
269,4,213
270,4,131
271,4,663
272,4,844
273,4,345
274,4,370
275,4,27
276,4,475
277,4,555
278,4,146
279,4,728
280,4,852
281,4,172
282,4,221
283,4,780
284,4,808
285,4,586
286,4,1006
287,4,435
288,4,803
289,4,828
290,4,942
291,4,263
292,4,667
293,4,343
294,4,465
295,4,720
296,4,439
297,4,531
298,4,59
299,4,104
300,4,147
301,4,116
302,4,170
303,4,911
304,4,114
305,4,945
306,4,490
307,4,40
308,4,333
309,4,167
310,4,912
311,4,269
312,4,538
313,4,628
314,4,390
315,4,527
316,4,124
317,4,504
318,4,623
319,4,974
320,4,205
321,4,286
322,4,373
323,4,652
324,4,9
325,4,241
326,4,325
327,4,778
328,4,368
329,4,105
330,4,585
331,4,669
332,4,969
333,4,129
334,4,946
335,4,914
336,4,171
337,4,469
338,4,224
339,4,798
340,4,637
341,4,487
342,4,119
343,4,680
344,4,603
345,4,935
346,4,127
347,4,679
348,4,744
349,4,1009
350,4,102
351,4,829
352,4,956
353,4,696
354,4,220
355,4,393
356,4,252
357,4,601
358,4,193
359,4,558
360,4,39
361,4,535
362,4,777
363,4,979
364,4,243
365,4,1004
366,4,177
367,4,587
368,4,884
369,4,898
370,4,244
371,4,894
372,4,388
373,4,698
374,4,11
375,4,826
376,4,810
377,4,155
378,4,596
379,4,8
380,4,760
381,4,877
382,4,915
383,4,326
384,4,323
385,4,76
386,4,510
387,4,627
388,4,889
389,4,161
390,4,112
391,4,712
392,4,257
393,4,597
394,4,311
395,4,375
396,4,458
397,4,882
398,4,615
399,4,424
0,5,706
1,5,595
2,5,614
3,5,346
4,5,907
5,5,922
6,5,866
7,5,546
8,5,149
9,5,690
10,5,419
11,5,757
12,5,849
13,5,781
14,5,133
15,5,617
16,5,784
17,5,564
18,5,402
19,5,750
20,5,664
21,5,516
22,5,217
23,5,186
24,5,694
25,5,912
26,5,762
27,5,540
28,5,1002
29,5,144
30,5,905
31,5,293
32,5,851
33,5,669
34,5,976
35,5,431
36,5,550
37,5,859
38,5,249
39,5,335
40,5,982
41,5,906
42,5,693
43,5,211
44,5,523
45,5,403
46,5,509
47,5,733
48,5,710
49,5,731
50,5,51
51,5,75
52,5,430
53,5,294
54,5,780
55,5,698
56,5,552
57,5,208
58,5,104
59,5,923
60,5,339
61,5,310
62,5,291
63,5,720
64,5,683
65,5,786
66,5,376
67,5,522
68,5,520
69,5,741
70,5,287
71,5,485
72,5,686
73,5,466
74,5,354
75,5,216
76,5,547
77,5,153
78,5,951
79,5,601
80,5,281
81,5,321
82,5,475
83,5,713
84,5,568
85,5,810
86,5,351
87,5,332
88,5,563
89,5,834
90,5,171
91,5,719
92,5,311
93,5,215
94,5,426
95,5,815
96,5,302
97,5,921
98,5,817
99,5,562
100,5,869
101,5,458
102,5,732
103,5,307
104,5,844
105,5,651
106,5,164
107,5,245
108,5,641
109,5,508
110,5,795
111,5,521
112,5,468
113,5,812
114,5,685
115,5,450
116,5,228
117,5,465
118,5,578
119,5,557
120,5,783
121,5,469
122,5,323
123,5,883
124,5,193
125,5,467
126,5,185
127,5,140
128,5,800
129,5,250
130,5,85
131,5,974
132,5,283
133,5,484
134,5,715
135,5,489
136,5,984
137,5,362
138,5,84
139,5,813
140,5,205
141,5,985
142,5,350
143,5,179
144,5,173
145,5,920
146,5,612
147,5,218
148,5,176
149,5,306
150,5,378
151,5,486
152,5,433
153,5,667
154,5,496
155,5,141
156,5,579
157,5,725
158,5,840
159,5,566
160,5,370
161,5,824
162,5,662
163,5,292
164,5,439
165,5,363
166,5,462
167,5,652
168,5,305
169,5,904
170,5,619
171,5,567
172,5,472
173,5,303
174,5,588
175,5,622
176,5,290
177,5,740
178,5,749
179,5,119
180,5,1007
181,5,890
182,5,470
183,5,88
184,5,331
185,5,240
186,5,826
187,5,54
188,5,581
189,5,872
190,5,107
191,5,504
192,5,687
193,5,481
194,5,616
195,5,777
196,5,167
197,5,814
198,5,865
199,5,401
200,5,788
201,5,434
202,5,632
203,5,136
204,5,560
205,5,37
206,5,393
207,5,295
208,5,663
209,5,441
210,5,175
211,5,666
212,5,229
213,5,52
214,5,505
215,5,23
216,5,983
217,5,802
218,5,347
219,5,353
220,5,935
221,5,364
222,5,379
223,5,48
224,5,336
225,5,239
226,5,382
227,5,948
228,5,643
229,5,132
230,5,410
231,5,126
232,5,545
233,5,499
234,5,502
235,5,221
236,5,914
237,5,102
238,5,162
239,5,348
240,5,477
241,5,618
242,5,714
243,5,818
244,5,533
245,5,225
246,5,406
247,5,656
248,5,235
249,5,317
250,5,320
251,5,1001
252,5,45
253,5,199
254,5,70
255,5,518
256,5,69
257,5,670
258,5,168
259,5,820
260,5,322
261,5,538
262,5,507
263,5,116
264,5,681
265,5,654
266,5,95
267,5,621
268,5,428
269,5,213
270,5,163
271,5,631
272,5,845
273,5,313
274,5,369
275,5,59
276,5,474
277,5,554
278,5,178
279,5,727
280,5,852
281,5,204
282,5,220
283,5,748
284,5,776
285,5,586
286,5,1006
287,5,436
288,5,804
289,5,827
290,5,943
291,5,231
292,5,699
293,5,342
294,5,497
295,5,721
296,5,438
297,5,532
298,5,91
299,5,105
300,5,146
301,5,148
302,5,138
303,5,879
304,5,115
305,5,944
306,5,491
307,5,39
308,5,334
309,5,166
310,5,913
311,5,301
312,5,539
313,5,627
314,5,422
315,5,526
316,5,123
317,5,503
318,5,624
319,5,942
320,5,206
321,5,318
322,5,405
323,5,653
324,5,8
325,5,241
326,5,326
327,5,779
328,5,367
329,5,106
330,5,553
331,5,637
332,5,970
333,5,161
334,5,978
335,5,882
336,5,170
337,5,437
338,5,224
339,5,766
340,5,638
341,5,519
342,5,118
343,5,648
344,5,571
345,5,936
346,5,159
347,5,647
348,5,743
349,5,1008
350,5,103
351,5,797
352,5,955
353,5,695
354,5,252
355,5,394
356,5,284
357,5,633
358,5,194
359,5,559
360,5,38
361,5,534
362,5,778
363,5,947
364,5,244
365,5,1005
366,5,209
367,5,555
368,5,916
369,5,897
370,5,212
371,5,926
372,5,356
373,5,697
374,5,12
375,5,794
376,5,811
377,5,154
378,5,628
379,5,40
380,5,728
381,5,876
382,5,915
383,5,358
384,5,355
385,5,77
386,5,542
387,5,659
388,5,889
389,5,160
390,5,113
391,5,744
392,5,289
393,5,596
394,5,343
395,5,375
396,5,457
397,5,850
398,5,583
399,5,392
0,6,707
1,6,596
2,6,614
3,6,378
4,6,908
5,6,954
6,6,898
7,6,547
8,6,181
9,6,658
10,6,420
11,6,725
12,6,817
13,6,782
14,6,134
15,6,618
16,6,784
17,6,563
18,6,401
19,6,751
20,6,663
21,6,484
22,6,249
23,6,185
24,6,662
25,6,913
26,6,762
27,6,540
28,6,970
29,6,144
30,6,906
31,6,294
32,6,883
33,6,637
34,6,1008
35,6,399
36,6,518
37,6,827
38,6,281
39,6,367
40,6,981
41,6,907
42,6,694
43,6,210
44,6,522
45,6,402
46,6,541
47,6,701
48,6,678
49,6,699
50,6,50
51,6,75
52,6,462
53,6,326
54,6,779
55,6,730
56,6,552
57,6,208
58,6,105
59,6,922
60,6,371
61,6,311
62,6,323
63,6,752
64,6,715
65,6,754
66,6,408
67,6,554
68,6,519
69,6,742
70,6,319
71,6,453
72,6,685
73,6,498
74,6,322
75,6,216
76,6,548
77,6,121
78,6,951
79,6,633
80,6,313
81,6,353
82,6,474
83,6,712
84,6,536
85,6,811
86,6,350
87,6,333
88,6,595
89,6,802
90,6,203
91,6,687
92,6,343
93,6,215
94,6,458
95,6,816
96,6,302
97,6,920
98,6,785
99,6,561
100,6,870
101,6,490
102,6,731
103,6,339
104,6,845
105,6,650
106,6,165
107,6,244
108,6,642
109,6,509
110,6,763
111,6,520
112,6,469
113,6,780
114,6,653
115,6,450
116,6,229
117,6,464
118,6,546
119,6,558
120,6,783
121,6,470
122,6,355
123,6,882
124,6,225
125,6,435
126,6,184
127,6,172
128,6,768
129,6,218
130,6,84
131,6,942
132,6,251
133,6,485
134,6,714
135,6,489
136,6,983
137,6,394
138,6,52
139,6,781
140,6,206
141,6,953
142,6,382
143,6,179
144,6,173
145,6,888
146,6,613
147,6,217
148,6,177
149,6,274
150,6,410
151,6,454
152,6,434
153,6,635
154,6,496
155,6,142
156,6,579
157,6,693
158,6,841
159,6,565
160,6,338
161,6,792
162,6,630
163,6,260
164,6,439
165,6,362
166,6,463
167,6,684
168,6,304
169,6,905
170,6,587
171,6,568
172,6,472
173,6,303
174,6,620
175,6,623
176,6,291
177,6,741
178,6,749
179,6,118
180,6,1007
181,6,889
182,6,502
183,6,89
184,6,330
185,6,272
186,6,825
187,6,54
188,6,580
189,6,840
190,6,139
191,6,503
192,6,686
193,6,513
194,6,616
195,6,809
196,6,199
197,6,815
198,6,866
199,6,369
200,6,787
201,6,466
202,6,664
203,6,135
204,6,528
205,6,5
206,6,361
207,6,263
208,6,631
209,6,440
210,6,176
211,6,667
212,6,261
213,6,51
214,6,504
215,6,22
216,6,982
217,6,770
218,6,379
219,6,385
220,6,936
221,6,363
222,6,380
223,6,80
224,6,336
225,6,238
226,6,381
227,6,949
228,6,643
229,6,164
230,6,409
231,6,94
232,6,545
233,6,467
234,6,534
235,6,220
236,6,915
237,6,103
238,6,194
239,6,347
240,6,445
241,6,619
242,6,682
243,6,818
244,6,532
245,6,257
246,6,438
247,6,655
248,6,235
249,6,349
250,6,320
251,6,1002
252,6,46
253,6,200
254,6,102
255,6,486
256,6,70
257,6,669
258,6,167
259,6,819
260,6,290
261,6,570
262,6,508
263,6,148
264,6,713
265,6,622
266,6,127
267,6,589
268,6,396
269,6,245
270,6,195
271,6,599
272,6,813
273,6,345
274,6,368
275,6,91
276,6,473
277,6,553
278,6,178
279,6,727
280,6,884
281,6,236
282,6,219
283,6,748
284,6,775
285,6,586
286,6,974
287,6,468
288,6,805
289,6,826
290,6,911
291,6,231
292,6,698
293,6,341
294,6,465
295,6,722
296,6,437
297,6,564
298,6,123
299,6,106
300,6,145
301,6,147
302,6,137
303,6,847
304,6,116
305,6,943
306,6,523
307,6,38
308,6,335
309,6,166
310,6,881
311,6,301
312,6,507
313,6,626
314,6,421
315,6,525
316,6,122
317,6,471
318,6,625
319,6,910
320,6,207
321,6,317
322,6,404
323,6,654
324,6,8
325,6,240
326,6,327
327,6,747
328,6,366
329,6,107
330,6,521
331,6,605
332,6,971
333,6,193
334,6,978
335,6,850
336,6,202
337,6,405
338,6,224
339,6,734
340,6,670
341,6,551
342,6,117
343,6,647
344,6,539
345,6,968
346,6,191
347,6,615
348,6,743
349,6,1009
350,6,104
351,6,765
352,6,987
353,6,695
354,6,284
355,6,426
356,6,316
357,6,665
358,6,226
359,6,560
360,6,37
361,6,533
362,6,810
363,6,979
364,6,276
365,6,1006
366,6,241
367,6,556
368,6,916
369,6,896
370,6,211
371,6,925
372,6,324
373,6,696
374,6,13
375,6,794
376,6,812
377,6,153
378,6,627
379,6,39
380,6,728
381,6,875
382,6,947
383,6,390
384,6,387
385,6,109
386,6,542
387,6,660
388,6,921
389,6,161
390,6,114
391,6,776
392,6,321
393,6,628
394,6,375
395,6,376
396,6,457
397,6,849
398,6,584
399,6,393
0,7,708
1,7,597
2,7,615
3,7,377
4,7,909
5,7,954
6,7,930
7,7,548
8,7,213
9,7,657
10,7,421
11,7,693
12,7,785
13,7,750
14,7,135
15,7,618
16,7,783
17,7,595
18,7,433
19,7,752
20,7,662
21,7,483
22,7,281
23,7,185
24,7,661
25,7,881
26,7,763
27,7,541
28,7,1002
29,7,176
30,7,874
31,7,295
32,7,915
33,7,605
34,7,1007
35,7,398
36,7,519
37,7,795
38,7,313
39,7,399
40,7,980
41,7,908
42,7,695
43,7,209
44,7,554
45,7,401
46,7,542
47,7,669
48,7,679
49,7,700
50,7,49
51,7,107
52,7,494
53,7,358
54,7,778
55,7,762
56,7,553
57,7,240
58,7,106
59,7,890
60,7,370
61,7,343
62,7,355
63,7,784
64,7,714
65,7,722
66,7,407
67,7,586
68,7,551
69,7,710
70,7,351
71,7,454
72,7,684
73,7,499
74,7,290
75,7,184
76,7,580
77,7,120
78,7,983
79,7,632
80,7,345
81,7,385
82,7,473
83,7,680
84,7,537
85,7,812
86,7,382
87,7,334
88,7,627
89,7,770
90,7,235
91,7,686
92,7,342
93,7,215
94,7,459
95,7,817
96,7,301
97,7,919
98,7,753
99,7,560
100,7,902
101,7,522
102,7,699
103,7,371
104,7,845
105,7,649
106,7,133
107,7,243
108,7,610
109,7,508
110,7,731
111,7,520
112,7,437
113,7,781
114,7,621
115,7,450
116,7,197
117,7,432
118,7,514
119,7,559
120,7,782
121,7,469
122,7,387
123,7,882
124,7,193
125,7,434
126,7,183
127,7,171
128,7,736
129,7,217
130,7,116
131,7,910
132,7,250
133,7,517
134,7,682
135,7,490
136,7,982
137,7,426
138,7,51
139,7,749
140,7,207
141,7,921
142,7,414
143,7,147
144,7,173
145,7,856
146,7,645
147,7,216
148,7,178
149,7,242
150,7,442
151,7,486
152,7,402
153,7,603
154,7,464
155,7,174
156,7,547
157,7,694
158,7,842
159,7,564
160,7,306
161,7,760
162,7,598
163,7,228
164,7,438
165,7,361
166,7,431
167,7,683
168,7,336
169,7,906
170,7,555
171,7,536
172,7,471
173,7,302
174,7,652
175,7,624
176,7,259
177,7,709
178,7,748
179,7,150
180,7,1006
181,7,889
182,7,534
183,7,89
184,7,329
185,7,304
186,7,824
187,7,22
188,7,579
189,7,839
190,7,140
191,7,502
192,7,654
193,7,545
194,7,616
195,7,841
196,7,231
197,7,816
198,7,834
199,7,369
200,7,755
201,7,498
202,7,664
203,7,167
204,7,496
205,7,6
206,7,393
207,7,264
208,7,599
209,7,472
210,7,177
211,7,667
212,7,293
213,7,50
214,7,503
215,7,21
216,7,981
217,7,771
218,7,378
219,7,417
220,7,968
221,7,331
222,7,380
223,7,112
224,7,368
225,7,237
226,7,413
227,7,949
228,7,642
229,7,163
230,7,410
231,7,62
232,7,544
233,7,435
234,7,566
235,7,219
236,7,916
237,7,104
238,7,226
239,7,347
240,7,444
241,7,620
242,7,650
243,7,786
244,7,531
245,7,289
246,7,470
247,7,623
248,7,236
249,7,350
250,7,321
251,7,1003
252,7,47
253,7,168
254,7,103
255,7,485
256,7,102
257,7,668
258,7,166
259,7,818
260,7,291
261,7,569
262,7,540
263,7,148
264,7,745
265,7,590
266,7,127
267,7,557
268,7,364
269,7,277
270,7,227
271,7,567
272,7,814
273,7,346
274,7,400
275,7,123
276,7,441
277,7,521
278,7,179
279,7,727
280,7,885
281,7,204
282,7,218
283,7,747
284,7,743
285,7,587
286,7,973
287,7,468
288,7,806
289,7,825
290,7,912
291,7,230
292,7,697
293,7,340
294,7,466
295,7,723
296,7,436
297,7,532
298,7,122
299,7,74
300,7,144
301,7,146
302,7,137
303,7,815
304,7,117
305,7,942
306,7,523
307,7,37
308,7,303
309,7,165
310,7,849
311,7,333
312,7,475
313,7,594
314,7,453
315,7,525
316,7,154
317,7,439
318,7,626
319,7,911
320,7,208
321,7,349
322,7,403
323,7,655
324,7,8
325,7,239
326,7,328
327,7,715
328,7,366
329,7,139
330,7,489
331,7,573
332,7,972
333,7,194
334,7,979
335,7,850
336,7,201
337,7,373
338,7,224
339,7,734
340,7,670
341,7,552
342,7,149
343,7,647
344,7,507
345,7,969
346,7,223
347,7,583
348,7,742
349,7,1008
350,7,105
351,7,733
352,7,986
353,7,663
354,7,316
355,7,458
356,7,348
357,7,666
358,7,225
359,7,528
360,7,69
361,7,501
362,7,811
363,7,947
364,7,308
365,7,974
366,7,273
367,7,524
368,7,948
369,7,864
370,7,210
371,7,924
372,7,292
373,7,696
374,7,45
375,7,826
376,7,813
377,7,121
378,7,659
379,7,38
380,7,728
381,7,843
382,7,946
383,7,422
384,7,419
385,7,141
386,7,574
387,7,692
388,7,922
389,7,162
390,7,115
391,7,808
392,7,353
393,7,660
394,7,376
395,7,344
396,7,457
397,7,848
398,7,585
399,7,394
0,8,709
1,8,565
2,8,583
3,8,376
4,8,910
5,8,954
6,8,931
7,8,580
8,8,245
9,8,625
10,8,422
11,8,661
12,8,753
13,8,751
14,8,136
15,8,619
16,8,784
17,8,627
18,8,432
19,8,720
20,8,694
21,8,482
22,8,313
23,8,185
24,8,660
25,8,849
26,8,731
27,8,509
28,8,1001
29,8,208
30,8,842
31,8,327
32,8,916
33,8,573
34,8,1006
35,8,366
36,8,551
37,8,763
38,8,312
39,8,398
40,8,979
41,8,909
42,8,663
43,8,177
44,8,522
45,8,401
46,8,574
47,8,637
48,8,680
49,8,732
50,8,81
51,8,139
52,8,526
53,8,390
54,8,810
55,8,794
56,8,554
57,8,239
58,8,107
59,8,889
60,8,371
61,8,375
62,8,387
63,8,785
64,8,713
65,8,690
66,8,406
67,8,586
68,8,550
69,8,711
70,8,350
71,8,453
72,8,683
73,8,531
74,8,291
75,8,184
76,8,612
77,8,119
78,8,982
79,8,631
80,8,377
81,8,417
82,8,472
83,8,648
84,8,505
85,8,780
86,8,414
87,8,335
88,8,626
89,8,738
90,8,267
91,8,685
92,8,374
93,8,183
94,8,491
95,8,818
96,8,302
97,8,887
98,8,721
99,8,592
100,8,934
101,8,521
102,8,698
103,8,403
104,8,845
105,8,617
106,8,101
107,8,242
108,8,578
109,8,507
110,8,699
111,8,519
112,8,405
113,8,813
114,8,589
115,8,450
116,8,165
117,8,400
118,8,514
119,8,560
120,8,781
121,8,468
122,8,419
123,8,881
124,8,161
125,8,433
126,8,151
127,8,170
128,8,737
129,8,216
130,8,148
131,8,911
132,8,218
133,8,518
134,8,650
135,8,490
136,8,981
137,8,458
138,8,50
139,8,717
140,8,207
141,8,920
142,8,413
143,8,146
144,8,173
145,8,855
146,8,677
147,8,215
148,8,179
149,8,241
150,8,474
151,8,486
152,8,434
153,8,571
154,8,463
155,8,175
156,8,515
157,8,695
158,8,843
159,8,563
160,8,274
161,8,760
162,8,599
163,8,229
164,8,437
165,8,362
166,8,431
167,8,682
168,8,368
169,8,907
170,8,556
171,8,537
172,8,470
173,8,303
174,8,684
175,8,656
176,8,227
177,8,710
178,8,749
179,8,150
180,8,974
181,8,921
182,8,566
183,8,121
184,8,361
185,8,336
186,8,823
187,8,21
188,8,547
189,8,839
190,8,141
191,8,501
192,8,622
193,8,546
194,8,616
195,8,873
196,8,263
197,8,816
198,8,802
199,8,370
200,8,723
201,8,499
202,8,664
203,8,166
204,8,464
205,8,38
206,8,392
207,8,265
208,8,600
209,8,504
210,8,178
211,8,668
212,8,292
213,8,49
214,8,471
215,8,20
216,8,980
217,8,772
218,8,410
219,8,449
220,8,969
221,8,299
222,8,381
223,8,144
224,8,369
225,8,236
226,8,445
227,8,949
228,8,610
229,8,195
230,8,442
231,8,61
232,8,545
233,8,467
234,8,598
235,8,219
236,8,884
237,8,105
238,8,225
239,8,346
240,8,412
241,8,621
242,8,618
243,8,787
244,8,532
245,8,321
246,8,502
247,8,623
248,8,204
249,8,318
250,8,322
251,8,1004
252,8,48
253,8,168
254,8,104
255,8,484
256,8,103
257,8,700
258,8,134
259,8,850
260,8,259
261,8,601
262,8,539
263,8,149
264,8,746
265,8,558
266,8,127
267,8,525
268,8,363
269,8,277
270,8,228
271,8,567
272,8,782
273,8,378
274,8,399
275,8,155
276,8,409
277,8,520
278,8,211
279,8,727
280,8,886
281,8,203
282,8,217
283,8,779
284,8,742
285,8,588
286,8,1005
287,8,436
288,8,807
289,8,824
290,8,913
291,8,231
292,8,665
293,8,339
294,8,466
295,8,724
296,8,435
297,8,533
298,8,122
299,8,75
300,8,176
301,8,145
302,8,137
303,8,783
304,8,118
305,8,941
306,8,555
307,8,69
308,8,304
309,8,133
310,8,817
311,8,333
312,8,443
313,8,562
314,8,485
315,8,524
316,8,153
317,8,438
318,8,658
319,8,912
320,8,240
321,8,348
322,8,402
323,8,655
324,8,8
325,8,238
326,8,329
327,8,716
328,8,334
329,8,140
330,8,489
331,8,541
332,8,973
333,8,226
334,8,947
335,8,851
336,8,200
337,8,341
338,8,224
339,8,733
340,8,669
341,8,552
342,8,181
343,8,615
344,8,475
345,8,970
346,8,255
347,8,584
348,8,741
349,8,976
350,8,106
351,8,701
352,8,985
353,8,662
354,8,315
355,8,459
356,8,380
357,8,667
358,8,257
359,8,496
360,8,68
361,8,469
362,8,812
363,8,915
364,8,309
365,8,942
366,8,305
367,8,492
368,8,948
369,8,832
370,8,209
371,8,924
372,8,260
373,8,696
374,8,45
375,8,826
376,8,814
377,8,120
378,8,691
379,8,37
380,8,728
381,8,811
382,8,945
383,8,454
384,8,451
385,8,142
386,8,606
387,8,693
388,8,923
389,8,194
390,8,116
391,8,840
392,8,385
393,8,659
394,8,408
395,8,345
396,8,457
397,8,847
398,8,553
399,8,394
0,9,741
1,9,597
2,9,584
3,9,375
4,9,911
5,9,954
6,9,932
7,9,612
8,9,246
9,9,624
10,9,422
11,9,629
12,9,721
13,9,752
14,9,137
15,9,619
16,9,785
17,9,659
18,9,464
19,9,688
20,9,693
21,9,450
22,9,345
23,9,184
24,9,660
25,9,850
26,9,731
27,9,508
28,9,1000
29,9,207
30,9,810
31,9,328
32,9,916
33,9,541
34,9,1005
35,9,366
36,9,551
37,9,763
38,9,344
39,9,430
40,9,978
41,9,910
42,9,663
43,9,145
44,9,522
45,9,400
46,9,575
47,9,605
48,9,681
49,9,733
50,9,113
51,9,171
52,9,558
53,9,390
54,9,809
55,9,793
56,9,555
57,9,238
58,9,108
59,9,888
60,9,370
61,9,407
62,9,419
63,9,817
64,9,745
65,9,689
66,9,405
67,9,585
68,9,550
69,9,712
70,9,382
71,9,421
72,9,682
73,9,563
74,9,292
75,9,216
76,9,613
77,9,151
78,9,981
79,9,630
80,9,409
81,9,449
82,9,471
83,9,647
84,9,473
85,9,781
86,9,413
87,9,303
88,9,625
89,9,739
90,9,299
91,9,653
92,9,406
93,9,183
94,9,523
95,9,819
96,9,334
97,9,887
98,9,722
99,9,592
100,9,935
101,9,520
102,9,697
103,9,402
104,9,845
105,9,616
106,9,101
107,9,242
108,9,546
109,9,539
110,9,698
111,9,518
112,9,373
113,9,814
114,9,589
115,9,418
116,9,133
117,9,368
118,9,482
119,9,561
120,9,813
121,9,467
122,9,451
123,9,880
124,9,129
125,9,433
126,9,150
127,9,202
128,9,705
129,9,215
130,9,147
131,9,912
132,9,186
133,9,486
134,9,618
135,9,489
136,9,980
137,9,490
138,9,50
139,9,685
140,9,239
141,9,920
142,9,445
143,9,114
144,9,173
145,9,854
146,9,709
147,9,214
148,9,179
149,9,209
150,9,506
151,9,485
152,9,466
153,9,570
154,9,462
155,9,175
156,9,514
157,9,727
158,9,844
159,9,595
160,9,273
161,9,760
162,9,567
163,9,197
164,9,436
165,9,361
166,9,432
167,9,714
168,9,367
169,9,908
170,9,524
171,9,505
172,9,469
173,9,302
174,9,683
175,9,657
176,9,226
177,9,711
178,9,749
179,9,149
180,9,1006
181,9,921
182,9,598
183,9,122
184,9,329
185,9,336
186,9,822
187,9,20
188,9,515
189,9,807
190,9,142
191,9,533
192,9,590
193,9,547
194,9,615
195,9,874
196,9,264
197,9,848
198,9,803
199,9,338
200,9,724
201,9,531
202,9,664
203,9,165
204,9,463
205,9,39
206,9,424
207,9,233
208,9,568
209,9,503
210,9,146
211,9,667
212,9,324
213,9,81
214,9,439
215,9,19
216,9,948
217,9,772
218,9,410
219,9,481
220,9,970
221,9,298
222,9,349
223,9,176
224,9,369
225,9,235
226,9,477
227,9,949
228,9,578
229,9,227
230,9,441
231,9,29
232,9,513
233,9,435
234,9,599
235,9,219
236,9,885
237,9,73
238,9,224
239,9,378
240,9,444
241,9,621
242,9,586
243,9,788
244,9,532
245,9,353
246,9,534
247,9,622
248,9,205
249,9,318
250,9,323
251,9,972
252,9,49
253,9,168
254,9,136
255,9,484
256,9,104
257,9,732
258,9,102
259,9,882
260,9,259
261,9,600
262,9,571
263,9,181
264,9,747
265,9,557
266,9,127
267,9,493
268,9,331
269,9,309
270,9,229
271,9,566
272,9,783
273,9,379
274,9,431
275,9,187
276,9,408
277,9,519
278,9,212
279,9,728
280,9,886
281,9,203
282,9,217
283,9,778
284,9,710
285,9,556
286,9,1004
287,9,468
288,9,808
289,9,823
290,9,881
291,9,231
292,9,665
293,9,307
294,9,498
295,9,692
296,9,434
297,9,565
298,9,154
299,9,76
300,9,177
301,9,144
302,9,105
303,9,784
304,9,119
305,9,940
306,9,587
307,9,68
308,9,272
309,9,132
310,9,818
311,9,332
312,9,442
313,9,562
314,9,517
315,9,525
316,9,121
317,9,437
318,9,626
319,9,913
320,9,241
321,9,380
322,9,401
323,9,656
324,9,8
325,9,237
326,9,330
327,9,717
328,9,333
329,9,141
330,9,457
331,9,509
332,9,974
333,9,225
334,9,915
335,9,851
336,9,199
337,9,340
338,9,256
339,9,701
340,9,668
341,9,553
342,9,213
343,9,583
344,9,443
345,9,971
346,9,287
347,9,552
348,9,740
349,9,976
350,9,107
351,9,669
352,9,984
353,9,661
354,9,347
355,9,491
356,9,412
357,9,699
358,9,289
359,9,497
360,9,67
361,9,501
362,9,812
363,9,883
364,9,310
365,9,943
366,9,304
367,9,460
368,9,947
369,9,800
370,9,208
371,9,956
372,9,228
373,9,695
374,9,45
375,9,826
376,9,782
377,9,88
378,9,690
379,9,36
380,9,696
381,9,779
382,9,944
383,9,454
384,9,483
385,9,174
386,9,606
387,9,725
388,9,924
389,9,193
390,9,117
391,9,872
392,9,417
393,9,691
394,9,440
395,9,346
396,9,458
397,9,815
398,9,521
399,9,362
0,10,742
1,10,565
2,10,552
3,10,374
4,10,912
5,10,954
6,10,933
7,10,613
8,10,278
9,10,592
10,10,454
11,10,597
12,10,722
13,10,753
14,10,138
15,10,618
16,10,817
17,10,691
18,10,463
19,10,656
20,10,692
21,10,418
22,10,377
23,10,183
24,10,659
25,10,851
26,10,699
27,10,476
28,10,999
29,10,206
30,10,778
31,10,327
32,10,948
33,10,540
34,10,1004
35,10,334
36,10,519
37,10,731
38,10,376
39,10,429
40,10,977
41,10,911
42,10,663
43,10,144
44,10,521
45,10,399
46,10,607
47,10,573
48,10,682
49,10,734
50,10,145
51,10,203
52,10,590
53,10,390
54,10,841
55,10,825
56,10,556
57,10,237
58,10,109
59,10,856
60,10,369
61,10,439
62,10,451
63,10,849
64,10,745
65,10,688
66,10,404
67,10,617
68,10,550
69,10,744
70,10,381
71,10,422
72,10,650
73,10,595
74,10,293
75,10,217
76,10,614
77,10,150
78,10,980
79,10,629
80,10,441
81,10,481
82,10,470
83,10,615
84,10,474
85,10,782
86,10,445
87,10,304
88,10,657
89,10,740
90,10,331
91,10,621
92,10,405
93,10,215
94,10,555
95,10,820
96,10,335
97,10,855
98,10,723
99,10,560
100,10,967
101,10,520
102,10,696
103,10,434
104,10,877
105,10,616
106,10,133
107,10,210
108,10,547
109,10,538
110,10,666
111,10,517
112,10,341
113,10,814
114,10,588
115,10,417
116,10,134
117,10,367
118,10,450
119,10,562
120,10,845
121,10,466
122,10,483
123,10,879
124,10,130
125,10,432
126,10,149
127,10,201
128,10,706
129,10,214
130,10,146
131,10,913
132,10,154
133,10,518
134,10,586
135,10,457
136,10,979
137,10,522
138,10,51
139,10,686
140,10,240
141,10,888
142,10,477
143,10,113
144,10,173
145,10,854
146,10,741
147,10,213
148,10,147
149,10,177
150,10,507
151,10,485
152,10,498
153,10,571
154,10,462
155,10,176
156,10,482
157,10,727
158,10,812
159,10,627
160,10,241
161,10,760
162,10,535
163,10,229
164,10,435
165,10,329
166,10,464
167,10,746
168,10,366
169,10,909
170,10,525
171,10,473
172,10,468
173,10,301
174,10,715
175,10,658
176,10,194
177,10,712
178,10,781
179,10,148
180,10,1005
181,10,921
182,10,630
183,10,123
184,10,328
185,10,368
186,10,821
187,10,20
188,10,516
189,10,775
190,10,174
191,10,532
192,10,589
193,10,579
194,10,583
195,10,906
196,10,265
197,10,880
198,10,804
199,10,338
200,10,725
201,10,563
202,10,664
203,10,197
204,10,431
205,10,40
206,10,423
207,10,233
208,10,569
209,10,502
210,10,114
211,10,667
212,10,356
213,10,80
214,10,438
215,10,19
216,10,947
217,10,771
218,10,409
219,10,513
220,10,971
221,10,266
222,10,317
223,10,208
224,10,401
225,10,234
226,10,509
227,10,981
228,10,546
229,10,259
230,10,440
231,10,28
232,10,514
233,10,403
234,10,631
235,10,219
236,10,886
237,10,74
238,10,256
239,10,346
240,10,443
241,10,622
242,10,587
243,10,788
244,10,564
245,10,385
246,10,566
247,10,654
248,10,205
249,10,318
250,10,324
251,10,973
252,10,50
253,10,136
254,10,137
255,10,484
256,10,105
257,10,733
258,10,101
259,10,850
260,10,260
261,10,599
262,10,603
263,10,181
264,10,748
265,10,558
266,10,127
267,10,492
268,10,330
269,10,309
270,10,261
271,10,598
272,10,784
273,10,380
274,10,430
275,10,186
276,10,407
277,10,487
278,10,244
279,10,728
280,10,887
281,10,202
282,10,185
283,10,777
284,10,678
285,10,524
286,10,1003
287,10,467
288,10,809
289,10,822
290,10,882
291,10,230
292,10,665
293,10,306
294,10,499
295,10,724
296,10,433
297,10,533
298,10,122
299,10,77
300,10,178
301,10,112
302,10,73
303,10,785
304,10,120
305,10,939
306,10,619
307,10,67
308,10,273
309,10,164
310,10,786
311,10,364
312,10,410
313,10,594
314,10,549
315,10,557
316,10,89
317,10,436
318,10,626
319,10,914
320,10,242
321,10,412
322,10,400
323,10,624
324,10,8
325,10,236
326,10,362
327,10,685
328,10,332
329,10,142
330,10,458
331,10,508
332,10,1006
333,10,224
334,10,916
335,10,819
336,10,231
337,10,339
338,10,257
339,10,701
340,10,668
341,10,554
342,10,245
343,10,551
344,10,442
345,10,972
346,10,319
347,10,553
348,10,772
349,10,976
350,10,108
351,10,670
352,10,983
353,10,660
354,10,379
355,10,490
356,10,444
357,10,700
358,10,321
359,10,497
360,10,66
361,10,469
362,10,813
363,10,883
364,10,342
365,10,942
366,10,336
367,10,461
368,10,946
369,10,768
370,10,207
371,10,924
372,10,228
373,10,694
374,10,45
375,10,826
376,10,783
377,10,87
378,10,689
379,10,35
380,10,695
381,10,747
382,10,943
383,10,486
384,10,515
385,10,175
386,10,605
387,10,757
388,10,892
389,10,225
390,10,117
391,10,904
392,10,449
393,10,690
394,10,472
395,10,347
396,10,426
397,10,815
398,10,489
399,10,363
0,11,710
1,11,533
2,11,553
3,11,373
4,11,913
5,11,954
6,11,934
7,11,645
8,11,279
9,11,560
10,11,454
11,11,565
12,11,723
13,11,754
14,11,139
15,11,650
16,11,816
17,11,690
18,11,463
19,11,657
20,11,724
21,11,386
22,11,409
23,11,151
24,11,658
25,11,819
26,11,700
27,11,444
28,11,998
29,11,238
30,11,746
31,11,295
32,11,980
33,11,508
34,11,1003
35,11,302
36,11,551
37,11,699
38,11,375
39,11,461
40,11,1009
41,11,912
42,11,662
43,11,112
44,11,520
45,11,431
46,11,639
47,11,541
48,11,683
49,11,735
50,11,144
51,11,235
52,11,622
53,11,422
54,11,873
55,11,824
56,11,557
57,11,236
58,11,141
59,11,855
60,11,401
61,11,471
62,11,483
63,11,848
64,11,777
65,11,656
66,11,403
67,11,617
68,11,518
69,11,744
70,11,380
71,11,423
72,11,649
73,11,594
74,11,294
75,11,249
76,11,615
77,11,149
78,11,979
79,11,661
80,11,473
81,11,513
82,11,469
83,11,583
84,11,442
85,11,750
86,11,477
87,11,304
88,11,689
89,11,741
90,11,363
91,11,620
92,11,437
93,11,216
94,11,556
95,11,852
96,11,336
97,11,854
98,11,691
99,11,559
100,11,968
101,11,552
102,11,695
103,11,466
104,11,878
105,11,616
106,11,134
107,11,209
108,11,548
109,11,570
110,11,665
111,11,485
112,11,342
113,11,815
114,11,588
115,11,449
116,11,135
117,11,335
118,11,418
119,11,563
120,11,844
121,11,465
122,11,515
123,11,879
124,11,131
125,11,400
126,11,148
127,11,200
128,11,707
129,11,213
130,11,178
131,11,914
132,11,122
133,11,486
134,11,618
135,11,458
136,11,978
137,11,554
138,11,19
139,11,687
140,11,241
141,11,856
142,11,509
143,11,114
144,11,173
145,11,822
146,11,742
147,11,212
148,11,115
149,11,145
150,11,539
151,11,453
152,11,498
153,11,571
154,11,430
155,11,177
156,11,450
157,11,727
158,11,813
159,11,628
160,11,273
161,11,760
162,11,503
163,11,228
164,11,434
165,11,328
166,11,464
167,11,745
168,11,398
169,11,877
170,11,493
171,11,474
172,11,467
173,11,269
174,11,714
175,11,626
176,11,162
177,11,713
178,11,781
179,11,147
180,11,1004
181,11,921
182,11,629
183,11,91
184,11,327
185,11,369
186,11,820
187,11,52
188,11,516
189,11,743
190,11,175
191,11,564
192,11,590
193,11,578
194,11,584
195,11,938
196,11,297
197,11,881
198,11,805
199,11,306
200,11,757
201,11,595
202,11,696
203,11,229
204,11,432
205,11,41
206,11,424
207,11,201
208,11,569
209,11,501
210,11,146
211,11,667
212,11,388
213,11,48
214,11,438
215,11,20
216,11,948
217,11,770
218,11,441
219,11,545
220,11,972
221,11,234
222,11,285
223,11,240
224,11,402
225,11,233
226,11,510
227,11,981
228,11,514
229,11,291
230,11,408
231,11,27
232,11,482
233,11,371
234,11,663
235,11,219
236,11,887
237,11,75
238,11,288
239,11,345
240,11,443
241,11,621
242,11,555
243,11,788
244,11,596
245,11,417
246,11,598
247,11,653
248,11,205
249,11,318
250,11,325
251,11,974
252,11,51
253,11,104
254,11,138
255,11,484
256,11,106
257,11,734
258,11,69
259,11,849
260,11,259
261,11,631
262,11,635
263,11,181
264,11,780
265,11,526
266,11,127
267,11,460
268,11,298
269,11,341
270,11,293
271,11,597
272,11,785
273,11,348
274,11,429
275,11,185
276,11,406
277,11,519
278,11,276
279,11,728
280,11,919
281,11,202
282,11,184
283,11,809
284,11,646
285,11,492
286,11,1002
287,11,499
288,11,810
289,11,821
290,11,850
291,11,230
292,11,664
293,11,274
294,11,531
295,11,725
296,11,433
297,11,534
298,11,123
299,11,78
300,11,210
301,11,80
302,11,73
303,11,753
304,11,121
305,11,907
306,11,651
307,11,66
308,11,305
309,11,163
310,11,786
311,11,396
312,11,378
313,11,562
314,11,581
315,11,589
316,11,88
317,11,435
318,11,627
319,11,915
320,11,243
321,11,412
322,11,399
323,11,592
324,11,8
325,11,204
326,11,330
327,11,686
328,11,331
329,11,174
330,11,426
331,11,476
332,11,1007
333,11,256
334,11,884
335,11,787
336,11,231
337,11,338
338,11,225
339,11,701
340,11,668
341,11,586
342,11,277
343,11,550
344,11,410
345,11,973
346,11,351
347,11,521
348,11,771
349,11,976
350,11,109
351,11,671
352,11,982
353,11,659
354,11,379
355,11,522
356,11,445
357,11,732
358,11,353
359,11,497
360,11,98
361,11,468
362,11,814
363,11,851
364,11,374
365,11,910
366,11,368
367,11,462
368,11,945
369,11,736
370,11,206
371,11,923
372,11,227
373,11,693
374,11,45
375,11,826
376,11,751
377,11,86
378,11,721
379,11,67
380,11,694
381,11,715
382,11,942
383,11,487
384,11,547
385,11,176
386,11,604
387,11,758
388,11,892
389,11,224
390,11,117
391,11,936
392,11,481
393,11,722
394,11,504
395,11,315
396,11,394
397,11,783
398,11,490
399,11,364
0,12,678
1,12,501
2,12,521
3,12,373
4,12,914
5,12,954
6,12,935
7,12,646
8,12,311
9,12,528
10,12,486
11,12,533
12,12,724
13,12,786
14,12,140
15,12,650
16,12,784
17,12,722
18,12,463
19,12,625
20,12,692
21,12,354
22,12,441
23,12,150
24,12,657
25,12,787
26,12,668
27,12,412
28,12,966
29,12,206
30,12,714
31,12,327
32,12,1012
33,12,476
34,12,1002
35,12,302
36,12,552
37,12,700
38,12,407
39,12,493
40,12,1009
41,12,913
42,12,663
43,12,80
44,12,520
45,12,430
46,12,638
47,12,509
48,12,651
49,12,767
50,12,144
51,12,267
52,12,623
53,12,454
54,12,872
55,12,823
56,12,558
57,12,236
58,12,142
59,12,854
60,12,433
61,12,472
62,12,515
63,12,880
64,12,776
65,12,624
66,12,371
67,12,649
68,12,550
69,12,745
70,12,379
71,12,424
72,12,648
73,12,594
74,12,295
75,12,281
76,12,616
77,12,148
78,12,978
79,12,662
80,12,505
81,12,545
82,12,468
83,12,551
84,12,410
85,12,751
86,12,478
87,12,305
88,12,688
89,12,742
90,12,364
91,12,619
92,12,469
93,12,217
94,12,588
95,12,884
96,12,304
97,12,886
98,12,659
99,12,559
100,12,969
101,12,584
102,12,727
103,12,498
104,12,879
105,12,617
106,12,135
107,12,208
108,12,516
109,12,602
110,12,633
111,12,517
112,12,343
113,12,816
114,12,589
115,12,450
116,12,136
117,12,303
118,12,386
119,12,595
120,12,843
121,12,466
122,12,547
123,12,847
124,12,99
125,12,401
126,12,147
127,12,199
128,12,708
129,12,212
130,12,210
131,12,946
132,12,154
133,12,485
134,12,618
135,12,426
136,12,977
137,12,586
138,12,51
139,12,655
140,12,242
141,12,855
142,12,510
143,12,115
144,12,172
145,12,821
146,12,743
147,12,211
148,12,116
149,12,113
150,12,571
151,12,453
152,12,499
153,12,570
154,12,398
155,12,178
156,12,418
157,12,728
158,12,814
159,12,660
160,12,241
161,12,792
162,12,471
163,12,228
164,12,402
165,12,328
166,12,465
167,12,777
168,12,399
169,12,878
170,12,494
171,12,473
172,12,435
173,12,237
174,12,713
175,12,626
176,12,163
177,12,681
178,12,813
179,12,146
180,12,1003
181,12,921
182,12,661
183,12,92
184,12,326
185,12,370
186,12,819
187,12,20
188,12,484
189,12,711
190,12,176
191,12,563
192,12,590
193,12,610
194,12,583
195,12,938
196,12,329
197,12,882
198,12,806
199,12,307
200,12,757
201,12,627
202,12,696
203,12,261
204,12,464
205,12,42
206,12,392
207,12,233
208,12,569
209,12,502
210,12,114
211,12,666
212,12,387
213,12,47
214,12,437
215,12,19
216,12,948
217,12,802
218,12,440
219,12,546
220,12,973
221,12,235
222,12,253
223,12,272
224,12,403
225,12,265
226,12,542
227,12,1013
228,12,482
229,12,323
230,12,376
231,12,27
232,12,481
233,12,339
234,12,695
235,12,219
236,12,888
237,12,76
238,12,320
239,12,313
240,12,442
241,12,622
242,12,523
243,12,788
244,12,564
245,12,449
246,12,597
247,12,653
248,12,173
249,12,318
250,12,325
251,12,1006
252,12,52
253,12,105
254,12,139
255,12,483
256,12,107
257,12,735
258,12,37
259,12,848
260,12,227
261,12,630
262,12,635
263,12,213
264,12,781
265,12,525
266,12,127
267,12,428
268,12,266
269,12,341
270,12,294
271,12,596
272,12,753
273,12,349
274,12,461
275,12,184
276,12,405
277,12,518
278,12,308
279,12,760
280,12,951
281,12,201
282,12,216
283,12,808
284,12,614
285,12,460
286,12,1001
287,12,531
288,12,842
289,12,820
290,12,851
291,12,229
292,12,664
293,12,273
294,12,532
295,12,725
296,12,432
297,12,535
298,12,123
299,12,46
300,12,209
301,12,48
302,12,41
303,12,721
304,12,122
305,12,906
306,12,652
307,12,98
308,12,306
309,12,195
310,12,785
311,12,396
312,12,346
313,12,561
314,12,613
315,12,621
316,12,87
317,12,434
318,12,628
319,12,916
320,12,244
321,12,413
322,12,431
323,12,560
324,12,8
325,12,203
326,12,331
327,12,687
328,12,299
329,12,175
330,12,394
331,12,444
332,12,1008
333,12,288
334,12,885
335,12,755
336,12,230
337,12,338
338,12,193
339,12,701
340,12,667
341,12,587
342,12,276
343,12,549
344,12,409
345,12,1005
346,12,350
347,12,489
348,12,770
349,12,976
350,12,141
351,12,639
352,12,981
353,12,658
354,12,378
355,12,554
356,12,477
357,12,733
358,12,385
359,12,497
360,12,130
361,12,467
362,12,815
363,12,852
364,12,406
365,12,911
366,12,400
367,12,462
368,12,944
369,12,737
370,12,205
371,12,922
372,12,226
373,12,693
374,12,45
375,12,826
376,12,752
377,12,85
378,12,720
379,12,66
380,12,694
381,12,683
382,12,941
383,12,519
384,12,579
385,12,177
386,12,603
387,12,790
388,12,892
389,12,256
390,12,149
391,12,968
392,12,513
393,12,754
394,12,536
395,12,316
396,12,362
397,12,782
398,12,491
399,12,332
0,13,679
1,13,469
2,13,489
3,13,405
4,13,915
5,13,954
6,13,967
7,13,647
8,13,311
9,13,528
10,13,487
11,13,501
12,13,725
13,13,787
14,13,141
15,13,650
16,13,784
17,13,754
18,13,462
19,13,626
20,13,691
21,13,322
22,13,440
23,13,149
24,13,656
25,13,755
26,13,669
27,13,380
28,13,934
29,13,206
30,13,682
31,13,327
32,13,1013
33,13,444
34,13,1001
35,13,334
36,13,553
37,13,668
38,13,439
39,13,525
40,13,1008
41,13,914
42,13,631
43,13,48
44,13,552
45,13,429
46,13,670
47,13,477
48,13,652
49,13,799
50,13,144
51,13,299
52,13,622
53,13,486
54,13,904
55,13,855
56,13,559
57,13,235
58,13,174
59,13,822
60,13,432
61,13,473
62,13,547
63,13,848
64,13,775
65,13,592
66,13,370
67,13,648
68,13,551
69,13,746
70,13,378
71,13,392
72,13,680
73,13,594
74,13,263
75,13,313
76,13,617
77,13,147
78,13,977
79,13,694
80,13,537
81,13,546
82,13,467
83,13,519
84,13,409
85,13,719
86,13,510
87,13,306
88,13,687
89,13,710
90,13,396
91,13,587
92,13,468
93,13,218
94,13,620
95,13,885
96,13,305
97,13,887
98,13,660
99,13,527
100,13,970
101,13,616
102,13,728
103,13,497
104,13,880
105,13,585
106,13,136
107,13,207
108,13,484
109,13,602
110,13,601
111,13,516
112,13,344
113,13,817
114,13,589
115,13,449
116,13,104
117,13,302
118,13,354
119,13,563
120,13,842
121,13,465
122,13,579
123,13,879
124,13,100
125,13,400
126,13,146
127,13,231
128,13,709
129,13,211
130,13,242
131,13,947
132,13,122
133,13,485
134,13,619
135,13,394
136,13,1009
137,13,618
138,13,50
139,13,623
140,13,243
141,13,854
142,13,542
143,13,116
144,13,173
145,13,821
146,13,744
147,13,210
148,13,117
149,13,81
150,13,603
151,13,454
152,13,531
153,13,538
154,13,366
155,13,179
156,13,386
157,13,760
158,13,815
159,13,628
160,13,240
161,13,791
162,13,471
163,13,227
164,13,401
165,13,328
166,13,433
167,13,809
168,13,431
169,13,878
170,13,493
171,13,474
172,13,403
173,13,236
174,13,745
175,13,627
176,13,131
177,13,649
178,13,845
179,13,145
180,13,1003
181,13,921
182,13,661
183,13,93
184,13,294
185,13,402
186,13,818
187,13,21
188,13,483
189,13,743
190,13,177
191,13,562
192,13,558
193,13,609
194,13,615
195,13,938
196,13,361
197,13,883
198,13,807
199,13,339
200,13,757
201,13,659
202,13,696
203,13,293
204,13,463
205,13,43
206,13,393
207,13,201
208,13,570
209,13,534
210,13,115
211,13,666
212,13,419
213,13,46
214,13,437
215,13,51
216,13,916
217,13,770
218,13,472
219,13,578
220,13,974
221,13,203
222,13,221
223,13,304
224,13,371
225,13,264
226,13,574
227,13,1014
228,13,450
229,13,355
230,13,376
231,13,27
232,13,480
233,13,340
234,13,727
235,13,219
236,13,889
237,13,77
238,13,352
239,13,312
240,13,441
241,13,590
242,13,524
243,13,788
244,13,564
245,13,481
246,13,596
247,13,653
248,13,205
249,13,318
250,13,326
251,13,1007
252,13,20
253,13,73
254,13,140
255,13,451
256,13,108
257,13,767
258,13,5
259,13,847
260,13,195
261,13,662
262,13,667
263,13,245
264,13,782
265,13,557
266,13,127
267,13,460
268,13,234
269,13,373
270,13,295
271,13,595
272,13,721
273,13,317
274,13,461
275,13,183
276,13,404
277,13,550
278,13,309
279,13,792
280,13,951
281,13,200
282,13,216
283,13,840
284,13,613
285,13,459
286,13,1000
287,13,532
288,13,810
289,13,819
290,13,851
291,13,197
292,13,663
293,13,241
294,13,533
295,13,693
296,13,464
297,13,535
298,13,91
299,13,14
300,13,208
301,13,47
302,13,41
303,13,722
304,13,123
305,13,874
306,13,684
307,13,130
308,13,307
309,13,163
310,13,753
311,13,428
312,13,347
313,13,529
314,13,645
315,13,621
316,13,119
317,13,434
318,13,629
319,13,884
320,13,276
321,13,445
322,13,430
323,13,560
324,13,8
325,13,202
326,13,332
327,13,655
328,13,298
329,13,176
330,13,362
331,13,412
332,13,976
333,13,320
334,13,886
335,13,723
336,13,229
337,13,338
338,13,161
339,13,701
340,13,699
341,13,588
342,13,308
343,13,517
344,13,377
345,13,1005
346,13,382
347,13,490
348,13,769
349,13,944
350,13,142
351,13,607
352,13,980
353,13,657
354,13,410
355,13,586
356,13,478
357,13,734
358,13,417
359,13,496
360,13,162
361,13,466
362,13,816
363,13,820
364,13,407
365,13,912
366,13,399
367,13,494
368,13,943
369,13,705
370,13,204
371,13,922
372,13,194
373,13,692
374,13,45
375,13,826
376,13,751
377,13,84
378,13,752
379,13,98
380,13,695
381,13,651
382,13,940
383,13,520
384,13,580
385,13,209
386,13,604
387,13,790
388,13,892
389,13,288
390,13,181
391,13,969
392,13,545
393,13,786
394,13,568
395,13,284
396,13,330
397,13,750
398,13,492
399,13,333
0,14,647
1,14,437
2,14,490
3,14,404
4,14,916
5,14,954
6,14,968
7,14,648
8,14,343
9,14,496
10,14,486
11,14,469
12,14,693
13,14,786
14,14,142
15,14,682
16,14,785
17,14,753
18,14,463
19,14,594
20,14,690
21,14,290
22,14,440
23,14,148
24,14,655
25,14,755
26,14,637
27,14,348
28,14,902
29,14,238
30,14,683
31,14,328
32,14,1013
33,14,412
34,14,1000
35,14,335
36,14,521
37,14,668
38,14,471
39,14,557
40,14,1007
41,14,915
42,14,632
43,14,47
44,14,551
45,14,461
46,14,669
47,14,445
48,14,620
49,14,831
50,14,176
51,14,331
52,14,623
53,14,485
54,14,936
55,14,854
56,14,560
57,14,267
58,14,175
59,14,821
60,14,400
61,14,474
62,14,579
63,14,847
64,14,775
65,14,592
66,14,370
67,14,680
68,14,519
69,14,747
70,14,377
71,14,424
72,14,681
73,14,595
74,14,264
75,14,313
76,14,616
77,14,146
78,14,976
79,14,662
80,14,537
81,14,578
82,14,435
83,14,487
84,14,410
85,14,720
86,14,542
87,14,307
88,14,686
89,14,711
90,14,364
91,14,555
92,14,467
93,14,219
94,14,621
95,14,886
96,14,306
97,14,855
98,14,628
99,14,559
100,14,971
101,14,615
102,14,727
103,14,529
104,14,881
105,14,584
106,14,137
107,14,206
108,14,483
109,14,601
110,14,569
111,14,484
112,14,312
113,14,849
114,14,590
115,14,481
116,14,105
117,14,301
118,14,322
119,14,564
120,14,841
121,14,465
122,14,580
123,14,878
124,14,101
125,14,368
126,14,145
127,14,230
128,14,710
129,14,210
130,14,274
131,14,979
132,14,121
133,14,517
134,14,618
135,14,362
136,14,1008
137,14,650
138,14,49
139,14,624
140,14,244
141,14,822
142,14,574
143,14,84
144,14,173
145,14,820
146,14,776
147,14,242
148,14,118
149,14,80
150,14,635
151,14,454
152,14,531
153,14,506
154,14,366
155,14,211
156,14,354
157,14,760
158,14,816
159,14,627
160,14,239
161,14,792
162,14,472
163,14,226
164,14,369
165,14,329
166,14,401
167,14,809
168,14,430
169,14,910
170,14,494
171,14,475
172,14,402
173,14,235
174,14,777
175,14,659
176,14,99
177,14,649
178,14,877
179,14,144
180,14,1003
181,14,921
182,14,660
183,14,94
184,14,293
185,14,434
186,14,817
187,14,22
188,14,451
189,14,743
190,14,178
191,14,562
192,14,526
193,14,641
194,14,614
195,14,938
196,14,393
197,14,884
198,14,808
199,14,339
200,14,725
201,14,658
202,14,728
203,14,292
204,14,464
205,14,44
206,14,392
207,14,233
208,14,571
209,14,566
210,14,116
211,14,667
212,14,418
213,14,78
214,14,405
215,14,50
216,14,948
217,14,771
218,14,504
219,14,610
220,14,942
221,14,171
222,14,189
223,14,336
224,14,371
225,14,265
226,14,575
227,14,982
228,14,450
229,14,387
230,14,344
231,14,27
232,14,448
233,14,341
234,14,695
235,14,220
236,14,890
237,14,45
238,14,353
239,14,311
240,14,409
241,14,558
242,14,525
243,14,787
244,14,532
245,14,513
246,14,596
247,14,652
248,14,205
249,14,318
250,14,327
251,14,1006
252,14,21
253,14,74
254,14,141
255,14,419
256,14,109
257,14,799
258,14,5
259,14,879
260,14,163
261,14,661
262,14,699
263,14,246
264,14,783
265,14,556
266,14,127
267,14,428
268,14,202
269,14,373
270,14,294
271,14,563
272,14,722
273,14,285
274,14,460
275,14,215
276,14,403
277,14,549
278,14,310
279,14,793
280,14,951
281,14,199
282,14,216
283,14,839
284,14,581
285,14,458
286,14,999
287,14,533
288,14,810
289,14,819
290,14,851
291,14,165
292,14,631
293,14,240
294,14,534
295,14,694
296,14,432
297,14,535
298,14,59
299,14,15
300,14,207
301,14,46
302,14,41
303,14,723
304,14,91
305,14,842
306,14,716
307,14,162
308,14,308
309,14,164
310,14,721
311,14,396
312,14,315
313,14,561
314,14,677
315,14,653
316,14,119
317,14,433
318,14,630
319,14,885
320,14,277
321,14,444
322,14,429
323,14,528
324,14,8
325,14,201
326,14,333
327,14,687
328,14,297
329,14,177
330,14,330
331,14,380
332,14,944
333,14,352
334,14,887
335,14,691
336,14,228
337,14,338
338,14,129
339,14,701
340,14,731
341,14,589
342,14,340
343,14,518
344,14,345
345,14,1005
346,14,414
347,14,491
348,14,737
349,14,912
350,14,174
351,14,606
352,14,1012
353,14,656
354,14,442
355,14,585
356,14,510
357,14,735
358,14,449
359,14,497
360,14,194
361,14,466
362,14,848
363,14,788
364,14,439
365,14,913
366,14,431
367,14,462
368,14,911
369,14,673
370,14,203
371,14,922
372,14,195
373,14,692
374,14,13
375,14,826
376,14,751
377,14,52
378,14,784
379,14,130
380,14,663
381,14,619
382,14,939
383,14,552
384,14,612
385,14,241
386,14,603
387,14,791
388,14,892
389,14,320
390,14,213
391,14,970
392,14,546
393,14,818
394,14,600
395,14,284
396,14,298
397,14,749
398,14,493
399,14,334
0,15,615
1,15,405
2,15,491
3,15,436
4,15,884
5,15,954
6,15,969
7,15,649
8,15,311
9,15,497
10,15,518
11,15,437
12,15,694
13,15,754
14,15,174
15,15,683
16,15,786
17,15,752
18,15,431
19,15,595
20,15,689
21,15,289
22,15,439
23,15,147
24,15,654
25,15,755
26,15,605
27,15,349
28,15,901
29,15,237
30,15,651
31,15,327
32,15,1013
33,15,380
34,15,999
35,15,336
36,15,489
37,15,700
38,15,503
39,15,589
40,15,1006
41,15,916
42,15,633
43,15,46
44,15,519
45,15,460
46,15,668
47,15,413
48,15,621
49,15,830
50,15,208
51,15,363
52,15,623
53,15,453
54,15,935
55,15,822
56,15,561
57,15,267
58,15,176
59,15,820
60,15,399
61,15,475
62,15,580
63,15,847
64,15,775
65,15,560
66,15,371
67,15,681
68,15,520
69,15,747
70,15,409
71,15,392
72,15,713
73,15,627
74,15,265
75,15,312
76,15,616
77,15,145
78,15,944
79,15,661
80,15,538
81,15,610
82,15,434
83,15,486
84,15,378
85,15,721
86,15,542
87,15,308
88,15,685
89,15,712
90,15,364
91,15,523
92,15,499
93,15,220
94,15,622
95,15,887
96,15,307
97,15,854
98,15,629
99,15,559
100,15,972
101,15,614
102,15,695
103,15,528
104,15,882
105,15,583
106,15,137
107,15,205
108,15,484
109,15,600
110,15,537
111,15,516
112,15,280
113,15,850
114,15,558
115,15,482
116,15,73
117,15,269
118,15,290
119,15,565
120,15,840
121,15,464
122,15,612
123,15,877
124,15,102
125,15,367
126,15,113
127,15,229
128,15,711
129,15,209
130,15,306
131,15,980
132,15,120
133,15,485
134,15,619
135,15,330
136,15,1007
137,15,682
138,15,48
139,15,592
140,15,276
141,15,790
142,15,575
143,15,116
144,15,172
145,15,788
146,15,777
147,15,242
148,15,119
149,15,80
150,15,667
151,15,454
152,15,532
153,15,474
154,15,366
155,15,212
156,15,322
157,15,792
158,15,848
159,15,626
160,15,238
161,15,791
162,15,440
163,15,225
164,15,370
165,15,328
166,15,369
167,15,808
168,15,429
169,15,911
170,15,462
171,15,443
172,15,401
173,15,203
174,15,809
175,15,691
176,15,100
177,15,650
178,15,909
179,15,144
180,15,1003
181,15,921
182,15,659
183,15,126
184,15,261
185,15,466
186,15,816
187,15,23
188,15,483
189,15,743
190,15,179
191,15,594
192,15,494
193,15,673
194,15,646
195,15,970
196,15,394
197,15,885
198,15,776
199,15,339
200,15,693
201,15,657
202,15,760
203,15,324
204,15,432
205,15,44
206,15,393
207,15,201
208,15,571
209,15,598
210,15,117
211,15,666
212,15,450
213,15,77
214,15,373
215,15,49
216,15,948
217,15,772
218,15,504
219,15,609
220,15,943
221,15,139
222,15,157
223,15,368
224,15,403
225,15,297
226,15,607
227,15,983
228,15,451
229,15,419
230,15,345
231,15,27
232,15,449
233,15,341
234,15,696
235,15,221
236,15,891
237,15,13
238,15,385
239,15,310
240,15,408
241,15,557
242,15,526
243,15,819
244,15,564
245,15,545
246,15,628
247,15,620
248,15,173
249,15,318
250,15,295
251,15,974
252,15,22
253,15,75
254,15,142
255,15,418
256,15,141
257,15,831
258,15,5
259,15,878
260,15,131
261,15,660
262,15,731
263,15,246
264,15,784
265,15,524
266,15,127
267,15,428
268,15,170
269,15,374
270,15,326
271,15,562
272,15,723
273,15,253
274,15,459
275,15,214
276,15,402
277,15,548
278,15,342
279,15,794
280,15,951
281,15,231
282,15,216
283,15,838
284,15,549
285,15,426
286,15,998
287,15,534
288,15,811
289,15,818
290,15,851
291,15,166
292,15,663
293,15,239
294,15,535
295,15,662
296,15,400
297,15,536
298,15,91
299,15,16
300,15,206
301,15,45
302,15,41
303,15,724
304,15,92
305,15,810
306,15,748
307,15,194
308,15,309
309,15,165
310,15,722
311,15,396
312,15,315
313,15,529
314,15,709
315,15,653
316,15,87
317,15,433
318,15,631
319,15,886
320,15,278
321,15,476
322,15,461
323,15,496
324,15,8
325,15,200
326,15,334
327,15,688
328,15,329
329,15,178
330,15,298
331,15,348
332,15,945
333,15,353
334,15,855
335,15,690
336,15,228
337,15,338
338,15,97
339,15,701
340,15,763
341,15,590
342,15,340
343,15,517
344,15,313
345,15,1005
346,15,414
347,15,492
348,15,737
349,15,912
350,15,175
351,15,574
352,15,1011
353,15,655
354,15,442
355,15,617
356,15,510
357,15,767
358,15,481
359,15,498
360,15,226
361,15,465
362,15,849
363,15,787
364,15,471
365,15,914
366,15,430
367,15,463
368,15,879
369,15,672
370,15,202
371,15,922
372,15,163
373,15,692
374,15,12
375,15,826
376,15,751
377,15,51
378,15,785
379,15,162
380,15,664
381,15,587
382,15,938
383,15,584
384,15,613
385,15,273
386,15,602
387,15,823
388,15,892
389,15,352
390,15,245
391,15,971
392,15,578
393,15,817
394,15,632
395,15,285
396,15,266
397,15,717
398,15,493
399,15,335
0,16,583
1,16,373
2,16,492
3,16,435
4,16,885
5,16,954
6,16,970
7,16,650
8,16,311
9,16,496
10,16,519
11,16,405
12,16,662
13,16,786
14,16,175
15,16,683
16,16,785
17,16,753
18,16,463
19,16,596
20,16,688
21,16,257
22,16,438
23,16,146
24,16,653
25,16,755
26,16,573
27,16,350
28,16,901
29,16,238
30,16,619
31,16,295
32,16,1013
33,16,348
34,16,998
35,16,304
36,16,490
37,16,701
38,16,502
39,16,621
40,16,1005
41,16,884
42,16,665
43,16,78
44,16,487
45,16,459
46,16,700
47,16,381
48,16,622
49,16,798
50,16,240
51,16,364
52,16,655
53,16,421
54,16,934
55,16,821
56,16,562
57,16,267
58,16,177
59,16,819
60,16,431
61,16,476
62,16,612
63,16,847
64,16,775
65,16,559
66,16,403
67,16,682
68,16,521
69,16,748
70,16,441
71,16,424
72,16,681
73,16,626
74,16,233
75,16,344
76,16,616
77,16,145
78,16,943
79,16,693
80,16,570
81,16,642
82,16,434
83,16,454
84,16,379
85,16,722
86,16,541
87,16,309
88,16,717
89,16,713
90,16,332
91,16,522
92,16,498
93,16,188
94,16,623
95,16,855
96,16,307
97,16,854
98,16,628
99,16,558
100,16,1004
101,16,646
102,16,663
103,16,560
104,16,883
105,16,584
106,16,137
107,16,204
108,16,485
109,16,599
110,16,505
111,16,515
112,16,281
113,16,818
114,16,526
115,16,483
116,16,74
117,16,237
118,16,289
119,16,566
120,16,839
121,16,432
122,16,613
123,16,876
124,16,103
125,16,366
126,16,81
127,16,261
128,16,712
129,16,208
130,16,338
131,16,981
132,16,88
133,16,486
134,16,618
135,16,298
136,16,1006
137,16,714
138,16,47
139,16,592
140,16,277
141,16,758
142,16,607
143,16,115
144,16,172
145,16,788
146,16,809
147,16,242
148,16,120
149,16,48
150,16,699
151,16,453
152,16,533
153,16,442
154,16,334
155,16,244
156,16,290
157,16,793
158,16,816
159,16,625
160,16,206
161,16,791
162,16,408
163,16,193
164,16,402
165,16,327
166,16,370
167,16,807
168,16,461
169,16,912
170,16,430
171,16,475
172,16,400
173,16,202
174,16,808
175,16,723
176,16,68
177,16,651
178,16,910
179,16,144
180,16,1003
181,16,921
182,16,658
183,16,158
184,16,260
185,16,467
186,16,815
187,16,55
188,16,484
189,16,743
190,16,211
191,16,595
192,16,462
193,16,705
194,16,678
195,16,938
196,16,393
197,16,886
198,16,744
199,16,340
200,16,694
201,16,689
202,16,792
203,16,356
204,16,433
205,16,12
206,16,392
207,16,200
208,16,571
209,16,597
210,16,118
211,16,667
212,16,482
213,16,109
214,16,341
215,16,49
216,16,916
217,16,772
218,16,504
219,16,641
220,16,911
221,16,140
222,16,156
223,16,369
224,16,404
225,16,329
226,16,639
227,16,984
228,16,450
229,16,451
230,16,346
231,16,27
232,16,449
233,16,342
234,16,728
235,16,220
236,16,859
237,16,14
238,16,417
239,16,278
240,16,376
241,16,525
242,16,527
243,16,851
244,16,532
245,16,546
246,16,660
247,16,588
248,16,173
249,16,318
250,16,263
251,16,942
252,16,23
253,16,76
254,16,174
255,16,386
256,16,142
257,16,830
258,16,5
259,16,877
260,16,99
261,16,659
262,16,763
263,16,246
264,16,752
265,16,524
266,16,127
267,16,428
268,16,138
269,16,406
270,16,358
271,16,594
272,16,724
273,16,254
274,16,491
275,16,214
276,16,401
277,16,547
278,16,374
279,16,794
280,16,951
281,16,231
282,16,216
283,16,870
284,16,517
285,16,394
286,16,966
287,16,535
288,16,843
289,16,817
290,16,852
291,16,167
292,16,631
293,16,207
294,16,536
295,16,630
296,16,368
297,16,537
298,16,123
299,16,16
300,16,205
301,16,44
302,16,41
303,16,725
304,16,93
305,16,778
306,16,780
307,16,226
308,16,310
309,16,197
310,16,754
311,16,396
312,16,315
313,16,529
314,16,708
315,16,685
316,16,119
317,16,465
318,16,632
319,16,887
320,16,279
321,16,508
322,16,493
323,16,528
324,16,8
325,16,168
326,16,335
327,16,656
328,16,328
329,16,179
330,16,266
331,16,316
332,16,946
333,16,385
334,16,823
335,16,690
336,16,228
337,16,339
338,16,65
339,16,669
340,16,795
341,16,590
342,16,308
343,16,518
344,16,313
345,16,973
346,16,413
347,16,460
348,16,737
349,16,944
350,16,176
351,16,542
352,16,1010
353,16,654
354,16,443
355,16,649
356,16,510
357,16,799
358,16,513
359,16,466
360,16,225
361,16,497
362,16,881
363,16,787
364,16,503
365,16,915
366,16,429
367,16,464
368,16,878
369,16,640
370,16,201
371,16,922
372,16,131
373,16,691
374,16,13
375,16,826
376,16,751
377,16,50
378,16,784
379,16,194
380,16,664
381,16,586
382,16,906
383,16,585
384,16,645
385,16,305
386,16,601
387,16,824
388,16,892
389,16,353
390,16,245
391,16,972
392,16,610
393,16,849
394,16,633
395,16,286
396,16,234
397,16,716
398,16,494
399,16,336
0,17,584
1,17,373
2,17,460
3,17,434
4,17,886
5,17,954
6,17,971
7,17,651
8,17,312
9,17,464
10,17,520
11,17,404
12,17,663
13,17,787
14,17,176
15,17,683
16,17,817
17,17,754
18,17,463
19,17,564
20,17,687
21,17,256
22,17,437
23,17,145
24,17,685
25,17,723
26,17,574
27,17,351
28,17,901
29,17,238
30,17,587
31,17,263
32,17,1013
33,17,316
34,17,966
35,17,272
36,17,491
37,17,669
38,17,534
39,17,621
40,17,1004
41,17,885
42,17,664
43,17,110
44,17,487
45,17,458
46,17,732
47,17,380
48,17,623
49,17,766
50,17,240
51,17,332
52,17,655
53,17,421
54,17,933
55,17,820
56,17,563
57,17,267
58,17,178
59,17,818
60,17,430
61,17,476
62,17,613
63,17,847
64,17,775
65,17,558
66,17,435
67,17,682
68,17,489
69,17,749
70,17,440
71,17,392
72,17,649
73,17,626
74,17,201
75,17,345
76,17,615
77,17,113
78,17,942
79,17,725
80,17,602
81,17,674
82,17,402
83,17,422
84,17,347
85,17,722
86,17,573
87,17,310
88,17,716
89,17,681
90,17,331
91,17,490
92,17,497
93,17,220
94,17,624
95,17,855
96,17,308
97,17,854
98,17,596
99,17,590
100,17,972
101,17,678
102,17,631
103,17,559
104,17,884
105,17,616
106,17,137
107,17,203
108,17,453
109,17,599
110,17,473
111,17,515
112,17,249
113,17,850
114,17,527
115,17,482
116,17,75
117,17,236
118,17,288
119,17,566
120,17,838
121,17,431
122,17,645
123,17,844
124,17,104
125,17,334
126,17,80
127,17,293
128,17,680
129,17,207
130,17,370
131,17,982
132,17,87
133,17,485
134,17,619
135,17,266
136,17,1005
137,17,714
138,17,46
139,17,560
140,17,309
141,17,758
142,17,607
143,17,114
144,17,172
145,17,788
146,17,810
147,17,242
148,17,121
149,17,47
150,17,731
151,17,454
152,17,533
153,17,410
154,17,302
155,17,245
156,17,291
157,17,793
158,17,784
159,17,625
160,17,205
161,17,792
162,17,376
163,17,161
164,17,401
165,17,295
166,17,371
167,17,806
168,17,493
169,17,913
170,17,462
171,17,474
172,17,368
173,17,170
174,17,807
175,17,724
176,17,69
177,17,652
178,17,878
179,17,144
180,17,1003
181,17,921
182,17,657
183,17,159
184,17,261
185,17,468
186,17,814
187,17,54
188,17,484
189,17,743
190,17,243
191,17,594
192,17,494
193,17,737
194,17,710
195,17,938
196,17,394
197,17,887
198,17,745
199,17,341
200,17,695
201,17,721
202,17,824
203,17,388
204,17,433
205,17,13
206,17,393
207,17,168
208,17,571
209,17,629
210,17,119
211,17,667
212,17,514
213,17,108
214,17,342
215,17,48
216,17,948
217,17,772
218,17,536
219,17,673
220,17,912
221,17,141
222,17,156
223,17,369
224,17,436
225,17,328
226,17,671
227,17,1016
228,17,418
229,17,483
230,17,346
231,17,27
232,17,450
233,17,343
234,17,760
235,17,219
236,17,827
237,17,15
238,17,449
239,17,277
240,17,375
241,17,525
242,17,528
243,17,819
244,17,532
245,17,578
246,17,659
247,17,556
248,17,173
249,17,318
250,17,264
251,17,910
252,17,55
253,17,77
254,17,175
255,17,354
256,17,174
257,17,829
258,17,5
259,17,876
260,17,67
261,17,691
262,17,763
263,17,278
264,17,753
265,17,524
266,17,127
267,17,396
268,17,106
269,17,438
270,17,390
271,17,562
272,17,692
273,17,255
274,17,523
275,17,214
276,17,400
277,17,546
278,17,406
279,17,826
280,17,951
281,17,231
282,17,216
283,17,869
284,17,516
285,17,362
286,17,965
287,17,567
288,17,842
289,17,816
290,17,851
291,17,199
292,17,630
293,17,206
294,17,537
295,17,598
296,17,367
297,17,538
298,17,122
299,17,16
300,17,204
301,17,43
302,17,41
303,17,757
304,17,94
305,17,746
306,17,781
307,17,225
308,17,311
309,17,229
310,17,786
311,17,364
312,17,315
313,17,529
314,17,740
315,17,717
316,17,151
317,17,466
318,17,633
319,17,888
320,17,280
321,17,540
322,17,492
323,17,496
324,17,8
325,17,167
326,17,336
327,17,656
328,17,327
329,17,211
330,17,234
331,17,284
332,17,947
333,17,417
334,17,791
335,17,658
336,17,228
337,17,338
338,17,66
339,17,670
340,17,794
341,17,622
342,17,340
343,17,486
344,17,281
345,17,941
346,17,445
347,17,461
348,17,736
349,17,976
350,17,177
351,17,510
352,17,1009
353,17,653
354,17,442
355,17,648
356,17,511
357,17,799
358,17,545
359,17,498
360,17,257
361,17,465
362,17,882
363,17,755
364,17,535
365,17,916
366,17,428
367,17,432
368,17,877
369,17,608
370,17,200
371,17,922
372,17,99
373,17,690
374,17,45
375,17,825
376,17,751
377,17,49
378,17,785
379,17,226
380,17,632
381,17,554
382,17,905
383,17,586
384,17,677
385,17,305
386,17,569
387,17,856
388,17,892
389,17,385
390,17,246
391,17,973
392,17,642
393,17,848
394,17,665
395,17,286
396,17,202
397,17,684
398,17,526
399,17,304
0,18,552
1,18,373
2,18,461
3,18,466
4,18,854
5,18,954
6,18,972
7,18,652
8,18,311
9,18,463
10,18,521
11,18,403
12,18,664
13,18,755
14,18,177
15,18,682
16,18,816
17,18,753
18,18,431
19,18,532
20,18,686
21,18,224
22,18,436
23,18,145
24,18,684
25,18,724
26,18,542
27,18,319
28,18,901
29,18,238
30,18,588
31,18,264
32,18,1013
33,18,284
34,18,934
35,18,240
36,18,459
37,18,637
38,18,566
39,18,620
40,18,1003
41,18,886
42,18,665
43,18,110
44,18,486
45,18,457
46,18,731
47,18,379
48,18,624
49,18,767
50,18,241
51,18,364
52,18,687
53,18,422
54,18,932
55,18,852
56,18,564
57,18,266
58,18,179
59,18,817
60,18,429
61,18,476
62,18,645
63,18,879
64,18,775
65,18,557
66,18,434
67,18,681
68,18,490
69,18,781
70,18,472
71,18,393
72,18,649
73,18,627
74,18,202
75,18,346
76,18,583
77,18,112
78,18,941
79,18,693
80,18,603
81,18,675
82,18,401
83,18,390
84,18,315
85,18,722
86,18,605
87,18,342
88,18,748
89,18,713
90,18,330
91,18,458
92,18,529
93,18,220
94,18,625
95,18,887
96,18,308
97,18,822
98,18,595
99,18,589
100,18,973
101,18,710
102,18,630
103,18,558
104,18,885
105,18,615
106,18,137
107,18,235
108,18,421
109,18,631
110,18,441
111,18,483
112,18,250
113,18,851
114,18,559
115,18,450
116,18,76
117,18,236
118,18,256
119,18,567
120,18,837
121,18,430
122,18,646
123,18,812
124,18,105
125,18,334
126,18,80
127,18,292
128,18,648
129,18,206
130,18,402
131,18,983
132,18,86
133,18,517
134,18,619
135,18,234
136,18,1004
137,18,715
138,18,45
139,18,561
140,18,277
141,18,758
142,18,607
143,18,114
144,18,173
145,18,787
146,18,811
147,18,242
148,18,153
149,18,46
150,18,763
151,18,453
152,18,534
153,18,378
154,18,301
155,18,246
156,18,259
157,18,825
158,18,785
159,18,657
160,18,204
161,18,791
162,18,377
163,18,129
164,18,433
165,18,263
166,18,371
167,18,838
168,18,492
169,18,881
170,18,494
171,18,473
172,18,367
173,18,138
174,18,806
175,18,725
176,18,70
177,18,653
178,18,878
179,18,144
180,18,971
181,18,921
182,18,689
183,18,191
184,18,293
185,18,469
186,18,813
187,18,22
188,18,516
189,18,743
190,18,244
191,18,594
192,18,493
193,18,769
194,18,709
195,18,938
196,18,426
197,18,888
198,18,746
199,18,309
200,18,663
201,18,720
202,18,823
203,18,387
204,18,432
205,18,14
206,18,394
207,18,167
208,18,571
209,18,628
210,18,120
211,18,667
212,18,546
213,18,107
214,18,341
215,18,47
216,18,916
217,18,771
218,18,568
219,18,705
220,18,913
221,18,109
222,18,156
223,18,369
224,18,468
225,18,327
226,18,670
227,18,1017
228,18,386
229,18,484
230,18,347
231,18,27
232,18,418
233,18,344
234,18,792
235,18,219
236,18,828
237,18,15
238,18,481
239,18,276
240,18,374
241,18,526
242,18,496
243,18,820
244,18,533
245,18,610
246,18,691
247,18,555
248,18,174
249,18,318
250,18,265
251,18,911
252,18,56
253,18,78
254,18,176
255,18,322
256,18,175
257,18,861
258,18,5
259,18,908
260,18,66
261,18,692
262,18,762
263,18,310
264,18,721
265,18,525
266,18,127
267,18,428
268,18,74
269,18,470
270,18,358
271,18,562
272,18,660
273,18,223
274,18,522
275,18,214
276,18,368
277,18,545
278,18,407
279,18,827
280,18,951
281,18,231
282,18,216
283,18,869
284,18,515
285,18,363
286,18,933
287,18,599
288,18,842
289,18,815
290,18,819
291,18,200
292,18,629
293,18,205
294,18,538
295,18,598
296,18,335
297,18,506
298,18,121
299,18,16
300,18,203
301,18,42
302,18,41
303,18,757
304,18,126
305,18,714
306,18,782
307,18,257
308,18,343
309,18,261
310,18,754
311,18,396
312,18,316
313,18,528
314,18,772
315,18,749
316,18,119
317,18,465
318,18,633
319,18,856
320,18,312
321,18,539
322,18,491
323,18,497
324,18,8
325,18,166
326,18,304
327,18,656
328,18,295
329,18,243
330,18,233
331,18,285
332,18,915
333,18,449
334,18,790
335,18,626
336,18,228
337,18,306
338,18,34
339,18,669
340,18,793
341,18,623
342,18,339
343,18,454
344,18,249
345,18,940
346,18,477
347,18,462
348,18,737
349,18,976
350,18,178
351,18,478
352,18,977
353,18,621
354,18,442
355,18,647
356,18,510
357,18,799
358,18,513
359,18,499
360,18,289
361,18,464
362,18,914
363,18,723
364,18,536
365,18,884
366,18,460
367,18,400
368,18,876
369,18,609
370,18,168
371,18,922
372,18,100
373,18,690
374,18,77
375,18,826
376,18,751
377,18,48
378,18,786
379,18,225
380,18,600
381,18,553
382,18,904
383,18,587
384,18,678
385,18,305
386,18,569
387,18,857
388,18,892
389,18,417
390,18,278
391,18,974
392,18,674
393,18,847
394,18,666
395,18,286
396,18,170
397,18,683
398,18,527
399,18,272
0,19,520
1,19,341
2,19,462
3,19,465
4,19,855
5,19,954
6,19,973
7,19,653
8,19,311
9,19,464
10,19,553
11,19,371
12,19,632
13,19,754
14,19,178
15,19,650
16,19,784
17,19,752
18,19,430
19,19,533
20,19,685
21,19,225
22,19,435
23,19,145
24,19,684
25,19,692
26,19,541
27,19,287
28,19,901
29,19,206
30,19,556
31,19,265
32,19,1013
33,19,252
34,19,933
35,19,208
36,19,491
37,19,638
38,19,565
39,19,652
40,19,1002
41,19,854
42,19,666
43,19,110
44,19,486
45,19,489
46,19,763
47,19,378
48,19,625
49,19,767
50,19,273
51,19,396
52,19,719
53,19,454
54,19,900
55,19,851
56,19,532
57,19,266
58,19,211
59,19,816
60,19,461
61,19,476
62,19,677
63,19,911
64,19,775
65,19,525
66,19,466
67,19,713
68,19,458
69,19,782
70,19,471
71,19,361
72,19,649
73,19,659
74,19,203
75,19,345
76,19,584
77,19,112
78,19,940
79,19,725
80,19,635
81,19,707
82,19,369
83,19,358
84,19,283
85,19,723
86,19,637
87,19,343
88,19,780
89,19,714
90,19,362
91,19,426
92,19,529
93,19,220
94,19,626
95,19,887
96,19,309
97,19,821
98,19,563
99,19,588
100,19,974
101,19,742
102,19,629
103,19,590
104,19,886
105,19,614
106,19,136
107,19,267
108,19,422
109,19,630
110,19,409
111,19,482
112,19,218
113,19,819
114,19,527
115,19,450
116,19,77
117,19,236
118,19,224
119,19,599
120,19,836
121,19,398
122,19,647
123,19,844
124,19,137
125,19,302
126,19,80
127,19,324
128,19,616
129,19,205
130,19,434
131,19,984
132,19,85
133,19,518
134,19,651
135,19,202
136,19,1003
137,19,716
138,19,44
139,19,560
140,19,277
141,19,790
142,19,607
143,19,114
144,19,173
145,19,755
146,19,812
147,19,242
148,19,154
149,19,45
150,19,795
151,19,485
152,19,535
153,19,346
154,19,269
155,19,278
156,19,227
157,19,857
158,19,753
159,19,657
160,19,172
161,19,792
162,19,377
163,19,130
164,19,401
165,19,231
166,19,339
167,19,838
168,19,524
169,19,849
170,19,526
171,19,473
172,19,335
173,19,138
174,19,805
175,19,757
176,19,38
177,19,654
178,19,878
179,19,144
180,19,971
181,19,921
182,19,688
183,19,223
184,19,292
185,19,501
186,19,845
187,19,21
188,19,515
189,19,743
190,19,276
191,19,562
192,19,494
193,19,801
194,19,709
195,19,938
196,19,394
197,19,889
198,19,747
199,19,310
200,19,664
201,19,720
202,19,822
203,19,419
204,19,400
205,19,15
206,19,393
207,19,199
208,19,571
209,19,627
210,19,119
211,19,667
212,19,578
213,19,106
214,19,340
215,19,46
216,19,948
217,19,772
218,19,567
219,19,737
220,19,945
221,19,108
222,19,156
223,19,370
224,19,467
225,19,326
226,19,669
227,19,1018
228,19,354
229,19,516
230,19,315
231,19,27
232,19,386
233,19,312
234,19,824
235,19,219
236,19,829
237,19,16
238,19,513
239,19,308
240,19,373
241,19,558
242,19,497
243,19,820
244,19,534
245,19,642
246,19,690
247,19,523
248,19,175
249,19,318
250,19,297
251,19,912
252,19,88
253,19,78
254,19,177
255,19,290
256,19,176
257,19,893
258,19,5
259,19,907
260,19,34
261,19,660
262,19,762
263,19,342
264,19,721
265,19,493
266,19,127
267,19,429
268,19,42
269,19,502
270,19,357
271,19,561
272,19,628
273,19,255
274,19,521
275,19,214
276,19,367
277,19,545
278,19,439
279,19,828
280,19,951
281,19,230
282,19,216
283,19,869
284,19,483
285,19,331
286,19,932
287,19,631
288,19,842
289,19,814
290,19,787
291,19,200
292,19,661
293,19,204
294,19,506
295,19,598
296,19,334
297,19,505
298,19,120
299,19,48
300,19,235
301,19,41
302,19,73
303,19,758
304,19,158
305,19,682
306,19,783
307,19,289
308,19,344
309,19,293
310,19,722
311,19,428
312,19,316
313,19,496
314,19,804
315,19,781
316,19,151
317,19,433
318,19,665
319,19,856
320,19,313
321,19,538
322,19,490
323,19,498
324,19,8
325,19,165
326,19,305
327,19,656
328,19,263
329,19,244
330,19,201
331,19,285
332,19,916
333,19,481
334,19,791
335,19,594
336,19,228
337,19,274
338,19,35
339,19,701
340,19,825
341,19,624
342,19,338
343,19,453
344,19,217
345,19,972
346,19,509
347,19,463
348,19,736
349,19,944
350,19,179
351,19,477
352,19,976
353,19,589
354,19,442
355,19,679
356,19,542
357,19,799
358,19,514
359,19,499
360,19,321
361,19,432
362,19,946
363,19,691
364,19,568
365,19,885
366,19,459
367,19,368
368,19,875
369,19,610
370,19,167
371,19,922
372,19,101
373,19,689
374,19,109
375,19,826
376,19,751
377,19,47
378,19,818
379,19,257
380,19,600
381,19,552
382,19,903
383,19,619
384,19,678
385,19,306
386,19,569
387,19,858
388,19,892
389,19,449
390,19,279
391,19,1006
392,19,675
393,19,879
394,19,698
395,19,286
396,19,171
397,19,683
398,19,528
399,19,240
0,20,552
1,20,342
2,20,463
3,20,497
4,20,856
5,20,954
6,20,974
7,20,654
8,20,312
9,20,432
10,20,554
11,20,339
12,20,633
13,20,786
14,20,179
15,20,618
16,20,783
17,20,784
18,20,430
19,20,501
20,20,684
21,20,193
22,20,434
23,20,144
24,20,683
25,20,660
26,20,540
27,20,287
28,20,869
29,20,174
30,20,557
31,20,297
32,20,1013
33,20,220
34,20,932
35,20,209
36,20,492
37,20,606
38,20,564
39,20,653
40,20,1001
41,20,855
42,20,665
43,20,109
44,20,454
45,20,521
46,20,795
47,20,377
48,20,626
49,20,767
50,20,305
51,20,428
52,20,751
53,20,453
54,20,901
55,20,850
56,20,532
57,20,266
58,20,243
59,20,815
60,20,493
61,20,476
62,20,678
63,20,879
64,20,775
65,20,524
66,20,465
67,20,745
68,20,457
69,20,781
70,20,470
71,20,362
72,20,649
73,20,691
74,20,204
75,20,346
76,20,583
77,20,112
78,20,939
79,20,725
80,20,667
81,20,708
82,20,368
83,20,357
84,20,284
85,20,724
86,20,669
87,20,344
88,20,812
89,20,682
90,20,394
91,20,426
92,20,561
93,20,188
94,20,627
95,20,887
96,20,277
97,20,820
98,20,595
99,20,587
100,20,942
101,20,741
102,20,597
103,20,589
104,20,854
105,20,614
106,20,137
107,20,267
108,20,390
109,20,629
110,20,408
111,20,450
112,20,186
113,20,819
114,20,527
115,20,418
116,20,78
117,20,236
118,20,225
119,20,631
120,20,868
121,20,399
122,20,648
123,20,876
124,20,138
125,20,302
126,20,80
127,20,323
128,20,584
129,20,237
130,20,433
131,20,985
132,20,84
133,20,518
134,20,619
135,20,170
136,20,1002
137,20,748
138,20,43
139,20,528
140,20,278
141,20,791
142,20,607
143,20,114
144,20,173
145,20,723
146,20,844
147,20,242
148,20,155
149,20,44
150,20,827
151,20,517
152,20,535
153,20,347
154,20,269
155,20,310
156,20,195
157,20,889
158,20,721
159,20,657
160,20,140
161,20,760
162,20,345
163,20,98
164,20,369
165,20,199
166,20,340
167,20,838
168,20,523
169,20,817
170,20,494
171,20,473
172,20,334
173,20,106
174,20,804
175,20,758
176,20,39
177,20,655
178,20,910
179,20,176
180,20,1003
181,20,921
182,20,720
183,20,255
184,20,260
185,20,502
186,20,845
187,20,20
188,20,516
189,20,743
190,20,276
191,20,563
192,20,462
193,20,802
194,20,677
195,20,938
196,20,393
197,20,890
198,20,715
199,20,309
200,20,632
201,20,752
202,20,821
203,20,451
204,20,400
205,20,16
206,20,392
207,20,200
208,20,571
209,20,659
210,20,151
211,20,666
212,20,610
213,20,105
214,20,308
215,20,45
216,20,916
217,20,772
218,20,566
219,20,769
220,20,946
221,20,76
222,20,156
223,20,402
224,20,499
225,20,325
226,20,701
227,20,1019
228,20,322
229,20,548
230,20,283
231,20,27
232,20,354
233,20,280
234,20,825
235,20,219
236,20,797
237,20,48
238,20,545
239,20,307
240,20,341
241,20,526
242,20,498
243,20,788
244,20,533
245,20,674
246,20,689
247,20,491
248,20,175
249,20,318
250,20,298
251,20,913
252,20,89
253,20,110
254,20,178
255,20,290
256,20,177
257,20,892
258,20,5
259,20,906
260,20,34
261,20,628
262,20,763
263,20,374
264,20,722
265,20,525
266,20,127
267,20,429
268,20,10
269,20,534
270,20,356
271,20,560
272,20,596
273,20,254
274,20,520
275,20,214
276,20,335
277,20,544
278,20,471
279,20,829
280,20,951
281,20,229
282,20,216
283,20,870
284,20,483
285,20,299
286,20,931
287,20,663
288,20,842
289,20,813
290,20,755
291,20,201
292,20,661
293,20,172
294,20,507
295,20,630
296,20,333
297,20,504
298,20,119
299,20,49
300,20,234
301,20,42
302,20,41
303,20,790
304,20,159
305,20,650
306,20,782
307,20,321
308,20,376
309,20,292
310,20,754
311,20,460
312,20,315
313,20,496
314,20,836
315,20,780
316,20,150
317,20,401
318,20,697
319,20,824
320,20,313
321,20,570
322,20,522
323,20,466
324,20,8
325,20,197
326,20,306
327,20,656
328,20,231
329,20,245
330,20,202
331,20,285
332,20,884
333,20,482
334,20,792
335,20,562
336,20,228
337,20,273
338,20,36
339,20,700
340,20,857
341,20,625
342,20,370
343,20,421
344,20,185
345,20,973
346,20,541
347,20,464
348,20,737
349,20,912
350,20,211
351,20,445
352,20,944
353,20,588
354,20,442
355,20,711
356,20,574
357,20,799
358,20,515
359,20,531
360,20,353
361,20,431
362,20,947
363,20,692
364,20,600
365,20,886
366,20,458
367,20,336
368,20,874
369,20,609
370,20,166
371,20,922
372,20,102
373,20,688
374,20,77
375,20,826
376,20,750
377,20,46
378,20,818
379,20,289
380,20,599
381,20,551
382,20,902
383,20,620
384,20,679
385,20,338
386,20,568
387,20,859
388,20,924
389,20,481
390,20,311
391,20,1007
392,20,707
393,20,878
394,20,730
395,20,286
396,20,139
397,20,651
398,20,529
399,20,241
0,21,553
1,21,341
2,21,431
3,21,529
4,21,857
5,21,954
6,21,1006
7,21,655
8,21,311
9,21,400
10,21,555
11,21,338
12,21,601
13,21,786
14,21,211
15,21,586
16,21,815
17,21,816
18,21,429
19,21,469
20,21,683
21,21,161
22,21,433
23,21,176
24,21,715
25,21,661
26,21,508
27,21,319
28,21,901
29,21,142
30,21,558
31,21,329
32,21,1013
33,21,188
34,21,931
35,21,210
36,21,493
37,21,605
38,21,596
39,21,685
40,21,1000
41,21,856
42,21,665
43,21,108
44,21,422
45,21,520
46,21,827
47,21,376
48,21,627
49,21,767
50,21,305
51,21,460
52,21,751
53,21,454
54,21,933
55,21,882
56,21,533
57,21,265
58,21,244
59,21,814
60,21,525
61,21,476
62,21,679
63,21,847
64,21,775
65,21,523
66,21,497
67,21,777
68,21,489
69,21,749
70,21,502
71,21,363
72,21,681
73,21,690
74,21,205
75,21,378
76,21,584
77,21,144
78,21,938
79,21,724
80,21,699
81,21,709
82,21,367
83,21,325
84,21,283
85,21,692
86,21,701
87,21,312
88,21,844
89,21,682
90,21,426
91,21,458
92,21,560
93,21,189
94,21,628
95,21,919
96,21,278
97,21,819
98,21,563
99,21,619
100,21,943
101,21,740
102,21,565
103,21,588
104,21,855
105,21,614
106,21,137
107,21,266
108,21,358
109,21,630
110,21,407
111,21,449
112,21,154
113,21,851
114,21,527
115,21,450
116,21,46
117,21,204
118,21,193
119,21,599
120,21,868
121,21,399
122,21,649
123,21,876
124,21,138
125,21,302
126,21,80
127,21,355
128,21,552
129,21,236
130,21,432
131,21,985
132,21,52
133,21,518
134,21,651
135,21,171
136,21,1001
137,21,780
138,21,42
139,21,496
140,21,279
141,21,823
142,21,607
143,21,114
144,21,173
145,21,691
146,21,845
147,21,274
148,21,156
149,21,43
150,21,859
151,21,549
152,21,535
153,21,348
154,21,237
155,21,342
156,21,163
157,21,888
158,21,722
159,21,689
160,21,139
161,21,728
162,21,344
163,21,98
164,21,370
165,21,167
166,21,308
167,21,838
168,21,522
169,21,785
170,21,462
171,21,473
172,21,333
173,21,105
174,21,803
175,21,790
176,21,40
177,21,656
178,21,942
179,21,175
180,21,1003
181,21,921
182,21,719
183,21,287
184,21,260
185,21,534
186,21,877
187,21,20
188,21,484
189,21,743
190,21,277
191,21,562
192,21,463
193,21,834
194,21,645
195,21,906
196,21,394
197,21,922
198,21,716
199,21,309
200,21,633
201,21,784
202,21,820
203,21,483
204,21,368
205,21,48
206,21,424
207,21,201
208,21,571
209,21,658
210,21,183
211,21,667
212,21,609
213,21,104
214,21,276
215,21,44
216,21,916
217,21,772
218,21,567
219,21,801
220,21,947
221,21,77
222,21,124
223,21,401
224,21,531
225,21,324
226,21,733
227,21,1020
228,21,290
229,21,580
230,21,251
231,21,27
232,21,322
233,21,281
234,21,825
235,21,219
236,21,765
237,21,49
238,21,546
239,21,339
240,21,340
241,21,494
242,21,466
243,21,788
244,21,501
245,21,675
246,21,688
247,21,459
248,21,207
249,21,318
250,21,299
251,21,945
252,21,121
253,21,78
254,21,179
255,21,289
256,21,178
257,21,892
258,21,5
259,21,905
260,21,34
261,21,660
262,21,763
263,21,375
264,21,754
265,21,524
266,21,127
267,21,428
268,21,9
269,21,566
270,21,357
271,21,559
272,21,597
273,21,255
274,21,519
275,21,214
276,21,334
277,21,545
278,21,503
279,21,797
280,21,951
281,21,261
282,21,216
283,21,869
284,21,482
285,21,267
286,21,930
287,21,695
288,21,842
289,21,812
290,21,723
291,21,202
292,21,629
293,21,140
294,21,539
295,21,631
296,21,332
297,21,536
298,21,118
299,21,50
300,21,233
301,21,41
302,21,73
303,21,791
304,21,191
305,21,618
306,21,783
307,21,353
308,21,408
309,21,292
310,21,755
311,21,492
312,21,315
313,21,464
314,21,837
315,21,781
316,21,151
317,21,369
318,21,698
319,21,792
320,21,345
321,21,602
322,21,554
323,21,434
324,21,8
325,21,197
326,21,307
327,21,657
328,21,199
329,21,246
330,21,170
331,21,285
332,21,885
333,21,514
334,21,793
335,21,561
336,21,228
337,21,241
338,21,37
339,21,700
340,21,889
341,21,626
342,21,402
343,21,420
344,21,153
345,21,1005
346,21,573
347,21,465
348,21,737
349,21,880
350,21,243
351,21,413
352,21,912
353,21,587
354,21,442
355,21,710
356,21,606
357,21,799
358,21,516
359,21,532
360,21,354
361,21,430
362,21,979
363,21,693
364,21,632
365,21,887
366,21,457
367,21,304
368,21,873
369,21,608
370,21,165
371,21,923
372,21,103
373,21,687
374,21,109
375,21,826
376,21,750
377,21,45
378,21,817
379,21,321
380,21,598
381,21,550
382,21,870
383,21,621
384,21,680
385,21,306
386,21,568
387,21,891
388,21,924
389,21,513
390,21,343
391,21,1008
392,21,739
393,21,910
394,21,731
395,21,286
396,21,107
397,21,652
398,21,528
399,21,242
0,22,521
1,22,341
2,22,432
3,22,528
4,22,825
5,22,954
6,22,1006
7,22,656
8,22,311
9,22,400
10,22,556
11,22,306
12,22,569
13,22,818
14,22,243
15,22,618
16,22,816
17,22,848
18,22,461
19,22,470
20,22,682
21,22,129
22,22,465
23,22,175
24,22,715
25,22,662
26,22,476
27,22,351
28,22,900
29,22,142
30,22,526
31,22,330
32,22,1013
33,22,187
34,22,963
35,22,178
36,22,494
37,22,606
38,22,628
39,22,685
40,22,999
41,22,857
42,22,665
43,22,108
44,22,421
45,22,552
46,22,859
47,22,375
48,22,595
49,22,767
50,22,304
51,22,492
52,22,783
53,22,454
54,22,933
55,22,881
56,22,533
57,22,266
58,22,245
59,22,813
60,22,557
61,22,477
62,22,680
63,22,847
64,22,775
65,22,522
66,22,529
67,22,809
68,22,490
69,22,749
70,22,534
71,22,363
72,22,649
73,22,722
74,22,206
75,22,410
76,22,616
77,22,176
78,22,906
79,22,692
80,22,731
81,22,710
82,22,335
83,22,324
84,22,283
85,22,660
86,22,700
87,22,313
88,22,876
89,22,714
90,22,458
91,22,457
92,22,592
93,22,188
94,22,629
95,22,887
96,22,279
97,22,820
98,22,562
99,22,619
100,22,944
101,22,739
102,22,564
103,22,588
104,22,856
105,22,614
106,22,137
107,22,267
108,22,326
109,22,630
110,22,406
111,22,449
112,22,155
113,22,819
114,22,527
115,22,451
116,22,47
117,22,172
118,22,161
119,22,600
120,22,868
121,22,399
122,22,650
123,22,908
124,22,170
125,22,334
126,22,48
127,22,387
128,22,553
129,22,235
130,22,464
131,22,985
132,22,52
133,22,486
134,22,651
135,22,139
136,22,1000
137,22,812
138,22,41
139,22,497
140,22,280
141,22,791
142,22,607
143,22,114
144,22,173
145,22,691
146,22,877
147,22,274
148,22,157
149,22,42
150,22,891
151,22,517
152,22,503
153,22,349
154,22,205
155,22,374
156,22,131
157,22,920
158,22,723
159,22,721
160,22,107
161,22,728
162,22,312
163,22,98
164,22,369
165,22,166
166,22,276
167,22,838
168,22,554
169,22,753
170,22,430
171,22,473
172,22,332
173,22,104
174,22,835
175,22,822
176,22,40
177,22,657
178,22,942
179,22,174
180,22,1003
181,22,921
182,22,751
183,22,319
184,22,261
185,22,566
186,22,909
187,22,20
188,22,483
189,22,743
190,22,309
191,22,561
192,22,431
193,22,866
194,22,613
195,22,907
196,22,426
197,22,923
198,22,717
199,22,310
200,22,601
201,22,785
202,22,852
203,22,515
204,22,336
205,22,49
206,22,423
207,22,201
208,22,571
209,22,690
210,22,184
211,22,667
212,22,641
213,22,103
214,22,277
215,22,43
216,22,916
217,22,772
218,22,567
219,22,800
220,22,948
221,22,78
222,22,156
223,22,433
224,22,563
225,22,356
226,22,734
227,22,1020
228,22,291
229,22,612
230,22,251
231,22,27
232,22,321
233,22,249
234,22,824
235,22,219
236,22,733
237,22,50
238,22,578
239,22,371
240,22,308
241,22,462
242,22,467
243,22,788
244,22,501
245,22,707
246,22,720
247,22,459
248,22,208
249,22,318
250,22,298
251,22,946
252,22,153
253,22,46
254,22,147
255,22,257
256,22,179
257,22,924
258,22,5
259,22,904
260,22,34
261,22,659
262,22,762
263,22,407
264,22,786
265,22,525
266,22,127
267,22,396
268,22,10
269,22,598
270,22,358
271,22,558
272,22,565
273,22,255
274,22,518
275,22,214
276,22,333
277,22,545
278,22,502
279,22,797
280,22,951
281,22,293
282,22,216
283,22,901
284,22,450
285,22,299
286,22,930
287,22,696
288,22,842
289,22,811
290,22,724
291,22,202
292,22,661
293,22,140
294,22,540
295,22,631
296,22,331
297,22,535
298,22,117
299,22,51
300,22,265
301,22,9
302,22,73
303,22,792
304,22,223
305,22,617
306,22,815
307,22,385
308,22,409
309,22,292
310,22,755
311,22,524
312,22,315
313,22,463
314,22,837
315,22,781
316,22,119
317,22,368
318,22,699
319,22,760
320,22,377
321,22,602
322,22,586
323,22,435
324,22,8
325,22,197
326,22,339
327,22,658
328,22,167
329,22,278
330,22,171
331,22,285
332,22,886
333,22,546
334,22,793
335,22,560
336,22,228
337,22,240
338,22,38
339,22,732
340,22,889
341,22,627
342,22,434
343,22,388
344,22,154
345,22,1005
346,22,605
347,22,466
348,22,737
349,22,912
350,22,244
351,22,381
352,22,911
353,22,555
354,22,442
355,22,742
356,22,638
357,22,799
358,22,548
359,22,531
360,22,386
361,22,429
362,22,980
363,22,693
364,22,664
365,22,888
366,22,489
367,22,272
368,22,841
369,22,609
370,22,164
371,22,955
372,22,135
373,22,686
374,22,77
375,22,826
376,22,750
377,22,44
378,22,849
379,22,353
380,22,597
381,22,549
382,22,869
383,22,622
384,22,681
385,22,305
386,22,568
387,22,892
388,22,956
389,22,514
390,22,343
391,22,1009
392,22,771
393,22,910
394,22,763
395,22,286
396,22,75
397,22,620
398,22,496
399,22,242
0,23,522
1,23,342
2,23,433
3,23,527
4,23,826
5,23,986
6,23,1006
7,23,657
8,23,311
9,23,432
10,23,557
11,23,274
12,23,537
13,23,786
14,23,244
15,23,650
16,23,784
17,23,848
18,23,460
19,23,438
20,23,681
21,23,97
22,23,497
23,23,174
24,23,747
25,23,663
26,23,444
27,23,351
28,23,901
29,23,142
30,23,494
31,23,362
32,23,1013
33,23,155
34,23,962
35,23,179
36,23,462
37,23,574
38,23,660
39,23,684
40,23,998
41,23,825
42,23,665
43,23,107
44,23,420
45,23,584
46,23,858
47,23,374
48,23,563
49,23,767
50,23,303
51,23,524
52,23,783
53,23,486
54,23,933
55,23,880
56,23,534
57,23,265
58,23,246
59,23,812
60,23,589
61,23,476
62,23,712
63,23,847
64,23,775
65,23,490
66,23,528
67,23,808
68,23,491
69,23,749
70,23,566
71,23,363
72,23,649
73,23,754
74,23,207
75,23,442
76,23,616
77,23,175
78,23,905
79,23,691
80,23,763
81,23,711
82,23,334
83,23,292
84,23,283
85,23,661
86,23,732
87,23,281
88,23,908
89,23,715
90,23,457
91,23,489
92,23,624
93,23,220
94,23,630
95,23,919
96,23,280
97,23,852
98,23,562
99,23,587
100,23,945
101,23,771
102,23,565
103,23,556
104,23,857
105,23,614
106,23,137
107,23,266
108,23,327
109,23,662
110,23,405
111,23,448
112,23,123
113,23,820
114,23,526
115,23,450
116,23,48
117,23,140
118,23,129
119,23,601
120,23,900
121,23,400
122,23,651
123,23,940
124,23,170
125,23,302
126,23,16
127,23,419
128,23,554
129,23,234
130,23,463
131,23,985
132,23,20
133,23,485
134,23,619
135,23,139
136,23,968
137,23,844
138,23,40
139,23,498
140,23,312
141,23,790
142,23,607
143,23,114
144,23,172
145,23,723
146,23,878
147,23,242
148,23,158
149,23,41
150,23,923
151,23,518
152,23,535
153,23,350
154,23,204
155,23,406
156,23,99
157,23,952
158,23,724
159,23,720
160,23,106
161,23,727
162,23,313
163,23,98
164,23,401
165,23,134
166,23,308
167,23,838
168,23,586
169,23,721
170,23,430
171,23,473
172,23,331
173,23,103
174,23,834
175,23,854
176,23,8
177,23,658
178,23,910
179,23,173
180,23,1003
181,23,920
182,23,750
183,23,318
184,23,261
185,23,598
186,23,877
187,23,19
188,23,451
189,23,743
190,23,341
191,23,529
192,23,399
193,23,867
194,23,581
195,23,906
196,23,426
197,23,924
198,23,685
199,23,309
200,23,569
201,23,817
202,23,884
203,23,547
204,23,304
205,23,50
206,23,422
207,23,201
208,23,571
209,23,722
210,23,216
211,23,667
212,23,673
213,23,135
214,23,276
215,23,42
216,23,916
217,23,772
218,23,567
219,23,832
220,23,949
221,23,77
222,23,156
223,23,465
224,23,564
225,23,388
226,23,766
227,23,1020
228,23,259
229,23,613
230,23,251
231,23,27
232,23,320
233,23,217
234,23,856
235,23,219
236,23,701
237,23,51
238,23,610
239,23,370
240,23,307
241,23,461
242,23,468
243,23,788
244,23,501
245,23,739
246,23,719
247,23,458
248,23,176
249,23,317
250,23,299
251,23,947
252,23,185
253,23,47
254,23,148
255,23,225
256,23,211
257,23,956
258,23,5
259,23,936
260,23,34
261,23,659
262,23,762
263,23,439
264,23,787
265,23,493
266,23,127
267,23,364
268,23,11
269,23,597
270,23,390
271,23,558
272,23,533
273,23,254
274,23,550
275,23,214
276,23,332
277,23,545
278,23,503
279,23,797
280,23,951
281,23,294
282,23,215
283,23,869
284,23,449
285,23,267
286,23,930
287,23,697
288,23,842
289,23,810
290,23,692
291,23,202
292,23,629
293,23,108
294,23,541
295,23,631
296,23,330
297,23,536
298,23,116
299,23,52
300,23,264
301,23,10
302,23,73
303,23,760
304,23,255
305,23,585
306,23,816
307,23,386
308,23,410
309,23,291
310,23,755
311,23,525
312,23,315
313,23,431
314,23,837
315,23,813
316,23,119
317,23,367
318,23,700
319,23,728
320,23,409
321,23,602
322,23,618
323,23,434
324,23,9
325,23,197
326,23,340
327,23,626
328,23,166
329,23,310
330,23,171
331,23,285
332,23,887
333,23,578
334,23,792
335,23,561
336,23,228
337,23,239
338,23,70
339,23,733
340,23,921
341,23,628
342,23,466
343,23,387
344,23,153
345,23,1005
346,23,637
347,23,467
348,23,737
349,23,944
350,23,245
351,23,349
352,23,912
353,23,523
354,23,474
355,23,741
356,23,670
357,23,799
358,23,549
359,23,499
360,23,418
361,23,428
362,23,1012
363,23,693
364,23,696
365,23,889
366,23,521
367,23,240
368,23,809
369,23,609
370,23,163
371,23,954
372,23,136
373,23,654
374,23,45
375,23,794
376,23,782
377,23,43
378,23,849
379,23,385
380,23,596
381,23,517
382,23,868
383,23,623
384,23,713
385,23,305
386,23,568
387,23,893
388,23,957
389,23,515
390,23,343
391,23,1010
392,23,803
393,23,909
394,23,795
395,23,286
396,23,75
397,23,588
398,23,464
399,23,243
0,24,490
1,24,310
2,24,434
3,24,526
4,24,794
5,24,954
6,24,1006
7,24,689
8,24,312
9,24,431
10,24,589
11,24,273
12,24,505
13,24,785
14,24,245
15,24,682
16,24,784
17,24,880
18,24,459
19,24,439
20,24,680
21,24,96
22,24,529
23,24,173
24,24,746
25,24,662
26,24,412
27,24,319
28,24,901
29,24,142
30,24,462
31,24,330
32,24,1013
33,24,154
34,24,961
35,24,147
36,24,463
37,24,542
38,24,659
39,24,685
40,24,997
41,24,826
42,24,665
43,24,75
44,24,388
45,24,616
46,24,857
47,24,342
48,24,531
49,24,767
50,24,302
51,24,556
52,24,815
53,24,487
54,24,933
55,24,879
56,24,535
57,24,266
58,24,278
59,24,811
60,24,621
61,24,476
62,24,744
63,24,847
64,24,775
65,24,489
66,24,527
67,24,840
68,24,492
69,24,749
70,24,565
71,24,362
72,24,649
73,24,786
74,24,208
75,24,474
76,24,615
77,24,174
78,24,904
79,24,690
80,24,763
81,24,712
82,24,333
83,24,260
84,24,283
85,24,629
86,24,733
87,24,249
88,24,907
89,24,716
90,24,458
91,24,457
92,24,656
93,24,220
94,24,631
95,24,887
96,24,280
97,24,851
98,24,563
99,24,586
100,24,946
101,24,770
102,24,564
103,24,588
104,24,825
105,24,614
106,24,137
107,24,267
108,24,295
109,24,661
110,24,404
111,24,448
112,24,91
113,24,821
114,24,494
115,24,418
116,24,49
117,24,108
118,24,130
119,24,602
120,24,900
121,24,400
122,24,652
123,24,940
124,24,171
125,24,334
126,24,15
127,24,451
128,24,522
129,24,233
130,24,464
131,24,985
132,24,20
133,24,486
134,24,619
135,24,107
136,24,936
137,24,876
138,24,39
139,24,498
140,24,313
141,24,758
142,24,607
143,24,114
144,24,140
145,24,691
146,24,878
147,24,242
148,24,190
149,24,40
150,24,955
151,24,550
152,24,503
153,24,351
154,24,203
155,24,407
156,24,100
157,24,952
158,24,692
159,24,752
160,24,105
161,24,695
162,24,281
163,24,98
164,24,433
165,24,133
166,24,309
167,24,838
168,24,618
169,24,722
170,24,430
171,24,473
172,24,299
173,24,102
174,24,866
175,24,854
176,24,8
177,24,626
178,24,910
179,24,172
180,24,1003
181,24,921
182,24,782
183,24,350
184,24,261
185,24,598
186,24,845
187,24,19
188,24,450
189,24,743
190,24,373
191,24,528
192,24,367
193,24,868
194,24,580
195,24,938
196,24,394
197,24,956
198,24,653
199,24,277
200,24,537
201,24,849
202,24,916
203,24,579
204,24,272
205,24,51
206,24,454
207,24,201
208,24,571
209,24,754
210,24,184
211,24,667
212,24,705
213,24,135
214,24,276
215,24,41
216,24,915
217,24,772
218,24,566
219,24,864
220,24,981
221,24,77
222,24,156
223,24,497
224,24,596
225,24,387
226,24,798
227,24,1020
228,24,227
229,24,645
230,24,251
231,24,27
232,24,288
233,24,216
234,24,856
235,24,219
236,24,669
237,24,52
238,24,609
239,24,369
240,24,306
241,24,429
242,24,436
243,24,820
244,24,502
245,24,771
246,24,751
247,24,426
248,24,144
249,24,318
250,24,298
251,24,948
252,24,217
253,24,48
254,24,148
255,24,193
256,24,243
257,24,988
258,24,5
259,24,935
260,24,34
261,24,658
262,24,762
263,24,440
264,24,788
265,24,461
266,24,127
267,24,363
268,24,11
269,24,597
270,24,390
271,24,557
272,24,501
273,24,255
274,24,549
275,24,214
276,24,331
277,24,545
278,24,471
279,24,797
280,24,951
281,24,294
282,24,215
283,24,869
284,24,449
285,24,235
286,24,930
287,24,697
288,24,842
289,24,778
290,24,660
291,24,202
292,24,628
293,24,76
294,24,541
295,24,632
296,24,329
297,24,536
298,24,115
299,24,84
300,24,263
301,24,10
302,24,73
303,24,760
304,24,287
305,24,553
306,24,817
307,24,386
308,24,378
309,24,323
310,24,723
311,24,525
312,24,315
313,24,399
314,24,837
315,24,813
316,24,119
317,24,335
318,24,668
319,24,727
320,24,441
321,24,603
322,24,650
323,24,466
324,24,9
325,24,197
326,24,341
327,24,594
328,24,165
329,24,311
330,24,139
331,24,285
332,24,888
333,24,610
334,24,792
335,24,561
336,24,228
337,24,238
338,24,70
339,24,701
340,24,953
341,24,627
342,24,465
343,24,355
344,24,121
345,24,1005
346,24,637
347,24,468
348,24,737
349,24,976
350,24,246
351,24,317
352,24,912
353,24,523
354,24,475
355,24,740
356,24,670
357,24,799
358,24,517
359,24,499
360,24,419
361,24,460
362,24,1012
363,24,693
364,24,728
365,24,890
366,24,520
367,24,241
368,24,777
369,24,608
370,24,162
371,24,922
372,24,104
373,24,622
374,24,45
375,24,795
376,24,783
377,24,42
378,24,881
379,24,417
380,24,595
381,24,485
382,24,836
383,24,624
384,24,714
385,24,305
386,24,568
387,24,861
388,24,925
389,24,516
390,24,343
391,24,1011
392,24,804
393,24,908
394,24,796
395,24,286
396,24,43
397,24,587
398,24,432
399,24,244
0,25,489
1,25,309
2,25,402
3,25,558
4,25,762
5,25,954
6,25,1006
7,25,690
8,25,313
9,25,463
10,25,557
11,25,272
12,25,506
13,25,785
14,25,246
15,25,683
16,25,784
17,25,912
18,25,459
19,25,440
20,25,679
21,25,64
22,25,528
23,25,172
24,25,714
25,25,630
26,25,380
27,25,351
28,25,901
29,25,142
30,25,430
31,25,362
32,25,1013
33,25,122
34,25,960
35,25,148
36,25,464
37,25,510
38,25,691
39,25,685
40,25,997
41,25,794
42,25,665
43,25,75
44,25,356
45,25,648
46,25,856
47,25,341
48,25,532
49,25,767
50,25,303
51,25,588
52,25,783
53,25,487
54,25,933
55,25,911
56,25,536
57,25,266
58,25,310
59,25,810
60,25,620
61,25,476
62,25,776
63,25,847
64,25,775
65,25,457
66,25,526
67,25,841
68,25,460
69,25,749
70,25,564
71,25,363
72,25,649
73,25,818
74,25,209
75,25,474
76,25,616
77,25,173
78,25,872
79,25,722
80,25,795
81,25,744
82,25,332
83,25,228
84,25,283
85,25,597
86,25,765
87,25,250
88,25,939
89,25,717
90,25,490
91,25,458
92,25,688
93,25,220
94,25,663
95,25,887
96,25,280
97,25,883
98,25,531
99,25,585
100,25,947
101,25,770
102,25,563
103,25,587
104,25,793
105,25,614
106,25,137
107,25,267
108,25,263
109,25,660
110,25,403
111,25,448
112,25,59
113,25,822
114,25,462
115,25,419
116,25,50
117,25,76
118,25,131
119,25,603
120,25,868
121,25,399
122,25,653
123,25,940
124,25,203
125,25,302
126,25,14
127,25,483
128,25,523
129,25,265
130,25,496
131,25,985
132,25,19
133,25,485
134,25,619
135,25,108
136,25,904
137,25,908
138,25,38
139,25,466
140,25,281
141,25,757
142,25,607
143,25,114
144,25,141
145,25,723
146,25,879
147,25,274
148,25,190
149,25,39
150,25,955
151,25,550
152,25,535
153,25,350
154,25,204
155,25,439
156,25,101
157,25,920
158,25,693
159,25,753
160,25,104
161,25,696
162,25,249
163,25,98
164,25,433
165,25,132
166,25,277
167,25,838
168,25,650
169,25,721
170,25,431
171,25,472
172,25,298
173,25,134
174,25,865
175,25,854
176,25,9
177,25,658
178,25,878
179,25,171
180,25,1003
181,25,921
182,25,814
183,25,382
184,25,261
185,25,598
186,25,844
187,25,51
188,25,418
189,25,743
190,25,405
191,25,527
192,25,335
193,25,869
194,25,580
195,25,938
196,25,393
197,25,957
198,25,621
199,25,276
200,25,505
201,25,881
202,25,948
203,25,578
204,25,240
205,25,52
206,25,486
207,25,201
208,25,571
209,25,786
210,25,185
211,25,667
212,25,737
213,25,135
214,25,244
215,25,40
216,25,916
217,25,772
218,25,566
219,25,896
220,25,982
221,25,77
222,25,156
223,25,529
224,25,595
225,25,386
226,25,830
227,25,1020
228,25,227
229,25,677
230,25,251
231,25,27
232,25,256
233,25,184
234,25,888
235,25,219
236,25,670
237,25,84
238,25,641
239,25,368
240,25,305
241,25,428
242,25,404
243,25,821
244,25,534
245,25,803
246,25,750
247,25,394
248,25,112
249,25,318
250,25,297
251,25,949
252,25,217
253,25,49
254,25,116
255,25,161
256,25,243
257,25,987
258,25,5
259,25,934
260,25,34
261,25,657
262,25,763
263,25,441
264,25,820
265,25,429
266,25,127
267,25,331
268,25,11
269,25,596
270,25,390
271,25,556
272,25,502
273,25,223
274,25,549
275,25,214
276,25,330
277,25,545
278,25,503
279,25,797
280,25,951
281,25,294
282,25,216
283,25,870
284,25,450
285,25,236
286,25,930
287,25,697
288,25,842
289,25,746
290,25,628
291,25,202
292,25,627
293,25,44
294,25,541
295,25,631
296,25,361
297,25,537
298,25,147
299,25,85
300,25,231
301,25,42
302,25,73
303,25,792
304,25,319
305,25,521
306,25,817
307,25,385
308,25,379
309,25,324
310,25,724
311,25,525
312,25,315
313,25,367
314,25,837
315,25,813
316,25,119
317,25,334
318,25,668
319,25,728
320,25,473
321,25,604
322,25,682
323,25,465
324,25,10
325,25,197
326,25,373
327,25,626
328,25,164
329,25,312
330,25,107
331,25,253
332,25,889
333,25,642
334,25,824
335,25,561
336,25,229
337,25,237
338,25,70
339,25,701
340,25,952
341,25,659
342,25,497
343,25,323
344,25,120
345,25,1005
346,25,669
347,25,436
348,25,736
349,25,976
350,25,278
351,25,285
352,25,944
353,25,491
354,25,443
355,25,739
356,25,671
357,25,799
358,25,518
359,25,499
360,25,420
361,25,461
362,25,1012
363,25,661
364,25,760
365,25,891
366,25,519
367,25,242
368,25,745
369,25,609
370,25,162
371,25,922
372,25,136
373,25,590
374,25,45
375,25,827
376,25,751
377,25,41
378,25,913
379,25,449
380,25,594
381,25,453
382,25,835
383,25,625
384,25,715
385,25,273
386,25,568
387,25,829
388,25,924
389,25,548
390,25,343
391,25,979
392,25,805
393,25,907
394,25,828
395,25,286
396,25,43
397,25,555
398,25,400
399,25,245
0,26,457
1,26,277
2,26,403
3,26,557
4,26,730
5,26,954
6,26,1006
7,26,658
8,26,312
9,26,464
10,26,556
11,26,240
12,26,474
13,26,786
14,26,278
15,26,651
16,26,784
17,26,944
18,26,460
19,26,441
20,26,711
21,26,32
22,26,527
23,26,171
24,26,713
25,26,598
26,26,348
27,26,350
28,26,901
29,26,142
30,26,398
31,26,363
32,26,1013
33,26,121
34,26,928
35,26,149
36,26,465
37,26,478
38,26,690
39,26,684
40,26,997
41,26,762
42,26,665
43,26,107
44,26,324
45,26,680
46,26,855
47,26,340
48,26,533
49,26,767
50,26,302
51,26,589
52,26,783
53,26,487
54,26,933
55,26,910
56,26,537
57,26,266
58,26,342
59,26,778
60,26,652
61,26,476
62,26,777
63,26,847
64,26,775
65,26,458
66,26,558
67,26,873
68,26,428
69,26,749
70,26,596
71,26,364
72,26,649
73,26,850
74,26,210
75,26,475
76,26,616
77,26,205
78,26,840
79,26,721
80,26,827
81,26,776
82,26,331
83,26,227
84,26,283
85,26,565
86,26,797
87,26,218
88,26,971
89,26,685
90,26,522
91,26,426
92,26,720
93,26,220
94,26,695
95,26,887
96,26,281
97,26,883
98,26,499
99,26,617
100,26,915
101,26,770
102,26,563
103,26,588
104,26,794
105,26,614
106,26,137
107,26,267
108,26,264
109,26,692
110,26,371
111,26,448
112,26,60
113,26,790
114,26,463
115,26,451
116,26,51
117,26,44
118,26,132
119,26,604
120,26,868
121,26,431
122,26,654
123,26,908
124,26,204
125,26,334
126,26,13
127,26,484
128,26,524
129,26,265
130,26,528
131,26,985
132,26,20
133,26,517
134,26,619
135,26,109
136,26,872
137,26,909
138,26,37
139,26,434
140,26,313
141,26,725
142,26,607
143,26,114
144,26,173
145,26,723
146,26,880
147,26,242
148,26,190
149,26,38
150,26,955
151,26,550
152,26,535
153,26,318
154,26,172
155,26,471
156,26,102
157,26,952
158,26,694
159,26,785
160,26,103
161,26,664
162,26,250
163,26,98
164,26,433
165,26,100
166,26,245
167,26,838
168,26,682
169,26,689
170,26,430
171,26,473
172,26,330
173,26,133
174,26,865
175,26,854
176,26,10
177,26,659
178,26,878
179,26,203
180,26,1003
181,26,921
182,26,813
183,26,414
184,26,261
185,26,597
186,26,843
187,26,19
188,26,417
189,26,743
190,26,437
191,26,526
192,26,303
193,26,870
194,26,579
195,26,938
196,26,394
197,26,957
198,26,622
199,26,308
200,26,506
201,26,913
202,26,948
203,26,610
204,26,208
205,26,84
206,26,485
207,26,201
208,26,571
209,26,818
210,26,186
211,26,667
212,26,769
213,26,135
214,26,212
215,26,39
216,26,916
217,26,772
218,26,566
219,26,897
220,26,983
221,26,77
222,26,156
223,26,561
224,26,595
225,26,418
226,26,829
227,26,1020
228,26,195
229,26,678
230,26,251
231,26,27
232,26,224
233,26,184
234,26,889
235,26,219
236,26,671
237,26,85
238,26,673
239,26,367
240,26,273
241,26,429
242,26,405
243,26,822
244,26,534
245,26,804
246,26,782
247,26,362
248,26,112
249,26,317
250,26,298
251,26,981
252,26,249
253,26,50
254,26,148
255,26,160
256,26,244
257,26,986
258,26,5
259,26,966
260,26,34
261,26,656
262,26,763
263,26,442
264,26,821
265,26,461
266,26,127
267,26,299
268,26,12
269,26,628
270,26,390
271,26,555
272,26,470
273,26,223
274,26,549
275,26,214
276,26,329
277,26,545
278,26,503
279,26,798
280,26,919
281,26,294
282,26,216
283,26,902
284,26,449
285,26,235
286,26,930
287,26,697
288,26,842
289,26,745
290,26,629
291,26,202
292,26,627
293,26,43
294,26,541
295,26,630
296,26,393
297,26,538
298,26,146
299,26,86
300,26,263
301,26,74
302,26,41
303,26,824
304,26,351
305,26,489
306,26,817
307,26,386
308,26,379
309,26,323
310,26,724
311,26,525
312,26,315
313,26,335
314,26,837
315,26,781
316,26,119
317,26,333
318,26,700
319,26,728
320,26,505
321,26,605
322,26,714
323,26,497
324,26,11
325,26,197
326,26,374
327,26,594
328,26,164
329,26,344
330,26,108
331,26,254
332,26,890
333,26,674
334,26,856
335,26,560
336,26,228
337,26,236
338,26,70
339,26,701
340,26,951
341,26,660
342,26,496
343,26,291
344,26,88
345,26,1005
346,26,668
347,26,404
348,26,737
349,26,976
350,26,310
351,26,253
352,26,943
353,26,459
354,26,443
355,26,707
356,26,639
357,26,799
358,26,519
359,26,498
360,26,420
361,26,493
362,26,1012
363,26,661
364,26,792
365,26,892
366,26,551
367,26,243
368,26,744
369,26,609
370,26,162
371,26,922
372,26,104
373,26,590
374,26,45
375,26,826
376,26,751
377,26,40
378,26,945
379,26,481
380,26,562
381,26,421
382,26,803
383,26,626
384,26,683
385,26,272
386,26,568
387,26,828
388,26,924
389,26,580
390,26,343
391,26,980
392,26,806
393,26,875
394,26,796
395,26,286
396,26,42
397,26,523
398,26,368
399,26,246
0,27,458
1,27,278
2,27,404
3,27,556
4,27,698
5,27,954
6,27,1006
7,27,659
8,27,311
9,27,463
10,27,588
11,27,239
12,27,442
13,27,786
14,27,310
15,27,650
16,27,784
17,27,976
18,27,492
19,27,409
20,27,711
21,27,0
22,27,559
23,27,203
24,27,713
25,27,566
26,27,316
27,27,318
28,27,900
29,27,142
30,27,399
31,27,364
32,27,1013
33,27,120
34,27,896
35,27,149
36,27,466
37,27,477
38,27,722
39,27,716
40,27,997
41,27,730
42,27,665
43,27,107
44,27,292
45,27,679
46,27,854
47,27,339
48,27,534
49,27,767
50,27,334
51,27,621
52,27,783
53,27,487
54,27,933
55,27,942
56,27,538
57,27,234
58,27,374
59,27,810
60,27,684
61,27,476
62,27,778
63,27,847
64,27,775
65,27,490
66,27,557
67,27,874
68,27,429
69,27,749
70,27,595
71,27,396
72,27,649
73,27,882
74,27,211
75,27,507
76,27,616
77,27,204
78,27,808
79,27,753
80,27,859
81,27,777
82,27,330
83,27,195
84,27,283
85,27,533
86,27,829
87,27,186
88,27,970
89,27,686
90,27,554
91,27,394
92,27,752
93,27,220
94,27,727
95,27,887
96,27,280
97,27,883
98,27,467
99,27,617
100,27,916
101,27,770
102,27,564
103,27,620
104,27,762
105,27,614
106,27,137
107,27,266
108,27,265
109,27,691
110,27,370
111,27,449
112,27,60
113,27,790
114,27,431
115,27,451
116,27,19
117,27,76
118,27,133
119,27,605
120,27,868
121,27,432
122,27,655
123,27,876
124,27,172
125,27,335
126,27,45
127,27,516
128,27,525
129,27,297
130,27,560
131,27,1017
132,27,52
133,27,518
134,27,619
135,27,77
136,27,840
137,27,910
138,27,36
139,27,402
140,27,313
141,27,724
142,27,607
143,27,114
144,27,173
145,27,723
146,27,881
147,27,242
148,27,190
149,27,37
150,27,955
151,27,550
152,27,567
153,27,319
154,27,140
155,27,503
156,27,103
157,27,952
158,27,695
159,27,785
160,27,104
161,27,632
162,27,218
163,27,98
164,27,433
165,27,68
166,27,277
167,27,838
168,27,714
169,27,657
170,27,462
171,27,473
172,27,298
173,27,165
174,27,865
175,27,886
176,27,11
177,27,660
178,27,878
179,27,202
180,27,1003
181,27,921
182,27,812
183,27,413
184,27,261
185,27,598
186,27,843
187,27,20
188,27,385
189,27,743
190,27,437
191,27,558
192,27,302
193,27,902
194,27,580
195,27,938
196,27,362
197,27,957
198,27,590
199,27,309
200,27,474
201,27,945
202,27,980
203,27,609
204,27,176
205,27,85
206,27,517
207,27,233
208,27,571
209,27,850
210,27,187
211,27,667
212,27,801
213,27,135
214,27,212
215,27,38
216,27,948
217,27,772
218,27,565
219,27,929
220,27,984
221,27,78
222,27,156
223,27,562
224,27,627
225,27,450
226,27,828
227,27,1020
228,27,163
229,27,710
230,27,251
231,27,27
232,27,225
233,27,184
234,27,857
235,27,219
236,27,639
237,27,86
238,27,705
239,27,366
240,27,272
241,27,461
242,27,373
243,27,823
244,27,535
245,27,805
246,27,781
247,27,361
248,27,112
249,27,317
250,27,299
251,27,982
252,27,281
253,27,51
254,27,148
255,27,160
256,27,245
257,27,985
258,27,5
259,27,965
260,27,34
261,27,656
262,27,763
263,27,443
264,27,822
265,27,460
266,27,127
267,27,267
268,27,13
269,27,628
270,27,390
271,27,555
272,27,471
273,27,223
274,27,549
275,27,214
276,27,328
277,27,545
278,27,502
279,27,798
280,27,951
281,27,294
282,27,216
283,27,901
284,27,417
285,27,236
286,27,930
287,27,697
288,27,842
289,27,744
290,27,597
291,27,201
292,27,626
293,27,44
294,27,541
295,27,630
296,27,392
297,27,539
298,27,178
299,27,87
300,27,295
301,27,73
302,27,41
303,27,856
304,27,350
305,27,457
306,27,818
307,27,386
308,27,379
309,27,355
310,27,692
311,27,526
312,27,315
313,27,303
314,27,837
315,27,813
316,27,119
317,27,332
318,27,732
319,27,728
320,27,537
321,27,637
322,27,746
323,27,496
324,27,12
325,27,197
326,27,375
327,27,594
328,27,132
329,27,376
330,27,109
331,27,253
332,27,891
333,27,675
334,27,888
335,27,561
336,27,228
337,27,237
338,27,70
339,27,701
340,27,983
341,27,661
342,27,464
343,27,259
344,27,56
345,27,1005
346,27,700
347,27,405
348,27,737
349,27,977
350,27,342
351,27,221
352,27,911
353,27,459
354,27,444
355,27,707
356,27,638
357,27,799
358,27,520
359,27,499
360,27,388
361,27,493
362,27,1012
363,27,629
364,27,824
365,27,893
366,27,583
367,27,243
368,27,712
369,27,608
370,27,162
371,27,922
372,27,105
373,27,589
374,27,46
375,27,826
376,27,751
377,27,39
378,27,946
379,27,513
380,27,563
381,27,420
382,27,802
383,27,658
384,27,682
385,27,304
386,27,568
387,27,796
388,27,892
389,27,612
390,27,343
391,27,981
392,27,807
393,27,875
394,27,797
395,27,286
396,27,43
397,27,523
398,27,369
399,27,246
0,28,459
1,28,277
2,28,405
3,28,588
4,28,666
5,28,954
6,28,1006
7,28,660
8,28,311
9,28,463
10,28,589
11,28,207
12,28,410
13,28,786
14,28,342
15,28,618
16,28,816
17,28,1008
18,28,524
19,28,409
20,28,710
21,28,0
22,28,559
23,28,203
24,28,713
25,28,534
26,28,284
27,28,319
28,28,901
29,28,142
30,28,367
31,28,396
32,28,1013
33,28,119
34,28,864
35,28,149
36,28,467
37,28,476
38,28,754
39,28,717
40,28,997
41,28,698
42,28,665
43,28,107
44,28,260
45,28,678
46,28,886
47,28,307
48,28,535
49,28,767
50,28,333
51,28,622
52,28,783
53,28,487
54,28,933
55,28,974
56,28,537
57,28,266
58,28,375
59,28,810
60,28,716
61,28,444
62,28,779
63,28,847
64,28,775
65,28,522
66,28,556
67,28,875
68,28,430
69,28,749
70,28,594
71,28,428
72,28,649
73,28,914
74,28,212
75,28,506
76,28,616
77,28,236
78,28,776
79,28,752
80,28,891
81,28,777
82,28,329
83,28,163
84,28,283
85,28,533
86,28,861
87,28,187
88,28,969
89,28,686
90,28,586
91,28,362
92,28,784
93,28,188
94,28,728
95,28,855
96,28,281
97,28,883
98,28,435
99,28,617
100,28,884
101,28,770
102,28,563
103,28,652
104,28,730
105,28,614
106,28,137
107,28,267
108,28,233
109,28,690
110,28,338
111,28,449
112,28,60
113,28,790
114,28,432
115,28,450
116,28,20
117,28,77
118,28,101
119,28,606
120,28,868
121,28,400
122,28,656
123,28,844
124,28,173
125,28,335
126,28,44
127,28,516
128,28,526
129,28,265
130,28,592
131,28,985
132,28,51
133,28,518
134,28,619
135,28,78
136,28,808
137,28,942
138,28,68
139,28,402
140,28,312
141,28,724
142,28,575
143,28,114
144,28,174
145,28,723
146,28,882
147,28,242
148,28,190
149,28,36
150,28,955
151,28,550
152,28,567
153,28,351
154,28,108
155,28,502
156,28,104
157,28,953
158,28,663
159,28,785
160,28,136
161,28,600
162,28,186
163,28,98
164,28,433
165,28,67
166,28,245
167,28,838
168,28,746
169,28,658
170,28,462
171,28,473
172,28,298
173,28,165
174,28,865
175,28,887
176,28,12
177,28,661
178,28,878
179,28,234
180,28,1003
181,28,921
182,28,811
183,28,445
184,28,261
185,28,598
186,28,843
187,28,21
188,28,353
189,28,743
190,28,437
191,28,557
192,28,301
193,28,903
194,28,580
195,28,938
196,28,361
197,28,957
198,28,558
199,28,309
200,28,442
201,28,977
202,28,980
203,28,641
204,28,144
205,28,117
206,28,549
207,28,201
208,28,571
209,28,850
210,28,219
211,28,667
212,28,800
213,28,135
214,28,244
215,28,37
216,28,916
217,28,772
218,28,566
219,28,929
220,28,952
221,28,46
222,28,156
223,28,562
224,28,627
225,28,482
226,28,827
227,28,1020
228,28,131
229,28,742
230,28,251
231,28,27
232,28,193
233,28,184
234,28,857
235,28,220
236,28,607
237,28,87
238,28,737
239,28,334
240,28,240
241,28,493
242,28,341
243,28,824
244,28,503
245,28,806
246,28,780
247,28,393
248,28,112
249,28,318
250,28,299
251,28,1014
252,28,313
253,28,19
254,28,148
255,28,160
256,28,246
257,28,984
258,28,5
259,28,965
260,28,34
261,28,688
262,28,763
263,28,475
264,28,823
265,28,461
266,28,127
267,28,235
268,28,14
269,28,628
270,28,390
271,28,555
272,28,472
273,28,223
274,28,548
275,28,214
276,28,327
277,28,545
278,28,501
279,28,797
280,28,951
281,28,293
282,28,216
283,28,869
284,28,385
285,28,237
286,28,930
287,28,697
288,28,842
289,28,712
290,28,565
291,28,202
292,28,625
293,28,76
294,28,541
295,28,630
296,28,392
297,28,538
298,28,177
299,28,88
300,28,294
301,28,105
302,28,41
303,28,888
304,28,382
305,28,458
306,28,819
307,28,386
308,28,379
309,28,356
310,28,693
311,28,527
312,28,315
313,28,302
314,28,837
315,28,813
316,28,151
317,28,331
318,28,733
319,28,696
320,28,569
321,28,605
322,28,778
323,28,496
324,28,13
325,28,197
326,28,376
327,28,626
328,28,132
329,28,377
330,28,110
331,28,285
332,28,892
333,28,707
334,28,920
335,28,529
336,28,228
337,28,205
338,28,70
339,28,701
340,28,983
341,28,662
342,28,464
343,28,227
344,28,55
345,28,1005
346,28,732
347,28,373
348,28,736
349,28,976
350,28,374
351,28,189
352,28,912
353,28,491
354,28,443
355,28,739
356,28,670
357,28,799
358,28,552
359,28,499
360,28,387
361,28,492
362,28,1012
363,28,597
364,28,856
365,28,893
366,28,615
367,28,211
368,28,680
369,28,609
370,28,162
371,28,922
372,28,106
373,28,621
374,28,45
375,28,826
376,28,751
377,28,38
378,28,945
379,28,514
380,28,595
381,28,388
382,28,801
383,28,659
384,28,682
385,28,305
386,28,568
387,28,828
388,28,924
389,28,613
390,28,343
391,28,982
392,28,839
393,28,907
394,28,829
395,28,286
396,28,43
397,28,523
398,28,370
399,28,278
0,29,460
1,29,245
2,29,373
3,29,587
4,29,667
5,29,986
6,29,1006
7,29,661
8,29,311
9,29,463
10,29,557
11,29,206
12,29,378
13,29,786
14,29,343
15,29,650
16,29,848
17,29,1008
18,29,523
19,29,410
20,29,710
21,29,0
22,29,527
23,29,202
24,29,713
25,29,502
26,29,252
27,29,287
28,29,901
29,29,142
30,29,335
31,29,428
32,29,1013
33,29,118
34,29,864
35,29,150
36,29,468
37,29,444
38,29,753
39,29,717
40,29,997
41,29,666
42,29,665
43,29,75
44,29,228
45,29,677
46,29,885
47,29,306
48,29,536
49,29,767
50,29,332
51,29,623
52,29,783
53,29,487
54,29,933
55,29,973
56,29,505
57,29,298
58,29,407
59,29,809
60,29,715
61,29,445
62,29,780
63,29,847
64,29,775
65,29,521
66,29,588
67,29,876
68,29,431
69,29,749
70,29,626
71,29,429
72,29,649
73,29,946
74,29,213
75,29,506
76,29,616
77,29,235
78,29,744
79,29,784
80,29,891
81,29,777
82,29,328
83,29,131
84,29,283
85,29,534
86,29,893
87,29,186
88,29,1001
89,29,686
90,29,618
91,29,330
92,29,816
93,29,220
94,29,760
95,29,823
96,29,249
97,29,883
98,29,435
99,29,617
100,29,884
101,29,770
102,29,562
103,29,652
104,29,698
105,29,646
106,29,137
107,29,267
108,29,234
109,29,689
110,29,338
111,29,449
112,29,60
113,29,790
114,29,433
115,29,450
116,29,21
117,29,76
118,29,101
119,29,606
120,29,868
121,29,432
122,29,657
123,29,844
124,29,174
125,29,334
126,29,43
127,29,516
128,29,494
129,29,264
130,29,624
131,29,985
132,29,50
133,29,518
134,29,619
135,29,77
136,29,776
137,29,943
138,29,67
139,29,370
140,29,280
141,29,724
142,29,574
143,29,114
144,29,175
145,29,723
146,29,850
147,29,242
148,29,190
149,29,4
150,29,955
151,29,550
152,29,566
153,29,319
154,29,107
155,29,503
156,29,136
157,29,954
158,29,631
159,29,785
160,29,168
161,29,568
162,29,154
163,29,98
164,29,465
165,29,35
166,29,246
167,29,838
168,29,778
169,29,659
170,29,462
171,29,473
172,29,297
173,29,165
174,29,865
175,29,855
176,29,13
177,29,662
178,29,878
179,29,266
180,29,1003
181,29,921
182,29,811
183,29,477
184,29,261
185,29,597
186,29,843
187,29,22
188,29,352
189,29,743
190,29,437
191,29,525
192,29,269
193,29,935
194,29,580
195,29,938
196,29,362
197,29,957
198,29,559
199,29,309
200,29,442
201,29,978
202,29,980
203,29,673
204,29,112
205,29,149
206,29,581
207,29,233
208,29,571
209,29,849
210,29,218
211,29,699
212,29,832
213,29,135
214,29,212
215,29,36
216,29,916
217,29,772
218,29,598
219,29,929
220,29,953
221,29,78
222,29,156
223,29,594
224,29,627
225,29,514
226,29,826
227,29,1020
228,29,132
229,29,742
230,29,251
231,29,27
232,29,161
233,29,184
234,29,857
235,29,219
236,29,575
237,29,88
238,29,769
239,29,333
240,29,239
241,29,493
242,29,342
243,29,825
244,29,535
245,29,807
246,29,812
247,29,393
248,29,113
249,29,318
250,29,331
251,29,982
252,29,345
253,29,20
254,29,148
255,29,160
256,29,278
257,29,984
258,29,5
259,29,965
260,29,34
261,29,687
262,29,763
263,29,507
264,29,824
265,29,461
266,29,127
267,29,203
268,29,46
269,29,628
270,29,390
271,29,555
272,29,440
273,29,223
274,29,549
275,29,214
276,29,326
277,29,545
278,29,501
279,29,797
280,29,952
281,29,292
282,29,216
283,29,869
284,29,353
285,29,205
286,29,930
287,29,697
288,29,842
289,29,711
290,29,533
291,29,201
292,29,625
293,29,108
294,29,541
295,29,630
296,29,392
297,29,537
298,29,209
299,29,89
300,29,293
301,29,104
302,29,41
303,29,920
304,29,414
305,29,426
306,29,820
307,29,386
308,29,379
309,29,357
310,29,725
311,29,526
312,29,315
313,29,301
314,29,837
315,29,813
316,29,119
317,29,363
318,29,732
319,29,728
320,29,601
321,29,604
322,29,810
323,29,496
324,29,14
325,29,197
326,29,377
327,29,658
328,29,100
329,29,409
330,29,110
331,29,285
332,29,924
333,29,708
334,29,919
335,29,497
336,29,229
337,29,204
338,29,70
339,29,701
340,29,951
341,29,663
342,29,464
343,29,195
344,29,54
345,29,1005
346,29,731
347,29,374
348,29,737
349,29,976
350,29,375
351,29,188
352,29,912
353,29,459
354,29,443
355,29,707
356,29,669
357,29,799
358,29,552
359,29,499
360,29,388
361,29,492
362,29,1012
363,29,565
364,29,888
365,29,892
366,29,614
367,29,179
368,29,681
369,29,610
370,29,162
371,29,922
372,29,106
373,29,620
374,29,45
375,29,858
376,29,751
377,29,37
378,29,913
379,29,546
380,29,563
381,29,356
382,29,801
383,29,660
384,29,682
385,29,305
386,29,569
387,29,828
388,29,925
389,29,645
390,29,344
391,29,983
392,29,840
393,29,875
394,29,861
395,29,286
396,29,11
397,29,522
398,29,371
399,29,277
0,30,492
1,30,213
2,30,374
3,30,587
4,30,635
5,30,954
6,30,1006
7,30,662
8,30,311
9,30,463
10,30,557
11,30,174
12,30,346
13,30,786
14,30,344
15,30,682
16,30,816
17,30,1008
18,30,522
19,30,409
20,30,710
21,30,0
22,30,526
23,30,201
24,30,713
25,30,470
26,30,220
27,30,287
28,30,901
29,30,142
30,30,303
31,30,460
32,30,1013
33,30,117
34,30,896
35,30,149
36,30,469
37,30,412
38,30,785
39,30,717
40,30,997
41,30,667
42,30,665
43,30,74
44,30,227
45,30,677
46,30,884
47,30,274
48,30,537
49,30,767
50,30,364
51,30,655
52,30,782
53,30,487
54,30,933
55,30,972
56,30,505
57,30,297
58,30,439
59,30,777
60,30,714
61,30,444
62,30,781
63,30,847
64,30,775
65,30,521
66,30,588
67,30,877
68,30,432
69,30,749
70,30,625
71,30,428
72,30,649
73,30,978
74,30,214
75,30,506
76,30,616
77,30,267
78,30,712
79,30,783
80,30,891
81,30,778
82,30,327
83,30,99
84,30,283
85,30,566
86,30,925
87,30,186
88,30,1000
89,30,654
90,30,650
91,30,298
92,30,815
93,30,188
94,30,792
95,30,855
96,30,250
97,30,883
98,30,435
99,30,617
100,30,916
101,30,770
102,30,561
103,30,652
104,30,666
105,30,678
106,30,137
107,30,266
108,30,235
109,30,688
110,30,306
111,30,449
112,30,60
113,30,790
114,30,434
115,30,450
116,30,22
117,30,44
118,30,101
119,30,605
120,30,868
121,30,400
122,30,658
123,30,812
124,30,175
125,30,334
126,30,42
127,30,516
128,30,462
129,30,264
130,30,623
131,30,985
132,30,49
133,30,518
134,30,651
135,30,78
136,30,744
137,30,944
138,30,66
139,30,338
140,30,281
141,30,724
142,30,606
143,30,114
144,30,207
145,30,723
146,30,851
147,30,242
148,30,190
149,30,3
150,30,955
151,30,550
152,30,565
153,30,319
154,30,75
155,30,535
156,30,104
157,30,953
158,30,632
159,30,817
160,30,136
161,30,536
162,30,122
163,30,98
164,30,433
165,30,35
166,30,278
167,30,838
168,30,810
169,30,627
170,30,461
171,30,473
172,30,329
173,30,165
174,30,865
175,30,854
176,30,14
177,30,663
178,30,878
179,30,265
180,30,1003
181,30,889
182,30,843
183,30,478
184,30,261
185,30,597
186,30,844
187,30,23
188,30,320
189,30,711
190,30,437
191,30,525
192,30,237
193,30,967
194,30,580
195,30,938
196,30,361
197,30,957
198,30,560
199,30,309
200,30,410
201,30,979
202,30,980
203,30,705
204,30,80
205,30,181
206,30,613
207,30,234
208,30,571
209,30,881
210,30,218
211,30,699
212,30,864
213,30,135
214,30,211
215,30,68
216,30,915
217,30,772
218,30,598
219,30,929
220,30,921
221,30,110
222,30,156
223,30,594
224,30,628
225,30,546
226,30,825
227,30,1020
228,30,133
229,30,743
230,30,251
231,30,27
232,30,129
233,30,184
234,30,857
235,30,219
236,30,574
237,30,89
238,30,801
239,30,332
240,30,238
241,30,494
242,30,310
243,30,793
244,30,534
245,30,808
246,30,811
247,30,393
248,30,112
249,30,318
250,30,331
251,30,982
252,30,377
253,30,21
254,30,148
255,30,160
256,30,279
257,30,1016
258,30,5
259,30,965
260,30,34
261,30,686
262,30,762
263,30,508
264,30,824
265,30,429
266,30,127
267,30,203
268,30,45
269,30,629
270,30,390
271,30,555
272,30,408
273,30,223
274,30,549
275,30,246
276,30,325
277,30,545
278,30,502
279,30,797
280,30,951
281,30,292
282,30,216
283,30,869
284,30,321
285,30,204
286,30,930
287,30,697
288,30,842
289,30,679
290,30,501
291,30,233
292,30,624
293,30,140
294,30,541
295,30,630
296,30,392
297,30,538
298,30,241
299,30,121
300,30,293
301,30,103
302,30,41
303,30,919
304,30,413
305,30,394
306,30,821
307,30,386
308,30,379
309,30,356
310,30,725
311,30,558
312,30,315
313,30,333
314,30,837
315,30,813
316,30,119
317,30,362
318,30,732
319,30,728
320,30,633
321,30,603
322,30,809
323,30,496
324,30,46
325,30,197
326,30,378
327,30,626
328,30,132
329,30,441
330,30,109
331,30,285
332,30,892
333,30,709
334,30,887
335,30,465
336,30,228
337,30,236
338,30,70
339,30,700
340,30,983
341,30,664
342,30,464
343,30,163
344,30,54
345,30,1005
346,30,763
347,30,375
348,30,737
349,30,976
350,30,407
351,30,187
352,30,912
353,30,458
354,30,442
355,30,707
356,30,701
357,30,799
358,30,552
359,30,499
360,30,420
361,30,491
362,30,1012
363,30,533
364,30,920
365,30,893
366,30,646
367,30,147
368,30,681
369,30,610
370,30,162
371,30,922
372,30,106
373,30,619
374,30,13
375,30,826
376,30,751
377,30,36
378,30,913
379,30,578
380,30,562
381,30,355
382,30,800
383,30,661
384,30,683
385,30,305
386,30,568
387,30,828
388,30,924
389,30,645
390,30,376
391,30,984
392,30,872
393,30,875
394,30,862
395,30,286
396,30,43
397,30,490
398,30,339
399,30,245
0,31,460
1,31,212
2,31,375
3,31,619
4,31,603
5,31,954
6,31,1006
7,31,663
8,31,312
9,31,463
10,31,557
11,31,173
12,31,347
13,31,786
14,31,345
15,31,683
16,31,784
17,31,1008
18,31,521
19,31,410
20,31,742
21,31,0
22,31,525
23,31,200
24,31,713
25,31,438
26,31,188
27,31,287
28,31,901
29,31,142
30,31,304
31,31,459
32,31,1013
33,31,116
34,31,928
35,31,149
36,31,470
37,31,412
38,31,817
39,31,717
40,31,997
41,31,635
42,31,664
43,31,75
44,31,195
45,31,709
46,31,883
47,31,273
48,31,538
49,31,767
50,31,396
51,31,687
52,31,783
53,31,487
54,31,933
55,31,971
56,31,537
57,31,298
58,31,440
59,31,745
60,31,746
61,31,476
62,31,782
63,31,847
64,31,776
65,31,489
66,31,587
67,31,877
68,31,464
69,31,749
70,31,624
71,31,428
72,31,649
73,31,1010
74,31,215
75,31,506
76,31,616
77,31,235
78,31,711
79,31,815
80,31,891
81,31,779
82,31,326
83,31,99
84,31,283
85,31,534
86,31,957
87,31,186
88,31,999
89,31,686
90,31,682
91,31,266
92,31,814
93,31,189
94,31,793
95,31,887
96,31,251
97,31,915
98,31,435
99,31,617
100,31,884
101,31,770
102,31,529
103,31,652
104,31,667
105,31,677
106,31,137
107,31,267
108,31,236
109,31,688
110,31,274
111,31,449
112,31,60
113,31,790
114,31,434
115,31,450
116,31,23
117,31,44
118,31,101
119,31,606
120,31,868
121,31,432
122,31,659
123,31,780
124,31,176
125,31,334
126,31,74
127,31,516
128,31,430
129,31,263
130,31,655
131,31,985
132,31,48
133,31,518
134,31,651
135,31,46
136,31,712
137,31,945
138,31,65
139,31,306
140,31,249
141,31,724
142,31,607
143,31,114
144,31,175
145,31,723
146,31,852
147,31,242
148,31,190
149,31,2
150,31,955
151,31,550
152,31,566
153,31,319
154,31,43
155,31,567
156,31,105
157,31,953
158,31,633
159,31,816
160,31,104
161,31,504
162,31,154
163,31,98
164,31,401
165,31,35
166,31,277
167,31,838
168,31,809
169,31,595
170,31,462
171,31,472
172,31,297
173,31,165
174,31,865
175,31,854
176,31,15
177,31,695
178,31,878
179,31,264
180,31,1003
181,31,889
182,31,842
183,31,510
184,31,261
185,31,597
186,31,843
187,31,55
188,31,288
189,31,743
190,31,437
191,31,524
192,31,237
193,31,968
194,31,580
195,31,938
196,31,393
197,31,958
198,31,561
199,31,309
200,31,378
201,31,980
202,31,948
203,31,737
204,31,80
205,31,213
206,31,645
207,31,233
208,31,571
209,31,913
210,31,218
211,31,699
212,31,896
213,31,135
214,31,179
215,31,67
216,31,916
217,31,772
218,31,598
219,31,929
220,31,921
221,31,78
222,31,156
223,31,626
224,31,660
225,31,578
226,31,824
227,31,1020
228,31,134
229,31,775
230,31,252
231,31,27
232,31,97
233,31,184
234,31,857
235,31,219
236,31,542
237,31,121
238,31,802
239,31,331
240,31,206
241,31,494
242,31,311
243,31,794
244,31,533
245,31,840
246,31,810
247,31,392
248,31,112
249,31,318
250,31,299
251,31,1014
252,31,409
253,31,22
254,31,148
255,31,160
256,31,280
257,31,1017
258,31,5
259,31,965
260,31,34
261,31,685
262,31,763
263,31,509
264,31,856
265,31,429
266,31,127
267,31,203
268,31,13
269,31,628
270,31,390
271,31,555
272,31,408
273,31,223
274,31,549
275,31,214
276,31,324
277,31,545
278,31,503
279,31,797
280,31,951
281,31,293
282,31,216
283,31,869
284,31,289
285,31,172
286,31,930
287,31,697
288,31,874
289,31,647
290,31,469
291,31,201
292,31,656
293,31,140
294,31,541
295,31,630
296,31,424
297,31,539
298,31,241
299,31,122
300,31,325
301,31,102
302,31,41
303,31,920
304,31,445
305,31,362
306,31,821
307,31,386
308,31,380
309,31,388
310,31,725
311,31,526
312,31,315
313,31,333
314,31,837
315,31,813
316,31,119
317,31,361
318,31,700
319,31,728
320,31,665
321,31,602
322,31,841
323,31,497
324,31,14
325,31,197
326,31,379
327,31,658
328,31,132
329,31,473
330,31,110
331,31,285
332,31,893
333,31,710
334,31,888
335,31,433
336,31,228
337,31,204
338,31,70
339,31,701
340,31,982
341,31,696
342,31,496
343,31,131
344,31,54
345,31,1005
346,31,795
347,31,376
348,31,736
349,31,976
350,31,439
351,31,155
352,31,912
353,31,426
354,31,442
355,31,707
356,31,733
357,31,799
358,31,552
359,31,499
360,31,421
361,31,492
362,31,1012
363,31,501
364,31,952
365,31,861
366,31,678
367,31,115
368,31,681
369,31,642
370,31,162
371,31,922
372,31,106
373,31,618
374,31,12
375,31,826
376,31,751
377,31,68
378,31,914
379,31,610
380,31,562
381,31,355
382,31,768
383,31,662
384,31,684
385,31,305
386,31,568
387,31,828
388,31,892
389,31,646
390,31,344
391,31,1016
392,31,873
393,31,875
394,31,862
395,31,286
396,31,11
397,31,522
398,31,340
399,31,245
0,32,428
1,32,213
2,32,376
3,32,618
4,32,571
5,32,954
6,32,1006
7,32,664
8,32,313
9,32,463
10,32,557
11,32,141
12,32,315
13,32,786
14,32,345
15,32,651
16,32,752
17,32,1008
18,32,520
19,32,378
20,32,710
21,32,0
22,32,524
23,32,199
24,32,714
25,32,406
26,32,187
27,32,287
28,32,901
29,32,142
30,32,304
31,32,491
32,32,1012
33,32,115
34,32,960
35,32,149
36,32,471
37,32,412
38,32,816
39,32,717
40,32,997
41,32,603
42,32,665
43,32,107
44,32,163
45,32,741
46,32,882
47,32,272
48,32,506
49,32,767
50,32,364
51,32,719
52,32,782
53,32,487
54,32,933
55,32,970
56,32,537
57,32,299
58,32,472
59,32,713
60,32,778
61,32,476
62,32,814
63,32,847
64,32,775
65,32,521
66,32,586
67,32,877
68,32,432
69,32,749
70,32,623
71,32,396
72,32,649
73,32,1010
74,32,215
75,32,507
76,32,616
77,32,267
78,32,679
79,32,783
80,32,891
81,32,780
82,32,325
83,32,100
84,32,283
85,32,535
86,32,989
87,32,186
88,32,998
89,32,686
90,32,683
91,32,234
92,32,815
93,32,188
94,32,825
95,32,887
96,32,252
97,32,883
98,32,435
99,32,585
100,32,885
101,32,770
102,32,528
103,32,652
104,32,635
105,32,645
106,32,137
107,32,266
108,32,237
109,32,656
110,32,273
111,32,449
112,32,60
113,32,790
114,32,434
115,32,450
116,32,55
117,32,76
118,32,69
119,32,606
120,32,868
121,32,431
122,32,660
123,32,748
124,32,176
125,32,334
126,32,106
127,32,516
128,32,398
129,32,231
130,32,687
131,32,986
132,32,48
133,32,518
134,32,619
135,32,47
136,32,711
137,32,977
138,32,97
139,32,274
140,32,250
141,32,724
142,32,607
143,32,114
144,32,174
145,32,723
146,32,852
147,32,242
148,32,190
149,32,1
150,32,955
151,32,550
152,32,534
153,32,319
154,32,75
155,32,599
156,32,73
157,32,952
158,32,601
159,32,784
160,32,104
161,32,504
162,32,122
163,32,98
164,32,369
165,32,35
166,32,277
167,32,838
168,32,808
169,32,563
170,32,462
171,32,473
172,32,298
173,32,165
174,32,865
175,32,854
176,32,16
177,32,695
178,32,878
179,32,263
180,32,1003
181,32,921
182,32,841
183,32,511
184,32,261
185,32,597
186,32,843
187,32,54
188,32,256
189,32,743
190,32,436
191,32,556
192,32,205
193,32,969
194,32,580
195,32,938
196,32,392
197,32,957
198,32,529
199,32,309
200,32,346
201,32,981
202,32,980
203,32,769
204,32,80
205,32,245
206,32,646
207,32,201
208,32,539
209,32,914
210,32,218
211,32,667
212,32,928
213,32,167
214,32,179
215,32,66
216,32,916
217,32,772
218,32,566
219,32,929
220,32,953
221,32,77
222,32,156
223,32,625
224,32,692
225,32,610
226,32,823
227,32,1020
228,32,135
229,32,807
230,32,253
231,32,27
232,32,96
233,32,184
234,32,889
235,32,219
236,32,510
237,32,153
238,32,834
239,32,363
240,32,206
241,32,494
242,32,312
243,32,794
244,32,532
245,32,872
246,32,809
247,32,424
248,32,112
249,32,318
250,32,331
251,32,1013
252,32,441
253,32,23
254,32,148
255,32,160
256,32,281
257,32,985
258,32,5
259,32,965
260,32,34
261,32,684
262,32,763
263,32,509
264,32,857
265,32,429
266,32,127
267,32,235
268,32,12
269,32,627
270,32,390
271,32,555
272,32,409
273,32,223
274,32,549
275,32,214
276,32,292
277,32,545
278,32,503
279,32,797
280,32,951
281,32,294
282,32,216
283,32,869
284,32,257
285,32,204
286,32,930
287,32,698
288,32,842
289,32,615
290,32,437
291,32,202
292,32,655
293,32,140
294,32,541
295,32,630
296,32,423
297,32,538
298,32,241
299,32,123
300,32,357
301,32,101
302,32,41
303,32,888
304,32,477
305,32,330
306,32,821
307,32,386
308,32,381
309,32,420
310,32,725
311,32,527
312,32,316
313,32,333
314,32,837
315,32,813
316,32,119
317,32,393
318,32,668
319,32,728
320,32,666
321,32,602
322,32,873
323,32,496
324,32,13
325,32,197
326,32,380
327,32,658
328,32,132
329,32,505
330,32,110
331,32,285
332,32,894
333,32,678
334,32,856
335,32,401
336,32,228
337,32,236
338,32,70
339,32,701
340,32,1014
341,32,697
342,32,464
343,32,99
344,32,22
345,32,1005
346,32,827
347,32,377
348,32,737
349,32,976
350,32,440
351,32,154
352,32,912
353,32,394
354,32,442
355,32,707
356,32,734
357,32,799
358,32,552
359,32,499
360,32,453
361,32,460
362,32,1011
363,32,469
364,32,984
365,32,893
366,32,677
367,32,147
368,32,681
369,32,641
370,32,162
371,32,922
372,32,105
373,32,617
374,32,44
375,32,826
376,32,751
377,32,67
378,32,946
379,32,642
380,32,561
381,32,355
382,32,736
383,32,663
384,32,716
385,32,305
386,32,568
387,32,828
388,32,892
389,32,647
390,32,343
391,32,1017
392,32,874
393,32,875
394,32,862
395,32,286
396,32,43
397,32,523
398,32,341
399,32,246
0,33,429
1,33,181
2,33,344
3,33,619
4,33,539
5,33,954
6,33,1006
7,33,632
8,33,312
9,33,463
10,33,589
11,33,109
12,33,283
13,33,786
14,33,377
15,33,683
16,33,784
17,33,1008
18,33,520
19,33,346
20,33,711
21,33,0
22,33,556
23,33,231
24,33,713
25,33,374
26,33,155
27,33,287
28,33,901
29,33,142
30,33,304
31,33,492
32,33,980
33,33,114
34,33,992
35,33,149
36,33,439
37,33,380
38,33,848
39,33,717
40,33,997
41,33,571
42,33,664
43,33,107
44,33,131
45,33,740
46,33,881
47,33,240
48,33,538
49,33,767
50,33,364
51,33,720
52,33,750
53,33,487
54,33,933
55,33,1002
56,33,569
57,33,298
58,33,473
59,33,681
60,33,810
61,33,476
62,33,815
63,33,847
64,33,775
65,33,521
66,33,554
67,33,877
68,33,432
69,33,749
70,33,622
71,33,396
72,33,650
73,33,1010
74,33,215
75,33,506
76,33,616
77,33,266
78,33,647
79,33,782
80,33,891
81,33,781
82,33,357
83,33,99
84,33,284
85,33,536
86,33,988
87,33,186
88,33,966
89,33,654
90,33,715
91,33,202
92,33,816
93,33,220
94,33,826
95,33,887
96,33,251
97,33,883
98,33,435
99,33,586
100,33,886
101,33,770
102,33,560
103,33,652
104,33,635
105,33,646
106,33,137
107,33,234
108,33,238
109,33,655
110,33,241
111,33,449
112,33,60
113,33,790
114,33,434
115,33,450
116,33,87
117,33,44
118,33,101
119,33,606
120,33,868
121,33,431
122,33,661
123,33,747
124,33,176
125,33,334
126,33,105
127,33,516
128,33,399
129,33,263
130,33,686
131,33,985
132,33,47
133,33,518
134,33,651
135,33,15
136,33,679
137,33,978
138,33,129
139,33,242
140,33,250
141,33,724
142,33,607
143,33,146
144,33,173
145,33,723
146,33,852
147,33,210
148,33,190
149,33,33
150,33,955
151,33,550
152,33,534
153,33,319
154,33,75
155,33,631
156,33,74
157,33,952
158,33,602
159,33,785
160,33,104
161,33,504
162,33,121
163,33,98
164,33,370
165,33,35
166,33,278
167,33,838
168,33,807
169,33,531
170,33,462
171,33,441
172,33,330
173,33,165
174,33,865
175,33,854
176,33,48
177,33,695
178,33,878
179,33,295
180,33,1003
181,33,921
182,33,809
183,33,510
184,33,261
185,33,597
186,33,843
187,33,22
188,33,256
189,33,743
190,33,437
191,33,557
192,33,237
193,33,970
194,33,580
195,33,938
196,33,393
197,33,957
198,33,497
199,33,309
200,33,345
201,33,949
202,33,979
203,33,801
204,33,80
205,33,277
206,33,678
207,33,201
208,33,507
209,33,914
210,33,218
211,33,667
212,33,960
213,33,135
214,33,179
215,33,65
216,33,916
217,33,772
218,33,566
219,33,929
220,33,953
221,33,77
222,33,156
223,33,657
224,33,691
225,33,610
226,33,822
227,33,1020
228,33,136
229,33,839
230,33,252
231,33,27
232,33,64
233,33,184
234,33,857
235,33,219
236,33,478
237,33,185
238,33,835
239,33,363
240,33,205
241,33,494
242,33,280
243,33,794
244,33,532
245,33,904
246,33,777
247,33,392
248,33,112
249,33,318
250,33,332
251,33,981
252,33,442
253,33,55
254,33,148
255,33,160
256,33,313
257,33,984
258,33,5
259,33,965
260,33,34
261,33,716
262,33,763
263,33,509
264,33,825
265,33,461
266,33,127
267,33,235
268,33,11
269,33,627
270,33,390
271,33,555
272,33,409
273,33,223
274,33,549
275,33,214
276,33,260
277,33,545
278,33,503
279,33,797
280,33,951
281,33,294
282,33,216
283,33,869
284,33,225
285,33,204
286,33,930
287,33,697
288,33,842
289,33,614
290,33,405
291,33,203
292,33,623
293,33,140
294,33,541
295,33,630
296,33,424
297,33,570
298,33,209
299,33,91
300,33,358
301,33,100
302,33,41
303,33,856
304,33,477
305,33,331
306,33,821
307,33,386
308,33,349
309,33,420
310,33,725
311,33,527
312,33,315
313,33,333
314,33,837
315,33,813
316,33,119
317,33,394
318,33,668
319,33,728
320,33,698
321,33,603
322,33,872
323,33,496
324,33,12
325,33,197
326,33,381
327,33,658
328,33,132
329,33,537
330,33,110
331,33,285
332,33,894
333,33,710
334,33,824
335,33,369
336,33,228
337,33,236
338,33,70
339,33,701
340,33,1013
341,33,665
342,33,464
343,33,67
344,33,23
345,33,1005
346,33,859
347,33,378
348,33,705
349,33,976
350,33,472
351,33,153
352,33,912
353,33,362
354,33,410
355,33,707
356,33,766
357,33,799
358,33,552
359,33,499
360,33,453
361,33,460
362,33,1012
363,33,468
364,33,1016
365,33,893
366,33,709
367,33,115
368,33,649
369,33,609
370,33,162
371,33,922
372,33,73
373,33,585
374,33,45
375,33,858
376,33,751
377,33,66
378,33,945
379,33,674
380,33,561
381,33,355
382,33,737
383,33,663
384,33,748
385,33,305
386,33,568
387,33,828
388,33,892
389,33,648
390,33,343
391,33,1018
392,33,875
393,33,907
394,33,862
395,33,286
396,33,43
397,33,523
398,33,342
399,33,245
0,34,430
1,34,149
2,34,312
3,34,651
4,34,507
5,34,954
6,34,1006
7,34,633
8,34,311
9,34,463
10,34,557
11,34,108
12,34,251
13,34,786
14,34,409
15,34,683
16,34,784
17,34,1008
18,34,520
19,34,345
20,34,679
21,34,0
22,34,555
23,34,230
24,34,713
25,34,342
26,34,155
27,34,287
28,34,901
29,34,142
30,34,304
31,34,492
32,34,981
33,34,113
34,34,960
35,34,150
36,34,440
37,34,380
38,34,880
39,34,717
40,34,997
41,34,570
42,34,665
43,34,107
44,34,99
45,34,772
46,34,913
47,34,239
48,34,539
49,34,767
50,34,396
51,34,721
52,34,751
53,34,487
54,34,933
55,34,1002
56,34,601
57,34,266
58,34,474
59,34,649
60,34,809
61,34,476
62,34,816
63,34,847
64,34,775
65,34,521
66,34,553
67,34,877
68,34,432
69,34,749
70,34,621
71,34,428
72,34,682
73,34,1010
74,34,215
75,34,506
76,34,616
77,34,265
78,34,615
79,34,814
80,34,923
81,34,782
82,34,356
83,34,100
84,34,283
85,34,537
86,34,987
87,34,187
88,34,966
89,34,686
90,34,747
91,34,170
92,34,817
93,34,220
94,34,858
95,34,855
96,34,252
97,34,883
98,34,435
99,34,585
100,34,887
101,34,770
102,34,528
103,34,652
104,34,635
105,34,614
106,34,105
107,34,235
108,34,238
109,34,654
110,34,209
111,34,449
112,34,60
113,34,790
114,34,434
115,34,450
116,34,88
117,34,44
118,34,101
119,34,606
120,34,868
121,34,431
122,34,693
123,34,748
124,34,176
125,34,335
126,34,104
127,34,516
128,34,400
129,34,264
130,34,685
131,34,985
132,34,15
133,34,518
134,34,650
135,34,14
136,34,678
137,34,978
138,34,161
139,34,243
140,34,250
141,34,724
142,34,607
143,34,114
144,34,173
145,34,722
146,34,852
147,34,242
148,34,190
149,34,32
150,34,955
151,34,550
152,34,534
153,34,319
154,34,75
155,34,663
156,34,42
157,34,952
158,34,603
159,34,785
160,34,103
161,34,505
162,34,120
163,34,130
164,34,402
165,34,35
166,34,279
167,34,838
168,34,806
169,34,531
170,34,462
171,34,473
172,34,298
173,34,165
174,34,865
175,34,854
176,34,49
177,34,695
178,34,878
179,34,294
180,34,1003
181,34,921
182,34,808
183,34,542
184,34,261
185,34,597
186,34,843
187,34,21
188,34,256
189,34,743
190,34,437
191,34,525
192,34,237
193,34,970
194,34,580
195,34,938
196,34,392
197,34,957
198,34,498
199,34,309
200,34,377
201,34,949
202,34,980
203,34,802
204,34,80
205,34,278
206,34,677
207,34,201
208,34,475
209,34,914
210,34,218
211,34,667
212,34,961
213,34,135
214,34,179
215,34,97
216,34,916
217,34,771
218,34,566
219,34,929
220,34,953
221,34,77
222,34,156
223,34,689
224,34,723
225,34,642
226,34,821
227,34,1020
228,34,137
229,34,840
230,34,284
231,34,27
232,34,65
233,34,184
234,34,857
235,34,219
236,34,477
237,34,186
238,34,836
239,34,331
240,34,205
241,34,494
242,34,281
243,34,794
244,34,532
245,34,905
246,34,777
247,34,424
248,34,112
249,34,318
250,34,333
251,34,982
252,34,443
253,34,56
254,34,148
255,34,160
256,34,313
257,34,983
258,34,5
259,34,965
260,34,34
261,34,715
262,34,763
263,34,508
264,34,826
265,34,429
266,34,127
267,34,203
268,34,10
269,34,627
270,34,422
271,34,587
272,34,410
273,34,223
274,34,549
275,34,214
276,34,259
277,34,545
278,34,503
279,34,797
280,34,951
281,34,293
282,34,216
283,34,869
284,34,193
285,34,204
286,34,930
287,34,697
288,34,842
289,34,613
290,34,373
291,34,202
292,34,655
293,34,140
294,34,541
295,34,630
296,34,423
297,34,538
298,34,208
299,34,92
300,34,390
301,34,132
302,34,41
303,34,824
304,34,509
305,34,299
306,34,820
307,34,386
308,34,348
309,34,420
310,34,725
311,34,527
312,34,315
313,34,334
314,34,837
315,34,813
316,34,119
317,34,393
318,34,668
319,34,728
320,34,730
321,34,571
322,34,904
323,34,496
324,34,11
325,34,197
326,34,381
327,34,658
328,34,133
329,34,569
330,34,110
331,34,285
332,34,894
333,34,711
334,34,792
335,34,369
336,34,228
337,34,236
338,34,70
339,34,701
340,34,1012
341,34,666
342,34,464
343,34,68
344,34,22
345,34,1005
346,34,891
347,34,346
348,34,673
349,34,976
350,34,504
351,34,121
352,34,912
353,34,361
354,34,442
355,34,707
356,34,798
357,34,799
358,34,552
359,34,499
360,34,453
361,34,460
362,34,1011
363,34,436
364,34,1017
365,34,893
366,34,741
367,34,116
368,34,648
369,34,610
370,34,162
371,34,922
372,34,74
373,34,584
374,34,45
375,34,859
376,34,783
377,34,98
378,34,945
379,34,706
380,34,560
381,34,355
382,34,705
383,34,664
384,34,716
385,34,305
386,34,568
387,34,828
388,34,892
389,34,680
390,34,344
391,34,1019
392,34,876
393,34,875
394,34,862
395,34,286
396,34,43
397,34,523
398,34,343
399,34,245
0,35,398
1,35,150
2,35,280
3,35,683
4,35,508
5,35,954
6,35,1006
7,35,665
8,35,310
9,35,463
10,35,557
11,35,107
12,35,219
13,35,786
14,35,441
15,35,682
16,35,784
17,35,1008
18,35,520
19,35,313
20,35,678
21,35,0
22,35,554
23,35,230
24,35,713
25,35,342
26,35,155
27,35,287
28,35,901
29,35,142
30,35,304
31,35,492
32,35,1013
33,35,81
34,35,928
35,35,151
36,35,440
37,35,412
38,35,879
39,35,717
40,35,997
41,35,569
42,35,664
43,35,139
44,35,67
45,35,804
46,35,912
47,35,238
48,35,540
49,35,767
50,35,428
51,35,753
52,35,750
53,35,487
54,35,933
55,35,1002
56,35,602
57,35,266
58,35,474
59,35,617
60,35,808
61,35,476
62,35,817
63,35,847
64,35,775
65,35,521
66,35,585
67,35,845
68,35,432
69,35,749
70,35,620
71,35,429
72,35,650
73,35,1010
74,35,215
75,35,505
76,35,616
77,35,297
78,35,583
79,35,813
80,35,891
81,35,783
82,35,356
83,35,99
84,35,283
85,35,538
86,35,986
87,35,186
88,35,966
89,35,686
90,35,779
91,35,170
92,35,818
93,35,220
94,35,890
95,35,887
96,35,253
97,35,883
98,35,467
99,35,586
100,35,888
101,35,770
102,35,560
103,35,652
104,35,603
105,35,614
106,35,137
107,35,235
108,35,206
109,35,654
110,35,177
111,35,449
112,35,60
113,35,790
114,35,435
115,35,450
116,35,120
117,35,44
118,35,101
119,35,606
120,35,868
121,35,431
122,35,694
123,35,748
124,35,176
125,35,303
126,35,103
127,35,516
128,35,401
129,35,264
130,35,684
131,35,985
132,35,16
133,35,518
134,35,651
135,35,15
136,35,646
137,35,978
138,35,193
139,35,243
140,35,250
141,35,724
142,35,607
143,35,114
144,35,173
145,35,723
146,35,852
147,35,242
148,35,190
149,35,64
150,35,955
151,35,550
152,35,534
153,35,319
154,35,75
155,35,695
156,35,10
157,35,952
158,35,571
159,35,785
160,35,102
161,35,504
162,35,119
163,35,129
164,35,434
165,35,35
166,35,311
167,35,838
168,35,805
169,35,531
170,35,462
171,35,473
172,35,298
173,35,165
174,35,865
175,35,854
176,35,50
177,35,727
178,35,878
179,35,326
180,35,1003
181,35,921
182,35,807
183,35,574
184,35,261
185,35,597
186,35,843
187,35,20
188,35,256
189,35,743
190,35,437
191,35,525
192,35,237
193,35,970
194,35,580
195,35,938
196,35,393
197,35,957
198,35,466
199,35,309
200,35,409
201,35,981
202,35,980
203,35,834
204,35,80
205,35,279
206,35,709
207,35,201
208,35,507
209,35,914
210,35,218
211,35,667
212,35,960
213,35,135
214,35,179
215,35,97
216,35,916
217,35,772
218,35,566
219,35,929
220,35,953
221,35,77
222,35,156
223,35,721
224,35,755
225,35,610
226,35,820
227,35,988
228,35,138
229,35,841
230,35,252
231,35,27
232,35,33
233,35,184
234,35,857
235,35,187
236,35,445
237,35,154
238,35,837
239,35,330
240,35,205
241,35,494
242,35,249
243,35,794
244,35,532
245,35,906
246,35,777
247,35,392
248,35,112
249,35,318
250,35,334
251,35,1014
252,35,475
253,35,88
254,35,148
255,35,160
256,35,312
257,35,982
258,35,5
259,35,965
260,35,34
261,35,714
262,35,763
263,35,509
264,35,827
265,35,461
266,35,127
267,35,203
268,35,9
269,35,627
270,35,423
271,35,555
272,35,378
273,35,223
274,35,549
275,35,214
276,35,227
277,35,545
278,35,503
279,35,797
280,35,951
281,35,294
282,35,216
283,35,870
284,35,194
285,35,204
286,35,930
287,35,697
288,35,842
289,35,612
290,35,341
291,35,202
292,35,656
293,35,140
294,35,541
295,35,630
296,35,424
297,35,506
298,35,240
299,35,93
300,35,422
301,35,131
302,35,41
303,35,792
304,35,510
305,35,267
306,35,788
307,35,386
308,35,380
309,35,420
310,35,725
311,35,527
312,35,315
313,35,335
314,35,869
315,35,812
316,35,118
317,35,394
318,35,668
319,35,728
320,35,731
321,35,570
322,35,903
323,35,496
324,35,11
325,35,197
326,35,381
327,35,658
328,35,132
329,35,601
330,35,110
331,35,285
332,35,894
333,35,712
334,35,793
335,35,369
336,35,228
337,35,236
338,35,70
339,35,701
340,35,1011
341,35,698
342,35,464
343,35,69
344,35,54
345,35,1005
346,35,859
347,35,347
348,35,641
349,35,976
350,35,536
351,35,89
352,35,880
353,35,329
354,35,442
355,35,707
356,35,830
357,35,799
358,35,553
359,35,499
360,35,453
361,35,460
362,35,979
363,35,404
364,35,1018
365,35,893
366,35,740
367,35,84
368,35,649
369,35,578
370,35,162
371,35,922
372,35,106
373,35,552
374,35,45
375,35,858
376,35,751
377,35,130
378,35,913
379,35,738
380,35,559
381,35,355
382,35,673
383,35,696
384,35,715
385,35,305
386,35,568
387,35,828
388,35,892
389,35,680
390,35,376
391,35,1020
392,35,877
393,35,875
394,35,862
395,35,286
396,35,43
397,35,523
398,35,344
399,35,245
0,36,366
1,36,118
2,36,281
3,36,683
4,36,476
5,36,954
6,36,1006
7,36,666
8,36,311
9,36,463
10,36,557
11,36,106
12,36,187
13,36,786
14,36,473
15,36,650
16,36,752
17,36,1008
18,36,519
19,36,313
20,36,710
21,36,0
22,36,554
23,36,230
24,36,745
25,36,342
26,36,123
27,36,287
28,36,901
29,36,142
30,36,304
31,36,492
32,36,1013
33,36,49
34,36,896
35,36,150
36,36,440
37,36,380
38,36,911
39,36,717
40,36,997
41,36,568
42,36,665
43,36,107
44,36,67
45,36,836
46,36,912
47,36,237
48,36,540
49,36,767
50,36,460
51,36,785
52,36,782
53,36,487
54,36,933
55,36,1002
56,36,601
57,36,266
58,36,474
59,36,585
60,36,807
61,36,444
62,36,818
63,36,847
64,36,775
65,36,521
66,36,584
67,36,877
68,36,432
69,36,749
70,36,652
71,36,428
72,36,649
73,36,1010
74,36,215
75,36,506
76,36,616
77,36,297
78,36,551
79,36,812
80,36,891
81,36,784
82,36,356
83,36,99
84,36,283
85,36,539
86,36,985
87,36,186
88,36,966
89,36,686
90,36,811
91,36,170
92,36,850
93,36,220
94,36,890
95,36,887
96,36,252
97,36,883
98,36,435
99,36,618
100,36,889
101,36,802
102,36,560
103,36,651
104,36,602
105,36,614
106,36,137
107,36,234
108,36,207
109,36,654
110,36,145
111,36,449
112,36,60
113,36,790
114,36,434
115,36,450
116,36,121
117,36,44
118,36,101
119,36,605
120,36,868
121,36,431
122,36,695
123,36,748
124,36,176
125,36,302
126,36,102
127,36,516
128,36,402
129,36,264
130,36,716
131,36,1017
132,36,16
133,36,518
134,36,619
135,36,47
136,36,645
137,36,978
138,36,225
139,36,243
140,36,250
141,36,724
142,36,607
143,36,114
144,36,173
145,36,723
146,36,852
147,36,242
148,36,190
149,36,96
150,36,955
151,36,550
152,36,534
153,36,319
154,36,75
155,36,727
156,36,11
157,36,952
158,36,603
159,36,817
160,36,134
161,36,504
162,36,120
163,36,130
164,36,433
165,36,35
166,36,279
167,36,838
168,36,804
169,36,531
170,36,462
171,36,505
172,36,298
173,36,165
174,36,865
175,36,854
176,36,51
177,36,728
178,36,910
179,36,326
180,36,1003
181,36,921
182,36,806
183,36,606
184,36,261
185,36,597
186,36,843
187,36,20
188,36,256
189,36,743
190,36,437
191,36,525
192,36,269
193,36,970
194,36,581
195,36,938
196,36,361
197,36,957
198,36,467
199,36,310
200,36,410
201,36,949
202,36,1012
203,36,866
204,36,80
205,36,280
206,36,709
207,36,201
208,36,508
209,36,914
210,36,218
211,36,667
212,36,960
213,36,135
214,36,179
215,36,129
216,36,916
217,36,772
218,36,566
219,36,929
220,36,953
221,36,77
222,36,156
223,36,753
224,36,787
225,36,610
226,36,819
227,36,1020
228,36,139
229,36,873
230,36,251
231,36,27
232,36,1
233,36,184
234,36,857
235,36,188
236,36,413
237,36,155
238,36,805
239,36,329
240,36,205
241,36,494
242,36,217
243,36,794
244,36,532
245,36,907
246,36,777
247,36,392
248,36,112
249,36,318
250,36,335
251,36,982
252,36,507
253,36,56
254,36,148
255,36,160
256,36,344
257,36,981
258,36,5
259,36,965
260,36,34
261,36,682
262,36,763
263,36,509
264,36,827
265,36,429
266,36,127
267,36,203
268,36,9
269,36,627
270,36,422
271,36,555
272,36,346
273,36,223
274,36,549
275,36,214
276,36,226
277,36,545
278,36,503
279,36,797
280,36,951
281,36,294
282,36,216
283,36,869
284,36,193
285,36,204
286,36,930
287,36,697
288,36,842
289,36,580
290,36,309
291,36,202
292,36,656
293,36,140
294,36,541
295,36,630
296,36,424
297,36,538
298,36,241
299,36,93
300,36,454
301,36,163
302,36,41
303,36,791
304,36,511
305,36,235
306,36,820
307,36,386
308,36,379
309,36,420
310,36,725
311,36,527
312,36,315
313,36,303
314,36,837
315,36,844
316,36,119
317,36,393
318,36,668
319,36,760
320,36,732
321,36,569
322,36,902
323,36,496
324,36,12
325,36,197
326,36,381
327,36,658
328,36,132
329,36,633
330,36,110
331,36,285
332,36,894
333,36,713
334,36,792
335,36,369
336,36,228
337,36,236
338,36,70
339,36,701
340,36,979
341,36,699
342,36,464
343,36,37
344,36,54
345,36,1005
346,36,858
347,36,348
348,36,673
349,36,976
350,36,537
351,36,88
352,36,880
353,36,328
354,36,442
355,36,707
356,36,862
357,36,799
358,36,552
359,36,499
360,36,453
361,36,459
362,36,980
363,36,403
364,36,1018
365,36,893
366,36,739
367,36,85
368,36,681
369,36,546
370,36,161
371,36,922
372,36,74
373,36,520
374,36,45
375,36,826
376,36,751
377,36,162
378,36,881
379,36,770
380,36,559
381,36,355
382,36,672
383,36,664
384,36,714
385,36,305
386,36,567
387,36,828
388,36,892
389,36,712
390,36,375
391,36,1021
392,36,878
393,36,875
394,36,861
395,36,286
396,36,43
397,36,523
398,36,345
399,36,245
0,37,334
1,37,150
2,37,249
3,37,683
4,37,444
5,37,954
6,37,1006
7,37,667
8,37,311
9,37,463
10,37,557
11,37,105
12,37,155
13,37,786
14,37,505
15,37,618
16,37,784
17,37,1008
18,37,520
19,37,281
20,37,710
21,37,0
22,37,554
23,37,230
24,37,713
25,37,310
26,37,123
27,37,287
28,37,900
29,37,142
30,37,304
31,37,491
32,37,1013
33,37,48
34,37,864
35,37,149
36,37,440
37,37,380
38,37,910
39,37,717
40,37,997
41,37,600
42,37,664
43,37,107
44,37,67
45,37,835
46,37,911
47,37,236
48,37,541
49,37,767
50,37,492
51,37,817
52,37,783
53,37,487
54,37,933
55,37,1002
56,37,602
57,37,298
58,37,475
59,37,553
60,37,839
61,37,412
62,37,819
63,37,847
64,37,775
65,37,521
66,37,583
67,37,877
68,37,432
69,37,749
70,37,651
71,37,396
72,37,648
73,37,1010
74,37,215
75,37,474
76,37,616
77,37,297
78,37,519
79,37,811
80,37,891
81,37,785
82,37,356
83,37,99
84,37,283
85,37,538
86,37,984
87,37,186
88,37,966
89,37,686
90,37,843
91,37,170
92,37,850
93,37,220
94,37,858
95,37,887
96,37,252
97,37,883
98,37,435
99,37,617
100,37,890
101,37,801
102,37,560
103,37,650
104,37,570
105,37,614
106,37,137
107,37,266
108,37,239
109,37,654
110,37,113
111,37,449
112,37,60
113,37,822
114,37,434
115,37,450
116,37,122
117,37,44
118,37,101
119,37,606
120,37,868
121,37,431
122,37,727
123,37,780
124,37,176
125,37,302
126,37,103
127,37,516
128,37,403
129,37,264
130,37,748
131,37,985
132,37,16
133,37,518
134,37,619
135,37,47
136,37,613
137,37,978
138,37,257
139,37,243
140,37,250
141,37,724
142,37,607
143,37,114
144,37,173
145,37,723
146,37,852
147,37,242
148,37,190
149,37,96
150,37,955
151,37,550
152,37,534
153,37,319
154,37,75
155,37,728
156,37,10
157,37,952
158,37,635
159,37,818
160,37,102
161,37,504
162,37,120
163,37,98
164,37,433
165,37,35
166,37,278
167,37,838
168,37,836
169,37,531
170,37,462
171,37,537
172,37,330
173,37,165
174,37,865
175,37,854
176,37,52
177,37,760
178,37,878
179,37,326
180,37,1003
181,37,921
182,37,807
183,37,638
184,37,261
185,37,597
186,37,844
187,37,20
188,37,256
189,37,743
190,37,437
191,37,525
192,37,237
193,37,970
194,37,580
195,37,938
196,37,362
197,37,957
198,37,468
199,37,309
200,37,410
201,37,981
202,37,1011
203,37,898
204,37,80
205,37,312
206,37,709
207,37,201
208,37,540
209,37,914
210,37,218
211,37,699
212,37,960
213,37,135
214,37,179
215,37,161
216,37,916
217,37,772
218,37,566
219,37,929
220,37,953
221,37,77
222,37,188
223,37,753
224,37,787
225,37,610
226,37,851
227,37,1020
228,37,139
229,37,874
230,37,251
231,37,27
232,37,2
233,37,184
234,37,825
235,37,187
236,37,414
237,37,156
238,37,806
239,37,328
240,37,205
241,37,494
242,37,185
243,37,794
244,37,532
245,37,908
246,37,777
247,37,393
248,37,112
249,37,318
250,37,336
251,37,982
252,37,539
253,37,55
254,37,148
255,37,160
256,37,345
257,37,980
258,37,5
259,37,965
260,37,34
261,37,681
262,37,763
263,37,509
264,37,827
265,37,429
266,37,127
267,37,171
268,37,9
269,37,627
270,37,390
271,37,555
272,37,347
273,37,223
274,37,549
275,37,214
276,37,226
277,37,545
278,37,503
279,37,797
280,37,951
281,37,294
282,37,216
283,37,869
284,37,193
285,37,204
286,37,930
287,37,697
288,37,842
289,37,579
290,37,277
291,37,202
292,37,656
293,37,140
294,37,573
295,37,630
296,37,392
297,37,506
298,37,241
299,37,93
300,37,454
301,37,195
302,37,41
303,37,790
304,37,511
305,37,203
306,37,821
307,37,386
308,37,379
309,37,420
310,37,725
311,37,527
312,37,315
313,37,335
314,37,837
315,37,812
316,37,119
317,37,394
318,37,668
319,37,792
320,37,733
321,37,601
322,37,901
323,37,496
324,37,11
325,37,197
326,37,381
327,37,658
328,37,132
329,37,665
330,37,110
331,37,285
332,37,895
333,37,714
334,37,793
335,37,369
336,37,228
337,37,235
338,37,70
339,37,701
340,37,947
341,37,731
342,37,464
343,37,38
344,37,54
345,37,1005
346,37,857
347,37,316
348,37,705
349,37,976
350,37,569
351,37,56
352,37,912
353,37,327
354,37,442
355,37,707
356,37,894
357,37,799
358,37,584
359,37,499
360,37,453
361,37,460
362,37,1012
363,37,371
364,37,1018
365,37,893
366,37,738
367,37,85
368,37,649
369,37,514
370,37,162
371,37,922
372,37,106
373,37,552
374,37,45
375,37,826
376,37,751
377,37,194
378,37,849
379,37,802
380,37,559
381,37,355
382,37,673
383,37,696
384,37,682
385,37,305
386,37,568
387,37,828
388,37,892
389,37,744
390,37,343
391,37,1022
392,37,879
393,37,875
394,37,862
395,37,286
396,37,43
397,37,523
398,37,346
399,37,245
0,38,302
1,38,150
2,38,217
3,38,683
4,38,443
5,38,986
6,38,1006
7,38,668
8,38,311
9,38,463
10,38,557
11,38,105
12,38,187
13,38,754
14,38,537
15,38,618
16,38,784
17,38,1008
18,38,519
19,38,249
20,38,710
21,38,0
22,38,554
23,38,230
24,38,713
25,38,278
26,38,155
27,38,287
28,38,932
29,38,142
30,38,304
31,38,492
32,38,1014
33,38,48
34,38,832
35,38,149
36,38,440
37,38,380
38,38,910
39,38,717
40,38,997
41,38,601
42,38,665
43,38,107
44,38,67
45,38,867
46,38,911
47,38,235
48,38,540
49,38,767
50,38,524
51,38,849
52,38,783
53,38,487
54,38,933
55,38,1002
56,38,602
57,38,266
58,38,474
59,38,521
60,38,839
61,38,444
62,38,851
63,38,847
64,38,775
65,38,520
66,38,584
67,38,877
68,38,432
69,38,749
70,38,650
71,38,364
72,38,648
73,38,1010
74,38,215
75,38,473
76,38,616
77,38,297
78,38,518
79,38,811
80,38,891
81,38,786
82,38,356
83,38,99
84,38,283
85,38,506
86,38,983
87,38,186
88,38,966
89,38,686
90,38,844
91,38,170
92,38,818
93,38,220
94,38,890
95,38,887
96,38,252
97,38,883
98,38,435
99,38,617
100,38,922
101,38,802
102,38,560
103,38,649
104,38,538
105,38,614
106,38,137
107,38,267
108,38,239
109,38,654
110,38,81
111,38,449
112,38,60
113,38,790
114,38,434
115,38,450
116,38,123
117,38,44
118,38,101
119,38,606
120,38,868
121,38,431
122,38,728
123,38,779
124,38,176
125,38,303
126,38,135
127,38,516
128,38,404
129,38,264
130,38,780
131,38,985
132,38,16
133,38,517
134,38,619
135,38,47
136,38,612
137,38,978
138,38,289
139,38,243
140,38,250
141,38,724
142,38,607
143,38,114
144,38,173
145,38,723
146,38,852
147,38,242
148,38,190
149,38,96
150,38,955
151,38,550
152,38,534
153,38,319
154,38,75
155,38,696
156,38,42
157,38,952
158,38,635
159,38,817
160,38,103
161,38,504
162,38,120
163,38,98
164,38,433
165,38,35
166,38,277
167,38,838
168,38,835
169,38,531
170,38,462
171,38,569
172,38,298
173,38,165
174,38,865
175,38,854
176,38,84
177,38,760
178,38,878
179,38,325
180,38,1003
181,38,921
182,38,808
183,38,670
184,38,261
185,38,597
186,38,876
187,38,20
188,38,256
189,38,743
190,38,437
191,38,525
192,38,237
193,38,970
194,38,580
195,38,938
196,38,394
197,38,957
198,38,436
199,38,309
200,38,410
201,38,981
202,38,1012
203,38,930
204,38,80
205,38,344
206,38,709
207,38,201
208,38,539
209,38,914
210,38,218
211,38,667
212,38,960
213,38,134
214,38,179
215,38,161
216,38,916
217,38,772
218,38,566
219,38,929
220,38,953
221,38,77
222,38,156
223,38,753
224,38,787
225,38,610
226,38,850
227,38,1020
228,38,139
229,38,875
230,38,251
231,38,27
232,38,3
233,38,184
234,38,857
235,38,219
236,38,382
237,38,157
238,38,807
239,38,327
240,38,205
241,38,494
242,38,153
243,38,794
244,38,532
245,38,909
246,38,777
247,38,361
248,38,112
249,38,318
250,38,368
251,38,982
252,38,571
253,38,56
254,38,148
255,38,160
256,38,345
257,38,979
258,38,5
259,38,965
260,38,34
261,38,680
262,38,763
263,38,509
264,38,827
265,38,429
266,38,127
267,38,172
268,38,9
269,38,627
270,38,390
271,38,555
272,38,348
273,38,223
274,38,549
275,38,214
276,38,226
277,38,545
278,38,503
279,38,797
280,38,951
281,38,294
282,38,216
283,38,869
284,38,225
285,38,204
286,38,931
287,38,697
288,38,842
289,38,547
290,38,245
291,38,202
292,38,656
293,38,140
294,38,541
295,38,630
296,38,392
297,38,505
298,38,241
299,38,93
300,38,454
301,38,227
302,38,41
303,38,758
304,38,511
305,38,171
306,38,821
307,38,386
308,38,379
309,38,420
310,38,725
311,38,527
312,38,315
313,38,334
314,38,837
315,38,813
316,38,119
317,38,393
318,38,700
319,38,792
320,38,734
321,38,633
322,38,900
323,38,496
324,38,10
325,38,197
326,38,381
327,38,658
328,38,132
329,38,666
330,38,110
331,38,285
332,38,894
333,38,715
334,38,793
335,38,369
336,38,228
337,38,203
338,38,70
339,38,701
340,38,947
341,38,699
342,38,464
343,38,39
344,38,54
345,38,1005
346,38,856
347,38,284
348,38,705
349,38,976
350,38,570
351,38,24
352,38,912
353,38,326
354,38,442
355,38,707
356,38,926
357,38,799
358,38,552
359,38,499
360,38,453
361,38,460
362,38,1013
363,38,339
364,38,1018
365,38,893
366,38,737
367,38,85
368,38,681
369,38,482
370,38,162
371,38,954
372,38,106
373,38,551
374,38,45
375,38,826
376,38,751
377,38,193
378,38,848
379,38,834
380,38,559
381,38,355
382,38,673
383,38,664
384,38,682
385,38,305
386,38,568
387,38,828
388,38,892
389,38,776
390,38,343
391,38,990
392,38,880
393,38,907
394,38,862
395,38,286
396,38,43
397,38,523
398,38,347
399,38,246
0,39,301
1,39,150
2,39,185
3,39,683
4,39,443
5,39,954
6,39,1006
7,39,668
8,39,311
9,39,463
10,39,557
11,39,105
12,39,187
13,39,755
14,39,569
15,39,618
16,39,784
17,39,1008
18,39,520
19,39,217
20,39,710
21,39,0
22,39,554
23,39,230
24,39,713
25,39,246
26,39,155
27,39,287
28,39,933
29,39,142
30,39,304
31,39,492
32,39,1013
33,39,48
34,39,800
35,39,149
36,39,440
37,39,380
38,39,942
39,39,717
40,39,997
41,39,602
42,39,665
43,39,107
44,39,67
45,39,866
46,39,911
47,39,234
48,39,540
49,39,767
50,39,524
51,39,850
52,39,783
53,39,487
54,39,901
55,39,1002
56,39,570
57,39,266
58,39,474
59,39,489
60,39,839
61,39,476
62,39,852
63,39,847
64,39,775
65,39,521
66,39,584
67,39,877
68,39,432
69,39,749
70,39,682
71,39,363
72,39,649
73,39,1010
74,39,215
75,39,505
76,39,616
77,39,297
78,39,517
79,39,779
80,39,891
81,39,754
82,39,356
83,39,99
84,39,283
85,39,506
86,39,983
87,39,186
88,39,966
89,39,686
90,39,876
91,39,170
92,39,817
93,39,220
94,39,890
95,39,887
96,39,253
97,39,883
98,39,435
99,39,617
100,39,923
101,39,770
102,39,560
103,39,650
104,39,539
105,39,614
106,39,137
107,39,267
108,39,239
109,39,654
110,39,81
111,39,449
112,39,60
113,39,790
114,39,434
115,39,451
116,39,91
117,39,44
118,39,101
119,39,606
120,39,868
121,39,431
122,39,760
123,39,780
124,39,176
125,39,335
126,39,134
127,39,516
128,39,405
129,39,264
130,39,812
131,39,985
132,39,16
133,39,485
134,39,619
135,39,47
136,39,580
137,39,946
138,39,321
139,39,243
140,39,250
141,39,724
142,39,607
143,39,114
144,39,173
145,39,723
146,39,884
147,39,242
148,39,190
149,39,96
150,39,955
151,39,550
152,39,534
153,39,319
154,39,75
155,39,695
156,39,10
157,39,952
158,39,635
159,39,785
160,39,104
161,39,536
162,39,120
163,39,98
164,39,433
165,39,35
166,39,277
167,39,838
168,39,867
169,39,531
170,39,462
171,39,601
172,39,298
173,39,165
174,39,865
175,39,854
176,39,116
177,39,792
178,39,878
179,39,293
180,39,1003
181,39,921
182,39,809
183,39,669
184,39,261
185,39,597
186,39,875
187,39,20
188,39,256
189,39,743
190,39,437
191,39,525
192,39,237
193,39,970
194,39,581
195,39,938
196,39,426
197,39,957
198,39,404
199,39,309
200,39,410
201,39,981
202,39,980
203,39,962
204,39,80
205,39,345
206,39,709
207,39,201
208,39,571
209,39,914
210,39,218
211,39,667
212,39,960
213,39,166
214,39,179
215,39,161
216,39,916
217,39,772
218,39,566
219,39,929
220,39,953
221,39,77
222,39,156
223,39,753
224,39,787
225,39,610
226,39,882
227,39,1020
228,39,138
229,39,907
230,39,251
231,39,27
232,39,4
233,39,184
234,39,857
235,39,219
236,39,350
237,39,157
238,39,808
239,39,326
240,39,205
241,39,494
242,39,154
243,39,794
244,39,532
245,39,910
246,39,777
247,39,361
248,39,112
249,39,318
250,39,369
251,39,982
252,39,603
253,39,88
254,39,148
255,39,160
256,39,377
257,39,978
258,39,5
259,39,965
260,39,34
261,39,679
262,39,763
263,39,509
264,39,827
265,39,429
266,39,127
267,39,171
268,39,8
269,39,627
270,39,390
271,39,555
272,39,349
273,39,223
274,39,549
275,39,214
276,39,194
277,39,545
278,39,503
279,39,797
280,39,951
281,39,294
282,39,216
283,39,869
284,39,226
285,39,204
286,39,930
287,39,697
288,39,842
289,39,515
290,39,213
291,39,202
292,39,656
293,39,140
294,39,541
295,39,630
296,39,393
297,39,504
298,39,241
299,39,93
300,39,454
301,39,259
302,39,41
303,39,757
304,39,511
305,39,139
306,39,821
307,39,386
308,39,379
309,39,420
310,39,725
311,39,527
312,39,315
313,39,333
314,39,837
315,39,813
316,39,119
317,39,394
318,39,700
319,39,793
320,39,735
321,39,632
322,39,932
323,39,496
324,39,9
325,39,197
326,39,381
327,39,658
328,39,132
329,39,698
330,39,110
331,39,285
332,39,894
333,39,716
334,39,825
335,39,401
336,39,228
337,39,235
338,39,70
339,39,701
340,39,947
341,39,699
342,39,464
343,39,39
344,39,54
345,39,1005
346,39,856
347,39,252
348,39,737
349,39,976
350,39,538
351,39,23
352,39,912
353,39,325
354,39,442
355,39,707
356,39,927
357,39,799
358,39,552
359,39,499
360,39,453
361,39,460
362,39,1012
363,39,307
364,39,1018
365,39,893
366,39,769
367,39,85
368,39,681
369,39,450
370,39,162
371,39,922
372,39,106
373,39,519
374,39,45
375,39,826
376,39,751
377,39,225
378,39,849
379,39,834
380,39,559
381,39,355
382,39,673
383,39,664
384,39,714
385,39,305
386,39,568
387,39,828
388,39,892
389,39,776
390,39,343
391,39,958
392,39,881
393,39,939
394,39,862
395,39,286
396,39,43
397,39,523
398,39,348
399,39,245
0,40,301
1,40,150
2,40,153
3,40,683
4,40,443
5,40,954
6,40,1006
7,40,669
8,40,311
9,40,463
10,40,557
11,40,105
12,40,187
13,40,787
14,40,601
15,40,618
16,40,784
17,40,1008
18,40,520
19,40,185
20,40,710
21,40,0
22,40,554
23,40,230
24,40,713
25,40,246
26,40,155
27,40,287
28,40,901
29,40,142
30,40,304
31,40,492
32,40,1013
33,40,48
34,40,768
35,40,149
36,40,440
37,40,380
38,40,941
39,40,685
40,40,997
41,40,603
42,40,665
43,40,107
44,40,67
45,40,898
46,40,911
47,40,233
48,40,540
49,40,766
50,40,524
51,40,851
52,40,783
53,40,487
54,40,902
55,40,1002
56,40,569
57,40,266
58,40,474
59,40,457
60,40,839
61,40,476
62,40,884
63,40,847
64,40,775
65,40,521
66,40,584
67,40,877
68,40,432
69,40,749
70,40,650
71,40,363
72,40,649
73,40,1010
74,40,215
75,40,506
76,40,616
77,40,297
78,40,485
79,40,779
80,40,891
81,40,755
82,40,356
83,40,99
84,40,283
85,40,538
86,40,983
87,40,186
88,40,966
89,40,686
90,40,876
91,40,170
92,40,816
93,40,220
94,40,890
95,40,887
96,40,254
97,40,883
98,40,435
99,40,617
100,40,924
101,40,770
102,40,560
103,40,651
104,40,539
105,40,614
106,40,137
107,40,267
108,40,239
109,40,654
110,40,81
111,40,449
112,40,60
113,40,790
114,40,434
115,40,450
116,40,92
117,40,44
118,40,101
119,40,606
120,40,868
121,40,431
122,40,792
123,40,748
124,40,176
125,40,334
126,40,102
127,40,516
128,40,406
129,40,264
130,40,812
131,40,985
132,40,16
133,40,486
134,40,619
135,40,47
136,40,579
137,40,978
138,40,353
139,40,243
140,40,250
141,40,692
142,40,607
143,40,114
144,40,173
145,40,723
146,40,916
147,40,242
148,40,190
149,40,96
150,40,955
151,40,550
152,40,534
153,40,319
154,40,75
155,40,695
156,40,11
157,40,952
158,40,667
159,40,785
160,40,104
161,40,568
162,40,120
163,40,98
164,40,433
165,40,35
166,40,277
167,40,838
168,40,866
169,40,531
170,40,462
171,40,602
172,40,298
173,40,165
174,40,865
175,40,854
176,40,115
177,40,793
178,40,878
179,40,325
180,40,1003
181,40,921
182,40,809
183,40,701
184,40,261
185,40,597
186,40,843
187,40,20
188,40,256
189,40,743
190,40,437
191,40,525
192,40,237
193,40,970
194,40,580
195,40,938
196,40,458
197,40,957
198,40,405
199,40,309
200,40,410
201,40,981
202,40,980
203,40,962
204,40,80
205,40,346
206,40,709
207,40,201
208,40,571
209,40,913
210,40,218
211,40,666
212,40,960
213,40,134
214,40,179
215,40,161
216,40,948
217,40,772
218,40,566
219,40,929
220,40,953
221,40,77
222,40,156
223,40,753
224,40,819
225,40,610
226,40,914
227,40,1020
228,40,139
229,40,908
230,40,251
231,40,27
232,40,36
233,40,184
234,40,857
235,40,219
236,40,318
237,40,157
238,40,840
239,40,358
240,40,205
241,40,494
242,40,122
243,40,794
244,40,532
245,40,942
246,40,777
247,40,329
248,40,112
249,40,317
250,40,370
251,40,982
252,40,635
253,40,88
254,40,148
255,40,160
256,40,345
257,40,977
258,40,5
259,40,965
260,40,34
261,40,678
262,40,763
263,40,509
264,40,827
265,40,429
266,40,127
267,40,203
268,40,9
269,40,627
270,40,390
271,40,555
272,40,350
273,40,223
274,40,549
275,40,214
276,40,195
277,40,545
278,40,503
279,40,797
280,40,951
281,40,294
282,40,216
283,40,869
284,40,194
285,40,204
286,40,930
287,40,697
288,40,842
289,40,515
290,40,213
291,40,202
292,40,656
293,40,108
294,40,541
295,40,630
296,40,361
297,40,536
298,40,241
299,40,93
300,40,454
301,40,291
302,40,73
303,40,725
304,40,511
305,40,140
306,40,821
307,40,386
308,40,379
309,40,420
310,40,724
311,40,527
312,40,315
313,40,333
314,40,837
315,40,813
316,40,119
317,40,393
318,40,668
319,40,825
320,40,767
321,40,632
322,40,931
323,40,496
324,40,41
325,40,197
326,40,381
327,40,658
328,40,132
329,40,730
330,40,110
331,40,285
332,40,894
333,40,717
334,40,824
335,40,369
336,40,228
337,40,236
338,40,70
339,40,700
340,40,947
341,40,699
342,40,464
343,40,39
344,40,54
345,40,1005
346,40,856
347,40,253
348,40,737
349,40,976
350,40,570
351,40,22
352,40,912
353,40,324
354,40,442
355,40,707
356,40,927
357,40,799
358,40,552
359,40,499
360,40,453
361,40,460
362,40,1012
363,40,306
364,40,1018
365,40,893
366,40,801
367,40,85
368,40,681
369,40,418
370,40,162
371,40,922
372,40,106
373,40,518
374,40,45
375,40,826
376,40,751
377,40,257
378,40,849
379,40,834
380,40,559
381,40,355
382,40,673
383,40,664
384,40,682
385,40,305
386,40,567
387,40,828
388,40,892
389,40,776
390,40,343
391,40,959
392,40,882
393,40,907
394,40,862
395,40,286
396,40,43
397,40,523
398,40,349
399,40,245
0,41,301
1,41,150
2,41,121
3,41,683
4,41,443
5,41,954
6,41,1006
7,41,669
8,41,311
9,41,463
10,41,557
11,41,105
12,41,187
13,41,786
14,41,633
15,41,618
16,41,784
17,41,1008
18,41,520
19,41,185
20,41,710
21,41,0
22,41,554
23,41,230
24,41,713
25,41,246
26,41,155
27,41,287
28,41,901
29,41,142
30,41,304
31,41,492
32,41,1013
33,41,48
34,41,769
35,41,149
36,41,440
37,41,380
38,41,940
39,41,684
40,41,997
41,41,603
42,41,665
43,41,107
44,41,67
45,41,897
46,41,911
47,41,201
48,41,540
49,41,767
50,41,524
51,41,883
52,41,783
53,41,519
54,41,934
55,41,1002
56,41,537
57,41,266
58,41,474
59,41,458
60,41,839
61,41,476
62,41,885
63,41,847
64,41,775
65,41,521
66,41,584
67,41,877
68,41,432
69,41,749
70,41,650
71,41,363
72,41,649
73,41,1010
74,41,215
75,41,506
76,41,616
77,41,297
78,41,484
79,41,779
80,41,891
81,41,755
82,41,356
83,41,99
84,41,283
85,41,538
86,41,983
87,41,186
88,41,966
89,41,686
90,41,908
91,41,170
92,41,815
93,41,220
94,41,890
95,41,887
96,41,222
97,41,882
98,41,435
99,41,617
100,41,924
101,41,770
102,41,560
103,41,652
104,41,539
105,41,614
106,41,137
107,41,267
108,41,239
109,41,654
110,41,81
111,41,449
112,41,60
113,41,790
114,41,434
115,41,450
116,41,93
117,41,44
118,41,101
119,41,606
120,41,868
121,41,431
122,41,793
123,41,748
124,41,176
125,41,334
126,41,102
127,41,516
128,41,374
129,41,264
130,41,812
131,41,985
132,41,16
133,41,487
134,41,619
135,41,47
136,41,547
137,41,978
138,41,385
139,41,243
140,41,250
141,41,724
142,41,607
143,41,114
144,41,173
145,41,723
146,41,884
147,41,242
148,41,190
149,41,96
150,41,955
151,41,550
152,41,534
153,41,319
154,41,75
155,41,695
156,41,11
157,41,952
158,41,666
159,41,785
160,41,104
161,41,536
162,41,120
163,41,98
164,41,433
165,41,35
166,41,277
167,41,838
168,41,898
169,41,531
170,41,462
171,41,601
172,41,298
173,41,165
174,41,865
175,41,854
176,41,115
177,41,825
178,41,878
179,41,326
180,41,1003
181,41,921
182,41,809
183,41,733
184,41,261
185,41,597
186,41,843
187,41,20
188,41,256
189,41,743
190,41,437
191,41,525
192,41,237
193,41,970
194,41,580
195,41,938
196,41,490
197,41,957
198,41,406
199,41,309
200,41,410
201,41,981
202,41,980
203,41,962
204,41,80
205,41,347
206,41,709
207,41,202
208,41,571
209,41,881
210,41,218
211,41,698
212,41,960
213,41,135
214,41,179
215,41,161
216,41,916
217,41,772
218,41,566
219,41,929
220,41,953
221,41,77
222,41,156
223,41,753
224,41,787
225,41,610
226,41,913
227,41,1020
228,41,171
229,41,909
230,41,251
231,41,27
232,41,36
233,41,184
234,41,857
235,41,219
236,41,286
237,41,157
238,41,872
239,41,390
240,41,205
241,41,494
242,41,123
243,41,794
244,41,532
245,41,943
246,41,777
247,41,361
248,41,112
249,41,318
250,41,402
251,41,982
252,41,667
253,41,88
254,41,148
255,41,160
256,41,345
257,41,945
258,41,5
259,41,965
260,41,34
261,41,646
262,41,763
263,41,509
264,41,827
265,41,429
266,41,127
267,41,235
268,41,9
269,41,627
270,41,422
271,41,555
272,41,350
273,41,223
274,41,549
275,41,214
276,41,194
277,41,545
278,41,503
279,41,797
280,41,951
281,41,294
282,41,216
283,41,869
284,41,193
285,41,204
286,41,930
287,41,697
288,41,842
289,41,515
290,41,213
291,41,234
292,41,656
293,41,109
294,41,541
295,41,630
296,41,393
297,41,535
298,41,241
299,41,61
300,41,454
301,41,292
302,41,41
303,41,693
304,41,511
305,41,108
306,41,821
307,41,387
308,41,379
309,41,420
310,41,725
311,41,527
312,41,315
313,41,333
314,41,837
315,41,813
316,41,119
317,41,392
318,41,668
319,41,824
320,41,799
321,41,632
322,41,963
323,41,496
324,41,40
325,41,197
326,41,381
327,41,658
328,41,132
329,41,762
330,41,110
331,41,317
332,41,894
333,41,685
334,41,792
335,41,369
336,41,228
337,41,236
338,41,70
339,41,701
340,41,947
341,41,699
342,41,464
343,41,39
344,41,54
345,41,1005
346,41,856
347,41,254
348,41,737
349,41,976
350,41,570
351,41,21
352,41,912
353,41,325
354,41,442
355,41,707
356,41,926
357,41,831
358,41,552
359,41,499
360,41,453
361,41,460
362,41,1012
363,41,274
364,41,1018
365,41,893
366,41,800
367,41,85
368,41,681
369,41,386
370,41,162
371,41,922
372,41,106
373,41,486
374,41,45
375,41,826
376,41,751
377,41,289
378,41,849
379,41,834
380,41,559
381,41,355
382,41,673
383,41,664
384,41,682
385,41,305
386,41,568
387,41,828
388,41,892
389,41,776
390,41,343
391,41,927
392,41,850
393,41,875
394,41,862
395,41,285
396,41,43
397,41,523
398,41,349
399,41,245
0,42,301
1,42,150
2,42,122
3,42,683
4,42,443
5,42,954
6,42,1006
7,42,669
8,42,311
9,42,463
10,42,557
11,42,105
12,42,187
13,42,786
14,42,665
15,42,618
16,42,784
17,42,1008
18,42,520
19,42,185
20,42,710
21,42,0
22,42,554
23,42,230
24,42,713
25,42,246
26,42,155
27,42,287
28,42,901
29,42,142
30,42,304
31,42,492
32,42,1013
33,42,48
34,42,737
35,42,149
36,42,440
37,42,380
38,42,939
39,42,716
40,42,997
41,42,603
42,42,666
43,42,107
44,42,67
45,42,865
46,42,911
47,42,200
48,42,540
49,42,767
50,42,524
51,42,915
52,42,783
53,42,551
54,42,933
55,42,1002
56,42,537
57,42,266
58,42,474
59,42,426
60,42,839
61,42,476
62,42,886
63,42,847
64,42,775
65,42,521
66,42,584
67,42,877
68,42,432
69,42,749
70,42,650
71,42,363
72,42,649
73,42,1010
74,42,215
75,42,506
76,42,616
77,42,297
78,42,484
79,42,779
80,42,891
81,42,755
82,42,356
83,42,99
84,42,283
85,42,538
86,42,983
87,42,186
88,42,966
89,42,687
90,42,940
91,42,170
92,42,814
93,42,220
94,42,890
95,42,887
96,42,221
97,42,883
98,42,435
99,42,617
100,42,924
101,42,770
102,42,560
103,42,652
104,42,539
105,42,614
106,42,137
107,42,267
108,42,239
109,42,654
110,42,81
111,42,449
112,42,60
113,42,790
114,42,434
115,42,450
116,42,94
117,42,44
118,42,101
119,42,606
120,42,868
121,42,431
122,42,825
123,42,748
124,42,176
125,42,334
126,42,102
127,42,516
128,42,375
129,42,264
130,42,812
131,42,985
132,42,16
133,42,519
134,42,619
135,42,47
136,42,515
137,42,978
138,42,417
139,42,243
140,42,250
141,42,724
142,42,607
143,42,114
144,42,173
145,42,723
146,42,852
147,42,210
148,42,190
149,42,96
150,42,955
151,42,550
152,42,534
153,42,319
154,42,75
155,42,695
156,42,11
157,42,952
158,42,667
159,42,785
160,42,104
161,42,504
162,42,120
163,42,98
164,42,433
165,42,35
166,42,277
167,42,838
168,42,897
169,42,531
170,42,462
171,42,569
172,42,298
173,42,165
174,42,866
175,42,854
176,42,115
177,42,824
178,42,878
179,42,326
180,42,1003
181,42,921
182,42,809
183,42,732
184,42,261
185,42,597
186,42,843
187,42,19
188,42,256
189,42,743
190,42,437
191,42,525
192,42,237
193,42,970
194,42,580
195,42,938
196,42,490
197,42,957
198,42,374
199,42,309
200,42,410
201,42,981
202,42,980
203,42,994
204,42,80
205,42,348
206,42,709
207,42,201
208,42,571
209,42,913
210,42,218
211,42,698
212,42,960
213,42,135
214,42,179
215,42,161
216,42,916
217,42,772
218,42,566
219,42,929
220,42,953
221,42,77
222,42,156
223,42,753
224,42,787
225,42,610
226,42,912
227,42,1020
228,42,171
229,42,908
230,42,251
231,42,27
232,42,36
233,42,184
234,42,857
235,42,219
236,42,254
237,42,157
238,42,904
239,42,422
240,42,205
241,42,494
242,42,91
243,42,793
244,42,532
245,42,944
246,42,777
247,42,393
248,42,112
249,42,318
250,42,403
251,42,982
252,42,699
253,42,88
254,42,148
255,42,160
256,42,345
257,42,945
258,42,5
259,42,965
260,42,34
261,42,646
262,42,763
263,42,509
264,42,827
265,42,429
266,42,127
267,42,235
268,42,9
269,42,627
270,42,423
271,42,555
272,42,350
273,42,223
274,42,549
275,42,214
276,42,226
277,42,545
278,42,503
279,42,797
280,42,951
281,42,294
282,42,216
283,42,869
284,42,193
285,42,204
286,42,930
287,42,697
288,42,842
289,42,483
290,42,213
291,42,202
292,42,656
293,42,108
294,42,541
295,42,630
296,42,392
297,42,535
298,42,241
299,42,93
300,42,454
301,42,293
302,42,41
303,42,661
304,42,511
305,42,76
306,42,821
307,42,386
308,42,379
309,42,420
310,42,725
311,42,527
312,42,315
313,42,333
314,42,837
315,42,813
316,42,119
317,42,424
318,42,668
319,42,792
320,42,831
321,42,632
322,42,962
323,42,496
324,42,8
325,42,197
326,42,381
327,42,658
328,42,132
329,42,794
330,42,110
331,42,285
332,42,894
333,42,686
334,42,791
335,42,369
336,42,228
337,42,236
338,42,70
339,42,701
340,42,947
341,42,731
342,42,464
343,42,39
344,42,54
345,42,1005
346,42,856
347,42,255
348,42,705
349,42,976
350,42,570
351,42,20
352,42,880
353,42,325
354,42,442
355,42,707
356,42,958
357,42,830
358,42,552
359,42,499
360,42,453
361,42,460
362,42,1012
363,42,242
364,42,1018
365,42,893
366,42,832
367,42,85
368,42,681
369,42,354
370,42,162
371,42,922
372,42,106
373,42,485
374,42,45
375,42,826
376,42,751
377,42,321
378,42,849
379,42,834
380,42,559
381,42,355
382,42,673
383,42,664
384,42,682
385,42,305
386,42,568
387,42,828
388,42,892
389,42,776
390,42,343
391,42,895
392,42,851
393,42,875
394,42,862
395,42,286
396,42,43
397,42,523
398,42,349
399,42,245
0,43,301
1,43,150
2,43,123
3,43,683
4,43,443
5,43,954
6,43,1006
7,43,669
8,43,311
9,43,463
10,43,557
11,43,105
12,43,187
13,43,786
14,43,666
15,43,618
16,43,784
17,43,1008
18,43,520
19,43,185
20,43,710
21,43,0
22,43,554
23,43,230
24,43,713
25,43,246
26,43,155
27,43,287
28,43,901
29,43,142
30,43,304
31,43,492
32,43,1013
33,43,48
34,43,705
35,43,149
36,43,440
37,43,380
38,43,938
39,43,717
40,43,997
41,43,603
42,43,698
43,43,107
44,43,67
45,43,866
46,43,879
47,43,168
48,43,540
49,43,767
50,43,524
51,43,915
52,43,783
53,43,519
54,43,933
55,43,1002
56,43,505
57,43,266
58,43,474
59,43,394
60,43,839
61,43,476
62,43,887
63,43,847
64,43,775
65,43,521
66,43,584
67,43,877
68,43,432
69,43,749
70,43,650
71,43,363
72,43,649
73,43,1010
74,43,215
75,43,506
76,43,616
77,43,297
78,43,485
79,43,779
80,43,891
81,43,755
82,43,356
83,43,99
84,43,283
85,43,538
86,43,983
87,43,186
88,43,966
89,43,719
90,43,941
91,43,170
92,43,814
93,43,220
94,43,890
95,43,855
96,43,253
97,43,883
98,43,435
99,43,617
100,43,924
101,43,770
102,43,560
103,43,652
104,43,539
105,43,614
106,43,137
107,43,267
108,43,239
109,43,654
110,43,81
111,43,448
112,43,60
113,43,790
114,43,434
115,43,450
116,43,62
117,43,12
118,43,101
119,43,606
120,43,868
121,43,431
122,43,793
123,43,748
124,43,176
125,43,334
126,43,102
127,43,516
128,43,376
129,43,264
130,43,812
131,43,985
132,43,16
133,43,518
134,43,619
135,43,47
136,43,483
137,43,978
138,43,449
139,43,243
140,43,250
141,43,724
142,43,607
143,43,114
144,43,173
145,43,723
146,43,852
147,43,211
148,43,190
149,43,96
150,43,955
151,43,550
152,43,534
153,43,319
154,43,75
155,43,695
156,43,11
157,43,952
158,43,635
159,43,785
160,43,104
161,43,504
162,43,120
163,43,98
164,43,433
165,43,35
166,43,277
167,43,838
168,43,929
169,43,531
170,43,462
171,43,537
172,43,298
173,43,165
174,43,898
175,43,854
176,43,115
177,43,792
178,43,878
179,43,326
180,43,1003
181,43,921
182,43,809
183,43,731
184,43,261
185,43,597
186,43,843
187,43,51
188,43,256
189,43,743
190,43,437
191,43,525
192,43,237
193,43,971
194,43,580
195,43,970
196,43,490
197,43,957
198,43,375
199,43,309
200,43,410
201,43,981
202,43,980
203,43,993
204,43,80
205,43,349
206,43,709
207,43,201
208,43,571
209,43,914
210,43,218
211,43,699
212,43,960
213,43,135
214,43,179
215,43,161
216,43,916
217,43,772
218,43,566
219,43,930
220,43,953
221,43,77
222,43,156
223,43,753
224,43,787
225,43,610
226,43,911
227,43,1020
228,43,171
229,43,908
230,43,251
231,43,27
232,43,36
233,43,184
234,43,857
235,43,219
236,43,255
237,43,157
238,43,936
239,43,421
240,43,205
241,43,494
242,43,59
243,43,794
244,43,532
245,43,945
246,43,777
247,43,393
248,43,112
249,43,318
250,43,404
251,43,982
252,43,700
253,43,88
254,43,148
255,43,160
256,43,345
257,43,913
258,43,5
259,43,965
260,43,34
261,43,646
262,43,762
263,43,509
264,43,827
265,43,429
266,43,127
267,43,235
268,43,9
269,43,627
270,43,422
271,43,555
272,43,350
273,43,191
274,43,549
275,43,214
276,43,226
277,43,545
278,43,503
279,43,797
280,43,951
281,43,294
282,43,216
283,43,869
284,43,193
285,43,204
286,43,931
287,43,697
288,43,842
289,43,484
290,43,213
291,43,202
292,43,656
293,43,140
294,43,541
295,43,630
296,43,392
297,43,535
298,43,241
299,43,93
300,43,486
301,43,325
302,43,41
303,43,662
304,43,511
305,43,44
306,43,821
307,43,386
308,43,379
309,43,420
310,43,725
311,43,527
312,43,315
313,43,333
314,43,837
315,43,813
316,43,119
317,43,424
318,43,668
319,43,760
320,43,830
321,43,632
322,43,994
323,43,496
324,43,8
325,43,197
326,43,381
327,43,658
328,43,132
329,43,826
330,43,110
331,43,285
332,43,894
333,43,687
334,43,791
335,43,369
336,43,228
337,43,236
338,43,70
339,43,701
340,43,947
341,43,763
342,43,464
343,43,39
344,43,54
345,43,1005
346,43,856
347,43,223
348,43,706
349,43,976
350,43,570
351,43,19
352,43,912
353,43,357
354,43,442
355,43,707
356,43,990
357,43,798
358,43,552
359,43,499
360,43,454
361,43,460
362,43,1012
363,43,210
364,43,1018
365,43,893
366,43,864
367,43,85
368,43,681
369,43,322
370,43,162
371,43,922
372,43,106
373,43,453
374,43,45
375,43,825
376,43,751
377,43,353
378,43,849
379,43,834
380,43,559
381,43,355
382,43,673
383,43,664
384,43,682
385,43,305
386,43,568
387,43,828
388,43,892
389,43,776
390,43,343
391,43,895
392,43,819
393,43,875
394,43,862
395,43,286
396,43,43
397,43,523
398,43,317
399,43,245
0,44,301
1,44,150
2,44,91
3,44,683
4,44,443
5,44,954
6,44,1006
7,44,669
8,44,311
9,44,463
10,44,557
11,44,105
12,44,187
13,44,786
14,44,698
15,44,618
16,44,784
17,44,1008
18,44,520
19,44,185
20,44,710
21,44,0
22,44,554
23,44,230
24,44,713
25,44,246
26,44,155
27,44,287
28,44,901
29,44,142
30,44,304
31,44,492
32,44,1013
33,44,48
34,44,673
35,44,149
36,44,440
37,44,380
38,44,906
39,44,717
40,44,997
41,44,603
42,44,697
43,44,107
44,44,67
45,44,867
46,44,911
47,44,167
48,44,540
49,44,767
50,44,524
51,44,915
52,44,783
53,44,487
54,44,933
55,44,1002
56,44,504
57,44,266
58,44,474
59,44,362
60,44,839
61,44,476
62,44,919
63,44,847
64,44,775
65,44,521
66,44,584
67,44,877
68,44,432
69,44,749
70,44,650
71,44,363
72,44,649
73,44,1010
74,44,215
75,44,506
76,44,616
77,44,297
78,44,484
79,44,779
80,44,891
81,44,755
82,44,356
83,44,99
84,44,283
85,44,538
86,44,983
87,44,186
88,44,966
89,44,687
90,44,973
91,44,170
92,44,814
93,44,220
94,44,890
95,44,887
96,44,252
97,44,883
98,44,435
99,44,617
100,44,924
101,44,770
102,44,560
103,44,652
104,44,539
105,44,614
106,44,137
107,44,267
108,44,239
109,44,654
110,44,81
111,44,449
112,44,60
113,44,790
114,44,434
115,44,450
116,44,62
117,44,13
118,44,101
119,44,606
120,44,868
121,44,431
122,44,794
123,44,748
124,44,176
125,44,334
126,44,102
127,44,516
128,44,377
129,44,264
130,44,812
131,44,985
132,44,16
133,44,518
134,44,619
135,44,47
136,44,451
137,44,978
138,44,481
139,44,244
140,44,250
141,44,724
142,44,607
143,44,114
144,44,173
145,44,723
146,44,852
147,44,243
148,44,190
149,44,96
150,44,955
151,44,550
152,44,534
153,44,319
154,44,75
155,44,695
156,44,11
157,44,952
158,44,635
159,44,785
160,44,104
161,44,472
162,44,120
163,44,98
164,44,433
165,44,35
166,44,277
167,44,838
168,44,929
169,44,531
170,44,462
171,44,505
172,44,298
173,44,165
174,44,897
175,44,854
176,44,115
177,44,760
178,44,878
179,44,326
180,44,1003
181,44,921
182,44,809
183,44,730
184,44,261
185,44,597
186,44,843
187,44,52
188,44,256
189,44,743
190,44,437
191,44,525
192,44,237
193,44,970
194,44,580
195,44,938
196,44,490
197,44,957
198,44,376
199,44,309
200,44,410
201,44,981
202,44,980
203,44,961
204,44,80
205,44,381
206,44,709
207,44,201
208,44,571
209,44,914
210,44,218
211,44,667
212,44,960
213,44,135
214,44,179
215,44,161
216,44,916
217,44,772
218,44,566
219,44,930
220,44,953
221,44,77
222,44,156
223,44,753
224,44,787
225,44,610
226,44,943
227,44,1020
228,44,171
229,44,908
230,44,251
231,44,27
232,44,36
233,44,184
234,44,857
235,44,219
236,44,223
237,44,157
238,44,968
239,44,421
240,44,205
241,44,494
242,44,58
243,44,762
244,44,532
245,44,946
246,44,777
247,44,393
248,44,112
249,44,318
250,44,405
251,44,982
252,44,700
253,44,88
254,44,148
255,44,160
256,44,345
257,44,912
258,44,5
259,44,965
260,44,34
261,44,646
262,44,763
263,44,509
264,44,827
265,44,429
266,44,127
267,44,235
268,44,9
269,44,627
270,44,390
271,44,555
272,44,350
273,44,159
274,44,549
275,44,214
276,44,226
277,44,545
278,44,503
279,44,797
280,44,951
281,44,294
282,44,216
283,44,869
284,44,193
285,44,204
286,44,931
287,44,696
288,44,842
289,44,483
290,44,213
291,44,202
292,44,656
293,44,140
294,44,541
295,44,630
296,44,392
297,44,535
298,44,241
299,44,93
300,44,454
301,44,357
302,44,41
303,44,662
304,44,511
305,44,12
306,44,821
307,44,386
308,44,379
309,44,420
310,44,725
311,44,527
312,44,315
313,44,333
314,44,837
315,44,813
316,44,119
317,44,424
318,44,668
319,44,728
320,44,862
321,44,632
322,44,993
323,44,496
324,44,8
325,44,197
326,44,382
327,44,658
328,44,132
329,44,858
330,44,110
331,44,285
332,44,894
333,44,688
334,44,792
335,44,369
336,44,228
337,44,236
338,44,70
339,44,701
340,44,947
341,44,731
342,44,464
343,44,39
344,44,54
345,44,1005
346,44,856
347,44,191
348,44,705
349,44,976
350,44,570
351,44,51
352,44,880
353,44,358
354,44,442
355,44,707
356,44,991
357,44,799
358,44,552
359,44,499
360,44,453
361,44,460
362,44,1012
363,44,178
364,44,1018
365,44,893
366,44,864
367,44,85
368,44,681
369,44,323
370,44,162
371,44,922
372,44,106
373,44,485
374,44,45
375,44,826
376,44,751
377,44,385
378,44,849
379,44,834
380,44,559
381,44,355
382,44,641
383,44,664
384,44,682
385,44,305
386,44,568
387,44,828
388,44,892
389,44,776
390,44,343
391,44,895
392,44,820
393,44,875
394,44,861
395,44,286
396,44,43
397,44,523
398,44,349
399,44,245
0,45,301
1,45,150
2,45,59
3,45,683
4,45,443
5,45,954
6,45,1006
7,45,669
8,45,311
9,45,463
10,45,557
11,45,105
12,45,187
13,45,786
14,45,698
15,45,618
16,45,784
17,45,1008
18,45,520
19,45,185
20,45,710
21,45,0
22,45,554
23,45,230
24,45,713
25,45,246
26,45,155
27,45,287
28,45,901
29,45,142
30,45,304
31,45,492
32,45,1013
33,45,48
34,45,641
35,45,149
36,45,440
37,45,380
38,45,906
39,45,717
40,45,997
41,45,603
42,45,665
43,45,107
44,45,67
45,45,867
46,45,911
47,45,166
48,45,540
49,45,767
50,45,524
51,45,915
52,45,783
53,45,487
54,45,933
55,45,1002
56,45,505
57,45,266
58,45,474
59,45,362
60,45,839
61,45,476
62,45,919
63,45,847
64,45,775
65,45,521
66,45,584
67,45,877
68,45,432
69,45,749
70,45,650
71,45,363
72,45,649
73,45,1010
74,45,215
75,45,506
76,45,616
77,45,297
78,45,483
79,45,779
80,45,891
81,45,755
82,45,356
83,45,99
84,45,283
85,45,538
86,45,983
87,45,186
88,45,966
89,45,686
90,45,973
91,45,170
92,45,814
93,45,220
94,45,889
95,45,887
96,45,252
97,45,883
98,45,435
99,45,617
100,45,924
101,45,770
102,45,560
103,45,652
104,45,539
105,45,614
106,45,137
107,45,267
108,45,239
109,45,654
110,45,81
111,45,449
112,45,60
113,45,790
114,45,434
115,45,450
116,45,62
117,45,12
118,45,101
119,45,606
120,45,868
121,45,431
122,45,762
123,45,748
124,45,176
125,45,334
126,45,102
127,45,516
128,45,376
129,45,264
130,45,812
131,45,985
132,45,16
133,45,518
134,45,619
135,45,47
136,45,419
137,45,978
138,45,482
139,45,243
140,45,250
141,45,724
142,45,607
143,45,114
144,45,173
145,45,723
146,45,852
147,45,242
148,45,190
149,45,96
150,45,955
151,45,550
152,45,534
153,45,319
154,45,75
155,45,695
156,45,10
157,45,952
158,45,635
159,45,785
160,45,104
161,45,504
162,45,120
163,45,98
164,45,433
165,45,35
166,45,277
167,45,838
168,45,961
169,45,531
170,45,462
171,45,473
172,45,298
173,45,165
174,45,865
175,45,854
176,45,115
177,45,728
178,45,878
179,45,327
180,45,1003
181,45,921
182,45,809
183,45,730
184,45,261
185,45,597
186,45,843
187,45,20
188,45,256
189,45,743
190,45,437
191,45,525
192,45,237
193,45,970
194,45,580
195,45,938
196,45,490
197,45,957
198,45,344
199,45,309
200,45,410
201,45,981
202,45,980
203,45,962
204,45,80
205,45,382
206,45,709
207,45,201
208,45,571
209,45,914
210,45,218
211,45,667
212,45,960
213,45,135
214,45,179
215,45,161
216,45,916
217,45,772
218,45,566
219,45,929
220,45,953
221,45,77
222,45,156
223,45,753
224,45,787
225,45,610
226,45,942
227,45,1020
228,45,171
229,45,908
230,45,251
231,45,27
232,45,36
233,45,184
234,45,857
235,45,219
236,45,191
237,45,157
238,45,1000
239,45,421
240,45,205
241,45,494
242,45,58
243,45,763
244,45,532
245,45,947
246,45,777
247,45,393
248,45,112
249,45,318
250,45,373
251,45,982
252,45,700
253,45,88
254,45,148
255,45,160
256,45,345
257,45,944
258,45,5
259,45,965
260,45,34
261,45,646
262,45,731
263,45,509
264,45,827
265,45,429
266,45,127
267,45,235
268,45,9
269,45,627
270,45,390
271,45,555
272,45,350
273,45,158
274,45,549
275,45,214
276,45,226
277,45,545
278,45,503
279,45,797
280,45,951
281,45,294
282,45,216
283,45,869
284,45,193
285,45,204
286,45,930
287,45,697
288,45,842
289,45,515
290,45,213
291,45,202
292,45,656
293,45,140
294,45,541
295,45,630
296,45,392
297,45,535
298,45,241
299,45,93
300,45,454
301,45,358
302,45,41
303,45,662
304,45,511
305,45,11
306,45,822
307,45,386
308,45,379
309,45,420
310,45,725
311,45,527
312,45,315
313,45,333
314,45,837
315,45,813
316,45,119
317,45,424
318,45,668
319,45,696
320,45,894
321,45,632
322,45,992
323,45,496
324,45,8
325,45,197
326,45,414
327,45,658
328,45,132
329,45,890
330,45,110
331,45,285
332,45,895
333,45,689
334,45,792
335,45,369
336,45,228
337,45,236
338,45,70
339,45,701
340,45,948
341,45,699
342,45,464
343,45,39
344,45,54
345,45,1005
346,45,856
347,45,159
348,45,737
349,45,976
350,45,570
351,45,51
352,45,912
353,45,326
354,45,442
355,45,707
356,45,991
357,45,799
358,45,552
359,45,499
360,45,453
361,45,460
362,45,1012
363,45,146
364,45,1018
365,45,893
366,45,864
367,45,85
368,45,681
369,45,291
370,45,162
371,45,922
372,45,106
373,45,484
374,45,45
375,45,826
376,45,751
377,45,417
378,45,849
379,45,834
380,45,559
381,45,355
382,45,640
383,45,664
384,45,682
385,45,305
386,45,568
387,45,828
388,45,892
389,45,776
390,45,343
391,45,927
392,45,821
393,45,875
394,45,862
395,45,286
396,45,43
397,45,523
398,45,349
399,45,245
0,46,301
1,46,150
2,46,27
3,46,683
4,46,443
5,46,954
6,46,1006
7,46,669
8,46,311
9,46,463
10,46,557
11,46,105
12,46,187
13,46,786
14,46,698
15,46,618
16,46,784
17,46,1008
18,46,520
19,46,185
20,46,710
21,46,0
22,46,554
23,46,230
24,46,713
25,46,246
26,46,155
27,46,287
28,46,901
29,46,142
30,46,304
31,46,492
32,46,1013
33,46,48
34,46,642
35,46,149
36,46,440
37,46,380
38,46,906
39,46,717
40,46,997
41,46,603
42,46,665
43,46,107
44,46,67
45,46,867
46,46,911
47,46,134
48,46,540
49,46,767
50,46,524
51,46,915
52,46,783
53,46,487
54,46,933
55,46,1002
56,46,537
57,46,266
58,46,474
59,46,362
60,46,839
61,46,476
62,46,919
63,46,847
64,46,775
65,46,521
66,46,584
67,46,877
68,46,432
69,46,749
70,46,650
71,46,363
72,46,649
73,46,1010
74,46,215
75,46,506
76,46,616
77,46,297
78,46,515
79,46,779
80,46,891
81,46,755
82,46,356
83,46,99
84,46,283
85,46,538
86,46,983
87,46,186
88,46,966
89,46,686
90,46,973
91,46,170
92,46,814
93,46,220
94,46,890
95,46,887
96,46,252
97,46,883
98,46,435
99,46,617
100,46,924
101,46,770
102,46,560
103,46,652
104,46,539
105,46,614
106,46,137
107,46,267
108,46,239
109,46,654
110,46,81
111,46,448
112,46,60
113,46,758
114,46,434
115,46,450
116,46,62
117,46,44
118,46,101
119,46,606
120,46,868
121,46,431
122,46,730
123,46,748
124,46,176
125,46,334
126,46,102
127,46,516
128,46,375
129,46,264
130,46,812
131,46,985
132,46,16
133,46,518
134,46,619
135,46,47
136,46,387
137,46,978
138,46,482
139,46,243
140,46,250
141,46,724
142,46,607
143,46,114
144,46,173
145,46,723
146,46,852
147,46,242
148,46,222
149,46,96
150,46,955
151,46,550
152,46,534
153,46,319
154,46,75
155,46,695
156,46,11
157,46,952
158,46,635
159,46,785
160,46,104
161,46,504
162,46,120
163,46,98
164,46,433
165,46,35
166,46,277
167,46,838
168,46,961
169,46,531
170,46,462
171,46,473
172,46,298
173,46,165
174,46,865
175,46,854
176,46,115
177,46,727
178,46,878
179,46,326
180,46,1003
181,46,921
182,46,809
183,46,731
184,46,261
185,46,597
186,46,843
187,46,20
188,46,256
189,46,743
190,46,437
191,46,525
192,46,237
193,46,970
194,46,580
195,46,938
196,46,490
197,46,957
198,46,312
199,46,309
200,46,410
201,46,981
202,46,980
203,46,962
204,46,80
205,46,414
206,46,709
207,46,201
208,46,571
209,46,914
210,46,218
211,46,667
212,46,960
213,46,135
214,46,179
215,46,161
216,46,916
217,46,772
218,46,566
219,46,929
220,46,953
221,46,77
222,46,156
223,46,753
224,46,787
225,46,610
226,46,941
227,46,1020
228,46,171
229,46,908
230,46,251
231,46,28
232,46,36
233,46,184
234,46,857
235,46,219
236,46,159
237,46,157
238,46,999
239,46,421
240,46,205
241,46,494
242,46,58
243,46,762
244,46,532
245,46,948
246,46,777
247,46,393
248,46,112
249,46,318
250,46,373
251,46,982
252,46,700
253,46,88
254,46,148
255,46,160
256,46,345
257,46,944
258,46,5
259,46,965
260,46,34
261,46,646
262,46,763
263,46,509
264,46,827
265,46,429
266,46,95
267,46,235
268,46,9
269,46,627
270,46,422
271,46,555
272,46,350
273,46,190
274,46,549
275,46,214
276,46,226
277,46,545
278,46,503
279,46,797
280,46,951
281,46,294
282,46,216
283,46,869
284,46,193
285,46,204
286,46,930
287,46,697
288,46,842
289,46,547
290,46,213
291,46,202
292,46,656
293,46,140
294,46,541
295,46,630
296,46,392
297,46,535
298,46,241
299,46,93
300,46,454
301,46,390
302,46,41
303,46,662
304,46,511
305,46,12
306,46,790
307,46,386
308,46,379
309,46,420
310,46,725
311,46,527
312,46,315
313,46,333
314,46,837
315,46,813
316,46,119
317,46,424
318,46,668
319,46,728
320,46,926
321,46,632
322,46,992
323,46,496
324,46,8
325,46,197
326,46,413
327,46,658
328,46,132
329,46,922
330,46,110
331,46,285
332,46,894
333,46,689
334,46,792
335,46,369
336,46,228
337,46,236
338,46,70
339,46,701
340,46,949
341,46,699
342,46,464
343,46,39
344,46,54
345,46,1005
346,46,856
347,46,127
348,46,737
349,46,976
350,46,570
351,46,51
352,46,912
353,46,325
354,46,442
355,46,707
356,46,991
357,46,799
358,46,552
359,46,499
360,46,453
361,46,460
362,46,1012
363,46,147
364,46,1018
365,46,893
366,46,864
367,46,85
368,46,681
369,46,259
370,46,162
371,46,923
372,46,106
373,46,483
374,46,45
375,46,826
376,46,751
377,46,449
378,46,849
379,46,834
380,46,559
381,46,355
382,46,641
383,46,664
384,46,682
385,46,305
386,46,568
387,46,828
388,46,892
389,46,776
390,46,343
391,46,895
392,46,822
393,46,875
394,46,862
395,46,286
396,46,43
397,46,523
398,46,349
399,46,245
0,47,301
1,47,150
2,47,28
3,47,683
4,47,443
5,47,954
6,47,1006
7,47,669
8,47,311
9,47,463
10,47,557
11,47,105
12,47,187
13,47,786
14,47,698
15,47,618
16,47,784
17,47,1008
18,47,520
19,47,185
20,47,710
21,47,0
22,47,554
23,47,230
24,47,713
25,47,246
26,47,155
27,47,287
28,47,901
29,47,142
30,47,304
31,47,492
32,47,1014
33,47,48
34,47,643
35,47,149
36,47,440
37,47,380
38,47,906
39,47,717
40,47,997
41,47,603
42,47,665
43,47,107
44,47,67
45,47,867
46,47,911
47,47,102
48,47,540
49,47,767
50,47,524
51,47,915
52,47,783
53,47,487
54,47,933
55,47,1002
56,47,537
57,47,266
58,47,474
59,47,362
60,47,839
61,47,476
62,47,919
63,47,847
64,47,775
65,47,521
66,47,584
67,47,877
68,47,432
69,47,749
70,47,650
71,47,363
72,47,649
73,47,1010
74,47,215
75,47,506
76,47,616
77,47,297
78,47,483
79,47,779
80,47,891
81,47,755
82,47,356
83,47,99
84,47,283
85,47,538
86,47,983
87,47,186
88,47,966
89,47,686
90,47,973
91,47,170
92,47,814
93,47,220
94,47,890
95,47,887
96,47,252
97,47,883
98,47,435
99,47,617
100,47,924
101,47,770
102,47,560
103,47,652
104,47,539
105,47,614
106,47,137
107,47,267
108,47,239
109,47,654
110,47,81
111,47,449
112,47,60
113,47,790
114,47,434
115,47,450
116,47,62
117,47,44
118,47,101
119,47,606
120,47,868
121,47,431
122,47,730
123,47,748
124,47,176
125,47,334
126,47,103
127,47,516
128,47,375
129,47,264
130,47,812
131,47,985
132,47,16
133,47,518
134,47,619
135,47,47
136,47,355
137,47,978
138,47,482
139,47,243
140,47,250
141,47,724
142,47,607
143,47,114
144,47,173
145,47,723
146,47,852
147,47,242
148,47,190
149,47,96
150,47,956
151,47,550
152,47,534
153,47,319
154,47,75
155,47,694
156,47,11
157,47,952
158,47,635
159,47,785
160,47,104
161,47,504
162,47,120
163,47,98
164,47,433
165,47,35
166,47,277
167,47,838
168,47,961
169,47,531
170,47,462
171,47,473
172,47,298
173,47,165
174,47,865
175,47,854
176,47,115
177,47,695
178,47,878
179,47,326
180,47,1003
181,47,921
182,47,809
183,47,763
184,47,261
185,47,597
186,47,843
187,47,20
188,47,256
189,47,743
190,47,437
191,47,525
192,47,237
193,47,970
194,47,580
195,47,938
196,47,490
197,47,957
198,47,313
199,47,309
200,47,410
201,47,1013
202,47,980
203,47,962
204,47,80
205,47,414
206,47,709
207,47,201
208,47,571
209,47,914
210,47,218
211,47,667
212,47,960
213,47,135
214,47,179
215,47,161
216,47,916
217,47,772
218,47,566
219,47,929
220,47,953
221,47,77
222,47,156
223,47,753
224,47,787
225,47,610
226,47,940
227,47,1020
228,47,171
229,47,908
230,47,251
231,47,29
232,47,36
233,47,184
234,47,857
235,47,219
236,47,127
237,47,157
238,47,998
239,47,421
240,47,205
241,47,494
242,47,58
243,47,794
244,47,532
245,47,949
246,47,777
247,47,393
248,47,112
249,47,318
250,47,373
251,47,982
252,47,700
253,47,88
254,47,148
255,47,160
256,47,345
257,47,944
258,47,5
259,47,965
260,47,34
261,47,646
262,47,762
263,47,509
264,47,827
265,47,429
266,47,94
267,47,235
268,47,9
269,47,627
270,47,423
271,47,555
272,47,350
273,47,191
274,47,549
275,47,214
276,47,226
277,47,545
278,47,503
279,47,797
280,47,951
281,47,294
282,47,216
283,47,869
284,47,193
285,47,204
286,47,930
287,47,697
288,47,842
289,47,515
290,47,213
291,47,202
292,47,656
293,47,140
294,47,541
295,47,630
296,47,392
297,47,535
298,47,241
299,47,93
300,47,454
301,47,422
302,47,41
303,47,662
304,47,511
305,47,12
306,47,822
307,47,386
308,47,379
309,47,420
310,47,725
311,47,527
312,47,315
313,47,333
314,47,837
315,47,813
316,47,119
317,47,424
318,47,668
319,47,728
320,47,958
321,47,632
322,47,992
323,47,496
324,47,8
325,47,197
326,47,381
327,47,658
328,47,132
329,47,923
330,47,110
331,47,285
332,47,894
333,47,689
334,47,792
335,47,369
336,47,228
337,47,236
338,47,70
339,47,701
340,47,981
341,47,699
342,47,464
343,47,39
344,47,54
345,47,1005
346,47,856
347,47,95
348,47,737
349,47,976
350,47,570
351,47,51
352,47,912
353,47,325
354,47,442
355,47,707
356,47,991
357,47,799
358,47,552
359,47,499
360,47,453
361,47,460
362,47,1012
363,47,147
364,47,1018
365,47,893
366,47,864
367,47,85
368,47,681
369,47,227
370,47,162
371,47,955
372,47,106
373,47,451
374,47,45
375,47,826
376,47,751
377,47,481
378,47,849
379,47,834
380,47,559
381,47,323
382,47,673
383,47,664
384,47,682
385,47,305
386,47,568
387,47,828
388,47,892
389,47,776
390,47,343
391,47,895
392,47,823
393,47,875
394,47,862
395,47,286
396,47,43
397,47,523
398,47,349
399,47,245
0,48,301
1,48,150
2,48,29
3,48,683
4,48,443
5,48,954
6,48,1006
7,48,669
8,48,311
9,48,463
10,48,557
11,48,105
12,48,187
13,48,786
14,48,698
15,48,618
16,48,784
17,48,1008
18,48,520
19,48,185
20,48,710
21,48,0
22,48,554
23,48,230
24,48,713
25,48,246
26,48,155
27,48,287
28,48,901
29,48,142
30,48,304
31,48,492
32,48,1014
33,48,48
34,48,643
35,48,149
36,48,440
37,48,380
38,48,906
39,48,717
40,48,996
41,48,603
42,48,665
43,48,107
44,48,67
45,48,867
46,48,911
47,48,70
48,48,540
49,48,767
50,48,524
51,48,915
52,48,783
53,48,487
54,48,933
55,48,1002
56,48,537
57,48,266
58,48,474
59,48,362
60,48,839
61,48,476
62,48,919
63,48,847
64,48,775
65,48,521
66,48,584
67,48,877
68,48,432
69,48,749
70,48,650
71,48,363
72,48,649
73,48,1010
74,48,215
75,48,506
76,48,616
77,48,297
78,48,484
79,48,779
80,48,891
81,48,755
82,48,356
83,48,99
84,48,283
85,48,538
86,48,983
87,48,186
88,48,966
89,48,686
90,48,973
91,48,170
92,48,814
93,48,220
94,48,890
95,48,887
96,48,252
97,48,883
98,48,435
99,48,617
100,48,956
101,48,770
102,48,560
103,48,652
104,48,539
105,48,614
106,48,137
107,48,267
108,48,239
109,48,654
110,48,81
111,48,449
112,48,60
113,48,790
114,48,434
115,48,450
116,48,62
117,48,44
118,48,101
119,48,606
120,48,868
121,48,431
122,48,730
123,48,748
124,48,176
125,48,334
126,48,102
127,48,516
128,48,375
129,48,264
130,48,812
131,48,985
132,48,16
133,48,518
134,48,619
135,48,47
136,48,323
137,48,978
138,48,482
139,48,243
140,48,250
141,48,724
142,48,607
143,48,114
144,48,173
145,48,723
146,48,852
147,48,242
148,48,190
149,48,96
150,48,955
151,48,550
152,48,534
153,48,319
154,48,75
155,48,695
156,48,11
157,48,952
158,48,635
159,48,785
160,48,104
161,48,504
162,48,120
163,48,98
164,48,433
165,48,35
166,48,277
167,48,838
168,48,961
169,48,531
170,48,462
171,48,473
172,48,298
173,48,165
174,48,865
175,48,854
176,48,115
177,48,663
178,48,878
179,48,326
180,48,1003
181,48,921
182,48,809
183,48,795
184,48,261
185,48,597
186,48,843
187,48,20
188,48,256
189,48,743
190,48,437
191,48,525
192,48,237
193,48,970
194,48,580
195,48,938
196,48,490
197,48,957
198,48,313
199,48,309
200,48,410
201,48,1013
202,48,979
203,48,962
204,48,80
205,48,414
206,48,709
207,48,201
208,48,571
209,48,914
210,48,218
211,48,667
212,48,960
213,48,135
214,48,179
215,48,161
216,48,916
217,48,772
218,48,566
219,48,929
220,48,953
221,48,77
222,48,156
223,48,753
224,48,787
225,48,610
226,48,972
227,48,1020
228,48,171
229,48,908
230,48,251
231,48,30
232,48,36
233,48,184
234,48,857
235,48,219
236,48,95
237,48,157
238,48,997
239,48,421
240,48,205
241,48,494
242,48,58
243,48,794
244,48,532
245,48,981
246,48,777
247,48,393
248,48,112
249,48,318
250,48,373
251,48,982
252,48,700
253,48,88
254,48,148
255,48,160
256,48,345
257,48,944
258,48,5
259,48,965
260,48,34
261,48,646
262,48,763
263,48,509
264,48,827
265,48,429
266,48,126
267,48,235
268,48,9
269,48,627
270,48,422
271,48,555
272,48,350
273,48,223
274,48,549
275,48,214
276,48,226
277,48,545
278,48,503
279,48,797
280,48,951
281,48,294
282,48,216
283,48,869
284,48,193
285,48,204
286,48,930
287,48,697
288,48,842
289,48,515
290,48,213
291,48,202
292,48,656
293,48,140
294,48,541
295,48,630
296,48,392
297,48,535
298,48,241
299,48,93
300,48,486
301,48,454
302,48,41
303,48,662
304,48,511
305,48,12
306,48,821
307,48,386
308,48,379
309,48,420
310,48,725
311,48,527
312,48,315
313,48,333
314,48,837
315,48,813
316,48,119
317,48,424
318,48,668
319,48,728
320,48,959
321,48,632
322,48,992
323,48,496
324,48,8
325,48,197
326,48,381
327,48,658
328,48,132
329,48,924
330,48,110
331,48,285
332,48,894
333,48,689
334,48,792
335,48,369
336,48,228
337,48,236
338,48,38
339,48,701
340,48,980
341,48,699
342,48,464
343,48,39
344,48,54
345,48,1005
346,48,856
347,48,94
348,48,737
349,48,976
350,48,570
351,48,51
352,48,912
353,48,325
354,48,442
355,48,707
356,48,991
357,48,799
358,48,552
359,48,499
360,48,453
361,48,460
362,48,1012
363,48,147
364,48,1018
365,48,893
366,48,864
367,48,85
368,48,681
369,48,195
370,48,162
371,48,923
372,48,106
373,48,451
374,48,45
375,48,826
376,48,751
377,48,513
378,48,849
379,48,834
380,48,559
381,48,324
382,48,673
383,48,664
384,48,682
385,48,305
386,48,568
387,48,828
388,48,892
389,48,776
390,48,343
391,48,895
392,48,824
393,48,875
394,48,862
395,48,286
396,48,43
397,48,523
398,48,349
399,48,245
0,49,301
1,49,150
2,49,30
3,49,683
4,49,443
5,49,954
6,49,1006
7,49,669
8,49,311
9,49,463
10,49,557
11,49,105
12,49,187
13,49,786
14,49,698
15,49,618
16,49,784
17,49,1008
18,49,520
19,49,185
20,49,710
21,49,0
22,49,554
23,49,230
24,49,713
25,49,246
26,49,155
27,49,287
28,49,901
29,49,142
30,49,304
31,49,492
32,49,1013
33,49,48
34,49,643
35,49,149
36,49,440
37,49,380
38,49,906
39,49,717
40,49,997
41,49,603
42,49,665
43,49,107
44,49,67
45,49,867
46,49,911
47,49,38
48,49,540
49,49,767
50,49,524
51,49,915
52,49,783
53,49,487
54,49,933
55,49,1002
56,49,537
57,49,266
58,49,474
59,49,362
60,49,839
61,49,476
62,49,919
63,49,847
64,49,775
65,49,521
66,49,584
67,49,877
68,49,432
69,49,749
70,49,650
71,49,363
72,49,649
73,49,1010
74,49,215
75,49,506
76,49,616
77,49,297
78,49,484
79,49,779
80,49,891
81,49,755
82,49,356
83,49,99
84,49,283
85,49,538
86,49,983
87,49,186
88,49,967
89,49,686
90,49,973
91,49,170
92,49,814
93,49,220
94,49,890
95,49,887
96,49,252
97,49,883
98,49,435
99,49,617
100,49,924
101,49,770
102,49,560
103,49,652
104,49,539
105,49,614
106,49,137
107,49,267
108,49,239
109,49,654
110,49,81
111,49,449
112,49,60
113,49,790
114,49,434
115,49,450
116,49,61
117,49,44
118,49,101
119,49,606
120,49,868
121,49,431
122,49,730
123,49,748
124,49,176
125,49,334
126,49,102
127,49,516
128,49,375
129,49,264
130,49,812
131,49,985
132,49,16
133,49,518
134,49,619
135,49,47
136,49,291
137,49,978
138,49,482
139,49,243
140,49,250
141,49,724
142,49,607
143,49,114
144,49,173
145,49,723
146,49,852
147,49,242
148,49,190
149,49,96
150,49,955
151,49,550
152,49,534
153,49,319
154,49,75
155,49,695
156,49,11
157,49,952
158,49,635
159,49,785
160,49,104
161,49,504
162,49,120
163,49,98
164,49,433
165,49,35
166,49,277
167,49,838
168,49,961
169,49,531
170,49,462
171,49,473
172,49,298
173,49,165
174,49,865
175,49,854
176,49,115
177,49,663
178,49,878
179,49,326
180,49,1003
181,49,921
182,49,809
183,49,827
184,49,261
185,49,597
186,49,843
187,49,20
188,49,256
189,49,743
190,49,437
191,49,525
192,49,237
193,49,970
194,49,580
195,49,938
196,49,490
197,49,957
198,49,313
199,49,309
200,49,410
201,49,981
202,49,980
203,49,962
204,49,80
205,49,414
206,49,709
207,49,201
208,49,571
209,49,914
210,49,218
211,49,667
212,49,960
213,49,135
214,49,179
215,49,161
216,49,916
217,49,772
218,49,566
219,49,929
220,49,953
221,49,77
222,49,156
223,49,753
224,49,787
225,49,610
226,49,972
227,49,1020
228,49,171
229,49,908
230,49,251
231,49,31
232,49,36
233,49,184
234,49,857
235,49,219
236,49,94
237,49,157
238,49,965
239,49,421
240,49,205
241,49,494
242,49,58
243,49,794
244,49,532
245,49,982
246,49,777
247,49,393
248,49,112
249,49,318
250,49,373
251,49,1014
252,49,700
253,49,88
254,49,148
255,49,160
256,49,345
257,49,944
258,49,5
259,49,966
260,49,34
261,49,646
262,49,763
263,49,509
264,49,859
265,49,429
266,49,127
267,49,235
268,49,9
269,49,627
270,49,390
271,49,555
272,49,350
273,49,223
274,49,549
275,49,214
276,49,226
277,49,546
278,49,503
279,49,797
280,49,951
281,49,294
282,49,216
283,49,869
284,49,193
285,49,204
286,49,930
287,49,697
288,49,842
289,49,515
290,49,213
291,49,202
292,49,656
293,49,140
294,49,541
295,49,630
296,49,392
297,49,535
298,49,241
299,49,93
300,49,485
301,49,486
302,49,41
303,49,662
304,49,511
305,49,12
306,49,821
307,49,386
308,49,379
309,49,420
310,49,725
311,49,527
312,49,315
313,49,333
314,49,837
315,49,813
316,49,119
317,49,424
318,49,668
319,49,728
320,49,959
321,49,632
322,49,992
323,49,496
324,49,8
325,49,197
326,49,381
327,49,658
328,49,132
329,49,925
330,49,110
331,49,285
332,49,894
333,49,689
334,49,792
335,49,369
336,49,228
337,49,236
338,49,37
339,49,701
340,49,948
341,49,699
342,49,464
343,49,39
344,49,54
345,49,1005
346,49,888
347,49,62
348,49,737
349,49,976
350,49,570
351,49,51
352,49,912
353,49,325
354,49,442
355,49,707
356,49,991
357,49,799
358,49,552
359,49,499
360,49,453
361,49,460
362,49,1012
363,49,147
364,49,1018
365,49,893
366,49,864
367,49,85
368,49,681
369,49,163
370,49,162
371,49,922
372,49,106
373,49,451
374,49,45
375,49,826
376,49,751
377,49,545
378,49,849
379,49,834
380,49,559
381,49,323
382,49,673
383,49,664
384,49,682
385,49,305
386,49,568
387,49,828
388,49,892
389,49,776
390,49,343
391,49,895
392,49,856
393,49,875
394,49,862
395,49,286
396,49,43
397,49,523
398,49,349
399,49,245
0,50,301
1,50,150
2,50,29
3,50,683
4,50,443
5,50,954
6,50,1006
7,50,669
8,50,311
9,50,463
10,50,557
11,50,105
12,50,187
13,50,786
14,50,698
15,50,618
16,50,784
17,50,1008
18,50,520
19,50,185
20,50,710
21,50,0
22,50,554
23,50,230
24,50,713
25,50,246
26,50,155
27,50,287
28,50,901
29,50,142
30,50,304
31,50,492
32,50,1013
33,50,48
34,50,643
35,50,149
36,50,440
37,50,380
38,50,906
39,50,717
40,50,998
41,50,603
42,50,665
43,50,107
44,50,67
45,50,867
46,50,911
47,50,6
48,50,540
49,50,767
50,50,524
51,50,915
52,50,783
53,50,487
54,50,933
55,50,1002
56,50,537
57,50,266
58,50,474
59,50,362
60,50,839
61,50,476
62,50,919
63,50,847
64,50,775
65,50,521
66,50,584
67,50,877
68,50,432
69,50,749
70,50,650
71,50,363
72,50,649
73,50,1010
74,50,215
75,50,506
76,50,616
77,50,297
78,50,484
79,50,779
80,50,891
81,50,755
82,50,356
83,50,99
84,50,283
85,50,538
86,50,984
87,50,186
88,50,966
89,50,686
90,50,973
91,50,170
92,50,814
93,50,220
94,50,890
95,50,887
96,50,252
97,50,883
98,50,435
99,50,617
100,50,924
101,50,770
102,50,560
103,50,652
104,50,539
105,50,614
106,50,137
107,50,267
108,50,239
109,50,654
110,50,81
111,50,449
112,50,60
113,50,790
114,50,434
115,50,450
116,50,62
117,50,44
118,50,101
119,50,606
120,50,868
121,50,431
122,50,730
123,50,748
124,50,176
125,50,334
126,50,102
127,50,516
128,50,375
129,50,264
130,50,812
131,50,985
132,50,16
133,50,519
134,50,619
135,50,47
136,50,259
137,50,978
138,50,482
139,50,243
140,50,250
141,50,724
142,50,607
143,50,114
144,50,173
145,50,723
146,50,852
147,50,242
148,50,190
149,50,96
150,50,955
151,50,550
152,50,534
153,50,319
154,50,75
155,50,695
156,50,11
157,50,952
158,50,635
159,50,785
160,50,104
161,50,504
162,50,120
163,50,98
164,50,433
165,50,35
166,50,277
167,50,838
168,50,961
169,50,531
170,50,462
171,50,473
172,50,298
173,50,165
174,50,865
175,50,854
176,50,115
177,50,663
178,50,878
179,50,326
180,50,1003
181,50,921
182,50,809
183,50,859
184,50,261
185,50,597
186,50,843
187,50,20
188,50,256
189,50,743
190,50,437
191,50,525
192,50,237
193,50,970
194,50,580
195,50,938
196,50,490
197,50,957
198,50,313
199,50,309
200,50,410
201,50,981
202,50,980
203,50,962
204,50,80
205,50,414
206,50,709
207,50,201
208,50,571
209,50,914
210,50,218
211,50,667
212,50,960
213,50,135
214,50,179
215,50,161
216,50,916
217,50,772
218,50,566
219,50,929
220,50,953
221,50,77
222,50,156
223,50,753
224,50,787
225,50,610
226,50,972
227,50,1020
228,50,171
229,50,908
230,50,251
231,50,31
232,50,36
233,50,184
234,50,857
235,50,219
236,50,93
237,50,157
238,50,997
239,50,421
240,50,205
241,50,494
242,50,58
243,50,794
244,50,532
245,50,983
246,50,777
247,50,393
248,50,112
249,50,318
250,50,373
251,50,982
252,50,700
253,50,88
254,50,148
255,50,160
256,50,345
257,50,944
258,50,5
259,50,965
260,50,34
261,50,646
262,50,763
263,50,509
264,50,858
265,50,429
266,50,127
267,50,235
268,50,9
269,50,627
270,50,390
271,50,555
272,50,350
273,50,223
274,50,549
275,50,214
276,50,226
277,50,545
278,50,503
279,50,797
280,50,951
281,50,294
282,50,216
283,50,869
284,50,193
285,50,204
286,50,930
287,50,697
288,50,842
289,50,515
290,50,213
291,50,202
292,50,656
293,50,140
294,50,541
295,50,630
296,50,392
297,50,535
298,50,241
299,50,61
300,50,486
301,50,518
302,50,41
303,50,662
304,50,511
305,50,12
306,50,821
307,50,386
308,50,379
309,50,420
310,50,725
311,50,527
312,50,315
313,50,333
314,50,837
315,50,813
316,50,119
317,50,424
318,50,668
319,50,728
320,50,959
321,50,632
322,50,992
323,50,496
324,50,8
325,50,197
326,50,381
327,50,658
328,50,132
329,50,925
330,50,110
331,50,285
332,50,894
333,50,689
334,50,792
335,50,369
336,50,228
337,50,236
338,50,69
339,50,701
340,50,947
341,50,699
342,50,464
343,50,39
344,50,54
345,50,1005
346,50,889
347,50,30
348,50,737
349,50,976
350,50,570
351,50,51
352,50,912
353,50,325
354,50,442
355,50,707
356,50,991
357,50,799
358,50,552
359,50,499
360,50,453
361,50,460
362,50,1012
363,50,147
364,50,1018
365,50,893
366,50,864
367,50,85
368,50,681
369,50,164
370,50,162
371,50,922
372,50,106
373,50,451
374,50,45
375,50,826
376,50,751
377,50,544
378,50,849
379,50,834
380,50,559
381,50,355
382,50,673
383,50,664
384,50,682
385,50,305
386,50,568
387,50,828
388,50,892
389,50,776
390,50,343
391,50,895
392,50,888
393,50,875
394,50,862
395,50,286
396,50,43
397,50,523
398,50,349
399,50,245
0,51,301
1,51,150
2,51,29
3,51,683
4,51,443
5,51,954
6,51,1006
7,51,669
8,51,311
9,51,463
10,51,557
11,51,105
12,51,187
13,51,786
14,51,698
15,51,618
16,51,784
17,51,1008
18,51,520
19,51,185
20,51,710
21,51,0
22,51,554
23,51,230
24,51,713
25,51,246
26,51,155
27,51,287
28,51,901
29,51,142
30,51,304
31,51,492
32,51,1013
33,51,48
34,51,643
35,51,149
36,51,440
37,51,380
38,51,906
39,51,717
40,51,997
41,51,603
42,51,665
43,51,107
44,51,67
45,51,867
46,51,911
47,51,6
48,51,540
49,51,767
50,51,524
51,51,915
52,51,783
53,51,487
54,51,933
55,51,1002
56,51,537
57,51,266
58,51,474
59,51,362
60,51,839
61,51,476
62,51,919
63,51,847
64,51,775
65,51,521
66,51,584
67,51,877
68,51,432
69,51,749
70,51,650
71,51,363
72,51,649
73,51,1010
74,51,215
75,51,506
76,51,616
77,51,297
78,51,484
79,51,779
80,51,890
81,51,755
82,51,356
83,51,99
84,51,283
85,51,538
86,51,1016
87,51,186
88,51,966
89,51,686
90,51,973
91,51,170
92,51,814
93,51,220
94,51,858
95,51,887
96,51,252
97,51,883
98,51,435
99,51,617
100,51,924
101,51,770
102,51,560
103,51,652
104,51,539
105,51,614
106,51,137
107,51,267
108,51,239
109,51,654
110,51,81
111,51,449
112,51,92
113,51,790
114,51,434
115,51,450
116,51,94
117,51,44
118,51,101
119,51,606
120,51,868
121,51,431
122,51,730
123,51,748
124,51,176
125,51,334
126,51,102
127,51,516
128,51,375
129,51,264
130,51,812
131,51,985
132,51,16
133,51,551
134,51,619
135,51,47
136,51,227
137,51,978
138,51,482
139,51,243
140,51,250
141,51,724
142,51,607
143,51,114
144,51,173
145,51,723
146,51,852
147,51,242
148,51,190
149,51,96
150,51,955
151,51,550
152,51,534
153,51,319
154,51,75
155,51,695
156,51,11
157,51,952
158,51,635
159,51,785
160,51,104
161,51,504
162,51,120
163,51,98
164,51,433
165,51,35
166,51,277
167,51,838
168,51,961
169,51,531
170,51,462
171,51,473
172,51,298
173,51,165
174,51,865
175,51,854
176,51,115
177,51,663
178,51,878
179,51,326
180,51,1003
181,51,921
182,51,809
183,51,891
184,51,261
185,51,597
186,51,843
187,51,20
188,51,256
189,51,743
190,51,437
191,51,525
192,51,237
193,51,970
194,51,580
195,51,938
196,51,490
197,51,957
198,51,313
199,51,309
200,51,410
201,51,981
202,51,980
203,51,962
204,51,80
205,51,414
206,51,709
207,51,201
208,51,571
209,51,914
210,51,218
211,51,667
212,51,960
213,51,135
214,51,179
215,51,161
216,51,916
217,51,772
218,51,566
219,51,929
220,51,953
221,51,77
222,51,156
223,51,753
224,51,787
225,51,610
226,51,972
227,51,1020
228,51,171
229,51,908
230,51,251
231,51,30
232,51,36
233,51,184
234,51,857
235,51,219
236,51,61
237,51,157
238,51,996
239,51,421
240,51,205
241,51,494
242,51,58
243,51,794
244,51,532
245,51,984
246,51,777
247,51,393
248,51,112
249,51,318
250,51,373
251,51,982
252,51,700
253,51,88
254,51,148
255,51,160
256,51,345
257,51,944
258,51,5
259,51,965
260,51,34
261,51,646
262,51,763
263,51,509
264,51,859
265,51,429
266,51,127
267,51,235
268,51,9
269,51,627
270,51,390
271,51,555
272,51,350
273,51,223
274,51,549
275,51,214
276,51,226
277,51,545
278,51,503
279,51,797
280,51,951
281,51,294
282,51,216
283,51,869
284,51,193
285,51,204
286,51,930
287,51,697
288,51,842
289,51,515
290,51,213
291,51,202
292,51,656
293,51,140
294,51,541
295,51,630
296,51,392
297,51,535
298,51,241
299,51,60
300,51,454
301,51,519
302,51,41
303,51,662
304,51,511
305,51,12
306,51,821
307,51,386
308,51,379
309,51,420
310,51,725
311,51,527
312,51,315
313,51,333
314,51,837
315,51,813
316,51,119
317,51,424
318,51,668
319,51,728
320,51,959
321,51,632
322,51,992
323,51,496
324,51,8
325,51,197
326,51,381
327,51,658
328,51,132
329,51,925
330,51,110
331,51,285
332,51,894
333,51,689
334,51,792
335,51,369
336,51,228
337,51,236
338,51,70
339,51,701
340,51,947
341,51,699
342,51,464
343,51,39
344,51,54
345,51,1005
346,51,888
347,51,62
348,51,737
349,51,976
350,51,570
351,51,51
352,51,912
353,51,325
354,51,442
355,51,707
356,51,991
357,51,799
358,51,552
359,51,499
360,51,453
361,51,460
362,51,1012
363,51,147
364,51,1018
365,51,893
366,51,864
367,51,85
368,51,681
369,51,164
370,51,162
371,51,922
372,51,106
373,51,451
374,51,45
375,51,826
376,51,751
377,51,544
378,51,849
379,51,834
380,51,559
381,51,355
382,51,673
383,51,664
384,51,682
385,51,305
386,51,568
387,51,828
388,51,892
389,51,776
390,51,343
391,51,895
392,51,920
393,51,875
394,51,862
395,51,286
396,51,43
397,51,523
398,51,349
399,51,245
0,52,301
1,52,150
2,52,28
3,52,683
4,52,443
5,52,954
6,52,1006
7,52,669
8,52,311
9,52,463
10,52,557
11,52,105
12,52,187
13,52,786
14,52,698
15,52,618
16,52,784
17,52,1008
18,52,520
19,52,185
20,52,710
21,52,0
22,52,554
23,52,230
24,52,713
25,52,246
26,52,155
27,52,287
28,52,901
29,52,142
30,52,304
31,52,492
32,52,1013
33,52,48
34,52,643
35,52,149
36,52,440
37,52,380
38,52,906
39,52,717
40,52,997
41,52,603
42,52,665
43,52,107
44,52,67
45,52,867
46,52,911
47,52,6
48,52,540
49,52,767
50,52,524
51,52,915
52,52,783
53,52,487
54,52,933
55,52,1002
56,52,537
57,52,266
58,52,474
59,52,362
60,52,839
61,52,476
62,52,919
63,52,847
64,52,775
65,52,521
66,52,584
67,52,877
68,52,432
69,52,749
70,52,650
71,52,363
72,52,649
73,52,1010
74,52,215
75,52,506
76,52,616
77,52,297
78,52,484
79,52,779
80,52,891
81,52,755
82,52,356
83,52,99
84,52,283
85,52,538
86,52,1017
87,52,186
88,52,966
89,52,686
90,52,973
91,52,170
92,52,814
93,52,220
94,52,890
95,52,887
96,52,252
97,52,883
98,52,435
99,52,617
100,52,924
101,52,770
102,52,560
103,52,652
104,52,539
105,52,614
106,52,137
107,52,267
108,52,239
109,52,654
110,52,81
111,52,449
112,52,124
113,52,790
114,52,434
115,52,450
116,52,62
117,52,44
118,52,101
119,52,606
120,52,868
121,52,431
122,52,730
123,52,748
124,52,176
125,52,334
126,52,102
127,52,516
128,52,375
129,52,264
130,52,812
131,52,985
132,52,16
133,52,583
134,52,619
135,52,47
136,52,226
137,52,978
138,52,482
139,52,243
140,52,250
141,52,724
142,52,607
143,52,114
144,52,173
145,52,723
146,52,852
147,52,242
148,52,190
149,52,96
150,52,955
151,52,550
152,52,534
153,52,319
154,52,75
155,52,695
156,52,11
157,52,952
158,52,635
159,52,785
160,52,104
161,52,504
162,52,120
163,52,98
164,52,433
165,52,35
166,52,277
167,52,838
168,52,961
169,52,531
170,52,462
171,52,473
172,52,298
173,52,165
174,52,865
175,52,854
176,52,115
177,52,663
178,52,878
179,52,326
180,52,1003
181,52,921
182,52,809
183,52,923
184,52,261
185,52,597
186,52,843
187,52,20
188,52,256
189,52,743
190,52,437
191,52,525
192,52,237
193,52,970
194,52,580
195,52,938
196,52,490
197,52,957
198,52,313
199,52,309
200,52,410
201,52,981
202,52,980
203,52,962
204,52,80
205,52,414
206,52,709
207,52,201
208,52,571
209,52,914
210,52,218
211,52,667
212,52,960
213,52,135
214,52,179
215,52,161
216,52,916
217,52,772
218,52,566
219,52,929
220,52,953
221,52,77
222,52,156
223,52,753
224,52,787
225,52,610
226,52,972
227,52,1020
228,52,171
229,52,908
230,52,251
231,52,29
232,52,36
233,52,184
234,52,857
235,52,219
236,52,61
237,52,157
238,52,996
239,52,421
240,52,205
241,52,494
242,52,58
243,52,794
244,52,532
245,52,1016
246,52,777
247,52,393
248,52,112
249,52,318
250,52,373
251,52,982
252,52,700
253,52,88
254,52,148
255,52,160
256,52,345
257,52,944
258,52,5
259,52,965
260,52,34
261,52,646
262,52,763
263,52,509
264,52,827
265,52,429
266,52,127
267,52,235
268,52,9
269,52,627
270,52,390
271,52,555
272,52,350
273,52,223
274,52,549
275,52,214
276,52,194
277,52,545
278,52,503
279,52,797
280,52,951
281,52,294
282,52,216
283,52,869
284,52,193
285,52,204
286,52,930
287,52,697
288,52,842
289,52,515
290,52,213
291,52,202
292,52,656
293,52,140
294,52,541
295,52,630
296,52,392
297,52,535
298,52,241
299,52,92
300,52,454
301,52,551
302,52,41
303,52,662
304,52,511
305,52,12
306,52,821
307,52,386
308,52,379
309,52,420
310,52,725
311,52,527
312,52,315
313,52,333
314,52,837
315,52,813
316,52,119
317,52,424
318,52,668
319,52,728
320,52,959
321,52,632
322,52,992
323,52,496
324,52,8
325,52,197
326,52,381
327,52,658
328,52,132
329,52,925
330,52,110
331,52,285
332,52,894
333,52,689
334,52,792
335,52,369
336,52,228
337,52,236
338,52,70
339,52,701
340,52,947
341,52,699
342,52,464
343,52,39
344,52,54
345,52,1005
346,52,856
347,52,30
348,52,737
349,52,976
350,52,570
351,52,51
352,52,912
353,52,325
354,52,442
355,52,707
356,52,991
357,52,799
358,52,552
359,52,499
360,52,453
361,52,460
362,52,1012
363,52,147
364,52,1018
365,52,893
366,52,864
367,52,85
368,52,681
369,52,164
370,52,162
371,52,922
372,52,106
373,52,451
374,52,45
375,52,826
376,52,751
377,52,544
378,52,849
379,52,834
380,52,559
381,52,355
382,52,673
383,52,664
384,52,682
385,52,305
386,52,568
387,52,828
388,52,892
389,52,776
390,52,343
391,52,895
392,52,920
393,52,875
394,52,862
395,52,286
396,52,43
397,52,523
398,52,349
399,52,245
0,53,301
1,53,150
2,53,60
3,53,683
4,53,443
5,53,954
6,53,1006
7,53,669
8,53,311
9,53,463
10,53,557
11,53,105
12,53,187
13,53,786
14,53,698
15,53,618
16,53,784
17,53,1008
18,53,520
19,53,185
20,53,710
21,53,0
22,53,554
23,53,230
24,53,713
25,53,246
26,53,155
27,53,287
28,53,901
29,53,142
30,53,304
31,53,492
32,53,1013
33,53,48
34,53,643
35,53,149
36,53,440
37,53,380
38,53,906
39,53,717
40,53,997
41,53,603
42,53,665
43,53,107
44,53,67
45,53,867
46,53,911
47,53,6
48,53,540
49,53,767
50,53,524
51,53,915
52,53,783
53,53,487
54,53,933
55,53,1002
56,53,537
57,53,266
58,53,474
59,53,362
60,53,839
61,53,476
62,53,919
63,53,847
64,53,775
65,53,521
66,53,584
67,53,877
68,53,432
69,53,749
70,53,650
71,53,363
72,53,649
73,53,1010
74,53,215
75,53,506
76,53,616
77,53,297
78,53,484
79,53,779
80,53,891
81,53,755
82,53,356
83,53,99
84,53,283
85,53,538
86,53,985
87,53,186
88,53,966
89,53,686
90,53,973
91,53,170
92,53,814
93,53,220
94,53,890
95,53,887
96,53,252
97,53,883
98,53,435
99,53,617
100,53,924
101,53,770
102,53,560
103,53,652
104,53,539
105,53,614
106,53,137
107,53,267
108,53,239
109,53,654
110,53,81
111,53,449
112,53,92
113,53,790
114,53,434
115,53,450
116,53,62
117,53,44
118,53,101
119,53,606
120,53,868
121,53,431
122,53,730
123,53,748
124,53,176
125,53,334
126,53,102
127,53,516
128,53,375
129,53,264
130,53,812
131,53,986
132,53,16
133,53,615
134,53,619
135,53,47
136,53,225
137,53,978
138,53,482
139,53,243
140,53,250
141,53,724
142,53,607
143,53,114
144,53,173
145,53,723
146,53,852
147,53,242
148,53,190
149,53,96
150,53,956
151,53,550
152,53,534
153,53,319
154,53,75
155,53,695
156,53,11
157,53,952
158,53,635
159,53,785
160,53,104
161,53,504
162,53,120
163,53,98
164,53,433
165,53,35
166,53,277
167,53,838
168,53,961
169,53,531
170,53,462
171,53,473
172,53,298
173,53,165
174,53,865
175,53,854
176,53,115
177,53,663
178,53,878
179,53,326
180,53,1003
181,53,921
182,53,809
183,53,955
184,53,261
185,53,597
186,53,843
187,53,20
188,53,256
189,53,743
190,53,437
191,53,525
192,53,237
193,53,970
194,53,580
195,53,938
196,53,490
197,53,957
198,53,313
199,53,309
200,53,410
201,53,981
202,53,980
203,53,962
204,53,80
205,53,414
206,53,709
207,53,201
208,53,571
209,53,914
210,53,218
211,53,667
212,53,960
213,53,135
214,53,179
215,53,161
216,53,916
217,53,772
218,53,566
219,53,929
220,53,953
221,53,77
222,53,156
223,53,753
224,53,787
225,53,610
226,53,972
227,53,1020
228,53,171
229,53,908
230,53,251
231,53,28
232,53,36
233,53,184
234,53,857
235,53,219
236,53,29
237,53,157
238,53,996
239,53,421
240,53,205
241,53,494
242,53,58
243,53,794
244,53,532
245,53,1017
246,53,777
247,53,393
248,53,112
249,53,318
250,53,373
251,53,982
252,53,700
253,53,88
254,53,148
255,53,160
256,53,345
257,53,944
258,53,5
259,53,965
260,53,34
261,53,646
262,53,763
263,53,509
264,53,827
265,53,429
266,53,127
267,53,235
268,53,9
269,53,627
270,53,390
271,53,555
272,53,350
273,53,223
274,53,549
275,53,214
276,53,226
277,53,545
278,53,503
279,53,797
280,53,951
281,53,294
282,53,216
283,53,869
284,53,193
285,53,204
286,53,930
287,53,697
288,53,842
289,53,515
290,53,213
291,53,202
292,53,656
293,53,140
294,53,541
295,53,630
296,53,392
297,53,535
298,53,241
299,53,93
300,53,454
301,53,583
302,53,41
303,53,662
304,53,511
305,53,12
306,53,821
307,53,386
308,53,379
309,53,420
310,53,725
311,53,527
312,53,315
313,53,333
314,53,837
315,53,813
316,53,119
317,53,424
318,53,668
319,53,728
320,53,959
321,53,632
322,53,992
323,53,496
324,53,8
325,53,197
326,53,381
327,53,658
328,53,132
329,53,925
330,53,110
331,53,285
332,53,894
333,53,689
334,53,792
335,53,369
336,53,228
337,53,236
338,53,70
339,53,701
340,53,947
341,53,699
342,53,464
343,53,39
344,53,54
345,53,1005
346,53,856
347,53,31
348,53,737
349,53,976
350,53,570
351,53,51
352,53,912
353,53,325
354,53,442
355,53,707
356,53,991
357,53,799
358,53,552
359,53,499
360,53,453
361,53,460
362,53,1012
363,53,147
364,53,1018
365,53,893
366,53,864
367,53,85
368,53,681
369,53,164
370,53,162
371,53,922
372,53,106
373,53,451
374,53,45
375,53,826
376,53,751
377,53,544
378,53,849
379,53,834
380,53,559
381,53,355
382,53,673
383,53,664
384,53,682
385,53,305
386,53,568
387,53,828
388,53,892
389,53,776
390,53,343
391,53,895
392,53,920
393,53,875
394,53,862
395,53,286
396,53,43
397,53,523
398,53,349
399,53,245
0,54,301
1,54,150
2,54,28
3,54,683
4,54,443
5,54,954
6,54,1006
7,54,669
8,54,311
9,54,463
10,54,557
11,54,105
12,54,187
13,54,786
14,54,698
15,54,618
16,54,784
17,54,1008
18,54,520
19,54,185
20,54,710
21,54,0
22,54,554
23,54,230
24,54,713
25,54,246
26,54,155
27,54,287
28,54,901
29,54,142
30,54,304
31,54,492
32,54,1013
33,54,48
34,54,643
35,54,149
36,54,440
37,54,380
38,54,906
39,54,717
40,54,997
41,54,603
42,54,665
43,54,107
44,54,67
45,54,867
46,54,911
47,54,6
48,54,540
49,54,767
50,54,524
51,54,915
52,54,783
53,54,487
54,54,933
55,54,1002
56,54,537
57,54,266
58,54,474
59,54,362
60,54,839
61,54,476
62,54,919
63,54,847
64,54,775
65,54,521
66,54,584
67,54,877
68,54,432
69,54,749
70,54,650
71,54,363
72,54,649
73,54,1010
74,54,215
75,54,506
76,54,616
77,54,297
78,54,484
79,54,779
80,54,891
81,54,755
82,54,356
83,54,99
84,54,283
85,54,538
86,54,984
87,54,186
88,54,966
89,54,686
90,54,973
91,54,170
92,54,814
93,54,220
94,54,890
95,54,887
96,54,252
97,54,883
98,54,435
99,54,617
100,54,924
101,54,770
102,54,560
103,54,652
104,54,539
105,54,614
106,54,137
107,54,267
108,54,239
109,54,654
110,54,81
111,54,449
112,54,60
113,54,790
114,54,434
115,54,450
116,54,62
117,54,44
118,54,101
119,54,606
120,54,868
121,54,431
122,54,730
123,54,748
124,54,176
125,54,334
126,54,102
127,54,516
128,54,375
129,54,264
130,54,812
131,54,985
132,54,16
133,54,647
134,54,619
135,54,47
136,54,224
137,54,978
138,54,482
139,54,243
140,54,250
141,54,724
142,54,607
143,54,114
144,54,173
145,54,723
146,54,852
147,54,242
148,54,190
149,54,96
150,54,988
151,54,550
152,54,534
153,54,319
154,54,75
155,54,695
156,54,11
157,54,952
158,54,635
159,54,785
160,54,104
161,54,504
162,54,120
163,54,98
164,54,433
165,54,35
166,54,277
167,54,838
168,54,961
169,54,531
170,54,462
171,54,473
172,54,298
173,54,165
174,54,865
175,54,854
176,54,115
177,54,663
178,54,878
179,54,326
180,54,1003
181,54,921
182,54,809
183,54,956
184,54,261
185,54,597
186,54,843
187,54,20
188,54,256
189,54,743
190,54,437
191,54,525
192,54,237
193,54,970
194,54,580
195,54,938
196,54,490
197,54,957
198,54,313
199,54,309
200,54,410
201,54,981
202,54,980
203,54,962
204,54,80
205,54,414
206,54,709
207,54,201
208,54,571
209,54,914
210,54,218
211,54,667
212,54,960
213,54,135
214,54,179
215,54,161
216,54,916
217,54,772
218,54,566
219,54,929
220,54,953
221,54,77
222,54,156
223,54,753
224,54,787
225,54,610
226,54,972
227,54,1020
228,54,171
229,54,908
230,54,251
231,54,27
232,54,36
233,54,184
234,54,857
235,54,219
236,54,29
237,54,157
238,54,996
239,54,421
240,54,205
241,54,494
242,54,58
243,54,794
244,54,532
245,54,1018
246,54,777
247,54,393
248,54,112
249,54,318
250,54,373
251,54,982
252,54,700
253,54,88
254,54,148
255,54,160
256,54,345
257,54,944
258,54,5
259,54,965
260,54,34
261,54,646
262,54,763
263,54,509
264,54,827
265,54,429
266,54,127
267,54,235
268,54,9
269,54,627
270,54,390
271,54,555
272,54,350
273,54,223
274,54,549
275,54,214
276,54,226
277,54,545
278,54,503
279,54,797
280,54,951
281,54,294
282,54,216
283,54,869
284,54,193
285,54,204
286,54,930
287,54,697
288,54,842
289,54,515
290,54,213
291,54,202
292,54,656
293,54,140
294,54,541
295,54,630
296,54,392
297,54,535
298,54,241
299,54,93
300,54,454
301,54,615
302,54,41
303,54,662
304,54,511
305,54,12
306,54,821
307,54,386
308,54,379
309,54,420
310,54,725
311,54,527
312,54,315
313,54,333
314,54,837
315,54,813
316,54,119
317,54,424
318,54,668
319,54,728
320,54,959
321,54,632
322,54,992
323,54,496
324,54,8
325,54,197
326,54,381
327,54,658
328,54,132
329,54,925
330,54,110
331,54,285
332,54,894
333,54,689
334,54,792
335,54,369
336,54,228
337,54,236
338,54,70
339,54,701
340,54,947
341,54,699
342,54,464
343,54,39
344,54,54
345,54,1005
346,54,856
347,54,31
348,54,737
349,54,976
350,54,570
351,54,51
352,54,912
353,54,325
354,54,442
355,54,707
356,54,991
357,54,799
358,54,552
359,54,499
360,54,453
361,54,460
362,54,1012
363,54,147
364,54,986
365,54,893
366,54,864
367,54,85
368,54,681
369,54,164
370,54,162
371,54,922
372,54,106
373,54,451
374,54,45
375,54,826
376,54,751
377,54,544
378,54,849
379,54,834
380,54,559
381,54,355
382,54,673
383,54,664
384,54,682
385,54,305
386,54,568
387,54,828
388,54,892
389,54,776
390,54,343
391,54,895
392,54,920
393,54,875
394,54,862
395,54,286
396,54,43
397,54,523
398,54,349
399,54,245
0,55,301
1,55,150
2,55,29
3,55,683
4,55,443
5,55,954
6,55,1006
7,55,669
8,55,311
9,55,463
10,55,557
11,55,105
12,55,187
13,55,786
14,55,698
15,55,618
16,55,784
17,55,1008
18,55,520
19,55,185
20,55,710
21,55,0
22,55,554
23,55,230
24,55,713
25,55,246
26,55,155
27,55,287
28,55,901
29,55,142
30,55,304
31,55,492
32,55,1013
33,55,48
34,55,643
35,55,149
36,55,440
37,55,380
38,55,906
39,55,717
40,55,997
41,55,603
42,55,665
43,55,107
44,55,67
45,55,867
46,55,911
47,55,6
48,55,540
49,55,767
50,55,524
51,55,915
52,55,783
53,55,487
54,55,933
55,55,1002
56,55,537
57,55,266
58,55,474
59,55,362
60,55,839
61,55,476
62,55,919
63,55,847
64,55,775
65,55,521
66,55,584
67,55,877
68,55,432
69,55,749
70,55,650
71,55,363
72,55,649
73,55,1010
74,55,215
75,55,506
76,55,616
77,55,297
78,55,484
79,55,779
80,55,891
81,55,755
82,55,356
83,55,99
84,55,283
85,55,538
86,55,983
87,55,186
88,55,966
89,55,686
90,55,973
91,55,170
92,55,814
93,55,220
94,55,890
95,55,887
96,55,252
97,55,883
98,55,435
99,55,617
100,55,924
101,55,770
102,55,560
103,55,652
104,55,539
105,55,614
106,55,137
107,55,267
108,55,239
109,55,654
110,55,81
111,55,449
112,55,60
113,55,790
114,55,434
115,55,450
116,55,62
117,55,44
118,55,101
119,55,606
120,55,868
121,55,431
122,55,730
123,55,748
124,55,176
125,55,334
126,55,102
127,55,516
128,55,375
129,55,264
130,55,812
131,55,985
132,55,16
133,55,648
134,55,619
135,55,47
136,55,224
137,55,978
138,55,482
139,55,243
140,55,250
141,55,724
142,55,607
143,55,114
144,55,173
145,55,723
146,55,852
147,55,242
148,55,190
149,55,96
150,55,987
151,55,550
152,55,534
153,55,319
154,55,75
155,55,695
156,55,11
157,55,952
158,55,635
159,55,785
160,55,104
161,55,504
162,55,120
163,55,98
164,55,433
165,55,35
166,55,277
167,55,838
168,55,961
169,55,531
170,55,462
171,55,473
172,55,298
173,55,165
174,55,865
175,55,854
176,55,115
177,55,663
178,55,878
179,55,326
180,55,1003
181,55,921
182,55,809
183,55,988
184,55,261
185,55,597
186,55,843
187,55,20
188,55,256
189,55,743
190,55,437
191,55,525
192,55,237
193,55,970
194,55,580
195,55,938
196,55,490
197,55,957
198,55,313
199,55,309
200,55,410
201,55,981
202,55,980
203,55,962
204,55,80
205,55,414
206,55,709
207,55,201
208,55,571
209,55,914
210,55,218
211,55,667
212,55,960
213,55,135
214,55,179
215,55,161
216,55,916
217,55,772
218,55,566
219,55,929
220,55,953
221,55,77
222,55,156
223,55,753
224,55,787
225,55,610
226,55,972
227,55,1020
228,55,171
229,55,908
230,55,251
231,55,27
232,55,36
233,55,184
234,55,857
235,55,219
236,55,30
237,55,157
238,55,996
239,55,421
240,55,205
241,55,494
242,55,58
243,55,794
244,55,532
245,55,1019
246,55,777
247,55,393
248,55,112
249,55,318
250,55,373
251,55,982
252,55,700
253,55,88
254,55,148
255,55,160
256,55,345
257,55,944
258,55,5
259,55,965
260,55,34
261,55,646
262,55,763
263,55,509
264,55,827
265,55,429
266,55,127
267,55,235
268,55,9
269,55,627
270,55,390
271,55,555
272,55,350
273,55,223
274,55,549
275,55,214
276,55,226
277,55,545
278,55,503
279,55,797
280,55,951
281,55,294
282,55,216
283,55,869
284,55,193
285,55,204
286,55,930
287,55,697
288,55,842
289,55,515
290,55,213
291,55,202
292,55,656
293,55,140
294,55,541
295,55,630
296,55,392
297,55,535
298,55,241
299,55,93
300,55,454
301,55,647
302,55,41
303,55,662
304,55,511
305,55,12
306,55,821
307,55,386
308,55,379
309,55,420
310,55,725
311,55,527
312,55,315
313,55,333
314,55,837
315,55,813
316,55,119
317,55,424
318,55,668
319,55,728
320,55,959
321,55,632
322,55,992
323,55,496
324,55,8
325,55,197
326,55,381
327,55,658
328,55,132
329,55,925
330,55,110
331,55,285
332,55,894
333,55,689
334,55,792
335,55,369
336,55,228
337,55,236
338,55,70
339,55,701
340,55,947
341,55,699
342,55,464
343,55,39
344,55,54
345,55,1005
346,55,856
347,55,31
348,55,737
349,55,976
350,55,570
351,55,51
352,55,912
353,55,325
354,55,442
355,55,707
356,55,991
357,55,799
358,55,552
359,55,499
360,55,453
361,55,460
362,55,1012
363,55,147
364,55,1018
365,55,893
366,55,864
367,55,85
368,55,681
369,55,164
370,55,162
371,55,922
372,55,106
373,55,451
374,55,45
375,55,826
376,55,751
377,55,544
378,55,849
379,55,834
380,55,559
381,55,355
382,55,673
383,55,664
384,55,682
385,55,305
386,55,568
387,55,828
388,55,892
389,55,776
390,55,343
391,55,895
392,55,920
393,55,875
394,55,862
395,55,286
396,55,43
397,55,523
398,55,349
399,55,245
0,56,301
1,56,150
2,56,61
3,56,683
4,56,443
5,56,954
6,56,1006
7,56,669
8,56,311
9,56,463
10,56,557
11,56,105
12,56,187
13,56,786
14,56,698
15,56,618
16,56,784
17,56,1008
18,56,520
19,56,185
20,56,710
21,56,0
22,56,554
23,56,230
24,56,713
25,56,246
26,56,155
27,56,287
28,56,901
29,56,142
30,56,304
31,56,492
32,56,1013
33,56,48
34,56,643
35,56,149
36,56,440
37,56,380
38,56,906
39,56,717
40,56,997
41,56,603
42,56,665
43,56,107
44,56,67
45,56,867
46,56,911
47,56,6
48,56,540
49,56,767
50,56,524
51,56,915
52,56,783
53,56,487
54,56,933
55,56,1002
56,56,537
57,56,266
58,56,474
59,56,362
60,56,839
61,56,476
62,56,919
63,56,847
64,56,775
65,56,521
66,56,584
67,56,877
68,56,432
69,56,749
70,56,650
71,56,363
72,56,649
73,56,1010
74,56,215
75,56,506
76,56,616
77,56,297
78,56,484
79,56,779
80,56,891
81,56,755
82,56,356
83,56,99
84,56,283
85,56,538
86,56,983
87,56,186
88,56,966
89,56,686
90,56,973
91,56,170
92,56,814
93,56,220
94,56,890
95,56,887
96,56,252
97,56,883
98,56,435
99,56,617
100,56,924
101,56,770
102,56,560
103,56,652
104,56,539
105,56,614
106,56,137
107,56,267
108,56,239
109,56,654
110,56,81
111,56,449
112,56,60
113,56,790
114,56,434
115,56,450
116,56,62
117,56,44
118,56,101
119,56,606
120,56,868
121,56,431
122,56,730
123,56,748
124,56,176
125,56,334
126,56,102
127,56,516
128,56,375
129,56,264
130,56,812
131,56,985
132,56,16
133,56,647
134,56,619
135,56,47
136,56,224
137,56,978
138,56,482
139,56,243
140,56,250
141,56,724
142,56,607
143,56,114
144,56,173
145,56,723
146,56,852
147,56,242
148,56,190
149,56,96
150,56,955
151,56,550
152,56,534
153,56,319
154,56,75
155,56,695
156,56,11
157,56,952
158,56,635
159,56,785
160,56,104
161,56,504
162,56,120
163,56,98
164,56,433
165,56,35
166,56,277
167,56,838
168,56,961
169,56,531
170,56,462
171,56,473
172,56,298
173,56,165
174,56,865
175,56,854
176,56,115
177,56,663
178,56,878
179,56,326
180,56,1003
181,56,921
182,56,809
183,56,988
184,56,261
185,56,597
186,56,843
187,56,20
188,56,256
189,56,743
190,56,437
191,56,525
192,56,237
193,56,970
194,56,580
195,56,938
196,56,490
197,56,957
198,56,313
199,56,309
200,56,410
201,56,981
202,56,980
203,56,962
204,56,80
205,56,414
206,56,709
207,56,201
208,56,571
209,56,914
210,56,218
211,56,667
212,56,960
213,56,135
214,56,179
215,56,161
216,56,916
217,56,772
218,56,566
219,56,929
220,56,953
221,56,77
222,56,156
223,56,753
224,56,787
225,56,610
226,56,972
227,56,1021
228,56,171
229,56,908
230,56,251
231,56,27
232,56,36
233,56,184
234,56,857
235,56,219
236,56,29
237,56,157
238,56,996
239,56,421
240,56,205
241,56,494
242,56,58
243,56,794
244,56,532
245,56,1020
246,56,777
247,56,393
248,56,112
249,56,318
250,56,373
251,56,982
252,56,700
253,56,88
254,56,148
255,56,160
256,56,345
257,56,944
258,56,5
259,56,965
260,56,34
261,56,646
262,56,763
263,56,509
264,56,827
265,56,429
266,56,127
267,56,235
268,56,9
269,56,627
270,56,390
271,56,555
272,56,350
273,56,223
274,56,549
275,56,214
276,56,226
277,56,545
278,56,503
279,56,797
280,56,951
281,56,294
282,56,216
283,56,869
284,56,193
285,56,204
286,56,930
287,56,697
288,56,842
289,56,515
290,56,213
291,56,202
292,56,656
293,56,140
294,56,541
295,56,630
296,56,392
297,56,535
298,56,241
299,56,93
300,56,454
301,56,679
302,56,41
303,56,662
304,56,511
305,56,12
306,56,821
307,56,386
308,56,379
309,56,420
310,56,725
311,56,527
312,56,315
313,56,333
314,56,837
315,56,813
316,56,119
317,56,424
318,56,668
319,56,728
320,56,959
321,56,632
322,56,992
323,56,496
324,56,8
325,56,197
326,56,381
327,56,658
328,56,132
329,56,925
330,56,110
331,56,285
332,56,894
333,56,689
334,56,792
335,56,369
336,56,228
337,56,236
338,56,70
339,56,701
340,56,947
341,56,699
342,56,464
343,56,39
344,56,54
345,56,1005
346,56,856
347,56,31
348,56,737
349,56,976
350,56,570
351,56,51
352,56,912
353,56,325
354,56,442
355,56,707
356,56,991
357,56,799
358,56,552
359,56,499
360,56,453
361,56,460
362,56,1012
363,56,147
364,56,1018
365,56,893
366,56,864
367,56,85
368,56,681
369,56,164
370,56,162
371,56,922
372,56,106
373,56,451
374,56,45
375,56,826
376,56,751
377,56,544
378,56,849
379,56,834
380,56,559
381,56,355
382,56,673
383,56,664
384,56,682
385,56,305
386,56,568
387,56,828
388,56,892
389,56,776
390,56,343
391,56,895
392,56,920
393,56,875
394,56,862
395,56,286
396,56,43
397,56,523
398,56,349
399,56,245
0,57,301
1,57,150
2,57,62
3,57,683
4,57,443
5,57,954
6,57,1006
7,57,669
8,57,311
9,57,463
10,57,557
11,57,105
12,57,187
13,57,786
14,57,698
15,57,618
16,57,784
17,57,1008
18,57,520
19,57,185
20,57,710
21,57,0
22,57,554
23,57,230
24,57,713
25,57,246
26,57,155
27,57,287
28,57,901
29,57,142
30,57,304
31,57,492
32,57,1013
33,57,48
34,57,643
35,57,149
36,57,440
37,57,380
38,57,906
39,57,717
40,57,997
41,57,603
42,57,665
43,57,107
44,57,67
45,57,867
46,57,911
47,57,6
48,57,540
49,57,767
50,57,524
51,57,915
52,57,783
53,57,487
54,57,933
55,57,1002
56,57,537
57,57,266
58,57,474
59,57,362
60,57,839
61,57,476
62,57,919
63,57,847
64,57,775
65,57,521
66,57,584
67,57,877
68,57,432
69,57,749
70,57,650
71,57,363
72,57,649
73,57,1010
74,57,215
75,57,506
76,57,616
77,57,297
78,57,484
79,57,779
80,57,891
81,57,755
82,57,356
83,57,99
84,57,283
85,57,538
86,57,983
87,57,186
88,57,966
89,57,686
90,57,973
91,57,170
92,57,814
93,57,220
94,57,890
95,57,887
96,57,252
97,57,883
98,57,435
99,57,617
100,57,924
101,57,770
102,57,560
103,57,652
104,57,539
105,57,614
106,57,137
107,57,267
108,57,239
109,57,654
110,57,81
111,57,449
112,57,60
113,57,790
114,57,434
115,57,450
116,57,94
117,57,44
118,57,101
119,57,606
120,57,868
121,57,431
122,57,730
123,57,748
124,57,176
125,57,334
126,57,102
127,57,516
128,57,375
129,57,264
130,57,812
131,57,985
132,57,16
133,57,646
134,57,619
135,57,47
136,57,224
137,57,978
138,57,482
139,57,243
140,57,250
141,57,724
142,57,607
143,57,114
144,57,173
145,57,723
146,57,852
147,57,242
148,57,190
149,57,96
150,57,955
151,57,550
152,57,534
153,57,319
154,57,75
155,57,695
156,57,11
157,57,952
158,57,635
159,57,785
160,57,104
161,57,504
162,57,120
163,57,98
164,57,433
165,57,35
166,57,277
167,57,838
168,57,961
169,57,531
170,57,462
171,57,473
172,57,298
173,57,165
174,57,865
175,57,854
176,57,115
177,57,663
178,57,878
179,57,326
180,57,1003
181,57,921
182,57,809
183,57,988
184,57,261
185,57,597
186,57,843
187,57,20
188,57,256
189,57,743
190,57,437
191,57,525
192,57,237
193,57,970
194,57,580
195,57,938
196,57,490
197,57,957
198,57,313
199,57,309
200,57,410
201,57,981
202,57,980
203,57,962
204,57,80
205,57,414
206,57,709
207,57,201
208,57,571
209,57,914
210,57,218
211,57,667
212,57,960
213,57,135
214,57,179
215,57,161
216,57,916
217,57,772
218,57,566
219,57,929
220,57,953
221,57,77
222,57,156
223,57,753
224,57,787
225,57,610
226,57,972
227,57,1022
228,57,171
229,57,908
230,57,251
231,57,27
232,57,36
233,57,184
234,57,857
235,57,219
236,57,29
237,57,157
238,57,996
239,57,421
240,57,205
241,57,494
242,57,58
243,57,794
244,57,532
245,57,1021
246,57,777
247,57,393
248,57,112
249,57,318
250,57,373
251,57,982
252,57,700
253,57,88
254,57,148
255,57,160
256,57,345
257,57,944
258,57,5
259,57,965
260,57,34
261,57,645
262,57,763
263,57,509
264,57,827
265,57,429
266,57,127
267,57,235
268,57,9
269,57,627
270,57,390
271,57,555
272,57,350
273,57,223
274,57,549
275,57,214
276,57,226
277,57,545
278,57,503
279,57,797
280,57,951
281,57,294
282,57,216
283,57,869
284,57,193
285,57,204
286,57,930
287,57,697
288,57,842
289,57,515
290,57,213
291,57,202
292,57,656
293,57,140
294,57,541
295,57,630
296,57,392
297,57,535
298,57,241
299,57,93
300,57,454
301,57,678
302,57,41
303,57,662
304,57,511
305,57,12
306,57,821
307,57,386
308,57,379
309,57,420
310,57,725
311,57,527
312,57,315
313,57,333
314,57,837
315,57,813
316,57,119
317,57,424
318,57,668
319,57,728
320,57,959
321,57,632
322,57,992
323,57,496
324,57,8
325,57,197
326,57,381
327,57,658
328,57,132
329,57,925
330,57,110
331,57,285
332,57,894
333,57,689
334,57,792
335,57,369
336,57,228
337,57,236
338,57,70
339,57,701
340,57,947
341,57,699
342,57,464
343,57,39
344,57,54
345,57,1005
346,57,856
347,57,31
348,57,737
349,57,976
350,57,570
351,57,51
352,57,912
353,57,325
354,57,442
355,57,707
356,57,991
357,57,799
358,57,552
359,57,499
360,57,453
361,57,460
362,57,1012
363,57,147
364,57,1018
365,57,893
366,57,864
367,57,85
368,57,681
369,57,164
370,57,162
371,57,922
372,57,106
373,57,451
374,57,45
375,57,826
376,57,751
377,57,544
378,57,849
379,57,834
380,57,559
381,57,355
382,57,673
383,57,664
384,57,682
385,57,305
386,57,568
387,57,828
388,57,892
389,57,776
390,57,343
391,57,895
392,57,920
393,57,875
394,57,862
395,57,286
396,57,43
397,57,523
398,57,349
399,57,245
0,58,301
1,58,150
2,58,30
3,58,683
4,58,443
5,58,954
6,58,1006
7,58,669
8,58,311
9,58,463
10,58,557
11,58,105
12,58,187
13,58,786
14,58,698
15,58,618
16,58,784
17,58,1008
18,58,520
19,58,185
20,58,710
21,58,0
22,58,554
23,58,230
24,58,713
25,58,246
26,58,155
27,58,287
28,58,901
29,58,142
30,58,304
31,58,492
32,58,1013
33,58,48
34,58,643
35,58,149
36,58,440
37,58,380
38,58,906
39,58,717
40,58,997
41,58,603
42,58,665
43,58,107
44,58,67
45,58,867
46,58,911
47,58,6
48,58,540
49,58,767
50,58,524
51,58,915
52,58,783
53,58,487
54,58,933
55,58,1002
56,58,537
57,58,266
58,58,474
59,58,362
60,58,839
61,58,476
62,58,919
63,58,847
64,58,775
65,58,521
66,58,584
67,58,877
68,58,432
69,58,749
70,58,650
71,58,363
72,58,649
73,58,1010
74,58,215
75,58,506
76,58,616
77,58,297
78,58,484
79,58,779
80,58,891
81,58,755
82,58,356
83,58,99
84,58,283
85,58,538
86,58,983
87,58,186
88,58,966
89,58,686
90,58,973
91,58,170
92,58,814
93,58,220
94,58,890
95,58,887
96,58,252
97,58,883
98,58,435
99,58,617
100,58,924
101,58,770
102,58,560
103,58,652
104,58,539
105,58,614
106,58,137
107,58,267
108,58,239
109,58,654
110,58,81
111,58,449
112,58,60
113,58,790
114,58,434
115,58,450
116,58,62
117,58,44
118,58,101
119,58,606
120,58,868
121,58,431
122,58,730
123,58,748
124,58,176
125,58,334
126,58,102
127,58,516
128,58,375
129,58,264
130,58,812
131,58,985
132,58,16
133,58,645
134,58,619
135,58,47
136,58,224
137,58,978
138,58,482
139,58,243
140,58,250
141,58,724
142,58,607
143,58,114
144,58,173
145,58,723
146,58,852
147,58,242
148,58,190
149,58,96
150,58,955
151,58,550
152,58,534
153,58,319
154,58,75
155,58,695
156,58,11
157,58,952
158,58,635
159,58,785
160,58,104
161,58,504
162,58,120
163,58,98
164,58,433
165,58,35
166,58,277
167,58,838
168,58,961
169,58,531
170,58,462
171,58,473
172,58,298
173,58,165
174,58,865
175,58,854
176,58,115
177,58,663
178,58,878
179,58,326
180,58,1003
181,58,921
182,58,809
183,58,988
184,58,261
185,58,597
186,58,843
187,58,20
188,58,256
189,58,743
190,58,437
191,58,525
192,58,237
193,58,970
194,58,580
195,58,938
196,58,490
197,58,957
198,58,313
199,58,309
200,58,410
201,58,981
202,58,980
203,58,962
204,58,80
205,58,414
206,58,709
207,58,201
208,58,571
209,58,914
210,58,218
211,58,667
212,58,960
213,58,135
214,58,179
215,58,161
216,58,916
217,58,772
218,58,566
219,58,929
220,58,953
221,58,77
222,58,156
223,58,753
224,58,787
225,58,610
226,58,972
227,58,1021
228,58,171
229,58,908
230,58,251
231,58,27
232,58,36
233,58,184
234,58,857
235,58,219
236,58,29
237,58,157
238,58,996
239,58,421
240,58,205
241,58,494
242,58,58
243,58,794
244,58,532
245,58,989
246,58,777
247,58,393
248,58,112
249,58,318
250,58,373
251,58,982
252,58,700
253,58,88
254,58,148
255,58,160
256,58,345
257,58,944
258,58,5
259,58,965
260,58,34
261,58,613
262,58,763
263,58,509
264,58,827
265,58,429
266,58,127
267,58,235
268,58,9
269,58,627
270,58,390
271,58,555
272,58,350
273,58,223
274,58,549
275,58,214
276,58,226
277,58,545
278,58,503
279,58,797
280,58,951
281,58,294
282,58,216
283,58,869
284,58,193
285,58,204
286,58,930
287,58,697
288,58,842
289,58,515
290,58,213
291,58,202
292,58,656
293,58,140
294,58,541
295,58,630
296,58,392
297,58,535
298,58,241
299,58,93
300,58,454
301,58,677
302,58,41
303,58,662
304,58,511
305,58,12
306,58,821
307,58,386
308,58,379
309,58,420
310,58,725
311,58,527
312,58,315
313,58,333
314,58,837
315,58,813
316,58,119
317,58,424
318,58,668
319,58,728
320,58,959
321,58,632
322,58,992
323,58,496
324,58,8
325,58,197
326,58,381
327,58,658
328,58,132
329,58,925
330,58,110
331,58,285
332,58,894
333,58,689
334,58,792
335,58,369
336,58,228
337,58,236
338,58,70
339,58,701
340,58,947
341,58,699
342,58,464
343,58,39
344,58,54
345,58,1005
346,58,856
347,58,31
348,58,737
349,58,976
350,58,570
351,58,51
352,58,912
353,58,325
354,58,442
355,58,707
356,58,991
357,58,799
358,58,552
359,58,499
360,58,453
361,58,460
362,58,1012
363,58,147
364,58,1018
365,58,893
366,58,864
367,58,85
368,58,681
369,58,164
370,58,162
371,58,922
372,58,106
373,58,451
374,58,45
375,58,826
376,58,751
377,58,544
378,58,849
379,58,834
380,58,559
381,58,355
382,58,673
383,58,664
384,58,682
385,58,305
386,58,568
387,58,828
388,58,892
389,58,776
390,58,343
391,58,895
392,58,920
393,58,875
394,58,862
395,58,286
396,58,43
397,58,523
398,58,349
399,58,245
0,59,301
1,59,150
2,59,30
3,59,683
4,59,443
5,59,954
6,59,1006
7,59,669
8,59,311
9,59,463
10,59,557
11,59,105
12,59,187
13,59,786
14,59,698
15,59,618
16,59,784
17,59,1008
18,59,520
19,59,185
20,59,710
21,59,0
22,59,554
23,59,230
24,59,713
25,59,246
26,59,155
27,59,287
28,59,901
29,59,142
30,59,304
31,59,492
32,59,1013
33,59,48
34,59,643
35,59,149
36,59,440
37,59,380
38,59,906
39,59,717
40,59,997
41,59,603
42,59,665
43,59,107
44,59,67
45,59,867
46,59,911
47,59,6
48,59,540
49,59,767
50,59,524
51,59,915
52,59,783
53,59,487
54,59,933
55,59,1002
56,59,537
57,59,266
58,59,474
59,59,362
60,59,839
61,59,476
62,59,919
63,59,847
64,59,775
65,59,521
66,59,584
67,59,877
68,59,432
69,59,749
70,59,650
71,59,363
72,59,649
73,59,1010
74,59,215
75,59,506
76,59,616
77,59,297
78,59,484
79,59,779
80,59,891
81,59,755
82,59,356
83,59,99
84,59,283
85,59,538
86,59,983
87,59,186
88,59,966
89,59,686
90,59,973
91,59,170
92,59,814
93,59,220
94,59,890
95,59,887
96,59,252
97,59,883
98,59,435
99,59,617
100,59,924
101,59,770
102,59,560
103,59,652
104,59,539
105,59,646
106,59,137
107,59,267
108,59,239
109,59,654
110,59,81
111,59,449
112,59,60
113,59,790
114,59,434
115,59,450
116,59,62
117,59,44
118,59,101
119,59,606
120,59,868
121,59,431
122,59,730
123,59,748
124,59,176
125,59,334
126,59,102
127,59,516
128,59,375
129,59,264
130,59,812
131,59,985
132,59,16
133,59,613
134,59,619
135,59,47
136,59,224
137,59,978
138,59,482
139,59,243
140,59,250
141,59,724
142,59,607
143,59,114
144,59,173
145,59,723
146,59,852
147,59,242
148,59,190
149,59,96
150,59,955
151,59,550
152,59,534
153,59,319
154,59,75
155,59,695
156,59,11
157,59,952
158,59,635
159,59,785
160,59,104
161,59,504
162,59,120
163,59,98
164,59,433
165,59,35
166,59,277
167,59,838
168,59,961
169,59,531
170,59,462
171,59,473
172,59,298
173,59,165
174,59,865
175,59,854
176,59,115
177,59,663
178,59,878
179,59,326
180,59,1003
181,59,921
182,59,809
183,59,988
184,59,261
185,59,597
186,59,843
187,59,20
188,59,256
189,59,743
190,59,437
191,59,525
192,59,237
193,59,970
194,59,580
195,59,938
196,59,490
197,59,957
198,59,313
199,59,309
200,59,410
201,59,981
202,59,980
203,59,962
204,59,80
205,59,414
206,59,741
207,59,201
208,59,571
209,59,914
210,59,218
211,59,667
212,59,960
213,59,135
214,59,179
215,59,161
216,59,916
217,59,772
218,59,566
219,59,929
220,59,953
221,59,77
222,59,156
223,59,753
224,59,787
225,59,610
226,59,972
227,59,1020
228,59,171
229,59,908
230,59,251
231,59,27
232,59,36
233,59,184
234,59,857
235,59,219
236,59,29
237,59,157
238,59,996
239,59,421
240,59,205
241,59,494
242,59,58
243,59,794
244,59,532
245,59,989
246,59,777
247,59,393
248,59,112
249,59,318
250,59,373
251,59,982
252,59,700
253,59,88
254,59,148
255,59,160
256,59,345
257,59,944
258,59,5
259,59,965
260,59,34
261,59,614
262,59,763
263,59,509
264,59,827
265,59,429
266,59,127
267,59,235
268,59,9
269,59,627
270,59,390
271,59,555
272,59,350
273,59,223
274,59,549
275,59,214
276,59,226
277,59,545
278,59,503
279,59,797
280,59,951
281,59,294
282,59,216
283,59,869
284,59,193
285,59,204
286,59,930
287,59,697
288,59,842
289,59,515
290,59,213
291,59,202
292,59,656
293,59,140
294,59,541
295,59,630
296,59,392
297,59,535
298,59,241
299,59,93
300,59,454
301,59,709
302,59,41
303,59,662
304,59,511
305,59,12
306,59,821
307,59,386
308,59,379
309,59,420
310,59,725
311,59,527
312,59,315
313,59,333
314,59,837
315,59,813
316,59,119
317,59,424
318,59,668
319,59,728
320,59,959
321,59,632
322,59,992
323,59,496
324,59,8
325,59,197
326,59,381
327,59,658
328,59,132
329,59,925
330,59,110
331,59,285
332,59,894
333,59,689
334,59,792
335,59,369
336,59,228
337,59,236
338,59,70
339,59,701
340,59,947
341,59,699
342,59,464
343,59,39
344,59,54
345,59,1005
346,59,856
347,59,31
348,59,737
349,59,976
350,59,570
351,59,51
352,59,912
353,59,325
354,59,442
355,59,707
356,59,991
357,59,799
358,59,552
359,59,499
360,59,453
361,59,460
362,59,1012
363,59,147
364,59,1018
365,59,893
366,59,864
367,59,85
368,59,681
369,59,164
370,59,162
371,59,922
372,59,106
373,59,451
374,59,45
375,59,826
376,59,751
377,59,544
378,59,849
379,59,834
380,59,559
381,59,355
382,59,673
383,59,664
384,59,682
385,59,305
386,59,568
387,59,828
388,59,892
389,59,776
390,59,343
391,59,895
392,59,920
393,59,875
394,59,862
395,59,286
396,59,43
397,59,523
398,59,349
399,59,245
0,60,301
1,60,150
2,60,30
3,60,683
4,60,443
5,60,954
6,60,1006
7,60,669
8,60,311
9,60,463
10,60,557
11,60,105
12,60,187
13,60,786
14,60,698
15,60,618
16,60,784
17,60,1008
18,60,520
19,60,185
20,60,710
21,60,0
22,60,554
23,60,230
24,60,713
25,60,246
26,60,155
27,60,287
28,60,901
29,60,142
30,60,304
31,60,492
32,60,1013
33,60,48
34,60,643
35,60,149
36,60,440
37,60,380
38,60,906
39,60,717
40,60,997
41,60,603
42,60,665
43,60,107
44,60,67
45,60,867
46,60,911
47,60,6
48,60,540
49,60,767
50,60,524
51,60,915
52,60,783
53,60,487
54,60,933
55,60,1002
56,60,537
57,60,266
58,60,474
59,60,362
60,60,839
61,60,476
62,60,919
63,60,847
64,60,775
65,60,521
66,60,584
67,60,877
68,60,432
69,60,749
70,60,650
71,60,363
72,60,649
73,60,1010
74,60,215
75,60,506
76,60,616
77,60,297
78,60,484
79,60,779
80,60,891
81,60,755
82,60,356
83,60,99
84,60,283
85,60,538
86,60,983
87,60,186
88,60,966
89,60,686
90,60,973
91,60,170
92,60,814
93,60,220
94,60,890
95,60,887
96,60,252
97,60,883
98,60,435
99,60,617
100,60,924
101,60,770
102,60,560
103,60,652
104,60,539
105,60,645
106,60,137
107,60,267
108,60,239
109,60,654
110,60,81
111,60,449
112,60,60
113,60,790
114,60,434
115,60,450
116,60,62
117,60,44
118,60,101
119,60,606
120,60,868
121,60,431
122,60,730
123,60,748
124,60,176
125,60,334
126,60,102
127,60,516
128,60,375
129,60,264
130,60,812
131,60,985
132,60,16
133,60,581
134,60,619
135,60,47
136,60,224
137,60,978
138,60,482
139,60,243
140,60,250
141,60,724
142,60,607
143,60,114
144,60,173
145,60,723
146,60,852
147,60,242
148,60,190
149,60,96
150,60,955
151,60,550
152,60,534
153,60,319
154,60,75
155,60,695
156,60,11
157,60,952
158,60,635
159,60,785
160,60,104
161,60,504
162,60,120
163,60,98
164,60,433
165,60,35
166,60,277
167,60,838
168,60,961
169,60,531
170,60,462
171,60,473
172,60,298
173,60,165
174,60,865
175,60,854
176,60,115
177,60,663
178,60,878
179,60,326
180,60,1003
181,60,921
182,60,809
183,60,988
184,60,261
185,60,597
186,60,843
187,60,20
188,60,256
189,60,743
190,60,437
191,60,525
192,60,237
193,60,970
194,60,580
195,60,938
196,60,490
197,60,957
198,60,313
199,60,309
200,60,410
201,60,981
202,60,980
203,60,962
204,60,80
205,60,414
206,60,709
207,60,201
208,60,571
209,60,914
210,60,218
211,60,667
212,60,960
213,60,135
214,60,179
215,60,161
216,60,916
217,60,772
218,60,566
219,60,929
220,60,953
221,60,77
222,60,156
223,60,753
224,60,787
225,60,610
226,60,972
227,60,1020
228,60,171
229,60,908
230,60,251
231,60,27
232,60,36
233,60,184
234,60,857
235,60,219
236,60,29
237,60,157
238,60,996
239,60,421
240,60,205
241,60,494
242,60,58
243,60,794
244,60,532
245,60,989
246,60,777
247,60,393
248,60,112
249,60,318
250,60,373
251,60,982
252,60,700
253,60,88
254,60,148
255,60,160
256,60,345
257,60,944
258,60,5
259,60,965
260,60,34
261,60,646
262,60,763
263,60,509
264,60,827
265,60,429
266,60,127
267,60,235
268,60,9
269,60,627
270,60,390
271,60,555
272,60,350
273,60,223
274,60,549
275,60,214
276,60,226
277,60,545
278,60,503
279,60,797
280,60,951
281,60,294
282,60,216
283,60,869
284,60,193
285,60,204
286,60,930
287,60,697
288,60,842
289,60,515
290,60,213
291,60,202
292,60,656
293,60,140
294,60,541
295,60,630
296,60,392
297,60,535
298,60,241
299,60,93
300,60,454
301,60,708
302,60,41
303,60,662
304,60,511
305,60,12
306,60,821
307,60,386
308,60,379
309,60,420
310,60,725
311,60,527
312,60,315
313,60,333
314,60,837
315,60,813
316,60,119
317,60,424
318,60,668
319,60,728
320,60,959
321,60,632
322,60,992
323,60,496
324,60,8
325,60,197
326,60,381
327,60,658
328,60,132
329,60,925
330,60,110
331,60,285
332,60,894
333,60,689
334,60,792
335,60,369
336,60,228
337,60,236
338,60,70
339,60,701
340,60,947
341,60,699
342,60,464
343,60,39
344,60,54
345,60,1005
346,60,856
347,60,31
348,60,737
349,60,976
350,60,570
351,60,51
352,60,912
353,60,325
354,60,442
355,60,707
356,60,991
357,60,799
358,60,552
359,60,499
360,60,453
361,60,460
362,60,1012
363,60,147
364,60,1018
365,60,893
366,60,864
367,60,85
368,60,681
369,60,164
370,60,162
371,60,922
372,60,106
373,60,451
374,60,45
375,60,826
376,60,751
377,60,544
378,60,849
379,60,834
380,60,559
381,60,355
382,60,673
383,60,664
384,60,682
385,60,305
386,60,568
387,60,828
388,60,892
389,60,776
390,60,343
391,60,895
392,60,920
393,60,875
394,60,862
395,60,286
396,60,43
397,60,523
398,60,349
399,60,245
0,61,301
1,61,150
2,61,30
3,61,683
4,61,443
5,61,954
6,61,1006
7,61,669
8,61,311
9,61,463
10,61,557
11,61,105
12,61,187
13,61,786
14,61,698
15,61,618
16,61,784
17,61,1008
18,61,520
19,61,185
20,61,710
21,61,0
22,61,554
23,61,230
24,61,713
25,61,246
26,61,155
27,61,287
28,61,901
29,61,142
30,61,304
31,61,492
32,61,1013
33,61,48
34,61,643
35,61,149
36,61,440
37,61,380
38,61,906
39,61,717
40,61,997
41,61,603
42,61,665
43,61,107
44,61,67
45,61,867
46,61,911
47,61,6
48,61,540
49,61,767
50,61,524
51,61,915
52,61,783
53,61,487
54,61,933
55,61,1002
56,61,537
57,61,266
58,61,474
59,61,362
60,61,839
61,61,476
62,61,919
63,61,847
64,61,775
65,61,521
66,61,584
67,61,877
68,61,432
69,61,749
70,61,650
71,61,363
72,61,649
73,61,1010
74,61,215
75,61,506
76,61,616
77,61,297
78,61,484
79,61,779
80,61,891
81,61,755
82,61,356
83,61,99
84,61,283
85,61,538
86,61,983
87,61,186
88,61,966
89,61,686
90,61,973
91,61,170
92,61,814
93,61,220
94,61,890
95,61,887
96,61,252
97,61,883
98,61,435
99,61,617
100,61,924
101,61,770
102,61,560
103,61,652
104,61,539
105,61,613
106,61,137
107,61,267
108,61,239
109,61,654
110,61,81
111,61,449
112,61,60
113,61,790
114,61,434
115,61,450
116,61,62
117,61,44
118,61,101
119,61,606
120,61,868
121,61,431
122,61,730
123,61,748
124,61,176
125,61,334
126,61,102
127,61,516
128,61,375
129,61,264
130,61,812
131,61,985
132,61,16
133,61,549
134,61,619
135,61,47
136,61,224
137,61,978
138,61,482
139,61,243
140,61,250
141,61,724
142,61,607
143,61,114
144,61,173
145,61,723
146,61,852
147,61,242
148,61,190
149,61,96
150,61,955
151,61,550
152,61,534
153,61,319
154,61,75
155,61,695
156,61,11
157,61,952
158,61,635
159,61,785
160,61,104
161,61,504
162,61,120
163,61,98
164,61,433
165,61,35
166,61,277
167,61,838
168,61,961
169,61,531
170,61,462
171,61,473
172,61,298
173,61,165
174,61,865
175,61,854
176,61,115
177,61,663
178,61,878
179,61,326
180,61,1003
181,61,921
182,61,809
183,61,988
184,61,261
185,61,597
186,61,843
187,61,20
188,61,256
189,61,743
190,61,437
191,61,525
192,61,237
193,61,970
194,61,580
195,61,938
196,61,490
197,61,957
198,61,313
199,61,309
200,61,410
201,61,981
202,61,980
203,61,962
204,61,80
205,61,414
206,61,709
207,61,201
208,61,571
209,61,914
210,61,218
211,61,667
212,61,960
213,61,135
214,61,179
215,61,161
216,61,916
217,61,772
218,61,566
219,61,929
220,61,953
221,61,77
222,61,156
223,61,753
224,61,787
225,61,610
226,61,972
227,61,1020
228,61,171
229,61,908
230,61,251
231,61,27
232,61,36
233,61,184
234,61,857
235,61,219
236,61,29
237,61,157
238,61,996
239,61,421
240,61,205
241,61,494
242,61,58
243,61,794
244,61,532
245,61,989
246,61,777
247,61,393
248,61,112
249,61,318
250,61,373
251,61,982
252,61,700
253,61,88
254,61,148
255,61,160
256,61,345
257,61,944
258,61,5
259,61,965
260,61,34
261,61,646
262,61,763
263,61,509
264,61,827
265,61,429
266,61,127
267,61,235
268,61,9
269,61,627
270,61,390
271,61,555
272,61,350
273,61,223
274,61,517
275,61,214
276,61,226
277,61,545
278,61,503
279,61,797
280,61,951
281,61,294
282,61,216
283,61,869
284,61,193
285,61,204
286,61,930
287,61,697
288,61,842
289,61,515
290,61,213
291,61,202
292,61,656
293,61,140
294,61,541
295,61,630
296,61,392
297,61,535
298,61,241
299,61,93
300,61,454
301,61,740
302,61,41
303,61,662
304,61,511
305,61,12
306,61,821
307,61,386
308,61,379
309,61,420
310,61,725
311,61,527
312,61,315
313,61,333
314,61,837
315,61,813
316,61,119
317,61,424
318,61,668
319,61,728
320,61,959
321,61,632
322,61,992
323,61,496
324,61,8
325,61,197
326,61,381
327,61,658
328,61,132
329,61,925
330,61,110
331,61,285
332,61,894
333,61,689
334,61,792
335,61,369
336,61,228
337,61,236
338,61,70
339,61,701
340,61,947
341,61,699
342,61,464
343,61,39
344,61,54
345,61,1005
346,61,856
347,61,31
348,61,737
349,61,976
350,61,570
351,61,51
352,61,912
353,61,325
354,61,442
355,61,707
356,61,991
357,61,799
358,61,552
359,61,499
360,61,453
361,61,460
362,61,1012
363,61,147
364,61,1018
365,61,893
366,61,864
367,61,85
368,61,681
369,61,164
370,61,162
371,61,922
372,61,106
373,61,451
374,61,45
375,61,826
376,61,751
377,61,544
378,61,849
379,61,834
380,61,559
381,61,355
382,61,673
383,61,664
384,61,682
385,61,305
386,61,568
387,61,828
388,61,892
389,61,776
390,61,343
391,61,895
392,61,920
393,61,875
394,61,862
395,61,286
396,61,43
397,61,523
398,61,349
399,61,245
0,62,301
1,62,150
2,62,30
3,62,683
4,62,443
5,62,954
6,62,1006
7,62,669
8,62,311
9,62,463
10,62,557
11,62,105
12,62,187
13,62,786
14,62,698
15,62,618
16,62,784
17,62,1008
18,62,520
19,62,185
20,62,710
21,62,0
22,62,554
23,62,230
24,62,713
25,62,246
26,62,155
27,62,287
28,62,901
29,62,142
30,62,304
31,62,492
32,62,1013
33,62,48
34,62,643
35,62,149
36,62,440
37,62,380
38,62,906
39,62,717
40,62,997
41,62,603
42,62,665
43,62,107
44,62,67
45,62,867
46,62,911
47,62,6
48,62,540
49,62,767
50,62,524
51,62,915
52,62,783
53,62,487
54,62,933
55,62,1002
56,62,537
57,62,266
58,62,474
59,62,362
60,62,839
61,62,476
62,62,919
63,62,847
64,62,775
65,62,521
66,62,584
67,62,877
68,62,432
69,62,749
70,62,650
71,62,363
72,62,649
73,62,1010
74,62,215
75,62,506
76,62,616
77,62,297
78,62,484
79,62,779
80,62,891
81,62,755
82,62,356
83,62,99
84,62,283
85,62,538
86,62,983
87,62,186
88,62,966
89,62,686
90,62,973
91,62,170
92,62,814
93,62,220
94,62,890
95,62,887
96,62,252
97,62,883
98,62,435
99,62,617
100,62,924
101,62,770
102,62,560
103,62,652
104,62,539
105,62,614
106,62,137
107,62,267
108,62,239
109,62,654
110,62,81
111,62,449
112,62,60
113,62,790
114,62,434
115,62,450
116,62,62
117,62,44
118,62,101
119,62,606
120,62,868
121,62,431
122,62,730
123,62,748
124,62,176
125,62,334
126,62,102
127,62,548
128,62,375
129,62,264
130,62,812
131,62,985
132,62,16
133,62,517
134,62,619
135,62,47
136,62,224
137,62,978
138,62,482
139,62,243
140,62,250
141,62,724
142,62,607
143,62,114
144,62,173
145,62,723
146,62,852
147,62,242
148,62,190
149,62,96
150,62,955
151,62,550
152,62,534
153,62,319
154,62,75
155,62,695
156,62,11
157,62,952
158,62,635
159,62,785
160,62,104
161,62,504
162,62,120
163,62,98
164,62,433
165,62,35
166,62,277
167,62,838
168,62,961
169,62,531
170,62,462
171,62,473
172,62,298
173,62,165
174,62,865
175,62,854
176,62,115
177,62,663
178,62,878
179,62,326
180,62,1003
181,62,921
182,62,809
183,62,988
184,62,261
185,62,597
186,62,843
187,62,20
188,62,256
189,62,743
190,62,437
191,62,525
192,62,237
193,62,970
194,62,580
195,62,938
196,62,490
197,62,957
198,62,313
199,62,309
200,62,410
201,62,981
202,62,980
203,62,962
204,62,80
205,62,414
206,62,709
207,62,201
208,62,571
209,62,914
210,62,218
211,62,667
212,62,960
213,62,135
214,62,179
215,62,161
216,62,916
217,62,772
218,62,566
219,62,929
220,62,953
221,62,77
222,62,156
223,62,753
224,62,787
225,62,610
226,62,972
227,62,1020
228,62,171
229,62,908
230,62,251
231,62,27
232,62,36
233,62,184
234,62,857
235,62,219
236,62,29
237,62,157
238,62,996
239,62,421
240,62,205
241,62,494
242,62,58
243,62,794
244,62,532
245,62,989
246,62,777
247,62,393
248,62,112
249,62,318
250,62,373
251,62,982
252,62,700
253,62,88
254,62,148
255,62,160
256,62,345
257,62,944
258,62,5
259,62,965
260,62,34
261,62,646
262,62,763
263,62,509
264,62,827
265,62,429
266,62,127
267,62,235
268,62,9
269,62,627
270,62,390
271,62,555
272,62,350
273,62,223
274,62,516
275,62,214
276,62,226
277,62,545
278,62,503
279,62,797
280,62,951
281,62,294
282,62,216
283,62,869
284,62,193
285,62,204
286,62,930
287,62,697
288,62,842
289,62,515
290,62,213
291,62,202
292,62,656
293,62,140
294,62,541
295,62,630
296,62,392
297,62,535
298,62,241
299,62,93
300,62,454
301,62,739
302,62,41
303,62,662
304,62,511
305,62,12
306,62,821
307,62,386
308,62,379
309,62,420
310,62,725
311,62,527
312,62,315
313,62,333
314,62,837
315,62,813
316,62,119
317,62,424
318,62,668
319,62,728
320,62,959
321,62,632
322,62,992
323,62,496
324,62,8
325,62,197
326,62,381
327,62,658
328,62,132
329,62,925
330,62,110
331,62,285
332,62,894
333,62,689
334,62,792
335,62,369
336,62,228
337,62,236
338,62,70
339,62,701
340,62,947
341,62,699
342,62,464
343,62,39
344,62,54
345,62,1005
346,62,856
347,62,31
348,62,737
349,62,976
350,62,570
351,62,51
352,62,912
353,62,325
354,62,442
355,62,707
356,62,991
357,62,799
358,62,552
359,62,499
360,62,453
361,62,460
362,62,1012
363,62,147
364,62,1018
365,62,893
366,62,864
367,62,85
368,62,681
369,62,164
370,62,162
371,62,922
372,62,106
373,62,451
374,62,45
375,62,826
376,62,751
377,62,544
378,62,849
379,62,834
380,62,559
381,62,355
382,62,673
383,62,664
384,62,682
385,62,305
386,62,568
387,62,828
388,62,892
389,62,776
390,62,343
391,62,895
392,62,920
393,62,875
394,62,862
395,62,286
396,62,43
397,62,523
398,62,349
399,62,245
0,63,301
1,63,150
2,63,30
3,63,683
4,63,443
5,63,954
6,63,1006
7,63,669
8,63,311
9,63,463
10,63,557
11,63,105
12,63,187
13,63,786
14,63,698
15,63,618
16,63,784
17,63,1008
18,63,520
19,63,185
20,63,710
21,63,0
22,63,554
23,63,230
24,63,713
25,63,246
26,63,155
27,63,287
28,63,901
29,63,142
30,63,304
31,63,492
32,63,1013
33,63,48
34,63,643
35,63,149
36,63,440
37,63,380
38,63,906
39,63,717
40,63,997
41,63,603
42,63,665
43,63,107
44,63,67
45,63,867
46,63,911
47,63,6
48,63,540
49,63,767
50,63,524
51,63,915
52,63,783
53,63,487
54,63,933
55,63,1002
56,63,537
57,63,266
58,63,474
59,63,362
60,63,839
61,63,476
62,63,919
63,63,847
64,63,775
65,63,521
66,63,584
67,63,877
68,63,432
69,63,749
70,63,650
71,63,363
72,63,649
73,63,1010
74,63,215
75,63,506
76,63,616
77,63,297
78,63,484
79,63,779
80,63,891
81,63,755
82,63,356
83,63,99
84,63,283
85,63,538
86,63,983
87,63,186
88,63,966
89,63,686
90,63,973
91,63,170
92,63,814
93,63,220
94,63,890
95,63,887
96,63,252
97,63,883
98,63,435
99,63,617
100,63,924
101,63,770
102,63,560
103,63,652
104,63,539
105,63,614
106,63,137
107,63,267
108,63,239
109,63,654
110,63,81
111,63,449
112,63,60
113,63,790
114,63,434
115,63,450
116,63,62
117,63,44
118,63,101
119,63,606
120,63,868
121,63,431
122,63,730
123,63,748
124,63,176
125,63,334
126,63,102
127,63,516
128,63,375
129,63,264
130,63,812
131,63,985
132,63,16
133,63,518
134,63,619
135,63,47
136,63,224
137,63,978
138,63,482
139,63,243
140,63,250
141,63,724
142,63,607
143,63,114
144,63,173
145,63,723
146,63,852
147,63,242
148,63,190
149,63,96
150,63,955
151,63,550
152,63,534
153,63,319
154,63,75
155,63,695
156,63,11
157,63,952
158,63,635
159,63,785
160,63,104
161,63,504
162,63,120
163,63,98
164,63,433
165,63,35
166,63,277
167,63,838
168,63,961
169,63,531
170,63,462
171,63,473
172,63,298
173,63,165
174,63,865
175,63,854
176,63,115
177,63,663
178,63,878
179,63,326
180,63,1003
181,63,921
182,63,809
183,63,988
184,63,261
185,63,597
186,63,843
187,63,20
188,63,256
189,63,743
190,63,437
191,63,525
192,63,237
193,63,970
194,63,580
195,63,938
196,63,490
197,63,957
198,63,313
199,63,309
200,63,410
201,63,981
202,63,980
203,63,962
204,63,80
205,63,414
206,63,709
207,63,201
208,63,571
209,63,914
210,63,218
211,63,667
212,63,960
213,63,135
214,63,179
215,63,161
216,63,916
217,63,772
218,63,566
219,63,929
220,63,953
221,63,77
222,63,156
223,63,753
224,63,787
225,63,610
226,63,972
227,63,1020
228,63,171
229,63,908
230,63,251
231,63,27
232,63,36
233,63,184
234,63,857
235,63,219
236,63,29
237,63,157
238,63,996
239,63,421
240,63,205
241,63,494
242,63,58
243,63,794
244,63,532
245,63,989
246,63,777
247,63,393
248,63,112
249,63,318
250,63,373
251,63,982
252,63,700
253,63,88
254,63,148
255,63,160
256,63,345
257,63,944
258,63,5
259,63,965
260,63,34
261,63,646
262,63,763
263,63,509
264,63,827
265,63,429
266,63,127
267,63,235
268,63,9
269,63,627
270,63,390
271,63,555
272,63,350
273,63,223
274,63,517
275,63,214
276,63,226
277,63,545
278,63,503
279,63,797
280,63,951
281,63,294
282,63,216
283,63,869
284,63,193
285,63,204
286,63,930
287,63,697
288,63,842
289,63,515
290,63,213
291,63,202
292,63,656
293,63,140
294,63,541
295,63,630
296,63,392
297,63,535
298,63,241
299,63,93
300,63,454
301,63,739
302,63,41
303,63,662
304,63,511
305,63,12
306,63,821
307,63,386
308,63,379
309,63,420
310,63,725
311,63,527
312,63,315
313,63,333
314,63,837
315,63,813
316,63,119
317,63,424
318,63,668
319,63,728
320,63,959
321,63,632
322,63,992
323,63,496
324,63,8
325,63,197
326,63,381
327,63,658
328,63,132
329,63,925
330,63,110
331,63,285
332,63,894
333,63,689
334,63,792
335,63,369
336,63,228
337,63,236
338,63,70
339,63,701
340,63,947
341,63,699
342,63,464
343,63,39
344,63,54
345,63,1005
346,63,856
347,63,31
348,63,737
349,63,976
350,63,570
351,63,51
352,63,912
353,63,325
354,63,442
355,63,707
356,63,991
357,63,799
358,63,552
359,63,499
360,63,453
361,63,460
362,63,1012
363,63,147
364,63,1018
365,63,893
366,63,864
367,63,85
368,63,681
369,63,164
370,63,162
371,63,922
372,63,106
373,63,451
374,63,45
375,63,826
376,63,751
377,63,544
378,63,849
379,63,834
380,63,559
381,63,355
382,63,673
383,63,664
384,63,682
385,63,305
386,63,568
387,63,828
388,63,892
389,63,776
390,63,343
391,63,895
392,63,920
393,63,875
394,63,862
395,63,286
396,63,43
397,63,523
398,63,349
399,63,245
0,64,301
1,64,150
2,64,30
3,64,683
4,64,443
5,64,954
6,64,1006
7,64,669
8,64,311
9,64,463
10,64,557
11,64,105
12,64,187
13,64,786
14,64,698
15,64,618
16,64,784
17,64,1008
18,64,520
19,64,185
20,64,710
21,64,0
22,64,554
23,64,230
24,64,713
25,64,246
26,64,155
27,64,287
28,64,901
29,64,142
30,64,304
31,64,492
32,64,1013
33,64,48
34,64,643
35,64,149
36,64,440
37,64,380
38,64,906
39,64,717
40,64,997
41,64,603
42,64,665
43,64,107
44,64,67
45,64,867
46,64,911
47,64,6
48,64,540
49,64,767
50,64,524
51,64,915
52,64,783
53,64,487
54,64,933
55,64,1002
56,64,537
57,64,266
58,64,474
59,64,362
60,64,839
61,64,476
62,64,919
63,64,847
64,64,775
65,64,521
66,64,584
67,64,877
68,64,432
69,64,749
70,64,650
71,64,363
72,64,649
73,64,1010
74,64,215
75,64,506
76,64,616
77,64,297
78,64,484
79,64,779
80,64,891
81,64,755
82,64,356
83,64,99
84,64,283
85,64,538
86,64,983
87,64,186
88,64,966
89,64,686
90,64,973
91,64,170
92,64,814
93,64,220
94,64,890
95,64,887
96,64,252
97,64,883
98,64,435
99,64,617
100,64,924
101,64,770
102,64,560
103,64,652
104,64,539
105,64,614
106,64,137
107,64,267
108,64,239
109,64,654
110,64,81
111,64,449
112,64,60
113,64,790
114,64,434
115,64,450
116,64,62
117,64,44
118,64,101
119,64,606
120,64,868
121,64,431
122,64,730
123,64,748
124,64,176
125,64,334
126,64,102
127,64,516
128,64,375
129,64,264
130,64,812
131,64,985
132,64,16
133,64,518
134,64,619
135,64,47
136,64,224
137,64,978
138,64,482
139,64,243
140,64,250
141,64,724
142,64,607
143,64,114
144,64,173
145,64,723
146,64,852
147,64,242
148,64,190
149,64,96
150,64,955
151,64,550
152,64,534
153,64,319
154,64,75
155,64,695
156,64,11
157,64,952
158,64,635
159,64,785
160,64,104
161,64,504
162,64,120
163,64,98
164,64,433
165,64,35
166,64,277
167,64,838
168,64,961
169,64,531
170,64,462
171,64,473
172,64,298
173,64,165
174,64,865
175,64,854
176,64,115
177,64,663
178,64,878
179,64,326
180,64,1003
181,64,921
182,64,809
183,64,988
184,64,261
185,64,597
186,64,843
187,64,20
188,64,256
189,64,743
190,64,437
191,64,525
192,64,237
193,64,970
194,64,580
195,64,938
196,64,490
197,64,957
198,64,313
199,64,309
200,64,410
201,64,981
202,64,980
203,64,962
204,64,80
205,64,414
206,64,709
207,64,201
208,64,571
209,64,914
210,64,218
211,64,667
212,64,960
213,64,135
214,64,179
215,64,161
216,64,916
217,64,772
218,64,566
219,64,929
220,64,953
221,64,77
222,64,156
223,64,753
224,64,787
225,64,610
226,64,972
227,64,1020
228,64,171
229,64,908
230,64,251
231,64,27
232,64,36
233,64,184
234,64,857
235,64,219
236,64,29
237,64,157
238,64,996
239,64,421
240,64,205
241,64,494
242,64,58
243,64,794
244,64,532
245,64,989
246,64,777
247,64,393
248,64,112
249,64,318
250,64,373
251,64,982
252,64,700
253,64,88
254,64,148
255,64,160
256,64,345
257,64,944
258,64,5
259,64,965
260,64,34
261,64,646
262,64,763
263,64,509
264,64,827
265,64,429
266,64,127
267,64,235
268,64,9
269,64,627
270,64,390
271,64,555
272,64,350
273,64,223
274,64,549
275,64,214
276,64,226
277,64,545
278,64,503
279,64,797
280,64,951
281,64,294
282,64,216
283,64,869
284,64,193
285,64,204
286,64,930
287,64,697
288,64,842
289,64,515
290,64,213
291,64,202
292,64,656
293,64,140
294,64,541
295,64,630
296,64,392
297,64,535
298,64,241
299,64,93
300,64,454
301,64,739
302,64,41
303,64,662
304,64,511
305,64,12
306,64,821
307,64,386
308,64,379
309,64,420
310,64,725
311,64,527
312,64,315
313,64,333
314,64,837
315,64,813
316,64,119
317,64,424
318,64,668
319,64,728
320,64,959
321,64,632
322,64,992
323,64,496
324,64,8
325,64,197
326,64,381
327,64,658
328,64,132
329,64,925
330,64,110
331,64,285
332,64,894
333,64,689
334,64,792
335,64,369
336,64,228
337,64,236
338,64,70
339,64,701
340,64,947
341,64,699
342,64,464
343,64,39
344,64,54
345,64,1005
346,64,856
347,64,31
348,64,737
349,64,976
350,64,570
351,64,51
352,64,912
353,64,325
354,64,442
355,64,707
356,64,991
357,64,799
358,64,552
359,64,499
360,64,453
361,64,460
362,64,1012
363,64,147
364,64,1018
365,64,893
366,64,864
367,64,85
368,64,681
369,64,164
370,64,162
371,64,922
372,64,106
373,64,451
374,64,45
375,64,826
376,64,751
377,64,544
378,64,849
379,64,834
380,64,559
381,64,355
382,64,673
383,64,664
384,64,682
385,64,305
386,64,568
387,64,828
388,64,892
389,64,776
390,64,343
391,64,895
392,64,920
393,64,875
394,64,862
395,64,286
396,64,43
397,64,523
398,64,349
399,64,245
