agent_id,time_step,vertex_index
0,0,768
1,0,630
2,0,708
3,0,219
4,0,935
5,0,858
6,0,800
7,0,417
8,0,20
9,0,819
10,0,324
11,0,855
12,0,910
13,0,686
14,0,97
15,0,550
16,0,690
17,0,470
18,0,374
19,0,811
20,0,569
21,0,645
22,0,123
23,0,221
24,0,698
25,0,973
26,0,790
27,0,635
28,0,972
29,0,115
30,0,901
31,0,164
32,0,880
33,0,829
34,0,981
35,0,527
36,0,547
37,0,987
38,0,155
39,0,241
40,0,888
41,0,934
42,0,787
43,0,214
44,0,528
45,0,375
46,0,349
47,0,831
48,0,771
49,0,666
50,0,54
51,0,12
52,0,333
53,0,228
54,0,816
55,0,637
56,0,581
57,0,272
58,0,99
59,0,959
60,0,212
61,0,213
62,0,131
63,0,687
64,0,622
65,0,915
66,0,381
67,0,459
68,0,517
69,0,770
70,0,127
71,0,579
72,0,689
73,0,371
74,0,449
75,0,149
76,0,418
77,0,220
78,0,955
79,0,573
80,0,183
81,0,194
82,0,542
83,0,780
84,0,728
85,0,805
86,0,191
87,0,327
88,0,469
89,0,961
90,0,42
91,0,817
92,0,250
93,0,309
94,0,266
95,0,843
96,0,363
97,0,988
98,0,911
99,0,534
100,0,740
101,0,463
102,0,767
103,0,308
104,0,872
105,0,623
106,0,225
107,0,342
108,0,801
109,0,414
110,0,893
111,0,460
112,0,562
113,0,810
114,0,748
115,0,546
116,0,355
117,0,563
118,0,707
119,0,552
120,0,755
121,0,567
122,0,163
123,0,916
124,0,288
125,0,565
126,0,251
127,0,46
128,0,960
129,0,286
130,0,22
131,0,969
132,0,317
133,0,386
134,0,782
135,0,616
136,0,1020
137,0,202
138,0,89
139,0,941
140,0,200
141,0,1021
142,0,255
143,0,210
144,0,174
145,0,1017
146,0,514
147,0,254
148,0,204
149,0,373
150,0,315
151,0,483
152,0,367
153,0,794
154,0,594
155,0,75
156,0,673
157,0,723
158,0,835
159,0,505
160,0,499
161,0,891
162,0,758
163,0,291
164,0,443
165,0,492
166,0,523
167,0,558
168,0,211
169,0,868
170,0,653
171,0,695
172,0,477
173,0,401
174,0,560
175,0,493
176,0,353
177,0,867
178,0,716
179,0,124
180,0,976
181,0,796
182,0,376
183,0,21
184,0,331
185,0,235
186,0,730
187,0,121
188,0,710
189,0,877
190,0,102
191,0,476
192,0,785
193,0,352
194,0,587
195,0,744
196,0,69
197,0,809
198,0,994
199,0,399
200,0,884
201,0,274
202,0,538
203,0,108
204,0,720
205,0,101
206,0,423
207,0,356
208,0,627
209,0,380
210,0,170
211,0,665
212,0,265
213,0,87
214,0,508
215,0,23
216,0,1019
217,0,864
218,0,284
219,0,257
220,0,932
221,0,491
222,0,408
223,0,43
224,0,176
225,0,145
226,0,222
227,0,947
228,0,803
229,0,5
230,0,507
231,0,253
232,0,608
233,0,464
234,0,435
235,0,190
236,0,909
237,0,68
238,0,2
239,0,350
240,0,606
241,0,712
242,0,874
243,0,752
244,0,503
245,0,130
246,0,345
247,0,661
248,0,329
249,0,379
250,0,320
251,0,997
252,0,40
253,0,326
254,0,6
255,0,615
256,0,35
257,0,575
258,0,234
259,0,792
260,0,450
261,0,510
262,0,444
263,0,113
264,0,709
265,0,626
266,0,59
267,0,688
268,0,494
269,0,178
270,0,34
271,0,667
272,0,873
273,0,440
274,0,341
275,0,31
276,0,479
277,0,620
278,0,80
279,0,693
280,0,882
281,0,44
282,0,223
283,0,717
284,0,936
285,0,681
286,0,1010
287,0,431
288,0,706
289,0,799
290,0,938
291,0,293
292,0,638
293,0,378
294,0,430
295,0,815
296,0,442
297,0,533
298,0,30
299,0,133
300,0,181
301,0,120
302,0,267
303,0,940
304,0,81
305,0,980
306,0,362
307,0,9
308,0,298
309,0,138
310,0,943
311,0,141
312,0,570
313,0,694
314,0,295
315,0,465
316,0,126
317,0,539
318,0,526
319,0,1004
320,0,201
321,0,158
322,0,377
323,0,714
324,0,105
325,0,305
326,0,322
327,0,841
328,0,338
329,0,70
330,0,680
331,0,735
332,0,965
333,0,1
334,0,1008
335,0,949
336,0,236
337,0,535
338,0,289
339,0,895
340,0,541
341,0,390
342,0,56
343,0,777
344,0,700
345,0,870
346,0,61
347,0,807
348,0,715
349,0,1013
350,0,36
351,0,957
352,0,894
353,0,762
354,0,157
355,0,361
356,0,217
357,0,473
358,0,96
359,0,589
360,0,39
361,0,632
362,0,742
363,0,1014
364,0,208
365,0,1000
366,0,148
367,0,649
368,0,919
369,0,933
370,0,310
371,0,862
372,0,485
373,0,733
374,0,11
375,0,763
376,0,806
377,0,159
378,0,600
379,0,10
380,0,824
381,0,881
382,0,886
383,0,229
384,0,227
385,0,41
386,0,447
387,0,592
388,0,854
389,0,64
390,0,15
391,0,584
392,0,160
393,0,568
394,0,340
395,0,437
396,0,520
397,0,948
398,0,743
399,0,421
0,1,736
1,1,598
2,1,709
3,1,251
4,1,903
5,1,890
6,1,801
7,1,418
8,1,21
9,1,818
10,1,356
11,1,854
12,1,911
13,1,687
14,1,98
15,1,551
16,1,722
17,1,502
18,1,373
19,1,812
20,1,568
21,1,613
22,1,155
23,1,220
24,1,697
25,1,974
26,1,758
27,1,603
28,1,971
29,1,115
30,1,902
31,1,165
32,1,881
33,1,797
34,1,980
35,1,528
36,1,548
37,1,955
38,1,187
39,1,273
40,1,887
41,1,935
42,1,819
43,1,215
44,1,496
45,1,407
46,1,381
47,1,830
48,1,772
49,1,698
50,1,86
51,1,44
52,1,334
53,1,260
54,1,815
55,1,669
56,1,581
57,1,240
58,1,100
59,1,958
60,1,244
61,1,214
62,1,163
63,1,719
64,1,654
65,1,883
66,1,380
67,1,491
68,1,518
69,1,802
70,1,159
71,1,547
72,1,657
73,1,403
74,1,417
75,1,150
76,1,419
77,1,219
78,1,923
79,1,605
80,1,184
81,1,226
82,1,541
83,1,779
84,1,696
85,1,806
86,1,223
87,1,328
88,1,501
89,1,929
90,1,74
91,1,816
92,1,249
93,1,277
94,1,298
95,1,844
96,1,331
97,1,987
98,1,912
99,1,533
100,1,740
101,1,462
102,1,766
103,1,307
104,1,873
105,1,622
106,1,193
107,1,310
108,1,769
109,1,413
110,1,861
111,1,459
112,1,563
113,1,811
114,1,749
115,1,514
116,1,323
117,1,531
118,1,706
119,1,553
120,1,787
121,1,566
122,1,195
123,1,916
124,1,256
125,1,564
126,1,250
127,1,45
128,1,961
129,1,285
130,1,54
131,1,970
132,1,317
133,1,387
134,1,781
135,1,617
136,1,1020
137,1,201
138,1,121
139,1,942
140,1,200
141,1,1021
142,1,287
143,1,242
144,1,174
145,1,985
146,1,515
147,1,253
148,1,205
149,1,341
150,1,347
151,1,483
152,1,368
153,1,795
154,1,562
155,1,76
156,1,674
157,1,755
158,1,836
159,1,505
160,1,467
161,1,859
162,1,757
163,1,290
164,1,442
165,1,460
166,1,524
167,1,557
168,1,243
169,1,869
170,1,621
171,1,663
172,1,476
173,1,369
174,1,559
175,1,525
176,1,354
177,1,835
178,1,748
179,1,123
180,1,976
181,1,828
182,1,375
183,1,22
184,1,299
185,1,236
186,1,762
187,1,120
188,1,678
189,1,876
190,1,103
191,1,508
192,1,753
193,1,353
194,1,586
195,1,776
196,1,70
197,1,810
198,1,962
199,1,400
200,1,852
201,1,306
202,1,537
203,1,107
204,1,688
205,1,101
206,1,423
207,1,357
208,1,628
209,1,412
210,1,171
211,1,665
212,1,297
213,1,87
214,1,540
215,1,55
216,1,1018
217,1,832
218,1,316
219,1,289
220,1,900
221,1,492
222,1,409
223,1,75
224,1,208
225,1,177
226,1,254
227,1,915
228,1,771
229,1,5
230,1,506
231,1,221
232,1,609
233,1,465
234,1,435
235,1,222
236,1,910
237,1,69
238,1,34
239,1,382
240,1,574
241,1,713
242,1,842
243,1,752
244,1,471
245,1,162
246,1,377
247,1,629
248,1,329
249,1,379
250,1,321
251,1,998
252,1,41
253,1,327
254,1,38
255,1,614
256,1,3
257,1,607
258,1,202
259,1,824
260,1,449
261,1,542
262,1,445
263,1,114
264,1,710
265,1,625
266,1,91
267,1,656
268,1,493
269,1,210
270,1,66
271,1,666
272,1,841
273,1,408
274,1,340
275,1,30
276,1,478
277,1,619
278,1,81
279,1,694
280,1,914
281,1,43
282,1,255
283,1,716
284,1,904
285,1,649
286,1,978
287,1,463
288,1,738
289,1,798
290,1,906
291,1,325
292,1,606
293,1,346
294,1,431
295,1,783
296,1,441
297,1,532
298,1,29
299,1,134
300,1,213
301,1,119
302,1,235
303,1,908
304,1,49
305,1,979
306,1,394
307,1,8
308,1,330
309,1,137
310,1,944
311,1,173
312,1,538
313,1,662
314,1,294
315,1,433
316,1,94
317,1,507
318,1,527
319,1,1005
320,1,233
321,1,190
322,1,376
323,1,682
324,1,73
325,1,304
326,1,322
327,1,840
328,1,338
329,1,102
330,1,648
331,1,734
332,1,997
333,1,33
334,1,1009
335,1,948
336,1,237
337,1,503
338,1,288
339,1,894
340,1,573
341,1,422
342,1,88
343,1,745
344,1,701
345,1,870
346,1,62
347,1,839
348,1,714
349,1,981
350,1,37
351,1,925
352,1,926
353,1,794
354,1,189
355,1,393
356,1,217
357,1,474
358,1,97
359,1,590
360,1,39
361,1,631
362,1,743
363,1,982
364,1,209
365,1,1001
366,1,147
367,1,650
368,1,919
369,1,932
370,1,309
371,1,862
372,1,484
373,1,765
374,1,12
375,1,763
376,1,807
377,1,158
378,1,599
379,1,9
380,1,823
381,1,849
382,1,885
383,1,261
384,1,259
385,1,42
386,1,479
387,1,624
388,1,886
389,1,96
390,1,16
391,1,616
392,1,161
393,1,567
394,1,339
395,1,405
396,1,521
397,1,947
398,1,744
399,1,421
0,2,736
1,2,597
2,2,677
3,2,250
4,2,904
5,2,890
6,2,802
7,2,419
8,2,22
9,2,818
10,2,388
11,2,822
12,2,912
13,2,688
14,2,130
15,2,583
16,2,754
17,2,501
18,2,405
19,2,813
20,2,567
21,2,612
22,2,187
23,2,220
24,2,696
25,2,942
26,2,757
27,2,571
28,2,939
29,2,147
30,2,870
31,2,197
32,2,881
33,2,765
34,2,979
35,2,529
36,2,549
37,2,923
38,2,219
39,2,272
40,2,886
41,2,936
42,2,819
43,2,214
44,2,464
45,2,439
46,2,413
47,2,829
48,2,804
49,2,699
50,2,85
51,2,76
52,2,366
53,2,292
54,2,847
55,2,701
56,2,613
57,2,239
58,2,99
59,2,957
60,2,243
61,2,246
62,2,195
63,2,719
64,2,686
65,2,882
66,2,379
67,2,490
68,2,519
69,2,803
70,2,191
71,2,547
72,2,689
73,2,403
74,2,385
75,2,151
76,2,420
77,2,218
78,2,922
79,2,604
80,2,185
81,2,226
82,2,540
83,2,778
84,2,664
85,2,806
86,2,255
87,2,327
88,2,533
89,2,929
90,2,73
91,2,784
92,2,281
93,2,278
94,2,330
95,2,845
96,2,332
97,2,955
98,2,880
99,2,565
100,2,772
101,2,461
102,2,734
103,2,307
104,2,874
105,2,621
106,2,225
107,2,309
108,2,737
109,2,412
110,2,861
111,2,458
112,2,564
113,2,812
114,2,750
115,2,482
116,2,324
117,2,499
118,2,705
119,2,554
120,2,786
121,2,534
122,2,227
123,2,915
124,2,224
125,2,532
126,2,249
127,2,44
128,2,962
129,2,284
130,2,86
131,2,971
132,2,285
133,2,387
134,2,780
135,2,585
136,2,1019
137,2,233
138,2,120
139,2,910
140,2,201
141,2,1020
142,2,319
143,2,210
144,2,174
145,2,953
146,2,516
147,2,252
148,2,173
149,2,340
150,2,348
151,2,515
152,2,400
153,2,763
154,2,561
155,2,108
156,2,642
157,2,787
158,2,837
159,2,537
160,2,435
161,2,858
162,2,725
163,2,291
164,2,441
165,2,428
166,2,525
167,2,556
168,2,242
169,2,901
170,2,589
171,2,631
172,2,476
173,2,368
174,2,558
175,2,557
176,2,322
177,2,836
178,2,749
179,2,122
180,2,976
181,2,827
182,2,407
183,2,54
184,2,298
185,2,237
186,2,794
187,2,119
188,2,646
189,2,844
190,2,104
191,2,507
192,2,752
193,2,354
194,2,586
195,2,776
196,2,102
197,2,811
198,2,930
199,2,401
200,2,820
201,2,338
202,2,536
203,2,139
204,2,656
205,2,100
206,2,423
207,2,357
208,2,627
209,2,444
210,2,172
211,2,633
212,2,329
213,2,88
214,2,539
215,2,87
216,2,1017
217,2,800
218,2,316
219,2,290
220,2,868
221,2,460
222,2,410
223,2,107
224,2,240
225,2,209
226,2,286
227,2,914
228,2,739
229,2,37
230,2,505
231,2,189
232,2,610
233,2,466
234,2,436
235,2,221
236,2,911
237,2,70
238,2,66
239,2,381
240,2,573
241,2,714
242,2,810
243,2,751
244,2,470
245,2,194
246,2,409
247,2,628
248,2,328
249,2,347
250,2,321
251,2,999
252,2,42
253,2,295
254,2,39
255,2,614
256,2,4
257,2,639
258,2,202
259,2,823
260,2,417
261,2,542
262,2,445
263,2,115
264,2,742
265,2,657
266,2,92
267,2,655
268,2,493
269,2,178
270,2,98
271,2,665
272,2,842
273,2,408
274,2,339
275,2,29
276,2,477
277,2,618
278,2,113
279,2,695
280,2,913
281,2,75
282,2,254
283,2,715
284,2,905
285,2,617
286,2,977
287,2,463
288,2,770
289,2,797
290,2,907
291,2,325
292,2,605
293,2,345
294,2,432
295,2,783
296,2,440
297,2,531
298,2,28
299,2,135
300,2,212
301,2,118
302,2,203
303,2,909
304,2,50
305,2,978
306,2,426
307,2,8
308,2,331
309,2,136
310,2,944
311,2,141
312,2,538
313,2,630
314,2,326
315,2,465
316,2,93
317,2,475
318,2,528
319,2,1006
320,2,265
321,2,222
322,2,375
323,2,683
324,2,105
325,2,304
326,2,323
327,2,841
328,2,370
329,2,101
330,2,649
331,2,733
332,2,998
333,2,34
334,2,1010
335,2,947
336,2,205
337,2,502
338,2,289
339,2,862
340,2,541
341,2,454
342,2,56
343,2,713
344,2,700
345,2,869
346,2,94
347,2,807
348,2,682
349,2,980
350,2,38
351,2,893
352,2,925
353,2,793
354,2,188
355,2,392
356,2,217
357,2,506
358,2,129
359,2,590
360,2,40
361,2,599
362,2,775
363,2,983
364,2,241
365,2,1002
366,2,146
367,2,651
368,2,887
369,2,900
370,2,277
371,2,830
372,2,483
373,2,766
374,2,13
375,2,762
376,2,808
377,2,190
378,2,598
379,2,41
380,2,791
381,2,817
382,2,884
383,2,293
384,2,259
385,2,43
386,2,478
387,2,625
388,2,854
389,2,97
390,2,48
391,2,648
392,2,193
393,2,566
394,2,371
395,2,406
396,2,489
397,2,946
398,2,745
399,2,422
0,3,737
1,3,598
2,3,678
3,3,250
4,3,905
5,3,889
6,3,803
7,3,420
8,3,54
9,3,817
10,3,388
11,3,790
12,3,880
13,3,687
14,3,162
15,3,584
16,3,786
17,3,501
18,3,404
19,3,814
20,3,566
21,3,580
22,3,219
23,3,220
24,3,695
25,3,943
26,3,725
27,3,571
28,3,971
29,3,179
30,3,870
31,3,229
32,3,913
33,3,733
34,3,978
35,3,497
36,3,550
37,3,891
38,3,218
39,3,304
40,3,885
41,3,968
42,3,820
43,3,213
44,3,432
45,3,471
46,3,413
47,3,828
48,3,805
49,3,700
50,3,84
51,3,108
52,3,398
53,3,293
54,3,847
55,3,669
56,3,645
57,3,238
58,3,100
59,3,925
60,3,243
61,3,278
62,3,227
63,3,719
64,3,685
65,3,881
66,3,378
67,3,522
68,3,520
69,3,771
70,3,223
71,3,515
72,3,688
73,3,435
74,3,353
75,3,183
76,3,421
77,3,217
78,3,890
79,3,603
80,3,185
81,3,226
82,3,539
83,3,777
84,3,632
85,3,807
86,3,287
87,3,328
88,3,532
89,3,930
90,3,105
91,3,783
92,3,280
93,3,310
94,3,362
95,3,845
96,3,333
97,3,954
98,3,848
99,3,597
100,3,804
101,3,460
102,3,734
103,3,339
104,3,875
105,3,620
106,3,193
107,3,277
108,3,705
109,3,412
110,3,829
111,3,490
112,3,565
113,3,813
114,3,750
115,3,450
116,3,325
117,3,498
118,3,673
119,3,586
120,3,818
121,3,533
122,3,228
123,3,947
124,3,225
125,3,531
126,3,281
127,3,76
128,3,963
129,3,252
130,3,118
131,3,972
132,3,284
133,3,419
134,3,779
135,3,553
136,3,1018
137,3,265
138,3,119
139,3,878
140,3,202
141,3,1019
142,3,318
143,3,242
144,3,142
145,3,921
146,3,517
147,3,251
148,3,174
149,3,308
150,3,348
151,3,516
152,3,401
153,3,731
154,3,529
155,3,140
156,3,610
157,3,819
158,3,838
159,3,569
160,3,434
161,3,857
162,3,693
163,3,292
164,3,440
165,3,396
166,3,526
167,3,555
168,3,274
169,3,902
170,3,557
171,3,631
172,3,444
173,3,367
174,3,590
175,3,556
176,3,323
177,3,837
178,3,781
179,3,121
180,3,944
181,3,859
182,3,439
183,3,86
184,3,266
185,3,269
186,3,826
187,3,87
188,3,614
189,3,844
190,3,136
191,3,506
192,3,720
193,3,386
194,3,587
195,3,808
196,3,134
197,3,812
198,3,931
199,3,369
200,3,821
201,3,370
202,3,568
203,3,138
204,3,624
205,3,101
206,3,424
207,3,357
208,3,659
209,3,445
210,3,173
211,3,601
212,3,361
213,3,89
214,3,507
215,3,55
216,3,1016
217,3,801
218,3,316
219,3,290
220,3,869
221,3,428
222,3,410
223,3,139
224,3,272
225,3,208
226,3,285
227,3,915
228,3,740
229,3,69
230,3,473
231,3,157
232,3,578
233,3,467
234,3,468
235,3,221
236,3,879
237,3,38
238,3,98
239,3,380
240,3,541
241,3,682
242,3,811
243,3,752
244,3,469
245,3,195
246,3,441
247,3,627
248,3,329
249,3,347
250,3,322
251,3,1000
252,3,43
253,3,263
254,3,40
255,3,613
256,3,5
257,3,671
258,3,234
259,3,855
260,3,385
261,3,574
262,3,477
263,3,116
264,3,742
265,3,656
266,3,124
267,3,623
268,3,461
269,3,210
270,3,130
271,3,633
272,3,843
273,3,409
274,3,371
275,3,28
276,3,476
277,3,618
278,3,114
279,3,663
280,3,914
281,3,107
282,3,253
283,3,714
284,3,906
285,3,585
286,3,945
287,3,464
288,3,770
289,3,796
290,3,908
291,3,326
292,3,604
293,3,313
294,3,433
295,3,751
296,3,472
297,3,499
298,3,27
299,3,103
300,3,211
301,3,117
302,3,171
303,3,910
304,3,51
305,3,977
306,3,458
307,3,9
308,3,332
309,3,168
310,3,912
311,3,141
312,3,537
313,3,629
314,3,358
315,3,465
316,3,92
317,3,474
318,3,560
319,3,1007
320,3,297
321,3,254
322,3,407
323,3,651
324,3,104
325,3,303
326,3,324
327,3,842
328,3,402
329,3,133
330,3,617
331,3,701
332,3,999
333,3,35
334,3,1011
335,3,948
336,3,237
337,3,470
338,3,257
339,3,830
340,3,542
341,3,486
342,3,88
343,3,712
344,3,668
345,3,901
346,3,95
347,3,775
348,3,681
349,3,979
350,3,39
351,3,861
352,3,924
353,3,792
354,3,189
355,3,392
356,3,249
357,3,538
358,3,161
359,3,589
360,3,8
361,3,599
362,3,743
363,3,951
364,3,241
365,3,1003
366,3,178
367,3,619
368,3,886
369,3,868
370,3,276
371,3,831
372,3,451
373,3,798
374,3,45
375,3,794
376,3,809
377,3,222
378,3,630
379,3,73
380,3,791
381,3,816
382,3,883
383,3,294
384,3,291
385,3,75
386,3,478
387,3,657
388,3,854
389,3,129
390,3,49
391,3,680
392,3,194
393,3,534
394,3,403
395,3,374
396,3,457
397,3,946
398,3,746
399,3,423
0,4,738
1,4,597
2,4,679
3,4,249
4,4,906
5,4,921
6,4,804
7,4,421
8,4,55
9,4,785
10,4,388
11,4,758
12,4,848
13,4,686
14,4,163
15,4,584
16,4,786
17,4,533
18,4,436
19,4,782
20,4,598
21,4,548
22,4,218
23,4,219
24,4,695
25,4,911
26,4,693
27,4,539
28,4,970
29,4,178
30,4,838
31,4,261
32,4,913
33,4,732
34,4,977
35,4,465
36,4,551
37,4,859
38,4,217
39,4,336
40,4,884
41,4,1000
42,4,821
43,4,213
44,4,431
45,4,503
46,4,445
47,4,796
48,4,806
49,4,668
50,4,84
51,4,140
52,4,430
53,4,293
54,4,847
55,4,701
56,4,646
57,4,237
58,4,100
59,4,924
60,4,211
61,4,310
62,4,259
63,4,687
64,4,717
65,4,881
66,4,377
67,4,523
68,4,520
69,4,803
70,4,222
71,4,483
72,4,656
73,4,467
74,4,321
75,4,184
76,4,453
77,4,216
78,4,889
79,4,602
80,4,185
81,4,226
82,4,538
83,4,745
84,4,631
85,4,808
86,4,319
87,4,328
88,4,564
89,4,930
90,4,104
91,4,783
92,4,312
93,4,311
94,4,394
95,4,845
96,4,334
97,4,953
98,4,816
99,4,596
100,4,805
101,4,492
102,4,733
103,4,339
104,4,907
105,4,620
106,4,225
107,4,245
108,4,673
109,4,380
110,4,828
111,4,522
112,4,566
113,4,814
114,4,751
115,4,450
116,4,326
117,4,466
118,4,641
119,4,585
120,4,850
121,4,565
122,4,229
123,4,915
124,4,224
125,4,499
126,4,280
127,4,108
128,4,931
129,4,251
130,4,150
131,4,973
132,4,252
133,4,420
134,4,779
135,4,521
136,4,986
137,4,297
138,4,119
139,4,879
140,4,203
141,4,1018
142,4,350
143,4,243
144,4,141
145,4,920
146,4,517
147,4,250
148,4,175
149,4,276
150,4,348
151,4,516
152,4,369
153,4,699
154,4,497
155,4,172
156,4,578
157,4,820
158,4,839
159,4,601
160,4,402
161,4,856
162,4,694
163,4,260
164,4,439
165,4,364
166,4,527
167,4,554
168,4,273
169,4,870
170,4,525
171,4,599
172,4,443
173,4,366
174,4,622
175,4,588
176,4,324
177,4,837
178,4,781
179,4,120
180,4,943
181,4,858
182,4,471
183,4,118
184,4,265
185,4,301
186,4,825
187,4,86
188,4,613
189,4,876
190,4,135
191,4,505
192,4,688
193,4,387
194,4,586
195,4,840
196,4,166
197,4,813
198,4,932
199,4,368
200,4,822
201,4,371
202,4,600
203,4,137
204,4,592
205,4,102
206,4,424
207,4,357
208,4,660
209,4,477
210,4,174
211,4,633
212,4,393
213,4,89
214,4,507
215,4,87
216,4,984
217,4,802
218,4,316
219,4,322
220,4,901
221,4,396
222,4,378
223,4,171
224,4,304
225,4,207
226,4,284
227,4,914
228,4,741
229,4,101
230,4,474
231,4,158
232,4,546
233,4,468
234,4,469
235,4,220
236,4,880
237,4,39
238,4,99
239,4,379
240,4,540
241,4,683
242,4,812
243,4,753
244,4,501
245,4,227
246,4,473
247,4,626
248,4,330
249,4,347
250,4,323
251,4,1001
252,4,44
253,4,231
254,4,41
255,4,581
256,4,37
257,4,670
258,4,233
259,4,887
260,4,353
261,4,573
262,4,509
263,4,148
264,4,743
265,4,655
266,4,92
267,4,623
268,4,429
269,4,242
270,4,131
271,4,632
272,4,844
273,4,410
274,4,403
275,4,60
276,4,475
277,4,618
278,4,146
279,4,664
280,4,946
281,4,106
282,4,253
283,4,713
284,4,938
285,4,553
286,4,944
287,4,432
288,4,771
289,4,795
290,4,909
291,4,327
292,4,603
293,4,313
294,4,434
295,4,719
296,4,440
297,4,498
298,4,59
299,4,103
300,4,212
301,4,116
302,4,170
303,4,878
304,4,52
305,4,945
306,4,459
307,4,9
308,4,333
309,4,167
310,4,912
311,4,173
312,4,537
313,4,628
314,4,390
315,4,464
316,4,91
317,4,442
318,4,561
319,4,1008
320,4,329
321,4,286
322,4,406
323,4,619
324,4,136
325,4,303
326,4,325
327,4,843
328,4,370
329,4,165
330,4,617
331,4,700
332,4,999
333,4,67
334,4,1012
335,4,916
336,4,236
337,4,438
338,4,257
339,4,862
340,4,574
341,4,518
342,4,88
343,4,711
344,4,669
345,4,933
346,4,127
347,4,776
348,4,680
349,4,979
350,4,40
351,4,829
352,4,923
353,4,791
354,4,221
355,4,392
356,4,281
357,4,506
358,4,193
359,4,557
360,4,8
361,4,567
362,4,775
363,4,919
364,4,241
365,4,1004
366,4,210
367,4,587
368,4,885
369,4,836
370,4,244
371,4,831
372,4,419
373,4,830
374,4,45
375,4,826
376,4,810
377,4,254
378,4,629
379,4,105
380,4,790
381,4,784
382,4,882
383,4,294
384,4,292
385,4,107
386,4,478
387,4,658
388,4,855
389,4,161
390,4,50
391,4,712
392,4,195
393,4,534
394,4,404
395,4,342
396,4,458
397,4,978
398,4,747
399,4,423
0,5,739
1,5,565
2,5,680
3,5,281
4,5,907
5,5,953
6,5,836
7,5,453
8,5,55
9,5,753
10,5,420
11,5,757
12,5,816
13,5,686
14,5,195
15,5,584
16,5,785
17,5,532
18,5,436
19,5,750
20,5,597
21,5,516
22,5,250
23,5,218
24,5,695
25,5,879
26,5,694
27,5,507
28,5,969
29,5,177
30,5,839
31,5,293
32,5,945
33,5,700
34,5,976
35,5,433
36,5,552
37,5,827
38,5,249
39,5,335
40,5,883
41,5,1001
42,5,821
43,5,214
44,5,430
45,5,502
46,5,477
47,5,795
48,5,807
49,5,669
50,5,116
51,5,141
52,5,462
53,5,325
54,5,847
55,5,733
56,5,647
57,5,236
58,5,101
59,5,923
60,5,210
61,5,311
62,5,291
63,5,688
64,5,716
65,5,849
66,5,376
67,5,555
68,5,520
69,5,804
70,5,254
71,5,451
72,5,655
73,5,499
74,5,289
75,5,185
76,5,485
77,5,215
78,5,888
79,5,601
80,5,217
81,5,226
82,5,537
83,5,713
84,5,632
85,5,809
86,5,351
87,5,329
88,5,596
89,5,931
90,5,103
91,5,782
92,5,344
93,5,343
94,5,426
95,5,844
96,5,302
97,5,952
98,5,784
99,5,628
100,5,806
101,5,524
102,5,732
103,5,371
104,5,908
105,5,619
106,5,257
107,5,213
108,5,641
109,5,379
110,5,796
111,5,521
112,5,567
113,5,815
114,5,752
115,5,450
116,5,327
117,5,434
118,5,609
119,5,586
120,5,882
121,5,533
122,5,261
123,5,915
124,5,224
125,5,498
126,5,279
127,5,107
128,5,932
129,5,219
130,5,149
131,5,974
132,5,220
133,5,421
134,5,747
135,5,489
136,5,985
137,5,297
138,5,151
139,5,880
140,5,171
141,5,1017
142,5,382
143,5,243
144,5,173
145,5,921
146,5,518
147,5,251
148,5,176
149,5,244
150,5,380
151,5,517
152,5,369
153,5,667
154,5,465
155,5,204
156,5,546
157,5,820
158,5,840
159,5,600
160,5,370
161,5,856
162,5,662
163,5,228
164,5,438
165,5,363
166,5,528
167,5,522
168,5,305
169,5,870
170,5,493
171,5,631
172,5,442
173,5,366
174,5,654
175,5,620
176,5,324
177,5,838
178,5,781
179,5,120
180,5,942
181,5,890
182,5,503
183,5,119
184,5,264
185,5,301
186,5,824
187,5,85
188,5,581
189,5,875
190,5,134
191,5,504
192,5,656
193,5,388
194,5,554
195,5,872
196,5,165
197,5,845
198,5,933
199,5,368
200,5,822
201,5,403
202,5,568
203,5,136
204,5,560
205,5,102
206,5,423
207,5,357
208,5,660
209,5,509
210,5,175
211,5,665
212,5,392
213,5,88
214,5,475
215,5,86
216,5,984
217,5,770
218,5,348
219,5,354
220,5,902
221,5,364
222,5,346
223,5,172
224,5,304
225,5,206
226,5,316
227,5,946
228,5,742
229,5,133
230,5,474
231,5,126
232,5,545
233,5,467
234,5,468
235,5,221
236,5,881
237,5,39
238,5,131
239,5,378
240,5,539
241,5,651
242,5,813
243,5,754
244,5,501
245,5,259
246,5,473
247,5,625
248,5,298
249,5,347
250,5,323
251,5,1002
252,5,45
253,5,199
254,5,9
255,5,580
256,5,38
257,5,670
258,5,201
259,5,886
260,5,352
261,5,573
262,5,541
263,5,148
264,5,743
265,5,623
266,5,93
267,5,622
268,5,428
269,5,274
270,5,132
271,5,664
272,5,812
273,5,410
274,5,402
275,5,59
276,5,443
277,5,617
278,5,178
279,5,696
280,5,947
281,5,138
282,5,252
283,5,714
284,5,906
285,5,553
286,5,943
287,5,464
288,5,772
289,5,794
290,5,910
291,5,328
292,5,602
293,5,312
294,5,435
295,5,687
296,5,439
297,5,497
298,5,91
299,5,135
300,5,211
301,5,115
302,5,170
303,5,878
304,5,20
305,5,944
306,5,491
307,5,8
308,5,334
309,5,166
310,5,912
311,5,205
312,5,505
313,5,627
314,5,390
315,5,463
316,5,123
317,5,441
318,5,562
319,5,1009
320,5,330
321,5,285
322,5,405
323,5,587
324,5,104
325,5,303
326,5,326
327,5,843
328,5,338
329,5,197
330,5,585
331,5,668
332,5,1000
333,5,99
334,5,1013
335,5,884
336,5,235
337,5,406
338,5,256
339,5,861
340,5,606
341,5,550
342,5,87
343,5,710
344,5,637
345,5,965
346,5,159
347,5,777
348,5,712
349,5,978
350,5,41
351,5,797
352,5,922
353,5,790
354,5,253
355,5,424
356,5,313
357,5,506
358,5,225
359,5,558
360,5,40
361,5,599
362,5,775
363,5,920
364,5,241
365,5,1005
366,5,242
367,5,588
368,5,885
369,5,835
370,5,212
371,5,830
372,5,387
373,5,829
374,5,77
375,5,826
376,5,811
377,5,286
378,5,661
379,5,137
380,5,758
381,5,783
382,5,914
383,5,294
384,5,292
385,5,139
386,5,478
387,5,659
388,5,855
389,5,162
390,5,51
391,5,744
392,5,227
393,5,566
394,5,404
395,5,342
396,5,458
397,5,977
398,5,748
399,5,422
0,6,740
1,6,597
2,6,681
3,6,280
4,6,908
5,6,954
6,6,868
7,6,485
8,6,55
9,6,721
10,6,421
11,6,725
12,6,784
13,6,687
14,6,227
15,6,584
16,6,785
17,6,564
18,6,435
19,6,751
20,6,629
21,6,515
22,6,249
23,6,250
24,6,696
25,6,847
26,6,695
27,6,475
28,6,968
29,6,209
30,6,840
31,6,325
32,6,946
33,6,699
34,6,944
35,6,434
36,6,553
37,6,827
38,6,281
39,6,367
40,6,882
41,6,1002
42,6,822
43,6,213
44,6,429
45,6,501
46,6,509
47,6,794
48,6,808
49,6,701
50,6,115
51,6,173
52,6,494
53,6,324
54,6,815
55,6,734
56,6,679
57,6,235
58,6,101
59,6,922
60,6,242
61,6,343
62,6,290
63,6,689
64,6,715
65,6,848
66,6,375
67,6,555
68,6,552
69,6,805
70,6,286
71,6,419
72,6,654
73,6,531
74,6,257
75,6,185
76,6,486
77,6,214
78,6,887
79,6,600
80,6,217
81,6,226
82,6,569
83,6,712
84,6,633
85,6,810
86,6,350
87,6,330
88,6,628
89,6,932
90,6,102
91,6,781
92,6,376
93,6,344
94,6,458
95,6,812
96,6,303
97,6,920
98,6,752
99,6,627
100,6,838
101,6,556
102,6,731
103,6,370
104,6,909
105,6,618
106,6,225
107,6,245
108,6,609
109,6,378
110,6,795
111,6,520
112,6,535
113,6,816
114,6,720
115,6,450
116,6,328
117,6,402
118,6,610
119,6,587
120,6,914
121,6,534
122,6,293
123,6,915
124,6,256
125,6,466
126,6,278
127,6,106
128,6,900
129,6,218
130,6,181
131,6,974
132,6,219
133,6,453
134,6,747
135,6,490
136,6,953
137,6,297
138,6,150
139,6,881
140,6,171
141,6,1016
142,6,381
143,6,211
144,6,172
145,6,889
146,6,519
147,6,251
148,6,177
149,6,243
150,6,412
151,6,549
152,6,369
153,6,635
154,6,433
155,6,205
156,6,514
157,6,821
158,6,841
159,6,599
160,6,338
161,6,824
162,6,630
163,6,228
164,6,437
165,6,363
166,6,529
167,6,554
168,6,304
169,6,870
170,6,461
171,6,631
172,6,441
173,6,334
174,6,686
175,6,652
176,6,356
177,6,839
178,6,780
179,6,119
180,6,941
181,6,890
182,6,502
183,6,151
184,6,263
185,6,301
186,6,823
187,6,84
188,6,580
189,6,843
190,6,134
191,6,536
192,6,624
193,6,420
194,6,586
195,6,904
196,6,197
197,6,877
198,6,934
199,6,368
200,6,790
201,6,403
202,6,568
203,6,135
204,6,528
205,6,70
206,6,422
207,6,357
208,6,661
209,6,541
210,6,176
211,6,666
212,6,424
213,6,87
214,6,474
215,6,85
216,6,952
217,6,771
218,6,380
219,6,386
220,6,902
221,6,332
222,6,347
223,6,204
224,6,272
225,6,206
226,6,348
227,6,978
228,6,710
229,6,165
230,6,473
231,6,94
232,6,513
233,6,468
234,6,469
235,6,221
236,6,849
237,6,40
238,6,163
239,6,377
240,6,539
241,6,619
242,6,814
243,6,786
244,6,533
245,6,291
246,6,505
247,6,625
248,6,266
249,6,315
250,6,323
251,6,1003
252,6,46
253,6,167
254,6,10
255,6,579
256,6,39
257,6,669
258,6,200
259,6,885
260,6,320
261,6,605
262,6,573
263,6,149
264,6,744
265,6,622
266,6,93
267,6,621
268,6,396
269,6,274
270,6,164
271,6,632
272,6,813
273,6,410
274,6,401
275,6,91
276,6,442
277,6,616
278,6,178
279,6,697
280,6,948
281,6,137
282,6,220
283,6,713
284,6,905
285,6,521
286,6,942
287,6,465
288,6,804
289,6,793
290,6,911
291,6,329
292,6,601
293,6,311
294,6,467
295,6,688
296,6,438
297,6,498
298,6,123
299,6,103
300,6,210
301,6,147
302,6,138
303,6,879
304,6,21
305,6,912
306,6,523
307,6,8
308,6,302
309,6,166
310,6,880
311,6,237
312,6,506
313,6,626
314,6,358
315,6,462
316,6,122
317,6,440
318,6,563
319,6,1010
320,6,331
321,6,284
322,6,404
323,6,588
324,6,105
325,6,335
326,6,327
327,6,844
328,6,306
329,6,229
330,6,585
331,6,668
332,6,1001
333,6,131
334,6,981
335,6,852
336,6,234
337,6,374
338,6,288
339,6,829
340,6,607
341,6,551
342,6,86
343,6,678
344,6,638
345,6,966
346,6,191
347,6,745
348,6,711
349,6,977
350,6,9
351,6,765
352,6,921
353,6,758
354,6,254
355,6,423
356,6,345
357,6,507
358,6,224
359,6,526
360,6,41
361,6,598
362,6,807
363,6,888
364,6,273
365,6,1006
366,6,241
367,6,589
368,6,884
369,6,803
370,6,212
371,6,862
372,6,388
373,6,828
374,6,45
375,6,826
376,6,811
377,6,285
378,6,693
379,6,136
380,6,757
381,6,782
382,6,913
383,6,326
384,6,292
385,6,140
386,6,477
387,6,660
388,6,856
389,6,194
390,6,52
391,6,776
392,6,259
393,6,565
394,6,436
395,6,342
396,6,459
397,6,976
398,6,749
399,6,390
0,7,741
1,7,565
2,7,682
3,7,312
4,7,909
5,7,954
6,7,869
7,7,517
8,7,87
9,7,722
10,7,453
11,7,693
12,7,785
13,7,687
14,7,259
15,7,584
16,7,753
17,7,596
18,7,434
19,7,752
20,7,628
21,7,514
22,7,281
23,7,218
24,7,695
25,7,848
26,7,663
27,7,443
28,7,936
29,7,208
30,7,841
31,7,326
32,7,947
33,7,667
34,7,943
35,7,402
36,7,554
37,7,795
38,7,280
39,7,399
40,7,914
41,7,1003
42,7,821
43,7,212
44,7,428
45,7,533
46,7,541
47,7,793
48,7,809
49,7,700
50,7,147
51,7,174
52,7,526
53,7,356
54,7,815
55,7,766
56,7,680
57,7,267
58,7,133
59,7,921
60,7,241
61,7,375
62,7,322
63,7,721
64,7,747
65,7,816
66,7,407
67,7,587
68,7,520
69,7,806
70,7,285
71,7,387
72,7,654
73,7,563
74,7,225
75,7,185
76,7,518
77,7,214
78,7,886
79,7,599
80,7,249
81,7,226
82,7,568
83,7,711
84,7,601
85,7,811
86,7,382
87,7,298
88,7,660
89,7,933
90,7,101
91,7,780
92,7,408
93,7,345
94,7,490
95,7,813
96,7,335
97,7,888
98,7,720
99,7,626
100,7,838
101,7,555
102,7,699
103,7,369
104,7,910
105,7,617
106,7,193
107,7,244
108,7,610
109,7,378
110,7,763
111,7,519
112,7,503
113,7,784
114,7,688
115,7,450
116,7,329
117,7,370
118,7,578
119,7,588
120,7,913
121,7,502
122,7,294
123,7,915
124,7,257
125,7,498
126,7,277
127,7,138
128,7,868
129,7,217
130,7,213
131,7,1006
132,7,187
133,7,485
134,7,746
135,7,489
136,7,952
137,7,297
138,7,118
139,7,849
140,7,172
141,7,984
142,7,413
143,7,210
144,7,173
145,7,890
146,7,551
147,7,250
148,7,145
149,7,242
150,7,444
151,7,550
152,7,368
153,7,603
154,7,401
155,7,237
156,7,482
157,7,820
158,7,842
159,7,598
160,7,338
161,7,824
162,7,631
163,7,227
164,7,436
165,7,331
166,7,497
167,7,586
168,7,336
169,7,870
170,7,462
171,7,632
172,7,440
173,7,302
174,7,685
175,7,653
176,7,357
177,7,840
178,7,812
179,7,119
180,7,940
181,7,922
182,7,501
183,7,183
184,7,231
185,7,301
186,7,822
187,7,116
188,7,548
189,7,843
190,7,102
191,7,535
192,7,592
193,7,421
194,7,585
195,7,872
196,7,229
197,7,878
198,7,902
199,7,367
200,7,758
201,7,435
202,7,600
203,7,134
204,7,496
205,7,70
206,7,454
207,7,325
208,7,629
209,7,573
210,7,144
211,7,666
212,7,424
213,7,86
214,7,473
215,7,117
216,7,920
217,7,772
218,7,379
219,7,418
220,7,901
221,7,364
222,7,315
223,7,236
224,7,304
225,7,205
226,7,380
227,7,979
228,7,678
229,7,197
230,7,472
231,7,62
232,7,481
233,7,469
234,7,470
235,7,220
236,7,817
237,7,8
238,7,195
239,7,376
240,7,507
241,7,619
242,7,782
243,7,787
244,7,532
245,7,323
246,7,537
247,7,624
248,7,234
249,7,283
250,7,324
251,7,1004
252,7,47
253,7,135
254,7,11
255,7,547
256,7,40
257,7,701
258,7,199
259,7,884
260,7,288
261,7,604
262,7,605
263,7,150
264,7,745
265,7,621
266,7,94
267,7,589
268,7,396
269,7,306
270,7,165
271,7,633
272,7,814
273,7,410
274,7,400
275,7,123
276,7,441
277,7,615
278,7,178
279,7,698
280,7,949
281,7,136
282,7,219
283,7,712
284,7,904
285,7,521
286,7,974
287,7,466
288,7,805
289,7,792
290,7,912
291,7,330
292,7,602
293,7,310
294,7,467
295,7,689
296,7,437
297,7,499
298,7,122
299,7,104
300,7,209
301,7,179
302,7,137
303,7,847
304,7,22
305,7,880
306,7,524
307,7,9
308,7,303
309,7,166
310,7,881
311,7,269
312,7,474
313,7,594
314,7,390
315,7,494
316,7,121
317,7,439
318,7,595
319,7,1011
320,7,332
321,7,316
322,7,403
323,7,556
324,7,73
325,7,334
326,7,328
327,7,845
328,7,305
329,7,228
330,7,553
331,7,669
332,7,1002
333,7,163
334,7,982
335,7,851
336,7,233
337,7,342
338,7,289
339,7,797
340,7,639
341,7,583
342,7,85
343,7,646
344,7,606
345,7,998
346,7,223
347,7,713
348,7,710
349,7,976
350,7,10
351,7,733
352,7,889
353,7,757
354,7,286
355,7,423
356,7,377
357,7,508
358,7,224
359,7,527
360,7,41
361,7,597
362,7,839
363,7,856
364,7,274
365,7,1007
366,7,273
367,7,557
368,7,883
369,7,771
370,7,211
371,7,861
372,7,388
373,7,827
374,7,45
375,7,826
376,7,779
377,7,284
378,7,692
379,7,168
380,7,725
381,7,781
382,7,945
383,7,358
384,7,292
385,7,140
386,7,476
387,7,661
388,7,857
389,7,194
390,7,84
391,7,808
392,7,291
393,7,564
394,7,468
395,7,343
396,7,458
397,7,944
398,7,750
399,7,422
0,8,709
1,8,566
2,8,650
3,8,344
4,8,910
5,8,954
6,8,901
7,8,518
8,8,119
9,8,690
10,8,454
11,8,661
12,8,753
13,8,687
14,8,291
15,8,552
16,8,752
17,8,628
18,8,433
19,8,720
20,8,660
21,8,482
22,8,280
23,8,217
24,8,694
25,8,849
26,8,631
27,8,444
28,8,935
29,8,207
30,8,841
31,8,327
32,8,948
33,8,635
34,8,942
35,8,370
36,8,555
37,8,763
38,8,312
39,8,398
40,8,946
41,8,1004
42,8,820
43,8,212
44,8,428
45,8,532
46,8,573
47,8,792
48,8,810
49,8,732
50,8,179
51,8,175
52,8,526
53,8,357
54,8,814
55,8,798
56,8,681
57,8,267
58,8,101
59,8,920
60,8,240
61,8,375
62,8,354
63,8,721
64,8,715
65,8,815
66,8,406
67,8,586
68,8,520
69,8,807
70,8,317
71,8,388
72,8,653
73,8,595
74,8,193
75,8,185
76,8,519
77,8,213
78,8,885
79,8,598
80,8,281
81,8,225
82,8,567
83,8,679
84,8,600
85,8,779
86,8,414
87,8,266
88,8,692
89,8,934
90,8,100
91,8,748
92,8,407
93,8,346
94,8,491
95,8,812
96,8,303
97,8,887
98,8,688
99,8,625
100,8,870
101,8,587
102,8,667
103,8,368
104,8,911
105,8,616
106,8,161
107,8,243
108,8,578
109,8,377
110,8,731
111,8,551
112,8,504
113,8,816
114,8,656
115,8,451
116,8,330
117,8,338
118,8,546
119,8,589
120,8,945
121,8,501
122,8,326
123,8,914
124,8,257
125,8,498
126,8,276
127,8,138
128,8,836
129,8,216
130,8,245
131,8,1007
132,8,155
133,8,517
134,8,747
135,8,490
136,8,951
137,8,329
138,8,117
139,8,817
140,8,173
141,8,952
142,8,445
143,8,178
144,8,174
145,8,858
146,8,583
147,8,249
148,8,145
149,8,241
150,8,476
151,8,550
152,8,400
153,8,571
154,8,369
155,8,269
156,8,481
157,8,788
158,8,843
159,8,597
160,8,306
161,8,825
162,8,599
163,8,226
164,8,435
165,8,299
166,8,465
167,8,618
168,8,335
169,8,869
170,8,462
171,8,664
172,8,439
173,8,334
174,8,717
175,8,685
176,8,325
177,8,808
178,8,844
179,8,118
180,8,972
181,8,921
182,8,533
183,8,184
184,8,230
185,8,302
186,8,821
187,8,84
188,8,548
189,8,811
190,8,103
191,8,534
192,8,560
193,8,453
194,8,584
195,8,873
196,8,261
197,8,879
198,8,903
199,8,367
200,8,757
201,8,467
202,8,632
203,8,133
204,8,464
205,8,102
206,8,486
207,8,293
208,8,630
209,8,605
210,8,144
211,8,666
212,8,392
213,8,54
214,8,441
215,8,116
216,8,888
217,8,772
218,8,378
219,8,450
220,8,902
221,8,363
222,8,283
223,8,237
224,8,305
225,8,204
226,8,379
227,8,980
228,8,678
229,8,229
230,8,473
231,8,30
232,8,449
233,8,437
234,8,502
235,8,219
236,8,785
237,8,9
238,8,227
239,8,408
240,8,475
241,8,619
242,8,783
243,8,787
244,8,564
245,8,355
246,8,569
247,8,623
248,8,202
249,8,284
250,8,324
251,8,1005
252,8,48
253,8,136
254,8,12
255,8,547
256,8,8
257,8,700
258,8,199
259,8,883
260,8,256
261,8,603
262,8,637
263,8,151
264,8,746
265,8,620
266,8,95
267,8,621
268,8,396
269,8,307
270,8,197
271,8,633
272,8,782
273,8,410
274,8,399
275,8,122
276,8,440
277,8,614
278,8,146
279,8,730
280,8,981
281,8,168
282,8,218
283,8,744
284,8,904
285,8,489
286,8,973
287,8,466
288,8,806
289,8,791
290,8,880
291,8,298
292,8,601
293,8,278
294,8,468
295,8,689
296,8,436
297,8,531
298,8,121
299,8,105
300,8,208
301,8,211
302,8,137
303,8,847
304,8,23
305,8,848
306,8,556
307,8,41
308,8,304
309,8,165
310,8,881
311,8,301
312,8,442
313,8,562
314,8,422
315,8,494
316,8,120
317,8,438
318,8,627
319,8,979
320,8,364
321,8,348
322,8,402
323,8,557
324,8,73
325,8,333
326,8,328
327,8,813
328,8,273
329,8,260
330,8,521
331,8,670
332,8,1003
333,8,195
334,8,983
335,8,819
336,8,265
337,8,310
338,8,289
339,8,765
340,8,671
341,8,615
342,8,86
343,8,645
344,8,574
345,8,999
346,8,255
347,8,714
348,8,710
349,8,976
350,8,11
351,8,701
352,8,889
353,8,725
354,8,318
355,8,424
356,8,409
357,8,509
358,8,224
359,8,528
360,8,40
361,8,596
362,8,840
363,8,824
364,8,242
365,8,1008
366,8,272
367,8,558
368,8,882
369,8,739
370,8,210
371,8,893
372,8,356
373,8,859
374,8,45
375,8,826
376,8,780
377,8,316
378,8,724
379,8,167
380,8,693
381,8,781
382,8,944
383,8,390
384,8,292
385,8,172
386,8,508
387,8,662
388,8,857
389,8,194
390,8,85
391,8,809
392,8,323
393,8,563
394,8,469
395,8,343
396,8,426
397,8,943
398,8,751
399,8,423
0,9,677
1,9,534
2,9,651
3,9,343
4,9,911
5,9,954
6,9,933
7,9,519
8,9,151
9,9,689
10,9,486
11,9,629
12,9,721
13,9,687
14,9,323
15,9,553
16,9,784
17,9,660
18,9,432
19,9,688
20,9,659
21,9,450
22,9,312
23,9,217
24,9,693
25,9,849
26,9,599
27,9,412
28,9,903
29,9,206
30,9,809
31,9,328
32,9,980
33,9,603
34,9,941
35,9,371
36,9,523
37,9,731
38,9,311
39,9,430
40,9,945
41,9,1005
42,9,821
43,9,211
44,9,460
45,9,564
46,9,605
47,9,791
48,9,811
49,9,733
50,9,178
51,9,207
52,9,558
53,9,358
54,9,813
55,9,830
56,9,682
57,9,266
58,9,102
59,9,888
60,9,272
61,9,407
62,9,386
63,9,720
64,9,747
65,9,814
66,9,406
67,9,618
68,9,521
69,9,807
70,9,349
71,9,356
72,9,652
73,9,594
74,9,161
75,9,185
76,9,551
77,9,212
78,9,884
79,9,597
80,9,313
81,9,226
82,9,566
83,9,647
84,9,568
85,9,780
86,9,413
87,9,234
88,9,691
89,9,935
90,9,132
91,9,716
92,9,408
93,9,347
94,9,492
95,9,812
96,9,335
97,9,886
98,9,656
99,9,625
100,9,902
101,9,619
102,9,666
103,9,367
104,9,879
105,9,617
106,9,129
107,9,242
108,9,546
109,9,376
110,9,699
111,9,550
112,9,505
113,9,817
114,9,624
115,9,483
116,9,331
117,9,338
118,9,545
119,9,590
120,9,944
121,9,469
122,9,327
123,9,914
124,9,257
125,9,498
126,9,276
127,9,138
128,9,804
129,9,215
130,9,244
131,9,1008
132,9,154
133,9,517
134,9,748
135,9,458
136,9,919
137,9,361
138,9,116
139,9,785
140,9,174
141,9,920
142,9,477
143,9,146
144,9,142
145,9,826
146,9,615
147,9,281
148,9,145
149,9,240
150,9,508
151,9,518
152,9,368
153,9,539
154,9,370
155,9,269
156,9,449
157,9,820
158,9,844
159,9,565
160,9,274
161,9,793
162,9,567
163,9,194
164,9,434
165,9,267
166,9,466
167,9,650
168,9,334
169,9,870
170,9,462
171,9,663
172,9,438
173,9,333
174,9,717
175,9,685
176,9,326
177,9,808
178,9,876
179,9,117
180,9,971
181,9,921
182,9,532
183,9,216
184,9,230
185,9,303
186,9,822
187,9,52
188,9,548
189,9,779
190,9,104
191,9,533
192,9,528
193,9,485
194,9,583
195,9,905
196,9,293
197,9,880
198,9,904
199,9,399
200,9,725
201,9,499
202,9,664
203,9,165
204,9,465
205,9,103
206,9,487
207,9,294
208,9,598
209,9,637
210,9,144
211,9,698
212,9,392
213,9,86
214,9,442
215,9,115
216,9,887
217,9,772
218,9,377
219,9,451
220,9,934
221,9,363
222,9,284
223,9,237
224,9,306
225,9,203
226,9,378
227,9,981
228,9,679
229,9,261
230,9,474
231,9,29
232,9,417
233,9,405
234,9,501
235,9,219
236,9,753
237,9,10
238,9,259
239,9,440
240,9,443
241,9,620
242,9,751
243,9,788
244,9,596
245,9,387
246,9,601
247,9,622
248,9,170
249,9,285
250,9,325
251,9,1006
252,9,80
253,9,137
254,9,13
255,9,547
256,9,9
257,9,732
258,9,199
259,9,882
260,9,224
261,9,602
262,9,638
263,9,183
264,9,746
265,9,621
266,9,127
267,9,589
268,9,428
269,9,339
270,9,229
271,9,632
272,9,783
273,9,409
274,9,398
275,9,121
276,9,439
277,9,614
278,9,147
279,9,762
280,9,982
281,9,167
282,9,218
283,9,776
284,9,872
285,9,457
286,9,972
287,9,467
288,9,838
289,9,790
290,9,848
291,9,298
292,9,600
293,9,246
294,9,468
295,9,657
296,9,435
297,9,531
298,9,153
299,9,106
300,9,208
301,9,243
302,9,105
303,9,847
304,9,24
305,9,816
306,9,588
307,9,40
308,9,305
309,9,197
310,9,913
311,9,302
312,9,410
313,9,561
314,9,421
315,9,526
316,9,119
317,9,437
318,9,628
319,9,947
320,9,396
321,9,380
322,9,401
323,9,557
324,9,41
325,9,301
326,9,329
327,9,845
328,9,241
329,9,292
330,9,489
331,9,670
332,9,1004
333,9,227
334,9,951
335,9,787
336,9,264
337,9,309
338,9,289
339,9,765
340,9,671
341,9,616
342,9,118
343,9,613
344,9,542
345,9,1000
346,9,287
347,9,715
348,9,709
349,9,976
350,9,12
351,9,669
352,9,889
353,9,724
354,9,350
355,9,424
356,9,441
357,9,541
358,9,225
359,9,529
360,9,39
361,9,595
362,9,841
363,9,792
364,9,210
365,9,1009
366,9,304
367,9,559
368,9,881
369,9,707
370,9,209
371,9,925
372,9,357
373,9,858
374,9,45
375,9,827
376,9,781
377,9,348
378,9,723
379,9,166
380,9,661
381,9,749
382,9,943
383,9,422
384,9,324
385,9,204
386,9,507
387,9,662
388,9,857
389,9,195
390,9,84
391,9,810
392,9,355
393,9,562
394,9,470
395,9,375
396,9,394
397,9,942
398,9,752
399,9,423
0,10,678
1,10,502
2,10,619
3,10,375
4,10,912
5,10,954
6,10,965
7,10,551
8,10,183
9,10,688
10,10,487
11,10,597
12,10,722
13,10,687
14,10,355
15,10,585
16,10,785
17,10,692
18,10,464
19,10,656
20,10,658
21,10,449
22,10,344
23,10,218
24,10,661
25,10,817
26,10,567
27,10,413
28,10,902
29,10,174
30,10,777
31,10,329
32,10,1012
33,10,602
34,10,973
35,10,339
36,10,523
37,10,699
38,10,343
39,10,462
40,10,944
41,10,1006
42,10,822
43,10,212
44,10,460
45,10,565
46,10,605
47,10,790
48,10,812
49,10,734
50,10,210
51,10,239
52,10,590
53,10,390
54,10,845
55,10,829
56,10,682
57,10,265
58,10,103
59,10,856
60,10,304
61,10,406
62,10,386
63,10,719
64,10,746
65,10,814
66,10,405
67,10,650
68,10,522
69,10,807
70,10,348
71,10,357
72,10,651
73,10,626
74,10,129
75,10,186
76,10,552
77,10,213
78,10,883
79,10,596
80,10,345
81,10,227
82,10,566
83,10,646
84,10,536
85,10,781
86,10,445
87,10,234
88,10,690
89,10,936
90,10,133
91,10,715
92,10,440
93,10,315
94,10,524
95,10,813
96,10,336
97,10,885
98,10,624
99,10,625
100,10,934
101,10,618
102,10,665
103,10,399
104,10,880
105,10,617
106,10,130
107,10,241
108,10,547
109,10,408
110,10,667
111,10,549
112,10,506
113,10,818
114,10,592
115,10,451
116,10,332
117,10,306
118,10,513
119,10,622
120,10,943
121,10,470
122,10,328
123,10,882
124,10,225
125,10,466
126,10,308
127,10,106
128,10,805
129,10,214
130,10,276
131,10,1009
132,10,153
133,10,518
134,10,747
135,10,426
136,10,887
137,10,362
138,10,115
139,10,753
140,10,175
141,10,920
142,10,509
143,10,147
144,10,141
145,10,825
146,10,616
147,10,280
148,10,146
149,10,208
150,10,540
151,10,550
152,10,369
153,10,507
154,10,338
155,10,301
156,10,417
157,10,821
158,10,843
159,10,533
160,10,273
161,10,792
162,10,568
163,10,193
164,10,433
165,10,266
166,10,467
167,10,649
168,10,366
169,10,838
170,10,461
171,10,664
172,10,437
173,10,334
174,10,716
175,10,717
176,10,327
177,10,809
178,10,877
179,10,116
180,10,1003
181,10,921
182,10,531
183,10,217
184,10,230
185,10,335
186,10,854
187,10,20
188,10,516
189,10,778
190,10,105
191,10,532
192,10,496
193,10,517
194,10,583
195,10,906
196,10,292
197,10,881
198,10,905
199,10,398
200,10,693
201,10,499
202,10,696
203,10,197
204,10,465
205,10,104
206,10,519
207,10,295
208,10,598
209,10,669
210,10,145
211,10,666
212,10,424
213,10,85
214,10,441
215,10,114
216,10,886
217,10,772
218,10,376
219,10,450
220,10,966
221,10,331
222,10,252
223,10,269
224,10,307
225,10,202
226,10,377
227,10,982
228,10,680
229,10,293
230,10,474
231,10,28
232,10,385
233,10,373
234,10,501
235,10,219
236,10,721
237,10,11
238,10,291
239,10,439
240,10,442
241,10,621
242,10,752
243,10,820
244,10,564
245,10,388
246,10,600
247,10,654
248,10,171
249,10,317
250,10,326
251,10,1007
252,10,112
253,10,138
254,10,14
255,10,548
256,10,10
257,10,731
258,10,167
259,10,850
260,10,224
261,10,601
262,10,637
263,10,184
264,10,745
265,10,589
266,10,127
267,10,557
268,10,429
269,10,340
270,10,261
271,10,631
272,10,751
273,10,410
274,10,430
275,10,121
276,10,438
277,10,613
278,10,179
279,10,763
280,10,983
281,10,166
282,10,250
283,10,808
284,10,904
285,10,458
286,10,971
287,10,468
288,10,839
289,10,758
290,10,849
291,10,298
292,10,599
293,10,245
294,10,469
295,10,689
296,10,434
297,10,563
298,10,185
299,10,107
300,10,207
301,10,242
302,10,73
303,10,848
304,10,56
305,10,784
306,10,620
307,10,39
308,10,305
309,10,229
310,10,914
311,10,302
312,10,378
313,10,529
314,10,453
315,10,526
316,10,119
317,10,436
318,10,660
319,10,915
320,10,428
321,10,379
322,10,400
323,10,558
324,10,40
325,10,333
326,10,330
327,10,844
328,10,240
329,10,324
330,10,490
331,10,638
332,10,1005
333,10,259
334,10,919
335,10,787
336,10,263
337,10,277
338,10,257
339,10,733
340,10,671
341,10,648
342,10,117
343,10,612
344,10,510
345,10,1001
346,10,319
347,10,683
348,10,708
349,10,976
350,10,13
351,10,670
352,10,888
353,10,723
354,10,382
355,10,423
356,10,473
357,10,573
358,10,226
359,10,497
360,10,38
361,10,595
362,10,842
363,10,760
364,10,211
365,10,1010
366,10,303
367,10,527
368,10,913
369,10,675
370,10,209
371,10,924
372,10,325
373,10,857
374,10,45
375,10,826
376,10,782
377,10,380
378,10,755
379,10,165
380,10,629
381,10,748
382,10,942
383,10,454
384,10,356
385,10,236
386,10,508
387,10,663
388,10,889
389,10,195
390,10,84
391,10,811
392,10,387
393,10,594
394,10,471
395,10,407
396,10,394
397,10,941
398,10,720
399,10,422
0,11,679
1,11,501
2,11,587
3,11,374
4,11,880
5,11,954
6,11,997
7,11,552
8,11,184
9,11,656
10,11,519
11,11,565
12,11,723
13,11,687
14,11,355
15,11,586
16,11,786
17,11,724
18,11,463
19,11,624
20,11,657
21,11,417
22,11,376
23,11,218
24,11,693
25,11,785
26,11,535
27,11,381
28,11,901
29,11,142
30,11,745
31,11,361
32,11,1013
33,11,570
34,11,972
35,11,340
36,11,524
37,11,667
38,11,375
39,11,494
40,11,943
41,11,1007
42,11,823
43,11,213
44,11,492
45,11,564
46,11,637
47,11,758
48,11,813
49,11,766
50,11,209
51,11,240
52,11,622
53,11,358
54,11,877
55,11,861
56,11,683
57,11,233
58,11,104
59,11,824
60,11,336
61,11,438
62,11,387
63,11,751
64,11,778
65,11,782
66,11,404
67,11,682
68,11,523
69,11,775
70,11,380
71,11,325
72,11,650
73,11,658
74,11,97
75,11,186
76,11,584
77,11,181
78,11,882
79,11,628
80,11,377
81,11,259
82,11,566
83,11,645
84,11,504
85,11,749
86,11,477
87,11,202
88,11,722
89,11,904
90,11,165
91,11,715
92,11,439
93,11,283
94,11,556
95,11,814
96,11,368
97,11,884
98,11,592
99,11,625
100,11,966
101,11,617
102,11,633
103,11,431
104,11,848
105,11,585
106,11,98
107,11,242
108,11,515
109,11,440
110,11,635
111,11,548
112,11,474
113,11,819
114,11,560
115,11,450
116,11,333
117,11,305
118,11,481
119,11,654
120,11,942
121,11,502
122,11,329
123,11,881
124,11,193
125,11,434
126,11,307
127,11,138
128,11,806
129,11,214
130,11,308
131,11,1010
132,11,121
133,11,518
134,11,747
135,11,426
136,11,886
137,11,394
138,11,114
139,11,721
140,11,176
141,11,888
142,11,509
143,11,148
144,11,173
145,11,793
146,11,616
147,11,279
148,11,147
149,11,207
150,11,541
151,11,550
152,11,370
153,11,475
154,11,306
155,11,302
156,11,385
157,11,822
158,11,844
159,11,534
160,11,241
161,11,760
162,11,536
163,11,161
164,11,401
165,11,265
166,11,468
167,11,681
168,11,398
169,11,839
170,11,461
171,11,632
172,11,436
173,11,366
174,11,716
175,11,717
176,11,328
177,11,810
178,11,878
179,11,115
180,11,1003
181,11,921
182,11,563
183,11,249
184,11,230
185,11,367
186,11,854
187,11,20
188,11,516
189,11,777
190,11,106
191,11,531
192,11,464
193,11,549
194,11,583
195,11,938
196,11,293
197,11,913
198,11,873
199,11,430
200,11,694
201,11,499
202,11,696
203,11,229
204,11,465
205,11,105
206,11,551
207,11,263
208,11,630
209,11,668
210,11,146
211,11,666
212,11,423
213,11,84
214,11,473
215,11,113
216,11,885
217,11,772
218,11,408
219,11,482
220,11,998
221,11,299
222,11,220
223,11,269
224,11,339
225,11,201
226,11,409
227,11,983
228,11,648
229,11,294
230,11,442
231,11,27
232,11,353
233,11,373
234,11,533
235,11,219
236,11,689
237,11,12
238,11,323
239,11,407
240,11,441
241,11,589
242,11,753
243,11,821
244,11,532
245,11,420
246,11,599
247,11,653
248,11,172
249,11,318
250,11,327
251,11,1008
252,11,144
253,11,170
254,11,46
255,11,547
256,11,11
257,11,763
258,11,135
259,11,850
260,11,225
261,11,600
262,11,669
263,11,185
264,11,746
265,11,557
266,11,127
267,11,525
268,11,428
269,11,341
270,11,261
271,11,631
272,11,752
273,11,410
274,11,462
275,11,89
276,11,437
277,11,612
278,11,211
279,11,795
280,11,951
281,11,166
282,11,250
283,11,807
284,11,903
285,11,459
286,11,970
287,11,469
288,11,840
289,11,757
290,11,817
291,11,266
292,11,598
293,11,244
294,11,470
295,11,690
296,11,433
297,11,595
298,11,217
299,11,108
300,11,206
301,11,274
302,11,41
303,11,849
304,11,88
305,11,784
306,11,652
307,11,38
308,11,273
309,11,228
310,11,915
311,11,334
312,11,346
313,11,497
314,11,485
315,11,558
316,11,119
317,11,435
318,11,661
319,11,883
320,11,460
321,11,378
322,11,399
323,11,559
324,11,8
325,11,301
326,11,331
327,11,812
328,11,272
329,11,356
330,11,458
331,11,606
332,11,1006
333,11,291
334,11,920
335,11,755
336,11,231
337,11,276
338,11,257
339,11,701
340,11,670
341,11,649
342,11,116
343,11,580
344,11,478
345,11,1002
346,11,351
347,11,651
348,11,707
349,11,976
350,11,14
351,11,638
352,11,887
353,11,691
354,11,414
355,11,422
356,11,505
357,11,605
358,11,226
359,11,498
360,11,70
361,11,594
362,11,874
363,11,728
364,11,212
365,11,1011
366,11,335
367,11,528
368,11,912
369,11,674
370,11,208
371,11,923
372,11,326
373,11,856
374,11,45
375,11,826
376,11,783
377,11,379
378,11,754
379,11,197
380,11,597
381,11,780
382,11,941
383,11,486
384,11,388
385,11,237
386,11,540
387,11,664
388,11,890
389,11,227
390,11,52
391,11,843
392,11,419
393,11,626
394,11,472
395,11,406
396,11,393
397,11,940
398,11,688
399,11,390
0,12,680
1,12,469
2,12,555
3,12,373
4,12,848
5,12,954
6,12,997
7,12,584
8,12,185
9,12,624
10,12,520
11,12,533
12,12,724
13,12,687
14,12,356
15,12,618
16,12,818
17,12,692
18,12,462
19,12,592
20,12,656
21,12,385
22,12,375
23,12,217
24,12,693
25,12,753
26,12,536
27,12,349
28,12,901
29,12,142
30,12,745
31,12,393
32,12,1013
33,12,569
34,12,971
35,12,308
36,12,525
37,12,635
38,12,407
39,12,526
40,12,942
41,12,1008
42,12,791
43,12,212
44,12,524
45,12,596
46,12,669
47,12,757
48,12,781
49,12,767
50,12,210
51,12,241
52,12,654
53,12,357
54,12,876
55,12,893
56,12,684
57,12,234
58,12,105
59,12,823
60,12,336
61,12,438
62,12,387
63,12,719
64,12,777
65,12,782
66,12,404
67,12,714
68,12,523
69,12,775
70,12,379
71,12,326
72,12,650
73,12,690
74,12,98
75,12,218
76,12,616
77,12,181
78,12,881
79,12,660
80,12,409
81,12,291
82,12,565
83,12,613
84,12,505
85,12,750
86,12,509
87,12,203
88,12,754
89,12,905
90,12,197
91,12,683
92,12,471
93,12,284
94,12,588
95,12,815
96,12,369
97,12,883
98,12,560
99,12,625
100,12,998
101,12,617
102,12,632
103,12,463
104,12,849
105,12,585
106,12,99
107,12,242
108,12,483
109,12,439
110,12,603
111,12,547
112,12,442
113,12,820
114,12,528
115,12,450
116,12,333
117,12,304
118,12,449
119,12,655
120,12,941
121,12,501
122,12,330
123,12,880
124,12,194
125,12,402
126,12,306
127,12,137
128,12,807
129,12,213
130,12,307
131,12,1011
132,12,121
133,12,517
134,12,715
135,12,458
136,12,885
137,12,426
138,12,113
139,12,720
140,12,177
141,12,856
142,12,541
143,12,116
144,12,174
145,12,792
146,12,648
147,12,278
148,12,148
149,12,206
150,12,573
151,12,549
152,12,370
153,12,476
154,12,274
155,12,303
156,12,353
157,12,854
158,12,845
159,12,566
160,12,209
161,12,728
162,12,504
163,12,129
164,12,401
165,12,264
166,12,468
167,12,713
168,12,430
169,12,840
170,12,461
171,12,631
172,12,435
173,12,367
174,12,716
175,12,749
176,12,329
177,12,811
178,12,878
179,12,147
180,12,1004
181,12,921
182,12,595
183,12,281
184,12,230
185,12,368
186,12,886
187,12,20
188,12,515
189,12,776
190,12,138
191,12,563
192,12,432
193,12,581
194,12,551
195,12,938
196,12,325
197,12,945
198,12,874
199,12,431
200,12,695
201,12,531
202,12,697
203,12,261
204,12,464
205,12,106
206,12,550
207,12,263
208,12,662
209,12,700
210,12,146
211,12,667
212,12,422
213,12,52
214,12,474
215,12,112
216,12,884
217,12,772
218,12,408
219,12,514
220,12,999
221,12,267
222,12,188
223,12,301
224,12,371
225,12,233
226,12,441
227,12,951
228,12,649
229,12,294
230,12,443
231,12,27
232,12,352
233,12,341
234,12,532
235,12,219
236,12,657
237,12,13
238,12,355
239,12,406
240,12,440
241,12,557
242,12,721
243,12,822
244,12,564
245,12,421
246,12,598
247,12,621
248,12,173
249,12,318
250,12,328
251,12,1009
252,12,145
253,12,170
254,12,47
255,12,546
256,12,12
257,12,762
258,12,134
259,12,882
260,12,193
261,12,599
262,12,701
263,12,186
264,12,747
265,12,558
266,12,127
267,12,493
268,12,396
269,12,340
270,12,293
271,12,630
272,12,752
273,12,410
274,12,494
275,12,89
276,12,436
277,12,580
278,12,211
279,12,796
280,12,952
281,12,165
282,12,249
283,12,839
284,12,902
285,12,460
286,12,969
287,12,470
288,12,841
289,12,725
290,12,785
291,12,266
292,12,597
293,12,243
294,12,502
295,12,691
296,12,433
297,12,594
298,12,216
299,12,109
300,12,205
301,12,273
302,12,41
303,12,817
304,12,120
305,12,784
306,12,653
307,12,70
308,12,305
309,12,260
310,12,916
311,12,366
312,12,347
313,12,465
314,12,485
315,12,590
316,12,119
317,12,403
318,12,661
319,12,851
320,12,492
321,12,377
322,12,398
323,12,527
324,12,8
325,12,302
326,12,332
327,12,813
328,12,240
329,12,388
330,12,459
331,12,574
332,12,1007
333,12,323
334,12,888
335,12,755
336,12,231
337,12,276
338,12,225
339,12,733
340,12,670
341,12,681
342,12,115
343,12,579
344,12,477
345,12,1003
346,12,350
347,12,619
348,12,706
349,12,976
350,12,15
351,12,606
352,12,887
353,12,723
354,12,413
355,12,454
356,12,537
357,12,637
358,12,227
359,12,499
360,12,69
361,12,562
362,12,906
363,12,696
364,12,244
365,12,1012
366,12,334
367,12,496
368,12,911
369,12,642
370,12,207
371,12,922
372,12,327
373,12,855
374,12,45
375,12,826
376,12,751
377,12,378
378,12,786
379,12,229
380,12,629
381,12,779
382,12,940
383,12,518
384,12,420
385,12,238
386,12,539
387,12,665
388,12,891
389,12,259
390,12,51
391,12,844
392,12,419
393,12,658
394,12,473
395,12,374
396,12,394
397,12,908
398,12,688
399,12,390
0,13,681
1,13,437
2,13,556
3,13,405
4,13,848
5,13,954
6,13,998
7,13,585
8,13,185
9,13,592
10,13,521
11,13,501
12,13,692
13,13,687
14,13,356
15,13,618
16,13,817
17,13,691
18,13,494
19,13,560
20,13,655
21,13,353
22,13,374
23,13,216
24,13,693
25,13,754
26,13,504
27,13,317
28,13,869
29,13,142
30,13,713
31,13,394
32,13,1014
33,13,568
34,13,970
35,13,308
36,13,526
37,13,603
38,13,439
39,13,558
40,13,974
41,13,1009
42,13,823
43,13,211
44,13,523
45,13,628
46,13,701
47,13,725
48,13,749
49,13,767
50,13,209
51,13,273
52,13,686
53,13,357
54,13,875
55,13,925
56,13,684
57,13,202
58,13,106
59,13,822
60,13,368
61,13,438
62,13,388
63,13,719
64,13,776
65,13,782
66,13,404
67,13,746
68,13,555
69,13,807
70,13,378
71,13,327
72,13,650
73,13,689
74,13,99
75,13,217
76,13,584
77,13,213
78,13,849
79,13,660
80,13,441
81,13,292
82,13,564
83,13,612
84,13,473
85,13,751
86,13,541
87,13,171
88,13,786
89,13,873
90,13,229
91,13,651
92,13,503
93,13,252
94,13,620
95,13,816
96,13,370
97,13,883
98,13,528
99,13,624
100,13,999
101,13,616
102,13,600
103,13,463
104,13,850
105,13,617
106,13,100
107,13,241
108,13,451
109,13,471
110,13,571
111,13,547
112,13,442
113,13,821
114,13,529
115,13,450
116,13,334
117,13,305
118,13,417
119,13,654
120,13,940
121,13,469
122,13,331
123,13,880
124,13,162
125,13,401
126,13,274
127,13,136
128,13,808
129,13,212
130,13,339
131,13,1012
132,13,89
133,13,518
134,13,683
135,13,457
136,13,884
137,13,458
138,13,81
139,13,688
140,13,178
141,13,824
142,13,573
143,13,116
144,13,173
145,13,791
146,13,680
147,13,278
148,13,149
149,13,174
150,13,605
151,13,517
152,13,402
153,13,477
154,13,242
155,13,304
156,13,352
157,13,855
158,13,813
159,13,565
160,13,208
161,13,727
162,13,505
163,13,130
164,13,433
165,13,263
166,13,436
167,13,712
168,13,462
169,13,841
170,13,460
171,13,631
172,13,434
173,13,335
174,13,715
175,13,750
176,13,330
177,13,779
178,13,878
179,13,179
180,13,1005
181,13,921
182,13,627
183,13,313
184,13,230
185,13,369
186,13,885
187,13,20
188,13,483
189,13,744
190,13,139
191,13,562
192,13,400
193,13,613
194,13,551
195,13,938
196,13,326
197,13,946
198,13,842
199,13,399
200,13,663
201,13,563
202,13,696
203,13,293
204,13,464
205,13,74
206,13,549
207,13,231
208,13,630
209,13,699
210,13,147
211,13,667
212,13,454
213,13,51
214,13,475
215,13,80
216,13,916
217,13,772
218,13,407
219,13,546
220,13,1000
221,13,235
222,13,156
223,13,302
224,13,371
225,13,265
226,13,440
227,13,952
228,13,649
229,13,294
230,13,443
231,13,27
232,13,320
233,13,309
234,13,531
235,13,219
236,13,658
237,13,14
238,13,387
239,13,406
240,13,408
241,13,525
242,13,721
243,13,854
244,13,532
245,13,453
246,13,597
247,13,589
248,13,205
249,13,318
250,13,329
251,13,1010
252,13,146
253,13,138
254,13,48
255,13,545
256,13,13
257,13,794
258,13,102
259,13,881
260,13,161
261,13,599
262,13,733
263,13,187
264,13,748
265,13,557
266,13,127
267,13,461
268,13,364
269,13,340
270,13,325
271,13,598
272,13,720
273,13,410
274,13,493
275,13,88
276,13,435
277,13,579
278,13,243
279,13,797
280,13,953
281,13,197
282,13,249
283,13,838
284,13,901
285,13,428
286,13,968
287,13,470
288,13,809
289,13,724
290,13,753
291,13,234
292,13,629
293,13,244
294,13,502
295,13,723
296,13,432
297,13,595
298,13,215
299,13,77
300,13,237
301,13,272
302,13,41
303,13,785
304,13,121
305,13,752
306,13,685
307,13,69
308,13,306
309,13,260
310,13,948
311,13,398
312,13,315
313,13,465
314,13,485
315,13,622
316,13,119
317,13,403
318,13,662
319,13,852
320,13,524
321,13,409
322,13,430
323,13,527
324,13,8
325,13,303
326,13,333
327,13,781
328,13,239
329,13,420
330,13,459
331,13,542
332,13,1008
333,13,322
334,13,856
335,13,755
336,13,199
337,13,277
338,13,193
339,13,765
340,13,669
341,13,682
342,13,115
343,13,578
344,13,445
345,13,1004
346,13,382
347,13,587
348,13,738
349,13,976
350,13,16
351,13,574
352,13,886
353,13,722
354,13,412
355,13,486
356,13,569
357,13,637
358,13,228
359,13,499
360,13,101
361,13,561
362,13,906
363,13,664
364,13,276
365,13,1013
366,13,366
367,13,497
368,13,879
369,13,610
370,13,206
371,13,922
372,13,295
373,13,887
374,13,45
375,13,826
376,13,783
377,13,377
378,13,818
379,13,261
380,13,661
381,13,778
382,13,972
383,13,550
384,13,421
385,13,238
386,13,538
387,13,697
388,13,892
389,13,291
390,13,50
391,13,876
392,13,419
393,13,690
394,13,474
395,13,342
396,13,362
397,13,907
398,13,656
399,13,422
0,14,649
1,14,405
2,14,557
3,14,404
4,14,849
5,14,954
6,14,999
7,14,586
8,14,217
9,14,560
10,14,522
11,14,469
12,14,693
13,14,655
14,14,356
15,14,618
16,14,816
17,14,690
18,14,493
19,14,561
20,14,654
21,14,321
22,14,373
23,14,215
24,14,725
25,14,754
26,14,504
27,14,285
28,14,837
29,14,141
30,14,681
31,14,426
32,14,982
33,14,536
34,14,969
35,14,340
36,14,527
37,14,571
38,14,471
39,14,590
40,14,973
41,14,1010
42,14,791
43,14,210
44,14,524
45,14,660
46,14,733
47,14,724
48,14,750
49,14,767
50,14,208
51,14,274
52,14,687
53,14,357
54,14,874
55,14,957
56,14,685
57,14,201
58,14,138
59,14,790
60,14,400
61,14,439
62,14,388
63,14,719
64,14,775
65,14,781
66,14,436
67,14,778
68,14,523
69,14,808
70,14,377
71,14,328
72,14,650
73,14,688
74,14,100
75,14,249
76,14,584
77,14,212
78,14,817
79,14,692
80,14,473
81,14,324
82,14,563
83,14,580
84,14,474
85,14,783
86,14,573
87,14,172
88,14,818
89,14,841
90,14,261
91,14,619
92,14,535
93,14,220
94,14,652
95,14,815
96,14,338
97,14,883
98,14,529
99,14,623
100,14,1000
101,14,615
102,14,600
103,14,463
104,14,851
105,14,616
106,14,101
107,14,209
108,14,451
109,14,503
110,14,539
111,14,515
112,14,410
113,14,822
114,14,497
115,14,450
116,14,335
117,14,273
118,14,385
119,14,686
120,14,939
121,14,468
122,14,332
123,14,879
124,14,130
125,14,401
126,14,242
127,14,135
128,14,776
129,14,211
130,14,371
131,14,1013
132,14,121
133,14,550
134,14,651
135,14,458
136,14,916
137,14,490
138,14,49
139,14,656
140,14,146
141,14,823
142,14,574
143,14,116
144,14,173
145,14,792
146,14,680
147,14,278
148,14,150
149,14,142
150,14,637
151,14,549
152,14,370
153,14,445
154,14,241
155,14,305
156,14,320
157,14,887
158,14,814
159,14,564
160,14,207
161,14,695
162,14,506
163,14,98
164,14,434
165,14,231
166,14,437
167,14,744
168,14,494
169,14,842
170,14,461
171,14,599
172,14,435
173,14,303
174,14,714
175,14,751
176,14,298
177,14,747
178,14,910
179,14,178
180,14,1006
181,14,921
182,14,627
183,14,345
184,14,230
185,14,369
186,14,884
187,14,20
188,14,482
189,14,743
190,14,171
191,14,594
192,14,399
193,14,645
194,14,519
195,14,938
196,14,358
197,14,946
198,14,843
199,14,367
200,14,631
201,14,595
202,14,728
203,14,292
204,14,432
205,14,42
206,14,581
207,14,199
208,14,630
209,14,698
210,14,148
211,14,667
212,14,486
213,14,51
214,14,443
215,14,81
216,14,948
217,14,772
218,14,407
219,14,547
220,14,1001
221,14,203
222,14,156
223,14,334
224,14,403
225,14,264
226,14,472
227,14,953
228,14,617
229,14,326
230,14,442
231,14,27
232,14,288
233,14,277
234,14,532
235,14,219
236,14,659
237,14,15
238,14,419
239,14,406
240,14,408
241,14,526
242,14,689
243,14,855
244,14,533
245,14,485
246,14,629
247,14,588
248,14,206
249,14,318
250,14,330
251,14,1011
252,14,147
253,14,170
254,14,80
255,14,513
256,14,14
257,14,826
258,14,70
259,14,880
260,14,129
261,14,598
262,14,732
263,14,188
264,14,748
265,14,525
266,14,127
267,14,429
268,14,363
269,14,339
270,14,325
271,14,597
272,14,720
273,14,378
274,14,492
275,14,87
276,14,467
277,14,579
278,14,243
279,14,797
280,14,985
281,14,229
282,14,250
283,14,870
284,14,869
285,14,396
286,14,967
287,14,470
288,14,810
289,14,723
290,14,753
291,14,202
292,14,628
293,14,244
294,14,502
295,14,691
296,14,431
297,14,596
298,14,214
299,14,78
300,14,236
301,14,304
302,14,41
303,14,785
304,14,122
305,14,752
306,14,717
307,14,68
308,14,307
309,14,259
310,14,947
311,14,430
312,14,315
313,14,433
314,14,517
315,14,621
316,14,119
317,14,402
318,14,663
319,14,820
320,14,556
321,14,441
322,14,462
323,14,528
324,14,8
325,14,302
326,14,301
327,14,749
328,14,238
329,14,421
330,14,459
331,14,510
332,14,1009
333,14,354
334,14,824
335,14,755
336,14,200
337,14,245
338,14,161
339,14,765
340,14,668
341,14,683
342,14,115
343,14,546
344,14,413
345,14,1005
346,14,414
347,14,555
348,14,737
349,14,976
350,14,48
351,14,542
352,14,885
353,14,721
354,14,444
355,14,518
356,14,601
357,14,669
358,14,260
359,14,499
360,14,133
361,14,562
362,14,907
363,14,632
364,14,308
365,14,1014
366,14,398
367,14,465
368,14,878
369,14,578
370,14,174
371,14,922
372,14,263
373,14,886
374,14,45
375,14,858
376,14,782
377,14,376
378,14,850
379,14,293
380,14,661
381,14,777
382,14,971
383,14,551
384,14,453
385,14,237
386,14,537
387,14,697
388,14,892
389,14,323
390,14,50
391,14,908
392,14,420
393,14,722
394,14,475
395,14,343
396,14,362
397,14,875
398,14,624
399,14,423
0,15,617
1,15,406
2,15,558
3,15,404
4,15,850
5,15,954
6,15,1000
7,15,586
8,15,249
9,15,560
10,15,523
11,15,437
12,15,661
13,15,656
14,15,388
15,15,618
16,15,784
17,15,658
18,15,492
19,15,529
20,15,653
21,15,289
22,15,373
23,15,214
24,15,724
25,15,753
26,15,472
27,15,286
28,15,836
29,15,109
30,15,649
31,15,394
32,15,981
33,15,504
34,15,968
35,15,341
36,15,528
37,15,539
38,15,503
39,15,622
40,15,972
41,15,1011
42,15,792
43,15,209
44,15,524
45,15,692
46,15,732
47,15,723
48,15,751
49,15,767
50,15,240
51,15,306
52,15,655
53,15,357
54,15,873
55,15,989
56,15,686
57,15,233
58,15,139
59,15,758
60,15,432
61,15,440
62,15,420
63,15,719
64,15,807
65,15,780
66,15,436
67,15,810
68,15,555
69,15,809
70,15,376
71,15,329
72,15,650
73,15,689
74,15,101
75,15,281
76,15,616
77,15,211
78,15,816
79,15,691
80,15,505
81,15,356
82,15,562
83,15,548
84,15,442
85,15,782
86,15,605
87,15,173
88,15,819
89,15,842
90,15,293
91,15,619
92,15,535
93,15,220
94,15,684
95,15,847
96,15,339
97,15,851
98,15,497
99,15,623
100,15,1001
101,15,647
102,15,599
103,15,464
104,15,852
105,15,615
106,15,102
107,15,208
108,15,419
109,15,502
110,15,507
111,15,483
112,15,378
113,15,790
114,15,498
115,15,451
116,15,367
117,15,272
118,15,353
119,15,687
120,15,971
121,15,467
122,15,333
123,15,878
124,15,131
125,15,400
126,15,241
127,15,134
128,15,744
129,15,210
130,15,403
131,15,1014
132,15,120
133,15,518
134,15,651
135,15,426
136,15,915
137,15,522
138,15,50
139,15,624
140,15,146
141,15,791
142,15,606
143,15,115
144,15,174
145,15,793
146,15,681
147,15,310
148,15,151
149,15,141
150,15,669
151,15,550
152,15,371
153,15,445
154,15,273
155,15,305
156,15,288
157,15,919
158,15,815
159,15,563
160,15,175
161,15,663
162,15,474
163,15,98
164,15,433
165,15,199
166,15,405
167,15,743
168,15,526
169,15,843
170,15,461
171,15,567
172,15,434
173,15,304
174,15,746
175,15,783
176,15,266
177,15,748
178,15,910
179,15,177
180,15,1005
181,15,921
182,15,626
183,15,377
184,15,229
185,15,370
186,15,883
187,15,20
188,15,450
189,15,775
190,15,203
191,15,594
192,15,399
193,15,677
194,15,551
195,15,938
196,15,390
197,15,947
198,15,844
199,15,368
200,15,631
201,15,595
202,15,760
203,15,291
204,15,431
205,15,43
206,15,613
207,15,200
208,15,598
209,15,730
210,15,149
211,15,667
212,15,485
213,15,19
214,15,443
215,15,80
216,15,916
217,15,772
218,15,439
219,15,579
220,15,1002
221,15,204
222,15,156
223,15,366
224,15,435
225,15,263
226,15,471
227,15,985
228,15,585
229,15,358
230,15,410
231,15,27
232,15,256
233,15,278
234,15,532
235,15,219
236,15,660
237,15,16
238,15,418
239,15,374
240,15,409
241,15,525
242,15,690
243,15,823
244,15,533
245,15,517
246,15,628
247,15,587
248,15,207
249,15,318
250,15,331
251,15,1012
252,15,148
253,15,138
254,15,112
255,15,481
256,15,15
257,15,858
258,15,38
259,15,912
260,15,97
261,15,597
262,15,731
263,15,189
264,15,749
265,15,493
266,15,127
267,15,428
268,15,363
269,15,340
270,15,326
271,15,596
272,15,688
273,15,379
274,15,491
275,15,119
276,15,466
277,15,578
278,15,243
279,15,797
280,15,984
281,15,261
282,15,218
283,15,869
284,15,837
285,15,364
286,15,966
287,15,470
288,15,811
289,15,722
290,15,721
291,15,202
292,15,627
293,15,212
294,15,534
295,15,659
296,15,463
297,15,564
298,15,213
299,15,46
300,15,235
301,15,336
302,15,41
303,15,785
304,15,154
305,15,752
306,15,716
307,15,100
308,15,308
309,15,259
310,15,948
311,15,462
312,15,315
313,15,401
314,15,549
315,15,621
316,15,118
317,15,402
318,15,664
319,15,821
320,15,588
321,15,473
322,15,494
323,15,496
324,15,8
325,15,303
326,15,302
327,15,717
328,15,237
329,15,453
330,15,458
331,15,478
332,15,1010
333,15,386
334,15,824
335,15,755
336,15,168
337,15,244
338,15,129
339,15,733
340,15,700
341,15,683
342,15,147
343,15,545
344,15,381
345,15,1004
346,15,413
347,15,556
348,15,737
349,15,976
350,15,49
351,15,510
352,15,884
353,15,720
354,15,444
355,15,486
356,15,633
357,15,701
358,15,260
359,15,499
360,15,165
361,15,561
362,15,908
363,15,600
364,15,309
365,15,982
366,15,430
367,15,465
368,15,877
369,15,546
370,15,142
371,15,922
372,15,231
373,15,885
374,15,45
375,15,890
376,15,750
377,15,408
378,15,818
379,15,292
380,15,629
381,15,745
382,15,970
383,15,552
384,15,454
385,15,236
386,15,536
387,15,698
388,15,892
389,15,324
390,15,51
391,15,909
392,15,421
393,15,754
394,15,476
395,15,344
396,15,330
397,15,875
398,15,592
399,15,424
0,16,585
1,16,438
2,16,526
3,16,404
4,16,851
5,16,954
6,16,1001
7,16,587
8,16,281
9,16,528
10,16,523
11,16,405
12,16,662
13,16,657
14,16,420
15,16,618
16,16,816
17,16,659
18,16,491
19,16,497
20,16,685
21,16,257
22,16,374
23,16,213
24,16,725
25,16,753
26,16,440
27,16,287
28,16,868
29,16,110
30,16,617
31,16,393
32,16,981
33,16,472
34,16,936
35,16,341
36,16,529
37,16,507
38,16,502
39,16,621
40,16,971
41,16,1012
42,16,791
43,16,208
44,16,492
45,16,724
46,16,731
47,16,722
48,16,752
49,16,767
50,16,272
51,16,307
52,16,654
53,16,357
54,16,905
55,16,1021
56,16,687
57,16,265
58,16,171
59,16,757
60,16,464
61,16,439
62,16,421
63,16,719
64,16,807
65,16,779
66,16,435
67,16,810
68,16,556
69,16,809
70,16,408
71,16,361
72,16,649
73,16,690
74,16,102
75,16,313
76,16,616
77,16,243
78,16,815
79,16,723
80,16,537
81,16,388
82,16,562
83,16,516
84,16,410
85,16,782
86,16,637
87,16,141
88,16,818
89,16,842
90,16,294
91,16,619
92,16,534
93,16,220
94,16,716
95,16,848
96,16,340
97,16,883
98,16,498
99,16,622
100,16,1002
101,16,679
102,16,598
103,16,463
104,16,820
105,16,614
106,16,103
107,16,207
108,16,387
109,16,501
110,16,475
111,16,482
112,16,346
113,16,758
114,16,466
115,16,451
116,16,368
117,16,273
118,16,321
119,16,655
120,16,970
121,16,468
122,16,334
123,16,877
124,16,132
125,16,399
126,16,240
127,16,133
128,16,745
129,16,210
130,16,402
131,16,982
132,16,119
133,16,550
134,16,651
135,16,394
136,16,914
137,16,554
138,16,51
139,16,592
140,16,147
141,16,790
142,16,607
143,16,114
144,16,173
145,16,793
146,16,682
147,16,278
148,16,183
149,16,140
150,16,701
151,16,551
152,16,403
153,16,444
154,16,241
155,16,306
156,16,256
157,16,951
158,16,783
159,16,564
160,16,174
161,16,631
162,16,474
163,16,98
164,16,401
165,16,167
166,16,373
167,16,775
168,16,525
169,16,844
170,16,462
171,16,535
172,16,434
173,16,336
174,16,778
175,16,784
176,16,234
177,16,748
178,16,878
179,16,209
180,16,1004
181,16,921
182,16,658
183,16,409
184,16,261
185,16,371
186,16,882
187,16,20
188,16,449
189,16,776
190,16,235
191,16,594
192,16,367
193,16,709
194,16,583
195,16,938
196,16,422
197,16,948
198,16,812
199,16,369
200,16,599
201,16,563
202,16,792
203,16,323
204,16,432
205,16,44
206,16,645
207,16,201
208,16,597
209,16,762
210,16,150
211,16,667
212,16,517
213,16,19
214,16,442
215,16,80
216,16,915
217,16,772
218,16,471
219,16,578
220,16,1003
221,16,172
222,16,156
223,16,398
224,16,467
225,16,231
226,16,503
227,16,986
228,16,553
229,16,390
230,16,378
231,16,27
232,16,224
233,16,246
234,16,532
235,16,219
236,16,661
237,16,48
238,16,450
239,16,406
240,16,441
241,16,493
242,16,691
243,16,823
244,16,533
245,16,549
246,16,627
247,16,555
248,16,175
249,16,318
250,16,332
251,16,1013
252,16,149
253,16,106
254,16,144
255,16,481
256,16,16
257,16,890
258,16,37
259,16,911
260,16,65
261,16,596
262,16,763
263,16,221
264,16,750
265,16,461
266,16,127
267,16,396
268,16,331
269,16,308
270,16,358
271,16,595
272,16,656
273,16,380
274,16,490
275,16,151
276,16,465
277,16,546
278,16,244
279,16,797
280,16,952
281,16,293
282,16,217
283,16,869
284,16,836
285,16,363
286,16,965
287,16,470
288,16,811
289,16,721
290,16,689
291,16,202
292,16,626
293,16,211
294,16,566
295,16,660
296,16,431
297,16,565
298,16,212
299,16,47
300,16,267
301,16,335
302,16,41
303,16,785
304,16,186
305,16,720
306,16,717
307,16,99
308,16,309
309,16,291
310,16,949
311,16,430
312,16,315
313,16,400
314,16,581
315,16,653
316,16,118
317,16,370
318,16,664
319,16,822
320,16,620
321,16,505
322,16,494
323,16,496
324,16,8
325,16,304
326,16,303
327,16,749
328,16,205
329,16,485
330,16,426
331,16,477
332,16,1011
333,16,418
334,16,824
335,16,755
336,16,200
337,16,245
338,16,130
339,16,734
340,16,732
341,16,684
342,16,179
343,16,513
344,16,349
345,16,972
346,16,445
347,16,524
348,16,737
349,16,976
350,16,50
351,16,478
352,16,916
353,16,688
354,16,443
355,16,518
356,16,665
357,16,733
358,16,292
359,16,499
360,16,197
361,16,561
362,16,909
363,16,568
364,16,310
365,16,983
366,16,429
367,16,433
368,16,876
369,16,514
370,16,142
371,16,922
372,16,199
373,16,884
374,16,45
375,16,891
376,16,751
377,16,407
378,16,817
379,16,324
380,16,628
381,16,713
382,16,969
383,16,584
384,16,486
385,16,237
386,16,536
387,16,730
388,16,892
389,16,356
390,16,52
391,16,910
392,16,453
393,16,786
394,16,508
395,16,345
396,16,298
397,16,843
398,16,560
399,16,392
0,17,553
1,17,438
2,17,527
3,17,403
4,17,852
5,17,954
6,17,1002
7,17,588
8,17,280
9,17,496
10,17,524
11,17,373
12,17,663
13,17,658
14,17,420
15,17,619
16,17,817
17,17,660
18,17,490
19,17,465
20,17,717
21,17,225
22,17,374
23,17,212
24,17,724
25,17,752
26,17,408
27,17,287
28,17,900
29,17,109
30,17,618
31,17,361
32,17,982
33,17,472
34,17,935
35,17,340
36,17,529
37,17,475
38,17,501
39,17,653
40,17,970
41,17,1013
42,17,790
43,17,207
44,17,460
45,17,723
46,17,763
47,17,721
48,17,751
49,17,767
50,17,240
51,17,339
52,17,686
53,17,357
54,17,904
55,17,1020
56,17,655
57,17,265
58,17,203
59,17,725
60,17,463
61,17,439
62,17,421
63,17,687
64,17,808
65,17,747
66,17,434
67,17,842
68,17,556
69,17,809
70,17,407
71,17,329
72,17,649
73,17,722
74,17,103
75,17,345
76,17,616
77,17,243
78,17,783
79,17,755
80,17,569
81,17,387
82,17,561
83,17,484
84,17,378
85,17,781
86,17,669
87,17,142
88,17,850
89,17,843
90,17,326
91,17,587
92,17,534
93,17,220
94,17,748
95,17,816
96,17,308
97,17,915
98,17,498
99,17,621
100,17,1003
101,17,678
102,17,597
103,17,462
104,17,821
105,17,614
106,17,104
107,17,206
108,17,355
109,17,533
110,17,474
111,17,481
112,17,347
113,17,757
114,17,467
115,17,451
116,17,367
117,17,241
118,17,289
119,17,623
120,17,969
121,17,436
122,17,333
123,17,876
124,17,100
125,17,398
126,17,208
127,17,132
128,17,713
129,17,210
130,17,370
131,17,983
132,17,118
133,17,518
134,17,651
135,17,362
136,17,913
137,17,586
138,17,19
139,17,592
140,17,148
141,17,758
142,17,607
143,17,114
144,17,141
145,17,793
146,17,714
147,17,277
148,17,184
149,17,139
150,17,733
151,17,552
152,17,435
153,17,412
154,17,242
155,17,338
156,17,257
157,17,952
158,17,784
159,17,563
160,17,173
161,17,599
162,17,442
163,17,98
164,17,402
165,17,135
166,17,341
167,17,807
168,17,557
169,17,845
170,17,494
171,17,535
172,17,466
173,17,336
174,17,777
175,17,785
176,17,202
177,17,749
178,17,878
179,17,209
180,17,972
181,17,921
182,17,690
183,17,441
184,17,261
185,17,371
186,17,881
187,17,52
188,17,417
189,17,744
190,17,236
191,17,562
192,17,335
193,17,710
194,17,551
195,17,938
196,17,454
197,17,980
198,17,813
199,17,368
200,17,567
201,17,595
202,17,791
203,17,322
204,17,432
205,17,45
206,17,677
207,17,201
208,17,565
209,17,794
210,17,151
211,17,667
212,17,549
213,17,20
214,17,443
215,17,80
216,17,916
217,17,772
218,17,503
219,17,610
220,17,1004
221,17,140
222,17,156
223,17,430
224,17,499
225,17,230
226,17,502
227,17,987
228,17,521
229,17,422
230,17,379
231,17,27
232,17,224
233,17,214
234,17,564
235,17,219
236,17,662
237,17,49
238,17,482
239,17,405
240,17,440
241,17,461
242,17,659
243,17,824
244,17,532
245,17,550
246,17,626
247,17,523
248,17,176
249,17,318
250,17,332
251,17,981
252,17,150
253,17,74
254,17,145
255,17,449
256,17,48
257,17,889
258,17,5
259,17,943
260,17,33
261,17,628
262,17,762
263,17,253
264,17,782
265,17,429
266,17,127
267,17,364
268,17,299
269,17,307
270,17,390
271,17,594
272,17,657
273,17,381
274,17,522
275,17,183
276,17,433
277,17,546
278,17,276
279,17,797
280,17,920
281,17,294
282,17,216
283,17,869
284,17,804
285,17,331
286,17,933
287,17,471
288,17,810
289,17,720
290,17,689
291,17,170
292,17,625
293,17,179
294,17,598
295,17,661
296,17,399
297,17,566
298,17,211
299,17,47
300,17,266
301,17,334
302,17,41
303,17,753
304,17,218
305,17,688
306,17,716
307,17,131
308,17,310
309,17,323
310,17,949
311,17,431
312,17,315
313,17,400
314,17,613
315,17,654
316,17,86
317,17,369
318,17,665
319,17,823
320,17,652
321,17,505
322,17,493
323,17,497
324,17,8
325,17,272
326,17,304
327,17,750
328,17,204
329,17,485
330,17,394
331,17,445
332,17,1012
333,17,450
334,17,792
335,17,787
336,17,199
337,17,244
338,17,130
339,17,766
340,17,731
341,17,685
342,17,178
343,17,545
344,17,317
345,17,973
346,17,413
347,17,525
348,17,737
349,17,976
350,17,51
351,17,477
352,17,948
353,17,656
354,17,444
355,17,517
356,17,697
357,17,734
358,17,324
359,17,531
360,17,229
361,17,560
362,17,910
363,17,536
364,17,311
365,17,951
366,17,428
367,17,401
368,17,875
369,17,513
370,17,110
371,17,922
372,17,167
373,17,883
374,17,13
375,17,859
376,17,719
377,17,406
378,17,849
379,17,356
380,17,627
381,17,712
382,17,968
383,17,585
384,17,487
385,17,238
386,17,537
387,17,730
388,17,892
389,17,388
390,17,84
391,17,911
392,17,453
393,17,786
394,17,540
395,17,346
396,17,298
397,17,811
398,17,528
399,17,393
0,18,521
1,18,438
2,18,528
3,18,435
4,18,820
5,18,954
6,18,1003
7,18,589
8,18,279
9,18,464
10,18,492
11,18,341
12,18,664
13,18,690
14,18,421
15,18,620
16,18,785
17,18,692
18,18,522
19,18,497
20,18,716
21,18,193
22,18,373
23,18,211
24,18,723
25,18,753
26,18,376
27,18,287
28,18,901
29,18,110
30,18,619
31,18,329
32,18,1014
33,18,440
34,18,903
35,18,340
36,18,529
37,18,476
38,18,533
39,18,685
40,18,969
41,18,981
42,18,790
43,18,175
44,18,459
45,18,722
46,18,762
47,18,720
48,18,752
49,18,767
50,18,272
51,18,371
52,18,687
53,18,357
54,18,936
55,18,1019
56,18,656
57,18,233
58,18,204
59,18,724
60,18,463
61,18,471
62,18,453
63,18,655
64,18,807
65,18,747
66,18,433
67,18,842
68,18,524
69,18,809
70,18,406
71,18,297
72,18,649
73,18,754
74,18,104
75,18,377
76,18,616
77,18,242
78,18,782
79,18,787
80,18,601
81,18,419
82,18,560
83,18,484
84,18,379
85,18,813
86,18,701
87,18,174
88,18,850
89,18,844
90,18,358
91,18,555
92,18,535
93,18,220
94,18,780
95,18,817
96,18,308
97,18,883
98,18,499
99,18,621
100,18,1004
101,18,677
102,18,596
103,18,494
104,18,822
105,18,614
106,18,136
107,18,205
108,18,356
109,18,565
110,18,442
111,18,449
112,18,315
113,18,725
114,18,466
115,18,450
116,18,368
117,18,240
118,18,257
119,18,623
120,18,968
121,18,436
122,18,334
123,18,876
124,18,101
125,18,430
126,18,207
127,18,164
128,18,681
129,18,209
130,18,370
131,18,984
132,18,117
133,18,518
134,18,651
135,18,330
136,18,945
137,18,618
138,18,51
139,18,592
140,18,149
141,18,757
142,18,607
143,18,114
144,18,140
145,18,793
146,18,715
147,18,245
148,18,185
149,18,138
150,18,765
151,18,552
152,18,467
153,18,380
154,18,241
155,18,339
156,18,225
157,18,953
158,18,816
159,18,562
160,18,141
161,18,567
162,18,410
163,18,98
164,18,434
165,18,134
166,18,309
167,18,839
168,18,556
169,18,845
170,18,493
171,18,536
172,18,465
173,18,335
174,18,776
175,18,786
176,18,203
177,18,781
178,18,878
179,18,208
180,18,971
181,18,921
182,18,691
183,18,473
184,18,261
185,18,403
186,18,880
187,18,20
188,18,385
189,18,743
190,18,237
191,18,561
192,18,303
193,18,742
194,18,583
195,18,938
196,18,486
197,18,980
198,18,814
199,18,369
200,18,568
201,18,595
202,18,792
203,18,354
204,18,400
205,18,46
206,18,709
207,18,201
208,18,566
209,18,826
210,18,183
211,18,667
212,18,581
213,18,19
214,18,443
215,18,80
216,18,916
217,18,740
218,18,502
219,18,642
220,18,1005
221,18,108
222,18,156
223,18,462
224,18,531
225,18,229
226,18,501
227,18,988
228,18,489
229,18,454
230,18,347
231,18,27
232,18,224
233,18,214
234,18,564
235,18,219
236,18,630
237,18,50
238,18,483
239,18,404
240,18,408
241,18,461
242,18,660
243,18,825
244,18,532
245,18,551
246,18,625
247,18,491
248,18,144
249,18,318
250,18,333
251,18,982
252,18,151
253,18,75
254,18,146
255,18,417
256,18,49
257,18,888
258,18,5
259,18,942
260,18,34
261,18,627
262,18,794
263,18,254
264,18,750
265,18,429
266,18,127
267,18,332
268,18,298
269,18,307
270,18,390
271,18,594
272,18,658
273,18,349
274,18,554
275,18,215
276,18,432
277,18,545
278,18,277
279,18,797
280,18,919
281,18,294
282,18,216
283,18,869
284,18,772
285,18,299
286,18,932
287,18,472
288,18,810
289,18,719
290,18,689
291,18,202
292,18,657
293,18,178
294,18,599
295,18,629
296,18,398
297,18,534
298,18,243
299,18,48
300,18,265
301,18,366
302,18,41
303,18,721
304,18,250
305,18,688
306,18,748
307,18,163
308,18,311
309,18,355
310,18,948
311,18,431
312,18,316
313,18,399
314,18,645
315,18,654
316,18,87
317,18,401
318,18,666
319,18,791
320,18,653
321,18,537
322,18,525
323,18,498
324,18,8
325,18,304
326,18,305
327,18,749
328,18,236
329,18,517
330,18,362
331,18,413
332,18,1013
333,18,482
334,18,760
335,18,819
336,18,231
337,18,212
338,18,131
339,18,798
340,18,763
341,18,686
342,18,210
343,18,513
344,18,285
345,18,973
346,18,381
347,18,526
348,18,737
349,18,976
350,18,52
351,18,445
352,18,947
353,18,624
354,18,444
355,18,549
356,18,698
357,18,766
358,18,324
359,18,563
360,18,228
361,18,559
362,18,910
363,18,504
364,18,343
365,18,952
366,18,460
367,18,402
368,18,843
369,18,481
370,18,142
371,18,922
372,18,135
373,18,882
374,18,45
375,18,858
376,18,751
377,18,405
378,18,849
379,18,388
380,18,626
381,18,711
382,18,967
383,18,586
384,18,519
385,18,239
386,18,569
387,18,730
388,18,892
389,18,420
390,18,116
391,18,912
392,18,485
393,18,818
394,18,541
395,18,346
396,18,266
397,18,779
398,18,496
399,18,361
0,19,489
1,19,406
2,19,496
3,19,434
4,19,821
5,19,955
6,19,1004
7,19,621
8,19,311
9,19,463
10,19,493
11,19,340
12,19,632
13,19,722
14,19,453
15,19,619
16,19,784
17,19,724
18,19,521
19,19,465
20,19,715
21,19,161
22,19,373
23,19,210
24,19,755
25,19,721
26,19,377
27,19,287
28,19,901
29,19,142
30,19,587
31,19,328
32,19,1013
33,19,408
34,19,902
35,19,308
36,19,529
37,19,444
38,19,532
39,19,717
40,19,968
41,19,982
42,19,822
43,19,176
44,19,491
45,19,754
46,19,794
47,19,688
48,19,753
49,19,767
50,19,304
51,19,371
52,19,719
53,19,325
54,19,935
55,19,1018
56,19,655
57,19,265
58,19,205
59,19,723
60,19,462
61,19,471
62,19,485
63,19,687
64,19,807
65,19,746
66,19,432
67,19,843
68,19,492
69,19,810
70,19,405
71,19,297
72,19,649
73,19,786
74,19,105
75,19,409
76,19,616
77,19,242
78,19,781
79,19,819
80,19,633
81,19,419
82,19,559
83,19,484
84,19,347
85,19,814
86,19,733
87,19,175
88,19,882
89,19,844
90,19,390
91,19,523
92,19,534
93,19,220
94,19,812
95,19,818
96,19,309
97,19,883
98,19,467
99,19,620
100,19,1005
101,19,709
102,19,595
103,19,526
104,19,823
105,19,614
106,19,104
107,19,173
108,19,357
109,19,597
110,19,441
111,19,448
112,19,283
113,19,693
114,19,466
115,19,450
116,19,369
117,19,240
118,19,225
119,19,622
120,19,936
121,19,436
122,19,335
123,19,876
124,19,101
125,19,398
126,19,206
127,19,163
128,19,682
129,19,208
130,19,402
131,19,985
132,19,116
133,19,519
134,19,651
135,19,298
136,19,944
137,19,650
138,19,50
139,19,592
140,19,150
141,19,725
142,19,607
143,19,114
144,19,172
145,19,792
146,19,747
147,19,244
148,19,186
149,19,137
150,19,766
151,19,552
152,19,468
153,19,348
154,19,241
155,19,339
156,19,193
157,19,954
158,19,817
159,19,561
160,19,140
161,19,535
162,19,378
163,19,98
164,19,433
165,19,102
166,19,277
167,19,838
168,19,555
169,19,813
170,19,461
171,19,504
172,19,464
173,19,303
174,19,808
175,19,787
176,19,204
177,19,749
178,19,878
179,19,207
180,19,1003
181,19,921
182,19,691
183,19,505
184,19,261
185,19,435
186,19,879
187,19,20
188,19,353
189,19,775
190,19,238
191,19,560
192,19,302
193,19,743
194,19,584
195,19,938
196,19,518
197,19,980
198,19,782
199,19,370
200,19,536
201,19,627
202,19,791
203,19,386
204,19,368
205,19,46
206,19,708
207,19,201
208,19,567
209,19,825
210,19,184
211,19,668
212,19,613
213,19,51
214,19,442
215,19,80
216,19,884
217,19,741
218,19,502
219,19,674
220,19,1006
221,19,76
222,19,156
223,19,494
224,19,531
225,19,228
226,19,533
227,19,1020
228,19,457
229,19,486
230,19,315
231,19,27
232,19,224
233,19,215
234,19,596
235,19,219
236,19,598
237,19,49
238,19,515
239,19,403
240,19,376
241,19,429
242,19,628
243,19,793
244,19,564
245,19,583
246,19,624
247,19,490
248,19,112
249,19,318
250,19,334
251,19,983
252,19,183
253,19,43
254,19,147
255,19,385
256,19,48
257,19,887
258,19,5
259,19,974
260,19,34
261,19,626
262,19,795
263,19,286
264,19,750
265,19,428
266,19,127
267,19,331
268,19,266
269,19,307
270,19,422
271,19,562
272,19,659
273,19,317
274,19,553
275,19,216
276,19,431
277,19,545
278,19,278
279,19,796
280,19,951
281,19,294
282,19,217
283,19,869
284,19,740
285,19,267
286,19,931
287,19,473
288,19,842
289,19,751
290,19,690
291,19,202
292,19,657
293,19,177
294,19,600
295,19,630
296,19,399
297,19,566
298,19,243
299,19,47
300,19,264
301,19,366
302,19,41
303,19,689
304,19,251
305,19,656
306,19,780
307,19,195
308,19,312
309,19,387
310,19,916
311,19,430
312,19,316
313,19,367
314,19,677
315,19,653
316,19,119
317,19,400
318,19,667
319,19,790
320,19,685
321,19,569
322,19,557
323,19,498
324,19,8
325,19,336
326,19,306
327,19,748
328,19,235
329,19,549
330,19,330
331,19,381
332,19,981
333,19,483
334,19,760
335,19,820
336,19,230
337,19,211
338,19,99
339,19,797
340,19,763
341,19,686
342,19,209
343,19,481
344,19,253
345,19,973
346,19,382
347,19,527
348,19,737
349,19,976
350,19,84
351,19,413
352,19,946
353,19,623
354,19,443
355,19,581
356,19,730
357,19,798
358,19,356
359,19,563
360,19,260
361,19,558
362,19,942
363,19,472
364,19,375
365,19,953
366,19,459
367,19,401
368,19,811
369,19,449
370,19,141
371,19,922
372,19,136
373,19,881
374,19,45
375,19,826
376,19,752
377,19,404
378,19,849
379,19,420
380,19,594
381,19,710
382,19,966
383,19,586
384,19,551
385,19,239
386,19,568
387,19,762
388,19,892
389,19,421
390,19,148
391,19,913
392,19,517
393,19,850
394,19,573
395,19,346
396,19,234
397,19,779
398,19,497
399,19,329
0,20,457
1,20,374
2,20,464
3,20,435
4,20,822
5,20,955
6,20,1004
7,20,653
8,20,311
9,20,463
10,20,493
11,20,308
12,20,600
13,20,754
14,20,454
15,20,618
16,20,784
17,20,724
18,20,520
19,20,465
20,20,714
21,20,129
22,20,405
23,20,210
24,20,755
25,20,689
26,20,378
27,20,287
28,20,933
29,20,142
30,20,588
31,20,329
32,20,1013
33,20,376
34,20,901
35,20,276
36,20,497
37,20,412
38,20,531
39,20,749
40,20,967
41,20,983
42,20,823
43,20,177
44,20,492
45,20,753
46,20,826
47,20,687
48,20,721
49,20,767
50,20,303
51,20,371
52,20,751
53,20,324
54,20,934
55,20,1017
56,20,655
57,20,265
58,20,237
59,20,722
60,20,494
61,20,471
62,20,486
63,20,719
64,20,807
65,20,746
66,20,431
67,20,844
68,20,460
69,20,778
70,20,404
71,20,297
72,20,649
73,20,786
74,20,106
75,20,409
76,20,617
77,20,242
78,20,780
79,20,787
80,20,665
81,20,420
82,20,558
83,20,516
84,20,315
85,20,815
86,20,765
87,20,176
88,20,914
89,20,812
90,20,422
91,20,524
92,20,533
93,20,220
94,20,813
95,20,819
96,20,310
97,20,851
98,20,467
99,20,620
100,20,1006
101,20,708
102,20,594
103,20,525
104,20,824
105,20,614
106,20,105
107,20,174
108,20,325
109,20,596
110,20,440
111,20,448
112,20,284
113,20,693
114,20,434
115,20,450
116,20,370
117,20,208
118,20,226
119,20,654
120,20,904
121,20,437
122,20,336
123,20,876
124,20,102
125,20,399
126,20,205
127,20,195
128,20,650
129,20,207
130,20,401
131,20,985
132,20,115
133,20,551
134,20,619
135,20,266
136,20,943
137,20,651
138,20,49
139,20,560
140,20,151
141,20,725
142,20,607
143,20,114
144,20,173
145,20,760
146,20,747
147,20,244
148,20,187
149,20,136
150,20,798
151,20,584
152,20,469
153,20,380
154,20,273
155,20,339
156,20,161
157,20,922
158,20,818
159,20,529
160,20,139
161,20,503
162,20,346
163,20,98
164,20,433
165,20,70
166,20,277
167,20,838
168,20,587
169,20,814
170,20,461
171,20,505
172,20,432
173,20,302
174,20,840
175,20,788
176,20,172
177,20,750
178,20,910
179,20,206
180,20,1003
181,20,921
182,20,723
183,20,537
184,20,261
185,20,436
186,20,878
187,20,20
188,20,352
189,20,776
190,20,239
191,20,559
192,20,301
193,20,775
194,20,616
195,20,938
196,20,519
197,20,981
198,20,781
199,20,338
200,20,504
201,20,659
202,20,792
203,20,418
204,20,368
205,20,47
206,20,707
207,20,233
208,20,567
209,20,857
210,20,185
211,20,669
212,20,645
213,20,50
214,20,441
215,20,112
216,20,883
217,20,740
218,20,534
219,20,706
220,20,1007
221,20,77
222,20,156
223,20,526
224,20,563
225,20,260
226,20,532
227,20,1020
228,20,458
229,20,518
230,20,316
231,20,27
232,20,225
233,20,183
234,20,628
235,20,219
236,20,599
237,20,81
238,20,547
239,20,402
240,20,344
241,20,429
242,20,629
243,20,793
244,20,564
245,20,615
246,20,623
247,20,490
248,20,144
249,20,350
250,20,335
251,20,951
252,20,184
253,20,44
254,20,148
255,20,353
256,20,80
257,20,886
258,20,5
259,20,973
260,20,34
261,20,625
262,20,827
263,20,318
264,20,782
265,20,428
266,20,127
267,20,299
268,20,234
269,20,307
270,20,423
271,20,561
272,20,660
273,20,285
274,20,552
275,20,215
276,20,430
277,20,545
278,20,279
279,20,796
280,20,919
281,20,294
282,20,216
283,20,869
284,20,739
285,20,235
286,20,930
287,20,473
288,20,842
289,20,783
290,20,691
291,20,201
292,20,656
293,20,209
294,20,601
295,20,630
296,20,367
297,20,566
298,20,243
299,20,48
300,20,263
301,20,398
302,20,41
303,20,657
304,20,283
305,20,624
306,20,748
307,20,227
308,20,313
309,20,419
310,20,884
311,20,462
312,20,348
313,20,366
314,20,709
315,20,685
316,20,119
317,20,400
318,20,668
319,20,791
320,20,717
321,20,568
322,20,589
323,20,466
324,20,8
325,20,304
326,20,306
327,20,716
328,20,203
329,20,581
330,20,298
331,20,349
332,20,982
333,20,484
334,20,728
335,20,820
336,20,229
337,20,211
338,20,100
339,20,797
340,20,795
341,20,686
342,20,241
343,20,449
344,20,221
345,20,1005
346,20,414
347,20,528
348,20,737
349,20,976
350,20,85
351,20,381
352,20,946
353,20,622
354,20,442
355,20,613
356,20,762
357,20,799
358,20,388
359,20,595
360,20,292
361,20,557
362,20,974
363,20,472
364,20,407
365,20,954
366,20,491
367,20,369
368,20,810
369,20,417
370,20,140
371,20,890
372,20,104
373,20,880
374,20,45
375,20,858
376,20,752
377,20,403
378,20,849
379,20,421
380,20,562
381,20,678
382,20,965
383,20,586
384,20,583
385,20,240
386,20,536
387,20,794
388,20,892
389,20,453
390,20,149
391,20,945
392,20,549
393,20,882
394,20,605
395,20,347
396,20,202
397,20,779
398,20,498
399,20,330
0,21,458
1,21,342
2,21,465
3,21,434
4,21,823
5,21,954
6,21,1005
7,21,654
8,21,343
9,21,464
10,21,525
11,21,276
12,21,599
13,21,753
14,21,486
15,21,618
16,21,783
17,21,723
18,21,552
19,21,466
20,21,713
21,21,97
22,21,404
23,21,211
24,21,754
25,21,690
26,21,346
27,21,287
28,21,901
29,21,142
30,21,556
31,21,361
32,21,1013
33,21,344
34,21,900
35,21,244
36,21,497
37,21,380
38,21,563
39,21,781
40,21,966
41,21,951
42,21,824
43,21,209
44,21,460
45,21,752
46,21,858
47,21,655
48,21,689
49,21,767
50,21,335
51,21,403
52,21,719
53,21,356
54,21,934
55,21,985
56,21,656
57,21,265
58,21,238
59,21,721
60,21,493
61,21,471
62,21,487
63,21,720
64,21,839
65,21,714
66,21,463
67,21,876
68,21,428
69,21,746
70,21,436
71,21,329
72,21,649
73,21,818
74,21,74
75,21,410
76,21,616
77,21,241
78,21,779
79,21,786
80,21,697
81,21,421
82,21,557
83,21,515
84,21,283
85,21,816
86,21,797
87,21,177
88,21,913
89,21,780
90,21,422
91,21,492
92,21,565
93,21,220
94,21,845
95,21,820
96,21,311
97,21,883
98,21,435
99,21,619
100,21,1007
101,21,709
102,21,562
103,21,524
104,21,825
105,21,614
106,21,137
107,21,206
108,21,326
109,21,628
110,21,408
111,21,449
112,21,252
113,21,725
114,21,433
115,21,482
116,21,338
117,21,176
118,21,194
119,21,686
120,21,903
121,21,437
122,21,336
123,21,908
124,21,103
125,21,367
126,21,173
127,21,227
128,21,651
129,21,207
130,21,400
131,21,986
132,21,114
133,21,550
134,21,587
135,21,234
136,21,942
137,21,683
138,21,48
139,21,528
140,21,183
141,21,724
142,21,607
143,21,146
144,21,174
145,21,728
146,21,748
147,21,243
148,21,188
149,21,135
150,21,830
151,21,583
152,21,501
153,21,381
154,21,272
155,21,371
156,21,129
157,21,921
158,21,819
159,21,529
160,21,138
161,21,504
162,21,347
163,21,98
164,21,432
165,21,69
166,21,277
167,21,838
168,21,586
169,21,813
170,21,462
171,21,506
172,21,431
173,21,301
174,21,840
175,21,787
176,21,172
177,21,750
178,21,878
179,21,205
180,21,1003
181,21,920
182,21,722
183,21,569
184,21,261
185,21,468
186,21,877
187,21,20
188,21,320
189,21,744
190,21,240
191,21,527
192,21,269
193,21,807
194,21,584
195,21,938
196,21,520
197,21,982
198,21,782
199,21,339
200,21,472
201,21,691
202,21,760
203,21,450
204,21,369
205,21,47
206,21,708
207,21,201
208,21,568
209,21,889
210,21,186
211,21,668
212,21,677
213,21,50
214,21,409
215,21,144
216,21,915
217,21,772
218,21,566
219,21,738
220,21,1008
221,21,77
222,21,156
223,21,558
224,21,595
225,21,259
226,21,564
227,21,1020
228,21,426
229,21,519
230,21,315
231,21,27
232,21,193
233,21,184
234,21,629
235,21,219
236,21,567
237,21,49
238,21,546
239,21,401
240,21,312
241,21,461
242,21,630
243,21,793
244,21,596
245,21,647
246,21,623
247,21,490
248,21,145
249,21,382
250,21,334
251,21,952
252,21,216
253,21,45
254,21,148
255,21,321
256,21,81
257,21,885
258,21,5
259,21,972
260,21,34
261,21,625
262,21,827
263,21,350
264,21,814
265,21,396
266,21,127
267,21,267
268,21,202
269,21,308
270,21,423
271,21,560
272,21,661
273,21,253
274,21,551
275,21,214
276,21,429
277,21,545
278,21,279
279,21,795
280,21,919
281,21,294
282,21,217
283,21,869
284,21,707
285,21,236
286,21,930
287,21,505
288,21,842
289,21,751
290,21,692
291,21,200
292,21,624
293,21,210
294,21,602
295,21,662
296,21,366
297,21,598
298,21,242
299,21,16
300,21,295
301,21,430
302,21,41
303,21,658
304,21,284
305,21,592
306,21,716
307,21,228
308,21,345
309,21,419
310,21,852
311,21,494
312,21,316
313,21,398
314,21,741
315,21,685
316,21,119
317,21,368
318,21,700
319,21,792
320,21,749
321,21,600
322,21,621
323,21,498
324,21,8
325,21,304
326,21,307
327,21,717
328,21,171
329,21,613
330,21,266
331,21,317
332,21,983
333,21,485
334,21,696
335,21,788
336,21,229
337,21,212
338,21,68
339,21,796
340,21,794
341,21,687
342,21,273
343,21,417
344,21,189
345,21,973
346,21,413
347,21,496
348,21,737
349,21,976
350,21,86
351,21,349
352,21,914
353,21,622
354,21,442
355,21,645
356,21,762
357,21,799
358,21,420
359,21,627
360,21,324
361,21,589
362,21,1006
363,21,440
364,21,439
365,21,922
366,21,523
367,21,370
368,21,809
369,21,385
370,21,139
371,21,890
372,21,105
373,21,879
374,21,13
375,21,859
376,21,784
377,21,402
378,21,849
379,21,453
380,21,561
381,21,646
382,21,933
383,21,585
384,21,615
385,21,208
386,21,536
387,21,826
388,21,892
389,21,454
390,21,150
391,21,946
392,21,581
393,21,881
394,21,637
395,21,348
396,21,170
397,21,747
398,21,499
399,21,331
0,22,459
1,22,310
2,22,466
3,22,433
4,22,824
5,22,954
6,22,1006
7,22,686
8,22,344
9,22,464
10,22,557
11,22,244
12,22,567
13,22,753
14,22,487
15,22,617
16,22,815
17,22,755
18,22,520
19,22,434
20,22,712
21,22,65
22,22,436
23,22,210
24,22,786
25,22,691
26,22,347
27,22,287
28,22,901
29,22,142
30,22,524
31,22,362
32,22,1013
33,22,312
34,22,868
35,22,245
36,22,498
37,22,380
38,22,562
39,22,749
40,22,965
41,22,952
42,22,792
43,22,208
44,22,428
45,22,784
46,22,890
47,22,654
48,22,690
49,22,767
50,22,303
51,22,404
52,22,720
53,22,388
54,22,933
55,22,985
56,22,657
57,22,266
58,22,239
59,22,721
60,22,492
61,22,471
62,22,519
63,22,752
64,22,838
65,22,713
66,22,463
67,22,908
68,22,429
69,22,747
70,22,435
71,22,330
72,22,649
73,22,850
74,22,75
75,22,442
76,22,616
77,22,273
78,22,778
79,22,785
80,22,698
81,22,453
82,22,556
83,22,514
84,22,284
85,22,817
86,22,798
87,22,178
88,22,945
89,22,780
90,22,422
91,22,460
92,22,597
93,22,188
94,22,813
95,22,821
96,22,343
97,22,883
98,22,403
99,22,618
100,22,1008
101,22,708
102,22,561
103,22,525
104,22,825
105,22,615
106,22,105
107,22,205
108,22,327
109,22,627
110,22,376
111,22,449
112,22,220
113,22,757
114,22,401
115,22,481
116,22,339
117,22,175
118,22,162
119,22,687
120,22,902
121,22,437
122,22,368
123,22,907
124,22,104
125,22,366
126,22,141
127,22,259
128,22,619
129,22,206
130,22,399
131,22,986
132,22,113
133,22,518
134,22,587
135,22,202
136,22,941
137,22,682
138,22,47
139,22,496
140,22,184
141,22,724
142,22,607
143,22,114
144,22,174
145,22,696
146,22,748
147,22,243
148,22,189
149,22,134
150,22,862
151,22,583
152,22,502
153,22,349
154,22,272
155,22,371
156,22,97
157,22,953
158,22,820
159,22,529
160,22,137
161,22,504
162,22,379
163,22,98
164,22,432
165,22,68
166,22,277
167,22,806
168,22,585
169,22,781
170,22,461
171,22,505
172,22,431
173,22,269
174,22,840
175,22,819
176,22,173
177,22,751
178,22,910
179,22,204
180,22,1003
181,22,921
182,22,754
183,22,601
184,22,261
185,22,469
186,22,876
187,22,20
188,22,288
189,22,743
190,22,241
191,22,526
192,22,237
193,22,839
194,22,552
195,22,938
196,22,521
197,22,982
198,22,782
199,22,340
200,22,472
201,22,723
202,22,728
203,22,482
204,22,370
205,22,15
206,22,740
207,22,233
208,22,569
209,22,888
210,22,218
211,22,667
212,22,709
213,22,51
214,22,377
215,22,112
216,22,916
217,22,772
218,22,565
219,22,770
220,22,1009
221,22,77
222,22,156
223,22,590
224,22,594
225,22,291
226,22,596
227,22,1020
228,22,394
229,22,551
230,22,283
231,22,27
232,22,161
233,22,216
234,22,661
235,22,219
236,22,568
237,22,50
238,22,578
239,22,400
240,22,311
241,22,493
242,22,598
243,22,793
244,22,628
245,22,679
246,22,622
247,22,458
248,22,144
249,22,414
250,22,335
251,22,984
252,22,217
253,22,46
254,22,148
255,22,320
256,22,49
257,22,884
258,22,5
259,22,971
260,22,34
261,22,624
262,22,795
263,22,382
264,22,814
265,22,396
266,22,127
267,22,235
268,22,170
269,22,309
270,22,423
271,22,559
272,22,662
273,22,254
274,22,550
275,22,214
276,22,430
277,22,545
278,22,279
279,22,796
280,22,951
281,22,293
282,22,185
283,22,869
284,22,706
285,22,236
286,22,930
287,22,537
288,22,842
289,22,719
290,22,693
291,22,201
292,22,656
293,22,209
294,22,603
295,22,630
296,22,334
297,22,566
298,22,242
299,22,48
300,22,294
301,22,462
302,22,41
303,22,659
304,22,316
305,22,592
306,22,717
307,22,260
308,22,346
309,22,420
310,22,852
311,22,494
312,22,315
313,22,398
314,22,741
315,22,653
316,22,119
317,22,367
318,22,668
319,22,760
320,22,750
321,22,632
322,22,620
323,22,499
324,22,8
325,22,304
326,22,308
327,22,685
328,22,171
329,22,645
330,22,234
331,22,285
332,22,983
333,22,486
334,22,695
335,22,787
336,22,228
337,22,211
338,22,36
339,22,797
340,22,826
341,22,688
342,22,305
343,22,385
344,22,157
345,22,1005
346,22,445
347,22,497
348,22,737
349,22,976
350,22,118
351,22,317
352,22,913
353,22,621
354,22,474
355,22,677
356,22,794
357,22,799
358,22,421
359,22,595
360,22,356
361,22,589
362,22,1007
363,22,408
364,22,440
365,22,923
366,22,522
367,22,338
368,22,777
369,22,353
370,22,139
371,22,922
372,22,106
373,22,878
374,22,45
375,22,858
376,22,783
377,22,402
378,22,849
379,22,485
380,22,560
381,22,614
382,22,932
383,22,553
384,22,647
385,22,240
386,22,536
387,22,827
388,22,892
389,22,454
390,22,151
391,22,947
392,22,613
393,22,880
394,22,669
395,22,348
396,22,138
397,22,715
398,22,467
399,22,332
0,23,459
1,23,310
2,23,467
3,23,432
4,23,825
5,23,986
6,23,1006
7,23,654
8,23,312
9,23,463
10,23,589
11,23,243
12,23,568
13,23,754
14,23,519
15,23,618
16,23,847
17,23,723
18,23,520
19,23,402
20,23,712
21,23,64
22,23,436
23,23,209
24,23,787
25,23,692
26,23,315
27,23,287
28,23,933
29,23,142
30,23,525
31,23,361
32,23,1013
33,23,280
34,23,867
35,23,213
36,23,466
37,23,380
38,23,594
39,23,717
40,23,997
41,23,953
42,23,760
43,23,176
44,23,396
45,23,816
46,23,889
47,23,653
48,23,691
49,23,767
50,23,335
51,23,403
52,23,719
53,23,420
54,23,965
55,23,984
56,23,658
57,23,266
58,23,238
59,23,720
60,23,491
61,23,471
62,23,551
63,23,784
64,23,806
65,23,681
66,23,462
67,23,876
68,23,429
69,23,747
70,23,434
71,23,331
72,23,649
73,23,882
74,23,76
75,23,474
76,23,616
77,23,272
78,23,746
79,23,753
80,23,730
81,23,454
82,23,555
83,23,513
84,23,283
85,23,785
86,23,830
87,23,146
88,23,944
89,23,748
90,23,422
91,23,428
92,23,596
93,23,156
94,23,814
95,23,822
96,23,311
97,23,883
98,23,435
99,23,650
100,23,1009
101,23,707
102,23,561
103,23,557
104,23,826
105,23,614
106,23,137
107,23,204
108,23,328
109,23,626
110,23,344
111,23,449
112,23,188
113,23,758
114,23,433
115,23,482
116,23,340
117,23,207
118,23,130
119,23,655
120,23,901
121,23,437
122,23,369
123,23,908
124,23,105
125,23,334
126,23,140
127,23,291
128,23,587
129,23,206
130,23,398
131,23,985
132,23,81
133,23,518
134,23,586
135,23,170
136,23,940
137,23,714
138,23,46
139,23,497
140,23,185
141,23,724
142,23,607
143,23,114
144,23,175
145,23,695
146,23,749
147,23,242
148,23,190
149,23,102
150,23,894
151,23,584
152,23,502
153,23,350
154,23,240
155,23,371
156,23,65
157,23,954
158,23,821
159,23,529
160,23,136
161,23,504
162,23,347
163,23,98
164,23,464
165,23,67
166,23,245
167,23,807
168,23,617
169,23,781
170,23,460
171,23,505
172,23,431
173,23,269
174,23,841
175,23,820
176,23,174
177,23,752
178,23,878
179,23,236
180,23,1003
181,23,921
182,23,786
183,23,633
184,23,261
185,23,501
186,23,875
187,23,20
188,23,256
189,23,743
190,23,273
191,23,526
192,23,205
193,23,840
194,23,552
195,23,938
196,23,489
197,23,982
198,23,783
199,23,341
200,23,473
201,23,722
202,23,727
203,23,514
204,23,338
205,23,47
206,23,772
207,23,233
208,23,570
209,23,887
210,23,218
211,23,667
212,23,708
213,23,52
214,23,345
215,23,113
216,23,915
217,23,771
218,23,565
219,23,802
220,23,1010
221,23,77
222,23,157
223,23,622
224,23,595
225,23,323
226,23,628
227,23,1020
228,23,362
229,23,583
230,23,251
231,23,27
232,23,129
233,23,184
234,23,662
235,23,219
236,23,536
237,23,51
238,23,610
239,23,368
240,23,279
241,23,493
242,23,566
243,23,793
244,23,627
245,23,711
246,23,621
247,23,426
248,23,112
249,23,382
250,23,336
251,23,983
252,23,249
253,23,14
254,23,148
255,23,288
256,23,50
257,23,916
258,23,5
259,23,970
260,23,34
261,23,656
262,23,763
263,23,381
264,23,815
265,23,364
266,23,127
267,23,235
268,23,138
269,23,277
270,23,423
271,23,558
272,23,630
273,23,222
274,23,549
275,23,214
276,23,430
277,23,545
278,23,278
279,23,797
280,23,952
281,23,294
282,23,217
283,23,869
284,23,705
285,23,237
286,23,930
287,23,569
288,23,842
289,23,687
290,23,661
291,23,201
292,23,657
293,23,208
294,23,604
295,23,629
296,23,333
297,23,534
298,23,241
299,23,49
300,23,326
301,23,461
302,23,41
303,23,660
304,23,348
305,23,560
306,23,716
307,23,259
308,23,378
309,23,421
310,23,852
311,23,494
312,23,316
313,23,366
314,23,740
315,23,685
316,23,119
317,23,367
318,23,668
319,23,728
320,23,782
321,23,632
322,23,619
323,23,499
324,23,8
325,23,303
326,23,309
327,23,686
328,23,171
329,23,677
330,23,202
331,23,284
332,23,951
333,23,487
334,23,663
335,23,755
336,23,228
337,23,210
338,23,37
339,23,765
340,23,858
341,23,689
342,23,304
343,23,353
344,23,189
345,23,1005
346,23,477
347,23,498
348,23,737
349,23,976
350,23,150
351,23,285
352,23,912
353,23,620
354,23,475
355,23,709
356,23,794
357,23,799
358,23,453
359,23,563
360,23,388
361,23,590
362,23,1008
363,23,376
364,23,472
365,23,924
366,23,554
367,23,306
368,23,745
369,23,321
370,23,139
371,23,922
372,23,74
373,23,877
374,23,45
375,23,857
376,23,751
377,23,401
378,23,849
379,23,517
380,23,559
381,23,613
382,23,900
383,23,585
384,23,648
385,23,239
386,23,535
387,23,828
388,23,892
389,23,486
390,23,183
391,23,979
392,23,645
393,23,879
394,23,701
395,23,349
396,23,106
397,23,683
398,23,468
399,23,332
0,24,459
1,24,309
2,24,468
3,24,431
4,24,826
5,24,985
6,24,1006
7,24,655
8,24,311
9,24,464
10,24,621
11,24,211
12,24,536
13,24,786
14,24,551
15,24,650
16,24,848
17,24,755
18,24,520
19,24,403
20,24,713
21,24,32
22,24,437
23,24,209
24,24,788
25,24,693
26,24,283
27,24,287
28,24,901
29,24,142
30,24,524
31,24,362
32,24,1013
33,24,279
34,24,835
35,24,181
36,24,467
37,24,412
38,24,626
39,24,716
40,24,997
41,24,954
42,24,792
43,24,144
44,24,428
45,24,784
46,24,888
47,24,652
48,24,692
49,24,767
50,24,334
51,24,435
52,24,720
53,24,421
54,24,933
55,24,983
56,24,658
57,24,266
58,24,239
59,24,688
60,24,490
61,24,472
62,24,583
63,24,783
64,24,807
65,24,681
66,24,462
67,24,908
68,24,461
69,24,747
70,24,402
71,24,331
72,24,617
73,24,914
74,24,44
75,24,506
76,24,648
77,24,272
78,24,745
79,24,754
80,24,762
81,24,486
82,24,554
83,24,481
84,24,251
85,24,753
86,24,862
87,24,147
88,24,943
89,24,780
90,24,454
91,24,460
92,24,628
93,24,155
94,24,815
95,24,823
96,24,343
97,24,883
98,24,436
99,24,649
100,24,1010
101,24,739
102,24,560
103,24,556
104,24,827
105,24,614
106,24,137
107,24,203
108,24,329
109,24,625
110,24,312
111,24,449
112,24,156
113,24,790
114,24,434
115,24,450
116,24,341
117,24,206
118,24,131
119,24,656
120,24,869
121,24,438
122,24,370
123,24,940
124,24,105
125,24,333
126,24,139
127,24,323
128,24,588
129,24,205
130,24,430
131,24,1017
132,24,49
133,24,550
134,24,618
135,24,138
136,24,972
137,24,746
138,24,45
139,24,497
140,24,217
141,24,724
142,24,607
143,24,114
144,24,176
145,24,695
146,24,750
147,24,242
148,24,190
149,24,70
150,24,926
151,24,584
152,24,534
153,24,351
154,24,208
155,24,371
156,24,33
157,24,986
158,24,822
159,24,561
160,24,104
161,24,503
162,24,315
163,24,98
164,24,465
165,24,35
166,24,245
167,24,839
168,24,616
169,24,782
170,24,492
171,24,473
172,24,463
173,24,269
174,24,840
175,24,821
176,24,175
177,24,752
178,24,910
179,24,235
180,24,1003
181,24,921
182,24,785
183,24,665
184,24,261
185,24,533
186,24,843
187,24,20
188,24,257
189,24,743
190,24,274
191,24,525
192,24,237
193,24,872
194,24,552
195,24,938
196,24,489
197,24,1014
198,24,751
199,24,342
200,24,474
201,24,723
202,24,728
203,24,546
204,24,306
205,24,48
206,24,771
207,24,201
208,24,571
209,24,886
210,24,218
211,24,667
212,24,707
213,24,52
214,24,313
215,24,112
216,24,916
217,24,803
218,24,565
219,24,834
220,24,1011
221,24,77
222,24,157
223,24,622
224,24,627
225,24,322
226,24,660
227,24,1020
228,24,363
229,24,615
230,24,250
231,24,27
232,24,97
233,24,185
234,24,694
235,24,219
236,24,537
237,24,19
238,24,642
239,24,367
240,24,278
241,24,494
242,24,567
243,24,793
244,24,659
245,24,712
246,24,653
247,24,394
248,24,80
249,24,350
250,24,304
251,24,982
252,24,281
253,24,15
254,24,148
255,24,256
256,24,51
257,24,948
258,24,5
259,24,969
260,24,34
261,24,624
262,24,763
263,24,413
264,24,816
265,24,396
266,24,127
267,24,267
268,24,106
269,24,276
270,24,422
271,24,557
272,24,598
273,24,223
274,24,548
275,24,214
276,24,429
277,24,545
278,24,310
279,24,797
280,24,951
281,24,294
282,24,216
283,24,837
284,24,673
285,24,236
286,24,930
287,24,601
288,24,842
289,24,686
290,24,662
291,24,202
292,24,657
293,24,207
294,24,605
295,24,630
296,24,332
297,24,566
298,24,241
299,24,50
300,24,358
301,24,493
302,24,41
303,24,661
304,24,380
305,24,528
306,24,748
307,24,291
308,24,379
309,24,453
310,24,820
311,24,526
312,24,316
313,24,366
314,24,772
315,24,717
316,24,119
317,24,335
318,24,668
319,24,760
320,24,814
321,24,632
322,24,651
323,24,498
324,24,8
325,24,303
326,24,277
327,24,654
328,24,171
329,24,709
330,24,170
331,24,285
332,24,919
333,24,519
334,24,664
335,24,787
336,24,228
337,24,210
338,24,69
339,24,765
340,24,857
341,24,690
342,24,305
343,24,352
344,24,188
345,24,1005
346,24,509
347,24,466
348,24,737
349,24,976
350,24,151
351,24,253
352,24,912
353,24,619
354,24,443
355,24,708
356,24,794
357,24,799
358,24,485
359,24,531
360,24,420
361,24,589
362,24,1009
363,24,344
364,24,504
365,24,925
366,24,553
367,24,307
368,24,744
369,24,289
370,24,107
371,24,922
372,24,73
373,24,876
374,24,13
375,24,825
376,24,719
377,24,433
378,24,849
379,24,549
380,24,559
381,24,612
382,24,868
383,24,586
384,24,680
385,24,240
386,24,535
387,24,828
388,24,892
389,24,518
390,24,184
391,24,980
392,24,677
393,24,878
394,24,733
395,24,317
396,24,74
397,24,683
398,24,469
399,24,364
0,25,459
1,25,308
2,25,469
3,25,463
4,25,794
5,25,986
6,25,1006
7,25,655
8,25,310
9,25,465
10,25,621
11,25,210
12,25,537
13,25,786
14,25,552
15,25,618
16,25,848
17,25,787
18,25,520
19,25,404
20,25,712
21,25,0
22,25,436
23,25,208
24,25,820
25,25,661
26,25,251
27,25,287
28,25,901
29,25,142
30,25,492
31,25,394
32,25,1012
33,25,278
34,25,803
35,25,149
36,25,468
37,25,413
38,25,625
39,25,716
40,25,997
41,25,922
42,25,791
43,25,144
44,25,396
45,25,783
46,25,887
47,25,651
48,25,693
49,25,767
50,25,333
51,25,403
52,25,719
53,25,453
54,25,933
55,25,982
56,25,690
57,25,266
58,25,240
59,25,687
60,25,522
61,25,473
62,25,615
63,25,782
64,25,775
65,25,681
66,25,494
67,25,876
68,25,429
69,25,747
70,25,434
71,25,363
72,25,616
73,25,946
74,25,76
75,25,506
76,25,649
77,25,272
78,25,713
79,25,753
80,25,763
81,25,518
82,25,554
83,25,449
84,25,219
85,25,721
86,25,894
87,25,148
88,25,942
89,25,780
90,25,486
91,25,461
92,25,660
93,25,156
94,25,816
95,25,855
96,25,343
97,25,883
98,25,435
99,25,617
100,25,1011
101,25,738
102,25,560
103,25,588
104,25,795
105,25,614
106,25,137
107,25,235
108,25,330
109,25,624
110,25,311
111,25,450
112,25,124
113,25,790
114,25,466
115,25,482
116,25,373
117,25,174
118,25,132
119,25,657
120,25,868
121,25,438
122,25,371
123,25,908
124,25,104
125,25,301
126,25,138
127,25,322
128,25,589
129,25,204
130,25,462
131,25,985
132,25,50
133,25,550
134,25,619
135,25,106
136,25,971
137,25,778
138,25,44
139,25,497
140,25,218
141,25,724
142,25,607
143,25,114
144,25,177
145,25,663
146,25,749
147,25,242
148,25,190
149,25,69
150,25,925
151,25,583
152,25,534
153,25,319
154,25,207
155,25,339
156,25,1
157,25,954
158,25,823
159,25,562
160,25,136
161,25,504
162,25,283
163,25,98
164,25,433
165,25,35
166,25,245
167,25,838
168,25,648
169,25,750
170,25,460
171,25,474
172,25,464
173,25,237
174,25,839
175,25,822
176,25,176
177,25,720
178,25,878
179,25,234
180,25,1003
181,25,953
182,25,784
183,25,697
184,25,261
185,25,565
186,25,843
187,25,21
188,25,256
189,25,743
190,25,306
191,25,526
192,25,238
193,25,873
194,25,553
195,25,938
196,25,490
197,25,1013
198,25,752
199,25,341
200,25,442
201,25,755
202,25,760
203,25,578
204,25,305
205,25,49
206,25,772
207,25,201
208,25,571
209,25,885
210,25,186
211,25,667
212,25,706
213,25,52
214,25,312
215,25,80
216,25,916
217,25,771
218,25,597
219,25,866
220,25,979
221,25,77
222,25,157
223,25,654
224,25,659
225,25,354
226,25,692
227,25,1020
228,25,362
229,25,647
230,25,250
231,25,27
232,25,65
233,25,184
234,25,695
235,25,220
236,25,538
237,25,20
238,25,674
239,25,366
240,25,277
241,25,493
242,25,535
243,25,793
244,25,658
245,25,744
246,25,653
247,25,393
248,25,48
249,25,318
250,25,336
251,25,1014
252,25,313
253,25,47
254,25,116
255,25,224
256,25,19
257,25,947
258,25,5
259,25,968
260,25,34
261,25,656
262,25,731
263,25,445
264,25,817
265,25,364
266,25,127
267,25,267
268,25,105
269,25,276
270,25,422
271,25,556
272,25,566
273,25,223
274,25,549
275,25,214
276,25,428
277,25,545
278,25,342
279,25,797
280,25,951
281,25,294
282,25,217
283,25,869
284,25,641
285,25,236
286,25,930
287,25,633
288,25,842
289,25,685
290,25,630
291,25,202
292,25,689
293,25,206
294,25,573
295,25,631
296,25,331
297,25,567
298,25,273
299,25,51
300,25,390
301,25,525
302,25,41
303,25,662
304,25,412
305,25,496
306,25,748
307,25,323
308,25,379
309,25,454
310,25,821
311,25,527
312,25,315
313,25,334
314,25,804
315,25,717
316,25,119
317,25,335
318,25,668
319,25,792
320,25,815
321,25,632
322,25,650
323,25,498
324,25,8
325,25,303
326,25,309
327,25,686
328,25,171
329,25,710
330,25,170
331,25,286
332,25,920
333,25,551
334,25,696
335,25,788
336,25,228
337,25,209
338,25,37
339,25,733
340,25,889
341,25,691
342,25,304
343,25,320
344,25,187
345,25,1005
346,25,541
347,25,467
348,25,737
349,25,976
350,25,183
351,25,252
352,25,912
353,25,620
354,25,443
355,25,707
356,25,762
357,25,799
358,25,517
359,25,499
360,25,421
361,25,557
362,25,1010
363,25,344
364,25,505
365,25,893
366,25,585
367,25,307
368,25,745
369,25,257
370,25,139
371,25,921
372,25,74
373,25,844
374,25,45
375,25,826
376,25,751
377,25,432
378,25,849
379,25,581
380,25,559
381,25,580
382,25,867
383,25,587
384,25,680
385,25,241
386,25,536
387,25,828
388,25,892
389,25,519
390,25,216
391,25,981
392,25,709
393,25,877
394,25,734
395,25,285
396,25,75
397,25,683
398,25,437
399,25,332
0,26,459
1,26,340
2,26,470
3,26,462
4,26,762
5,26,954
6,26,1006
7,26,687
8,26,311
9,26,466
10,26,621
11,26,209
12,26,538
13,26,754
14,26,553
15,26,619
16,26,848
17,26,786
18,26,520
19,26,404
20,26,744
21,26,0
22,26,436
23,26,207
24,26,819
25,26,629
26,26,219
27,26,287
28,26,901
29,26,141
30,26,460
31,26,426
32,26,980
33,26,277
34,26,771
35,26,117
36,26,469
37,26,412
38,26,624
39,26,716
40,26,997
41,26,923
42,26,791
43,26,176
44,26,364
45,26,782
46,26,886
47,26,650
48,26,694
49,26,767
50,26,334
51,26,435
52,26,719
53,26,454
54,26,933
55,26,1014
56,26,690
57,26,266
58,26,241
59,26,686
60,26,521
61,26,474
62,26,647
63,26,814
64,26,775
65,26,681
66,26,493
67,26,844
68,26,430
69,26,747
70,26,433
71,26,362
72,26,616
73,26,978
74,26,77
75,26,505
76,26,617
77,26,240
78,26,712
79,26,785
80,26,731
81,26,550
82,26,554
83,26,417
84,26,187
85,26,722
86,26,926
87,26,149
88,26,974
89,26,748
90,26,487
91,26,429
92,26,660
93,26,188
94,26,817
95,26,887
96,26,344
97,26,883
98,26,467
99,26,618
100,26,1012
101,26,770
102,26,560
103,26,589
104,26,795
105,26,614
106,26,136
107,26,267
108,26,331
109,26,656
110,26,279
111,26,449
112,26,92
113,26,790
114,26,434
115,26,450
116,26,341
117,26,142
118,26,100
119,26,658
120,26,868
121,26,437
122,26,403
123,26,908
124,26,105
125,26,301
126,26,137
127,26,354
128,26,557
129,26,203
130,26,494
131,26,985
132,26,51
133,26,549
134,26,620
135,26,107
136,26,970
137,26,810
138,26,76
139,26,465
140,26,250
141,26,725
142,26,607
143,26,114
144,26,145
145,26,695
146,26,750
147,26,242
148,26,190
149,26,68
150,26,957
151,26,615
152,26,534
153,26,351
154,26,175
155,26,371
156,26,2
157,26,953
158,26,824
159,26,594
160,26,104
161,26,504
162,26,283
163,26,98
164,26,432
165,26,35
166,26,244
167,26,870
168,26,648
169,26,751
170,26,461
171,26,442
172,26,463
173,26,236
174,26,838
175,26,854
176,26,177
177,26,721
178,26,878
179,26,233
180,26,1003
181,26,921
182,26,783
183,26,698
184,26,261
185,26,597
186,26,843
187,26,22
188,26,256
189,26,743
190,26,338
191,26,526
192,26,237
193,26,905
194,26,585
195,26,938
196,26,490
197,26,981
198,26,720
199,26,309
200,26,410
201,26,787
202,26,792
203,26,610
204,26,305
205,26,50
206,26,740
207,26,201
208,26,571
209,26,884
210,26,218
211,26,667
212,26,738
213,26,52
214,26,280
215,26,48
216,26,916
217,26,772
218,26,596
219,26,865
220,26,1011
221,26,109
222,26,156
223,26,653
224,26,691
225,26,386
226,26,724
227,26,1020
228,26,330
229,26,679
230,26,249
231,26,27
232,26,33
233,26,185
234,26,727
235,26,220
236,26,506
237,26,21
238,26,706
239,26,367
240,26,245
241,26,492
242,26,536
243,26,794
244,26,626
245,26,776
246,26,685
247,26,393
248,26,47
249,26,319
250,26,304
251,26,1013
252,26,345
253,26,15
254,26,148
255,26,224
256,26,20
257,26,979
258,26,5
259,26,967
260,26,34
261,26,655
262,26,732
263,26,477
264,26,818
265,26,332
266,26,127
267,26,299
268,26,73
269,26,276
270,26,421
271,26,555
272,26,567
273,26,223
274,26,548
275,26,214
276,26,396
277,26,545
278,26,343
279,26,797
280,26,951
281,26,294
282,26,217
283,26,869
284,26,609
285,26,204
286,26,930
287,26,665
288,26,842
289,26,684
290,26,598
291,26,202
292,26,657
293,26,205
294,26,605
295,26,630
296,26,363
297,26,535
298,26,272
299,26,19
300,26,422
301,26,524
302,26,41
303,26,662
304,26,444
305,26,464
306,26,749
307,26,322
308,26,379
309,26,486
310,26,822
311,26,527
312,26,315
313,26,366
314,26,836
315,26,717
316,26,119
317,26,335
318,26,668
319,26,793
320,26,816
321,26,632
322,26,649
323,26,497
324,26,8
325,26,302
326,26,310
327,26,654
328,26,139
329,26,711
330,26,170
331,26,318
332,26,952
333,26,583
334,26,728
335,26,788
336,26,228
337,26,208
338,26,38
339,26,701
340,26,888
341,26,692
342,26,303
343,26,288
344,26,186
345,26,1005
346,26,573
347,26,468
348,26,737
349,26,976
350,26,184
351,26,251
352,26,912
353,26,588
354,26,443
355,26,707
356,26,763
357,26,799
358,26,517
359,26,499
360,26,453
361,26,525
362,26,1010
363,26,312
364,26,537
365,26,893
366,26,584
367,26,308
368,26,713
369,26,225
370,26,138
371,26,922
372,26,106
373,26,812
374,26,45
375,26,826
376,26,752
377,26,431
378,26,849
379,26,613
380,26,559
381,26,580
382,26,835
383,26,587
384,26,680
385,26,273
386,26,568
387,26,828
388,26,892
389,26,518
390,26,216
391,26,982
392,26,741
393,26,876
394,26,766
395,26,286
396,26,43
397,26,651
398,26,405
399,26,333
0,27,460
1,27,341
2,27,438
3,27,494
4,27,763
5,27,954
6,27,1006
7,27,687
8,27,279
9,27,465
10,27,622
11,27,208
12,27,506
13,27,754
14,27,554
15,27,618
16,27,816
17,27,786
18,27,552
19,27,405
20,27,712
21,27,0
22,27,436
23,27,206
24,27,787
25,27,597
26,27,187
27,27,287
28,27,901
29,27,142
30,27,428
31,27,458
32,27,980
33,27,276
34,27,739
35,27,149
36,27,470
37,27,380
38,27,656
39,27,715
40,27,997
41,27,924
42,27,792
43,27,175
44,27,363
45,27,781
46,27,885
47,27,649
48,27,662
49,27,767
50,27,366
51,27,467
52,27,720
53,27,486
54,27,933
55,27,1013
56,27,691
57,27,265
58,27,273
59,27,685
60,27,520
61,27,475
62,27,679
63,27,815
64,27,775
65,27,682
66,27,492
67,27,845
68,27,431
69,27,748
70,27,432
71,27,330
72,27,617
73,27,1010
74,27,76
75,27,505
76,27,585
77,27,239
78,27,713
79,27,784
80,27,731
81,27,551
82,27,522
83,27,385
84,27,186
85,27,690
86,27,958
87,27,150
88,27,973
89,27,716
90,27,519
91,27,429
92,27,692
93,27,220
94,27,818
95,27,855
96,27,345
97,27,882
98,27,466
99,27,586
100,27,1012
101,27,770
102,27,560
103,27,621
104,27,796
105,27,613
106,27,168
107,27,266
108,27,299
109,27,655
110,27,278
111,27,449
112,27,60
113,27,758
114,27,434
115,27,450
116,27,342
117,27,110
118,27,101
119,27,658
120,27,868
121,27,437
122,27,435
123,27,876
124,27,106
125,27,269
126,27,136
127,27,386
128,27,558
129,27,235
130,27,526
131,27,985
132,27,19
133,27,550
134,27,620
135,27,75
136,27,969
137,27,842
138,27,108
139,27,433
140,27,249
141,27,724
142,27,607
143,27,114
144,27,144
145,27,694
146,27,751
147,27,242
148,27,190
149,27,67
150,27,956
151,27,614
152,27,534
153,27,319
154,27,174
155,27,403
156,27,3
157,27,952
158,27,825
159,27,626
160,27,104
161,27,472
162,27,251
163,27,98
164,27,400
165,27,35
166,27,245
167,27,838
168,27,647
169,27,719
170,27,461
171,27,441
172,27,462
173,27,204
174,27,837
175,27,854
176,27,145
177,27,722
178,27,878
179,27,233
180,27,1003
181,27,921
182,27,782
183,27,730
184,27,261
185,27,598
186,27,844
187,27,23
188,27,257
189,27,744
190,27,339
191,27,525
192,27,237
193,27,906
194,27,584
195,27,938
196,27,490
197,27,982
198,27,688
199,27,309
200,27,410
201,27,788
202,27,824
203,27,642
204,27,304
205,27,51
206,27,708
207,27,201
208,27,571
209,27,883
210,27,250
211,27,667
212,27,737
213,27,52
214,27,280
215,27,47
216,27,916
217,27,772
218,27,564
219,27,897
220,27,979
221,27,77
222,27,156
223,27,653
224,27,659
225,27,418
226,27,723
227,27,1020
228,27,331
229,27,711
230,27,281
231,27,27
232,27,34
233,27,184
234,27,728
235,27,252
236,27,474
237,27,22
238,27,738
239,27,367
240,27,213
241,27,524
242,27,504
243,27,794
244,27,627
245,27,808
246,27,717
247,27,393
248,27,46
249,27,318
250,27,303
251,27,981
252,27,377
253,27,16
254,27,148
255,27,225
256,27,21
257,27,978
258,27,5
259,27,966
260,27,2
261,27,654
262,27,732
263,27,509
264,27,819
265,27,332
266,27,127
267,27,267
268,27,41
269,27,308
270,27,422
271,27,555
272,27,568
273,27,223
274,27,549
275,27,214
276,27,364
277,27,545
278,27,375
279,27,797
280,27,919
281,27,294
282,27,218
283,27,869
284,27,610
285,27,203
286,27,930
287,27,697
288,27,843
289,27,683
290,27,566
291,27,202
292,27,657
293,27,173
294,27,604
295,27,630
296,27,362
297,27,535
298,27,240
299,27,20
300,27,454
301,27,523
302,27,40
303,27,661
304,27,476
305,27,464
306,27,750
307,27,354
308,27,379
309,27,518
310,27,790
311,27,527
312,27,315
313,27,398
314,27,836
315,27,749
316,27,119
317,27,334
318,27,668
319,27,793
320,27,817
321,27,632
322,27,648
323,27,496
324,27,8
325,27,302
326,27,310
327,27,686
328,27,139
329,27,743
330,27,138
331,27,317
332,27,951
333,27,615
334,27,760
335,27,820
336,27,228
337,27,207
338,27,70
339,27,701
340,27,887
341,27,693
342,27,335
343,27,256
344,27,185
345,27,1005
346,27,605
347,27,469
348,27,769
349,27,976
350,27,216
351,27,219
352,27,912
353,27,556
354,27,442
355,27,707
356,27,795
357,27,799
358,27,485
359,27,499
360,27,453
361,27,493
362,27,1011
363,27,311
364,27,569
365,27,893
366,27,616
367,27,307
368,27,681
369,27,193
370,27,137
371,27,922
372,27,107
373,27,780
374,27,45
375,27,826
376,27,752
377,27,463
378,27,849
379,27,645
380,27,559
381,27,548
382,27,834
383,27,588
384,27,680
385,27,305
386,27,600
387,27,828
388,27,892
389,27,517
390,27,217
391,27,983
392,27,742
393,27,875
394,27,798
395,27,286
396,27,43
397,27,619
398,27,406
399,27,301
0,28,492
1,28,342
2,28,406
3,28,494
4,28,731
5,28,954
6,28,1006
7,28,688
8,28,311
9,28,464
10,28,590
11,28,207
12,28,474
13,28,722
14,28,586
15,28,617
16,28,816
17,28,754
18,28,584
19,28,373
20,28,711
21,28,0
22,28,435
23,28,205
24,28,786
25,28,598
26,28,155
27,28,287
28,28,901
29,28,110
30,28,460
31,28,490
32,28,981
33,28,244
34,28,707
35,28,149
36,28,471
37,28,380
38,28,655
39,28,715
40,28,997
41,28,892
42,28,824
43,28,174
44,28,363
45,28,780
46,28,884
47,28,648
48,28,630
49,28,767
50,28,398
51,28,499
52,28,752
53,28,487
54,28,933
55,28,1012
56,28,692
57,28,266
58,28,274
59,28,686
60,28,552
61,28,476
62,28,679
63,28,847
64,28,775
65,28,650
66,28,491
67,28,877
68,28,463
69,28,749
70,28,431
71,28,362
72,28,649
73,28,1009
74,28,77
75,28,506
76,28,553
77,28,238
78,28,713
79,28,784
80,28,730
81,28,551
82,28,554
83,28,353
84,28,187
85,28,691
86,28,990
87,28,151
88,28,972
89,28,684
90,28,519
91,28,428
92,28,724
93,28,221
94,28,819
95,28,887
96,28,346
97,28,914
98,28,434
99,28,618
100,28,980
101,28,771
102,28,560
103,28,620
104,28,795
105,28,612
106,28,168
107,28,298
108,28,267
109,28,654
110,28,277
111,28,449
112,28,60
113,28,757
114,28,402
115,28,451
116,28,343
117,28,109
118,28,101
119,28,659
120,28,868
121,28,436
122,28,467
123,28,844
124,28,105
125,28,301
126,28,135
127,28,418
128,28,559
129,28,234
130,28,558
131,28,985
132,28,20
133,28,518
134,28,588
135,28,43
136,28,968
137,28,874
138,28,107
139,28,401
140,28,250
141,28,725
142,28,607
143,28,114
144,28,176
145,28,695
146,28,783
147,28,242
148,28,190
149,28,66
150,28,955
151,28,613
152,28,533
153,28,319
154,28,142
155,28,403
156,28,4
157,28,920
158,28,826
159,28,658
160,28,104
161,28,440
162,28,219
163,28,98
164,28,400
165,28,67
166,28,245
167,28,838
168,28,646
169,28,720
170,28,429
171,28,473
172,28,461
173,28,203
174,28,836
175,28,854
176,28,113
177,28,690
178,28,878
179,28,265
180,28,1003
181,28,921
182,28,782
183,28,762
184,28,261
185,28,599
186,28,843
187,28,55
188,28,225
189,28,712
190,28,371
191,28,557
192,28,237
193,28,938
194,28,585
195,28,970
196,28,489
197,28,983
198,28,689
199,28,308
200,28,409
201,28,787
202,28,823
203,28,674
204,28,305
205,28,19
206,28,709
207,28,200
208,28,571
209,28,882
210,28,251
211,28,667
212,28,736
213,28,51
214,28,279
215,28,46
216,28,916
217,28,772
218,28,565
219,28,929
220,28,1011
221,28,78
222,28,156
223,28,685
224,28,627
225,28,450
226,28,755
227,28,1020
228,28,299
229,28,743
230,28,281
231,28,27
232,28,35
233,28,184
234,28,760
235,28,220
236,28,442
237,28,23
238,28,770
239,28,335
240,28,212
241,28,525
242,28,472
243,28,794
244,28,595
245,28,840
246,28,716
247,28,393
248,28,14
249,28,318
250,28,304
251,28,982
252,28,377
253,28,48
254,28,148
255,28,193
256,28,22
257,28,977
258,28,5
259,28,965
260,28,34
261,28,653
262,28,732
263,28,509
264,28,820
265,28,331
266,28,127
267,28,235
268,28,9
269,28,340
270,28,390
271,28,587
272,28,569
273,28,223
274,28,550
275,28,214
276,28,332
277,28,545
278,28,407
279,28,797
280,28,951
281,28,294
282,28,217
283,28,869
284,28,578
285,28,202
286,28,930
287,28,697
288,28,842
289,28,651
290,28,534
291,28,201
292,28,656
293,28,172
294,28,605
295,28,629
296,28,394
297,28,535
298,28,241
299,28,21
300,28,454
301,28,522
302,28,41
303,28,662
304,28,508
305,28,432
306,28,750
307,28,386
308,28,379
309,28,486
310,28,758
311,28,526
312,28,315
313,28,399
314,28,835
315,28,781
316,28,119
317,28,333
318,28,668
319,28,793
320,28,818
321,28,632
322,28,647
323,28,496
324,28,8
325,28,303
326,28,309
327,28,687
328,28,171
329,28,744
330,28,139
331,28,285
332,28,952
333,28,583
334,28,792
335,28,788
336,28,228
337,28,206
338,28,70
339,28,701
340,28,886
341,28,694
342,28,336
343,28,257
344,28,153
345,28,1005
346,28,637
347,28,437
348,28,737
349,28,976
350,28,216
351,28,218
352,28,912
353,28,555
354,28,410
355,28,708
356,28,827
357,28,799
358,28,517
359,28,531
360,28,453
361,28,493
362,28,1010
363,28,310
364,28,601
365,28,894
366,28,615
367,28,307
368,28,682
369,28,161
370,28,136
371,28,922
372,28,106
373,28,748
374,28,45
375,28,858
376,28,751
377,28,462
378,28,849
379,28,677
380,28,527
381,28,516
382,28,802
383,28,589
384,28,681
385,28,306
386,28,568
387,28,828
388,28,893
389,28,549
390,28,249
391,28,984
392,28,742
393,28,875
394,28,830
395,28,286
396,28,44
397,28,619
398,28,374
399,28,302
0,29,460
1,29,310
2,29,374
3,29,526
4,29,699
5,29,954
6,29,1006
7,29,656
8,29,311
9,29,496
10,29,558
11,29,206
12,29,442
13,29,722
14,29,587
15,29,616
16,29,816
17,29,754
18,29,552
19,29,341
20,29,710
21,29,0
22,29,467
23,29,204
24,29,785
25,29,566
26,29,123
27,29,287
28,29,901
29,29,142
30,29,428
31,29,491
32,29,1013
33,29,243
34,29,675
35,29,149
36,29,472
37,29,380
38,29,654
39,29,683
40,29,997
41,29,893
42,29,824
43,29,174
44,29,362
45,29,779
46,29,883
47,29,647
48,29,631
49,29,767
50,29,398
51,29,531
52,29,784
53,29,487
54,29,933
55,29,1011
56,29,660
57,29,265
58,29,306
59,29,685
60,29,520
61,29,476
62,29,711
63,29,847
64,29,775
65,29,649
66,29,523
67,29,877
68,29,464
69,29,749
70,29,430
71,29,330
72,29,648
73,29,977
74,29,78
75,29,506
76,29,585
77,29,237
78,29,712
79,29,783
80,29,762
81,29,583
82,29,553
83,29,321
84,29,155
85,29,692
86,29,1022
87,29,183
88,29,971
89,29,684
90,29,551
91,29,396
92,29,723
93,29,220
94,29,820
95,29,887
96,29,347
97,29,915
98,29,435
99,29,617
100,29,981
101,29,770
102,29,592
103,29,620
104,29,763
105,29,612
106,29,136
107,29,266
108,29,235
109,29,622
110,29,245
111,29,449
112,29,60
113,29,725
114,29,434
115,29,451
116,29,344
117,29,108
118,29,101
119,29,659
120,29,868
121,29,436
122,29,468
123,29,812
124,29,106
125,29,333
126,29,134
127,29,450
128,29,560
129,29,233
130,29,557
131,29,986
132,29,52
133,29,486
134,29,588
135,29,44
136,29,967
137,29,875
138,29,139
139,29,402
140,29,249
141,29,724
142,29,607
143,29,146
144,29,175
145,29,663
146,29,815
147,29,242
148,29,190
149,29,65
150,29,955
151,29,613
152,29,534
153,29,319
154,29,141
155,29,403
156,29,5
157,29,952
158,29,827
159,29,658
160,29,104
161,29,441
162,29,187
163,29,98
164,29,401
165,29,35
166,29,213
167,29,838
168,29,678
169,29,688
170,29,429
171,29,473
172,29,461
173,29,202
174,29,835
175,29,854
176,29,114
177,29,691
178,29,878
179,29,264
180,29,1003
181,29,921
182,29,781
183,29,794
184,29,261
185,29,598
186,29,843
187,29,54
188,29,224
189,29,680
190,29,371
191,29,525
192,29,269
193,29,970
194,29,584
195,29,969
196,29,490
197,29,951
198,29,690
199,29,340
200,29,408
201,29,786
202,29,855
203,29,706
204,29,273
205,29,20
206,29,708
207,29,200
208,29,571
209,29,914
210,29,250
211,29,667
212,29,768
213,29,50
214,29,279
215,29,45
216,29,916
217,29,772
218,29,565
219,29,929
220,29,1010
221,29,110
222,29,156
223,29,717
224,29,627
225,29,482
226,29,787
227,29,1020
228,29,267
229,29,744
230,29,280
231,29,27
232,29,36
233,29,184
234,29,760
235,29,219
236,29,410
237,29,55
238,29,802
239,29,334
240,29,211
241,29,493
242,29,440
243,29,793
244,29,563
245,29,841
246,29,715
247,29,392
248,29,46
249,29,318
250,29,304
251,29,982
252,29,409
253,29,49
254,29,148
255,29,161
256,29,23
257,29,945
258,29,37
259,29,965
260,29,34
261,29,652
262,29,731
263,29,541
264,29,821
265,29,363
266,29,127
267,29,236
268,29,9
269,29,339
270,29,390
271,29,555
272,29,537
273,29,223
274,29,549
275,29,214
276,29,331
277,29,545
278,29,439
279,29,797
280,29,919
281,29,294
282,29,218
283,29,869
284,29,546
285,29,234
286,29,930
287,29,697
288,29,842
289,29,650
290,29,502
291,29,201
292,29,655
293,29,172
294,29,573
295,29,630
296,29,393
297,29,535
298,29,241
299,29,22
300,29,422
301,29,522
302,29,41
303,29,662
304,29,509
305,29,400
306,29,751
307,29,386
308,29,379
309,29,454
310,29,757
311,29,527
312,29,315
313,29,367
314,29,803
315,29,813
316,29,119
317,29,332
318,29,668
319,29,792
320,29,819
321,29,632
322,29,646
323,29,528
324,29,8
325,29,335
326,29,309
327,29,687
328,29,170
329,29,745
330,29,140
331,29,285
332,29,953
333,29,615
334,29,791
335,29,788
336,29,228
337,29,205
338,29,70
339,29,701
340,29,885
341,29,695
342,29,368
343,29,225
344,29,121
345,29,1005
346,29,669
347,29,438
348,29,737
349,29,976
350,29,217
351,29,186
352,29,912
353,29,554
354,29,378
355,29,707
356,29,859
357,29,799
358,29,518
359,29,532
360,29,453
361,29,492
362,29,1009
363,29,278
364,29,633
365,29,926
366,29,614
367,29,308
368,29,714
369,29,162
370,29,135
371,29,922
372,29,74
373,29,747
374,29,77
375,29,826
376,29,752
377,29,494
378,29,849
379,29,709
380,29,559
381,29,515
382,29,801
383,29,590
384,29,682
385,29,305
386,29,568
387,29,828
388,29,894
389,29,581
390,29,281
391,29,985
392,29,743
393,29,907
394,29,862
395,29,286
396,29,12
397,29,619
398,29,342
399,29,303
0,30,428
1,30,278
2,30,375
3,30,558
4,30,667
5,30,954
6,30,1006
7,30,657
8,30,311
9,30,464
10,30,557
11,30,174
12,30,410
13,30,722
14,30,588
15,30,617
16,30,816
17,30,754
18,30,520
19,30,342
20,30,709
21,30,0
22,30,466
23,30,203
24,30,784
25,30,534
26,30,155
27,30,287
28,30,901
29,30,110
30,30,429
31,30,492
32,30,1013
33,30,211
34,30,643
35,30,149
36,30,440
37,30,380
38,30,686
39,30,683
40,30,997
41,30,861
42,30,856
43,30,142
44,30,330
45,30,778
46,30,882
47,30,615
48,30,599
49,30,767
50,30,398
51,30,563
52,30,783
53,30,487
54,30,933
55,30,979
56,30,628
57,30,266
58,30,338
59,30,685
60,30,521
61,30,476
62,30,743
63,30,848
64,30,776
65,30,650
66,30,522
67,30,877
68,30,432
69,30,781
70,30,462
71,30,298
72,30,648
73,30,978
74,30,46
75,30,506
76,30,585
77,30,237
78,30,711
79,30,782
80,30,794
81,30,583
82,30,552
83,30,289
84,30,187
85,30,660
86,30,1021
87,30,184
88,30,970
89,30,684
90,30,551
91,30,364
92,30,755
93,30,220
94,30,821
95,30,888
96,30,315
97,30,883
98,30,436
99,30,649
100,30,982
101,30,770
102,30,560
103,30,652
104,30,731
105,30,612
106,30,137
107,30,267
108,30,236
109,30,654
110,30,244
111,30,449
112,30,60
113,30,724
114,30,434
115,30,450
116,30,345
117,30,108
118,30,101
119,30,659
120,30,868
121,30,437
122,30,469
123,30,812
124,30,107
125,30,332
126,30,102
127,30,482
128,30,528
129,30,265
130,30,589
131,30,1018
132,30,84
133,30,518
134,30,620
135,30,76
136,30,966
137,30,907
138,30,138
139,30,370
140,30,250
141,30,723
142,30,607
143,30,114
144,30,175
145,30,662
146,30,847
147,30,274
148,30,190
149,30,97
150,30,955
151,30,581
152,30,533
153,30,319
154,30,173
155,30,435
156,30,6
157,30,920
158,30,795
159,30,690
160,30,104
161,30,473
162,30,186
163,30,98
164,30,433
165,30,35
166,30,245
167,30,838
168,30,710
169,30,656
170,30,430
171,30,472
172,30,460
173,30,201
174,30,867
175,30,854
176,30,115
177,30,692
178,30,878
179,30,263
180,30,1003
181,30,921
182,30,780
183,30,826
184,30,261
185,30,597
186,30,875
187,30,22
188,30,256
189,30,679
190,30,403
191,30,525
192,30,269
193,30,969
194,30,584
195,30,1001
196,30,490
197,30,952
198,30,691
199,30,308
200,30,408
201,30,818
202,30,887
203,30,738
204,30,241
205,30,21
206,30,708
207,30,168
208,30,571
209,30,914
210,30,218
211,30,666
212,30,800
213,30,51
214,30,279
215,30,44
216,30,916
217,30,772
218,30,566
219,30,929
220,30,1011
221,30,109
222,30,156
223,30,749
224,30,627
225,30,514
226,30,786
227,30,1020
228,30,235
229,30,744
230,30,312
231,30,27
232,30,36
233,30,216
234,30,792
235,30,219
236,30,378
237,30,87
238,30,834
239,30,333
240,30,210
241,30,494
242,30,441
243,30,793
244,30,564
245,30,842
246,30,714
247,30,393
248,30,47
249,30,318
250,30,305
251,30,983
252,30,409
253,30,50
254,30,148
255,30,160
256,30,24
257,30,944
258,30,5
259,30,965
260,30,34
261,30,653
262,30,730
263,30,509
264,30,822
265,30,363
266,30,127
267,30,204
268,30,9
269,30,371
270,30,358
271,30,555
272,30,505
273,30,223
274,30,548
275,30,214
276,30,299
277,30,513
278,30,471
279,30,797
280,30,951
281,30,294
282,30,217
283,30,869
284,30,545
285,30,202
286,30,930
287,30,697
288,30,843
289,30,651
290,30,470
291,30,200
292,30,623
293,30,140
294,30,541
295,30,630
296,30,394
297,30,535
298,30,242
299,30,23
300,30,390
301,30,554
302,30,41
303,30,694
304,30,510
305,30,368
306,30,752
307,30,386
308,30,379
309,30,422
310,30,725
311,30,527
312,30,316
313,30,366
314,30,835
315,30,813
316,30,119
317,30,331
318,30,700
319,30,824
320,30,820
321,30,632
322,30,678
323,30,496
324,30,8
325,30,303
326,30,310
327,30,655
328,30,170
329,30,746
330,30,141
331,30,285
332,30,985
333,30,616
334,30,791
335,30,787
336,30,228
337,30,205
338,30,70
339,30,701
340,30,884
341,30,696
342,30,369
343,30,193
344,30,120
345,30,1005
346,30,668
347,30,406
348,30,737
349,30,976
350,30,249
351,30,185
352,30,912
353,30,553
354,30,377
355,30,707
356,30,891
357,30,799
358,30,519
359,30,531
360,30,453
361,30,493
362,30,1010
363,30,246
364,30,665
365,30,925
366,30,613
367,30,276
368,30,713
369,30,163
370,30,134
371,30,922
372,30,106
373,30,715
374,30,45
375,30,825
376,30,720
377,30,526
378,30,849
379,30,741
380,30,559
381,30,483
382,30,769
383,30,622
384,30,682
385,30,273
386,30,568
387,30,828
388,30,893
389,30,549
390,30,280
391,30,986
392,30,775
393,30,906
394,30,862
395,30,286
396,30,11
397,30,587
398,30,343
399,30,304
0,31,428
1,31,246
2,31,376
3,31,590
4,31,635
5,31,954
6,31,1006
7,31,658
8,31,279
9,31,463
10,31,557
11,31,142
12,31,378
13,31,721
14,31,620
15,31,618
16,31,784
17,31,786
18,31,552
19,31,310
20,31,708
21,31,0
22,31,434
23,31,202
24,31,783
25,31,502
26,31,155
27,31,287
28,31,901
29,31,110
30,31,430
31,31,524
32,31,1013
33,31,179
34,31,643
35,31,149
36,31,408
37,31,380
38,31,685
39,31,715
40,31,997
41,31,829
42,31,856
43,31,141
44,31,329
45,31,777
46,31,881
47,31,614
48,31,567
49,31,767
50,31,398
51,31,595
52,31,782
53,31,487
54,31,933
55,31,978
56,31,629
57,31,266
58,31,370
59,31,653
60,31,520
61,31,476
62,31,744
63,31,816
64,31,775
65,31,649
66,31,554
67,31,877
68,31,432
69,31,749
70,31,461
71,31,330
72,31,680
73,31,1010
74,31,47
75,31,506
76,31,585
77,31,205
78,31,679
79,31,781
80,31,826
81,31,615
82,31,551
83,31,257
84,31,219
85,31,628
86,31,1020
87,31,185
88,31,969
89,31,684
90,31,583
91,31,396
92,31,754
93,31,220
94,31,822
95,31,887
96,31,316
97,31,883
98,31,468
99,31,617
100,31,983
101,31,769
102,31,560
103,31,651
104,31,699
105,31,612
106,31,105
107,31,267
108,31,237
109,31,654
110,31,212
111,31,449
112,31,60
113,31,725
114,31,435
115,31,450
116,31,346
117,31,76
118,31,101
119,31,659
120,31,868
121,31,436
122,31,470
123,31,780
124,31,108
125,31,331
126,31,102
127,31,483
128,31,496
129,31,264
130,31,588
131,31,1017
132,31,116
133,31,518
134,31,619
135,31,44
136,31,934
137,31,908
138,31,137
139,31,371
140,31,250
141,31,724
142,31,607
143,31,114
144,31,175
145,31,694
146,31,848
147,31,274
148,31,190
149,31,96
150,31,955
151,31,613
152,31,534
153,31,319
154,31,174
155,31,467
156,31,38
157,31,920
158,31,763
159,31,722
160,31,104
161,31,472
162,31,154
163,31,98
164,31,433
165,31,35
166,31,277
167,31,838
168,31,709
169,31,657
170,31,462
171,31,440
172,31,460
173,31,200
174,31,867
175,31,854
176,31,115
177,31,660
178,31,878
179,31,295
180,31,1003
181,31,921
182,31,779
183,31,858
184,31,261
185,31,597
186,31,875
187,31,23
188,31,256
189,31,647
190,31,404
191,31,525
192,31,269
193,31,1001
194,31,584
195,31,1002
196,31,490
197,31,953
198,31,692
199,31,309
200,31,409
201,31,850
202,31,886
203,31,770
204,31,241
205,31,22
206,31,740
207,31,136
208,31,571
209,31,914
210,31,218
211,31,667
212,31,832
213,31,52
214,31,278
215,31,43
216,31,915
217,31,772
218,31,566
219,31,929
220,31,1012
221,31,77
222,31,156
223,31,750
224,31,627
225,31,546
226,31,818
227,31,988
228,31,203
229,31,776
230,31,313
231,31,27
232,31,36
233,31,184
234,31,824
235,31,251
236,31,379
237,31,119
238,31,866
239,31,332
240,31,209
241,31,494
242,31,442
243,31,794
244,31,532
245,31,843
246,31,746
247,31,392
248,31,48
249,31,318
250,31,306
251,31,951
252,31,441
253,31,51
254,31,148
255,31,160
256,31,56
257,31,944
258,31,5
259,31,965
260,31,34
261,31,652
262,31,731
263,31,509
264,31,823
265,31,364
266,31,127
267,31,236
268,31,9
269,31,403
270,31,390
271,31,523
272,31,473
273,31,223
274,31,549
275,31,214
276,31,298
277,31,514
278,31,503
279,31,797
280,31,952
281,31,294
282,31,216
283,31,869
284,31,513
285,31,170
286,31,930
287,31,665
288,31,811
289,31,650
290,31,438
291,31,168
292,31,655
293,31,140
294,31,541
295,31,630
296,31,393
297,31,535
298,31,242
299,31,55
300,31,422
301,31,586
302,31,41
303,31,695
304,31,511
305,31,336
306,31,753
307,31,386
308,31,347
309,31,421
310,31,693
311,31,527
312,31,317
313,31,334
314,31,836
315,31,813
316,31,120
317,31,363
318,31,701
319,31,825
320,31,821
321,31,632
322,31,710
323,31,497
324,31,8
325,31,304
326,31,311
327,31,656
328,31,138
329,31,778
330,31,109
331,31,285
332,31,986
333,31,648
334,31,792
335,31,755
336,31,228
337,31,204
338,31,70
339,31,669
340,31,916
341,31,697
342,31,401
343,31,161
344,31,88
345,31,1005
346,31,700
347,31,374
348,31,705
349,31,976
350,31,281
351,31,153
352,31,912
353,31,521
354,31,377
355,31,707
356,31,892
357,31,799
358,31,519
359,31,499
360,31,453
361,31,492
362,31,1011
363,31,245
364,31,666
365,31,893
366,31,645
367,31,244
368,31,681
369,31,164
370,31,133
371,31,922
372,31,106
373,31,714
374,31,45
375,31,793
376,31,719
377,31,558
378,31,849
379,31,741
380,31,559
381,31,451
382,31,737
383,31,623
384,31,682
385,31,273
386,31,568
387,31,828
388,31,894
389,31,581
390,31,312
391,31,987
392,31,807
393,31,874
394,31,862
395,31,286
396,31,11
397,31,555
398,31,344
399,31,305
0,32,396
1,32,245
2,32,377
3,32,622
4,32,603
5,32,986
6,32,1006
7,32,658
8,32,311
9,32,463
10,32,556
11,32,110
12,32,346
13,32,722
14,32,652
15,32,617
16,32,784
17,32,818
18,32,553
19,32,278
20,32,707
21,32,0
22,32,433
23,32,201
24,32,782
25,32,534
26,32,155
27,32,287
28,32,901
29,32,109
30,32,431
31,32,492
32,32,1014
33,32,178
34,32,643
35,32,149
36,32,440
37,32,348
38,32,684
39,32,715
40,32,996
41,32,797
42,32,857
43,32,141
44,32,328
45,32,777
46,32,880
47,32,613
48,32,535
49,32,767
50,32,430
51,32,627
52,32,750
53,32,487
54,32,965
55,32,977
56,32,630
57,32,266
58,32,402
59,32,621
60,32,552
61,32,476
62,32,776
63,32,848
64,32,775
65,32,648
66,32,554
67,32,877
68,32,464
69,32,749
70,32,460
71,32,330
72,32,681
73,32,1010
74,32,48
75,32,506
76,32,584
77,32,237
78,32,678
79,32,780
80,32,858
81,32,647
82,32,550
83,32,225
84,32,251
85,32,629
86,32,1019
87,32,186
88,32,968
89,32,716
90,32,615
91,32,364
92,32,753
93,32,220
94,32,823
95,32,887
96,32,284
97,32,883
98,32,467
99,32,585
100,32,984
101,32,770
102,32,560
103,32,683
104,32,667
105,32,612
106,32,105
107,32,267
108,32,238
109,32,654
110,32,211
111,32,449
112,32,60
113,32,757
114,32,434
115,32,450
116,32,347
117,32,44
118,32,101
119,32,660
120,32,868
121,32,436
122,32,502
123,32,748
124,32,140
125,32,363
126,32,102
127,32,515
128,32,497
129,32,264
130,32,620
131,32,985
132,32,115
133,32,518
134,32,619
135,32,45
136,32,933
137,32,940
138,32,136
139,32,339
140,32,250
141,32,724
142,32,607
143,32,114
144,32,174
145,32,694
146,32,849
147,32,242
148,32,190
149,32,96
150,32,955
151,32,581
152,32,533
153,32,319
154,32,142
155,32,499
156,32,39
157,32,952
158,32,731
159,32,754
160,32,104
161,32,472
162,32,153
163,32,98
164,32,432
165,32,35
166,32,309
167,32,838
168,32,741
169,32,625
170,32,462
171,32,441
172,32,428
173,32,199
174,32,866
175,32,854
176,32,147
177,32,661
178,32,878
179,32,294
180,32,1003
181,32,921
182,32,778
183,32,890
184,32,261
185,32,597
186,32,843
187,32,55
188,32,256
189,32,679
190,32,405
191,32,525
192,32,269
193,32,969
194,32,583
195,32,970
196,32,490
197,32,954
198,32,693
199,32,310
200,32,409
201,32,851
202,32,885
203,32,802
204,32,209
205,32,23
206,32,708
207,32,168
208,32,571
209,32,882
210,32,218
211,32,666
212,32,864
213,32,84
214,32,277
215,32,75
216,32,914
217,32,772
218,32,566
219,32,929
220,32,1013
221,32,77
222,32,156
223,32,751
224,32,659
225,32,578
226,32,850
227,32,1020
228,32,171
229,32,808
230,32,345
231,32,27
232,32,36
233,32,184
234,32,856
235,32,252
236,32,380
237,32,119
238,32,898
239,32,331
240,32,208
241,32,494
242,32,410
243,32,762
244,32,532
245,32,844
246,32,745
247,32,393
248,32,80
249,32,318
250,32,307
251,32,983
252,32,473
253,32,52
254,32,148
255,32,160
256,32,88
257,32,944
258,32,5
259,32,997
260,32,34
261,32,651
262,32,699
263,32,509
264,32,824
265,32,332
266,32,127
267,32,235
268,32,9
269,32,435
270,32,390
271,32,524
272,32,474
273,32,223
274,32,548
275,32,214
276,32,297
277,32,546
278,32,504
279,32,796
280,32,951
281,32,326
282,32,216
283,32,869
284,32,481
285,32,202
286,32,930
287,32,665
288,32,811
289,32,650
290,32,406
291,32,200
292,32,656
293,32,139
294,32,541
295,32,662
296,32,361
297,32,503
298,32,241
299,32,56
300,32,454
301,32,618
302,32,41
303,32,663
304,32,511
305,32,304
306,32,785
307,32,386
308,32,379
309,32,420
310,32,725
311,32,527
312,32,316
313,32,333
314,32,837
315,32,813
316,32,120
317,32,362
318,32,669
319,32,793
320,32,822
321,32,632
322,32,709
323,32,465
324,32,8
325,32,272
326,32,312
327,32,657
328,32,137
329,32,810
330,32,108
331,32,285
332,32,987
333,32,680
334,32,792
335,32,723
336,32,228
337,32,236
338,32,70
339,32,670
340,32,915
341,32,697
342,32,400
343,32,129
344,32,87
345,32,1005
346,32,732
347,32,375
348,32,673
349,32,976
350,32,313
351,32,121
352,32,912
353,32,520
354,32,378
355,32,739
356,32,893
357,32,799
358,32,551
359,32,498
360,32,453
361,32,493
362,32,1012
363,32,244
364,32,698
365,32,861
366,32,677
367,32,212
368,32,649
369,32,164
370,32,132
371,32,922
372,32,106
373,32,713
374,32,13
375,32,794
376,32,719
377,32,557
378,32,881
379,32,740
380,32,559
381,32,419
382,32,705
383,32,655
384,32,682
385,32,305
386,32,568
387,32,828
388,32,894
389,32,549
390,32,280
391,32,988
392,32,839
393,32,875
394,32,862
395,32,286
396,32,43
397,32,523
398,32,344
399,32,306
0,33,396
1,33,244
2,33,378
3,33,621
4,33,571
5,33,986
6,33,1006
7,33,658
8,33,311
9,33,431
10,33,588
11,33,109
12,33,347
13,33,754
14,33,684
15,33,585
16,33,784
17,33,818
18,33,521
19,33,246
20,33,706
21,33,0
22,33,432
23,33,202
24,33,781
25,33,502
26,33,155
27,33,287
28,33,902
29,33,141
30,33,399
31,33,491
32,33,982
33,33,146
34,33,643
35,33,149
36,33,440
37,33,349
38,33,683
39,33,716
40,33,997
41,33,765
42,33,889
43,33,140
44,33,327
45,33,776
46,33,879
47,33,612
48,33,536
49,33,767
50,33,462
51,33,659
52,33,782
53,33,487
54,33,933
55,33,976
56,33,598
57,33,266
58,33,434
59,33,589
60,33,552
61,33,476
62,33,808
63,33,847
64,33,775
65,33,648
66,33,553
67,33,877
68,33,496
69,33,749
70,33,492
71,33,362
72,33,680
73,33,1010
74,33,80
75,33,506
76,33,616
77,33,236
78,33,646
79,33,779
80,33,890
81,33,679
82,33,549
83,33,193
84,33,283
85,33,629
86,33,1018
87,33,186
88,33,967
89,33,717
90,33,647
91,33,332
92,33,785
93,33,188
94,33,824
95,33,887
96,33,252
97,33,884
98,33,468
99,33,584
100,33,985
101,33,770
102,33,560
103,33,651
104,33,635
105,33,580
106,33,137
107,33,267
108,33,239
109,33,654
110,33,179
111,33,417
112,33,60
113,33,758
114,33,433
115,33,450
116,33,315
117,33,44
118,33,101
119,33,660
120,33,868
121,33,435
122,33,503
123,33,748
124,33,172
125,33,364
126,33,102
127,33,516
128,33,498
129,33,264
130,33,652
131,33,1017
132,33,114
133,33,518
134,33,619
135,33,46
136,33,901
137,33,972
138,33,168
139,33,307
140,33,250
141,33,724
142,33,607
143,33,113
144,33,173
145,33,693
146,33,850
147,33,242
148,33,190
149,33,96
150,33,987
151,33,613
152,33,534
153,33,319
154,33,110
155,33,531
156,33,40
157,33,952
158,33,699
159,33,753
160,33,104
161,33,472
162,33,121
163,33,98
164,33,400
165,33,35
166,33,277
167,33,838
168,33,740
169,33,626
170,33,463
171,33,473
172,33,428
173,33,167
174,33,865
175,33,854
176,33,115
177,33,662
178,33,878
179,33,326
180,33,1003
181,33,921
182,33,810
183,33,922
184,33,261
185,33,597
186,33,875
187,33,54
188,33,256
189,33,711
190,33,437
191,33,525
192,33,237
193,33,970
194,33,583
195,33,938
196,33,490
197,33,955
198,33,661
199,33,309
200,33,408
201,33,883
202,33,885
203,33,834
204,33,177
205,33,55
206,33,707
207,33,200
208,33,539
209,33,914
210,33,218
211,33,667
212,33,896
213,33,52
214,33,245
215,33,107
216,33,915
217,33,771
218,33,566
219,33,929
220,33,1014
221,33,77
222,33,156
223,33,752
224,33,691
225,33,610
226,33,882
227,33,1020
228,33,171
229,33,807
230,33,346
231,33,27
232,33,36
233,33,184
234,33,857
235,33,220
236,33,348
237,33,151
238,33,930
239,33,363
240,33,207
241,33,494
242,33,409
243,33,794
244,33,532
245,33,845
246,33,777
247,33,392
248,33,112
249,33,318
250,33,308
251,33,983
252,33,505
253,33,20
254,33,148
255,33,160
256,33,120
257,33,943
258,33,5
259,33,965
260,33,34
261,33,650
262,33,698
263,33,509
264,33,825
265,33,331
266,33,127
267,33,235
268,33,9
269,33,467
270,33,390
271,33,523
272,33,442
273,33,223
274,33,548
275,33,214
276,33,265
277,33,545
278,33,504
279,33,797
280,33,951
281,33,358
282,33,216
283,33,869
284,33,449
285,33,203
286,33,962
287,33,665
288,33,843
289,33,649
290,33,374
291,33,201
292,33,688
293,33,139
294,33,541
295,33,630
296,33,393
297,33,535
298,33,241
299,33,88
300,33,454
301,33,617
302,33,41
303,33,663
304,33,511
305,33,272
306,33,786
307,33,386
308,33,379
309,33,420
310,33,725
311,33,527
312,33,316
313,33,333
314,33,837
315,33,813
316,33,119
317,33,394
318,33,668
319,33,792
320,33,823
321,33,632
322,33,708
323,33,464
324,33,8
325,33,240
326,33,313
327,33,657
328,33,136
329,33,811
330,33,108
331,33,285
332,33,988
333,33,712
334,33,791
335,33,723
336,33,228
337,33,204
338,33,70
339,33,669
340,33,947
341,33,697
342,33,401
343,33,97
344,33,86
345,33,1005
346,33,731
347,33,343
348,33,672
349,33,944
350,33,345
351,33,89
352,33,912
353,33,519
354,33,410
355,33,739
356,33,925
357,33,799
358,33,551
359,33,499
360,33,453
361,33,461
362,33,1012
363,33,243
364,33,730
365,33,861
366,33,709
367,33,213
368,33,681
369,33,163
370,33,164
371,33,954
372,33,106
373,33,713
374,33,45
375,33,826
376,33,751
377,33,556
378,33,849
379,33,772
380,33,559
381,33,387
382,33,673
383,33,656
384,33,682
385,33,305
386,33,568
387,33,828
388,33,893
389,33,581
390,33,279
391,33,989
392,33,840
393,33,876
394,33,862
395,33,286
396,33,43
397,33,555
398,33,344
399,33,306
0,34,364
1,34,212
2,34,346
3,34,653
4,34,539
5,34,1018
6,34,1006
7,34,659
8,34,312
9,34,463
10,34,589
11,34,77
12,34,315
13,34,786
14,34,685
15,34,586
16,34,816
17,34,850
18,34,520
19,34,214
20,34,706
21,34,0
22,34,431
23,34,201
24,34,780
25,34,470
26,34,155
27,34,287
28,34,901
29,34,142
30,34,367
31,34,492
32,34,981
33,34,114
34,34,643
35,34,149
36,34,440
37,34,348
38,34,682
39,34,716
40,34,997
41,34,733
42,34,857
43,34,108
44,34,295
45,34,808
46,34,911
47,34,580
48,34,536
49,34,767
50,34,494
51,34,691
52,34,783
53,34,487
54,34,933
55,34,944
56,34,566
57,34,265
58,34,435
59,34,557
60,34,584
61,34,476
62,34,809
63,34,847
64,34,775
65,34,616
66,34,552
67,34,876
68,34,497
69,34,749
70,34,524
71,34,394
72,34,679
73,34,1010
74,34,81
75,34,506
76,34,615
77,34,235
78,34,614
79,34,779
80,34,891
81,34,711
82,34,548
83,34,194
84,34,251
85,34,630
86,34,1017
87,34,186
88,34,966
89,34,717
90,34,647
91,34,331
92,34,784
93,34,220
94,34,856
95,34,887
96,34,252
97,34,883
98,34,467
99,34,585
100,34,953
101,34,770
102,34,560
103,34,652
104,34,603
105,34,581
106,34,137
107,34,266
108,34,239
109,34,654
110,34,147
111,34,418
112,34,60
113,34,790
114,34,434
115,34,450
116,34,283
117,34,44
118,34,101
119,34,661
120,34,868
121,34,436
122,34,504
123,34,748
124,34,173
125,34,332
126,34,102
127,34,484
128,34,466
129,34,263
130,34,684
131,34,985
132,34,113
133,34,517
134,34,619
135,34,47
136,34,869
137,34,973
138,34,167
139,34,306
140,34,250
141,34,724
142,34,607
143,34,112
144,34,141
145,34,692
146,34,851
147,34,242
148,34,190
149,34,96
150,34,955
151,34,645
152,34,534
153,34,319
154,34,78
155,34,532
156,34,41
157,34,952
158,34,667
159,34,785
160,34,104
161,34,472
162,34,89
163,34,98
164,34,432
165,34,35
166,34,277
167,34,838
168,34,772
169,34,594
170,34,462
171,34,473
172,34,396
173,34,166
174,34,865
175,34,854
176,34,115
177,34,663
178,34,878
179,34,325
180,34,1003
181,34,921
182,34,810
183,34,954
184,34,261
185,34,597
186,34,843
187,34,22
188,34,256
189,34,743
190,34,437
191,34,525
192,34,237
193,34,970
194,34,583
195,34,938
196,34,490
197,34,956
198,34,629
199,34,309
200,34,409
201,34,915
202,34,884
203,34,866
204,34,145
205,34,56
206,34,675
207,34,200
208,34,507
209,34,913
210,34,218
211,34,668
212,34,928
213,34,51
214,34,244
215,34,139
216,34,916
217,34,771
218,34,565
219,34,929
220,34,982
221,34,45
222,34,156
223,34,753
224,34,723
225,34,610
226,34,914
227,34,1020
228,34,171
229,34,839
230,34,347
231,34,27
232,34,36
233,34,184
234,34,858
235,34,219
236,34,316
237,34,119
238,34,931
239,34,362
240,34,206
241,34,526
242,34,410
243,34,793
244,34,564
245,34,877
246,34,777
247,34,392
248,34,144
249,34,318
250,34,340
251,34,983
252,34,537
253,34,21
254,34,148
255,34,160
256,34,121
257,34,942
258,34,5
259,34,965
260,34,34
261,34,650
262,34,699
263,34,509
264,34,826
265,34,363
266,34,127
267,34,267
268,34,9
269,34,499
270,34,390
271,34,491
272,34,441
273,34,223
274,34,516
275,34,215
276,34,264
277,34,545
278,34,505
279,34,797
280,34,951
281,34,326
282,34,216
283,34,870
284,34,417
285,34,204
286,34,930
287,34,697
288,34,842
289,34,648
290,34,342
291,34,233
292,34,656
293,34,140
294,34,541
295,34,631
296,34,361
297,34,535
298,34,241
299,34,120
300,34,454
301,34,649
302,34,73
303,34,664
304,34,511
305,34,240
306,34,787
307,34,386
308,34,379
309,34,420
310,34,725
311,34,527
312,34,317
313,34,333
314,34,837
315,34,813
316,34,87
317,34,393
318,34,669
319,34,760
320,34,824
321,34,632
322,34,707
323,34,496
324,34,8
325,34,208
326,34,313
327,34,658
328,34,135
329,34,812
330,34,109
331,34,285
332,34,989
333,34,680
334,34,792
335,34,722
336,34,228
337,34,236
338,34,70
339,34,701
340,34,947
341,34,698
342,34,433
343,34,65
344,34,54
345,34,1005
346,34,730
347,34,344
348,34,673
349,34,943
350,34,377
351,34,88
352,34,912
353,34,518
354,34,442
355,34,739
356,34,957
357,34,799
358,34,551
359,34,531
360,34,453
361,34,460
362,34,1012
363,34,211
364,34,762
365,34,893
366,34,741
367,34,181
368,34,713
369,34,195
370,34,163
371,34,986
372,34,106
373,34,712
374,34,46
375,34,794
376,34,751
377,34,555
378,34,849
379,34,804
380,34,559
381,34,355
382,34,641
383,34,657
384,34,681
385,34,273
386,34,568
387,34,828
388,34,892
389,34,613
390,34,311
391,34,990
392,34,872
393,34,875
394,34,862
395,34,286
396,34,43
397,34,523
398,34,345
399,34,305
0,35,332
1,35,213
2,35,347
3,35,652
4,35,507
5,35,1017
6,35,974
7,35,660
8,35,311
9,35,463
10,35,557
11,35,76
12,35,283
13,35,786
14,35,686
15,35,618
16,35,815
17,35,882
18,35,520
19,35,215
20,35,738
21,35,0
22,35,430
23,35,200
24,35,748
25,35,438
26,35,155
27,35,287
28,35,901
29,35,142
30,35,335
31,35,492
32,35,1013
33,35,113
34,35,643
35,35,117
36,35,440
37,35,380
38,35,714
39,35,717
40,35,997
41,35,732
42,35,856
43,35,107
44,35,327
45,35,840
46,35,910
47,35,579
48,35,537
49,35,767
50,35,493
51,35,723
52,35,783
53,35,487
54,35,933
55,35,943
56,35,534
57,35,266
58,35,436
59,35,525
60,35,616
61,35,476
62,35,810
63,35,847
64,35,807
65,35,617
66,35,584
67,35,877
68,35,465
69,35,750
70,35,556
71,35,362
72,35,680
73,35,1010
74,35,80
75,35,506
76,35,615
77,35,234
78,35,613
79,35,779
80,35,891
81,35,743
82,35,516
83,35,162
84,35,251
85,35,631
86,35,1016
87,35,186
88,35,966
89,35,685
90,35,679
91,35,299
92,35,816
93,35,220
94,35,888
95,35,887
96,35,252
97,35,883
98,35,435
99,35,585
100,35,954
101,35,770
102,35,560
103,35,651
104,35,571
105,35,581
106,35,137
107,35,267
108,35,239
109,35,654
110,35,115
111,35,417
112,35,60
113,35,790
114,35,434
115,35,450
116,35,284
117,35,44
118,35,101
119,35,662
120,35,867
121,35,437
122,35,536
123,35,749
124,35,174
125,35,333
126,35,102
127,35,484
128,35,467
129,35,295
130,35,716
131,35,985
132,35,81
133,35,518
134,35,619
135,35,47
136,35,868
137,35,1005
138,35,166
139,35,274
140,35,250
141,35,725
142,35,607
143,35,112
144,35,173
145,35,724
146,35,852
147,35,242
148,35,190
149,35,96
150,35,955
151,35,646
152,35,535
153,35,319
154,35,77
155,35,564
156,35,42
157,35,952
158,35,635
159,35,785
160,35,104
161,35,504
162,35,89
163,35,98
164,35,431
165,35,35
166,35,277
167,35,838
168,35,804
169,35,595
170,35,462
171,35,473
172,35,364
173,35,165
174,35,865
175,35,854
176,35,114
177,35,695
178,35,879
179,35,326
180,35,1003
181,35,921
182,35,842
183,35,986
184,35,261
185,35,597
186,35,811
187,35,23
188,35,256
189,35,775
190,35,469
191,35,524
192,35,237
193,35,970
194,35,551
195,35,938
196,35,490
197,35,957
198,35,630
199,35,309
200,35,410
201,35,916
202,35,884
203,35,898
204,35,145
205,35,88
206,35,707
207,35,199
208,35,475
209,35,945
210,35,218
211,35,667
212,35,960
213,35,50
214,35,212
215,35,138
216,35,948
217,35,772
218,35,566
219,35,929
220,35,983
221,35,45
222,35,156
223,35,753
224,35,755
225,35,610
226,35,913
227,35,1020
228,35,171
229,35,839
230,35,315
231,35,27
232,35,36
233,35,185
234,35,857
235,35,219
236,35,316
237,35,120
238,35,932
239,35,361
240,35,205
241,35,494
242,35,378
243,35,793
244,35,565
245,35,878
246,35,777
247,35,392
248,35,144
249,35,318
250,35,341
251,35,984
252,35,538
253,35,22
254,35,148
255,35,160
256,35,153
257,35,942
258,35,5
259,35,965
260,35,34
261,35,649
262,35,731
263,35,509
264,35,827
265,35,363
266,35,127
267,35,235
268,35,9
269,35,531
270,35,390
271,35,523
272,35,409
273,35,223
274,35,517
275,35,216
276,35,263
277,35,545
278,35,505
279,35,797
280,35,951
281,35,294
282,35,184
283,35,869
284,35,385
285,35,204
286,35,930
287,35,697
288,35,843
289,35,647
290,35,310
291,35,201
292,35,656
293,35,140
294,35,541
295,35,599
296,35,393
297,35,567
298,35,241
299,35,121
300,35,454
301,35,648
302,35,41
303,35,663
304,35,511
305,35,208
306,35,788
307,35,386
308,35,379
309,35,420
310,35,693
311,35,527
312,35,317
313,35,334
314,35,837
315,35,781
316,35,119
317,35,394
318,35,668
319,35,728
320,35,825
321,35,632
322,35,706
323,35,496
324,35,8
325,35,207
326,35,313
327,35,659
328,35,134
329,35,813
330,35,110
331,35,285
332,35,990
333,35,681
334,35,792
335,35,690
336,35,228
337,35,236
338,35,70
339,35,701
340,35,947
341,35,699
342,35,432
343,35,33
344,35,54
345,35,1006
346,35,762
347,35,345
348,35,705
349,35,911
350,35,377
351,35,87
352,35,912
353,35,486
354,35,442
355,35,739
356,35,958
357,35,799
358,35,552
359,35,532
360,35,453
361,35,460
362,35,1012
363,35,179
364,35,794
365,35,893
366,35,740
367,35,149
368,35,713
369,35,195
370,35,163
371,35,1018
372,35,106
373,35,711
374,35,46
375,35,826
376,35,751
377,35,554
378,35,849
379,35,803
380,35,559
381,35,355
382,35,673
383,35,658
384,35,682
385,35,305
386,35,568
387,35,828
388,35,892
389,35,645
390,35,343
391,35,991
392,35,904
393,35,875
394,35,862
395,35,286
396,35,43
397,35,522
398,35,346
399,35,306
0,36,333
1,36,181
2,36,348
3,36,651
4,36,475
5,36,1018
6,36,1006
7,36,661
8,36,311
9,36,463
10,36,557
11,36,75
12,36,251
13,36,786
14,36,687
15,36,618
16,36,783
17,36,914
18,36,520
19,36,183
20,36,739
21,36,0
22,36,429
23,36,199
24,36,747
25,36,406
26,36,155
27,36,287
28,36,901
29,36,142
30,36,336
31,36,491
32,36,1013
33,36,112
34,36,643
35,36,85
36,36,440
37,36,381
38,36,746
39,36,717
40,36,996
41,36,700
42,36,824
43,36,107
44,36,295
45,36,839
46,36,911
47,36,547
48,36,538
49,36,767
50,36,492
51,36,755
52,36,784
53,36,487
54,36,965
55,36,942
56,36,502
57,36,267
58,36,437
59,36,493
60,36,648
61,36,476
62,36,811
63,36,847
64,36,775
65,36,585
66,36,583
67,36,877
68,36,433
69,36,750
70,36,588
71,36,363
72,36,681
73,36,1010
74,36,81
75,36,506
76,36,616
77,36,266
78,36,581
79,36,779
80,36,891
81,36,744
82,36,484
83,36,163
84,36,219
85,36,599
86,36,984
87,36,186
88,36,966
89,36,686
90,36,680
91,36,298
92,36,815
93,36,188
94,36,888
95,36,887
96,36,220
97,36,883
98,36,435
99,36,584
100,36,955
101,36,770
102,36,560
103,36,619
104,36,539
105,36,549
106,36,136
107,36,299
108,36,239
109,36,654
110,36,114
111,36,449
112,36,60
113,36,790
114,36,434
115,36,450
116,36,252
117,36,44
118,36,101
119,36,663
120,36,866
121,36,438
122,36,568
123,36,749
124,36,175
125,36,334
126,36,102
127,36,483
128,36,468
129,36,263
130,36,748
131,36,985
132,36,49
133,36,518
134,36,587
135,36,47
136,36,867
137,36,1004
138,36,165
139,36,242
140,36,250
141,36,724
142,36,607
143,36,144
144,36,173
145,36,723
146,36,852
147,36,241
148,36,190
149,36,96
150,36,956
151,36,645
152,36,534
153,36,319
154,36,76
155,36,565
156,36,10
157,36,952
158,36,635
159,36,785
160,36,104
161,36,536
162,36,121
163,36,98
164,36,432
165,36,35
166,36,277
167,36,838
168,36,803
169,36,563
170,36,462
171,36,473
172,36,332
173,36,133
174,36,865
175,36,854
176,36,146
177,36,695
178,36,878
179,36,326
180,36,1003
181,36,921
182,36,810
183,36,987
184,36,261
185,36,597
186,36,843
187,36,55
188,36,256
189,36,743
190,36,469
191,36,525
192,36,237
193,36,970
194,36,550
195,36,938
196,36,490
197,36,957
198,36,598
199,36,309
200,36,378
201,36,948
202,36,916
203,36,930
204,36,113
205,36,89
206,36,708
207,36,167
208,36,474
209,36,946
210,36,218
211,36,667
212,36,960
213,36,50
214,36,211
215,36,137
216,36,947
217,36,771
218,36,566
219,36,929
220,36,951
221,36,77
222,36,156
223,36,753
224,36,787
225,36,610
226,36,945
227,36,1020
228,36,171
229,36,807
230,36,283
231,36,27
232,36,36
233,36,184
234,36,889
235,36,187
236,36,284
237,36,120
238,36,933
239,36,393
240,36,205
241,36,494
242,36,379
243,36,793
244,36,533
245,36,910
246,36,777
247,36,392
248,36,145
249,36,318
250,36,373
251,36,983
252,36,570
253,36,23
254,36,148
255,36,160
256,36,185
257,36,974
258,36,5
259,36,997
260,36,66
261,36,649
262,36,763
263,36,509
264,36,827
265,36,364
266,36,127
267,36,235
268,36,9
269,36,531
270,36,390
271,36,555
272,36,410
273,36,223
274,36,517
275,36,215
276,36,231
277,36,545
278,36,504
279,36,797
280,36,919
281,36,294
282,36,216
283,36,869
284,36,353
285,36,204
286,36,962
287,36,697
288,36,842
289,36,615
290,36,278
291,36,202
292,36,656
293,36,140
294,36,541
295,36,567
296,36,394
297,36,535
298,36,273
299,36,122
300,36,453
301,36,647
302,36,41
303,36,631
304,36,511
305,36,207
306,36,820
307,36,386
308,36,380
309,36,420
310,36,725
311,36,527
312,36,316
313,36,302
314,36,837
315,36,813
316,36,119
317,36,426
318,36,668
319,36,728
320,36,857
321,36,632
322,36,738
323,36,496
324,36,8
325,36,206
326,36,345
327,36,627
328,36,134
329,36,814
330,36,110
331,36,285
332,36,991
333,36,682
334,36,792
335,36,691
336,36,228
337,36,236
338,36,70
339,36,701
340,36,979
341,36,699
342,36,464
343,36,34
344,36,54
345,36,1005
346,36,794
347,36,346
348,36,737
349,36,943
350,36,409
351,36,86
352,36,912
353,36,454
354,36,442
355,36,707
356,36,990
357,36,799
358,36,552
359,36,532
360,36,421
361,36,460
362,36,1012
363,36,147
364,36,826
365,36,893
366,36,772
367,36,117
368,36,713
369,36,195
370,36,131
371,36,986
372,36,106
373,36,679
374,36,45
375,36,825
376,36,751
377,36,553
378,36,849
379,36,802
380,36,559
381,36,355
382,36,673
383,36,659
384,36,650
385,36,305
386,36,600
387,36,828
388,36,892
389,36,677
390,36,343
391,36,959
392,36,905
393,36,875
394,36,862
395,36,286
396,36,43
397,36,523
398,36,347
399,36,307
0,37,301
1,37,149
2,37,316
3,37,651
4,37,443
5,37,986
6,37,1006
7,37,662
8,37,311
9,37,463
10,37,557
11,37,74
12,37,219
13,37,818
14,37,688
15,37,618
16,37,784
17,37,946
18,37,519
19,37,184
20,37,740
21,37,0
22,37,428
23,37,231
24,37,715
25,37,374
26,37,155
27,37,287
28,37,901
29,37,142
30,37,304
31,37,492
32,37,1013
33,37,80
34,37,643
35,37,117
36,37,440
37,37,381
38,37,778
39,37,717
40,37,996
41,37,699
42,37,824
43,37,107
44,37,263
45,37,838
46,37,943
47,37,546
48,37,539
49,37,767
50,37,524
51,37,787
52,37,785
53,37,487
54,37,997
55,37,941
56,37,534
57,37,235
58,37,438
59,37,461
60,37,680
61,37,476
62,37,812
63,37,879
64,37,775
65,37,553
66,37,584
67,37,877
68,37,432
69,37,749
70,37,620
71,37,363
72,37,649
73,37,1010
74,37,81
75,37,505
76,37,616
77,37,265
78,37,580
79,37,779
80,37,891
81,37,745
82,37,483
83,37,131
84,37,187
85,37,600
86,37,983
87,37,185
88,37,966
89,37,686
90,37,712
91,37,266
92,37,847
93,37,188
94,37,889
95,37,887
96,37,220
97,37,883
98,37,435
99,37,585
100,37,923
101,37,738
102,37,560
103,37,619
104,37,507
105,37,581
106,37,104
107,37,267
108,37,239
109,37,654
110,37,113
111,37,449
112,37,60
113,37,790
114,37,434
115,37,450
116,37,253
117,37,44
118,37,101
119,37,664
120,37,867
121,37,406
122,37,569
123,37,748
124,37,176
125,37,366
126,37,102
127,37,515
128,37,469
129,37,264
130,37,780
131,37,985
132,37,48
133,37,518
134,37,587
135,37,47
136,37,835
137,37,1005
138,37,197
139,37,243
140,37,250
141,37,724
142,37,607
143,37,145
144,37,173
145,37,723
146,37,852
147,37,242
148,37,190
149,37,96
150,37,955
151,37,613
152,37,533
153,37,319
154,37,75
155,37,597
156,37,11
157,37,984
158,37,635
159,37,786
160,37,105
161,37,504
162,37,120
163,37,98
164,37,400
165,37,36
166,37,277
167,37,806
168,37,802
169,37,531
170,37,462
171,37,473
172,37,331
173,37,165
174,37,865
175,37,854
176,37,114
177,37,663
178,37,878
179,37,326
180,37,1003
181,37,921
182,37,809
183,37,988
184,37,261
185,37,596
186,37,843
187,37,54
188,37,256
189,37,743
190,37,437
191,37,525
192,37,269
193,37,970
194,37,549
195,37,938
196,37,490
197,37,957
198,37,566
199,37,309
200,37,377
201,37,980
202,37,948
203,37,962
204,37,112
205,37,121
206,37,708
207,37,168
208,37,506
209,37,947
210,37,218
211,37,666
212,37,960
213,37,49
214,37,179
215,37,136
216,37,915
217,37,770
218,37,567
219,37,929
220,37,952
221,37,77
222,37,156
223,37,753
224,37,819
225,37,610
226,37,945
227,37,1020
228,37,171
229,37,839
230,37,251
231,37,27
232,37,37
233,37,216
234,37,857
235,37,186
236,37,252
237,37,88
238,37,965
239,37,392
240,37,237
241,37,494
242,37,379
243,37,792
244,37,501
245,37,911
246,37,777
247,37,424
248,37,177
249,37,318
250,37,373
251,37,982
252,37,602
253,37,55
254,37,148
255,37,160
256,37,217
257,37,942
258,37,5
259,37,998
260,37,34
261,37,648
262,37,763
263,37,509
264,37,827
265,37,396
266,37,127
267,37,236
268,37,9
269,37,532
270,37,390
271,37,555
272,37,378
273,37,223
274,37,517
275,37,214
276,37,230
277,37,545
278,37,503
279,37,797
280,37,951
281,37,294
282,37,215
283,37,869
284,37,321
285,37,203
286,37,963
287,37,697
288,37,842
289,37,614
290,37,246
291,37,202
292,37,656
293,37,140
294,37,541
295,37,599
296,37,393
297,37,535
298,37,241
299,37,123
300,37,454
301,37,646
302,37,41
303,37,630
304,37,511
305,37,206
306,37,821
307,37,386
308,37,380
309,37,420
310,37,725
311,37,527
312,37,315
313,37,334
314,37,837
315,37,813
316,37,119
317,37,394
318,37,668
319,37,728
320,37,858
321,37,632
322,37,737
323,37,496
324,37,8
325,37,205
326,37,346
327,37,626
328,37,133
329,37,815
330,37,110
331,37,285
332,37,959
333,37,683
334,37,760
335,37,659
336,37,228
337,37,204
338,37,70
339,37,701
340,37,979
341,37,667
342,37,464
343,37,35
344,37,86
345,37,973
346,37,793
347,37,347
348,37,769
349,37,944
350,37,441
351,37,85
352,37,912
353,37,422
354,37,442
355,37,707
356,37,991
357,37,799
358,37,520
359,37,564
360,37,453
361,37,460
362,37,1012
363,37,147
364,37,826
365,37,893
366,37,771
367,37,118
368,37,681
369,37,163
370,37,130
371,37,954
372,37,106
373,37,678
374,37,45
375,37,825
376,37,751
377,37,552
378,37,849
379,37,834
380,37,559
381,37,355
382,37,673
383,37,660
384,37,682
385,37,305
386,37,568
387,37,828
388,37,892
389,37,709
390,37,343
391,37,927
392,37,906
393,37,875
394,37,862
395,37,286
396,37,43
397,37,523
398,37,348
399,37,308
0,38,301
1,38,150
2,38,317
3,38,683
4,38,443
5,38,954
6,38,974
7,38,663
8,38,311
9,38,463
10,38,557
11,38,106
12,38,187
13,38,786
14,38,689
15,38,618
16,38,783
17,38,978
18,38,520
19,38,185
20,38,708
21,38,0
22,38,428
23,38,230
24,38,714
25,38,342
26,38,155
27,38,287
28,38,901
29,38,142
30,38,304
31,38,493
32,38,1013
33,38,48
34,38,643
35,38,149
36,38,440
37,38,381
38,38,810
39,38,717
40,38,996
41,38,667
42,38,792
43,38,139
44,38,231
45,38,837
46,38,911
47,38,514
48,38,540
49,38,767
50,38,524
51,38,819
52,38,784
53,38,487
54,38,998
55,38,940
56,38,533
57,38,267
58,38,439
59,38,460
60,38,712
61,38,476
62,38,813
63,38,847
64,38,775
65,38,521
66,38,584
67,38,877
68,38,431
69,38,749
70,38,652
71,38,363
72,38,649
73,38,1010
74,38,80
75,38,506
76,38,616
77,38,297
78,38,548
79,38,779
80,38,891
81,38,746
82,38,451
83,38,99
84,38,186
85,38,568
86,38,983
87,38,153
88,38,967
89,38,686
90,38,744
91,38,234
92,38,815
93,38,188
94,38,889
95,38,887
96,38,221
97,38,883
98,38,435
99,38,617
100,38,924
101,38,738
102,38,560
103,38,620
104,38,539
105,38,549
106,38,105
107,38,299
108,38,239
109,38,654
110,38,81
111,38,449
112,38,60
113,38,790
114,38,434
115,38,450
116,38,253
117,38,44
118,38,101
119,38,632
120,38,868
121,38,438
122,38,601
123,38,748
124,38,208
125,38,334
126,38,102
127,38,515
128,38,437
129,38,264
130,38,812
131,38,985
132,38,16
133,38,518
134,38,619
135,38,47
136,38,803
137,38,1006
138,38,197
139,38,243
140,38,250
141,38,724
142,38,607
143,38,113
144,38,173
145,38,723
146,38,852
147,38,242
148,38,190
149,38,96
150,38,955
151,38,581
152,38,501
153,38,319
154,38,75
155,38,629
156,38,11
157,38,952
158,38,635
159,38,785
160,38,73
161,38,504
162,38,120
163,38,98
164,38,432
165,38,4
166,38,277
167,38,838
168,38,834
169,38,499
170,38,462
171,38,474
172,38,330
173,38,165
174,38,865
175,38,854
176,38,115
177,38,695
178,38,878
179,38,326
180,38,1003
181,38,921
182,38,809
183,38,988
184,38,261
185,38,597
186,38,843
187,38,22
188,38,256
189,38,743
190,38,405
191,38,525
192,38,237
193,38,1002
194,38,517
195,38,970
196,38,490
197,38,957
198,38,567
199,38,309
200,38,378
201,38,981
202,38,980
203,38,930
204,38,112
205,38,122
206,38,709
207,38,200
208,38,507
209,38,915
210,38,217
211,38,666
212,38,960
213,38,49
214,38,179
215,38,135
216,38,916
217,38,802
218,38,535
219,38,929
220,38,953
221,38,77
222,38,156
223,38,753
224,38,851
225,38,610
226,38,945
227,38,1020
228,38,171
229,38,840
230,38,251
231,38,27
232,38,37
233,38,184
234,38,857
235,38,218
236,38,220
237,38,89
238,38,997
239,38,424
240,38,205
241,38,494
242,38,347
243,38,793
244,38,469
245,38,912
246,38,777
247,38,423
248,38,176
249,38,318
250,38,373
251,38,982
252,38,603
253,38,56
254,38,148
255,38,160
256,38,249
257,38,943
258,38,5
259,38,966
260,38,34
261,38,647
262,38,763
263,38,509
264,38,827
265,38,396
266,38,127
267,38,235
268,38,9
269,38,531
270,38,358
271,38,555
272,38,379
273,38,223
274,38,516
275,38,214
276,38,229
277,38,545
278,38,503
279,38,797
280,38,951
281,38,294
282,38,216
283,38,869
284,38,289
285,38,203
286,38,962
287,38,697
288,38,842
289,38,613
290,38,245
291,38,202
292,38,656
293,38,140
294,38,541
295,38,631
296,38,361
297,38,534
298,38,241
299,38,91
300,38,454
301,38,645
302,38,41
303,38,662
304,38,511
305,38,174
306,38,821
307,38,386
308,38,380
309,38,420
310,38,725
311,38,527
312,38,316
313,38,333
314,38,805
315,38,781
316,38,119
317,38,393
318,38,669
319,38,728
320,38,890
321,38,600
322,38,736
323,38,496
324,38,8
325,38,204
326,38,346
327,38,658
328,38,132
329,38,816
330,38,110
331,38,285
332,38,927
333,38,684
334,38,760
335,38,627
336,38,228
337,38,236
338,38,70
339,38,701
340,38,947
341,38,668
342,38,464
343,38,36
344,38,54
345,38,1005
346,38,825
347,38,315
348,38,737
349,38,976
350,38,473
351,38,84
352,38,944
353,38,390
354,38,442
355,38,707
356,38,991
357,38,799
358,38,552
359,38,563
360,38,453
361,38,492
362,38,1012
363,38,147
364,38,858
365,38,893
366,38,770
367,38,117
368,38,681
369,38,164
370,38,162
371,38,922
372,38,107
373,38,646
374,38,45
375,38,826
376,38,751
377,38,551
378,38,849
379,38,835
380,38,559
381,38,355
382,38,673
383,38,661
384,38,682
385,38,305
386,38,536
387,38,828
388,38,892
389,38,741
390,38,343
391,38,895
392,38,938
393,38,875
394,38,862
395,38,286
396,38,43
397,38,523
398,38,349
399,38,276
0,39,301
1,39,150
2,39,285
3,39,683
4,39,443
5,39,954
6,39,1006
7,39,664
8,39,311
9,39,463
10,39,557
11,39,105
12,39,187
13,39,786
14,39,690
15,39,618
16,39,782
17,39,978
18,39,520
19,39,217
20,39,709
21,39,0
22,39,429
23,39,230
24,39,713
25,39,310
26,39,155
27,39,287
28,39,901
29,39,110
30,39,304
31,39,492
32,39,1013
33,39,47
34,39,643
35,39,149
36,39,472
37,39,380
38,39,842
39,39,717
40,39,997
41,39,666
42,39,760
43,39,107
44,39,199
45,39,869
46,39,911
47,39,482
48,39,540
49,39,767
50,39,524
51,39,851
52,39,783
53,39,487
54,39,966
55,39,939
56,39,533
57,39,266
58,39,440
59,39,428
60,39,744
61,39,476
62,39,814
63,39,847
64,39,775
65,39,521
66,39,584
67,39,877
68,39,432
69,39,749
70,39,651
71,39,363
72,39,649
73,39,1010
74,39,81
75,39,507
76,39,616
77,39,297
78,39,516
79,39,779
80,39,923
81,39,747
82,39,419
83,39,99
84,39,218
85,39,569
86,39,983
87,39,185
88,39,967
89,39,686
90,39,776
91,39,202
92,39,815
93,39,156
94,39,890
95,39,887
96,39,220
97,39,883
98,39,435
99,39,617
100,39,924
101,39,770
102,39,560
103,39,652
104,39,538
105,39,581
106,39,137
107,39,267
108,39,239
109,39,654
110,39,113
111,39,449
112,39,60
113,39,790
114,39,434
115,39,450
116,39,221
117,39,44
118,39,101
119,39,600
120,39,867
121,39,437
122,39,633
123,39,748
124,39,176
125,39,334
126,39,102
127,39,515
128,39,405
129,39,264
130,39,812
131,39,985
132,39,16
133,39,518
134,39,619
135,39,15
136,39,771
137,39,1007
138,39,229
139,39,243
140,39,250
141,39,724
142,39,607
143,39,114
144,39,173
145,39,723
146,39,820
147,39,242
148,39,190
149,39,96
150,39,955
151,39,613
152,39,502
153,39,319
154,39,75
155,39,661
156,39,11
157,39,952
158,39,667
159,39,785
160,39,73
161,39,504
162,39,120
163,39,98
164,39,433
165,39,3
166,39,245
167,39,838
168,39,866
169,39,531
170,39,462
171,39,506
172,39,298
173,39,165
174,39,865
175,39,854
176,39,115
177,39,663
178,39,878
179,39,326
180,39,1003
181,39,921
182,39,809
183,39,988
184,39,261
185,39,597
186,39,811
187,39,21
188,39,256
189,39,743
190,39,404
191,39,525
192,39,269
193,39,1002
194,39,549
195,39,971
196,39,490
197,39,957
198,39,535
199,39,309
200,39,410
201,39,981
202,39,980
203,39,931
204,39,80
205,39,123
206,39,710
207,39,201
208,39,539
209,39,914
210,39,249
211,39,665
212,39,960
213,39,48
214,39,179
215,39,134
216,39,916
217,39,803
218,39,534
219,39,929
220,39,953
221,39,77
222,39,157
223,39,753
224,39,852
225,39,610
226,39,977
227,39,1020
228,39,171
229,39,872
230,39,251
231,39,27
232,39,38
233,39,184
234,39,856
235,39,219
236,39,188
237,39,121
238,39,998
239,39,423
240,39,205
241,39,494
242,39,315
243,39,794
244,39,501
245,39,944
246,39,777
247,39,422
248,39,144
249,39,318
250,39,373
251,39,982
252,39,635
253,39,88
254,39,148
255,39,160
256,39,281
257,39,943
258,39,5
259,39,965
260,39,34
261,39,646
262,39,763
263,39,509
264,39,827
265,39,396
266,39,127
267,39,235
268,39,9
269,39,563
270,39,357
271,39,555
272,39,347
273,39,223
274,39,517
275,39,214
276,39,228
277,39,545
278,39,503
279,39,797
280,39,951
281,39,294
282,39,216
283,39,868
284,39,257
285,39,204
286,39,930
287,39,697
288,39,843
289,39,612
290,39,213
291,39,203
292,39,656
293,39,140
294,39,541
295,39,630
296,39,393
297,39,566
298,39,241
299,39,92
300,39,454
301,39,677
302,39,41
303,39,694
304,39,511
305,39,142
306,39,821
307,39,386
308,39,379
309,39,420
310,39,725
311,39,527
312,39,317
313,39,333
314,39,837
315,39,813
316,39,119
317,39,392
318,39,668
319,39,727
320,39,891
321,39,568
322,39,768
323,39,496
324,39,8
325,39,236
326,39,346
327,39,658
328,39,132
329,39,817
330,39,109
331,39,284
332,39,895
333,39,685
334,39,728
335,39,626
336,39,227
337,39,237
338,39,70
339,39,701
340,39,947
341,39,700
342,39,464
343,39,37
344,39,54
345,39,1005
346,39,857
347,39,316
348,39,737
349,39,976
350,39,474
351,39,52
352,39,945
353,39,358
354,39,442
355,39,707
356,39,991
357,39,799
358,39,552
359,39,595
360,39,453
361,39,460
362,39,1012
363,39,147
364,39,858
365,39,893
366,39,802
367,39,85
368,39,681
369,39,164
370,39,162
371,39,922
372,39,106
373,39,614
374,39,45
375,39,826
376,39,751
377,39,550
378,39,849
379,39,834
380,39,559
381,39,355
382,39,673
383,39,662
384,39,682
385,39,305
386,39,536
387,39,828
388,39,892
389,39,742
390,39,343
391,39,894
392,39,970
393,39,875
394,39,862
395,39,286
396,39,43
397,39,523
398,39,349
399,39,277
0,40,301
1,40,150
2,40,253
3,40,683
4,40,443
5,40,954
6,40,1006
7,40,664
8,40,311
9,40,463
10,40,557
11,40,106
12,40,187
13,40,786
14,40,691
15,40,618
16,40,783
17,40,977
18,40,520
19,40,185
20,40,710
21,40,0
22,40,461
23,40,230
24,40,713
25,40,278
26,40,155
27,40,287
28,40,901
29,40,78
30,40,304
31,40,492
32,40,1013
33,40,46
34,40,643
35,40,149
36,40,440
37,40,380
38,40,874
39,40,717
40,40,996
41,40,667
42,40,728
43,40,139
44,40,167
45,40,868
46,40,911
47,40,481
48,40,540
49,40,767
50,40,524
51,40,883
52,40,751
53,40,487
54,40,934
55,40,971
56,40,534
57,40,266
58,40,441
59,40,396
60,40,743
61,40,476
62,40,815
63,40,847
64,40,775
65,40,521
66,40,584
67,40,877
68,40,432
69,40,749
70,40,650
71,40,363
72,40,649
73,40,1010
74,40,113
75,40,507
76,40,616
77,40,297
78,40,484
79,40,779
80,40,891
81,40,748
82,40,387
83,40,99
84,40,219
85,40,537
86,40,983
87,40,186
88,40,966
89,40,654
90,40,808
91,40,170
92,40,816
93,40,124
94,40,922
95,40,887
96,40,252
97,40,915
98,40,435
99,40,617
100,40,924
101,40,770
102,40,560
103,40,652
104,40,539
105,40,613
106,40,137
107,40,267
108,40,239
109,40,655
110,40,112
111,40,449
112,40,60
113,40,790
114,40,434
115,40,450
116,40,189
117,40,44
118,40,101
119,40,601
120,40,867
121,40,436
122,40,665
123,40,716
124,40,176
125,40,334
126,40,102
127,40,516
128,40,406
129,40,264
130,40,812
131,40,985
132,40,16
133,40,518
134,40,619
135,40,15
136,40,739
137,40,1007
138,40,261
139,40,243
140,40,218
141,40,724
142,40,607
143,40,114
144,40,173
145,40,723
146,40,852
147,40,242
148,40,190
149,40,96
150,40,955
151,40,614
152,40,502
153,40,319
154,40,75
155,40,693
156,40,11
157,40,952
158,40,668
159,40,785
160,40,105
161,40,504
162,40,120
163,40,98
164,40,433
165,40,35
166,40,246
167,40,838
168,40,898
169,40,531
170,40,462
171,40,505
172,40,298
173,40,165
174,40,865
175,40,854
176,40,115
177,40,695
178,40,878
179,40,326
180,40,1004
181,40,920
182,40,809
183,40,988
184,40,260
185,40,597
186,40,843
187,40,20
188,40,256
189,40,742
190,40,405
191,40,525
192,40,237
193,40,1003
194,40,581
195,40,970
196,40,490
197,40,957
198,40,503
199,40,309
200,40,410
201,40,981
202,40,980
203,40,963
204,40,80
205,40,91
206,40,711
207,40,201
208,40,571
209,40,914
210,40,250
211,40,666
212,40,960
213,40,47
214,40,179
215,40,133
216,40,916
217,40,771
218,40,566
219,40,929
220,40,953
221,40,77
222,40,157
223,40,753
224,40,851
225,40,610
226,40,976
227,40,1020
228,40,171
229,40,873
230,40,251
231,40,27
232,40,39
233,40,184
234,40,824
235,40,220
236,40,156
237,40,122
238,40,997
239,40,422
240,40,205
241,40,494
242,40,283
243,40,794
244,40,533
245,40,945
246,40,777
247,40,390
248,40,144
249,40,318
250,40,373
251,40,982
252,40,635
253,40,88
254,40,148
255,40,160
256,40,313
257,40,944
258,40,5
259,40,965
260,40,34
261,40,678
262,40,763
263,40,509
264,40,827
265,40,364
266,40,127
267,40,235
268,40,9
269,40,595
270,40,325
271,40,555
272,40,348
273,40,223
274,40,517
275,40,214
276,40,227
277,40,545
278,40,471
279,40,797
280,40,951
281,40,294
282,40,216
283,40,836
284,40,225
285,40,203
286,40,930
287,40,697
288,40,842
289,40,580
290,40,213
291,40,202
292,40,656
293,40,140
294,40,541
295,40,630
296,40,392
297,40,567
298,40,241
299,40,93
300,40,454
301,40,709
302,40,41
303,40,662
304,40,511
305,40,110
306,40,821
307,40,386
308,40,379
309,40,420
310,40,725
311,40,527
312,40,316
313,40,333
314,40,837
315,40,813
316,40,119
317,40,424
318,40,669
319,40,727
320,40,892
321,40,600
322,40,800
323,40,496
324,40,8
325,40,204
326,40,347
327,40,658
328,40,132
329,40,818
330,40,109
331,40,285
332,40,894
333,40,686
334,40,696
335,40,594
336,40,195
337,40,236
338,40,70
339,40,701
340,40,947
341,40,699
342,40,464
343,40,38
344,40,54
345,40,1005
346,40,856
347,40,284
348,40,737
349,40,1008
350,40,506
351,40,51
352,40,913
353,40,357
354,40,442
355,40,707
356,40,991
357,40,799
358,40,552
359,40,596
360,40,453
361,40,460
362,40,1012
363,40,147
364,40,890
365,40,925
366,40,834
367,40,85
368,40,681
369,40,164
370,40,162
371,40,921
372,40,107
373,40,646
374,40,45
375,40,826
376,40,719
377,40,549
378,40,849
379,40,835
380,40,559
381,40,355
382,40,673
383,40,663
384,40,682
385,40,305
386,40,568
387,40,828
388,40,893
389,40,741
390,40,343
391,40,926
392,40,1002
393,40,875
394,40,862
395,40,286
396,40,43
397,40,523
398,40,349
399,40,245
0,41,301
1,41,150
2,41,221
3,41,683
4,41,443
5,41,954
6,41,1006
7,41,665
8,41,311
9,41,463
10,41,557
11,41,105
12,41,187
13,41,786
14,41,692
15,41,618
16,41,784
17,41,1009
18,41,520
19,41,185
20,41,709
21,41,0
22,41,460
23,41,230
24,41,713
25,41,246
26,41,155
27,41,287
28,41,901
29,41,77
30,41,304
31,41,492
32,41,1013
33,41,14
34,41,643
35,41,149
36,41,440
37,41,380
38,41,906
39,41,717
40,41,997
41,41,699
42,41,727
43,41,107
44,41,166
45,41,867
46,41,911
47,41,449
48,41,540
49,41,767
50,41,524
51,41,915
52,41,783
53,41,487
54,41,933
55,41,970
56,41,535
57,41,266
58,41,473
59,41,364
60,41,775
61,41,476
62,41,816
63,41,847
64,41,807
65,41,521
66,41,584
67,41,877
68,41,432
69,41,781
70,41,650
71,41,362
72,41,649
73,41,1010
74,41,145
75,41,506
76,41,616
77,41,297
78,41,484
79,41,779
80,41,891
81,41,749
82,41,388
83,41,99
84,41,251
85,41,537
86,41,983
87,41,154
88,41,966
89,41,686
90,41,840
91,41,138
92,41,848
93,41,123
94,41,921
95,41,887
96,41,220
97,41,916
98,41,403
99,41,617
100,41,923
101,41,770
102,41,560
103,41,652
104,41,539
105,41,613
106,41,137
107,41,267
108,41,239
109,41,654
110,41,80
111,41,450
112,41,60
113,41,790
114,41,434
115,41,418
116,41,157
117,41,44
118,41,101
119,41,602
120,41,835
121,41,435
122,41,697
123,41,748
124,41,176
125,41,334
126,41,102
127,41,516
128,41,374
129,41,264
130,41,812
131,41,985
132,41,16
133,41,518
134,41,619
135,41,47
136,41,707
137,41,1008
138,41,260
139,41,243
140,41,186
141,41,724
142,41,607
143,41,114
144,41,173
145,41,723
146,41,852
147,41,242
148,41,190
149,41,96
150,41,955
151,41,615
152,41,534
153,41,319
154,41,75
155,41,694
156,41,11
157,41,952
158,41,668
159,41,785
160,41,104
161,41,536
162,41,120
163,41,98
164,41,433
165,41,35
166,41,245
167,41,838
168,41,930
169,41,531
170,41,462
171,41,505
172,41,298
173,41,165
174,41,865
175,41,854
176,41,115
177,41,663
178,41,878
179,41,327
180,41,1004
181,41,919
182,41,809
183,41,988
184,41,228
185,41,597
186,41,843
187,41,20
188,41,256
189,41,743
190,41,437
191,41,525
192,41,237
193,41,971
194,41,581
195,41,938
196,41,490
197,41,957
198,41,504
199,41,309
200,41,410
201,41,981
202,41,980
203,41,963
204,41,48
205,41,92
206,41,710
207,41,201
208,41,571
209,41,914
210,41,218
211,41,666
212,41,960
213,41,46
214,41,179
215,41,132
216,41,948
217,41,772
218,41,566
219,41,929
220,41,953
221,41,76
222,41,156
223,41,753
224,41,851
225,41,610
226,41,944
227,41,1020
228,41,170
229,41,874
230,41,250
231,41,27
232,41,38
233,41,184
234,41,856
235,41,219
236,41,124
237,41,122
238,41,998
239,41,421
240,41,205
241,41,494
242,41,284
243,41,794
244,41,532
245,41,946
246,41,777
247,41,422
248,41,112
249,41,318
250,41,373
251,41,982
252,41,667
253,41,88
254,41,148
255,41,160
256,41,345
257,41,945
258,41,5
259,41,965
260,41,34
261,41,646
262,41,763
263,41,509
264,41,827
265,41,363
266,41,127
267,41,235
268,41,9
269,41,627
270,41,326
271,41,555
272,41,349
273,41,223
274,41,549
275,41,214
276,41,226
277,41,545
278,41,503
279,41,797
280,41,951
281,41,294
282,41,216
283,41,868
284,41,193
285,41,171
286,41,962
287,41,696
288,41,842
289,41,580
290,41,181
291,41,202
292,41,656
293,41,140
294,41,541
295,41,630
296,41,392
297,41,567
298,41,241
299,41,93
300,41,454
301,41,741
302,41,41
303,41,662
304,41,511
305,41,78
306,41,821
307,41,386
308,41,379
309,41,420
310,41,725
311,41,527
312,41,315
313,41,333
314,41,837
315,41,813
316,41,119
317,41,424
318,41,669
319,41,695
320,41,893
321,41,632
322,41,832
323,41,496
324,41,8
325,41,203
326,41,348
327,41,658
328,41,131
329,41,819
330,41,110
331,41,285
332,41,894
333,41,687
334,41,728
335,41,562
336,41,227
337,41,236
338,41,70
339,41,701
340,41,947
341,41,698
342,41,464
343,41,37
344,41,54
345,41,1005
346,41,888
347,41,252
348,41,737
349,41,976
350,41,538
351,41,51
352,41,912
353,41,325
354,41,442
355,41,675
356,41,991
357,41,799
358,41,552
359,41,595
360,41,453
361,41,428
362,41,1012
363,41,147
364,41,922
365,41,924
366,41,866
367,41,85
368,41,681
369,41,164
370,41,162
371,41,920
372,41,106
373,41,614
374,41,45
375,41,826
376,41,751
377,41,548
378,41,849
379,41,834
380,41,559
381,41,355
382,41,673
383,41,664
384,41,682
385,41,305
386,41,568
387,41,828
388,41,925
389,41,742
390,41,343
391,41,927
392,41,1003
393,41,875
394,41,862
395,41,286
396,41,43
397,41,523
398,41,350
399,41,213
0,42,301
1,42,150
2,42,189
3,42,683
4,42,443
5,42,986
6,42,1006
7,42,665
8,42,311
9,42,463
10,42,557
11,42,105
12,42,188
13,42,786
14,42,693
15,42,618
16,42,784
17,42,977
18,42,520
19,42,185
20,42,741
21,42,0
22,42,492
23,42,230
24,42,713
25,42,246
26,42,187
27,42,287
28,42,901
29,42,109
30,42,304
31,42,493
32,42,1013
33,42,15
34,42,643
35,42,149
36,42,440
37,42,381
38,42,905
39,42,717
40,42,965
41,42,667
42,42,728
43,42,107
44,42,134
45,42,868
46,42,911
47,42,417
48,42,540
49,42,767
50,42,524
51,42,883
52,42,783
53,42,487
54,42,934
55,42,1002
56,42,536
57,42,266
58,42,474
59,42,363
60,42,807
61,42,476
62,42,817
63,42,847
64,42,839
65,42,521
66,42,584
67,42,877
68,42,432
69,42,749
70,42,650
71,42,362
72,42,649
73,42,1010
74,42,146
75,42,506
76,42,616
77,42,297
78,42,484
79,42,779
80,42,891
81,42,750
82,42,356
83,42,99
84,42,283
85,42,538
86,42,983
87,42,186
88,42,966
89,42,686
90,42,872
91,42,170
92,42,816
93,42,155
94,42,922
95,42,887
96,42,221
97,42,915
98,42,435
99,42,617
100,42,923
101,42,770
102,42,560
103,42,652
104,42,539
105,42,581
106,42,137
107,42,267
108,42,239
109,42,654
110,42,81
111,42,449
112,42,60
113,42,790
114,42,433
115,42,450
116,42,158
117,42,44
118,42,101
119,42,603
120,42,867
121,42,434
122,42,698
123,42,748
124,42,176
125,42,334
126,42,103
127,42,516
128,42,375
129,42,264
130,42,812
131,42,985
132,42,16
133,42,518
134,42,619
135,42,47
136,42,675
137,42,1009
138,42,292
139,42,243
140,42,218
141,42,724
142,42,607
143,42,114
144,42,173
145,42,723
146,42,852
147,42,242
148,42,190
149,42,96
150,42,955
151,42,583
152,42,534
153,42,319
154,42,75
155,42,695
156,42,11
157,42,952
158,42,669
159,42,785
160,42,104
161,42,504
162,42,120
163,42,98
164,42,465
165,42,35
166,42,277
167,42,838
168,42,962
169,42,531
170,42,462
171,42,473
172,42,298
173,42,165
174,42,897
175,42,854
176,42,115
177,42,663
178,42,878
179,42,326
180,42,972
181,42,920
182,42,809
183,42,988
184,42,260
185,42,597
186,42,843
187,42,20
188,42,256
189,42,744
190,42,437
191,42,525
192,42,237
193,42,970
194,42,580
195,42,938
196,42,490
197,42,957
198,42,472
199,42,309
200,42,410
201,42,981
202,42,980
203,42,963
204,42,80
205,42,93
206,42,709
207,42,233
208,42,571
209,42,914
210,42,250
211,42,666
212,42,960
213,42,45
214,42,179
215,42,131
216,42,916
217,42,772
218,42,566
219,42,929
220,42,953
221,42,77
222,42,156
223,42,753
224,42,819
225,42,610
226,42,943
227,42,1020
228,42,171
229,42,906
230,42,251
231,42,27
232,42,70
233,42,184
234,42,857
235,42,219
236,42,92
237,42,123
238,42,997
239,42,421
240,42,205
241,42,494
242,42,252
243,42,794
244,42,532
245,42,947
246,42,777
247,42,423
248,42,112
249,42,318
250,42,373
251,42,982
252,42,668
253,42,88
254,42,148
255,42,160
256,42,345
257,42,944
258,42,5
259,42,933
260,42,34
261,42,646
262,42,763
263,42,509
264,42,827
265,42,331
266,42,127
267,42,235
268,42,9
269,42,627
270,42,358
271,42,555
272,42,350
273,42,223
274,42,549
275,42,214
276,42,226
277,42,545
278,42,503
279,42,797
280,42,951
281,42,294
282,42,216
283,42,869
284,42,193
285,42,203
286,42,961
287,42,697
288,42,842
289,42,548
290,42,213
291,42,201
292,42,656
293,42,140
294,42,541
295,42,630
296,42,392
297,42,535
298,42,241
299,42,61
300,42,454
301,42,740
302,42,41
303,42,662
304,42,511
305,42,46
306,42,821
307,42,386
308,42,379
309,42,420
310,42,725
311,42,527
312,42,315
313,42,333
314,42,837
315,42,813
316,42,119
317,42,424
318,42,701
319,42,727
320,42,925
321,42,632
322,42,864
323,42,496
324,42,8
325,42,202
326,42,380
327,42,658
328,42,163
329,42,820
330,42,110
331,42,285
332,42,894
333,42,688
334,42,760
335,42,561
336,42,228
337,42,236
338,42,102
339,42,733
340,42,948
341,42,699
342,42,464
343,42,38
344,42,54
345,42,1005
346,42,856
347,42,220
348,42,737
349,42,976
350,42,570
351,42,51
352,42,912
353,42,325
354,42,442
355,42,674
356,42,991
357,42,799
358,42,552
359,42,563
360,42,453
361,42,460
362,42,1012
363,42,147
364,42,954
365,42,892
366,42,865
367,42,85
368,42,681
369,42,164
370,42,162
371,42,921
372,42,106
373,42,613
374,42,13
375,42,826
376,42,751
377,42,547
378,42,849
379,42,834
380,42,559
381,42,355
382,42,673
383,42,664
384,42,682
385,42,305
386,42,568
387,42,828
388,42,924
389,42,743
390,42,343
391,42,895
392,42,1004
393,42,875
394,42,862
395,42,286
396,42,43
397,42,523
398,42,351
399,42,245
0,43,301
1,43,150
2,43,157
3,43,683
4,43,443
5,43,987
6,43,1006
7,43,666
8,43,311
9,43,463
10,43,557
11,43,105
12,43,187
13,43,786
14,43,694
15,43,618
16,43,784
17,43,976
18,43,520
19,43,217
20,43,742
21,43,0
22,43,524
23,43,230
24,43,713
25,43,246
26,43,186
27,43,287
28,43,901
29,43,141
30,43,304
31,43,492
32,43,1013
33,43,16
34,43,643
35,43,149
36,43,439
37,43,382
38,43,906
39,43,717
40,43,997
41,43,635
42,43,696
43,43,107
44,43,102
45,43,836
46,43,911
47,43,385
48,43,540
49,43,767
50,43,523
51,43,884
52,43,783
53,43,487
54,43,933
55,43,1002
56,43,537
57,43,266
58,43,474
59,43,362
60,43,839
61,43,476
62,43,818
63,43,847
64,43,840
65,43,521
66,43,584
67,43,877
68,43,400
69,43,749
70,43,650
71,43,330
72,43,649
73,43,1011
74,43,147
75,43,506
76,43,616
77,43,297
78,43,484
79,43,779
80,43,891
81,43,751
82,43,356
83,43,99
84,43,283
85,43,538
86,43,983
87,43,185
88,43,966
89,43,686
90,43,873
91,43,170
92,43,815
93,43,156
94,43,890
95,43,887
96,43,253
97,43,883
98,43,435
99,43,617
100,43,924
101,43,770
102,43,560
103,43,652
104,43,539
105,43,613
106,43,137
107,43,267
108,43,239
109,43,654
110,43,81
111,43,449
112,43,59
113,43,790
114,43,432
115,43,450
116,43,126
117,43,76
118,43,101
119,43,604
120,43,868
121,43,433
122,43,730
123,43,748
124,43,176
125,43,334
126,43,103
127,43,516
128,43,375
129,43,264
130,43,812
131,43,985
132,43,48
133,43,518
134,43,619
135,43,47
136,43,674
137,43,1010
138,43,291
139,43,243
140,43,250
141,43,724
142,43,607
143,43,114
144,43,173
145,43,723
146,43,852
147,43,242
148,43,190
149,43,96
150,43,955
151,43,551
152,43,534
153,43,319
154,43,75
155,43,695
156,43,11
157,43,952
158,43,668
159,43,785
160,43,104
161,43,504
162,43,120
163,43,98
164,43,465
165,43,35
166,43,277
167,43,838
168,43,961
169,43,532
170,43,462
171,43,473
172,43,298
173,43,133
174,43,865
175,43,854
176,43,115
177,43,663
178,43,878
179,43,326
180,43,971
181,43,921
182,43,809
183,43,988
184,43,261
185,43,597
186,43,843
187,43,20
188,43,256
189,43,776
190,43,437
191,43,525
192,43,237
193,43,970
194,43,580
195,43,938
196,43,490
197,43,958
198,43,440
199,43,309
200,43,410
201,43,981
202,43,980
203,43,962
204,43,80
205,43,94
206,43,709
207,43,265
208,43,571
209,43,914
210,43,249
211,43,667
212,43,960
213,43,44
214,43,211
215,43,163
216,43,915
217,43,772
218,43,566
219,43,897
220,43,953
221,43,77
222,43,188
223,43,753
224,43,787
225,43,610
226,43,942
227,43,1020
228,43,171
229,43,907
230,43,251
231,43,27
232,43,38
233,43,184
234,43,857
235,43,219
236,43,60
237,43,155
238,43,996
239,43,421
240,43,205
241,43,494
242,43,220
243,43,794
244,43,533
245,43,948
246,43,777
247,43,424
248,43,112
249,43,286
250,43,373
251,43,982
252,43,700
253,43,88
254,43,148
255,43,160
256,43,345
257,43,943
258,43,5
259,43,965
260,43,34
261,43,646
262,43,763
263,43,509
264,43,827
265,43,332
266,43,127
267,43,235
268,43,9
269,43,627
270,43,390
271,43,555
272,43,318
273,43,223
274,43,549
275,43,214
276,43,226
277,43,545
278,43,503
279,43,797
280,43,951
281,43,294
282,43,216
283,43,869
284,43,193
285,43,204
286,43,929
287,43,697
288,43,842
289,43,547
290,43,213
291,43,233
292,43,656
293,43,140
294,43,541
295,43,630
296,43,393
297,43,535
298,43,241
299,43,93
300,43,454
301,43,739
302,43,41
303,43,662
304,43,511
305,43,14
306,43,822
307,43,386
308,43,379
309,43,420
310,43,725
311,43,527
312,43,315
313,43,333
314,43,837
315,43,813
316,43,119
317,43,392
318,43,669
319,43,728
320,43,957
321,43,632
322,43,896
323,43,496
324,43,8
325,43,201
326,43,381
327,43,658
328,43,164
329,43,821
330,43,110
331,43,285
332,43,894
333,43,689
334,43,792
335,43,529
336,43,228
337,43,236
338,43,70
339,43,701
340,43,916
341,43,699
342,43,464
343,43,39
344,43,54
345,43,973
346,43,856
347,43,221
348,43,737
349,43,944
350,43,570
351,43,51
352,43,912
353,43,325
354,43,442
355,43,706
356,43,991
357,43,799
358,43,552
359,43,531
360,43,453
361,43,460
362,43,1012
363,43,179
364,43,986
365,43,893
366,43,864
367,43,85
368,43,681
369,43,165
370,43,162
371,43,922
372,43,106
373,43,612
374,43,45
375,43,826
376,43,719
377,43,546
378,43,849
379,43,834
380,43,559
381,43,355
382,43,673
383,43,664
384,43,682
385,43,305
386,43,568
387,43,828
388,43,892
389,43,744
390,43,343
391,43,895
392,43,1005
393,43,875
394,43,862
395,43,254
396,43,43
397,43,491
398,43,350
399,43,245
0,44,301
1,44,151
2,44,158
3,44,683
4,44,443
5,44,986
6,44,974
7,44,667
8,44,311
9,44,463
10,44,557
11,44,105
12,44,219
13,44,786
14,44,695
15,44,618
16,44,784
17,44,1008
18,44,520
19,44,185
20,44,710
21,44,0
22,44,556
23,44,230
24,44,713
25,44,246
26,44,187
27,44,287
28,44,901
29,44,142
30,44,304
31,44,492
32,44,1013
33,44,48
34,44,643
35,44,150
36,44,440
37,44,381
38,44,906
39,44,717
40,44,997
41,44,603
42,44,697
43,44,107
44,44,101
45,44,868
46,44,911
47,44,353
48,44,540
49,44,767
50,44,524
51,44,883
52,44,783
53,44,487
54,44,933
55,44,1002
56,44,537
57,44,266
58,44,474
59,44,362
60,44,807
61,44,476
62,44,819
63,44,847
64,44,839
65,44,521
66,44,584
67,44,877
68,44,400
69,44,749
70,44,650
71,44,331
72,44,649
73,44,1010
74,44,148
75,44,506
76,44,616
77,44,297
78,44,484
79,44,779
80,44,891
81,44,752
82,44,356
83,44,99
84,44,283
85,44,538
86,44,983
87,44,186
88,44,966
89,44,686
90,44,905
91,44,170
92,44,814
93,44,157
94,44,890
95,44,887
96,44,252
97,44,882
98,44,435
99,44,617
100,44,924
101,44,770
102,44,560
103,44,652
104,44,539
105,44,614
106,44,137
107,44,267
108,44,239
109,44,654
110,44,81
111,44,449
112,44,60
113,44,790
114,44,431
115,44,450
116,44,94
117,44,44
118,44,69
119,44,605
120,44,900
121,44,432
122,44,730
123,44,748
124,44,176
125,44,334
126,44,102
127,44,516
128,44,375
129,44,264
130,44,812
131,44,985
132,44,47
133,44,518
134,44,619
135,44,15
136,44,673
137,44,978
138,44,290
139,44,243
140,44,250
141,44,724
142,44,607
143,44,114
144,44,173
145,44,723
146,44,852
147,44,242
148,44,190
149,44,96
150,44,955
151,44,550
152,44,534
153,44,319
154,44,75
155,44,696
156,44,12
157,44,952
158,44,668
159,44,785
160,44,104
161,44,504
162,44,120
163,44,98
164,44,433
165,44,35
166,44,277
167,44,838
168,44,961
169,44,531
170,44,462
171,44,473
172,44,298
173,44,165
174,44,865
175,44,886
176,44,115
177,44,663
178,44,878
179,44,326
180,44,1003
181,44,921
182,44,809
183,44,988
184,44,261
185,44,597
186,44,843
187,44,20
188,44,256
189,44,775
190,44,437
191,44,525
192,44,237
193,44,970
194,44,581
195,44,938
196,44,490
197,44,926
198,44,408
199,44,309
200,44,410
201,44,981
202,44,980
203,44,962
204,44,80
205,44,95
206,44,709
207,44,233
208,44,571
209,44,914
210,44,217
211,44,699
212,44,960
213,44,43
214,44,179
215,44,162
216,44,947
217,44,772
218,44,566
219,44,929
220,44,953
221,44,77
222,44,156
223,44,753
224,44,787
225,44,610
226,44,941
227,44,1020
228,44,171
229,44,908
230,44,251
231,44,27
232,44,37
233,44,184
234,44,857
235,44,218
236,44,28
237,44,155
238,44,996
239,44,421
240,44,205
241,44,494
242,44,188
243,44,794
244,44,532
245,44,949
246,44,777
247,44,392
248,44,112
249,44,318
250,44,373
251,44,982
252,44,700
253,44,88
254,44,149
255,44,160
256,44,345
257,44,944
258,44,5
259,44,965
260,44,34
261,44,646
262,44,763
263,44,509
264,44,827
265,44,364
266,44,127
267,44,235
268,44,9
269,44,627
270,44,390
271,44,555
272,44,350
273,44,223
274,44,549
275,44,214
276,44,226
277,44,513
278,44,503
279,44,797
280,44,951
281,44,294
282,44,216
283,44,869
284,44,193
285,44,204
286,44,930
287,44,698
288,44,842
289,44,515
290,44,213
291,44,234
292,44,656
293,44,140
294,44,541
295,44,630
296,44,361
297,44,535
298,44,241
299,44,93
300,44,454
301,44,739
302,44,41
303,44,662
304,44,511
305,44,13
306,44,854
307,44,386
308,44,379
309,44,420
310,44,725
311,44,527
312,44,315
313,44,333
314,44,837
315,44,813
316,44,119
317,44,393
318,44,669
319,44,728
320,44,958
321,44,632
322,44,928
323,44,496
324,44,8
325,44,200
326,44,380
327,44,658
328,44,132
329,44,822
330,44,110
331,44,285
332,44,894
333,44,689
334,44,792
335,44,497
336,44,228
337,44,236
338,44,70
339,44,701
340,44,915
341,44,731
342,44,464
343,44,39
344,44,54
345,44,1005
346,44,856
347,44,189
348,44,737
349,44,976
350,44,570
351,44,51
352,44,912
353,44,325
354,44,442
355,44,707
356,44,991
357,44,799
358,44,552
359,44,499
360,44,453
361,44,460
362,44,1012
363,44,147
364,44,1018
365,44,893
366,44,864
367,44,85
368,44,681
369,44,164
370,44,130
371,44,922
372,44,106
373,44,580
374,44,45
375,44,826
376,44,751
377,44,545
378,44,849
379,44,834
380,44,559
381,44,355
382,44,705
383,44,664
384,44,682
385,44,305
386,44,568
387,44,828
388,44,892
389,44,776
390,44,343
391,44,895
392,44,1006
393,44,875
394,44,862
395,44,286
396,44,11
397,44,523
398,44,349
399,44,245
0,45,301
1,45,151
2,45,126
3,45,683
4,45,443
5,45,954
6,45,1006
7,45,668
8,45,311
9,45,463
10,45,557
11,45,105
12,45,251
13,45,786
14,45,696
15,45,618
16,45,784
17,45,1008
18,45,520
19,45,185
20,45,710
21,45,0
22,45,555
23,45,230
24,45,713
25,45,246
26,45,219
27,45,287
28,45,901
29,45,142
30,45,304
31,45,492
32,45,1014
33,45,48
34,45,643
35,45,150
36,45,440
37,45,380
38,45,907
39,45,717
40,45,997
41,45,603
42,45,665
43,45,108
44,45,100
45,45,867
46,45,911
47,45,321
48,45,540
49,45,767
50,45,524
51,45,915
52,45,783
53,45,487
54,45,933
55,45,1002
56,45,537
57,45,266
58,45,474
59,45,362
60,45,775
61,45,476
62,45,820
63,45,847
64,45,807
65,45,521
66,45,584
67,45,877
68,45,432
69,45,749
70,45,650
71,45,363
72,45,649
73,45,1010
74,45,149
75,45,506
76,45,616
77,45,297
78,45,484
79,45,779
80,45,891
81,45,753
82,45,356
83,45,99
84,45,315
85,45,538
86,45,983
87,45,154
88,45,966
89,45,686
90,45,906
91,45,170
92,45,814
93,45,189
94,45,890
95,45,887
96,45,252
97,45,883
98,45,435
99,45,617
100,45,924
101,45,770
102,45,560
103,45,652
104,45,539
105,45,614
106,45,137
107,45,267
108,45,239
109,45,654
110,45,81
111,45,449
112,45,60
113,45,790
114,45,399
115,45,450
116,45,62
117,45,44
118,45,101
119,45,606
120,45,868
121,45,431
122,45,730
123,45,748
124,45,176
125,45,334
126,45,102
127,45,516
128,45,375
129,45,264
130,45,812
131,45,985
132,45,15
133,45,518
134,45,619
135,45,14
136,45,641
137,45,978
138,45,322
139,45,243
140,45,250
141,45,724
142,45,607
143,45,114
144,45,173
145,45,723
146,45,852
147,45,242
148,45,191
149,45,96
150,45,955
151,45,550
152,45,534
153,45,319
154,45,107
155,45,697
156,45,11
157,45,952
158,45,700
159,45,785
160,45,104
161,45,504
162,45,120
163,45,98
164,45,433
165,45,35
166,45,277
167,45,838
168,45,993
169,45,531
170,45,462
171,45,473
172,45,298
173,45,165
174,45,865
175,45,854
176,45,115
177,45,663
178,45,878
179,45,326
180,45,1003
181,45,921
182,45,809
183,45,988
184,45,261
185,45,597
186,45,843
187,45,20
188,45,256
189,45,743
190,45,437
191,45,525
192,45,237
193,45,970
194,45,580
195,45,938
196,45,490
197,45,925
198,45,376
199,45,309
200,45,410
201,45,1013
202,45,980
203,45,962
204,45,80
205,45,127
206,45,709
207,45,201
208,45,571
209,45,914
210,45,218
211,45,667
212,45,961
213,45,75
214,45,179
215,45,161
216,45,948
217,45,772
218,45,566
219,45,929
220,45,953
221,45,77
222,45,155
223,45,721
224,45,787
225,45,610
226,45,940
227,45,1020
228,45,171
229,45,908
230,45,283
231,45,27
232,45,36
233,45,184
234,45,857
235,45,186
236,45,29
237,45,187
238,45,996
239,45,421
240,45,205
241,45,494
242,45,156
243,45,794
244,45,532
245,45,981
246,45,777
247,45,393
248,45,112
249,45,318
250,45,373
251,45,982
252,45,699
253,45,88
254,45,181
255,45,160
256,45,345
257,45,944
258,45,5
259,45,965
260,45,34
261,45,646
262,45,763
263,45,509
264,45,827
265,45,396
266,45,159
267,45,235
268,45,9
269,45,627
270,45,390
271,45,587
272,45,350
273,45,223
274,45,549
275,45,214
276,45,226
277,45,545
278,45,503
279,45,797
280,45,951
281,45,294
282,45,216
283,45,869
284,45,193
285,45,204
286,45,930
287,45,698
288,45,842
289,45,515
290,45,213
291,45,202
292,45,656
293,45,140
294,45,541
295,45,630
296,45,329
297,45,535
298,45,241
299,45,93
300,45,454
301,45,739
302,45,41
303,45,662
304,45,511
305,45,12
306,45,822
307,45,386
308,45,378
309,45,420
310,45,725
311,45,527
312,45,316
313,45,333
314,45,837
315,45,813
316,45,119
317,45,361
318,45,669
319,45,728
320,45,959
321,45,632
322,45,960
323,45,496
324,45,8
325,45,199
326,45,379
327,45,658
328,45,132
329,45,823
330,45,110
331,45,285
332,45,894
333,45,689
334,45,792
335,45,465
336,45,228
337,45,236
338,45,70
339,45,701
340,45,947
341,45,731
342,45,464
343,45,39
344,45,54
345,45,1005
346,45,856
347,45,190
348,45,737
349,45,976
350,45,570
351,45,51
352,45,912
353,45,325
354,45,442
355,45,707
356,45,991
357,45,799
358,45,552
359,45,499
360,45,453
361,45,460
362,45,1012
363,45,147
364,45,1018
365,45,893
366,45,864
367,45,85
368,45,681
369,45,164
370,45,162
371,45,922
372,45,106
373,45,548
374,45,45
375,45,826
376,45,751
377,45,544
378,45,849
379,45,834
380,45,559
381,45,355
382,45,673
383,45,664
384,45,682
385,45,305
386,45,568
387,45,828
388,45,892
389,45,776
390,45,343
391,45,895
392,45,1007
393,45,875
394,45,862
395,45,286
396,45,43
397,45,523
398,45,349
399,45,245
0,46,301
1,46,119
2,46,94
3,46,683
4,46,443
5,46,954
6,46,1006
7,46,669
8,46,311
9,46,463
10,46,557
11,46,105
12,46,219
13,46,786
14,46,697
15,46,618
16,46,784
17,46,1009
18,46,520
19,46,185
20,46,710
21,46,0
22,46,554
23,46,230
24,46,713
25,46,246
26,46,187
27,46,287
28,46,901
29,46,142
30,46,304
31,46,492
32,46,1013
33,46,48
34,46,643
35,46,151
36,46,440
37,46,381
38,46,939
39,46,717
40,46,997
41,46,603
42,46,633
43,46,108
44,46,99
45,46,867
46,46,911
47,46,320
48,46,540
49,46,767
50,46,524
51,46,915
52,46,783
53,46,487
54,46,933
55,46,1002
56,46,537
57,46,266
58,46,474
59,46,362
60,46,743
61,46,476
62,46,821
63,46,847
64,46,775
65,46,521
66,46,584
67,46,877
68,46,432
69,46,749
70,46,650
71,46,363
72,46,649
73,46,1010
74,46,150
75,46,506
76,46,616
77,46,297
78,46,484
79,46,779
80,46,891
81,46,754
82,46,356
83,46,67
84,46,283
85,46,538
86,46,983
87,46,186
88,46,966
89,46,686
90,46,907
91,46,170
92,46,814
93,46,221
94,46,890
95,46,887
96,46,252
97,46,883
98,46,435
99,46,617
100,46,924
101,46,770
102,46,560
103,46,652
104,46,539
105,46,614
106,46,137
107,46,267
108,46,239
109,46,654
110,46,81
111,46,449
112,46,60
113,46,790
114,46,431
115,46,450
116,46,62
117,46,44
118,46,101
119,46,606
120,46,868
121,46,430
122,46,730
123,46,748
124,46,176
125,46,334
126,46,102
127,46,517
128,46,375
129,46,264
130,46,812
131,46,985
132,46,16
133,46,518
134,46,619
135,46,46
136,46,609
137,46,978
138,46,354
139,46,243
140,46,251
141,46,724
142,46,607
143,46,114
144,46,173
145,46,723
146,46,852
147,46,242
148,46,190
149,46,96
150,46,955
151,46,550
152,46,534
153,46,319
154,46,139
155,46,665
156,46,11
157,46,952
158,46,668
159,46,785
160,46,104
161,46,504
162,46,120
163,46,98
164,46,401
165,46,35
166,46,277
167,46,838
168,46,961
169,46,531
170,46,462
171,46,473
172,46,298
173,46,165
174,46,865
175,46,854
176,46,115
177,46,663
178,46,878
179,46,326
180,46,1003
181,46,921
182,46,809
183,46,988
184,46,261
185,46,597
186,46,843
187,46,20
188,46,256
189,46,711
190,46,437
191,46,525
192,46,237
193,46,970
194,46,580
195,46,938
196,46,490
197,46,957
198,46,344
199,46,309
200,46,410
201,46,981
202,46,980
203,46,962
204,46,80
205,46,159
206,46,709
207,46,201
208,46,571
209,46,914
210,46,250
211,46,667
212,46,960
213,46,107
214,46,179
215,46,161
216,46,916
217,46,772
218,46,566
219,46,929
220,46,953
221,46,77
222,46,156
223,46,753
224,46,787
225,46,610
226,46,972
227,46,1020
228,46,171
229,46,908
230,46,284
231,46,27
232,46,36
233,46,184
234,46,857
235,46,218
236,46,29
237,46,188
238,46,996
239,46,421
240,46,205
241,46,494
242,46,124
243,46,794
244,46,532
245,46,982
246,46,777
247,46,392
248,46,112
249,46,318
250,46,373
251,46,1014
252,46,700
253,46,88
254,46,149
255,46,160
256,46,345
257,46,944
258,46,5
259,46,965
260,46,34
261,46,646
262,46,763
263,46,509
264,46,827
265,46,428
266,46,191
267,46,235
268,46,9
269,46,627
270,46,390
271,46,555
272,46,350
273,46,223
274,46,549
275,46,214
276,46,226
277,46,545
278,46,503
279,46,797
280,46,951
281,46,294
282,46,216
283,46,869
284,46,193
285,46,204
286,46,930
287,46,698
288,46,842
289,46,515
290,46,213
291,46,202
292,46,656
293,46,140
294,46,541
295,46,630
296,46,361
297,46,535
298,46,241
299,46,93
300,46,454
301,46,739
302,46,41
303,46,662
304,46,511
305,46,12
306,46,822
307,46,386
308,46,379
309,46,420
310,46,725
311,46,527
312,46,315
313,46,333
314,46,837
315,46,813
316,46,118
317,46,393
318,46,701
319,46,728
320,46,959
321,46,632
322,46,992
323,46,496
324,46,8
325,46,167
326,46,380
327,46,658
328,46,132
329,46,824
330,46,110
331,46,285
332,46,894
333,46,689
334,46,792
335,46,433
336,46,228
337,46,236
338,46,70
339,46,733
340,46,947
341,46,699
342,46,464
343,46,39
344,46,54
345,46,1005
346,46,856
347,46,158
348,46,737
349,46,976
350,46,570
351,46,51
352,46,912
353,46,325
354,46,442
355,46,707
356,46,991
357,46,799
358,46,552
359,46,499
360,46,453
361,46,460
362,46,1012
363,46,147
364,46,1018
365,46,893
366,46,864
367,46,85
368,46,681
369,46,164
370,46,162
371,46,922
372,46,106
373,46,516
374,46,45
375,46,826
376,46,751
377,46,544
378,46,849
379,46,834
380,46,559
381,46,355
382,46,673
383,46,664
384,46,682
385,46,305
386,46,568
387,46,828
388,46,892
389,46,776
390,46,343
391,46,895
392,46,1008
393,46,875
394,46,862
395,46,286
396,46,43
397,46,523
398,46,349
399,46,245
0,47,301
1,47,118
2,47,62
3,47,683
4,47,443
5,47,954
6,47,1006
7,47,670
8,47,311
9,47,463
10,47,557
11,47,105
12,47,219
13,47,786
14,47,698
15,47,618
16,47,784
17,47,977
18,47,520
19,47,185
20,47,710
21,47,0
22,47,554
23,47,230
24,47,713
25,47,246
26,47,187
27,47,287
28,47,901
29,47,142
30,47,304
31,47,492
32,47,1013
33,47,48
34,47,643
35,47,183
36,47,440
37,47,413
38,47,938
39,47,717
40,47,997
41,47,603
42,47,665
43,47,108
44,47,67
45,47,867
46,47,911
47,47,288
48,47,540
49,47,767
50,47,524
51,47,915
52,47,783
53,47,487
54,47,933
55,47,1002
56,47,537
57,47,266
58,47,474
59,47,362
60,47,775
61,47,476
62,47,822
63,47,847
64,47,776
65,47,521
66,47,584
67,47,877
68,47,400
69,47,749
70,47,650
71,47,363
72,47,649
73,47,1010
74,47,151
75,47,506
76,47,616
77,47,297
78,47,484
79,47,779
80,47,891
81,47,755
82,47,356
83,47,68
84,47,251
85,47,538
86,47,984
87,47,186
88,47,966
89,47,686
90,47,908
91,47,170
92,47,814
93,47,220
94,47,890
95,47,887
96,47,252
97,47,883
98,47,435
99,47,617
100,47,924
101,47,770
102,47,560
103,47,652
104,47,539
105,47,614
106,47,137
107,47,267
108,47,239
109,47,654
110,47,81
111,47,449
112,47,60
113,47,758
114,47,432
115,47,450
116,47,61
117,47,44
118,47,101
119,47,606
120,47,868
121,47,431
122,47,731
123,47,748
124,47,176
125,47,334
126,47,102
127,47,516
128,47,375
129,47,264
130,47,812
131,47,985
132,47,16
133,47,518
134,47,619
135,47,47
136,47,610
137,47,978
138,47,386
139,47,243
140,47,250
141,47,724
142,47,607
143,47,114
144,47,173
145,47,723
146,47,852
147,47,242
148,47,158
149,47,96
150,47,955
151,47,550
152,47,534
153,47,319
154,47,107
155,47,697
156,47,11
157,47,952
158,47,667
159,47,785
160,47,104
161,47,504
162,47,120
163,47,98
164,47,369
165,47,35
166,47,277
167,47,838
168,47,961
169,47,531
170,47,462
171,47,473
172,47,298
173,47,165
174,47,865
175,47,854
176,47,115
177,47,663
178,47,878
179,47,326
180,47,1003
181,47,921
182,47,809
183,47,988
184,47,261
185,47,597
186,47,843
187,47,20
188,47,256
189,47,743
190,47,437
191,47,525
192,47,237
193,47,969
194,47,580
195,47,970
196,47,490
197,47,957
198,47,345
199,47,309
200,47,410
201,47,981
202,47,980
203,47,962
204,47,80
205,47,191
206,47,709
207,47,201
208,47,571
209,47,914
210,47,249
211,47,699
212,47,960
213,47,106
214,47,179
215,47,161
216,47,916
217,47,772
218,47,566
219,47,929
220,47,953
221,47,77
222,47,155
223,47,753
224,47,787
225,47,578
226,47,972
227,47,1020
228,47,171
229,47,909
230,47,283
231,47,27
232,47,36
233,47,184
234,47,857
235,47,218
236,47,29
237,47,156
238,47,996
239,47,421
240,47,205
241,47,494
242,47,92
243,47,794
244,47,532
245,47,983
246,47,777
247,47,393
248,47,112
249,47,318
250,47,373
251,47,982
252,47,701
253,47,88
254,47,148
255,47,160
256,47,377
257,47,944
258,47,5
259,47,965
260,47,34
261,47,646
262,47,763
263,47,509
264,47,827
265,47,429
266,47,190
267,47,235
268,47,9
269,47,627
270,47,390
271,47,555
272,47,350
273,47,223
274,47,549
275,47,214
276,47,226
277,47,545
278,47,503
279,47,797
280,47,951
281,47,294
282,47,216
283,47,869
284,47,193
285,47,204
286,47,930
287,47,730
288,47,842
289,47,514
290,47,213
291,47,202
292,47,656
293,47,140
294,47,541
295,47,630
296,47,329
297,47,535
298,47,241
299,47,93
300,47,454
301,47,739
302,47,41
303,47,662
304,47,511
305,47,12
306,47,790
307,47,387
308,47,379
309,47,420
310,47,725
311,47,527
312,47,315
313,47,333
314,47,837
315,47,813
316,47,117
317,47,361
318,47,669
319,47,728
320,47,959
321,47,632
322,47,992
323,47,496
324,47,8
325,47,166
326,47,381
327,47,658
328,47,132
329,47,825
330,47,110
331,47,285
332,47,894
333,47,689
334,47,792
335,47,401
336,47,228
337,47,236
338,47,70
339,47,733
340,47,947
341,47,700
342,47,464
343,47,39
344,47,54
345,47,1005
346,47,856
347,47,126
348,47,737
349,47,976
350,47,570
351,47,51
352,47,912
353,47,325
354,47,442
355,47,707
356,47,991
357,47,799
358,47,552
359,47,499
360,47,453
361,47,460
362,47,1012
363,47,147
364,47,1018
365,47,893
366,47,864
367,47,85
368,47,681
369,47,164
370,47,162
371,47,922
372,47,138
373,47,515
374,47,45
375,47,826
376,47,751
377,47,544
378,47,849
379,47,834
380,47,559
381,47,355
382,47,673
383,47,664
384,47,682
385,47,305
386,47,568
387,47,828
388,47,892
389,47,808
390,47,343
391,47,895
392,47,1009
393,47,875
394,47,862
395,47,286
396,47,43
397,47,523
398,47,349
399,47,245
0,48,301
1,48,150
2,48,30
3,48,683
4,48,443
5,48,954
6,48,1006
7,48,669
8,48,311
9,48,463
10,48,557
11,48,73
12,48,187
13,48,786
14,48,697
15,48,618
16,48,784
17,48,1009
18,48,520
19,48,185
20,48,710
21,48,0
22,48,554
23,48,230
24,48,713
25,48,246
26,48,155
27,48,287
28,48,901
29,48,142
30,48,304
31,48,492
32,48,1013
33,48,48
34,48,643
35,48,215
36,48,440
37,48,381
38,48,906
39,48,717
40,48,997
41,48,603
42,48,665
43,48,107
44,48,66
45,48,867
46,48,911
47,48,256
48,48,540
49,48,767
50,48,524
51,48,915
52,48,783
53,48,487
54,48,933
55,48,1002
56,48,537
57,48,266
58,48,474
59,48,362
60,48,807
61,48,476
62,48,823
63,48,847
64,48,775
65,48,521
66,48,584
67,48,877
68,48,432
69,48,749
70,48,650
71,48,363
72,48,649
73,48,978
74,48,183
75,48,506
76,48,616
77,48,297
78,48,484
79,48,779
80,48,891
81,48,755
82,48,356
83,48,67
84,48,250
85,48,538
86,48,985
87,48,186
88,48,966
89,48,686
90,48,940
91,48,170
92,48,814
93,48,220
94,48,890
95,48,887
96,48,252
97,48,883
98,48,435
99,48,617
100,48,924
101,48,770
102,48,560
103,48,652
104,48,539
105,48,614
106,48,137
107,48,267
108,48,239
109,48,654
110,48,81
111,48,449
112,48,60
113,48,790
114,48,433
115,48,450
116,48,62
117,48,44
118,48,101
119,48,606
120,48,868
121,48,431
122,48,730
123,48,748
124,48,176
125,48,334
126,48,102
127,48,516
128,48,375
129,48,264
130,48,812
131,48,953
132,48,16
133,48,518
134,48,619
135,48,47
136,48,578
137,48,977
138,48,418
139,48,243
140,48,218
141,48,724
142,48,607
143,48,114
144,48,173
145,48,723
146,48,852
147,48,242
148,48,126
149,48,96
150,48,955
151,48,550
152,48,534
153,48,319
154,48,75
155,48,696
156,48,11
157,48,951
158,48,635
159,48,785
160,48,104
161,48,504
162,48,120
163,48,98
164,48,368
165,48,35
166,48,277
167,48,838
168,48,961
169,48,531
170,48,462
171,48,473
172,48,298
173,48,197
174,48,865
175,48,854
176,48,115
177,48,663
178,48,878
179,48,326
180,48,1003
181,48,921
182,48,809
183,48,988
184,48,261
185,48,597
186,48,843
187,48,20
188,48,224
189,48,743
190,48,437
191,48,525
192,48,237
193,48,970
194,48,580
195,48,938
196,48,490
197,48,957
198,48,313
199,48,309
200,48,410
201,48,981
202,48,980
203,48,962
204,48,80
205,48,223
206,48,709
207,48,201
208,48,571
209,48,914
210,48,217
211,48,667
212,48,960
213,48,105
214,48,179
215,48,161
216,48,916
217,48,772
218,48,566
219,48,929
220,48,952
221,48,77
222,48,156
223,48,753
224,48,787
225,48,579
226,48,972
227,48,1020
228,48,171
229,48,908
230,48,251
231,48,27
232,48,36
233,48,184
234,48,858
235,48,219
236,48,29
237,48,157
238,48,996
239,48,421
240,48,205
241,48,494
242,48,91
243,48,794
244,48,532
245,48,984
246,48,777
247,48,392
248,48,112
249,48,318
250,48,373
251,48,982
252,48,700
253,48,88
254,48,148
255,48,160
256,48,345
257,48,944
258,48,5
259,48,965
260,48,34
261,48,646
262,48,763
263,48,509
264,48,827
265,48,429
266,48,158
267,48,235
268,48,9
269,48,627
270,48,390
271,48,555
272,48,350
273,48,222
274,48,549
275,48,214
276,48,226
277,48,545
278,48,503
279,48,797
280,48,983
281,48,294
282,48,216
283,48,869
284,48,193
285,48,204
286,48,930
287,48,698
288,48,842
289,48,515
290,48,213
291,48,202
292,48,656
293,48,140
294,48,541
295,48,630
296,48,361
297,48,535
298,48,241
299,48,93
300,48,454
301,48,739
302,48,41
303,48,662
304,48,511
305,48,12
306,48,822
307,48,386
308,48,379
309,48,420
310,48,725
311,48,527
312,48,315
313,48,333
314,48,837
315,48,813
316,48,118
317,48,393
318,48,668
319,48,728
320,48,959
321,48,632
322,48,992
323,48,496
324,48,8
325,48,165
326,48,380
327,48,658
328,48,132
329,48,857
330,48,110
331,48,285
332,48,894
333,48,689
334,48,792
335,48,369
336,48,228
337,48,236
338,48,70
339,48,701
340,48,947
341,48,699
342,48,464
343,48,39
344,48,54
345,48,1005
346,48,856
347,48,94
348,48,737
349,48,976
350,48,570
351,48,51
352,48,912
353,48,325
354,48,442
355,48,707
356,48,991
357,48,799
358,48,552
359,48,499
360,48,453
361,48,460
362,48,1012
363,48,147
364,48,1018
365,48,893
366,48,864
367,48,85
368,48,681
369,48,164
370,48,162
371,48,922
372,48,106
373,48,483
374,48,45
375,48,826
376,48,751
377,48,544
378,48,849
379,48,834
380,48,559
381,48,355
382,48,673
383,48,664
384,48,682
385,48,305
386,48,568
387,48,828
388,48,892
389,48,776
390,48,343
391,48,895
392,48,1010
393,48,875
394,48,862
395,48,286
396,48,43
397,48,523
398,48,349
399,48,245
0,49,301
1,49,150
2,49,31
3,49,683
4,49,443
5,49,954
6,49,1006
7,49,669
8,49,311
9,49,463
10,49,557
11,49,105
12,49,187
13,49,786
14,49,665
15,49,618
16,49,784
17,49,1008
18,49,520
19,49,185
20,49,710
21,49,0
22,49,554
23,49,230
24,49,713
25,49,278
26,49,155
27,49,287
28,49,901
29,49,142
30,49,304
31,49,492
32,49,1013
33,49,48
34,49,643
35,49,214
36,49,440
37,49,380
38,49,906
39,49,717
40,49,997
41,49,603
42,49,633
43,49,107
44,49,67
45,49,867
46,49,911
47,49,257
48,49,540
49,49,767
50,49,524
51,49,915
52,49,783
53,49,487
54,49,933
55,49,1002
56,49,537
57,49,266
58,49,474
59,49,362
60,49,839
61,49,476
62,49,855
63,49,847
64,49,775
65,49,521
66,49,584
67,49,877
68,49,432
69,49,749
70,49,650
71,49,363
72,49,649
73,49,1010
74,49,215
75,49,506
76,49,616
77,49,297
78,49,484
79,49,779
80,49,891
81,49,755
82,49,356
83,49,99
84,49,251
85,49,538
86,49,953
87,49,186
88,49,966
89,49,686
90,49,972
91,49,170
92,49,814
93,49,220
94,49,890
95,49,887
96,49,253
97,49,883
98,49,435
99,49,617
100,49,924
101,49,770
102,49,560
103,49,652
104,49,539
105,49,614
106,49,138
107,49,267
108,49,239
109,49,654
110,49,81
111,49,449
112,49,60
113,49,790
114,49,434
115,49,482
116,49,30
117,49,44
118,49,101
119,49,606
120,49,868
121,49,431
122,49,730
123,49,748
124,49,176
125,49,334
126,49,102
127,49,516
128,49,375
129,49,264
130,49,812
131,49,952
132,49,16
133,49,518
134,49,619
135,49,47
136,49,546
137,49,978
138,49,450
139,49,243
140,49,250
141,49,724
142,49,607
143,49,114
144,49,173
145,49,723
146,49,852
147,49,242
148,49,158
149,49,96
150,49,955
151,49,550
152,49,534
153,49,319
154,49,75
155,49,695
156,49,11
157,49,983
158,49,635
159,49,785
160,49,104
161,49,504
162,49,120
163,49,98
164,49,369
165,49,35
166,49,277
167,49,838
168,49,961
169,49,531
170,49,462
171,49,473
172,49,298
173,49,165
174,49,865
175,49,854
176,49,115
177,49,663
178,49,878
179,49,326
180,49,1003
181,49,921
182,49,809
183,49,988
184,49,261
185,49,597
186,49,843
187,49,20
188,49,256
189,49,743
190,49,437
191,49,525
192,49,237
193,49,970
194,49,580
195,49,938
196,49,490
197,49,957
198,49,313
199,49,309
200,49,410
201,49,981
202,49,980
203,49,962
204,49,80
205,49,255
206,49,709
207,49,201
208,49,571
209,49,914
210,49,218
211,49,667
212,49,960
213,49,137
214,49,179
215,49,161
216,49,916
217,49,772
218,49,566
219,49,929
220,49,951
221,49,77
222,49,156
223,49,753
224,49,787
225,49,578
226,49,1004
227,49,1020
228,49,171
229,49,908
230,49,252
231,49,27
232,49,36
233,49,184
234,49,859
235,49,219
236,49,29
237,49,157
238,49,996
239,49,421
240,49,205
241,49,494
242,49,59
243,49,794
244,49,532
245,49,985
246,49,777
247,49,393
248,49,112
249,49,318
250,49,373
251,49,1014
252,49,700
253,49,88
254,49,148
255,49,160
256,49,345
257,49,944
258,49,5
259,49,965
260,49,34
261,49,646
262,49,763
263,49,509
264,49,827
265,49,429
266,49,159
267,49,235
268,49,9
269,49,627
270,49,390
271,49,555
272,49,350
273,49,223
274,49,549
275,49,246
276,49,226
277,49,545
278,49,503
279,49,797
280,49,982
281,49,294
282,49,216
283,49,869
284,49,193
285,49,204
286,49,930
287,49,697
288,49,842
289,49,515
290,49,213
291,49,202
292,49,656
293,49,140
294,49,541
295,49,630
296,49,361
297,49,535
298,49,241
299,49,93
300,49,454
301,49,739
302,49,41
303,49,662
304,49,511
305,49,12
306,49,821
307,49,386
308,49,379
309,49,420
310,49,725
311,49,527
312,49,315
313,49,333
314,49,837
315,49,813
316,49,119
317,49,394
318,49,668
319,49,728
320,49,959
321,49,632
322,49,992
323,49,496
324,49,8
325,49,133
326,49,348
327,49,658
328,49,132
329,49,858
330,49,110
331,49,285
332,49,894
333,49,689
334,49,792
335,49,370
336,49,228
337,49,236
338,49,70
339,49,701
340,49,947
341,49,699
342,49,464
343,49,39
344,49,54
345,49,1005
346,49,856
347,49,62
348,49,737
349,49,976
350,49,570
351,49,51
352,49,912
353,49,325
354,49,442
355,49,707
356,49,991
357,49,799
358,49,552
359,49,499
360,49,453
361,49,460
362,49,1012
363,49,147
364,49,1018
365,49,893
366,49,864
367,49,85
368,49,681
369,49,164
370,49,162
371,49,922
372,49,106
373,49,451
374,49,45
375,49,826
376,49,751
377,49,544
378,49,849
379,49,834
380,49,559
381,49,355
382,49,673
383,49,664
384,49,682
385,49,305
386,49,568
387,49,828
388,49,892
389,49,776
390,49,343
391,49,895
392,49,1011
393,49,875
394,49,862
395,49,286
396,49,43
397,49,523
398,49,349
399,49,245
0,50,301
1,50,150
2,50,31
3,50,683
4,50,443
5,50,954
6,50,1006
7,50,669
8,50,311
9,50,463
10,50,557
11,50,105
12,50,187
13,50,786
14,50,666
15,50,618
16,50,784
17,50,1008
18,50,520
19,50,185
20,50,710
21,50,0
22,50,554
23,50,230
24,50,713
25,50,246
26,50,155
27,50,286
28,50,901
29,50,142
30,50,304
31,50,492
32,50,1014
33,50,48
34,50,643
35,50,213
36,50,440
37,50,380
38,50,906
39,50,717
40,50,997
41,50,603
42,50,665
43,50,107
44,50,67
45,50,867
46,50,911
47,50,225
48,50,540
49,50,767
50,50,524
51,50,915
52,50,783
53,50,487
54,50,933
55,50,1002
56,50,537
57,50,266
58,50,474
59,50,362
60,50,839
61,50,476
62,50,887
63,50,847
64,50,775
65,50,521
66,50,584
67,50,877
68,50,432
69,50,749
70,50,650
71,50,363
72,50,649
73,50,1010
74,50,215
75,50,506
76,50,616
77,50,297
78,50,484
79,50,779
80,50,923
81,50,755
82,50,356
83,50,99
84,50,283
85,50,538
86,50,985
87,50,186
88,50,966
89,50,686
90,50,973
91,50,170
92,50,814
93,50,220
94,50,890
95,50,888
96,50,252
97,50,883
98,50,435
99,50,617
100,50,924
101,50,770
102,50,560
103,50,652
104,50,539
105,50,614
106,50,137
107,50,267
108,50,239
109,50,654
110,50,81
111,50,449
112,50,60
113,50,790
114,50,434
115,50,481
116,50,29
117,50,44
118,50,101
119,50,606
120,50,868
121,50,431
122,50,730
123,50,748
124,50,176
125,50,334
126,50,102
127,50,516
128,50,375
129,50,264
130,50,812
131,50,953
132,50,16
133,50,518
134,50,619
135,50,47
136,50,545
137,50,978
138,50,482
139,50,243
140,50,250
141,50,724
142,50,607
143,50,114
144,50,173
145,50,723
146,50,852
147,50,242
148,50,190
149,50,96
150,50,955
151,50,550
152,50,534
153,50,319
154,50,75
155,50,695
156,50,11
157,50,984
158,50,635
159,50,785
160,50,104
161,50,504
162,50,120
163,50,98
164,50,401
165,50,35
166,50,277
167,50,838
168,50,961
169,50,531
170,50,462
171,50,473
172,50,298
173,50,197
174,50,865
175,50,854
176,50,115
177,50,663
178,50,878
179,50,326
180,50,1003
181,50,921
182,50,809
183,50,988
184,50,261
185,50,597
186,50,843
187,50,20
188,50,256
189,50,743
190,50,437
191,50,525
192,50,237
193,50,970
194,50,580
195,50,938
196,50,490
197,50,957
198,50,313
199,50,309
200,50,410
201,50,981
202,50,980
203,50,962
204,50,80
205,50,287
206,50,709
207,50,201
208,50,571
209,50,914
210,50,218
211,50,667
212,50,960
213,50,136
214,50,179
215,50,161
216,50,916
217,50,772
218,50,566
219,50,929
220,50,952
221,50,77
222,50,156
223,50,753
224,50,787
225,50,610
226,50,972
227,50,1020
228,50,171
229,50,908
230,50,251
231,50,27
232,50,36
233,50,184
234,50,891
235,50,219
236,50,61
237,50,157
238,50,996
239,50,421
240,50,205
241,50,494
242,50,58
243,50,794
244,50,532
245,50,986
246,50,777
247,50,392
248,50,112
249,50,350
250,50,373
251,50,982
252,50,700
253,50,88
254,50,148
255,50,160
256,50,345
257,50,944
258,50,5
259,50,965
260,50,34
261,50,646
262,50,763
263,50,509
264,50,827
265,50,429
266,50,127
267,50,235
268,50,9
269,50,627
270,50,390
271,50,555
272,50,382
273,50,223
274,50,549
275,50,214
276,50,226
277,50,513
278,50,503
279,50,797
280,50,983
281,50,294
282,50,216
283,50,869
284,50,193
285,50,204
286,50,930
287,50,697
288,50,842
289,50,515
290,50,181
291,50,202
292,50,656
293,50,140
294,50,541
295,50,630
296,50,361
297,50,535
298,50,241
299,50,93
300,50,454
301,50,739
302,50,41
303,50,662
304,50,511
305,50,12
306,50,821
307,50,386
308,50,379
309,50,420
310,50,725
311,50,527
312,50,315
313,50,333
314,50,837
315,50,813
316,50,119
317,50,393
318,50,668
319,50,728
320,50,959
321,50,632
322,50,992
323,50,496
324,50,8
325,50,165
326,50,349
327,50,658
328,50,132
329,50,859
330,50,110
331,50,285
332,50,894
333,50,689
334,50,792
335,50,369
336,50,228
337,50,236
338,50,70
339,50,701
340,50,947
341,50,699
342,50,464
343,50,39
344,50,54
345,50,1005
346,50,856
347,50,30
348,50,737
349,50,976
350,50,570
351,50,51
352,50,912
353,50,325
354,50,442
355,50,707
356,50,991
357,50,799
358,50,552
359,50,499
360,50,453
361,50,460
362,50,1013
363,50,147
364,50,1018
365,50,893
366,50,864
367,50,85
368,50,681
369,50,164
370,50,162
371,50,922
372,50,106
373,50,451
374,50,45
375,50,826
376,50,751
377,50,544
378,50,849
379,50,834
380,50,559
381,50,355
382,50,673
383,50,664
384,50,682
385,50,305
386,50,568
387,50,828
388,50,892
389,50,776
390,50,343
391,50,895
392,50,1012
393,50,875
394,50,862
395,50,318
396,50,43
397,50,523
398,50,381
399,50,245
0,51,301
1,51,150
2,51,30
3,51,683
4,51,443
5,51,954
6,51,1006
7,51,669
8,51,311
9,51,463
10,51,557
11,51,105
12,51,187
13,51,786
14,51,698
15,51,618
16,51,784
17,51,1008
18,51,520
19,51,185
20,51,710
21,51,0
22,51,554
23,51,230
24,51,713
25,51,246
26,51,155
27,51,287
28,51,901
29,51,142
30,51,304
31,51,492
32,51,982
33,51,48
34,51,643
35,51,181
36,51,440
37,51,380
38,51,906
39,51,717
40,51,997
41,51,603
42,51,665
43,51,107
44,51,67
45,51,867
46,51,911
47,51,193
48,51,540
49,51,767
50,51,524
51,51,915
52,51,783
53,51,487
54,51,933
55,51,1002
56,51,537
57,51,266
58,51,474
59,51,362
60,51,839
61,51,476
62,51,919
63,51,847
64,51,775
65,51,521
66,51,584
67,51,877
68,51,432
69,51,749
70,51,650
71,51,363
72,51,649
73,51,1010
74,51,215
75,51,506
76,51,616
77,51,297
78,51,484
79,51,779
80,51,923
81,51,755
82,51,356
83,51,99
84,51,283
85,51,538
86,51,984
87,51,186
88,51,966
89,51,686
90,51,973
91,51,170
92,51,814
93,51,220
94,51,922
95,51,887
96,51,252
97,51,883
98,51,435
99,51,617
100,51,924
101,51,770
102,51,560
103,51,652
104,51,539
105,51,614
106,51,137
107,51,267
108,51,239
109,51,654
110,51,81
111,51,448
112,51,60
113,51,790
114,51,434
115,51,449
116,51,61
117,51,44
118,51,101
119,51,606
120,51,868
121,51,431
122,51,730
123,51,748
124,51,176
125,51,334
126,51,102
127,51,516
128,51,375
129,51,264
130,51,812
131,51,985
132,51,16
133,51,518
134,51,619
135,51,47
136,51,513
137,51,978
138,51,482
139,51,243
140,51,250
141,51,724
142,51,607
143,51,114
144,51,173
145,51,723
146,51,852
147,51,242
148,51,190
149,51,96
150,51,955
151,51,550
152,51,534
153,51,318
154,51,75
155,51,695
156,51,11
157,51,952
158,51,635
159,51,785
160,51,104
161,51,504
162,51,120
163,51,98
164,51,433
165,51,35
166,51,277
167,51,838
168,51,961
169,51,531
170,51,462
171,51,473
172,51,298
173,51,165
174,51,865
175,51,854
176,51,115
177,51,663
178,51,878
179,51,326
180,51,1003
181,51,889
182,51,809
183,51,988
184,51,261
185,51,597
186,51,843
187,51,20
188,51,256
189,51,743
190,51,437
191,51,525
192,51,237
193,51,970
194,51,580
195,51,938
196,51,490
197,51,957
198,51,313
199,51,309
200,51,410
201,51,981
202,51,980
203,51,962
204,51,80
205,51,319
206,51,709
207,51,201
208,51,571
209,51,914
210,51,218
211,51,667
212,51,960
213,51,135
214,51,179
215,51,129
216,51,916
217,51,772
218,51,566
219,51,929
220,51,953
221,51,77
222,51,156
223,51,753
224,51,787
225,51,610
226,51,972
227,51,1020
228,51,171
229,51,908
230,51,251
231,51,27
232,51,36
233,51,184
234,51,890
235,51,219
236,51,93
237,51,157
238,51,996
239,51,421
240,51,205
241,51,494
242,51,58
243,51,794
244,51,532
245,51,987
246,51,777
247,51,393
248,51,112
249,51,349
250,51,373
251,51,983
252,51,700
253,51,88
254,51,148
255,51,160
256,51,345
257,51,944
258,51,5
259,51,965
260,51,34
261,51,646
262,51,763
263,51,509
264,51,827
265,51,429
266,51,127
267,51,235
268,51,9
269,51,627
270,51,390
271,51,555
272,51,350
273,51,223
274,51,549
275,51,214
276,51,226
277,51,481
278,51,503
279,51,797
280,51,951
281,51,294
282,51,216
283,51,869
284,51,161
285,51,204
286,51,930
287,51,697
288,51,842
289,51,515
290,51,149
291,51,202
292,51,656
293,51,140
294,51,541
295,51,630
296,51,329
297,51,535
298,51,241
299,51,92
300,51,454
301,51,739
302,51,41
303,51,662
304,51,511
305,51,12
306,51,821
307,51,386
308,51,379
309,51,420
310,51,725
311,51,527
312,51,315
313,51,333
314,51,837
315,51,813
316,51,119
317,51,361
318,51,668
319,51,728
320,51,959
321,51,632
322,51,992
323,51,496
324,51,8
325,51,166
326,51,381
327,51,658
328,51,132
329,51,891
330,51,110
331,51,285
332,51,894
333,51,689
334,51,792
335,51,369
336,51,228
337,51,236
338,51,70
339,51,701
340,51,947
341,51,699
342,51,464
343,51,39
344,51,54
345,51,1005
346,51,856
347,51,62
348,51,737
349,51,976
350,51,570
351,51,51
352,51,912
353,51,325
354,51,442
355,51,707
356,51,991
357,51,799
358,51,552
359,51,499
360,51,453
361,51,460
362,51,1014
363,51,147
364,51,1018
365,51,893
366,51,864
367,51,85
368,51,681
369,51,164
370,51,162
371,51,921
372,51,106
373,51,451
374,51,45
375,51,826
376,51,751
377,51,544
378,51,849
379,51,834
380,51,559
381,51,355
382,51,673
383,51,664
384,51,682
385,51,305
386,51,568
387,51,828
388,51,892
389,51,776
390,51,343
391,51,895
392,51,1013
393,51,875
394,51,862
395,51,286
396,51,43
397,51,523
398,51,413
399,51,245
0,52,301
1,52,150
2,52,29
3,52,683
4,52,443
5,52,954
6,52,1006
7,52,669
8,52,311
9,52,463
10,52,557
11,52,105
12,52,187
13,52,786
14,52,698
15,52,618
16,52,784
17,52,1008
18,52,520
19,52,185
20,52,710
21,52,0
22,52,554
23,52,230
24,52,713
25,52,246
26,52,155
27,52,287
28,52,901
29,52,142
30,52,304
31,52,492
32,52,1014
33,52,48
34,52,643
35,52,149
36,52,440
37,52,380
38,52,906
39,52,717
40,52,997
41,52,603
42,52,665
43,52,107
44,52,67
45,52,867
46,52,911
47,52,161
48,52,540
49,52,767
50,52,524
51,52,915
52,52,783
53,52,487
54,52,933
55,52,1002
56,52,537
57,52,266
58,52,474
59,52,362
60,52,839
61,52,476
62,52,919
63,52,847
64,52,775
65,52,521
66,52,584
67,52,877
68,52,432
69,52,749
70,52,650
71,52,363
72,52,649
73,52,1010
74,52,215
75,52,506
76,52,616
77,52,297
78,52,484
79,52,779
80,52,891
81,52,755
82,52,356
83,52,99
84,52,283
85,52,538
86,52,983
87,52,186
88,52,966
89,52,686
90,52,973
91,52,170
92,52,814
93,52,220
94,52,890
95,52,887
96,52,252
97,52,883
98,52,435
99,52,617
100,52,924
101,52,770
102,52,560
103,52,652
104,52,539
105,52,614
106,52,137
107,52,267
108,52,239
109,52,654
110,52,81
111,52,449
112,52,60
113,52,790
114,52,434
115,52,450
116,52,62
117,52,44
118,52,101
119,52,606
120,52,868
121,52,431
122,52,730
123,52,748
124,52,176
125,52,334
126,52,102
127,52,516
128,52,375
129,52,264
130,52,812
131,52,985
132,52,16
133,52,518
134,52,619
135,52,47
136,52,481
137,52,978
138,52,482
139,52,243
140,52,250
141,52,724
142,52,607
143,52,114
144,52,173
145,52,723
146,52,852
147,52,242
148,52,190
149,52,96
150,52,955
151,52,550
152,52,534
153,52,319
154,52,75
155,52,695
156,52,11
157,52,952
158,52,635
159,52,785
160,52,104
161,52,504
162,52,120
163,52,98
164,52,433
165,52,35
166,52,277
167,52,838
168,52,961
169,52,531
170,52,462
171,52,473
172,52,298
173,52,164
174,52,865
175,52,854
176,52,115
177,52,663
178,52,878
179,52,326
180,52,1003
181,52,921
182,52,809
183,52,956
184,52,261
185,52,597
186,52,843
187,52,20
188,52,256
189,52,743
190,52,437
191,52,525
192,52,237
193,52,970
194,52,580
195,52,938
196,52,490
197,52,957
198,52,313
199,52,309
200,52,410
201,52,949
202,52,980
203,52,962
204,52,80
205,52,351
206,52,709
207,52,201
208,52,571
209,52,914
210,52,218
211,52,667
212,52,960
213,52,135
214,52,179
215,52,129
216,52,916
217,52,772
218,52,566
219,52,929
220,52,953
221,52,77
222,52,156
223,52,753
224,52,787
225,52,610
226,52,972
227,52,1020
228,52,171
229,52,908
230,52,251
231,52,27
232,52,36
233,52,184
234,52,858
235,52,219
236,52,61
237,52,157
238,52,996
239,52,421
240,52,205
241,52,494
242,52,58
243,52,794
244,52,532
245,52,988
246,52,777
247,52,394
248,52,112
249,52,350
250,52,373
251,52,982
252,52,700
253,52,88
254,52,148
255,52,160
256,52,345
257,52,944
258,52,5
259,52,965
260,52,34
261,52,646
262,52,763
263,52,509
264,52,827
265,52,429
266,52,127
267,52,235
268,52,9
269,52,627
270,52,390
271,52,555
272,52,382
273,52,223
274,52,549
275,52,214
276,52,226
277,52,480
278,52,503
279,52,797
280,52,951
281,52,294
282,52,216
283,52,869
284,52,162
285,52,204
286,52,930
287,52,697
288,52,842
289,52,515
290,52,117
291,52,202
292,52,656
293,52,140
294,52,541
295,52,630
296,52,361
297,52,535
298,52,241
299,52,93
300,52,454
301,52,739
302,52,41
303,52,662
304,52,511
305,52,12
306,52,821
307,52,386
308,52,379
309,52,420
310,52,725
311,52,527
312,52,315
313,52,333
314,52,837
315,52,813
316,52,119
317,52,393
318,52,668
319,52,728
320,52,959
321,52,632
322,52,992
323,52,496
324,52,8
325,52,165
326,52,349
327,52,658
328,52,132
329,52,892
330,52,110
331,52,285
332,52,926
333,52,689
334,52,792
335,52,369
336,52,228
337,52,236
338,52,70
339,52,701
340,52,947
341,52,699
342,52,464
343,52,39
344,52,54
345,52,1005
346,52,856
347,52,30
348,52,737
349,52,976
350,52,570
351,52,51
352,52,912
353,52,325
354,52,442
355,52,707
356,52,991
357,52,799
358,52,552
359,52,499
360,52,453
361,52,460
362,52,1013
363,52,147
364,52,1018
365,52,894
366,52,864
367,52,85
368,52,681
369,52,163
370,52,194
371,52,922
372,52,106
373,52,451
374,52,45
375,52,826
376,52,751
377,52,544
378,52,849
379,52,834
380,52,559
381,52,355
382,52,673
383,52,664
384,52,682
385,52,305
386,52,568
387,52,828
388,52,893
389,52,776
390,52,343
391,52,895
392,52,981
393,52,875
394,52,862
395,52,286
396,52,43
397,52,523
398,52,381
399,52,245
0,53,301
1,53,150
2,53,30
3,53,683
4,53,443
5,53,954
6,53,1006
7,53,669
8,53,311
9,53,463
10,53,557
11,53,105
12,53,187
13,53,786
14,53,698
15,53,618
16,53,784
17,53,1008
18,53,520
19,53,185
20,53,710
21,53,0
22,53,554
23,53,230
24,53,713
25,53,246
26,53,155
27,53,287
28,53,901
29,53,142
30,53,304
31,53,492
32,53,1013
33,53,48
34,53,643
35,53,148
36,53,440
37,53,380
38,53,906
39,53,717
40,53,997
41,53,603
42,53,665
43,53,107
44,53,67
45,53,867
46,53,911
47,53,129
48,53,540
49,53,767
50,53,524
51,53,915
52,53,783
53,53,487
54,53,933
55,53,1002
56,53,537
57,53,266
58,53,474
59,53,362
60,53,839
61,53,476
62,53,919
63,53,847
64,53,775
65,53,521
66,53,584
67,53,877
68,53,432
69,53,749
70,53,650
71,53,363
72,53,649
73,53,1010
74,53,215
75,53,506
76,53,616
77,53,297
78,53,484
79,53,779
80,53,891
81,53,755
82,53,356
83,53,99
84,53,283
85,53,538
86,53,983
87,53,186
88,53,966
89,53,686
90,53,973
91,53,170
92,53,814
93,53,220
94,53,890
95,53,887
96,53,252
97,53,883
98,53,435
99,53,617
100,53,956
101,53,770
102,53,560
103,53,652
104,53,539
105,53,614
106,53,137
107,53,267
108,53,239
109,53,654
110,53,81
111,53,448
112,53,60
113,53,790
114,53,434
115,53,450
116,53,62
117,53,44
118,53,101
119,53,606
120,53,868
121,53,431
122,53,730
123,53,748
124,53,176
125,53,334
126,53,102
127,53,516
128,53,375
129,53,264
130,53,812
131,53,985
132,53,16
133,53,518
134,53,619
135,53,47
136,53,449
137,53,978
138,53,482
139,53,243
140,53,250
141,53,724
142,53,607
143,53,114
144,53,173
145,53,723
146,53,852
147,53,242
148,53,190
149,53,96
150,53,955
151,53,550
152,53,534
153,53,319
154,53,75
155,53,695
156,53,11
157,53,952
158,53,635
159,53,785
160,53,104
161,53,504
162,53,120
163,53,98
164,53,433
165,53,35
166,53,277
167,53,838
168,53,961
169,53,531
170,53,462
171,53,473
172,53,298
173,53,165
174,53,865
175,53,854
176,53,115
177,53,663
178,53,878
179,53,326
180,53,1003
181,53,921
182,53,809
183,53,988
184,53,261
185,53,597
186,53,843
187,53,20
188,53,256
189,53,743
190,53,437
191,53,525
192,53,237
193,53,970
194,53,580
195,53,938
196,53,490
197,53,957
198,53,313
199,53,309
200,53,410
201,53,981
202,53,980
203,53,962
204,53,80
205,53,350
206,53,709
207,53,201
208,53,571
209,53,914
210,53,218
211,53,667
212,53,960
213,53,135
214,53,179
215,53,130
216,53,916
217,53,772
218,53,566
219,53,929
220,53,953
221,53,77
222,53,156
223,53,753
224,53,787
225,53,610
226,53,972
227,53,1020
228,53,171
229,53,908
230,53,251
231,53,27
232,53,36
233,53,184
234,53,857
235,53,219
236,53,29
237,53,157
238,53,996
239,53,421
240,53,205
241,53,494
242,53,58
243,53,794
244,53,532
245,53,989
246,53,777
247,53,394
248,53,112
249,53,318
250,53,373
251,53,1014
252,53,700
253,53,88
254,53,116
255,53,160
256,53,345
257,53,944
258,53,5
259,53,965
260,53,34
261,53,646
262,53,763
263,53,509
264,53,827
265,53,429
266,53,127
267,53,235
268,53,9
269,53,627
270,53,390
271,53,555
272,53,382
273,53,223
274,53,549
275,53,214
276,53,226
277,53,481
278,53,503
279,53,797
280,53,951
281,53,294
282,53,216
283,53,869
284,53,161
285,53,204
286,53,930
287,53,697
288,53,842
289,53,515
290,53,149
291,53,202
292,53,656
293,53,140
294,53,541
295,53,630
296,53,393
297,53,535
298,53,241
299,53,93
300,53,454
301,53,739
302,53,41
303,53,662
304,53,511
305,53,12
306,53,821
307,53,386
308,53,379
309,53,420
310,53,725
311,53,527
312,53,315
313,53,333
314,53,837
315,53,813
316,53,119
317,53,392
318,53,668
319,53,728
320,53,959
321,53,632
322,53,992
323,53,496
324,53,8
325,53,197
326,53,317
327,53,658
328,53,132
329,53,924
330,53,110
331,53,285
332,53,894
333,53,689
334,53,792
335,53,369
336,53,228
337,53,236
338,53,70
339,53,701
340,53,947
341,53,699
342,53,464
343,53,39
344,53,54
345,53,1005
346,53,856
347,53,31
348,53,737
349,53,976
350,53,570
351,53,51
352,53,912
353,53,325
354,53,442
355,53,707
356,53,991
357,53,799
358,53,552
359,53,499
360,53,453
361,53,460
362,53,1012
363,53,147
364,53,1018
365,53,893
366,53,864
367,53,85
368,53,681
369,53,164
370,53,162
371,53,922
372,53,106
373,53,451
374,53,45
375,53,826
376,53,751
377,53,544
378,53,849
379,53,834
380,53,559
381,53,355
382,53,673
383,53,664
384,53,682
385,53,305
386,53,568
387,53,828
388,53,892
389,53,776
390,53,343
391,53,895
392,53,982
393,53,875
394,53,862
395,53,286
396,53,43
397,53,523
398,53,349
399,53,245
0,54,301
1,54,150
2,54,30
3,54,683
4,54,443
5,54,954
6,54,1006
7,54,669
8,54,311
9,54,463
10,54,557
11,54,105
12,54,187
13,54,786
14,54,698
15,54,618
16,54,784
17,54,1008
18,54,520
19,54,185
20,54,710
21,54,0
22,54,554
23,54,230
24,54,713
25,54,246
26,54,155
27,54,287
28,54,901
29,54,142
30,54,304
31,54,492
32,54,1013
33,54,48
34,54,643
35,54,149
36,54,440
37,54,380
38,54,906
39,54,717
40,54,997
41,54,603
42,54,665
43,54,107
44,54,67
45,54,867
46,54,911
47,54,97
48,54,540
49,54,767
50,54,524
51,54,915
52,54,783
53,54,487
54,54,933
55,54,1002
56,54,537
57,54,266
58,54,474
59,54,362
60,54,839
61,54,476
62,54,887
63,54,847
64,54,775
65,54,521
66,54,584
67,54,877
68,54,432
69,54,749
70,54,650
71,54,363
72,54,649
73,54,1010
74,54,215
75,54,506
76,54,616
77,54,297
78,54,484
79,54,779
80,54,891
81,54,755
82,54,356
83,54,99
84,54,283
85,54,538
86,54,951
87,54,186
88,54,966
89,54,686
90,54,973
91,54,170
92,54,814
93,54,220
94,54,890
95,54,888
96,54,252
97,54,883
98,54,435
99,54,617
100,54,924
101,54,770
102,54,560
103,54,652
104,54,539
105,54,614
106,54,137
107,54,267
108,54,239
109,54,654
110,54,81
111,54,449
112,54,60
113,54,790
114,54,434
115,54,450
116,54,62
117,54,44
118,54,101
119,54,606
120,54,868
121,54,431
122,54,730
123,54,748
124,54,176
125,54,334
126,54,102
127,54,516
128,54,375
129,54,264
130,54,812
131,54,985
132,54,16
133,54,518
134,54,619
135,54,47
136,54,417
137,54,978
138,54,482
139,54,243
140,54,250
141,54,724
142,54,607
143,54,114
144,54,173
145,54,723
146,54,852
147,54,242
148,54,190
149,54,96
150,54,955
151,54,550
152,54,534
153,54,319
154,54,75
155,54,695
156,54,11
157,54,952
158,54,635
159,54,785
160,54,104
161,54,504
162,54,120
163,54,98
164,54,433
165,54,35
166,54,277
167,54,838
168,54,961
169,54,531
170,54,462
171,54,473
172,54,298
173,54,165
174,54,865
175,54,854
176,54,115
177,54,663
178,54,878
179,54,326
180,54,1003
181,54,921
182,54,809
183,54,988
184,54,261
185,54,597
186,54,843
187,54,20
188,54,256
189,54,743
190,54,437
191,54,525
192,54,237
193,54,970
194,54,580
195,54,938
196,54,490
197,54,957
198,54,313
199,54,309
200,54,410
201,54,981
202,54,980
203,54,962
204,54,80
205,54,382
206,54,709
207,54,201
208,54,571
209,54,914
210,54,218
211,54,667
212,54,960
213,54,135
214,54,179
215,54,129
216,54,916
217,54,772
218,54,566
219,54,929
220,54,953
221,54,77
222,54,156
223,54,753
224,54,787
225,54,610
226,54,972
227,54,1020
228,54,171
229,54,908
230,54,251
231,54,27
232,54,36
233,54,184
234,54,857
235,54,219
236,54,29
237,54,157
238,54,996
239,54,421
240,54,205
241,54,494
242,54,58
243,54,794
244,54,532
245,54,989
246,54,777
247,54,393
248,54,112
249,54,318
250,54,373
251,54,982
252,54,700
253,54,88
254,54,148
255,54,160
256,54,345
257,54,944
258,54,5
259,54,965
260,54,34
261,54,646
262,54,763
263,54,509
264,54,827
265,54,429
266,54,127
267,54,235
268,54,9
269,54,627
270,54,390
271,54,555
272,54,381
273,54,223
274,54,549
275,54,214
276,54,226
277,54,513
278,54,503
279,54,797
280,54,919
281,54,294
282,54,216
283,54,869
284,54,193
285,54,204
286,54,930
287,54,697
288,54,842
289,54,515
290,54,181
291,54,202
292,54,656
293,54,140
294,54,541
295,54,630
296,54,392
297,54,535
298,54,241
299,54,93
300,54,454
301,54,739
302,54,41
303,54,662
304,54,511
305,54,12
306,54,821
307,54,386
308,54,379
309,54,420
310,54,725
311,54,527
312,54,315
313,54,333
314,54,837
315,54,813
316,54,119
317,54,424
318,54,668
319,54,728
320,54,959
321,54,632
322,54,992
323,54,496
324,54,8
325,54,197
326,54,349
327,54,658
328,54,132
329,54,925
330,54,110
331,54,285
332,54,894
333,54,689
334,54,792
335,54,369
336,54,228
337,54,236
338,54,70
339,54,701
340,54,947
341,54,699
342,54,464
343,54,39
344,54,54
345,54,1005
346,54,856
347,54,31
348,54,737
349,54,976
350,54,570
351,54,51
352,54,912
353,54,325
354,54,442
355,54,707
356,54,991
357,54,799
358,54,552
359,54,499
360,54,453
361,54,460
362,54,1012
363,54,147
364,54,1018
365,54,893
366,54,864
367,54,85
368,54,681
369,54,164
370,54,162
371,54,922
372,54,106
373,54,451
374,54,45
375,54,826
376,54,751
377,54,544
378,54,849
379,54,834
380,54,559
381,54,355
382,54,673
383,54,664
384,54,682
385,54,305
386,54,568
387,54,828
388,54,892
389,54,776
390,54,343
391,54,895
392,54,983
393,54,875
394,54,862
395,54,286
396,54,43
397,54,523
398,54,350
399,54,245
0,55,301
1,55,150
2,55,30
3,55,683
4,55,443
5,55,954
6,55,1006
7,55,669
8,55,311
9,55,463
10,55,557
11,55,105
12,55,187
13,55,786
14,55,698
15,55,618
16,55,784
17,55,1008
18,55,520
19,55,185
20,55,710
21,55,0
22,55,554
23,55,230
24,55,713
25,55,246
26,55,155
27,55,287
28,55,901
29,55,142
30,55,304
31,55,492
32,55,1013
33,55,48
34,55,643
35,55,149
36,55,440
37,55,380
38,55,906
39,55,717
40,55,997
41,55,603
42,55,665
43,55,107
44,55,67
45,55,867
46,55,911
47,55,65
48,55,540
49,55,767
50,55,524
51,55,915
52,55,783
53,55,487
54,55,933
55,55,1002
56,55,537
57,55,266
58,55,474
59,55,362
60,55,839
61,55,476
62,55,855
63,55,847
64,55,775
65,55,521
66,55,584
67,55,877
68,55,432
69,55,749
70,55,650
71,55,363
72,55,649
73,55,1010
74,55,215
75,55,506
76,55,616
77,55,297
78,55,484
79,55,779
80,55,891
81,55,755
82,55,356
83,55,99
84,55,283
85,55,538
86,55,919
87,55,186
88,55,966
89,55,686
90,55,973
91,55,170
92,55,814
93,55,220
94,55,890
95,55,888
96,55,252
97,55,883
98,55,435
99,55,617
100,55,924
101,55,770
102,55,560
103,55,652
104,55,539
105,55,614
106,55,137
107,55,267
108,55,239
109,55,654
110,55,81
111,55,449
112,55,60
113,55,790
114,55,434
115,55,450
116,55,62
117,55,44
118,55,101
119,55,606
120,55,868
121,55,431
122,55,730
123,55,748
124,55,176
125,55,334
126,55,102
127,55,516
128,55,375
129,55,264
130,55,812
131,55,985
132,55,16
133,55,518
134,55,619
135,55,47
136,55,385
137,55,978
138,55,482
139,55,243
140,55,250
141,55,724
142,55,607
143,55,114
144,55,173
145,55,723
146,55,852
147,55,242
148,55,190
149,55,96
150,55,955
151,55,550
152,55,534
153,55,319
154,55,75
155,55,695
156,55,11
157,55,952
158,55,635
159,55,785
160,55,104
161,55,504
162,55,120
163,55,98
164,55,433
165,55,35
166,55,277
167,55,838
168,55,961
169,55,531
170,55,462
171,55,473
172,55,298
173,55,165
174,55,865
175,55,854
176,55,115
177,55,663
178,55,878
179,55,326
180,55,1003
181,55,921
182,55,809
183,55,988
184,55,261
185,55,597
186,55,843
187,55,20
188,55,256
189,55,743
190,55,437
191,55,525
192,55,237
193,55,970
194,55,580
195,55,938
196,55,490
197,55,957
198,55,313
199,55,309
200,55,410
201,55,981
202,55,980
203,55,962
204,55,80
205,55,414
206,55,709
207,55,201
208,55,571
209,55,914
210,55,218
211,55,667
212,55,960
213,55,135
214,55,179
215,55,161
216,55,916
217,55,772
218,55,566
219,55,929
220,55,953
221,55,77
222,55,156
223,55,753
224,55,787
225,55,610
226,55,972
227,55,1020
228,55,171
229,55,908
230,55,251
231,55,27
232,55,36
233,55,184
234,55,857
235,55,219
236,55,29
237,55,157
238,55,996
239,55,421
240,55,205
241,55,494
242,55,58
243,55,794
244,55,532
245,55,989
246,55,777
247,55,393
248,55,112
249,55,318
250,55,373
251,55,982
252,55,700
253,55,88
254,55,148
255,55,160
256,55,345
257,55,944
258,55,5
259,55,965
260,55,34
261,55,646
262,55,763
263,55,509
264,55,827
265,55,429
266,55,127
267,55,235
268,55,9
269,55,627
270,55,390
271,55,555
272,55,349
273,55,223
274,55,549
275,55,214
276,55,226
277,55,545
278,55,503
279,55,797
280,55,887
281,55,294
282,55,216
283,55,869
284,55,193
285,55,204
286,55,930
287,55,697
288,55,842
289,55,515
290,55,213
291,55,202
292,55,656
293,55,140
294,55,541
295,55,630
296,55,392
297,55,535
298,55,241
299,55,93
300,55,454
301,55,739
302,55,41
303,55,662
304,55,511
305,55,12
306,55,821
307,55,386
308,55,379
309,55,420
310,55,725
311,55,527
312,55,315
313,55,333
314,55,837
315,55,813
316,55,119
317,55,424
318,55,668
319,55,728
320,55,959
321,55,632
322,55,992
323,55,496
324,55,8
325,55,197
326,55,350
327,55,658
328,55,132
329,55,925
330,55,110
331,55,285
332,55,894
333,55,689
334,55,792
335,55,369
336,55,228
337,55,236
338,55,70
339,55,701
340,55,947
341,55,699
342,55,464
343,55,39
344,55,54
345,55,1005
346,55,856
347,55,31
348,55,737
349,55,976
350,55,570
351,55,51
352,55,912
353,55,325
354,55,442
355,55,707
356,55,991
357,55,799
358,55,552
359,55,499
360,55,453
361,55,460
362,55,1012
363,55,147
364,55,1018
365,55,893
366,55,864
367,55,85
368,55,681
369,55,164
370,55,162
371,55,922
372,55,106
373,55,451
374,55,45
375,55,826
376,55,751
377,55,544
378,55,849
379,55,834
380,55,559
381,55,355
382,55,673
383,55,664
384,55,682
385,55,305
386,55,568
387,55,828
388,55,892
389,55,776
390,55,343
391,55,895
392,55,951
393,55,875
394,55,862
395,55,286
396,55,43
397,55,523
398,55,382
399,55,245
0,56,301
1,56,150
2,56,30
3,56,683
4,56,443
5,56,954
6,56,1006
7,56,669
8,56,311
9,56,463
10,56,557
11,56,105
12,56,187
13,56,786
14,56,698
15,56,618
16,56,784
17,56,1008
18,56,520
19,56,185
20,56,710
21,56,0
22,56,554
23,56,230
24,56,713
25,56,246
26,56,155
27,56,287
28,56,901
29,56,142
30,56,304
31,56,492
32,56,1013
33,56,48
34,56,643
35,56,149
36,56,440
37,56,380
38,56,906
39,56,717
40,56,997
41,56,603
42,56,665
43,56,107
44,56,67
45,56,867
46,56,911
47,56,33
48,56,540
49,56,767
50,56,524
51,56,915
52,56,783
53,56,487
54,56,933
55,56,1002
56,56,537
57,56,266
58,56,474
59,56,362
60,56,839
61,56,476
62,56,887
63,56,847
64,56,775
65,56,521
66,56,584
67,56,877
68,56,432
69,56,749
70,56,650
71,56,363
72,56,649
73,56,1010
74,56,215
75,56,506
76,56,616
77,56,297
78,56,484
79,56,779
80,56,891
81,56,755
82,56,356
83,56,99
84,56,283
85,56,538
86,56,951
87,56,186
88,56,966
89,56,686
90,56,973
91,56,170
92,56,814
93,56,220
94,56,858
95,56,888
96,56,252
97,56,883
98,56,435
99,56,617
100,56,924
101,56,770
102,56,560
103,56,652
104,56,539
105,56,614
106,56,137
107,56,267
108,56,239
109,56,654
110,56,81
111,56,449
112,56,60
113,56,790
114,56,434
115,56,450
116,56,62
117,56,44
118,56,101
119,56,606
120,56,868
121,56,431
122,56,730
123,56,748
124,56,176
125,56,334
126,56,102
127,56,516
128,56,375
129,56,264
130,56,812
131,56,985
132,56,16
133,56,518
134,56,619
135,56,47
136,56,353
137,56,978
138,56,482
139,56,243
140,56,250
141,56,724
142,56,607
143,56,114
144,56,173
145,56,723
146,56,852
147,56,242
148,56,190
149,56,96
150,56,955
151,56,550
152,56,534
153,56,319
154,56,75
155,56,695
156,56,11
157,56,953
158,56,635
159,56,785
160,56,104
161,56,504
162,56,120
163,56,98
164,56,433
165,56,35
166,56,277
167,56,838
168,56,961
169,56,531
170,56,462
171,56,473
172,56,298
173,56,165
174,56,865
175,56,854
176,56,115
177,56,663
178,56,878
179,56,326
180,56,1003
181,56,922
182,56,809
183,56,988
184,56,261
185,56,597
186,56,843
187,56,20
188,56,256
189,56,743
190,56,437
191,56,525
192,56,237
193,56,970
194,56,580
195,56,938
196,56,490
197,56,957
198,56,313
199,56,309
200,56,410
201,56,981
202,56,980
203,56,962
204,56,80
205,56,414
206,56,709
207,56,201
208,56,571
209,56,914
210,56,218
211,56,667
212,56,960
213,56,135
214,56,179
215,56,161
216,56,916
217,56,772
218,56,566
219,56,929
220,56,921
221,56,77
222,56,156
223,56,753
224,56,787
225,56,610
226,56,972
227,56,1020
228,56,171
229,56,908
230,56,251
231,56,27
232,56,36
233,56,184
234,56,857
235,56,219
236,56,29
237,56,157
238,56,996
239,56,421
240,56,205
241,56,494
242,56,58
243,56,794
244,56,532
245,56,989
246,56,777
247,56,393
248,56,112
249,56,318
250,56,373
251,56,982
252,56,700
253,56,88
254,56,148
255,56,160
256,56,345
257,56,944
258,56,5
259,56,965
260,56,34
261,56,646
262,56,763
263,56,509
264,56,827
265,56,429
266,56,127
267,56,235
268,56,9
269,56,627
270,56,390
271,56,555
272,56,350
273,56,223
274,56,549
275,56,214
276,56,226
277,56,545
278,56,503
279,56,797
280,56,919
281,56,294
282,56,216
283,56,869
284,56,193
285,56,204
286,56,930
287,56,697
288,56,842
289,56,515
290,56,213
291,56,202
292,56,656
293,56,140
294,56,541
295,56,630
296,56,392
297,56,535
298,56,241
299,56,93
300,56,454
301,56,739
302,56,41
303,56,662
304,56,511
305,56,12
306,56,821
307,56,386
308,56,379
309,56,420
310,56,725
311,56,527
312,56,315
313,56,333
314,56,837
315,56,813
316,56,119
317,56,424
318,56,668
319,56,728
320,56,959
321,56,632
322,56,992
323,56,496
324,56,8
325,56,197
326,56,382
327,56,658
328,56,132
329,56,925
330,56,110
331,56,285
332,56,894
333,56,689
334,56,792
335,56,369
336,56,228
337,56,236
338,56,70
339,56,701
340,56,947
341,56,699
342,56,464
343,56,39
344,56,54
345,56,1005
346,56,856
347,56,31
348,56,737
349,56,976
350,56,570
351,56,51
352,56,912
353,56,325
354,56,442
355,56,707
356,56,991
357,56,799
358,56,552
359,56,499
360,56,453
361,56,460
362,56,1012
363,56,147
364,56,1018
365,56,893
366,56,864
367,56,85
368,56,681
369,56,164
370,56,162
371,56,890
372,56,106
373,56,451
374,56,45
375,56,826
376,56,751
377,56,544
378,56,849
379,56,834
380,56,559
381,56,355
382,56,673
383,56,664
384,56,682
385,56,305
386,56,568
387,56,828
388,56,892
389,56,776
390,56,343
391,56,895
392,56,952
393,56,875
394,56,862
395,56,286
396,56,43
397,56,523
398,56,381
399,56,245
0,57,301
1,57,150
2,57,30
3,57,683
4,57,443
5,57,954
6,57,1006
7,57,669
8,57,311
9,57,463
10,57,557
11,57,105
12,57,187
13,57,786
14,57,698
15,57,618
16,57,784
17,57,1008
18,57,520
19,57,185
20,57,710
21,57,0
22,57,554
23,57,230
24,57,713
25,57,246
26,57,155
27,57,287
28,57,901
29,57,142
30,57,304
31,57,492
32,57,1013
33,57,48
34,57,643
35,57,149
36,57,440
37,57,380
38,57,906
39,57,717
40,57,997
41,57,603
42,57,665
43,57,107
44,57,67
45,57,867
46,57,911
47,57,1
48,57,540
49,57,767
50,57,524
51,57,915
52,57,783
53,57,487
54,57,933
55,57,1002
56,57,537
57,57,266
58,57,474
59,57,362
60,57,839
61,57,476
62,57,919
63,57,847
64,57,775
65,57,521
66,57,584
67,57,877
68,57,432
69,57,749
70,57,650
71,57,363
72,57,649
73,57,1010
74,57,215
75,57,506
76,57,616
77,57,297
78,57,484
79,57,779
80,57,891
81,57,755
82,57,356
83,57,99
84,57,283
85,57,538
86,57,983
87,57,186
88,57,966
89,57,686
90,57,973
91,57,170
92,57,814
93,57,220
94,57,890
95,57,887
96,57,252
97,57,883
98,57,435
99,57,617
100,57,924
101,57,770
102,57,560
103,57,652
104,57,539
105,57,614
106,57,137
107,57,267
108,57,239
109,57,654
110,57,81
111,57,449
112,57,60
113,57,790
114,57,434
115,57,450
116,57,62
117,57,44
118,57,101
119,57,606
120,57,868
121,57,431
122,57,730
123,57,748
124,57,176
125,57,334
126,57,102
127,57,516
128,57,375
129,57,264
130,57,812
131,57,985
132,57,16
133,57,518
134,57,619
135,57,47
136,57,321
137,57,978
138,57,482
139,57,243
140,57,250
141,57,724
142,57,607
143,57,114
144,57,173
145,57,723
146,57,852
147,57,242
148,57,190
149,57,96
150,57,955
151,57,550
152,57,534
153,57,319
154,57,75
155,57,695
156,57,11
157,57,952
158,57,635
159,57,785
160,57,104
161,57,504
162,57,120
163,57,98
164,57,433
165,57,35
166,57,277
167,57,838
168,57,961
169,57,531
170,57,462
171,57,473
172,57,298
173,57,165
174,57,865
175,57,854
176,57,115
177,57,663
178,57,878
179,57,326
180,57,1003
181,57,921
182,57,809
183,57,988
184,57,261
185,57,597
186,57,843
187,57,20
188,57,256
189,57,743
190,57,437
191,57,525
192,57,237
193,57,970
194,57,580
195,57,938
196,57,490
197,57,957
198,57,313
199,57,309
200,57,410
201,57,981
202,57,980
203,57,962
204,57,80
205,57,414
206,57,709
207,57,201
208,57,571
209,57,914
210,57,218
211,57,667
212,57,960
213,57,135
214,57,179
215,57,161
216,57,916
217,57,772
218,57,566
219,57,929
220,57,953
221,57,77
222,57,156
223,57,753
224,57,787
225,57,610
226,57,972
227,57,1020
228,57,171
229,57,908
230,57,251
231,57,27
232,57,36
233,57,184
234,57,857
235,57,219
236,57,29
237,57,157
238,57,996
239,57,421
240,57,205
241,57,494
242,57,58
243,57,794
244,57,532
245,57,989
246,57,777
247,57,393
248,57,112
249,57,318
250,57,373
251,57,982
252,57,700
253,57,88
254,57,148
255,57,160
256,57,345
257,57,944
258,57,5
259,57,965
260,57,34
261,57,646
262,57,763
263,57,509
264,57,827
265,57,429
266,57,127
267,57,235
268,57,9
269,57,627
270,57,390
271,57,555
272,57,350
273,57,223
274,57,549
275,57,214
276,57,226
277,57,545
278,57,503
279,57,797
280,57,951
281,57,294
282,57,216
283,57,869
284,57,193
285,57,204
286,57,930
287,57,697
288,57,842
289,57,515
290,57,213
291,57,202
292,57,656
293,57,140
294,57,541
295,57,630
296,57,392
297,57,535
298,57,241
299,57,93
300,57,454
301,57,739
302,57,41
303,57,662
304,57,511
305,57,12
306,57,821
307,57,386
308,57,379
309,57,420
310,57,725
311,57,527
312,57,315
313,57,333
314,57,837
315,57,813
316,57,119
317,57,424
318,57,668
319,57,728
320,57,959
321,57,632
322,57,992
323,57,496
324,57,8
325,57,197
326,57,381
327,57,658
328,57,132
329,57,925
330,57,110
331,57,285
332,57,894
333,57,689
334,57,792
335,57,369
336,57,228
337,57,236
338,57,70
339,57,701
340,57,947
341,57,699
342,57,464
343,57,39
344,57,54
345,57,1005
346,57,856
347,57,31
348,57,737
349,57,976
350,57,570
351,57,51
352,57,912
353,57,325
354,57,442
355,57,707
356,57,991
357,57,799
358,57,552
359,57,499
360,57,453
361,57,460
362,57,1012
363,57,147
364,57,1018
365,57,893
366,57,864
367,57,85
368,57,681
369,57,164
370,57,162
371,57,922
372,57,106
373,57,451
374,57,45
375,57,826
376,57,751
377,57,544
378,57,849
379,57,834
380,57,559
381,57,355
382,57,673
383,57,664
384,57,682
385,57,305
386,57,568
387,57,828
388,57,892
389,57,776
390,57,343
391,57,895
392,57,920
393,57,875
394,57,862
395,57,286
396,57,43
397,57,523
398,57,349
399,57,245
0,58,301
1,58,150
2,58,30
3,58,683
4,58,443
5,58,954
6,58,1006
7,58,669
8,58,311
9,58,463
10,58,557
11,58,105
12,58,187
13,58,786
14,58,698
15,58,618
16,58,784
17,58,1008
18,58,520
19,58,185
20,58,710
21,58,0
22,58,554
23,58,230
24,58,713
25,58,246
26,58,155
27,58,287
28,58,901
29,58,142
30,58,304
31,58,492
32,58,1013
33,58,48
34,58,643
35,58,149
36,58,440
37,58,380
38,58,906
39,58,717
40,58,997
41,58,603
42,58,665
43,58,107
44,58,67
45,58,867
46,58,911
47,58,2
48,58,540
49,58,767
50,58,524
51,58,915
52,58,783
53,58,487
54,58,933
55,58,1002
56,58,537
57,58,266
58,58,474
59,58,362
60,58,839
61,58,476
62,58,919
63,58,847
64,58,775
65,58,521
66,58,584
67,58,877
68,58,432
69,58,749
70,58,650
71,58,363
72,58,649
73,58,1010
74,58,215
75,58,506
76,58,616
77,58,297
78,58,484
79,58,779
80,58,891
81,58,755
82,58,356
83,58,99
84,58,283
85,58,538
86,58,983
87,58,186
88,58,966
89,58,686
90,58,973
91,58,170
92,58,814
93,58,220
94,58,890
95,58,887
96,58,252
97,58,883
98,58,435
99,58,617
100,58,924
101,58,770
102,58,560
103,58,652
104,58,539
105,58,614
106,58,137
107,58,267
108,58,239
109,58,654
110,58,81
111,58,449
112,58,60
113,58,790
114,58,434
115,58,450
116,58,62
117,58,44
118,58,101
119,58,606
120,58,868
121,58,431
122,58,730
123,58,748
124,58,176
125,58,334
126,58,102
127,58,516
128,58,375
129,58,264
130,58,812
131,58,985
132,58,16
133,58,518
134,58,619
135,58,47
136,58,289
137,58,978
138,58,482
139,58,243
140,58,250
141,58,724
142,58,607
143,58,114
144,58,173
145,58,723
146,58,852
147,58,242
148,58,190
149,58,96
150,58,955
151,58,550
152,58,534
153,58,319
154,58,75
155,58,695
156,58,11
157,58,952
158,58,635
159,58,785
160,58,104
161,58,504
162,58,120
163,58,98
164,58,433
165,58,35
166,58,277
167,58,838
168,58,961
169,58,531
170,58,462
171,58,473
172,58,298
173,58,165
174,58,865
175,58,854
176,58,115
177,58,663
178,58,878
179,58,326
180,58,1003
181,58,921
182,58,809
183,58,988
184,58,261
185,58,597
186,58,843
187,58,20
188,58,256
189,58,743
190,58,437
191,58,525
192,58,237
193,58,970
194,58,580
195,58,938
196,58,490
197,58,957
198,58,313
199,58,309
200,58,410
201,58,981
202,58,980
203,58,962
204,58,80
205,58,414
206,58,709
207,58,201
208,58,571
209,58,914
210,58,218
211,58,667
212,58,960
213,58,135
214,58,179
215,58,161
216,58,916
217,58,772
218,58,566
219,58,929
220,58,953
221,58,77
222,58,156
223,58,753
224,58,787
225,58,610
226,58,972
227,58,1020
228,58,171
229,58,908
230,58,251
231,58,27
232,58,36
233,58,184
234,58,857
235,58,219
236,58,29
237,58,157
238,58,996
239,58,421
240,58,205
241,58,494
242,58,58
243,58,794
244,58,532
245,58,989
246,58,777
247,58,393
248,58,112
249,58,318
250,58,373
251,58,982
252,58,700
253,58,88
254,58,148
255,58,160
256,58,345
257,58,944
258,58,5
259,58,965
260,58,34
261,58,646
262,58,763
263,58,509
264,58,827
265,58,429
266,58,127
267,58,235
268,58,9
269,58,627
270,58,390
271,58,555
272,58,350
273,58,223
274,58,549
275,58,214
276,58,226
277,58,545
278,58,503
279,58,797
280,58,951
281,58,294
282,58,216
283,58,869
284,58,193
285,58,204
286,58,930
287,58,697
288,58,842
289,58,515
290,58,213
291,58,202
292,58,656
293,58,140
294,58,541
295,58,630
296,58,392
297,58,535
298,58,241
299,58,93
300,58,454
301,58,739
302,58,41
303,58,662
304,58,511
305,58,12
306,58,821
307,58,386
308,58,379
309,58,420
310,58,725
311,58,527
312,58,315
313,58,333
314,58,837
315,58,813
316,58,119
317,58,424
318,58,668
319,58,728
320,58,959
321,58,632
322,58,992
323,58,496
324,58,8
325,58,197
326,58,381
327,58,658
328,58,132
329,58,925
330,58,110
331,58,285
332,58,894
333,58,689
334,58,792
335,58,369
336,58,228
337,58,236
338,58,70
339,58,701
340,58,947
341,58,699
342,58,464
343,58,39
344,58,54
345,58,1005
346,58,856
347,58,31
348,58,737
349,58,976
350,58,570
351,58,51
352,58,912
353,58,325
354,58,442
355,58,707
356,58,991
357,58,799
358,58,552
359,58,499
360,58,453
361,58,460
362,58,1012
363,58,147
364,58,1018
365,58,893
366,58,864
367,58,85
368,58,681
369,58,164
370,58,162
371,58,922
372,58,106
373,58,451
374,58,45
375,58,826
376,58,751
377,58,544
378,58,849
379,58,834
380,58,559
381,58,355
382,58,673
383,58,664
384,58,682
385,58,305
386,58,568
387,58,828
388,58,892
389,58,776
390,58,343
391,58,895
392,58,920
393,58,875
394,58,862
395,58,286
396,58,43
397,58,523
398,58,349
399,58,245
0,59,301
1,59,150
2,59,30
3,59,683
4,59,443
5,59,954
6,59,1006
7,59,669
8,59,311
9,59,463
10,59,557
11,59,105
12,59,187
13,59,786
14,59,698
15,59,618
16,59,784
17,59,1008
18,59,520
19,59,185
20,59,710
21,59,0
22,59,554
23,59,230
24,59,713
25,59,246
26,59,155
27,59,287
28,59,901
29,59,142
30,59,304
31,59,492
32,59,1013
33,59,48
34,59,643
35,59,149
36,59,440
37,59,380
38,59,906
39,59,717
40,59,997
41,59,603
42,59,665
43,59,107
44,59,67
45,59,867
46,59,911
47,59,3
48,59,540
49,59,767
50,59,524
51,59,915
52,59,783
53,59,487
54,59,933
55,59,1002
56,59,537
57,59,266
58,59,474
59,59,362
60,59,839
61,59,476
62,59,919
63,59,847
64,59,775
65,59,521
66,59,584
67,59,877
68,59,432
69,59,749
70,59,650
71,59,363
72,59,649
73,59,1010
74,59,215
75,59,506
76,59,616
77,59,297
78,59,484
79,59,779
80,59,891
81,59,755
82,59,356
83,59,99
84,59,283
85,59,538
86,59,983
87,59,186
88,59,966
89,59,686
90,59,973
91,59,170
92,59,814
93,59,220
94,59,890
95,59,887
96,59,252
97,59,883
98,59,435
99,59,617
100,59,924
101,59,770
102,59,560
103,59,652
104,59,539
105,59,614
106,59,137
107,59,267
108,59,239
109,59,654
110,59,81
111,59,449
112,59,60
113,59,790
114,59,434
115,59,450
116,59,62
117,59,44
118,59,101
119,59,606
120,59,868
121,59,431
122,59,730
123,59,748
124,59,176
125,59,334
126,59,102
127,59,516
128,59,375
129,59,264
130,59,812
131,59,985
132,59,16
133,59,518
134,59,619
135,59,47
136,59,288
137,59,978
138,59,482
139,59,243
140,59,250
141,59,724
142,59,607
143,59,114
144,59,173
145,59,723
146,59,852
147,59,242
148,59,190
149,59,96
150,59,955
151,59,550
152,59,534
153,59,319
154,59,75
155,59,695
156,59,11
157,59,952
158,59,635
159,59,785
160,59,104
161,59,504
162,59,120
163,59,98
164,59,433
165,59,35
166,59,277
167,59,838
168,59,961
169,59,531
170,59,462
171,59,473
172,59,298
173,59,165
174,59,865
175,59,854
176,59,115
177,59,663
178,59,878
179,59,326
180,59,1003
181,59,921
182,59,809
183,59,988
184,59,261
185,59,597
186,59,843
187,59,20
188,59,256
189,59,743
190,59,437
191,59,525
192,59,237
193,59,970
194,59,580
195,59,938
196,59,490
197,59,957
198,59,313
199,59,309
200,59,410
201,59,981
202,59,980
203,59,962
204,59,80
205,59,414
206,59,709
207,59,201
208,59,571
209,59,914
210,59,218
211,59,667
212,59,960
213,59,135
214,59,179
215,59,161
216,59,916
217,59,772
218,59,566
219,59,929
220,59,953
221,59,77
222,59,156
223,59,753
224,59,787
225,59,610
226,59,972
227,59,1020
228,59,171
229,59,908
230,59,251
231,59,27
232,59,36
233,59,184
234,59,857
235,59,219
236,59,29
237,59,157
238,59,996
239,59,421
240,59,205
241,59,494
242,59,58
243,59,794
244,59,532
245,59,989
246,59,777
247,59,393
248,59,112
249,59,318
250,59,373
251,59,982
252,59,700
253,59,88
254,59,148
255,59,160
256,59,345
257,59,944
258,59,5
259,59,965
260,59,34
261,59,646
262,59,763
263,59,509
264,59,827
265,59,429
266,59,127
267,59,235
268,59,9
269,59,627
270,59,390
271,59,555
272,59,350
273,59,223
274,59,549
275,59,214
276,59,226
277,59,545
278,59,503
279,59,797
280,59,951
281,59,294
282,59,216
283,59,869
284,59,193
285,59,204
286,59,930
287,59,697
288,59,842
289,59,515
290,59,213
291,59,202
292,59,656
293,59,140
294,59,541
295,59,630
296,59,392
297,59,535
298,59,241
299,59,93
300,59,454
301,59,739
302,59,41
303,59,662
304,59,511
305,59,12
306,59,821
307,59,386
308,59,379
309,59,420
310,59,725
311,59,527
312,59,315
313,59,333
314,59,837
315,59,813
316,59,119
317,59,424
318,59,668
319,59,728
320,59,959
321,59,632
322,59,992
323,59,496
324,59,8
325,59,197
326,59,381
327,59,658
328,59,132
329,59,925
330,59,110
331,59,285
332,59,894
333,59,689
334,59,792
335,59,369
336,59,228
337,59,236
338,59,70
339,59,701
340,59,947
341,59,699
342,59,464
343,59,39
344,59,54
345,59,1005
346,59,856
347,59,31
348,59,737
349,59,976
350,59,570
351,59,51
352,59,912
353,59,325
354,59,442
355,59,707
356,59,991
357,59,799
358,59,552
359,59,499
360,59,453
361,59,460
362,59,1012
363,59,147
364,59,1018
365,59,893
366,59,864
367,59,85
368,59,681
369,59,164
370,59,162
371,59,922
372,59,106
373,59,451
374,59,45
375,59,826
376,59,751
377,59,544
378,59,849
379,59,834
380,59,559
381,59,355
382,59,673
383,59,664
384,59,682
385,59,305
386,59,568
387,59,828
388,59,892
389,59,776
390,59,343
391,59,895
392,59,920
393,59,875
394,59,862
395,59,286
396,59,43
397,59,523
398,59,349
399,59,245
0,60,301
1,60,150
2,60,30
3,60,683
4,60,443
5,60,954
6,60,1006
7,60,669
8,60,311
9,60,463
10,60,557
11,60,105
12,60,187
13,60,786
14,60,698
15,60,618
16,60,784
17,60,1008
18,60,520
19,60,185
20,60,710
21,60,0
22,60,554
23,60,230
24,60,713
25,60,246
26,60,155
27,60,287
28,60,901
29,60,142
30,60,304
31,60,492
32,60,1013
33,60,48
34,60,643
35,60,149
36,60,440
37,60,380
38,60,906
39,60,717
40,60,997
41,60,603
42,60,665
43,60,107
44,60,67
45,60,867
46,60,911
47,60,4
48,60,540
49,60,767
50,60,524
51,60,915
52,60,783
53,60,487
54,60,933
55,60,1002
56,60,537
57,60,266
58,60,474
59,60,362
60,60,839
61,60,476
62,60,919
63,60,847
64,60,775
65,60,521
66,60,584
67,60,877
68,60,432
69,60,749
70,60,650
71,60,363
72,60,649
73,60,1010
74,60,215
75,60,506
76,60,616
77,60,297
78,60,484
79,60,779
80,60,891
81,60,755
82,60,356
83,60,99
84,60,283
85,60,538
86,60,983
87,60,186
88,60,966
89,60,686
90,60,973
91,60,170
92,60,814
93,60,220
94,60,890
95,60,887
96,60,252
97,60,883
98,60,435
99,60,617
100,60,924
101,60,770
102,60,560
103,60,652
104,60,539
105,60,614
106,60,137
107,60,267
108,60,239
109,60,654
110,60,81
111,60,449
112,60,60
113,60,790
114,60,434
115,60,450
116,60,62
117,60,44
118,60,101
119,60,606
120,60,868
121,60,431
122,60,730
123,60,748
124,60,176
125,60,334
126,60,102
127,60,516
128,60,375
129,60,264
130,60,812
131,60,985
132,60,16
133,60,518
134,60,619
135,60,47
136,60,256
137,60,978
138,60,482
139,60,243
140,60,250
141,60,724
142,60,607
143,60,114
144,60,173
145,60,723
146,60,852
147,60,242
148,60,190
149,60,96
150,60,955
151,60,550
152,60,534
153,60,319
154,60,75
155,60,695
156,60,11
157,60,952
158,60,635
159,60,785
160,60,104
161,60,504
162,60,120
163,60,98
164,60,433
165,60,35
166,60,277
167,60,838
168,60,961
169,60,531
170,60,462
171,60,473
172,60,298
173,60,165
174,60,865
175,60,854
176,60,115
177,60,663
178,60,878
179,60,326
180,60,1003
181,60,921
182,60,809
183,60,988
184,60,261
185,60,597
186,60,843
187,60,20
188,60,224
189,60,743
190,60,437
191,60,525
192,60,237
193,60,970
194,60,580
195,60,938
196,60,490
197,60,957
198,60,313
199,60,309
200,60,410
201,60,981
202,60,980
203,60,962
204,60,80
205,60,414
206,60,709
207,60,201
208,60,571
209,60,914
210,60,218
211,60,667
212,60,960
213,60,135
214,60,179
215,60,161
216,60,916
217,60,772
218,60,566
219,60,929
220,60,953
221,60,77
222,60,156
223,60,753
224,60,787
225,60,610
226,60,972
227,60,1020
228,60,171
229,60,908
230,60,251
231,60,27
232,60,36
233,60,184
234,60,857
235,60,219
236,60,29
237,60,157
238,60,996
239,60,421
240,60,205
241,60,494
242,60,58
243,60,794
244,60,532
245,60,989
246,60,777
247,60,393
248,60,112
249,60,318
250,60,373
251,60,982
252,60,700
253,60,88
254,60,148
255,60,160
256,60,345
257,60,944
258,60,5
259,60,965
260,60,34
261,60,646
262,60,763
263,60,509
264,60,827
265,60,429
266,60,127
267,60,235
268,60,9
269,60,627
270,60,390
271,60,555
272,60,350
273,60,223
274,60,549
275,60,214
276,60,226
277,60,545
278,60,503
279,60,797
280,60,951
281,60,294
282,60,216
283,60,869
284,60,193
285,60,204
286,60,930
287,60,697
288,60,842
289,60,515
290,60,213
291,60,202
292,60,656
293,60,140
294,60,541
295,60,630
296,60,392
297,60,535
298,60,241
299,60,93
300,60,454
301,60,739
302,60,41
303,60,662
304,60,511
305,60,12
306,60,821
307,60,386
308,60,379
309,60,420
310,60,725
311,60,527
312,60,315
313,60,333
314,60,837
315,60,813
316,60,119
317,60,424
318,60,668
319,60,728
320,60,959
321,60,632
322,60,992
323,60,496
324,60,8
325,60,197
326,60,381
327,60,658
328,60,132
329,60,925
330,60,110
331,60,285
332,60,894
333,60,689
334,60,792
335,60,369
336,60,228
337,60,236
338,60,70
339,60,701
340,60,947
341,60,699
342,60,464
343,60,39
344,60,54
345,60,1005
346,60,856
347,60,31
348,60,737
349,60,976
350,60,570
351,60,51
352,60,912
353,60,325
354,60,442
355,60,707
356,60,991
357,60,799
358,60,552
359,60,499
360,60,453
361,60,460
362,60,1012
363,60,147
364,60,1018
365,60,893
366,60,864
367,60,85
368,60,681
369,60,164
370,60,162
371,60,922
372,60,106
373,60,451
374,60,45
375,60,826
376,60,751
377,60,544
378,60,849
379,60,834
380,60,559
381,60,355
382,60,673
383,60,664
384,60,682
385,60,305
386,60,568
387,60,828
388,60,892
389,60,776
390,60,343
391,60,895
392,60,920
393,60,875
394,60,862
395,60,286
396,60,43
397,60,523
398,60,349
399,60,245
0,61,301
1,61,150
2,61,30
3,61,683
4,61,443
5,61,954
6,61,1006
7,61,669
8,61,311
9,61,463
10,61,557
11,61,105
12,61,187
13,61,786
14,61,698
15,61,618
16,61,784
17,61,1008
18,61,520
19,61,185
20,61,710
21,61,0
22,61,554
23,61,230
24,61,713
25,61,246
26,61,155
27,61,287
28,61,901
29,61,142
30,61,304
31,61,492
32,61,1013
33,61,48
34,61,643
35,61,149
36,61,440
37,61,380
38,61,906
39,61,717
40,61,997
41,61,603
42,61,665
43,61,107
44,61,67
45,61,867
46,61,911
47,61,5
48,61,540
49,61,767
50,61,524
51,61,915
52,61,783
53,61,487
54,61,933
55,61,1002
56,61,537
57,61,266
58,61,474
59,61,362
60,61,839
61,61,476
62,61,919
63,61,847
64,61,775
65,61,521
66,61,584
67,61,877
68,61,432
69,61,749
70,61,650
71,61,363
72,61,649
73,61,1010
74,61,215
75,61,506
76,61,616
77,61,297
78,61,484
79,61,779
80,61,891
81,61,755
82,61,356
83,61,99
84,61,283
85,61,538
86,61,983
87,61,186
88,61,966
89,61,686
90,61,973
91,61,170
92,61,814
93,61,220
94,61,890
95,61,887
96,61,252
97,61,883
98,61,435
99,61,617
100,61,924
101,61,770
102,61,560
103,61,652
104,61,539
105,61,614
106,61,137
107,61,267
108,61,239
109,61,654
110,61,81
111,61,449
112,61,60
113,61,790
114,61,434
115,61,450
116,61,62
117,61,44
118,61,101
119,61,606
120,61,868
121,61,431
122,61,730
123,61,748
124,61,176
125,61,334
126,61,102
127,61,516
128,61,375
129,61,264
130,61,812
131,61,985
132,61,16
133,61,518
134,61,619
135,61,47
136,61,257
137,61,978
138,61,482
139,61,243
140,61,250
141,61,724
142,61,607
143,61,114
144,61,173
145,61,723
146,61,852
147,61,242
148,61,190
149,61,96
150,61,955
151,61,550
152,61,534
153,61,319
154,61,75
155,61,695
156,61,11
157,61,952
158,61,635
159,61,785
160,61,104
161,61,504
162,61,120
163,61,98
164,61,433
165,61,35
166,61,277
167,61,838
168,61,961
169,61,531
170,61,462
171,61,473
172,61,298
173,61,165
174,61,865
175,61,854
176,61,115
177,61,663
178,61,878
179,61,326
180,61,1003
181,61,921
182,61,809
183,61,988
184,61,261
185,61,597
186,61,843
187,61,20
188,61,256
189,61,743
190,61,437
191,61,525
192,61,237
193,61,970
194,61,580
195,61,938
196,61,490
197,61,957
198,61,313
199,61,309
200,61,410
201,61,981
202,61,980
203,61,962
204,61,80
205,61,414
206,61,709
207,61,201
208,61,571
209,61,914
210,61,218
211,61,667
212,61,960
213,61,135
214,61,179
215,61,161
216,61,916
217,61,772
218,61,566
219,61,929
220,61,953
221,61,77
222,61,156
223,61,753
224,61,787
225,61,610
226,61,972
227,61,1020
228,61,171
229,61,908
230,61,251
231,61,27
232,61,36
233,61,184
234,61,857
235,61,219
236,61,29
237,61,157
238,61,996
239,61,421
240,61,205
241,61,494
242,61,58
243,61,794
244,61,532
245,61,989
246,61,777
247,61,393
248,61,112
249,61,318
250,61,373
251,61,982
252,61,700
253,61,88
254,61,148
255,61,160
256,61,345
257,61,944
258,61,37
259,61,965
260,61,34
261,61,646
262,61,763
263,61,509
264,61,827
265,61,429
266,61,127
267,61,235
268,61,9
269,61,627
270,61,390
271,61,555
272,61,350
273,61,223
274,61,549
275,61,214
276,61,226
277,61,545
278,61,503
279,61,797
280,61,951
281,61,294
282,61,216
283,61,869
284,61,193
285,61,204
286,61,930
287,61,697
288,61,842
289,61,515
290,61,213
291,61,202
292,61,656
293,61,140
294,61,541
295,61,630
296,61,392
297,61,535
298,61,241
299,61,93
300,61,454
301,61,739
302,61,41
303,61,662
304,61,511
305,61,12
306,61,821
307,61,386
308,61,379
309,61,420
310,61,725
311,61,527
312,61,315
313,61,333
314,61,837
315,61,813
316,61,119
317,61,424
318,61,668
319,61,728
320,61,959
321,61,632
322,61,992
323,61,496
324,61,8
325,61,197
326,61,381
327,61,658
328,61,132
329,61,925
330,61,110
331,61,285
332,61,894
333,61,689
334,61,792
335,61,369
336,61,228
337,61,236
338,61,70
339,61,701
340,61,947
341,61,699
342,61,464
343,61,39
344,61,54
345,61,1005
346,61,856
347,61,31
348,61,737
349,61,976
350,61,570
351,61,51
352,61,912
353,61,325
354,61,442
355,61,707
356,61,991
357,61,799
358,61,552
359,61,499
360,61,453
361,61,460
362,61,1012
363,61,147
364,61,1018
365,61,893
366,61,864
367,61,85
368,61,681
369,61,164
370,61,162
371,61,922
372,61,106
373,61,451
374,61,45
375,61,826
376,61,751
377,61,544
378,61,849
379,61,834
380,61,559
381,61,355
382,61,673
383,61,664
384,61,682
385,61,305
386,61,568
387,61,828
388,61,892
389,61,776
390,61,343
391,61,895
392,61,920
393,61,875
394,61,862
395,61,286
396,61,43
397,61,523
398,61,349
399,61,245
0,62,301
1,62,150
2,62,30
3,62,683
4,62,443
5,62,954
6,62,1006
7,62,669
8,62,311
9,62,463
10,62,557
11,62,105
12,62,187
13,62,786
14,62,698
15,62,618
16,62,784
17,62,1008
18,62,520
19,62,185
20,62,710
21,62,0
22,62,554
23,62,230
24,62,713
25,62,246
26,62,155
27,62,287
28,62,901
29,62,142
30,62,304
31,62,492
32,62,1013
33,62,48
34,62,643
35,62,149
36,62,440
37,62,380
38,62,906
39,62,717
40,62,997
41,62,603
42,62,665
43,62,107
44,62,67
45,62,867
46,62,911
47,62,6
48,62,540
49,62,767
50,62,524
51,62,915
52,62,783
53,62,487
54,62,933
55,62,1002
56,62,537
57,62,266
58,62,474
59,62,362
60,62,839
61,62,476
62,62,919
63,62,847
64,62,775
65,62,521
66,62,584
67,62,877
68,62,432
69,62,749
70,62,650
71,62,363
72,62,649
73,62,1010
74,62,215
75,62,506
76,62,616
77,62,297
78,62,484
79,62,779
80,62,891
81,62,755
82,62,356
83,62,99
84,62,283
85,62,538
86,62,983
87,62,186
88,62,966
89,62,686
90,62,973
91,62,170
92,62,814
93,62,220
94,62,890
95,62,887
96,62,252
97,62,883
98,62,435
99,62,617
100,62,924
101,62,770
102,62,560
103,62,652
104,62,539
105,62,614
106,62,137
107,62,267
108,62,239
109,62,654
110,62,81
111,62,449
112,62,60
113,62,790
114,62,434
115,62,450
116,62,62
117,62,44
118,62,101
119,62,606
120,62,868
121,62,431
122,62,730
123,62,748
124,62,176
125,62,334
126,62,102
127,62,516
128,62,375
129,62,264
130,62,812
131,62,985
132,62,16
133,62,518
134,62,619
135,62,47
136,62,256
137,62,978
138,62,482
139,62,243
140,62,250
141,62,724
142,62,607
143,62,114
144,62,173
145,62,723
146,62,852
147,62,242
148,62,190
149,62,96
150,62,955
151,62,550
152,62,534
153,62,319
154,62,75
155,62,695
156,62,11
157,62,952
158,62,635
159,62,785
160,62,104
161,62,504
162,62,120
163,62,98
164,62,433
165,62,35
166,62,277
167,62,838
168,62,961
169,62,531
170,62,462
171,62,473
172,62,298
173,62,165
174,62,865
175,62,854
176,62,115
177,62,663
178,62,878
179,62,326
180,62,1003
181,62,921
182,62,809
183,62,988
184,62,261
185,62,597
186,62,843
187,62,20
188,62,288
189,62,743
190,62,437
191,62,525
192,62,237
193,62,970
194,62,580
195,62,938
196,62,490
197,62,957
198,62,313
199,62,309
200,62,410
201,62,981
202,62,980
203,62,962
204,62,80
205,62,414
206,62,709
207,62,201
208,62,571
209,62,914
210,62,218
211,62,667
212,62,960
213,62,135
214,62,179
215,62,161
216,62,916
217,62,772
218,62,566
219,62,929
220,62,953
221,62,77
222,62,156
223,62,753
224,62,787
225,62,610
226,62,972
227,62,1020
228,62,171
229,62,908
230,62,251
231,62,27
232,62,36
233,62,184
234,62,857
235,62,219
236,62,29
237,62,157
238,62,996
239,62,421
240,62,205
241,62,494
242,62,58
243,62,794
244,62,532
245,62,989
246,62,777
247,62,393
248,62,112
249,62,318
250,62,373
251,62,982
252,62,700
253,62,88
254,62,148
255,62,160
256,62,345
257,62,944
258,62,5
259,62,965
260,62,34
261,62,646
262,62,763
263,62,509
264,62,827
265,62,429
266,62,127
267,62,235
268,62,9
269,62,627
270,62,390
271,62,555
272,62,350
273,62,223
274,62,549
275,62,214
276,62,226
277,62,545
278,62,503
279,62,797
280,62,951
281,62,294
282,62,216
283,62,869
284,62,193
285,62,204
286,62,930
287,62,697
288,62,842
289,62,515
290,62,213
291,62,202
292,62,656
293,62,140
294,62,541
295,62,630
296,62,392
297,62,535
298,62,241
299,62,93
300,62,454
301,62,739
302,62,41
303,62,662
304,62,511
305,62,12
306,62,821
307,62,386
308,62,379
309,62,420
310,62,725
311,62,527
312,62,315
313,62,333
314,62,837
315,62,813
316,62,119
317,62,424
318,62,668
319,62,728
320,62,959
321,62,632
322,62,992
323,62,496
324,62,8
325,62,197
326,62,381
327,62,658
328,62,132
329,62,925
330,62,110
331,62,285
332,62,894
333,62,689
334,62,792
335,62,369
336,62,228
337,62,236
338,62,70
339,62,701
340,62,947
341,62,699
342,62,464
343,62,39
344,62,54
345,62,1005
346,62,856
347,62,31
348,62,737
349,62,976
350,62,570
351,62,51
352,62,912
353,62,325
354,62,442
355,62,707
356,62,991
357,62,799
358,62,552
359,62,499
360,62,453
361,62,460
362,62,1012
363,62,147
364,62,1018
365,62,893
366,62,864
367,62,85
368,62,681
369,62,164
370,62,162
371,62,922
372,62,106
373,62,451
374,62,45
375,62,826
376,62,751
377,62,544
378,62,849
379,62,834
380,62,559
381,62,355
382,62,673
383,62,664
384,62,682
385,62,305
386,62,568
387,62,828
388,62,892
389,62,776
390,62,343
391,62,895
392,62,920
393,62,875
394,62,862
395,62,286
396,62,43
397,62,523
398,62,349
399,62,245
0,63,301
1,63,150
2,63,30
3,63,683
4,63,443
5,63,954
6,63,1006
7,63,669
8,63,311
9,63,463
10,63,557
11,63,105
12,63,187
13,63,786
14,63,698
15,63,618
16,63,784
17,63,1008
18,63,520
19,63,185
20,63,710
21,63,0
22,63,554
23,63,230
24,63,713
25,63,246
26,63,155
27,63,287
28,63,901
29,63,142
30,63,304
31,63,492
32,63,1013
33,63,48
34,63,643
35,63,149
36,63,440
37,63,380
38,63,906
39,63,717
40,63,997
41,63,603
42,63,665
43,63,107
44,63,67
45,63,867
46,63,911
47,63,6
48,63,540
49,63,767
50,63,524
51,63,915
52,63,783
53,63,487
54,63,933
55,63,1002
56,63,537
57,63,266
58,63,474
59,63,362
60,63,839
61,63,476
62,63,919
63,63,847
64,63,775
65,63,521
66,63,584
67,63,877
68,63,432
69,63,749
70,63,650
71,63,363
72,63,649
73,63,1010
74,63,215
75,63,506
76,63,616
77,63,297
78,63,484
79,63,779
80,63,891
81,63,755
82,63,356
83,63,99
84,63,283
85,63,538
86,63,983
87,63,186
88,63,966
89,63,686
90,63,973
91,63,170
92,63,814
93,63,220
94,63,890
95,63,887
96,63,252
97,63,883
98,63,435
99,63,617
100,63,924
101,63,770
102,63,560
103,63,652
104,63,539
105,63,614
106,63,137
107,63,267
108,63,239
109,63,654
110,63,81
111,63,449
112,63,60
113,63,790
114,63,434
115,63,450
116,63,62
117,63,44
118,63,101
119,63,606
120,63,868
121,63,431
122,63,730
123,63,748
124,63,176
125,63,334
126,63,102
127,63,516
128,63,375
129,63,264
130,63,812
131,63,985
132,63,16
133,63,518
134,63,619
135,63,47
136,63,224
137,63,978
138,63,482
139,63,243
140,63,250
141,63,724
142,63,607
143,63,114
144,63,173
145,63,723
146,63,852
147,63,242
148,63,190
149,63,96
150,63,955
151,63,550
152,63,534
153,63,319
154,63,75
155,63,695
156,63,11
157,63,952
158,63,635
159,63,785
160,63,104
161,63,504
162,63,120
163,63,98
164,63,433
165,63,35
166,63,277
167,63,838
168,63,961
169,63,531
170,63,462
171,63,473
172,63,298
173,63,165
174,63,865
175,63,854
176,63,115
177,63,663
178,63,878
179,63,326
180,63,1003
181,63,921
182,63,809
183,63,988
184,63,261
185,63,597
186,63,843
187,63,20
188,63,256
189,63,743
190,63,437
191,63,525
192,63,237
193,63,970
194,63,580
195,63,938
196,63,490
197,63,957
198,63,313
199,63,309
200,63,410
201,63,981
202,63,980
203,63,962
204,63,80
205,63,414
206,63,709
207,63,201
208,63,571
209,63,914
210,63,218
211,63,667
212,63,960
213,63,135
214,63,179
215,63,161
216,63,916
217,63,772
218,63,566
219,63,929
220,63,953
221,63,77
222,63,156
223,63,753
224,63,787
225,63,610
226,63,972
227,63,1020
228,63,171
229,63,908
230,63,251
231,63,27
232,63,36
233,63,184
234,63,857
235,63,219
236,63,29
237,63,157
238,63,996
239,63,421
240,63,205
241,63,494
242,63,58
243,63,794
244,63,532
245,63,989
246,63,777
247,63,393
248,63,112
249,63,318
250,63,373
251,63,982
252,63,700
253,63,88
254,63,148
255,63,160
256,63,345
257,63,944
258,63,5
259,63,965
260,63,34
261,63,646
262,63,763
263,63,509
264,63,827
265,63,429
266,63,127
267,63,235
268,63,9
269,63,627
270,63,390
271,63,555
272,63,350
273,63,223
274,63,549
275,63,214
276,63,226
277,63,545
278,63,503
279,63,797
280,63,951
281,63,294
282,63,216
283,63,869
284,63,193
285,63,204
286,63,930
287,63,697
288,63,842
289,63,515
290,63,213
291,63,202
292,63,656
293,63,140
294,63,541
295,63,630
296,63,392
297,63,535
298,63,241
299,63,93
300,63,454
301,63,739
302,63,41
303,63,662
304,63,511
305,63,12
306,63,821
307,63,386
308,63,379
309,63,420
310,63,725
311,63,527
312,63,315
313,63,333
314,63,837
315,63,813
316,63,119
317,63,424
318,63,668
319,63,728
320,63,959
321,63,632
322,63,992
323,63,496
324,63,8
325,63,197
326,63,381
327,63,658
328,63,132
329,63,925
330,63,110
331,63,285
332,63,894
333,63,689
334,63,792
335,63,369
336,63,228
337,63,236
338,63,70
339,63,701
340,63,947
341,63,699
342,63,464
343,63,39
344,63,54
345,63,1005
346,63,856
347,63,31
348,63,737
349,63,976
350,63,570
351,63,51
352,63,912
353,63,325
354,63,442
355,63,707
356,63,991
357,63,799
358,63,552
359,63,499
360,63,453
361,63,460
362,63,1012
363,63,147
364,63,1018
365,63,893
366,63,864
367,63,85
368,63,681
369,63,164
370,63,162
371,63,922
372,63,106
373,63,451
374,63,45
375,63,826
376,63,751
377,63,544
378,63,849
379,63,834
380,63,559
381,63,355
382,63,673
383,63,664
384,63,682
385,63,305
386,63,568
387,63,828
388,63,892
389,63,776
390,63,343
391,63,895
392,63,920
393,63,875
394,63,862
395,63,286
396,63,43
397,63,523
398,63,349
399,63,245
