agent_id,time_step,vertex_index
0,0,768
1,0,630
2,0,708
3,0,219
4,0,935
5,0,858
6,0,800
7,0,417
8,0,20
9,0,819
10,0,324
11,0,855
12,0,910
13,0,686
14,0,97
15,0,550
16,0,690
17,0,470
18,0,374
19,0,811
20,0,569
21,0,645
22,0,123
23,0,221
24,0,698
25,0,973
26,0,790
27,0,635
28,0,972
29,0,115
30,0,901
31,0,164
32,0,880
33,0,829
34,0,981
35,0,527
36,0,547
37,0,987
38,0,155
39,0,241
40,0,888
41,0,934
42,0,787
43,0,214
44,0,528
45,0,375
46,0,349
47,0,831
48,0,771
49,0,666
50,0,54
51,0,12
52,0,333
53,0,228
54,0,816
55,0,637
56,0,581
57,0,272
58,0,99
59,0,959
60,0,212
61,0,213
62,0,131
63,0,687
64,0,622
65,0,915
66,0,381
67,0,459
68,0,517
69,0,770
70,0,127
71,0,579
72,0,689
73,0,371
74,0,449
75,0,149
76,0,418
77,0,220
78,0,955
79,0,573
80,0,183
81,0,194
82,0,542
83,0,780
84,0,728
85,0,805
86,0,191
87,0,327
88,0,469
89,0,961
90,0,42
91,0,817
92,0,250
93,0,309
94,0,266
95,0,843
96,0,363
97,0,988
98,0,911
99,0,534
100,0,740
101,0,463
102,0,767
103,0,308
104,0,872
105,0,623
106,0,225
107,0,342
108,0,801
109,0,414
110,0,893
111,0,460
112,0,562
113,0,810
114,0,748
115,0,546
116,0,355
117,0,563
118,0,707
119,0,552
120,0,755
121,0,567
122,0,163
123,0,916
124,0,288
125,0,565
126,0,251
127,0,46
128,0,960
129,0,286
130,0,22
131,0,969
132,0,317
133,0,386
134,0,782
135,0,616
136,0,1020
137,0,202
138,0,89
139,0,941
140,0,200
141,0,1021
142,0,255
143,0,210
144,0,174
145,0,1017
146,0,514
147,0,254
148,0,204
149,0,373
150,0,315
151,0,483
152,0,367
153,0,794
154,0,594
155,0,75
156,0,673
157,0,723
158,0,835
159,0,505
160,0,499
161,0,891
162,0,758
163,0,291
164,0,443
165,0,492
166,0,523
167,0,558
168,0,211
169,0,868
170,0,653
171,0,695
172,0,477
173,0,401
174,0,560
175,0,493
176,0,353
177,0,867
178,0,716
179,0,124
180,0,976
181,0,796
182,0,376
183,0,21
184,0,331
185,0,235
186,0,730
187,0,121
188,0,710
189,0,877
190,0,102
191,0,476
192,0,785
193,0,352
194,0,587
195,0,744
196,0,69
197,0,809
198,0,994
199,0,399
200,0,884
201,0,274
202,0,538
203,0,108
204,0,720
205,0,101
206,0,423
207,0,356
208,0,627
209,0,380
210,0,170
211,0,665
212,0,265
213,0,87
214,0,508
215,0,23
216,0,1019
217,0,864
218,0,284
219,0,257
220,0,932
221,0,491
222,0,408
223,0,43
224,0,176
225,0,145
226,0,222
227,0,947
228,0,803
229,0,5
230,0,507
231,0,253
232,0,608
233,0,464
234,0,435
235,0,190
236,0,909
237,0,68
238,0,2
239,0,350
240,0,606
241,0,712
242,0,874
243,0,752
244,0,503
245,0,130
246,0,345
247,0,661
248,0,329
249,0,379
250,0,320
251,0,997
252,0,40
253,0,326
254,0,6
255,0,615
256,0,35
257,0,575
258,0,234
259,0,792
260,0,450
261,0,510
262,0,444
263,0,113
264,0,709
265,0,626
266,0,59
267,0,688
268,0,494
269,0,178
270,0,34
271,0,667
272,0,873
273,0,440
274,0,341
275,0,31
276,0,479
277,0,620
278,0,80
279,0,693
280,0,882
281,0,44
282,0,223
283,0,717
284,0,936
285,0,681
286,0,1010
287,0,431
288,0,706
289,0,799
290,0,938
291,0,293
292,0,638
293,0,378
294,0,430
295,0,815
296,0,442
297,0,533
298,0,30
299,0,133
300,0,181
301,0,120
302,0,267
303,0,940
304,0,81
305,0,980
306,0,362
307,0,9
308,0,298
309,0,138
310,0,943
311,0,141
312,0,570
313,0,694
314,0,295
315,0,465
316,0,126
317,0,539
318,0,526
319,0,1004
320,0,201
321,0,158
322,0,377
323,0,714
324,0,105
325,0,305
326,0,322
327,0,841
328,0,338
329,0,70
330,0,680
331,0,735
332,0,965
333,0,1
334,0,1008
335,0,949
336,0,236
337,0,535
338,0,289
339,0,895
340,0,541
341,0,390
342,0,56
343,0,777
344,0,700
345,0,870
346,0,61
347,0,807
348,0,715
349,0,1013
350,0,36
351,0,957
352,0,894
353,0,762
354,0,157
355,0,361
356,0,217
357,0,473
358,0,96
359,0,589
360,0,39
361,0,632
362,0,742
363,0,1014
364,0,208
365,0,1000
366,0,148
367,0,649
368,0,919
369,0,933
370,0,310
371,0,862
372,0,485
373,0,733
374,0,11
375,0,763
376,0,806
377,0,159
378,0,600
379,0,10
380,0,824
381,0,881
382,0,886
383,0,229
384,0,227
385,0,41
386,0,447
387,0,592
388,0,854
389,0,64
390,0,15
391,0,584
392,0,160
393,0,568
394,0,340
395,0,437
396,0,520
397,0,948
398,0,743
399,0,421
0,1,768
1,1,598
2,1,709
3,1,251
4,1,936
5,1,858
6,1,832
7,1,449
8,1,52
9,1,818
10,1,325
11,1,823
12,1,878
13,1,687
14,1,65
15,1,551
16,1,722
17,1,502
18,1,406
19,1,812
20,1,568
21,1,613
22,1,122
23,1,189
24,1,697
25,1,974
26,1,791
27,1,603
28,1,971
29,1,115
30,1,902
31,1,165
32,1,912
33,1,797
34,1,980
35,1,528
36,1,548
37,1,1019
38,1,154
39,1,273
40,1,887
41,1,935
42,1,788
43,1,246
44,1,496
45,1,374
46,1,381
47,1,799
48,1,739
49,1,665
50,1,86
51,1,11
52,1,334
53,1,260
54,1,848
55,1,669
56,1,581
57,1,240
58,1,100
59,1,927
60,1,244
61,1,245
62,1,163
63,1,719
64,1,654
65,1,914
66,1,380
67,1,491
68,1,518
69,1,770
70,1,159
71,1,580
72,1,657
73,1,403
74,1,450
75,1,181
76,1,419
77,1,188
78,1,923
79,1,605
80,1,215
81,1,226
82,1,541
83,1,779
84,1,727
85,1,806
86,1,223
87,1,328
88,1,501
89,1,929
90,1,43
91,1,816
92,1,249
93,1,277
94,1,298
95,1,844
96,1,364
97,1,956
98,1,879
99,1,533
100,1,772
101,1,462
102,1,735
103,1,307
104,1,873
105,1,622
106,1,193
107,1,310
108,1,769
109,1,413
110,1,892
111,1,459
112,1,563
113,1,842
114,1,749
115,1,514
116,1,323
117,1,531
118,1,675
119,1,553
120,1,787
121,1,566
122,1,164
123,1,884
124,1,256
125,1,564
126,1,250
127,1,78
128,1,928
129,1,318
130,1,54
131,1,970
132,1,285
133,1,387
134,1,781
135,1,617
136,1,988
137,1,234
138,1,88
139,1,942
140,1,201
141,1,989
142,1,287
143,1,211
144,1,174
145,1,985
146,1,515
147,1,253
148,1,205
149,1,341
150,1,347
151,1,484
152,1,399
153,1,762
154,1,562
155,1,76
156,1,674
157,1,724
158,1,836
159,1,505
160,1,498
161,1,890
162,1,757
163,1,291
164,1,442
165,1,460
166,1,524
167,1,590
168,1,243
169,1,869
170,1,621
171,1,663
172,1,445
173,1,400
174,1,559
175,1,525
176,1,354
177,1,868
178,1,748
179,1,123
180,1,1008
181,1,828
182,1,375
183,1,22
184,1,331
185,1,236
186,1,698
187,1,120
188,1,678
189,1,876
190,1,103
191,1,476
192,1,753
193,1,353
194,1,586
195,1,776
196,1,70
197,1,810
198,1,993
199,1,398
200,1,852
201,1,306
202,1,537
203,1,140
204,1,688
205,1,69
206,1,423
207,1,324
208,1,595
209,1,412
210,1,171
211,1,633
212,1,297
213,1,87
214,1,507
215,1,55
216,1,1018
217,1,865
218,1,316
219,1,289
220,1,900
221,1,490
222,1,409
223,1,75
224,1,208
225,1,144
226,1,254
227,1,915
228,1,771
229,1,4
230,1,475
231,1,221
232,1,609
233,1,465
234,1,436
235,1,190
236,1,910
237,1,68
238,1,3
239,1,349
240,1,574
241,1,680
242,1,875
243,1,784
244,1,504
245,1,98
246,1,344
247,1,660
248,1,329
249,1,379
250,1,321
251,1,998
252,1,41
253,1,327
254,1,6
255,1,614
256,1,36
257,1,607
258,1,233
259,1,824
260,1,418
261,1,542
262,1,443
263,1,114
264,1,710
265,1,594
266,1,91
267,1,656
268,1,493
269,1,210
270,1,35
271,1,666
272,1,874
273,1,408
274,1,340
275,1,30
276,1,478
277,1,619
278,1,112
279,1,725
280,1,883
281,1,44
282,1,222
283,1,716
284,1,904
285,1,649
286,1,978
287,1,432
288,1,738
289,1,798
290,1,939
291,1,261
292,1,606
293,1,346
294,1,431
295,1,783
296,1,441
297,1,565
298,1,29
299,1,134
300,1,213
301,1,119
302,1,235
303,1,941
304,1,113
305,1,979
306,1,394
307,1,8
308,1,330
309,1,170
310,1,911
311,1,173
312,1,570
313,1,693
314,1,294
315,1,497
316,1,126
317,1,538
318,1,527
319,1,972
320,1,202
321,1,158
322,1,376
323,1,682
324,1,73
325,1,304
326,1,322
327,1,841
328,1,338
329,1,38
330,1,648
331,1,734
332,1,966
333,1,33
334,1,1009
335,1,948
336,1,204
337,1,503
338,1,288
339,1,894
340,1,573
341,1,422
342,1,56
343,1,745
344,1,668
345,1,870
346,1,93
347,1,775
348,1,714
349,1,1012
350,1,37
351,1,925
352,1,893
353,1,730
354,1,157
355,1,393
356,1,218
357,1,474
358,1,97
359,1,557
360,1,40
361,1,600
362,1,743
363,1,982
364,1,209
365,1,968
366,1,147
367,1,650
368,1,919
369,1,932
370,1,309
371,1,861
372,1,453
373,1,701
374,1,10
375,1,795
376,1,807
377,1,191
378,1,599
379,1,9
380,1,825
381,1,880
382,1,885
383,1,230
384,1,259
385,1,42
386,1,479
387,1,624
388,1,855
389,1,96
390,1,16
391,1,616
392,1,161
393,1,567
394,1,308
395,1,405
396,1,521
397,1,947
398,1,711
399,1,421
0,2,769
1,2,597
2,2,710
3,2,283
4,2,904
5,2,890
6,2,864
7,2,481
8,2,84
9,2,786
10,2,326
11,2,822
12,2,879
13,2,688
14,2,33
15,2,552
16,2,754
17,2,501
18,2,405
19,2,813
20,2,567
21,2,581
22,2,154
23,2,188
24,2,696
25,2,942
26,2,792
27,2,571
28,2,970
29,2,147
30,2,870
31,2,166
32,2,913
33,2,765
34,2,979
35,2,496
36,2,549
37,2,1020
38,2,153
39,2,305
40,2,886
41,2,936
42,2,787
43,2,246
44,2,464
45,2,406
46,2,413
47,2,767
48,2,740
49,2,633
50,2,85
51,2,11
52,2,335
53,2,259
54,2,848
55,2,701
56,2,580
57,2,239
58,2,132
59,2,926
60,2,276
61,2,277
62,2,195
63,2,751
64,2,653
65,2,882
66,2,379
67,2,523
68,2,519
69,2,738
70,2,191
71,2,548
72,2,657
73,2,435
74,2,418
75,2,213
76,2,451
77,2,187
78,2,891
79,2,604
80,2,214
81,2,227
82,2,540
83,2,778
84,2,695
85,2,807
86,2,255
87,2,328
88,2,533
89,2,897
90,2,75
91,2,815
92,2,281
93,2,278
94,2,330
95,2,845
96,2,332
97,2,924
98,2,847
99,2,565
100,2,804
101,2,461
102,2,734
103,2,306
104,2,874
105,2,654
106,2,194
107,2,310
108,2,770
109,2,445
110,2,892
111,2,491
112,2,564
113,2,843
114,2,750
115,2,482
116,2,324
117,2,499
118,2,643
119,2,554
120,2,819
121,2,534
122,2,165
123,2,852
124,2,224
125,2,532
126,2,218
127,2,110
128,2,896
129,2,350
130,2,54
131,2,938
132,2,253
133,2,419
134,2,749
135,2,585
136,2,956
137,2,266
138,2,87
139,2,910
140,2,202
141,2,988
142,2,319
143,2,243
144,2,173
145,2,953
146,2,516
147,2,221
148,2,206
149,2,309
150,2,346
151,2,485
152,2,431
153,2,730
154,2,561
155,2,108
156,2,706
157,2,724
158,2,868
159,2,504
160,2,466
161,2,889
162,2,725
163,2,292
164,2,441
165,2,428
166,2,525
167,2,622
168,2,242
169,2,869
170,2,589
171,2,664
172,2,444
173,2,368
174,2,558
175,2,526
176,2,322
177,2,900
178,2,780
179,2,122
180,2,1007
181,2,827
182,2,374
183,2,23
184,2,363
185,2,237
186,2,697
187,2,88
188,2,646
189,2,844
190,2,104
191,2,475
192,2,721
193,2,385
194,2,586
195,2,808
196,2,102
197,2,842
198,2,961
199,2,399
200,2,820
201,2,338
202,2,536
203,2,172
204,2,656
205,2,70
206,2,423
207,2,325
208,2,596
209,2,412
210,2,139
211,2,632
212,2,329
213,2,86
214,2,506
215,2,55
216,2,986
217,2,866
218,2,315
219,2,290
220,2,901
221,2,458
222,2,410
223,2,107
224,2,240
225,2,176
226,2,286
227,2,883
228,2,771
229,2,3
230,2,474
231,2,189
232,2,610
233,2,465
234,2,437
235,2,222
236,2,878
237,2,69
238,2,35
239,2,348
240,2,542
241,2,681
242,2,876
243,2,785
244,2,503
245,2,130
246,2,343
247,2,659
248,2,361
249,2,347
250,2,321
251,2,999
252,2,42
253,2,327
254,2,6
255,2,613
256,2,37
257,2,639
258,2,201
259,2,823
260,2,386
261,2,541
262,2,443
263,2,115
264,2,711
265,2,562
266,2,92
267,2,624
268,2,492
269,2,211
270,2,67
271,2,665
272,2,875
273,2,409
274,2,339
275,2,29
276,2,477
277,2,651
278,2,113
279,2,693
280,2,851
281,2,76
282,2,254
283,2,715
284,2,872
285,2,617
286,2,946
287,2,433
288,2,739
289,2,830
290,2,940
291,2,229
292,2,606
293,2,345
294,2,432
295,2,784
296,2,440
297,2,566
298,2,28
299,2,135
300,2,245
301,2,151
302,2,235
303,2,909
304,2,114
305,2,978
306,2,426
307,2,8
308,2,331
309,2,171
310,2,912
311,2,205
312,2,538
313,2,661
314,2,293
315,2,529
316,2,126
317,2,537
318,2,528
319,2,973
320,2,203
321,2,190
322,2,375
323,2,683
324,2,73
325,2,303
326,2,323
327,2,873
328,2,370
329,2,39
330,2,649
331,2,733
332,2,934
333,2,34
334,2,1010
335,2,916
336,2,204
337,2,471
338,2,256
339,2,862
340,2,605
341,2,454
342,2,56
343,2,713
344,2,669
345,2,838
346,2,94
347,2,743
348,2,746
349,2,1011
350,2,38
351,2,925
352,2,893
353,2,698
354,2,158
355,2,394
356,2,219
357,2,442
358,2,129
359,2,557
360,2,40
361,2,568
362,2,744
363,2,983
364,2,210
365,2,969
366,2,179
367,2,618
368,2,887
369,2,931
370,2,308
371,2,861
372,2,421
373,2,700
374,2,10
375,2,794
376,2,775
377,2,223
378,2,631
379,2,41
380,2,793
381,2,880
382,2,884
383,2,231
384,2,291
385,2,43
386,2,511
387,2,625
388,2,856
389,2,97
390,2,48
391,2,648
392,2,193
393,2,599
394,2,340
395,2,373
396,2,489
397,2,915
398,2,679
399,2,422
0,3,770
1,3,597
2,3,678
3,3,315
4,3,905
5,3,922
6,3,865
7,3,482
8,3,84
9,3,754
10,3,327
11,3,790
12,3,847
13,3,720
14,3,1
15,3,584
16,3,753
17,3,533
18,3,404
19,3,814
20,3,566
21,3,580
22,3,153
23,3,187
24,3,695
25,3,910
26,3,760
27,3,571
28,3,938
29,3,146
30,3,838
31,3,167
32,3,945
33,3,733
34,3,978
35,3,497
36,3,550
37,3,1021
38,3,185
39,3,304
40,3,885
41,3,904
42,3,755
43,3,245
44,3,432
45,3,405
46,3,381
47,3,735
48,3,741
49,3,665
50,3,117
51,3,11
52,3,336
53,3,291
54,3,880
55,3,700
56,3,612
57,3,239
58,3,164
59,3,925
60,3,308
61,3,278
62,3,227
63,3,752
64,3,652
65,3,882
66,3,378
67,3,522
68,3,520
69,3,739
70,3,223
71,3,549
72,3,656
73,3,467
74,3,386
75,3,214
76,3,483
77,3,155
78,3,890
79,3,603
80,3,246
81,3,259
82,3,539
83,3,777
84,3,663
85,3,775
86,3,287
87,3,329
88,3,565
89,3,897
90,3,107
91,3,783
92,3,313
93,3,279
94,3,331
95,3,813
96,3,333
97,3,892
98,3,848
99,3,564
100,3,836
101,3,460
102,3,734
103,3,338
104,3,875
105,3,653
106,3,195
107,3,309
108,3,738
109,3,444
110,3,891
111,3,523
112,3,532
113,3,844
114,3,751
115,3,450
116,3,325
117,3,498
118,3,642
119,3,555
120,3,818
121,3,502
122,3,166
123,3,820
124,3,224
125,3,531
126,3,186
127,3,142
128,3,864
129,3,350
130,3,86
131,3,939
132,3,253
133,3,451
134,3,717
135,3,553
136,3,924
137,3,298
138,3,119
139,3,878
140,3,202
141,3,956
142,3,351
143,3,243
144,3,173
145,3,921
146,3,548
147,3,189
148,3,207
149,3,277
150,3,346
151,3,517
152,3,463
153,3,698
154,3,529
155,3,109
156,3,707
157,3,725
158,3,900
159,3,503
160,3,434
161,3,888
162,3,693
163,3,260
164,3,440
165,3,396
166,3,493
167,3,654
168,3,274
169,3,870
170,3,557
171,3,632
172,3,412
173,3,367
174,3,590
175,3,527
176,3,322
177,3,901
178,3,812
179,3,154
180,3,1006
181,3,859
182,3,406
183,3,55
184,3,363
185,3,238
186,3,696
187,3,87
188,3,614
189,3,845
190,3,105
191,3,507
192,3,689
193,3,417
194,3,585
195,3,809
196,3,134
197,3,843
198,3,929
199,3,400
200,3,821
201,3,370
202,3,535
203,3,171
204,3,624
205,3,38
206,3,424
207,3,326
208,3,596
209,3,413
210,3,140
211,3,633
212,3,361
213,3,85
214,3,474
215,3,54
216,3,954
217,3,867
218,3,347
219,3,290
220,3,902
221,3,457
222,3,410
223,3,139
224,3,272
225,3,175
226,3,318
227,3,851
228,3,771
229,3,3
230,3,442
231,3,157
232,3,578
233,3,466
234,3,469
235,3,221
236,3,879
237,3,70
238,3,67
239,3,349
240,3,541
241,3,649
242,3,877
243,3,786
244,3,471
245,3,162
246,3,375
247,3,658
248,3,362
249,3,348
250,3,321
251,3,1000
252,3,43
253,3,328
254,3,6
255,3,581
256,3,37
257,3,638
258,3,200
259,3,822
260,3,354
261,3,540
262,3,475
263,3,116
264,3,712
265,3,561
266,3,93
267,3,592
268,3,491
269,3,212
270,3,99
271,3,664
272,3,876
273,3,377
274,3,371
275,3,28
276,3,445
277,3,650
278,3,114
279,3,694
280,3,852
281,3,75
282,3,254
283,3,747
284,3,840
285,3,618
286,3,914
287,3,465
288,3,740
289,3,862
290,3,941
291,3,230
292,3,605
293,3,344
294,3,433
295,3,785
296,3,439
297,3,534
298,3,60
299,3,136
300,3,244
301,3,150
302,3,235
303,3,909
304,3,115
305,3,946
306,3,458
307,3,8
308,3,332
309,3,203
310,3,913
311,3,237
312,3,506
313,3,660
314,3,292
315,3,528
316,3,158
317,3,536
318,3,560
319,3,974
320,3,204
321,3,222
322,3,374
323,3,651
324,3,73
325,3,302
326,3,324
327,3,874
328,3,369
329,3,40
330,3,617
331,3,701
332,3,935
333,3,35
334,3,1010
335,3,884
336,3,172
337,3,470
338,3,257
339,3,861
340,3,637
341,3,486
342,3,56
343,3,681
344,3,670
345,3,839
346,3,126
347,3,711
348,3,746
349,3,979
350,3,39
351,3,893
352,3,894
353,3,697
354,3,190
355,3,426
356,3,220
357,3,443
358,3,161
359,3,558
360,3,41
361,3,567
362,3,745
363,3,951
364,3,242
365,3,970
366,3,211
367,3,586
368,3,886
369,3,930
370,3,307
371,3,829
372,3,422
373,3,699
374,3,10
375,3,826
376,3,776
377,3,255
378,3,630
379,3,42
380,3,792
381,3,881
382,3,883
383,3,263
384,3,323
385,3,44
386,3,510
387,3,626
388,3,857
389,3,129
390,3,80
391,3,648
392,3,225
393,3,631
394,3,341
395,3,373
396,3,490
397,3,915
398,3,680
399,3,423
0,4,738
1,4,565
2,4,646
3,4,347
4,4,906
5,4,923
6,4,866
7,4,514
8,4,116
9,4,722
10,4,328
11,4,758
12,4,848
13,4,721
14,4,2
15,4,616
16,4,752
17,4,501
18,4,403
19,4,815
20,4,566
21,4,579
22,4,185
23,4,187
24,4,694
25,4,911
26,4,728
27,4,571
28,4,939
29,4,145
30,4,839
31,4,168
32,4,977
33,4,701
34,4,946
35,4,496
36,4,551
37,4,1022
38,4,217
39,4,303
40,4,884
41,4,905
42,4,723
43,4,244
44,4,431
45,4,404
46,4,381
47,4,734
48,4,742
49,4,697
50,4,118
51,4,11
52,4,336
53,4,323
54,4,912
55,4,732
56,4,613
57,4,207
58,4,165
59,4,924
60,4,307
61,4,279
62,4,259
63,4,784
64,4,684
65,4,881
66,4,377
67,4,521
68,4,552
69,4,740
70,4,255
71,4,517
72,4,655
73,4,499
74,4,354
75,4,246
76,4,484
77,4,154
78,4,889
79,4,602
80,4,278
81,4,291
82,4,538
83,4,776
84,4,664
85,4,743
86,4,286
87,4,297
88,4,564
89,4,865
90,4,139
91,4,782
92,4,312
93,4,280
94,4,332
95,4,814
96,4,334
97,4,891
98,4,849
99,4,596
100,4,868
101,4,459
102,4,733
103,4,338
104,4,876
105,4,652
106,4,163
107,4,308
108,4,739
109,4,443
110,4,890
111,4,522
112,4,533
113,4,845
114,4,719
115,4,450
116,4,326
117,4,498
118,4,610
119,4,556
120,4,850
121,4,470
122,4,167
123,4,788
124,4,225
125,4,531
126,4,186
127,4,142
128,4,832
129,4,349
130,4,85
131,4,940
132,4,253
133,4,483
134,4,685
135,4,553
136,4,892
137,4,330
138,4,151
139,4,879
140,4,234
141,4,956
142,4,351
143,4,242
144,4,173
145,4,920
146,4,580
147,4,188
148,4,208
149,4,245
150,4,378
151,4,518
152,4,464
153,4,666
154,4,497
155,4,110
156,4,708
157,4,757
158,4,901
159,4,535
160,4,433
161,4,856
162,4,661
163,4,228
164,4,439
165,4,364
166,4,461
167,4,653
168,4,306
169,4,838
170,4,525
171,4,600
172,4,380
173,4,335
174,4,622
175,4,528
176,4,290
177,4,902
178,4,844
179,4,153
180,4,1005
181,4,858
182,4,405
183,4,87
184,4,331
185,4,239
186,4,695
187,4,86
188,4,614
189,4,813
190,4,106
191,4,506
192,4,657
193,4,449
194,4,584
195,4,810
196,4,135
197,4,875
198,4,897
199,4,401
200,4,820
201,4,402
202,4,567
203,4,203
204,4,624
205,4,39
206,4,392
207,4,327
208,4,597
209,4,412
210,4,141
211,4,665
212,4,393
213,4,84
214,4,473
215,4,54
216,4,922
217,4,867
218,4,379
219,4,289
220,4,903
221,4,457
222,4,410
223,4,140
224,4,304
225,4,174
226,4,350
227,4,883
228,4,771
229,4,35
230,4,442
231,4,156
232,4,546
233,4,467
234,4,437
235,4,220
236,4,847
237,4,70
238,4,99
239,4,348
240,4,540
241,4,617
242,4,878
243,4,787
244,4,503
245,4,194
246,4,374
247,4,626
248,4,362
249,4,316
250,4,321
251,4,968
252,4,44
253,4,329
254,4,6
255,4,549
256,4,38
257,4,637
258,4,199
259,4,821
260,4,322
261,4,539
262,4,507
263,4,117
264,4,713
265,4,529
266,4,94
267,4,592
268,4,491
269,4,213
270,4,131
271,4,632
272,4,877
273,4,345
274,4,370
275,4,60
276,4,413
277,4,650
278,4,115
279,4,662
280,4,851
281,4,107
282,4,222
283,4,746
284,4,808
285,4,586
286,4,882
287,4,466
288,4,741
289,4,894
290,4,942
291,4,231
292,4,604
293,4,343
294,4,465
295,4,753
296,4,438
297,4,534
298,4,92
299,4,137
300,4,276
301,4,149
302,4,235
303,4,910
304,4,147
305,4,914
306,4,490
307,4,8
308,4,333
309,4,202
310,4,913
311,4,269
312,4,474
313,4,659
314,4,324
315,4,560
316,4,157
317,4,504
318,4,561
319,4,974
320,4,205
321,4,221
322,4,406
323,4,619
324,4,73
325,4,301
326,4,325
327,4,874
328,4,368
329,4,41
330,4,585
331,4,669
332,4,936
333,4,67
334,4,978
335,4,852
336,4,171
337,4,469
338,4,257
339,4,862
340,4,605
341,4,487
342,4,55
343,4,681
344,4,671
345,4,840
346,4,158
347,4,679
348,4,745
349,4,979
350,4,40
351,4,861
352,4,893
353,4,696
354,4,190
355,4,458
356,4,252
357,4,475
358,4,193
359,4,559
360,4,42
361,4,568
362,4,777
363,4,919
364,4,274
365,4,938
366,4,243
367,4,554
368,4,885
369,4,898
370,4,339
371,4,830
372,4,423
373,4,698
374,4,10
375,4,826
376,4,744
377,4,254
378,4,629
379,4,43
380,4,760
381,4,880
382,4,915
383,4,264
384,4,355
385,4,76
386,4,542
387,4,627
388,4,857
389,4,161
390,4,112
391,4,649
392,4,226
393,4,663
394,4,342
395,4,373
396,4,489
397,4,947
398,4,648
399,4,424
0,5,706
1,5,533
2,5,647
3,5,346
4,5,874
5,5,955
6,5,867
7,5,515
8,5,84
9,5,690
10,5,329
11,5,757
12,5,849
13,5,722
14,5,3
15,5,617
16,5,784
17,5,502
18,5,435
19,5,816
20,5,565
21,5,547
22,5,217
23,5,187
24,5,693
25,5,912
26,5,727
27,5,571
28,5,907
29,5,144
30,5,807
31,5,200
32,5,977
33,5,669
34,5,946
35,5,464
36,5,552
37,5,1023
38,5,249
39,5,304
40,5,883
41,5,906
42,5,724
43,5,243
44,5,399
45,5,403
46,5,380
47,5,733
48,5,710
49,5,665
50,5,118
51,5,11
52,5,368
53,5,355
54,5,913
55,5,731
56,5,645
57,5,239
58,5,166
59,5,892
60,5,339
61,5,280
62,5,291
63,5,783
64,5,683
65,5,880
66,5,376
67,5,520
68,5,584
69,5,741
70,5,287
71,5,485
72,5,655
73,5,531
74,5,322
75,5,278
76,5,516
77,5,153
78,5,888
79,5,601
80,5,279
81,5,323
82,5,537
83,5,775
84,5,632
85,5,711
86,5,318
87,5,265
88,5,596
89,5,864
90,5,171
91,5,750
92,5,311
93,5,281
94,5,333
95,5,815
96,5,302
97,5,890
98,5,850
99,5,595
100,5,900
101,5,491
102,5,701
103,5,370
104,5,877
105,5,651
106,5,164
107,5,307
108,5,740
109,5,442
110,5,889
111,5,521
112,5,501
113,5,813
114,5,720
115,5,450
116,5,327
117,5,466
118,5,578
119,5,557
120,5,882
121,5,438
122,5,168
123,5,787
124,5,224
125,5,563
126,5,186
127,5,141
128,5,800
129,5,348
130,5,117
131,5,941
132,5,252
133,5,484
134,5,653
135,5,554
136,5,891
137,5,362
138,5,150
139,5,847
140,5,235
141,5,924
142,5,350
143,5,210
144,5,205
145,5,921
146,5,612
147,5,188
148,5,209
149,5,213
150,5,410
151,5,550
152,5,465
153,5,667
154,5,496
155,5,142
156,5,709
157,5,725
158,5,902
159,5,567
160,5,432
161,5,824
162,5,629
163,5,228
164,5,439
165,5,332
166,5,462
167,5,652
168,5,338
169,5,839
170,5,493
171,5,568
172,5,379
173,5,303
174,5,654
175,5,529
176,5,289
177,5,903
178,5,844
179,5,185
180,5,1004
181,5,857
182,5,404
183,5,88
184,5,330
185,5,240
186,5,694
187,5,85
188,5,613
189,5,781
190,5,107
191,5,474
192,5,625
193,5,481
194,5,583
195,5,842
196,5,167
197,5,876
198,5,865
199,5,401
200,5,788
201,5,434
202,5,599
203,5,202
204,5,592
205,5,40
206,5,393
207,5,328
208,5,598
209,5,444
210,5,173
211,5,666
212,5,394
213,5,52
214,5,472
215,5,86
216,5,922
217,5,868
218,5,378
219,5,321
220,5,904
221,5,458
222,5,409
223,5,172
224,5,336
225,5,174
226,5,382
227,5,851
228,5,739
229,5,67
230,5,441
231,5,155
232,5,514
233,5,468
234,5,469
235,5,219
236,5,848
237,5,38
238,5,131
239,5,347
240,5,539
241,5,585
242,5,878
243,5,819
244,5,535
245,5,226
246,5,406
247,5,594
248,5,363
249,5,317
250,5,353
251,5,969
252,5,45
253,5,297
254,5,6
255,5,517
256,5,39
257,5,637
258,5,199
259,5,820
260,5,290
261,5,538
262,5,508
263,5,149
264,5,714
265,5,561
266,5,126
267,5,560
268,5,492
269,5,212
270,5,163
271,5,631
272,5,845
273,5,345
274,5,402
275,5,92
276,5,381
277,5,649
278,5,116
279,5,630
280,5,852
281,5,139
282,5,221
283,5,745
284,5,776
285,5,586
286,5,881
287,5,467
288,5,742
289,5,893
290,5,910
291,5,263
292,5,603
293,5,344
294,5,497
295,5,754
296,5,437
297,5,534
298,5,91
299,5,138
300,5,308
301,5,181
302,5,203
303,5,911
304,5,148
305,5,914
306,5,490
307,5,8
308,5,334
309,5,234
310,5,945
311,5,237
312,5,473
313,5,627
314,5,356
315,5,559
316,5,189
317,5,503
318,5,562
319,5,942
320,5,206
321,5,253
322,5,405
323,5,587
324,5,73
325,5,269
326,5,326
327,5,875
328,5,367
329,5,42
330,5,553
331,5,670
332,5,936
333,5,99
334,5,978
335,5,884
336,5,170
337,5,470
338,5,257
339,5,830
340,5,604
341,5,519
342,5,54
343,5,682
344,5,639
345,5,841
346,5,190
347,5,680
348,5,744
349,5,979
350,5,41
351,5,862
352,5,925
353,5,695
354,5,222
355,5,459
356,5,284
357,5,507
358,5,225
359,5,527
360,5,43
361,5,536
362,5,778
363,5,920
364,5,306
365,5,939
366,5,242
367,5,522
368,5,885
369,5,897
370,5,371
371,5,829
372,5,424
373,5,697
374,5,10
375,5,826
376,5,743
377,5,286
378,5,628
379,5,75
380,5,728
381,5,879
382,5,915
383,5,264
384,5,387
385,5,108
386,5,541
387,5,626
388,5,856
389,5,193
390,5,113
391,5,681
392,5,227
393,5,662
394,5,343
395,5,374
396,5,457
397,5,947
398,5,616
399,5,392
0,6,707
1,6,533
2,6,615
3,6,345
4,6,875
5,6,954
6,6,868
7,6,516
8,6,116
9,6,690
10,6,361
11,6,725
12,6,850
13,6,754
14,6,4
15,6,618
16,6,783
17,6,501
18,6,434
19,6,784
20,6,564
21,6,515
22,6,249
23,6,186
24,6,692
25,6,880
26,6,695
27,6,571
28,6,906
29,6,176
30,6,808
31,6,201
32,6,1009
33,6,637
34,6,946
35,6,432
36,6,552
37,6,991
38,6,281
39,6,336
40,6,851
41,6,874
42,6,724
43,6,242
44,6,367
45,6,435
46,6,412
47,6,701
48,6,711
49,6,666
50,6,150
51,6,11
52,6,400
53,6,387
54,6,914
55,6,763
56,6,646
57,6,238
58,6,167
59,6,891
60,6,338
61,6,312
62,6,323
63,6,815
64,6,683
65,6,848
66,6,408
67,6,519
68,6,585
69,6,742
70,6,286
71,6,453
72,6,654
73,6,532
74,6,322
75,6,279
76,6,548
77,6,153
78,6,887
79,6,600
80,6,311
81,6,355
82,6,536
83,6,807
84,6,633
85,6,712
86,6,350
87,6,233
88,6,595
89,6,832
90,6,203
91,6,749
92,6,343
93,6,280
94,6,334
95,6,816
96,6,303
97,6,889
98,6,818
99,6,594
100,6,901
101,6,523
102,6,669
103,6,402
104,6,878
105,6,651
106,6,165
107,6,339
108,6,741
109,6,441
110,6,888
111,6,520
112,6,469
113,6,814
114,6,721
115,6,450
116,6,328
117,6,465
118,6,546
119,6,558
120,6,881
121,6,437
122,6,200
123,6,786
124,6,224
125,6,531
126,6,185
127,6,140
128,6,768
129,6,347
130,6,85
131,6,909
132,6,220
133,6,484
134,6,652
135,6,522
136,6,890
137,6,394
138,6,149
139,6,847
140,6,236
141,6,923
142,6,382
143,6,178
144,6,237
145,6,921
146,6,613
147,6,187
148,6,210
149,6,212
150,6,442
151,6,550
152,6,497
153,6,668
154,6,464
155,6,174
156,6,710
157,6,693
158,6,903
159,6,599
160,6,431
161,6,792
162,6,597
163,6,228
164,6,439
165,6,331
166,6,430
167,6,684
168,6,370
169,6,840
170,6,461
171,6,569
172,6,379
173,6,335
174,6,653
175,6,561
176,6,257
177,6,904
178,6,845
179,6,217
180,6,1003
181,6,857
182,6,403
183,6,89
184,6,330
185,6,272
186,6,694
187,6,84
188,6,581
189,6,780
190,6,108
191,6,473
192,6,624
193,6,482
194,6,583
195,6,843
196,6,168
197,6,877
198,6,864
199,6,369
200,6,787
201,6,466
202,6,631
203,6,234
204,6,592
205,6,41
206,6,393
207,6,329
208,6,566
209,6,443
210,6,205
211,6,667
212,6,426
213,6,51
214,6,440
215,6,86
216,6,922
217,6,836
218,6,378
219,6,353
220,6,905
221,6,458
222,6,410
223,6,172
224,6,368
225,6,173
226,6,381
227,6,819
228,6,740
229,6,99
230,6,409
231,6,155
232,6,514
233,6,468
234,6,470
235,6,219
236,6,849
237,6,39
238,6,163
239,6,346
240,6,538
241,6,553
242,6,879
243,6,820
244,6,534
245,6,227
246,6,405
247,6,562
248,6,364
249,6,317
250,6,354
251,6,970
252,6,46
253,6,298
254,6,38
255,6,485
256,6,40
257,6,638
258,6,199
259,6,852
260,6,291
261,6,537
262,6,509
263,6,117
264,6,746
265,6,560
266,6,127
267,6,528
268,6,460
269,6,244
270,6,195
271,6,630
272,6,813
273,6,377
274,6,401
275,6,91
276,6,349
277,6,617
278,6,148
279,6,662
280,6,884
281,6,171
282,6,189
283,6,777
284,6,775
285,6,586
286,6,913
287,6,499
288,6,743
289,6,892
290,6,910
291,6,264
292,6,602
293,6,344
294,6,498
295,6,755
296,6,436
297,6,502
298,6,123
299,6,139
300,6,308
301,6,213
302,6,204
303,6,912
304,6,147
305,6,882
306,6,491
307,6,8
308,6,302
309,6,266
310,6,977
311,6,269
312,6,472
313,6,626
314,6,388
315,6,559
316,6,188
317,6,471
318,6,563
319,6,942
320,6,207
321,6,252
322,6,404
323,6,588
324,6,73
325,6,301
326,6,327
327,6,876
328,6,366
329,6,43
330,6,554
331,6,671
332,6,936
333,6,131
334,6,978
335,6,883
336,6,202
337,6,438
338,6,256
339,6,798
340,6,603
341,6,551
342,6,54
343,6,650
344,6,607
345,6,842
346,6,222
347,6,648
348,6,776
349,6,979
350,6,42
351,6,830
352,6,924
353,6,663
354,6,254
355,6,459
356,6,285
357,6,539
358,6,226
359,6,527
360,6,75
361,6,504
362,6,810
363,6,920
364,6,307
365,6,940
366,6,274
367,6,490
368,6,885
369,6,865
370,6,371
371,6,861
372,6,424
373,6,696
374,6,10
375,6,826
376,6,744
377,6,318
378,6,627
379,6,107
380,6,727
381,6,911
382,6,915
383,6,265
384,6,419
385,6,109
386,6,540
387,6,658
388,6,856
389,6,225
390,6,114
391,6,682
392,6,259
393,6,661
394,6,375
395,6,342
396,6,457
397,6,947
398,6,584
399,6,392
0,7,708
1,7,565
2,7,583
3,7,344
4,7,876
5,7,954
6,7,900
7,7,548
8,7,117
9,7,658
10,7,362
11,7,693
12,7,818
13,7,754
14,7,5
15,7,617
16,7,784
17,7,501
18,7,433
19,7,752
20,7,596
21,7,483
22,7,281
23,7,185
24,7,691
25,7,881
26,7,727
27,7,570
28,7,874
29,7,208
30,7,808
31,7,233
32,7,1010
33,7,605
34,7,914
35,7,464
36,7,553
37,7,959
38,7,313
39,7,336
40,7,883
41,7,875
42,7,692
43,7,241
44,7,366
45,7,434
46,7,444
47,7,669
48,7,712
49,7,698
50,7,150
51,7,11
52,7,432
53,7,419
54,7,913
55,7,795
56,7,647
57,7,238
58,7,168
59,7,890
60,7,370
61,7,312
62,7,355
63,7,783
64,7,682
65,7,880
66,7,440
67,7,487
68,7,586
69,7,743
70,7,318
71,7,421
72,7,653
73,7,532
74,7,323
75,7,279
76,7,580
77,7,153
78,7,886
79,7,599
80,7,311
81,7,387
82,7,504
83,7,807
84,7,633
85,7,680
86,7,382
87,7,234
88,7,594
89,7,800
90,7,202
91,7,717
92,7,375
93,7,280
94,7,335
95,7,817
96,7,304
97,7,888
98,7,786
99,7,626
100,7,902
101,7,555
102,7,637
103,7,401
104,7,879
105,7,650
106,7,166
107,7,307
108,7,742
109,7,473
110,7,856
111,7,519
112,7,437
113,7,815
114,7,722
115,7,450
116,7,329
117,7,465
118,7,546
119,7,559
120,7,849
121,7,436
122,7,201
123,7,785
124,7,224
125,7,563
126,7,184
127,7,172
128,7,769
129,7,346
130,7,85
131,7,909
132,7,188
133,7,516
134,7,620
135,7,490
136,7,889
137,7,393
138,7,148
139,7,848
140,7,237
141,7,922
142,7,381
143,7,146
144,7,269
145,7,953
146,7,645
147,7,186
148,7,178
149,7,211
150,7,443
151,7,550
152,7,497
153,7,668
154,7,463
155,7,175
156,7,711
157,7,694
158,7,904
159,7,598
160,7,399
161,7,760
162,7,597
163,7,228
164,7,438
165,7,331
166,7,431
167,7,683
168,7,402
169,7,841
170,7,462
171,7,537
172,7,378
173,7,303
174,7,652
175,7,561
176,7,225
177,7,905
178,7,845
179,7,249
180,7,1003
181,7,858
182,7,435
183,7,121
184,7,330
185,7,273
186,7,662
187,7,52
188,7,549
189,7,779
190,7,109
191,7,472
192,7,624
193,7,514
194,7,551
195,7,811
196,7,200
197,7,878
198,7,832
199,7,369
200,7,755
201,7,498
202,7,630
203,7,266
204,7,592
205,7,42
206,7,361
207,7,297
208,7,567
209,7,475
210,7,206
211,7,667
212,7,394
213,7,50
214,7,439
215,7,86
216,7,921
217,7,804
218,7,410
219,7,385
220,7,906
221,7,426
222,7,409
223,7,173
224,7,368
225,7,205
226,7,413
227,7,820
228,7,741
229,7,131
230,7,377
231,7,155
232,7,515
233,7,469
234,7,502
235,7,219
236,7,850
237,7,40
238,7,195
239,7,345
240,7,506
241,7,554
242,7,847
243,7,821
244,7,533
245,7,259
246,7,404
247,7,562
248,7,332
249,7,349
250,7,322
251,7,938
252,7,47
253,7,299
254,7,39
255,7,484
256,7,41
257,7,670
258,7,167
259,7,851
260,7,292
261,7,536
262,7,541
263,7,149
264,7,747
265,7,528
266,7,127
267,7,496
268,7,428
269,7,244
270,7,227
271,7,629
272,7,814
273,7,376
274,7,400
275,7,123
276,7,348
277,7,649
278,7,116
279,7,663
280,7,852
281,7,203
282,7,189
283,7,777
284,7,776
285,7,587
286,7,912
287,7,531
288,7,775
289,7,891
290,7,911
291,7,264
292,7,601
293,7,343
294,7,499
295,7,723
296,7,468
297,7,534
298,7,122
299,7,140
300,7,276
301,7,245
302,7,204
303,7,944
304,7,147
305,7,882
306,7,523
307,7,8
308,7,302
309,7,298
310,7,977
311,7,301
312,7,471
313,7,625
314,7,420
315,7,560
316,7,187
317,7,470
318,7,564
319,7,910
320,7,239
321,7,284
322,7,403
323,7,589
324,7,73
325,7,333
326,7,328
327,7,877
328,7,334
329,7,44
330,7,522
331,7,639
332,7,936
333,7,163
334,7,978
335,7,884
336,7,170
337,7,406
338,7,257
339,7,766
340,7,602
341,7,552
342,7,54
343,7,618
344,7,575
345,7,843
346,7,254
347,7,616
348,7,744
349,7,979
350,7,43
351,7,798
352,7,892
353,7,631
354,7,286
355,7,491
356,7,317
357,7,571
358,7,194
359,7,527
360,7,107
361,7,503
362,7,842
363,7,920
364,7,308
365,7,941
366,7,306
367,7,458
368,7,885
369,7,864
370,7,339
371,7,893
372,7,424
373,7,695
374,7,10
375,7,826
376,7,745
377,7,350
378,7,627
379,7,139
380,7,728
381,7,943
382,7,915
383,7,265
384,7,451
385,7,141
386,7,539
387,7,659
388,7,857
389,7,226
390,7,115
391,7,714
392,7,291
393,7,660
394,7,407
395,7,342
396,7,457
397,7,946
398,7,585
399,7,392
0,8,709
1,8,533
2,8,551
3,8,343
4,8,877
5,8,954
6,8,901
7,8,580
8,8,149
9,8,658
10,8,363
11,8,661
12,8,786
13,8,755
14,8,6
15,8,618
16,8,783
17,8,501
18,8,432
19,8,753
20,8,595
21,8,482
22,8,313
23,8,184
24,8,690
25,8,882
26,8,727
27,8,538
28,8,873
29,8,208
30,8,808
31,8,233
32,8,1011
33,8,573
34,8,913
35,8,465
36,8,554
37,8,927
38,8,312
39,8,368
40,8,915
41,8,876
42,8,693
43,8,209
44,8,334
45,8,433
46,8,443
47,8,637
48,8,680
49,8,730
50,8,151
51,8,43
52,8,464
53,8,451
54,8,912
55,8,827
56,8,648
57,8,206
58,8,200
59,8,889
60,8,402
61,8,344
62,8,387
63,8,782
64,8,714
65,8,880
66,8,440
67,8,486
68,8,587
69,8,711
70,8,350
71,8,422
72,8,652
73,8,564
74,8,324
75,8,280
76,8,612
77,8,153
78,8,885
79,8,598
80,8,279
81,8,419
82,8,472
83,8,775
84,8,633
85,8,681
86,8,381
87,8,235
88,8,626
89,8,768
90,8,234
91,8,716
92,8,374
93,8,281
94,8,336
95,8,817
96,8,304
97,8,887
98,8,754
99,8,625
100,8,903
101,8,523
102,8,605
103,8,400
104,8,847
105,8,649
106,8,134
107,8,306
108,8,710
109,8,505
110,8,824
111,8,487
112,8,405
113,8,816
114,8,722
115,8,450
116,8,297
117,8,466
118,8,547
119,8,527
120,8,881
121,8,436
122,8,202
123,8,784
124,8,225
125,8,562
126,8,183
127,8,140
128,8,770
129,8,346
130,8,85
131,8,908
132,8,187
133,8,516
134,8,619
135,8,458
136,8,888
137,8,394
138,8,147
139,8,849
140,8,238
141,8,921
142,8,413
143,8,114
144,8,237
145,8,952
146,8,677
147,8,185
148,8,179
149,8,210
150,8,475
151,8,518
152,8,498
153,8,668
154,8,431
155,8,207
156,8,679
157,8,662
158,8,905
159,8,597
160,8,367
161,8,760
162,8,565
163,8,228
164,8,438
165,8,299
166,8,430
167,8,682
168,8,401
169,8,842
170,8,462
171,8,537
172,8,377
173,8,335
174,8,684
175,8,529
176,8,193
177,8,906
178,8,845
179,8,249
180,8,1003
181,8,857
182,8,434
183,8,122
184,8,329
185,8,305
186,8,663
187,8,20
188,8,517
189,8,778
190,8,110
191,8,471
192,8,592
193,8,546
194,8,550
195,8,810
196,8,201
197,8,910
198,8,800
199,8,370
200,8,723
201,8,499
202,8,629
203,8,298
204,8,560
205,8,42
206,8,361
207,8,265
208,8,568
209,8,507
210,8,174
211,8,667
212,8,362
213,8,49
214,8,407
215,8,86
216,8,953
217,8,772
218,8,442
219,8,417
220,8,874
221,8,426
222,8,410
223,8,205
224,8,369
225,8,204
226,8,445
227,8,821
228,8,742
229,8,163
230,8,409
231,8,156
232,8,514
233,8,437
234,8,534
235,8,219
236,8,818
237,8,40
238,8,227
239,8,345
240,8,474
241,8,522
242,8,848
243,8,822
244,8,532
245,8,291
246,8,403
247,8,561
248,8,364
249,8,348
250,8,322
251,8,939
252,8,48
253,8,267
254,8,39
255,8,484
256,8,41
257,8,669
258,8,166
259,8,883
260,8,260
261,8,535
262,8,542
263,8,150
264,8,748
265,8,496
266,8,127
267,8,497
268,8,396
269,8,276
270,8,259
271,8,628
272,8,815
273,8,376
274,8,399
275,8,155
276,8,347
277,8,617
278,8,117
279,8,695
280,8,851
281,8,203
282,8,188
283,8,777
284,8,744
285,8,555
286,8,911
287,8,563
288,8,776
289,8,890
290,8,879
291,8,264
292,8,600
293,8,311
294,8,531
295,8,724
296,8,467
297,8,566
298,8,154
299,8,141
300,8,308
301,8,277
302,8,172
303,8,945
304,8,115
305,8,850
306,8,524
307,8,8
308,8,303
309,8,330
310,8,977
311,8,302
312,8,439
313,8,624
314,8,421
315,8,559
316,8,186
317,8,469
318,8,596
319,8,942
320,8,240
321,8,316
322,8,435
323,8,590
324,8,73
325,8,332
326,8,328
327,8,878
328,8,333
329,8,45
330,8,490
331,8,607
332,8,904
333,8,195
334,8,978
335,8,852
336,8,170
337,8,406
338,8,257
339,8,734
340,8,601
341,8,552
342,8,54
343,8,586
344,8,574
345,8,875
346,8,286
347,8,584
348,8,743
349,8,979
350,8,44
351,8,766
352,8,891
353,8,599
354,8,318
355,8,491
356,8,349
357,8,603
358,8,194
359,8,528
360,8,139
361,8,502
362,8,843
363,8,920
364,8,309
365,8,909
366,8,338
367,8,459
368,8,884
369,8,832
370,8,307
371,8,925
372,8,392
373,8,694
374,8,11
375,8,826
376,8,745
377,8,382
378,8,659
379,8,171
380,8,728
381,8,943
382,8,914
383,8,266
384,8,483
385,8,142
386,8,571
387,8,660
388,8,856
389,8,226
390,8,116
391,8,746
392,8,323
393,8,692
394,8,408
395,8,342
396,8,457
397,8,946
398,8,553
399,8,393
0,9,709
1,9,501
2,9,552
3,9,342
4,9,878
5,9,954
6,9,902
7,9,612
8,9,181
9,9,626
10,9,363
11,9,629
12,9,754
13,9,787
14,9,38
15,9,618
16,9,815
17,9,502
18,9,431
19,9,721
20,9,594
21,9,450
22,9,312
23,9,183
24,9,689
25,9,914
26,9,695
27,9,506
28,9,872
29,9,176
30,9,807
31,9,234
32,9,1012
33,9,541
34,9,881
35,9,497
36,9,522
37,9,895
38,9,344
39,9,367
40,9,915
41,9,877
42,9,661
43,9,177
44,9,333
45,9,432
46,9,475
47,9,605
48,9,681
49,9,731
50,9,150
51,9,75
52,9,465
53,9,483
54,9,912
55,9,826
56,9,649
57,9,205
58,9,201
59,9,888
60,9,401
61,9,376
62,9,419
63,9,814
64,9,713
65,9,879
66,9,439
67,9,518
68,9,588
69,9,743
70,9,382
71,9,423
72,9,651
73,9,563
74,9,325
75,9,279
76,9,613
77,9,153
78,9,884
79,9,630
80,9,311
81,9,451
82,9,440
83,9,775
84,9,601
85,9,682
86,9,413
87,9,236
88,9,625
89,9,769
90,9,266
91,9,684
92,9,373
93,9,280
94,9,336
95,9,785
96,9,304
97,9,886
98,9,722
99,9,657
100,9,904
101,9,555
102,9,604
103,9,368
104,9,848
105,9,617
106,9,135
107,9,305
108,9,711
109,9,504
110,9,792
111,9,486
112,9,406
113,9,817
114,9,690
115,9,418
116,9,265
117,9,466
118,9,515
119,9,528
120,9,880
121,9,435
122,9,203
123,9,783
124,9,193
125,9,562
126,9,151
127,9,139
128,9,738
129,9,378
130,9,117
131,9,908
132,9,186
133,9,548
134,9,619
135,9,457
136,9,887
137,9,426
138,9,146
139,9,850
140,9,239
141,9,921
142,9,445
143,9,114
144,9,238
145,9,952
146,9,678
147,9,184
148,9,147
149,9,209
150,9,507
151,9,550
152,9,499
153,9,669
154,9,399
155,9,208
156,9,680
157,9,694
158,9,873
159,9,565
160,9,335
161,9,728
162,9,533
163,9,229
164,9,437
165,9,299
166,9,430
167,9,714
168,9,400
169,9,843
170,9,462
171,9,505
172,9,345
173,9,334
174,9,683
175,9,561
176,9,161
177,9,907
178,9,845
179,9,281
180,9,1003
181,9,857
182,9,433
183,9,123
184,9,328
185,9,273
186,9,662
187,9,20
188,9,516
189,9,777
190,9,142
191,9,471
192,9,592
193,9,578
194,9,549
195,9,842
196,9,202
197,9,911
198,9,768
199,9,371
200,9,691
201,9,531
202,9,628
203,9,330
204,9,559
205,9,43
206,9,362
207,9,233
208,9,569
209,9,539
210,9,175
211,9,667
212,9,394
213,9,48
214,9,375
215,9,85
216,9,953
217,9,772
218,9,441
219,9,449
220,9,875
221,9,458
222,9,442
223,9,237
224,9,369
225,9,204
226,9,477
227,9,822
228,9,710
229,9,195
230,9,410
231,9,155
232,9,482
233,9,405
234,9,566
235,9,219
236,9,786
237,9,41
238,9,259
239,9,313
240,9,473
241,9,523
242,9,849
243,9,823
244,9,564
245,9,323
246,9,402
247,9,560
248,9,364
249,9,347
250,9,322
251,9,940
252,9,80
253,9,267
254,9,39
255,9,485
256,9,42
257,9,701
258,9,134
259,9,882
260,9,228
261,9,534
262,9,510
263,9,118
264,9,780
265,9,464
266,9,127
267,9,496
268,9,396
269,9,308
270,9,291
271,9,596
272,9,816
273,9,377
274,9,398
275,9,187
276,9,346
277,9,616
278,9,149
279,9,696
280,9,852
281,9,235
282,9,188
283,9,776
284,9,712
285,9,556
286,9,943
287,9,595
288,9,808
289,9,889
290,9,847
291,9,264
292,9,599
293,9,310
294,9,532
295,9,725
296,9,467
297,9,598
298,9,154
299,9,173
300,9,307
301,9,309
302,9,172
303,9,977
304,9,116
305,9,818
306,9,525
307,9,40
308,9,303
309,9,329
310,9,978
311,9,302
312,9,407
313,9,624
314,9,453
315,9,558
316,9,185
317,9,468
318,9,597
319,9,974
320,9,272
321,9,348
322,9,434
323,9,590
324,9,74
325,9,331
326,9,327
327,9,910
328,9,332
329,9,46
330,9,490
331,9,575
332,9,905
333,9,227
334,9,1010
335,9,820
336,9,138
337,9,438
338,9,225
339,9,733
340,9,600
341,9,584
342,9,86
343,9,586
344,9,542
345,9,876
346,9,318
347,9,585
348,9,742
349,9,979
350,9,45
351,9,734
352,9,890
353,9,567
354,9,350
355,9,491
356,9,349
357,9,635
358,9,194
359,9,529
360,9,107
361,9,470
362,9,844
363,9,920
364,9,341
365,9,909
366,9,370
367,9,460
368,9,883
369,9,800
370,9,306
371,9,924
372,9,393
373,9,693
374,9,12
375,9,858
376,9,746
377,9,381
378,9,658
379,9,171
380,9,727
381,9,942
382,9,913
383,9,298
384,9,484
385,9,174
386,9,570
387,9,692
388,9,856
389,9,226
390,9,148
391,9,778
392,9,355
393,9,724
394,9,409
395,9,374
396,9,489
397,9,946
398,9,554
399,9,361
0,10,709
1,10,469
2,10,552
3,10,374
4,10,910
5,10,954
6,10,903
7,10,613
8,10,213
9,10,625
10,10,363
11,10,597
12,10,722
13,10,787
14,10,39
15,10,618
16,10,816
17,10,534
18,10,463
19,10,689
20,10,626
21,10,418
22,10,344
23,10,151
24,10,688
25,10,915
26,10,663
27,10,474
28,10,904
29,10,175
30,10,775
31,10,266
32,10,1013
33,10,541
34,10,880
35,10,498
36,10,521
37,10,894
38,10,376
39,10,368
40,10,947
41,10,877
42,10,661
43,10,176
44,10,332
45,10,431
46,10,507
47,10,573
48,10,682
49,10,732
50,10,149
51,10,107
52,10,465
53,10,484
54,10,913
55,10,825
56,10,650
57,10,205
58,10,202
59,10,887
60,10,400
61,10,377
62,10,451
63,10,815
64,10,745
65,10,878
66,10,438
67,10,519
68,10,588
69,10,744
70,10,381
71,10,424
72,10,651
73,10,562
74,10,326
75,10,311
76,10,614
77,10,153
78,10,883
79,10,662
80,10,310
81,10,483
82,10,439
83,10,743
84,10,569
85,10,683
86,10,445
87,10,237
88,10,624
89,10,770
90,10,265
91,10,652
92,10,405
93,10,279
94,10,335
95,10,785
96,10,305
97,10,885
98,10,690
99,10,656
100,10,905
101,10,555
102,10,603
103,10,336
104,10,849
105,10,617
106,10,136
107,10,273
108,10,712
109,10,503
110,10,760
111,10,518
112,10,407
113,10,817
114,10,658
115,10,417
116,10,233
117,10,434
118,10,514
119,10,528
120,10,879
121,10,435
122,10,204
123,10,782
124,10,161
125,10,561
126,10,150
127,10,171
128,10,739
129,10,346
130,10,117
131,10,876
132,10,185
133,10,547
134,10,619
135,10,489
136,10,886
137,10,458
138,10,178
139,10,818
140,10,240
141,10,889
142,10,477
143,10,114
144,10,238
145,10,952
146,10,710
147,10,183
148,10,115
149,10,177
150,10,539
151,10,550
152,10,531
153,10,670
154,10,367
155,10,209
156,10,681
157,10,695
158,10,874
159,10,564
160,10,303
161,10,696
162,10,501
163,10,197
164,10,436
165,10,298
166,10,462
167,10,713
168,10,399
169,10,875
170,10,494
171,10,473
172,10,313
173,10,333
174,10,715
175,10,529
176,10,129
177,10,908
178,10,813
179,10,280
180,10,1003
181,10,857
182,10,432
183,10,155
184,10,329
185,10,274
186,10,694
187,10,20
188,10,515
189,10,776
190,10,142
191,10,470
192,10,560
193,10,610
194,10,548
195,10,842
196,10,234
197,10,912
198,10,769
199,10,339
200,10,659
201,10,563
202,10,660
203,10,362
204,10,527
205,10,44
206,10,394
207,10,201
208,10,570
209,10,571
210,10,207
211,10,668
212,10,426
213,10,48
214,10,343
215,10,84
216,10,921
217,10,772
218,10,440
219,10,481
220,10,907
221,10,457
222,10,443
223,10,269
224,10,370
225,10,236
226,10,509
227,10,823
228,10,711
229,10,227
230,10,442
231,10,187
232,10,450
233,10,406
234,10,567
235,10,219
236,10,754
237,10,42
238,10,291
239,10,312
240,10,441
241,10,524
242,10,850
243,10,824
244,10,596
245,10,355
246,10,401
247,10,559
248,10,364
249,10,315
250,10,322
251,10,940
252,10,112
253,10,267
254,10,40
255,10,486
256,10,43
257,10,700
258,10,102
259,10,881
260,10,228
261,10,533
262,10,511
263,10,119
264,10,781
265,10,464
266,10,127
267,10,496
268,10,396
269,10,307
270,10,323
271,10,595
272,10,784
273,10,378
274,10,430
275,10,186
276,10,345
277,10,615
278,10,181
279,10,697
280,10,884
281,10,235
282,10,188
283,10,808
284,10,680
285,10,556
286,10,943
287,10,627
288,10,809
289,10,888
290,10,848
291,10,264
292,10,631
293,10,309
294,10,532
295,10,693
296,10,466
297,10,599
298,10,154
299,10,174
300,10,306
301,10,341
302,10,140
303,10,978
304,10,148
305,10,786
306,10,557
307,10,41
308,10,302
309,10,297
310,10,1010
311,10,334
312,10,408
313,10,592
314,10,485
315,10,590
316,10,184
317,10,467
318,10,598
319,10,942
320,10,304
321,10,347
322,10,433
323,10,589
324,10,74
325,10,299
326,10,328
327,10,911
328,10,331
329,10,47
330,10,491
331,10,574
332,10,873
333,10,259
334,10,1011
335,10,788
336,10,137
337,10,437
338,10,193
339,10,701
340,10,632
341,10,616
342,10,85
343,10,554
344,10,510
345,10,844
346,10,350
347,10,553
348,10,741
349,10,979
350,10,46
351,10,733
352,10,890
353,10,535
354,10,382
355,10,523
356,10,349
357,10,667
358,10,195
359,10,497
360,10,139
361,10,502
362,10,845
363,10,920
364,10,373
365,10,909
366,10,402
367,10,461
368,10,882
369,10,768
370,10,338
371,10,923
372,10,393
373,10,692
374,10,13
375,10,826
376,10,747
377,10,380
378,10,657
379,10,203
380,10,727
381,10,941
382,10,914
383,10,330
384,10,516
385,10,206
386,10,538
387,10,724
388,10,856
389,10,226
390,10,147
391,10,810
392,10,387
393,10,723
394,10,410
395,10,375
396,10,490
397,10,946
398,10,522
399,10,361
0,11,710
1,11,468
2,11,553
3,11,342
4,11,911
5,11,954
6,11,904
7,11,645
8,11,245
9,11,624
10,11,363
11,11,565
12,11,690
13,11,819
14,11,40
15,11,618
16,11,784
17,11,533
18,11,462
19,11,689
20,11,625
21,11,386
22,11,376
23,11,183
24,11,687
25,11,883
26,11,631
27,11,475
28,11,936
29,11,176
30,11,743
31,11,298
32,11,1013
33,11,509
34,11,879
35,11,499
36,11,520
37,11,862
38,11,375
39,11,369
40,11,915
41,11,909
42,11,662
43,11,144
44,11,332
45,11,463
46,11,539
47,11,541
48,11,683
49,11,733
50,11,181
51,11,139
52,11,464
53,11,485
54,11,914
55,11,824
56,11,682
57,11,237
58,11,170
59,11,886
60,11,400
61,11,378
62,11,483
63,11,847
64,11,777
65,11,877
66,11,406
67,11,551
68,11,556
69,11,744
70,11,380
71,11,392
72,11,650
73,11,562
74,11,294
75,11,312
76,11,646
77,11,185
78,11,882
79,11,694
80,11,310
81,11,484
82,11,438
83,11,711
84,11,569
85,11,651
86,11,477
87,11,238
88,11,656
89,11,738
90,11,265
91,11,620
92,11,437
93,11,278
94,11,367
95,11,817
96,11,306
97,11,884
98,11,658
99,11,655
100,11,873
101,11,587
102,11,602
103,11,368
104,11,850
105,11,585
106,11,137
107,11,273
108,11,680
109,11,502
110,11,728
111,11,518
112,11,408
113,11,818
114,11,626
115,11,449
116,11,234
117,11,402
118,11,514
119,11,529
120,11,878
121,11,434
122,11,205
123,11,750
124,11,129
125,11,560
126,11,150
127,11,203
128,11,740
129,11,346
130,11,149
131,11,908
132,11,184
133,11,547
134,11,619
135,11,521
136,11,885
137,11,490
138,11,210
139,11,786
140,11,272
141,11,857
142,11,478
143,11,114
144,11,206
145,11,920
146,11,742
147,11,215
148,11,116
149,11,145
150,11,571
151,11,550
152,11,531
153,11,671
154,11,366
155,11,241
156,11,649
157,11,696
158,11,875
159,11,596
160,11,302
161,11,697
162,11,501
163,11,165
164,11,435
165,11,297
166,11,430
167,11,745
168,11,399
169,11,876
170,11,494
171,11,473
172,11,345
173,11,333
174,11,714
175,11,561
176,11,97
177,11,940
178,11,813
179,11,279
180,11,1003
181,11,858
182,11,431
183,11,187
184,11,328
185,11,274
186,11,693
187,11,20
188,11,515
189,11,775
190,11,174
191,11,469
192,11,528
193,11,642
194,11,580
195,11,874
196,11,266
197,11,913
198,11,770
199,11,340
200,11,627
201,11,595
202,11,692
203,11,394
204,11,527
205,11,45
206,11,426
207,11,201
208,11,538
209,11,570
210,11,208
211,11,669
212,11,458
213,11,16
214,11,311
215,11,52
216,11,921
217,11,772
218,11,472
219,11,482
220,11,907
221,11,457
222,11,444
223,11,301
224,11,370
225,11,204
226,11,508
227,11,855
228,11,712
229,11,259
230,11,443
231,11,188
232,11,418
233,11,374
234,11,599
235,11,219
236,11,722
237,11,43
238,11,323
239,11,313
240,11,440
241,11,525
242,11,851
243,11,792
244,11,597
245,11,387
246,11,433
247,11,558
248,11,364
249,11,316
250,11,322
251,11,941
252,11,113
253,11,235
254,11,41
255,11,486
256,11,44
257,11,732
258,11,70
259,11,880
260,11,228
261,11,532
262,11,479
263,11,151
264,11,782
265,11,496
266,11,127
267,11,497
268,11,396
269,11,339
270,11,324
271,11,594
272,11,752
273,11,410
274,11,429
275,11,218
276,11,344
277,11,614
278,11,213
279,11,698
280,11,852
281,11,236
282,11,189
283,11,807
284,11,648
285,11,524
286,11,943
287,11,628
288,11,810
289,11,887
290,11,849
291,11,264
292,11,630
293,11,308
294,11,564
295,11,661
296,11,465
297,11,600
298,11,186
299,11,175
300,11,307
301,11,373
302,11,108
303,11,978
304,11,148
305,11,754
306,11,589
307,11,73
308,11,334
309,11,329
310,11,1009
311,11,335
312,11,409
313,11,592
314,11,517
315,11,622
316,11,216
317,11,466
318,11,598
319,11,942
320,11,305
321,11,347
322,11,432
323,11,590
324,11,42
325,11,267
326,11,327
327,11,912
328,11,299
329,11,48
330,11,459
331,11,542
332,11,841
333,11,291
334,11,1010
335,11,787
336,11,105
337,11,436
338,11,161
339,11,700
340,11,664
341,11,617
342,11,117
343,11,522
344,11,511
345,11,844
346,11,382
347,11,554
348,11,741
349,11,979
350,11,47
351,11,701
352,11,889
353,11,503
354,11,381
355,11,555
356,11,349
357,11,668
358,11,195
359,11,498
360,11,171
361,11,470
362,11,845
363,11,888
364,11,405
365,11,910
366,11,401
367,11,461
368,11,881
369,11,769
370,11,338
371,11,922
372,11,361
373,11,691
374,11,13
375,11,826
376,11,748
377,11,379
378,11,657
379,11,202
380,11,695
381,11,973
382,11,946
383,11,331
384,11,548
385,11,207
386,11,537
387,11,725
388,11,856
389,11,227
390,11,147
391,11,842
392,11,419
393,11,755
394,11,442
395,11,343
396,11,489
397,11,945
398,11,523
399,11,362
0,12,678
1,12,436
2,12,554
3,12,341
4,12,911
5,12,954
6,12,905
7,12,646
8,12,277
9,12,592
10,12,362
11,12,533
12,12,658
13,12,787
14,12,41
15,12,650
16,12,784
17,12,532
18,12,461
19,12,657
20,12,624
21,12,354
22,12,375
23,12,215
24,12,686
25,12,851
26,12,599
27,12,476
28,12,935
29,12,208
30,12,711
31,12,330
32,12,1013
33,12,477
34,12,878
35,12,467
36,12,521
37,12,830
38,12,407
39,12,369
40,12,915
41,12,910
42,12,694
43,12,112
44,12,364
45,12,462
46,12,571
47,12,509
48,12,651
49,12,734
50,12,213
51,12,171
52,12,496
53,12,517
54,12,882
55,12,823
56,12,683
57,12,205
58,12,138
59,12,885
60,12,401
61,12,410
62,12,484
63,12,847
64,12,776
65,12,876
66,12,374
67,12,552
68,12,557
69,12,745
70,12,379
71,12,393
72,12,649
73,12,563
74,12,294
75,12,313
76,12,647
77,12,185
78,12,881
79,12,693
80,12,311
81,12,516
82,12,406
83,12,710
84,12,537
85,12,652
86,12,478
87,12,239
88,12,688
89,12,739
90,12,297
91,12,588
92,12,469
93,12,310
94,12,368
95,12,849
96,12,307
97,12,883
98,12,626
99,12,654
100,12,874
101,12,586
102,12,601
103,12,400
104,12,818
105,12,584
106,12,137
107,12,272
108,12,681
109,12,534
110,12,727
111,12,486
112,12,376
113,12,786
114,12,594
115,12,450
116,12,235
117,12,370
118,12,515
119,12,529
120,12,877
121,12,434
122,12,206
123,12,749
124,12,97
125,12,528
126,12,150
127,12,202
128,12,708
129,12,346
130,12,181
131,12,907
132,12,184
133,12,548
134,12,619
135,12,553
136,12,884
137,12,489
138,12,210
139,12,785
140,12,304
141,12,825
142,12,510
143,12,146
144,12,174
145,12,888
146,12,743
147,12,214
148,12,148
149,12,144
150,12,603
151,12,550
152,12,531
153,12,639
154,12,334
155,12,273
156,12,617
157,12,728
158,12,875
159,12,595
160,12,303
161,12,696
162,12,501
163,12,133
164,12,435
165,12,298
166,12,398
167,12,777
168,12,399
169,12,844
170,12,494
171,12,473
172,12,344
173,12,333
174,12,713
175,12,561
176,12,65
177,12,908
178,12,812
179,12,278
180,12,1003
181,12,890
182,12,463
183,12,188
184,12,327
185,12,274
186,12,692
187,12,20
188,12,483
189,12,775
190,12,175
191,12,468
192,12,527
193,12,674
194,12,581
195,12,906
196,12,265
197,12,913
198,12,738
199,12,340
200,12,628
201,12,627
202,12,724
203,12,394
204,12,559
205,12,46
206,12,426
207,12,201
208,12,570
209,12,602
210,12,209
211,12,668
212,12,459
213,12,15
214,12,279
215,12,51
216,12,920
217,12,772
218,12,504
219,12,514
220,12,939
221,12,458
222,12,412
223,12,302
224,12,371
225,12,203
226,12,507
227,12,887
228,12,680
229,12,291
230,12,444
231,12,156
232,12,386
233,12,342
234,12,600
235,12,219
236,12,690
237,12,44
238,12,355
239,12,345
240,12,439
241,12,493
242,12,819
243,12,793
244,12,596
245,12,419
246,12,432
247,12,526
248,12,363
249,12,317
250,12,322
251,12,909
252,12,114
253,12,236
254,12,42
255,12,485
256,12,45
257,12,733
258,12,38
259,12,879
260,12,228
261,12,564
262,12,447
263,12,183
264,12,783
265,12,497
266,12,127
267,12,498
268,12,396
269,12,339
270,12,325
271,12,562
272,12,753
273,12,409
274,12,428
275,12,217
276,12,312
277,12,613
278,12,245
279,12,730
280,12,852
281,12,204
282,12,189
283,12,806
284,12,616
285,12,492
286,12,944
287,12,629
288,12,810
289,12,886
290,12,850
291,12,264
292,12,662
293,12,276
294,12,565
295,12,661
296,12,464
297,12,568
298,12,186
299,12,176
300,12,308
301,12,405
302,12,76
303,12,978
304,12,149
305,12,722
306,12,621
307,12,105
308,12,335
309,12,328
310,12,977
311,12,367
312,12,377
313,12,560
314,12,549
315,12,622
316,12,216
317,12,465
318,12,630
319,12,943
320,12,306
321,12,347
322,12,431
323,12,558
324,12,10
325,12,266
326,12,295
327,12,912
328,12,267
329,12,80
330,12,460
331,12,541
332,12,842
333,12,323
334,12,1010
335,12,755
336,12,104
337,12,404
338,12,129
339,12,701
340,12,663
341,12,618
342,12,117
343,12,490
344,12,479
345,12,845
346,12,381
347,12,522
348,12,740
349,12,979
350,12,48
351,12,669
352,12,889
353,12,471
354,12,380
355,12,555
356,12,349
357,12,700
358,12,227
359,12,499
360,12,170
361,12,438
362,12,813
363,12,856
364,12,437
365,12,942
366,12,433
367,12,429
368,12,880
369,12,770
370,12,338
371,12,922
372,12,329
373,12,659
374,12,13
375,12,826
376,12,748
377,12,378
378,12,656
379,12,234
380,12,695
381,12,941
382,12,914
383,12,332
384,12,580
385,12,207
386,12,536
387,12,757
388,12,857
389,12,259
390,12,147
391,12,843
392,12,451
393,12,754
394,12,443
395,12,343
396,12,457
397,12,946
398,12,524
399,12,361
0,13,679
1,13,436
2,13,522
3,13,373
4,13,911
5,13,954
6,13,905
7,13,647
8,13,278
9,13,592
10,13,394
11,13,533
12,13,626
13,13,786
14,13,42
15,13,682
16,13,816
17,13,531
18,13,460
19,13,625
20,13,623
21,13,322
22,13,407
23,13,214
24,13,685
25,13,819
26,13,567
27,13,444
28,13,934
29,13,208
30,13,712
31,13,362
32,13,1013
33,13,445
34,13,877
35,13,435
36,13,553
37,13,798
38,13,439
39,13,368
40,13,915
41,13,910
42,13,662
43,13,144
44,13,363
45,13,461
46,13,570
47,13,477
48,13,652
49,13,735
50,13,245
51,13,203
52,13,528
53,13,518
54,13,881
55,13,822
56,13,651
57,13,205
58,13,139
59,13,884
60,13,433
61,13,442
62,13,516
63,13,847
64,13,775
65,13,875
66,13,406
67,13,584
68,13,558
69,13,746
70,13,378
71,13,393
72,13,617
73,13,564
74,13,295
75,13,312
76,13,648
77,13,217
78,13,880
79,13,692
80,13,343
81,13,548
82,13,405
83,13,678
84,13,505
85,13,653
86,13,510
87,13,240
88,13,720
89,13,740
90,13,329
91,13,556
92,13,501
93,13,342
94,13,400
95,13,850
96,13,308
97,13,851
98,13,594
99,13,686
100,13,874
101,13,618
102,13,600
103,13,401
104,13,817
105,13,583
106,13,137
107,13,272
108,13,649
109,13,566
110,13,695
111,13,485
112,13,408
113,13,754
114,13,595
115,13,450
116,13,236
117,13,338
118,13,514
119,13,561
120,13,876
121,13,466
122,13,207
123,13,748
124,13,65
125,13,529
126,13,118
127,13,234
128,13,709
129,13,346
130,13,213
131,13,906
132,13,185
133,13,549
134,13,619
135,13,554
136,13,883
137,13,521
138,13,209
139,13,785
140,13,304
141,13,793
142,13,542
143,13,114
144,13,173
145,13,856
146,13,744
147,13,246
148,13,148
149,13,145
150,13,635
151,13,550
152,13,499
153,13,607
154,13,302
155,13,305
156,13,585
157,13,760
158,13,843
159,13,627
160,13,335
161,13,664
162,13,502
163,13,101
164,13,434
165,13,298
166,13,366
167,13,776
168,13,399
169,13,845
170,13,493
171,13,473
172,13,376
173,13,301
174,13,745
175,13,562
176,13,33
177,13,940
178,13,812
179,13,310
180,13,1003
181,13,889
182,13,462
183,13,189
184,13,326
185,13,274
186,13,724
187,13,20
188,13,482
189,13,743
190,13,175
191,13,468
192,13,527
193,13,706
194,13,580
195,13,938
196,13,297
197,13,914
198,13,739
199,13,341
200,13,628
201,13,659
202,13,723
203,13,426
204,13,559
205,13,47
206,13,458
207,13,201
208,13,538
209,13,601
210,13,177
211,13,667
212,13,491
213,13,14
214,13,279
215,13,50
216,13,920
217,13,772
218,13,503
219,13,546
220,13,907
221,13,457
222,13,380
223,13,303
224,13,370
225,13,202
226,13,539
227,13,919
228,13,681
229,13,323
230,13,412
231,13,155
232,13,354
233,13,374
234,13,632
235,13,219
236,13,658
237,13,45
238,13,387
239,13,313
240,13,438
241,13,492
242,13,787
243,13,794
244,13,597
245,13,451
246,13,431
247,13,494
248,13,331
249,13,318
250,13,321
251,13,908
252,13,115
253,13,237
254,13,43
255,13,484
256,13,46
257,13,734
258,13,6
259,13,878
260,13,227
261,13,596
262,13,479
263,13,184
264,13,784
265,13,465
266,13,127
267,13,498
268,13,364
269,13,371
270,13,325
271,13,563
272,13,721
273,13,410
274,13,429
275,13,216
276,13,311
277,13,613
278,13,277
279,13,762
280,13,852
281,13,204
282,13,190
283,13,805
284,13,615
285,13,524
286,13,912
287,13,630
288,13,810
289,13,885
290,13,818
291,13,264
292,13,661
293,13,244
294,13,565
295,13,629
296,13,496
297,13,569
298,13,186
299,13,176
300,13,340
301,13,404
302,13,75
303,13,978
304,13,150
305,13,690
306,13,622
307,13,104
308,13,336
309,13,328
310,13,977
311,13,367
312,13,345
313,13,560
314,13,581
315,13,654
316,13,215
317,13,464
318,13,631
319,13,943
320,13,307
321,13,379
322,13,463
323,13,526
324,13,9
325,13,265
326,13,327
327,13,913
328,13,235
329,13,112
330,13,428
331,13,509
332,13,842
333,13,355
334,13,1010
335,13,755
336,13,136
337,13,403
338,13,97
339,13,701
340,13,663
341,13,650
342,13,149
343,13,490
344,13,478
345,13,813
346,13,413
347,13,523
348,13,708
349,13,979
350,13,80
351,13,670
352,13,888
353,13,470
354,13,348
355,13,555
356,13,381
357,13,732
358,13,259
359,13,467
360,13,171
361,13,437
362,13,814
363,13,824
364,13,469
365,13,942
366,13,432
367,13,430
368,13,879
369,13,738
370,13,306
371,13,922
372,13,330
373,13,691
374,13,13
375,13,826
376,13,780
377,13,377
378,13,688
379,13,266
380,13,694
381,13,909
382,13,882
383,13,333
384,13,612
385,13,239
386,13,568
387,13,758
388,13,858
389,13,291
390,13,147
391,13,844
392,13,483
393,13,753
394,13,475
395,13,344
396,13,489
397,13,946
398,13,525
399,13,361
0,14,647
1,14,468
2,14,523
3,14,373
4,14,911
5,14,954
6,14,906
7,14,648
8,14,279
9,14,592
10,14,426
11,14,501
12,14,627
13,14,785
14,14,43
15,14,682
16,14,817
17,14,531
18,14,459
19,14,625
20,14,655
21,14,290
22,14,439
23,14,213
24,14,684
25,14,787
26,14,568
27,14,444
28,14,902
29,14,176
30,14,680
31,14,394
32,14,1013
33,14,413
34,14,876
35,14,436
36,14,554
37,14,798
38,14,471
39,14,400
40,14,947
41,14,910
42,14,694
43,14,112
44,14,331
45,14,460
46,14,602
47,14,445
48,14,653
49,14,767
50,14,277
51,14,202
52,14,560
53,14,519
54,14,880
55,14,821
56,14,652
57,14,204
58,14,171
59,14,883
60,14,432
61,14,443
62,14,548
63,14,847
64,14,807
65,14,874
66,14,405
67,14,584
68,14,558
69,14,747
70,14,410
71,14,393
72,14,585
73,14,564
74,14,263
75,14,311
76,14,616
77,14,249
78,14,879
79,14,724
80,14,375
81,14,580
82,14,404
83,14,646
84,14,473
85,14,654
86,14,542
87,14,241
88,14,719
89,14,708
90,14,361
91,14,555
92,14,502
93,14,343
94,14,401
95,14,851
96,14,309
97,14,852
98,14,594
99,14,685
100,14,842
101,14,650
102,14,599
103,14,433
104,14,818
105,14,583
106,14,137
107,14,272
108,14,617
109,14,565
110,14,695
111,14,486
112,14,408
113,14,754
114,14,596
115,14,418
116,14,237
117,14,338
118,14,482
119,14,562
120,14,875
121,14,465
122,14,208
123,14,748
124,14,33
125,14,529
126,14,117
127,14,266
128,14,710
129,14,378
130,14,245
131,14,938
132,14,186
133,14,517
134,14,619
135,14,522
136,14,882
137,14,553
138,14,209
139,14,753
140,14,305
141,14,793
142,14,574
143,14,114
144,14,173
145,14,824
146,14,776
147,14,246
148,14,149
149,14,145
150,14,667
151,14,550
152,14,498
153,14,575
154,14,301
155,14,306
156,14,586
157,14,760
158,14,844
159,14,659
160,14,367
161,14,665
162,14,470
163,14,100
164,14,434
165,14,297
166,14,366
167,14,775
168,14,399
169,14,813
170,14,461
171,14,441
172,14,344
173,14,269
174,14,744
175,14,563
176,14,1
177,14,941
178,14,811
179,14,278
180,14,1003
181,14,921
182,14,494
183,14,221
184,14,294
185,14,273
186,14,725
187,14,20
188,14,450
189,14,743
190,14,207
191,14,467
192,14,528
193,14,674
194,14,581
195,14,939
196,14,329
197,14,915
198,14,740
199,14,341
200,14,629
201,14,691
202,14,722
203,14,458
204,14,559
205,14,48
206,14,490
207,14,201
208,14,570
209,14,600
210,14,178
211,14,668
212,14,491
213,14,13
214,14,280
215,14,49
216,14,888
217,14,772
218,14,535
219,14,578
220,14,907
221,14,457
222,14,348
223,14,335
224,14,402
225,14,234
226,14,571
227,14,920
228,14,649
229,14,355
230,14,380
231,14,123
232,14,354
233,14,342
234,14,664
235,14,219
236,14,626
237,14,46
238,14,419
239,14,312
240,14,406
241,14,493
242,14,755
243,14,795
244,14,597
245,14,483
246,14,463
247,14,526
248,14,299
249,14,318
250,14,322
251,14,940
252,14,116
253,14,238
254,14,44
255,14,485
256,14,47
257,14,766
258,14,5
259,14,877
260,14,195
261,14,628
262,14,511
263,14,185
264,14,816
265,14,497
266,14,127
267,14,466
268,14,363
269,14,370
270,14,326
271,14,595
272,14,689
273,14,409
274,14,428
275,14,215
276,14,310
277,14,614
278,14,276
279,14,794
280,14,820
281,14,236
282,14,189
283,14,837
284,14,615
285,14,492
286,14,912
287,14,631
288,14,810
289,14,884
290,14,786
291,14,264
292,14,660
293,14,243
294,14,533
295,14,630
296,14,496
297,14,537
298,14,154
299,14,144
300,14,339
301,14,403
302,14,74
303,14,946
304,14,151
305,14,658
306,14,623
307,14,136
308,14,304
309,14,328
310,14,977
311,14,368
312,14,346
313,14,561
314,14,613
315,14,686
316,14,183
317,14,464
318,14,663
319,14,943
320,14,308
321,14,379
322,14,462
323,14,527
324,14,8
325,14,233
326,14,327
327,14,913
328,14,235
329,14,113
330,14,396
331,14,509
332,14,843
333,14,387
334,14,978
335,14,723
336,14,168
337,14,371
338,14,65
339,14,701
340,14,662
341,14,651
342,14,181
343,14,489
344,14,477
345,14,812
346,14,412
347,14,524
348,14,707
349,14,979
350,14,81
351,14,671
352,14,887
353,14,438
354,14,347
355,14,587
356,14,381
357,14,733
358,14,291
359,14,499
360,14,203
361,14,437
362,14,815
363,14,792
364,14,469
365,14,942
366,14,431
367,14,398
368,14,878
369,14,706
370,14,274
371,14,922
372,14,330
373,14,690
374,14,45
375,14,826
376,14,781
377,14,376
378,14,720
379,14,298
380,14,693
381,14,908
382,14,881
383,14,334
384,14,612
385,14,240
386,14,536
387,14,790
388,14,890
389,14,323
390,14,148
391,14,845
392,14,484
393,14,752
394,14,507
395,14,345
396,14,521
397,14,914
398,14,525
399,14,362
0,15,647
1,15,468
2,15,524
3,15,374
4,15,911
5,15,954
6,15,905
7,15,649
8,15,278
9,15,592
10,15,426
11,15,469
12,15,628
13,15,784
14,15,44
15,15,714
16,15,785
17,15,531
18,15,458
19,15,625
20,15,687
21,15,289
22,15,439
23,15,212
24,15,683
25,15,787
26,15,536
27,15,445
28,15,901
29,15,175
30,15,681
31,15,362
32,15,1013
33,15,381
34,15,875
35,15,436
36,15,555
37,15,797
38,15,503
39,15,400
40,15,946
41,15,910
42,15,695
43,15,112
44,15,299
45,15,459
46,15,601
47,15,413
48,15,654
49,15,767
50,15,276
51,15,234
52,15,559
53,15,487
54,15,879
55,15,820
56,15,653
57,15,236
58,15,172
59,15,882
60,15,464
61,15,475
62,15,580
63,15,848
64,15,839
65,15,873
66,15,404
67,15,616
68,15,590
69,15,748
70,15,409
71,15,394
72,15,584
73,15,596
74,15,264
75,15,343
76,15,648
77,15,281
78,15,878
79,15,724
80,15,407
81,15,612
82,15,403
83,15,614
84,15,441
85,15,655
86,15,574
87,15,242
88,15,751
89,15,709
90,15,393
91,15,556
92,15,501
93,15,344
94,15,401
95,15,819
96,15,341
97,15,851
98,15,595
99,15,684
100,15,843
101,15,682
102,15,598
103,15,432
104,15,786
105,15,551
106,15,137
107,15,272
108,15,585
109,15,533
110,15,663
111,15,486
112,15,376
113,15,755
114,15,597
115,15,417
116,15,238
117,15,306
118,15,450
119,15,562
120,15,874
121,15,466
122,15,209
123,15,780
124,15,1
125,15,497
126,15,149
127,15,298
128,15,711
129,15,346
130,15,277
131,15,906
132,15,187
133,15,518
134,15,619
135,15,523
136,15,881
137,15,552
138,15,241
139,15,721
140,15,304
141,15,792
142,15,575
143,15,146
144,15,173
145,15,823
146,15,808
147,15,245
148,15,150
149,15,144
150,15,668
151,15,550
152,15,499
153,15,607
154,15,269
155,15,307
156,15,554
157,15,728
158,15,844
159,15,658
160,15,366
161,15,633
162,15,438
163,15,99
164,15,433
165,15,297
166,15,334
167,15,807
168,15,431
169,15,814
170,15,429
171,15,440
172,15,312
173,15,237
174,15,743
175,15,564
176,15,2
177,15,942
178,15,812
179,15,310
180,15,1003
181,15,889
182,15,493
183,15,253
184,15,293
185,15,305
186,15,725
187,15,20
188,15,418
189,15,742
190,15,208
191,15,435
192,15,529
193,15,675
194,15,581
195,15,938
196,15,361
197,15,916
198,15,708
199,15,373
200,15,629
201,15,690
202,15,722
203,15,490
204,15,558
205,15,80
206,15,522
207,15,200
208,15,538
209,15,599
210,15,179
211,15,669
212,15,491
213,15,12
214,15,279
215,15,49
216,15,887
217,15,772
218,15,567
219,15,610
220,15,939
221,15,457
222,15,316
223,15,367
224,15,434
225,15,266
226,15,570
227,15,921
228,15,617
229,15,387
230,15,348
231,15,91
232,15,322
233,15,342
234,15,696
235,15,219
236,15,594
237,15,47
238,15,451
239,15,311
240,15,405
241,15,492
242,15,723
243,15,796
244,15,565
245,15,484
246,15,462
247,15,494
248,15,267
249,15,318
250,15,323
251,15,941
252,15,117
253,15,239
254,15,45
255,15,485
256,15,48
257,15,798
258,15,5
259,15,876
260,15,163
261,15,660
262,15,510
263,15,186
264,15,817
265,15,465
266,15,127
267,15,498
268,15,331
269,15,370
270,15,358
271,15,563
272,15,657
273,15,377
274,15,428
275,15,214
276,15,309
277,15,615
278,15,308
279,15,795
280,15,852
281,15,235
282,15,188
283,15,869
284,15,583
285,15,460
286,15,912
287,15,632
288,15,842
289,15,883
290,15,754
291,15,265
292,15,659
293,15,211
294,15,534
295,15,630
296,15,528
297,15,537
298,15,153
299,15,176
300,15,338
301,15,402
302,15,42
303,15,914
304,15,183
305,15,626
306,15,624
307,15,168
308,15,303
309,15,328
310,15,977
311,15,368
312,15,347
313,15,560
314,15,645
315,15,685
316,15,215
317,15,496
318,15,664
319,15,944
320,15,340
321,15,378
322,15,461
323,15,527
324,15,8
325,15,201
326,15,327
327,15,945
328,15,203
329,15,114
330,15,364
331,15,509
332,15,811
333,15,419
334,15,978
335,15,691
336,15,167
337,15,339
338,15,66
339,15,701
340,15,694
341,15,652
342,15,213
343,15,489
344,15,477
345,15,813
346,15,444
347,15,525
348,15,739
349,15,979
350,15,113
351,15,639
352,15,886
353,15,406
354,15,379
355,15,586
356,15,380
357,15,734
358,15,291
359,15,467
360,15,202
361,15,437
362,15,847
363,15,760
364,15,470
365,15,943
366,15,463
367,15,399
368,15,877
369,15,674
370,15,273
371,15,922
372,15,329
373,15,689
374,15,13
375,15,826
376,15,782
377,15,375
378,15,720
379,15,330
380,15,661
381,15,907
382,15,880
383,15,335
384,15,613
385,15,240
386,15,504
387,15,791
388,15,891
389,15,355
390,15,148
391,15,845
392,15,516
393,15,752
394,15,539
395,15,345
396,15,553
397,15,913
398,15,526
399,15,363
0,16,615
1,16,469
2,16,525
3,16,374
4,16,911
5,16,954
6,16,904
7,16,650
8,16,279
9,16,592
10,16,426
11,16,437
12,16,596
13,16,785
14,16,45
15,16,714
16,16,817
17,16,532
18,16,490
19,16,626
20,16,686
21,16,257
22,16,438
23,16,211
24,16,682
25,16,787
26,16,537
27,16,413
28,16,901
29,16,174
30,16,649
31,16,394
32,16,1013
33,16,349
34,16,874
35,16,435
36,16,587
37,16,765
38,16,535
39,16,368
40,16,914
41,16,910
42,16,663
43,16,144
44,16,267
45,16,491
46,16,600
47,16,381
48,16,655
49,16,767
50,16,276
51,16,266
52,16,559
53,16,487
54,16,878
55,16,819
56,16,654
57,16,236
58,16,204
59,16,881
60,16,463
61,16,475
62,16,612
63,16,849
64,16,807
65,16,872
66,16,403
67,16,648
68,16,590
69,16,749
70,16,441
71,16,393
72,16,616
73,16,597
74,16,264
75,16,375
76,16,680
77,16,313
78,16,877
79,16,692
80,16,439
81,16,613
82,16,402
83,16,614
84,16,442
85,16,656
86,16,606
87,16,243
88,16,750
89,16,710
90,16,361
91,16,555
92,16,501
93,16,376
94,16,433
95,16,851
96,16,342
97,16,883
98,16,563
99,16,683
100,16,843
101,16,681
102,16,566
103,16,431
104,16,786
105,16,552
106,16,137
107,16,304
108,16,586
109,16,534
110,16,631
111,16,485
112,16,377
113,16,723
114,16,565
115,16,449
116,16,239
117,16,274
118,16,418
119,16,594
120,16,873
121,16,465
122,16,210
123,16,748
124,16,2
125,16,498
126,16,148
127,16,330
128,16,712
129,16,345
130,16,309
131,16,905
132,16,188
133,16,518
134,16,619
135,16,524
136,16,880
137,16,584
138,16,209
139,16,689
140,16,305
141,16,791
142,16,574
143,16,146
144,16,173
145,16,822
146,16,809
147,16,244
148,16,151
149,16,145
150,16,700
151,16,550
152,16,531
153,16,575
154,16,237
155,16,339
156,16,553
157,16,696
158,16,844
159,16,690
160,16,334
161,16,601
162,16,406
163,16,98
164,16,432
165,16,265
166,16,302
167,16,806
168,16,399
169,16,815
170,16,430
171,16,472
172,16,311
173,16,205
174,16,742
175,16,564
176,16,3
177,16,942
178,16,813
179,16,278
180,16,1003
181,16,921
182,16,493
183,16,285
184,16,261
185,16,306
186,16,725
187,16,20
188,16,386
189,16,741
190,16,208
191,16,434
192,16,529
193,16,707
194,16,580
195,16,938
196,16,329
197,16,884
198,16,709
199,16,373
200,16,629
201,16,722
202,16,754
203,16,522
204,16,558
205,16,112
206,16,554
207,16,168
208,16,570
209,16,599
210,16,147
211,16,668
212,16,523
213,16,11
214,16,280
215,16,49
216,16,886
217,16,772
218,16,567
219,16,609
220,16,940
221,16,458
222,16,284
223,16,335
224,16,466
225,16,298
226,16,602
227,16,922
228,16,585
229,16,419
230,16,316
231,16,59
232,16,290
233,16,343
234,16,695
235,16,219
236,16,595
237,16,48
238,16,483
239,16,310
240,16,404
241,16,492
242,16,724
243,16,797
244,16,533
245,16,516
246,16,461
247,16,494
248,16,235
249,16,318
250,16,324
251,16,909
252,16,149
253,16,240
254,16,46
255,16,484
256,16,80
257,16,830
258,16,5
259,16,875
260,16,131
261,16,660
262,16,542
263,16,187
264,16,818
265,16,497
266,16,127
267,16,499
268,16,299
269,16,371
270,16,390
271,16,562
272,16,658
273,16,378
274,16,429
275,16,214
276,16,308
277,16,583
278,16,340
279,16,796
280,16,852
281,16,234
282,16,189
283,16,869
284,16,551
285,16,428
286,16,912
287,16,633
288,16,842
289,16,882
290,16,755
291,16,233
292,16,659
293,16,179
294,16,502
295,16,630
296,16,496
297,16,505
298,16,185
299,16,177
300,16,370
301,16,401
302,16,41
303,16,915
304,16,184
305,16,627
306,16,625
307,16,167
308,16,303
309,16,328
310,16,977
311,16,367
312,16,315
313,16,560
314,16,677
315,16,717
316,16,183
317,16,464
318,16,665
319,16,945
320,16,341
321,16,410
322,16,460
323,16,528
324,16,8
325,16,200
326,16,327
327,16,946
328,16,202
329,16,115
330,16,332
331,16,477
332,16,812
333,16,451
334,16,978
335,16,691
336,16,199
337,16,338
338,16,67
339,16,701
340,16,693
341,16,653
342,16,245
343,16,457
344,16,445
345,16,814
346,16,476
347,16,526
348,16,738
349,16,979
350,16,114
351,16,607
352,16,885
353,16,405
354,16,379
355,16,618
356,16,412
357,16,766
358,16,323
359,16,467
360,16,201
361,16,436
362,16,848
363,16,728
364,16,471
365,16,944
366,16,462
367,16,400
368,16,876
369,16,642
370,16,273
371,16,890
372,16,297
373,16,688
374,16,13
375,16,826
376,16,783
377,16,407
378,16,752
379,16,362
380,16,661
381,16,906
382,16,879
383,16,336
384,16,645
385,16,272
386,16,536
387,16,823
388,16,892
389,16,387
390,16,116
391,16,845
392,16,548
393,16,784
394,16,571
395,16,344
396,16,521
397,16,913
398,16,527
399,16,331
0,17,583
1,17,469
2,17,526
3,17,373
4,17,911
5,17,954
6,17,904
7,17,651
8,17,278
9,17,592
10,17,426
11,17,405
12,17,597
13,17,786
14,17,46
15,17,714
16,17,785
17,17,564
18,17,522
19,17,594
20,17,685
21,17,225
22,17,437
23,17,179
24,17,681
25,17,755
26,17,505
27,17,381
28,17,901
29,17,142
30,17,649
31,17,393
32,17,1013
33,17,317
34,17,873
35,17,435
36,17,588
37,17,733
38,17,567
39,17,367
40,17,913
41,17,910
42,17,664
43,17,176
44,17,235
45,17,490
46,17,632
47,17,349
48,17,656
49,17,767
50,17,276
51,17,298
52,17,560
53,17,487
54,17,877
55,17,818
56,17,655
57,17,204
58,17,205
59,17,880
60,17,462
61,17,476
62,17,613
63,17,817
64,17,775
65,17,840
66,17,402
67,17,647
68,17,558
69,17,750
70,17,440
71,17,361
72,17,617
73,17,629
74,17,263
75,17,376
76,17,648
77,17,312
78,17,876
79,17,691
80,17,471
81,17,645
82,17,401
83,17,614
84,17,443
85,17,657
86,17,638
87,17,244
88,17,782
89,17,711
90,17,362
91,17,556
92,17,501
93,17,377
94,17,434
95,17,852
96,17,343
97,17,851
98,17,531
99,17,682
100,17,843
101,17,713
102,17,565
103,17,430
104,17,754
105,17,584
106,17,137
107,17,272
108,17,587
109,17,535
110,17,599
111,17,486
112,17,378
113,17,724
114,17,533
115,17,450
116,17,240
117,17,242
118,17,386
119,17,595
120,17,905
121,17,433
122,17,211
123,17,748
124,17,3
125,17,497
126,17,147
127,17,331
128,17,680
129,17,313
130,17,309
131,17,906
132,17,189
133,17,518
134,17,619
135,17,525
136,17,879
137,17,616
138,17,210
139,17,690
140,17,306
141,17,790
142,17,606
143,17,114
144,17,141
145,17,821
146,17,841
147,17,212
148,17,183
149,17,113
150,17,732
151,17,550
152,17,532
153,17,574
154,17,236
155,17,340
156,17,521
157,17,728
158,17,845
159,17,722
160,17,302
161,17,569
162,17,374
163,17,98
164,17,432
165,17,264
166,17,303
167,17,838
168,17,431
169,17,816
170,17,429
171,17,473
172,17,311
173,17,173
174,17,741
175,17,596
176,17,4
177,17,942
178,17,812
179,17,277
180,17,1003
181,17,921
182,17,492
183,17,285
184,17,261
185,17,338
186,17,757
187,17,20
188,17,354
189,17,709
190,17,209
191,17,466
192,17,529
193,17,739
194,17,612
195,17,938
196,17,330
197,17,885
198,17,710
199,17,341
200,17,630
201,17,721
202,17,753
203,17,554
204,17,559
205,17,144
206,17,553
207,17,167
208,17,571
209,17,598
210,17,146
211,17,667
212,17,555
213,17,43
214,17,279
215,17,48
216,17,854
217,17,772
218,17,566
219,17,641
220,17,941
221,17,458
222,17,252
223,17,335
224,17,498
225,17,297
226,17,601
227,17,923
228,17,586
229,17,451
230,17,284
231,17,27
232,17,291
233,17,344
234,17,696
235,17,219
236,17,563
237,17,80
238,17,484
239,17,310
240,17,403
241,17,524
242,17,692
243,17,765
244,17,534
245,17,548
246,17,460
247,17,493
248,17,203
249,17,318
250,17,325
251,17,909
252,17,150
253,17,208
254,17,47
255,17,485
256,17,112
257,17,829
258,17,5
259,17,874
260,17,130
261,17,660
262,17,542
263,17,188
264,17,850
265,17,465
266,17,127
267,17,467
268,17,267
269,17,370
270,17,390
271,17,562
272,17,626
273,17,379
274,17,428
275,17,214
276,17,307
277,17,551
278,17,308
279,17,797
280,17,884
281,17,266
282,17,190
283,17,869
284,17,519
285,17,396
286,17,944
287,17,665
288,17,842
289,17,881
290,17,723
291,17,234
292,17,658
293,17,178
294,17,503
295,17,662
296,17,464
297,17,504
298,17,217
299,17,145
300,17,369
301,17,400
302,17,41
303,17,883
304,17,185
305,17,627
306,17,625
307,17,199
308,17,304
309,17,329
310,17,977
311,17,399
312,17,315
313,17,561
314,17,677
315,17,749
316,17,184
317,17,463
318,17,666
319,17,946
320,17,342
321,17,442
322,17,459
323,17,496
324,17,8
325,17,168
326,17,328
327,17,914
328,17,201
329,17,116
330,17,333
331,17,445
332,17,844
333,17,483
334,17,978
335,17,659
336,17,231
337,17,339
338,17,68
339,17,701
340,17,725
341,17,654
342,17,245
343,17,457
344,17,413
345,17,814
346,17,508
347,17,527
348,17,737
349,17,979
350,17,115
351,17,575
352,17,886
353,17,404
354,17,347
355,17,650
356,17,444
357,17,798
358,17,355
359,17,468
360,17,233
361,17,436
362,17,849
363,17,727
364,17,472
365,17,945
366,17,461
367,17,368
368,17,875
369,17,610
370,17,241
371,17,922
372,17,265
373,17,687
374,17,45
375,17,826
376,17,751
377,17,406
378,17,784
379,17,394
380,17,661
381,17,907
382,17,878
383,17,336
384,17,646
385,17,273
386,17,568
387,17,824
388,17,892
389,17,419
390,17,117
391,17,813
392,17,580
393,17,783
394,17,603
395,17,345
396,17,489
397,17,912
398,17,528
399,17,332
0,18,584
1,18,437
2,18,527
3,18,374
4,18,911
5,18,954
6,18,903
7,18,652
8,18,246
9,18,624
10,18,394
11,18,373
12,18,565
13,18,786
14,18,47
15,18,715
16,18,784
17,18,563
18,18,521
19,18,595
20,18,684
21,18,193
22,18,436
23,18,179
24,18,713
25,18,755
26,18,506
27,18,349
28,18,901
29,18,142
30,18,617
31,18,361
32,18,1013
33,18,285
34,18,872
35,18,403
36,18,589
37,18,701
38,18,599
39,18,366
40,18,912
41,18,910
42,18,665
43,18,175
44,18,203
45,18,522
46,18,664
47,18,317
48,18,657
49,18,767
50,18,277
51,18,298
52,18,592
53,18,487
54,18,876
55,18,850
56,18,656
57,18,236
58,18,206
59,18,879
60,18,461
61,18,477
62,18,645
63,18,849
64,18,775
65,18,808
66,18,401
67,18,679
68,18,559
69,18,751
70,18,439
71,18,362
72,18,616
73,18,629
74,18,264
75,18,408
76,18,680
77,18,311
78,18,875
79,18,723
80,18,503
81,18,677
82,18,400
83,18,614
84,18,444
85,18,658
86,18,670
87,18,212
88,18,781
89,18,712
90,18,330
91,18,524
92,18,533
93,18,378
94,18,435
95,18,852
96,18,344
97,18,883
98,18,499
99,18,714
100,18,844
101,18,745
102,18,564
103,18,429
104,18,722
105,18,552
106,18,137
107,18,272
108,18,588
109,18,567
110,18,631
111,18,486
112,18,379
113,18,725
114,18,534
115,18,450
116,18,208
117,18,241
118,18,354
119,18,596
120,18,904
121,18,434
122,18,243
123,18,748
124,18,4
125,18,497
126,18,115
127,18,299
128,18,681
129,18,281
130,18,341
131,18,905
132,18,190
133,18,517
134,18,619
135,18,526
136,18,878
137,18,648
138,18,178
139,18,691
140,18,338
141,18,790
142,18,607
143,18,114
144,18,109
145,18,820
146,18,842
147,18,211
148,18,184
149,18,81
150,18,733
151,18,549
152,18,532
153,18,542
154,18,235
155,18,308
156,18,489
157,18,760
158,18,813
159,18,721
160,18,302
161,18,537
162,18,342
163,18,98
164,18,432
165,18,265
166,18,304
167,18,838
168,18,430
169,18,817
170,18,428
171,18,441
172,18,310
173,18,141
174,18,740
175,18,628
176,18,5
177,18,942
178,18,812
179,18,245
180,18,1003
181,18,921
182,18,491
183,18,284
184,18,261
185,18,370
186,18,758
187,18,20
188,18,322
189,18,710
190,18,210
191,18,465
192,18,529
193,18,771
194,18,613
195,18,938
196,18,331
197,18,886
198,18,711
199,18,340
200,18,662
201,18,753
202,18,785
203,18,553
204,18,560
205,18,145
206,18,585
207,18,199
208,18,571
209,18,630
210,18,147
211,18,668
212,18,554
213,18,42
214,18,278
215,18,16
216,18,822
217,18,772
218,18,598
219,18,673
220,18,909
221,18,426
222,18,220
223,18,336
224,18,498
225,18,297
226,18,600
227,18,924
228,18,586
229,18,483
230,18,252
231,18,27
232,18,259
233,18,312
234,18,728
235,18,219
236,18,531
237,18,112
238,18,516
239,18,309
240,18,371
241,18,492
242,18,693
243,18,797
244,18,566
245,18,580
246,18,459
247,18,493
248,18,204
249,18,318
250,18,326
251,18,908
252,18,151
253,18,209
254,18,48
255,18,485
256,18,144
257,18,828
258,18,37
259,18,873
260,18,129
261,18,660
262,18,541
263,18,189
264,18,851
265,18,433
266,18,127
267,18,466
268,18,267
269,18,402
270,18,390
271,18,562
272,18,594
273,18,347
274,18,396
275,18,214
276,18,306
277,18,550
278,18,276
279,18,798
280,18,885
281,18,266
282,18,158
283,18,869
284,18,518
285,18,364
286,18,943
287,18,697
288,18,810
289,18,880
290,18,724
291,18,202
292,18,690
293,18,177
294,18,504
295,18,694
296,18,463
297,18,536
298,18,249
299,18,146
300,18,369
301,18,399
302,18,41
303,18,884
304,18,186
305,18,627
306,18,626
307,18,231
308,18,305
309,18,329
310,18,945
311,18,431
312,18,315
313,18,561
314,18,709
315,18,750
316,18,185
317,18,462
318,18,667
319,18,914
320,18,343
321,18,474
322,18,458
323,18,464
324,18,8
325,18,167
326,18,328
327,18,882
328,18,200
329,18,117
330,18,301
331,18,413
332,18,845
333,18,484
334,18,978
335,18,659
336,18,230
337,18,307
338,18,69
339,18,700
340,18,757
341,18,655
342,18,244
343,18,457
344,18,381
345,18,782
346,18,540
347,18,528
348,18,737
349,18,979
350,18,116
351,18,574
352,18,854
353,18,404
354,18,346
355,18,682
356,18,476
357,18,799
358,18,387
359,18,467
360,18,234
361,18,468
362,18,881
363,18,695
364,18,473
365,18,946
366,18,460
367,18,367
368,18,874
369,18,578
370,18,240
371,18,922
372,18,233
373,18,686
374,18,45
375,18,826
376,18,783
377,18,438
378,18,816
379,18,393
380,18,661
381,18,906
382,18,877
383,18,368
384,18,647
385,18,273
386,18,568
387,18,825
388,18,892
389,18,451
390,18,149
391,18,814
392,18,612
393,18,815
394,18,635
395,18,345
396,18,490
397,18,944
398,18,496
399,18,333
0,19,552
1,19,405
2,19,528
3,19,406
4,19,879
5,19,954
6,19,904
7,19,653
8,19,245
9,19,625
10,19,394
11,19,374
12,19,566
13,19,786
14,19,48
15,19,714
16,19,784
17,19,562
18,19,520
19,19,563
20,19,683
21,19,161
22,19,435
23,19,178
24,19,713
25,19,723
26,19,474
27,19,350
28,19,901
29,19,142
30,19,616
31,19,361
32,19,1013
33,19,253
34,19,840
35,19,371
36,19,590
37,19,733
38,19,631
39,19,398
40,19,912
41,19,911
42,19,665
43,19,174
44,19,171
45,19,554
46,19,696
47,19,285
48,19,658
49,19,767
50,19,309
51,19,330
52,19,624
53,19,487
54,19,875
55,19,849
56,19,657
57,19,204
58,19,207
59,19,878
60,19,460
61,19,476
62,19,677
63,19,848
64,19,775
65,19,776
66,19,400
67,19,711
68,19,527
69,19,750
70,19,438
71,19,363
72,19,615
73,19,661
74,19,265
75,19,440
76,19,648
77,19,311
78,19,874
79,19,722
80,19,535
81,19,678
82,19,368
83,19,614
84,19,412
85,19,659
86,19,669
87,19,212
88,19,813
89,19,680
90,19,362
91,19,492
92,19,565
93,19,379
94,19,403
95,19,884
96,19,345
97,19,851
98,19,467
99,19,682
100,19,844
101,19,744
102,19,596
103,19,429
104,19,754
105,19,551
106,19,137
107,19,240
108,19,589
109,19,567
110,19,632
111,19,485
112,19,347
113,19,724
114,19,502
115,19,450
116,19,209
117,19,241
118,19,355
119,19,597
120,19,936
121,19,466
122,19,244
123,19,748
124,19,5
125,19,465
126,19,114
127,19,331
128,19,649
129,19,280
130,19,373
131,19,906
132,19,189
133,19,518
134,19,619
135,19,494
136,19,877
137,19,647
138,19,177
139,19,690
140,19,338
141,19,791
142,19,607
143,19,113
144,19,108
145,19,788
146,19,843
147,19,243
148,19,185
149,19,49
150,19,734
151,19,549
152,19,533
153,19,510
154,19,203
155,19,340
156,19,457
157,19,792
158,19,814
159,19,753
160,19,301
161,19,536
162,19,343
163,19,98
164,19,433
165,19,233
166,19,272
167,19,838
168,19,462
169,19,818
170,19,428
171,19,473
172,19,310
173,19,109
174,19,772
175,19,628
176,19,6
177,19,910
178,19,812
179,19,213
180,19,1003
181,19,921
182,19,523
183,19,316
184,19,261
185,19,402
186,19,790
187,19,20
188,19,290
189,19,742
190,19,242
191,19,464
192,19,529
193,19,803
194,19,581
195,19,938
196,19,332
197,19,887
198,19,712
199,19,341
200,19,663
201,19,785
202,19,817
203,19,585
204,19,559
205,19,146
206,19,617
207,19,200
208,19,571
209,19,629
210,19,148
211,19,700
212,19,553
213,19,41
214,19,246
215,19,15
216,19,821
217,19,804
218,19,598
219,19,705
220,19,909
221,19,426
222,19,188
223,19,336
224,19,499
225,19,297
226,19,599
227,19,956
228,19,586
229,19,484
230,19,251
231,19,27
232,19,227
233,19,313
234,19,760
235,19,219
236,19,532
237,19,144
238,19,548
239,19,308
240,19,339
241,19,493
242,19,694
243,19,796
244,19,534
245,19,612
246,19,491
247,19,525
248,19,205
249,19,318
250,19,327
251,19,908
252,19,183
253,19,210
254,19,80
255,19,517
256,19,145
257,19,827
258,19,37
259,19,905
260,19,97
261,19,660
262,19,573
263,19,221
264,19,852
265,19,401
266,19,127
267,19,498
268,19,235
269,19,434
270,19,390
271,19,561
272,19,595
273,19,348
274,19,396
275,19,214
276,19,305
277,19,550
278,19,277
279,19,797
280,19,885
281,19,298
282,19,190
283,19,869
284,19,486
285,19,364
286,19,942
287,19,697
288,19,842
289,19,880
290,19,692
291,19,202
292,19,689
293,19,176
294,19,505
295,19,662
296,19,463
297,19,504
298,19,281
299,19,147
300,19,370
301,19,431
302,19,40
303,19,883
304,19,187
305,19,627
306,19,626
307,19,263
308,19,304
309,19,329
310,19,945
311,19,430
312,19,315
313,19,560
314,19,708
315,19,782
316,19,153
317,19,461
318,19,668
319,19,882
320,19,344
321,19,475
322,19,490
323,19,432
324,19,8
325,19,166
326,19,328
327,19,850
328,19,168
329,19,149
330,19,269
331,19,381
332,19,845
333,19,516
334,19,946
335,19,691
336,19,229
337,19,306
338,19,70
339,19,701
340,19,725
341,19,656
342,19,276
343,19,458
344,19,349
345,19,781
346,19,541
347,19,496
348,19,737
349,19,978
350,19,117
351,19,542
352,19,886
353,19,404
354,19,378
355,19,681
356,19,508
357,19,799
358,19,419
359,19,468
360,19,266
361,19,436
362,19,913
363,19,695
364,19,472
365,19,914
366,19,459
367,19,335
368,19,873
369,19,546
370,19,239
371,19,922
372,19,234
373,19,685
374,19,45
375,19,858
376,19,751
377,19,437
378,19,816
379,19,393
380,19,693
381,19,907
382,19,876
383,19,369
384,19,679
385,19,273
386,19,568
387,19,826
388,19,892
389,19,483
390,19,181
391,19,815
392,19,613
393,19,847
394,19,667
395,19,346
396,19,489
397,19,943
398,19,497
399,19,334
0,20,552
1,20,373
2,20,529
3,20,438
4,20,847
5,20,954
6,20,903
7,20,654
8,20,213
9,20,624
10,20,393
11,20,342
12,20,567
13,20,787
14,20,80
15,20,715
16,20,784
17,20,594
18,20,520
19,20,564
20,20,682
21,20,129
22,20,434
23,20,177
24,20,712
25,20,724
26,20,442
27,20,351
28,20,901
29,20,141
30,20,617
31,20,329
32,20,1013
33,20,221
34,20,808
35,20,371
36,20,558
37,20,733
38,20,663
39,20,398
40,20,880
41,20,911
42,20,665
43,20,142
44,20,139
45,20,553
46,20,696
47,20,253
48,20,626
49,20,767
50,20,277
51,20,362
52,20,623
53,20,487
54,20,874
55,20,881
56,20,658
57,20,204
58,20,208
59,20,877
60,20,459
61,20,476
62,20,678
63,20,849
64,20,775
65,20,744
66,20,399
67,20,711
68,20,526
69,20,749
70,20,437
71,20,331
72,20,615
73,20,660
74,20,233
75,20,472
76,20,616
77,20,311
78,20,873
79,20,721
80,20,535
81,20,679
82,20,367
83,20,614
84,20,380
85,20,627
86,20,701
87,20,244
88,20,845
89,20,681
90,20,361
91,20,491
92,20,597
93,20,379
94,20,404
95,20,885
96,20,346
97,20,883
98,20,435
99,20,714
100,20,812
101,20,743
102,20,596
103,20,430
104,20,722
105,20,583
106,20,137
107,20,239
108,20,590
109,20,599
110,20,600
111,20,517
112,20,348
113,20,725
114,20,470
115,20,450
116,20,210
117,20,240
118,20,323
119,20,598
120,20,935
121,20,465
122,20,276
123,20,748
124,20,6
125,20,433
126,20,113
127,20,330
128,20,650
129,20,279
130,20,374
131,20,905
132,20,189
133,20,519
134,20,619
135,20,494
136,20,876
137,20,648
138,20,209
139,20,691
140,20,339
141,20,790
142,20,607
143,20,81
144,20,140
145,20,788
146,20,843
147,20,242
148,20,186
149,20,48
150,20,766
151,20,550
152,20,534
153,20,478
154,20,171
155,20,341
156,20,457
157,20,824
158,20,815
159,20,785
160,20,269
161,20,504
162,20,344
163,20,98
164,20,432
165,20,201
166,20,273
167,20,838
168,20,461
169,20,819
170,20,429
171,20,441
172,20,310
173,20,108
174,20,771
175,20,628
176,20,38
177,20,878
178,20,813
179,20,212
180,20,1003
181,20,921
182,20,555
183,20,316
184,20,261
185,20,403
186,20,822
187,20,20
188,20,289
189,20,742
190,20,274
191,20,496
192,20,561
193,20,804
194,20,581
195,20,938
196,20,364
197,20,888
198,20,680
199,20,309
200,20,664
201,20,786
202,20,818
203,20,584
204,20,527
205,20,147
206,20,649
207,20,200
208,20,571
209,20,629
210,20,116
211,20,668
212,20,585
213,20,73
214,20,245
215,20,14
216,20,821
217,20,772
218,20,630
219,20,737
220,20,910
221,20,394
222,20,156
223,20,368
224,20,531
225,20,297
226,20,631
227,20,988
228,20,554
229,20,516
230,20,251
231,20,27
232,20,195
233,20,281
234,20,792
235,20,219
236,20,533
237,20,145
238,20,580
239,20,307
240,20,340
241,20,493
242,20,695
243,20,795
244,20,566
245,20,613
246,20,490
247,20,524
248,20,206
249,20,318
250,20,295
251,20,909
252,20,184
253,20,178
254,20,112
255,20,549
256,20,146
257,20,826
258,20,5
259,20,904
260,20,65
261,20,659
262,20,574
263,20,222
264,20,820
265,20,400
266,20,127
267,20,466
268,20,203
269,20,402
270,20,390
271,20,560
272,20,563
273,20,349
274,20,428
275,20,214
276,20,304
277,20,518
278,20,278
279,20,797
280,20,886
281,20,299
282,20,190
283,20,869
284,20,485
285,20,363
286,20,941
287,20,697
288,20,842
289,20,879
290,20,693
291,20,202
292,20,688
293,20,175
294,20,506
295,20,662
296,20,462
297,20,503
298,20,280
299,20,148
300,20,338
301,20,463
302,20,41
303,20,884
304,20,188
305,20,595
306,20,625
307,20,263
308,20,336
309,20,328
310,20,913
311,20,431
312,20,315
313,20,528
314,20,740
315,20,814
316,20,121
317,20,460
318,20,669
319,20,850
320,20,345
321,20,507
322,20,522
323,20,464
324,20,8
325,20,165
326,20,327
327,20,851
328,20,167
329,20,150
330,20,237
331,20,381
332,20,844
333,20,548
334,20,946
335,20,692
336,20,228
337,20,305
338,20,70
339,20,700
340,20,757
341,20,657
342,20,308
343,20,426
344,20,317
345,20,780
346,20,573
347,20,497
348,20,738
349,20,977
350,20,149
351,20,510
352,20,854
353,20,405
354,20,410
355,20,713
356,20,540
357,20,799
358,20,451
359,20,467
360,20,298
361,20,468
362,20,914
363,20,727
364,20,473
365,20,882
366,20,458
367,20,303
368,20,872
369,20,514
370,20,238
371,20,922
372,20,235
373,20,684
374,20,45
375,20,890
376,20,751
377,20,436
378,20,817
379,20,392
380,20,661
381,20,906
382,20,875
383,20,370
384,20,647
385,20,241
386,20,568
387,20,858
388,20,892
389,20,484
390,20,181
391,20,816
392,20,645
393,20,848
394,20,699
395,20,347
396,20,489
397,20,942
398,20,498
399,20,335
0,21,552
1,21,405
2,21,497
3,21,437
4,21,848
5,21,954
6,21,935
7,21,655
8,21,245
9,21,592
10,21,361
11,21,341
12,21,535
13,21,786
14,21,112
15,21,715
16,21,784
17,21,595
18,21,520
19,21,565
20,21,714
21,21,97
22,21,433
23,21,209
24,21,711
25,21,725
26,21,410
27,21,319
28,21,901
29,21,109
30,21,616
31,21,330
32,21,1013
33,21,189
34,21,776
35,21,339
36,21,559
37,21,732
38,21,662
39,21,398
40,21,879
41,21,912
42,21,633
43,21,141
44,21,107
45,21,585
46,21,695
47,21,221
48,21,594
49,21,767
50,21,309
51,21,394
52,21,623
53,21,487
54,21,873
55,21,913
56,21,626
57,21,204
58,21,240
59,21,876
60,21,458
61,21,476
62,21,679
63,21,881
64,21,775
65,21,744
66,21,431
67,21,743
68,21,526
69,21,749
70,21,469
71,21,299
72,21,614
73,21,692
74,21,234
75,21,504
76,21,648
77,21,311
78,21,872
79,21,753
80,21,534
81,21,647
82,21,366
83,21,613
84,21,381
85,21,627
86,21,733
87,21,276
88,21,877
89,21,682
90,21,362
91,21,491
92,21,597
93,21,380
94,21,436
95,21,885
96,21,347
97,21,884
98,21,435
99,21,713
100,21,813
101,21,742
102,21,596
103,21,430
104,21,723
105,21,615
106,21,137
107,21,238
108,21,558
109,21,631
110,21,568
111,21,485
112,21,316
113,21,757
114,21,438
115,21,450
116,21,178
117,21,239
118,21,291
119,21,599
120,21,934
121,21,465
122,21,277
123,21,748
124,21,38
125,21,401
126,21,81
127,21,298
128,21,651
129,21,278
130,21,375
131,21,904
132,21,188
133,21,518
134,21,619
135,21,494
136,21,875
137,21,680
138,21,208
139,21,659
140,21,340
141,21,790
142,21,607
143,21,80
144,21,172
145,21,788
146,21,844
147,21,243
148,21,187
149,21,47
150,21,798
151,21,550
152,21,533
153,21,477
154,21,139
155,21,373
156,21,457
157,21,856
158,21,816
159,21,785
160,21,269
161,21,503
162,21,312
163,21,98
164,21,464
165,21,200
166,21,241
167,21,838
168,21,460
169,21,787
170,21,429
171,21,473
172,21,342
173,21,108
174,21,803
175,21,628
176,21,39
177,21,910
178,21,845
179,21,211
180,21,1003
181,21,921
182,21,587
183,21,317
184,21,261
185,21,371
186,21,854
187,21,20
188,21,257
189,21,710
190,21,274
191,21,528
192,21,561
193,21,836
194,21,581
195,21,938
196,21,396
197,21,889
198,21,681
199,21,310
200,21,665
201,21,818
202,21,850
203,21,583
204,21,527
205,21,148
206,21,649
207,21,199
208,21,571
209,21,629
210,21,117
211,21,667
212,21,617
213,21,105
214,21,244
215,21,13
216,21,822
217,21,804
218,21,598
219,21,769
220,21,911
221,21,393
222,21,156
223,21,400
224,21,531
225,21,265
226,21,632
227,21,1020
228,21,553
229,21,548
230,21,251
231,21,27
232,21,163
233,21,249
234,21,824
235,21,219
236,21,501
237,21,145
238,21,612
239,21,306
240,21,308
241,21,493
242,21,663
243,21,794
244,21,566
245,21,645
246,21,522
247,21,523
248,21,207
249,21,318
250,21,327
251,21,908
252,21,185
253,21,146
254,21,144
255,21,517
256,21,147
257,21,825
258,21,5
259,21,903
260,21,33
261,21,658
262,21,575
263,21,254
264,21,821
265,21,399
266,21,127
267,21,434
268,21,171
269,21,403
270,21,390
271,21,560
272,21,564
273,21,350
274,21,428
275,21,214
276,21,303
277,21,486
278,21,246
279,21,797
280,21,887
281,21,267
282,21,190
283,21,869
284,21,484
285,21,331
286,21,909
287,21,697
288,21,842
289,21,878
290,21,661
291,21,202
292,21,656
293,21,174
294,21,507
295,21,630
296,21,461
297,21,502
298,21,279
299,21,149
300,21,370
301,21,462
302,21,41
303,21,852
304,21,220
305,21,563
306,21,657
307,21,295
308,21,368
309,21,329
310,21,914
311,21,432
312,21,315
313,21,529
314,21,772
315,21,814
316,21,120
317,21,459
318,21,668
319,21,851
320,21,346
321,21,539
322,21,554
323,21,496
324,21,8
325,21,197
326,21,328
327,21,819
328,21,166
329,21,151
330,21,205
331,21,349
332,21,812
333,21,580
334,21,947
335,21,691
336,21,228
337,21,273
338,21,70
339,21,701
340,21,758
341,21,689
342,21,307
343,21,426
344,21,285
345,21,780
346,21,574
347,21,498
348,21,737
349,21,976
350,21,181
351,21,478
352,21,886
353,21,404
354,21,409
355,21,712
356,21,541
357,21,799
358,21,483
359,21,499
360,21,297
361,21,467
362,21,946
363,21,727
364,21,472
365,21,883
366,21,490
367,21,335
368,21,840
369,21,482
370,21,237
371,21,922
372,21,203
373,21,683
374,21,45
375,21,858
376,21,751
377,21,468
378,21,849
379,21,424
380,21,660
381,21,905
382,21,874
383,21,402
384,21,646
385,21,242
386,21,536
387,21,859
388,21,892
389,21,516
390,21,213
391,21,817
392,21,677
393,21,880
394,21,731
395,21,348
396,21,489
397,21,941
398,21,466
399,21,336
0,22,552
1,22,373
2,22,465
3,22,469
4,22,849
5,22,954
6,22,903
7,22,656
8,22,277
9,22,624
10,22,393
11,22,340
12,22,503
13,22,786
14,22,144
15,22,714
16,22,816
17,22,594
18,22,520
19,22,533
20,22,713
21,22,96
22,22,401
23,22,208
24,22,712
25,22,693
26,22,378
27,22,287
28,22,901
29,22,110
30,22,617
31,22,331
32,22,1013
33,22,188
34,22,744
35,22,338
36,22,527
37,22,700
38,22,661
39,22,398
40,22,878
41,22,880
42,22,601
43,22,109
44,22,106
45,22,584
46,22,694
47,22,189
48,22,562
49,22,767
50,22,341
51,22,394
52,22,655
53,22,487
54,22,905
55,22,912
56,22,626
57,22,203
58,22,272
59,22,875
60,22,490
61,22,476
62,22,711
63,22,881
64,22,807
65,22,745
66,22,463
67,22,775
68,22,526
69,22,749
70,22,468
71,22,267
72,22,646
73,22,692
74,22,235
75,22,505
76,22,616
77,22,311
78,22,840
79,22,785
80,22,566
81,22,647
82,22,334
83,22,581
84,22,381
85,22,595
86,22,734
87,22,244
88,22,876
89,22,650
90,22,362
91,22,491
92,22,597
93,22,380
94,22,437
95,22,885
96,22,348
97,22,852
98,22,436
99,22,681
100,22,814
101,22,741
102,22,596
103,22,430
104,22,724
105,22,614
106,22,137
107,22,206
108,22,559
109,22,630
110,22,536
111,22,484
112,22,284
113,22,758
114,22,438
115,22,418
116,22,179
117,22,238
118,22,259
119,22,600
120,22,934
121,22,464
122,22,278
123,22,748
124,22,39
125,22,400
126,22,80
127,22,330
128,22,619
129,22,246
130,22,407
131,22,872
132,22,187
133,22,518
134,22,587
135,22,462
136,22,874
137,22,679
138,22,207
139,22,627
140,22,308
141,22,791
142,22,639
143,22,112
144,22,172
145,22,788
146,22,845
147,22,243
148,22,155
149,22,46
150,22,830
151,22,550
152,22,501
153,22,445
154,22,107
155,22,374
156,22,457
157,22,888
158,22,817
159,22,784
160,22,237
161,22,471
162,22,280
163,22,98
164,22,432
165,22,168
166,22,242
167,22,838
168,22,459
169,22,755
170,22,429
171,22,441
172,22,310
173,22,108
174,22,835
175,22,660
176,22,40
177,22,911
178,22,813
179,22,210
180,22,1003
181,22,921
182,22,586
183,22,316
184,22,261
185,22,371
186,22,886
187,22,20
188,22,256
189,22,742
190,22,306
191,22,560
192,22,529
193,22,868
194,22,580
195,22,938
196,22,396
197,22,890
198,22,649
199,22,309
200,22,633
201,22,819
202,22,882
203,22,615
204,22,528
205,22,149
206,22,648
207,22,200
208,22,603
209,22,628
210,22,118
211,22,667
212,22,585
213,22,104
214,22,212
215,22,12
216,22,854
217,22,836
218,22,598
219,22,768
220,22,943
221,22,392
222,22,156
223,22,399
224,22,531
225,22,264
226,22,664
227,22,1020
228,22,521
229,22,549
230,22,251
231,22,27
232,22,131
233,22,217
234,22,856
235,22,219
236,22,502
237,22,146
238,22,613
239,22,305
240,22,276
241,22,494
242,22,631
243,22,794
244,22,565
245,22,677
246,22,554
247,22,523
248,22,175
249,22,319
250,22,328
251,22,940
252,22,186
253,22,147
254,22,145
255,22,485
256,22,148
257,22,824
258,22,5
259,22,902
260,22,34
261,22,658
262,22,607
263,22,286
264,22,822
265,22,431
266,22,127
267,22,402
268,22,139
269,22,435
270,22,390
271,22,592
272,22,532
273,22,318
274,22,428
275,22,215
276,22,302
277,22,486
278,22,245
279,22,797
280,22,919
281,22,266
282,22,190
283,22,869
284,22,483
285,22,299
286,22,908
287,22,697
288,22,842
289,22,877
290,22,629
291,22,202
292,22,657
293,22,142
294,22,508
295,22,662
296,22,460
297,22,534
298,22,279
299,22,150
300,22,369
301,22,461
302,22,41
303,22,820
304,22,221
305,22,563
306,22,689
307,22,294
308,22,368
309,22,297
310,22,914
311,22,433
312,22,315
313,22,497
314,22,804
315,22,782
316,22,119
317,22,458
318,22,668
319,22,851
320,22,347
321,22,571
322,22,553
323,22,496
324,22,8
325,22,197
326,22,329
327,22,787
328,22,134
329,22,183
330,22,173
331,22,317
332,22,844
333,22,612
334,22,915
335,22,691
336,22,228
337,22,241
338,22,70
339,22,701
340,22,790
341,22,690
342,22,339
343,22,426
344,22,253
345,22,812
346,22,575
347,22,466
348,22,737
349,22,976
350,22,213
351,22,477
352,22,887
353,22,404
354,22,410
355,22,680
356,22,573
357,22,799
358,22,515
359,22,498
360,22,298
361,22,499
362,22,978
363,22,695
364,22,473
365,22,884
366,22,522
367,22,303
368,22,808
369,22,450
370,22,236
371,22,922
372,22,171
373,22,682
374,22,45
375,22,826
376,22,751
377,22,467
378,22,850
379,22,423
380,22,659
381,22,904
382,22,873
383,22,403
384,22,645
385,22,274
386,22,504
387,22,827
388,22,892
389,22,548
390,22,214
391,22,818
392,22,678
393,22,879
394,22,732
395,22,349
396,22,489
397,22,909
398,22,434
399,22,304
0,23,552
1,23,405
2,23,433
3,23,469
4,23,850
5,23,954
6,23,935
7,23,657
8,23,278
9,23,592
10,23,361
11,23,339
12,23,471
13,23,786
14,23,145
15,23,714
16,23,817
17,23,626
18,23,520
19,23,501
20,23,681
21,23,64
22,23,400
23,23,207
24,23,713
25,23,694
26,23,379
27,23,287
28,23,901
29,23,110
30,23,616
31,23,363
32,23,1013
33,23,187
34,23,743
35,23,306
36,23,528
37,23,668
38,23,693
39,23,398
40,23,877
41,23,848
42,23,633
43,23,109
44,23,105
45,23,584
46,23,662
47,23,188
48,23,594
49,23,767
50,23,373
51,23,393
52,23,687
53,23,487
54,23,905
55,23,911
56,23,627
57,23,202
58,23,304
59,23,874
60,23,522
61,23,476
62,23,712
63,23,880
64,23,839
65,23,744
66,23,462
67,23,807
68,23,526
69,23,749
70,23,468
71,23,266
72,23,614
73,23,724
74,23,203
75,23,506
76,23,648
77,23,310
78,23,808
79,23,784
80,23,567
81,23,679
82,23,333
83,23,580
84,23,349
85,23,563
86,23,766
87,23,212
88,23,875
89,23,651
90,23,362
91,23,491
92,23,596
93,23,381
94,23,438
95,23,886
96,23,316
97,23,884
98,23,437
99,23,649
100,23,815
101,23,740
102,23,595
103,23,429
104,23,725
105,23,615
106,23,137
107,23,205
108,23,527
109,23,629
110,23,504
111,23,483
112,23,252
113,23,758
114,23,439
115,23,417
116,23,179
117,23,237
118,23,227
119,23,601
120,23,933
121,23,463
122,23,279
123,23,748
124,23,40
125,23,368
126,23,48
127,23,298
128,23,587
129,23,214
130,23,407
131,23,904
132,23,186
133,23,518
134,23,588
135,23,430
136,23,873
137,23,711
138,23,206
139,23,628
140,23,276
141,23,791
142,23,671
143,23,113
144,23,173
145,23,787
146,23,845
147,23,243
148,23,156
149,23,45
150,23,862
151,23,550
152,23,502
153,23,413
154,23,75
155,23,375
156,23,457
157,23,920
158,23,785
159,23,816
160,23,236
161,23,472
162,23,281
163,23,98
164,23,464
165,23,167
166,23,242
167,23,838
168,23,458
169,23,723
170,23,461
171,23,440
172,23,309
173,23,108
174,23,834
175,23,692
176,23,41
177,23,879
178,23,781
179,23,209
180,23,1003
181,23,921
182,23,618
183,23,317
184,23,261
185,23,403
186,23,854
187,23,20
188,23,256
189,23,742
190,23,307
191,23,559
192,23,529
193,23,900
194,23,548
195,23,938
196,23,396
197,23,891
198,23,650
199,23,341
200,23,665
201,23,851
202,23,914
203,23,583
204,23,496
205,23,150
206,23,647
207,23,201
208,23,571
209,23,660
210,23,119
211,23,667
212,23,617
213,23,136
214,23,211
215,23,11
216,23,822
217,23,804
218,23,566
219,23,800
220,23,944
221,23,392
222,23,157
223,23,399
224,23,532
225,23,263
226,23,663
227,23,1020
228,23,489
229,23,581
230,23,251
231,23,27
232,23,99
233,23,185
234,23,857
235,23,219
236,23,470
237,23,147
238,23,645
239,23,273
240,23,244
241,23,494
242,23,599
243,23,794
244,23,564
245,23,678
246,23,553
247,23,523
248,23,176
249,23,351
250,23,328
251,23,941
252,23,154
253,23,148
254,23,146
255,23,484
256,23,149
257,23,824
258,23,5
259,23,934
260,23,34
261,23,690
262,23,639
263,23,318
264,23,823
265,23,431
266,23,127
267,23,370
268,23,107
269,23,467
270,23,390
271,23,560
272,23,533
273,23,319
274,23,428
275,23,215
276,23,334
277,23,485
278,23,277
279,23,797
280,23,951
281,23,265
282,23,189
283,23,869
284,23,451
285,23,267
286,23,907
287,23,697
288,23,842
289,23,876
290,23,597
291,23,234
292,23,689
293,23,142
294,23,540
295,23,630
296,23,459
297,23,535
298,23,280
299,23,151
300,23,401
301,23,460
302,23,42
303,23,788
304,23,253
305,23,531
306,23,721
307,23,293
308,23,369
309,23,329
310,23,915
311,23,432
312,23,315
313,23,465
314,23,805
315,23,814
316,23,87
317,23,426
318,23,669
319,23,852
320,23,348
321,23,570
322,23,585
323,23,497
324,23,8
325,23,197
326,23,330
327,23,755
328,23,133
329,23,184
330,23,141
331,23,285
332,23,844
333,23,613
334,23,883
335,23,659
336,23,228
337,23,240
338,23,70
339,23,701
340,23,790
341,23,691
342,23,371
343,23,394
344,23,254
345,23,813
346,23,607
347,23,434
348,23,737
349,23,976
350,23,245
351,23,445
352,23,887
353,23,436
354,23,442
355,23,680
356,23,574
357,23,799
358,23,547
359,23,498
360,23,297
361,23,499
362,23,1010
363,23,695
364,23,441
365,23,885
366,23,554
367,23,303
368,23,776
369,23,418
370,23,235
371,23,922
372,23,139
373,23,682
374,23,44
375,23,826
376,23,751
377,23,466
378,23,818
379,23,422
380,23,658
381,23,903
382,23,872
383,23,404
384,23,646
385,23,274
386,23,503
387,23,828
388,23,892
389,23,549
390,23,213
391,23,819
392,23,710
393,23,878
394,23,733
395,23,350
396,23,490
397,23,909
398,23,435
399,23,305
0,24,552
1,24,373
2,24,434
3,24,468
4,24,851
5,24,954
6,24,903
7,24,658
8,24,279
9,24,560
10,24,393
11,24,307
12,24,471
13,24,786
14,24,146
15,24,714
16,24,785
17,24,625
18,24,520
19,24,469
20,24,680
21,24,32
22,24,401
23,24,206
24,24,713
25,24,695
26,24,347
27,24,255
28,24,902
29,24,142
30,24,616
31,24,364
32,24,1013
33,24,186
34,24,742
35,24,274
36,24,496
37,24,669
38,24,692
39,24,399
40,24,876
41,24,849
42,24,601
43,24,108
44,24,104
45,24,583
46,24,661
47,24,187
48,24,562
49,24,767
50,24,374
51,24,394
52,24,719
53,24,487
54,24,906
55,24,910
56,24,595
57,24,201
58,24,305
59,24,873
60,24,554
61,24,476
62,24,744
63,24,848
64,24,807
65,24,745
66,24,461
67,24,808
68,24,527
69,24,749
70,24,467
71,24,298
72,24,613
73,24,723
74,24,203
75,24,506
76,24,648
77,24,310
78,24,776
79,24,783
80,24,568
81,24,647
82,24,332
83,24,548
84,24,317
85,24,564
86,24,798
87,24,213
88,24,874
89,24,652
90,24,361
91,24,523
92,24,628
93,24,380
94,24,439
95,24,887
96,24,284
97,24,852
98,24,437
99,24,681
100,24,816
101,24,739
102,24,594
103,24,429
104,24,693
105,24,614
106,24,137
107,24,204
108,24,528
109,24,597
110,24,472
111,24,451
112,24,253
113,24,758
114,24,407
115,24,418
116,24,179
117,24,236
118,24,195
119,24,602
120,24,932
121,24,463
122,24,311
123,24,748
124,24,41
125,24,367
126,24,47
127,24,297
128,24,588
129,24,214
130,24,375
131,24,905
132,24,185
133,24,518
134,24,620
135,24,398
136,24,872
137,24,712
138,24,205
139,24,629
140,24,276
141,24,790
142,24,670
143,24,114
144,24,173
145,24,755
146,24,877
147,24,244
148,24,157
149,24,44
150,24,894
151,24,551
152,24,534
153,24,381
154,24,76
155,24,376
156,24,458
157,24,952
158,24,753
159,24,784
160,24,235
161,24,473
162,24,249
163,24,98
164,24,432
165,24,166
166,24,243
167,24,838
168,24,490
169,24,691
170,24,460
171,24,441
172,24,309
173,24,107
174,24,866
175,24,724
176,24,42
177,24,847
178,24,780
179,24,208
180,24,1003
181,24,921
182,24,650
183,24,316
184,24,261
185,24,402
186,24,854
187,24,20
188,24,256
189,24,741
190,24,308
191,24,558
192,24,529
193,24,901
194,24,547
195,24,938
196,24,396
197,24,923
198,24,651
199,24,341
200,24,633
201,24,883
202,24,946
203,24,615
204,24,464
205,24,151
206,24,646
207,24,233
208,24,571
209,24,660
210,24,120
211,24,667
212,24,649
213,24,135
214,24,211
215,24,43
216,24,821
217,24,772
218,24,566
219,24,832
220,24,945
221,24,392
222,24,189
223,24,400
224,24,533
225,24,295
226,24,662
227,24,1020
228,24,457
229,24,581
230,24,251
231,24,27
232,24,67
233,24,184
234,24,857
235,24,219
236,24,438
237,24,148
238,24,677
239,24,272
240,24,212
241,24,494
242,24,567
243,24,794
244,24,532
245,24,710
246,24,585
247,24,522
248,24,144
249,24,319
250,24,327
251,24,942
252,24,155
253,24,149
254,24,147
255,24,483
256,24,181
257,24,823
258,24,5
259,24,966
260,24,34
261,24,689
262,24,671
263,24,350
264,24,791
265,24,430
266,24,127
267,24,338
268,24,75
269,24,499
270,24,390
271,24,559
272,24,501
273,24,287
274,24,428
275,24,215
276,24,333
277,24,484
278,24,278
279,24,797
280,24,951
281,24,264
282,24,188
283,24,869
284,24,419
285,24,266
286,24,907
287,24,697
288,24,842
289,24,875
290,24,565
291,24,202
292,24,657
293,24,141
294,24,541
295,24,630
296,24,491
297,24,535
298,24,280
299,24,183
300,24,369
301,24,459
302,24,10
303,24,787
304,24,285
305,24,531
306,24,722
307,24,292
308,24,370
309,24,328
310,24,916
311,24,431
312,24,315
313,24,433
314,24,837
315,24,813
316,24,119
317,24,426
318,24,637
319,24,820
320,24,349
321,24,569
322,24,617
323,24,497
324,24,8
325,24,197
326,24,331
327,24,754
328,24,132
329,24,216
330,24,109
331,24,286
332,24,845
333,24,645
334,24,884
335,24,627
336,24,228
337,24,239
338,24,70
339,24,701
340,24,822
341,24,659
342,24,403
343,24,362
344,24,222
345,24,812
346,24,639
347,24,435
348,24,737
349,24,976
350,24,277
351,24,413
352,24,855
353,24,404
354,24,474
355,24,679
356,24,575
357,24,799
358,24,546
359,24,466
360,24,329
361,24,498
362,24,1011
363,24,663
364,24,442
365,24,886
366,24,553
367,24,304
368,24,777
369,24,386
370,24,234
371,24,922
372,24,138
373,24,682
374,24,12
375,24,826
376,24,751
377,24,465
378,24,850
379,24,454
380,24,626
381,24,904
382,24,840
383,24,405
384,24,678
385,24,273
386,24,504
387,24,828
388,24,892
389,24,550
390,24,245
391,24,819
392,24,711
393,24,878
394,24,734
395,24,351
396,24,489
397,24,909
398,24,436
399,24,306
0,25,551
1,25,341
2,25,435
3,25,468
4,25,819
5,25,954
6,25,903
7,25,659
8,25,311
9,25,560
10,25,394
11,25,306
12,25,472
13,25,786
14,25,178
15,25,714
16,25,753
17,25,657
18,25,520
19,25,470
20,25,680
21,25,0
22,25,400
23,25,205
24,25,681
25,25,663
26,25,347
27,25,254
28,25,934
29,25,142
30,25,617
31,25,364
32,25,1013
33,25,185
34,25,741
35,25,242
36,25,528
37,25,637
38,25,724
39,25,431
40,25,875
41,25,850
42,25,633
43,25,107
44,25,103
45,25,615
46,25,661
47,25,186
48,25,563
49,25,767
50,25,373
51,25,426
52,25,751
53,25,487
54,25,938
55,25,909
56,25,596
57,25,233
58,25,305
59,25,872
60,25,553
61,25,476
62,25,745
63,25,847
64,25,807
65,25,713
66,25,460
67,25,809
68,25,527
69,25,749
70,25,466
71,25,298
72,25,612
73,25,755
74,25,171
75,25,506
76,25,616
77,25,342
78,25,775
79,25,782
80,25,569
81,25,646
82,25,331
83,25,516
84,25,316
85,25,532
86,25,830
87,25,214
88,25,873
89,25,653
90,25,362
91,25,523
92,25,627
93,25,380
94,25,471
95,25,919
96,25,252
97,25,852
98,25,438
99,25,649
100,25,817
101,25,771
102,25,562
103,25,461
104,25,693
105,25,613
106,25,137
107,25,203
108,25,529
109,25,597
110,25,440
111,25,450
112,25,221
113,25,757
114,25,406
115,25,418
116,25,147
117,25,236
118,25,163
119,25,603
120,25,900
121,25,462
122,25,312
123,25,748
124,25,73
125,25,335
126,25,46
127,25,329
128,25,589
129,25,246
130,25,407
131,25,905
132,25,184
133,25,518
134,25,619
135,25,366
136,25,840
137,25,744
138,25,204
139,25,629
140,25,277
141,25,758
142,25,638
143,25,114
144,25,173
145,25,787
146,25,878
147,25,212
148,25,158
149,25,43
150,25,926
151,25,550
152,25,533
153,25,382
154,25,76
155,25,375
156,25,457
157,25,952
158,25,754
159,25,785
160,25,234
161,25,505
162,25,249
163,25,98
164,25,433
165,25,134
166,25,244
167,25,838
168,25,522
169,25,691
170,25,459
171,25,473
172,25,308
173,25,106
174,25,865
175,25,725
176,25,74
177,25,815
178,25,781
179,25,207
180,25,1003
181,25,921
182,25,650
183,25,348
184,25,261
185,25,434
186,25,855
187,25,20
188,25,256
189,25,709
190,25,340
191,25,526
192,25,561
193,25,902
194,25,548
195,25,939
196,25,396
197,25,924
198,25,652
199,25,309
200,25,665
201,25,882
202,25,978
203,25,614
204,25,432
205,25,150
206,25,645
207,25,265
208,25,571
209,25,692
210,25,121
211,25,667
212,25,648
213,25,135
214,25,179
215,25,42
216,25,822
217,25,772
218,25,598
219,25,864
220,25,977
221,25,393
222,25,189
223,25,399
224,25,565
225,25,294
226,25,694
227,25,1020
228,25,489
229,25,581
230,25,251
231,25,27
232,25,35
233,25,183
234,25,857
235,25,219
236,25,439
237,25,149
238,25,678
239,25,304
240,25,211
241,25,494
242,25,535
243,25,794
244,25,531
245,25,711
246,25,584
247,25,554
248,25,112
249,25,318
250,25,295
251,25,943
252,25,187
253,25,117
254,25,148
255,25,451
256,25,213
257,25,791
258,25,5
259,25,965
260,25,34
261,25,688
262,25,670
263,25,349
264,25,792
265,25,429
266,25,127
267,25,339
268,25,75
269,25,467
270,25,390
271,25,558
272,25,469
273,25,255
274,25,428
275,25,215
276,25,332
277,25,483
278,25,279
279,25,797
280,25,951
281,25,263
282,25,188
283,25,869
284,25,387
285,25,267
286,25,906
287,25,697
288,25,842
289,25,874
290,25,566
291,25,202
292,25,656
293,25,140
294,25,541
295,25,630
296,25,490
297,25,534
298,25,280
299,25,151
300,25,368
301,25,491
302,25,9
303,25,788
304,25,317
305,25,499
306,25,723
307,25,291
308,25,338
309,25,327
310,25,884
311,25,463
312,25,315
313,25,401
314,25,837
315,25,812
316,25,119
317,25,458
318,25,605
319,25,821
320,25,381
321,25,601
322,25,585
323,25,496
324,25,8
325,25,197
326,25,299
327,25,722
328,25,132
329,25,217
330,25,110
331,25,285
332,25,813
333,25,677
334,25,885
335,25,595
336,25,228
337,25,238
338,25,70
339,25,701
340,25,854
341,25,660
342,25,402
343,25,330
344,25,190
345,25,844
346,25,671
347,25,436
348,25,737
349,25,976
350,25,278
351,25,413
352,25,823
353,25,403
354,25,442
355,25,647
356,25,607
357,25,799
358,25,514
359,25,498
360,25,328
361,25,497
362,25,1012
363,25,631
364,25,443
365,25,887
366,25,552
367,25,303
368,25,776
369,25,354
370,25,266
371,25,922
372,25,138
373,25,682
374,25,44
375,25,826
376,25,750
377,25,464
378,25,851
379,25,486
380,25,625
381,25,904
382,25,808
383,25,404
384,25,679
385,25,273
386,25,536
387,25,828
388,25,892
389,25,549
390,25,245
391,25,820
392,25,712
393,25,910
394,25,766
395,25,350
396,25,521
397,25,877
398,25,437
399,25,274
0,26,552
1,26,309
2,26,436
3,26,467
4,26,819
5,26,954
6,26,904
7,26,659
8,26,343
9,26,528
10,26,362
11,26,274
12,26,440
13,26,786
14,26,210
15,26,682
16,26,752
17,26,689
18,26,520
19,26,471
20,26,679
21,26,0
22,26,399
23,26,204
24,26,713
25,26,631
26,26,348
27,26,255
28,26,933
29,26,142
30,26,618
31,26,396
32,26,1013
33,26,184
34,26,740
35,26,243
36,26,529
37,26,638
38,26,723
39,26,432
40,26,907
41,26,818
42,26,665
43,26,107
44,26,102
45,26,614
46,26,660
47,26,185
48,26,564
49,26,767
50,26,405
51,26,394
52,26,783
53,26,487
54,26,970
55,26,908
56,26,595
57,26,234
58,26,306
59,26,840
60,26,585
61,26,476
62,26,746
63,26,847
64,26,775
65,26,714
66,26,459
67,26,841
68,26,527
69,26,749
70,26,465
71,26,299
72,26,580
73,26,787
74,26,172
75,26,506
76,26,648
77,26,342
78,26,743
79,26,781
80,26,570
81,26,678
82,26,330
83,26,484
84,26,284
85,26,533
86,26,862
87,26,215
88,26,905
89,26,654
90,26,361
91,26,522
92,26,626
93,26,380
94,26,472
95,26,887
96,26,252
97,26,851
98,26,439
99,26,649
100,26,817
101,26,770
102,26,561
103,26,493
104,26,661
105,26,612
106,26,137
107,26,235
108,26,497
109,26,596
110,26,408
111,26,449
112,26,222
113,26,758
114,26,406
115,26,450
116,26,148
117,26,236
118,26,131
119,26,604
120,26,868
121,26,430
122,26,344
123,26,748
124,26,74
125,26,334
126,26,45
127,26,328
128,26,590
129,26,214
130,26,375
131,26,906
132,26,183
133,26,518
134,26,619
135,26,367
136,26,808
137,26,776
138,26,203
139,26,597
140,26,278
141,26,790
142,26,606
143,26,114
144,26,173
145,26,788
146,26,879
147,26,244
148,26,158
149,26,42
150,26,958
151,26,550
152,26,501
153,26,350
154,26,76
155,26,376
156,26,457
157,26,952
158,26,722
159,26,785
160,26,202
161,26,504
162,26,250
163,26,98
164,26,433
165,26,133
166,26,276
167,26,838
168,26,554
169,26,691
170,26,491
171,26,473
172,26,307
173,26,105
174,26,865
175,26,757
176,26,75
177,26,816
178,26,813
179,26,206
180,26,1003
181,26,921
182,26,650
183,26,349
184,26,261
185,26,435
186,26,856
187,26,20
188,26,256
189,26,741
190,26,341
191,26,525
192,26,560
193,26,934
194,26,548
195,26,938
196,26,428
197,26,956
198,26,653
199,26,308
200,26,666
201,26,914
202,26,979
203,26,613
204,26,400
205,26,150
206,26,645
207,26,233
208,26,571
209,26,724
210,26,122
211,26,667
212,26,680
213,26,135
214,26,179
215,26,41
216,26,854
217,26,772
218,26,566
219,26,896
220,26,978
221,26,393
222,26,157
223,26,431
224,26,565
225,26,293
226,26,693
227,26,1020
228,26,489
229,26,581
230,26,251
231,26,27
232,26,36
233,26,151
234,26,857
235,26,219
236,26,407
237,26,117
238,26,710
239,26,303
240,26,211
241,26,494
242,26,503
243,26,794
244,26,532
245,26,712
246,26,616
247,26,586
248,26,112
249,26,286
250,26,263
251,26,944
252,26,188
253,26,85
254,26,149
255,26,419
256,26,245
257,26,823
258,26,5
259,26,965
260,26,34
261,26,687
262,26,669
263,26,381
264,26,824
265,26,429
266,26,127
267,26,340
268,26,43
269,26,499
270,26,390
271,26,557
272,26,470
273,26,223
274,26,460
275,26,216
276,26,331
277,26,482
278,26,311
279,26,797
280,26,951
281,26,264
282,26,189
283,26,869
284,26,355
285,26,266
286,26,874
287,26,697
288,26,842
289,26,873
290,26,534
291,26,201
292,26,656
293,26,140
294,26,541
295,26,630
296,26,458
297,26,535
298,26,280
299,26,119
300,26,368
301,26,490
302,26,9
303,26,820
304,26,317
305,26,498
306,26,755
307,26,323
308,26,339
309,26,326
310,26,852
311,26,462
312,26,315
313,26,369
314,26,837
315,26,812
316,26,118
317,26,426
318,26,637
319,26,822
320,26,413
321,26,633
322,26,617
323,26,464
324,26,8
325,26,197
326,26,267
327,26,690
328,26,132
329,26,249
330,26,110
331,26,285
332,26,814
333,26,677
334,26,885
335,26,563
336,26,228
337,26,237
338,26,70
339,26,701
340,26,886
341,26,692
342,26,434
343,26,298
344,26,190
345,26,876
346,26,670
347,26,437
348,26,737
349,26,976
350,26,279
351,26,414
352,26,855
353,26,402
354,26,442
355,26,646
356,26,639
357,26,799
358,26,515
359,26,466
360,26,327
361,26,496
362,26,1012
363,26,599
364,26,475
365,26,888
366,26,584
367,26,335
368,26,777
369,26,322
370,26,265
371,26,922
372,26,106
373,26,681
374,26,44
375,26,826
376,26,751
377,26,463
378,26,850
379,26,485
380,26,624
381,26,872
382,26,807
383,26,404
384,26,647
385,26,305
386,26,568
387,26,828
388,26,892
389,26,549
390,26,246
391,26,821
392,26,744
393,26,909
394,26,798
395,26,318
396,26,553
397,26,845
398,26,438
399,26,242
0,27,552
1,27,277
2,27,437
3,27,499
4,27,820
5,27,954
6,27,903
7,27,691
8,27,344
9,27,529
10,27,394
11,27,273
12,27,441
13,27,785
14,27,242
15,27,714
16,27,752
17,27,688
18,27,520
19,27,472
20,27,678
21,27,0
22,27,431
23,27,204
24,27,713
25,27,599
26,27,316
27,27,287
28,27,901
29,27,142
30,27,586
31,27,428
32,27,1013
33,27,183
34,27,739
35,27,244
36,27,561
37,27,606
38,27,755
39,27,464
40,27,906
41,27,786
42,27,633
43,27,107
44,27,101
45,27,613
46,27,659
47,27,184
48,27,565
49,27,767
50,27,404
51,27,426
52,27,783
53,27,487
54,27,969
55,27,907
56,27,563
57,27,266
58,27,307
59,27,808
60,27,617
61,27,476
62,27,747
63,27,847
64,27,743
65,27,715
66,27,491
67,27,842
68,27,527
69,27,749
70,27,497
71,27,331
72,27,580
73,27,819
74,27,173
75,27,506
76,27,647
77,27,341
78,27,742
79,27,780
80,27,571
81,27,710
82,27,329
83,27,483
84,27,283
85,27,534
86,27,894
87,27,216
88,27,904
89,27,654
90,27,362
91,27,554
92,27,625
93,27,348
94,27,504
95,27,887
96,27,252
97,27,883
98,27,407
99,27,681
100,27,818
101,27,770
102,27,560
103,27,492
104,27,662
105,27,612
106,27,137
107,27,203
108,27,498
109,27,595
110,27,440
111,27,449
112,27,222
113,27,758
114,27,405
115,27,450
116,27,149
117,27,236
118,27,99
119,27,605
120,27,868
121,27,430
122,27,345
123,27,748
124,27,75
125,27,334
126,27,77
127,27,327
128,27,558
129,27,213
130,27,376
131,27,874
132,27,151
133,27,518
134,27,619
135,27,335
136,27,776
137,27,777
138,27,202
139,27,598
140,27,279
141,27,790
142,27,607
143,27,114
144,27,205
145,27,788
146,27,880
147,27,212
148,27,126
149,27,41
150,27,990
151,27,550
152,27,533
153,27,351
154,27,44
155,27,408
156,27,489
157,27,952
158,27,723
159,27,784
160,27,201
161,27,536
162,27,218
163,27,98
164,27,465
165,27,133
166,27,276
167,27,838
168,27,553
169,27,690
170,27,523
171,27,473
172,27,339
173,27,104
174,27,865
175,27,757
176,27,76
177,27,817
178,27,845
179,27,206
180,27,1003
181,27,921
182,27,682
183,27,381
184,27,261
185,27,435
186,27,855
187,27,20
188,27,256
189,27,741
190,27,373
191,27,525
192,27,559
193,27,935
194,27,548
195,27,938
196,27,460
197,27,957
198,27,621
199,27,309
200,27,665
201,27,946
202,27,980
203,27,645
204,27,401
205,27,118
206,27,677
207,27,234
208,27,603
209,27,724
210,27,154
211,27,667
212,27,712
213,27,135
214,27,179
215,27,40
216,27,886
217,27,772
218,27,566
219,27,928
220,27,979
221,27,361
222,27,156
223,27,432
224,27,597
225,27,292
226,27,692
227,27,1020
228,27,490
229,27,581
230,27,251
231,27,27
232,27,36
233,27,150
234,27,857
235,27,219
236,27,375
237,27,85
238,27,711
239,27,302
240,27,210
241,27,493
242,27,471
243,27,794
244,27,532
245,27,744
246,27,648
247,27,587
248,27,112
249,27,254
250,27,295
251,27,945
252,27,189
253,27,86
254,27,117
255,27,387
256,27,246
257,27,791
258,27,5
259,27,965
260,27,34
261,27,686
262,27,701
263,27,413
264,27,825
265,27,429
266,27,127
267,27,308
268,27,42
269,27,531
270,27,390
271,27,556
272,27,470
273,27,223
274,27,459
275,27,217
276,27,330
277,27,514
278,27,343
279,27,797
280,27,951
281,27,263
282,27,190
283,27,869
284,27,323
285,27,267
286,27,873
287,27,697
288,27,843
289,27,872
290,27,502
291,27,233
292,27,656
293,27,140
294,27,541
295,27,630
296,27,457
297,27,535
298,27,312
299,27,120
300,27,400
301,27,522
302,27,9
303,27,821
304,27,349
305,27,466
306,27,787
307,27,322
308,27,340
309,27,325
310,27,852
311,27,494
312,27,315
313,27,368
314,27,837
315,27,813
316,27,119
317,27,458
318,27,637
319,27,823
320,27,445
321,27,632
322,27,649
323,27,496
324,27,8
325,27,197
326,27,235
327,27,658
328,27,132
329,27,281
330,27,110
331,27,285
332,27,815
333,27,709
334,27,884
335,27,564
336,27,228
337,27,237
338,27,70
339,27,700
340,27,885
341,27,660
342,27,433
343,27,298
344,27,158
345,27,908
346,27,669
347,27,438
348,27,737
349,27,976
350,27,280
351,27,382
352,27,854
353,27,370
354,27,442
355,27,646
356,27,671
357,27,799
358,27,516
359,27,467
360,27,326
361,27,528
362,27,1012
363,27,567
364,27,507
365,27,889
366,27,616
367,27,303
368,27,809
369,27,290
370,27,264
371,27,922
372,27,106
373,27,680
374,27,45
375,27,826
376,27,751
377,27,462
378,27,849
379,27,517
380,27,592
381,27,840
382,27,775
383,27,436
384,27,679
385,27,305
386,27,568
387,27,828
388,27,892
389,27,549
390,27,278
391,27,822
392,27,745
393,27,877
394,27,830
395,27,286
396,27,585
397,27,844
398,27,439
399,27,243
0,28,553
1,28,245
2,28,438
3,28,498
4,28,821
5,28,954
6,28,935
7,28,692
8,28,312
9,28,561
10,28,426
11,28,272
12,28,409
13,28,786
14,28,274
15,28,715
16,28,784
17,28,720
18,28,520
19,28,440
20,28,678
21,28,0
22,28,463
23,28,203
24,28,681
25,28,567
26,28,317
27,28,287
28,28,901
29,28,142
30,28,554
31,28,428
32,28,1013
33,28,151
34,28,707
35,28,244
36,28,562
37,28,574
38,28,787
39,28,465
40,28,905
41,28,754
42,28,601
43,28,107
44,28,69
45,28,645
46,28,658
47,28,183
48,28,566
49,28,767
50,28,403
51,28,458
52,28,783
53,28,487
54,28,968
55,28,939
56,28,564
57,28,265
58,28,308
59,28,808
60,28,617
61,28,476
62,28,748
63,28,847
64,28,744
65,28,683
66,28,523
67,28,874
68,28,528
69,28,749
70,28,529
71,28,363
72,28,580
73,28,851
74,28,174
75,28,506
76,28,615
77,28,340
78,28,710
79,28,779
80,28,603
81,28,711
82,28,328
83,28,451
84,28,283
85,28,502
86,28,895
87,28,217
88,28,903
89,28,686
90,28,394
91,28,522
92,28,657
93,28,316
94,28,505
95,28,887
96,28,252
97,28,882
98,28,406
99,28,649
100,28,819
101,28,770
102,28,560
103,28,492
104,28,663
105,28,612
106,28,137
107,28,235
108,28,466
109,28,594
110,28,408
111,28,449
112,28,190
113,28,757
114,28,437
115,28,450
116,28,117
117,28,204
118,28,100
119,28,606
120,28,868
121,28,430
122,28,377
123,28,780
124,28,75
125,28,334
126,28,76
127,28,326
128,28,559
129,28,212
130,28,375
131,28,875
132,28,150
133,28,518
134,28,619
135,28,303
136,28,775
137,28,809
138,28,234
139,28,599
140,28,280
141,28,758
142,28,607
143,28,114
144,28,173
145,28,820
146,28,881
147,28,211
148,28,126
149,28,40
150,28,989
151,28,550
152,28,501
153,28,319
154,28,43
155,28,376
156,28,490
157,28,952
158,28,691
159,28,785
160,28,200
161,28,504
162,28,186
163,28,98
164,28,433
165,28,101
166,28,277
167,28,838
168,28,585
169,28,690
170,28,524
171,28,473
172,28,338
173,28,136
174,28,865
175,28,725
176,28,108
177,28,818
178,28,877
179,28,205
180,28,1003
181,28,921
182,28,714
183,28,413
184,28,261
185,28,436
186,28,854
187,28,20
188,28,256
189,28,742
190,28,405
191,28,525
192,28,527
193,28,967
194,28,548
195,28,938
196,28,460
197,28,957
198,28,589
199,28,309
200,28,633
201,28,978
202,28,948
203,28,677
204,28,402
205,28,119
206,28,709
207,28,233
208,28,604
209,28,723
210,28,154
211,28,667
212,28,713
213,28,135
214,28,179
215,28,39
216,28,885
217,28,772
218,28,598
219,28,929
220,28,980
221,28,362
222,28,156
223,28,431
224,28,629
225,28,291
226,28,724
227,28,1020
228,28,491
229,28,613
230,28,251
231,28,27
232,28,36
233,28,118
234,28,857
235,28,219
236,28,343
237,28,86
238,28,712
239,28,301
240,28,209
241,28,494
242,28,472
243,28,794
244,28,533
245,28,776
246,28,680
247,28,555
248,28,112
249,28,286
250,28,327
251,28,977
252,28,221
253,28,87
254,28,116
255,28,355
256,28,278
257,28,790
258,28,5
259,28,965
260,28,34
261,28,685
262,28,733
263,28,445
264,28,826
265,28,429
266,28,127
267,28,276
268,28,10
269,28,563
270,28,390
271,28,556
272,28,471
273,28,223
274,28,459
275,28,249
276,28,329
277,28,513
278,28,344
279,28,797
280,28,951
281,28,295
282,28,189
283,28,869
284,28,323
285,28,267
286,28,873
287,28,697
288,28,842
289,28,840
290,28,470
291,28,201
292,28,656
293,28,140
294,28,541
295,28,630
296,28,489
297,28,534
298,28,311
299,28,121
300,28,399
301,28,521
302,28,41
303,28,822
304,28,349
305,28,434
306,28,788
307,28,354
308,28,339
309,28,324
310,28,852
311,28,526
312,28,315
313,28,367
314,28,837
315,28,813
316,28,120
317,28,457
318,28,669
319,28,824
320,28,477
321,28,632
322,28,648
323,28,464
324,28,8
325,28,197
326,28,236
327,28,626
328,28,132
329,28,313
330,28,110
331,28,285
332,28,816
333,28,741
334,28,883
335,28,532
336,28,228
337,28,237
338,28,70
339,28,700
340,28,884
341,28,661
342,28,432
343,28,266
344,28,158
345,28,909
346,28,701
347,28,439
348,28,737
349,28,976
350,28,281
351,28,381
352,28,886
353,28,369
354,28,442
355,28,646
356,28,670
357,28,799
358,28,517
359,28,499
360,28,325
361,28,496
362,28,1012
363,28,535
364,28,508
365,28,890
366,28,616
367,28,304
368,28,841
369,28,290
370,28,263
371,28,922
372,28,106
373,28,679
374,28,45
375,28,827
376,28,751
377,28,461
378,28,849
379,28,549
380,28,592
381,28,839
382,28,743
383,28,468
384,28,647
385,28,305
386,28,568
387,28,828
388,28,892
389,28,581
390,28,279
391,28,823
392,28,746
393,28,876
394,28,862
395,28,318
396,28,586
397,28,843
398,28,407
399,28,243
0,29,554
1,29,213
2,29,406
3,29,466
4,29,822
5,29,954
6,29,903
7,29,693
8,29,311
9,29,529
10,29,426
11,29,240
12,29,410
13,29,785
14,29,306
15,29,714
16,29,816
17,29,752
18,29,520
19,29,439
20,29,677
21,29,0
22,29,462
23,29,202
24,29,713
25,29,535
26,29,285
27,29,287
28,29,901
29,29,142
30,29,522
31,29,428
32,29,1013
33,29,150
34,29,675
35,29,245
36,29,563
37,29,542
38,29,819
39,29,497
40,29,904
41,29,722
42,29,602
43,29,106
44,29,68
45,29,645
46,29,657
47,29,151
48,29,567
49,29,767
50,29,435
51,29,457
52,29,783
53,29,487
54,29,1000
55,29,971
56,29,565
57,29,265
58,29,340
59,29,809
60,29,649
61,29,476
62,29,780
63,29,847
64,29,776
65,29,682
66,29,555
67,29,874
68,29,496
69,29,749
70,29,528
71,29,363
72,29,580
73,29,852
74,29,175
75,29,506
76,29,616
77,29,339
78,29,678
79,29,779
80,29,635
81,29,711
82,29,327
83,29,419
84,29,283
85,29,534
86,29,927
87,29,218
88,29,902
89,29,686
90,29,394
91,29,523
92,29,689
93,29,316
94,29,537
95,29,887
96,29,252
97,29,882
98,29,405
99,29,681
100,29,820
101,29,770
102,29,559
103,29,524
104,29,631
105,29,612
106,29,137
107,29,234
108,29,434
109,29,626
110,29,440
111,29,449
112,29,189
113,29,757
114,29,436
115,29,450
116,29,117
117,29,172
118,29,101
119,29,606
120,29,868
121,29,430
122,29,409
123,29,781
124,29,107
125,29,334
126,29,75
127,29,325
128,29,527
129,29,211
130,29,376
131,29,843
132,29,118
133,29,519
134,29,619
135,29,304
136,29,743
137,29,841
138,29,266
139,29,599
140,29,281
141,29,758
142,29,607
143,29,114
144,29,173
145,29,788
146,29,849
147,29,243
148,29,158
149,29,39
150,29,988
151,29,550
152,29,502
153,29,319
154,29,43
155,29,408
156,29,458
157,29,952
158,29,692
159,29,784
160,29,168
161,29,504
162,29,154
163,29,98
164,29,401
165,29,69
166,29,277
167,29,838
168,29,617
169,29,658
170,29,525
171,29,473
172,29,338
173,29,135
174,29,865
175,29,725
176,29,109
177,29,786
178,29,878
179,29,204
180,29,1003
181,29,921
182,29,746
183,29,445
184,29,261
185,29,468
186,29,854
187,29,20
188,29,256
189,29,710
190,29,437
191,29,493
192,29,526
193,29,968
194,29,548
195,29,938
196,29,459
197,29,957
198,29,590
199,29,309
200,29,601
201,29,979
202,29,980
203,29,709
204,29,370
205,29,120
206,29,741
207,29,201
208,29,603
209,29,755
210,29,153
211,29,667
212,29,745
213,29,134
214,29,179
215,29,38
216,29,885
217,29,772
218,29,566
219,29,929
220,29,981
221,29,330
222,29,156
223,29,432
224,29,661
225,29,292
226,29,723
227,29,1020
228,29,490
229,29,614
230,29,251
231,29,27
232,29,36
233,29,119
234,29,857
235,29,219
236,29,344
237,29,87
238,29,744
239,29,333
240,29,208
241,29,494
242,29,472
243,29,794
244,29,532
245,29,808
246,29,712
247,29,587
248,29,112
249,29,318
250,29,295
251,29,978
252,29,253
253,29,55
254,29,148
255,29,355
256,29,279
257,29,791
258,29,5
259,29,965
260,29,34
261,29,684
262,29,732
263,29,477
264,29,827
265,29,429
266,29,127
267,29,276
268,29,9
269,29,595
270,29,390
271,29,556
272,29,471
273,29,223
274,29,491
275,29,249
276,29,328
277,29,545
278,29,312
279,29,797
280,29,951
281,29,294
282,29,188
283,29,869
284,29,291
285,29,235
286,29,905
287,29,697
288,29,842
289,29,839
290,29,438
291,29,200
292,29,656
293,29,140
294,29,541
295,29,630
296,29,521
297,29,533
298,29,310
299,29,122
300,29,431
301,29,553
302,29,41
303,29,790
304,29,350
305,29,402
306,29,787
307,29,386
308,29,307
309,29,323
310,29,884
311,29,558
312,29,315
313,29,335
314,29,837
315,29,813
316,29,88
317,29,489
318,29,668
319,29,792
320,29,478
321,29,632
322,29,680
323,29,465
324,29,8
325,29,197
326,29,237
327,29,627
328,29,132
329,29,345
330,29,110
331,29,284
332,29,817
333,29,740
334,29,851
335,29,531
336,29,228
337,29,205
338,29,70
339,29,701
340,29,883
341,29,662
342,29,433
343,29,267
344,29,190
345,29,941
346,29,733
347,29,407
348,29,737
349,29,976
350,29,313
351,29,349
352,29,886
353,29,368
354,29,442
355,29,646
356,29,669
357,29,799
358,29,518
359,29,499
360,29,324
361,29,464
362,29,1012
363,29,503
364,29,509
365,29,891
366,29,648
367,29,272
368,29,840
369,29,290
370,29,231
371,29,922
372,29,74
373,29,647
374,29,45
375,29,859
376,29,751
377,29,460
378,29,850
379,29,581
380,29,560
381,29,807
382,29,742
383,29,469
384,29,615
385,29,305
386,29,568
387,29,828
388,29,892
389,29,613
390,29,280
391,29,824
392,29,747
393,29,875
394,29,862
395,29,317
396,29,586
397,29,811
398,29,375
399,29,244
0,30,522
1,30,181
2,30,374
3,30,465
4,30,790
5,30,954
6,30,935
7,30,694
8,30,311
9,30,561
10,30,394
11,30,239
12,30,378
13,30,786
14,30,338
15,30,682
16,30,816
17,30,784
18,30,519
19,30,407
20,30,645
21,30,0
22,30,461
23,30,201
24,30,714
25,30,503
26,30,284
27,30,287
28,30,901
29,30,142
30,30,490
31,30,460
32,30,1013
33,30,118
34,30,643
35,30,213
36,30,564
37,30,542
38,30,818
39,30,529
40,30,903
41,30,723
42,30,603
43,30,107
44,30,67
45,30,646
46,30,689
47,30,150
48,30,568
49,30,767
50,30,467
51,30,489
52,30,783
53,30,487
54,30,999
55,30,970
56,30,566
57,30,265
58,30,341
59,30,777
60,30,648
61,30,476
62,30,781
63,30,847
64,30,775
65,30,681
66,30,554
67,30,875
68,30,496
69,30,750
70,30,527
71,30,363
72,30,581
73,30,884
74,30,176
75,30,506
76,30,617
77,30,339
78,30,677
79,30,747
80,30,667
81,30,712
82,30,326
83,30,387
84,30,283
85,30,535
86,30,959
87,30,186
88,30,934
89,30,686
90,30,362
91,30,523
92,30,688
93,30,317
94,30,569
95,30,887
96,30,252
97,30,883
98,30,437
99,30,713
100,30,821
101,30,770
102,30,560
103,30,556
104,30,599
105,30,612
106,30,137
107,30,266
108,30,433
109,30,625
110,30,439
111,30,449
112,30,190
113,30,725
114,30,435
115,30,450
116,30,149
117,30,140
118,30,101
119,30,606
120,30,868
121,30,462
122,30,441
123,30,749
124,30,108
125,30,302
126,30,74
127,30,324
128,30,526
129,30,210
130,30,408
131,30,844
132,30,117
133,30,518
134,30,619
135,30,272
136,30,711
137,30,873
138,30,298
139,30,567
140,30,249
141,30,757
142,30,607
143,30,114
144,30,173
145,30,820
146,30,850
147,30,242
148,30,126
149,30,38
150,30,956
151,30,551
152,30,534
153,30,319
154,30,75
155,30,440
156,30,426
157,30,952
158,30,660
159,30,785
160,30,136
161,30,504
162,30,153
163,30,98
164,30,401
165,30,68
166,30,276
167,30,838
168,30,649
169,30,626
170,30,524
171,30,473
172,30,370
173,30,134
174,30,865
175,30,693
176,30,141
177,30,754
178,30,878
179,30,203
180,30,1003
181,30,921
182,30,778
183,30,477
184,30,261
185,30,469
186,30,822
187,30,20
188,30,256
189,30,710
190,30,438
191,30,525
192,30,494
193,30,969
194,30,580
195,30,938
196,30,491
197,30,957
198,30,558
199,30,277
200,30,602
201,30,980
202,30,948
203,30,708
204,30,371
205,30,121
206,30,709
207,30,233
208,30,571
209,30,787
210,30,185
211,30,668
212,30,745
213,30,166
214,30,179
215,30,37
216,30,886
217,30,772
218,30,598
219,30,929
220,30,982
221,30,330
222,30,156
223,30,464
224,30,661
225,30,291
226,30,755
227,30,1020
228,30,458
229,30,615
230,30,251
231,30,27
232,30,36
233,30,151
234,30,857
235,30,219
236,30,345
237,30,88
238,30,776
239,30,332
240,30,207
241,30,493
242,30,472
243,30,794
244,30,532
245,30,840
246,30,744
247,30,586
248,30,112
249,30,350
250,30,263
251,30,979
252,30,285
253,30,56
254,30,148
255,30,354
256,30,280
257,30,823
258,30,5
259,30,965
260,30,34
261,30,683
262,30,731
263,30,509
264,30,795
265,30,429
266,30,127
267,30,244
268,30,9
269,30,627
270,30,390
271,30,555
272,30,471
273,30,223
274,30,492
275,30,217
276,30,327
277,30,545
278,30,344
279,30,797
280,30,951
281,30,294
282,30,187
283,30,869
284,30,259
285,30,236
286,30,904
287,30,697
288,30,842
289,30,807
290,30,406
291,30,200
292,30,656
293,30,139
294,30,541
295,30,630
296,30,520
297,30,533
298,30,309
299,30,123
300,30,430
301,30,585
302,30,41
303,30,758
304,30,382
305,30,402
306,30,788
307,30,386
308,30,308
309,30,355
310,30,885
311,30,559
312,30,315
313,30,334
314,30,837
315,30,813
316,30,120
317,30,521
318,30,669
319,30,760
320,30,510
321,30,632
322,30,679
323,30,497
324,30,8
325,30,197
326,30,238
327,30,659
328,30,132
329,30,346
330,30,110
331,30,316
332,30,817
333,30,741
334,30,852
335,30,499
336,30,228
337,30,204
338,30,70
339,30,700
340,30,915
341,30,663
342,30,432
343,30,235
344,30,158
345,30,973
346,30,765
347,30,375
348,30,737
349,30,976
350,30,313
351,30,349
352,30,854
353,30,367
354,30,442
355,30,678
356,30,701
357,30,799
358,30,550
359,30,498
360,30,323
361,30,463
362,30,1012
363,30,502
364,30,508
365,30,892
366,30,680
367,30,240
368,30,872
369,30,290
370,30,230
371,30,922
372,30,106
373,30,647
374,30,45
375,30,827
376,30,751
377,30,459
378,30,851
379,30,613
380,30,528
381,30,808
382,30,742
383,30,501
384,30,616
385,30,305
386,30,536
387,30,828
388,30,924
389,30,614
390,30,312
391,30,825
392,30,748
393,30,876
394,30,862
395,30,318
396,30,618
397,30,779
398,30,376
399,30,245
0,31,523
1,31,149
2,31,375
3,31,497
4,31,758
5,31,954
6,31,936
7,31,695
8,31,279
9,31,529
10,31,362
11,31,238
12,31,379
13,31,786
14,31,370
15,31,650
16,31,815
17,31,816
18,31,551
19,31,408
20,31,646
21,31,0
22,31,460
23,31,200
24,31,682
25,31,471
26,31,252
27,31,287
28,31,901
29,31,174
30,31,458
31,31,492
32,31,1013
33,31,117
34,31,643
35,31,181
36,31,532
37,31,574
38,31,817
39,31,528
40,31,935
41,31,724
42,31,602
43,31,107
44,31,35
45,31,647
46,31,688
47,31,118
48,31,569
49,31,767
50,31,466
51,31,521
52,31,783
53,31,487
54,31,967
55,31,1002
56,31,567
57,31,266
58,31,373
59,31,776
60,31,680
61,31,476
62,31,782
63,31,847
64,31,743
65,31,713
66,31,553
67,31,876
68,31,464
69,31,749
70,31,526
71,31,363
72,31,581
73,31,883
74,31,177
75,31,506
76,31,649
77,31,338
78,31,645
79,31,715
80,31,699
81,31,744
82,31,325
83,31,355
84,31,283
85,31,536
86,31,991
87,31,154
88,31,966
89,31,686
90,31,361
91,31,555
92,31,687
93,31,316
94,31,601
95,31,919
96,31,253
97,31,882
98,31,436
99,31,714
100,31,822
101,31,770
102,31,592
103,31,588
104,31,600
105,31,612
106,31,137
107,31,267
108,31,401
109,31,624
110,31,407
111,31,449
112,31,158
113,31,693
114,31,434
115,31,450
116,31,150
117,31,108
118,31,101
119,31,606
120,31,868
121,31,430
122,31,473
123,31,748
124,31,109
125,31,334
126,31,106
127,31,356
128,31,558
129,31,209
130,31,409
131,31,845
132,31,116
133,31,517
134,31,619
135,31,240
136,31,710
137,31,874
138,31,297
139,31,535
140,31,250
141,31,725
142,31,607
143,31,114
144,31,173
145,31,821
146,31,851
147,31,242
148,31,126
149,31,37
150,31,955
151,31,550
152,31,566
153,31,319
154,31,75
155,31,439
156,31,394
157,31,952
158,31,661
159,31,785
160,31,104
161,31,504
162,31,121
163,31,98
164,31,400
165,31,67
166,31,277
167,31,838
168,31,681
169,31,594
170,31,525
171,31,474
172,31,369
173,31,166
174,31,865
175,31,694
176,31,142
177,31,755
178,31,878
179,31,202
180,31,1003
181,31,921
182,31,810
183,31,478
184,31,261
185,31,501
186,31,823
187,31,20
188,31,256
189,31,742
190,31,437
191,31,493
192,31,462
193,31,970
194,31,580
195,31,938
196,31,490
197,31,957
198,31,559
199,31,309
200,31,570
201,31,981
202,31,948
203,31,740
204,31,339
205,31,122
206,31,708
207,31,201
208,31,571
209,31,819
210,31,186
211,31,667
212,31,777
213,31,167
214,31,179
215,31,36
216,31,887
217,31,772
218,31,598
219,31,929
220,31,983
221,31,298
222,31,156
223,31,465
224,31,662
225,31,292
226,31,787
227,31,1020
228,31,426
229,31,616
230,31,251
231,31,27
232,31,4
233,31,183
234,31,857
235,31,219
236,31,346
237,31,89
238,31,808
239,31,331
240,31,207
241,31,494
242,31,440
243,31,794
244,31,533
245,31,841
246,31,745
247,31,586
248,31,112
249,31,318
250,31,264
251,31,980
252,31,317
253,31,88
254,31,148
255,31,322
256,31,312
257,31,791
258,31,5
259,31,965
260,31,34
261,31,683
262,31,763
263,31,510
264,31,795
265,31,461
266,31,127
267,31,212
268,31,9
269,31,627
270,31,390
271,31,554
272,31,472
273,31,223
274,31,524
275,31,216
276,31,326
277,31,545
278,31,343
279,31,798
280,31,951
281,31,294
282,31,187
283,31,869
284,31,227
285,31,237
286,31,903
287,31,697
288,31,842
289,31,775
290,31,374
291,31,199
292,31,656
293,31,140
294,31,541
295,31,630
296,31,519
297,31,534
298,31,308
299,31,91
300,31,429
301,31,617
302,31,41
303,31,757
304,31,381
305,31,402
306,31,788
307,31,386
308,31,340
309,31,323
310,31,886
311,31,527
312,31,315
313,31,333
314,31,837
315,31,813
316,31,119
317,31,520
318,31,668
319,31,728
320,31,542
321,31,632
322,31,678
323,31,496
324,31,8
325,31,197
326,31,206
327,31,658
328,31,132
329,31,347
330,31,110
331,31,284
332,31,849
333,31,709
334,31,820
335,31,467
336,31,228
337,31,236
338,31,70
339,31,701
340,31,947
341,31,664
342,31,432
343,31,203
344,31,157
345,31,1005
346,31,797
347,31,376
348,31,737
349,31,976
350,31,345
351,31,349
352,31,854
353,31,335
354,31,442
355,31,677
356,31,733
357,31,799
358,31,518
359,31,498
360,31,291
361,31,463
362,31,1012
363,31,470
364,31,509
365,31,893
366,31,712
367,31,208
368,31,840
369,31,290
370,31,229
371,31,922
372,31,105
373,31,615
374,31,45
375,31,827
376,31,751
377,31,491
378,31,852
379,31,613
380,31,560
381,31,807
382,31,741
383,31,502
384,31,648
385,31,305
386,31,568
387,31,828
388,31,892
389,31,614
390,31,311
391,31,826
392,31,780
393,31,877
394,31,862
395,31,286
396,31,618
397,31,747
398,31,344
399,31,245
0,32,491
1,32,150
2,32,376
3,32,529
4,32,757
5,32,954
6,32,904
7,32,696
8,32,279
9,32,561
10,32,394
11,32,237
12,32,380
13,32,786
14,32,402
15,32,618
16,32,816
17,32,848
18,32,552
19,32,409
20,32,645
21,32,0
22,32,459
23,32,199
24,32,681
25,32,439
26,32,253
27,32,287
28,32,901
29,32,173
30,32,458
31,32,524
32,32,1013
33,32,116
34,32,643
35,32,149
36,32,533
37,32,575
38,32,849
39,32,560
40,32,967
41,32,692
42,32,602
43,32,107
44,32,67
45,32,679
46,32,720
47,32,117
48,32,570
49,32,767
50,32,465
51,32,553
52,32,815
53,32,487
54,32,966
55,32,1002
56,32,568
57,32,267
58,32,374
59,32,744
60,32,712
61,32,476
62,32,783
63,32,847
64,32,742
65,32,713
66,32,585
67,32,877
68,32,463
69,32,749
70,32,525
71,32,363
72,32,581
73,32,882
74,32,178
75,32,506
76,32,648
77,32,370
78,32,613
79,32,683
80,32,731
81,32,745
82,32,324
83,32,323
84,32,283
85,32,537
86,32,1023
87,32,186
88,32,934
89,32,686
90,32,362
91,32,554
92,32,719
93,32,284
94,32,633
95,32,887
96,32,221
97,32,914
98,32,435
99,32,714
100,32,823
101,32,770
102,32,592
103,32,620
104,32,601
105,32,612
106,32,137
107,32,299
108,32,369
109,32,623
110,32,375
111,32,449
112,32,126
113,32,661
114,32,434
115,32,450
116,32,151
117,32,76
118,32,101
119,32,606
120,32,868
121,32,431
122,32,505
123,32,748
124,32,141
125,32,302
126,32,105
127,32,388
128,32,558
129,32,208
130,32,441
131,32,813
132,32,84
133,32,517
134,32,619
135,32,240
136,32,678
137,32,875
138,32,329
139,32,503
140,32,250
141,32,724
142,32,607
143,32,114
144,32,205
145,32,822
146,32,852
147,32,242
148,32,94
149,32,36
150,32,955
151,32,551
152,32,567
153,32,319
154,32,75
155,32,438
156,32,393
157,32,952
158,32,662
159,32,785
160,32,104
161,32,504
162,32,120
163,32,98
164,32,401
165,32,66
166,32,277
167,32,838
168,32,680
169,32,595
170,32,493
171,32,473
172,32,368
173,32,165
174,32,865
175,32,693
176,32,174
177,32,723
178,32,878
179,32,234
180,32,1003
181,32,921
182,32,810
183,32,510
184,32,261
185,32,501
186,32,791
187,32,20
188,32,256
189,32,741
190,32,437
191,32,492
192,32,430
193,32,970
194,32,580
195,32,938
196,32,489
197,32,957
198,32,527
199,32,309
200,32,538
201,32,949
202,32,980
203,32,772
204,32,338
205,32,154
206,32,708
207,32,201
208,32,571
209,32,851
210,32,218
211,32,667
212,32,809
213,32,135
214,32,179
215,32,35
216,32,855
217,32,804
218,32,566
219,32,929
220,32,984
221,32,266
222,32,156
223,32,497
224,32,694
225,32,293
226,32,819
227,32,1020
228,32,426
229,32,616
230,32,251
231,32,27
232,32,4
233,32,184
234,32,857
235,32,219
236,32,347
237,32,121
238,32,840
239,32,330
240,32,239
241,32,494
242,32,408
243,32,794
244,32,565
245,32,842
246,32,777
247,32,587
248,32,112
249,32,318
250,32,265
251,32,981
252,32,349
253,32,88
254,32,148
255,32,321
256,32,313
257,32,790
258,32,5
259,32,965
260,32,34
261,32,682
262,32,763
263,32,509
264,32,796
265,32,460
266,32,127
267,32,211
268,32,9
269,32,627
270,32,390
271,32,586
272,32,440
273,32,223
274,32,523
275,32,215
276,32,325
277,32,545
278,32,343
279,32,797
280,32,951
281,32,294
282,32,187
283,32,869
284,32,226
285,32,236
286,32,902
287,32,697
288,32,874
289,32,743
290,32,342
291,32,231
292,32,656
293,32,140
294,32,573
295,32,630
296,32,518
297,32,535
298,32,307
299,32,92
300,32,461
301,32,649
302,32,41
303,32,725
304,32,413
305,32,403
306,32,788
307,32,386
308,32,341
309,32,291
310,32,886
311,32,528
312,32,315
313,32,333
314,32,837
315,32,812
316,32,119
317,32,519
318,32,668
319,32,728
320,32,574
321,32,632
322,32,677
323,32,496
324,32,8
325,32,197
326,32,207
327,32,658
328,32,132
329,32,348
330,32,110
331,32,285
332,32,850
333,32,710
334,32,821
335,32,466
336,32,227
337,32,204
338,32,70
339,32,701
340,32,947
341,32,665
342,32,464
343,32,171
344,32,189
345,32,1005
346,32,829
347,32,344
348,32,737
349,32,976
350,32,377
351,32,381
352,32,854
353,32,334
354,32,442
355,32,709
356,32,734
357,32,799
358,32,550
359,32,499
360,32,292
361,32,462
362,32,1012
363,32,471
364,32,541
365,32,893
366,32,711
367,32,176
368,32,872
369,32,290
370,32,228
371,32,922
372,32,73
373,32,615
374,32,45
375,32,795
376,32,751
377,32,490
378,32,820
379,32,614
380,32,559
381,32,775
382,32,740
383,32,534
384,32,647
385,32,305
386,32,536
387,32,828
388,32,892
389,32,646
390,32,311
391,32,827
392,32,781
393,32,909
394,32,862
395,32,286
396,32,617
397,32,715
398,32,345
399,32,245
0,33,492
1,33,150
2,33,344
3,33,561
4,33,725
5,33,954
6,33,905
7,33,697
8,33,311
9,33,562
10,33,426
11,33,205
12,33,348
13,33,786
14,33,434
15,33,618
16,33,784
17,33,880
18,33,520
19,33,408
20,33,645
21,33,0
22,33,491
23,33,231
24,33,713
25,33,407
26,33,221
27,33,287
28,33,900
29,33,141
30,33,459
31,33,525
32,33,1013
33,33,84
34,33,643
35,33,149
36,33,501
37,33,575
38,33,881
39,33,559
40,33,999
41,33,660
42,33,570
43,33,107
44,33,67
45,33,678
46,33,719
47,33,116
48,33,571
49,33,767
50,33,497
51,33,585
52,33,816
53,33,486
54,33,934
55,33,1002
56,33,569
57,33,299
58,33,406
59,33,745
60,33,744
61,33,476
62,33,815
63,33,847
64,33,743
65,33,714
66,33,584
67,33,877
68,33,431
69,33,749
70,33,557
71,33,363
72,33,549
73,33,914
74,33,210
75,33,474
76,33,616
77,33,369
78,33,581
79,33,684
80,33,763
81,33,746
82,33,356
83,33,291
84,33,283
85,33,538
86,33,1022
87,33,154
88,33,902
89,33,686
90,33,394
91,33,555
92,33,751
93,33,252
94,33,665
95,33,887
96,33,220
97,33,915
98,33,435
99,33,682
100,33,824
101,33,770
102,33,592
103,33,652
104,33,602
105,33,613
106,33,137
107,33,298
108,33,368
109,33,622
110,33,374
111,33,449
112,33,94
113,33,662
114,33,466
115,33,450
116,33,183
117,33,44
118,33,101
119,33,638
120,33,868
121,33,399
122,33,537
123,33,748
124,33,142
125,33,334
126,33,104
127,33,387
128,33,558
129,33,176
130,33,473
131,33,814
132,33,52
133,33,517
134,33,619
135,33,240
136,33,677
137,33,876
138,33,328
139,33,471
140,33,250
141,33,692
142,33,607
143,33,114
144,33,173
145,33,821
146,33,852
147,33,242
148,33,62
149,33,35
150,33,955
151,33,583
152,33,535
153,33,319
154,33,75
155,33,470
156,33,361
157,33,952
158,33,694
159,33,785
160,33,136
161,33,504
162,33,120
163,33,98
164,33,433
165,33,65
166,33,277
167,33,838
168,33,712
169,33,563
170,33,493
171,33,472
172,33,367
173,33,165
174,33,865
175,33,661
176,33,175
177,33,724
178,33,878
179,33,266
180,33,1003
181,33,921
182,33,809
183,33,542
184,33,261
185,33,502
186,33,823
187,33,20
188,33,256
189,33,741
190,33,437
191,33,524
192,33,398
193,33,970
194,33,580
195,33,938
196,33,490
197,33,957
198,33,528
199,33,309
200,33,506
201,33,981
202,33,980
203,33,804
204,33,306
205,33,155
206,33,740
207,33,201
208,33,603
209,33,883
210,33,218
211,33,667
212,33,841
213,33,135
214,33,179
215,33,34
216,33,855
217,33,836
218,33,598
219,33,929
220,33,985
221,33,267
222,33,156
223,33,529
224,33,695
225,33,292
226,33,818
227,33,1020
228,33,458
229,33,615
230,33,251
231,33,27
232,33,36
233,33,184
234,33,857
235,33,219
236,33,347
237,33,122
238,33,872
239,33,329
240,33,207
241,33,494
242,33,376
243,33,794
244,33,533
245,33,843
246,33,777
247,33,586
248,33,112
249,33,318
250,33,233
251,33,982
252,33,381
253,33,88
254,33,148
255,33,321
256,33,313
257,33,822
258,33,5
259,33,965
260,33,33
261,33,681
262,33,762
263,33,509
264,33,795
265,33,428
266,33,127
267,33,211
268,33,9
269,33,627
270,33,390
271,33,554
272,33,440
273,33,223
274,33,523
275,33,214
276,33,293
277,33,545
278,33,375
279,33,798
280,33,951
281,33,294
282,33,186
283,33,869
284,33,194
285,33,204
286,33,901
287,33,698
288,33,842
289,33,711
290,33,310
291,33,263
292,33,656
293,33,140
294,33,574
295,33,630
296,33,518
297,33,503
298,33,307
299,33,93
300,33,460
301,33,648
302,33,41
303,33,693
304,33,445
305,33,371
306,33,788
307,33,386
308,33,342
309,33,259
310,33,886
311,33,560
312,33,315
313,33,332
314,33,837
315,33,813
316,33,119
317,33,487
318,33,668
319,33,728
320,33,606
321,33,632
322,33,709
323,33,496
324,33,8
325,33,197
326,33,208
327,33,658
328,33,132
329,33,349
330,33,110
331,33,285
332,33,851
333,33,742
334,33,820
335,33,465
336,33,226
337,33,172
338,33,70
339,33,701
340,33,947
341,33,666
342,33,464
343,33,139
344,33,188
345,33,1005
346,33,797
347,33,345
348,33,737
349,33,976
350,33,409
351,33,380
352,33,854
353,33,333
354,33,442
355,33,708
356,33,766
357,33,799
358,33,551
359,33,499
360,33,324
361,33,461
362,33,1012
363,33,439
364,33,573
365,33,893
366,33,710
367,33,144
368,33,873
369,33,289
370,33,227
371,33,922
372,33,74
373,33,614
374,33,45
375,33,827
376,33,750
377,33,522
378,33,819
379,33,646
380,33,527
381,33,775
382,33,739
383,33,566
384,33,679
385,33,305
386,33,568
387,33,796
388,33,892
389,33,647
390,33,343
391,33,828
392,33,782
393,33,908
394,33,862
395,33,286
396,33,617
397,33,683
398,33,346
399,33,245
0,34,493
1,34,150
2,34,345
3,34,560
4,34,693
5,34,954
6,34,906
7,34,665
8,34,279
9,34,563
10,34,458
11,34,173
12,34,316
13,34,786
14,34,466
15,34,650
16,34,783
17,34,912
18,34,520
19,34,376
20,34,646
21,34,0
22,34,490
23,34,230
24,34,681
25,34,375
26,34,189
27,34,287
28,34,932
29,34,142
30,34,460
31,34,557
32,34,1013
33,34,52
34,34,643
35,34,149
36,34,469
37,34,575
38,34,880
39,34,558
40,34,998
41,34,661
42,34,602
43,34,75
44,34,67
45,34,710
46,34,751
47,34,84
48,34,539
49,34,767
50,34,496
51,34,617
52,34,784
53,34,485
54,34,933
55,34,1002
56,34,570
57,34,267
58,34,407
59,34,713
60,34,776
61,34,476
62,34,816
63,34,847
64,34,775
65,34,682
66,34,584
67,34,909
68,34,432
69,34,749
70,34,589
71,34,363
72,34,550
73,34,946
74,34,211
75,34,475
76,34,648
77,34,368
78,34,549
79,34,716
80,34,795
81,34,747
82,34,356
83,34,259
84,34,283
85,34,538
86,34,1021
87,34,186
88,34,934
89,34,686
90,34,426
91,34,523
92,34,750
93,34,220
94,34,666
95,34,887
96,34,221
97,34,883
98,34,435
99,34,683
100,34,856
101,34,770
102,34,592
103,34,652
104,34,603
105,34,612
106,34,137
107,34,299
108,34,336
109,34,654
110,34,342
111,34,449
112,34,93
113,34,663
114,34,498
115,34,450
116,34,184
117,34,44
118,34,101
119,34,639
120,34,868
121,34,431
122,34,569
123,34,748
124,34,174
125,34,334
126,34,103
127,34,419
128,34,526
129,34,208
130,34,505
131,34,815
132,34,51
133,34,517
134,34,619
135,34,240
136,34,645
137,34,877
138,34,327
139,34,439
140,34,250
141,34,724
142,34,607
143,34,114
144,34,141
145,34,820
146,34,852
147,34,242
148,34,94
149,34,34
150,34,955
151,34,551
152,34,535
153,34,319
154,34,76
155,34,502
156,34,329
157,34,952
158,34,695
159,34,785
160,34,104
161,34,504
162,34,120
163,34,98
164,34,401
165,34,65
166,34,277
167,34,838
168,34,711
169,34,531
170,34,461
171,34,473
172,34,366
173,34,165
174,34,865
175,34,662
176,34,176
177,34,725
178,34,878
179,34,298
180,34,1003
181,34,921
182,34,809
183,34,574
184,34,261
185,34,534
186,34,822
187,34,20
188,34,256
189,34,741
190,34,437
191,34,525
192,34,399
193,34,970
194,34,580
195,34,938
196,34,522
197,34,957
198,34,529
199,34,309
200,34,474
201,34,981
202,34,980
203,34,836
204,34,274
205,34,187
206,34,740
207,34,201
208,34,571
209,34,882
210,34,217
211,34,667
212,34,873
213,34,135
214,34,179
215,34,33
216,34,823
217,34,835
218,34,566
219,34,929
220,34,953
221,34,235
222,34,156
223,34,561
224,34,727
225,34,324
226,34,817
227,34,1020
228,34,459
229,34,616
230,34,251
231,34,27
232,34,36
233,34,185
234,34,857
235,34,219
236,34,348
237,34,154
238,34,904
239,34,328
240,34,206
241,34,494
242,34,344
243,34,794
244,34,532
245,34,844
246,34,777
247,34,554
248,34,112
249,34,318
250,34,234
251,34,982
252,34,413
253,34,88
254,34,148
255,34,289
256,34,313
257,34,821
258,34,5
259,34,965
260,34,1
261,34,649
262,34,763
263,34,509
264,34,827
265,34,429
266,34,127
267,34,212
268,34,9
269,34,627
270,34,390
271,34,555
272,34,408
273,34,223
274,34,491
275,34,214
276,34,292
277,34,545
278,34,374
279,34,797
280,34,951
281,34,294
282,34,218
283,34,869
284,34,193
285,34,203
286,34,900
287,34,697
288,34,842
289,34,679
290,34,278
291,34,264
292,34,656
293,34,140
294,34,573
295,34,630
296,34,518
297,34,503
298,34,306
299,34,61
300,34,492
301,34,647
302,34,41
303,34,694
304,34,477
305,34,339
306,34,787
307,34,386
308,34,343
309,34,260
310,34,886
311,34,559
312,34,315
313,34,331
314,34,837
315,34,813
316,34,119
317,34,486
318,34,668
319,34,728
320,34,638
321,34,632
322,34,708
323,34,528
324,34,8
325,34,197
326,34,209
327,34,658
328,34,132
329,34,381
330,34,110
331,34,285
332,34,819
333,34,743
334,34,788
335,34,433
336,34,227
337,34,204
338,34,70
339,34,701
340,34,947
341,34,698
342,34,464
343,34,107
344,34,188
345,34,1005
346,34,796
347,34,346
348,34,737
349,34,976
350,34,441
351,34,379
352,34,854
353,34,332
354,34,442
355,34,707
356,34,798
357,34,799
358,34,552
359,34,499
360,34,323
361,34,462
362,34,1012
363,34,438
364,34,605
365,34,893
366,34,742
367,34,145
368,34,872
369,34,257
370,34,195
371,34,922
372,34,106
373,34,613
374,34,45
375,34,826
376,34,782
377,34,521
378,34,818
379,34,678
380,34,527
381,34,807
382,34,738
383,34,567
384,34,680
385,34,305
386,34,568
387,34,828
388,34,892
389,34,615
390,34,311
391,34,829
392,34,814
393,34,876
394,34,862
395,34,286
396,34,618
397,34,651
398,34,347
399,34,245
0,35,493
1,35,150
2,35,346
3,35,592
4,35,694
5,35,954
6,35,907
7,35,666
8,35,311
9,35,531
10,35,459
11,35,141
12,35,317
13,35,786
14,35,467
15,35,618
16,35,784
17,35,944
18,35,519
19,35,344
20,35,645
21,35,0
22,35,522
23,35,230
24,35,680
25,35,374
26,35,190
27,35,287
28,35,931
29,35,142
30,35,461
31,35,525
32,35,1013
33,35,51
34,35,643
35,35,149
36,35,470
37,35,574
38,35,879
39,35,590
40,35,997
41,35,629
42,35,602
43,35,76
44,35,67
45,35,709
46,35,783
47,35,52
48,35,540
49,35,767
50,35,528
51,35,649
52,35,752
53,35,485
54,35,933
55,35,1002
56,35,538
57,35,266
58,35,439
59,35,681
60,35,808
61,35,476
62,35,817
63,35,847
64,35,776
65,35,682
66,35,584
67,35,877
68,35,432
69,35,749
70,35,588
71,35,363
72,35,551
73,35,978
74,35,212
75,35,507
76,35,616
77,35,367
78,35,548
79,35,715
80,35,827
81,35,748
82,35,356
83,35,227
84,35,283
85,35,539
86,35,1020
87,35,154
88,35,966
89,35,686
90,35,458
91,35,491
92,35,782
93,35,220
94,35,698
95,35,887
96,35,253
97,35,883
98,35,435
99,35,651
100,35,857
101,35,770
102,35,624
103,35,652
104,35,571
105,35,612
106,35,137
107,35,267
108,35,304
109,35,654
110,35,341
111,35,449
112,35,92
113,35,663
114,35,466
115,35,450
116,35,185
117,35,12
118,35,101
119,35,638
120,35,900
121,35,431
122,35,601
123,35,780
124,35,175
125,35,335
126,35,102
127,35,451
128,35,527
129,35,207
130,35,504
131,35,816
132,35,50
133,35,518
134,35,620
135,35,208
136,35,613
137,35,878
138,35,326
139,35,438
140,35,250
141,35,724
142,35,607
143,35,114
144,35,109
145,35,788
146,35,852
147,35,243
148,35,126
149,35,33
150,35,955
151,35,583
152,35,534
153,35,319
154,35,44
155,35,503
156,35,328
157,35,952
158,35,696
159,35,785
160,35,104
161,35,536
162,35,120
163,35,98
164,35,369
165,35,66
166,35,277
167,35,838
168,35,743
169,35,532
170,35,462
171,35,473
172,35,334
173,35,165
174,35,865
175,35,661
176,35,144
177,35,693
178,35,910
179,35,297
180,35,1003
181,35,921
182,35,809
183,35,606
184,35,261
185,35,566
186,35,822
187,35,20
188,35,256
189,35,742
190,35,437
191,35,526
192,35,400
193,35,970
194,35,580
195,35,938
196,35,554
197,35,957
198,35,497
199,35,309
200,35,475
201,35,981
202,35,980
203,35,868
204,35,242
205,35,188
206,35,741
207,35,201
208,35,570
209,35,914
210,35,218
211,35,667
212,35,905
213,35,135
214,35,179
215,35,65
216,35,823
217,35,836
218,35,598
219,35,929
220,35,953
221,35,203
222,35,156
223,35,562
224,35,695
225,35,323
226,35,849
227,35,988
228,35,460
229,35,615
230,35,251
231,35,27
232,35,36
233,35,217
234,35,858
235,35,219
236,35,316
237,35,155
238,35,936
239,35,327
240,35,205
241,35,494
242,35,312
243,35,794
244,35,533
245,35,812
246,35,777
247,35,555
248,35,112
249,35,318
250,35,235
251,35,982
252,35,445
253,35,88
254,35,148
255,35,257
256,35,345
257,35,821
258,35,5
259,35,965
260,35,1
261,35,650
262,35,763
263,35,509
264,35,859
265,35,429
266,35,127
267,35,244
268,35,9
269,35,627
270,35,390
271,35,587
272,35,376
273,35,223
274,35,490
275,35,214
276,35,260
277,35,545
278,35,342
279,35,797
280,35,951
281,35,294
282,35,186
283,35,869
284,35,193
285,35,204
286,35,932
287,35,697
288,35,842
289,35,678
290,35,246
291,35,265
292,35,656
293,35,140
294,35,541
295,35,630
296,35,486
297,35,535
298,35,274
299,35,93
300,35,524
301,35,679
302,35,41
303,35,662
304,35,478
305,35,307
306,35,819
307,35,386
308,35,375
309,35,259
310,35,886
311,35,560
312,35,315
313,35,299
314,35,837
315,35,813
316,35,119
317,35,454
318,35,668
319,35,728
320,35,670
321,35,632
322,35,740
323,35,529
324,35,8
325,35,197
326,35,210
327,35,658
328,35,132
329,35,413
330,35,110
331,35,285
332,35,820
333,35,744
334,35,787
335,35,401
336,35,228
337,35,236
338,35,70
339,35,701
340,35,947
341,35,699
342,35,464
343,35,75
344,35,189
345,35,1005
346,35,795
347,35,347
348,35,737
349,35,976
350,35,442
351,35,378
352,35,854
353,35,331
354,35,474
355,35,707
356,35,799
357,35,831
358,35,552
359,35,499
360,35,322
361,35,463
362,35,1012
363,35,406
364,35,637
365,35,893
366,35,710
367,35,146
368,35,840
369,35,225
370,35,163
371,35,922
372,35,106
373,35,581
374,35,45
375,35,826
376,35,814
377,35,520
378,35,850
379,35,677
380,35,559
381,35,775
382,35,706
383,35,599
384,35,648
385,35,305
386,35,568
387,35,828
388,35,892
389,35,647
390,35,343
391,35,830
392,35,815
393,35,875
394,35,862
395,35,286
396,35,586
397,35,619
398,35,348
399,35,245
0,36,461
1,36,150
2,36,347
3,36,624
4,36,695
5,36,954
6,36,908
7,36,667
8,36,279
9,36,499
10,36,460
11,36,109
12,36,285
13,36,786
14,36,468
15,36,618
16,36,783
17,36,976
18,36,551
19,36,312
20,36,645
21,36,0
22,36,554
23,36,230
24,36,681
25,36,342
26,36,222
27,36,287
28,36,963
29,36,142
30,36,462
31,36,524
32,36,1013
33,36,50
34,36,643
35,36,149
36,36,438
37,36,542
38,36,878
39,36,622
40,36,997
41,36,597
42,36,601
43,36,75
44,36,67
45,36,708
46,36,815
47,36,51
48,36,540
49,36,767
50,36,560
51,36,648
52,36,784
53,36,486
54,36,933
55,36,1002
56,36,537
57,36,266
58,36,471
59,36,649
60,36,807
61,36,476
62,36,818
63,36,847
64,36,808
65,36,714
66,36,584
67,36,877
68,36,432
69,36,750
70,36,587
71,36,363
72,36,583
73,36,1010
74,36,212
75,36,506
76,36,616
77,36,366
78,36,516
79,36,747
80,36,859
81,36,749
82,36,356
83,36,195
84,36,283
85,36,538
86,36,1019
87,36,186
88,36,966
89,36,686
90,36,490
91,36,459
92,36,782
93,36,220
94,36,730
95,36,887
96,36,252
97,36,883
98,36,435
99,36,650
100,36,889
101,36,770
102,36,625
103,36,652
104,36,539
105,36,613
106,36,137
107,36,267
108,36,272
109,36,654
110,36,340
111,36,449
112,36,60
113,36,662
114,36,434
115,36,450
116,36,153
117,36,44
118,36,101
119,36,639
120,36,932
121,36,399
122,36,633
123,36,748
124,36,175
125,36,334
126,36,102
127,36,483
128,36,528
129,36,206
130,36,536
131,36,817
132,36,49
133,36,518
134,36,620
135,36,176
136,36,581
137,36,910
138,36,325
139,36,406
140,36,250
141,36,724
142,36,607
143,36,114
144,36,110
145,36,788
146,36,852
147,36,242
148,36,158
149,36,32
150,36,955
151,36,615
152,36,533
153,36,319
154,36,76
155,36,535
156,36,327
157,36,952
158,36,697
159,36,785
160,36,104
161,36,568
162,36,120
163,36,98
164,36,370
165,36,34
166,36,277
167,36,838
168,36,775
169,36,531
170,36,463
171,36,473
172,36,333
173,36,165
174,36,865
175,36,693
176,36,145
177,36,694
178,36,942
179,36,329
180,36,1003
181,36,921
182,36,809
183,36,638
184,36,261
185,36,598
186,36,823
187,36,20
188,36,256
189,36,743
190,36,437
191,36,525
192,36,368
193,36,970
194,36,580
195,36,938
196,36,586
197,36,957
198,36,498
199,36,309
200,36,443
201,36,981
202,36,980
203,36,900
204,36,210
205,36,189
206,36,741
207,36,201
208,36,571
209,36,914
210,36,218
211,36,668
212,36,904
213,36,135
214,36,179
215,36,97
216,36,791
217,36,804
218,36,599
219,36,929
220,36,953
221,36,204
222,36,188
223,36,594
224,36,727
225,36,322
226,36,881
227,36,1020
228,36,428
229,36,647
230,36,251
231,36,27
232,36,36
233,36,216
234,36,857
235,36,219
236,36,317
237,36,156
238,36,968
239,36,326
240,36,205
241,36,494
242,36,280
243,36,794
244,36,532
245,36,813
246,36,777
247,36,523
248,36,112
249,36,318
250,36,203
251,36,982
252,36,477
253,36,88
254,36,148
255,36,225
256,36,345
257,36,822
258,36,5
259,36,965
260,36,33
261,36,682
262,36,763
263,36,509
264,36,858
265,36,429
266,36,127
267,36,243
268,36,9
269,36,627
270,36,390
271,36,555
272,36,344
273,36,223
274,36,522
275,36,214
276,36,259
277,36,545
278,36,343
279,36,797
280,36,951
281,36,294
282,36,185
283,36,869
284,36,193
285,36,172
286,36,931
287,36,665
288,36,842
289,36,677
290,36,245
291,36,233
292,36,656
293,36,140
294,36,541
295,36,630
296,36,454
297,36,534
298,36,273
299,36,93
300,36,556
301,36,711
302,36,41
303,36,661
304,36,479
305,36,306
306,36,820
307,36,386
308,36,376
309,36,291
310,36,886
311,36,559
312,36,315
313,36,331
314,36,837
315,36,845
316,36,119
317,36,422
318,36,700
319,36,728
320,36,669
321,36,632
322,36,772
323,36,529
324,36,8
325,36,197
326,36,211
327,36,658
328,36,132
329,36,445
330,36,78
331,36,284
332,36,821
333,36,745
334,36,819
335,36,369
336,36,228
337,36,236
338,36,70
339,36,701
340,36,947
341,36,699
342,36,464
343,36,43
344,36,190
345,36,1005
346,36,827
347,36,348
348,36,737
349,36,977
350,36,474
351,36,377
352,36,854
353,36,330
354,36,475
355,36,707
356,36,831
357,36,830
358,36,552
359,36,467
360,36,354
361,36,431
362,36,1012
363,36,374
364,36,637
365,36,893
366,36,742
367,36,147
368,36,840
369,36,226
370,36,162
371,36,922
372,36,106
373,36,549
374,36,45
375,36,826
376,36,814
377,36,519
378,36,849
379,36,709
380,36,527
381,36,776
382,36,674
383,36,631
384,36,680
385,36,305
386,36,567
387,36,828
388,36,892
389,36,679
390,36,311
391,36,862
392,36,816
393,36,875
394,36,861
395,36,286
396,36,585
397,36,619
398,36,349
399,36,213
0,37,462
1,37,150
2,37,348
3,37,623
4,37,663
5,37,954
6,37,909
7,37,635
8,37,311
9,37,498
10,37,492
11,37,108
12,37,253
13,37,786
14,37,469
15,37,618
16,37,815
17,37,1008
18,37,519
19,37,280
20,37,646
21,37,0
22,37,586
23,37,230
24,37,713
25,37,310
26,37,190
27,37,287
28,37,963
29,37,142
30,37,463
31,37,524
32,37,1013
33,37,49
34,37,643
35,37,149
36,37,439
37,37,510
38,37,910
39,37,654
40,37,997
41,37,629
42,37,601
43,37,107
44,37,67
45,37,740
46,37,847
47,37,50
48,37,540
49,37,767
50,37,559
51,37,648
52,37,783
53,37,487
54,37,933
55,37,1002
56,37,537
57,37,266
58,37,472
59,37,617
60,37,839
61,37,476
62,37,819
63,37,848
64,37,776
65,37,714
66,37,584
67,37,877
68,37,432
69,37,749
70,37,619
71,37,363
72,37,615
73,37,1010
74,37,244
75,37,505
76,37,616
77,37,334
78,37,484
79,37,779
80,37,891
81,37,781
82,37,356
83,37,163
84,37,283
85,37,538
86,37,1018
87,37,186
88,37,966
89,37,686
90,37,522
91,37,460
92,37,750
93,37,220
94,37,762
95,37,887
96,37,252
97,37,883
98,37,435
99,37,649
100,37,890
101,37,770
102,37,624
103,37,652
104,37,539
105,37,614
106,37,137
107,37,267
108,37,240
109,37,653
110,37,308
111,37,449
112,37,60
113,37,661
114,37,434
115,37,450
116,37,154
117,37,44
118,37,101
119,37,638
120,37,931
121,37,399
122,37,665
123,37,748
124,37,176
125,37,335
126,37,102
127,37,515
128,37,529
129,37,205
130,37,568
131,37,818
132,37,48
133,37,517
134,37,588
135,37,144
136,37,549
137,37,942
138,37,324
139,37,374
140,37,250
141,37,724
142,37,607
143,37,114
144,37,109
145,37,787
146,37,852
147,37,210
148,37,158
149,37,64
150,37,955
151,37,647
152,37,534
153,37,319
154,37,75
155,37,535
156,37,295
157,37,952
158,37,698
159,37,785
160,37,104
161,37,567
162,37,120
163,37,98
164,37,369
165,37,35
166,37,277
167,37,838
168,37,807
169,37,531
170,37,431
171,37,473
172,37,332
173,37,165
174,37,865
175,37,725
176,37,146
177,37,695
178,37,941
179,37,328
180,37,1003
181,37,921
182,37,809
183,37,670
184,37,261
185,37,597
186,37,791
187,37,20
188,37,256
189,37,743
190,37,437
191,37,525
192,37,336
193,37,970
194,37,580
195,37,938
196,37,585
197,37,957
198,37,466
199,37,309
200,37,442
201,37,981
202,37,980
203,37,932
204,37,178
205,37,221
206,37,709
207,37,201
208,37,571
209,37,914
210,37,218
211,37,667
212,37,903
213,37,135
214,37,179
215,37,129
216,37,790
217,37,836
218,37,598
219,37,929
220,37,953
221,37,172
222,37,156
223,37,626
224,37,727
225,37,354
226,37,880
227,37,1020
228,37,396
229,37,679
230,37,251
231,37,27
232,37,36
233,37,184
234,37,857
235,37,219
236,37,285
237,37,157
238,37,1000
239,37,358
240,37,237
241,37,494
242,37,281
243,37,794
244,37,532
245,37,814
246,37,777
247,37,491
248,37,112
249,37,318
250,37,204
251,37,982
252,37,478
253,37,88
254,37,116
255,37,226
256,37,377
257,37,823
258,37,5
259,37,965
260,37,34
261,37,682
262,37,763
263,37,509
264,37,859
265,37,429
266,37,127
267,37,242
268,37,9
269,37,627
270,37,390
271,37,587
272,37,345
273,37,223
274,37,554
275,37,214
276,37,227
277,37,545
278,37,375
279,37,797
280,37,951
281,37,294
282,37,217
283,37,869
284,37,193
285,37,140
286,37,930
287,37,697
288,37,842
289,37,645
290,37,213
291,37,234
292,37,656
293,37,141
294,37,541
295,37,630
296,37,453
297,37,502
298,37,241
299,37,93
300,37,555
301,37,710
302,37,41
303,37,693
304,37,511
305,37,274
306,37,821
307,37,385
308,37,344
309,37,323
310,37,886
311,37,527
312,37,315
313,37,331
314,37,837
315,37,813
316,37,119
317,37,454
318,37,668
319,37,728
320,37,701
321,37,633
322,37,804
323,37,497
324,37,8
325,37,197
326,37,243
327,37,658
328,37,132
329,37,477
330,37,110
331,37,284
332,37,822
333,37,746
334,37,820
335,37,401
336,37,228
337,37,236
338,37,70
339,37,700
340,37,947
341,37,699
342,37,464
343,37,42
344,37,189
345,37,1005
346,37,826
347,37,316
348,37,737
349,37,976
350,37,506
351,37,376
352,37,854
353,37,329
354,37,474
355,37,707
356,37,830
357,37,798
358,37,552
359,37,499
360,37,386
361,37,430
362,37,1012
363,37,342
364,37,669
365,37,893
366,37,741
367,37,148
368,37,808
369,37,194
370,37,162
371,37,922
372,37,106
373,37,548
374,37,45
375,37,858
376,37,782
377,37,518
378,37,849
379,37,708
380,37,528
381,37,744
382,37,673
383,37,632
384,37,681
385,37,305
386,37,599
387,37,828
388,37,892
389,37,680
390,37,343
391,37,894
392,37,817
393,37,875
394,37,862
395,37,286
396,37,553
397,37,620
398,37,349
399,37,212
0,38,463
1,38,150
2,38,316
3,38,622
4,38,631
5,38,954
6,38,941
7,38,667
8,38,311
9,38,466
10,38,524
11,38,107
12,38,221
13,38,786
14,38,470
15,38,650
16,38,816
17,38,1008
18,38,520
19,38,281
20,38,678
21,38,0
22,38,554
23,38,230
24,38,714
25,38,278
26,38,189
27,38,287
28,38,962
29,38,142
30,38,431
31,38,525
32,38,1013
33,38,48
34,38,643
35,38,149
36,38,440
37,38,511
38,38,909
39,38,653
40,38,997
41,38,597
42,38,633
43,38,75
44,38,67
45,38,772
46,38,847
47,38,49
48,38,540
49,38,767
50,38,558
51,38,648
52,38,783
53,38,487
54,38,933
55,38,1002
56,38,537
57,38,266
58,38,473
59,38,585
60,38,839
61,38,476
62,38,820
63,38,848
64,38,775
65,38,682
66,38,584
67,38,877
68,38,432
69,38,748
70,38,618
71,38,363
72,38,647
73,38,1010
74,38,212
75,38,506
76,38,616
77,38,333
78,38,484
79,38,779
80,38,859
81,38,782
82,38,356
83,38,131
84,38,283
85,38,539
86,38,986
87,38,186
88,38,966
89,38,686
90,38,522
91,38,428
92,38,749
93,38,220
94,38,794
95,38,887
96,38,252
97,38,883
98,38,435
99,38,617
100,38,891
101,38,770
102,38,592
103,38,652
104,38,507
105,38,614
106,38,137
107,38,267
108,38,239
109,38,621
110,38,276
111,38,449
112,38,60
113,38,693
114,38,434
115,38,450
116,38,122
117,38,44
118,38,101
119,38,606
120,38,963
121,38,399
122,38,666
123,38,780
124,38,176
125,38,334
126,38,102
127,38,515
128,38,497
129,38,204
130,38,567
131,38,819
132,38,16
133,38,485
134,38,587
135,38,112
136,38,548
137,38,943
138,38,323
139,38,342
140,38,250
141,38,724
142,38,607
143,38,114
144,38,110
145,38,755
146,38,852
147,38,211
148,38,190
149,38,96
150,38,955
151,38,679
152,38,534
153,38,319
154,38,76
155,38,536
156,38,263
157,38,952
158,38,699
159,38,785
160,38,104
161,38,535
162,38,120
163,38,98
164,38,401
165,38,35
166,38,277
167,38,838
168,38,806
169,38,531
170,38,430
171,38,441
172,38,331
173,38,165
174,38,865
175,38,757
176,38,147
177,38,663
178,38,942
179,38,327
180,38,1003
181,38,921
182,38,809
183,38,669
184,38,261
185,38,596
186,38,790
187,38,20
188,38,256
189,38,711
190,38,437
191,38,493
192,38,304
193,38,970
194,38,580
195,38,938
196,38,586
197,38,957
198,38,467
199,38,309
200,38,410
201,38,981
202,38,980
203,38,931
204,38,177
205,38,222
206,38,709
207,38,201
208,38,571
209,38,914
210,38,218
211,38,668
212,38,902
213,38,135
214,38,179
215,38,129
216,38,758
217,38,835
218,38,566
219,38,929
220,38,953
221,38,140
222,38,156
223,38,625
224,38,695
225,38,386
226,38,879
227,38,1020
228,38,364
229,38,680
230,38,251
231,38,27
232,38,36
233,38,184
234,38,857
235,38,219
236,38,253
237,38,157
238,38,999
239,38,390
240,38,205
241,38,494
242,38,249
243,38,795
244,38,532
245,38,815
246,38,777
247,38,459
248,38,113
249,38,318
250,38,172
251,38,982
252,38,510
253,38,88
254,38,84
255,38,194
256,38,377
257,38,791
258,38,5
259,38,965
260,38,34
261,38,681
262,38,763
263,38,509
264,38,827
265,38,429
266,38,127
267,38,210
268,38,9
269,38,627
270,38,422
271,38,619
272,38,346
273,38,223
274,38,553
275,38,214
276,38,226
277,38,545
278,38,407
279,38,797
280,38,951
281,38,294
282,38,216
283,38,869
284,38,193
285,38,141
286,38,930
287,38,697
288,38,842
289,38,613
290,38,245
291,38,202
292,38,656
293,38,109
294,38,541
295,38,630
296,38,421
297,38,503
298,38,241
299,38,93
300,38,555
301,38,742
302,38,40
303,38,694
304,38,479
305,38,273
306,38,822
307,38,385
308,38,345
309,38,355
310,38,886
311,38,559
312,38,315
313,38,299
314,38,837
315,38,813
316,38,119
317,38,454
318,38,700
319,38,728
320,38,733
321,38,632
322,38,836
323,38,496
324,38,8
325,38,197
326,38,244
327,38,658
328,38,132
329,38,478
330,38,78
331,38,285
332,38,823
333,38,747
334,38,821
335,38,402
336,38,228
337,38,236
338,38,70
339,38,732
340,38,947
341,38,731
342,38,464
343,38,41
344,38,188
345,38,1005
346,38,825
347,38,317
348,38,737
349,38,976
350,38,538
351,38,344
352,38,854
353,38,328
354,38,442
355,38,707
356,38,862
357,38,799
358,38,552
359,38,499
360,38,418
361,38,462
362,38,1012
363,38,341
364,38,701
365,38,893
366,38,740
367,38,116
368,38,776
369,38,162
370,38,161
371,38,922
372,38,106
373,38,516
374,38,45
375,38,826
376,38,750
377,38,517
378,38,849
379,38,708
380,38,527
381,38,743
382,38,673
383,38,664
384,38,713
385,38,305
386,38,600
387,38,828
388,38,892
389,38,712
390,38,343
391,38,895
392,38,818
393,38,875
394,38,861
395,38,286
396,38,521
397,38,588
398,38,349
399,38,213
0,39,431
1,39,150
2,39,317
3,39,654
4,39,599
5,39,954
6,39,942
7,39,668
8,39,311
9,39,465
10,39,556
11,39,106
12,39,189
13,39,786
14,39,502
15,39,682
16,39,784
17,39,1008
18,39,520
19,39,249
20,39,710
21,39,0
22,39,553
23,39,230
24,39,746
25,39,246
26,39,188
27,39,287
28,39,994
29,39,142
30,39,399
31,39,524
32,39,1013
33,39,47
34,39,643
35,39,149
36,39,440
37,39,479
38,39,908
39,39,685
40,39,997
41,39,597
42,39,665
43,39,107
44,39,67
45,39,804
46,39,879
47,39,48
48,39,540
49,39,767
50,39,526
51,39,648
52,39,783
53,39,487
54,39,933
55,39,1002
56,39,537
57,39,266
58,39,474
59,39,586
60,39,839
61,39,476
62,39,821
63,39,847
64,39,775
65,39,681
66,39,584
67,39,877
68,39,432
69,39,749
70,39,650
71,39,363
72,39,647
73,39,1010
74,39,211
75,39,506
76,39,616
77,39,333
78,39,483
79,39,779
80,39,891
81,39,814
82,39,356
83,39,99
84,39,283
85,39,538
86,39,985
87,39,186
88,39,966
89,39,686
90,39,521
91,39,396
92,39,750
93,39,220
94,39,826
95,39,887
96,39,252
97,39,883
98,39,435
99,39,617
100,39,923
101,39,770
102,39,560
103,39,652
104,39,539
105,39,614
106,39,137
107,39,267
108,39,239
109,39,653
110,39,244
111,39,449
112,39,60
113,39,693
114,39,434
115,39,451
116,39,123
117,39,44
118,39,101
119,39,606
120,39,962
121,39,400
122,39,698
123,39,780
124,39,176
125,39,334
126,39,102
127,39,515
128,39,498
129,39,203
130,39,566
131,39,820
132,39,16
133,39,486
134,39,619
135,39,80
136,39,516
137,39,944
138,39,322
139,39,341
140,39,250
141,39,724
142,39,607
143,39,114
144,39,109
145,39,723
146,39,852
147,39,243
148,39,190
149,39,96
150,39,955
151,39,679
152,39,534
153,39,319
154,39,75
155,39,568
156,39,231
157,39,952
158,39,667
159,39,785
160,39,104
161,39,536
162,39,120
163,39,98
164,39,433
165,39,35
166,39,277
167,39,838
168,39,805
169,39,531
170,39,462
171,39,473
172,39,299
173,39,165
174,39,865
175,39,725
176,39,115
177,39,663
178,39,910
179,39,326
180,39,1003
181,39,921
182,39,809
183,39,701
184,39,261
185,39,596
186,39,758
187,39,20
188,39,256
189,39,743
190,39,437
191,39,525
192,39,304
193,39,970
194,39,580
195,39,938
196,39,554
197,39,957
198,39,468
199,39,309
200,39,410
201,39,981
202,39,980
203,39,963
204,39,145
205,39,254
206,39,709
207,39,201
208,39,571
209,39,914
210,39,218
211,39,700
212,39,901
213,39,135
214,39,179
215,39,161
216,39,757
217,39,836
218,39,598
219,39,929
220,39,953
221,39,108
222,39,156
223,39,657
224,39,694
225,39,418
226,39,878
227,39,1020
228,39,332
229,39,712
230,39,251
231,39,27
232,39,36
233,39,184
234,39,857
235,39,219
236,39,221
237,39,157
238,39,998
239,39,422
240,39,205
241,39,494
242,39,217
243,39,794
244,39,532
245,39,816
246,39,777
247,39,458
248,39,112
249,39,318
250,39,173
251,39,982
252,39,542
253,39,88
254,39,52
255,39,194
256,39,376
257,39,790
258,39,5
259,39,965
260,39,34
261,39,680
262,39,763
263,39,509
264,39,795
265,39,429
266,39,127
267,39,209
268,39,9
269,39,627
270,39,423
271,39,620
272,39,347
273,39,223
274,39,552
275,39,214
276,39,226
277,39,545
278,39,439
279,39,797
280,39,951
281,39,294
282,39,216
283,39,869
284,39,193
285,39,140
286,39,930
287,39,697
288,39,842
289,39,581
290,39,213
291,39,202
292,39,656
293,39,141
294,39,541
295,39,630
296,39,421
297,39,535
298,39,241
299,39,93
300,39,555
301,39,741
302,39,39
303,39,662
304,39,447
305,39,272
306,39,823
307,39,386
308,39,377
309,39,387
310,39,886
311,39,558
312,39,315
313,39,298
314,39,837
315,39,813
316,39,119
317,39,454
318,39,732
319,39,728
320,39,734
321,39,632
322,39,868
323,39,496
324,39,8
325,39,197
326,39,245
327,39,658
328,39,132
329,39,510
330,39,110
331,39,284
332,39,824
333,39,748
334,39,822
335,39,370
336,39,228
337,39,236
338,39,70
339,39,731
340,39,947
341,39,699
342,39,464
343,39,40
344,39,187
345,39,1005
346,39,825
347,39,285
348,39,737
349,39,976
350,39,570
351,39,312
352,39,854
353,39,327
354,39,442
355,39,707
356,39,894
357,39,799
358,39,551
359,39,499
360,39,450
361,39,461
362,39,1012
363,39,340
364,39,733
365,39,893
366,39,772
367,39,84
368,39,776
369,39,163
370,39,162
371,39,922
372,39,74
373,39,484
374,39,45
375,39,827
376,39,751
377,39,485
378,39,849
379,39,740
380,39,559
381,39,742
382,39,673
383,39,664
384,39,714
385,39,305
386,39,600
387,39,828
388,39,892
389,39,744
390,39,343
391,39,895
392,39,819
393,39,875
394,39,862
395,39,286
396,39,489
397,39,587
398,39,349
399,39,212
0,40,399
1,40,150
2,40,285
3,40,653
4,40,567
5,40,954
6,40,974
7,40,669
8,40,311
9,40,464
10,40,557
11,40,105
12,40,188
13,40,786
14,40,503
15,40,650
16,40,784
17,40,1008
18,40,520
19,40,217
20,40,678
21,40,0
22,40,585
23,40,230
24,40,714
25,40,278
26,40,187
27,40,287
28,40,993
29,40,142
30,40,367
31,40,492
32,40,1013
33,40,15
34,40,643
35,40,149
36,40,440
37,40,478
38,40,907
39,40,717
40,40,996
41,40,597
42,40,665
43,40,107
44,40,67
45,40,836
46,40,911
47,40,47
48,40,540
49,40,767
50,40,525
51,40,680
52,40,783
53,40,487
54,40,934
55,40,1002
56,40,537
57,40,266
58,40,474
59,40,554
60,40,839
61,40,476
62,40,822
63,40,847
64,40,775
65,40,649
66,40,584
67,40,877
68,40,431
69,40,750
70,40,651
71,40,363
72,40,648
73,40,1010
74,40,211
75,40,506
76,40,616
77,40,332
78,40,484
79,40,779
80,40,891
81,40,815
82,40,356
83,40,99
84,40,283
85,40,538
86,40,984
87,40,154
88,40,966
89,40,686
90,40,553
91,40,364
92,40,782
93,40,220
94,40,858
95,40,887
96,40,252
97,40,883
98,40,435
99,40,617
100,40,924
101,40,770
102,40,560
103,40,652
104,40,539
105,40,614
106,40,137
107,40,267
108,40,239
109,40,621
110,40,212
111,40,449
112,40,60
113,40,725
114,40,434
115,40,451
116,40,91
117,40,44
118,40,101
119,40,606
120,40,994
121,40,432
122,40,730
123,40,748
124,40,176
125,40,334
126,40,102
127,40,483
128,40,466
129,40,202
130,40,598
131,40,821
132,40,16
133,40,518
134,40,619
135,40,48
136,40,515
137,40,945
138,40,354
139,40,340
140,40,250
141,40,692
142,40,607
143,40,114
144,40,141
145,40,723
146,40,852
147,40,242
148,40,190
149,40,96
150,40,955
151,40,647
152,40,534
153,40,319
154,40,75
155,40,600
156,40,199
157,40,952
158,40,635
159,40,785
160,40,104
161,40,504
162,40,120
163,40,98
164,40,433
165,40,35
166,40,277
167,40,870
168,40,837
169,40,531
170,40,462
171,40,473
172,40,298
173,40,165
174,40,865
175,40,724
176,40,115
177,40,663
178,40,942
179,40,358
180,40,1003
181,40,921
182,40,809
183,40,733
184,40,261
185,40,596
186,40,758
187,40,20
188,40,256
189,40,743
190,40,437
191,40,524
192,40,272
193,40,970
194,40,580
195,40,938
196,40,522
197,40,957
198,40,469
199,40,309
200,40,410
201,40,981
202,40,980
203,40,962
204,40,144
205,40,286
206,40,709
207,40,201
208,40,571
209,40,914
210,40,218
211,40,668
212,40,933
213,40,135
214,40,179
215,40,160
216,40,757
217,40,835
218,40,599
219,40,929
220,40,953
221,40,76
222,40,156
223,40,689
224,40,693
225,40,450
226,40,910
227,40,1020
228,40,331
229,40,744
230,40,251
231,40,27
232,40,36
233,40,184
234,40,857
235,40,219
236,40,222
237,40,157
238,40,997
239,40,421
240,40,205
241,40,494
242,40,185
243,40,794
244,40,532
245,40,817
246,40,745
247,40,426
248,40,112
249,40,317
250,40,174
251,40,982
252,40,574
253,40,88
254,40,84
255,40,162
256,40,344
257,40,790
258,40,5
259,40,965
260,40,34
261,40,679
262,40,763
263,40,509
264,40,827
265,40,429
266,40,127
267,40,208
268,40,10
269,40,627
270,40,423
271,40,588
272,40,348
273,40,223
274,40,551
275,40,214
276,40,226
277,40,545
278,40,471
279,40,797
280,40,951
281,40,294
282,40,216
283,40,869
284,40,193
285,40,172
286,40,930
287,40,697
288,40,842
289,40,549
290,40,245
291,40,234
292,40,656
293,40,140
294,40,541
295,40,630
296,40,453
297,40,535
298,40,241
299,40,93
300,40,555
301,40,740
302,40,40
303,40,662
304,40,479
305,40,240
306,40,791
307,40,386
308,40,378
309,40,419
310,40,886
311,40,559
312,40,315
313,40,330
314,40,838
315,40,813
316,40,119
317,40,422
318,40,700
319,40,728
320,40,766
321,40,632
322,40,900
323,40,528
324,40,9
325,40,197
326,40,246
327,40,658
328,40,132
329,40,542
330,40,110
331,40,284
332,40,856
333,40,749
334,40,823
335,40,369
336,40,228
337,40,236
338,40,70
339,40,732
340,40,947
341,40,699
342,40,496
343,40,8
344,40,186
345,40,1005
346,40,824
347,40,253
348,40,737
349,40,976
350,40,570
351,40,280
352,40,854
353,40,326
354,40,442
355,40,707
356,40,926
357,40,799
358,40,583
359,40,499
360,40,482
361,40,460
362,40,1012
363,40,308
364,40,734
365,40,893
366,40,804
367,40,85
368,40,777
369,40,164
370,40,161
371,40,922
372,40,106
373,40,485
374,40,45
375,40,826
376,40,751
377,40,517
378,40,849
379,40,772
380,40,527
381,40,710
382,40,673
383,40,664
384,40,682
385,40,305
386,40,601
387,40,828
388,40,892
389,40,776
390,40,343
391,40,895
392,40,820
393,40,875
394,40,862
395,40,318
396,40,457
397,40,587
398,40,349
399,40,213
0,41,367
1,41,150
2,41,253
3,41,652
4,41,535
5,41,954
6,41,1006
7,41,669
8,41,311
9,41,463
10,41,557
11,41,105
12,41,187
13,41,786
14,41,504
15,41,618
16,41,784
17,41,1008
18,41,520
19,41,185
20,41,679
21,41,0
22,41,586
23,41,230
24,41,713
25,41,279
26,41,155
27,41,287
28,41,994
29,41,142
30,41,335
31,41,460
32,41,1013
33,41,16
34,41,643
35,41,149
36,41,440
37,41,477
38,41,906
39,41,717
40,41,997
41,41,629
42,41,665
43,41,107
44,41,67
45,41,868
46,41,911
47,41,46
48,41,540
49,41,767
50,41,524
51,41,712
52,41,783
53,41,487
54,41,933
55,41,1002
56,41,537
57,41,266
58,41,474
59,41,522
60,41,839
61,41,476
62,41,854
63,41,847
64,41,775
65,41,617
66,41,584
67,41,877
68,41,399
69,41,782
70,41,650
71,41,363
72,41,649
73,41,1010
74,41,243
75,41,506
76,41,648
77,41,331
78,41,483
79,41,779
80,41,891
81,41,816
82,41,356
83,41,99
84,41,283
85,41,538
86,41,983
87,41,122
88,41,967
89,41,686
90,41,585
91,41,332
92,41,814
93,41,220
94,41,890
95,41,887
96,41,252
97,41,883
98,41,435
99,41,616
100,41,924
101,41,770
102,41,560
103,41,684
104,41,539
105,41,614
106,41,137
107,41,267
108,41,239
109,41,653
110,41,211
111,41,449
112,41,60
113,41,757
114,41,434
115,41,450
116,41,92
117,41,44
118,41,101
119,41,638
120,41,962
121,41,431
122,41,730
123,41,748
124,41,176
125,41,334
126,41,102
127,41,515
128,41,467
129,41,234
130,41,597
131,41,822
132,41,48
133,41,518
134,41,619
135,41,47
136,41,514
137,41,977
138,41,386
139,41,308
140,41,250
141,41,724
142,41,607
143,41,114
144,41,173
145,41,723
146,41,852
147,41,242
148,41,158
149,41,96
150,41,955
151,41,615
152,41,534
153,41,319
154,41,75
155,41,599
156,41,167
157,41,952
158,41,635
159,41,785
160,41,104
161,41,505
162,41,120
163,41,98
164,41,433
165,41,35
166,41,277
167,41,870
168,41,837
169,41,531
170,41,462
171,41,473
172,41,298
173,41,165
174,41,865
175,41,725
176,41,115
177,41,663
178,41,910
179,41,326
180,41,1003
181,41,921
182,41,809
183,41,734
184,41,261
185,41,596
186,41,790
187,41,20
188,41,256
189,41,743
190,41,437
191,41,492
192,41,240
193,41,970
194,41,580
195,41,938
196,41,490
197,41,957
198,41,470
199,41,309
200,41,410
201,41,981
202,41,980
203,41,963
204,41,112
205,41,318
206,41,709
207,41,201
208,41,571
209,41,914
210,41,218
211,41,667
212,41,901
213,41,135
214,41,179
215,41,160
216,41,758
217,41,803
218,41,598
219,41,929
220,41,953
221,41,77
222,41,156
223,41,721
224,41,692
225,41,482
226,41,909
227,41,1020
228,41,299
229,41,776
230,41,251
231,41,27
232,41,36
233,41,184
234,41,858
235,41,219
236,41,190
237,41,157
238,41,965
239,41,420
240,41,205
241,41,494
242,41,153
243,41,794
244,41,532
245,41,818
246,41,744
247,41,394
248,41,113
249,41,285
250,41,175
251,41,982
252,41,606
253,41,88
254,41,116
255,41,161
256,41,345
257,41,791
258,41,5
259,41,966
260,41,34
261,41,647
262,41,763
263,41,509
264,41,827
265,41,429
266,41,127
267,41,207
268,41,9
269,41,627
270,41,422
271,41,587
272,41,316
273,41,223
274,41,550
275,41,214
276,41,226
277,41,545
278,41,471
279,41,797
280,41,951
281,41,294
282,41,216
283,41,869
284,41,193
285,41,204
286,41,930
287,41,697
288,41,842
289,41,548
290,41,244
291,41,233
292,41,656
293,41,140
294,41,541
295,41,630
296,41,421
297,41,503
298,41,241
299,41,93
300,41,554
301,41,739
302,41,41
303,41,662
304,41,511
305,41,208
306,41,823
307,41,385
308,41,379
309,41,419
310,41,885
311,41,527
312,41,315
313,41,330
314,41,838
315,41,813
316,41,119
317,41,454
318,41,668
319,41,728
320,41,798
321,41,632
322,41,932
323,41,496
324,41,8
325,41,197
326,41,278
327,41,658
328,41,132
329,41,574
330,41,110
331,41,284
332,41,857
333,41,750
334,41,824
335,41,369
336,41,228
337,41,236
338,41,70
339,41,700
340,41,947
341,41,699
342,41,464
343,41,40
344,41,154
345,41,1005
346,41,856
347,41,221
348,41,737
349,41,976
350,41,570
351,41,281
352,41,886
353,41,325
354,41,442
355,41,707
356,41,927
357,41,799
358,41,551
359,41,499
360,41,481
361,41,459
362,41,1012
363,41,276
364,41,735
365,41,893
366,41,836
367,41,85
368,41,745
369,41,164
370,41,129
371,41,922
372,41,106
373,41,484
374,41,45
375,41,826
376,41,751
377,41,516
378,41,849
379,41,804
380,41,528
381,41,678
382,41,673
383,41,664
384,41,682
385,41,305
386,41,600
387,41,828
388,41,892
389,41,808
390,41,343
391,41,895
392,41,821
393,41,875
394,41,862
395,41,317
396,41,458
397,41,555
398,41,349
399,41,245
0,42,335
1,42,150
2,42,221
3,42,684
4,42,503
5,42,954
6,42,1006
7,42,669
8,42,311
9,42,463
10,42,557
11,42,105
12,42,187
13,42,786
14,42,536
15,42,618
16,42,784
17,42,1008
18,42,520
19,42,185
20,42,678
21,42,0
22,42,554
23,42,230
24,42,714
25,42,280
26,42,155
27,42,287
28,42,962
29,42,142
30,42,303
31,42,492
32,42,1013
33,42,48
34,42,643
35,42,149
36,42,440
37,42,445
38,42,906
39,42,717
40,42,998
41,42,661
42,42,665
43,42,107
44,42,67
45,42,867
46,42,911
47,42,45
48,42,540
49,42,799
50,42,556
51,42,744
52,42,815
53,42,487
54,42,933
55,42,1002
56,42,537
57,42,298
58,42,474
59,42,490
60,42,839
61,42,476
62,42,886
63,42,847
64,42,775
65,42,616
66,42,584
67,42,877
68,42,400
69,42,750
70,42,650
71,42,363
72,42,649
73,42,1010
74,42,243
75,42,506
76,42,680
77,42,299
78,42,484
79,42,779
80,42,891
81,42,817
82,42,356
83,42,99
84,42,283
85,42,538
86,42,983
87,42,121
88,42,966
89,42,686
90,42,617
91,42,331
92,42,814
93,42,220
94,42,890
95,42,887
96,42,252
97,42,883
98,42,435
99,42,648
100,42,924
101,42,770
102,42,560
103,42,685
104,42,539
105,42,614
106,42,137
107,42,266
108,42,238
109,42,654
110,42,210
111,42,449
112,42,60
113,42,725
114,42,434
115,42,450
116,42,93
117,42,44
118,42,101
119,42,639
120,42,930
121,42,431
122,42,730
123,42,748
124,42,208
125,42,334
126,42,102
127,42,547
128,42,468
129,42,233
130,42,629
131,42,823
132,42,47
133,42,518
134,42,619
135,42,15
136,42,482
137,42,978
138,42,418
139,42,276
140,42,250
141,42,723
142,42,607
143,42,114
144,42,173
145,42,755
146,42,852
147,42,242
148,42,159
149,42,96
150,42,955
151,42,583
152,42,534
153,42,319
154,42,75
155,42,631
156,42,168
157,42,952
158,42,635
159,42,785
160,42,104
161,42,504
162,42,120
163,42,98
164,42,433
165,42,35
166,42,277
167,42,838
168,42,836
169,42,531
170,42,462
171,42,473
172,42,297
173,42,165
174,42,865
175,42,693
176,42,115
177,42,663
178,42,878
179,42,326
180,42,1003
181,42,921
182,42,809
183,42,766
184,42,261
185,42,597
186,42,758
187,42,20
188,42,256
189,42,743
190,42,437
191,42,524
192,42,239
193,42,970
194,42,580
195,42,938
196,42,458
197,42,957
198,42,438
199,42,309
200,42,410
201,42,981
202,42,980
203,42,963
204,42,80
205,42,350
206,42,709
207,42,200
208,42,571
209,42,914
210,42,218
211,42,667
212,42,900
213,42,135
214,42,179
215,42,161
216,42,757
217,42,771
218,42,566
219,42,929
220,42,953
221,42,77
222,42,156
223,42,753
224,42,724
225,42,483
226,42,908
227,42,1020
228,42,267
229,42,808
230,42,251
231,42,27
232,42,36
233,42,184
234,42,859
235,42,219
236,42,158
237,42,157
238,42,997
239,42,388
240,42,205
241,42,494
242,42,154
243,42,794
244,42,532
245,42,819
246,42,745
247,42,393
248,42,112
249,42,286
250,42,176
251,42,982
252,42,638
253,42,88
254,42,148
255,42,193
256,42,345
257,42,790
258,42,5
259,42,965
260,42,34
261,42,646
262,42,763
263,42,509
264,42,827
265,42,429
266,42,127
267,42,206
268,42,9
269,42,627
270,42,390
271,42,555
272,42,317
273,42,223
274,42,549
275,42,214
276,42,226
277,42,545
278,42,471
279,42,797
280,42,951
281,42,294
282,42,216
283,42,869
284,42,194
285,42,204
286,42,898
287,42,697
288,42,842
289,42,516
290,42,212
291,42,201
292,42,656
293,42,140
294,42,541
295,42,630
296,42,421
297,42,502
298,42,241
299,42,61
300,42,553
301,42,739
302,42,41
303,42,662
304,42,511
305,42,207
306,42,791
307,42,386
308,42,379
309,42,420
310,42,884
311,42,559
312,42,315
313,42,330
314,42,837
315,42,813
316,42,119
317,42,422
318,42,668
319,42,728
320,42,830
321,42,632
322,42,931
323,42,496
324,42,8
325,42,197
326,42,279
327,42,658
328,42,132
329,42,606
330,42,110
331,42,285
332,42,858
333,42,751
334,42,792
335,42,369
336,42,228
337,42,236
338,42,70
339,42,701
340,42,947
341,42,699
342,42,464
343,42,39
344,42,122
345,42,1005
346,42,856
347,42,222
348,42,737
349,42,976
350,42,570
351,42,249
352,42,885
353,42,325
354,42,442
355,42,707
356,42,959
357,42,798
358,42,552
359,42,499
360,42,481
361,42,460
362,42,1012
363,42,244
364,42,767
365,42,893
366,42,835
367,42,85
368,42,713
369,42,164
370,42,130
371,42,922
372,42,106
373,42,485
374,42,13
375,42,826
376,42,783
377,42,515
378,42,849
379,42,804
380,42,527
381,42,677
382,42,673
383,42,664
384,42,682
385,42,305
386,42,568
387,42,828
388,42,892
389,42,840
390,42,343
391,42,895
392,42,822
393,42,875
394,42,862
395,42,318
396,42,459
397,42,523
398,42,349
399,42,245
0,43,303
1,43,150
2,43,222
3,43,683
4,43,504
5,43,954
6,43,1006
7,43,669
8,43,311
9,43,463
10,43,557
11,43,105
12,43,187
13,43,786
14,43,568
15,43,618
16,43,784
17,43,1008
18,43,520
19,43,185
20,43,710
21,43,0
22,43,554
23,43,230
24,43,713
25,43,312
26,43,155
27,43,287
28,43,994
29,43,142
30,43,304
31,43,492
32,43,1013
33,43,48
34,43,643
35,43,149
36,43,440
37,43,413
38,43,906
39,43,717
40,43,997
41,43,693
42,43,665
43,43,107
44,43,67
45,43,867
46,43,911
47,43,44
48,43,540
49,43,767
50,43,524
51,43,745
52,43,783
53,43,487
54,43,933
55,43,1002
56,43,537
57,43,266
58,43,474
59,43,458
60,43,807
61,43,476
62,43,887
63,43,847
64,43,775
65,43,617
66,43,584
67,43,877
68,43,432
69,43,749
70,43,650
71,43,363
72,43,648
73,43,1010
74,43,211
75,43,506
76,43,680
77,43,298
78,43,483
79,43,779
80,43,891
81,43,818
82,43,356
83,43,99
84,43,283
85,43,538
86,43,983
87,43,153
88,43,966
89,43,686
90,43,649
91,43,299
92,43,814
93,43,220
94,43,890
95,43,919
96,43,252
97,43,883
98,43,435
99,43,616
100,43,924
101,43,770
102,43,560
103,43,684
104,43,539
105,43,614
106,43,137
107,43,267
108,43,237
109,43,654
110,43,178
111,43,449
112,43,60
113,43,757
114,43,434
115,43,451
116,43,61
117,43,76
118,43,101
119,43,607
120,43,931
121,43,431
122,43,730
123,43,748
124,43,209
125,43,334
126,43,102
127,43,548
128,43,436
129,43,265
130,43,661
131,43,824
132,43,15
133,43,518
134,43,619
135,43,16
136,43,450
137,43,978
138,43,418
139,43,244
140,43,250
141,43,755
142,43,575
143,43,114
144,43,173
145,43,754
146,43,851
147,43,242
148,43,158
149,43,96
150,43,955
151,43,583
152,43,533
153,43,319
154,43,75
155,43,663
156,43,136
157,43,952
158,43,635
159,43,785
160,43,104
161,43,505
162,43,120
163,43,98
164,43,433
165,43,35
166,43,277
167,43,838
168,43,835
169,43,531
170,43,462
171,43,473
172,43,297
173,43,165
174,43,865
175,43,725
176,43,115
177,43,695
178,43,878
179,43,326
180,43,1003
181,43,921
182,43,809
183,43,798
184,43,261
185,43,597
186,43,790
187,43,20
188,43,256
189,43,743
190,43,437
191,43,525
192,43,238
193,43,970
194,43,580
195,43,938
196,43,457
197,43,957
198,43,406
199,43,309
200,43,410
201,43,981
202,43,980
203,43,962
204,43,80
205,43,382
206,43,709
207,43,201
208,43,571
209,43,914
210,43,218
211,43,667
212,43,932
213,43,135
214,43,179
215,43,160
216,43,758
217,43,772
218,43,566
219,43,929
220,43,953
221,43,77
222,43,156
223,43,753
224,43,723
225,43,482
226,43,940
227,43,1020
228,43,235
229,43,840
230,43,251
231,43,27
232,43,36
233,43,184
234,43,827
235,43,219
236,43,126
237,43,157
238,43,996
239,43,420
240,43,204
241,43,494
242,43,122
243,43,794
244,43,532
245,43,820
246,43,777
247,43,393
248,43,112
249,43,285
250,43,208
251,43,982
252,43,637
253,43,88
254,43,148
255,43,161
256,43,345
257,43,822
258,43,5
259,43,965
260,43,34
261,43,646
262,43,763
263,43,509
264,43,828
265,43,429
266,43,127
267,43,205
268,43,9
269,43,627
270,43,390
271,43,555
272,43,318
273,43,223
274,43,549
275,43,214
276,43,226
277,43,545
278,43,503
279,43,797
280,43,951
281,43,294
282,43,216
283,43,869
284,43,193
285,43,172
286,43,930
287,43,697
288,43,842
289,43,515
290,43,213
291,43,202
292,43,656
293,43,140
294,43,541
295,43,630
296,43,422
297,43,534
298,43,241
299,43,29
300,43,552
301,43,739
302,43,41
303,43,662
304,43,511
305,43,206
306,43,791
307,43,386
308,43,379
309,43,419
310,43,852
311,43,558
312,43,315
313,43,331
314,43,837
315,43,813
316,43,119
317,43,454
318,43,668
319,43,728
320,43,862
321,43,632
322,43,963
323,43,496
324,43,8
325,43,197
326,43,280
327,43,658
328,43,132
329,43,638
330,43,110
331,43,317
332,43,859
333,43,719
334,43,792
335,43,369
336,43,228
337,43,236
338,43,70
339,43,701
340,43,947
341,43,699
342,43,464
343,43,39
344,43,121
345,43,1005
346,43,856
347,43,190
348,43,737
349,43,976
350,43,570
351,43,217
352,43,884
353,43,325
354,43,442
355,43,707
356,43,991
357,43,799
358,43,551
359,43,499
360,43,481
361,43,461
362,43,1012
363,43,243
364,43,766
365,43,893
366,43,834
367,43,85
368,43,681
369,43,164
370,43,162
371,43,922
372,43,106
373,43,484
374,43,45
375,43,826
376,43,751
377,43,514
378,43,849
379,43,836
380,43,559
381,43,645
382,43,673
383,43,664
384,43,682
385,43,305
386,43,567
387,43,796
388,43,892
389,43,839
390,43,343
391,43,895
392,43,823
393,43,875
394,43,861
395,43,286
396,43,460
397,43,523
398,43,349
399,43,245
0,44,302
1,44,150
2,44,190
3,44,683
4,44,505
5,44,954
6,44,1006
7,44,668
8,44,311
9,44,463
10,44,557
11,44,73
12,44,187
13,44,786
14,44,600
15,44,618
16,44,784
17,44,1008
18,44,520
19,44,185
20,44,710
21,44,0
22,44,554
23,44,230
24,44,713
25,44,313
26,44,155
27,44,287
28,44,993
29,44,142
30,44,304
31,44,492
32,44,1013
33,44,47
34,44,643
35,44,149
36,44,440
37,44,412
38,44,906
39,44,717
40,44,997
41,44,661
42,44,665
43,44,107
44,44,67
45,44,867
46,44,911
47,44,43
48,44,540
49,44,767
50,44,524
51,44,746
52,44,783
53,44,487
54,44,933
55,44,1002
56,44,537
57,44,266
58,44,474
59,44,426
60,44,839
61,44,476
62,44,919
63,44,847
64,44,775
65,44,585
66,44,584
67,44,877
68,44,432
69,44,749
70,44,650
71,44,363
72,44,680
73,44,1010
74,44,212
75,44,507
76,44,679
77,44,297
78,44,451
79,44,779
80,44,891
81,44,819
82,44,356
83,44,99
84,44,283
85,44,538
86,44,982
87,44,154
88,44,966
89,44,686
90,44,648
91,44,298
92,44,814
93,44,220
94,44,890
95,44,951
96,44,252
97,44,883
98,44,435
99,44,617
100,44,924
101,44,770
102,44,560
103,44,652
104,44,539
105,44,614
106,44,137
107,44,267
108,44,236
109,44,654
110,44,146
111,44,449
112,44,60
113,44,758
114,44,434
115,44,450
116,44,62
117,44,44
118,44,101
119,44,606
120,44,963
121,44,431
122,44,730
123,44,748
124,44,177
125,44,334
126,44,102
127,44,516
128,44,404
129,44,264
130,44,660
131,44,856
132,44,16
133,44,518
134,44,619
135,44,48
136,44,418
137,44,978
138,44,417
139,44,243
140,44,250
141,44,754
142,44,607
143,44,114
144,44,173
145,44,722
146,44,851
147,44,242
148,44,159
149,44,96
150,44,955
151,44,615
152,44,534
153,44,319
154,44,75
155,44,695
156,44,104
157,44,952
158,44,635
159,44,785
160,44,105
161,44,506
162,44,120
163,44,98
164,44,433
165,44,35
166,44,277
167,44,838
168,44,834
169,44,531
170,44,462
171,44,473
172,44,265
173,44,165
174,44,865
175,44,757
176,44,115
177,44,694
178,44,878
179,44,326
180,44,1003
181,44,921
182,44,809
183,44,830
184,44,261
185,44,597
186,44,791
187,44,20
188,44,256
189,44,743
190,44,437
191,44,525
192,44,237
193,44,970
194,44,580
195,44,938
196,44,458
197,44,957
198,44,407
199,44,309
200,44,410
201,44,981
202,44,980
203,44,994
204,44,80
205,44,414
206,44,709
207,44,201
208,44,571
209,44,914
210,44,218
211,44,667
212,44,931
213,44,135
214,44,179
215,44,161
216,44,790
217,44,772
218,44,566
219,44,929
220,44,953
221,44,77
222,44,156
223,44,753
224,44,755
225,44,514
226,44,972
227,44,1020
228,44,203
229,44,872
230,44,251
231,44,27
232,44,36
233,44,184
234,44,826
235,44,219
236,44,94
237,44,157
238,44,996
239,44,421
240,44,172
241,44,494
242,44,123
243,44,794
244,44,532
245,44,821
246,44,777
247,44,393
248,44,112
249,44,317
250,44,209
251,44,1014
252,44,669
253,44,88
254,44,148
255,44,193
256,44,345
257,44,822
258,44,5
259,44,965
260,44,34
261,44,646
262,44,763
263,44,509
264,44,828
265,44,429
266,44,127
267,44,204
268,44,9
269,44,627
270,44,390
271,44,555
272,44,350
273,44,223
274,44,549
275,44,214
276,44,226
277,44,545
278,44,503
279,44,797
280,44,983
281,44,294
282,44,215
283,44,869
284,44,194
285,44,140
286,44,930
287,44,697
288,44,842
289,44,515
290,44,213
291,44,202
292,44,656
293,44,141
294,44,541
295,44,630
296,44,423
297,44,535
298,44,241
299,44,61
300,44,551
301,44,739
302,44,41
303,44,662
304,44,511
305,44,205
306,44,823
307,44,386
308,44,379
309,44,420
310,44,820
311,44,559
312,44,315
313,44,332
314,44,837
315,44,813
316,44,119
317,44,422
318,44,700
319,44,728
320,44,894
321,44,632
322,44,962
323,44,496
324,44,8
325,44,197
326,44,312
327,44,658
328,44,132
329,44,637
330,44,110
331,44,318
332,44,827
333,44,720
334,44,792
335,44,369
336,44,228
337,44,235
338,44,70
339,44,701
340,44,947
341,44,699
342,44,464
343,44,39
344,44,89
345,44,1005
346,44,888
347,44,158
348,44,737
349,44,976
350,44,570
351,44,216
352,44,852
353,44,325
354,44,442
355,44,707
356,44,991
357,44,799
358,44,583
359,44,499
360,44,482
361,44,460
362,44,1012
363,44,211
364,44,798
365,44,893
366,44,866
367,44,85
368,44,681
369,44,164
370,44,162
371,44,922
372,44,106
373,44,483
374,44,45
375,44,858
376,44,751
377,44,546
378,44,849
379,44,835
380,44,527
381,44,613
382,44,673
383,44,664
384,44,682
385,44,305
386,44,568
387,44,796
388,44,892
389,44,840
390,44,343
391,44,895
392,44,824
393,44,875
394,44,862
395,44,286
396,44,428
397,44,523
398,44,349
399,44,245
0,45,301
1,45,150
2,45,158
3,45,683
4,45,506
5,45,954
6,45,1006
7,45,667
8,45,311
9,45,463
10,45,557
11,45,41
12,45,187
13,45,786
14,45,601
15,45,618
16,45,784
17,45,1008
18,45,520
19,45,185
20,45,710
21,45,0
22,45,554
23,45,230
24,45,713
25,45,281
26,45,155
27,45,319
28,45,992
29,45,142
30,45,304
31,45,492
32,45,1013
33,45,15
34,45,643
35,45,149
36,45,440
37,45,380
38,45,906
39,45,717
40,45,997
41,45,629
42,45,665
43,45,107
44,45,67
45,45,867
46,45,911
47,45,42
48,45,540
49,45,767
50,45,524
51,45,747
52,45,783
53,45,487
54,45,933
55,45,1002
56,45,537
57,45,267
58,45,474
59,45,394
60,45,839
61,45,476
62,45,920
63,45,847
64,45,775
65,45,553
66,45,584
67,45,877
68,45,432
69,45,749
70,45,650
71,45,363
72,45,679
73,45,1010
74,45,213
75,45,508
76,45,647
77,45,298
78,45,450
79,45,779
80,45,891
81,45,787
82,45,356
83,45,99
84,45,283
85,45,538
86,45,983
87,45,186
88,45,966
89,45,686
90,45,680
91,45,266
92,45,814
93,45,220
94,45,890
95,45,919
96,45,252
97,45,883
98,45,435
99,45,617
100,45,924
101,45,770
102,45,560
103,45,652
104,45,539
105,45,614
106,45,137
107,45,299
108,45,237
109,45,654
110,45,145
111,45,481
112,45,60
113,45,757
114,45,434
115,45,418
116,45,62
117,45,44
118,45,101
119,45,606
120,45,962
121,45,431
122,45,730
123,45,748
124,45,176
125,45,334
126,45,102
127,45,516
128,45,405
129,45,264
130,45,692
131,45,888
132,45,16
133,45,518
134,45,619
135,45,47
136,45,386
137,45,978
138,45,449
139,45,243
140,45,250
141,45,722
142,45,607
143,45,114
144,45,174
145,45,723
146,45,819
147,45,242
148,45,159
149,45,96
150,45,955
151,45,583
152,45,534
153,45,351
154,45,75
155,45,727
156,45,105
157,45,952
158,45,635
159,45,785
160,45,73
161,45,507
162,45,120
163,45,98
164,45,433
165,45,35
166,45,277
167,45,838
168,45,866
169,45,531
170,45,462
171,45,473
172,45,297
173,45,165
174,45,864
175,45,725
176,45,115
177,45,695
178,45,878
179,45,326
180,45,1003
181,45,921
182,45,809
183,45,862
184,45,261
185,45,597
186,45,790
187,45,20
188,45,256
189,45,743
190,45,437
191,45,525
192,45,205
193,45,970
194,45,580
195,45,938
196,45,490
197,45,957
198,45,408
199,45,309
200,45,410
201,45,981
202,45,980
203,45,993
204,45,80
205,45,414
206,45,709
207,45,201
208,45,571
209,45,914
210,45,218
211,45,666
212,45,963
213,45,135
214,45,178
215,45,160
216,45,758
217,45,772
218,45,566
219,45,929
220,45,953
221,45,77
222,45,156
223,45,753
224,45,755
225,45,546
226,45,972
227,45,1020
228,45,171
229,45,873
230,45,251
231,45,27
232,45,36
233,45,184
234,45,858
235,45,219
236,45,93
237,45,157
238,45,996
239,45,421
240,45,173
241,45,494
242,45,91
243,45,794
244,45,532
245,45,822
246,45,777
247,45,393
248,45,112
249,45,318
250,45,210
251,45,982
252,45,668
253,45,56
254,45,148
255,45,161
256,45,345
257,45,823
258,45,5
259,45,965
260,45,34
261,45,646
262,45,763
263,45,509
264,45,796
265,45,429
266,45,127
267,45,203
268,45,9
269,45,627
270,45,390
271,45,555
272,45,350
273,45,223
274,45,549
275,45,214
276,45,226
277,45,544
278,45,503
279,45,798
280,45,951
281,45,294
282,45,183
283,45,869
284,45,193
285,45,172
286,45,930
287,45,697
288,45,842
289,45,515
290,45,245
291,45,202
292,45,656
293,45,140
294,45,541
295,45,630
296,45,424
297,45,535
298,45,241
299,45,61
300,45,519
301,45,739
302,45,40
303,45,662
304,45,511
305,45,204
306,45,791
307,45,385
308,45,379
309,45,420
310,45,788
311,45,527
312,45,315
313,45,333
314,45,837
315,45,813
316,45,119
317,45,423
318,45,700
319,45,728
320,45,926
321,45,632
322,45,994
323,45,496
324,45,8
325,45,197
326,45,313
327,45,658
328,45,132
329,45,669
330,45,110
331,45,286
332,45,828
333,45,721
334,45,792
335,45,369
336,45,228
337,45,236
338,45,70
339,45,701
340,45,947
341,45,699
342,45,464
343,45,39
344,45,88
345,45,1005
346,45,889
347,45,126
348,45,737
349,45,976
350,45,570
351,45,215
352,45,851
353,45,325
354,45,442
355,45,707
356,45,991
357,45,799
358,45,551
359,45,499
360,45,483
361,45,460
362,45,1012
363,45,179
364,45,830
365,45,893
366,45,865
367,45,85
368,45,681
369,45,164
370,45,162
371,45,922
372,45,106
373,45,451
374,45,45
375,45,859
376,45,751
377,45,545
378,45,849
379,45,834
380,45,528
381,45,581
382,45,673
383,45,664
384,45,682
385,45,305
386,45,568
387,45,797
388,45,892
389,45,808
390,45,343
391,45,895
392,45,856
393,45,875
394,45,861
395,45,287
396,45,396
397,45,523
398,45,349
399,45,244
0,46,301
1,46,150
2,46,126
3,46,683
4,46,507
5,46,954
6,46,1006
7,46,667
8,46,311
9,46,463
10,46,557
11,46,73
12,46,187
13,46,786
14,46,633
15,46,618
16,46,784
17,46,1008
18,46,520
19,46,185
20,46,710
21,46,0
22,46,554
23,46,230
24,46,713
25,46,280
26,46,155
27,46,287
28,46,960
29,46,142
30,46,304
31,46,492
32,46,1013
33,46,16
34,46,643
35,46,149
36,46,440
37,46,380
38,46,906
39,46,717
40,46,997
41,46,597
42,46,665
43,46,75
44,46,67
45,46,867
46,46,911
47,46,41
48,46,540
49,46,767
50,46,524
51,46,779
52,46,783
53,46,486
54,46,933
55,46,1002
56,46,537
57,46,266
58,46,474
59,46,362
60,46,839
61,46,476
62,46,919
63,46,847
64,46,775
65,46,521
66,46,584
67,46,877
68,46,432
69,46,749
70,46,650
71,46,363
72,46,680
73,46,1010
74,46,214
75,46,508
76,46,615
77,46,299
78,46,451
79,46,778
80,46,891
81,46,755
82,46,356
83,46,99
84,46,283
85,46,538
86,46,983
87,46,186
88,46,966
89,46,686
90,46,712
91,46,234
92,46,814
93,46,220
94,46,890
95,46,887
96,46,252
97,46,883
98,46,435
99,46,617
100,46,924
101,46,770
102,46,560
103,46,652
104,46,539
105,46,614
106,46,137
107,46,267
108,46,238
109,46,654
110,46,113
111,46,482
112,46,60
113,46,757
114,46,434
115,46,450
116,46,62
117,46,44
118,46,101
119,46,606
120,46,994
121,46,431
122,46,730
123,46,748
124,46,176
125,46,334
126,46,102
127,46,516
128,46,406
129,46,264
130,46,691
131,46,920
132,46,48
133,46,518
134,46,619
135,46,47
136,46,354
137,46,978
138,46,481
139,46,243
140,46,250
141,46,722
142,46,607
143,46,114
144,46,173
145,46,724
146,46,851
147,46,242
148,46,158
149,46,96
150,46,955
151,46,551
152,46,534
153,46,319
154,46,76
155,46,695
156,46,106
157,46,952
158,46,635
159,46,785
160,46,105
161,46,475
162,46,120
163,46,98
164,46,433
165,46,35
166,46,277
167,46,838
168,46,898
169,46,531
170,46,462
171,46,473
172,46,298
173,46,165
174,46,896
175,46,725
176,46,115
177,46,663
178,46,878
179,46,326
180,46,1003
181,46,921
182,46,809
183,46,894
184,46,261
185,46,598
186,46,822
187,46,20
188,46,256
189,46,743
190,46,437
191,46,525
192,46,237
193,46,970
194,46,580
195,46,938
196,46,490
197,46,957
198,46,376
199,46,309
200,46,410
201,46,981
202,46,980
203,46,992
204,46,80
205,46,414
206,46,709
207,46,201
208,46,571
209,46,914
210,46,218
211,46,666
212,46,962
213,46,135
214,46,179
215,46,161
216,46,758
217,46,772
218,46,566
219,46,929
220,46,953
221,46,77
222,46,156
223,46,753
224,46,723
225,46,578
226,46,972
227,46,1020
228,46,171
229,46,905
230,46,251
231,46,27
232,46,36
233,46,216
234,46,857
235,46,219
236,46,61
237,46,157
238,46,996
239,46,421
240,46,205
241,46,494
242,46,59
243,46,794
244,46,532
245,46,823
246,46,777
247,46,393
248,46,112
249,46,318
250,46,211
251,46,982
252,46,669
253,46,55
254,46,148
255,46,193
256,46,346
257,46,791
258,46,5
259,46,965
260,46,34
261,46,646
262,46,763
263,46,509
264,46,828
265,46,429
266,46,127
267,46,235
268,46,9
269,46,627
270,46,390
271,46,555
272,46,350
273,46,223
274,46,548
275,46,246
276,46,226
277,46,545
278,46,503
279,46,797
280,46,951
281,46,294
282,46,184
283,46,869
284,46,194
285,46,140
286,46,930
287,46,697
288,46,842
289,46,515
290,46,213
291,46,202
292,46,656
293,46,141
294,46,541
295,46,630
296,46,392
297,46,535
298,46,241
299,46,29
300,46,487
301,46,739
302,46,40
303,46,662
304,46,511
305,46,172
306,46,790
307,46,386
308,46,379
309,46,420
310,46,787
311,46,559
312,46,315
313,46,333
314,46,837
315,46,813
316,46,119
317,46,424
318,46,668
319,46,728
320,46,927
321,46,632
322,46,993
323,46,496
324,46,8
325,46,197
326,46,345
327,46,658
328,46,132
329,46,701
330,46,110
331,46,285
332,46,829
333,46,689
334,46,792
335,46,369
336,46,228
337,46,236
338,46,70
339,46,700
340,46,947
341,46,699
342,46,464
343,46,39
344,46,56
345,46,1005
346,46,889
347,46,94
348,46,737
349,46,976
350,46,570
351,46,183
352,46,850
353,46,325
354,46,442
355,46,707
356,46,991
357,46,799
358,46,552
359,46,499
360,46,484
361,46,460
362,46,1012
363,46,147
364,46,862
365,46,893
366,46,864
367,46,85
368,46,681
369,46,164
370,46,162
371,46,922
372,46,107
373,46,419
374,46,45
375,46,827
376,46,751
377,46,513
378,46,849
379,46,834
380,46,527
381,46,549
382,46,673
383,46,664
384,46,682
385,46,305
386,46,568
387,46,796
388,46,892
389,46,776
390,46,343
391,46,895
392,46,888
393,46,875
394,46,861
395,46,286
396,46,364
397,46,523
398,46,349
399,46,245
0,47,301
1,47,150
2,47,94
3,47,683
4,47,475
5,47,954
6,47,1006
7,47,668
8,47,311
9,47,463
10,47,557
11,47,105
12,47,187
13,47,786
14,47,665
15,47,618
16,47,784
17,47,1008
18,47,520
19,47,185
20,47,710
21,47,0
22,47,554
23,47,230
24,47,713
25,47,279
26,47,155
27,47,287
28,47,961
29,47,142
30,47,304
31,47,492
32,47,1013
33,47,48
34,47,643
35,47,149
36,47,440
37,47,380
38,47,874
39,47,717
40,47,997
41,47,598
42,47,664
43,47,107
44,47,67
45,47,867
46,47,911
47,47,40
48,47,540
49,47,767
50,47,524
51,47,780
52,47,783
53,47,518
54,47,933
55,47,1002
56,47,537
57,47,266
58,47,506
59,47,362
60,47,839
61,47,476
62,47,887
63,47,847
64,47,775
65,47,521
66,47,584
67,47,877
68,47,432
69,47,749
70,47,650
71,47,363
72,47,648
73,47,1010
74,47,215
75,47,507
76,47,616
77,47,298
78,47,483
79,47,779
80,47,891
81,47,754
82,47,356
83,47,99
84,47,283
85,47,538
86,47,983
87,47,186
88,47,966
89,47,686
90,47,744
91,47,202
92,47,814
93,47,220
94,47,890
95,47,886
96,47,252
97,47,883
98,47,435
99,47,617
100,47,924
101,47,770
102,47,560
103,47,652
104,47,539
105,47,614
106,47,137
107,47,267
108,47,239
109,47,654
110,47,81
111,47,450
112,47,60
113,47,758
114,47,434
115,47,451
116,47,30
117,47,44
118,47,101
119,47,606
120,47,993
121,47,431
122,47,730
123,47,748
124,47,176
125,47,334
126,47,102
127,47,484
128,47,374
129,47,264
130,47,690
131,47,952
132,47,47
133,47,517
134,47,619
135,47,15
136,47,322
137,47,978
138,47,482
139,47,244
140,47,250
141,47,723
142,47,607
143,47,114
144,47,173
145,47,724
146,47,852
147,47,242
148,47,190
149,47,96
150,47,955
151,47,550
152,47,534
153,47,319
154,47,75
155,47,695
156,47,74
157,47,951
158,47,635
159,47,785
160,47,104
161,47,474
162,47,120
163,47,98
164,47,433
165,47,35
166,47,277
167,47,838
168,47,897
169,47,531
170,47,462
171,47,473
172,47,297
173,47,165
174,47,864
175,47,757
176,47,115
177,47,663
178,47,878
179,47,326
180,47,1003
181,47,921
182,47,809
183,47,926
184,47,261
185,47,599
186,47,821
187,47,20
188,47,256
189,47,743
190,47,437
191,47,525
192,47,237
193,47,970
194,47,580
195,47,938
196,47,490
197,47,957
198,47,344
199,47,309
200,47,410
201,47,981
202,47,980
203,47,960
204,47,80
205,47,414
206,47,709
207,47,201
208,47,571
209,47,914
210,47,218
211,47,667
212,47,994
213,47,135
214,47,179
215,47,160
216,47,790
217,47,772
218,47,566
219,47,929
220,47,953
221,47,77
222,47,156
223,47,753
224,47,755
225,47,610
226,47,972
227,47,1020
228,47,171
229,47,906
230,47,251
231,47,27
232,47,36
233,47,217
234,47,857
235,47,219
236,47,29
237,47,157
238,47,996
239,47,421
240,47,205
241,47,494
242,47,58
243,47,794
244,47,532
245,47,824
246,47,777
247,47,393
248,47,112
249,47,318
250,47,243
251,47,982
252,47,701
253,47,56
254,47,148
255,47,161
256,47,347
257,47,823
258,47,5
259,47,965
260,47,34
261,47,646
262,47,763
263,47,509
264,47,827
265,47,429
266,47,127
267,47,235
268,47,9
269,47,627
270,47,390
271,47,555
272,47,350
273,47,223
274,47,516
275,47,214
276,47,226
277,47,544
278,47,503
279,47,797
280,47,919
281,47,294
282,47,216
283,47,869
284,47,193
285,47,141
286,47,930
287,47,697
288,47,842
289,47,515
290,47,213
291,47,203
292,47,656
293,47,109
294,47,541
295,47,630
296,47,392
297,47,535
298,47,241
299,47,28
300,47,486
301,47,739
302,47,39
303,47,662
304,47,511
305,47,140
306,47,822
307,47,386
308,47,379
309,47,420
310,47,787
311,47,558
312,47,315
313,47,333
314,47,837
315,47,813
316,47,119
317,47,424
318,47,669
319,47,728
320,47,959
321,47,632
322,47,992
323,47,496
324,47,8
325,47,197
326,47,346
327,47,658
328,47,132
329,47,733
330,47,110
331,47,285
332,47,830
333,47,689
334,47,792
335,47,369
336,47,228
337,47,236
338,47,70
339,47,700
340,47,947
341,47,699
342,47,464
343,47,38
344,47,24
345,47,1005
346,47,888
347,47,62
348,47,737
349,47,976
350,47,570
351,47,151
352,47,849
353,47,325
354,47,442
355,47,707
356,47,991
357,47,799
358,47,552
359,47,499
360,47,485
361,47,460
362,47,1012
363,47,147
364,47,894
365,47,893
366,47,865
367,47,85
368,47,681
369,47,164
370,47,162
371,47,922
372,47,106
373,47,419
374,47,45
375,47,826
376,47,751
377,47,545
378,47,817
379,47,834
380,47,559
381,47,548
382,47,673
383,47,696
384,47,682
385,47,305
386,47,568
387,47,828
388,47,892
389,47,776
390,47,343
391,47,895
392,47,920
393,47,875
394,47,862
395,47,286
396,47,332
397,47,523
398,47,349
399,47,245
0,48,301
1,48,118
2,48,62
3,48,683
4,48,443
5,48,954
6,48,1006
7,48,669
8,48,311
9,48,463
10,48,557
11,48,105
12,48,187
13,48,786
14,48,666
15,48,618
16,48,784
17,48,1008
18,48,520
19,48,185
20,48,710
21,48,0
22,48,554
23,48,230
24,48,713
25,48,278
26,48,155
27,48,287
28,48,962
29,48,142
30,48,304
31,48,492
32,48,1013
33,48,48
34,48,643
35,48,149
36,48,440
37,48,380
38,48,906
39,48,717
40,48,997
41,48,599
42,48,665
43,48,107
44,48,67
45,48,867
46,48,911
47,48,39
48,48,540
49,48,767
50,48,524
51,48,781
52,48,783
53,48,486
54,48,933
55,48,1002
56,48,537
57,48,266
58,48,507
59,48,362
60,48,839
61,48,476
62,48,919
63,48,847
64,48,775
65,48,521
66,48,584
67,48,877
68,48,432
69,48,749
70,48,650
71,48,363
72,48,649
73,48,1010
74,48,183
75,48,508
76,48,616
77,48,297
78,48,484
79,48,779
80,48,891
81,48,755
82,48,356
83,48,99
84,48,283
85,48,538
86,48,983
87,48,186
88,48,966
89,48,686
90,48,776
91,48,170
92,48,814
93,48,220
94,48,890
95,48,887
96,48,252
97,48,883
98,48,435
99,48,617
100,48,924
101,48,770
102,48,560
103,48,652
104,48,539
105,48,614
106,48,137
107,48,267
108,48,239
109,48,654
110,48,81
111,48,449
112,48,60
113,48,790
114,48,434
115,48,450
116,48,31
117,48,44
118,48,101
119,48,606
120,48,992
121,48,431
122,48,730
123,48,748
124,48,176
125,48,335
126,48,102
127,48,485
128,48,375
129,48,264
130,48,722
131,48,984
132,48,15
133,48,518
134,48,619
135,48,14
136,48,321
137,48,978
138,48,482
139,48,276
140,48,250
141,48,724
142,48,607
143,48,114
144,48,173
145,48,692
146,48,852
147,48,242
148,48,190
149,48,96
150,48,955
151,48,550
152,48,534
153,48,319
154,48,75
155,48,695
156,48,42
157,48,952
158,48,635
159,48,785
160,48,104
161,48,506
162,48,120
163,48,98
164,48,433
165,48,35
166,48,277
167,48,838
168,48,929
169,48,531
170,48,462
171,48,473
172,48,265
173,48,165
174,48,865
175,48,758
176,48,115
177,48,663
178,48,878
179,48,326
180,48,1003
181,48,921
182,48,809
183,48,958
184,48,261
185,48,631
186,48,820
187,48,20
188,48,256
189,48,743
190,48,437
191,48,525
192,48,237
193,48,970
194,48,580
195,48,938
196,48,490
197,48,957
198,48,312
199,48,309
200,48,410
201,48,981
202,48,980
203,48,961
204,48,80
205,48,414
206,48,709
207,48,201
208,48,571
209,48,914
210,48,218
211,48,667
212,48,993
213,48,135
214,48,179
215,48,161
216,48,791
217,48,772
218,48,566
219,48,928
220,48,953
221,48,77
222,48,156
223,48,753
224,48,787
225,48,610
226,48,972
227,48,1020
228,48,171
229,48,907
230,48,251
231,48,27
232,48,36
233,48,216
234,48,857
235,48,219
236,48,61
237,48,157
238,48,996
239,48,421
240,48,205
241,48,494
242,48,58
243,48,794
244,48,532
245,48,825
246,48,777
247,48,393
248,48,112
249,48,318
250,48,244
251,48,982
252,48,700
253,48,88
254,48,148
255,48,193
256,48,348
257,48,822
258,48,5
259,48,965
260,48,34
261,48,646
262,48,763
263,48,509
264,48,827
265,48,429
266,48,127
267,48,235
268,48,9
269,48,627
270,48,390
271,48,555
272,48,350
273,48,223
274,48,517
275,48,214
276,48,226
277,48,545
278,48,503
279,48,797
280,48,951
281,48,294
282,48,215
283,48,869
284,48,194
285,48,140
286,48,930
287,48,697
288,48,842
289,48,515
290,48,213
291,48,202
292,48,656
293,48,141
294,48,541
295,48,630
296,48,392
297,48,535
298,48,241
299,48,29
300,48,454
301,48,739
302,48,38
303,48,662
304,48,511
305,48,108
306,48,821
307,48,386
308,48,379
309,48,420
310,48,788
311,48,559
312,48,315
313,48,334
314,48,837
315,48,813
316,48,119
317,48,424
318,48,637
319,48,728
320,48,959
321,48,632
322,48,960
323,48,496
324,48,8
325,48,197
326,48,347
327,48,658
328,48,132
329,48,734
330,48,110
331,48,285
332,48,862
333,48,689
334,48,792
335,48,369
336,48,228
337,48,236
338,48,70
339,48,732
340,48,947
341,48,699
342,48,464
343,48,6
344,48,23
345,48,1005
346,48,856
347,48,30
348,48,737
349,48,976
350,48,570
351,48,150
352,48,848
353,48,325
354,48,442
355,48,707
356,48,991
357,48,799
358,48,552
359,48,499
360,48,453
361,48,460
362,48,1012
363,48,147
364,48,926
365,48,893
366,48,897
367,48,85
368,48,681
369,48,164
370,48,162
371,48,922
372,48,106
373,48,451
374,48,45
375,48,826
376,48,751
377,48,513
378,48,849
379,48,834
380,48,527
381,48,516
382,48,673
383,48,664
384,48,682
385,48,305
386,48,568
387,48,828
388,48,892
389,48,808
390,48,343
391,48,895
392,48,920
393,48,875
394,48,861
395,48,286
396,48,333
397,48,523
398,48,349
399,48,245
0,49,301
1,49,86
2,49,61
3,49,683
4,49,443
5,49,954
6,49,1006
7,49,670
8,49,311
9,49,463
10,49,557
11,49,105
12,49,187
13,49,786
14,49,698
15,49,618
16,49,784
17,49,1008
18,49,520
19,49,185
20,49,710
21,49,0
22,49,554
23,49,230
24,49,713
25,49,246
26,49,155
27,49,287
28,49,963
29,49,142
30,49,304
31,49,492
32,49,1013
33,49,48
34,49,643
35,49,149
36,49,440
37,49,380
38,49,906
39,49,717
40,49,997
41,49,600
42,49,665
43,49,107
44,49,67
45,49,867
46,49,911
47,49,38
48,49,540
49,49,767
50,49,524
51,49,782
52,49,783
53,49,487
54,49,933
55,49,1002
56,49,537
57,49,266
58,49,475
59,49,362
60,49,839
61,49,476
62,49,919
63,49,847
64,49,775
65,49,521
66,49,584
67,49,877
68,49,432
69,49,749
70,49,650
71,49,363
72,49,649
73,49,1010
74,49,215
75,49,507
76,49,616
77,49,298
78,49,484
79,49,779
80,49,891
81,49,723
82,49,356
83,49,99
84,49,283
85,49,538
86,49,983
87,49,186
88,49,966
89,49,686
90,49,808
91,49,170
92,49,814
93,49,220
94,49,890
95,49,887
96,49,252
97,49,883
98,49,435
99,49,617
100,49,924
101,49,770
102,49,560
103,49,652
104,49,539
105,49,614
106,49,137
107,49,267
108,49,239
109,49,654
110,49,81
111,49,449
112,49,60
113,49,791
114,49,434
115,49,450
116,49,31
117,49,44
118,49,101
119,49,606
120,49,960
121,49,431
122,49,730
123,49,748
124,49,176
125,49,367
126,49,102
127,49,517
128,49,375
129,49,264
130,49,721
131,49,985
132,49,16
133,49,518
134,49,619
135,49,15
136,49,289
137,49,978
138,49,482
139,49,308
140,49,250
141,49,724
142,49,607
143,49,114
144,49,173
145,49,691
146,49,852
147,49,242
148,49,190
149,49,96
150,49,955
151,49,550
152,49,534
153,49,319
154,49,75
155,49,695
156,49,10
157,49,952
158,49,635
159,49,785
160,49,104
161,49,505
162,49,120
163,49,98
164,49,433
165,49,35
166,49,277
167,49,838
168,49,961
169,49,531
170,49,462
171,49,473
172,49,297
173,49,165
174,49,865
175,49,790
176,49,115
177,49,663
178,49,878
179,49,326
180,49,1003
181,49,921
182,49,809
183,49,990
184,49,261
185,49,630
186,49,819
187,49,20
188,49,256
189,49,743
190,49,437
191,49,525
192,49,237
193,49,970
194,49,580
195,49,938
196,49,490
197,49,957
198,49,313
199,49,309
200,49,410
201,49,981
202,49,980
203,49,962
204,49,80
205,49,414
206,49,709
207,49,201
208,49,571
209,49,914
210,49,218
211,49,667
212,49,992
213,49,135
214,49,179
215,49,160
216,49,823
217,49,772
218,49,566
219,49,929
220,49,953
221,49,77
222,49,156
223,49,753
224,49,755
225,49,610
226,49,972
227,49,1020
228,49,171
229,49,908
230,49,251
231,49,27
232,49,36
233,49,184
234,49,857
235,49,219
236,49,29
237,49,157
238,49,996
239,49,421
240,49,205
241,49,494
242,49,58
243,49,794
244,49,532
245,49,826
246,49,777
247,49,393
248,49,112
249,49,318
250,49,276
251,49,982
252,49,700
253,49,88
254,49,148
255,49,161
256,49,316
257,49,821
258,49,5
259,49,965
260,49,34
261,49,646
262,49,763
263,49,509
264,49,795
265,49,429
266,49,127
267,49,235
268,49,9
269,49,627
270,49,390
271,49,555
272,49,350
273,49,223
274,49,549
275,49,214
276,49,226
277,49,546
278,49,503
279,49,797
280,49,951
281,49,294
282,49,216
283,49,869
284,49,193
285,49,172
286,49,930
287,49,697
288,49,842
289,49,514
290,49,213
291,49,202
292,49,656
293,49,140
294,49,541
295,49,629
296,49,392
297,49,535
298,49,241
299,49,30
300,49,454
301,49,739
302,49,37
303,49,662
304,49,511
305,49,76
306,49,820
307,49,386
308,49,379
309,49,420
310,49,787
311,49,527
312,49,315
313,49,335
314,49,837
315,49,813
316,49,119
317,49,424
318,49,669
319,49,728
320,49,959
321,49,632
322,49,928
323,49,496
324,49,8
325,49,197
326,49,348
327,49,658
328,49,132
329,49,766
330,49,110
331,49,285
332,49,894
333,49,689
334,49,792
335,49,369
336,49,228
337,49,236
338,49,70
339,49,733
340,49,947
341,49,699
342,49,464
343,49,6
344,49,22
345,49,1005
346,49,856
347,49,62
348,49,737
349,49,976
350,49,570
351,49,118
352,49,880
353,49,325
354,49,442
355,49,707
356,49,991
357,49,799
358,49,552
359,49,499
360,49,453
361,49,460
362,49,1012
363,49,147
364,49,958
365,49,893
366,49,896
367,49,85
368,49,681
369,49,164
370,49,162
371,49,922
372,49,106
373,49,451
374,49,45
375,49,827
376,49,751
377,49,545
378,49,849
379,49,834
380,49,528
381,49,515
382,49,673
383,49,664
384,49,682
385,49,305
386,49,568
387,49,828
388,49,892
389,49,840
390,49,343
391,49,895
392,49,920
393,49,875
394,49,862
395,49,286
396,49,334
397,49,523
398,49,349
399,49,245
0,50,301
1,50,118
2,50,62
3,50,683
4,50,443
5,50,954
6,50,1006
7,50,669
8,50,311
9,50,463
10,50,557
11,50,105
12,50,187
13,50,786
14,50,698
15,50,618
16,50,784
17,50,1008
18,50,520
19,50,185
20,50,710
21,50,0
22,50,554
23,50,230
24,50,713
25,50,246
26,50,155
27,50,287
28,50,931
29,50,142
30,50,304
31,50,492
32,50,1013
33,50,48
34,50,643
35,50,149
36,50,440
37,50,412
38,50,906
39,50,717
40,50,997
41,50,601
42,50,665
43,50,107
44,50,67
45,50,867
46,50,911
47,50,70
48,50,540
49,50,767
50,50,524
51,50,783
52,50,815
53,50,487
54,50,933
55,50,1002
56,50,537
57,50,266
58,50,474
59,50,362
60,50,838
61,50,476
62,50,919
63,50,847
64,50,775
65,50,521
66,50,584
67,50,877
68,50,432
69,50,749
70,50,650
71,50,363
72,50,649
73,50,1010
74,50,215
75,50,506
76,50,616
77,50,299
78,50,484
79,50,779
80,50,891
81,50,724
82,50,356
83,50,99
84,50,283
85,50,538
86,50,983
87,50,186
88,50,966
89,50,686
90,50,840
91,50,170
92,50,814
93,50,220
94,50,890
95,50,887
96,50,252
97,50,883
98,50,435
99,50,617
100,50,924
101,50,770
102,50,560
103,50,652
104,50,539
105,50,614
106,50,137
107,50,267
108,50,239
109,50,654
110,50,81
111,50,449
112,50,60
113,50,790
114,50,434
115,50,450
116,50,31
117,50,12
118,50,101
119,50,606
120,50,928
121,50,431
122,50,730
123,50,748
124,50,176
125,50,367
126,50,102
127,50,516
128,50,375
129,50,264
130,50,720
131,50,985
132,50,16
133,50,518
134,50,619
135,50,47
136,50,257
137,50,978
138,50,482
139,50,340
140,50,250
141,50,692
142,50,607
143,50,114
144,50,173
145,50,723
146,50,852
147,50,242
148,50,190
149,50,96
150,50,955
151,50,550
152,50,534
153,50,319
154,50,75
155,50,695
156,50,11
157,50,952
158,50,635
159,50,785
160,50,104
161,50,504
162,50,120
163,50,98
164,50,433
165,50,35
166,50,277
167,50,806
168,50,961
169,50,531
170,50,462
171,50,473
172,50,298
173,50,165
174,50,865
175,50,822
176,50,115
177,50,663
178,50,878
179,50,326
180,50,1003
181,50,921
182,50,809
183,50,989
184,50,261
185,50,629
186,50,818
187,50,20
188,50,256
189,50,743
190,50,437
191,50,525
192,50,237
193,50,970
194,50,580
195,50,938
196,50,490
197,50,957
198,50,313
199,50,309
200,50,410
201,50,981
202,50,980
203,50,962
204,50,80
205,50,414
206,50,709
207,50,201
208,50,571
209,50,914
210,50,218
211,50,667
212,50,960
213,50,135
214,50,179
215,50,161
216,50,791
217,50,772
218,50,566
219,50,929
220,50,953
221,50,77
222,50,156
223,50,753
224,50,754
225,50,610
226,50,972
227,50,1020
228,50,171
229,50,908
230,50,251
231,50,27
232,50,36
233,50,184
234,50,857
235,50,219
236,50,28
237,50,157
238,50,996
239,50,421
240,50,205
241,50,494
242,50,58
243,50,794
244,50,532
245,50,827
246,50,777
247,50,393
248,50,112
249,50,318
250,50,308
251,50,982
252,50,700
253,50,88
254,50,148
255,50,193
256,50,348
257,50,820
258,50,5
259,50,965
260,50,34
261,50,646
262,50,763
263,50,509
264,50,796
265,50,429
266,50,127
267,50,235
268,50,9
269,50,627
270,50,390
271,50,555
272,50,350
273,50,223
274,50,549
275,50,214
276,50,226
277,50,545
278,50,503
279,50,797
280,50,951
281,50,294
282,50,216
283,50,869
284,50,194
285,50,204
286,50,930
287,50,697
288,50,842
289,50,513
290,50,213
291,50,202
292,50,656
293,50,140
294,50,541
295,50,628
296,50,392
297,50,535
298,50,241
299,50,29
300,50,454
301,50,739
302,50,37
303,50,662
304,50,511
305,50,44
306,50,788
307,50,386
308,50,379
309,50,420
310,50,755
311,50,559
312,50,315
313,50,303
314,50,837
315,50,813
316,50,119
317,50,424
318,50,668
319,50,728
320,50,959
321,50,632
322,50,896
323,50,496
324,50,8
325,50,197
326,50,380
327,50,658
328,50,132
329,50,798
330,50,110
331,50,285
332,50,894
333,50,689
334,50,792
335,50,369
336,50,228
337,50,236
338,50,69
339,50,701
340,50,947
341,50,699
342,50,464
343,50,38
344,50,54
345,50,1005
346,50,856
347,50,30
348,50,737
349,50,976
350,50,570
351,50,117
352,50,912
353,50,325
354,50,442
355,50,707
356,50,991
357,50,799
358,50,552
359,50,499
360,50,453
361,50,460
362,50,1012
363,50,147
364,50,990
365,50,893
366,50,864
367,50,85
368,50,681
369,50,164
370,50,162
371,50,922
372,50,106
373,50,451
374,50,45
375,50,795
376,50,751
377,50,544
378,50,849
379,50,834
380,50,527
381,50,514
382,50,673
383,50,664
384,50,682
385,50,305
386,50,568
387,50,828
388,50,892
389,50,839
390,50,343
391,50,895
392,50,920
393,50,875
394,50,862
395,50,286
396,50,335
397,50,523
398,50,349
399,50,245
0,51,301
1,51,150
2,51,61
3,51,683
4,51,443
5,51,954
6,51,1006
7,51,669
8,51,311
9,51,463
10,51,557
11,51,105
12,51,187
13,51,786
14,51,698
15,51,618
16,51,784
17,51,1008
18,51,520
19,51,185
20,51,710
21,51,0
22,51,554
23,51,230
24,51,713
25,51,246
26,51,155
27,51,287
28,51,932
29,51,142
30,51,304
31,51,492
32,51,1013
33,51,48
34,51,643
35,51,149
36,51,440
37,51,380
38,51,906
39,51,717
40,51,997
41,51,602
42,51,665
43,51,107
44,51,67
45,51,867
46,51,911
47,51,38
48,51,540
49,51,767
50,51,524
51,51,815
52,51,816
53,51,487
54,51,933
55,51,1002
56,51,537
57,51,266
58,51,474
59,51,362
60,51,839
61,51,476
62,51,919
63,51,847
64,51,775
65,51,521
66,51,584
67,51,877
68,51,432
69,51,749
70,51,650
71,51,363
72,51,649
73,51,1010
74,51,215
75,51,506
76,51,616
77,51,298
78,51,484
79,51,779
80,51,891
81,51,724
82,51,356
83,51,99
84,51,283
85,51,538
86,51,983
87,51,186
88,51,966
89,51,686
90,51,841
91,51,170
92,51,814
93,51,220
94,51,890
95,51,887
96,51,252
97,51,883
98,51,435
99,51,617
100,51,924
101,51,770
102,51,560
103,51,652
104,51,539
105,51,614
106,51,137
107,51,267
108,51,239
109,51,654
110,51,81
111,51,449
112,51,60
113,51,758
114,51,434
115,51,450
116,51,30
117,51,11
118,51,101
119,51,606
120,51,896
121,51,431
122,51,730
123,51,748
124,51,176
125,51,335
126,51,102
127,51,516
128,51,375
129,51,264
130,51,752
131,51,985
132,51,16
133,51,518
134,51,619
135,51,47
136,51,225
137,51,978
138,51,482
139,51,341
140,51,250
141,51,692
142,51,607
143,51,114
144,51,173
145,51,722
146,51,852
147,51,242
148,51,190
149,51,96
150,51,955
151,51,550
152,51,534
153,51,319
154,51,75
155,51,695
156,51,10
157,51,952
158,51,635
159,51,785
160,51,104
161,51,504
162,51,120
163,51,98
164,51,433
165,51,35
166,51,277
167,51,838
168,51,961
169,51,531
170,51,462
171,51,473
172,51,297
173,51,165
174,51,865
175,51,854
176,51,115
177,51,663
178,51,878
179,51,326
180,51,1003
181,51,921
182,51,809
183,51,988
184,51,261
185,51,597
186,51,817
187,51,20
188,51,256
189,51,743
190,51,437
191,51,525
192,51,237
193,51,970
194,51,580
195,51,938
196,51,490
197,51,957
198,51,313
199,51,309
200,51,410
201,51,981
202,51,980
203,51,962
204,51,80
205,51,414
206,51,709
207,51,201
208,51,571
209,51,914
210,51,218
211,51,667
212,51,960
213,51,135
214,51,179
215,51,129
216,51,790
217,51,772
218,51,566
219,51,929
220,51,953
221,51,77
222,51,156
223,51,753
224,51,755
225,51,610
226,51,972
227,51,1020
228,51,171
229,51,908
230,51,251
231,51,27
232,51,36
233,51,184
234,51,857
235,51,219
236,51,28
237,51,157
238,51,996
239,51,421
240,51,205
241,51,494
242,51,58
243,51,794
244,51,532
245,51,828
246,51,777
247,51,393
248,51,112
249,51,318
250,51,340
251,51,982
252,51,700
253,51,88
254,51,148
255,51,161
256,51,347
257,51,819
258,51,5
259,51,965
260,51,34
261,51,646
262,51,763
263,51,509
264,51,795
265,51,429
266,51,127
267,51,235
268,51,9
269,51,627
270,51,390
271,51,555
272,51,350
273,51,223
274,51,549
275,51,214
276,51,226
277,51,545
278,51,503
279,51,797
280,51,951
281,51,294
282,51,216
283,51,869
284,51,193
285,51,204
286,51,930
287,51,697
288,51,842
289,51,481
290,51,213
291,51,202
292,51,656
293,51,140
294,51,541
295,51,629
296,51,392
297,51,535
298,51,241
299,51,29
300,51,454
301,51,739
302,51,37
303,51,662
304,51,511
305,51,12
306,51,820
307,51,386
308,51,379
309,51,420
310,51,723
311,51,558
312,51,315
313,51,302
314,51,837
315,51,813
316,51,119
317,51,424
318,51,668
319,51,728
320,51,959
321,51,632
322,51,897
323,51,496
324,51,8
325,51,197
326,51,381
327,51,658
328,51,132
329,51,830
330,51,110
331,51,285
332,51,894
333,51,689
334,51,792
335,51,369
336,51,228
337,51,236
338,51,70
339,51,701
340,51,947
341,51,699
342,51,464
343,51,39
344,51,54
345,51,1005
346,51,856
347,51,62
348,51,737
349,51,976
350,51,570
351,51,116
352,51,912
353,51,325
354,51,442
355,51,707
356,51,991
357,51,799
358,51,552
359,51,499
360,51,453
361,51,460
362,51,1012
363,51,147
364,51,1022
365,51,893
366,51,864
367,51,85
368,51,681
369,51,164
370,51,162
371,51,922
372,51,106
373,51,451
374,51,45
375,51,827
376,51,751
377,51,544
378,51,849
379,51,834
380,51,559
381,51,513
382,51,673
383,51,664
384,51,682
385,51,305
386,51,568
387,51,829
388,51,892
389,51,840
390,51,343
391,51,895
392,51,920
393,51,875
394,51,862
395,51,286
396,51,303
397,51,523
398,51,349
399,51,245
0,52,301
1,52,150
2,52,29
3,52,683
4,52,443
5,52,954
6,52,1006
7,52,669
8,52,311
9,52,463
10,52,557
11,52,105
12,52,187
13,52,786
14,52,698
15,52,618
16,52,816
17,52,1008
18,52,520
19,52,185
20,52,710
21,52,0
22,52,554
23,52,230
24,52,713
25,52,246
26,52,155
27,52,287
28,52,900
29,52,142
30,52,272
31,52,492
32,52,1013
33,52,48
34,52,643
35,52,149
36,52,440
37,52,380
38,52,906
39,52,717
40,52,997
41,52,603
42,52,665
43,52,107
44,52,67
45,52,867
46,52,911
47,52,6
48,52,540
49,52,767
50,52,524
51,52,847
52,52,815
53,52,487
54,52,933
55,52,1002
56,52,537
57,52,266
58,52,474
59,52,362
60,52,839
61,52,476
62,52,919
63,52,879
64,52,775
65,52,521
66,52,584
67,52,877
68,52,432
69,52,749
70,52,650
71,52,363
72,52,649
73,52,1010
74,52,215
75,52,506
76,52,616
77,52,297
78,52,484
79,52,779
80,52,891
81,52,725
82,52,356
83,52,99
84,52,283
85,52,538
86,52,983
87,52,186
88,52,966
89,52,686
90,52,873
91,52,170
92,52,814
93,52,220
94,52,890
95,52,887
96,52,252
97,52,883
98,52,435
99,52,617
100,52,924
101,52,770
102,52,560
103,52,652
104,52,539
105,52,614
106,52,137
107,52,267
108,52,239
109,52,654
110,52,81
111,52,449
112,52,60
113,52,757
114,52,434
115,52,450
116,52,31
117,52,12
118,52,101
119,52,606
120,52,897
121,52,431
122,52,730
123,52,748
124,52,176
125,52,335
126,52,102
127,52,516
128,52,375
129,52,264
130,52,784
131,52,985
132,52,16
133,52,518
134,52,619
135,52,47
136,52,224
137,52,978
138,52,482
139,52,342
140,52,250
141,52,692
142,52,607
143,52,114
144,52,173
145,52,723
146,52,852
147,52,242
148,52,190
149,52,96
150,52,955
151,52,550
152,52,534
153,52,319
154,52,75
155,52,695
156,52,11
157,52,952
158,52,635
159,52,785
160,52,104
161,52,504
162,52,120
163,52,98
164,52,433
165,52,35
166,52,277
167,52,838
168,52,961
169,52,531
170,52,462
171,52,473
172,52,265
173,52,165
174,52,865
175,52,854
176,52,115
177,52,663
178,52,878
179,52,326
180,52,1003
181,52,921
182,52,809
183,52,988
184,52,261
185,52,597
186,52,817
187,52,20
188,52,256
189,52,743
190,52,437
191,52,525
192,52,237
193,52,970
194,52,580
195,52,938
196,52,490
197,52,957
198,52,313
199,52,309
200,52,410
201,52,981
202,52,980
203,52,962
204,52,80
205,52,414
206,52,709
207,52,201
208,52,571
209,52,914
210,52,218
211,52,667
212,52,960
213,52,135
214,52,179
215,52,161
216,52,758
217,52,772
218,52,566
219,52,928
220,52,953
221,52,77
222,52,156
223,52,753
224,52,787
225,52,610
226,52,972
227,52,1020
228,52,171
229,52,908
230,52,251
231,52,59
232,52,36
233,52,184
234,52,857
235,52,219
236,52,27
237,52,157
238,52,996
239,52,421
240,52,205
241,52,494
242,52,58
243,52,794
244,52,532
245,52,829
246,52,777
247,52,393
248,52,112
249,52,318
250,52,341
251,52,982
252,52,700
253,52,88
254,52,148
255,52,160
256,52,346
257,52,851
258,52,5
259,52,965
260,52,34
261,52,646
262,52,763
263,52,509
264,52,827
265,52,429
266,52,127
267,52,235
268,52,9
269,52,627
270,52,390
271,52,555
272,52,350
273,52,223
274,52,549
275,52,214
276,52,226
277,52,545
278,52,503
279,52,796
280,52,951
281,52,294
282,52,216
283,52,869
284,52,193
285,52,204
286,52,930
287,52,697
288,52,842
289,52,480
290,52,213
291,52,202
292,52,656
293,52,140
294,52,541
295,52,630
296,52,392
297,52,535
298,52,241
299,52,28
300,52,454
301,52,739
302,52,38
303,52,662
304,52,511
305,52,13
306,52,821
307,52,386
308,52,379
309,52,420
310,52,724
311,52,559
312,52,315
313,52,334
314,52,837
315,52,813
316,52,119
317,52,424
318,52,668
319,52,728
320,52,959
321,52,632
322,52,929
323,52,496
324,52,8
325,52,197
326,52,381
327,52,658
328,52,132
329,52,862
330,52,110
331,52,285
332,52,894
333,52,689
334,52,792
335,52,369
336,52,228
337,52,236
338,52,70
339,52,701
340,52,947
341,52,699
342,52,464
343,52,39
344,52,54
345,52,1005
346,52,856
347,52,30
348,52,737
349,52,976
350,52,570
351,52,84
352,52,912
353,52,325
354,52,442
355,52,707
356,52,991
357,52,799
358,52,552
359,52,499
360,52,453
361,52,460
362,52,1012
363,52,147
364,52,1021
365,52,893
366,52,864
367,52,85
368,52,681
369,52,164
370,52,162
371,52,922
372,52,106
373,52,451
374,52,45
375,52,826
376,52,751
377,52,544
378,52,849
379,52,834
380,52,527
381,52,481
382,52,673
383,52,664
384,52,682
385,52,305
386,52,568
387,52,797
388,52,892
389,52,808
390,52,343
391,52,895
392,52,920
393,52,875
394,52,861
395,52,286
396,52,304
397,52,523
398,52,349
399,52,245
0,53,301
1,53,150
2,53,29
3,53,683
4,53,443
5,53,954
6,53,1006
7,53,669
8,53,311
9,53,463
10,53,557
11,53,105
12,53,187
13,53,786
14,53,698
15,53,618
16,53,784
17,53,1008
18,53,520
19,53,185
20,53,710
21,53,0
22,53,554
23,53,230
24,53,713
25,53,246
26,53,155
27,53,287
28,53,901
29,53,142
30,53,273
31,53,492
32,53,1013
33,53,48
34,53,643
35,53,149
36,53,440
37,53,380
38,53,906
39,53,717
40,53,997
41,53,603
42,53,665
43,53,107
44,53,67
45,53,867
46,53,911
47,53,6
48,53,540
49,53,767
50,53,524
51,53,848
52,53,815
53,53,487
54,53,933
55,53,1002
56,53,537
57,53,266
58,53,474
59,53,362
60,53,839
61,53,476
62,53,919
63,53,847
64,53,775
65,53,521
66,53,584
67,53,877
68,53,432
69,53,749
70,53,650
71,53,363
72,53,649
73,53,1010
74,53,215
75,53,506
76,53,616
77,53,298
78,53,484
79,53,779
80,53,891
81,53,693
82,53,356
83,53,99
84,53,283
85,53,538
86,53,983
87,53,186
88,53,966
89,53,686
90,53,905
91,53,170
92,53,814
93,53,220
94,53,890
95,53,887
96,53,252
97,53,883
98,53,435
99,53,617
100,53,924
101,53,770
102,53,560
103,53,652
104,53,539
105,53,614
106,53,137
107,53,267
108,53,239
109,53,654
110,53,81
111,53,417
112,53,60
113,53,757
114,53,434
115,53,450
116,53,30
117,53,44
118,53,101
119,53,606
120,53,865
121,53,431
122,53,730
123,53,748
124,53,176
125,53,334
126,53,102
127,53,516
128,53,375
129,53,264
130,53,783
131,53,985
132,53,16
133,53,518
134,53,619
135,53,47
136,53,224
137,53,978
138,53,482
139,53,341
140,53,250
141,53,724
142,53,607
143,53,114
144,53,173
145,53,723
146,53,852
147,53,242
148,53,190
149,53,96
150,53,955
151,53,550
152,53,534
153,53,319
154,53,75
155,53,695
156,53,11
157,53,952
158,53,635
159,53,785
160,53,104
161,53,504
162,53,120
163,53,98
164,53,433
165,53,35
166,53,277
167,53,838
168,53,993
169,53,531
170,53,462
171,53,473
172,53,297
173,53,165
174,53,864
175,53,854
176,53,115
177,53,663
178,53,878
179,53,326
180,53,1003
181,53,921
182,53,809
183,53,988
184,53,261
185,53,597
186,53,816
187,53,20
188,53,256
189,53,743
190,53,437
191,53,525
192,53,237
193,53,970
194,53,580
195,53,938
196,53,490
197,53,957
198,53,313
199,53,309
200,53,410
201,53,981
202,53,980
203,53,962
204,53,80
205,53,414
206,53,709
207,53,201
208,53,571
209,53,914
210,53,218
211,53,667
212,53,960
213,53,135
214,53,179
215,53,161
216,53,758
217,53,772
218,53,566
219,53,929
220,53,953
221,53,77
222,53,156
223,53,753
224,53,787
225,53,610
226,53,972
227,53,1019
228,53,171
229,53,908
230,53,251
231,53,59
232,53,36
233,53,184
234,53,857
235,53,219
236,53,27
237,53,157
238,53,996
239,53,421
240,53,205
241,53,494
242,53,58
243,53,794
244,53,532
245,53,830
246,53,777
247,53,393
248,53,112
249,53,318
250,53,373
251,53,982
252,53,700
253,53,88
254,53,148
255,53,160
256,53,345
257,53,850
258,53,5
259,53,965
260,53,34
261,53,646
262,53,763
263,53,509
264,53,827
265,53,429
266,53,127
267,53,235
268,53,9
269,53,627
270,53,390
271,53,555
272,53,350
273,53,223
274,53,549
275,53,214
276,53,226
277,53,545
278,53,503
279,53,828
280,53,951
281,53,294
282,53,216
283,53,869
284,53,193
285,53,204
286,53,930
287,53,697
288,53,842
289,53,481
290,53,213
291,53,202
292,53,656
293,53,140
294,53,541
295,53,630
296,53,392
297,53,535
298,53,241
299,53,28
300,53,454
301,53,739
302,53,39
303,53,662
304,53,511
305,53,12
306,53,821
307,53,386
308,53,379
309,53,420
310,53,725
311,53,527
312,53,315
313,53,333
314,53,837
315,53,813
316,53,119
317,53,424
318,53,668
319,53,728
320,53,959
321,53,632
322,53,961
323,53,496
324,53,8
325,53,197
326,53,381
327,53,658
328,53,132
329,53,894
330,53,110
331,53,285
332,53,926
333,53,689
334,53,792
335,53,369
336,53,228
337,53,236
338,53,70
339,53,701
340,53,947
341,53,699
342,53,464
343,53,40
344,53,54
345,53,1005
346,53,856
347,53,62
348,53,737
349,53,976
350,53,570
351,53,52
352,53,912
353,53,325
354,53,442
355,53,707
356,53,991
357,53,799
358,53,552
359,53,499
360,53,453
361,53,460
362,53,1012
363,53,147
364,53,1020
365,53,893
366,53,832
367,53,85
368,53,681
369,53,164
370,53,162
371,53,922
372,53,106
373,53,451
374,53,45
375,53,826
376,53,751
377,53,544
378,53,849
379,53,834
380,53,528
381,53,449
382,53,673
383,53,664
384,53,682
385,53,305
386,53,568
387,53,796
388,53,892
389,53,776
390,53,343
391,53,895
392,53,920
393,53,875
394,53,862
395,53,286
396,53,272
397,53,523
398,53,349
399,53,245
0,54,301
1,54,150
2,54,29
3,54,683
4,54,443
5,54,954
6,54,1006
7,54,669
8,54,311
9,54,463
10,54,557
11,54,105
12,54,187
13,54,786
14,54,698
15,54,618
16,54,784
17,54,1008
18,54,520
19,54,185
20,54,710
21,54,0
22,54,554
23,54,230
24,54,713
25,54,246
26,54,155
27,54,287
28,54,901
29,54,142
30,54,272
31,54,492
32,54,1013
33,54,48
34,54,643
35,54,149
36,54,440
37,54,380
38,54,874
39,54,717
40,54,997
41,54,603
42,54,665
43,54,107
44,54,67
45,54,867
46,54,911
47,54,6
48,54,540
49,54,767
50,54,524
51,54,849
52,54,783
53,54,487
54,54,933
55,54,1002
56,54,537
57,54,266
58,54,474
59,54,362
60,54,839
61,54,476
62,54,919
63,54,847
64,54,775
65,54,521
66,54,584
67,54,877
68,54,432
69,54,749
70,54,650
71,54,363
72,54,649
73,54,1010
74,54,215
75,54,506
76,54,616
77,54,299
78,54,484
79,54,779
80,54,891
81,54,692
82,54,356
83,54,99
84,54,283
85,54,538
86,54,983
87,54,186
88,54,966
89,54,686
90,54,906
91,54,170
92,54,814
93,54,220
94,54,890
95,54,887
96,54,252
97,54,883
98,54,435
99,54,617
100,54,924
101,54,770
102,54,560
103,54,652
104,54,539
105,54,614
106,54,137
107,54,267
108,54,239
109,54,654
110,54,81
111,54,418
112,54,60
113,54,725
114,54,434
115,54,450
116,54,31
117,54,44
118,54,101
119,54,606
120,54,866
121,54,431
122,54,730
123,54,748
124,54,176
125,54,334
126,54,102
127,54,516
128,54,375
129,54,264
130,54,782
131,54,985
132,54,16
133,54,518
134,54,619
135,54,47
136,54,224
137,54,978
138,54,482
139,54,340
140,54,250
141,54,724
142,54,607
143,54,114
144,54,173
145,54,723
146,54,852
147,54,242
148,54,190
149,54,96
150,54,955
151,54,550
152,54,534
153,54,319
154,54,75
155,54,695
156,54,11
157,54,952
158,54,635
159,54,785
160,54,104
161,54,504
162,54,120
163,54,98
164,54,433
165,54,35
166,54,277
167,54,838
168,54,994
169,54,531
170,54,462
171,54,473
172,54,298
173,54,165
174,54,865
175,54,854
176,54,115
177,54,663
178,54,878
179,54,326
180,54,1003
181,54,921
182,54,809
183,54,988
184,54,261
185,54,597
186,54,815
187,54,20
188,54,256
189,54,743
190,54,437
191,54,525
192,54,237
193,54,970
194,54,580
195,54,938
196,54,490
197,54,957
198,54,313
199,54,309
200,54,410
201,54,981
202,54,980
203,54,962
204,54,80
205,54,414
206,54,709
207,54,201
208,54,571
209,54,914
210,54,218
211,54,667
212,54,960
213,54,135
214,54,179
215,54,161
216,54,757
217,54,772
218,54,566
219,54,929
220,54,953
221,54,77
222,54,156
223,54,753
224,54,787
225,54,610
226,54,972
227,54,1018
228,54,171
229,54,908
230,54,251
231,54,59
232,54,36
233,54,184
234,54,857
235,54,219
236,54,27
237,54,157
238,54,996
239,54,421
240,54,205
241,54,494
242,54,58
243,54,794
244,54,532
245,54,862
246,54,777
247,54,393
248,54,112
249,54,318
250,54,373
251,54,982
252,54,700
253,54,88
254,54,148
255,54,160
256,54,345
257,54,818
258,54,5
259,54,965
260,54,34
261,54,646
262,54,763
263,54,509
264,54,827
265,54,429
266,54,127
267,54,235
268,54,10
269,54,627
270,54,390
271,54,555
272,54,350
273,54,223
274,54,549
275,54,214
276,54,226
277,54,545
278,54,503
279,54,829
280,54,951
281,54,294
282,54,216
283,54,869
284,54,193
285,54,204
286,54,930
287,54,697
288,54,842
289,54,513
290,54,213
291,54,202
292,54,656
293,54,140
294,54,541
295,54,630
296,54,392
297,54,535
298,54,241
299,54,28
300,54,454
301,54,739
302,54,40
303,54,662
304,54,511
305,54,12
306,54,821
307,54,386
308,54,379
309,54,420
310,54,693
311,54,559
312,54,315
313,54,333
314,54,837
315,54,813
316,54,119
317,54,424
318,54,668
319,54,728
320,54,959
321,54,632
322,54,993
323,54,496
324,54,9
325,54,197
326,54,381
327,54,658
328,54,132
329,54,926
330,54,110
331,54,285
332,54,927
333,54,689
334,54,792
335,54,369
336,54,228
337,54,236
338,54,70
339,54,701
340,54,947
341,54,699
342,54,464
343,54,8
344,54,54
345,54,1005
346,54,856
347,54,30
348,54,737
349,54,976
350,54,570
351,54,51
352,54,912
353,54,325
354,54,442
355,54,707
356,54,991
357,54,799
358,54,552
359,54,499
360,54,453
361,54,460
362,54,1012
363,54,147
364,54,1019
365,54,893
366,54,864
367,54,85
368,54,681
369,54,164
370,54,162
371,54,922
372,54,106
373,54,451
374,54,45
375,54,826
376,54,751
377,54,544
378,54,850
379,54,834
380,54,527
381,54,417
382,54,673
383,54,664
384,54,682
385,54,305
386,54,568
387,54,828
388,54,892
389,54,776
390,54,343
391,54,895
392,54,920
393,54,875
394,54,861
395,54,286
396,54,240
397,54,523
398,54,349
399,54,245
0,55,301
1,55,150
2,55,29
3,55,683
4,55,443
5,55,954
6,55,1006
7,55,669
8,55,311
9,55,463
10,55,557
11,55,105
12,55,187
13,55,786
14,55,698
15,55,618
16,55,784
17,55,1008
18,55,520
19,55,185
20,55,710
21,55,0
22,55,554
23,55,230
24,55,713
25,55,246
26,55,155
27,55,287
28,55,901
29,55,142
30,55,304
31,55,492
32,55,1013
33,55,48
34,55,643
35,55,149
36,55,440
37,55,380
38,55,906
39,55,717
40,55,997
41,55,603
42,55,665
43,55,107
44,55,67
45,55,835
46,55,911
47,55,6
48,55,540
49,55,767
50,55,524
51,55,850
52,55,782
53,55,487
54,55,933
55,55,1002
56,55,537
57,55,266
58,55,474
59,55,362
60,55,839
61,55,476
62,55,919
63,55,847
64,55,775
65,55,521
66,55,584
67,55,877
68,55,432
69,55,749
70,55,650
71,55,363
72,55,649
73,55,1010
74,55,215
75,55,506
76,55,616
77,55,298
78,55,484
79,55,779
80,55,891
81,55,691
82,55,356
83,55,99
84,55,283
85,55,538
86,55,983
87,55,186
88,55,966
89,55,686
90,55,907
91,55,170
92,55,814
93,55,220
94,55,890
95,55,887
96,55,252
97,55,883
98,55,435
99,55,617
100,55,924
101,55,770
102,55,560
103,55,652
104,55,539
105,55,614
106,55,137
107,55,267
108,55,239
109,55,654
110,55,81
111,55,417
112,55,60
113,55,693
114,55,434
115,55,450
116,55,30
117,55,44
118,55,101
119,55,606
120,55,867
121,55,431
122,55,730
123,55,748
124,55,176
125,55,334
126,55,102
127,55,516
128,55,375
129,55,264
130,55,781
131,55,985
132,55,16
133,55,518
134,55,619
135,55,47
136,55,224
137,55,978
138,55,482
139,55,308
140,55,250
141,55,724
142,55,607
143,55,114
144,55,173
145,55,723
146,55,852
147,55,242
148,55,190
149,55,96
150,55,955
151,55,550
152,55,534
153,55,319
154,55,75
155,55,695
156,55,11
157,55,952
158,55,635
159,55,785
160,55,104
161,55,504
162,55,120
163,55,98
164,55,433
165,55,35
166,55,277
167,55,838
168,55,993
169,55,531
170,55,462
171,55,473
172,55,297
173,55,165
174,55,865
175,55,854
176,55,115
177,55,663
178,55,878
179,55,326
180,55,1003
181,55,921
182,55,809
183,55,988
184,55,261
185,55,597
186,55,783
187,55,20
188,55,256
189,55,743
190,55,437
191,55,525
192,55,237
193,55,970
194,55,580
195,55,938
196,55,490
197,55,957
198,55,313
199,55,309
200,55,410
201,55,981
202,55,980
203,55,962
204,55,80
205,55,414
206,55,709
207,55,201
208,55,571
209,55,914
210,55,218
211,55,667
212,55,960
213,55,135
214,55,179
215,55,161
216,55,725
217,55,772
218,55,566
219,55,929
220,55,953
221,55,77
222,55,156
223,55,753
224,55,787
225,55,610
226,55,972
227,55,1017
228,55,171
229,55,908
230,55,251
231,55,59
232,55,36
233,55,184
234,55,857
235,55,219
236,55,27
237,55,157
238,55,996
239,55,421
240,55,205
241,55,494
242,55,58
243,55,794
244,55,532
245,55,894
246,55,777
247,55,393
248,55,112
249,55,318
250,55,373
251,55,982
252,55,700
253,55,88
254,55,148
255,55,160
256,55,345
257,55,817
258,55,5
259,55,965
260,55,34
261,55,646
262,55,763
263,55,509
264,55,827
265,55,429
266,55,127
267,55,235
268,55,9
269,55,627
270,55,390
271,55,555
272,55,350
273,55,223
274,55,549
275,55,214
276,55,226
277,55,545
278,55,503
279,55,797
280,55,951
281,55,294
282,55,216
283,55,869
284,55,193
285,55,204
286,55,930
287,55,697
288,55,842
289,55,514
290,55,213
291,55,202
292,55,656
293,55,140
294,55,541
295,55,630
296,55,392
297,55,535
298,55,241
299,55,28
300,55,454
301,55,739
302,55,41
303,55,662
304,55,511
305,55,12
306,55,821
307,55,386
308,55,379
309,55,420
310,55,692
311,55,558
312,55,315
313,55,333
314,55,837
315,55,813
316,55,119
317,55,424
318,55,668
319,55,728
320,55,959
321,55,632
322,55,992
323,55,496
324,55,8
325,55,197
326,55,381
327,55,658
328,55,132
329,55,925
330,55,110
331,55,285
332,55,926
333,55,689
334,55,792
335,55,369
336,55,228
337,55,236
338,55,70
339,55,701
340,55,947
341,55,699
342,55,464
343,55,40
344,55,54
345,55,1005
346,55,856
347,55,62
348,55,737
349,55,976
350,55,570
351,55,51
352,55,912
353,55,325
354,55,442
355,55,707
356,55,991
357,55,799
358,55,552
359,55,499
360,55,453
361,55,460
362,55,1012
363,55,147
364,55,1018
365,55,893
366,55,864
367,55,85
368,55,681
369,55,164
370,55,162
371,55,922
372,55,106
373,55,451
374,55,45
375,55,826
376,55,751
377,55,544
378,55,882
379,55,834
380,55,559
381,55,385
382,55,673
383,55,664
384,55,682
385,55,305
386,55,568
387,55,828
388,55,892
389,55,776
390,55,343
391,55,895
392,55,920
393,55,875
394,55,862
395,55,286
396,55,208
397,55,523
398,55,349
399,55,245
0,56,301
1,56,150
2,56,29
3,56,683
4,56,443
5,56,954
6,56,1006
7,56,669
8,56,311
9,56,463
10,56,557
11,56,105
12,56,187
13,56,786
14,56,698
15,56,618
16,56,784
17,56,1008
18,56,520
19,56,185
20,56,710
21,56,0
22,56,554
23,56,230
24,56,713
25,56,246
26,56,155
27,56,287
28,56,901
29,56,142
30,56,304
31,56,492
32,56,1013
33,56,48
34,56,643
35,56,149
36,56,440
37,56,380
38,56,906
39,56,717
40,56,997
41,56,603
42,56,665
43,56,107
44,56,67
45,56,867
46,56,911
47,56,6
48,56,540
49,56,767
50,56,524
51,56,882
52,56,750
53,56,487
54,56,933
55,56,1002
56,56,537
57,56,266
58,56,474
59,56,362
60,56,839
61,56,476
62,56,919
63,56,847
64,56,775
65,56,521
66,56,584
67,56,877
68,56,432
69,56,749
70,56,650
71,56,363
72,56,649
73,56,1010
74,56,215
75,56,506
76,56,616
77,56,297
78,56,484
79,56,779
80,56,891
81,56,723
82,56,356
83,56,99
84,56,283
85,56,538
86,56,983
87,56,186
88,56,966
89,56,686
90,56,939
91,56,170
92,56,814
93,56,220
94,56,890
95,56,887
96,56,252
97,56,883
98,56,435
99,56,617
100,56,924
101,56,770
102,56,560
103,56,652
104,56,539
105,56,614
106,56,137
107,56,267
108,56,239
109,56,654
110,56,81
111,56,449
112,56,60
113,56,725
114,56,434
115,56,450
116,56,31
117,56,44
118,56,101
119,56,606
120,56,868
121,56,431
122,56,730
123,56,748
124,56,176
125,56,334
126,56,102
127,56,516
128,56,375
129,56,264
130,56,780
131,56,985
132,56,16
133,56,518
134,56,619
135,56,47
136,56,224
137,56,978
138,56,482
139,56,276
140,56,250
141,56,692
142,56,607
143,56,114
144,56,173
145,56,755
146,56,852
147,56,242
148,56,190
149,56,96
150,56,955
151,56,550
152,56,534
153,56,319
154,56,75
155,56,695
156,56,11
157,56,952
158,56,635
159,56,785
160,56,104
161,56,504
162,56,120
163,56,98
164,56,433
165,56,35
166,56,277
167,56,838
168,56,961
169,56,531
170,56,462
171,56,473
172,56,265
173,56,165
174,56,865
175,56,854
176,56,115
177,56,663
178,56,878
179,56,326
180,56,1003
181,56,921
182,56,809
183,56,988
184,56,261
185,56,597
186,56,782
187,56,20
188,56,256
189,56,743
190,56,437
191,56,525
192,56,237
193,56,970
194,56,580
195,56,938
196,56,490
197,56,989
198,56,313
199,56,309
200,56,410
201,56,981
202,56,980
203,56,962
204,56,80
205,56,414
206,56,709
207,56,201
208,56,571
209,56,914
210,56,218
211,56,667
212,56,960
213,56,135
214,56,179
215,56,161
216,56,724
217,56,772
218,56,566
219,56,929
220,56,953
221,56,77
222,56,156
223,56,753
224,56,787
225,56,610
226,56,972
227,56,1018
228,56,171
229,56,908
230,56,251
231,56,59
232,56,36
233,56,184
234,56,857
235,56,219
236,56,27
237,56,157
238,56,996
239,56,421
240,56,205
241,56,494
242,56,58
243,56,794
244,56,532
245,56,926
246,56,777
247,56,393
248,56,112
249,56,318
250,56,373
251,56,982
252,56,700
253,56,88
254,56,148
255,56,160
256,56,345
257,56,849
258,56,5
259,56,965
260,56,34
261,56,646
262,56,763
263,56,509
264,56,827
265,56,429
266,56,127
267,56,235
268,56,9
269,56,627
270,56,390
271,56,555
272,56,350
273,56,223
274,56,549
275,56,214
276,56,226
277,56,545
278,56,503
279,56,797
280,56,951
281,56,294
282,56,216
283,56,869
284,56,193
285,56,204
286,56,930
287,56,697
288,56,842
289,56,515
290,56,213
291,56,202
292,56,656
293,56,140
294,56,541
295,56,630
296,56,392
297,56,535
298,56,241
299,56,28
300,56,454
301,56,739
302,56,41
303,56,662
304,56,511
305,56,12
306,56,821
307,56,386
308,56,379
309,56,420
310,56,693
311,56,559
312,56,315
313,56,333
314,56,837
315,56,813
316,56,119
317,56,424
318,56,668
319,56,728
320,56,959
321,56,632
322,56,992
323,56,496
324,56,8
325,56,197
326,56,381
327,56,658
328,56,132
329,56,957
330,56,110
331,56,285
332,56,925
333,56,689
334,56,792
335,56,369
336,56,228
337,56,236
338,56,70
339,56,701
340,56,947
341,56,699
342,56,464
343,56,39
344,56,54
345,56,1005
346,56,856
347,56,30
348,56,737
349,56,976
350,56,570
351,56,51
352,56,912
353,56,325
354,56,442
355,56,707
356,56,991
357,56,799
358,56,552
359,56,499
360,56,453
361,56,460
362,56,1012
363,56,147
364,56,1019
365,56,893
366,56,864
367,56,85
368,56,681
369,56,164
370,56,162
371,56,922
372,56,106
373,56,451
374,56,45
375,56,826
376,56,751
377,56,544
378,56,881
379,56,834
380,56,527
381,56,353
382,56,673
383,56,664
384,56,682
385,56,305
386,56,568
387,56,828
388,56,892
389,56,776
390,56,343
391,56,895
392,56,920
393,56,875
394,56,862
395,56,286
396,56,207
397,56,523
398,56,349
399,56,245
0,57,301
1,57,150
2,57,28
3,57,683
4,57,443
5,57,954
6,57,1006
7,57,669
8,57,311
9,57,463
10,57,557
11,57,105
12,57,187
13,57,786
14,57,698
15,57,618
16,57,784
17,57,1008
18,57,520
19,57,185
20,57,710
21,57,0
22,57,554
23,57,230
24,57,713
25,57,246
26,57,155
27,57,287
28,57,901
29,57,142
30,57,304
31,57,492
32,57,1013
33,57,48
34,57,643
35,57,149
36,57,440
37,57,380
38,57,906
39,57,717
40,57,997
41,57,603
42,57,665
43,57,107
44,57,67
45,57,867
46,57,911
47,57,6
48,57,540
49,57,767
50,57,524
51,57,914
52,57,751
53,57,487
54,57,933
55,57,1002
56,57,537
57,57,266
58,57,474
59,57,362
60,57,839
61,57,476
62,57,919
63,57,847
64,57,775
65,57,521
66,57,584
67,57,877
68,57,432
69,57,749
70,57,650
71,57,363
72,57,649
73,57,1010
74,57,215
75,57,506
76,57,616
77,57,298
78,57,484
79,57,779
80,57,891
81,57,755
82,57,356
83,57,99
84,57,283
85,57,538
86,57,983
87,57,186
88,57,966
89,57,686
90,57,940
91,57,170
92,57,814
93,57,220
94,57,890
95,57,887
96,57,252
97,57,883
98,57,435
99,57,617
100,57,924
101,57,770
102,57,560
103,57,652
104,57,539
105,57,614
106,57,137
107,57,267
108,57,239
109,57,654
110,57,81
111,57,449
112,57,60
113,57,757
114,57,434
115,57,450
116,57,30
117,57,44
118,57,101
119,57,606
120,57,868
121,57,431
122,57,730
123,57,748
124,57,176
125,57,334
126,57,102
127,57,516
128,57,375
129,57,264
130,57,812
131,57,985
132,57,16
133,57,518
134,57,619
135,57,47
136,57,224
137,57,978
138,57,482
139,57,244
140,57,250
141,57,724
142,57,607
143,57,114
144,57,173
145,57,754
146,57,852
147,57,242
148,57,190
149,57,96
150,57,955
151,57,550
152,57,534
153,57,319
154,57,75
155,57,695
156,57,11
157,57,952
158,57,635
159,57,785
160,57,104
161,57,504
162,57,120
163,57,98
164,57,433
165,57,35
166,57,277
167,57,838
168,57,961
169,57,531
170,57,462
171,57,473
172,57,297
173,57,165
174,57,865
175,57,854
176,57,115
177,57,663
178,57,878
179,57,326
180,57,1003
181,57,921
182,57,809
183,57,988
184,57,261
185,57,597
186,57,781
187,57,20
188,57,256
189,57,743
190,57,437
191,57,525
192,57,237
193,57,970
194,57,580
195,57,938
196,57,490
197,57,957
198,57,313
199,57,309
200,57,410
201,57,981
202,57,980
203,57,962
204,57,80
205,57,414
206,57,709
207,57,201
208,57,571
209,57,946
210,57,218
211,57,667
212,57,960
213,57,135
214,57,179
215,57,161
216,57,723
217,57,772
218,57,566
219,57,929
220,57,953
221,57,77
222,57,156
223,57,753
224,57,787
225,57,610
226,57,972
227,57,1019
228,57,171
229,57,908
230,57,251
231,57,91
232,57,36
233,57,184
234,57,857
235,57,219
236,57,59
237,57,157
238,57,996
239,57,421
240,57,205
241,57,494
242,57,58
243,57,794
244,57,532
245,57,958
246,57,777
247,57,393
248,57,112
249,57,318
250,57,373
251,57,982
252,57,700
253,57,88
254,57,148
255,57,160
256,57,345
257,57,881
258,57,5
259,57,965
260,57,34
261,57,646
262,57,763
263,57,509
264,57,827
265,57,429
266,57,127
267,57,235
268,57,9
269,57,627
270,57,390
271,57,555
272,57,350
273,57,223
274,57,549
275,57,214
276,57,226
277,57,545
278,57,503
279,57,797
280,57,951
281,57,294
282,57,216
283,57,869
284,57,193
285,57,204
286,57,930
287,57,697
288,57,842
289,57,515
290,57,213
291,57,202
292,57,656
293,57,140
294,57,541
295,57,630
296,57,392
297,57,535
298,57,241
299,57,27
300,57,454
301,57,739
302,57,41
303,57,662
304,57,511
305,57,12
306,57,821
307,57,386
308,57,379
309,57,420
310,57,725
311,57,527
312,57,315
313,57,333
314,57,837
315,57,813
316,57,119
317,57,424
318,57,668
319,57,728
320,57,959
321,57,632
322,57,992
323,57,496
324,57,8
325,57,197
326,57,381
327,57,658
328,57,132
329,57,925
330,57,110
331,57,285
332,57,926
333,57,689
334,57,792
335,57,369
336,57,228
337,57,236
338,57,70
339,57,701
340,57,947
341,57,699
342,57,464
343,57,39
344,57,54
345,57,1005
346,57,856
347,57,29
348,57,737
349,57,976
350,57,570
351,57,51
352,57,912
353,57,325
354,57,442
355,57,707
356,57,991
357,57,799
358,57,552
359,57,499
360,57,453
361,57,460
362,57,1012
363,57,147
364,57,1020
365,57,893
366,57,864
367,57,85
368,57,681
369,57,164
370,57,162
371,57,922
372,57,106
373,57,451
374,57,45
375,57,826
376,57,783
377,57,544
378,57,882
379,57,834
380,57,526
381,57,354
382,57,673
383,57,664
384,57,682
385,57,305
386,57,568
387,57,828
388,57,892
389,57,776
390,57,343
391,57,895
392,57,920
393,57,875
394,57,862
395,57,286
396,57,175
397,57,523
398,57,349
399,57,245
0,58,301
1,58,150
2,58,29
3,58,683
4,58,443
5,58,954
6,58,1006
7,58,669
8,58,311
9,58,463
10,58,557
11,58,105
12,58,187
13,58,786
14,58,698
15,58,618
16,58,785
17,58,1008
18,58,520
19,58,185
20,58,710
21,58,0
22,58,554
23,58,230
24,58,713
25,58,246
26,58,155
27,58,287
28,58,901
29,58,142
30,58,304
31,58,492
32,58,1013
33,58,48
34,58,643
35,58,149
36,58,440
37,58,380
38,58,906
39,58,717
40,58,997
41,58,603
42,58,665
43,58,107
44,58,67
45,58,867
46,58,911
47,58,6
48,58,540
49,58,767
50,58,524
51,58,915
52,58,783
53,58,487
54,58,933
55,58,1002
56,58,537
57,58,266
58,58,474
59,58,362
60,58,839
61,58,476
62,58,919
63,58,847
64,58,775
65,58,521
66,58,584
67,58,877
68,58,432
69,58,749
70,58,650
71,58,363
72,58,649
73,58,1010
74,58,215
75,58,506
76,58,616
77,58,299
78,58,484
79,58,779
80,58,891
81,58,787
82,58,356
83,58,99
84,58,283
85,58,538
86,58,983
87,58,186
88,58,966
89,58,686
90,58,941
91,58,170
92,58,814
93,58,220
94,58,890
95,58,887
96,58,252
97,58,883
98,58,435
99,58,617
100,58,924
101,58,770
102,58,560
103,58,652
104,58,539
105,58,614
106,58,137
107,58,267
108,58,239
109,58,654
110,58,81
111,58,449
112,58,60
113,58,758
114,58,434
115,58,450
116,58,62
117,58,44
118,58,101
119,58,606
120,58,868
121,58,431
122,58,730
123,58,748
124,58,176
125,58,334
126,58,102
127,58,516
128,58,375
129,58,264
130,58,812
131,58,985
132,58,16
133,58,518
134,58,619
135,58,47
136,58,224
137,58,978
138,58,482
139,58,243
140,58,250
141,58,724
142,58,607
143,58,114
144,58,173
145,58,722
146,58,852
147,58,242
148,58,190
149,58,96
150,58,955
151,58,550
152,58,534
153,58,319
154,58,75
155,58,695
156,58,11
157,58,952
158,58,635
159,58,753
160,58,104
161,58,504
162,58,120
163,58,98
164,58,433
165,58,35
166,58,277
167,58,838
168,58,961
169,58,531
170,58,462
171,58,473
172,58,298
173,58,165
174,58,865
175,58,854
176,58,115
177,58,663
178,58,878
179,58,326
180,58,1003
181,58,921
182,58,809
183,58,987
184,58,261
185,58,597
186,58,780
187,58,20
188,58,256
189,58,743
190,58,437
191,58,525
192,58,237
193,58,970
194,58,580
195,58,938
196,58,490
197,58,957
198,58,313
199,58,309
200,58,410
201,58,981
202,58,980
203,58,962
204,58,80
205,58,414
206,58,709
207,58,201
208,58,571
209,58,914
210,58,218
211,58,667
212,58,960
213,58,135
214,58,179
215,58,161
216,58,755
217,58,772
218,58,566
219,58,929
220,58,953
221,58,77
222,58,156
223,58,754
224,58,788
225,58,610
226,58,972
227,58,1020
228,58,171
229,58,908
230,58,251
231,58,59
232,58,36
233,58,184
234,58,857
235,58,219
236,58,27
237,58,157
238,58,996
239,58,421
240,58,205
241,58,494
242,58,58
243,58,794
244,58,532
245,58,990
246,58,777
247,58,393
248,58,112
249,58,318
250,58,373
251,58,982
252,58,700
253,58,88
254,58,148
255,58,160
256,58,345
257,58,913
258,58,5
259,58,965
260,58,34
261,58,646
262,58,763
263,58,509
264,58,827
265,58,429
266,58,127
267,58,235
268,58,9
269,58,627
270,58,390
271,58,555
272,58,350
273,58,223
274,58,549
275,58,214
276,58,226
277,58,545
278,58,503
279,58,797
280,58,951
281,58,294
282,58,216
283,58,869
284,58,193
285,58,204
286,58,930
287,58,697
288,58,842
289,58,515
290,58,213
291,58,202
292,58,656
293,58,140
294,58,541
295,58,630
296,58,392
297,58,535
298,58,241
299,58,28
300,58,454
301,58,739
302,58,41
303,58,662
304,58,511
305,58,12
306,58,821
307,58,386
308,58,379
309,58,420
310,58,725
311,58,528
312,58,315
313,58,333
314,58,837
315,58,813
316,58,119
317,58,424
318,58,668
319,58,728
320,58,959
321,58,632
322,58,992
323,58,496
324,58,8
325,58,197
326,58,381
327,58,658
328,58,132
329,58,925
330,58,110
331,58,285
332,58,894
333,58,689
334,58,792
335,58,369
336,58,228
337,58,236
338,58,70
339,58,701
340,58,947
341,58,699
342,58,464
343,58,39
344,58,54
345,58,1005
346,58,856
347,58,30
348,58,737
349,58,976
350,58,570
351,58,51
352,58,912
353,58,325
354,58,442
355,58,707
356,58,991
357,58,799
358,58,552
359,58,499
360,58,453
361,58,460
362,58,1012
363,58,147
364,58,988
365,58,893
366,58,864
367,58,85
368,58,681
369,58,164
370,58,162
371,58,922
372,58,106
373,58,451
374,58,45
375,58,826
376,58,784
377,58,544
378,58,850
379,58,834
380,58,527
381,58,355
382,58,673
383,58,664
384,58,682
385,58,305
386,58,568
387,58,828
388,58,892
389,58,776
390,58,343
391,58,895
392,58,920
393,58,875
394,58,862
395,58,286
396,58,174
397,58,523
398,58,349
399,58,245
0,59,301
1,59,150
2,59,30
3,59,683
4,59,443
5,59,954
6,59,1006
7,59,669
8,59,311
9,59,463
10,59,557
11,59,105
12,59,187
13,59,786
14,59,698
15,59,618
16,59,784
17,59,1008
18,59,520
19,59,185
20,59,710
21,59,0
22,59,554
23,59,230
24,59,713
25,59,246
26,59,155
27,59,287
28,59,901
29,59,142
30,59,304
31,59,492
32,59,1013
33,59,48
34,59,643
35,59,149
36,59,440
37,59,380
38,59,906
39,59,717
40,59,997
41,59,603
42,59,665
43,59,107
44,59,67
45,59,867
46,59,911
47,59,6
48,59,540
49,59,767
50,59,524
51,59,915
52,59,815
53,59,487
54,59,933
55,59,1002
56,59,537
57,59,266
58,59,474
59,59,362
60,59,839
61,59,476
62,59,919
63,59,847
64,59,775
65,59,521
66,59,584
67,59,877
68,59,432
69,59,749
70,59,650
71,59,363
72,59,649
73,59,1010
74,59,215
75,59,506
76,59,616
77,59,298
78,59,484
79,59,811
80,59,891
81,59,819
82,59,356
83,59,99
84,59,283
85,59,538
86,59,983
87,59,186
88,59,966
89,59,686
90,59,973
91,59,170
92,59,814
93,59,220
94,59,890
95,59,887
96,59,252
97,59,883
98,59,435
99,59,617
100,59,924
101,59,770
102,59,560
103,59,652
104,59,539
105,59,614
106,59,137
107,59,267
108,59,239
109,59,654
110,59,81
111,59,449
112,59,60
113,59,790
114,59,434
115,59,450
116,59,62
117,59,44
118,59,101
119,59,606
120,59,868
121,59,431
122,59,730
123,59,748
124,59,176
125,59,334
126,59,102
127,59,516
128,59,375
129,59,264
130,59,812
131,59,985
132,59,16
133,59,518
134,59,619
135,59,47
136,59,224
137,59,978
138,59,482
139,59,243
140,59,250
141,59,724
142,59,607
143,59,114
144,59,205
145,59,723
146,59,852
147,59,242
148,59,190
149,59,96
150,59,955
151,59,550
152,59,534
153,59,319
154,59,75
155,59,695
156,59,11
157,59,952
158,59,635
159,59,785
160,59,104
161,59,504
162,59,120
163,59,98
164,59,433
165,59,35
166,59,277
167,59,838
168,59,961
169,59,531
170,59,462
171,59,473
172,59,297
173,59,165
174,59,865
175,59,854
176,59,115
177,59,663
178,59,878
179,59,326
180,59,1003
181,59,921
182,59,809
183,59,988
184,59,261
185,59,597
186,59,779
187,59,20
188,59,256
189,59,743
190,59,437
191,59,525
192,59,237
193,59,970
194,59,580
195,59,938
196,59,490
197,59,957
198,59,313
199,59,309
200,59,410
201,59,981
202,59,980
203,59,962
204,59,80
205,59,414
206,59,709
207,59,201
208,59,571
209,59,914
210,59,218
211,59,667
212,59,960
213,59,135
214,59,179
215,59,161
216,59,787
217,59,772
218,59,566
219,59,929
220,59,953
221,59,77
222,59,156
223,59,753
224,59,788
225,59,610
226,59,972
227,59,1021
228,59,171
229,59,908
230,59,251
231,59,27
232,59,36
233,59,184
234,59,857
235,59,219
236,59,28
237,59,157
238,59,996
239,59,421
240,59,204
241,59,494
242,59,58
243,59,794
244,59,532
245,59,989
246,59,777
247,59,393
248,59,112
249,59,318
250,59,373
251,59,982
252,59,700
253,59,88
254,59,148
255,59,160
256,59,345
257,59,945
258,59,5
259,59,965
260,59,34
261,59,646
262,59,763
263,59,509
264,59,827
265,59,429
266,59,127
267,59,235
268,59,9
269,59,627
270,59,390
271,59,555
272,59,350
273,59,223
274,59,549
275,59,214
276,59,226
277,59,545
278,59,503
279,59,797
280,59,951
281,59,294
282,59,216
283,59,869
284,59,193
285,59,172
286,59,930
287,59,697
288,59,842
289,59,515
290,59,213
291,59,202
292,59,656
293,59,140
294,59,541
295,59,630
296,59,392
297,59,535
298,59,241
299,59,29
300,59,454
301,59,739
302,59,41
303,59,662
304,59,511
305,59,12
306,59,821
307,59,386
308,59,379
309,59,420
310,59,725
311,59,527
312,59,315
313,59,333
314,59,837
315,59,813
316,59,119
317,59,424
318,59,668
319,59,728
320,59,959
321,59,632
322,59,992
323,59,496
324,59,8
325,59,197
326,59,381
327,59,658
328,59,132
329,59,925
330,59,110
331,59,285
332,59,894
333,59,689
334,59,792
335,59,369
336,59,228
337,59,236
338,59,70
339,59,701
340,59,947
341,59,699
342,59,464
343,59,39
344,59,54
345,59,1005
346,59,856
347,59,31
348,59,737
349,59,976
350,59,570
351,59,51
352,59,912
353,59,325
354,59,442
355,59,707
356,59,991
357,59,799
358,59,552
359,59,499
360,59,453
361,59,460
362,59,1012
363,59,147
364,59,1020
365,59,893
366,59,864
367,59,85
368,59,681
369,59,164
370,59,162
371,59,922
372,59,106
373,59,451
374,59,45
375,59,826
376,59,783
377,59,544
378,59,849
379,59,834
380,59,559
381,59,355
382,59,673
383,59,664
384,59,682
385,59,305
386,59,568
387,59,828
388,59,892
389,59,776
390,59,343
391,59,895
392,59,920
393,59,875
394,59,862
395,59,286
396,59,173
397,59,523
398,59,349
399,59,245
0,60,301
1,60,150
2,60,30
3,60,683
4,60,443
5,60,954
6,60,1006
7,60,669
8,60,311
9,60,463
10,60,557
11,60,105
12,60,187
13,60,786
14,60,698
15,60,618
16,60,784
17,60,1008
18,60,520
19,60,185
20,60,710
21,60,0
22,60,554
23,60,230
24,60,713
25,60,246
26,60,155
27,60,287
28,60,901
29,60,142
30,60,304
31,60,492
32,60,1013
33,60,48
34,60,643
35,60,149
36,60,440
37,60,380
38,60,906
39,60,717
40,60,997
41,60,603
42,60,665
43,60,107
44,60,67
45,60,867
46,60,911
47,60,6
48,60,540
49,60,767
50,60,524
51,60,915
52,60,783
53,60,487
54,60,933
55,60,1002
56,60,537
57,60,266
58,60,474
59,60,362
60,60,839
61,60,476
62,60,919
63,60,847
64,60,775
65,60,521
66,60,584
67,60,877
68,60,432
69,60,749
70,60,650
71,60,363
72,60,649
73,60,1010
74,60,215
75,60,506
76,60,616
77,60,297
78,60,484
79,60,812
80,60,891
81,60,787
82,60,356
83,60,99
84,60,283
85,60,538
86,60,983
87,60,186
88,60,966
89,60,686
90,60,973
91,60,170
92,60,814
93,60,220
94,60,890
95,60,887
96,60,252
97,60,883
98,60,435
99,60,617
100,60,924
101,60,770
102,60,560
103,60,652
104,60,539
105,60,614
106,60,137
107,60,267
108,60,239
109,60,654
110,60,81
111,60,449
112,60,60
113,60,790
114,60,434
115,60,450
116,60,62
117,60,44
118,60,101
119,60,606
120,60,868
121,60,431
122,60,730
123,60,748
124,60,176
125,60,334
126,60,102
127,60,516
128,60,375
129,60,264
130,60,844
131,60,985
132,60,16
133,60,518
134,60,619
135,60,47
136,60,224
137,60,978
138,60,482
139,60,243
140,60,250
141,60,724
142,60,607
143,60,114
144,60,173
145,60,723
146,60,852
147,60,242
148,60,190
149,60,96
150,60,955
151,60,550
152,60,534
153,60,319
154,60,75
155,60,695
156,60,11
157,60,952
158,60,635
159,60,785
160,60,104
161,60,504
162,60,120
163,60,98
164,60,433
165,60,35
166,60,277
167,60,838
168,60,961
169,60,531
170,60,462
171,60,473
172,60,265
173,60,165
174,60,865
175,60,854
176,60,115
177,60,663
178,60,878
179,60,326
180,60,1003
181,60,921
182,60,809
183,60,988
184,60,261
185,60,597
186,60,811
187,60,20
188,60,256
189,60,743
190,60,437
191,60,525
192,60,237
193,60,970
194,60,580
195,60,938
196,60,490
197,60,957
198,60,313
199,60,309
200,60,410
201,60,981
202,60,980
203,60,962
204,60,80
205,60,414
206,60,709
207,60,201
208,60,571
209,60,914
210,60,218
211,60,667
212,60,960
213,60,135
214,60,179
215,60,161
216,60,788
217,60,772
218,60,566
219,60,929
220,60,953
221,60,77
222,60,156
223,60,753
224,60,820
225,60,610
226,60,972
227,60,1020
228,60,171
229,60,908
230,60,251
231,60,27
232,60,36
233,60,184
234,60,857
235,60,219
236,60,29
237,60,157
238,60,996
239,60,421
240,60,205
241,60,494
242,60,58
243,60,794
244,60,532
245,60,989
246,60,777
247,60,393
248,60,112
249,60,318
250,60,373
251,60,982
252,60,700
253,60,88
254,60,148
255,60,160
256,60,345
257,60,944
258,60,5
259,60,965
260,60,34
261,60,646
262,60,763
263,60,509
264,60,827
265,60,429
266,60,127
267,60,235
268,60,9
269,60,627
270,60,390
271,60,555
272,60,350
273,60,223
274,60,549
275,60,214
276,60,226
277,60,545
278,60,503
279,60,797
280,60,951
281,60,294
282,60,216
283,60,869
284,60,193
285,60,204
286,60,930
287,60,697
288,60,842
289,60,515
290,60,213
291,60,202
292,60,656
293,60,140
294,60,541
295,60,630
296,60,392
297,60,535
298,60,241
299,60,61
300,60,454
301,60,739
302,60,41
303,60,662
304,60,511
305,60,12
306,60,821
307,60,386
308,60,379
309,60,420
310,60,725
311,60,527
312,60,315
313,60,333
314,60,837
315,60,813
316,60,119
317,60,424
318,60,668
319,60,728
320,60,959
321,60,632
322,60,992
323,60,496
324,60,8
325,60,197
326,60,381
327,60,658
328,60,132
329,60,925
330,60,110
331,60,285
332,60,894
333,60,689
334,60,792
335,60,369
336,60,228
337,60,236
338,60,70
339,60,701
340,60,947
341,60,699
342,60,464
343,60,39
344,60,54
345,60,1005
346,60,856
347,60,31
348,60,737
349,60,976
350,60,570
351,60,51
352,60,912
353,60,325
354,60,442
355,60,707
356,60,991
357,60,799
358,60,552
359,60,499
360,60,453
361,60,460
362,60,1012
363,60,147
364,60,1019
365,60,893
366,60,864
367,60,85
368,60,681
369,60,164
370,60,162
371,60,922
372,60,106
373,60,451
374,60,45
375,60,826
376,60,751
377,60,544
378,60,849
379,60,834
380,60,559
381,60,355
382,60,673
383,60,664
384,60,682
385,60,305
386,60,568
387,60,828
388,60,892
389,60,776
390,60,343
391,60,895
392,60,920
393,60,875
394,60,862
395,60,286
396,60,141
397,60,523
398,60,349
399,60,245
0,61,301
1,61,150
2,61,30
3,61,683
4,61,443
5,61,954
6,61,1006
7,61,669
8,61,311
9,61,463
10,61,557
11,61,105
12,61,187
13,61,786
14,61,698
15,61,618
16,61,784
17,61,1008
18,61,520
19,61,185
20,61,710
21,61,0
22,61,554
23,61,230
24,61,713
25,61,246
26,61,155
27,61,287
28,61,901
29,61,142
30,61,304
31,61,492
32,61,1013
33,61,48
34,61,643
35,61,149
36,61,440
37,61,380
38,61,906
39,61,717
40,61,997
41,61,603
42,61,665
43,61,107
44,61,67
45,61,867
46,61,911
47,61,6
48,61,540
49,61,767
50,61,524
51,61,915
52,61,783
53,61,487
54,61,933
55,61,1002
56,61,537
57,61,234
58,61,474
59,61,362
60,61,839
61,61,476
62,61,919
63,61,847
64,61,775
65,61,521
66,61,584
67,61,877
68,61,432
69,61,749
70,61,650
71,61,363
72,61,649
73,61,1010
74,61,215
75,61,506
76,61,616
77,61,297
78,61,484
79,61,780
80,61,891
81,61,755
82,61,356
83,61,99
84,61,283
85,61,538
86,61,983
87,61,186
88,61,966
89,61,686
90,61,973
91,61,170
92,61,814
93,61,220
94,61,890
95,61,887
96,61,252
97,61,883
98,61,435
99,61,617
100,61,924
101,61,770
102,61,560
103,61,652
104,61,539
105,61,614
106,61,137
107,61,267
108,61,239
109,61,654
110,61,81
111,61,449
112,61,60
113,61,790
114,61,434
115,61,450
116,61,62
117,61,44
118,61,101
119,61,606
120,61,868
121,61,431
122,61,730
123,61,748
124,61,176
125,61,334
126,61,102
127,61,516
128,61,375
129,61,264
130,61,812
131,61,985
132,61,16
133,61,518
134,61,619
135,61,47
136,61,224
137,61,978
138,61,482
139,61,243
140,61,250
141,61,724
142,61,607
143,61,114
144,61,173
145,61,723
146,61,852
147,61,242
148,61,190
149,61,96
150,61,955
151,61,550
152,61,534
153,61,319
154,61,75
155,61,695
156,61,11
157,61,952
158,61,635
159,61,785
160,61,104
161,61,504
162,61,120
163,61,98
164,61,433
165,61,35
166,61,277
167,61,838
168,61,961
169,61,531
170,61,462
171,61,473
172,61,266
173,61,165
174,61,865
175,61,854
176,61,115
177,61,663
178,61,878
179,61,326
180,61,1003
181,61,921
182,61,809
183,61,988
184,61,261
185,61,597
186,61,843
187,61,20
188,61,256
189,61,743
190,61,437
191,61,525
192,61,237
193,61,970
194,61,580
195,61,938
196,61,490
197,61,957
198,61,313
199,61,309
200,61,410
201,61,981
202,61,980
203,61,962
204,61,80
205,61,414
206,61,709
207,61,201
208,61,571
209,61,914
210,61,218
211,61,667
212,61,960
213,61,135
214,61,179
215,61,161
216,61,820
217,61,772
218,61,566
219,61,929
220,61,953
221,61,77
222,61,156
223,61,753
224,61,819
225,61,610
226,61,972
227,61,1020
228,61,171
229,61,908
230,61,251
231,61,27
232,61,36
233,61,184
234,61,857
235,61,219
236,61,29
237,61,157
238,61,996
239,61,421
240,61,205
241,61,494
242,61,58
243,61,794
244,61,532
245,61,989
246,61,777
247,61,393
248,61,112
249,61,318
250,61,373
251,61,982
252,61,700
253,61,88
254,61,148
255,61,160
256,61,345
257,61,944
258,61,5
259,61,965
260,61,34
261,61,646
262,61,763
263,61,509
264,61,827
265,61,429
266,61,127
267,61,235
268,61,9
269,61,627
270,61,390
271,61,555
272,61,350
273,61,223
274,61,549
275,61,214
276,61,226
277,61,545
278,61,503
279,61,797
280,61,951
281,61,294
282,61,216
283,61,869
284,61,193
285,61,204
286,61,930
287,61,697
288,61,842
289,61,515
290,61,213
291,61,202
292,61,656
293,61,139
294,61,541
295,61,630
296,61,392
297,61,535
298,61,241
299,61,93
300,61,454
301,61,739
302,61,41
303,61,662
304,61,511
305,61,12
306,61,821
307,61,386
308,61,379
309,61,420
310,61,725
311,61,527
312,61,315
313,61,333
314,61,837
315,61,813
316,61,119
317,61,424
318,61,668
319,61,728
320,61,959
321,61,632
322,61,992
323,61,496
324,61,8
325,61,197
326,61,381
327,61,658
328,61,132
329,61,925
330,61,110
331,61,285
332,61,894
333,61,689
334,61,792
335,61,369
336,61,228
337,61,236
338,61,70
339,61,701
340,61,947
341,61,699
342,61,464
343,61,39
344,61,54
345,61,1005
346,61,856
347,61,31
348,61,737
349,61,976
350,61,570
351,61,51
352,61,912
353,61,325
354,61,442
355,61,707
356,61,991
357,61,799
358,61,552
359,61,499
360,61,453
361,61,460
362,61,1012
363,61,147
364,61,1018
365,61,893
366,61,864
367,61,85
368,61,681
369,61,164
370,61,162
371,61,922
372,61,106
373,61,451
374,61,45
375,61,826
376,61,751
377,61,544
378,61,849
379,61,834
380,61,559
381,61,355
382,61,673
383,61,664
384,61,682
385,61,305
386,61,568
387,61,828
388,61,892
389,61,776
390,61,343
391,61,895
392,61,920
393,61,875
394,61,862
395,61,286
396,61,140
397,61,523
398,61,349
399,61,245
0,62,301
1,62,150
2,62,30
3,62,683
4,62,443
5,62,954
6,62,1006
7,62,669
8,62,311
9,62,463
10,62,557
11,62,105
12,62,187
13,62,786
14,62,698
15,62,618
16,62,784
17,62,1008
18,62,520
19,62,185
20,62,710
21,62,0
22,62,554
23,62,230
24,62,713
25,62,246
26,62,155
27,62,287
28,62,901
29,62,142
30,62,304
31,62,492
32,62,1013
33,62,48
34,62,643
35,62,149
36,62,440
37,62,380
38,62,906
39,62,717
40,62,997
41,62,603
42,62,665
43,62,75
44,62,67
45,62,867
46,62,911
47,62,6
48,62,540
49,62,767
50,62,524
51,62,915
52,62,783
53,62,487
54,62,933
55,62,1002
56,62,537
57,62,266
58,62,474
59,62,362
60,62,839
61,62,476
62,62,919
63,62,847
64,62,775
65,62,521
66,62,584
67,62,877
68,62,432
69,62,749
70,62,650
71,62,363
72,62,649
73,62,1010
74,62,215
75,62,506
76,62,616
77,62,297
78,62,484
79,62,779
80,62,891
81,62,755
82,62,356
83,62,99
84,62,283
85,62,538
86,62,983
87,62,186
88,62,966
89,62,686
90,62,973
91,62,170
92,62,814
93,62,220
94,62,890
95,62,887
96,62,252
97,62,883
98,62,435
99,62,617
100,62,924
101,62,770
102,62,560
103,62,652
104,62,539
105,62,614
106,62,137
107,62,267
108,62,239
109,62,654
110,62,81
111,62,449
112,62,60
113,62,790
114,62,434
115,62,450
116,62,62
117,62,44
118,62,101
119,62,606
120,62,868
121,62,431
122,62,730
123,62,748
124,62,176
125,62,334
126,62,102
127,62,516
128,62,375
129,62,264
130,62,812
131,62,985
132,62,16
133,62,518
134,62,619
135,62,47
136,62,224
137,62,978
138,62,482
139,62,243
140,62,250
141,62,724
142,62,607
143,62,114
144,62,173
145,62,723
146,62,851
147,62,242
148,62,190
149,62,96
150,62,955
151,62,550
152,62,534
153,62,319
154,62,43
155,62,695
156,62,11
157,62,952
158,62,635
159,62,785
160,62,104
161,62,504
162,62,120
163,62,98
164,62,433
165,62,35
166,62,277
167,62,838
168,62,961
169,62,531
170,62,462
171,62,473
172,62,298
173,62,165
174,62,865
175,62,854
176,62,115
177,62,663
178,62,878
179,62,326
180,62,1003
181,62,921
182,62,809
183,62,988
184,62,261
185,62,597
186,62,843
187,62,20
188,62,256
189,62,743
190,62,437
191,62,525
192,62,237
193,62,970
194,62,580
195,62,938
196,62,490
197,62,957
198,62,313
199,62,309
200,62,410
201,62,981
202,62,980
203,62,962
204,62,80
205,62,414
206,62,709
207,62,201
208,62,571
209,62,914
210,62,218
211,62,667
212,62,960
213,62,135
214,62,179
215,62,161
216,62,852
217,62,772
218,62,566
219,62,929
220,62,953
221,62,77
222,62,156
223,62,753
224,62,787
225,62,610
226,62,972
227,62,1020
228,62,171
229,62,908
230,62,251
231,62,27
232,62,36
233,62,184
234,62,857
235,62,219
236,62,29
237,62,157
238,62,996
239,62,421
240,62,205
241,62,494
242,62,58
243,62,794
244,62,532
245,62,989
246,62,777
247,62,393
248,62,112
249,62,318
250,62,373
251,62,982
252,62,700
253,62,88
254,62,148
255,62,160
256,62,345
257,62,944
258,62,5
259,62,965
260,62,34
261,62,646
262,62,763
263,62,509
264,62,827
265,62,429
266,62,127
267,62,235
268,62,9
269,62,627
270,62,390
271,62,555
272,62,350
273,62,223
274,62,549
275,62,214
276,62,226
277,62,545
278,62,503
279,62,797
280,62,951
281,62,294
282,62,216
283,62,869
284,62,193
285,62,204
286,62,930
287,62,697
288,62,842
289,62,515
290,62,213
291,62,202
292,62,656
293,62,107
294,62,541
295,62,630
296,62,392
297,62,535
298,62,241
299,62,93
300,62,454
301,62,739
302,62,41
303,62,662
304,62,511
305,62,12
306,62,821
307,62,386
308,62,379
309,62,420
310,62,725
311,62,527
312,62,315
313,62,333
314,62,837
315,62,813
316,62,119
317,62,424
318,62,668
319,62,728
320,62,959
321,62,632
322,62,992
323,62,496
324,62,8
325,62,197
326,62,381
327,62,658
328,62,132
329,62,925
330,62,110
331,62,285
332,62,894
333,62,689
334,62,792
335,62,369
336,62,228
337,62,236
338,62,70
339,62,701
340,62,947
341,62,699
342,62,464
343,62,39
344,62,54
345,62,1005
346,62,856
347,62,31
348,62,737
349,62,976
350,62,570
351,62,51
352,62,912
353,62,325
354,62,442
355,62,707
356,62,991
357,62,799
358,62,552
359,62,499
360,62,453
361,62,460
362,62,1012
363,62,147
364,62,1018
365,62,893
366,62,864
367,62,85
368,62,681
369,62,164
370,62,162
371,62,922
372,62,106
373,62,451
374,62,45
375,62,826
376,62,751
377,62,544
378,62,849
379,62,834
380,62,559
381,62,355
382,62,673
383,62,664
384,62,682
385,62,305
386,62,568
387,62,828
388,62,892
389,62,776
390,62,343
391,62,895
392,62,920
393,62,875
394,62,862
395,62,286
396,62,139
397,62,523
398,62,349
399,62,245
0,63,301
1,63,150
2,63,30
3,63,683
4,63,443
5,63,954
6,63,1006
7,63,669
8,63,311
9,63,463
10,63,557
11,63,105
12,63,187
13,63,786
14,63,698
15,63,618
16,63,784
17,63,1008
18,63,520
19,63,185
20,63,710
21,63,0
22,63,554
23,63,230
24,63,713
25,63,246
26,63,155
27,63,287
28,63,901
29,63,142
30,63,304
31,63,492
32,63,1013
33,63,48
34,63,643
35,63,149
36,63,440
37,63,380
38,63,906
39,63,717
40,63,997
41,63,603
42,63,665
43,63,74
44,63,67
45,63,867
46,63,911
47,63,6
48,63,540
49,63,767
50,63,524
51,63,915
52,63,783
53,63,487
54,63,933
55,63,1002
56,63,537
57,63,266
58,63,474
59,63,362
60,63,839
61,63,476
62,63,919
63,63,847
64,63,775
65,63,521
66,63,584
67,63,877
68,63,432
69,63,749
70,63,650
71,63,363
72,63,649
73,63,1010
74,63,215
75,63,506
76,63,616
77,63,297
78,63,484
79,63,779
80,63,891
81,63,755
82,63,356
83,63,99
84,63,283
85,63,538
86,63,983
87,63,186
88,63,966
89,63,686
90,63,973
91,63,170
92,63,814
93,63,220
94,63,890
95,63,887
96,63,252
97,63,883
98,63,435
99,63,617
100,63,924
101,63,770
102,63,560
103,63,652
104,63,539
105,63,614
106,63,137
107,63,267
108,63,239
109,63,654
110,63,81
111,63,449
112,63,60
113,63,790
114,63,434
115,63,450
116,63,62
117,63,44
118,63,101
119,63,606
120,63,868
121,63,431
122,63,730
123,63,748
124,63,176
125,63,334
126,63,102
127,63,516
128,63,375
129,63,264
130,63,812
131,63,985
132,63,16
133,63,518
134,63,619
135,63,47
136,63,224
137,63,978
138,63,482
139,63,243
140,63,250
141,63,724
142,63,607
143,63,114
144,63,173
145,63,723
146,63,852
147,63,242
148,63,190
149,63,96
150,63,955
151,63,550
152,63,534
153,63,319
154,63,75
155,63,695
156,63,11
157,63,952
158,63,635
159,63,785
160,63,104
161,63,504
162,63,120
163,63,98
164,63,433
165,63,35
166,63,277
167,63,838
168,63,961
169,63,531
170,63,462
171,63,473
172,63,298
173,63,165
174,63,865
175,63,854
176,63,115
177,63,663
178,63,878
179,63,326
180,63,1003
181,63,921
182,63,809
183,63,988
184,63,261
185,63,597
186,63,843
187,63,20
188,63,256
189,63,743
190,63,437
191,63,525
192,63,237
193,63,970
194,63,580
195,63,938
196,63,490
197,63,957
198,63,313
199,63,309
200,63,410
201,63,981
202,63,980
203,63,962
204,63,80
205,63,414
206,63,709
207,63,201
208,63,571
209,63,914
210,63,218
211,63,667
212,63,960
213,63,135
214,63,179
215,63,161
216,63,884
217,63,772
218,63,566
219,63,929
220,63,953
221,63,77
222,63,156
223,63,753
224,63,787
225,63,610
226,63,972
227,63,1020
228,63,171
229,63,908
230,63,251
231,63,27
232,63,36
233,63,184
234,63,857
235,63,219
236,63,29
237,63,157
238,63,996
239,63,421
240,63,205
241,63,494
242,63,58
243,63,794
244,63,532
245,63,989
246,63,777
247,63,393
248,63,112
249,63,318
250,63,373
251,63,982
252,63,700
253,63,88
254,63,148
255,63,160
256,63,345
257,63,944
258,63,5
259,63,965
260,63,34
261,63,646
262,63,763
263,63,509
264,63,827
265,63,429
266,63,127
267,63,235
268,63,9
269,63,627
270,63,390
271,63,555
272,63,350
273,63,223
274,63,549
275,63,214
276,63,226
277,63,545
278,63,503
279,63,797
280,63,951
281,63,294
282,63,216
283,63,869
284,63,193
285,63,204
286,63,930
287,63,697
288,63,842
289,63,515
290,63,213
291,63,202
292,63,656
293,63,108
294,63,541
295,63,630
296,63,392
297,63,535
298,63,241
299,63,93
300,63,454
301,63,739
302,63,41
303,63,662
304,63,511
305,63,12
306,63,821
307,63,386
308,63,379
309,63,420
310,63,725
311,63,527
312,63,315
313,63,333
314,63,837
315,63,813
316,63,119
317,63,424
318,63,668
319,63,728
320,63,959
321,63,632
322,63,992
323,63,496
324,63,8
325,63,197
326,63,381
327,63,658
328,63,132
329,63,925
330,63,110
331,63,285
332,63,894
333,63,689
334,63,792
335,63,369
336,63,228
337,63,236
338,63,70
339,63,701
340,63,947
341,63,699
342,63,464
343,63,39
344,63,54
345,63,1005
346,63,856
347,63,31
348,63,737
349,63,976
350,63,570
351,63,51
352,63,912
353,63,325
354,63,442
355,63,707
356,63,991
357,63,799
358,63,552
359,63,499
360,63,453
361,63,460
362,63,1012
363,63,147
364,63,1018
365,63,893
366,63,864
367,63,85
368,63,681
369,63,164
370,63,162
371,63,922
372,63,106
373,63,451
374,63,45
375,63,826
376,63,751
377,63,544
378,63,849
379,63,834
380,63,559
381,63,355
382,63,673
383,63,664
384,63,682
385,63,305
386,63,568
387,63,828
388,63,892
389,63,776
390,63,343
391,63,895
392,63,920
393,63,875
394,63,862
395,63,286
396,63,107
397,63,523
398,63,349
399,63,245
0,64,301
1,64,150
2,64,30
3,64,683
4,64,443
5,64,954
6,64,1006
7,64,669
8,64,311
9,64,463
10,64,557
11,64,105
12,64,187
13,64,786
14,64,698
15,64,618
16,64,784
17,64,1008
18,64,520
19,64,185
20,64,710
21,64,0
22,64,554
23,64,230
24,64,713
25,64,246
26,64,155
27,64,287
28,64,901
29,64,142
30,64,304
31,64,492
32,64,1013
33,64,48
34,64,643
35,64,149
36,64,440
37,64,380
38,64,906
39,64,717
40,64,997
41,64,603
42,64,665
43,64,106
44,64,67
45,64,867
46,64,911
47,64,6
48,64,540
49,64,767
50,64,524
51,64,915
52,64,783
53,64,487
54,64,933
55,64,1002
56,64,537
57,64,266
58,64,474
59,64,362
60,64,839
61,64,476
62,64,919
63,64,847
64,64,775
65,64,521
66,64,584
67,64,877
68,64,432
69,64,749
70,64,650
71,64,363
72,64,649
73,64,1010
74,64,215
75,64,506
76,64,616
77,64,297
78,64,484
79,64,779
80,64,891
81,64,755
82,64,356
83,64,99
84,64,283
85,64,538
86,64,983
87,64,186
88,64,966
89,64,686
90,64,973
91,64,170
92,64,814
93,64,220
94,64,890
95,64,887
96,64,252
97,64,883
98,64,435
99,64,617
100,64,924
101,64,770
102,64,560
103,64,652
104,64,539
105,64,614
106,64,137
107,64,267
108,64,239
109,64,654
110,64,81
111,64,449
112,64,60
113,64,790
114,64,434
115,64,450
116,64,62
117,64,44
118,64,101
119,64,606
120,64,868
121,64,431
122,64,730
123,64,748
124,64,176
125,64,334
126,64,102
127,64,516
128,64,375
129,64,264
130,64,812
131,64,985
132,64,16
133,64,518
134,64,619
135,64,47
136,64,224
137,64,978
138,64,482
139,64,243
140,64,250
141,64,724
142,64,607
143,64,114
144,64,173
145,64,723
146,64,852
147,64,242
148,64,190
149,64,96
150,64,955
151,64,550
152,64,534
153,64,319
154,64,74
155,64,695
156,64,11
157,64,952
158,64,635
159,64,785
160,64,104
161,64,504
162,64,120
163,64,98
164,64,433
165,64,35
166,64,277
167,64,838
168,64,961
169,64,531
170,64,462
171,64,473
172,64,298
173,64,165
174,64,865
175,64,854
176,64,115
177,64,663
178,64,878
179,64,326
180,64,1003
181,64,921
182,64,809
183,64,988
184,64,261
185,64,597
186,64,843
187,64,20
188,64,256
189,64,743
190,64,437
191,64,525
192,64,237
193,64,970
194,64,580
195,64,938
196,64,490
197,64,957
198,64,313
199,64,309
200,64,410
201,64,981
202,64,980
203,64,962
204,64,80
205,64,414
206,64,709
207,64,201
208,64,571
209,64,914
210,64,218
211,64,667
212,64,960
213,64,135
214,64,179
215,64,161
216,64,916
217,64,772
218,64,566
219,64,929
220,64,953
221,64,77
222,64,156
223,64,753
224,64,787
225,64,610
226,64,972
227,64,1020
228,64,171
229,64,908
230,64,251
231,64,27
232,64,36
233,64,184
234,64,857
235,64,219
236,64,29
237,64,157
238,64,996
239,64,421
240,64,205
241,64,494
242,64,58
243,64,794
244,64,532
245,64,989
246,64,777
247,64,393
248,64,112
249,64,318
250,64,373
251,64,982
252,64,700
253,64,88
254,64,148
255,64,160
256,64,345
257,64,944
258,64,5
259,64,965
260,64,34
261,64,646
262,64,763
263,64,509
264,64,827
265,64,429
266,64,127
267,64,235
268,64,9
269,64,627
270,64,390
271,64,555
272,64,350
273,64,223
274,64,549
275,64,214
276,64,226
277,64,545
278,64,503
279,64,797
280,64,951
281,64,294
282,64,216
283,64,869
284,64,193
285,64,204
286,64,930
287,64,697
288,64,842
289,64,515
290,64,213
291,64,202
292,64,656
293,64,140
294,64,541
295,64,630
296,64,392
297,64,535
298,64,241
299,64,93
300,64,454
301,64,739
302,64,41
303,64,662
304,64,511
305,64,12
306,64,821
307,64,386
308,64,379
309,64,420
310,64,725
311,64,527
312,64,315
313,64,333
314,64,837
315,64,813
316,64,119
317,64,424
318,64,668
319,64,728
320,64,959
321,64,632
322,64,992
323,64,496
324,64,8
325,64,197
326,64,381
327,64,658
328,64,132
329,64,925
330,64,110
331,64,285
332,64,894
333,64,689
334,64,792
335,64,369
336,64,228
337,64,236
338,64,70
339,64,701
340,64,947
341,64,699
342,64,464
343,64,39
344,64,54
345,64,1005
346,64,856
347,64,31
348,64,737
349,64,976
350,64,570
351,64,51
352,64,912
353,64,325
354,64,442
355,64,707
356,64,991
357,64,799
358,64,552
359,64,499
360,64,453
361,64,460
362,64,1012
363,64,147
364,64,1018
365,64,893
366,64,864
367,64,85
368,64,681
369,64,164
370,64,162
371,64,922
372,64,107
373,64,451
374,64,45
375,64,826
376,64,751
377,64,544
378,64,849
379,64,834
380,64,559
381,64,355
382,64,673
383,64,664
384,64,682
385,64,305
386,64,568
387,64,828
388,64,892
389,64,776
390,64,343
391,64,895
392,64,920
393,64,875
394,64,862
395,64,286
396,64,75
397,64,523
398,64,349
399,64,245
0,65,301
1,65,150
2,65,30
3,65,683
4,65,443
5,65,954
6,65,1006
7,65,669
8,65,311
9,65,463
10,65,557
11,65,105
12,65,187
13,65,786
14,65,698
15,65,618
16,65,784
17,65,1008
18,65,520
19,65,185
20,65,710
21,65,0
22,65,554
23,65,230
24,65,713
25,65,246
26,65,155
27,65,287
28,65,901
29,65,142
30,65,304
31,65,492
32,65,1013
33,65,48
34,65,643
35,65,149
36,65,440
37,65,380
38,65,906
39,65,717
40,65,997
41,65,603
42,65,665
43,65,107
44,65,67
45,65,867
46,65,911
47,65,6
48,65,540
49,65,767
50,65,524
51,65,915
52,65,783
53,65,487
54,65,933
55,65,1002
56,65,537
57,65,266
58,65,474
59,65,362
60,65,839
61,65,476
62,65,919
63,65,847
64,65,775
65,65,521
66,65,584
67,65,877
68,65,432
69,65,749
70,65,650
71,65,363
72,65,649
73,65,1010
74,65,215
75,65,506
76,65,616
77,65,297
78,65,484
79,65,779
80,65,891
81,65,755
82,65,356
83,65,99
84,65,283
85,65,538
86,65,983
87,65,186
88,65,966
89,65,686
90,65,973
91,65,170
92,65,814
93,65,220
94,65,890
95,65,887
96,65,252
97,65,883
98,65,435
99,65,617
100,65,924
101,65,770
102,65,560
103,65,652
104,65,539
105,65,614
106,65,137
107,65,267
108,65,239
109,65,654
110,65,81
111,65,449
112,65,60
113,65,790
114,65,434
115,65,450
116,65,62
117,65,44
118,65,101
119,65,606
120,65,868
121,65,431
122,65,730
123,65,748
124,65,176
125,65,334
126,65,102
127,65,516
128,65,375
129,65,264
130,65,812
131,65,985
132,65,16
133,65,518
134,65,619
135,65,47
136,65,224
137,65,978
138,65,482
139,65,243
140,65,250
141,65,724
142,65,607
143,65,114
144,65,173
145,65,723
146,65,852
147,65,242
148,65,190
149,65,96
150,65,955
151,65,550
152,65,534
153,65,319
154,65,75
155,65,695
156,65,11
157,65,952
158,65,635
159,65,785
160,65,104
161,65,504
162,65,120
163,65,98
164,65,433
165,65,35
166,65,277
167,65,838
168,65,961
169,65,531
170,65,462
171,65,473
172,65,298
173,65,165
174,65,865
175,65,854
176,65,115
177,65,663
178,65,878
179,65,326
180,65,1003
181,65,921
182,65,809
183,65,988
184,65,261
185,65,597
186,65,843
187,65,20
188,65,256
189,65,743
190,65,437
191,65,525
192,65,237
193,65,970
194,65,580
195,65,938
196,65,490
197,65,957
198,65,313
199,65,309
200,65,410
201,65,981
202,65,980
203,65,962
204,65,80
205,65,414
206,65,709
207,65,201
208,65,571
209,65,914
210,65,218
211,65,667
212,65,960
213,65,135
214,65,179
215,65,161
216,65,916
217,65,772
218,65,566
219,65,929
220,65,953
221,65,77
222,65,156
223,65,753
224,65,787
225,65,610
226,65,972
227,65,1020
228,65,171
229,65,908
230,65,251
231,65,27
232,65,36
233,65,184
234,65,857
235,65,219
236,65,29
237,65,157
238,65,996
239,65,421
240,65,205
241,65,494
242,65,58
243,65,794
244,65,532
245,65,989
246,65,777
247,65,393
248,65,112
249,65,318
250,65,373
251,65,982
252,65,700
253,65,88
254,65,148
255,65,160
256,65,345
257,65,944
258,65,5
259,65,965
260,65,34
261,65,646
262,65,763
263,65,509
264,65,827
265,65,429
266,65,127
267,65,235
268,65,9
269,65,627
270,65,390
271,65,555
272,65,350
273,65,223
274,65,549
275,65,214
276,65,226
277,65,545
278,65,503
279,65,797
280,65,951
281,65,294
282,65,216
283,65,869
284,65,193
285,65,204
286,65,930
287,65,697
288,65,842
289,65,515
290,65,213
291,65,202
292,65,656
293,65,140
294,65,541
295,65,630
296,65,392
297,65,535
298,65,241
299,65,93
300,65,454
301,65,739
302,65,41
303,65,662
304,65,511
305,65,12
306,65,821
307,65,386
308,65,379
309,65,420
310,65,725
311,65,527
312,65,315
313,65,333
314,65,837
315,65,813
316,65,119
317,65,424
318,65,668
319,65,728
320,65,959
321,65,632
322,65,992
323,65,496
324,65,8
325,65,197
326,65,381
327,65,658
328,65,132
329,65,925
330,65,110
331,65,285
332,65,894
333,65,689
334,65,792
335,65,369
336,65,228
337,65,236
338,65,70
339,65,701
340,65,947
341,65,699
342,65,464
343,65,39
344,65,54
345,65,1005
346,65,856
347,65,31
348,65,737
349,65,976
350,65,570
351,65,51
352,65,912
353,65,325
354,65,442
355,65,707
356,65,991
357,65,799
358,65,552
359,65,499
360,65,453
361,65,460
362,65,1012
363,65,147
364,65,1018
365,65,893
366,65,864
367,65,85
368,65,681
369,65,164
370,65,162
371,65,922
372,65,139
373,65,451
374,65,45
375,65,826
376,65,751
377,65,544
378,65,849
379,65,834
380,65,559
381,65,355
382,65,673
383,65,664
384,65,682
385,65,305
386,65,568
387,65,828
388,65,892
389,65,776
390,65,343
391,65,895
392,65,920
393,65,875
394,65,862
395,65,286
396,65,43
397,65,523
398,65,349
399,65,245
0,66,301
1,66,150
2,66,30
3,66,683
4,66,443
5,66,954
6,66,1006
7,66,669
8,66,311
9,66,463
10,66,557
11,66,105
12,66,187
13,66,786
14,66,698
15,66,618
16,66,784
17,66,1008
18,66,520
19,66,185
20,66,710
21,66,0
22,66,554
23,66,230
24,66,713
25,66,246
26,66,155
27,66,287
28,66,901
29,66,142
30,66,304
31,66,492
32,66,1013
33,66,48
34,66,643
35,66,149
36,66,440
37,66,380
38,66,906
39,66,717
40,66,997
41,66,603
42,66,665
43,66,75
44,66,67
45,66,867
46,66,911
47,66,6
48,66,540
49,66,767
50,66,524
51,66,915
52,66,783
53,66,487
54,66,933
55,66,1002
56,66,537
57,66,266
58,66,474
59,66,362
60,66,839
61,66,476
62,66,919
63,66,847
64,66,775
65,66,521
66,66,584
67,66,877
68,66,432
69,66,749
70,66,650
71,66,363
72,66,649
73,66,1010
74,66,215
75,66,506
76,66,616
77,66,297
78,66,484
79,66,779
80,66,891
81,66,755
82,66,356
83,66,99
84,66,283
85,66,538
86,66,983
87,66,186
88,66,966
89,66,686
90,66,973
91,66,170
92,66,814
93,66,220
94,66,890
95,66,887
96,66,252
97,66,883
98,66,435
99,66,617
100,66,924
101,66,770
102,66,560
103,66,652
104,66,539
105,66,614
106,66,137
107,66,267
108,66,239
109,66,654
110,66,81
111,66,449
112,66,60
113,66,790
114,66,434
115,66,450
116,66,62
117,66,44
118,66,101
119,66,606
120,66,868
121,66,431
122,66,730
123,66,748
124,66,176
125,66,334
126,66,102
127,66,516
128,66,375
129,66,264
130,66,812
131,66,985
132,66,16
133,66,518
134,66,619
135,66,47
136,66,224
137,66,978
138,66,482
139,66,243
140,66,250
141,66,724
142,66,607
143,66,114
144,66,173
145,66,723
146,66,852
147,66,242
148,66,190
149,66,96
150,66,955
151,66,550
152,66,534
153,66,319
154,66,76
155,66,695
156,66,11
157,66,952
158,66,635
159,66,785
160,66,104
161,66,504
162,66,120
163,66,98
164,66,433
165,66,35
166,66,277
167,66,838
168,66,961
169,66,531
170,66,462
171,66,473
172,66,298
173,66,165
174,66,865
175,66,854
176,66,115
177,66,663
178,66,878
179,66,326
180,66,1003
181,66,921
182,66,809
183,66,988
184,66,261
185,66,597
186,66,843
187,66,20
188,66,256
189,66,743
190,66,437
191,66,525
192,66,237
193,66,970
194,66,580
195,66,938
196,66,490
197,66,957
198,66,313
199,66,309
200,66,410
201,66,981
202,66,980
203,66,962
204,66,80
205,66,414
206,66,709
207,66,201
208,66,571
209,66,914
210,66,218
211,66,667
212,66,960
213,66,135
214,66,179
215,66,161
216,66,916
217,66,772
218,66,566
219,66,929
220,66,953
221,66,77
222,66,156
223,66,753
224,66,787
225,66,610
226,66,972
227,66,1020
228,66,171
229,66,908
230,66,251
231,66,27
232,66,36
233,66,184
234,66,857
235,66,219
236,66,29
237,66,157
238,66,996
239,66,421
240,66,205
241,66,494
242,66,58
243,66,794
244,66,532
245,66,989
246,66,777
247,66,393
248,66,112
249,66,318
250,66,373
251,66,982
252,66,700
253,66,88
254,66,148
255,66,160
256,66,345
257,66,944
258,66,5
259,66,965
260,66,34
261,66,646
262,66,763
263,66,509
264,66,827
265,66,429
266,66,127
267,66,235
268,66,9
269,66,627
270,66,390
271,66,555
272,66,350
273,66,223
274,66,549
275,66,214
276,66,226
277,66,545
278,66,503
279,66,797
280,66,951
281,66,294
282,66,216
283,66,869
284,66,193
285,66,204
286,66,930
287,66,697
288,66,842
289,66,515
290,66,213
291,66,202
292,66,656
293,66,140
294,66,541
295,66,630
296,66,392
297,66,535
298,66,241
299,66,93
300,66,454
301,66,739
302,66,41
303,66,662
304,66,511
305,66,12
306,66,821
307,66,386
308,66,379
309,66,420
310,66,725
311,66,527
312,66,315
313,66,333
314,66,837
315,66,813
316,66,119
317,66,424
318,66,668
319,66,728
320,66,959
321,66,632
322,66,992
323,66,496
324,66,8
325,66,197
326,66,381
327,66,658
328,66,132
329,66,925
330,66,110
331,66,285
332,66,894
333,66,689
334,66,792
335,66,369
336,66,228
337,66,236
338,66,70
339,66,701
340,66,947
341,66,699
342,66,464
343,66,39
344,66,54
345,66,1005
346,66,856
347,66,31
348,66,737
349,66,976
350,66,570
351,66,51
352,66,912
353,66,325
354,66,442
355,66,707
356,66,991
357,66,799
358,66,552
359,66,499
360,66,453
361,66,460
362,66,1012
363,66,147
364,66,1018
365,66,893
366,66,864
367,66,85
368,66,681
369,66,164
370,66,162
371,66,922
372,66,107
373,66,451
374,66,45
375,66,826
376,66,751
377,66,544
378,66,849
379,66,834
380,66,559
381,66,355
382,66,673
383,66,664
384,66,682
385,66,305
386,66,568
387,66,828
388,66,892
389,66,776
390,66,343
391,66,895
392,66,920
393,66,875
394,66,862
395,66,286
396,66,43
397,66,523
398,66,349
399,66,245
0,67,301
1,67,150
2,67,30
3,67,683
4,67,443
5,67,954
6,67,1006
7,67,669
8,67,311
9,67,463
10,67,557
11,67,105
12,67,187
13,67,786
14,67,698
15,67,618
16,67,784
17,67,1008
18,67,520
19,67,185
20,67,710
21,67,0
22,67,554
23,67,230
24,67,713
25,67,246
26,67,155
27,67,287
28,67,901
29,67,142
30,67,304
31,67,492
32,67,1013
33,67,48
34,67,643
35,67,149
36,67,440
37,67,380
38,67,906
39,67,717
40,67,997
41,67,603
42,67,665
43,67,107
44,67,67
45,67,867
46,67,911
47,67,6
48,67,540
49,67,767
50,67,524
51,67,915
52,67,783
53,67,487
54,67,933
55,67,1002
56,67,537
57,67,266
58,67,474
59,67,362
60,67,839
61,67,476
62,67,919
63,67,847
64,67,775
65,67,521
66,67,584
67,67,877
68,67,432
69,67,749
70,67,650
71,67,363
72,67,649
73,67,1010
74,67,215
75,67,506
76,67,616
77,67,297
78,67,484
79,67,779
80,67,891
81,67,755
82,67,356
83,67,99
84,67,283
85,67,538
86,67,983
87,67,186
88,67,966
89,67,686
90,67,973
91,67,170
92,67,814
93,67,220
94,67,890
95,67,887
96,67,252
97,67,883
98,67,435
99,67,617
100,67,924
101,67,770
102,67,560
103,67,652
104,67,539
105,67,614
106,67,137
107,67,267
108,67,239
109,67,654
110,67,81
111,67,449
112,67,60
113,67,790
114,67,434
115,67,450
116,67,62
117,67,44
118,67,101
119,67,606
120,67,868
121,67,431
122,67,730
123,67,748
124,67,176
125,67,334
126,67,102
127,67,516
128,67,375
129,67,264
130,67,812
131,67,985
132,67,16
133,67,518
134,67,619
135,67,47
136,67,224
137,67,978
138,67,482
139,67,243
140,67,250
141,67,724
142,67,607
143,67,114
144,67,173
145,67,723
146,67,852
147,67,242
148,67,190
149,67,96
150,67,955
151,67,550
152,67,534
153,67,319
154,67,75
155,67,695
156,67,11
157,67,952
158,67,635
159,67,785
160,67,104
161,67,504
162,67,120
163,67,98
164,67,433
165,67,35
166,67,277
167,67,838
168,67,961
169,67,531
170,67,462
171,67,473
172,67,298
173,67,165
174,67,865
175,67,854
176,67,115
177,67,663
178,67,878
179,67,326
180,67,1003
181,67,921
182,67,809
183,67,988
184,67,261
185,67,597
186,67,843
187,67,20
188,67,256
189,67,743
190,67,437
191,67,525
192,67,237
193,67,970
194,67,580
195,67,938
196,67,490
197,67,957
198,67,313
199,67,309
200,67,410
201,67,981
202,67,980
203,67,962
204,67,80
205,67,414
206,67,709
207,67,201
208,67,571
209,67,914
210,67,218
211,67,667
212,67,960
213,67,135
214,67,179
215,67,161
216,67,916
217,67,772
218,67,566
219,67,929
220,67,953
221,67,77
222,67,156
223,67,753
224,67,787
225,67,610
226,67,972
227,67,1020
228,67,171
229,67,908
230,67,251
231,67,27
232,67,36
233,67,184
234,67,857
235,67,219
236,67,29
237,67,157
238,67,996
239,67,421
240,67,205
241,67,494
242,67,58
243,67,794
244,67,532
245,67,989
246,67,777
247,67,393
248,67,112
249,67,318
250,67,373
251,67,982
252,67,700
253,67,88
254,67,148
255,67,160
256,67,345
257,67,944
258,67,5
259,67,965
260,67,34
261,67,646
262,67,763
263,67,509
264,67,827
265,67,429
266,67,127
267,67,235
268,67,9
269,67,627
270,67,390
271,67,555
272,67,350
273,67,223
274,67,549
275,67,214
276,67,226
277,67,545
278,67,503
279,67,797
280,67,951
281,67,294
282,67,216
283,67,869
284,67,193
285,67,204
286,67,930
287,67,697
288,67,842
289,67,515
290,67,213
291,67,202
292,67,656
293,67,140
294,67,541
295,67,630
296,67,392
297,67,535
298,67,241
299,67,93
300,67,454
301,67,739
302,67,41
303,67,662
304,67,511
305,67,12
306,67,821
307,67,386
308,67,379
309,67,420
310,67,725
311,67,527
312,67,315
313,67,333
314,67,837
315,67,813
316,67,119
317,67,424
318,67,668
319,67,728
320,67,959
321,67,632
322,67,992
323,67,496
324,67,8
325,67,197
326,67,381
327,67,658
328,67,132
329,67,925
330,67,110
331,67,285
332,67,894
333,67,689
334,67,792
335,67,369
336,67,228
337,67,236
338,67,70
339,67,701
340,67,947
341,67,699
342,67,464
343,67,39
344,67,54
345,67,1005
346,67,856
347,67,31
348,67,737
349,67,976
350,67,570
351,67,51
352,67,912
353,67,325
354,67,442
355,67,707
356,67,991
357,67,799
358,67,552
359,67,499
360,67,453
361,67,460
362,67,1012
363,67,147
364,67,1018
365,67,893
366,67,864
367,67,85
368,67,681
369,67,164
370,67,162
371,67,922
372,67,106
373,67,451
374,67,45
375,67,826
376,67,751
377,67,544
378,67,849
379,67,834
380,67,559
381,67,355
382,67,673
383,67,664
384,67,682
385,67,305
386,67,568
387,67,828
388,67,892
389,67,776
390,67,343
391,67,895
392,67,920
393,67,875
394,67,862
395,67,286
396,67,43
397,67,523
398,67,349
399,67,245
