agent_id,time_step,vertex_index
0,0,768
1,0,630
2,0,708
3,0,219
4,0,935
5,0,858
6,0,800
7,0,417
8,0,20
9,0,819
10,0,324
11,0,855
12,0,910
13,0,686
14,0,97
15,0,550
16,0,690
17,0,470
18,0,374
19,0,811
20,0,569
21,0,645
22,0,123
23,0,221
24,0,698
25,0,973
26,0,790
27,0,635
28,0,972
29,0,115
30,0,901
31,0,164
32,0,880
33,0,829
34,0,981
35,0,527
36,0,547
37,0,987
38,0,155
39,0,241
40,0,888
41,0,934
42,0,787
43,0,214
44,0,528
45,0,375
46,0,349
47,0,831
48,0,771
49,0,666
50,0,54
51,0,12
52,0,333
53,0,228
54,0,816
55,0,637
56,0,581
57,0,272
58,0,99
59,0,959
60,0,212
61,0,213
62,0,131
63,0,687
64,0,622
65,0,915
66,0,381
67,0,459
68,0,517
69,0,770
70,0,127
71,0,579
72,0,689
73,0,371
74,0,449
75,0,149
76,0,418
77,0,220
78,0,955
79,0,573
80,0,183
81,0,194
82,0,542
83,0,780
84,0,728
85,0,805
86,0,191
87,0,327
88,0,469
89,0,961
90,0,42
91,0,817
92,0,250
93,0,309
94,0,266
95,0,843
96,0,363
97,0,988
98,0,911
99,0,534
100,0,740
101,0,463
102,0,767
103,0,308
104,0,872
105,0,623
106,0,225
107,0,342
108,0,801
109,0,414
110,0,893
111,0,460
112,0,562
113,0,810
114,0,748
115,0,546
116,0,355
117,0,563
118,0,707
119,0,552
120,0,755
121,0,567
122,0,163
123,0,916
124,0,288
125,0,565
126,0,251
127,0,46
128,0,960
129,0,286
130,0,22
131,0,969
132,0,317
133,0,386
134,0,782
135,0,616
136,0,1020
137,0,202
138,0,89
139,0,941
140,0,200
141,0,1021
142,0,255
143,0,210
144,0,174
145,0,1017
146,0,514
147,0,254
148,0,204
149,0,373
150,0,315
151,0,483
152,0,367
153,0,794
154,0,594
155,0,75
156,0,673
157,0,723
158,0,835
159,0,505
160,0,499
161,0,891
162,0,758
163,0,291
164,0,443
165,0,492
166,0,523
167,0,558
168,0,211
169,0,868
170,0,653
171,0,695
172,0,477
173,0,401
174,0,560
175,0,493
176,0,353
177,0,867
178,0,716
179,0,124
180,0,976
181,0,796
182,0,376
183,0,21
184,0,331
185,0,235
186,0,730
187,0,121
188,0,710
189,0,877
190,0,102
191,0,476
192,0,785
193,0,352
194,0,587
195,0,744
196,0,69
197,0,809
198,0,994
199,0,399
200,0,884
201,0,274
202,0,538
203,0,108
204,0,720
205,0,101
206,0,423
207,0,356
208,0,627
209,0,380
210,0,170
211,0,665
212,0,265
213,0,87
214,0,508
215,0,23
216,0,1019
217,0,864
218,0,284
219,0,257
220,0,932
221,0,491
222,0,408
223,0,43
224,0,176
225,0,145
226,0,222
227,0,947
228,0,803
229,0,5
230,0,507
231,0,253
232,0,608
233,0,464
234,0,435
235,0,190
236,0,909
237,0,68
238,0,2
239,0,350
240,0,606
241,0,712
242,0,874
243,0,752
244,0,503
245,0,130
246,0,345
247,0,661
248,0,329
249,0,379
250,0,320
251,0,997
252,0,40
253,0,326
254,0,6
255,0,615
256,0,35
257,0,575
258,0,234
259,0,792
260,0,450
261,0,510
262,0,444
263,0,113
264,0,709
265,0,626
266,0,59
267,0,688
268,0,494
269,0,178
270,0,34
271,0,667
272,0,873
273,0,440
274,0,341
275,0,31
276,0,479
277,0,620
278,0,80
279,0,693
280,0,882
281,0,44
282,0,223
283,0,717
284,0,936
285,0,681
286,0,1010
287,0,431
288,0,706
289,0,799
290,0,938
291,0,293
292,0,638
293,0,378
294,0,430
295,0,815
296,0,442
297,0,533
298,0,30
299,0,133
300,0,181
301,0,120
302,0,267
303,0,940
304,0,81
305,0,980
306,0,362
307,0,9
308,0,298
309,0,138
310,0,943
311,0,141
312,0,570
313,0,694
314,0,295
315,0,465
316,0,126
317,0,539
318,0,526
319,0,1004
320,0,201
321,0,158
322,0,377
323,0,714
324,0,105
325,0,305
326,0,322
327,0,841
328,0,338
329,0,70
330,0,680
331,0,735
332,0,965
333,0,1
334,0,1008
335,0,949
336,0,236
337,0,535
338,0,289
339,0,895
340,0,541
341,0,390
342,0,56
343,0,777
344,0,700
345,0,870
346,0,61
347,0,807
348,0,715
349,0,1013
350,0,36
351,0,957
352,0,894
353,0,762
354,0,157
355,0,361
356,0,217
357,0,473
358,0,96
359,0,589
360,0,39
361,0,632
362,0,742
363,0,1014
364,0,208
365,0,1000
366,0,148
367,0,649
368,0,919
369,0,933
370,0,310
371,0,862
372,0,485
373,0,733
374,0,11
375,0,763
376,0,806
377,0,159
378,0,600
379,0,10
380,0,824
381,0,881
382,0,886
383,0,229
384,0,227
385,0,41
386,0,447
387,0,592
388,0,854
389,0,64
390,0,15
391,0,584
392,0,160
393,0,568
394,0,340
395,0,437
396,0,520
397,0,948
398,0,743
399,0,421
0,1,736
1,1,598
2,1,709
3,1,218
4,1,936
5,1,890
6,1,832
7,1,449
8,1,21
9,1,818
10,1,356
11,1,856
12,1,911
13,1,686
14,1,129
15,1,551
16,1,689
17,1,502
18,1,406
19,1,779
20,1,601
21,1,613
22,1,122
23,1,220
24,1,697
25,1,974
26,1,791
27,1,603
28,1,971
29,1,115
30,1,902
31,1,165
32,1,912
33,1,797
34,1,980
35,1,559
36,1,548
37,1,988
38,1,154
39,1,273
40,1,887
41,1,935
42,1,788
43,1,214
44,1,527
45,1,374
46,1,348
47,1,831
48,1,772
49,1,698
50,1,86
51,1,13
52,1,334
53,1,260
54,1,815
55,1,669
56,1,549
57,1,240
58,1,100
59,1,991
60,1,244
61,1,245
62,1,163
63,1,719
64,1,621
65,1,914
66,1,380
67,1,491
68,1,518
69,1,770
70,1,159
71,1,547
72,1,657
73,1,403
74,1,450
75,1,181
76,1,419
77,1,219
78,1,987
79,1,605
80,1,184
81,1,226
82,1,510
83,1,748
84,1,696
85,1,806
86,1,223
87,1,295
88,1,501
89,1,929
90,1,74
91,1,816
92,1,249
93,1,277
94,1,298
95,1,844
96,1,364
97,1,956
98,1,879
99,1,566
100,1,740
101,1,462
102,1,735
103,1,307
104,1,840
105,1,622
106,1,193
107,1,310
108,1,769
109,1,413
110,1,861
111,1,459
112,1,563
113,1,811
114,1,716
115,1,545
116,1,323
117,1,531
118,1,675
119,1,553
120,1,787
121,1,535
122,1,195
123,1,915
124,1,256
125,1,533
126,1,250
127,1,78
128,1,928
129,1,286
130,1,54
131,1,970
132,1,285
133,1,387
134,1,781
135,1,617
136,1,1021
137,1,234
138,1,88
139,1,909
140,1,201
141,1,989
142,1,287
143,1,178
144,1,174
145,1,1016
146,1,546
147,1,253
148,1,205
149,1,341
150,1,316
151,1,484
152,1,368
153,1,795
154,1,562
155,1,76
156,1,641
157,1,724
158,1,836
159,1,504
160,1,467
161,1,859
162,1,757
163,1,291
164,1,442
165,1,460
166,1,524
167,1,590
168,1,210
169,1,869
170,1,654
171,1,663
172,1,445
173,1,400
174,1,592
175,1,525
176,1,321
177,1,835
178,1,717
179,1,123
180,1,944
181,1,828
182,1,408
183,1,22
184,1,330
185,1,236
186,1,762
187,1,89
188,1,678
189,1,876
190,1,103
191,1,477
192,1,753
193,1,353
194,1,586
195,1,776
196,1,70
197,1,841
198,1,962
199,1,367
200,1,852
201,1,306
202,1,570
203,1,107
204,1,688
205,1,69
206,1,423
207,1,357
208,1,628
209,1,379
210,1,171
211,1,665
212,1,264
213,1,87
214,1,476
215,1,23
216,1,1018
217,1,864
218,1,283
219,1,289
220,1,900
221,1,490
222,1,440
223,1,75
224,1,208
225,1,144
226,1,254
227,1,946
228,1,771
229,1,4
230,1,475
231,1,221
232,1,609
233,1,465
234,1,436
235,1,222
236,1,910
237,1,36
238,1,34
239,1,349
240,1,574
241,1,713
242,1,842
243,1,784
244,1,471
245,1,130
246,1,377
247,1,660
248,1,297
249,1,347
250,1,320
251,1,998
252,1,41
253,1,327
254,1,38
255,1,614
256,1,67
257,1,607
258,1,233
259,1,824
260,1,418
261,1,511
262,1,444
263,1,114
264,1,710
265,1,625
266,1,60
267,1,687
268,1,493
269,1,177
270,1,66
271,1,666
272,1,874
273,1,441
274,1,340
275,1,30
276,1,478
277,1,588
278,1,112
279,1,725
280,1,883
281,1,43
282,1,255
283,1,749
284,1,904
285,1,649
286,1,1009
287,1,432
288,1,738
289,1,799
290,1,939
291,1,293
292,1,606
293,1,346
294,1,431
295,1,783
296,1,410
297,1,534
298,1,29
299,1,134
300,1,213
301,1,119
302,1,235
303,1,941
304,1,113
305,1,979
306,1,394
307,1,8
308,1,299
309,1,137
310,1,943
311,1,173
312,1,569
313,1,693
314,1,294
315,1,497
316,1,94
317,1,507
318,1,558
319,1,972
320,1,202
321,1,190
322,1,409
323,1,715
324,1,105
325,1,304
326,1,322
327,1,873
328,1,338
329,1,102
330,1,681
331,1,734
332,1,966
333,1,33
334,1,976
335,1,948
336,1,204
337,1,503
338,1,288
339,1,894
340,1,573
341,1,422
342,1,55
343,1,745
344,1,668
345,1,870
346,1,62
347,1,808
348,1,747
349,1,1012
350,1,37
351,1,925
352,1,893
353,1,794
354,1,189
355,1,393
356,1,217
357,1,505
358,1,97
359,1,557
360,1,39
361,1,631
362,1,743
363,1,1013
364,1,209
365,1,1001
366,1,147
367,1,650
368,1,951
369,1,932
370,1,278
371,1,862
372,1,453
373,1,732
374,1,12
375,1,763
376,1,807
377,1,158
378,1,599
379,1,9
380,1,823
381,1,880
382,1,885
383,1,261
384,1,259
385,1,73
386,1,479
387,1,624
388,1,855
389,1,65
390,1,16
391,1,616
392,1,161
393,1,567
394,1,308
395,1,405
396,1,521
397,1,947
398,1,711
399,1,420
0,2,736
1,2,598
2,2,677
3,2,250
4,2,904
5,2,922
6,2,864
7,2,481
8,2,22
9,2,817
10,2,356
11,2,824
12,2,879
13,2,654
14,2,161
15,2,583
16,2,689
17,2,534
18,2,405
19,2,747
20,2,600
21,2,581
22,2,121
23,2,219
24,2,696
25,2,942
26,2,792
27,2,571
28,2,1003
29,2,147
30,2,870
31,2,166
32,2,913
33,2,765
34,2,979
35,2,560
36,2,516
37,2,989
38,2,153
39,2,305
40,2,886
41,2,936
42,2,787
43,2,214
44,2,526
45,2,406
46,2,347
47,2,799
48,2,740
49,2,730
50,2,85
51,2,14
52,2,366
53,2,292
54,2,814
55,2,701
56,2,550
57,2,239
58,2,101
59,2,990
60,2,276
61,2,245
62,2,195
63,2,719
64,2,620
65,2,914
66,2,379
67,2,523
68,2,519
69,2,771
70,2,191
71,2,548
72,2,656
73,2,435
74,2,418
75,2,213
76,2,451
77,2,251
78,2,986
79,2,604
80,2,185
81,2,225
82,2,509
83,2,716
84,2,664
85,2,807
86,2,255
87,2,295
88,2,533
89,2,897
90,2,75
91,2,815
92,2,281
93,2,277
94,2,330
95,2,845
96,2,332
97,2,924
98,2,880
99,2,565
100,2,739
101,2,461
102,2,734
103,2,306
104,2,841
105,2,621
106,2,194
107,2,278
108,2,737
109,2,445
110,2,829
111,2,491
112,2,564
113,2,812
114,2,684
115,2,513
116,2,291
117,2,499
118,2,643
119,2,554
120,2,819
121,2,503
122,2,227
123,2,883
124,2,224
125,2,532
126,2,249
127,2,78
128,2,896
129,2,285
130,2,86
131,2,971
132,2,253
133,2,419
134,2,780
135,2,585
136,2,1020
137,2,266
138,2,87
139,2,877
140,2,202
141,2,957
142,2,319
143,2,178
144,2,173
145,2,984
146,2,578
147,2,252
148,2,206
149,2,340
150,2,316
151,2,485
152,2,369
153,2,763
154,2,561
155,2,77
156,2,609
157,2,724
158,2,837
159,2,536
160,2,466
161,2,827
162,2,725
163,2,259
164,2,410
165,2,428
166,2,525
167,2,589
168,2,242
169,2,869
170,2,622
171,2,663
172,2,444
173,2,399
174,2,624
175,2,557
176,2,289
177,2,836
178,2,749
179,2,122
180,2,976
181,2,828
182,2,440
183,2,23
184,2,329
185,2,237
186,2,794
187,2,88
188,2,646
189,2,844
190,2,104
191,2,476
192,2,721
193,2,385
194,2,618
195,2,777
196,2,102
197,2,873
198,2,930
199,2,368
200,2,820
201,2,338
202,2,602
203,2,106
204,2,688
205,2,70
206,2,422
207,2,325
208,2,629
209,2,378
210,2,172
211,2,697
212,2,263
213,2,119
214,2,475
215,2,55
216,2,1017
217,2,865
218,2,283
219,2,290
220,2,901
221,2,458
222,2,472
223,2,107
224,2,240
225,2,176
226,2,286
227,2,978
228,2,772
229,2,3
230,2,443
231,2,189
232,2,610
233,2,465
234,2,437
235,2,221
236,2,911
237,2,37
238,2,66
239,2,348
240,2,542
241,2,714
242,2,843
243,2,816
244,2,470
245,2,162
246,2,376
247,2,659
248,2,265
249,2,315
250,2,321
251,2,999
252,2,42
253,2,328
254,2,38
255,2,613
256,2,99
257,2,639
258,2,201
259,2,823
260,2,386
261,2,510
262,2,412
263,2,115
264,2,711
265,2,657
266,2,61
267,2,686
268,2,493
269,2,209
270,2,98
271,2,665
272,2,875
273,2,442
274,2,339
275,2,29
276,2,477
277,2,587
278,2,144
279,2,693
280,2,851
281,2,43
282,2,254
283,2,748
284,2,903
285,2,617
286,2,1008
287,2,433
288,2,770
289,2,798
290,2,940
291,2,294
292,2,606
293,2,345
294,2,432
295,2,751
296,2,409
297,2,535
298,2,28
299,2,135
300,2,212
301,2,118
302,2,234
303,2,909
304,2,114
305,2,947
306,2,426
307,2,40
308,2,331
309,2,136
310,2,944
311,2,205
312,2,569
313,2,661
314,2,326
315,2,529
316,2,93
317,2,506
318,2,590
319,2,973
320,2,203
321,2,222
322,2,441
323,2,683
324,2,73
325,2,272
326,2,323
327,2,874
328,2,370
329,2,134
330,2,649
331,2,733
332,2,967
333,2,65
334,2,977
335,2,916
336,2,204
337,2,471
338,2,256
339,2,862
340,2,605
341,2,454
342,2,54
343,2,744
344,2,669
345,2,838
346,2,94
347,2,776
348,2,746
349,2,1011
350,2,69
351,2,893
352,2,892
353,2,793
354,2,190
355,2,392
356,2,218
357,2,537
358,2,129
359,2,558
360,2,39
361,2,630
362,2,775
363,2,1012
364,2,210
365,2,1002
366,2,146
367,2,651
368,2,983
369,2,931
370,2,246
371,2,861
372,2,421
373,2,731
374,2,13
375,2,762
376,2,808
377,2,157
378,2,631
379,2,8
380,2,791
381,2,912
382,2,884
383,2,293
384,2,260
385,2,74
386,2,511
387,2,625
388,2,856
389,2,97
390,2,48
391,2,648
392,2,193
393,2,566
394,2,309
395,2,373
396,2,489
397,2,946
398,2,679
399,2,388
0,3,737
1,3,597
2,3,678
3,3,249
4,3,905
5,3,954
6,3,865
7,3,482
8,3,23
9,3,785
10,3,355
11,3,792
12,3,880
13,3,686
14,3,193
15,3,584
16,3,721
17,3,566
18,3,404
19,3,715
20,3,599
21,3,580
22,3,153
23,3,187
24,3,695
25,3,943
26,3,760
27,3,539
28,3,971
29,3,146
30,3,902
31,3,167
32,3,881
33,3,733
34,3,978
35,3,561
36,3,517
37,3,990
38,3,185
39,3,304
40,3,885
41,3,904
42,3,755
43,3,215
44,3,525
45,3,405
46,3,346
47,3,767
48,3,741
49,3,762
50,3,84
51,3,46
52,3,398
53,3,324
54,3,782
55,3,700
56,3,551
57,3,239
58,3,102
59,3,1022
60,3,308
61,3,277
62,3,227
63,3,751
64,3,652
65,3,913
66,3,378
67,3,524
68,3,520
69,3,772
70,3,223
71,3,516
72,3,655
73,3,435
74,3,386
75,3,214
76,3,483
77,3,250
78,3,985
79,3,603
80,3,217
81,3,257
82,3,508
83,3,716
84,3,632
85,3,808
86,3,287
87,3,263
88,3,565
89,3,897
90,3,107
91,3,814
92,3,280
93,3,278
94,3,362
95,3,813
96,3,333
97,3,923
98,3,848
99,3,564
100,3,771
101,3,460
102,3,734
103,3,338
104,3,842
105,3,620
106,3,195
107,3,246
108,3,705
109,3,444
110,3,797
111,3,490
112,3,532
113,3,812
114,3,684
115,3,481
116,3,291
117,3,467
118,3,642
119,3,555
120,3,818
121,3,471
122,3,259
123,3,882
124,3,224
125,3,531
126,3,281
127,3,110
128,3,864
129,3,253
130,3,85
131,3,972
132,3,221
133,3,451
134,3,779
135,3,553
136,3,1019
137,3,298
138,3,86
139,3,845
140,3,203
141,3,956
142,3,351
143,3,177
144,3,141
145,3,952
146,3,579
147,3,251
148,3,207
149,3,339
150,3,348
151,3,485
152,3,401
153,3,731
154,3,529
155,3,78
156,3,610
157,3,725
158,3,838
159,3,568
160,3,434
161,3,795
162,3,693
163,3,260
164,3,409
165,3,396
166,3,493
167,3,621
168,3,274
169,3,837
170,3,654
171,3,664
172,3,443
173,3,367
174,3,623
175,3,589
176,3,290
177,3,804
178,3,781
179,3,121
180,3,1008
181,3,827
182,3,472
183,3,24
184,3,297
185,3,238
186,3,793
187,3,56
188,3,614
189,3,843
190,3,104
191,3,475
192,3,720
193,3,417
194,3,618
195,3,778
196,3,134
197,3,874
198,3,898
199,3,336
200,3,821
201,3,370
202,3,601
203,3,105
204,3,656
205,3,38
206,3,454
207,3,293
208,3,630
209,3,377
210,3,173
211,3,698
212,3,231
213,3,118
214,3,474
215,3,54
216,3,1016
217,3,866
218,3,315
219,3,322
220,3,933
221,3,459
222,3,473
223,3,139
224,3,272
225,3,175
226,3,318
227,3,946
228,3,740
229,3,2
230,3,442
231,3,157
232,3,578
233,3,466
234,3,438
235,3,220
236,3,912
237,3,37
238,3,98
239,3,347
240,3,510
241,3,682
242,3,811
243,3,817
244,3,502
245,3,194
246,3,375
247,3,658
248,3,233
249,3,316
250,3,321
251,3,1000
252,3,43
253,3,329
254,3,39
255,3,581
256,3,100
257,3,671
258,3,200
259,3,822
260,3,354
261,3,511
262,3,412
263,3,116
264,3,743
265,3,625
266,3,62
267,3,685
268,3,461
269,3,241
270,3,130
271,3,633
272,3,876
273,3,410
274,3,371
275,3,28
276,3,445
277,3,586
278,3,145
279,3,694
280,3,852
281,3,75
282,3,255
283,3,747
284,3,903
285,3,585
286,3,1007
287,3,465
288,3,802
289,3,830
290,3,908
291,3,295
292,3,605
293,3,313
294,3,433
295,3,752
296,3,408
297,3,535
298,3,27
299,3,136
300,3,244
301,3,117
302,3,202
303,3,910
304,3,115
305,3,915
306,3,458
307,3,8
308,3,332
309,3,168
310,3,945
311,3,237
312,3,570
313,3,629
314,3,358
315,3,528
316,3,92
317,3,505
318,3,622
319,3,974
320,3,204
321,3,254
322,3,440
323,3,651
324,3,41
325,3,273
326,3,323
327,3,875
328,3,369
329,3,166
330,3,617
331,3,701
332,3,968
333,3,97
334,3,977
335,3,884
336,3,236
337,3,470
338,3,256
339,3,862
340,3,637
341,3,486
342,3,22
343,3,712
344,3,670
345,3,870
346,3,126
347,3,744
348,3,745
349,3,1010
350,3,70
351,3,861
352,3,891
353,3,825
354,3,222
355,3,424
356,3,219
357,3,569
358,3,161
359,3,559
360,3,40
361,3,662
362,3,807
363,3,1011
364,3,211
365,3,1003
366,3,178
367,3,619
368,3,982
369,3,930
370,3,245
371,3,829
372,3,420
373,3,730
374,3,45
375,3,794
376,3,809
377,3,156
378,3,663
379,3,9
380,3,790
381,3,944
382,3,883
383,3,294
384,3,292
385,3,106
386,3,479
387,3,626
388,3,888
389,3,129
390,3,49
391,3,680
392,3,225
393,3,598
394,3,310
395,3,374
396,3,457
397,3,914
398,3,647
399,3,356
0,4,705
1,4,565
2,4,679
3,4,281
4,4,906
5,4,954
6,4,864
7,4,483
8,4,24
9,4,753
10,4,387
11,4,760
12,4,848
13,4,687
14,4,225
15,4,616
16,4,721
17,4,566
18,4,403
19,4,683
20,4,598
21,4,548
22,4,185
23,4,186
24,4,694
25,4,944
26,4,728
27,4,540
28,4,970
29,4,178
30,4,903
31,4,199
32,4,849
33,4,701
34,4,977
35,4,529
36,4,518
37,4,958
38,4,217
39,4,303
40,4,884
41,4,905
42,4,723
43,4,214
44,4,493
45,4,404
46,4,345
47,4,735
48,4,742
49,4,794
50,4,85
51,4,78
52,4,430
53,4,356
54,4,781
55,4,732
56,4,552
57,4,207
58,4,103
59,4,1021
60,4,307
61,4,278
62,4,259
63,4,783
64,4,651
65,4,945
66,4,377
67,4,524
68,4,520
69,4,740
70,4,255
71,4,517
72,4,655
73,4,467
74,4,354
75,4,246
76,4,515
77,4,218
78,4,984
79,4,602
80,4,249
81,4,289
82,4,507
83,4,715
84,4,600
85,4,809
86,4,319
87,4,264
88,4,564
89,4,865
90,4,139
91,4,782
92,4,312
93,4,279
94,4,394
95,4,814
96,4,334
97,4,922
98,4,816
99,4,563
100,4,803
101,4,459
102,4,733
103,4,370
104,4,843
105,4,619
106,4,163
107,4,245
108,4,673
109,4,443
110,4,796
111,4,522
112,4,533
113,4,812
114,4,652
115,4,482
116,4,292
117,4,466
118,4,610
119,4,556
120,4,817
121,4,470
122,4,291
123,4,881
124,4,224
125,4,499
126,4,280
127,4,109
128,4,832
129,4,221
130,4,117
131,4,973
132,4,189
133,4,451
134,4,747
135,4,521
136,4,1018
137,4,330
138,4,86
139,4,813
140,4,204
141,4,924
142,4,351
143,4,145
144,4,141
145,4,920
146,4,580
147,4,250
148,4,208
149,4,338
150,4,380
151,4,485
152,4,433
153,4,731
154,4,497
155,4,110
156,4,578
157,4,757
158,4,839
159,4,567
160,4,434
161,4,763
162,4,661
163,4,228
164,4,408
165,4,364
166,4,461
167,4,620
168,4,306
169,4,838
170,4,653
171,4,665
172,4,442
173,4,366
174,4,622
175,4,590
176,4,290
177,4,805
178,4,780
179,4,120
180,4,1007
181,4,859
182,4,471
183,4,56
184,4,265
185,4,239
186,4,792
187,4,55
188,4,613
189,4,811
190,4,136
191,4,474
192,4,719
193,4,449
194,4,617
195,4,778
196,4,135
197,4,875
198,4,866
199,4,304
200,4,820
201,4,402
202,4,633
203,4,104
204,4,624
205,4,6
206,4,486
207,4,261
208,4,631
209,4,409
210,4,173
211,4,699
212,4,230
213,4,118
214,4,473
215,4,22
216,4,1016
217,4,834
218,4,347
219,4,322
220,4,934
221,4,458
222,4,441
223,4,171
224,4,273
225,4,174
226,4,350
227,4,947
228,4,741
229,4,34
230,4,410
231,4,156
232,4,546
233,4,498
234,4,439
235,4,188
236,4,913
237,4,37
238,4,130
239,4,346
240,4,509
241,4,682
242,4,779
243,4,785
244,4,534
245,4,226
246,4,374
247,4,657
248,4,234
249,4,317
250,4,321
251,4,1001
252,4,44
253,4,297
254,4,38
255,4,549
256,4,101
257,4,670
258,4,168
259,4,821
260,4,353
261,4,510
262,4,412
263,4,84
264,4,744
265,4,625
266,4,94
267,4,685
268,4,429
269,4,242
270,4,162
271,4,632
272,4,844
273,4,378
274,4,371
275,4,27
276,4,444
277,4,554
278,4,146
279,4,662
280,4,851
281,4,74
282,4,254
283,4,746
284,4,935
285,4,553
286,4,1006
287,4,464
288,4,802
289,4,830
290,4,876
291,4,263
292,4,604
293,4,313
294,4,465
295,4,720
296,4,407
297,4,535
298,4,59
299,4,137
300,4,243
301,4,116
302,4,170
303,4,911
304,4,147
305,4,883
306,4,490
307,4,40
308,4,333
309,4,167
310,4,946
311,4,269
312,4,538
313,4,628
314,4,390
315,4,560
316,4,124
317,4,504
318,4,654
319,4,942
320,4,205
321,4,286
322,4,472
323,4,650
324,4,9
325,4,241
326,4,323
327,4,907
328,4,368
329,4,165
330,4,585
331,4,669
332,4,969
333,4,129
334,4,1009
335,4,852
336,4,235
337,4,438
338,4,256
339,4,862
340,4,637
341,4,487
342,4,23
343,4,711
344,4,638
345,4,902
346,4,158
347,4,745
348,4,777
349,4,978
350,4,102
351,4,829
352,4,890
353,4,824
354,4,222
355,4,423
356,4,220
357,4,601
358,4,193
359,4,527
360,4,39
361,4,630
362,4,808
363,4,979
364,4,212
365,4,1004
366,4,210
367,4,587
368,4,981
369,4,898
370,4,244
371,4,828
372,4,388
373,4,698
374,4,45
375,4,826
376,4,810
377,4,155
378,4,695
379,4,8
380,4,758
381,4,912
382,4,882
383,4,326
384,4,324
385,4,107
386,4,511
387,4,627
388,4,889
389,4,161
390,4,50
391,4,712
392,4,257
393,4,597
394,4,311
395,4,342
396,4,457
397,4,914
398,4,615
399,4,357
0,5,706
1,5,533
2,5,647
3,5,280
4,5,907
5,5,954
6,5,896
7,5,484
8,5,23
9,5,721
10,5,419
11,5,728
12,5,849
13,5,688
14,5,257
15,5,584
16,5,720
17,5,598
18,5,402
19,5,651
20,5,597
21,5,547
22,5,217
23,5,185
24,5,693
25,5,945
26,5,696
27,5,540
28,5,1002
29,5,177
30,5,904
31,5,199
32,5,850
33,5,669
34,5,976
35,5,529
36,5,518
37,5,926
38,5,249
39,5,302
40,5,883
41,5,906
42,5,691
43,5,214
44,5,461
45,5,436
46,5,377
47,5,734
48,5,710
49,5,794
50,5,84
51,5,110
52,5,430
53,5,388
54,5,780
55,5,733
56,5,552
57,5,239
58,5,104
59,5,1020
60,5,306
61,5,310
62,5,291
63,5,783
64,5,650
65,5,913
66,5,376
67,5,556
68,5,520
69,5,741
70,5,254
71,5,485
72,5,623
73,5,499
74,5,355
75,5,278
76,5,516
77,5,218
78,5,983
79,5,601
80,5,281
81,5,321
82,5,506
83,5,714
84,5,568
85,5,777
86,5,351
87,5,263
88,5,596
89,5,866
90,5,171
91,5,750
92,5,344
93,5,311
94,5,426
95,5,815
96,5,335
97,5,890
98,5,784
99,5,562
100,5,835
101,5,458
102,5,701
103,5,369
104,5,843
105,5,619
106,5,131
107,5,213
108,5,641
109,5,442
110,5,795
111,5,521
112,5,501
113,5,813
114,5,684
115,5,450
116,5,260
117,5,467
118,5,578
119,5,557
120,5,816
121,5,469
122,5,323
123,5,880
124,5,224
125,5,498
126,5,279
127,5,108
128,5,800
129,5,220
130,5,149
131,5,974
132,5,188
133,5,483
134,5,715
135,5,489
136,5,1017
137,5,362
138,5,85
139,5,781
140,5,172
141,5,923
142,5,350
143,5,146
144,5,141
145,5,888
146,5,612
147,5,250
148,5,209
149,5,339
150,5,412
151,5,486
152,5,465
153,5,699
154,5,496
155,5,142
156,5,546
157,5,725
158,5,840
159,5,566
160,5,433
161,5,731
162,5,629
163,5,227
164,5,407
165,5,363
166,5,462
167,5,652
168,5,338
169,5,839
170,5,654
171,5,665
172,5,441
173,5,366
174,5,621
175,5,622
176,5,290
177,5,806
178,5,812
179,5,119
180,5,1007
181,5,858
182,5,503
183,5,88
184,5,264
185,5,240
186,5,791
187,5,54
188,5,581
189,5,779
190,5,137
191,5,474
192,5,687
193,5,481
194,5,616
195,5,810
196,5,167
197,5,876
198,5,834
199,5,304
200,5,821
201,5,434
202,5,632
203,5,136
204,5,592
205,5,5
206,5,487
207,5,261
208,5,599
209,5,408
210,5,205
211,5,667
212,5,229
213,5,117
214,5,473
215,5,21
216,5,984
217,5,802
218,5,346
219,5,354
220,5,966
221,5,490
222,5,409
223,5,203
224,5,305
225,5,173
226,5,382
227,5,948
228,5,709
229,5,66
230,5,378
231,5,124
232,5,514
233,5,497
234,5,440
235,5,187
236,5,914
237,5,37
238,5,162
239,5,345
240,5,508
241,5,683
242,5,747
243,5,817
244,5,534
245,5,225
246,5,373
247,5,656
248,5,235
249,5,317
250,5,322
251,5,1001
252,5,45
253,5,265
254,5,6
255,5,548
256,5,102
257,5,671
258,5,168
259,5,822
260,5,352
261,5,542
262,5,444
263,5,116
264,5,745
265,5,624
266,5,95
267,5,653
268,5,428
269,5,274
270,5,194
271,5,631
272,5,845
273,5,379
274,5,370
275,5,59
276,5,443
277,5,586
278,5,147
279,5,663
280,5,852
281,5,73
282,5,222
283,5,778
284,5,934
285,5,554
286,5,1006
287,5,464
288,5,803
289,5,829
290,5,844
291,5,231
292,5,603
293,5,313
294,5,466
295,5,752
296,5,406
297,5,535
298,5,91
299,5,138
300,5,211
301,5,115
302,5,170
303,5,879
304,5,148
305,5,851
306,5,522
307,5,39
308,5,334
309,5,166
310,5,946
311,5,301
312,5,539
313,5,627
314,5,422
315,5,559
316,5,123
317,5,472
318,5,655
319,5,943
320,5,206
321,5,318
322,5,471
323,5,618
324,5,8
325,5,241
326,5,324
327,5,908
328,5,336
329,5,197
330,5,553
331,5,670
332,5,970
333,5,161
334,5,1010
335,5,820
336,5,267
337,5,437
338,5,256
339,5,830
340,5,637
341,5,519
342,5,22
343,5,679
344,5,606
345,5,903
346,5,190
347,5,746
348,5,776
349,5,977
350,5,103
351,5,797
352,5,889
353,5,823
354,5,221
355,5,423
356,5,252
357,5,633
358,5,193
359,5,528
360,5,38
361,5,630
362,5,809
363,5,947
364,5,244
365,5,1005
366,5,242
367,5,588
368,5,980
369,5,897
370,5,243
371,5,827
372,5,387
373,5,697
374,5,13
375,5,826
376,5,811
377,5,154
378,5,694
379,5,40
380,5,757
381,5,911
382,5,881
383,5,358
384,5,356
385,5,139
386,5,510
387,5,659
388,5,921
389,5,160
390,5,51
391,5,744
392,5,289
393,5,565
394,5,312
395,5,343
396,5,457
397,5,882
398,5,583
399,5,325
0,6,707
1,6,501
2,6,615
3,6,279
4,6,908
5,6,954
6,6,928
7,6,485
8,6,23
9,6,720
10,6,451
11,6,696
12,6,850
13,6,689
14,6,289
15,6,616
16,6,719
17,6,630
18,6,434
19,6,619
20,6,596
21,6,515
22,6,249
23,6,184
24,6,692
25,6,913
26,6,664
27,6,508
28,6,970
29,6,176
30,6,905
31,6,231
32,6,882
33,6,670
34,6,944
35,6,529
36,6,519
37,6,894
38,6,281
39,6,302
40,6,883
41,6,907
42,6,691
43,6,213
44,6,429
45,6,435
46,6,377
47,6,733
48,6,711
49,6,795
50,6,116
51,6,142
52,6,431
53,6,420
54,6,780
55,6,765
56,6,553
57,6,238
58,6,105
59,6,1019
60,6,338
61,6,311
62,6,323
63,6,782
64,6,682
65,6,912
66,6,408
67,6,588
68,6,552
69,6,742
70,6,286
71,6,486
72,6,622
73,6,531
74,6,356
75,6,310
76,6,548
77,6,217
78,6,982
79,6,600
80,6,313
81,6,353
82,6,505
83,6,713
84,6,569
85,6,745
86,6,350
87,6,264
88,6,628
89,6,834
90,6,203
91,6,750
92,6,376
93,6,343
94,6,458
95,6,783
96,6,303
97,6,889
98,6,752
99,6,561
100,6,836
101,6,457
102,6,700
103,6,368
104,6,844
105,6,618
106,6,132
107,6,212
108,6,609
109,6,441
110,6,763
111,6,520
112,6,502
113,6,814
114,6,685
115,6,450
116,6,228
117,6,468
118,6,546
119,6,558
120,6,815
121,6,437
122,6,355
123,6,879
124,6,224
125,6,499
126,6,278
127,6,107
128,6,768
129,6,219
130,6,181
131,6,942
132,6,187
133,6,484
134,6,683
135,6,490
136,6,1016
137,6,394
138,6,84
139,6,749
140,6,204
141,6,922
142,6,382
143,6,114
144,6,173
145,6,856
146,6,613
147,6,218
148,6,177
149,6,307
150,6,444
151,6,518
152,6,497
153,6,667
154,6,464
155,6,174
156,6,514
157,6,693
158,6,841
159,6,565
160,6,401
161,6,730
162,6,597
163,6,195
164,6,406
165,6,362
166,6,430
167,6,684
168,6,370
169,6,840
170,6,653
171,6,666
172,6,409
173,6,334
174,6,620
175,6,654
176,6,291
177,6,807
178,6,811
179,6,118
180,6,1007
181,6,890
182,6,535
183,6,89
184,6,265
185,6,272
186,6,790
187,6,55
188,6,580
189,6,778
190,6,138
191,6,474
192,6,655
193,6,513
194,6,648
195,6,842
196,6,199
197,6,877
198,6,802
199,6,304
200,6,820
201,6,466
202,6,632
203,6,135
204,6,560
205,6,4
206,6,487
207,6,260
208,6,567
209,6,440
210,6,206
211,6,668
212,6,261
213,6,85
214,6,473
215,6,20
216,6,983
217,6,770
218,6,378
219,6,386
220,6,967
221,6,491
222,6,410
223,6,235
224,6,305
225,6,172
226,6,414
227,6,949
228,6,677
229,6,98
230,6,379
231,6,92
232,6,482
233,6,498
234,6,472
235,6,155
236,6,915
237,6,5
238,6,194
239,6,345
240,6,507
241,6,651
242,6,715
243,6,818
244,6,533
245,6,257
246,6,405
247,6,624
248,6,236
249,6,316
250,6,322
251,6,1002
252,6,46
253,6,233
254,6,6
255,6,547
256,6,103
257,6,639
258,6,167
259,6,821
260,6,320
261,6,574
262,6,476
263,6,117
264,6,746
265,6,623
266,6,127
267,6,621
268,6,396
269,6,306
270,6,226
271,6,599
272,6,813
273,6,380
274,6,369
275,6,91
276,6,442
277,6,585
278,6,148
279,6,695
280,6,884
281,6,73
282,6,221
283,6,777
284,6,933
285,6,555
286,6,974
287,6,465
288,6,804
289,6,828
290,6,812
291,6,230
292,6,602
293,6,312
294,6,467
295,6,753
296,6,438
297,6,536
298,6,123
299,6,139
300,6,210
301,6,147
302,6,170
303,6,847
304,6,149
305,6,819
306,6,554
307,6,38
308,6,335
309,6,165
310,6,914
311,6,333
312,6,540
313,6,626
314,6,454
315,6,559
316,6,122
317,6,471
318,6,656
319,6,911
320,6,207
321,6,317
322,6,503
323,6,586
324,6,8
325,6,240
326,6,325
327,6,876
328,6,336
329,6,229
330,6,521
331,6,671
332,6,971
333,6,193
334,6,1011
335,6,788
336,6,266
337,6,436
338,6,256
339,6,831
340,6,669
341,6,551
342,6,54
343,6,678
344,6,606
345,6,935
346,6,222
347,6,747
348,6,775
349,6,976
350,6,104
351,6,798
352,6,888
353,6,822
354,6,253
355,6,422
356,6,284
357,6,665
358,6,225
359,6,496
360,6,37
361,6,629
362,6,810
363,6,947
364,6,276
365,6,1006
366,6,274
367,6,589
368,6,979
369,6,896
370,6,211
371,6,859
372,6,387
373,6,697
374,6,45
375,6,826
376,6,779
377,6,153
378,6,694
379,6,39
380,6,725
381,6,910
382,6,880
383,6,390
384,6,388
385,6,140
386,6,509
387,6,660
388,6,921
389,6,161
390,6,52
391,6,776
392,6,321
393,6,564
394,6,344
395,6,375
396,6,489
397,6,881
398,6,584
399,6,293
0,7,708
1,7,501
2,7,583
3,7,311
4,7,876
5,7,954
6,7,960
7,7,486
8,7,55
9,7,688
10,7,451
11,7,664
12,7,851
13,7,721
14,7,321
15,7,616
16,7,751
17,7,629
18,7,466
19,7,587
20,7,595
21,7,483
22,7,281
23,7,183
24,7,691
25,7,881
26,7,632
27,7,509
28,7,969
29,7,176
30,7,873
31,7,263
32,7,914
33,7,671
34,7,943
35,7,561
36,7,551
37,7,862
38,7,280
39,7,334
40,7,882
41,7,908
42,7,659
43,7,212
44,7,428
45,7,467
46,7,409
47,7,701
48,7,712
49,7,796
50,7,115
51,7,174
52,7,430
53,7,421
54,7,779
55,7,797
56,7,554
57,7,238
58,7,106
59,7,1018
60,7,370
61,7,312
62,7,355
63,7,783
64,7,714
65,7,911
66,7,407
67,7,620
68,7,520
69,7,742
70,7,318
71,7,454
72,7,621
73,7,563
74,7,324
75,7,310
76,7,549
77,7,216
78,7,981
79,7,599
80,7,345
81,7,385
82,7,473
83,7,681
84,7,537
85,7,746
86,7,382
87,7,265
88,7,660
89,7,802
90,7,235
91,7,749
92,7,375
93,7,342
94,7,490
95,7,784
96,7,303
97,7,888
98,7,720
99,7,562
100,7,837
101,7,458
102,7,699
103,7,367
104,7,845
105,7,617
106,7,133
107,7,211
108,7,610
109,7,440
110,7,731
111,7,519
112,7,470
113,7,815
114,7,685
115,7,449
116,7,229
117,7,436
118,7,514
119,7,559
120,7,847
121,7,469
122,7,387
123,7,878
124,7,224
125,7,531
126,7,246
127,7,139
128,7,769
129,7,218
130,7,213
131,7,942
132,7,186
133,7,485
134,7,651
135,7,491
136,7,984
137,7,426
138,7,52
139,7,717
140,7,205
141,7,890
142,7,414
143,7,114
144,7,173
145,7,855
146,7,614
147,7,217
148,7,178
149,7,307
150,7,476
151,7,550
152,7,529
153,7,635
154,7,432
155,7,175
156,7,482
157,7,725
158,7,842
159,7,564
160,7,400
161,7,730
162,7,565
163,7,163
164,7,405
165,7,361
166,7,398
167,7,716
168,7,369
169,7,841
170,7,653
171,7,698
172,7,408
173,7,333
174,7,652
175,7,686
176,7,259
177,7,775
178,7,812
179,7,117
180,7,1008
181,7,889
182,7,567
183,7,89
184,7,297
185,7,273
186,7,822
187,7,54
188,7,548
189,7,777
190,7,138
191,7,442
192,7,654
193,7,545
194,7,647
195,7,874
196,7,231
197,7,877
198,7,770
199,7,272
200,7,819
201,7,498
202,7,631
203,7,134
204,7,528
205,7,36
206,7,487
207,7,228
208,7,568
209,7,472
210,7,207
211,7,667
212,7,293
213,7,84
214,7,474
215,7,19
216,7,982
217,7,771
218,7,377
219,7,418
220,7,968
221,7,459
222,7,410
223,7,267
224,7,305
225,7,171
226,7,413
227,7,949
228,7,645
229,7,130
230,7,347
231,7,60
232,7,450
233,7,499
234,7,504
235,7,187
236,7,916
237,7,5
238,7,226
239,7,344
240,7,506
241,7,619
242,7,683
243,7,818
244,7,532
245,7,289
246,7,404
247,7,623
248,7,237
249,7,317
250,7,323
251,7,1003
252,7,47
253,7,234
254,7,6
255,7,515
256,7,104
257,7,638
258,7,166
259,7,820
260,7,288
261,7,606
262,7,508
263,7,85
264,7,778
265,7,622
266,7,127
267,7,589
268,7,364
269,7,338
270,7,227
271,7,598
272,7,814
273,7,348
274,7,368
275,7,123
276,7,441
277,7,553
278,7,149
279,7,727
280,7,885
281,7,73
282,7,220
283,7,809
284,7,932
285,7,523
286,7,973
287,7,497
288,7,805
289,7,827
290,7,780
291,7,230
292,7,601
293,7,313
294,7,468
295,7,754
296,7,437
297,7,536
298,7,122
299,7,140
300,7,209
301,7,146
302,7,170
303,7,848
304,7,150
305,7,787
306,7,586
307,7,37
308,7,336
309,7,197
310,7,913
311,7,332
312,7,540
313,7,594
314,7,453
315,7,560
316,7,154
317,7,439
318,7,657
319,7,910
320,7,208
321,7,349
322,7,535
323,7,618
324,7,8
325,7,239
326,7,326
327,7,844
328,7,304
329,7,261
330,7,489
331,7,639
332,7,972
333,7,225
334,7,1012
335,7,788
336,7,266
337,7,435
338,7,256
339,7,799
340,7,668
341,7,552
342,7,86
343,7,646
344,7,607
345,7,936
346,7,254
347,7,715
348,7,743
349,7,976
350,7,105
351,7,766
352,7,887
353,7,821
354,7,285
355,7,423
356,7,316
357,7,666
358,7,257
359,7,496
360,7,69
361,7,628
362,7,811
363,7,915
364,7,308
365,7,1007
366,7,306
367,7,557
368,7,978
369,7,864
370,7,210
371,7,858
372,7,388
373,7,696
374,7,45
375,7,826
376,7,747
377,7,121
378,7,693
379,7,38
380,7,724
381,7,909
382,7,879
383,7,422
384,7,420
385,7,141
386,7,541
387,7,661
388,7,922
389,7,193
390,7,20
391,7,808
392,7,353
393,7,596
394,7,376
395,7,343
396,7,457
397,7,880
398,7,585
399,7,294
0,8,709
1,8,501
2,8,584
3,8,310
4,8,844
5,8,954
6,8,961
7,8,487
8,8,87
9,8,656
10,8,451
11,8,632
12,8,819
13,8,753
14,8,353
15,8,615
16,8,752
17,8,628
18,8,498
19,8,588
20,8,594
21,8,482
22,8,280
23,8,183
24,8,690
25,8,849
26,8,600
27,8,477
28,8,1001
29,8,208
30,8,841
31,8,264
32,8,915
33,8,639
34,8,942
35,8,529
36,8,552
37,8,830
38,8,312
39,8,366
40,8,881
41,8,876
42,8,627
43,8,212
44,8,396
45,8,466
46,8,408
47,8,669
48,8,713
49,8,797
50,8,147
51,8,175
52,8,462
53,8,453
54,8,811
55,8,829
56,8,555
57,8,237
58,8,107
59,8,1017
60,8,369
61,8,344
62,8,387
63,8,783
64,8,746
65,8,943
66,8,406
67,8,652
68,8,521
69,8,743
70,8,317
71,8,486
72,8,620
73,8,563
74,8,325
75,8,342
76,8,581
77,8,215
78,8,980
79,8,598
80,8,345
81,8,417
82,8,441
83,8,680
84,8,505
85,8,747
86,8,414
87,8,233
88,8,659
89,8,770
90,8,267
91,8,717
92,8,407
93,8,374
94,8,522
95,8,785
96,8,303
97,8,887
98,8,688
99,8,561
100,8,838
101,8,457
102,8,731
103,8,399
104,8,813
105,8,616
106,8,101
107,8,211
108,8,578
109,8,472
110,8,730
111,8,518
112,8,438
113,8,814
114,8,653
115,8,449
116,8,197
117,8,435
118,8,513
119,8,560
120,8,815
121,8,470
122,8,419
123,8,877
124,8,224
125,8,531
126,8,214
127,8,171
128,8,737
129,8,217
130,8,245
131,8,910
132,8,185
133,8,517
134,8,619
135,8,459
136,8,983
137,8,458
138,8,51
139,8,685
140,8,206
141,8,858
142,8,413
143,8,114
144,8,173
145,8,823
146,8,646
147,8,216
148,8,179
149,8,306
150,8,508
151,8,550
152,8,497
153,8,603
154,8,432
155,8,176
156,8,450
157,8,757
158,8,843
159,8,564
160,8,400
161,8,698
162,8,533
163,8,131
164,8,404
165,8,329
166,8,398
167,8,715
168,8,368
169,8,842
170,8,621
171,8,666
172,8,376
173,8,332
174,8,684
175,8,687
176,8,227
177,8,776
178,8,780
179,8,116
180,8,976
181,8,921
182,8,566
183,8,121
184,8,297
185,8,274
186,8,821
187,8,22
188,8,547
189,8,745
190,8,139
191,8,442
192,8,622
193,8,546
194,8,647
195,8,906
196,8,263
197,8,909
198,8,738
199,8,273
200,8,787
201,8,499
202,8,630
203,8,133
204,8,496
205,8,36
206,8,519
207,8,229
208,8,569
209,8,471
210,8,207
211,8,699
212,8,292
213,8,52
214,8,473
215,8,19
216,8,1014
217,8,772
218,8,409
219,8,386
220,8,969
221,8,460
222,8,378
223,8,299
224,8,305
225,8,170
226,8,445
227,8,981
228,8,613
229,8,162
230,8,315
231,8,28
232,8,418
233,8,467
234,8,536
235,8,187
236,8,884
237,8,6
238,8,225
239,8,343
240,8,474
241,8,587
242,8,651
243,8,818
244,8,532
245,8,321
246,8,436
247,8,623
248,8,205
249,8,316
250,8,324
251,8,1004
252,8,48
253,8,235
254,8,38
255,8,483
256,8,105
257,8,670
258,8,134
259,8,852
260,8,288
261,8,605
262,8,509
263,8,86
264,8,810
265,8,590
266,8,127
267,8,557
268,8,363
269,8,370
270,8,228
271,8,597
272,8,782
273,8,349
274,8,367
275,8,155
276,8,440
277,8,585
278,8,181
279,8,728
280,8,885
281,8,73
282,8,219
283,8,808
284,8,931
285,8,491
286,8,1005
287,8,465
288,8,806
289,8,826
290,8,748
291,8,231
292,8,633
293,8,281
294,8,469
295,8,722
296,8,437
297,8,535
298,8,122
299,8,108
300,8,241
301,8,178
302,8,138
303,8,816
304,8,151
305,8,755
306,8,618
307,8,69
308,8,304
309,8,165
310,8,914
311,8,364
312,8,539
313,8,562
314,8,485
315,8,592
316,8,153
317,8,439
318,8,658
319,8,911
320,8,209
321,8,381
322,8,534
323,8,617
324,8,8
325,8,238
326,8,327
327,8,845
328,8,272
329,8,293
330,8,490
331,8,607
332,8,973
333,8,257
334,8,1013
335,8,788
336,8,265
337,8,403
338,8,256
339,8,767
340,8,700
341,8,553
342,8,118
343,8,645
344,8,575
345,8,968
346,8,286
347,8,683
348,8,775
349,8,977
350,8,106
351,8,734
352,8,886
353,8,820
354,8,284
355,8,422
356,8,348
357,8,667
358,8,289
359,8,464
360,8,68
361,8,596
362,8,812
363,8,883
364,8,309
365,8,1008
366,8,338
367,8,558
368,8,946
369,8,832
370,8,210
371,8,859
372,8,356
373,8,695
374,8,45
375,8,825
376,8,779
377,8,120
378,8,692
379,8,37
380,8,723
381,8,908
382,8,878
383,8,454
384,8,421
385,8,142
386,8,540
387,8,662
388,8,923
389,8,193
390,8,21
391,8,840
392,8,385
393,8,595
394,8,377
395,8,375
396,8,489
397,8,879
398,8,586
399,8,295
0,9,677
1,9,469
2,9,585
3,9,342
4,9,845
5,9,954
6,9,962
7,9,519
8,9,119
9,9,624
10,9,483
11,9,600
12,9,787
13,9,754
14,9,385
15,9,616
16,9,752
17,9,660
18,9,497
19,9,589
20,9,562
21,9,481
22,9,312
23,9,215
24,9,689
25,9,850
26,9,568
27,9,476
28,9,1000
29,9,176
30,9,809
31,9,263
32,9,947
33,9,607
34,9,941
35,9,529
36,9,520
37,9,798
38,9,344
39,9,398
40,9,880
41,9,844
42,9,628
43,9,212
44,9,364
45,9,498
46,9,408
47,9,670
48,9,714
49,9,765
50,9,146
51,9,207
52,9,494
53,9,454
54,9,810
55,9,861
56,9,556
57,9,205
58,9,139
59,9,1016
60,9,368
61,9,345
62,9,419
63,9,783
64,9,778
65,9,942
66,9,405
67,9,684
68,9,522
69,9,744
70,9,349
71,9,485
72,9,652
73,9,563
74,9,326
75,9,374
76,9,580
77,9,214
78,9,979
79,9,597
80,9,377
81,9,449
82,9,440
83,9,679
84,9,506
85,9,748
86,9,413
87,9,234
88,9,658
89,9,738
90,9,299
91,9,685
92,9,407
93,9,375
94,9,523
95,9,817
96,9,303
97,9,887
98,9,656
99,9,560
100,9,839
101,9,489
102,9,730
103,9,431
104,9,814
105,9,648
106,9,102
107,9,211
108,9,546
109,9,471
110,9,698
111,9,550
112,9,406
113,9,815
114,9,621
115,9,450
116,9,165
117,9,403
118,9,513
119,9,528
120,9,847
121,9,502
122,9,451
123,9,876
124,9,224
125,9,532
126,9,213
127,9,170
128,9,705
129,9,216
130,9,277
131,9,911
132,9,153
133,9,518
134,9,587
135,9,460
136,9,982
137,9,490
138,9,50
139,9,653
140,9,206
141,9,857
142,9,445
143,9,114
144,9,172
145,9,791
146,9,647
147,9,184
148,9,147
149,9,274
150,9,509
151,9,549
152,9,465
153,9,571
154,9,432
155,9,144
156,9,418
157,9,758
158,9,811
159,9,564
160,9,400
161,9,666
162,9,501
163,9,130
164,9,404
165,9,297
166,9,430
167,9,747
168,9,367
169,9,843
170,9,622
171,9,665
172,9,376
173,9,333
174,9,683
175,9,719
176,9,195
177,9,777
178,9,781
179,9,115
180,9,1008
181,9,921
182,9,565
183,9,122
184,9,265
185,9,273
186,9,820
187,9,54
188,9,515
189,9,745
190,9,140
191,9,474
192,9,590
193,9,547
194,9,615
195,9,938
196,9,295
197,9,910
198,9,739
199,9,305
200,9,755
201,9,531
202,9,629
203,9,132
204,9,464
205,9,37
206,9,551
207,9,230
208,9,570
209,9,503
210,9,208
211,9,700
212,9,324
213,9,52
214,9,472
215,9,51
216,9,1014
217,9,772
218,9,441
219,9,387
220,9,970
221,9,428
222,9,379
223,9,331
224,9,306
225,9,202
226,9,477
227,9,949
228,9,581
229,9,194
230,9,283
231,9,27
232,9,386
233,9,468
234,9,536
235,9,219
236,9,885
237,9,38
238,9,257
239,9,311
240,9,473
241,9,588
242,9,619
243,9,818
244,9,533
245,9,353
246,9,435
247,9,623
248,9,173
249,9,317
250,9,323
251,9,972
252,9,49
253,9,236
254,9,39
255,9,482
256,9,106
257,9,671
258,9,133
259,9,884
260,9,288
261,9,604
262,9,541
263,9,87
264,9,842
265,9,558
266,9,127
267,9,525
268,9,362
269,9,402
270,9,260
271,9,596
272,9,750
273,9,350
274,9,399
275,9,187
276,9,439
277,9,553
278,9,181
279,9,760
280,9,886
281,9,105
282,9,218
283,9,807
284,9,930
285,9,459
286,9,1004
287,9,466
288,9,838
289,9,825
290,9,716
291,9,199
292,9,632
293,9,280
294,9,470
295,9,690
296,9,436
297,9,535
298,9,154
299,9,109
300,9,240
301,9,177
302,9,138
303,9,784
304,9,183
305,9,723
306,9,650
307,9,68
308,9,304
309,9,164
310,9,882
311,9,332
312,9,507
313,9,561
314,9,517
315,9,592
316,9,121
317,9,438
318,9,626
319,9,879
320,9,210
321,9,381
322,9,566
323,9,618
324,9,8
325,9,237
326,9,328
327,9,813
328,9,272
329,9,325
330,9,491
331,9,575
332,9,974
333,9,289
334,9,981
335,9,788
336,9,264
337,9,371
338,9,256
339,9,735
340,9,732
341,9,554
342,9,117
343,9,613
344,9,574
345,9,969
346,9,318
347,9,651
348,9,743
349,9,976
350,9,107
351,9,733
352,9,854
353,9,819
354,9,316
355,9,421
356,9,380
357,9,699
358,9,321
359,9,463
360,9,100
361,9,595
362,9,812
363,9,851
364,9,310
365,9,1009
366,9,370
367,9,559
368,9,945
369,9,800
370,9,178
371,9,858
372,9,357
373,9,694
374,9,45
375,9,793
376,9,780
377,9,88
378,9,691
379,9,69
380,9,722
381,9,907
382,9,877
383,9,486
384,9,453
385,9,174
386,9,539
387,9,663
388,9,924
389,9,225
390,9,22
391,9,872
392,9,417
393,9,594
394,9,409
395,9,343
396,9,521
397,9,878
398,9,586
399,9,327
0,10,645
1,10,470
2,10,586
3,10,341
4,10,813
5,10,954
6,10,963
7,10,520
8,10,151
9,10,623
10,10,484
11,10,568
12,10,755
13,10,786
14,10,417
15,10,617
16,10,753
17,10,659
18,10,529
19,10,590
20,10,562
21,10,480
22,10,280
23,10,214
24,10,688
25,10,851
26,10,536
27,10,444
28,10,968
29,10,175
30,10,810
31,10,295
32,10,948
33,10,575
34,10,940
35,10,528
36,10,521
37,10,766
38,10,376
39,10,366
40,10,879
41,10,845
42,10,660
43,10,244
44,10,363
45,10,497
46,10,440
47,10,671
48,10,715
49,10,765
50,10,178
51,10,208
52,10,494
53,10,454
54,10,842
55,10,893
56,10,557
57,10,204
58,10,140
59,10,984
60,10,367
61,10,346
62,10,451
63,10,783
64,10,746
65,10,941
66,10,404
67,10,685
68,10,523
69,10,745
70,10,348
71,10,486
72,10,651
73,10,563
74,10,327
75,10,373
76,10,612
77,10,213
78,10,978
79,10,629
80,10,377
81,10,481
82,10,439
83,10,678
84,10,474
85,10,749
86,10,445
87,10,235
88,10,657
89,10,739
90,10,331
91,10,653
92,10,406
93,10,343
94,10,524
95,10,849
96,10,303
97,10,855
98,10,624
99,10,559
100,10,840
101,10,457
102,10,698
103,10,430
104,10,782
105,10,647
106,10,103
107,10,243
108,10,514
109,10,503
110,10,666
111,10,518
112,10,374
113,10,816
114,10,589
115,10,418
116,10,166
117,10,402
118,10,513
119,10,560
120,10,815
121,10,501
122,10,483
123,10,908
124,10,225
125,10,533
126,10,212
127,10,202
128,10,706
129,10,215
130,10,309
131,10,912
132,10,121
133,10,519
134,10,588
135,10,428
136,10,981
137,10,522
138,10,51
139,10,621
140,10,207
141,10,856
142,10,477
143,10,146
144,10,173
145,10,790
146,10,679
147,10,216
148,10,148
149,10,273
150,10,541
151,10,550
152,10,465
153,10,539
154,10,400
155,10,145
156,10,386
157,10,758
158,10,812
159,10,596
160,10,368
161,10,665
162,10,469
163,10,98
164,10,403
165,10,265
166,10,398
167,10,779
168,10,399
169,10,811
170,10,654
171,10,633
172,10,375
173,10,333
174,10,683
175,10,720
176,10,163
177,10,778
178,10,781
179,10,114
180,10,1007
181,10,921
182,10,564
183,10,123
184,10,264
185,10,305
186,10,852
187,10,55
188,10,515
189,10,777
190,10,141
191,10,473
192,10,558
193,10,548
194,10,614
195,10,938
196,10,294
197,10,911
198,10,740
199,10,306
200,10,723
201,10,531
202,10,628
203,10,164
204,10,432
205,10,38
206,10,583
207,10,231
208,10,571
209,10,535
210,10,176
211,10,668
212,10,356
213,10,52
214,10,472
215,10,19
216,10,1014
217,10,772
218,10,409
219,10,419
220,10,971
221,10,396
222,10,380
223,10,332
224,10,338
225,10,201
226,10,478
227,10,949
228,10,549
229,10,226
230,10,251
231,10,27
232,10,354
233,10,436
234,10,537
235,10,219
236,10,886
237,10,39
238,10,289
239,10,312
240,10,441
241,10,556
242,10,587
243,10,850
244,10,534
245,10,385
246,10,467
247,10,622
248,10,174
249,10,318
250,10,324
251,10,973
252,10,50
253,10,237
254,10,40
255,10,450
256,10,107
257,10,639
258,10,101
259,10,883
260,10,256
261,10,603
262,10,573
263,10,119
264,10,843
265,10,526
266,10,127
267,10,493
268,10,330
269,10,434
270,10,292
271,10,595
272,10,751
273,10,351
274,10,431
275,10,186
276,10,438
277,10,552
278,10,181
279,10,792
280,10,887
281,10,104
282,10,217
283,10,806
284,10,898
285,10,460
286,10,1003
287,10,466
288,10,839
289,10,824
290,10,684
291,10,200
292,10,631
293,10,279
294,10,471
295,10,658
296,10,435
297,10,567
298,10,153
299,10,77
300,10,239
301,10,209
302,10,106
303,10,752
304,10,184
305,10,691
306,10,682
307,10,100
308,10,304
309,10,165
310,10,882
311,10,364
312,10,475
313,10,561
314,10,517
315,10,592
316,10,120
317,10,437
318,10,627
319,10,847
320,10,211
321,10,413
322,10,565
323,10,618
324,10,8
325,10,205
326,10,329
327,10,814
328,10,240
329,10,326
330,10,459
331,10,574
332,10,1006
333,10,321
334,10,1013
335,10,787
336,10,263
337,10,339
338,10,224
339,10,734
340,10,731
341,10,555
342,10,149
343,10,581
344,10,542
345,10,970
346,10,350
347,10,619
348,10,742
349,10,976
350,10,139
351,10,701
352,10,854
353,10,818
354,10,315
355,10,453
356,10,412
357,10,700
358,10,353
359,10,464
360,10,132
361,10,594
362,10,844
363,10,819
364,10,311
365,10,1010
366,10,369
367,10,527
368,10,944
369,10,768
370,10,177
371,10,890
372,10,325
373,10,693
374,10,45
375,10,825
376,10,748
377,10,87
378,10,690
379,10,68
380,10,721
381,10,906
382,10,876
383,10,487
384,10,485
385,10,206
386,10,538
387,10,695
388,10,892
389,10,257
390,10,54
391,10,873
392,10,449
393,10,626
394,10,410
395,10,344
396,10,489
397,10,877
398,10,554
399,10,328
0,11,613
1,11,502
2,11,554
3,11,340
4,11,814
5,11,954
6,11,931
7,11,552
8,11,183
9,11,655
10,11,516
11,11,536
12,11,723
13,11,786
14,11,449
15,11,618
16,11,785
17,11,658
18,11,528
19,11,590
20,11,561
21,11,448
22,11,279
23,11,213
24,11,687
25,11,819
26,11,504
27,11,445
28,11,967
29,11,175
30,11,811
31,11,327
32,11,949
33,11,574
34,11,939
35,11,496
36,11,489
37,11,734
38,11,408
39,11,366
40,11,878
41,11,813
42,11,661
43,11,243
44,11,362
45,11,529
46,11,472
47,11,639
48,11,683
49,11,766
50,11,210
51,11,240
52,11,494
53,11,453
54,11,841
55,11,925
56,11,558
57,11,203
58,11,141
59,11,983
60,11,399
61,11,378
62,11,483
63,11,783
64,11,745
65,11,940
66,11,403
67,11,685
68,11,524
69,11,744
70,11,347
71,11,454
72,11,650
73,11,595
74,11,328
75,11,373
76,11,612
77,11,245
78,11,977
79,11,629
80,11,377
81,11,513
82,11,438
83,11,646
84,11,474
85,11,717
86,11,477
87,11,236
88,11,656
89,11,740
90,11,332
91,11,621
92,11,405
93,11,344
94,11,556
95,11,881
96,11,304
97,11,854
98,11,623
99,11,559
100,11,872
101,11,458
102,11,697
103,11,462
104,11,750
105,11,647
106,11,135
107,11,242
108,11,482
109,11,535
110,11,665
111,11,486
112,11,342
113,11,816
114,11,589
115,11,419
116,11,167
117,11,370
118,11,514
119,11,592
120,11,815
121,11,469
122,11,515
123,11,908
124,11,193
125,11,501
126,11,244
127,11,201
128,11,707
129,11,214
130,11,308
131,11,913
132,11,89
133,11,518
134,11,620
135,11,429
136,11,980
137,11,521
138,11,19
139,11,622
140,11,208
141,11,855
142,11,478
143,11,114
144,11,173
145,11,758
146,11,711
147,11,215
148,11,116
149,11,272
150,11,573
151,11,550
152,11,497
153,11,507
154,11,400
155,11,146
156,11,354
157,11,757
158,11,812
159,11,628
160,11,336
161,11,633
162,11,470
163,11,98
164,11,435
165,11,264
166,11,398
167,11,778
168,11,431
169,11,779
170,11,653
171,11,601
172,11,374
173,11,333
174,11,682
175,11,721
176,11,131
177,11,746
178,11,781
179,11,113
180,11,1008
181,11,921
182,11,596
183,11,124
184,11,263
185,11,306
186,11,852
187,11,23
188,11,547
189,11,776
190,11,142
191,11,473
192,11,526
193,11,580
194,11,614
195,11,938
196,11,295
197,11,912
198,11,741
199,11,338
200,11,691
201,11,563
202,11,660
203,11,163
204,11,432
205,11,39
206,11,615
207,11,199
208,11,571
209,11,567
210,11,144
211,11,667
212,11,388
213,11,52
214,11,471
215,11,20
216,11,982
217,11,772
218,11,410
219,11,451
220,11,972
221,11,428
222,11,348
223,11,364
224,11,339
225,11,200
226,11,510
227,11,981
228,11,548
229,11,225
230,11,251
231,11,27
232,11,322
233,11,404
234,11,569
235,11,219
236,11,887
237,11,40
238,11,321
239,11,280
240,11,409
241,11,557
242,11,588
243,11,851
244,11,533
245,11,417
246,11,499
247,11,654
248,11,174
249,11,318
250,11,325
251,11,974
252,11,51
253,11,205
254,11,41
255,11,418
256,11,139
257,11,638
258,11,69
259,11,882
260,11,256
261,11,602
262,11,605
263,11,120
264,11,844
265,11,525
266,11,127
267,11,493
268,11,298
269,11,466
270,11,324
271,11,594
272,11,752
273,11,319
274,11,430
275,11,218
276,11,437
277,11,551
278,11,181
279,11,793
280,11,919
281,11,103
282,11,216
283,11,838
284,11,897
285,11,461
286,11,1002
287,11,467
288,11,840
289,11,823
290,11,652
291,11,168
292,11,630
293,11,278
294,11,503
295,11,626
296,11,434
297,11,568
298,11,121
299,11,78
300,11,238
301,11,241
302,11,74
303,11,753
304,11,185
305,11,659
306,11,714
307,11,99
308,11,305
309,11,197
310,11,850
311,11,396
312,11,443
313,11,560
314,11,549
315,11,624
316,11,88
317,11,436
318,11,627
319,11,848
320,11,212
321,11,412
322,11,564
323,11,586
324,11,8
325,11,204
326,11,330
327,11,782
328,11,239
329,11,358
330,11,460
331,11,542
332,11,1007
333,11,353
334,11,1014
335,11,755
336,11,231
337,11,307
338,11,224
339,11,733
340,11,763
341,11,555
342,11,148
343,11,581
344,11,541
345,11,971
346,11,382
347,11,587
348,11,742
349,11,976
350,11,140
351,11,669
352,11,886
353,11,817
354,11,315
355,11,485
356,11,444
357,11,732
358,11,385
359,11,465
360,11,164
361,11,562
362,11,876
363,11,787
364,11,312
365,11,1011
366,11,368
367,11,527
368,11,943
369,11,769
370,11,176
371,11,922
372,11,293
373,11,692
374,11,45
375,11,826
376,11,749
377,11,86
378,11,722
379,11,100
380,11,689
381,11,905
382,11,875
383,11,519
384,11,517
385,11,207
386,11,570
387,11,727
388,11,892
389,11,289
390,11,54
391,11,874
392,11,481
393,11,625
394,11,442
395,11,345
396,11,457
397,11,845
398,11,522
399,11,329
0,12,614
1,12,501
2,12,522
3,12,340
4,12,782
5,12,954
6,12,932
7,12,553
8,12,215
9,12,654
10,12,517
11,12,504
12,12,691
13,12,786
14,12,481
15,12,618
16,12,784
17,12,657
18,12,560
19,12,590
20,12,529
21,12,448
22,12,311
23,12,212
24,12,686
25,12,787
26,12,472
27,12,413
28,12,966
29,12,207
30,12,779
31,12,328
32,12,949
33,12,573
34,12,907
35,12,464
36,12,457
37,12,733
38,12,440
39,12,398
40,12,910
41,12,814
42,12,662
43,12,211
44,12,361
45,12,497
46,12,471
47,12,607
48,12,684
49,12,767
50,12,242
51,12,272
52,12,493
53,12,454
54,12,840
55,12,957
56,12,559
57,12,235
58,12,142
59,12,982
60,12,431
61,12,379
62,12,515
63,12,783
64,12,744
65,12,939
66,12,402
67,12,653
68,12,492
69,12,776
70,12,346
71,12,422
72,12,649
73,12,594
74,12,329
75,12,405
76,12,613
77,12,245
78,12,945
79,12,629
80,12,409
81,12,545
82,12,437
83,12,645
84,12,442
85,12,685
86,12,478
87,12,204
88,12,655
89,12,741
90,12,331
91,12,621
92,12,404
93,12,345
94,12,556
95,12,913
96,12,303
97,12,886
98,12,624
99,12,527
100,12,873
101,12,490
102,12,696
103,12,463
104,12,751
105,12,679
106,12,136
107,12,241
108,12,450
109,12,534
110,12,633
111,12,486
112,12,343
113,12,848
114,12,557
115,12,418
116,12,168
117,12,370
118,12,482
119,12,592
120,12,815
121,12,469
122,12,516
123,12,940
124,12,161
125,12,533
126,12,243
127,12,233
128,12,708
129,12,213
130,12,307
131,12,914
132,12,88
133,12,519
134,12,619
135,12,428
136,12,979
137,12,521
138,12,51
139,12,623
140,12,209
141,12,823
142,12,510
143,12,114
144,12,173
145,12,757
146,12,712
147,12,214
148,12,117
149,12,304
150,12,605
151,12,518
152,12,498
153,12,475
154,12,368
155,12,147
156,12,322
157,12,725
158,12,813
159,12,627
160,12,336
161,12,601
162,12,438
163,12,98
164,12,434
165,12,263
166,12,399
167,12,777
168,12,430
169,12,780
170,12,652
171,12,569
172,12,342
173,12,333
174,12,681
175,12,722
176,12,132
177,12,747
178,12,781
179,12,145
180,12,976
181,12,921
182,12,628
183,12,156
184,12,295
185,12,338
186,12,851
187,12,22
188,12,546
189,12,775
190,12,174
191,12,473
192,12,494
193,12,612
194,12,646
195,12,938
196,12,327
197,12,944
198,12,709
199,12,339
200,12,692
201,12,595
202,12,661
203,12,195
204,12,400
205,12,40
206,12,647
207,12,167
208,12,571
209,12,566
210,12,144
211,12,667
212,12,387
213,12,20
214,12,470
215,12,19
216,12,981
217,12,772
218,12,410
219,12,483
220,12,973
221,12,396
222,12,316
223,12,332
224,12,371
225,12,199
226,12,542
227,12,1013
228,12,547
229,12,257
230,12,251
231,12,27
232,12,290
233,12,403
234,12,568
235,12,219
236,12,888
237,12,41
238,12,353
239,12,312
240,12,408
241,12,558
242,12,589
243,12,819
244,12,532
245,12,449
246,12,531
247,12,622
248,12,175
249,12,318
250,12,326
251,12,1006
252,12,52
253,12,206
254,12,42
255,12,386
256,12,140
257,12,638
258,12,37
259,12,881
260,12,224
261,12,602
262,12,637
263,12,121
264,12,845
265,12,525
266,12,127
267,12,461
268,12,266
269,12,467
270,12,356
271,12,562
272,12,753
273,12,287
274,12,429
275,12,218
276,12,436
277,12,550
278,12,181
279,12,794
280,12,951
281,12,135
282,12,216
283,12,837
284,12,896
285,12,462
286,12,1001
287,12,468
288,12,872
289,12,822
290,12,620
291,12,200
292,12,630
293,12,246
294,12,503
295,12,626
296,12,433
297,12,536
298,12,89
299,12,46
300,12,237
301,12,273
302,12,73
303,12,754
304,12,217
305,12,658
306,12,746
307,12,131
308,12,305
309,12,229
310,12,818
311,12,364
312,12,444
313,12,561
314,12,581
315,12,656
316,12,87
317,12,435
318,12,659
319,12,849
320,12,244
321,12,412
322,12,596
323,12,554
324,12,8
325,12,203
326,12,362
327,12,750
328,12,238
329,12,390
330,12,460
331,12,541
332,12,1008
333,12,385
334,12,1014
335,12,723
336,12,230
337,12,306
338,12,225
339,12,701
340,12,795
341,12,587
342,12,148
343,12,580
344,12,509
345,12,972
346,12,414
347,12,588
348,12,742
349,12,977
350,12,141
351,12,670
352,12,885
353,12,816
354,12,347
355,12,485
356,12,476
357,12,732
358,12,417
359,12,466
360,12,165
361,12,563
362,12,908
363,12,755
364,12,344
365,12,1012
366,12,367
367,12,528
368,12,942
369,12,737
370,12,176
371,12,922
372,12,261
373,12,660
374,12,45
375,12,826
376,12,749
377,12,85
378,12,690
379,12,99
380,12,688
381,12,904
382,12,874
383,12,551
384,12,549
385,12,208
386,12,570
387,12,728
388,12,892
389,12,321
390,12,86
391,12,906
392,12,513
393,12,625
394,12,443
395,12,377
396,12,458
397,12,877
398,12,523
399,12,330
0,13,615
1,13,501
2,13,523
3,13,308
4,13,750
5,13,954
6,13,933
7,13,554
8,13,214
9,13,653
10,13,518
11,13,503
12,13,692
13,13,785
14,13,513
15,13,618
16,13,784
17,13,689
18,13,592
19,13,590
20,13,528
21,13,448
22,13,310
23,13,211
24,13,687
25,13,787
26,13,473
27,13,381
28,13,934
29,13,239
30,13,747
31,13,328
32,13,949
33,13,541
34,13,875
35,13,465
36,13,458
37,13,701
38,13,472
39,13,398
40,13,909
41,13,782
42,13,663
43,13,210
44,13,329
45,13,529
46,13,470
47,13,575
48,13,652
49,13,767
50,13,241
51,13,273
52,13,494
53,13,486
54,13,839
55,13,989
56,13,559
57,13,267
58,13,174
59,13,981
60,13,430
61,13,380
62,13,516
63,13,783
64,13,776
65,13,938
66,13,401
67,13,685
68,13,493
69,13,777
70,13,345
71,13,423
72,13,649
73,13,595
74,13,330
75,13,405
76,13,614
77,13,244
78,13,944
79,13,597
80,13,409
81,13,546
82,13,436
83,13,613
84,13,410
85,13,686
86,13,510
87,13,205
88,13,655
89,13,742
90,13,363
91,13,622
92,13,403
93,13,313
94,13,588
95,13,914
96,13,303
97,13,885
98,13,625
99,13,527
100,13,874
101,13,489
102,13,695
103,13,431
104,13,752
105,13,678
106,13,137
107,13,209
108,13,418
109,13,566
110,13,601
111,13,485
112,13,344
113,13,849
114,13,558
115,13,419
116,13,136
117,13,369
118,13,450
119,13,624
120,13,814
121,13,437
122,13,548
123,13,972
124,13,129
125,13,533
126,13,242
127,13,265
128,13,709
129,13,212
130,13,339
131,13,946
132,13,87
133,13,519
134,13,651
135,13,396
136,13,978
137,13,553
138,13,50
139,13,623
140,13,177
141,13,791
142,13,542
143,13,114
144,13,173
145,13,725
146,13,744
147,13,246
148,13,118
149,13,272
150,13,637
151,13,550
152,13,498
153,13,476
154,13,336
155,13,148
156,13,290
157,13,724
158,13,813
159,13,626
160,13,304
161,13,569
162,13,406
163,13,98
164,13,433
165,13,263
166,13,400
167,13,809
168,13,429
169,13,781
170,13,620
171,13,537
172,13,341
173,13,301
174,13,680
175,13,723
176,13,133
177,13,748
178,13,749
179,13,144
180,13,1008
181,13,921
182,13,627
183,13,188
184,13,294
185,13,338
186,13,883
187,13,21
188,13,514
189,13,743
190,13,175
191,13,441
192,13,462
193,13,612
194,13,645
195,13,906
196,13,295
197,13,976
198,13,677
199,13,340
200,13,693
201,13,596
202,13,629
203,13,227
204,13,368
205,13,41
206,13,646
207,13,168
208,13,571
209,13,565
210,13,112
211,13,667
212,13,386
213,13,19
214,13,438
215,13,51
216,13,980
217,13,772
218,13,378
219,13,483
220,13,974
221,13,364
222,13,284
223,13,333
224,13,370
225,13,231
226,13,574
227,13,1014
228,13,515
229,13,289
230,13,251
231,13,27
232,13,291
233,13,371
234,13,600
235,13,219
236,13,889
237,13,42
238,13,385
239,13,311
240,13,407
241,13,526
242,13,557
243,13,820
244,13,532
245,13,481
246,13,563
247,13,654
248,13,176
249,13,318
250,13,327
251,13,1007
252,13,20
253,13,207
254,13,43
255,13,354
256,13,141
257,13,670
258,13,5
259,13,880
260,13,225
261,13,602
262,13,669
263,13,122
264,13,877
265,13,525
266,13,127
267,13,460
268,13,234
269,13,499
270,13,357
271,13,561
272,13,754
273,13,255
274,13,461
275,13,217
276,13,435
277,13,549
278,13,213
279,13,795
280,13,951
281,13,167
282,13,216
283,13,869
284,13,864
285,13,463
286,13,1000
287,13,469
288,13,840
289,13,821
290,13,621
291,13,201
292,13,662
293,13,245
294,13,471
295,13,594
296,13,432
297,13,535
298,13,88
299,13,47
300,13,236
301,13,305
302,13,73
303,13,722
304,13,249
305,13,659
306,13,778
307,13,163
308,13,306
309,13,228
310,13,786
311,13,332
312,13,445
313,13,560
314,13,580
315,13,656
316,13,119
317,13,434
318,13,660
319,13,850
320,13,276
321,13,444
322,13,628
323,13,522
324,13,8
325,13,202
326,13,362
327,13,751
328,13,206
329,13,422
330,13,428
331,13,509
332,13,1009
333,13,417
334,13,982
335,13,691
336,13,230
337,13,274
338,13,226
339,13,700
340,13,827
341,13,619
342,13,149
343,13,579
344,13,477
345,13,973
346,13,413
347,13,589
348,13,710
349,13,977
350,13,142
351,13,671
352,13,884
353,13,815
354,13,346
355,13,517
356,13,508
357,13,733
358,13,449
359,13,467
360,13,197
361,13,562
362,13,940
363,13,755
364,13,376
365,13,1013
366,13,399
367,13,496
368,13,941
369,13,705
370,13,208
371,13,922
372,13,229
373,13,661
374,13,45
375,13,826
376,13,717
377,13,84
378,13,690
379,13,131
380,13,688
381,13,872
382,13,842
383,13,583
384,13,581
385,13,240
386,13,570
387,13,760
388,13,892
389,13,353
390,13,85
391,13,907
392,13,545
393,13,657
394,13,475
395,13,377
396,13,426
397,13,876
398,13,524
399,13,331
0,14,583
1,14,533
2,14,524
3,14,307
4,14,751
5,14,954
6,14,934
7,14,555
8,14,214
9,14,685
10,14,519
11,14,502
12,14,692
13,14,786
14,14,545
15,14,618
16,14,784
17,14,721
18,14,592
19,14,590
20,14,527
21,14,448
22,14,309
23,14,210
24,14,686
25,14,755
26,14,474
27,14,349
28,14,902
29,14,207
30,14,715
31,14,327
32,14,981
33,14,509
34,14,843
35,14,466
36,14,459
37,14,700
38,14,471
39,14,398
40,14,941
41,14,750
42,14,664
43,14,242
44,14,328
45,14,561
46,14,469
47,14,574
48,14,653
49,14,767
50,14,273
51,14,305
52,14,493
53,14,487
54,14,838
55,14,988
56,14,560
57,14,266
58,14,175
59,14,980
60,14,462
61,14,380
62,14,548
63,14,815
64,14,775
65,14,906
66,14,400
67,14,717
68,14,461
69,14,745
70,14,377
71,14,424
72,14,649
73,14,596
74,14,331
75,14,405
76,14,615
77,14,243
78,14,943
79,14,598
80,14,441
81,14,578
82,14,435
83,14,581
84,14,409
85,14,654
86,14,542
87,14,206
88,14,655
89,14,710
90,14,362
91,14,621
92,14,402
93,14,281
94,14,620
95,14,915
96,14,303
97,14,884
98,14,624
99,14,526
100,14,875
101,14,521
102,14,663
103,14,430
104,14,753
105,14,646
106,14,138
107,14,177
108,14,386
109,14,565
110,14,569
111,14,484
112,14,345
113,14,850
114,14,559
115,14,451
116,14,137
117,14,368
118,14,418
119,14,656
120,14,813
121,14,436
122,14,549
123,14,973
124,14,130
125,14,532
126,14,274
127,14,297
128,14,677
129,14,211
130,14,371
131,14,947
132,14,86
133,14,551
134,14,650
135,14,364
136,14,977
137,14,585
138,14,49
139,14,623
140,14,178
141,14,790
142,14,541
143,14,114
144,14,173
145,14,693
146,14,776
147,14,246
148,14,119
149,14,240
150,14,637
151,14,550
152,14,498
153,14,444
154,14,335
155,14,149
156,14,291
157,14,725
158,14,781
159,14,625
160,14,272
161,14,537
162,14,374
163,14,98
164,14,465
165,14,231
166,14,399
167,14,808
168,14,429
169,14,782
170,14,619
171,14,505
172,14,341
173,14,269
174,14,679
175,14,724
176,14,134
177,14,716
178,14,748
179,14,145
180,14,1007
181,14,921
182,14,626
183,14,220
184,14,293
185,14,339
186,14,882
187,14,22
188,14,514
189,14,743
190,14,176
191,14,440
192,14,463
193,14,612
194,14,613
195,14,907
196,14,294
197,14,1008
198,14,678
199,14,340
200,14,694
201,14,564
202,14,628
203,14,259
204,14,336
205,14,42
206,14,645
207,14,200
208,14,571
209,14,597
210,14,113
211,14,667
212,14,385
213,14,51
214,14,437
215,14,50
216,14,948
217,14,772
218,14,410
219,14,482
220,14,942
221,14,363
222,14,252
223,14,334
224,14,369
225,14,230
226,14,606
227,14,982
228,14,483
229,14,321
230,14,251
231,14,27
232,14,292
233,14,370
234,14,632
235,14,219
236,14,890
237,14,43
238,14,417
239,14,310
240,14,406
241,14,494
242,14,558
243,14,788
244,14,531
245,14,513
246,14,563
247,14,622
248,14,144
249,14,318
250,14,295
251,14,1006
252,14,21
253,14,208
254,14,44
255,14,322
256,14,142
257,14,669
258,14,5
259,14,879
260,14,226
261,14,601
262,14,701
263,14,123
264,14,878
265,14,525
266,14,127
267,14,428
268,14,202
269,14,499
270,14,358
271,14,562
272,14,722
273,14,223
274,14,460
275,14,216
276,14,403
277,14,517
278,14,245
279,14,796
280,14,951
281,14,199
282,14,184
283,14,869
284,14,832
285,14,464
286,14,968
287,14,501
288,14,841
289,14,820
290,14,589
291,14,233
292,14,662
293,14,244
294,14,503
295,14,595
296,14,432
297,14,535
298,14,87
299,14,48
300,14,235
301,14,304
302,14,41
303,14,723
304,14,250
305,14,627
306,14,779
307,14,195
308,14,338
309,14,260
310,14,787
311,14,333
312,14,413
313,14,528
314,14,579
315,14,688
316,14,151
317,14,433
318,14,661
319,14,851
320,14,308
321,14,443
322,14,660
323,14,523
324,14,8
325,14,201
326,14,330
327,14,752
328,14,238
329,14,454
330,14,396
331,14,477
332,14,1010
333,14,449
334,14,983
335,14,659
336,14,229
337,14,306
338,14,194
339,14,732
340,14,859
341,14,651
342,14,181
343,14,547
344,14,445
345,14,1005
346,14,412
347,14,557
348,14,709
349,14,976
350,14,174
351,14,639
352,14,883
353,14,814
354,14,346
355,14,516
356,14,540
357,14,765
358,14,481
359,14,467
360,14,165
361,14,594
362,14,972
363,14,754
364,14,408
365,14,1014
366,14,431
367,14,497
368,14,940
369,14,673
370,14,209
371,14,922
372,14,197
373,14,629
374,14,45
375,14,826
376,14,749
377,14,52
378,14,690
379,14,163
380,14,687
381,14,840
382,14,810
383,14,584
384,14,580
385,14,241
386,14,570
387,14,792
388,14,892
389,14,354
390,14,117
391,14,908
392,14,546
393,14,689
394,14,507
395,14,378
396,14,394
397,14,844
398,14,492
399,14,332
0,15,584
1,15,534
2,15,525
3,15,307
4,15,752
5,15,954
6,15,935
7,15,556
8,15,246
9,15,653
10,15,520
11,15,470
12,15,693
13,15,786
14,15,546
15,15,618
16,15,784
17,15,721
18,15,592
19,15,590
20,15,528
21,15,448
22,15,341
23,15,178
24,15,685
25,15,755
26,15,474
27,15,350
28,15,901
29,15,207
30,15,683
31,15,295
32,15,1013
33,15,477
34,15,842
35,15,467
36,15,491
37,15,668
38,15,503
39,15,398
40,15,940
41,15,751
42,15,665
43,15,242
44,15,327
45,15,529
46,15,501
47,15,542
48,15,654
49,15,767
50,15,305
51,15,306
52,15,494
53,15,487
54,15,870
55,15,987
56,15,561
57,15,266
58,15,176
59,15,979
60,15,461
61,15,412
62,15,580
63,15,847
64,15,775
65,15,905
66,15,399
67,15,749
68,15,429
69,15,746
70,15,409
71,15,392
72,15,649
73,15,628
74,15,332
75,15,406
76,15,616
77,15,211
78,15,942
79,15,630
80,15,441
81,15,610
82,15,403
83,15,549
84,15,410
85,15,655
86,15,541
87,15,206
88,15,687
89,15,710
90,15,394
91,15,589
92,15,434
93,15,249
94,15,621
95,15,883
96,15,302
97,15,884
98,15,656
99,15,527
100,15,876
101,15,553
102,15,631
103,15,462
104,15,754
105,15,614
106,15,139
107,15,209
108,15,354
109,15,564
110,15,537
111,15,484
112,15,346
113,15,851
114,15,560
115,15,450
116,15,138
117,15,336
118,15,386
119,15,688
120,15,812
121,15,436
122,15,550
123,15,941
124,15,131
125,15,533
126,15,273
127,15,329
128,15,678
129,15,210
130,15,370
131,15,948
132,15,85
133,15,519
134,15,651
135,15,363
136,15,945
137,15,617
138,15,48
139,15,624
140,15,179
141,15,758
142,15,573
143,15,146
144,15,173
145,15,725
146,15,777
147,15,245
148,15,120
149,15,239
150,15,669
151,15,518
152,15,499
153,15,443
154,15,335
155,15,181
156,15,292
157,15,757
158,15,782
159,15,657
160,15,272
161,15,505
162,15,342
163,15,98
164,15,433
165,15,199
166,15,367
167,15,807
168,15,428
169,15,750
170,15,587
171,15,473
172,15,340
173,15,269
174,15,711
175,15,724
176,15,135
177,15,717
178,15,748
179,15,144
180,15,1008
181,15,921
182,15,625
183,15,252
184,15,261
185,15,371
186,15,881
187,15,54
188,15,514
189,15,743
190,15,177
191,15,439
192,15,463
193,15,613
194,15,581
195,15,906
196,15,326
197,15,1009
198,15,679
199,15,308
200,15,662
201,15,563
202,15,660
203,15,291
204,15,304
205,15,43
206,15,677
207,15,201
208,15,571
209,15,597
210,15,114
211,15,667
212,15,417
213,15,50
214,15,405
215,15,49
216,15,916
217,15,772
218,15,442
219,15,483
220,15,910
221,15,331
222,15,253
223,15,366
224,15,401
225,15,229
226,15,638
227,15,983
228,15,451
229,15,353
230,15,283
231,15,27
232,15,260
233,15,338
234,15,664
235,15,219
236,15,891
237,15,44
238,15,449
239,15,310
240,15,374
241,15,526
242,15,559
243,15,820
244,15,532
245,15,545
246,15,562
247,15,622
248,15,112
249,15,318
250,15,263
251,15,1007
252,15,22
253,15,240
254,15,45
255,15,321
256,15,174
257,15,701
258,15,5
259,15,878
260,15,194
261,15,600
262,15,733
263,15,124
264,15,877
265,15,493
266,15,127
267,15,396
268,15,170
269,15,531
270,15,390
271,15,594
272,15,723
273,15,223
274,15,459
275,15,215
276,15,402
277,15,516
278,15,277
279,15,797
280,15,951
281,15,200
282,15,216
283,15,869
284,15,800
285,15,464
286,15,967
287,15,502
288,15,841
289,15,819
290,15,557
291,15,234
292,15,663
293,15,243
294,15,504
295,15,596
296,15,431
297,15,535
298,15,86
299,15,80
300,15,267
301,15,303
302,15,41
303,15,691
304,15,251
305,15,595
306,15,780
307,15,227
308,15,339
309,15,259
310,15,787
311,15,334
312,15,381
313,15,496
314,15,579
315,15,720
316,15,119
317,15,432
318,15,661
319,15,852
320,15,309
321,15,475
322,15,659
323,15,524
324,15,8
325,15,233
326,15,330
327,15,753
328,15,237
329,15,486
330,15,364
331,15,445
332,15,1011
333,15,481
334,15,984
335,15,627
336,15,228
337,15,274
338,15,162
339,15,700
340,15,858
341,15,652
342,15,213
343,15,515
344,15,413
345,15,1005
346,15,444
347,15,558
348,15,708
349,15,976
350,15,175
351,15,607
352,15,882
353,15,813
354,15,378
355,15,548
356,15,540
357,15,766
358,15,513
359,15,435
360,15,164
361,15,626
362,15,973
363,15,722
364,15,440
365,15,982
366,15,430
367,15,498
368,15,939
369,15,641
370,15,208
371,15,922
372,15,165
373,15,629
374,15,13
375,15,826
376,15,781
377,15,51
378,15,690
379,15,195
380,15,686
381,15,839
382,15,809
383,15,585
384,15,612
385,15,241
386,15,569
387,15,793
388,15,892
389,15,355
390,15,149
391,15,909
392,15,578
393,15,689
394,15,508
395,15,379
396,15,393
397,15,843
398,15,460
399,15,333
0,16,585
1,16,502
2,16,525
3,16,306
4,16,753
5,16,954
6,16,936
7,16,557
8,16,278
9,16,621
10,16,521
11,16,438
12,16,661
13,16,786
14,16,578
15,16,618
16,16,784
17,16,722
18,16,592
19,16,558
20,16,527
21,16,448
22,16,340
23,16,210
24,16,684
25,16,755
26,16,442
27,16,351
28,16,901
29,16,206
30,16,651
31,16,294
32,16,1013
33,16,445
34,16,841
35,16,435
36,16,492
37,16,669
38,16,535
39,16,366
40,16,939
41,16,719
42,16,665
43,16,242
44,16,295
45,16,529
46,16,533
47,16,510
48,16,655
49,16,767
50,16,305
51,16,338
52,16,493
53,16,519
54,16,902
55,16,986
56,16,561
57,16,234
58,16,177
59,16,978
60,16,460
61,16,412
62,16,612
63,16,847
64,16,775
65,16,873
66,16,398
67,16,749
68,16,430
69,16,747
70,16,408
71,16,393
72,16,681
73,16,660
74,16,333
75,16,407
76,16,616
77,16,211
78,16,941
79,16,630
80,16,473
81,16,642
82,16,403
83,16,548
84,16,378
85,16,623
86,16,573
87,16,174
88,16,686
89,16,678
90,16,426
91,16,588
92,16,466
93,16,217
94,16,622
95,16,884
96,16,303
97,16,916
98,16,657
99,16,526
100,16,877
101,16,552
102,16,631
103,16,463
104,16,754
105,16,614
106,16,107
107,16,208
108,16,322
109,16,596
110,16,505
111,16,484
112,16,347
113,16,852
114,16,528
115,16,450
116,16,139
117,16,336
118,16,354
119,16,720
120,16,811
121,16,404
122,16,551
123,16,940
124,16,132
125,16,532
126,16,272
127,16,361
128,16,679
129,16,209
130,16,402
131,16,949
132,16,84
133,16,518
134,16,619
135,16,363
136,16,944
137,16,649
138,16,47
139,16,656
140,16,147
141,16,758
142,16,574
143,16,114
144,16,173
145,16,693
146,16,778
147,16,244
148,16,121
149,16,238
150,16,701
151,16,550
152,16,467
153,16,444
154,16,334
155,16,213
156,16,260
157,16,757
158,16,750
159,16,689
160,16,240
161,16,504
162,16,341
163,16,98
164,16,465
165,16,167
166,16,368
167,16,806
168,16,429
169,16,751
170,16,555
171,16,474
172,16,339
173,16,237
174,16,710
175,16,725
176,16,136
177,16,685
178,16,780
179,16,144
180,16,976
181,16,921
182,16,624
183,16,284
184,16,293
185,16,371
186,16,880
187,16,22
188,16,514
189,16,743
190,16,178
191,16,471
192,16,431
193,16,645
194,16,581
195,16,938
196,16,327
197,16,1010
198,16,647
199,16,308
200,16,663
201,16,562
202,16,659
203,16,323
204,16,304
205,16,44
206,16,709
207,16,200
208,16,571
209,16,629
210,16,115
211,16,667
212,16,449
213,16,49
214,16,405
215,16,48
216,16,915
217,16,772
218,16,410
219,16,482
220,16,911
221,16,299
222,16,221
223,16,367
224,16,433
225,16,229
226,16,670
227,16,984
228,16,419
229,16,385
230,16,251
231,16,27
232,16,261
233,16,370
234,16,696
235,16,219
236,16,892
237,16,45
238,16,481
239,16,342
240,16,373
241,16,494
242,16,560
243,16,821
244,16,564
245,16,546
246,16,594
247,16,590
248,16,113
249,16,318
250,16,264
251,16,1008
252,16,23
253,16,241
254,16,46
255,16,289
256,16,175
257,16,733
258,16,5
259,16,879
260,16,162
261,16,599
262,16,732
263,16,156
264,16,878
265,16,461
266,16,127
267,16,364
268,16,138
269,16,531
270,16,390
271,16,626
272,16,691
273,16,223
274,16,458
275,16,214
276,16,401
277,16,515
278,16,309
279,16,797
280,16,951
281,16,199
282,16,216
283,16,869
284,16,768
285,16,464
286,16,966
287,16,503
288,16,840
289,16,818
290,16,589
291,16,202
292,16,695
293,16,243
294,16,472
295,16,597
296,16,399
297,16,536
298,16,85
299,16,112
300,16,266
301,16,335
302,16,41
303,16,692
304,16,252
305,16,563
306,16,781
307,16,259
308,16,307
309,16,291
310,16,787
311,16,302
312,16,349
313,16,496
314,16,579
315,16,752
316,16,119
317,16,432
318,16,662
319,16,820
320,16,310
321,16,507
322,16,658
323,16,524
324,16,8
325,16,201
326,16,331
327,16,721
328,16,236
329,16,487
330,16,332
331,16,413
332,16,1012
333,16,513
334,16,952
335,16,595
336,16,228
337,16,274
338,16,130
339,16,700
340,16,890
341,16,653
342,16,245
343,16,483
344,16,381
345,16,1004
346,16,476
347,16,559
348,16,707
349,16,977
350,16,176
351,16,575
352,16,881
353,16,812
354,16,346
355,16,580
356,16,541
357,16,798
358,16,545
359,16,436
360,16,165
361,16,625
362,16,1005
363,16,723
364,16,441
365,16,983
366,16,462
367,16,499
368,16,907
369,16,609
370,16,207
371,16,922
372,16,166
373,16,628
374,16,13
375,16,826
376,16,782
377,16,50
378,16,690
379,16,227
380,16,654
381,16,807
382,16,808
383,16,586
384,16,613
385,16,273
386,16,568
387,16,794
388,16,924
389,16,387
390,16,181
391,16,910
392,16,610
393,16,688
394,16,509
395,16,380
396,16,394
397,16,843
398,16,428
399,16,301
0,17,553
1,17,501
2,17,526
3,17,338
4,17,753
5,17,954
6,17,968
7,17,589
8,17,279
9,17,621
10,17,522
11,17,406
12,17,629
13,17,786
14,17,579
15,17,618
16,17,816
17,17,754
18,17,592
19,17,559
20,17,527
21,17,449
22,17,339
23,17,209
24,17,683
25,17,723
26,17,410
27,17,319
28,17,900
29,17,174
30,17,619
31,17,295
32,17,1014
33,17,413
34,17,840
35,17,436
36,17,493
37,17,637
38,17,567
39,17,366
40,17,938
41,17,719
42,17,665
43,17,274
44,17,263
45,17,561
46,17,565
47,17,478
48,17,656
49,17,767
50,17,306
51,17,370
52,17,525
53,17,551
54,17,901
55,17,985
56,17,562
57,17,266
58,17,178
59,17,977
60,17,459
61,17,380
62,17,613
63,17,848
64,17,776
65,17,841
66,17,430
67,17,781
68,17,462
69,17,748
70,17,407
71,17,394
72,17,680
73,17,660
74,17,334
75,17,439
76,17,616
77,17,211
78,17,940
79,17,662
80,17,472
81,17,674
82,17,402
83,17,547
84,17,346
85,17,655
86,17,605
87,17,175
88,17,687
89,17,679
90,17,458
91,17,556
92,17,498
93,17,218
94,17,654
95,17,885
96,17,304
97,17,915
98,17,625
99,17,558
100,17,878
101,17,584
102,17,630
103,17,463
104,17,755
105,17,614
106,17,139
107,17,207
108,17,290
109,17,595
110,17,473
111,17,484
112,17,348
113,17,820
114,17,496
115,17,450
116,17,140
117,17,336
118,17,322
119,17,721
120,17,810
121,17,404
122,17,583
123,17,908
124,17,133
125,17,533
126,17,240
127,17,393
128,17,647
129,17,208
130,17,434
131,17,981
132,17,52
133,17,518
134,17,620
135,17,331
136,17,943
137,17,681
138,17,46
139,17,688
140,17,148
141,17,790
142,17,606
143,17,114
144,17,173
145,17,725
146,17,779
147,17,244
148,17,122
149,17,237
150,17,733
151,17,550
152,17,468
153,17,412
154,17,302
155,17,245
156,17,261
157,17,758
158,17,751
159,17,690
160,17,239
161,17,505
162,17,342
163,17,98
164,17,466
165,17,166
166,17,369
167,17,838
168,17,428
169,17,752
170,17,523
171,17,474
172,17,307
173,17,236
174,17,709
175,17,757
176,17,137
177,17,686
178,17,812
179,17,144
180,17,1008
181,17,921
182,17,623
183,17,316
184,17,293
185,17,403
186,17,880
187,17,21
188,17,515
189,17,743
190,17,210
191,17,470
192,17,399
193,17,677
194,17,581
195,17,906
196,17,328
197,17,1011
198,17,615
199,17,309
200,17,631
201,17,594
202,17,659
203,17,355
204,17,272
205,17,45
206,17,741
207,17,168
208,17,571
209,17,628
210,17,116
211,17,667
212,17,481
213,17,48
214,17,405
215,17,47
216,17,947
217,17,772
218,17,409
219,17,514
220,17,912
221,17,267
222,17,189
223,17,368
224,17,465
225,17,228
226,17,669
227,17,1016
228,17,420
229,17,417
230,17,251
231,17,27
232,17,229
233,17,371
234,17,728
235,17,219
236,17,893
237,17,13
238,17,513
239,17,310
240,17,373
241,17,494
242,17,528
243,17,822
244,17,564
245,17,578
246,17,626
247,17,622
248,17,145
249,17,318
250,17,265
251,17,1009
252,17,24
253,17,242
254,17,14
255,17,257
256,17,176
257,17,734
258,17,5
259,17,847
260,17,130
261,17,598
262,17,731
263,17,188
264,17,879
265,17,429
266,17,127
267,17,363
268,17,106
269,17,532
270,17,390
271,17,658
272,17,692
273,17,223
274,17,457
275,17,214
276,17,400
277,17,483
278,17,341
279,17,797
280,17,951
281,17,231
282,17,216
283,17,869
284,17,769
285,17,432
286,17,934
287,17,535
288,17,872
289,17,817
290,17,590
291,17,202
292,17,663
293,17,243
294,17,504
295,17,597
296,17,398
297,17,536
298,17,84
299,17,113
300,17,298
301,17,367
302,17,41
303,17,693
304,17,284
305,17,531
306,17,782
307,17,291
308,17,308
309,17,323
310,17,787
311,17,303
312,17,317
313,17,464
314,17,580
315,17,784
316,17,119
317,17,431
318,17,694
319,17,821
320,17,311
321,17,506
322,17,657
323,17,524
324,17,8
325,17,200
326,17,332
327,17,689
328,17,235
329,17,519
330,17,333
331,17,381
332,17,1013
333,17,545
334,17,920
335,17,563
336,17,260
337,17,273
338,17,131
339,17,701
340,17,889
341,17,685
342,17,277
343,17,451
344,17,349
345,17,1005
346,17,508
347,17,560
348,17,739
349,17,976
350,17,177
351,17,574
352,17,913
353,17,811
354,17,345
355,17,612
356,17,573
357,17,799
358,17,546
359,17,437
360,17,197
361,17,624
362,17,1006
363,17,691
364,17,441
365,17,984
366,17,461
367,17,467
368,17,875
369,17,610
370,17,206
371,17,922
372,17,134
373,17,627
374,17,12
375,17,826
376,17,750
377,17,49
378,17,722
379,17,259
380,17,653
381,17,775
382,17,807
383,17,587
384,17,645
385,17,305
386,17,568
387,17,795
388,17,892
389,17,419
390,17,213
391,17,911
392,17,642
393,17,720
394,17,541
395,17,379
396,17,362
397,17,843
398,17,460
399,17,301
0,18,521
1,18,501
2,18,527
3,18,338
4,18,754
5,18,954
6,18,969
7,18,590
8,18,311
9,18,589
10,18,523
11,18,374
12,18,597
13,18,787
14,18,580
15,18,618
16,18,784
17,18,786
18,18,592
19,18,560
20,18,559
21,18,450
22,18,339
23,18,208
24,18,682
25,18,691
26,18,378
27,18,287
28,18,900
29,18,142
30,18,587
31,18,327
32,18,982
33,18,381
34,18,839
35,18,404
36,18,494
37,18,638
38,18,566
39,18,366
40,18,970
41,18,720
42,18,665
43,18,274
44,18,231
45,18,561
46,18,564
47,18,477
48,18,624
49,18,767
50,18,306
51,18,402
52,18,525
53,18,583
54,18,901
55,18,984
56,18,562
57,18,266
58,18,210
59,18,945
60,18,458
61,18,412
62,18,645
63,18,847
64,18,775
65,18,841
66,18,462
67,18,813
68,18,463
69,18,749
70,18,406
71,18,362
72,18,681
73,18,692
74,18,335
75,18,440
76,18,615
77,18,243
78,18,939
79,18,694
80,18,504
81,18,675
82,18,401
83,18,515
84,18,347
85,18,687
86,18,637
87,18,175
88,18,686
89,18,711
90,18,490
91,18,555
92,18,498
93,18,219
94,18,655
95,18,886
96,18,305
97,18,883
98,18,625
99,18,557
100,18,879
101,18,616
102,18,629
103,18,431
104,18,723
105,18,614
106,18,139
107,18,206
108,18,290
109,18,627
110,18,441
111,18,484
112,18,349
113,18,821
114,18,497
115,18,418
116,18,108
117,18,336
118,18,321
119,18,722
120,18,809
121,18,403
122,18,584
123,18,876
124,18,133
125,18,533
126,18,239
127,18,392
128,18,648
129,18,207
130,18,466
131,18,981
132,18,51
133,18,518
134,18,619
135,18,299
136,18,942
137,18,713
138,18,45
139,18,688
140,18,149
141,18,791
142,18,607
143,18,146
144,18,173
145,18,724
146,18,780
147,18,244
148,18,123
149,18,236
150,18,765
151,18,550
152,18,469
153,18,413
154,18,303
155,18,277
156,18,229
157,18,790
158,18,719
159,18,689
160,18,238
161,18,506
162,18,342
163,18,97
164,18,465
165,18,134
166,18,370
167,18,838
168,18,429
169,18,753
170,18,524
171,18,473
172,18,307
173,18,235
174,18,708
175,18,758
176,18,138
177,18,654
178,18,844
179,18,176
180,18,1008
181,18,921
182,18,622
183,18,348
184,18,261
185,18,435
186,18,848
187,18,20
188,18,483
189,18,744
190,18,211
191,18,470
192,18,398
193,18,709
194,18,581
195,18,938
196,18,329
197,18,1012
198,18,647
199,18,341
200,18,599
201,18,595
202,18,658
203,18,387
204,18,240
205,18,13
206,18,741
207,18,167
208,18,571
209,18,660
210,18,117
211,18,667
212,18,513
213,18,47
214,18,437
215,18,46
216,18,915
217,18,772
218,18,408
219,18,514
220,18,913
221,18,267
222,18,188
223,18,369
224,18,433
225,18,260
226,18,701
227,18,1017
228,18,388
229,18,449
230,18,283
231,18,27
232,18,197
233,18,371
234,18,760
235,18,251
236,18,861
237,18,14
238,18,545
239,18,310
240,18,405
241,18,526
242,18,496
243,18,823
244,18,532
245,18,610
246,18,594
247,18,621
248,18,113
249,18,318
250,18,233
251,18,1010
252,18,56
253,18,241
254,18,15
255,18,225
256,18,177
257,18,735
258,18,5
259,18,815
260,18,98
261,18,630
262,18,763
263,18,220
264,18,880
265,18,461
266,18,127
267,18,331
268,18,74
269,18,531
270,18,390
271,18,657
272,18,693
273,18,223
274,18,489
275,18,214
276,18,368
277,18,482
278,18,373
279,18,797
280,18,951
281,18,230
282,18,216
283,18,869
284,18,737
285,18,400
286,18,933
287,18,567
288,18,840
289,18,816
290,18,558
291,18,202
292,18,662
293,18,242
294,18,505
295,18,598
296,18,430
297,18,535
298,18,116
299,18,114
300,18,297
301,18,399
302,18,41
303,18,661
304,18,284
305,18,499
306,18,814
307,18,323
308,18,340
309,18,355
310,18,755
311,18,304
312,18,316
313,18,464
314,18,612
315,18,783
316,18,119
317,18,432
318,18,695
319,18,822
320,18,312
321,18,538
322,18,656
323,18,492
324,18,8
325,18,168
326,18,333
327,18,721
328,18,234
329,18,551
330,18,301
331,18,382
332,18,1014
333,18,546
334,18,920
335,18,563
336,18,259
337,18,272
338,18,99
339,18,700
340,18,888
341,18,685
342,18,309
343,18,451
344,18,317
345,18,1005
346,18,509
347,18,528
348,18,738
349,18,976
350,18,178
351,18,542
352,18,881
353,18,810
354,18,346
355,18,613
356,18,605
357,18,799
358,18,547
359,18,436
360,18,165
361,18,623
362,18,1007
363,18,659
364,18,442
365,18,1016
366,18,460
367,18,468
368,18,874
369,18,609
370,18,205
371,18,922
372,18,135
373,18,626
374,18,44
375,18,826
376,18,751
377,18,48
378,18,690
379,18,291
380,18,653
381,18,743
382,18,806
383,18,588
384,18,677
385,18,273
386,18,568
387,18,796
388,18,892
389,18,420
390,18,245
391,18,912
392,18,641
393,18,752
394,18,573
395,18,380
396,18,363
397,18,811
398,18,428
399,18,302
0,19,489
1,19,469
2,19,528
3,19,370
4,19,722
5,19,954
6,19,1001
7,19,622
8,19,311
9,19,557
10,19,524
11,19,342
12,19,598
13,19,786
14,19,612
15,19,618
16,19,784
17,19,818
18,19,624
19,19,592
20,19,527
21,19,418
22,19,338
23,19,208
24,19,714
25,19,692
26,19,346
27,19,287
28,19,901
29,19,142
30,19,588
31,19,328
32,19,981
33,19,349
34,19,807
35,19,404
36,19,526
37,19,606
38,19,565
39,19,367
40,19,969
41,19,721
42,19,665
43,19,242
44,19,199
45,19,560
46,19,596
47,19,445
48,19,625
49,19,766
50,19,305
51,19,403
52,19,525
53,19,584
54,19,933
55,19,983
56,19,563
57,19,265
58,19,211
59,19,944
60,19,457
61,19,444
62,19,677
63,19,879
64,19,775
65,19,841
66,19,494
67,19,845
68,19,462
69,19,749
70,19,405
71,19,363
72,19,681
73,19,724
74,19,335
75,19,441
76,19,616
77,19,243
78,19,907
79,19,693
80,19,536
81,19,707
82,19,400
83,19,483
84,19,347
85,19,688
86,19,669
87,19,207
88,19,685
89,19,712
90,19,522
91,19,523
92,19,466
93,19,220
94,19,687
95,19,886
96,19,273
97,19,883
98,19,626
99,19,556
100,19,880
101,19,648
102,19,628
103,19,430
104,19,691
105,19,614
106,19,107
107,19,205
108,19,291
109,19,627
110,19,409
111,19,484
112,19,317
113,19,822
114,19,498
115,19,417
116,19,109
117,19,304
118,19,289
119,19,723
120,19,808
121,19,371
122,19,585
123,19,844
124,19,101
125,19,501
126,19,238
127,19,424
128,19,649
129,19,206
130,19,465
131,19,1013
132,19,50
133,19,518
134,19,619
135,19,267
136,19,941
137,19,745
138,19,44
139,19,656
140,19,150
141,19,792
142,19,607
143,19,114
144,19,173
145,19,725
146,19,781
147,19,244
148,19,91
149,19,235
150,19,797
151,19,550
152,19,470
153,19,414
154,19,302
155,19,278
156,19,197
157,19,791
158,19,720
159,19,689
160,19,237
161,19,474
162,19,310
163,19,98
164,19,433
165,19,133
166,19,402
167,19,838
168,19,461
169,19,754
170,19,492
171,19,473
172,19,306
173,19,234
174,19,740
175,19,790
176,19,139
177,19,686
178,19,812
179,19,175
180,19,976
181,19,921
182,19,621
183,19,380
184,19,261
185,19,435
186,19,847
187,19,20
188,19,451
189,19,743
190,19,212
191,19,438
192,19,366
193,19,709
194,19,580
195,19,938
196,19,361
197,19,980
198,19,615
199,19,341
200,19,567
201,19,595
202,19,658
203,19,419
204,19,239
205,19,14
206,19,741
207,19,135
208,19,571
209,19,660
210,19,118
211,19,667
212,19,545
213,19,46
214,19,437
215,19,45
216,19,916
217,19,772
218,19,440
219,19,515
220,19,914
221,19,266
222,19,156
223,19,401
224,19,434
225,19,292
226,19,733
227,19,1018
228,19,356
229,19,481
230,19,251
231,19,27
232,19,165
233,19,339
234,19,760
235,19,219
236,19,829
237,19,15
238,19,546
239,19,309
240,19,373
241,19,558
242,19,497
243,19,824
244,19,533
245,19,642
246,19,562
247,19,589
248,19,112
249,19,318
250,19,201
251,19,1011
252,19,88
253,19,209
254,19,16
255,19,193
256,19,178
257,19,767
258,19,5
259,19,814
260,19,66
261,19,629
262,19,763
263,19,252
264,19,881
265,19,460
266,19,127
267,19,299
268,19,42
269,19,532
270,19,390
271,19,657
272,19,661
273,19,223
274,19,490
275,19,214
276,19,336
277,19,514
278,19,374
279,19,798
280,19,951
281,19,229
282,19,216
283,19,869
284,19,705
285,19,368
286,19,932
287,19,568
288,19,840
289,19,815
290,19,559
291,19,202
292,19,630
293,19,241
294,19,506
295,19,599
296,19,429
297,19,535
298,19,148
299,19,115
300,19,329
301,19,431
302,19,41
303,19,662
304,19,316
305,19,467
306,19,782
307,19,355
308,19,340
309,19,387
310,19,755
311,19,303
312,19,315
313,19,463
314,19,613
315,19,783
316,19,119
317,19,432
318,19,696
319,19,823
320,19,344
321,19,570
322,19,655
323,19,493
324,19,8
325,19,167
326,19,301
327,19,753
328,19,233
329,19,583
330,19,269
331,19,350
332,19,982
333,19,578
334,19,888
335,19,531
336,19,260
337,19,240
338,19,67
339,19,701
340,19,887
341,19,653
342,19,308
343,19,450
344,19,285
345,19,1005
346,19,541
347,19,496
348,19,737
349,19,977
350,19,210
351,19,510
352,19,849
353,19,809
354,19,345
355,19,645
356,19,637
357,19,799
358,19,548
359,19,436
360,19,164
361,19,623
362,19,1008
363,19,659
364,19,443
365,19,1017
366,19,459
367,19,468
368,19,873
369,19,610
370,19,204
371,19,922
372,19,136
373,19,594
374,19,76
375,19,826
376,19,750
377,19,47
378,19,690
379,19,323
380,19,654
381,19,742
382,19,805
383,19,620
384,19,678
385,19,274
386,19,569
387,19,828
388,19,892
389,19,421
390,19,277
391,19,913
392,19,673
393,19,751
394,19,605
395,19,381
396,19,331
397,19,779
398,19,428
399,19,334
0,20,490
1,20,437
2,20,496
3,20,369
4,20,723
5,20,954
6,20,1002
7,20,623
8,20,311
9,20,558
10,20,524
11,20,341
12,20,566
13,20,786
14,20,613
15,20,618
16,20,784
17,20,817
18,20,592
19,20,560
20,20,526
21,20,386
22,20,338
23,20,207
24,20,714
25,20,693
26,20,347
27,20,287
28,20,901
29,20,142
30,20,556
31,20,329
32,20,1013
33,20,317
34,20,806
35,20,403
36,20,494
37,20,574
38,20,564
39,20,367
40,20,968
41,20,722
42,20,665
43,20,210
44,20,167
45,20,559
46,20,595
47,20,413
48,20,625
49,20,767
50,20,304
51,20,402
52,20,557
53,20,583
54,20,933
55,20,982
56,20,531
57,20,265
58,20,212
59,20,943
60,20,489
61,20,476
62,20,678
63,20,880
64,20,775
65,20,809
66,20,493
67,20,877
68,20,463
69,20,781
70,20,404
71,20,363
72,20,649
73,20,724
74,20,303
75,20,473
76,20,648
77,20,242
78,20,906
79,20,725
80,20,568
81,20,708
82,20,399
83,20,482
84,20,315
85,20,689
86,20,701
87,20,175
88,20,684
89,20,713
90,20,554
91,20,491
92,20,465
93,20,220
94,20,688
95,20,854
96,20,274
97,20,883
98,20,594
99,20,555
100,20,881
101,20,647
102,20,627
103,20,462
104,20,692
105,20,614
106,20,139
107,20,204
108,20,292
109,20,626
110,20,377
111,20,483
112,20,285
113,20,823
114,20,466
115,20,449
116,20,77
117,20,272
118,20,257
119,20,691
120,20,807
121,20,371
122,20,586
123,20,812
124,20,102
125,20,501
126,20,239
127,20,423
128,20,617
129,20,238
130,20,464
131,20,1012
132,20,49
133,20,518
134,20,619
135,20,235
136,20,940
137,20,746
138,20,43
139,20,624
140,20,151
141,20,791
142,20,607
143,20,114
144,20,173
145,20,757
146,20,782
147,20,243
148,20,92
149,20,234
150,20,796
151,20,550
152,20,502
153,20,382
154,20,301
155,20,279
156,20,165
157,20,790
158,20,720
159,20,721
160,20,205
161,20,506
162,20,278
163,20,98
164,20,432
165,20,101
166,20,370
167,20,838
168,20,460
169,20,755
170,20,492
171,20,474
172,20,305
173,20,233
174,20,739
175,20,822
176,20,140
177,20,687
178,20,811
179,20,174
180,20,1008
181,20,921
182,20,653
183,20,412
184,20,260
185,20,436
186,20,879
187,20,20
188,20,450
189,20,743
190,20,244
191,20,470
192,20,366
193,20,709
194,20,580
195,20,938
196,20,362
197,20,981
198,20,616
199,20,309
200,20,535
201,20,563
202,20,657
203,20,451
204,20,240
205,20,15
206,20,741
207,20,136
208,20,571
209,20,660
210,20,150
211,20,667
212,20,546
213,20,78
214,20,405
215,20,44
216,20,916
217,20,772
218,20,472
219,20,547
220,20,915
221,20,266
222,20,156
223,20,433
224,20,434
225,20,324
226,20,765
227,20,1019
228,20,357
229,20,513
230,20,251
231,20,27
232,20,133
233,20,339
234,20,792
235,20,219
236,20,797
237,20,16
238,20,578
239,20,308
240,20,373
241,20,590
242,20,498
243,20,825
244,20,533
245,20,641
246,20,561
247,20,588
248,20,112
249,20,318
250,20,202
251,20,979
252,20,89
253,20,177
254,20,48
255,20,161
256,20,179
257,20,799
258,20,5
259,20,813
260,20,34
261,20,628
262,20,763
263,20,284
264,20,882
265,20,428
266,20,127
267,20,267
268,20,10
269,20,532
270,20,390
271,20,656
272,20,629
273,20,223
274,20,522
275,20,214
276,20,335
277,20,514
278,20,406
279,20,798
280,20,951
281,20,261
282,20,216
283,20,869
284,20,706
285,20,336
286,20,931
287,20,600
288,20,840
289,20,814
290,20,527
291,20,170
292,20,662
293,20,209
294,20,507
295,20,598
296,20,461
297,20,536
298,20,147
299,20,116
300,20,361
301,20,430
302,20,41
303,20,661
304,20,348
305,20,435
306,20,783
307,20,387
308,20,340
309,20,419
310,20,787
311,20,302
312,20,316
313,20,431
314,20,645
315,20,815
316,20,119
317,20,400
318,20,697
319,20,824
320,20,345
321,20,602
322,20,654
323,20,525
324,20,8
325,20,166
326,20,269
327,20,754
328,20,201
329,20,615
330,20,237
331,20,349
332,20,1014
333,20,579
334,20,856
335,20,499
336,20,228
337,20,208
338,20,68
339,20,700
340,20,886
341,20,685
342,20,307
343,20,418
344,20,253
345,20,1005
346,20,573
347,20,497
348,20,737
349,20,976
350,20,211
351,20,478
352,20,848
353,20,777
354,20,346
355,20,677
356,20,669
357,20,831
358,20,549
359,20,468
360,20,163
361,20,655
362,20,1009
363,20,659
364,20,475
365,20,1018
366,20,458
367,20,469
368,20,841
369,20,610
370,20,203
371,20,922
372,20,137
373,20,562
374,20,76
375,20,826
376,20,749
377,20,46
378,20,690
379,20,355
380,20,622
381,20,710
382,20,804
383,20,621
384,20,679
385,20,306
386,20,569
387,20,828
388,20,892
389,20,453
390,20,277
391,20,914
392,20,705
393,20,750
394,20,637
395,20,381
396,20,299
397,20,747
398,20,429
399,20,334
0,21,491
1,21,405
2,21,497
3,21,368
4,21,691
5,21,954
6,21,1003
7,21,624
8,21,312
9,21,526
10,21,523
11,21,309
12,21,534
13,21,786
14,21,645
15,21,618
16,21,816
17,21,849
18,21,560
19,21,528
20,21,525
21,21,354
22,21,339
23,21,206
24,21,746
25,21,661
26,21,315
27,21,287
28,21,901
29,21,142
30,21,524
31,21,361
32,21,1014
33,21,285
34,21,805
35,21,371
36,21,494
37,21,542
38,21,596
39,21,366
40,21,967
41,21,723
42,21,665
43,21,209
44,21,135
45,21,558
46,21,627
47,21,381
48,21,626
49,21,767
50,21,336
51,21,402
52,21,589
53,21,551
54,21,933
55,21,981
56,21,532
57,21,265
58,21,244
59,21,942
60,21,521
61,21,476
62,21,679
63,21,879
64,21,775
65,21,777
66,21,461
67,21,877
68,21,463
69,21,749
70,21,436
71,21,363
72,21,649
73,21,724
74,21,304
75,21,505
76,21,616
77,21,241
78,21,905
79,21,725
80,21,600
81,21,740
82,21,367
83,21,450
84,21,283
85,21,690
86,21,733
87,21,176
88,21,683
89,21,714
90,21,586
91,21,492
92,21,464
93,21,220
94,21,689
95,21,855
96,21,242
97,21,851
98,21,562
99,21,555
100,21,882
101,21,646
102,21,659
103,21,430
104,21,693
105,21,614
106,21,139
107,21,203
108,21,293
109,21,658
110,21,376
111,21,482
112,21,253
113,21,791
114,21,434
115,21,449
116,21,78
117,21,240
118,21,225
119,21,692
120,21,806
121,21,370
122,21,587
123,21,780
124,21,103
125,21,501
126,21,238
127,21,422
128,21,585
129,21,237
130,21,496
131,21,1012
132,21,81
133,21,519
134,21,619
135,21,236
136,21,939
137,21,778
138,21,42
139,21,592
140,21,183
141,21,790
142,21,607
143,21,114
144,21,172
145,21,757
146,21,814
147,21,243
148,21,93
149,21,233
150,21,795
151,21,518
152,21,502
153,21,350
154,21,333
155,21,311
156,21,166
157,21,822
158,21,721
159,21,753
160,21,204
161,21,506
162,21,246
163,21,98
164,21,433
165,21,69
166,21,338
167,21,838
168,21,459
169,21,755
170,21,493
171,21,473
172,21,273
173,21,201
174,21,771
175,21,854
176,21,108
177,21,688
178,21,843
179,21,173
180,21,1007
181,21,921
182,21,685
183,21,444
184,21,260
185,21,437
186,21,878
187,21,20
188,21,418
189,21,743
190,21,276
191,21,470
192,21,398
193,21,710
194,21,581
195,21,938
196,21,394
197,21,1013
198,21,584
199,21,277
200,21,503
201,21,595
202,21,657
203,21,483
204,21,208
205,21,16
206,21,741
207,21,168
208,21,571
209,21,628
210,21,151
211,21,667
212,21,578
213,21,110
214,21,373
215,21,43
216,21,884
217,21,772
218,21,504
219,21,579
220,21,916
221,21,266
222,21,156
223,21,465
224,21,435
225,21,356
226,21,766
227,21,1020
228,21,325
229,21,545
230,21,251
231,21,27
232,21,101
233,21,340
234,21,793
235,21,219
236,21,765
237,21,48
238,21,610
239,21,307
240,21,374
241,21,590
242,21,466
243,21,826
244,21,533
245,21,673
246,21,529
247,21,556
248,21,112
249,21,318
250,21,234
251,21,980
252,21,121
253,21,178
254,21,49
255,21,160
256,21,211
257,21,831
258,21,5
259,21,812
260,21,34
261,21,629
262,21,763
263,21,316
264,21,883
265,21,460
266,21,127
267,21,235
268,21,9
269,21,564
270,21,390
271,21,655
272,21,597
273,21,223
274,21,554
275,21,214
276,21,334
277,21,513
278,21,438
279,21,797
280,21,951
281,21,261
282,21,216
283,21,869
284,21,674
285,21,335
286,21,930
287,21,601
288,21,841
289,21,813
290,21,527
291,21,170
292,21,630
293,21,177
294,21,508
295,21,598
296,21,462
297,21,535
298,21,146
299,21,117
300,21,393
301,21,429
302,21,41
303,21,662
304,21,380
305,21,403
306,21,784
307,21,388
308,21,341
309,21,420
310,21,787
311,21,303
312,21,348
313,21,431
314,21,677
315,21,815
316,21,119
317,21,399
318,21,698
319,21,792
320,21,346
321,21,602
322,21,653
323,21,557
324,21,8
325,21,134
326,21,301
327,21,754
328,21,200
329,21,647
330,21,205
331,21,317
332,21,982
333,21,580
334,21,824
335,21,467
336,21,228
337,21,207
338,21,68
339,21,700
340,21,885
341,21,686
342,21,306
343,21,386
344,21,221
345,21,1005
346,21,605
347,21,498
348,21,738
349,21,976
350,21,212
351,21,477
352,21,880
353,21,745
354,21,378
355,21,709
356,21,701
357,21,830
358,21,550
359,21,468
360,21,195
361,21,623
362,21,1010
363,21,660
364,21,507
365,21,1019
366,21,457
367,21,469
368,21,809
369,21,609
370,21,202
371,21,922
372,21,138
373,21,561
374,21,77
375,21,858
376,21,750
377,21,45
378,21,722
379,21,387
380,21,654
381,21,678
382,21,803
383,21,622
384,21,680
385,21,305
386,21,568
387,21,828
388,21,892
389,21,485
390,21,278
391,21,946
392,21,737
393,21,782
394,21,669
395,21,349
396,21,267
397,21,715
398,21,428
399,21,302
0,22,459
1,22,405
2,22,498
3,22,367
4,22,692
5,22,954
6,22,1004
7,22,625
8,22,311
9,22,525
10,22,523
11,22,277
12,22,502
13,22,786
14,22,646
15,22,650
16,22,848
17,22,881
18,22,559
19,22,529
20,22,524
21,22,353
22,22,371
23,22,205
24,22,746
25,22,629
26,22,283
27,22,287
28,22,901
29,22,142
30,22,492
31,22,362
32,22,982
33,22,253
34,22,804
35,22,370
36,22,526
37,22,510
38,22,628
39,22,398
40,22,999
41,22,691
42,22,665
43,22,177
44,22,134
45,22,590
46,22,626
47,22,349
48,22,594
49,22,767
50,22,368
51,22,401
52,22,621
53,22,519
54,22,933
55,22,980
56,22,533
57,22,265
58,22,276
59,22,941
60,22,553
61,22,475
62,22,711
63,22,879
64,22,775
65,22,745
66,22,460
67,22,909
68,22,464
69,22,749
70,22,404
71,22,363
72,22,649
73,22,723
74,22,272
75,22,506
76,22,616
77,22,240
78,22,904
79,22,724
80,22,632
81,22,741
82,22,366
83,22,418
84,22,284
85,22,658
86,22,734
87,22,144
88,22,715
89,22,714
90,22,618
91,22,491
92,22,496
93,22,220
94,22,690
95,22,887
96,22,243
97,22,851
98,22,563
99,22,587
100,22,883
101,22,678
102,22,659
103,22,462
104,22,725
105,22,614
106,22,139
107,22,235
108,22,294
109,22,657
110,22,344
111,22,481
112,22,221
113,22,790
114,22,435
115,22,450
116,22,46
117,22,239
118,22,226
119,22,693
120,22,805
121,22,369
122,22,588
123,22,748
124,22,104
125,22,501
126,22,206
127,22,454
128,22,586
129,22,236
130,22,528
131,22,1013
132,22,80
133,22,518
134,22,619
135,22,204
136,22,907
137,22,810
138,22,41
139,22,592
140,22,184
141,22,758
142,22,607
143,22,114
144,22,140
145,22,757
146,22,815
147,22,211
148,22,94
149,22,201
150,22,827
151,22,550
152,22,503
153,22,351
154,22,301
155,22,343
156,22,167
157,22,823
158,22,722
159,22,785
160,22,203
161,22,474
162,22,214
163,22,98
164,22,433
165,22,37
166,22,339
167,22,838
168,22,458
169,22,755
170,22,493
171,22,473
172,22,305
173,22,200
174,22,770
175,22,854
176,22,109
177,22,656
178,22,844
179,22,172
180,22,1006
181,22,921
182,22,684
183,22,476
184,22,260
185,22,438
186,22,877
187,22,20
188,22,386
189,22,743
190,22,308
191,22,469
192,22,399
193,22,710
194,22,580
195,22,938
196,22,426
197,22,1014
198,22,585
199,22,278
200,22,471
201,22,627
202,22,689
203,22,515
204,22,208
205,22,48
206,22,742
207,22,136
208,22,571
209,22,660
210,22,183
211,22,667
212,22,610
213,22,78
214,22,374
215,22,42
216,22,916
217,22,772
218,22,536
219,22,578
220,22,948
221,22,266
222,22,156
223,22,497
224,22,467
225,22,388
226,22,798
227,22,988
228,22,293
229,22,546
230,22,251
231,22,27
232,22,69
233,22,341
234,22,825
235,22,219
236,22,733
237,22,49
238,22,642
239,22,306
240,22,342
241,22,589
242,22,434
243,22,794
244,22,534
245,22,705
246,22,561
247,22,555
248,22,112
249,22,318
250,22,202
251,22,1012
252,22,122
253,22,179
254,22,81
255,22,160
256,22,212
257,22,830
258,22,5
259,22,811
260,22,34
261,22,597
262,22,763
263,22,348
264,22,884
265,22,428
266,22,127
267,22,234
268,22,9
269,22,596
270,22,390
271,22,654
272,22,598
273,22,223
274,22,554
275,22,213
276,22,333
277,22,545
278,22,439
279,22,797
280,22,951
281,22,261
282,22,216
283,22,869
284,22,673
285,22,334
286,22,930
287,22,633
288,22,842
289,22,812
290,22,527
291,22,138
292,22,662
293,22,176
294,22,509
295,22,630
296,22,494
297,22,535
298,22,145
299,22,118
300,22,392
301,22,461
302,22,40
303,22,694
304,22,412
305,22,402
306,22,816
307,22,387
308,22,373
309,22,420
310,22,787
311,22,335
312,22,347
313,22,430
314,22,709
315,22,847
316,22,119
317,22,431
318,22,699
319,22,760
320,22,378
321,22,601
322,22,685
323,22,558
324,22,8
325,22,166
326,22,302
327,22,753
328,22,168
329,22,679
330,22,173
331,22,285
332,22,983
333,22,612
334,22,792
335,22,468
336,22,228
337,22,207
338,22,68
339,22,732
340,22,885
341,22,687
342,22,338
343,22,354
344,22,189
345,22,1005
346,22,637
347,22,466
348,22,737
349,22,976
350,22,244
351,22,445
352,22,912
353,22,744
354,22,410
355,22,708
356,22,700
357,22,829
358,22,551
359,22,436
360,22,227
361,22,655
362,22,1011
363,22,661
364,22,508
365,22,1020
366,22,489
367,22,437
368,22,777
369,22,609
370,22,170
371,22,922
372,22,106
373,22,560
374,22,45
375,22,826
376,22,751
377,22,44
378,22,754
379,22,419
380,22,622
381,22,677
382,22,771
383,22,623
384,22,681
385,22,304
386,22,568
387,22,828
388,22,892
389,22,517
390,22,279
391,22,947
392,22,769
393,22,781
394,22,701
395,22,317
396,22,267
397,22,716
398,22,429
399,22,303
0,23,491
1,23,373
2,23,466
3,23,366
4,23,693
5,23,954
6,23,1005
7,23,657
8,23,343
9,23,525
10,23,524
11,23,245
12,23,470
13,23,787
14,23,647
15,23,682
16,23,848
17,23,913
18,23,558
19,23,497
20,23,556
21,23,352
22,23,403
23,23,204
24,23,746
25,23,597
26,23,251
27,23,287
28,23,901
29,23,142
30,23,493
31,23,394
32,23,981
33,23,221
34,23,772
35,23,338
36,23,527
37,23,478
38,23,660
39,23,399
40,23,998
41,23,692
42,23,666
43,23,176
44,23,133
45,23,622
46,23,625
47,23,317
48,23,562
49,23,767
50,23,400
51,23,433
52,23,653
53,23,487
54,23,933
55,23,979
56,23,534
57,23,265
58,23,308
59,23,940
60,23,585
61,23,476
62,23,712
63,23,847
64,23,775
65,23,713
66,23,459
67,23,877
68,23,432
69,23,749
70,23,436
71,23,363
72,23,649
73,23,755
74,23,240
75,23,505
76,23,616
77,23,239
78,23,872
79,23,724
80,23,664
81,23,741
82,23,334
83,23,386
84,23,283
85,23,626
86,23,735
87,23,145
88,23,747
89,23,714
90,23,650
91,23,490
92,23,464
93,23,252
94,23,691
95,23,887
96,23,211
97,23,883
98,23,531
99,23,619
100,23,884
101,23,677
102,23,658
103,23,461
104,23,725
105,23,614
106,23,107
107,23,267
108,23,295
109,23,656
110,23,312
111,23,449
112,23,189
113,23,790
114,23,434
115,23,450
116,23,47
117,23,238
118,23,194
119,23,661
120,23,804
121,23,368
122,23,589
123,23,748
124,23,105
125,23,501
126,23,205
127,23,486
128,23,587
129,23,235
130,23,560
131,23,1014
132,23,48
133,23,518
134,23,651
135,23,172
136,23,906
137,23,842
138,23,40
139,23,592
140,23,185
141,23,758
142,23,607
143,23,114
144,23,140
145,23,757
146,23,816
147,23,210
148,23,126
149,23,200
150,23,859
151,23,550
152,23,535
153,23,351
154,23,269
155,23,375
156,23,168
157,23,824
158,23,723
159,23,785
160,23,203
161,23,506
162,23,215
163,23,98
164,23,465
165,23,36
166,23,340
167,23,838
168,23,457
169,23,754
170,23,494
171,23,473
172,23,273
173,23,199
174,23,802
175,23,854
176,23,77
177,23,688
178,23,876
179,23,171
180,23,974
181,23,921
182,23,683
183,23,508
184,23,259
185,23,437
186,23,845
187,23,20
188,23,354
189,23,742
190,23,309
191,23,469
192,23,367
193,23,709
194,23,580
195,23,938
196,23,458
197,23,982
198,23,586
199,23,277
200,23,472
201,23,627
202,23,721
203,23,547
204,23,208
205,23,49
206,23,710
207,23,135
208,23,571
209,23,659
210,23,184
211,23,668
212,23,642
213,23,78
214,23,342
215,23,41
216,23,916
217,23,771
218,23,568
219,23,610
220,23,949
221,23,234
222,23,156
223,23,496
224,23,499
225,23,387
226,23,830
227,23,1020
228,23,261
229,23,578
230,23,219
231,23,27
232,23,37
233,23,341
234,23,857
235,23,220
236,23,701
237,23,50
238,23,641
239,23,306
240,23,310
241,23,557
242,23,402
243,23,794
244,23,502
245,23,737
246,23,561
247,23,523
248,23,112
249,23,319
250,23,202
251,23,1013
252,23,123
253,23,147
254,23,113
255,23,160
256,23,244
257,23,862
258,23,5
259,23,810
260,23,34
261,23,596
262,23,763
263,23,380
264,23,885
265,23,429
266,23,127
267,23,233
268,23,10
269,23,595
270,23,390
271,23,654
272,23,599
273,23,223
274,23,553
275,23,214
276,23,332
277,23,545
278,23,471
279,23,797
280,23,951
281,23,260
282,23,216
283,23,869
284,23,672
285,23,302
286,23,930
287,23,665
288,23,843
289,23,811
290,23,528
291,23,139
292,23,662
293,23,175
294,23,541
295,23,630
296,23,462
297,23,536
298,23,177
299,23,119
300,23,424
301,23,460
302,23,8
303,23,694
304,23,444
305,23,370
306,23,817
307,23,419
308,23,374
309,23,420
310,23,819
311,23,336
312,23,315
313,23,398
314,23,708
315,23,815
316,23,151
317,23,431
318,23,667
319,23,728
320,23,410
321,23,633
322,23,684
323,23,526
324,23,9
325,23,165
326,23,303
327,23,753
328,23,136
329,23,711
330,23,141
331,23,285
332,23,984
333,23,613
334,23,792
335,23,468
336,23,229
337,23,206
338,23,69
339,23,733
340,23,886
341,23,687
342,23,339
343,23,322
344,23,188
345,23,973
346,23,669
347,23,467
348,23,738
349,23,976
350,23,276
351,23,413
352,23,912
353,23,743
354,23,442
355,23,707
356,23,732
357,23,829
358,23,552
359,23,435
360,23,228
361,23,623
362,23,1012
363,23,629
364,23,509
365,23,1021
366,23,521
367,23,405
368,23,745
369,23,609
370,23,138
371,23,922
372,23,106
373,23,559
374,23,45
375,23,826
376,23,751
377,23,43
378,23,786
379,23,451
380,23,621
381,23,645
382,23,739
383,23,624
384,23,681
385,23,305
386,23,569
387,23,828
388,23,892
389,23,549
390,23,311
391,23,948
392,23,801
393,23,780
394,23,700
395,23,318
396,23,266
397,23,715
398,23,430
399,23,304
0,24,492
1,24,374
2,24,434
3,24,367
4,24,661
5,24,954
6,24,1006
7,24,658
8,24,344
9,24,493
10,24,556
11,24,244
12,24,471
13,24,786
14,24,648
15,24,681
16,24,880
17,24,945
18,24,557
19,24,498
20,24,555
21,24,320
22,24,403
23,24,236
24,24,746
25,24,598
26,24,219
27,24,287
28,24,901
29,24,142
30,24,461
31,24,426
32,24,1013
33,24,189
34,24,740
35,24,339
36,24,528
37,24,477
38,24,659
39,24,431
40,24,997
41,24,693
42,24,665
43,24,175
44,24,132
45,24,621
46,24,657
47,24,285
48,24,563
49,24,766
50,24,399
51,24,465
52,24,685
53,24,487
54,24,933
55,24,978
56,24,535
57,24,266
58,24,309
59,24,939
60,24,617
61,24,475
62,24,744
63,24,847
64,24,775
65,24,713
66,24,458
67,24,909
68,24,432
69,24,749
70,24,435
71,24,363
72,24,649
73,24,787
74,24,241
75,24,504
76,24,616
77,24,238
78,24,840
79,24,725
80,24,696
81,24,742
82,24,333
83,24,354
84,24,283
85,24,594
86,24,767
87,24,146
88,24,779
89,24,714
90,24,682
91,24,491
92,24,464
93,24,252
94,24,692
95,24,887
96,24,212
97,24,883
98,24,532
99,24,618
100,24,885
101,24,678
102,24,626
103,24,460
104,24,757
105,24,614
106,24,139
107,24,299
108,24,263
109,24,655
110,24,280
111,24,449
112,24,157
113,24,791
114,24,402
115,24,450
116,24,48
117,24,206
118,24,162
119,24,629
120,24,836
121,24,400
122,24,590
123,24,748
124,24,106
125,24,501
126,24,204
127,24,485
128,24,588
129,24,234
130,24,592
131,24,982
132,24,16
133,24,518
134,24,619
135,24,140
136,24,905
137,24,874
138,24,39
139,24,624
140,24,217
141,24,790
142,24,607
143,24,114
144,24,141
145,24,758
146,24,848
147,24,242
148,24,158
149,24,168
150,24,891
151,24,550
152,24,536
153,24,319
154,24,237
155,24,407
156,24,136
157,24,856
158,24,724
159,24,753
160,24,171
161,24,505
162,24,183
163,24,98
164,24,466
165,24,35
166,24,340
167,24,838
168,24,489
169,24,722
170,24,494
171,24,473
172,24,272
173,24,199
174,24,834
175,24,855
176,24,78
177,24,689
178,24,877
179,24,170
180,24,973
181,24,921
182,24,715
183,24,509
184,24,259
185,24,469
186,24,844
187,24,20
188,24,353
189,24,743
190,24,341
191,24,470
192,24,335
193,24,677
194,24,580
195,24,938
196,24,490
197,24,983
198,24,587
199,24,277
200,24,440
201,24,628
202,24,720
203,24,579
204,24,176
205,24,50
206,24,709
207,24,167
208,24,571
209,24,691
210,24,185
211,24,667
212,24,641
213,24,110
214,24,310
215,24,40
216,24,916
217,24,772
218,24,569
219,24,642
220,24,981
221,24,202
222,24,156
223,24,497
224,24,531
225,24,419
226,24,862
227,24,1020
228,24,229
229,24,610
230,24,220
231,24,27
232,24,36
233,24,342
234,24,857
235,24,188
236,24,669
237,24,51
238,24,673
239,24,305
240,24,278
241,24,525
242,24,370
243,24,794
244,24,534
245,24,769
246,24,560
247,24,522
248,24,112
249,24,318
250,24,203
251,24,1014
252,24,124
253,24,148
254,24,145
255,24,160
256,24,276
257,24,894
258,24,5
259,24,809
260,24,34
261,24,595
262,24,763
263,24,412
264,24,886
265,24,429
266,24,127
267,24,233
268,24,11
269,24,627
270,24,390
271,24,622
272,24,567
273,24,223
274,24,552
275,24,214
276,24,331
277,24,545
278,24,503
279,24,797
280,24,951
281,24,292
282,24,216
283,24,869
284,24,640
285,24,301
286,24,930
287,24,697
288,24,842
289,24,810
290,24,496
291,24,138
292,24,662
293,24,174
294,24,542
295,24,630
296,24,462
297,24,568
298,24,209
299,24,120
300,24,423
301,24,459
302,24,9
303,24,694
304,24,476
305,24,338
306,24,818
307,24,418
308,24,375
309,24,420
310,24,819
311,24,368
312,24,315
313,24,366
314,24,708
315,24,814
316,24,119
317,24,430
318,24,699
319,24,728
320,24,442
321,24,632
322,24,683
323,24,527
324,24,10
325,24,197
326,24,304
327,24,721
328,24,135
329,24,712
330,24,109
331,24,284
332,24,1016
333,24,645
334,24,792
335,24,436
336,24,228
337,24,205
338,24,70
339,24,701
340,24,854
341,24,688
342,24,371
343,24,290
344,24,187
345,24,1005
346,24,668
347,24,468
348,24,737
349,24,976
350,24,308
351,24,381
352,24,912
353,24,711
354,24,441
355,24,707
356,24,733
357,24,830
358,24,584
359,24,467
360,24,260
361,24,623
362,24,1012
363,24,597
364,24,541
365,24,989
366,24,553
367,24,373
368,24,745
369,24,609
370,24,137
371,24,922
372,24,74
373,24,558
374,24,45
375,24,826
376,24,751
377,24,42
378,24,785
379,24,483
380,24,589
381,24,646
382,24,738
383,24,625
384,24,680
385,24,273
386,24,570
387,24,828
388,24,892
389,24,581
390,24,343
391,24,949
392,24,802
393,24,812
394,24,732
395,24,286
396,24,267
397,24,716
398,24,398
399,24,336
0,25,460
1,25,373
2,25,435
3,25,366
4,25,629
5,25,954
6,25,1006
7,25,690
8,25,312
9,25,461
10,25,555
11,25,243
12,25,472
13,25,818
14,25,649
15,25,682
16,25,848
17,25,945
18,25,556
19,25,466
20,25,587
21,25,288
22,25,402
23,25,235
24,25,745
25,25,566
26,25,187
27,25,287
28,25,901
29,25,141
30,25,462
31,25,426
32,25,1013
33,25,157
34,25,739
35,25,340
36,25,496
37,25,445
38,25,691
39,25,430
40,25,997
41,25,661
42,25,665
43,25,175
44,25,100
45,25,620
46,25,689
47,25,253
48,25,564
49,25,767
50,25,431
51,25,497
52,25,717
53,25,487
54,25,933
55,25,977
56,25,503
57,25,266
58,25,310
59,25,907
60,25,616
61,25,476
62,25,776
63,25,847
64,25,775
65,25,712
66,25,457
67,25,877
68,25,433
69,25,749
70,25,467
71,25,363
72,25,681
73,25,786
74,25,242
75,25,504
76,25,648
77,25,237
78,25,808
79,25,724
80,25,728
81,25,743
82,25,332
83,25,353
84,25,283
85,25,595
86,25,799
87,25,147
88,25,811
89,25,746
90,25,714
91,25,490
92,25,465
93,25,252
94,25,693
95,25,887
96,25,213
97,25,883
98,25,531
99,25,617
100,25,886
101,25,677
102,25,594
103,25,459
104,25,725
105,25,615
106,25,138
107,25,299
108,25,264
109,25,654
110,25,279
111,25,449
112,25,158
113,25,790
114,25,370
115,25,450
116,25,49
117,25,174
118,25,130
119,25,630
120,25,868
121,25,432
122,25,622
123,25,748
124,25,107
125,25,502
126,25,172
127,25,517
128,25,589
129,25,233
130,25,624
131,25,983
132,25,16
133,25,518
134,25,619
135,25,108
136,25,904
137,25,906
138,25,38
139,25,625
140,25,249
141,25,758
142,25,607
143,25,114
144,25,173
145,25,757
146,25,849
147,25,210
148,25,190
149,25,167
150,25,923
151,25,550
152,25,535
153,25,319
154,25,205
155,25,439
156,25,104
157,25,888
158,25,692
159,25,785
160,25,139
161,25,505
162,25,151
163,25,98
164,25,434
165,25,35
166,25,308
167,25,838
168,25,521
169,25,754
170,25,493
171,25,473
172,25,240
173,25,200
174,25,866
175,25,855
176,25,46
177,25,721
178,25,878
179,25,202
180,25,972
181,25,921
182,25,747
183,25,541
184,25,260
185,25,501
186,25,843
187,25,20
188,25,352
189,25,711
190,25,342
191,25,470
192,25,303
193,25,709
194,25,580
195,25,938
196,25,489
197,25,984
198,25,588
199,25,245
200,25,408
201,25,660
202,25,752
203,25,578
204,25,144
205,25,51
206,25,710
207,25,199
208,25,571
209,25,723
210,25,217
211,25,668
212,25,673
213,25,78
214,25,278
215,25,39
216,25,916
217,25,772
218,25,569
219,25,641
220,25,982
221,25,203
222,25,188
223,25,529
224,25,563
225,25,451
226,25,894
227,25,1020
228,25,230
229,25,642
230,25,219
231,25,27
232,25,36
233,25,343
234,25,857
235,25,220
236,25,670
237,25,52
238,25,705
239,25,304
240,25,246
241,25,525
242,25,338
243,25,794
244,25,533
245,25,801
246,25,559
247,25,522
248,25,112
249,25,318
250,25,204
251,25,1014
252,25,156
253,25,149
254,25,146
255,25,160
256,25,277
257,25,926
258,25,5
259,25,841
260,25,34
261,25,627
262,25,763
263,25,444
264,25,854
265,25,428
266,25,127
267,25,265
268,25,10
269,25,659
270,25,390
271,25,621
272,25,568
273,25,223
274,25,551
275,25,214
276,25,330
277,25,545
278,25,471
279,25,797
280,25,951
281,25,293
282,25,216
283,25,869
284,25,608
285,25,269
286,25,930
287,25,697
288,25,842
289,25,809
290,25,464
291,25,170
292,25,662
293,25,142
294,25,542
295,25,598
296,25,494
297,25,536
298,25,241
299,25,121
300,25,422
301,25,458
302,25,9
303,25,694
304,25,477
305,25,306
306,25,819
307,25,386
308,25,376
309,25,420
310,25,787
311,25,400
312,25,315
313,25,334
314,25,740
315,25,813
316,25,119
317,25,429
318,25,667
319,25,727
320,25,443
321,25,632
322,25,715
323,25,528
324,25,42
325,25,197
326,25,272
327,25,722
328,25,134
329,25,744
330,25,110
331,25,285
332,25,1017
333,25,646
334,25,792
335,25,404
336,25,228
337,25,206
338,25,70
339,25,701
340,25,822
341,25,688
342,25,403
343,25,291
344,25,155
345,25,1005
346,25,700
347,25,469
348,25,737
349,25,976
350,25,309
351,25,349
352,25,912
353,25,679
354,25,442
355,25,707
356,25,765
357,25,831
358,25,552
359,25,499
360,25,292
361,25,623
362,25,1012
363,25,565
364,25,573
365,25,957
366,25,585
367,25,341
368,25,713
369,25,610
370,25,136
371,25,922
372,25,106
373,25,526
374,25,45
375,25,826
376,25,751
377,25,41
378,25,817
379,25,515
380,25,557
381,25,614
382,25,706
383,25,626
384,25,680
385,25,305
386,25,570
387,25,828
388,25,892
389,25,613
390,25,311
391,25,981
392,25,834
393,25,844
394,25,733
395,25,286
396,25,267
397,25,684
398,25,399
399,25,336
0,26,428
1,26,373
2,26,436
3,26,398
4,26,597
5,26,954
6,26,1006
7,26,691
8,26,312
9,26,460
10,26,587
11,26,211
12,26,440
13,26,817
14,26,650
15,26,682
16,26,816
17,26,977
18,26,555
19,26,434
20,26,586
21,26,256
22,26,402
23,26,267
24,26,745
25,26,566
26,26,155
27,26,287
28,26,901
29,26,141
30,26,463
31,26,426
32,26,1013
33,26,156
34,26,707
35,26,308
36,26,497
37,26,413
38,26,723
39,26,462
40,26,997
41,26,629
42,26,665
43,26,174
44,26,68
45,26,652
46,26,721
47,26,221
48,26,565
49,26,767
50,26,430
51,26,529
52,26,749
53,26,487
54,26,933
55,26,976
56,26,504
57,26,298
58,26,311
59,26,906
60,26,648
61,26,477
62,26,808
63,26,847
64,26,775
65,26,711
66,26,489
67,26,877
68,26,432
69,26,781
70,26,466
71,26,363
72,26,713
73,26,818
74,26,243
75,26,505
76,26,680
77,26,236
78,26,807
79,26,724
80,26,760
81,26,744
82,26,331
83,26,352
84,26,283
85,26,596
86,26,831
87,26,148
88,26,810
89,26,778
90,26,746
91,26,458
92,26,465
93,26,220
94,26,694
95,26,855
96,26,214
97,26,883
98,26,499
99,26,649
100,26,887
101,26,677
102,26,562
103,26,491
104,26,725
105,26,614
106,26,137
107,26,299
108,26,265
109,26,654
110,26,278
111,26,449
112,26,126
113,26,790
114,26,370
115,26,450
116,26,50
117,26,142
118,26,131
119,26,631
120,26,868
121,26,431
122,26,623
123,26,748
124,26,139
125,26,502
126,26,140
127,26,516
128,26,557
129,26,234
130,26,656
131,26,984
132,26,16
133,26,519
134,26,619
135,26,109
136,26,903
137,26,938
138,26,37
139,26,626
140,26,250
141,26,758
142,26,607
143,26,114
144,26,172
145,26,757
146,26,850
147,26,242
148,26,190
149,26,166
150,26,955
151,26,518
152,26,534
153,26,319
154,26,173
155,26,471
156,26,105
157,26,920
158,26,693
159,26,785
160,26,138
161,26,506
162,26,119
163,26,98
164,26,433
165,26,35
166,26,276
167,26,838
168,26,553
169,26,754
170,26,494
171,26,473
172,26,239
173,26,168
174,26,865
175,26,854
176,26,47
177,26,722
178,26,878
179,26,201
180,26,1004
181,26,921
182,26,779
183,26,573
184,26,261
185,26,501
186,26,843
187,26,20
188,26,320
189,26,743
190,26,374
191,26,438
192,26,302
193,26,709
194,26,580
195,26,939
196,26,490
197,26,985
198,26,589
199,26,277
200,26,409
201,26,692
202,26,784
203,26,610
204,26,112
205,26,52
206,26,710
207,26,200
208,26,571
209,26,755
210,26,218
211,26,700
212,26,705
213,26,77
214,26,246
215,26,38
216,26,916
217,26,771
218,26,568
219,26,673
220,26,983
221,26,171
222,26,189
223,26,528
224,26,595
225,26,483
226,26,926
227,26,1020
228,26,231
229,26,641
230,26,251
231,26,27
232,26,36
233,26,344
234,26,857
235,26,219
236,26,671
237,26,84
238,26,737
239,26,303
240,26,245
241,26,493
242,26,339
243,26,794
244,26,532
245,26,802
246,26,559
247,26,522
248,26,113
249,26,318
250,26,205
251,26,1014
252,26,188
253,26,150
254,26,147
255,26,160
256,26,309
257,26,958
258,26,5
259,26,873
260,26,34
261,26,659
262,26,763
263,26,476
264,26,822
265,26,429
266,26,127
267,26,233
268,26,9
269,26,660
270,26,390
271,26,620
272,26,536
273,26,223
274,26,550
275,26,215
276,26,329
277,26,545
278,26,503
279,26,797
280,26,951
281,26,294
282,26,216
283,26,869
284,26,608
285,26,237
286,26,930
287,26,697
288,26,842
289,26,777
290,26,464
291,26,202
292,26,661
293,26,110
294,26,541
295,26,630
296,26,526
297,26,535
298,26,241
299,26,122
300,26,454
301,26,457
302,26,41
303,26,662
304,26,478
305,26,274
306,26,820
307,26,386
308,26,377
309,26,420
310,26,787
311,26,401
312,26,315
313,26,333
314,26,772
315,26,813
316,26,87
317,26,461
318,26,668
319,26,728
320,26,475
321,26,632
322,26,747
323,26,496
324,26,10
325,26,197
326,26,273
327,26,690
328,26,133
329,26,776
330,26,78
331,26,285
332,26,1018
333,26,647
334,26,792
335,26,403
336,26,228
337,26,238
338,26,70
339,26,701
340,26,821
341,26,689
342,26,435
343,26,259
344,26,154
345,26,1005
346,26,732
347,26,470
348,26,738
349,26,1008
350,26,310
351,26,317
352,26,912
353,26,678
354,26,442
355,26,675
356,26,766
357,26,830
358,26,552
359,26,498
360,26,324
361,26,655
362,26,1012
363,26,533
364,26,605
365,26,925
366,26,617
367,26,341
368,26,712
369,26,609
370,26,135
371,26,922
372,26,106
373,26,525
374,26,45
375,26,826
376,26,751
377,26,40
378,26,849
379,26,547
380,26,558
381,26,613
382,26,674
383,26,627
384,26,681
385,26,305
386,26,569
387,26,828
388,26,892
389,26,645
390,26,343
391,26,982
392,26,866
393,26,876
394,26,765
395,26,286
396,26,266
397,26,683
398,26,400
399,26,304
0,27,396
1,27,341
2,27,437
3,27,430
4,27,598
5,27,954
6,27,1006
7,27,692
8,27,280
9,27,428
10,27,555
11,27,179
12,27,408
13,27,818
14,27,651
15,27,650
16,27,848
17,27,976
18,27,554
19,27,402
20,27,618
21,27,224
22,27,370
23,27,299
24,27,713
25,27,534
26,27,123
27,27,287
28,27,901
29,27,142
30,27,431
31,27,394
32,27,1013
33,27,155
34,27,675
35,27,276
36,27,496
37,27,381
38,27,755
39,27,494
40,27,997
41,27,630
42,27,665
43,27,174
44,27,67
45,27,684
46,27,753
47,27,189
48,27,566
49,27,735
50,27,462
51,27,561
52,27,750
53,27,487
54,27,933
55,27,1008
56,27,505
57,27,298
58,27,312
59,27,874
60,27,680
61,27,476
62,27,840
63,27,847
64,27,776
65,27,710
66,27,521
67,27,877
68,27,400
69,27,749
70,27,498
71,27,363
72,27,712
73,27,850
74,27,211
75,27,506
76,27,679
77,27,235
78,27,775
79,27,723
80,27,792
81,27,744
82,27,330
83,27,320
84,27,283
85,27,597
86,27,830
87,27,149
88,27,809
89,27,746
90,27,747
91,27,426
92,27,497
93,27,221
94,27,695
95,27,887
96,27,215
97,27,883
98,27,467
99,27,681
100,27,888
101,27,678
102,27,562
103,27,523
104,27,693
105,27,614
106,27,136
107,27,331
108,27,233
109,27,653
110,27,246
111,27,449
112,27,94
113,27,790
114,27,371
115,27,450
116,27,51
117,27,110
118,27,99
119,27,599
120,27,868
121,27,399
122,27,624
123,27,748
124,27,171
125,27,470
126,27,139
127,27,516
128,27,558
129,27,266
130,27,655
131,27,985
132,27,16
133,27,518
134,27,619
135,27,77
136,27,902
137,27,939
138,27,69
139,27,594
140,27,250
141,27,757
142,27,607
143,27,114
144,27,173
145,27,725
146,27,851
147,27,210
148,27,190
149,27,165
150,27,955
151,27,550
152,27,535
153,27,319
154,27,141
155,27,503
156,27,73
157,27,952
158,27,694
159,27,785
160,27,137
161,27,474
162,27,120
163,27,98
164,27,465
165,27,35
166,27,277
167,27,838
168,27,585
169,27,754
170,27,493
171,27,473
172,27,238
173,27,167
174,27,865
175,27,854
176,27,48
177,27,722
178,27,878
179,27,200
180,27,1003
181,27,921
182,27,778
183,27,605
184,27,261
185,27,469
186,27,843
187,27,20
188,27,288
189,27,743
190,27,406
191,27,438
192,27,301
193,27,677
194,27,580
195,27,971
196,27,491
197,27,986
198,27,557
199,27,278
200,27,410
201,27,724
202,27,816
203,27,642
204,27,80
205,27,84
206,27,709
207,27,168
208,27,571
209,27,787
210,27,218
211,27,699
212,27,737
213,27,76
214,27,245
215,27,6
216,27,916
217,27,772
218,27,567
219,27,705
220,27,984
221,27,172
222,27,188
223,27,560
224,27,627
225,27,515
226,27,958
227,27,1020
228,27,199
229,27,673
230,27,251
231,27,27
232,27,36
233,27,345
234,27,857
235,27,219
236,27,639
237,27,85
238,27,769
239,27,302
240,27,244
241,27,492
242,27,340
243,27,794
244,27,532
245,27,834
246,27,527
247,27,490
248,27,112
249,27,318
250,27,206
251,27,982
252,27,220
253,27,118
254,27,148
255,27,160
256,27,310
257,27,990
258,27,5
259,27,872
260,27,34
261,27,659
262,27,763
263,27,508
264,27,823
265,27,429
266,27,127
267,27,234
268,27,8
269,27,660
270,27,390
271,27,588
272,27,504
273,27,223
274,27,549
275,27,183
276,27,328
277,27,545
278,27,502
279,27,797
280,27,951
281,27,294
282,27,216
283,27,869
284,27,609
285,27,205
286,27,930
287,27,697
288,27,842
289,27,745
290,27,432
291,27,202
292,27,661
293,27,109
294,27,541
295,27,631
296,27,525
297,27,536
298,27,241
299,27,122
300,27,454
301,27,489
302,27,41
303,27,662
304,27,479
305,27,242
306,27,819
307,27,386
308,27,378
309,27,420
310,27,786
311,27,433
312,27,315
313,27,333
314,27,804
315,27,813
316,27,119
317,27,460
318,27,668
319,27,728
320,27,507
321,27,632
322,27,779
323,27,464
324,27,9
325,27,197
326,27,305
327,27,658
328,27,132
329,27,808
330,27,78
331,27,284
332,27,1019
333,27,648
334,27,793
335,27,403
336,27,228
337,27,237
338,27,70
339,27,701
340,27,820
341,27,690
342,27,434
343,27,227
344,27,153
345,27,1005
346,27,731
347,27,471
348,27,738
349,27,1009
350,27,311
351,27,285
352,27,912
353,27,646
354,27,442
355,27,674
356,27,767
357,27,798
358,27,552
359,27,499
360,27,356
361,27,654
362,27,1012
363,27,501
364,27,637
365,27,893
366,27,649
367,27,309
368,27,711
369,27,610
370,27,134
371,27,922
372,27,106
373,27,524
374,27,45
375,27,826
376,27,751
377,27,39
378,27,849
379,27,579
380,27,559
381,27,581
382,27,706
383,27,628
384,27,682
385,27,306
386,27,568
387,27,828
388,27,892
389,27,645
390,27,343
391,27,983
392,27,867
393,27,875
394,27,766
395,27,286
396,27,267
397,27,683
398,27,401
399,27,272
0,28,364
1,28,309
2,28,405
3,28,462
4,28,599
5,28,954
6,28,1006
7,28,693
8,28,279
9,28,429
10,28,556
11,28,178
12,28,376
13,28,786
14,28,652
15,28,682
16,28,880
17,28,1008
18,28,522
19,28,370
20,28,650
21,28,225
22,28,369
23,28,298
24,28,714
25,28,502
26,28,155
27,28,287
28,28,901
29,28,142
30,28,399
31,28,362
32,28,1013
33,28,154
34,28,643
35,28,244
36,28,464
37,28,380
38,28,787
39,28,493
40,28,997
41,28,631
42,28,665
43,28,206
44,28,67
45,28,683
46,28,785
47,28,188
48,28,567
49,28,767
50,28,461
51,28,562
52,28,751
53,28,487
54,28,933
55,28,1007
56,28,537
57,28,297
58,28,344
59,28,842
60,28,712
61,28,476
62,28,872
63,28,847
64,28,775
65,28,711
66,28,553
67,28,877
68,28,368
69,28,749
70,28,497
71,28,363
72,28,713
73,28,882
74,28,212
75,28,507
76,28,647
77,28,267
78,28,743
79,28,755
80,28,793
81,28,745
82,28,329
83,28,288
84,28,283
85,28,598
86,28,862
87,28,150
88,28,841
89,28,747
90,28,779
91,28,394
92,28,529
93,28,220
94,28,727
95,28,887
96,28,216
97,28,883
98,28,435
99,28,649
100,28,889
101,28,678
102,28,594
103,28,555
104,28,661
105,28,615
106,28,168
107,28,299
108,28,234
109,28,653
110,28,245
111,28,449
112,28,62
113,28,790
114,28,339
115,28,450
116,28,52
117,28,109
118,28,100
119,28,600
120,28,836
121,28,367
122,28,625
123,28,748
124,28,172
125,28,438
126,28,138
127,28,516
128,28,559
129,28,265
130,28,654
131,28,953
132,28,16
133,28,518
134,28,619
135,28,78
136,28,870
137,28,940
138,28,68
139,28,595
140,28,250
141,28,757
142,28,575
143,28,114
144,28,174
145,28,725
146,28,851
147,28,209
148,28,190
149,28,133
150,28,955
151,28,550
152,28,534
153,28,319
154,28,140
155,28,535
156,28,74
157,28,952
158,28,695
159,28,784
160,28,136
161,28,506
162,28,120
163,28,98
164,28,433
165,28,35
166,28,276
167,28,838
168,28,617
169,28,722
170,28,492
171,28,473
172,28,237
173,28,166
174,28,865
175,28,854
176,28,49
177,28,723
178,28,878
179,28,199
180,28,1003
181,28,921
182,28,777
183,28,637
184,28,261
185,28,470
186,28,843
187,28,20
188,28,256
189,28,744
190,28,406
191,28,437
192,28,269
193,28,709
194,28,580
195,28,939
196,28,490
197,28,987
198,28,558
199,28,310
200,28,410
201,28,724
202,28,848
203,28,641
204,28,80
205,28,85
206,28,710
207,28,200
208,28,571
209,28,819
210,28,218
211,28,667
212,28,769
213,28,75
214,28,213
215,28,5
216,28,916
217,28,772
218,28,568
219,28,737
220,28,985
221,28,173
222,28,156
223,28,592
224,28,627
225,28,547
226,28,990
227,28,988
228,28,167
229,28,705
230,28,251
231,28,27
232,28,36
233,28,313
234,28,857
235,28,219
236,28,607
237,28,86
238,28,801
239,28,301
240,28,243
241,28,460
242,28,341
243,28,794
244,28,532
245,28,866
246,28,526
247,28,458
248,28,112
249,28,318
250,28,207
251,28,982
252,28,252
253,28,118
254,28,148
255,28,160
256,28,311
257,28,1022
258,28,37
259,28,904
260,28,34
261,28,658
262,28,762
263,28,509
264,28,824
265,28,430
266,28,127
267,28,235
268,28,9
269,28,659
270,28,390
271,28,587
272,28,505
273,28,223
274,28,548
275,28,215
276,28,327
277,28,545
278,28,503
279,28,797
280,28,951
281,28,294
282,28,184
283,28,869
284,28,610
285,28,204
286,28,930
287,28,697
288,28,810
289,28,746
290,28,400
291,28,202
292,28,660
293,28,141
294,28,541
295,28,632
296,28,524
297,28,536
298,28,241
299,28,123
300,28,454
301,28,521
302,28,42
303,28,662
304,28,511
305,28,210
306,28,820
307,28,386
308,28,379
309,28,420
310,28,754
311,28,432
312,28,315
313,28,333
314,28,805
315,28,813
316,28,119
317,28,459
318,28,668
319,28,728
320,28,508
321,28,633
322,28,811
323,28,465
324,28,41
325,28,197
326,28,306
327,28,626
328,28,132
329,28,840
330,28,110
331,28,285
332,28,1020
333,28,680
334,28,825
335,28,371
336,28,228
337,28,236
338,28,70
339,28,701
340,28,852
341,28,691
342,28,466
343,28,195
344,28,121
345,28,1005
346,28,763
347,28,472
348,28,738
349,28,977
350,28,312
351,28,253
352,28,912
353,28,614
354,28,442
355,28,675
356,28,799
357,28,830
358,28,552
359,28,499
360,28,388
361,28,622
362,28,1012
363,28,469
364,28,669
365,28,893
366,28,648
367,28,277
368,28,679
369,28,642
370,28,134
371,28,922
372,28,106
373,28,523
374,28,45
375,28,826
376,28,752
377,28,38
378,28,849
379,28,578
380,28,527
381,28,549
382,28,674
383,28,629
384,28,681
385,28,274
386,28,569
387,28,828
388,28,892
389,28,677
390,28,343
391,28,984
392,28,868
393,28,875
394,28,798
395,28,286
396,28,266
397,28,651
398,28,402
399,28,273
0,29,364
1,29,309
2,29,406
3,29,494
4,29,567
5,29,986
6,29,1005
7,29,694
8,29,311
9,29,430
10,29,557
11,29,177
12,29,377
13,29,786
14,29,653
15,29,650
16,29,848
17,29,1008
18,29,521
19,29,338
20,29,651
21,29,226
22,29,368
23,29,297
24,29,714
25,29,470
26,29,155
27,29,287
28,29,901
29,29,110
30,29,367
31,29,363
32,29,1013
33,29,153
34,29,643
35,29,245
36,29,465
37,29,380
38,29,819
39,29,525
40,29,997
41,29,599
42,29,665
43,29,174
44,29,67
45,29,715
46,29,817
47,29,187
48,29,568
49,29,767
50,29,493
51,29,594
52,29,783
53,29,487
54,29,933
55,29,1006
56,29,537
57,29,265
58,29,345
59,29,841
60,29,744
61,29,476
62,29,873
63,29,847
64,29,775
65,29,679
66,29,552
67,29,877
68,29,400
69,29,749
70,29,529
71,29,331
72,29,713
73,29,914
74,29,244
75,29,507
76,29,615
77,29,299
78,29,711
79,29,754
80,29,825
81,29,777
82,29,328
83,29,256
84,29,283
85,29,566
86,29,894
87,29,151
88,29,840
89,29,748
90,29,811
91,29,362
92,29,528
93,29,220
94,29,728
95,29,887
96,29,217
97,29,883
98,29,435
99,29,681
100,29,890
101,29,710
102,29,595
103,29,556
104,29,629
105,29,614
106,29,136
107,29,298
108,29,235
109,29,654
110,29,213
111,29,449
112,29,61
113,29,790
114,29,371
115,29,450
116,29,84
117,29,77
118,29,101
119,29,601
120,29,868
121,29,366
122,29,626
123,29,716
124,29,173
125,29,437
126,29,137
127,29,516
128,29,560
129,29,264
130,29,686
131,29,954
132,29,16
133,29,518
134,29,587
135,29,46
136,29,869
137,29,941
138,29,100
139,29,563
140,29,250
141,29,725
142,29,574
143,29,114
144,29,142
145,29,693
146,29,852
147,29,210
148,29,190
149,29,132
150,29,923
151,29,550
152,29,534
153,29,319
154,29,108
155,29,535
156,29,42
157,29,952
158,29,695
159,29,785
160,29,104
161,29,474
162,29,120
163,29,98
164,29,433
165,29,35
166,29,276
167,29,838
168,29,649
169,29,723
170,29,460
171,29,473
172,29,236
173,29,165
174,29,865
175,29,854
176,29,81
177,29,691
178,29,878
179,29,231
180,29,1003
181,29,921
182,29,809
183,29,669
184,29,261
185,29,469
186,29,843
187,29,20
188,29,257
189,29,743
190,29,438
191,29,436
192,29,237
193,29,677
194,29,580
195,29,938
196,29,490
197,29,955
198,29,559
199,29,310
200,29,410
201,29,724
202,29,849
203,29,673
204,29,80
205,29,86
206,29,709
207,29,201
208,29,571
209,29,818
210,29,218
211,29,667
212,29,801
213,29,74
214,29,212
215,29,4
216,29,916
217,29,772
218,29,569
219,29,769
220,29,953
221,29,141
222,29,156
223,29,624
224,29,659
225,29,579
226,29,1022
227,29,989
228,29,168
229,29,737
230,29,251
231,29,27
232,29,36
233,29,281
234,29,857
235,29,219
236,29,575
237,29,87
238,29,802
239,29,333
240,29,211
241,29,461
242,29,342
243,29,794
244,29,532
245,29,867
246,29,558
247,29,426
248,29,112
249,29,318
250,29,208
251,29,982
252,29,284
253,29,118
254,29,148
255,29,160
256,29,312
257,29,1021
258,29,5
259,29,903
260,29,34
261,29,657
262,29,763
263,29,510
264,29,856
265,29,462
266,29,127
267,29,203
268,29,9
269,29,660
270,29,390
271,29,555
272,29,506
273,29,223
274,29,549
275,29,214
276,29,326
277,29,545
278,29,503
279,29,797
280,29,951
281,29,294
282,29,216
283,29,837
284,29,609
285,29,172
286,29,930
287,29,697
288,29,842
289,29,745
290,29,401
291,29,202
292,29,628
293,29,140
294,29,541
295,29,631
296,29,523
297,29,536
298,29,241
299,29,91
300,29,454
301,29,553
302,29,41
303,29,662
304,29,511
305,29,178
306,29,821
307,29,386
308,29,379
309,29,419
310,29,722
311,29,464
312,29,315
313,29,332
314,29,805
315,29,813
316,29,119
317,29,458
318,29,668
319,29,696
320,29,509
321,29,632
322,29,810
323,29,497
324,29,40
325,29,197
326,29,307
327,29,658
328,29,131
329,29,872
330,29,78
331,29,285
332,29,988
333,29,712
334,29,824
335,29,370
336,29,228
337,29,204
338,29,70
339,29,700
340,29,884
341,29,692
342,29,466
343,29,163
344,29,89
345,29,973
346,29,795
347,29,440
348,29,738
349,29,976
350,29,344
351,29,221
352,29,912
353,29,613
354,29,442
355,29,707
356,29,831
357,29,829
358,29,584
359,29,499
360,29,420
361,29,590
362,29,1012
363,29,468
364,29,701
365,29,893
366,29,647
367,29,277
368,29,680
369,29,642
370,29,133
371,29,922
372,29,106
373,29,522
374,29,45
375,29,826
376,29,751
377,29,37
378,29,881
379,29,610
380,29,527
381,29,517
382,29,674
383,29,630
384,29,682
385,29,306
386,29,570
387,29,828
388,29,892
389,29,678
390,29,343
391,29,1016
392,29,900
393,29,875
394,29,830
395,29,286
396,29,234
397,29,619
398,29,403
399,29,274
0,30,363
1,30,309
2,30,407
3,30,493
4,30,568
5,30,954
6,30,973
7,30,695
8,30,312
9,30,431
10,30,556
11,30,176
12,30,378
13,30,786
14,30,654
15,30,618
16,30,816
17,30,1008
18,30,520
19,30,339
20,30,683
21,30,194
22,30,367
23,30,265
24,30,714
25,30,438
26,30,155
27,30,287
28,30,869
29,30,110
30,30,335
31,30,331
32,30,1013
33,30,121
34,30,643
35,30,213
36,30,466
37,30,380
38,30,818
39,30,557
40,30,997
41,30,600
42,30,665
43,30,142
44,30,67
45,30,747
46,30,849
47,30,186
48,30,569
49,30,767
50,30,492
51,30,626
52,30,783
53,30,487
54,30,933
55,30,1005
56,30,537
57,30,233
58,30,377
59,30,842
60,30,776
61,30,476
62,30,874
63,30,847
64,30,775
65,30,647
66,30,584
67,30,877
68,30,432
69,30,749
70,30,561
71,30,299
72,30,681
73,30,946
74,30,245
75,30,508
76,30,616
77,30,298
78,30,679
79,30,753
80,30,857
81,30,778
82,30,327
83,30,224
84,30,283
85,30,534
86,30,926
87,30,183
88,30,872
89,30,716
90,30,812
91,30,330
92,30,527
93,30,220
94,30,760
95,30,887
96,30,249
97,30,883
98,30,434
99,30,649
100,30,891
101,30,709
102,30,594
103,30,555
104,30,597
105,30,614
106,30,137
107,30,266
108,30,236
109,30,622
110,30,181
111,30,449
112,30,60
113,30,790
114,30,370
115,30,450
116,30,85
117,30,76
118,30,101
119,30,602
120,30,836
121,30,398
122,30,627
123,30,715
124,30,174
125,30,436
126,30,105
127,30,516
128,30,528
129,30,264
130,30,685
131,30,953
132,30,16
133,30,518
134,30,588
135,30,47
136,30,837
137,30,942
138,30,99
139,30,531
140,30,250
141,30,724
142,30,606
143,30,114
144,30,141
145,30,725
146,30,852
147,30,242
148,30,190
149,30,131
150,30,955
151,30,550
152,30,535
153,30,319
154,30,107
155,30,567
156,30,10
157,30,952
158,30,696
159,30,785
160,30,104
161,30,506
162,30,120
163,30,98
164,30,433
165,30,35
166,30,276
167,30,870
168,30,648
169,30,691
170,30,461
171,30,473
172,30,204
173,30,165
174,30,865
175,30,854
176,30,113
177,30,692
178,30,878
179,30,263
180,30,1003
181,30,920
182,30,841
183,30,701
184,30,261
185,30,501
186,30,843
187,30,20
188,30,256
189,30,743
190,30,437
191,30,435
192,30,237
193,30,678
194,30,580
195,30,938
196,30,490
197,30,956
198,30,560
199,30,310
200,30,410
201,30,723
202,30,881
203,30,705
204,30,80
205,30,87
206,30,677
207,30,201
208,30,571
209,30,850
210,30,218
211,30,667
212,30,800
213,30,73
214,30,211
215,30,3
216,30,915
217,30,772
218,30,601
219,30,801
220,30,921
221,30,109
222,30,156
223,30,625
224,30,659
225,30,578
226,30,1021
227,30,990
228,30,136
229,30,769
230,30,251
231,30,27
232,30,36
233,30,281
234,30,858
235,30,219
236,30,574
237,30,88
238,30,834
239,30,332
240,30,210
241,30,462
242,30,343
243,30,762
244,30,532
245,30,868
246,30,590
247,30,394
248,30,112
249,30,318
250,30,209
251,30,982
252,30,316
253,30,86
254,30,148
255,30,160
256,30,344
257,30,1020
258,30,5
259,30,935
260,30,34
261,30,656
262,30,763
263,30,509
264,30,824
265,30,430
266,30,127
267,30,235
268,30,9
269,30,661
270,30,390
271,30,523
272,30,507
273,30,223
274,30,549
275,30,214
276,30,325
277,30,545
278,30,503
279,30,797
280,30,951
281,30,294
282,30,216
283,30,838
284,30,610
285,30,172
286,30,930
287,30,697
288,30,810
289,30,744
290,30,402
291,30,170
292,30,660
293,30,140
294,30,542
295,30,599
296,30,491
297,30,536
298,30,241
299,30,92
300,30,454
301,30,585
302,30,41
303,30,662
304,30,511
305,30,177
306,30,821
307,30,386
308,30,379
309,30,420
310,30,722
311,30,496
312,30,315
313,30,364
314,30,805
315,30,813
316,30,119
317,30,426
318,30,668
319,30,728
320,30,541
321,30,632
322,30,809
323,30,497
324,30,8
325,30,197
326,30,308
327,30,658
328,30,130
329,30,873
330,30,78
331,30,285
332,30,989
333,30,713
334,30,792
335,30,369
336,30,228
337,30,203
338,30,70
339,30,700
340,30,916
341,30,693
342,30,498
343,30,164
344,30,89
345,30,941
346,30,794
347,30,408
348,30,737
349,30,976
350,30,345
351,30,189
352,30,912
353,30,581
354,30,442
355,30,707
356,30,830
357,30,829
358,30,583
359,30,499
360,30,421
361,30,589
362,30,1012
363,30,469
364,30,733
365,30,893
366,30,646
367,30,277
368,30,680
369,30,641
370,30,132
371,30,922
372,30,106
373,30,521
374,30,45
375,30,826
376,30,751
377,30,69
378,30,913
379,30,642
380,30,559
381,30,485
382,30,673
383,30,631
384,30,682
385,30,305
386,30,570
387,30,828
388,30,892
389,30,710
390,30,311
391,30,1017
392,30,901
393,30,875
394,30,862
395,30,286
396,30,202
397,30,587
398,30,404
399,30,274
0,31,364
1,31,277
2,31,408
3,31,492
4,31,536
5,31,954
6,31,1005
7,31,696
8,31,311
9,31,463
10,31,588
11,31,175
12,31,346
13,31,786
14,31,655
15,31,618
16,31,784
17,31,1008
18,31,519
19,31,340
20,31,682
21,31,162
22,31,399
23,31,264
24,31,746
25,31,406
26,31,155
27,31,287
28,31,901
29,31,142
30,31,303
31,31,363
32,31,1013
33,31,120
34,31,643
35,31,181
36,31,467
37,31,380
38,31,817
39,31,556
40,31,997
41,31,601
42,31,665
43,31,141
44,31,67
45,31,779
46,31,848
47,31,185
48,31,570
49,31,767
50,31,524
51,31,658
52,31,783
53,31,487
54,31,933
55,31,1004
56,31,537
57,31,265
58,31,378
59,31,810
60,31,808
61,31,476
62,31,875
63,31,847
64,31,775
65,31,615
66,31,583
67,31,877
68,31,432
69,31,749
70,31,560
71,31,299
72,31,649
73,31,978
74,31,246
75,31,507
76,31,616
77,31,297
78,31,647
79,31,752
80,31,858
81,31,778
82,31,326
83,31,225
84,31,283
85,31,502
86,31,958
87,31,184
88,31,904
89,31,717
90,31,844
91,31,298
92,31,526
93,31,220
94,31,792
95,31,887
96,31,250
97,31,883
98,31,402
99,31,617
100,31,923
101,31,708
102,31,562
103,31,523
104,31,565
105,31,614
106,31,138
107,31,267
108,31,237
109,31,654
110,31,149
111,31,449
112,31,60
113,31,790
114,31,371
115,31,450
116,31,86
117,31,44
118,31,101
119,31,603
120,31,868
121,31,430
122,31,628
123,31,716
124,31,174
125,31,435
126,31,104
127,31,516
128,31,496
129,31,263
130,31,684
131,31,985
132,31,16
133,31,518
134,31,587
135,31,47
136,31,836
137,31,943
138,31,131
139,31,531
140,31,218
141,31,723
142,31,607
143,31,146
144,31,173
145,31,724
146,31,852
147,31,210
148,31,190
149,31,130
150,31,955
151,31,550
152,31,534
153,31,319
154,31,75
155,31,599
156,31,11
157,31,952
158,31,697
159,31,785
160,31,136
161,31,505
162,31,119
163,31,98
164,31,433
165,31,35
166,31,276
167,31,870
168,31,680
169,31,659
170,31,462
171,31,473
172,31,203
173,31,165
174,31,865
175,31,854
176,31,114
177,31,693
178,31,878
179,31,295
180,31,1003
181,31,921
182,31,840
183,31,733
184,31,261
185,31,533
186,31,843
187,31,20
188,31,256
189,31,743
190,31,438
191,31,434
192,31,238
193,31,679
194,31,580
195,31,938
196,31,490
197,31,957
198,31,528
199,31,310
200,31,410
201,31,755
202,31,913
203,31,737
204,31,80
205,31,88
206,31,709
207,31,201
208,31,571
209,31,882
210,31,217
211,31,667
212,31,832
213,31,105
214,31,179
215,31,2
216,31,947
217,31,772
218,31,569
219,31,800
220,31,953
221,31,77
222,31,156
223,31,657
224,31,660
225,31,579
226,31,1020
227,31,1022
228,31,137
229,31,801
230,31,251
231,31,27
232,31,36
233,31,249
234,31,890
235,31,219
236,31,542
237,31,89
238,31,866
239,31,331
240,31,209
241,31,494
242,31,344
243,31,794
244,31,532
245,31,869
246,31,589
247,31,393
248,31,112
249,31,318
250,31,241
251,31,982
252,31,348
253,31,87
254,31,148
255,31,160
256,31,345
257,31,1019
258,31,5
259,31,934
260,31,34
261,31,656
262,31,763
263,31,509
264,31,824
265,31,429
266,31,127
267,31,234
268,31,9
269,31,629
270,31,390
271,31,491
272,31,475
273,31,223
274,31,548
275,31,214
276,31,324
277,31,545
278,31,503
279,31,797
280,31,951
281,31,294
282,31,216
283,31,838
284,31,578
285,31,204
286,31,930
287,31,698
288,31,811
289,31,712
290,31,370
291,31,171
292,31,692
293,31,140
294,31,541
295,31,598
296,31,459
297,31,535
298,31,240
299,31,93
300,31,454
301,31,584
302,31,41
303,31,662
304,31,511
305,31,145
306,31,821
307,31,386
308,31,379
309,31,420
310,31,722
311,31,497
312,31,315
313,31,332
314,31,837
315,31,813
316,31,151
317,31,394
318,31,668
319,31,728
320,31,573
321,31,633
322,31,841
323,31,498
324,31,8
325,31,197
326,31,309
327,31,690
328,31,129
329,31,874
330,31,110
331,31,285
332,31,990
333,31,714
334,31,793
335,31,369
336,31,228
337,31,235
338,31,70
339,31,701
340,31,915
341,31,694
342,31,466
343,31,132
344,31,121
345,31,973
346,31,826
347,31,409
348,31,738
349,31,976
350,31,377
351,31,188
352,31,912
353,31,549
354,31,442
355,31,707
356,31,862
357,31,830
358,31,551
359,31,499
360,31,453
361,31,557
362,31,1012
363,31,437
364,31,734
365,31,893
366,31,678
367,31,245
368,31,681
369,31,609
370,31,100
371,31,922
372,31,106
373,31,520
374,31,45
375,31,825
376,31,751
377,31,68
378,31,945
379,31,641
380,31,559
381,31,484
382,31,673
383,31,632
384,31,650
385,31,305
386,31,602
387,31,828
388,31,892
389,31,711
390,31,343
391,31,1018
392,31,902
393,31,876
394,31,861
395,31,286
396,31,170
397,31,555
398,31,405
399,31,242
0,32,332
1,32,245
2,32,376
3,32,524
4,32,504
5,32,954
6,32,1006
7,32,697
8,32,311
9,32,463
10,32,589
11,32,174
12,32,347
13,32,786
14,32,656
15,32,618
16,32,784
17,32,1008
18,32,551
19,32,341
20,32,681
21,32,130
22,32,431
23,32,263
24,32,714
25,32,374
26,32,155
27,32,287
28,32,901
29,32,142
30,32,304
31,32,364
32,32,1013
33,32,88
34,32,643
35,32,149
36,32,468
37,32,381
38,32,849
39,32,588
40,32,997
41,32,602
42,32,665
43,32,140
44,32,67
45,32,811
46,32,847
47,32,184
48,32,538
49,32,767
50,32,556
51,32,690
52,32,783
53,32,487
54,32,933
55,32,1003
56,32,537
57,32,265
58,32,377
59,32,778
60,32,807
61,32,476
62,32,876
63,32,815
64,32,775
65,32,583
66,32,584
67,32,877
68,32,432
69,32,749
70,32,559
71,32,331
72,32,649
73,32,1010
74,32,214
75,32,506
76,32,615
77,32,297
78,32,646
79,32,751
80,32,890
81,32,779
82,32,325
83,32,226
84,32,284
85,32,503
86,32,990
87,32,183
88,32,936
89,32,685
90,32,845
91,32,266
92,32,558
93,32,220
94,32,793
95,32,887
96,32,251
97,32,883
98,32,434
99,32,617
100,32,924
101,32,740
102,32,561
103,32,491
104,32,566
105,32,614
106,32,139
107,32,267
108,32,238
109,32,654
110,32,148
111,32,449
112,32,60
113,32,790
114,32,370
115,32,450
116,32,87
117,32,44
118,32,101
119,32,604
120,32,868
121,32,430
122,32,629
123,32,748
124,32,206
125,32,403
126,32,103
127,32,516
128,32,497
129,32,295
130,32,716
131,32,985
132,32,16
133,32,518
134,32,619
135,32,47
136,32,835
137,32,944
138,32,163
139,32,499
140,32,250
141,32,691
142,32,607
143,32,114
144,32,173
145,32,723
146,32,852
147,32,242
148,32,190
149,32,129
150,32,955
151,32,550
152,32,534
153,32,319
154,32,75
155,32,631
156,32,11
157,32,952
158,32,698
159,32,785
160,32,136
161,32,505
162,32,119
163,32,98
164,32,401
165,32,35
166,32,277
167,32,838
168,32,679
169,32,627
170,32,462
171,32,473
172,32,235
173,32,165
174,32,865
175,32,854
176,32,115
177,32,661
178,32,878
179,32,327
180,32,971
181,32,921
182,32,841
183,32,765
184,32,261
185,32,565
186,32,843
187,32,20
188,32,256
189,32,743
190,32,437
191,32,433
192,32,239
193,32,711
194,32,580
195,32,938
196,32,490
197,32,957
198,32,496
199,32,342
200,32,378
201,32,787
202,32,945
203,32,769
204,32,80
205,32,89
206,32,709
207,32,201
208,32,571
209,32,914
210,32,218
211,32,667
212,32,864
213,32,104
214,32,179
215,32,1
216,32,948
217,32,772
218,32,568
219,32,832
220,32,953
221,32,77
222,32,156
223,32,657
224,32,659
225,32,578
226,32,1019
227,32,1021
228,32,138
229,32,802
230,32,283
231,32,27
232,32,36
233,32,217
234,32,889
235,32,219
236,32,510
237,32,121
238,32,898
239,32,330
240,32,208
241,32,494
242,32,312
243,32,794
244,32,532
245,32,870
246,32,621
247,32,361
248,32,112
249,32,318
250,32,273
251,32,982
252,32,380
253,32,55
254,32,116
255,32,160
256,32,345
257,32,1018
258,32,5
259,32,966
260,32,34
261,32,688
262,32,763
263,32,509
264,32,824
265,32,429
266,32,127
267,32,234
268,32,9
269,32,597
270,32,390
271,32,459
272,32,443
273,32,223
274,32,549
275,32,215
276,32,292
277,32,545
278,32,471
279,32,797
280,32,951
281,32,294
282,32,216
283,32,837
284,32,546
285,32,204
286,32,930
287,32,730
288,32,810
289,32,680
290,32,338
291,32,203
292,32,660
293,32,108
294,32,541
295,32,630
296,32,458
297,32,535
298,32,241
299,32,93
300,32,454
301,32,616
302,32,41
303,32,662
304,32,511
305,32,113
306,32,821
307,32,386
308,32,379
309,32,420
310,32,722
311,32,529
312,32,315
313,32,333
314,32,805
315,32,813
316,32,151
317,32,393
318,32,668
319,32,728
320,32,605
321,32,632
322,32,873
323,32,466
324,32,8
325,32,197
326,32,310
327,32,689
328,32,97
329,32,906
330,32,110
331,32,285
332,32,991
333,32,715
334,32,825
335,32,369
336,32,228
337,32,236
338,32,70
339,32,701
340,32,947
341,32,695
342,32,465
343,32,133
344,32,120
345,32,1005
346,32,858
347,32,410
348,32,737
349,32,976
350,32,409
351,32,187
352,32,912
353,32,517
354,32,442
355,32,707
356,32,894
357,32,831
358,32,552
359,32,498
360,32,453
361,32,525
362,32,1012
363,32,405
364,32,735
365,32,893
366,32,677
367,32,213
368,32,713
369,32,610
370,32,99
371,32,922
372,32,106
373,32,519
374,32,45
375,32,826
376,32,750
377,32,100
378,32,977
379,32,673
380,32,527
381,32,483
382,32,672
383,32,664
384,32,682
385,32,305
386,32,570
387,32,828
388,32,892
389,32,712
390,32,343
391,32,986
392,32,903
393,32,908
394,32,862
395,32,286
396,32,171
397,32,523
398,32,406
399,32,243
0,33,333
1,33,213
2,33,377
3,33,556
4,33,505
5,33,954
6,33,1006
7,33,698
8,33,312
9,33,463
10,33,557
11,33,142
12,33,315
13,33,786
14,33,657
15,33,618
16,33,784
17,33,1008
18,33,519
19,33,342
20,33,680
21,33,129
22,33,430
23,33,231
24,33,713
25,33,374
26,33,155
27,33,287
28,33,901
29,33,141
30,33,304
31,33,396
32,33,1013
33,33,87
34,33,643
35,33,149
36,33,469
37,33,380
38,33,848
39,33,620
40,33,997
41,33,603
42,33,665
43,33,108
44,33,67
45,33,810
46,33,879
47,33,183
48,33,539
49,33,766
50,33,588
51,33,722
52,33,783
53,33,486
54,33,933
55,33,1002
56,33,537
57,33,265
58,33,409
59,33,746
60,33,839
61,33,476
62,33,877
63,33,847
64,33,775
65,33,584
66,33,552
67,33,909
68,33,432
69,33,749
70,33,558
71,33,363
72,33,649
73,33,1010
74,33,215
75,33,474
76,33,616
77,33,297
78,33,614
79,33,750
80,33,891
81,33,747
82,33,357
83,33,194
84,33,283
85,33,504
86,33,1022
87,33,151
88,33,935
89,33,686
90,33,845
91,33,234
92,33,590
93,33,220
94,33,825
95,33,887
96,33,252
97,33,883
98,33,435
99,33,617
100,33,924
101,33,739
102,33,560
103,33,523
104,33,567
105,33,615
106,33,107
107,33,266
108,33,239
109,33,654
110,33,147
111,33,449
112,33,60
113,33,790
114,33,370
115,33,450
116,33,55
117,33,44
118,33,101
119,33,605
120,33,868
121,33,398
122,33,661
123,33,780
124,33,174
125,33,402
126,33,102
127,33,516
128,33,498
129,33,263
130,33,748
131,33,985
132,33,16
133,33,518
134,33,619
135,33,47
136,33,803
137,33,945
138,33,195
139,33,467
140,33,250
141,33,692
142,33,607
143,33,114
144,33,173
145,33,691
146,33,852
147,33,242
148,33,190
149,33,97
150,33,955
151,33,550
152,33,534
153,33,319
154,33,75
155,33,663
156,33,11
157,33,952
158,33,699
159,33,785
160,33,104
161,33,506
162,33,120
163,33,66
164,33,433
165,33,35
166,33,277
167,33,838
168,33,678
169,33,595
170,33,462
171,33,473
172,33,267
173,33,165
174,33,865
175,33,854
176,33,115
177,33,662
178,33,878
179,33,326
180,33,1003
181,33,921
182,33,809
183,33,797
184,33,261
185,33,597
186,33,843
187,33,20
188,33,256
189,33,743
190,33,437
191,33,465
192,33,207
193,33,712
194,33,580
195,33,938
196,33,490
197,33,957
198,33,497
199,33,310
200,33,346
201,33,819
202,33,946
203,33,801
204,33,80
205,33,121
206,33,710
207,33,201
208,33,571
209,33,914
210,33,218
211,33,667
212,33,896
213,33,103
214,33,179
215,33,33
216,33,916
217,33,772
218,33,568
219,33,864
220,33,953
221,33,77
222,33,156
223,33,689
224,33,659
225,33,610
226,33,1018
227,33,1020
228,33,139
229,33,834
230,33,251
231,33,27
232,33,36
233,33,185
234,33,889
235,33,219
236,33,478
237,33,122
238,33,930
239,33,329
240,33,208
241,33,494
242,33,313
243,33,794
244,33,532
245,33,902
246,33,653
247,33,393
248,33,112
249,33,318
250,33,305
251,33,982
252,33,412
253,33,56
254,33,148
255,33,160
256,33,345
257,33,1017
258,33,5
259,33,965
260,33,34
261,33,687
262,33,763
263,33,509
264,33,856
265,33,429
266,33,127
267,33,235
268,33,9
269,33,596
270,33,390
271,33,491
272,33,444
273,33,223
274,33,549
275,33,216
276,33,260
277,33,545
278,33,503
279,33,798
280,33,951
281,33,294
282,33,184
283,33,869
284,33,514
285,33,204
286,33,929
287,33,730
288,33,842
289,33,679
290,33,339
291,33,202
292,33,660
293,33,76
294,33,541
295,33,630
296,33,426
297,33,535
298,33,241
299,33,93
300,33,454
301,33,648
302,33,41
303,33,694
304,33,511
305,33,81
306,33,821
307,33,386
308,33,379
309,33,420
310,33,723
311,33,528
312,33,316
313,33,301
314,33,837
315,33,813
316,33,119
317,33,392
318,33,668
319,33,728
320,33,637
321,33,632
322,33,872
323,33,466
324,33,8
325,33,197
326,33,311
327,33,690
328,33,98
329,33,907
330,33,110
331,33,285
332,33,959
333,33,683
334,33,824
335,33,369
336,33,228
337,33,236
338,33,70
339,33,701
340,33,947
341,33,696
342,33,464
343,33,134
344,33,88
345,33,1005
346,33,857
347,33,378
348,33,737
349,33,976
350,33,441
351,33,186
352,33,912
353,33,485
354,33,442
355,33,707
356,33,895
357,33,799
358,33,553
359,33,499
360,33,453
361,33,493
362,33,1012
363,33,373
364,33,767
365,33,893
366,33,709
367,33,181
368,33,681
369,33,609
370,33,131
371,33,922
372,33,106
373,33,487
374,33,45
375,33,826
376,33,782
377,33,99
378,33,977
379,33,705
380,33,559
381,33,451
382,33,673
383,33,664
384,33,682
385,33,306
386,33,569
387,33,828
388,33,892
389,33,744
390,33,343
391,33,987
392,33,904
393,33,876
394,33,862
395,33,286
396,33,171
397,33,522
398,33,407
399,33,244
0,34,301
1,34,181
2,34,378
3,34,588
4,34,504
5,34,954
6,34,1006
7,34,699
8,34,280
9,34,463
10,34,557
11,34,141
12,34,283
13,34,786
14,34,658
15,34,618
16,34,784
17,34,1008
18,34,520
19,34,343
20,34,712
21,34,97
22,34,429
23,34,230
24,34,713
25,34,342
26,34,155
27,34,287
28,34,901
29,34,140
30,34,304
31,34,396
32,34,1013
33,34,86
34,34,643
35,34,117
36,34,470
37,34,380
38,34,847
39,34,652
40,34,997
41,34,603
42,34,665
43,34,107
44,34,67
45,34,809
46,34,911
47,34,151
48,34,540
49,34,767
50,34,587
51,34,754
52,34,783
53,34,518
54,34,933
55,34,1002
56,34,537
57,34,266
58,34,441
59,34,714
60,34,839
61,34,476
62,34,878
63,34,815
64,34,775
65,34,585
66,34,584
67,34,909
68,34,432
69,34,781
70,34,590
71,34,363
72,34,649
73,34,1010
74,34,183
75,34,506
76,34,616
77,34,297
78,34,613
79,34,749
80,34,891
81,34,748
82,34,356
83,34,162
84,34,284
85,34,536
86,34,1021
87,34,150
88,34,934
89,34,654
90,34,877
91,34,202
92,34,589
93,34,220
94,34,857
95,34,887
96,34,252
97,34,883
98,34,434
99,34,617
100,34,924
101,34,739
102,34,560
103,34,555
104,34,568
105,34,614
106,34,139
107,34,267
108,34,239
109,34,653
110,34,146
111,34,449
112,34,60
113,34,790
114,34,402
115,34,450
116,34,56
117,34,44
118,34,101
119,34,606
120,34,868
121,34,399
122,34,662
123,34,779
124,34,175
125,34,401
126,34,70
127,34,516
128,34,466
129,34,264
130,34,780
131,34,985
132,34,16
133,34,519
134,34,619
135,34,47
136,34,771
137,34,946
138,34,227
139,34,435
140,34,250
141,34,692
142,34,607
143,34,114
144,34,173
145,34,723
146,34,852
147,34,242
148,34,190
149,34,96
150,34,955
151,34,550
152,34,534
153,34,319
154,34,75
155,34,695
156,34,11
157,34,952
158,34,667
159,34,785
160,34,104
161,34,505
162,34,120
163,34,98
164,34,433
165,34,35
166,34,277
167,34,838
168,34,677
169,34,563
170,34,462
171,34,474
172,34,299
173,34,165
174,34,865
175,34,854
176,34,115
177,34,663
178,34,910
179,34,326
180,34,1003
181,34,921
182,34,841
183,34,829
184,34,261
185,34,597
186,34,843
187,34,20
188,34,256
189,34,743
190,34,437
191,34,497
192,34,206
193,34,744
194,34,580
195,34,938
196,34,490
197,34,957
198,34,498
199,34,309
200,34,346
201,34,851
202,34,947
203,34,800
204,34,80
205,34,122
206,34,709
207,34,201
208,34,571
209,34,914
210,34,218
211,34,668
212,34,928
213,34,135
214,34,179
215,34,65
216,34,916
217,34,772
218,34,569
219,34,896
220,34,953
221,34,77
222,34,156
223,34,721
224,34,691
225,34,642
226,34,1017
227,34,1020
228,34,171
229,34,866
230,34,251
231,34,27
232,34,36
233,34,184
234,34,889
235,34,219
236,34,477
237,34,123
238,34,931
239,34,361
240,34,207
241,34,494
242,34,281
243,34,794
244,34,532
245,34,903
246,34,685
247,34,393
248,34,112
249,34,318
250,34,306
251,34,982
252,34,444
253,34,88
254,34,148
255,34,160
256,34,345
257,34,1016
258,34,5
259,34,965
260,34,34
261,34,686
262,34,763
263,34,509
264,34,824
265,34,428
266,34,127
267,34,235
268,34,9
269,34,595
270,34,390
271,34,523
272,34,445
273,34,223
274,34,549
275,34,215
276,34,228
277,34,545
278,34,503
279,34,797
280,34,951
281,34,294
282,34,216
283,34,869
284,34,482
285,34,204
286,34,930
287,34,698
288,34,842
289,34,678
290,34,340
291,34,170
292,34,659
293,34,108
294,34,541
295,34,630
296,34,394
297,34,535
298,34,241
299,34,93
300,34,454
301,34,647
302,34,41
303,34,694
304,34,511
305,34,49
306,34,821
307,34,386
308,34,347
309,34,420
310,34,724
311,34,527
312,34,315
313,34,302
314,34,837
315,34,813
316,34,119
317,34,424
318,34,700
319,34,728
320,34,669
321,34,632
322,34,904
323,34,465
324,34,8
325,34,197
326,34,312
327,34,690
328,34,130
329,34,908
330,34,110
331,34,285
332,34,958
333,34,684
334,34,792
335,34,369
336,34,229
337,34,236
338,34,69
339,34,701
340,34,979
341,34,697
342,34,464
343,34,102
344,34,87
345,34,1005
346,34,856
347,34,379
348,34,738
349,34,976
350,34,473
351,34,154
352,34,912
353,34,453
354,34,442
355,34,707
356,34,927
357,34,831
358,34,552
359,34,499
360,34,421
361,34,461
362,34,1012
363,34,341
364,34,799
365,34,893
366,34,708
367,34,149
368,34,681
369,34,610
370,34,163
371,34,922
372,34,106
373,34,486
374,34,45
375,34,826
376,34,750
377,34,131
378,34,945
379,34,737
380,34,559
381,34,419
382,34,673
383,34,664
384,34,682
385,34,274
386,34,570
387,34,828
388,34,892
389,34,776
390,34,311
391,34,988
392,34,905
393,34,875
394,34,862
395,34,286
396,34,172
397,34,522
398,34,408
399,34,245
0,35,269
1,35,149
2,35,379
3,35,620
4,35,472
5,35,954
6,35,1006
7,35,699
8,35,312
9,35,463
10,35,557
11,35,140
12,35,251
13,35,787
14,35,659
15,35,618
16,35,784
17,35,1008
18,35,520
19,35,344
20,35,711
21,35,96
22,35,461
23,35,230
24,35,714
25,35,310
26,35,155
27,35,287
28,35,901
29,35,139
30,35,304
31,35,428
32,35,1013
33,35,85
34,35,643
35,35,116
36,35,471
37,35,381
38,35,847
39,35,684
40,35,997
41,35,603
42,35,665
43,35,107
44,35,67
45,35,808
46,35,911
47,35,150
48,35,540
49,35,767
50,35,588
51,35,786
52,35,783
53,35,519
54,35,933
55,35,1002
56,35,538
57,35,266
58,35,473
59,35,682
60,35,839
61,35,475
62,35,879
63,35,815
64,35,775
65,35,553
66,35,584
67,35,877
68,35,432
69,35,813
70,35,589
71,35,363
72,35,649
73,35,1010
74,35,215
75,35,506
76,35,616
77,35,297
78,35,581
79,35,781
80,35,891
81,35,749
82,35,356
83,35,130
84,35,283
85,35,537
86,35,1020
87,35,118
88,35,966
89,35,655
90,35,876
91,35,170
92,35,621
93,35,220
94,35,858
95,35,887
96,35,252
97,35,915
98,35,435
99,35,617
100,35,924
101,35,738
102,35,560
103,35,587
104,35,569
105,35,614
106,35,138
107,35,267
108,35,239
109,35,653
110,35,145
111,35,448
112,35,60
113,35,790
114,35,434
115,35,449
116,35,88
117,35,44
118,35,101
119,35,606
120,35,868
121,35,431
122,35,694
123,35,780
124,35,176
125,35,400
126,35,69
127,35,516
128,35,467
129,35,264
130,35,812
131,35,985
132,35,16
133,35,551
134,35,619
135,35,47
136,35,739
137,35,978
138,35,259
139,35,403
140,35,250
141,35,724
142,35,607
143,35,114
144,35,141
145,35,722
146,35,852
147,35,242
148,35,190
149,35,64
150,35,955
151,35,550
152,35,534
153,35,319
154,35,75
155,35,695
156,35,11
157,35,952
158,35,635
159,35,785
160,35,104
161,35,504
162,35,120
163,35,98
164,35,433
165,35,35
166,35,277
167,35,838
168,35,709
169,35,531
170,35,462
171,35,474
172,35,298
173,35,165
174,35,865
175,35,854
176,35,115
177,35,663
178,35,878
179,35,326
180,35,1003
181,35,921
182,35,809
183,35,861
184,35,261
185,35,597
186,35,843
187,35,20
188,35,256
189,35,743
190,35,437
191,35,529
192,35,238
193,35,776
194,35,580
195,35,938
196,35,490
197,35,957
198,35,466
199,35,309
200,35,378
201,35,883
202,35,948
203,35,832
204,35,80
205,35,123
206,35,710
207,35,201
208,35,571
209,35,914
210,35,217
211,35,667
212,35,960
213,35,135
214,35,179
215,35,97
216,35,916
217,35,772
218,35,601
219,35,928
220,35,953
221,35,77
222,35,156
223,35,753
224,35,723
225,35,610
226,35,1016
227,35,1019
228,35,172
229,35,867
230,35,219
231,35,27
232,35,36
233,35,184
234,35,857
235,35,218
236,35,445
237,35,124
238,35,932
239,35,393
240,35,206
241,35,494
242,35,249
243,35,794
244,35,532
245,35,904
246,35,717
247,35,394
248,35,112
249,35,318
250,35,307
251,35,982
252,35,476
253,35,87
254,35,148
255,35,160
256,35,345
257,35,984
258,35,5
259,35,965
260,35,34
261,35,654
262,35,763
263,35,509
264,35,825
265,35,429
266,35,127
267,35,235
268,35,9
269,35,595
270,35,390
271,35,555
272,35,413
273,35,223
274,35,549
275,35,214
276,35,227
277,35,545
278,35,503
279,35,797
280,35,951
281,35,294
282,35,216
283,35,869
284,35,450
285,35,204
286,35,930
287,35,730
288,35,842
289,35,677
290,35,308
291,35,171
292,35,627
293,35,108
294,35,541
295,35,630
296,35,362
297,35,535
298,35,241
299,35,93
300,35,454
301,35,646
302,35,41
303,35,693
304,35,511
305,35,48
306,35,821
307,35,386
308,35,347
309,35,420
310,35,725
311,35,527
312,35,315
313,35,301
314,35,837
315,35,845
316,35,119
317,35,424
318,35,668
319,35,728
320,35,701
321,35,632
322,35,936
323,35,497
324,35,8
325,35,197
326,35,313
327,35,658
328,35,131
329,35,909
330,35,110
331,35,285
332,35,926
333,35,685
334,35,792
335,35,369
336,35,228
337,35,236
338,35,37
339,35,700
340,35,947
341,35,698
342,35,464
343,35,70
344,35,86
345,35,1005
346,35,856
347,35,380
348,35,737
349,35,976
350,35,505
351,35,153
352,35,912
353,35,421
354,35,442
355,35,675
356,35,959
357,35,830
358,35,552
359,35,499
360,35,422
361,35,460
362,35,1012
363,35,340
364,35,831
365,35,893
366,35,707
367,35,117
368,35,713
369,35,578
370,35,162
371,35,922
372,35,106
373,35,485
374,35,45
375,35,826
376,35,751
377,35,163
378,35,913
379,35,769
380,35,559
381,35,387
382,35,673
383,35,664
384,35,681
385,35,273
386,35,570
387,35,828
388,35,892
389,35,777
390,35,343
391,35,989
392,35,906
393,35,875
394,35,862
395,35,286
396,35,173
397,35,523
398,35,409
399,35,245
0,36,301
1,36,150
2,36,380
3,36,652
4,36,473
5,36,954
6,36,1006
7,36,667
8,36,311
9,36,463
10,36,557
11,36,139
12,36,252
13,36,786
14,36,660
15,36,618
16,36,784
17,36,1008
18,36,520
19,36,312
20,36,710
21,36,64
22,36,493
23,36,230
24,36,713
25,36,278
26,36,155
27,36,287
28,36,901
29,36,107
30,36,304
31,36,460
32,36,1013
33,36,84
34,36,643
35,36,117
36,36,472
37,36,381
38,36,879
39,36,685
40,36,997
41,36,603
42,36,665
43,36,75
44,36,67
45,36,807
46,36,911
47,36,118
48,36,540
49,36,767
50,36,556
51,36,818
52,36,783
53,36,487
54,36,934
55,36,1002
56,36,570
57,36,266
58,36,474
59,36,650
60,36,839
61,36,476
62,36,880
63,36,847
64,36,775
65,36,521
66,36,584
67,36,877
68,36,432
69,36,781
70,36,588
71,36,363
72,36,649
73,36,1010
74,36,215
75,36,505
76,36,616
77,36,297
78,36,549
79,36,780
80,36,891
81,36,750
82,36,356
83,36,131
84,36,283
85,36,538
86,36,1019
87,36,119
88,36,966
89,36,687
90,36,908
91,36,138
92,36,653
93,36,220
94,36,890
95,36,887
96,36,253
97,36,947
98,36,467
99,36,617
100,36,924
101,36,770
102,36,560
103,36,619
104,36,601
105,36,614
106,36,137
107,36,267
108,36,239
109,36,654
110,36,113
111,36,449
112,36,60
113,36,790
114,36,435
115,36,450
116,36,89
117,36,44
118,36,101
119,36,606
120,36,836
121,36,431
122,36,695
123,36,748
124,36,176
125,36,399
126,36,70
127,36,516
128,36,468
129,36,264
130,36,812
131,36,985
132,36,16
133,36,519
134,36,651
135,36,15
136,36,707
137,36,978
138,36,291
139,36,371
140,36,250
141,36,724
142,36,607
143,36,114
144,36,140
145,36,723
146,36,852
147,36,242
148,36,190
149,36,65
150,36,955
151,36,550
152,36,534
153,36,319
154,36,76
155,36,727
156,36,11
157,36,952
158,36,635
159,36,785
160,36,104
161,36,504
162,36,120
163,36,98
164,36,433
165,36,35
166,36,277
167,36,838
168,36,708
169,36,531
170,36,462
171,36,506
172,36,298
173,36,165
174,36,865
175,36,854
176,36,115
177,36,663
178,36,878
179,36,326
180,36,1003
181,36,921
182,36,809
183,36,893
184,36,261
185,36,597
186,36,843
187,36,20
188,36,256
189,36,743
190,36,437
191,36,528
192,36,237
193,36,808
194,36,580
195,36,938
196,36,490
197,36,957
198,36,434
199,36,309
200,36,410
201,36,915
202,36,980
203,36,864
204,36,80
205,36,91
206,36,709
207,36,201
208,36,571
209,36,914
210,36,218
211,36,668
212,36,960
213,36,135
214,36,179
215,36,129
216,36,916
217,36,772
218,36,600
219,36,929
220,36,953
221,36,77
222,36,188
223,36,753
224,36,755
225,36,610
226,36,984
227,36,987
228,36,171
229,36,868
230,36,251
231,36,27
232,36,36
233,36,184
234,36,857
235,36,219
236,36,413
237,36,156
238,36,933
239,36,392
240,36,205
241,36,494
242,36,217
243,36,794
244,36,532
245,36,905
246,36,716
247,36,393
248,36,112
249,36,318
250,36,339
251,36,982
252,36,508
253,36,88
254,36,148
255,36,160
256,36,346
257,36,983
258,36,5
259,36,965
260,36,34
261,36,622
262,36,763
263,36,509
264,36,826
265,36,429
266,36,127
267,36,235
268,36,9
269,36,627
270,36,390
271,36,555
272,36,414
273,36,223
274,36,548
275,36,214
276,36,226
277,36,545
278,36,503
279,36,797
280,36,951
281,36,294
282,36,216
283,36,869
284,36,418
285,36,204
286,36,930
287,36,698
288,36,842
289,36,645
290,36,276
291,36,170
292,36,626
293,36,108
294,36,541
295,36,630
296,36,361
297,36,535
298,36,241
299,36,93
300,36,454
301,36,678
302,36,41
303,36,661
304,36,511
305,36,47
306,36,821
307,36,386
308,36,379
309,36,419
310,36,725
311,36,527
312,36,315
313,36,333
314,36,837
315,36,813
316,36,151
317,36,424
318,36,669
319,36,728
320,36,733
321,36,632
322,36,935
323,36,496
324,36,8
325,36,197
326,36,345
327,36,658
328,36,132
329,36,910
330,36,110
331,36,285
332,36,926
333,36,686
334,36,792
335,36,369
336,36,228
337,36,236
338,36,69
339,36,701
340,36,979
341,36,699
342,36,464
343,36,38
344,36,54
345,36,1005
346,36,856
347,36,348
348,36,737
349,36,976
350,36,537
351,36,121
352,36,912
353,36,420
354,36,442
355,36,675
356,36,991
357,36,798
358,36,552
359,36,499
360,36,421
361,36,461
362,36,1012
363,36,308
364,36,830
365,36,894
366,36,706
367,36,85
368,36,681
369,36,546
370,36,162
371,36,922
372,36,106
373,36,484
374,36,45
375,36,858
376,36,751
377,36,195
378,36,881
379,36,801
380,36,559
381,36,355
382,36,673
383,36,664
384,36,682
385,36,305
386,36,569
387,36,828
388,36,892
389,36,776
390,36,343
391,36,990
392,36,907
393,36,875
394,36,862
395,36,286
396,36,141
397,36,523
398,36,377
399,36,245
0,37,301
1,37,118
2,37,348
3,37,684
4,37,474
5,37,954
6,37,1006
7,37,668
8,37,311
9,37,463
10,37,557
11,37,138
12,37,220
13,37,786
14,37,661
15,37,586
16,37,784
17,37,1008
18,37,520
19,37,313
20,37,710
21,37,32
22,37,492
23,37,230
24,37,713
25,37,246
26,37,155
27,37,287
28,37,901
29,37,139
30,37,304
31,37,461
32,37,1013
33,37,52
34,37,643
35,37,149
36,37,440
37,37,380
38,37,878
39,37,717
40,37,997
41,37,603
42,37,665
43,37,107
44,37,67
45,37,806
46,37,943
47,37,117
48,37,540
49,37,767
50,37,524
51,37,850
52,37,783
53,37,487
54,37,933
55,37,1002
56,37,538
57,37,266
58,37,506
59,37,618
60,37,839
61,37,476
62,37,881
63,37,847
64,37,775
65,37,521
66,37,584
67,37,877
68,37,432
69,37,749
70,37,587
71,37,363
72,37,649
73,37,1010
74,37,215
75,37,504
76,37,616
77,37,297
78,37,517
79,37,779
80,37,891
81,37,751
82,37,356
83,37,99
84,37,283
85,37,539
86,37,1018
87,37,151
88,37,967
89,37,655
90,37,940
91,37,170
92,37,685
93,37,188
94,37,890
95,37,887
96,37,252
97,37,979
98,37,435
99,37,617
100,37,924
101,37,770
102,37,560
103,37,651
104,37,602
105,37,614
106,37,137
107,37,267
108,37,239
109,37,654
110,37,81
111,37,449
112,37,60
113,37,790
114,37,434
115,37,450
116,37,121
117,37,44
118,37,101
119,37,606
120,37,868
121,37,431
122,37,696
123,37,748
124,37,176
125,37,367
126,37,102
127,37,516
128,37,469
129,37,264
130,37,812
131,37,985
132,37,16
133,37,518
134,37,650
135,37,14
136,37,675
137,37,978
138,37,323
139,37,339
140,37,250
141,37,724
142,37,607
143,37,114
144,37,172
145,37,723
146,37,852
147,37,242
148,37,190
149,37,64
150,37,955
151,37,550
152,37,534
153,37,319
154,37,75
155,37,695
156,37,11
157,37,952
158,37,635
159,37,785
160,37,104
161,37,503
162,37,119
163,37,98
164,37,433
165,37,35
166,37,277
167,37,838
168,37,740
169,37,531
170,37,462
171,37,505
172,37,298
173,37,165
174,37,865
175,37,854
176,37,115
177,37,663
178,37,910
179,37,326
180,37,1003
181,37,921
182,37,809
183,37,925
184,37,261
185,37,597
186,37,843
187,37,20
188,37,256
189,37,743
190,37,437
191,37,527
192,37,237
193,37,840
194,37,580
195,37,938
196,37,490
197,37,957
198,37,402
199,37,309
200,37,410
201,37,947
202,37,980
203,37,896
204,37,80
205,37,92
206,37,709
207,37,201
208,37,571
209,37,914
210,37,218
211,37,700
212,37,960
213,37,135
214,37,179
215,37,161
216,37,916
217,37,772
218,37,599
219,37,929
220,37,953
221,37,77
222,37,156
223,37,753
224,37,787
225,37,610
226,37,983
227,37,1019
228,37,171
229,37,869
230,37,251
231,37,27
232,37,36
233,37,184
234,37,857
235,37,219
236,37,414
237,37,157
238,37,965
239,37,424
240,37,205
241,37,494
242,37,185
243,37,794
244,37,532
245,37,906
246,37,715
247,37,394
248,37,112
249,37,318
250,37,340
251,37,1014
252,37,509
253,37,88
254,37,148
255,37,160
256,37,347
257,37,982
258,37,5
259,37,966
260,37,34
261,37,621
262,37,763
263,37,510
264,37,827
265,37,429
266,37,127
267,37,235
268,37,9
269,37,627
270,37,390
271,37,555
272,37,382
273,37,223
274,37,549
275,37,214
276,37,226
277,37,545
278,37,502
279,37,797
280,37,951
281,37,294
282,37,216
283,37,837
284,37,386
285,37,204
286,37,930
287,37,697
288,37,842
289,37,613
290,37,244
291,37,202
292,37,625
293,37,140
294,37,541
295,37,630
296,37,393
297,37,535
298,37,241
299,37,93
300,37,454
301,37,677
302,37,41
303,37,662
304,37,511
305,37,15
306,37,821
307,37,385
308,37,379
309,37,420
310,37,725
311,37,559
312,37,315
313,37,333
314,37,805
315,37,813
316,37,150
317,37,423
318,37,669
319,37,728
320,37,765
321,37,632
322,37,934
323,37,496
324,37,8
325,37,197
326,37,346
327,37,658
328,37,132
329,37,911
330,37,110
331,37,285
332,37,894
333,37,687
334,37,792
335,37,369
336,37,228
337,37,236
338,37,70
339,37,701
340,37,1011
341,37,699
342,37,464
343,37,39
344,37,54
345,37,1005
346,37,856
347,37,316
348,37,737
349,37,976
350,37,569
351,37,120
352,37,912
353,37,388
354,37,442
355,37,674
356,37,991
357,37,799
358,37,552
359,37,499
360,37,453
361,37,493
362,37,1012
363,37,276
364,37,862
365,37,893
366,37,738
367,37,85
368,37,681
369,37,514
370,37,162
371,37,922
372,37,106
373,37,483
374,37,45
375,37,826
376,37,752
377,37,227
378,37,849
379,37,802
380,37,558
381,37,355
382,37,673
383,37,664
384,37,682
385,37,305
386,37,568
387,37,828
388,37,892
389,37,776
390,37,343
391,37,958
392,37,908
393,37,875
394,37,861
395,37,286
396,37,109
397,37,523
398,37,378
399,37,245
0,38,301
1,38,150
2,38,316
3,38,683
4,38,475
5,38,954
6,38,1006
7,38,669
8,38,311
9,38,463
10,38,557
11,38,106
12,38,188
13,38,786
14,38,662
15,38,585
16,38,784
17,38,1008
18,38,520
19,38,281
20,38,678
21,38,0
22,38,491
23,38,230
24,38,713
25,38,246
26,38,155
27,38,287
28,38,901
29,38,140
30,38,304
31,38,493
32,38,1013
33,38,51
34,38,642
35,38,149
36,38,440
37,38,380
38,38,877
39,38,716
40,38,998
41,38,604
42,38,665
43,38,107
44,38,67
45,38,805
46,38,911
47,38,116
48,38,540
49,38,767
50,38,524
51,38,851
52,38,783
53,38,487
54,38,932
55,38,1002
56,38,537
57,38,266
58,38,474
59,38,586
60,38,839
61,38,476
62,38,882
63,38,847
64,38,775
65,38,521
66,38,584
67,38,845
68,38,432
69,38,749
70,38,619
71,38,363
72,38,649
73,38,1010
74,38,215
75,38,505
76,38,616
77,38,297
78,38,485
79,38,779
80,38,891
81,38,752
82,38,357
83,38,99
84,38,283
85,38,538
86,38,1017
87,38,183
88,38,966
89,38,654
90,38,941
91,38,170
92,38,717
93,38,189
94,38,890
95,38,887
96,38,252
97,38,947
98,38,435
99,38,617
100,38,924
101,38,769
102,38,560
103,38,652
104,38,603
105,38,614
106,38,137
107,38,267
108,38,239
109,38,653
110,38,81
111,38,449
112,38,60
113,38,790
114,38,434
115,38,450
116,38,122
117,38,44
118,38,101
119,38,606
120,38,868
121,38,431
122,38,697
123,38,748
124,38,176
125,38,366
126,38,102
127,38,516
128,38,470
129,38,264
130,38,812
131,38,985
132,38,16
133,38,518
134,38,651
135,38,46
136,38,643
137,38,978
138,38,355
139,38,340
140,38,250
141,38,724
142,38,607
143,38,114
144,38,173
145,38,723
146,38,852
147,38,242
148,38,190
149,38,96
150,38,955
151,38,550
152,38,534
153,38,319
154,38,75
155,38,695
156,38,11
157,38,952
158,38,635
159,38,785
160,38,104
161,38,504
162,38,120
163,38,98
164,38,433
165,38,35
166,38,277
167,38,838
168,38,739
169,38,531
170,38,462
171,38,473
172,38,298
173,38,165
174,38,865
175,38,854
176,38,115
177,38,663
178,38,878
179,38,326
180,38,1003
181,38,921
182,38,809
183,38,957
184,38,261
185,38,597
186,38,843
187,38,20
188,38,256
189,38,743
190,38,437
191,38,526
192,38,237
193,38,872
194,38,580
195,38,938
196,38,490
197,38,958
198,38,370
199,38,309
200,38,410
201,38,948
202,38,980
203,38,928
204,38,80
205,38,93
206,38,710
207,38,201
208,38,571
209,38,914
210,38,218
211,38,699
212,38,960
213,38,135
214,38,179
215,38,161
216,38,916
217,38,772
218,38,598
219,38,929
220,38,953
221,38,77
222,38,156
223,38,721
224,38,787
225,38,610
226,38,982
227,38,1020
228,38,171
229,38,870
230,38,251
231,38,27
232,38,36
233,38,184
234,38,857
235,38,219
236,38,382
237,38,157
238,38,997
239,38,423
240,38,205
241,38,494
242,38,153
243,38,794
244,38,532
245,38,907
246,38,714
247,38,393
248,38,112
249,38,318
250,38,341
251,38,1014
252,38,541
253,38,56
254,38,148
255,38,160
256,38,346
257,38,981
258,38,5
259,38,965
260,38,34
261,38,620
262,38,763
263,38,509
264,38,827
265,38,429
266,38,127
267,38,235
268,38,9
269,38,627
270,38,390
271,38,555
272,38,350
273,38,223
274,38,549
275,38,214
276,38,226
277,38,545
278,38,503
279,38,797
280,38,951
281,38,294
282,38,216
283,38,869
284,38,385
285,38,204
286,38,930
287,38,698
288,38,842
289,38,581
290,38,212
291,38,202
292,38,624
293,38,141
294,38,542
295,38,630
296,38,392
297,38,535
298,38,241
299,38,61
300,38,454
301,38,709
302,38,41
303,38,694
304,38,511
305,38,14
306,38,821
307,38,353
308,38,347
309,38,420
310,38,725
311,38,527
312,38,315
313,38,333
314,38,837
315,38,813
316,38,151
317,38,422
318,38,670
319,38,728
320,38,766
321,38,632
322,38,933
323,38,496
324,38,8
325,38,197
326,38,378
327,38,658
328,38,132
329,38,912
330,38,110
331,38,285
332,38,893
333,38,688
334,38,792
335,38,369
336,38,228
337,38,236
338,38,70
339,38,701
340,38,979
341,38,731
342,38,464
343,38,39
344,38,54
345,38,1005
346,38,856
347,38,284
348,38,737
349,38,976
350,38,570
351,38,88
352,38,880
353,38,356
354,38,442
355,38,675
356,38,991
357,38,799
358,38,552
359,38,499
360,38,453
361,38,492
362,38,1012
363,38,244
364,38,894
365,38,925
366,38,770
367,38,85
368,38,681
369,38,482
370,38,162
371,38,922
372,38,74
373,38,451
374,38,45
375,38,826
376,38,753
377,38,259
378,38,849
379,38,834
380,38,559
381,38,354
382,38,673
383,38,664
384,38,682
385,38,305
386,38,568
387,38,828
388,38,892
389,38,776
390,38,343
391,38,926
392,38,909
393,38,875
394,38,862
395,38,286
396,38,108
397,38,523
398,38,379
399,38,245
0,39,301
1,39,150
2,39,284
3,39,683
4,39,443
5,39,954
6,39,1006
7,39,637
8,39,311
9,39,463
10,39,557
11,39,105
12,39,187
13,39,786
14,39,694
15,39,586
16,39,784
17,39,1008
18,39,520
19,39,249
20,39,710
21,39,0
22,39,523
23,39,230
24,39,713
25,39,246
26,39,155
27,39,287
28,39,901
29,39,141
30,39,304
31,39,492
32,39,1013
33,39,50
34,39,674
35,39,149
36,39,440
37,39,381
38,39,909
39,39,717
40,39,997
41,39,603
42,39,665
43,39,107
44,39,67
45,39,804
46,39,911
47,39,115
48,39,540
49,39,767
50,39,524
51,39,851
52,39,783
53,39,487
54,39,900
55,39,1002
56,39,537
57,39,266
58,39,474
59,39,554
60,39,839
61,39,476
62,39,883
63,39,847
64,39,775
65,39,521
66,39,584
67,39,877
68,39,432
69,39,781
70,39,651
71,39,363
72,39,649
73,39,1010
74,39,183
75,39,506
76,39,616
77,39,297
78,39,484
79,39,779
80,39,891
81,39,753
82,39,356
83,39,99
84,39,283
85,39,538
86,39,1016
87,39,184
88,39,966
89,39,686
90,39,973
91,39,170
92,39,749
93,39,188
94,39,890
95,39,887
96,39,253
97,39,915
98,39,435
99,39,617
100,39,924
101,39,768
102,39,560
103,39,652
104,39,571
105,39,614
106,39,137
107,39,267
108,39,239
109,39,654
110,39,81
111,39,448
112,39,60
113,39,790
114,39,434
115,39,449
116,39,123
117,39,44
118,39,101
119,39,606
120,39,868
121,39,431
122,39,698
123,39,748
124,39,176
125,39,334
126,39,102
127,39,516
128,39,438
129,39,264
130,39,812
131,39,985
132,39,16
133,39,518
134,39,650
135,39,47
136,39,642
137,39,978
138,39,387
139,39,308
140,39,250
141,39,724
142,39,607
143,39,114
144,39,173
145,39,723
146,39,852
147,39,242
148,39,190
149,39,96
150,39,955
151,39,550
152,39,534
153,39,319
154,39,75
155,39,695
156,39,11
157,39,952
158,39,635
159,39,785
160,39,104
161,39,504
162,39,120
163,39,98
164,39,433
165,39,35
166,39,277
167,39,838
168,39,771
169,39,531
170,39,462
171,39,473
172,39,298
173,39,165
174,39,865
175,39,854
176,39,147
177,39,663
178,39,878
179,39,326
180,39,1003
181,39,921
182,39,809
183,39,956
184,39,261
185,39,597
186,39,843
187,39,20
188,39,256
189,39,743
190,39,437
191,39,525
192,39,237
193,39,904
194,39,612
195,39,938
196,39,490
197,39,957
198,39,338
199,39,309
200,39,410
201,39,949
202,39,948
203,39,960
204,39,80
205,39,94
206,39,709
207,39,201
208,39,570
209,39,914
210,39,218
211,39,667
212,39,992
213,39,135
214,39,179
215,39,161
216,39,916
217,39,772
218,39,566
219,39,929
220,39,953
221,39,77
222,39,156
223,39,720
224,39,787
225,39,610
226,39,981
227,39,1020
228,39,171
229,39,902
230,39,251
231,39,27
232,39,36
233,39,216
234,39,857
235,39,219
236,39,350
237,39,157
238,39,996
239,39,422
240,39,205
241,39,494
242,39,154
243,39,794
244,39,532
245,39,908
246,39,746
247,39,393
248,39,112
249,39,318
250,39,373
251,39,982
252,39,573
253,39,88
254,39,148
255,39,160
256,39,345
257,39,980
258,39,5
259,39,965
260,39,34
261,39,619
262,39,763
263,39,509
264,39,827
265,39,429
266,39,127
267,39,235
268,39,9
269,39,627
270,39,390
271,39,555
272,39,351
273,39,223
274,39,549
275,39,214
276,39,226
277,39,545
278,39,503
279,39,797
280,39,951
281,39,294
282,39,215
283,39,869
284,39,353
285,39,204
286,39,930
287,39,730
288,39,842
289,39,580
290,39,213
291,39,202
292,39,656
293,39,109
294,39,541
295,39,630
296,39,392
297,39,535
298,39,241
299,39,93
300,39,454
301,39,708
302,39,41
303,39,693
304,39,511
305,39,13
306,39,821
307,39,354
308,39,347
309,39,420
310,39,725
311,39,527
312,39,315
313,39,333
314,39,837
315,39,813
316,39,119
317,39,421
318,39,669
319,39,728
320,39,798
321,39,632
322,39,932
323,39,496
324,39,8
325,39,197
326,39,379
327,39,658
328,39,132
329,39,913
330,39,110
331,39,285
332,39,894
333,39,689
334,39,792
335,39,369
336,39,228
337,39,236
338,39,70
339,39,701
340,39,947
341,39,699
342,39,464
343,39,39
344,39,54
345,39,1005
346,39,856
347,39,252
348,39,737
349,39,976
350,39,569
351,39,87
352,39,912
353,39,324
354,39,442
355,39,707
356,39,991
357,39,799
358,39,552
359,39,499
360,39,453
361,39,460
362,39,1012
363,39,243
364,39,926
365,39,893
366,39,769
367,39,85
368,39,681
369,39,450
370,39,162
371,39,922
372,39,106
373,39,451
374,39,45
375,39,826
376,39,721
377,39,291
378,39,849
379,39,834
380,39,559
381,39,355
382,39,673
383,39,664
384,39,682
385,39,305
386,39,568
387,39,828
388,39,892
389,39,776
390,39,343
391,39,927
392,39,910
393,39,875
394,39,862
395,39,286
396,39,76
397,39,522
398,39,380
399,39,245
0,40,301
1,40,150
2,40,252
3,40,683
4,40,443
5,40,954
6,40,1006
7,40,669
8,40,311
9,40,463
10,40,557
11,40,105
12,40,187
13,40,786
14,40,695
15,40,586
16,40,784
17,40,1008
18,40,520
19,40,217
20,40,710
21,40,0
22,40,555
23,40,230
24,40,713
25,40,246
26,40,123
27,40,287
28,40,901
29,40,142
30,40,304
31,40,492
32,40,1013
33,40,49
34,40,642
35,40,149
36,40,440
37,40,381
38,40,941
39,40,717
40,40,997
41,40,603
42,40,665
43,40,107
44,40,67
45,40,836
46,40,943
47,40,114
48,40,540
49,40,767
50,40,524
51,40,883
52,40,783
53,40,487
54,40,932
55,40,1002
56,40,537
57,40,266
58,40,474
59,40,522
60,40,839
61,40,476
62,40,884
63,40,847
64,40,775
65,40,521
66,40,584
67,40,877
68,40,432
69,40,749
70,40,650
71,40,363
72,40,649
73,40,1010
74,40,215
75,40,506
76,40,616
77,40,297
78,40,484
79,40,779
80,40,891
81,40,754
82,40,356
83,40,99
84,40,283
85,40,538
86,40,984
87,40,185
88,40,966
89,40,686
90,40,973
91,40,170
92,40,750
93,40,220
94,40,890
95,40,887
96,40,254
97,40,915
98,40,435
99,40,617
100,40,924
101,40,769
102,40,560
103,40,652
104,40,539
105,40,614
106,40,137
107,40,267
108,40,239
109,40,654
110,40,81
111,40,449
112,40,60
113,40,790
114,40,434
115,40,450
116,40,91
117,40,45
118,40,101
119,40,606
120,40,868
121,40,431
122,40,730
123,40,748
124,40,176
125,40,334
126,40,102
127,40,516
128,40,406
129,40,264
130,40,812
131,40,985
132,40,16
133,40,518
134,40,618
135,40,47
136,40,610
137,40,978
138,40,419
139,40,276
140,40,250
141,40,724
142,40,607
143,40,146
144,40,173
145,40,723
146,40,852
147,40,242
148,40,190
149,40,96
150,40,955
151,40,550
152,40,534
153,40,319
154,40,75
155,40,727
156,40,11
157,40,952
158,40,635
159,40,785
160,40,104
161,40,504
162,40,120
163,40,98
164,40,433
165,40,35
166,40,277
167,40,838
168,40,803
169,40,531
170,40,462
171,40,473
172,40,298
173,40,165
174,40,865
175,40,854
176,40,115
177,40,663
178,40,878
179,40,326
180,40,1003
181,40,921
182,40,809
183,40,988
184,40,261
185,40,597
186,40,843
187,40,20
188,40,256
189,40,743
190,40,437
191,40,525
192,40,237
193,40,936
194,40,580
195,40,938
196,40,490
197,40,957
198,40,339
199,40,309
200,40,410
201,40,981
202,40,948
203,40,961
204,40,80
205,40,126
206,40,709
207,40,201
208,40,571
209,40,946
210,40,218
211,40,667
212,40,960
213,40,135
214,40,179
215,40,161
216,40,916
217,40,772
218,40,566
219,40,929
220,40,953
221,40,77
222,40,156
223,40,752
224,40,787
225,40,609
226,40,980
227,40,1020
228,40,171
229,40,903
230,40,251
231,40,27
232,40,36
233,40,184
234,40,857
235,40,219
236,40,318
237,40,157
238,40,996
239,40,421
240,40,205
241,40,494
242,40,155
243,40,794
244,40,532
245,40,909
246,40,778
247,40,393
248,40,112
249,40,317
250,40,373
251,40,982
252,40,605
253,40,88
254,40,148
255,40,160
256,40,345
257,40,979
258,40,5
259,40,965
260,40,34
261,40,651
262,40,763
263,40,509
264,40,827
265,40,429
266,40,127
267,40,235
268,40,9
269,40,627
270,40,390
271,40,587
272,40,350
273,40,223
274,40,549
275,40,214
276,40,226
277,40,545
278,40,503
279,40,797
280,40,951
281,40,294
282,40,216
283,40,869
284,40,352
285,40,204
286,40,930
287,40,731
288,40,842
289,40,548
290,40,213
291,40,202
292,40,656
293,40,141
294,40,541
295,40,630
296,40,392
297,40,535
298,40,241
299,40,93
300,40,454
301,40,707
302,40,41
303,40,661
304,40,511
305,40,12
306,40,821
307,40,386
308,40,379
309,40,388
310,40,725
311,40,527
312,40,315
313,40,333
314,40,837
315,40,813
316,40,119
317,40,420
318,40,668
319,40,728
320,40,830
321,40,632
322,40,931
323,40,496
324,40,8
325,40,197
326,40,380
327,40,658
328,40,132
329,40,914
330,40,110
331,40,285
332,40,894
333,40,689
334,40,792
335,40,369
336,40,228
337,40,236
338,40,70
339,40,701
340,40,947
341,40,699
342,40,464
343,40,39
344,40,54
345,40,1005
346,40,856
347,40,253
348,40,737
349,40,976
350,40,570
351,40,86
352,40,912
353,40,325
354,40,442
355,40,675
356,40,991
357,40,799
358,40,552
359,40,499
360,40,453
361,40,460
362,40,1012
363,40,211
364,40,958
365,40,893
366,40,801
367,40,85
368,40,681
369,40,418
370,40,162
371,40,922
372,40,106
373,40,451
374,40,13
375,40,826
376,40,753
377,40,323
378,40,849
379,40,834
380,40,559
381,40,355
382,40,673
383,40,664
384,40,682
385,40,305
386,40,568
387,40,828
388,40,892
389,40,776
390,40,343
391,40,895
392,40,911
393,40,875
394,40,862
395,40,286
396,40,44
397,40,523
398,40,348
399,40,245
0,41,301
1,41,150
2,41,253
3,41,683
4,41,443
5,41,954
6,41,1006
7,41,669
8,41,311
9,41,463
10,41,557
11,41,105
12,41,187
13,41,786
14,41,696
15,41,618
16,41,784
17,41,1008
18,41,520
19,41,185
20,41,710
21,41,0
22,41,554
23,41,230
24,41,714
25,41,246
26,41,124
27,41,255
28,41,901
29,41,142
30,41,304
31,41,492
32,41,1013
33,41,48
34,41,643
35,41,149
36,41,440
37,41,382
38,41,940
39,41,717
40,41,997
41,41,603
42,41,665
43,41,107
44,41,67
45,41,868
46,41,911
47,41,113
48,41,540
49,41,767
50,41,524
51,41,882
52,41,783
53,41,487
54,41,933
55,41,1002
56,41,537
57,41,266
58,41,474
59,41,490
60,41,839
61,41,476
62,41,885
63,41,847
64,41,775
65,41,521
66,41,584
67,41,877
68,41,432
69,41,749
70,41,682
71,41,363
72,41,649
73,41,1010
74,41,215
75,41,506
76,41,616
77,41,297
78,41,484
79,41,779
80,41,891
81,41,755
82,41,356
83,41,99
84,41,283
85,41,538
86,41,983
87,41,186
88,41,966
89,41,686
90,41,973
91,41,170
92,41,782
93,41,220
94,41,890
95,41,887
96,41,254
97,41,883
98,41,435
99,41,617
100,41,924
101,41,770
102,41,560
103,41,652
104,41,539
105,41,614
106,41,137
107,41,267
108,41,239
109,41,654
110,41,81
111,41,448
112,41,60
113,41,790
114,41,434
115,41,449
116,41,59
117,41,44
118,41,101
119,41,606
120,41,900
121,41,431
122,41,762
123,41,748
124,41,176
125,41,334
126,41,102
127,41,516
128,41,407
129,41,264
130,41,812
131,41,985
132,41,16
133,41,518
134,41,619
135,41,47
136,41,578
137,41,946
138,41,451
139,41,244
140,41,250
141,41,724
142,41,607
143,41,114
144,41,173
145,41,723
146,41,852
147,41,242
148,41,190
149,41,96
150,41,955
151,41,550
152,41,534
153,41,319
154,41,75
155,41,695
156,41,11
157,41,952
158,41,635
159,41,785
160,41,104
161,41,504
162,41,120
163,41,98
164,41,433
165,41,35
166,41,277
167,41,838
168,41,835
169,41,531
170,41,462
171,41,473
172,41,298
173,41,165
174,41,865
175,41,854
176,41,115
177,41,663
178,41,878
179,41,326
180,41,1003
181,41,921
182,41,809
183,41,988
184,41,261
185,41,597
186,41,843
187,41,20
188,41,256
189,41,743
190,41,437
191,41,525
192,41,237
193,41,968
194,41,580
195,41,938
196,41,489
197,41,957
198,41,340
199,41,309
200,41,410
201,41,981
202,41,980
203,41,962
204,41,80
205,41,158
206,41,709
207,41,201
208,41,571
209,41,914
210,41,218
211,41,667
212,41,960
213,41,135
214,41,178
215,41,161
216,41,916
217,41,772
218,41,566
219,41,929
220,41,953
221,41,77
222,41,156
223,41,720
224,41,787
225,41,610
226,41,979
227,41,1020
228,41,171
229,41,904
230,41,251
231,41,27
232,41,36
233,41,184
234,41,857
235,41,219
236,41,286
237,41,157
238,41,996
239,41,422
240,41,205
241,41,494
242,41,123
243,41,794
244,41,532
245,41,910
246,41,777
247,41,393
248,41,112
249,41,318
250,41,373
251,41,982
252,41,637
253,41,88
254,41,148
255,41,160
256,41,345
257,41,978
258,41,5
259,41,965
260,41,34
261,41,650
262,41,763
263,41,509
264,41,827
265,41,429
266,41,127
267,41,235
268,41,9
269,41,627
270,41,390
271,41,555
272,41,350
273,41,223
274,41,549
275,41,214
276,41,226
277,41,545
278,41,503
279,41,797
280,41,951
281,41,294
282,41,216
283,41,869
284,41,320
285,41,204
286,41,930
287,41,730
288,41,842
289,41,547
290,41,213
291,41,202
292,41,656
293,41,140
294,41,541
295,41,630
296,41,392
297,41,535
298,41,241
299,41,93
300,41,454
301,41,739
302,41,41
303,41,662
304,41,511
305,41,12
306,41,821
307,41,385
308,41,379
309,41,420
310,41,725
311,41,527
312,41,315
313,41,333
314,41,837
315,41,813
316,41,119
317,41,421
318,41,668
319,41,728
320,41,862
321,41,632
322,41,963
323,41,496
324,41,8
325,41,197
326,41,381
327,41,658
328,41,132
329,41,915
330,41,110
331,41,285
332,41,894
333,41,689
334,41,792
335,41,369
336,41,228
337,41,236
338,41,70
339,41,701
340,41,947
341,41,699
342,41,464
343,41,39
344,41,54
345,41,1005
346,41,856
347,41,221
348,41,737
349,41,976
350,41,570
351,41,85
352,41,880
353,41,325
354,41,442
355,41,707
356,41,991
357,41,799
358,41,552
359,41,499
360,41,453
361,41,460
362,41,1012
363,41,179
364,41,990
365,41,893
366,41,800
367,41,117
368,41,713
369,41,386
370,41,162
371,41,922
372,41,106
373,41,450
374,41,45
375,41,826
376,41,752
377,41,355
378,41,849
379,41,834
380,41,559
381,41,354
382,41,673
383,41,664
384,41,681
385,41,305
386,41,568
387,41,828
388,41,892
389,41,776
390,41,343
391,41,895
392,41,912
393,41,875
394,41,861
395,41,287
396,41,43
397,41,523
398,41,349
399,41,245
0,42,301
1,42,150
2,42,221
3,42,683
4,42,443
5,42,954
6,42,1006
7,42,670
8,42,311
9,42,463
10,42,557
11,42,105
12,42,187
13,42,786
14,42,697
15,42,618
16,42,784
17,42,1008
18,42,520
19,42,185
20,42,710
21,42,0
22,42,554
23,42,230
24,42,714
25,42,246
26,42,123
27,42,287
28,42,901
29,42,142
30,42,304
31,42,492
32,42,1013
33,42,48
34,42,643
35,42,149
36,42,440
37,42,381
38,42,939
39,42,717
40,42,997
41,42,603
42,42,665
43,42,107
44,42,67
45,42,868
46,42,943
47,42,81
48,42,540
49,42,767
50,42,524
51,42,914
52,42,783
53,42,487
54,42,933
55,42,1002
56,42,537
57,42,266
58,42,474
59,42,458
60,42,839
61,42,476
62,42,886
63,42,847
64,42,775
65,42,521
66,42,584
67,42,877
68,42,432
69,42,749
70,42,650
71,42,363
72,42,681
73,42,1010
74,42,215
75,42,506
76,42,616
77,42,297
78,42,484
79,42,779
80,42,891
81,42,755
82,42,356
83,42,99
84,42,283
85,42,538
86,42,983
87,42,186
88,42,966
89,42,686
90,42,973
91,42,170
92,42,814
93,42,220
94,42,890
95,42,887
96,42,253
97,42,883
98,42,435
99,42,617
100,42,924
101,42,770
102,42,560
103,42,652
104,42,539
105,42,614
106,42,137
107,42,267
108,42,239
109,42,654
110,42,49
111,42,449
112,42,28
113,42,790
114,42,434
115,42,450
116,42,60
117,42,44
118,42,101
119,42,606
120,42,900
121,42,431
122,42,730
123,42,748
124,42,176
125,42,334
126,42,102
127,42,516
128,42,375
129,42,264
130,42,812
131,42,985
132,42,16
133,42,518
134,42,619
135,42,47
136,42,546
137,42,947
138,42,483
139,42,243
140,42,250
141,42,724
142,42,607
143,42,114
144,42,173
145,42,723
146,42,852
147,42,242
148,42,191
149,42,96
150,42,955
151,42,550
152,42,534
153,42,319
154,42,75
155,42,695
156,42,11
157,42,952
158,42,635
159,42,785
160,42,104
161,42,504
162,42,120
163,42,98
164,42,433
165,42,35
166,42,277
167,42,838
168,42,867
169,42,531
170,42,462
171,42,473
172,42,298
173,42,165
174,42,865
175,42,854
176,42,115
177,42,663
178,42,878
179,42,326
180,42,1003
181,42,921
182,42,809
183,42,988
184,42,261
185,42,597
186,42,843
187,42,20
188,42,256
189,42,743
190,42,437
191,42,525
192,42,237
193,42,969
194,42,580
195,42,938
196,42,490
197,42,957
198,42,341
199,42,309
200,42,410
201,42,981
202,42,980
203,42,994
204,42,80
205,42,190
206,42,709
207,42,201
208,42,571
209,42,946
210,42,218
211,42,667
212,42,960
213,42,135
214,42,179
215,42,161
216,42,884
217,42,772
218,42,566
219,42,929
220,42,953
221,42,77
222,42,156
223,42,752
224,42,787
225,42,610
226,42,978
227,42,1020
228,42,171
229,42,905
230,42,251
231,42,27
232,42,36
233,42,184
234,42,857
235,42,219
236,42,254
237,42,157
238,42,996
239,42,423
240,42,205
241,42,494
242,42,91
243,42,794
244,42,532
245,42,911
246,42,777
247,42,393
248,42,112
249,42,318
250,42,373
251,42,982
252,42,669
253,42,88
254,42,148
255,42,160
256,42,345
257,42,977
258,42,5
259,42,965
260,42,34
261,42,649
262,42,763
263,42,509
264,42,827
265,42,429
266,42,127
267,42,235
268,42,9
269,42,627
270,42,390
271,42,555
272,42,351
273,42,223
274,42,549
275,42,214
276,42,226
277,42,545
278,42,503
279,42,797
280,42,951
281,42,294
282,42,216
283,42,869
284,42,288
285,42,204
286,42,930
287,42,698
288,42,842
289,42,515
290,42,213
291,42,202
292,42,656
293,42,140
294,42,541
295,42,630
296,42,392
297,42,535
298,42,241
299,42,93
300,42,454
301,42,739
302,42,41
303,42,662
304,42,511
305,42,12
306,42,821
307,42,386
308,42,379
309,42,420
310,42,725
311,42,527
312,42,315
313,42,333
314,42,837
315,42,813
316,42,119
317,42,422
318,42,668
319,42,728
320,42,894
321,42,632
322,42,962
323,42,496
324,42,8
325,42,197
326,42,349
327,42,658
328,42,132
329,42,916
330,42,110
331,42,285
332,42,926
333,42,689
334,42,792
335,42,369
336,42,228
337,42,236
338,42,70
339,42,701
340,42,979
341,42,699
342,42,464
343,42,39
344,42,54
345,42,1005
346,42,856
347,42,189
348,42,737
349,42,976
350,42,570
351,42,84
352,42,912
353,42,325
354,42,442
355,42,707
356,42,991
357,42,799
358,42,552
359,42,499
360,42,453
361,42,460
362,42,1012
363,42,147
364,42,1022
365,42,893
366,42,832
367,42,85
368,42,713
369,42,354
370,42,162
371,42,922
372,42,106
373,42,451
374,42,45
375,42,826
376,42,751
377,42,387
378,42,849
379,42,834
380,42,559
381,42,355
382,42,673
383,42,664
384,42,682
385,42,305
386,42,568
387,42,828
388,42,892
389,42,776
390,42,343
391,42,895
392,42,913
393,42,875
394,42,862
395,42,286
396,42,43
397,42,523
398,42,350
399,42,245
0,43,301
1,43,150
2,43,189
3,43,683
4,43,443
5,43,954
6,43,1006
7,43,669
8,43,311
9,43,463
10,43,557
11,43,105
12,43,187
13,43,786
14,43,698
15,43,618
16,43,784
17,43,1008
18,43,520
19,43,185
20,43,710
21,43,0
22,43,554
23,43,230
24,43,713
25,43,246
26,43,155
27,43,287
28,43,901
29,43,142
30,43,304
31,43,492
32,43,1013
33,43,48
34,43,643
35,43,149
36,43,440
37,43,380
38,43,907
39,43,717
40,43,997
41,43,603
42,43,665
43,43,107
44,43,67
45,43,867
46,43,911
47,43,49
48,43,540
49,43,767
50,43,524
51,43,915
52,43,783
53,43,487
54,43,933
55,43,1002
56,43,537
57,43,266
58,43,474
59,43,426
60,43,839
61,43,476
62,43,887
63,43,847
64,43,775
65,43,521
66,43,584
67,43,877
68,43,432
69,43,749
70,43,650
71,43,363
72,43,649
73,43,1010
74,43,215
75,43,506
76,43,616
77,43,297
78,43,484
79,43,779
80,43,891
81,43,755
82,43,356
83,43,99
84,43,283
85,43,538
86,43,983
87,43,186
88,43,966
89,43,686
90,43,973
91,43,170
92,43,814
93,43,220
94,43,890
95,43,855
96,43,252
97,43,883
98,43,435
99,43,617
100,43,924
101,43,770
102,43,560
103,43,652
104,43,539
105,43,614
106,43,137
107,43,267
108,43,239
109,43,654
110,43,50
111,43,449
112,43,60
113,43,790
114,43,434
115,43,450
116,43,61
117,43,44
118,43,101
119,43,606
120,43,868
121,43,431
122,43,731
123,43,748
124,43,176
125,43,334
126,43,102
127,43,516
128,43,375
129,43,264
130,43,812
131,43,985
132,43,16
133,43,518
134,43,619
135,43,47
136,43,514
137,43,946
138,43,482
139,43,243
140,43,250
141,43,724
142,43,607
143,43,114
144,43,173
145,43,723
146,43,820
147,43,242
148,43,191
149,43,96
150,43,955
151,43,550
152,43,534
153,43,319
154,43,75
155,43,695
156,43,11
157,43,952
158,43,635
159,43,785
160,43,104
161,43,504
162,43,120
163,43,98
164,43,433
165,43,35
166,43,277
167,43,838
168,43,866
169,43,531
170,43,462
171,43,473
172,43,298
173,43,165
174,43,865
175,43,854
176,43,115
177,43,663
178,43,878
179,43,326
180,43,1003
181,43,921
182,43,809
183,43,988
184,43,261
185,43,597
186,43,843
187,43,20
188,43,257
189,43,743
190,43,437
191,43,525
192,43,237
193,43,970
194,43,580
195,43,938
196,43,490
197,43,957
198,43,342
199,43,309
200,43,410
201,43,981
202,43,980
203,43,993
204,43,80
205,43,190
206,43,709
207,43,201
208,43,571
209,43,978
210,43,218
211,43,667
212,43,960
213,43,135
214,43,179
215,43,161
216,43,852
217,43,772
218,43,566
219,43,929
220,43,953
221,43,77
222,43,156
223,43,753
224,43,787
225,43,610
226,43,977
227,43,1020
228,43,171
229,43,906
230,43,251
231,43,27
232,43,36
233,43,184
234,43,857
235,43,219
236,43,222
237,43,158
238,43,996
239,43,422
240,43,205
241,43,494
242,43,59
243,43,794
244,43,532
245,43,912
246,43,777
247,43,393
248,43,112
249,43,318
250,43,373
251,43,982
252,43,701
253,43,88
254,43,148
255,43,160
256,43,345
257,43,945
258,43,5
259,43,965
260,43,34
261,43,648
262,43,763
263,43,509
264,43,827
265,43,429
266,43,127
267,43,235
268,43,9
269,43,627
270,43,358
271,43,555
272,43,350
273,43,223
274,43,549
275,43,214
276,43,226
277,43,545
278,43,503
279,43,797
280,43,951
281,43,294
282,43,216
283,43,869
284,43,256
285,43,204
286,43,930
287,43,730
288,43,842
289,43,515
290,43,213
291,43,202
292,43,656
293,43,140
294,43,541
295,43,630
296,43,392
297,43,535
298,43,241
299,43,93
300,43,454
301,43,739
302,43,41
303,43,662
304,43,511
305,43,12
306,43,821
307,43,386
308,43,379
309,43,420
310,43,725
311,43,527
312,43,315
313,43,333
314,43,837
315,43,813
316,43,119
317,43,390
318,43,668
319,43,728
320,43,895
321,43,632
322,43,994
323,43,496
324,43,8
325,43,197
326,43,381
327,43,658
328,43,132
329,43,884
330,43,110
331,43,285
332,43,894
333,43,689
334,43,792
335,43,369
336,43,228
337,43,236
338,43,70
339,43,700
340,43,947
341,43,699
342,43,464
343,43,39
344,43,54
345,43,1005
346,43,856
347,43,157
348,43,737
349,43,976
350,43,570
351,43,52
352,43,880
353,43,325
354,43,442
355,43,707
356,43,991
357,43,799
358,43,552
359,43,499
360,43,453
361,43,460
362,43,1012
363,43,147
364,43,1021
365,43,893
366,43,864
367,43,85
368,43,681
369,43,322
370,43,162
371,43,922
372,43,106
373,43,451
374,43,45
375,43,826
376,43,751
377,43,419
378,43,849
379,43,834
380,43,559
381,43,355
382,43,673
383,43,664
384,43,682
385,43,305
386,43,568
387,43,828
388,43,892
389,43,776
390,43,343
391,43,927
392,43,914
393,43,875
394,43,862
395,43,286
396,43,43
397,43,523
398,43,349
399,43,245
0,44,301
1,44,150
2,44,157
3,44,683
4,44,443
5,44,954
6,44,1006
7,44,669
8,44,312
9,44,463
10,44,557
11,44,105
12,44,187
13,44,786
14,44,699
15,44,618
16,44,784
17,44,1008
18,44,520
19,44,185
20,44,710
21,44,0
22,44,554
23,44,230
24,44,713
25,44,246
26,44,155
27,44,287
28,44,901
29,44,142
30,44,304
31,44,492
32,44,1013
33,44,16
34,44,643
35,44,149
36,44,440
37,44,380
38,44,906
39,44,717
40,44,997
41,44,603
42,44,665
43,44,107
44,44,67
45,44,867
46,44,911
47,44,48
48,44,540
49,44,767
50,44,524
51,44,947
52,44,783
53,44,487
54,44,933
55,44,1002
56,44,537
57,44,266
58,44,474
59,44,394
60,44,839
61,44,476
62,44,919
63,44,847
64,44,775
65,44,521
66,44,584
67,44,877
68,44,432
69,44,749
70,44,650
71,44,363
72,44,649
73,44,1011
74,44,215
75,44,506
76,44,616
77,44,297
78,44,484
79,44,779
80,44,891
81,44,755
82,44,356
83,44,99
84,44,283
85,44,538
86,44,983
87,44,186
88,44,966
89,44,686
90,44,973
91,44,170
92,44,814
93,44,220
94,44,890
95,44,887
96,44,252
97,44,883
98,44,435
99,44,617
100,44,924
101,44,770
102,44,560
103,44,652
104,44,539
105,44,614
106,44,137
107,44,267
108,44,239
109,44,654
110,44,49
111,44,449
112,44,60
113,44,790
114,44,434
115,44,450
116,44,62
117,44,44
118,44,101
119,44,606
120,44,868
121,44,431
122,44,730
123,44,748
124,44,176
125,44,334
126,44,102
127,44,516
128,44,375
129,44,264
130,44,812
131,44,985
132,44,15
133,44,518
134,44,619
135,44,47
136,44,482
137,44,978
138,44,481
139,44,243
140,44,250
141,44,724
142,44,607
143,44,114
144,44,173
145,44,723
146,44,852
147,44,242
148,44,223
149,44,96
150,44,955
151,44,550
152,44,534
153,44,319
154,44,75
155,44,695
156,44,11
157,44,952
158,44,635
159,44,785
160,44,104
161,44,504
162,44,120
163,44,98
164,44,433
165,44,35
166,44,277
167,44,838
168,44,898
169,44,531
170,44,462
171,44,473
172,44,298
173,44,165
174,44,865
175,44,854
176,44,115
177,44,663
178,44,878
179,44,326
180,44,1003
181,44,921
182,44,809
183,44,988
184,44,261
185,44,597
186,44,843
187,44,20
188,44,256
189,44,743
190,44,437
191,44,525
192,44,237
193,44,970
194,44,580
195,44,939
196,44,490
197,44,957
198,44,343
199,44,309
200,44,410
201,44,981
202,44,980
203,44,961
204,44,80
205,44,191
206,44,709
207,44,201
208,44,571
209,44,1010
210,44,218
211,44,667
212,44,960
213,44,135
214,44,179
215,44,161
216,44,884
217,44,772
218,44,566
219,44,929
220,44,953
221,44,77
222,44,156
223,44,753
224,44,787
225,44,610
226,44,945
227,44,1019
228,44,171
229,44,938
230,44,251
231,44,27
232,44,36
233,44,184
234,44,857
235,44,219
236,44,190
237,44,159
238,44,996
239,44,421
240,44,205
241,44,494
242,44,58
243,44,794
244,44,532
245,44,913
246,44,777
247,44,393
248,44,112
249,44,318
250,44,373
251,44,982
252,44,700
253,44,88
254,44,148
255,44,160
256,44,345
257,44,944
258,44,5
259,44,965
260,44,34
261,44,647
262,44,763
263,44,509
264,44,827
265,44,429
266,44,127
267,44,235
268,44,9
269,44,627
270,44,390
271,44,555
272,44,350
273,44,222
274,44,549
275,44,214
276,44,226
277,44,545
278,44,503
279,44,797
280,44,951
281,44,294
282,44,216
283,44,869
284,44,224
285,44,204
286,44,930
287,44,698
288,44,842
289,44,515
290,44,213
291,44,202
292,44,656
293,44,140
294,44,541
295,44,630
296,44,392
297,44,535
298,44,241
299,44,93
300,44,454
301,44,739
302,44,41
303,44,662
304,44,511
305,44,12
306,44,821
307,44,386
308,44,379
309,44,420
310,44,725
311,44,527
312,44,315
313,44,333
314,44,837
315,44,813
316,44,119
317,44,422
318,44,668
319,44,728
320,44,927
321,44,632
322,44,993
323,44,496
324,44,8
325,44,197
326,44,381
327,44,658
328,44,132
329,44,885
330,44,110
331,44,285
332,44,894
333,44,689
334,44,792
335,44,369
336,44,228
337,44,236
338,44,70
339,44,732
340,44,979
341,44,731
342,44,464
343,44,39
344,44,54
345,44,1005
346,44,856
347,44,158
348,44,737
349,44,976
350,44,570
351,44,51
352,44,912
353,44,325
354,44,442
355,44,707
356,44,991
357,44,799
358,44,552
359,44,499
360,44,453
361,44,460
362,44,1012
363,44,147
364,44,1020
365,44,893
366,44,864
367,44,85
368,44,681
369,44,290
370,44,162
371,44,922
372,44,106
373,44,451
374,44,45
375,44,826
376,44,751
377,44,418
378,44,849
379,44,834
380,44,559
381,44,355
382,44,673
383,44,664
384,44,682
385,44,305
386,44,568
387,44,828
388,44,892
389,44,776
390,44,311
391,44,926
392,44,915
393,44,875
394,44,862
395,44,286
396,44,43
397,44,523
398,44,349
399,44,245
0,45,301
1,45,150
2,45,158
3,45,683
4,45,443
5,45,954
6,45,1006
7,45,669
8,45,311
9,45,463
10,45,557
11,45,105
12,45,187
13,45,786
14,45,698
15,45,618
16,45,784
17,45,1008
18,45,520
19,45,185
20,45,710
21,45,0
22,45,554
23,45,230
24,45,713
25,45,246
26,45,155
27,45,287
28,45,901
29,45,142
30,45,304
31,45,492
32,45,1013
33,45,48
34,45,643
35,45,149
36,45,440
37,45,380
38,45,906
39,45,717
40,45,997
41,45,603
42,45,665
43,45,107
44,45,67
45,45,867
46,45,911
47,45,47
48,45,540
49,45,767
50,45,524
51,45,915
52,45,783
53,45,487
54,45,933
55,45,1002
56,45,537
57,45,266
58,45,474
59,45,362
60,45,839
61,45,476
62,45,919
63,45,847
64,45,775
65,45,521
66,45,584
67,45,877
68,45,432
69,45,749
70,45,650
71,45,363
72,45,649
73,45,1010
74,45,215
75,45,506
76,45,616
77,45,297
78,45,484
79,45,779
80,45,891
81,45,755
82,45,356
83,45,99
84,45,283
85,45,538
86,45,983
87,45,186
88,45,966
89,45,686
90,45,973
91,45,170
92,45,814
93,45,220
94,45,890
95,45,887
96,45,252
97,45,883
98,45,435
99,45,617
100,45,924
101,45,770
102,45,560
103,45,652
104,45,539
105,45,614
106,45,137
107,45,267
108,45,239
109,45,654
110,45,81
111,45,448
112,45,60
113,45,790
114,45,434
115,45,449
116,45,62
117,45,44
118,45,101
119,45,606
120,45,868
121,45,431
122,45,730
123,45,748
124,45,176
125,45,334
126,45,102
127,45,516
128,45,375
129,45,264
130,45,812
131,45,985
132,45,16
133,45,518
134,45,619
135,45,15
136,45,450
137,45,946
138,45,482
139,45,243
140,45,250
141,45,724
142,45,607
143,45,114
144,45,173
145,45,723
146,45,852
147,45,242
148,45,222
149,45,96
150,45,955
151,45,550
152,45,534
153,45,319
154,45,75
155,45,695
156,45,11
157,45,952
158,45,635
159,45,785
160,45,104
161,45,504
162,45,120
163,45,98
164,45,433
165,45,35
166,45,277
167,45,838
168,45,897
169,45,531
170,45,462
171,45,473
172,45,298
173,45,165
174,45,865
175,45,854
176,45,115
177,45,663
178,45,878
179,45,326
180,45,1003
181,45,921
182,45,809
183,45,988
184,45,261
185,45,597
186,45,843
187,45,20
188,45,256
189,45,743
190,45,437
191,45,525
192,45,237
193,45,970
194,45,580
195,45,971
196,45,490
197,45,957
198,45,344
199,45,309
200,45,410
201,45,981
202,45,980
203,45,962
204,45,80
205,45,223
206,45,709
207,45,201
208,45,571
209,45,978
210,45,218
211,45,667
212,45,960
213,45,135
214,45,179
215,45,161
216,45,884
217,45,772
218,45,566
219,45,929
220,45,953
221,45,77
222,45,156
223,45,753
224,45,787
225,45,610
226,45,944
227,45,987
228,45,171
229,45,939
230,45,251
231,45,27
232,45,36
233,45,184
234,45,857
235,45,219
236,45,191
237,45,159
238,45,996
239,45,421
240,45,205
241,45,494
242,45,58
243,45,794
244,45,532
245,45,914
246,45,777
247,45,393
248,45,112
249,45,318
250,45,373
251,45,982
252,45,699
253,45,88
254,45,148
255,45,160
256,45,345
257,45,943
258,45,5
259,45,965
260,45,34
261,45,646
262,45,763
263,45,509
264,45,827
265,45,429
266,45,127
267,45,235
268,45,9
269,45,627
270,45,390
271,45,555
272,45,350
273,45,221
274,45,549
275,45,214
276,45,226
277,45,545
278,45,503
279,45,797
280,45,951
281,45,294
282,45,216
283,45,869
284,45,225
285,45,204
286,45,930
287,45,697
288,45,842
289,45,515
290,45,213
291,45,202
292,45,656
293,45,140
294,45,541
295,45,630
296,45,392
297,45,535
298,45,241
299,45,93
300,45,454
301,45,739
302,45,41
303,45,662
304,45,511
305,45,12
306,45,821
307,45,386
308,45,379
309,45,420
310,45,725
311,45,527
312,45,315
313,45,333
314,45,837
315,45,813
316,45,119
317,45,423
318,45,668
319,45,728
320,45,959
321,45,632
322,45,992
323,45,496
324,45,8
325,45,197
326,45,381
327,45,658
328,45,132
329,45,886
330,45,110
331,45,285
332,45,894
333,45,689
334,45,792
335,45,369
336,45,228
337,45,236
338,45,70
339,45,700
340,45,947
341,45,731
342,45,464
343,45,39
344,45,54
345,45,1005
346,45,856
347,45,126
348,45,737
349,45,976
350,45,570
351,45,51
352,45,912
353,45,325
354,45,442
355,45,707
356,45,991
357,45,799
358,45,552
359,45,499
360,45,453
361,45,460
362,45,1012
363,45,147
364,45,1019
365,45,893
366,45,864
367,45,85
368,45,681
369,45,291
370,45,162
371,45,922
372,45,106
373,45,451
374,45,45
375,45,826
376,45,751
377,45,417
378,45,849
379,45,834
380,45,559
381,45,355
382,45,673
383,45,664
384,45,682
385,45,305
386,45,568
387,45,828
388,45,892
389,45,776
390,45,343
391,45,927
392,45,916
393,45,875
394,45,862
395,45,286
396,45,43
397,45,523
398,45,349
399,45,245
0,46,301
1,46,150
2,46,126
3,46,683
4,46,443
5,46,954
6,46,1006
7,46,669
8,46,311
9,46,463
10,46,557
11,46,105
12,46,187
13,46,786
14,46,698
15,46,618
16,46,784
17,46,1008
18,46,520
19,46,185
20,46,710
21,46,0
22,46,554
23,46,230
24,46,713
25,46,246
26,46,155
27,46,287
28,46,901
29,46,142
30,46,304
31,46,492
32,46,1013
33,46,48
34,46,643
35,46,149
36,46,440
37,46,380
38,46,906
39,46,717
40,46,997
41,46,603
42,46,665
43,46,107
44,46,67
45,46,867
46,46,879
47,46,46
48,46,540
49,46,767
50,46,524
51,46,915
52,46,783
53,46,487
54,46,933
55,46,1002
56,46,537
57,46,266
58,46,474
59,46,362
60,46,839
61,46,476
62,46,919
63,46,847
64,46,775
65,46,521
66,46,584
67,46,877
68,46,432
69,46,749
70,46,650
71,46,363
72,46,649
73,46,1011
74,46,215
75,46,506
76,46,616
77,46,297
78,46,484
79,46,779
80,46,891
81,46,755
82,46,356
83,46,99
84,46,283
85,46,538
86,46,983
87,46,186
88,46,966
89,46,686
90,46,973
91,46,170
92,46,814
93,46,220
94,46,890
95,46,855
96,46,252
97,46,883
98,46,435
99,46,617
100,46,924
101,46,770
102,46,560
103,46,652
104,46,539
105,46,614
106,46,137
107,46,267
108,46,239
109,46,654
110,46,81
111,46,448
112,46,60
113,46,790
114,46,434
115,46,450
116,46,62
117,46,44
118,46,101
119,46,606
120,46,868
121,46,431
122,46,730
123,46,748
124,46,176
125,46,334
126,46,102
127,46,516
128,46,375
129,46,264
130,46,812
131,46,985
132,46,16
133,46,518
134,46,619
135,46,47
136,46,418
137,46,978
138,46,482
139,46,243
140,46,250
141,46,724
142,46,607
143,46,114
144,46,173
145,46,723
146,46,820
147,46,242
148,46,190
149,46,96
150,46,955
151,46,550
152,46,534
153,46,319
154,46,75
155,46,695
156,46,11
157,46,952
158,46,635
159,46,785
160,46,104
161,46,504
162,46,120
163,46,98
164,46,433
165,46,35
166,46,277
167,46,838
168,46,929
169,46,531
170,46,462
171,46,473
172,46,298
173,46,165
174,46,865
175,46,854
176,46,115
177,46,663
178,46,878
179,46,326
180,46,1003
181,46,921
182,46,809
183,46,988
184,46,261
185,46,597
186,46,843
187,46,20
188,46,256
189,46,743
190,46,437
191,46,525
192,46,237
193,46,970
194,46,580
195,46,939
196,46,490
197,46,957
198,46,312
199,46,309
200,46,410
201,46,981
202,46,980
203,46,962
204,46,80
205,46,255
206,46,709
207,46,201
208,46,571
209,46,1010
210,46,218
211,46,667
212,46,960
213,46,135
214,46,179
215,46,161
216,46,852
217,46,772
218,46,566
219,46,961
220,46,953
221,46,77
222,46,156
223,46,753
224,46,787
225,46,610
226,46,943
227,46,1019
228,46,171
229,46,940
230,46,251
231,46,27
232,46,36
233,46,184
234,46,857
235,46,219
236,46,159
237,46,158
238,46,996
239,46,421
240,46,205
241,46,494
242,46,58
243,46,794
244,46,532
245,46,946
246,46,777
247,46,393
248,46,112
249,46,318
250,46,373
251,46,982
252,46,700
253,46,88
254,46,148
255,46,160
256,46,345
257,46,911
258,46,5
259,46,965
260,46,34
261,46,646
262,46,763
263,46,509
264,46,827
265,46,429
266,46,127
267,46,235
268,46,9
269,46,627
270,46,390
271,46,555
272,46,350
273,46,222
274,46,549
275,46,214
276,46,226
277,46,545
278,46,503
279,46,797
280,46,951
281,46,294
282,46,216
283,46,869
284,46,193
285,46,204
286,46,930
287,46,697
288,46,842
289,46,515
290,46,213
291,46,202
292,46,656
293,46,140
294,46,541
295,46,630
296,46,392
297,46,535
298,46,241
299,46,93
300,46,454
301,46,739
302,46,41
303,46,662
304,46,511
305,46,12
306,46,821
307,46,386
308,46,379
309,46,420
310,46,725
311,46,527
312,46,315
313,46,333
314,46,837
315,46,813
316,46,119
317,46,424
318,46,668
319,46,728
320,46,959
321,46,632
322,46,992
323,46,496
324,46,8
325,46,197
326,46,381
327,46,658
328,46,132
329,46,887
330,46,110
331,46,285
332,46,894
333,46,689
334,46,792
335,46,369
336,46,228
337,46,236
338,46,70
339,46,701
340,46,947
341,46,699
342,46,464
343,46,39
344,46,54
345,46,1005
346,46,856
347,46,94
348,46,737
349,46,976
350,46,570
351,46,51
352,46,912
353,46,325
354,46,442
355,46,707
356,46,991
357,46,799
358,46,552
359,46,499
360,46,453
361,46,460
362,46,1012
363,46,147
364,46,1018
365,46,893
366,46,864
367,46,85
368,46,681
369,46,259
370,46,162
371,46,922
372,46,106
373,46,451
374,46,45
375,46,826
376,46,751
377,46,449
378,46,849
379,46,834
380,46,559
381,46,355
382,46,673
383,46,664
384,46,682
385,46,305
386,46,568
387,46,828
388,46,892
389,46,776
390,46,343
391,46,895
392,46,884
393,46,875
394,46,862
395,46,286
396,46,43
397,46,523
398,46,349
399,46,245
0,47,301
1,47,150
2,47,94
3,47,683
4,47,443
5,47,954
6,47,1006
7,47,669
8,47,311
9,47,463
10,47,557
11,47,105
12,47,187
13,47,786
14,47,698
15,47,618
16,47,784
17,47,1008
18,47,520
19,47,185
20,47,710
21,47,0
22,47,554
23,47,230
24,47,713
25,47,246
26,47,155
27,47,286
28,47,901
29,47,142
30,47,304
31,47,492
32,47,1013
33,47,48
34,47,643
35,47,149
36,47,440
37,47,380
38,47,906
39,47,717
40,47,997
41,47,603
42,47,665
43,47,107
44,47,67
45,47,867
46,47,911
47,47,45
48,47,540
49,47,767
50,47,524
51,47,915
52,47,783
53,47,487
54,47,933
55,47,1002
56,47,537
57,47,266
58,47,474
59,47,362
60,47,839
61,47,476
62,47,919
63,47,847
64,47,775
65,47,521
66,47,584
67,47,877
68,47,432
69,47,749
70,47,650
71,47,363
72,47,649
73,47,1010
74,47,215
75,47,506
76,47,616
77,47,297
78,47,484
79,47,779
80,47,891
81,47,755
82,47,356
83,47,99
84,47,283
85,47,538
86,47,983
87,47,186
88,47,966
89,47,686
90,47,973
91,47,170
92,47,814
93,47,220
94,47,890
95,47,887
96,47,252
97,47,883
98,47,435
99,47,617
100,47,924
101,47,770
102,47,560
103,47,652
104,47,539
105,47,614
106,47,137
107,47,267
108,47,239
109,47,654
110,47,81
111,47,449
112,47,60
113,47,790
114,47,434
115,47,450
116,47,61
117,47,44
118,47,101
119,47,606
120,47,868
121,47,431
122,47,730
123,47,748
124,47,176
125,47,334
126,47,102
127,47,516
128,47,375
129,47,264
130,47,812
131,47,985
132,47,16
133,47,518
134,47,619
135,47,47
136,47,386
137,47,946
138,47,482
139,47,243
140,47,250
141,47,724
142,47,607
143,47,114
144,47,173
145,47,723
146,47,852
147,47,242
148,47,190
149,47,96
150,47,955
151,47,550
152,47,534
153,47,319
154,47,75
155,47,695
156,47,11
157,47,952
158,47,635
159,47,785
160,47,104
161,47,504
162,47,120
163,47,98
164,47,433
165,47,35
166,47,277
167,47,838
168,47,961
169,47,531
170,47,462
171,47,473
172,47,298
173,47,165
174,47,865
175,47,854
176,47,115
177,47,663
178,47,878
179,47,326
180,47,1003
181,47,921
182,47,809
183,47,988
184,47,261
185,47,597
186,47,843
187,47,20
188,47,256
189,47,743
190,47,437
191,47,525
192,47,237
193,47,970
194,47,580
195,47,938
196,47,490
197,47,957
198,47,313
199,47,309
200,47,410
201,47,981
202,47,980
203,47,962
204,47,80
205,47,287
206,47,709
207,47,201
208,47,571
209,47,978
210,47,218
211,47,667
212,47,960
213,47,135
214,47,179
215,47,161
216,47,884
217,47,772
218,47,566
219,47,993
220,47,953
221,47,77
222,47,156
223,47,753
224,47,787
225,47,610
226,47,942
227,47,1020
228,47,171
229,47,908
230,47,251
231,47,27
232,47,36
233,47,184
234,47,857
235,47,219
236,47,127
237,47,157
238,47,996
239,47,421
240,47,205
241,47,494
242,47,58
243,47,794
244,47,532
245,47,947
246,47,777
247,47,393
248,47,112
249,47,318
250,47,373
251,47,982
252,47,700
253,47,88
254,47,148
255,47,160
256,47,345
257,47,943
258,47,5
259,47,965
260,47,34
261,47,646
262,47,763
263,47,509
264,47,827
265,47,429
266,47,95
267,47,235
268,47,9
269,47,627
270,47,390
271,47,555
272,47,350
273,47,223
274,47,549
275,47,214
276,47,226
277,47,545
278,47,503
279,47,797
280,47,951
281,47,294
282,47,216
283,47,869
284,47,193
285,47,204
286,47,930
287,47,697
288,47,842
289,47,515
290,47,213
291,47,202
292,47,656
293,47,140
294,47,541
295,47,630
296,47,392
297,47,535
298,47,241
299,47,93
300,47,454
301,47,739
302,47,41
303,47,662
304,47,511
305,47,12
306,47,821
307,47,385
308,47,379
309,47,420
310,47,725
311,47,527
312,47,315
313,47,333
314,47,837
315,47,813
316,47,119
317,47,424
318,47,668
319,47,728
320,47,959
321,47,632
322,47,992
323,47,496
324,47,8
325,47,197
326,47,381
327,47,658
328,47,132
329,47,888
330,47,110
331,47,285
332,47,894
333,47,689
334,47,792
335,47,369
336,47,228
337,47,236
338,47,70
339,47,701
340,47,979
341,47,699
342,47,464
343,47,39
344,47,54
345,47,1005
346,47,856
347,47,62
348,47,737
349,47,976
350,47,570
351,47,51
352,47,912
353,47,325
354,47,442
355,47,707
356,47,991
357,47,799
358,47,552
359,47,499
360,47,453
361,47,460
362,47,1012
363,47,147
364,47,1018
365,47,893
366,47,864
367,47,85
368,47,681
369,47,227
370,47,162
371,47,922
372,47,106
373,47,451
374,47,13
375,47,826
376,47,751
377,47,481
378,47,849
379,47,834
380,47,559
381,47,355
382,47,673
383,47,664
384,47,682
385,47,305
386,47,568
387,47,828
388,47,892
389,47,776
390,47,343
391,47,895
392,47,885
393,47,875
394,47,862
395,47,254
396,47,43
397,47,523
398,47,349
399,47,245
0,48,301
1,48,150
2,48,62
3,48,683
4,48,443
5,48,954
6,48,1006
7,48,669
8,48,311
9,48,463
10,48,557
11,48,105
12,48,187
13,48,786
14,48,698
15,48,618
16,48,784
17,48,1008
18,48,520
19,48,185
20,48,710
21,48,0
22,48,554
23,48,230
24,48,713
25,48,246
26,48,155
27,48,287
28,48,901
29,48,142
30,48,304
31,48,492
32,48,1013
33,48,48
34,48,643
35,48,149
36,48,440
37,48,380
38,48,906
39,48,717
40,48,997
41,48,603
42,48,665
43,48,107
44,48,67
45,48,867
46,48,911
47,48,44
48,48,540
49,48,767
50,48,524
51,48,915
52,48,783
53,48,487
54,48,933
55,48,1002
56,48,537
57,48,266
58,48,474
59,48,362
60,48,839
61,48,476
62,48,919
63,48,847
64,48,775
65,48,521
66,48,584
67,48,877
68,48,432
69,48,749
70,48,650
71,48,363
72,48,649
73,48,1010
74,48,215
75,48,506
76,48,616
77,48,297
78,48,484
79,48,779
80,48,891
81,48,755
82,48,356
83,48,99
84,48,283
85,48,538
86,48,983
87,48,186
88,48,966
89,48,686
90,48,973
91,48,170
92,48,814
93,48,220
94,48,890
95,48,887
96,48,252
97,48,883
98,48,435
99,48,617
100,48,924
101,48,770
102,48,560
103,48,652
104,48,539
105,48,614
106,48,137
107,48,267
108,48,239
109,48,654
110,48,81
111,48,449
112,48,60
113,48,790
114,48,434
115,48,450
116,48,61
117,48,76
118,48,101
119,48,606
120,48,868
121,48,431
122,48,730
123,48,748
124,48,176
125,48,334
126,48,102
127,48,516
128,48,375
129,48,264
130,48,812
131,48,985
132,48,16
133,48,518
134,48,619
135,48,47
136,48,354
137,48,914
138,48,482
139,48,243
140,48,250
141,48,724
142,48,607
143,48,114
144,48,173
145,48,723
146,48,852
147,48,242
148,48,190
149,48,96
150,48,955
151,48,550
152,48,534
153,48,351
154,48,75
155,48,695
156,48,11
157,48,952
158,48,635
159,48,785
160,48,104
161,48,504
162,48,120
163,48,98
164,48,433
165,48,35
166,48,277
167,48,838
168,48,962
169,48,531
170,48,462
171,48,473
172,48,298
173,48,165
174,48,865
175,48,854
176,48,115
177,48,663
178,48,878
179,48,326
180,48,1003
181,48,921
182,48,809
183,48,988
184,48,261
185,48,597
186,48,843
187,48,20
188,48,256
189,48,743
190,48,437
191,48,525
192,48,237
193,48,970
194,48,580
195,48,938
196,48,490
197,48,957
198,48,313
199,48,309
200,48,410
201,48,981
202,48,980
203,48,963
204,48,80
205,48,319
206,48,709
207,48,201
208,48,571
209,48,946
210,48,218
211,48,667
212,48,960
213,48,135
214,48,179
215,48,161
216,48,916
217,48,772
218,48,566
219,48,961
220,48,953
221,48,77
222,48,156
223,48,753
224,48,787
225,48,610
226,48,941
227,48,1020
228,48,171
229,48,908
230,48,251
231,48,27
232,48,36
233,48,184
234,48,857
235,48,219
236,48,95
237,48,157
238,48,996
239,48,421
240,48,205
241,48,494
242,48,58
243,48,794
244,48,532
245,48,948
246,48,777
247,48,393
248,48,112
249,48,318
250,48,373
251,48,982
252,48,700
253,48,88
254,48,148
255,48,160
256,48,345
257,48,944
258,48,5
259,48,965
260,48,34
261,48,646
262,48,763
263,48,509
264,48,827
265,48,429
266,48,94
267,48,235
268,48,9
269,48,627
270,48,390
271,48,555
272,48,350
273,48,223
274,48,549
275,48,214
276,48,226
277,48,545
278,48,503
279,48,797
280,48,951
281,48,294
282,48,216
283,48,869
284,48,193
285,48,204
286,48,930
287,48,697
288,48,842
289,48,515
290,48,213
291,48,202
292,48,656
293,48,140
294,48,541
295,48,630
296,48,392
297,48,535
298,48,241
299,48,93
300,48,454
301,48,739
302,48,41
303,48,662
304,48,511
305,48,12
306,48,821
307,48,386
308,48,379
309,48,420
310,48,725
311,48,527
312,48,315
313,48,333
314,48,837
315,48,813
316,48,119
317,48,424
318,48,668
319,48,728
320,48,959
321,48,632
322,48,992
323,48,496
324,48,8
325,48,197
326,48,381
327,48,658
328,48,132
329,48,889
330,48,110
331,48,285
332,48,894
333,48,689
334,48,792
335,48,369
336,48,228
337,48,236
338,48,70
339,48,701
340,48,947
341,48,699
342,48,464
343,48,39
344,48,54
345,48,1005
346,48,856
347,48,30
348,48,737
349,48,976
350,48,570
351,48,51
352,48,912
353,48,325
354,48,442
355,48,707
356,48,991
357,48,799
358,48,552
359,48,499
360,48,453
361,48,460
362,48,1012
363,48,147
364,48,1018
365,48,893
366,48,864
367,48,85
368,48,681
369,48,195
370,48,162
371,48,922
372,48,106
373,48,451
374,48,45
375,48,826
376,48,751
377,48,513
378,48,849
379,48,834
380,48,559
381,48,355
382,48,673
383,48,664
384,48,682
385,48,305
386,48,568
387,48,828
388,48,892
389,48,776
390,48,343
391,48,895
392,48,886
393,48,875
394,48,862
395,48,286
396,48,43
397,48,523
398,48,349
399,48,245
0,49,301
1,49,150
2,49,30
3,49,683
4,49,443
5,49,954
6,49,1006
7,49,669
8,49,311
9,49,463
10,49,557
11,49,105
12,49,187
13,49,786
14,49,698
15,49,618
16,49,784
17,49,1008
18,49,520
19,49,185
20,49,710
21,49,0
22,49,554
23,49,230
24,49,713
25,49,246
26,49,155
27,49,287
28,49,901
29,49,142
30,49,304
31,49,492
32,49,1013
33,49,48
34,49,643
35,49,149
36,49,440
37,49,380
38,49,906
39,49,717
40,49,997
41,49,603
42,49,665
43,49,107
44,49,67
45,49,867
46,49,911
47,49,43
48,49,540
49,49,767
50,49,524
51,49,915
52,49,783
53,49,487
54,49,933
55,49,1002
56,49,537
57,49,266
58,49,474
59,49,362
60,49,839
61,49,476
62,49,919
63,49,847
64,49,775
65,49,521
66,49,584
67,49,877
68,49,432
69,49,749
70,49,650
71,49,363
72,49,649
73,49,1010
74,49,215
75,49,506
76,49,616
77,49,297
78,49,484
79,49,779
80,49,891
81,49,755
82,49,356
83,49,99
84,49,283
85,49,538
86,49,983
87,49,186
88,49,966
89,49,686
90,49,973
91,49,170
92,49,814
93,49,220
94,49,858
95,49,855
96,49,252
97,49,883
98,49,435
99,49,617
100,49,924
101,49,770
102,49,560
103,49,652
104,49,539
105,49,614
106,49,137
107,49,267
108,49,239
109,49,654
110,49,81
111,49,449
112,49,60
113,49,790
114,49,434
115,49,450
116,49,62
117,49,44
118,49,101
119,49,606
120,49,868
121,49,431
122,49,730
123,49,748
124,49,176
125,49,334
126,49,102
127,49,516
128,49,375
129,49,264
130,49,812
131,49,985
132,49,16
133,49,518
134,49,619
135,49,47
136,49,353
137,49,882
138,49,482
139,49,243
140,49,250
141,49,724
142,49,607
143,49,114
144,49,173
145,49,723
146,49,852
147,49,242
148,49,190
149,49,96
150,49,955
151,49,550
152,49,534
153,49,350
154,49,75
155,49,695
156,49,10
157,49,952
158,49,635
159,49,785
160,49,104
161,49,504
162,49,120
163,49,98
164,49,433
165,49,35
166,49,277
167,49,838
168,49,961
169,49,531
170,49,462
171,49,473
172,49,298
173,49,165
174,49,865
175,49,854
176,49,115
177,49,663
178,49,878
179,49,326
180,49,1003
181,49,921
182,49,809
183,49,988
184,49,261
185,49,597
186,49,843
187,49,20
188,49,256
189,49,743
190,49,437
191,49,525
192,49,237
193,49,970
194,49,580
195,49,938
196,49,490
197,49,957
198,49,313
199,49,309
200,49,410
201,49,981
202,49,980
203,49,962
204,49,80
205,49,351
206,49,709
207,49,201
208,49,571
209,49,914
210,49,218
211,49,667
212,49,960
213,49,135
214,49,179
215,49,161
216,49,916
217,49,772
218,49,566
219,49,929
220,49,953
221,49,77
222,49,156
223,49,753
224,49,787
225,49,610
226,49,940
227,49,1020
228,49,171
229,49,908
230,49,251
231,49,27
232,49,36
233,49,184
234,49,857
235,49,219
236,49,94
237,49,157
238,49,996
239,49,421
240,49,205
241,49,494
242,49,58
243,49,794
244,49,532
245,49,949
246,49,777
247,49,393
248,49,112
249,49,318
250,49,373
251,49,982
252,49,700
253,49,88
254,49,148
255,49,160
256,49,345
257,49,944
258,49,5
259,49,965
260,49,34
261,49,646
262,49,763
263,49,509
264,49,827
265,49,429
266,49,126
267,49,235
268,49,9
269,49,627
270,49,390
271,49,555
272,49,349
273,49,223
274,49,549
275,49,214
276,49,226
277,49,544
278,49,503
279,49,797
280,49,951
281,49,294
282,49,216
283,49,869
284,49,193
285,49,204
286,49,930
287,49,697
288,49,842
289,49,515
290,49,213
291,49,202
292,49,656
293,49,140
294,49,541
295,49,630
296,49,392
297,49,535
298,49,241
299,49,93
300,49,454
301,49,739
302,49,41
303,49,662
304,49,511
305,49,12
306,49,821
307,49,386
308,49,379
309,49,420
310,49,725
311,49,527
312,49,315
313,49,333
314,49,837
315,49,813
316,49,119
317,49,424
318,49,668
319,49,728
320,49,959
321,49,632
322,49,992
323,49,496
324,49,8
325,49,197
326,49,381
327,49,658
328,49,132
329,49,890
330,49,110
331,49,285
332,49,894
333,49,689
334,49,792
335,49,369
336,49,228
337,49,236
338,49,70
339,49,701
340,49,947
341,49,699
342,49,464
343,49,39
344,49,54
345,49,1005
346,49,856
347,49,31
348,49,737
349,49,976
350,49,570
351,49,51
352,49,912
353,49,325
354,49,442
355,49,707
356,49,991
357,49,799
358,49,552
359,49,499
360,49,453
361,49,460
362,49,1012
363,49,147
364,49,1018
365,49,893
366,49,864
367,49,85
368,49,681
369,49,163
370,49,162
371,49,922
372,49,106
373,49,451
374,49,45
375,49,826
376,49,751
377,49,545
378,49,849
379,49,834
380,49,559
381,49,355
382,49,673
383,49,664
384,49,682
385,49,305
386,49,568
387,49,828
388,49,892
389,49,776
390,49,343
391,49,895
392,49,887
393,49,875
394,49,862
395,49,286
396,49,11
397,49,523
398,49,348
399,49,245
0,50,301
1,50,150
2,50,30
3,50,683
4,50,443
5,50,954
6,50,1006
7,50,669
8,50,311
9,50,463
10,50,557
11,50,105
12,50,187
13,50,786
14,50,698
15,50,618
16,50,784
17,50,1008
18,50,520
19,50,185
20,50,710
21,50,0
22,50,554
23,50,230
24,50,713
25,50,246
26,50,155
27,50,287
28,50,901
29,50,142
30,50,304
31,50,492
32,50,1014
33,50,48
34,50,643
35,50,149
36,50,440
37,50,380
38,50,906
39,50,717
40,50,997
41,50,603
42,50,665
43,50,107
44,50,67
45,50,867
46,50,911
47,50,42
48,50,540
49,50,767
50,50,524
51,50,915
52,50,783
53,50,487
54,50,933
55,50,1002
56,50,537
57,50,266
58,50,474
59,50,362
60,50,839
61,50,476
62,50,919
63,50,847
64,50,775
65,50,521
66,50,584
67,50,877
68,50,432
69,50,749
70,50,650
71,50,363
72,50,649
73,50,1010
74,50,215
75,50,506
76,50,616
77,50,297
78,50,484
79,50,779
80,50,923
81,50,755
82,50,356
83,50,99
84,50,283
85,50,538
86,50,983
87,50,186
88,50,966
89,50,686
90,50,973
91,50,170
92,50,814
93,50,220
94,50,890
95,50,887
96,50,252
97,50,883
98,50,435
99,50,617
100,50,924
101,50,770
102,50,560
103,50,652
104,50,539
105,50,614
106,50,137
107,50,267
108,50,239
109,50,654
110,50,81
111,50,449
112,50,60
113,50,790
114,50,434
115,50,450
116,50,61
117,50,44
118,50,101
119,50,606
120,50,868
121,50,431
122,50,730
123,50,748
124,50,176
125,50,334
126,50,102
127,50,516
128,50,375
129,50,264
130,50,812
131,50,985
132,50,16
133,50,518
134,50,619
135,50,47
136,50,352
137,50,914
138,50,482
139,50,243
140,50,250
141,50,724
142,50,607
143,50,114
144,50,173
145,50,723
146,50,852
147,50,242
148,50,190
149,50,96
150,50,955
151,50,550
152,50,534
153,50,318
154,50,75
155,50,695
156,50,11
157,50,952
158,50,635
159,50,785
160,50,104
161,50,504
162,50,120
163,50,98
164,50,433
165,50,35
166,50,277
167,50,838
168,50,961
169,50,531
170,50,462
171,50,473
172,50,298
173,50,165
174,50,865
175,50,854
176,50,115
177,50,663
178,50,878
179,50,326
180,50,1003
181,50,921
182,50,809
183,50,988
184,50,261
185,50,597
186,50,843
187,50,20
188,50,256
189,50,743
190,50,437
191,50,525
192,50,237
193,50,970
194,50,580
195,50,938
196,50,490
197,50,957
198,50,313
199,50,309
200,50,410
201,50,1013
202,50,980
203,50,962
204,50,80
205,50,350
206,50,709
207,50,201
208,50,571
209,50,946
210,50,218
211,50,667
212,50,960
213,50,135
214,50,179
215,50,161
216,50,916
217,50,772
218,50,566
219,50,929
220,50,953
221,50,77
222,50,156
223,50,753
224,50,787
225,50,610
226,50,972
227,50,1020
228,50,171
229,50,908
230,50,251
231,50,27
232,50,36
233,50,184
234,50,857
235,50,219
236,50,62
237,50,157
238,50,996
239,50,421
240,50,205
241,50,494
242,50,58
243,50,794
244,50,532
245,50,981
246,50,777
247,50,393
248,50,112
249,50,317
250,50,373
251,50,982
252,50,700
253,50,88
254,50,148
255,50,160
256,50,345
257,50,944
258,50,5
259,50,965
260,50,34
261,50,646
262,50,763
263,50,509
264,50,827
265,50,429
266,50,127
267,50,235
268,50,9
269,50,627
270,50,390
271,50,555
272,50,349
273,50,223
274,50,549
275,50,214
276,50,226
277,50,545
278,50,503
279,50,797
280,50,951
281,50,294
282,50,216
283,50,869
284,50,193
285,50,204
286,50,930
287,50,697
288,50,842
289,50,515
290,50,213
291,50,202
292,50,656
293,50,140
294,50,541
295,50,630
296,50,392
297,50,535
298,50,241
299,50,93
300,50,454
301,50,739
302,50,41
303,50,662
304,50,511
305,50,12
306,50,821
307,50,386
308,50,379
309,50,420
310,50,725
311,50,527
312,50,315
313,50,333
314,50,837
315,50,813
316,50,119
317,50,424
318,50,668
319,50,728
320,50,959
321,50,632
322,50,992
323,50,496
324,50,8
325,50,197
326,50,381
327,50,658
328,50,132
329,50,891
330,50,110
331,50,285
332,50,894
333,50,689
334,50,792
335,50,369
336,50,228
337,50,236
338,50,70
339,50,701
340,50,947
341,50,699
342,50,464
343,50,39
344,50,54
345,50,1005
346,50,856
347,50,31
348,50,737
349,50,976
350,50,570
351,50,51
352,50,912
353,50,325
354,50,442
355,50,707
356,50,991
357,50,799
358,50,552
359,50,499
360,50,453
361,50,460
362,50,1012
363,50,147
364,50,1018
365,50,893
366,50,864
367,50,85
368,50,681
369,50,164
370,50,162
371,50,922
372,50,106
373,50,451
374,50,45
375,50,826
376,50,751
377,50,546
378,50,849
379,50,834
380,50,559
381,50,355
382,50,673
383,50,664
384,50,682
385,50,305
386,50,568
387,50,828
388,50,892
389,50,776
390,50,343
391,50,895
392,50,888
393,50,875
394,50,862
395,50,286
396,50,43
397,50,523
398,50,348
399,50,245
0,51,301
1,51,150
2,51,30
3,51,683
4,51,443
5,51,954
6,51,1006
7,51,669
8,51,311
9,51,463
10,51,557
11,51,105
12,51,187
13,51,786
14,51,698
15,51,618
16,51,784
17,51,1008
18,51,520
19,51,185
20,51,710
21,51,0
22,51,554
23,51,230
24,51,713
25,51,246
26,51,155
27,51,287
28,51,901
29,51,142
30,51,304
31,51,492
32,51,1013
33,51,48
34,51,643
35,51,149
36,51,440
37,51,380
38,51,906
39,51,717
40,51,997
41,51,603
42,51,665
43,51,107
44,51,67
45,51,867
46,51,911
47,51,41
48,51,540
49,51,767
50,51,524
51,51,915
52,51,783
53,51,487
54,51,933
55,51,1002
56,51,537
57,51,266
58,51,474
59,51,362
60,51,839
61,51,476
62,51,919
63,51,847
64,51,775
65,51,521
66,51,584
67,51,877
68,51,432
69,51,749
70,51,650
71,51,363
72,51,649
73,51,1010
74,51,215
75,51,506
76,51,616
77,51,297
78,51,484
79,51,779
80,51,924
81,51,755
82,51,356
83,51,99
84,51,283
85,51,538
86,51,983
87,51,186
88,51,966
89,51,686
90,51,973
91,51,170
92,51,814
93,51,220
94,51,890
95,51,887
96,51,252
97,51,883
98,51,435
99,51,617
100,51,956
101,51,770
102,51,560
103,51,652
104,51,539
105,51,614
106,51,137
107,51,267
108,51,239
109,51,654
110,51,81
111,51,449
112,51,60
113,51,790
114,51,434
115,51,450
116,51,29
117,51,44
118,51,101
119,51,606
120,51,868
121,51,431
122,51,730
123,51,748
124,51,176
125,51,334
126,51,102
127,51,516
128,51,375
129,51,264
130,51,812
131,51,985
132,51,16
133,51,518
134,51,619
135,51,47
136,51,320
137,51,946
138,51,482
139,51,243
140,51,250
141,51,724
142,51,607
143,51,114
144,51,173
145,51,723
146,51,852
147,51,242
148,51,190
149,51,96
150,51,955
151,51,550
152,51,534
153,51,319
154,51,75
155,51,695
156,51,11
157,51,952
158,51,635
159,51,785
160,51,104
161,51,504
162,51,120
163,51,98
164,51,433
165,51,35
166,51,277
167,51,838
168,51,961
169,51,531
170,51,462
171,51,473
172,51,298
173,51,165
174,51,865
175,51,854
176,51,115
177,51,663
178,51,878
179,51,326
180,51,1003
181,51,921
182,51,809
183,51,988
184,51,261
185,51,597
186,51,843
187,51,20
188,51,256
189,51,743
190,51,437
191,51,525
192,51,237
193,51,970
194,51,580
195,51,938
196,51,490
197,51,957
198,51,313
199,51,309
200,51,410
201,51,981
202,51,980
203,51,962
204,51,80
205,51,382
206,51,709
207,51,201
208,51,571
209,51,978
210,51,218
211,51,667
212,51,960
213,51,135
214,51,179
215,51,161
216,51,916
217,51,772
218,51,566
219,51,929
220,51,953
221,51,77
222,51,156
223,51,753
224,51,787
225,51,610
226,51,972
227,51,1020
228,51,171
229,51,908
230,51,251
231,51,27
232,51,36
233,51,184
234,51,857
235,51,219
236,51,61
237,51,157
238,51,996
239,51,421
240,51,205
241,51,494
242,51,58
243,51,794
244,51,532
245,51,982
246,51,777
247,51,393
248,51,112
249,51,318
250,51,373
251,51,1014
252,51,700
253,51,88
254,51,148
255,51,160
256,51,345
257,51,944
258,51,5
259,51,965
260,51,34
261,51,646
262,51,763
263,51,509
264,51,827
265,51,429
266,51,127
267,51,235
268,51,9
269,51,627
270,51,390
271,51,555
272,51,350
273,51,223
274,51,549
275,51,214
276,51,226
277,51,513
278,51,503
279,51,797
280,51,951
281,51,294
282,51,216
283,51,869
284,51,193
285,51,204
286,51,930
287,51,697
288,51,842
289,51,515
290,51,213
291,51,202
292,51,656
293,51,140
294,51,541
295,51,630
296,51,392
297,51,535
298,51,241
299,51,93
300,51,454
301,51,739
302,51,40
303,51,662
304,51,511
305,51,12
306,51,821
307,51,386
308,51,379
309,51,420
310,51,725
311,51,527
312,51,315
313,51,333
314,51,837
315,51,813
316,51,119
317,51,424
318,51,668
319,51,728
320,51,959
321,51,632
322,51,992
323,51,496
324,51,8
325,51,197
326,51,381
327,51,658
328,51,132
329,51,923
330,51,110
331,51,285
332,51,894
333,51,689
334,51,792
335,51,369
336,51,228
337,51,236
338,51,70
339,51,701
340,51,947
341,51,699
342,51,464
343,51,39
344,51,54
345,51,1005
346,51,856
347,51,31
348,51,737
349,51,976
350,51,570
351,51,51
352,51,912
353,51,325
354,51,442
355,51,707
356,51,991
357,51,799
358,51,552
359,51,499
360,51,453
361,51,460
362,51,1012
363,51,147
364,51,1018
365,51,893
366,51,864
367,51,85
368,51,681
369,51,164
370,51,162
371,51,922
372,51,106
373,51,451
374,51,45
375,51,826
376,51,751
377,51,545
378,51,849
379,51,834
380,51,559
381,51,355
382,51,673
383,51,664
384,51,682
385,51,305
386,51,568
387,51,828
388,51,892
389,51,776
390,51,343
391,51,895
392,51,920
393,51,875
394,51,862
395,51,286
396,51,43
397,51,523
398,51,349
399,51,245
0,52,301
1,52,150
2,52,62
3,52,683
4,52,443
5,52,954
6,52,1006
7,52,669
8,52,311
9,52,463
10,52,557
11,52,105
12,52,187
13,52,786
14,52,698
15,52,618
16,52,784
17,52,1008
18,52,520
19,52,185
20,52,710
21,52,0
22,52,554
23,52,230
24,52,713
25,52,246
26,52,155
27,52,287
28,52,901
29,52,142
30,52,304
31,52,492
32,52,1013
33,52,48
34,52,643
35,52,149
36,52,440
37,52,380
38,52,906
39,52,717
40,52,997
41,52,603
42,52,665
43,52,107
44,52,67
45,52,867
46,52,911
47,52,40
48,52,540
49,52,767
50,52,524
51,52,915
52,52,783
53,52,487
54,52,933
55,52,1002
56,52,537
57,52,266
58,52,474
59,52,362
60,52,839
61,52,476
62,52,920
63,52,847
64,52,775
65,52,521
66,52,584
67,52,877
68,52,432
69,52,749
70,52,650
71,52,363
72,52,649
73,52,1011
74,52,215
75,52,506
76,52,616
77,52,297
78,52,484
79,52,779
80,52,892
81,52,755
82,52,356
83,52,99
84,52,283
85,52,538
86,52,951
87,52,186
88,52,966
89,52,686
90,52,973
91,52,170
92,52,814
93,52,220
94,52,890
95,52,887
96,52,252
97,52,883
98,52,435
99,52,617
100,52,956
101,52,770
102,52,560
103,52,652
104,52,539
105,52,614
106,52,137
107,52,267
108,52,239
109,52,654
110,52,81
111,52,449
112,52,60
113,52,790
114,52,434
115,52,450
116,52,30
117,52,44
118,52,101
119,52,606
120,52,868
121,52,431
122,52,730
123,52,748
124,52,176
125,52,334
126,52,102
127,52,516
128,52,375
129,52,264
130,52,812
131,52,985
132,52,16
133,52,518
134,52,619
135,52,47
136,52,288
137,52,978
138,52,482
139,52,243
140,52,250
141,52,724
142,52,607
143,52,114
144,52,173
145,52,723
146,52,852
147,52,242
148,52,190
149,52,96
150,52,955
151,52,550
152,52,534
153,52,319
154,52,75
155,52,695
156,52,11
157,52,952
158,52,635
159,52,785
160,52,104
161,52,504
162,52,120
163,52,98
164,52,433
165,52,35
166,52,277
167,52,838
168,52,961
169,52,531
170,52,462
171,52,473
172,52,298
173,52,165
174,52,865
175,52,854
176,52,115
177,52,663
178,52,878
179,52,326
180,52,1003
181,52,921
182,52,809
183,52,988
184,52,261
185,52,597
186,52,843
187,52,20
188,52,256
189,52,743
190,52,437
191,52,525
192,52,237
193,52,970
194,52,580
195,52,938
196,52,490
197,52,957
198,52,313
199,52,309
200,52,410
201,52,981
202,52,980
203,52,962
204,52,80
205,52,414
206,52,709
207,52,201
208,52,571
209,52,1010
210,52,218
211,52,667
212,52,960
213,52,135
214,52,179
215,52,161
216,52,916
217,52,772
218,52,566
219,52,929
220,52,953
221,52,77
222,52,156
223,52,753
224,52,787
225,52,610
226,52,972
227,52,1020
228,52,171
229,52,908
230,52,251
231,52,27
232,52,36
233,52,184
234,52,857
235,52,219
236,52,29
237,52,157
238,52,996
239,52,421
240,52,205
241,52,494
242,52,58
243,52,794
244,52,532
245,52,983
246,52,777
247,52,393
248,52,112
249,52,318
250,52,373
251,52,982
252,52,700
253,52,88
254,52,148
255,52,160
256,52,345
257,52,944
258,52,5
259,52,965
260,52,34
261,52,646
262,52,763
263,52,509
264,52,827
265,52,429
266,52,127
267,52,235
268,52,10
269,52,627
270,52,390
271,52,555
272,52,350
273,52,223
274,52,549
275,52,214
276,52,226
277,52,545
278,52,503
279,52,797
280,52,919
281,52,294
282,52,216
283,52,869
284,52,193
285,52,204
286,52,930
287,52,697
288,52,842
289,52,515
290,52,213
291,52,202
292,52,656
293,52,140
294,52,541
295,52,630
296,52,392
297,52,535
298,52,241
299,52,93
300,52,454
301,52,739
302,52,8
303,52,662
304,52,511
305,52,12
306,52,821
307,52,386
308,52,379
309,52,420
310,52,725
311,52,527
312,52,315
313,52,333
314,52,837
315,52,813
316,52,119
317,52,424
318,52,668
319,52,728
320,52,959
321,52,632
322,52,992
323,52,496
324,52,9
325,52,197
326,52,381
327,52,658
328,52,132
329,52,924
330,52,110
331,52,285
332,52,926
333,52,689
334,52,792
335,52,369
336,52,228
337,52,236
338,52,70
339,52,701
340,52,947
341,52,699
342,52,464
343,52,39
344,52,54
345,52,1005
346,52,856
347,52,31
348,52,737
349,52,976
350,52,570
351,52,51
352,52,912
353,52,325
354,52,442
355,52,707
356,52,991
357,52,799
358,52,552
359,52,499
360,52,453
361,52,460
362,52,1012
363,52,147
364,52,1018
365,52,894
366,52,864
367,52,85
368,52,681
369,52,164
370,52,162
371,52,922
372,52,106
373,52,451
374,52,45
375,52,826
376,52,751
377,52,544
378,52,849
379,52,834
380,52,559
381,52,355
382,52,673
383,52,664
384,52,682
385,52,305
386,52,568
387,52,828
388,52,893
389,52,776
390,52,343
391,52,895
392,52,888
393,52,875
394,52,862
395,52,286
396,52,43
397,52,523
398,52,349
399,52,245
0,53,301
1,53,150
2,53,61
3,53,683
4,53,443
5,53,954
6,53,1006
7,53,669
8,53,311
9,53,463
10,53,557
11,53,105
12,53,187
13,53,786
14,53,698
15,53,618
16,53,784
17,53,1008
18,53,520
19,53,185
20,53,710
21,53,0
22,53,554
23,53,230
24,53,713
25,53,246
26,53,155
27,53,287
28,53,901
29,53,142
30,53,304
31,53,492
32,53,1013
33,53,48
34,53,643
35,53,149
36,53,440
37,53,380
38,53,906
39,53,717
40,53,997
41,53,603
42,53,665
43,53,107
44,53,67
45,53,867
46,53,911
47,53,39
48,53,540
49,53,767
50,53,524
51,53,915
52,53,783
53,53,487
54,53,933
55,53,1002
56,53,537
57,53,266
58,53,474
59,53,362
60,53,839
61,53,476
62,53,919
63,53,847
64,53,775
65,53,521
66,53,584
67,53,877
68,53,432
69,53,749
70,53,650
71,53,363
72,53,649
73,53,1010
74,53,215
75,53,506
76,53,616
77,53,297
78,53,484
79,53,779
80,53,891
81,53,755
82,53,356
83,53,99
84,53,283
85,53,538
86,53,983
87,53,186
88,53,966
89,53,686
90,53,973
91,53,170
92,53,814
93,53,220
94,53,890
95,53,887
96,53,252
97,53,883
98,53,435
99,53,617
100,53,924
101,53,770
102,53,560
103,53,652
104,53,539
105,53,614
106,53,137
107,53,267
108,53,239
109,53,654
110,53,81
111,53,449
112,53,60
113,53,790
114,53,434
115,53,450
116,53,62
117,53,44
118,53,101
119,53,606
120,53,868
121,53,431
122,53,730
123,53,748
124,53,176
125,53,334
126,53,102
127,53,516
128,53,375
129,53,264
130,53,812
131,53,985
132,53,16
133,53,518
134,53,619
135,53,47
136,53,256
137,53,946
138,53,482
139,53,243
140,53,250
141,53,724
142,53,607
143,53,114
144,53,173
145,53,723
146,53,852
147,53,242
148,53,190
149,53,96
150,53,955
151,53,550
152,53,534
153,53,319
154,53,75
155,53,695
156,53,11
157,53,952
158,53,635
159,53,785
160,53,104
161,53,504
162,53,120
163,53,98
164,53,433
165,53,35
166,53,277
167,53,838
168,53,961
169,53,531
170,53,462
171,53,473
172,53,298
173,53,165
174,53,865
175,53,854
176,53,115
177,53,663
178,53,878
179,53,326
180,53,1003
181,53,921
182,53,809
183,53,988
184,53,261
185,53,597
186,53,843
187,53,20
188,53,257
189,53,743
190,53,437
191,53,525
192,53,237
193,53,970
194,53,580
195,53,938
196,53,490
197,53,957
198,53,313
199,53,309
200,53,410
201,53,981
202,53,980
203,53,962
204,53,80
205,53,414
206,53,709
207,53,201
208,53,571
209,53,978
210,53,218
211,53,667
212,53,960
213,53,135
214,53,179
215,53,161
216,53,916
217,53,772
218,53,566
219,53,929
220,53,953
221,53,77
222,53,156
223,53,753
224,53,787
225,53,610
226,53,972
227,53,1020
228,53,171
229,53,908
230,53,251
231,53,27
232,53,36
233,53,184
234,53,857
235,53,219
236,53,29
237,53,157
238,53,996
239,53,421
240,53,205
241,53,494
242,53,58
243,53,794
244,53,532
245,53,984
246,53,777
247,53,393
248,53,112
249,53,318
250,53,373
251,53,982
252,53,700
253,53,88
254,53,148
255,53,160
256,53,345
257,53,944
258,53,5
259,53,965
260,53,34
261,53,646
262,53,763
263,53,509
264,53,827
265,53,429
266,53,127
267,53,235
268,53,9
269,53,627
270,53,390
271,53,555
272,53,350
273,53,223
274,53,549
275,53,214
276,53,226
277,53,545
278,53,503
279,53,797
280,53,951
281,53,294
282,53,216
283,53,869
284,53,193
285,53,204
286,53,930
287,53,697
288,53,842
289,53,515
290,53,213
291,53,202
292,53,656
293,53,140
294,53,541
295,53,630
296,53,392
297,53,535
298,53,241
299,53,93
300,53,454
301,53,739
302,53,40
303,53,662
304,53,511
305,53,12
306,53,821
307,53,386
308,53,379
309,53,420
310,53,725
311,53,527
312,53,315
313,53,333
314,53,837
315,53,813
316,53,119
317,53,424
318,53,668
319,53,728
320,53,959
321,53,632
322,53,992
323,53,496
324,53,8
325,53,197
326,53,381
327,53,658
328,53,132
329,53,925
330,53,110
331,53,285
332,53,894
333,53,689
334,53,792
335,53,369
336,53,228
337,53,236
338,53,70
339,53,701
340,53,947
341,53,699
342,53,464
343,53,38
344,53,54
345,53,1005
346,53,856
347,53,31
348,53,737
349,53,976
350,53,570
351,53,51
352,53,912
353,53,325
354,53,442
355,53,707
356,53,991
357,53,799
358,53,552
359,53,499
360,53,453
361,53,460
362,53,1012
363,53,147
364,53,1018
365,53,893
366,53,864
367,53,85
368,53,681
369,53,164
370,53,162
371,53,922
372,53,106
373,53,451
374,53,45
375,53,826
376,53,751
377,53,544
378,53,849
379,53,834
380,53,559
381,53,355
382,53,673
383,53,664
384,53,682
385,53,305
386,53,568
387,53,828
388,53,892
389,53,776
390,53,343
391,53,895
392,53,920
393,53,875
394,53,862
395,53,286
396,53,43
397,53,523
398,53,349
399,53,245
0,54,301
1,54,150
2,54,29
3,54,683
4,54,443
5,54,954
6,54,1006
7,54,669
8,54,311
9,54,463
10,54,557
11,54,105
12,54,187
13,54,786
14,54,698
15,54,618
16,54,784
17,54,1008
18,54,520
19,54,185
20,54,710
21,54,0
22,54,554
23,54,230
24,54,713
25,54,246
26,54,155
27,54,287
28,54,901
29,54,142
30,54,304
31,54,492
32,54,1013
33,54,48
34,54,643
35,54,149
36,54,440
37,54,380
38,54,906
39,54,717
40,54,997
41,54,603
42,54,665
43,54,107
44,54,67
45,54,867
46,54,911
47,54,38
48,54,540
49,54,767
50,54,524
51,54,915
52,54,783
53,54,487
54,54,933
55,54,1002
56,54,537
57,54,266
58,54,474
59,54,362
60,54,839
61,54,476
62,54,919
63,54,847
64,54,775
65,54,521
66,54,584
67,54,877
68,54,432
69,54,749
70,54,650
71,54,363
72,54,649
73,54,1010
74,54,215
75,54,506
76,54,616
77,54,297
78,54,484
79,54,779
80,54,891
81,54,755
82,54,356
83,54,99
84,54,283
85,54,538
86,54,983
87,54,186
88,54,966
89,54,686
90,54,973
91,54,170
92,54,814
93,54,220
94,54,890
95,54,887
96,54,252
97,54,883
98,54,435
99,54,617
100,54,924
101,54,770
102,54,560
103,54,652
104,54,539
105,54,614
106,54,137
107,54,267
108,54,239
109,54,654
110,54,81
111,54,449
112,54,60
113,54,790
114,54,434
115,54,450
116,54,62
117,54,44
118,54,101
119,54,606
120,54,868
121,54,431
122,54,730
123,54,748
124,54,176
125,54,334
126,54,102
127,54,516
128,54,375
129,54,264
130,54,812
131,54,985
132,54,16
133,54,518
134,54,619
135,54,47
136,54,224
137,54,914
138,54,482
139,54,243
140,54,250
141,54,724
142,54,607
143,54,114
144,54,173
145,54,723
146,54,852
147,54,242
148,54,190
149,54,96
150,54,955
151,54,550
152,54,534
153,54,319
154,54,75
155,54,695
156,54,11
157,54,952
158,54,635
159,54,785
160,54,104
161,54,504
162,54,120
163,54,98
164,54,433
165,54,35
166,54,277
167,54,838
168,54,961
169,54,531
170,54,462
171,54,473
172,54,298
173,54,165
174,54,865
175,54,854
176,54,115
177,54,663
178,54,878
179,54,326
180,54,1003
181,54,921
182,54,809
183,54,988
184,54,261
185,54,597
186,54,843
187,54,20
188,54,256
189,54,743
190,54,437
191,54,525
192,54,237
193,54,970
194,54,580
195,54,938
196,54,490
197,54,957
198,54,313
199,54,309
200,54,410
201,54,981
202,54,980
203,54,962
204,54,80
205,54,414
206,54,709
207,54,201
208,54,571
209,54,946
210,54,218
211,54,667
212,54,960
213,54,135
214,54,179
215,54,161
216,54,916
217,54,772
218,54,566
219,54,929
220,54,953
221,54,77
222,54,156
223,54,753
224,54,787
225,54,610
226,54,972
227,54,1020
228,54,171
229,54,908
230,54,251
231,54,27
232,54,36
233,54,184
234,54,857
235,54,219
236,54,28
237,54,157
238,54,996
239,54,421
240,54,205
241,54,494
242,54,58
243,54,794
244,54,532
245,54,1016
246,54,777
247,54,393
248,54,112
249,54,318
250,54,373
251,54,982
252,54,700
253,54,88
254,54,148
255,54,160
256,54,345
257,54,944
258,54,5
259,54,965
260,54,34
261,54,646
262,54,763
263,54,509
264,54,827
265,54,429
266,54,127
267,54,235
268,54,9
269,54,627
270,54,390
271,54,555
272,54,350
273,54,223
274,54,549
275,54,214
276,54,226
277,54,545
278,54,503
279,54,797
280,54,951
281,54,294
282,54,216
283,54,869
284,54,193
285,54,204
286,54,930
287,54,697
288,54,842
289,54,515
290,54,213
291,54,202
292,54,656
293,54,140
294,54,541
295,54,630
296,54,392
297,54,535
298,54,241
299,54,93
300,54,454
301,54,739
302,54,41
303,54,662
304,54,511
305,54,12
306,54,821
307,54,386
308,54,379
309,54,420
310,54,725
311,54,527
312,54,315
313,54,333
314,54,837
315,54,813
316,54,119
317,54,424
318,54,668
319,54,728
320,54,959
321,54,632
322,54,992
323,54,496
324,54,8
325,54,197
326,54,381
327,54,658
328,54,132
329,54,925
330,54,110
331,54,285
332,54,894
333,54,689
334,54,792
335,54,369
336,54,228
337,54,236
338,54,70
339,54,701
340,54,947
341,54,699
342,54,464
343,54,6
344,54,54
345,54,1005
346,54,856
347,54,31
348,54,737
349,54,976
350,54,570
351,54,51
352,54,912
353,54,325
354,54,442
355,54,707
356,54,991
357,54,799
358,54,552
359,54,499
360,54,453
361,54,460
362,54,1012
363,54,147
364,54,1018
365,54,893
366,54,864
367,54,85
368,54,681
369,54,164
370,54,162
371,54,922
372,54,106
373,54,451
374,54,45
375,54,826
376,54,751
377,54,544
378,54,849
379,54,834
380,54,559
381,54,355
382,54,673
383,54,664
384,54,682
385,54,305
386,54,568
387,54,828
388,54,892
389,54,776
390,54,343
391,54,895
392,54,920
393,54,875
394,54,862
395,54,286
396,54,43
397,54,523
398,54,349
399,54,245
0,55,301
1,55,150
2,55,30
3,55,683
4,55,443
5,55,954
6,55,1006
7,55,669
8,55,311
9,55,463
10,55,557
11,55,105
12,55,187
13,55,786
14,55,698
15,55,618
16,55,784
17,55,1008
18,55,520
19,55,185
20,55,710
21,55,0
22,55,554
23,55,230
24,55,713
25,55,246
26,55,155
27,55,287
28,55,901
29,55,142
30,55,304
31,55,492
32,55,1013
33,55,48
34,55,643
35,55,149
36,55,440
37,55,380
38,55,906
39,55,717
40,55,997
41,55,603
42,55,665
43,55,107
44,55,67
45,55,867
46,55,911
47,55,39
48,55,540
49,55,767
50,55,524
51,55,915
52,55,783
53,55,487
54,55,933
55,55,1002
56,55,537
57,55,266
58,55,474
59,55,362
60,55,839
61,55,476
62,55,919
63,55,847
64,55,775
65,55,521
66,55,584
67,55,877
68,55,432
69,55,749
70,55,650
71,55,363
72,55,649
73,55,1010
74,55,215
75,55,506
76,55,616
77,55,297
78,55,484
79,55,779
80,55,891
81,55,755
82,55,356
83,55,99
84,55,283
85,55,538
86,55,983
87,55,186
88,55,966
89,55,686
90,55,973
91,55,170
92,55,814
93,55,220
94,55,890
95,55,887
96,55,252
97,55,883
98,55,435
99,55,617
100,55,924
101,55,770
102,55,560
103,55,652
104,55,539
105,55,614
106,55,137
107,55,267
108,55,239
109,55,654
110,55,81
111,55,449
112,55,60
113,55,790
114,55,434
115,55,450
116,55,62
117,55,44
118,55,101
119,55,606
120,55,868
121,55,431
122,55,730
123,55,748
124,55,176
125,55,334
126,55,102
127,55,516
128,55,375
129,55,264
130,55,812
131,55,985
132,55,16
133,55,518
134,55,619
135,55,47
136,55,224
137,55,882
138,55,482
139,55,243
140,55,250
141,55,724
142,55,607
143,55,114
144,55,173
145,55,723
146,55,852
147,55,242
148,55,190
149,55,96
150,55,955
151,55,550
152,55,534
153,55,319
154,55,75
155,55,695
156,55,11
157,55,952
158,55,635
159,55,785
160,55,104
161,55,504
162,55,120
163,55,98
164,55,433
165,55,35
166,55,277
167,55,838
168,55,961
169,55,531
170,55,462
171,55,473
172,55,298
173,55,165
174,55,865
175,55,854
176,55,115
177,55,663
178,55,878
179,55,326
180,55,1003
181,55,921
182,55,809
183,55,988
184,55,261
185,55,597
186,55,843
187,55,20
188,55,256
189,55,743
190,55,437
191,55,525
192,55,237
193,55,970
194,55,580
195,55,938
196,55,490
197,55,957
198,55,313
199,55,309
200,55,410
201,55,981
202,55,980
203,55,962
204,55,80
205,55,414
206,55,709
207,55,201
208,55,571
209,55,914
210,55,218
211,55,667
212,55,960
213,55,135
214,55,179
215,55,161
216,55,916
217,55,772
218,55,566
219,55,929
220,55,953
221,55,77
222,55,156
223,55,753
224,55,787
225,55,610
226,55,972
227,55,1020
228,55,171
229,55,908
230,55,251
231,55,27
232,55,36
233,55,184
234,55,857
235,55,219
236,55,29
237,55,157
238,55,996
239,55,421
240,55,205
241,55,494
242,55,58
243,55,794
244,55,532
245,55,1017
246,55,777
247,55,393
248,55,112
249,55,318
250,55,373
251,55,982
252,55,700
253,55,88
254,55,148
255,55,160
256,55,345
257,55,944
258,55,5
259,55,965
260,55,34
261,55,646
262,55,763
263,55,509
264,55,827
265,55,429
266,55,127
267,55,235
268,55,9
269,55,627
270,55,390
271,55,555
272,55,350
273,55,223
274,55,549
275,55,214
276,55,226
277,55,545
278,55,503
279,55,797
280,55,951
281,55,294
282,55,216
283,55,869
284,55,193
285,55,204
286,55,930
287,55,697
288,55,842
289,55,515
290,55,213
291,55,202
292,55,656
293,55,140
294,55,541
295,55,630
296,55,392
297,55,535
298,55,241
299,55,93
300,55,454
301,55,739
302,55,41
303,55,662
304,55,511
305,55,12
306,55,821
307,55,386
308,55,379
309,55,420
310,55,725
311,55,527
312,55,315
313,55,333
314,55,837
315,55,813
316,55,119
317,55,424
318,55,668
319,55,728
320,55,959
321,55,632
322,55,992
323,55,496
324,55,8
325,55,197
326,55,381
327,55,658
328,55,132
329,55,925
330,55,110
331,55,285
332,55,894
333,55,689
334,55,792
335,55,369
336,55,228
337,55,236
338,55,70
339,55,701
340,55,947
341,55,699
342,55,464
343,55,38
344,55,54
345,55,1005
346,55,856
347,55,31
348,55,737
349,55,976
350,55,570
351,55,51
352,55,912
353,55,325
354,55,442
355,55,707
356,55,991
357,55,799
358,55,552
359,55,499
360,55,453
361,55,460
362,55,1012
363,55,147
364,55,1018
365,55,893
366,55,864
367,55,85
368,55,681
369,55,164
370,55,162
371,55,922
372,55,106
373,55,451
374,55,45
375,55,826
376,55,751
377,55,544
378,55,849
379,55,834
380,55,559
381,55,355
382,55,673
383,55,664
384,55,682
385,55,305
386,55,568
387,55,828
388,55,892
389,55,776
390,55,343
391,55,895
392,55,920
393,55,875
394,55,862
395,55,286
396,55,43
397,55,523
398,55,349
399,55,245
0,56,301
1,56,150
2,56,30
3,56,683
4,56,443
5,56,954
6,56,1006
7,56,669
8,56,311
9,56,463
10,56,557
11,56,105
12,56,187
13,56,786
14,56,698
15,56,618
16,56,784
17,56,1008
18,56,520
19,56,185
20,56,710
21,56,0
22,56,554
23,56,230
24,56,713
25,56,246
26,56,155
27,56,287
28,56,901
29,56,142
30,56,304
31,56,492
32,56,1013
33,56,48
34,56,643
35,56,149
36,56,440
37,56,380
38,56,906
39,56,717
40,56,997
41,56,603
42,56,665
43,56,107
44,56,67
45,56,867
46,56,911
47,56,38
48,56,540
49,56,767
50,56,524
51,56,915
52,56,783
53,56,487
54,56,933
55,56,1002
56,56,537
57,56,266
58,56,474
59,56,362
60,56,839
61,56,476
62,56,919
63,56,847
64,56,775
65,56,521
66,56,584
67,56,877
68,56,432
69,56,749
70,56,650
71,56,363
72,56,649
73,56,1010
74,56,215
75,56,506
76,56,616
77,56,297
78,56,484
79,56,779
80,56,891
81,56,755
82,56,356
83,56,99
84,56,283
85,56,538
86,56,983
87,56,186
88,56,966
89,56,686
90,56,973
91,56,170
92,56,814
93,56,220
94,56,890
95,56,887
96,56,252
97,56,883
98,56,435
99,56,617
100,56,924
101,56,770
102,56,560
103,56,652
104,56,539
105,56,614
106,56,137
107,56,267
108,56,239
109,56,654
110,56,81
111,56,449
112,56,60
113,56,790
114,56,434
115,56,450
116,56,62
117,56,44
118,56,101
119,56,606
120,56,868
121,56,431
122,56,730
123,56,748
124,56,176
125,56,334
126,56,102
127,56,516
128,56,375
129,56,264
130,56,812
131,56,985
132,56,16
133,56,518
134,56,619
135,56,47
136,56,224
137,56,914
138,56,482
139,56,243
140,56,250
141,56,724
142,56,607
143,56,114
144,56,173
145,56,723
146,56,852
147,56,242
148,56,190
149,56,96
150,56,955
151,56,550
152,56,534
153,56,319
154,56,75
155,56,695
156,56,11
157,56,952
158,56,635
159,56,785
160,56,104
161,56,504
162,56,120
163,56,98
164,56,433
165,56,35
166,56,277
167,56,838
168,56,961
169,56,531
170,56,462
171,56,473
172,56,298
173,56,165
174,56,865
175,56,854
176,56,115
177,56,663
178,56,878
179,56,326
180,56,1003
181,56,921
182,56,809
183,56,988
184,56,261
185,56,597
186,56,843
187,56,20
188,56,256
189,56,743
190,56,437
191,56,525
192,56,237
193,56,970
194,56,580
195,56,938
196,56,490
197,56,957
198,56,313
199,56,309
200,56,410
201,56,981
202,56,980
203,56,962
204,56,80
205,56,414
206,56,709
207,56,201
208,56,571
209,56,946
210,56,218
211,56,667
212,56,960
213,56,135
214,56,179
215,56,161
216,56,916
217,56,772
218,56,566
219,56,929
220,56,953
221,56,77
222,56,156
223,56,753
224,56,787
225,56,610
226,56,972
227,56,1020
228,56,171
229,56,908
230,56,251
231,56,27
232,56,36
233,56,184
234,56,857
235,56,219
236,56,29
237,56,157
238,56,996
239,56,421
240,56,205
241,56,494
242,56,58
243,56,794
244,56,532
245,56,1018
246,56,777
247,56,393
248,56,112
249,56,318
250,56,373
251,56,982
252,56,700
253,56,88
254,56,148
255,56,160
256,56,345
257,56,944
258,56,5
259,56,965
260,56,34
261,56,646
262,56,763
263,56,509
264,56,827
265,56,429
266,56,127
267,56,235
268,56,9
269,56,627
270,56,390
271,56,555
272,56,350
273,56,223
274,56,549
275,56,214
276,56,226
277,56,545
278,56,503
279,56,797
280,56,951
281,56,294
282,56,216
283,56,869
284,56,193
285,56,204
286,56,930
287,56,697
288,56,842
289,56,515
290,56,213
291,56,202
292,56,656
293,56,140
294,56,541
295,56,630
296,56,392
297,56,535
298,56,241
299,56,93
300,56,454
301,56,739
302,56,41
303,56,662
304,56,511
305,56,12
306,56,821
307,56,386
308,56,379
309,56,420
310,56,725
311,56,527
312,56,315
313,56,333
314,56,837
315,56,813
316,56,119
317,56,424
318,56,668
319,56,728
320,56,959
321,56,632
322,56,992
323,56,496
324,56,8
325,56,197
326,56,381
327,56,658
328,56,132
329,56,925
330,56,110
331,56,285
332,56,894
333,56,689
334,56,792
335,56,369
336,56,228
337,56,236
338,56,70
339,56,701
340,56,947
341,56,699
342,56,464
343,56,6
344,56,54
345,56,1005
346,56,856
347,56,31
348,56,737
349,56,976
350,56,570
351,56,51
352,56,912
353,56,325
354,56,442
355,56,707
356,56,991
357,56,799
358,56,552
359,56,499
360,56,453
361,56,460
362,56,1012
363,56,147
364,56,986
365,56,893
366,56,864
367,56,85
368,56,681
369,56,164
370,56,162
371,56,922
372,56,106
373,56,451
374,56,45
375,56,826
376,56,751
377,56,544
378,56,849
379,56,834
380,56,559
381,56,355
382,56,673
383,56,664
384,56,682
385,56,305
386,56,568
387,56,828
388,56,892
389,56,776
390,56,343
391,56,895
392,56,920
393,56,875
394,56,862
395,56,286
396,56,43
397,56,523
398,56,349
399,56,245
0,57,301
1,57,150
2,57,30
3,57,683
4,57,443
5,57,954
6,57,1006
7,57,669
8,57,311
9,57,463
10,57,557
11,57,105
12,57,187
13,57,786
14,57,698
15,57,618
16,57,784
17,57,1008
18,57,520
19,57,185
20,57,710
21,57,0
22,57,554
23,57,230
24,57,713
25,57,246
26,57,155
27,57,287
28,57,901
29,57,142
30,57,304
31,57,492
32,57,1013
33,57,48
34,57,643
35,57,149
36,57,440
37,57,380
38,57,906
39,57,717
40,57,997
41,57,603
42,57,665
43,57,107
44,57,67
45,57,867
46,57,911
47,57,39
48,57,540
49,57,767
50,57,524
51,57,915
52,57,783
53,57,487
54,57,933
55,57,1002
56,57,537
57,57,266
58,57,474
59,57,362
60,57,839
61,57,476
62,57,919
63,57,847
64,57,775
65,57,521
66,57,584
67,57,877
68,57,432
69,57,749
70,57,650
71,57,363
72,57,649
73,57,1010
74,57,215
75,57,506
76,57,616
77,57,297
78,57,484
79,57,779
80,57,891
81,57,755
82,57,356
83,57,99
84,57,283
85,57,538
86,57,983
87,57,186
88,57,966
89,57,686
90,57,973
91,57,170
92,57,814
93,57,220
94,57,890
95,57,887
96,57,252
97,57,883
98,57,435
99,57,617
100,57,924
101,57,770
102,57,560
103,57,652
104,57,539
105,57,614
106,57,137
107,57,267
108,57,239
109,57,654
110,57,81
111,57,449
112,57,60
113,57,790
114,57,434
115,57,450
116,57,62
117,57,44
118,57,101
119,57,606
120,57,868
121,57,431
122,57,730
123,57,748
124,57,176
125,57,334
126,57,102
127,57,516
128,57,375
129,57,264
130,57,812
131,57,985
132,57,16
133,57,518
134,57,619
135,57,47
136,57,224
137,57,946
138,57,482
139,57,243
140,57,250
141,57,724
142,57,607
143,57,114
144,57,173
145,57,723
146,57,852
147,57,242
148,57,190
149,57,96
150,57,955
151,57,550
152,57,534
153,57,319
154,57,75
155,57,695
156,57,11
157,57,952
158,57,635
159,57,785
160,57,104
161,57,504
162,57,120
163,57,98
164,57,433
165,57,35
166,57,277
167,57,838
168,57,961
169,57,531
170,57,462
171,57,473
172,57,298
173,57,165
174,57,865
175,57,854
176,57,115
177,57,663
178,57,878
179,57,326
180,57,1003
181,57,921
182,57,809
183,57,988
184,57,261
185,57,597
186,57,843
187,57,20
188,57,256
189,57,743
190,57,437
191,57,525
192,57,237
193,57,970
194,57,580
195,57,938
196,57,490
197,57,957
198,57,313
199,57,309
200,57,410
201,57,981
202,57,980
203,57,962
204,57,80
205,57,414
206,57,709
207,57,201
208,57,571
209,57,978
210,57,218
211,57,667
212,57,960
213,57,135
214,57,179
215,57,161
216,57,916
217,57,772
218,57,566
219,57,929
220,57,953
221,57,77
222,57,156
223,57,753
224,57,787
225,57,610
226,57,972
227,57,1020
228,57,171
229,57,908
230,57,251
231,57,27
232,57,36
233,57,184
234,57,857
235,57,219
236,57,29
237,57,157
238,57,996
239,57,421
240,57,205
241,57,494
242,57,58
243,57,794
244,57,532
245,57,1019
246,57,777
247,57,393
248,57,112
249,57,318
250,57,373
251,57,982
252,57,700
253,57,88
254,57,148
255,57,160
256,57,345
257,57,944
258,57,5
259,57,965
260,57,34
261,57,646
262,57,763
263,57,509
264,57,827
265,57,429
266,57,127
267,57,235
268,57,9
269,57,627
270,57,390
271,57,555
272,57,350
273,57,223
274,57,549
275,57,214
276,57,226
277,57,545
278,57,503
279,57,797
280,57,951
281,57,294
282,57,216
283,57,869
284,57,193
285,57,204
286,57,930
287,57,697
288,57,842
289,57,515
290,57,213
291,57,202
292,57,656
293,57,140
294,57,541
295,57,630
296,57,392
297,57,535
298,57,241
299,57,93
300,57,454
301,57,739
302,57,41
303,57,662
304,57,511
305,57,12
306,57,821
307,57,386
308,57,379
309,57,420
310,57,725
311,57,527
312,57,315
313,57,333
314,57,837
315,57,813
316,57,119
317,57,424
318,57,668
319,57,728
320,57,959
321,57,632
322,57,992
323,57,496
324,57,8
325,57,197
326,57,381
327,57,658
328,57,132
329,57,925
330,57,110
331,57,285
332,57,894
333,57,689
334,57,792
335,57,369
336,57,228
337,57,236
338,57,70
339,57,701
340,57,947
341,57,699
342,57,464
343,57,38
344,57,54
345,57,1005
346,57,856
347,57,31
348,57,737
349,57,976
350,57,570
351,57,51
352,57,912
353,57,325
354,57,442
355,57,707
356,57,991
357,57,799
358,57,552
359,57,499
360,57,453
361,57,460
362,57,1012
363,57,147
364,57,1018
365,57,893
366,57,864
367,57,85
368,57,681
369,57,164
370,57,162
371,57,922
372,57,106
373,57,451
374,57,45
375,57,826
376,57,751
377,57,544
378,57,849
379,57,834
380,57,559
381,57,355
382,57,673
383,57,664
384,57,682
385,57,305
386,57,568
387,57,828
388,57,892
389,57,776
390,57,343
391,57,895
392,57,920
393,57,875
394,57,862
395,57,286
396,57,43
397,57,523
398,57,349
399,57,245
0,58,301
1,58,150
2,58,30
3,58,683
4,58,443
5,58,954
6,58,1006
7,58,669
8,58,311
9,58,463
10,58,557
11,58,105
12,58,187
13,58,786
14,58,698
15,58,618
16,58,784
17,58,1008
18,58,520
19,58,185
20,58,710
21,58,0
22,58,554
23,58,230
24,58,713
25,58,246
26,58,155
27,58,287
28,58,901
29,58,142
30,58,304
31,58,492
32,58,1013
33,58,48
34,58,643
35,58,149
36,58,440
37,58,380
38,58,906
39,58,717
40,58,997
41,58,603
42,58,665
43,58,107
44,58,67
45,58,867
46,58,911
47,58,38
48,58,540
49,58,767
50,58,524
51,58,915
52,58,783
53,58,487
54,58,933
55,58,1002
56,58,537
57,58,266
58,58,474
59,58,362
60,58,839
61,58,476
62,58,919
63,58,847
64,58,775
65,58,521
66,58,584
67,58,877
68,58,432
69,58,749
70,58,650
71,58,363
72,58,649
73,58,1011
74,58,215
75,58,506
76,58,616
77,58,297
78,58,484
79,58,779
80,58,891
81,58,755
82,58,356
83,58,99
84,58,283
85,58,538
86,58,983
87,58,186
88,58,966
89,58,686
90,58,973
91,58,170
92,58,814
93,58,220
94,58,890
95,58,887
96,58,252
97,58,883
98,58,435
99,58,617
100,58,924
101,58,770
102,58,560
103,58,652
104,58,539
105,58,614
106,58,137
107,58,267
108,58,239
109,58,654
110,58,81
111,58,449
112,58,60
113,58,790
114,58,434
115,58,450
116,58,62
117,58,44
118,58,101
119,58,606
120,58,868
121,58,431
122,58,730
123,58,748
124,58,176
125,58,334
126,58,102
127,58,516
128,58,375
129,58,264
130,58,812
131,58,985
132,58,16
133,58,518
134,58,619
135,58,47
136,58,224
137,58,978
138,58,482
139,58,243
140,58,250
141,58,724
142,58,607
143,58,114
144,58,173
145,58,723
146,58,852
147,58,242
148,58,190
149,58,96
150,58,955
151,58,550
152,58,534
153,58,319
154,58,75
155,58,695
156,58,11
157,58,952
158,58,635
159,58,785
160,58,104
161,58,504
162,58,120
163,58,98
164,58,433
165,58,35
166,58,277
167,58,838
168,58,961
169,58,531
170,58,462
171,58,473
172,58,298
173,58,165
174,58,865
175,58,854
176,58,115
177,58,663
178,58,878
179,58,326
180,58,1003
181,58,921
182,58,809
183,58,956
184,58,261
185,58,597
186,58,843
187,58,20
188,58,256
189,58,743
190,58,437
191,58,525
192,58,237
193,58,970
194,58,580
195,58,938
196,58,490
197,58,957
198,58,313
199,58,309
200,58,410
201,58,981
202,58,980
203,58,962
204,58,80
205,58,414
206,58,709
207,58,201
208,58,571
209,58,1010
210,58,218
211,58,667
212,58,960
213,58,135
214,58,179
215,58,161
216,58,916
217,58,772
218,58,566
219,58,929
220,58,953
221,58,77
222,58,156
223,58,753
224,58,787
225,58,610
226,58,972
227,58,988
228,58,171
229,58,908
230,58,251
231,58,27
232,58,36
233,58,184
234,58,857
235,58,219
236,58,29
237,58,157
238,58,996
239,58,421
240,58,205
241,58,494
242,58,58
243,58,794
244,58,532
245,58,1020
246,58,777
247,58,393
248,58,112
249,58,318
250,58,373
251,58,982
252,58,700
253,58,88
254,58,148
255,58,160
256,58,345
257,58,944
258,58,5
259,58,965
260,58,34
261,58,646
262,58,763
263,58,509
264,58,827
265,58,429
266,58,127
267,58,235
268,58,9
269,58,627
270,58,390
271,58,555
272,58,350
273,58,223
274,58,549
275,58,214
276,58,226
277,58,545
278,58,503
279,58,797
280,58,951
281,58,294
282,58,216
283,58,869
284,58,193
285,58,204
286,58,930
287,58,697
288,58,842
289,58,515
290,58,213
291,58,202
292,58,656
293,58,140
294,58,541
295,58,630
296,58,392
297,58,535
298,58,241
299,58,93
300,58,454
301,58,739
302,58,41
303,58,662
304,58,511
305,58,12
306,58,821
307,58,386
308,58,379
309,58,420
310,58,725
311,58,527
312,58,315
313,58,333
314,58,837
315,58,813
316,58,119
317,58,424
318,58,668
319,58,728
320,58,959
321,58,632
322,58,992
323,58,496
324,58,8
325,58,197
326,58,381
327,58,658
328,58,132
329,58,925
330,58,110
331,58,285
332,58,894
333,58,689
334,58,792
335,58,369
336,58,228
337,58,236
338,58,70
339,58,701
340,58,947
341,58,699
342,58,464
343,58,6
344,58,54
345,58,1005
346,58,856
347,58,31
348,58,737
349,58,976
350,58,570
351,58,51
352,58,912
353,58,325
354,58,442
355,58,707
356,58,991
357,58,799
358,58,552
359,58,499
360,58,453
361,58,460
362,58,1012
363,58,147
364,58,1018
365,58,893
366,58,864
367,58,85
368,58,681
369,58,164
370,58,162
371,58,922
372,58,106
373,58,451
374,58,45
375,58,826
376,58,751
377,58,544
378,58,849
379,58,834
380,58,559
381,58,355
382,58,673
383,58,664
384,58,682
385,58,305
386,58,568
387,58,828
388,58,892
389,58,776
390,58,343
391,58,895
392,58,920
393,58,875
394,58,862
395,58,286
396,58,43
397,58,523
398,58,349
399,58,245
0,59,301
1,59,150
2,59,30
3,59,683
4,59,443
5,59,954
6,59,1006
7,59,669
8,59,311
9,59,463
10,59,557
11,59,105
12,59,187
13,59,786
14,59,698
15,59,618
16,59,784
17,59,1008
18,59,520
19,59,185
20,59,710
21,59,0
22,59,554
23,59,230
24,59,713
25,59,246
26,59,155
27,59,287
28,59,901
29,59,142
30,59,304
31,59,492
32,59,1013
33,59,48
34,59,643
35,59,149
36,59,440
37,59,380
38,59,906
39,59,717
40,59,997
41,59,603
42,59,665
43,59,107
44,59,67
45,59,867
46,59,911
47,59,39
48,59,540
49,59,767
50,59,524
51,59,915
52,59,783
53,59,487
54,59,933
55,59,1002
56,59,537
57,59,266
58,59,474
59,59,362
60,59,839
61,59,476
62,59,919
63,59,847
64,59,775
65,59,521
66,59,584
67,59,877
68,59,432
69,59,749
70,59,650
71,59,363
72,59,649
73,59,1010
74,59,215
75,59,506
76,59,616
77,59,297
78,59,484
79,59,779
80,59,891
81,59,755
82,59,356
83,59,99
84,59,283
85,59,538
86,59,983
87,59,186
88,59,966
89,59,686
90,59,973
91,59,170
92,59,814
93,59,220
94,59,890
95,59,887
96,59,252
97,59,883
98,59,435
99,59,617
100,59,924
101,59,770
102,59,560
103,59,652
104,59,539
105,59,614
106,59,137
107,59,267
108,59,239
109,59,654
110,59,81
111,59,449
112,59,60
113,59,790
114,59,434
115,59,450
116,59,62
117,59,44
118,59,101
119,59,606
120,59,868
121,59,431
122,59,730
123,59,748
124,59,176
125,59,334
126,59,102
127,59,516
128,59,375
129,59,264
130,59,812
131,59,985
132,59,16
133,59,518
134,59,619
135,59,47
136,59,224
137,59,946
138,59,482
139,59,243
140,59,250
141,59,724
142,59,607
143,59,114
144,59,173
145,59,723
146,59,852
147,59,242
148,59,190
149,59,96
150,59,955
151,59,550
152,59,534
153,59,319
154,59,75
155,59,695
156,59,11
157,59,952
158,59,635
159,59,785
160,59,104
161,59,504
162,59,120
163,59,98
164,59,433
165,59,35
166,59,277
167,59,838
168,59,961
169,59,531
170,59,462
171,59,473
172,59,298
173,59,165
174,59,865
175,59,854
176,59,115
177,59,663
178,59,878
179,59,326
180,59,1003
181,59,921
182,59,809
183,59,988
184,59,261
185,59,597
186,59,843
187,59,20
188,59,256
189,59,743
190,59,437
191,59,525
192,59,237
193,59,970
194,59,580
195,59,938
196,59,490
197,59,957
198,59,313
199,59,309
200,59,410
201,59,981
202,59,980
203,59,962
204,59,80
205,59,414
206,59,709
207,59,201
208,59,571
209,59,978
210,59,218
211,59,667
212,59,960
213,59,135
214,59,179
215,59,161
216,59,916
217,59,772
218,59,566
219,59,929
220,59,953
221,59,77
222,59,156
223,59,753
224,59,787
225,59,610
226,59,972
227,59,1020
228,59,171
229,59,908
230,59,251
231,59,27
232,59,36
233,59,184
234,59,857
235,59,219
236,59,29
237,59,157
238,59,996
239,59,421
240,59,205
241,59,494
242,59,58
243,59,794
244,59,532
245,59,1021
246,59,777
247,59,393
248,59,112
249,59,318
250,59,373
251,59,982
252,59,700
253,59,88
254,59,148
255,59,160
256,59,345
257,59,944
258,59,5
259,59,965
260,59,34
261,59,646
262,59,763
263,59,509
264,59,827
265,59,429
266,59,127
267,59,235
268,59,9
269,59,627
270,59,390
271,59,555
272,59,350
273,59,223
274,59,549
275,59,214
276,59,226
277,59,545
278,59,503
279,59,797
280,59,951
281,59,294
282,59,216
283,59,869
284,59,193
285,59,204
286,59,930
287,59,697
288,59,842
289,59,515
290,59,213
291,59,202
292,59,656
293,59,140
294,59,541
295,59,630
296,59,392
297,59,535
298,59,241
299,59,93
300,59,454
301,59,739
302,59,41
303,59,662
304,59,511
305,59,12
306,59,821
307,59,386
308,59,379
309,59,420
310,59,725
311,59,527
312,59,315
313,59,333
314,59,837
315,59,813
316,59,119
317,59,424
318,59,668
319,59,728
320,59,959
321,59,632
322,59,992
323,59,496
324,59,8
325,59,197
326,59,381
327,59,658
328,59,132
329,59,925
330,59,110
331,59,285
332,59,894
333,59,689
334,59,792
335,59,369
336,59,228
337,59,236
338,59,70
339,59,701
340,59,947
341,59,699
342,59,464
343,59,38
344,59,54
345,59,1005
346,59,856
347,59,31
348,59,737
349,59,976
350,59,570
351,59,51
352,59,912
353,59,325
354,59,442
355,59,707
356,59,991
357,59,799
358,59,552
359,59,499
360,59,453
361,59,460
362,59,1012
363,59,147
364,59,1018
365,59,893
366,59,864
367,59,85
368,59,681
369,59,164
370,59,162
371,59,922
372,59,106
373,59,451
374,59,45
375,59,826
376,59,751
377,59,544
378,59,849
379,59,834
380,59,559
381,59,355
382,59,673
383,59,664
384,59,682
385,59,305
386,59,568
387,59,828
388,59,892
389,59,776
390,59,343
391,59,895
392,59,920
393,59,875
394,59,862
395,59,286
396,59,43
397,59,523
398,59,349
399,59,245
0,60,301
1,60,150
2,60,30
3,60,683
4,60,443
5,60,954
6,60,1006
7,60,669
8,60,311
9,60,463
10,60,557
11,60,105
12,60,187
13,60,786
14,60,698
15,60,618
16,60,784
17,60,1008
18,60,520
19,60,185
20,60,710
21,60,0
22,60,554
23,60,230
24,60,713
25,60,246
26,60,155
27,60,287
28,60,901
29,60,142
30,60,304
31,60,492
32,60,1013
33,60,48
34,60,643
35,60,149
36,60,440
37,60,380
38,60,906
39,60,717
40,60,997
41,60,603
42,60,665
43,60,107
44,60,67
45,60,867
46,60,911
47,60,38
48,60,540
49,60,767
50,60,524
51,60,915
52,60,783
53,60,487
54,60,933
55,60,1002
56,60,537
57,60,266
58,60,474
59,60,362
60,60,839
61,60,476
62,60,919
63,60,847
64,60,775
65,60,521
66,60,584
67,60,877
68,60,432
69,60,749
70,60,650
71,60,363
72,60,649
73,60,1010
74,60,215
75,60,506
76,60,616
77,60,297
78,60,484
79,60,779
80,60,891
81,60,755
82,60,356
83,60,99
84,60,283
85,60,538
86,60,983
87,60,186
88,60,966
89,60,686
90,60,973
91,60,170
92,60,814
93,60,220
94,60,890
95,60,887
96,60,252
97,60,883
98,60,435
99,60,617
100,60,924
101,60,770
102,60,560
103,60,652
104,60,539
105,60,614
106,60,137
107,60,267
108,60,239
109,60,654
110,60,81
111,60,449
112,60,60
113,60,790
114,60,434
115,60,450
116,60,62
117,60,44
118,60,101
119,60,606
120,60,868
121,60,431
122,60,730
123,60,748
124,60,176
125,60,334
126,60,102
127,60,516
128,60,375
129,60,264
130,60,812
131,60,985
132,60,16
133,60,518
134,60,619
135,60,47
136,60,224
137,60,914
138,60,482
139,60,243
140,60,250
141,60,724
142,60,607
143,60,114
144,60,173
145,60,723
146,60,852
147,60,242
148,60,190
149,60,96
150,60,955
151,60,550
152,60,534
153,60,319
154,60,75
155,60,695
156,60,11
157,60,952
158,60,635
159,60,785
160,60,104
161,60,504
162,60,120
163,60,98
164,60,433
165,60,35
166,60,277
167,60,838
168,60,961
169,60,531
170,60,462
171,60,473
172,60,298
173,60,165
174,60,865
175,60,854
176,60,115
177,60,663
178,60,878
179,60,326
180,60,1003
181,60,921
182,60,809
183,60,988
184,60,261
185,60,597
186,60,843
187,60,20
188,60,256
189,60,743
190,60,437
191,60,525
192,60,237
193,60,970
194,60,580
195,60,938
196,60,490
197,60,957
198,60,313
199,60,309
200,60,410
201,60,981
202,60,980
203,60,962
204,60,80
205,60,414
206,60,709
207,60,201
208,60,571
209,60,946
210,60,218
211,60,667
212,60,960
213,60,135
214,60,179
215,60,161
216,60,916
217,60,772
218,60,566
219,60,929
220,60,953
221,60,77
222,60,156
223,60,753
224,60,787
225,60,610
226,60,972
227,60,1020
228,60,171
229,60,908
230,60,251
231,60,27
232,60,36
233,60,184
234,60,857
235,60,219
236,60,29
237,60,157
238,60,996
239,60,421
240,60,205
241,60,494
242,60,58
243,60,794
244,60,532
245,60,989
246,60,777
247,60,393
248,60,112
249,60,318
250,60,373
251,60,982
252,60,700
253,60,88
254,60,148
255,60,160
256,60,345
257,60,944
258,60,5
259,60,965
260,60,34
261,60,646
262,60,763
263,60,509
264,60,827
265,60,429
266,60,127
267,60,235
268,60,9
269,60,627
270,60,390
271,60,555
272,60,350
273,60,223
274,60,549
275,60,214
276,60,226
277,60,545
278,60,503
279,60,797
280,60,951
281,60,294
282,60,216
283,60,869
284,60,193
285,60,204
286,60,930
287,60,697
288,60,842
289,60,515
290,60,213
291,60,202
292,60,656
293,60,140
294,60,541
295,60,630
296,60,392
297,60,535
298,60,241
299,60,93
300,60,454
301,60,739
302,60,41
303,60,662
304,60,511
305,60,12
306,60,821
307,60,386
308,60,379
309,60,420
310,60,725
311,60,527
312,60,315
313,60,333
314,60,837
315,60,813
316,60,119
317,60,424
318,60,668
319,60,728
320,60,959
321,60,632
322,60,992
323,60,496
324,60,8
325,60,197
326,60,381
327,60,658
328,60,132
329,60,925
330,60,110
331,60,285
332,60,894
333,60,689
334,60,792
335,60,369
336,60,228
337,60,236
338,60,70
339,60,701
340,60,947
341,60,699
342,60,464
343,60,6
344,60,54
345,60,1005
346,60,856
347,60,31
348,60,737
349,60,976
350,60,570
351,60,51
352,60,912
353,60,325
354,60,442
355,60,707
356,60,991
357,60,799
358,60,552
359,60,499
360,60,453
361,60,460
362,60,1012
363,60,147
364,60,1018
365,60,893
366,60,864
367,60,85
368,60,681
369,60,164
370,60,162
371,60,922
372,60,106
373,60,451
374,60,45
375,60,826
376,60,751
377,60,544
378,60,849
379,60,834
380,60,559
381,60,355
382,60,673
383,60,664
384,60,682
385,60,305
386,60,568
387,60,828
388,60,892
389,60,776
390,60,343
391,60,895
392,60,920
393,60,875
394,60,862
395,60,286
396,60,43
397,60,523
398,60,349
399,60,245
0,61,301
1,61,150
2,61,30
3,61,683
4,61,443
5,61,954
6,61,1006
7,61,669
8,61,311
9,61,463
10,61,557
11,61,105
12,61,187
13,61,786
14,61,698
15,61,618
16,61,784
17,61,1008
18,61,520
19,61,185
20,61,710
21,61,0
22,61,554
23,61,230
24,61,713
25,61,246
26,61,155
27,61,287
28,61,901
29,61,142
30,61,304
31,61,492
32,61,1013
33,61,48
34,61,643
35,61,149
36,61,440
37,61,380
38,61,906
39,61,717
40,61,997
41,61,603
42,61,665
43,61,107
44,61,67
45,61,867
46,61,911
47,61,70
48,61,540
49,61,767
50,61,524
51,61,915
52,61,783
53,61,487
54,61,933
55,61,1002
56,61,537
57,61,266
58,61,474
59,61,362
60,61,839
61,61,476
62,61,919
63,61,847
64,61,775
65,61,521
66,61,584
67,61,877
68,61,432
69,61,749
70,61,650
71,61,363
72,61,649
73,61,1010
74,61,215
75,61,506
76,61,616
77,61,297
78,61,484
79,61,779
80,61,891
81,61,755
82,61,356
83,61,99
84,61,283
85,61,538
86,61,983
87,61,186
88,61,966
89,61,686
90,61,973
91,61,170
92,61,814
93,61,220
94,61,890
95,61,887
96,61,252
97,61,883
98,61,435
99,61,617
100,61,924
101,61,770
102,61,560
103,61,652
104,61,539
105,61,614
106,61,137
107,61,267
108,61,239
109,61,654
110,61,81
111,61,449
112,61,60
113,61,790
114,61,434
115,61,450
116,61,62
117,61,44
118,61,101
119,61,606
120,61,868
121,61,431
122,61,730
123,61,748
124,61,176
125,61,334
126,61,102
127,61,516
128,61,375
129,61,264
130,61,812
131,61,985
132,61,16
133,61,518
134,61,619
135,61,47
136,61,224
137,61,882
138,61,482
139,61,243
140,61,250
141,61,724
142,61,607
143,61,114
144,61,173
145,61,723
146,61,852
147,61,242
148,61,190
149,61,96
150,61,955
151,61,550
152,61,534
153,61,319
154,61,75
155,61,695
156,61,11
157,61,952
158,61,635
159,61,785
160,61,104
161,61,504
162,61,120
163,61,98
164,61,433
165,61,35
166,61,277
167,61,838
168,61,961
169,61,531
170,61,462
171,61,473
172,61,298
173,61,165
174,61,865
175,61,854
176,61,115
177,61,663
178,61,878
179,61,326
180,61,1003
181,61,921
182,61,809
183,61,988
184,61,261
185,61,597
186,61,843
187,61,20
188,61,256
189,61,743
190,61,437
191,61,525
192,61,237
193,61,970
194,61,580
195,61,938
196,61,490
197,61,957
198,61,313
199,61,309
200,61,410
201,61,981
202,61,980
203,61,962
204,61,80
205,61,414
206,61,709
207,61,201
208,61,571
209,61,914
210,61,218
211,61,667
212,61,960
213,61,135
214,61,179
215,61,161
216,61,916
217,61,772
218,61,566
219,61,929
220,61,953
221,61,77
222,61,156
223,61,753
224,61,787
225,61,610
226,61,972
227,61,1020
228,61,171
229,61,908
230,61,251
231,61,27
232,61,36
233,61,184
234,61,857
235,61,219
236,61,29
237,61,157
238,61,996
239,61,421
240,61,205
241,61,494
242,61,58
243,61,794
244,61,532
245,61,989
246,61,777
247,61,393
248,61,112
249,61,318
250,61,373
251,61,982
252,61,700
253,61,88
254,61,148
255,61,160
256,61,345
257,61,944
258,61,5
259,61,965
260,61,34
261,61,646
262,61,763
263,61,509
264,61,827
265,61,429
266,61,127
267,61,235
268,61,9
269,61,627
270,61,390
271,61,555
272,61,350
273,61,223
274,61,549
275,61,214
276,61,226
277,61,545
278,61,503
279,61,797
280,61,951
281,61,294
282,61,216
283,61,869
284,61,193
285,61,204
286,61,930
287,61,697
288,61,842
289,61,515
290,61,213
291,61,202
292,61,656
293,61,140
294,61,541
295,61,630
296,61,392
297,61,535
298,61,241
299,61,93
300,61,454
301,61,739
302,61,41
303,61,662
304,61,511
305,61,12
306,61,821
307,61,386
308,61,379
309,61,420
310,61,725
311,61,527
312,61,315
313,61,333
314,61,837
315,61,813
316,61,119
317,61,424
318,61,668
319,61,728
320,61,959
321,61,632
322,61,992
323,61,496
324,61,8
325,61,197
326,61,381
327,61,658
328,61,132
329,61,925
330,61,110
331,61,285
332,61,894
333,61,689
334,61,792
335,61,369
336,61,228
337,61,236
338,61,69
339,61,701
340,61,947
341,61,699
342,61,464
343,61,38
344,61,54
345,61,1005
346,61,856
347,61,31
348,61,737
349,61,976
350,61,570
351,61,51
352,61,912
353,61,325
354,61,442
355,61,707
356,61,991
357,61,799
358,61,552
359,61,499
360,61,453
361,61,460
362,61,1012
363,61,147
364,61,1018
365,61,893
366,61,864
367,61,85
368,61,681
369,61,164
370,61,162
371,61,922
372,61,106
373,61,451
374,61,45
375,61,826
376,61,751
377,61,544
378,61,849
379,61,834
380,61,559
381,61,355
382,61,673
383,61,664
384,61,682
385,61,305
386,61,568
387,61,828
388,61,892
389,61,776
390,61,343
391,61,895
392,61,920
393,61,875
394,61,862
395,61,286
396,61,43
397,61,523
398,61,349
399,61,245
0,62,301
1,62,150
2,62,30
3,62,683
4,62,443
5,62,954
6,62,1006
7,62,669
8,62,311
9,62,463
10,62,557
11,62,105
12,62,187
13,62,786
14,62,698
15,62,618
16,62,784
17,62,1008
18,62,520
19,62,185
20,62,710
21,62,0
22,62,554
23,62,230
24,62,713
25,62,246
26,62,155
27,62,287
28,62,901
29,62,142
30,62,304
31,62,492
32,62,1013
33,62,48
34,62,643
35,62,149
36,62,440
37,62,380
38,62,906
39,62,717
40,62,997
41,62,603
42,62,665
43,62,107
44,62,67
45,62,867
46,62,911
47,62,38
48,62,540
49,62,767
50,62,524
51,62,915
52,62,783
53,62,487
54,62,933
55,62,1002
56,62,537
57,62,266
58,62,474
59,62,362
60,62,839
61,62,476
62,62,919
63,62,847
64,62,775
65,62,521
66,62,584
67,62,877
68,62,432
69,62,749
70,62,650
71,62,363
72,62,649
73,62,1010
74,62,215
75,62,506
76,62,616
77,62,297
78,62,484
79,62,779
80,62,891
81,62,755
82,62,356
83,62,99
84,62,283
85,62,538
86,62,983
87,62,186
88,62,966
89,62,686
90,62,973
91,62,170
92,62,814
93,62,220
94,62,890
95,62,887
96,62,252
97,62,883
98,62,435
99,62,617
100,62,924
101,62,770
102,62,560
103,62,652
104,62,539
105,62,614
106,62,137
107,62,267
108,62,239
109,62,654
110,62,81
111,62,449
112,62,60
113,62,790
114,62,434
115,62,450
116,62,62
117,62,44
118,62,101
119,62,606
120,62,868
121,62,431
122,62,730
123,62,748
124,62,176
125,62,334
126,62,102
127,62,516
128,62,375
129,62,264
130,62,812
131,62,985
132,62,16
133,62,518
134,62,619
135,62,47
136,62,224
137,62,914
138,62,482
139,62,243
140,62,250
141,62,724
142,62,607
143,62,114
144,62,173
145,62,723
146,62,852
147,62,242
148,62,190
149,62,96
150,62,955
151,62,550
152,62,534
153,62,319
154,62,75
155,62,695
156,62,11
157,62,952
158,62,635
159,62,785
160,62,104
161,62,504
162,62,120
163,62,98
164,62,433
165,62,35
166,62,277
167,62,838
168,62,961
169,62,531
170,62,462
171,62,473
172,62,298
173,62,165
174,62,865
175,62,854
176,62,115
177,62,663
178,62,878
179,62,326
180,62,1003
181,62,921
182,62,809
183,62,988
184,62,261
185,62,597
186,62,843
187,62,20
188,62,256
189,62,743
190,62,437
191,62,525
192,62,237
193,62,970
194,62,580
195,62,938
196,62,490
197,62,957
198,62,313
199,62,309
200,62,410
201,62,981
202,62,980
203,62,962
204,62,80
205,62,414
206,62,709
207,62,201
208,62,571
209,62,946
210,62,218
211,62,667
212,62,960
213,62,135
214,62,179
215,62,161
216,62,916
217,62,772
218,62,566
219,62,929
220,62,953
221,62,77
222,62,156
223,62,753
224,62,787
225,62,610
226,62,972
227,62,1020
228,62,171
229,62,908
230,62,251
231,62,27
232,62,36
233,62,184
234,62,857
235,62,219
236,62,29
237,62,157
238,62,996
239,62,421
240,62,205
241,62,494
242,62,58
243,62,794
244,62,532
245,62,989
246,62,777
247,62,393
248,62,112
249,62,318
250,62,373
251,62,982
252,62,700
253,62,88
254,62,148
255,62,160
256,62,345
257,62,944
258,62,5
259,62,965
260,62,34
261,62,646
262,62,763
263,62,509
264,62,827
265,62,429
266,62,127
267,62,235
268,62,9
269,62,627
270,62,390
271,62,555
272,62,350
273,62,223
274,62,549
275,62,214
276,62,226
277,62,545
278,62,503
279,62,797
280,62,951
281,62,294
282,62,216
283,62,869
284,62,193
285,62,204
286,62,930
287,62,697
288,62,842
289,62,515
290,62,213
291,62,202
292,62,656
293,62,140
294,62,541
295,62,630
296,62,392
297,62,535
298,62,241
299,62,93
300,62,454
301,62,739
302,62,41
303,62,662
304,62,511
305,62,12
306,62,821
307,62,386
308,62,379
309,62,420
310,62,725
311,62,527
312,62,315
313,62,333
314,62,837
315,62,813
316,62,119
317,62,424
318,62,668
319,62,728
320,62,959
321,62,632
322,62,992
323,62,496
324,62,8
325,62,197
326,62,381
327,62,658
328,62,132
329,62,925
330,62,110
331,62,285
332,62,894
333,62,689
334,62,792
335,62,369
336,62,228
337,62,236
338,62,70
339,62,701
340,62,947
341,62,699
342,62,464
343,62,39
344,62,54
345,62,1005
346,62,856
347,62,31
348,62,737
349,62,976
350,62,570
351,62,51
352,62,912
353,62,325
354,62,442
355,62,707
356,62,991
357,62,799
358,62,552
359,62,499
360,62,453
361,62,460
362,62,1012
363,62,147
364,62,1018
365,62,893
366,62,864
367,62,85
368,62,681
369,62,164
370,62,162
371,62,922
372,62,106
373,62,451
374,62,45
375,62,826
376,62,751
377,62,544
378,62,849
379,62,834
380,62,559
381,62,355
382,62,673
383,62,664
384,62,682
385,62,305
386,62,568
387,62,828
388,62,892
389,62,776
390,62,343
391,62,895
392,62,920
393,62,875
394,62,862
395,62,286
396,62,43
397,62,523
398,62,349
399,62,245
0,63,301
1,63,150
2,63,30
3,63,683
4,63,443
5,63,954
6,63,1006
7,63,669
8,63,311
9,63,463
10,63,557
11,63,105
12,63,187
13,63,786
14,63,698
15,63,618
16,63,784
17,63,1008
18,63,520
19,63,185
20,63,710
21,63,0
22,63,554
23,63,230
24,63,713
25,63,246
26,63,155
27,63,287
28,63,901
29,63,142
30,63,304
31,63,492
32,63,1013
33,63,48
34,63,643
35,63,149
36,63,440
37,63,380
38,63,906
39,63,717
40,63,997
41,63,603
42,63,665
43,63,107
44,63,67
45,63,867
46,63,911
47,63,6
48,63,540
49,63,767
50,63,524
51,63,915
52,63,783
53,63,487
54,63,933
55,63,1002
56,63,537
57,63,266
58,63,474
59,63,362
60,63,839
61,63,476
62,63,919
63,63,847
64,63,775
65,63,521
66,63,584
67,63,877
68,63,432
69,63,749
70,63,650
71,63,363
72,63,649
73,63,1010
74,63,215
75,63,506
76,63,616
77,63,297
78,63,484
79,63,779
80,63,891
81,63,755
82,63,356
83,63,99
84,63,283
85,63,538
86,63,983
87,63,186
88,63,966
89,63,686
90,63,973
91,63,170
92,63,814
93,63,220
94,63,890
95,63,887
96,63,252
97,63,883
98,63,435
99,63,617
100,63,924
101,63,770
102,63,560
103,63,652
104,63,539
105,63,614
106,63,137
107,63,267
108,63,239
109,63,654
110,63,81
111,63,449
112,63,60
113,63,790
114,63,434
115,63,450
116,63,62
117,63,44
118,63,101
119,63,606
120,63,868
121,63,431
122,63,730
123,63,748
124,63,176
125,63,334
126,63,102
127,63,516
128,63,375
129,63,264
130,63,812
131,63,985
132,63,16
133,63,518
134,63,619
135,63,47
136,63,224
137,63,946
138,63,482
139,63,243
140,63,250
141,63,724
142,63,607
143,63,114
144,63,173
145,63,723
146,63,852
147,63,242
148,63,190
149,63,96
150,63,955
151,63,550
152,63,534
153,63,319
154,63,75
155,63,695
156,63,11
157,63,952
158,63,635
159,63,785
160,63,104
161,63,504
162,63,120
163,63,98
164,63,433
165,63,35
166,63,277
167,63,838
168,63,961
169,63,531
170,63,462
171,63,473
172,63,298
173,63,165
174,63,865
175,63,854
176,63,115
177,63,663
178,63,878
179,63,326
180,63,1003
181,63,921
182,63,809
183,63,988
184,63,261
185,63,597
186,63,843
187,63,20
188,63,256
189,63,743
190,63,437
191,63,525
192,63,237
193,63,970
194,63,580
195,63,938
196,63,490
197,63,957
198,63,313
199,63,309
200,63,410
201,63,981
202,63,980
203,63,962
204,63,80
205,63,414
206,63,709
207,63,201
208,63,571
209,63,978
210,63,218
211,63,667
212,63,960
213,63,135
214,63,179
215,63,161
216,63,916
217,63,772
218,63,566
219,63,929
220,63,953
221,63,77
222,63,156
223,63,753
224,63,787
225,63,610
226,63,972
227,63,1020
228,63,171
229,63,908
230,63,251
231,63,27
232,63,36
233,63,184
234,63,857
235,63,219
236,63,29
237,63,157
238,63,996
239,63,421
240,63,205
241,63,494
242,63,58
243,63,794
244,63,532
245,63,989
246,63,777
247,63,393
248,63,112
249,63,318
250,63,373
251,63,982
252,63,700
253,63,88
254,63,148
255,63,160
256,63,345
257,63,944
258,63,5
259,63,965
260,63,34
261,63,646
262,63,763
263,63,509
264,63,827
265,63,429
266,63,127
267,63,235
268,63,9
269,63,627
270,63,390
271,63,555
272,63,350
273,63,223
274,63,549
275,63,214
276,63,226
277,63,545
278,63,503
279,63,797
280,63,951
281,63,294
282,63,216
283,63,869
284,63,193
285,63,204
286,63,930
287,63,697
288,63,842
289,63,515
290,63,213
291,63,202
292,63,656
293,63,140
294,63,541
295,63,630
296,63,392
297,63,535
298,63,241
299,63,93
300,63,454
301,63,739
302,63,41
303,63,662
304,63,511
305,63,12
306,63,821
307,63,386
308,63,379
309,63,420
310,63,725
311,63,527
312,63,315
313,63,333
314,63,837
315,63,813
316,63,119
317,63,424
318,63,668
319,63,728
320,63,959
321,63,632
322,63,992
323,63,496
324,63,8
325,63,197
326,63,381
327,63,658
328,63,132
329,63,925
330,63,110
331,63,285
332,63,894
333,63,689
334,63,792
335,63,369
336,63,228
337,63,236
338,63,70
339,63,701
340,63,947
341,63,699
342,63,464
343,63,39
344,63,54
345,63,1005
346,63,856
347,63,31
348,63,737
349,63,976
350,63,570
351,63,51
352,63,912
353,63,325
354,63,442
355,63,707
356,63,991
357,63,799
358,63,552
359,63,499
360,63,453
361,63,460
362,63,1012
363,63,147
364,63,1018
365,63,893
366,63,864
367,63,85
368,63,681
369,63,164
370,63,162
371,63,922
372,63,106
373,63,451
374,63,45
375,63,826
376,63,751
377,63,544
378,63,849
379,63,834
380,63,559
381,63,355
382,63,673
383,63,664
384,63,682
385,63,305
386,63,568
387,63,828
388,63,892
389,63,776
390,63,343
391,63,895
392,63,920
393,63,875
394,63,862
395,63,286
396,63,43
397,63,523
398,63,349
399,63,245
0,64,301
1,64,150
2,64,30
3,64,683
4,64,443
5,64,954
6,64,1006
7,64,669
8,64,311
9,64,463
10,64,557
11,64,105
12,64,187
13,64,786
14,64,698
15,64,618
16,64,784
17,64,1008
18,64,520
19,64,185
20,64,710
21,64,0
22,64,554
23,64,230
24,64,713
25,64,246
26,64,155
27,64,287
28,64,901
29,64,142
30,64,304
31,64,492
32,64,1013
33,64,48
34,64,643
35,64,149
36,64,440
37,64,380
38,64,906
39,64,717
40,64,997
41,64,603
42,64,665
43,64,107
44,64,67
45,64,867
46,64,911
47,64,6
48,64,540
49,64,767
50,64,524
51,64,915
52,64,783
53,64,487
54,64,933
55,64,1002
56,64,537
57,64,266
58,64,474
59,64,362
60,64,839
61,64,476
62,64,919
63,64,847
64,64,775
65,64,521
66,64,584
67,64,877
68,64,432
69,64,749
70,64,650
71,64,363
72,64,649
73,64,1010
74,64,215
75,64,506
76,64,616
77,64,297
78,64,484
79,64,779
80,64,891
81,64,755
82,64,356
83,64,99
84,64,283
85,64,538
86,64,983
87,64,186
88,64,966
89,64,686
90,64,973
91,64,170
92,64,814
93,64,220
94,64,890
95,64,887
96,64,252
97,64,883
98,64,435
99,64,617
100,64,924
101,64,770
102,64,560
103,64,652
104,64,539
105,64,614
106,64,137
107,64,267
108,64,239
109,64,654
110,64,81
111,64,449
112,64,60
113,64,790
114,64,434
115,64,450
116,64,62
117,64,44
118,64,101
119,64,606
120,64,868
121,64,431
122,64,730
123,64,748
124,64,176
125,64,334
126,64,102
127,64,516
128,64,375
129,64,264
130,64,812
131,64,985
132,64,16
133,64,518
134,64,619
135,64,47
136,64,224
137,64,947
138,64,482
139,64,243
140,64,250
141,64,724
142,64,607
143,64,114
144,64,173
145,64,723
146,64,852
147,64,242
148,64,190
149,64,96
150,64,955
151,64,550
152,64,534
153,64,319
154,64,75
155,64,695
156,64,11
157,64,952
158,64,635
159,64,785
160,64,104
161,64,504
162,64,120
163,64,98
164,64,433
165,64,35
166,64,277
167,64,838
168,64,961
169,64,531
170,64,462
171,64,473
172,64,298
173,64,165
174,64,865
175,64,854
176,64,115
177,64,663
178,64,878
179,64,326
180,64,1003
181,64,921
182,64,809
183,64,988
184,64,261
185,64,597
186,64,843
187,64,20
188,64,256
189,64,743
190,64,437
191,64,525
192,64,237
193,64,970
194,64,580
195,64,938
196,64,490
197,64,957
198,64,313
199,64,309
200,64,410
201,64,981
202,64,980
203,64,962
204,64,80
205,64,414
206,64,709
207,64,201
208,64,571
209,64,946
210,64,218
211,64,667
212,64,960
213,64,135
214,64,179
215,64,161
216,64,916
217,64,772
218,64,566
219,64,929
220,64,953
221,64,77
222,64,156
223,64,753
224,64,787
225,64,610
226,64,972
227,64,1020
228,64,171
229,64,908
230,64,251
231,64,27
232,64,36
233,64,184
234,64,857
235,64,219
236,64,29
237,64,157
238,64,996
239,64,421
240,64,205
241,64,494
242,64,58
243,64,794
244,64,532
245,64,989
246,64,777
247,64,393
248,64,112
249,64,318
250,64,373
251,64,982
252,64,700
253,64,88
254,64,148
255,64,160
256,64,345
257,64,944
258,64,5
259,64,965
260,64,34
261,64,646
262,64,763
263,64,509
264,64,827
265,64,429
266,64,127
267,64,235
268,64,9
269,64,627
270,64,390
271,64,555
272,64,350
273,64,223
274,64,549
275,64,214
276,64,226
277,64,545
278,64,503
279,64,797
280,64,951
281,64,294
282,64,216
283,64,869
284,64,193
285,64,204
286,64,930
287,64,697
288,64,842
289,64,515
290,64,213
291,64,202
292,64,656
293,64,140
294,64,541
295,64,630
296,64,392
297,64,535
298,64,241
299,64,93
300,64,454
301,64,739
302,64,41
303,64,662
304,64,511
305,64,12
306,64,821
307,64,386
308,64,379
309,64,420
310,64,725
311,64,527
312,64,315
313,64,333
314,64,837
315,64,813
316,64,119
317,64,424
318,64,668
319,64,728
320,64,959
321,64,632
322,64,992
323,64,496
324,64,8
325,64,197
326,64,381
327,64,658
328,64,132
329,64,925
330,64,110
331,64,285
332,64,894
333,64,689
334,64,792
335,64,369
336,64,228
337,64,236
338,64,70
339,64,701
340,64,979
341,64,699
342,64,464
343,64,39
344,64,54
345,64,1005
346,64,856
347,64,31
348,64,737
349,64,976
350,64,570
351,64,51
352,64,912
353,64,325
354,64,442
355,64,707
356,64,991
357,64,799
358,64,552
359,64,499
360,64,453
361,64,460
362,64,1012
363,64,147
364,64,1018
365,64,893
366,64,864
367,64,85
368,64,681
369,64,164
370,64,162
371,64,922
372,64,106
373,64,451
374,64,45
375,64,826
376,64,751
377,64,544
378,64,849
379,64,834
380,64,559
381,64,355
382,64,673
383,64,664
384,64,682
385,64,305
386,64,568
387,64,828
388,64,892
389,64,776
390,64,343
391,64,895
392,64,920
393,64,875
394,64,862
395,64,286
396,64,43
397,64,523
398,64,349
399,64,245
0,65,301
1,65,150
2,65,30
3,65,683
4,65,443
5,65,954
6,65,1006
7,65,669
8,65,311
9,65,463
10,65,557
11,65,105
12,65,187
13,65,786
14,65,698
15,65,618
16,65,784
17,65,1008
18,65,520
19,65,185
20,65,710
21,65,0
22,65,554
23,65,230
24,65,713
25,65,246
26,65,155
27,65,287
28,65,901
29,65,142
30,65,304
31,65,492
32,65,1013
33,65,48
34,65,643
35,65,149
36,65,440
37,65,380
38,65,906
39,65,717
40,65,997
41,65,603
42,65,665
43,65,107
44,65,67
45,65,867
46,65,911
47,65,6
48,65,540
49,65,767
50,65,524
51,65,915
52,65,783
53,65,487
54,65,933
55,65,1002
56,65,537
57,65,266
58,65,474
59,65,362
60,65,839
61,65,476
62,65,919
63,65,847
64,65,775
65,65,521
66,65,584
67,65,877
68,65,432
69,65,749
70,65,650
71,65,363
72,65,649
73,65,1010
74,65,215
75,65,506
76,65,616
77,65,297
78,65,484
79,65,779
80,65,891
81,65,755
82,65,356
83,65,99
84,65,283
85,65,538
86,65,983
87,65,186
88,65,966
89,65,686
90,65,973
91,65,170
92,65,814
93,65,220
94,65,890
95,65,887
96,65,252
97,65,883
98,65,435
99,65,617
100,65,924
101,65,770
102,65,560
103,65,652
104,65,539
105,65,614
106,65,137
107,65,267
108,65,239
109,65,654
110,65,81
111,65,449
112,65,60
113,65,790
114,65,434
115,65,450
116,65,62
117,65,44
118,65,101
119,65,606
120,65,868
121,65,431
122,65,730
123,65,748
124,65,176
125,65,334
126,65,102
127,65,516
128,65,375
129,65,264
130,65,812
131,65,985
132,65,16
133,65,518
134,65,619
135,65,47
136,65,224
137,65,946
138,65,482
139,65,243
140,65,250
141,65,724
142,65,607
143,65,114
144,65,173
145,65,723
146,65,852
147,65,242
148,65,190
149,65,96
150,65,955
151,65,550
152,65,534
153,65,319
154,65,75
155,65,695
156,65,11
157,65,952
158,65,635
159,65,785
160,65,104
161,65,504
162,65,120
163,65,98
164,65,433
165,65,35
166,65,277
167,65,838
168,65,961
169,65,531
170,65,462
171,65,473
172,65,298
173,65,165
174,65,865
175,65,854
176,65,115
177,65,663
178,65,878
179,65,326
180,65,1003
181,65,921
182,65,809
183,65,988
184,65,261
185,65,597
186,65,843
187,65,20
188,65,256
189,65,743
190,65,437
191,65,525
192,65,237
193,65,970
194,65,580
195,65,938
196,65,490
197,65,957
198,65,313
199,65,309
200,65,410
201,65,981
202,65,980
203,65,962
204,65,80
205,65,414
206,65,709
207,65,201
208,65,571
209,65,914
210,65,218
211,65,667
212,65,960
213,65,135
214,65,179
215,65,161
216,65,916
217,65,772
218,65,566
219,65,929
220,65,953
221,65,77
222,65,156
223,65,753
224,65,787
225,65,610
226,65,972
227,65,1020
228,65,171
229,65,908
230,65,251
231,65,27
232,65,36
233,65,184
234,65,857
235,65,219
236,65,29
237,65,157
238,65,996
239,65,421
240,65,205
241,65,494
242,65,58
243,65,794
244,65,532
245,65,989
246,65,777
247,65,393
248,65,112
249,65,318
250,65,373
251,65,982
252,65,700
253,65,88
254,65,148
255,65,160
256,65,345
257,65,944
258,65,5
259,65,965
260,65,34
261,65,646
262,65,763
263,65,509
264,65,827
265,65,429
266,65,127
267,65,235
268,65,9
269,65,627
270,65,390
271,65,555
272,65,350
273,65,223
274,65,549
275,65,214
276,65,226
277,65,545
278,65,503
279,65,797
280,65,951
281,65,294
282,65,216
283,65,869
284,65,193
285,65,204
286,65,930
287,65,697
288,65,842
289,65,515
290,65,213
291,65,202
292,65,656
293,65,140
294,65,541
295,65,630
296,65,392
297,65,535
298,65,241
299,65,93
300,65,454
301,65,739
302,65,41
303,65,662
304,65,511
305,65,12
306,65,821
307,65,386
308,65,379
309,65,420
310,65,725
311,65,527
312,65,315
313,65,333
314,65,837
315,65,813
316,65,119
317,65,424
318,65,668
319,65,728
320,65,959
321,65,632
322,65,992
323,65,496
324,65,8
325,65,197
326,65,381
327,65,658
328,65,132
329,65,925
330,65,110
331,65,285
332,65,894
333,65,689
334,65,792
335,65,369
336,65,228
337,65,236
338,65,70
339,65,701
340,65,947
341,65,699
342,65,464
343,65,39
344,65,54
345,65,1005
346,65,856
347,65,31
348,65,737
349,65,976
350,65,570
351,65,51
352,65,912
353,65,325
354,65,442
355,65,707
356,65,991
357,65,799
358,65,552
359,65,499
360,65,453
361,65,460
362,65,1012
363,65,147
364,65,1018
365,65,893
366,65,864
367,65,85
368,65,681
369,65,164
370,65,162
371,65,922
372,65,106
373,65,451
374,65,45
375,65,826
376,65,751
377,65,544
378,65,849
379,65,834
380,65,559
381,65,355
382,65,673
383,65,664
384,65,682
385,65,305
386,65,568
387,65,828
388,65,892
389,65,776
390,65,343
391,65,895
392,65,920
393,65,875
394,65,862
395,65,286
396,65,43
397,65,523
398,65,349
399,65,245
0,66,301
1,66,150
2,66,30
3,66,683
4,66,443
5,66,954
6,66,1006
7,66,669
8,66,311
9,66,463
10,66,557
11,66,105
12,66,187
13,66,786
14,66,698
15,66,618
16,66,784
17,66,1008
18,66,520
19,66,185
20,66,710
21,66,0
22,66,554
23,66,230
24,66,713
25,66,246
26,66,155
27,66,287
28,66,901
29,66,142
30,66,304
31,66,492
32,66,1013
33,66,48
34,66,643
35,66,149
36,66,440
37,66,380
38,66,906
39,66,717
40,66,997
41,66,603
42,66,665
43,66,107
44,66,67
45,66,867
46,66,911
47,66,6
48,66,540
49,66,767
50,66,524
51,66,915
52,66,783
53,66,487
54,66,933
55,66,1002
56,66,537
57,66,266
58,66,474
59,66,362
60,66,839
61,66,476
62,66,919
63,66,847
64,66,775
65,66,521
66,66,584
67,66,877
68,66,432
69,66,749
70,66,650
71,66,363
72,66,649
73,66,1010
74,66,215
75,66,506
76,66,616
77,66,297
78,66,484
79,66,779
80,66,891
81,66,755
82,66,356
83,66,99
84,66,283
85,66,538
86,66,983
87,66,186
88,66,966
89,66,686
90,66,973
91,66,170
92,66,814
93,66,220
94,66,890
95,66,887
96,66,252
97,66,883
98,66,435
99,66,617
100,66,924
101,66,770
102,66,560
103,66,652
104,66,539
105,66,614
106,66,137
107,66,267
108,66,239
109,66,654
110,66,81
111,66,449
112,66,60
113,66,790
114,66,434
115,66,450
116,66,62
117,66,44
118,66,101
119,66,606
120,66,868
121,66,431
122,66,730
123,66,748
124,66,176
125,66,334
126,66,102
127,66,516
128,66,375
129,66,264
130,66,812
131,66,985
132,66,16
133,66,518
134,66,619
135,66,47
136,66,224
137,66,978
138,66,482
139,66,243
140,66,250
141,66,724
142,66,607
143,66,114
144,66,173
145,66,723
146,66,852
147,66,242
148,66,190
149,66,96
150,66,955
151,66,550
152,66,534
153,66,319
154,66,75
155,66,695
156,66,11
157,66,952
158,66,635
159,66,785
160,66,104
161,66,504
162,66,120
163,66,98
164,66,433
165,66,35
166,66,277
167,66,838
168,66,961
169,66,531
170,66,462
171,66,473
172,66,298
173,66,165
174,66,865
175,66,854
176,66,115
177,66,663
178,66,878
179,66,326
180,66,1003
181,66,921
182,66,809
183,66,988
184,66,261
185,66,597
186,66,843
187,66,20
188,66,256
189,66,743
190,66,437
191,66,525
192,66,237
193,66,970
194,66,580
195,66,938
196,66,490
197,66,957
198,66,313
199,66,309
200,66,410
201,66,981
202,66,980
203,66,962
204,66,80
205,66,414
206,66,709
207,66,201
208,66,571
209,66,914
210,66,218
211,66,667
212,66,960
213,66,135
214,66,179
215,66,161
216,66,916
217,66,772
218,66,566
219,66,929
220,66,953
221,66,77
222,66,156
223,66,753
224,66,787
225,66,610
226,66,972
227,66,1020
228,66,171
229,66,908
230,66,251
231,66,27
232,66,36
233,66,184
234,66,857
235,66,219
236,66,29
237,66,157
238,66,996
239,66,421
240,66,205
241,66,494
242,66,58
243,66,794
244,66,532
245,66,989
246,66,777
247,66,393
248,66,112
249,66,318
250,66,373
251,66,982
252,66,700
253,66,88
254,66,148
255,66,160
256,66,345
257,66,944
258,66,5
259,66,965
260,66,34
261,66,646
262,66,763
263,66,509
264,66,827
265,66,429
266,66,127
267,66,235
268,66,9
269,66,627
270,66,390
271,66,555
272,66,350
273,66,223
274,66,549
275,66,214
276,66,226
277,66,545
278,66,503
279,66,797
280,66,951
281,66,294
282,66,216
283,66,869
284,66,193
285,66,204
286,66,930
287,66,697
288,66,842
289,66,515
290,66,213
291,66,202
292,66,656
293,66,140
294,66,541
295,66,630
296,66,392
297,66,535
298,66,241
299,66,93
300,66,454
301,66,739
302,66,41
303,66,662
304,66,511
305,66,12
306,66,821
307,66,386
308,66,379
309,66,420
310,66,725
311,66,527
312,66,315
313,66,333
314,66,837
315,66,813
316,66,119
317,66,424
318,66,668
319,66,728
320,66,959
321,66,632
322,66,992
323,66,496
324,66,8
325,66,197
326,66,381
327,66,658
328,66,132
329,66,925
330,66,110
331,66,285
332,66,894
333,66,689
334,66,792
335,66,369
336,66,228
337,66,236
338,66,70
339,66,701
340,66,947
341,66,699
342,66,464
343,66,39
344,66,54
345,66,1005
346,66,856
347,66,31
348,66,737
349,66,976
350,66,570
351,66,51
352,66,912
353,66,325
354,66,442
355,66,707
356,66,991
357,66,799
358,66,552
359,66,499
360,66,453
361,66,460
362,66,1012
363,66,147
364,66,1018
365,66,893
366,66,864
367,66,85
368,66,681
369,66,164
370,66,162
371,66,922
372,66,106
373,66,451
374,66,45
375,66,826
376,66,751
377,66,544
378,66,849
379,66,834
380,66,559
381,66,355
382,66,673
383,66,664
384,66,682
385,66,305
386,66,568
387,66,828
388,66,892
389,66,776
390,66,343
391,66,895
392,66,920
393,66,875
394,66,862
395,66,286
396,66,43
397,66,523
398,66,349
399,66,245
