agent_id,time_step,vertex_index
0,0,768
1,0,630
2,0,708
3,0,219
4,0,935
5,0,858
6,0,800
7,0,417
8,0,20
9,0,819
10,0,324
11,0,855
12,0,910
13,0,686
14,0,97
15,0,550
16,0,690
17,0,470
18,0,374
19,0,811
20,0,569
21,0,645
22,0,123
23,0,221
24,0,698
25,0,973
26,0,790
27,0,635
28,0,972
29,0,115
30,0,901
31,0,164
32,0,880
33,0,829
34,0,981
35,0,527
36,0,547
37,0,987
38,0,155
39,0,241
40,0,888
41,0,934
42,0,787
43,0,214
44,0,528
45,0,375
46,0,349
47,0,831
48,0,771
49,0,666
50,0,54
51,0,12
52,0,333
53,0,228
54,0,816
55,0,637
56,0,581
57,0,272
58,0,99
59,0,959
60,0,212
61,0,213
62,0,131
63,0,687
64,0,622
65,0,915
66,0,381
67,0,459
68,0,517
69,0,770
70,0,127
71,0,579
72,0,689
73,0,371
74,0,449
75,0,149
76,0,418
77,0,220
78,0,955
79,0,573
80,0,183
81,0,194
82,0,542
83,0,780
84,0,728
85,0,805
86,0,191
87,0,327
88,0,469
89,0,961
90,0,42
91,0,817
92,0,250
93,0,309
94,0,266
95,0,843
96,0,363
97,0,988
98,0,911
99,0,534
100,0,740
101,0,463
102,0,767
103,0,308
104,0,872
105,0,623
106,0,225
107,0,342
108,0,801
109,0,414
110,0,893
111,0,460
112,0,562
113,0,810
114,0,748
115,0,546
116,0,355
117,0,563
118,0,707
119,0,552
120,0,755
121,0,567
122,0,163
123,0,916
124,0,288
125,0,565
126,0,251
127,0,46
128,0,960
129,0,286
130,0,22
131,0,969
132,0,317
133,0,386
134,0,782
135,0,616
136,0,1020
137,0,202
138,0,89
139,0,941
140,0,200
141,0,1021
142,0,255
143,0,210
144,0,174
145,0,1017
146,0,514
147,0,254
148,0,204
149,0,373
150,0,315
151,0,483
152,0,367
153,0,794
154,0,594
155,0,75
156,0,673
157,0,723
158,0,835
159,0,505
160,0,499
161,0,891
162,0,758
163,0,291
164,0,443
165,0,492
166,0,523
167,0,558
168,0,211
169,0,868
170,0,653
171,0,695
172,0,477
173,0,401
174,0,560
175,0,493
176,0,353
177,0,867
178,0,716
179,0,124
180,0,976
181,0,796
182,0,376
183,0,21
184,0,331
185,0,235
186,0,730
187,0,121
188,0,710
189,0,877
190,0,102
191,0,476
192,0,785
193,0,352
194,0,587
195,0,744
196,0,69
197,0,809
198,0,994
199,0,399
200,0,884
201,0,274
202,0,538
203,0,108
204,0,720
205,0,101
206,0,423
207,0,356
208,0,627
209,0,380
210,0,170
211,0,665
212,0,265
213,0,87
214,0,508
215,0,23
216,0,1019
217,0,864
218,0,284
219,0,257
220,0,932
221,0,491
222,0,408
223,0,43
224,0,176
225,0,145
226,0,222
227,0,947
228,0,803
229,0,5
230,0,507
231,0,253
232,0,608
233,0,464
234,0,435
235,0,190
236,0,909
237,0,68
238,0,2
239,0,350
240,0,606
241,0,712
242,0,874
243,0,752
244,0,503
245,0,130
246,0,345
247,0,661
248,0,329
249,0,379
250,0,320
251,0,997
252,0,40
253,0,326
254,0,6
255,0,615
256,0,35
257,0,575
258,0,234
259,0,792
260,0,450
261,0,510
262,0,444
263,0,113
264,0,709
265,0,626
266,0,59
267,0,688
268,0,494
269,0,178
270,0,34
271,0,667
272,0,873
273,0,440
274,0,341
275,0,31
276,0,479
277,0,620
278,0,80
279,0,693
280,0,882
281,0,44
282,0,223
283,0,717
284,0,936
285,0,681
286,0,1010
287,0,431
288,0,706
289,0,799
290,0,938
291,0,293
292,0,638
293,0,378
294,0,430
295,0,815
296,0,442
297,0,533
298,0,30
299,0,133
300,0,181
301,0,120
302,0,267
303,0,940
304,0,81
305,0,980
306,0,362
307,0,9
308,0,298
309,0,138
310,0,943
311,0,141
312,0,570
313,0,694
314,0,295
315,0,465
316,0,126
317,0,539
318,0,526
319,0,1004
320,0,201
321,0,158
322,0,377
323,0,714
324,0,105
325,0,305
326,0,322
327,0,841
328,0,338
329,0,70
330,0,680
331,0,735
332,0,965
333,0,1
334,0,1008
335,0,949
336,0,236
337,0,535
338,0,289
339,0,895
340,0,541
341,0,390
342,0,56
343,0,777
344,0,700
345,0,870
346,0,61
347,0,807
348,0,715
349,0,1013
350,0,36
351,0,957
352,0,894
353,0,762
354,0,157
355,0,361
356,0,217
357,0,473
358,0,96
359,0,589
360,0,39
361,0,632
362,0,742
363,0,1014
364,0,208
365,0,1000
366,0,148
367,0,649
368,0,919
369,0,933
370,0,310
371,0,862
372,0,485
373,0,733
374,0,11
375,0,763
376,0,806
377,0,159
378,0,600
379,0,10
380,0,824
381,0,881
382,0,886
383,0,229
384,0,227
385,0,41
386,0,447
387,0,592
388,0,854
389,0,64
390,0,15
391,0,584
392,0,160
393,0,568
394,0,340
395,0,437
396,0,520
397,0,948
398,0,743
399,0,421
0,1,768
1,1,598
2,1,709
3,1,251
4,1,936
5,1,858
6,1,801
7,1,418
8,1,52
9,1,818
10,1,324
11,1,854
12,1,911
13,1,686
14,1,129
15,1,551
16,1,722
17,1,502
18,1,406
19,1,779
20,1,568
21,1,613
22,1,91
23,1,220
24,1,730
25,1,974
26,1,758
27,1,603
28,1,971
29,1,115
30,1,901
31,1,165
32,1,848
33,1,797
34,1,980
35,1,528
36,1,548
37,1,955
38,1,154
39,1,273
40,1,887
41,1,902
42,1,819
43,1,214
44,1,496
45,1,374
46,1,381
47,1,831
48,1,772
49,1,667
50,1,86
51,1,44
52,1,334
53,1,260
54,1,815
55,1,669
56,1,549
57,1,272
58,1,67
59,1,958
60,1,244
61,1,245
62,1,163
63,1,719
64,1,654
65,1,914
66,1,380
67,1,491
68,1,518
69,1,771
70,1,159
71,1,547
72,1,657
73,1,403
74,1,417
75,1,181
76,1,419
77,1,219
78,1,923
79,1,605
80,1,215
81,1,226
82,1,541
83,1,748
84,1,696
85,1,806
86,1,223
87,1,328
88,1,501
89,1,929
90,1,74
91,1,816
92,1,249
93,1,309
94,1,298
95,1,844
96,1,364
97,1,956
98,1,912
99,1,533
100,1,740
101,1,462
102,1,766
103,1,307
104,1,840
105,1,622
106,1,193
107,1,310
108,1,769
109,1,413
110,1,861
111,1,459
112,1,563
113,1,811
114,1,716
115,1,545
116,1,356
117,1,531
118,1,706
119,1,553
120,1,787
121,1,566
122,1,195
123,1,915
124,1,256
125,1,565
126,1,250
127,1,45
128,1,961
129,1,285
130,1,54
131,1,970
132,1,317
133,1,387
134,1,750
135,1,617
136,1,1020
137,1,234
138,1,88
139,1,909
140,1,168
141,1,1021
142,1,287
143,1,178
144,1,174
145,1,1016
146,1,515
147,1,253
148,1,205
149,1,341
150,1,316
151,1,483
152,1,368
153,1,795
154,1,562
155,1,75
156,1,641
157,1,755
158,1,803
159,1,537
160,1,467
161,1,890
162,1,757
163,1,290
164,1,442
165,1,460
166,1,524
167,1,557
168,1,210
169,1,836
170,1,621
171,1,663
172,1,445
173,1,400
174,1,559
175,1,525
176,1,321
177,1,868
178,1,717
179,1,123
180,1,976
181,1,828
182,1,375
183,1,22
184,1,331
185,1,267
186,1,762
187,1,89
188,1,678
189,1,876
190,1,134
191,1,444
192,1,784
193,1,353
194,1,586
195,1,776
196,1,101
197,1,810
198,1,962
199,1,367
200,1,852
201,1,306
202,1,570
203,1,107
204,1,688
205,1,102
206,1,423
207,1,357
208,1,628
209,1,379
210,1,171
211,1,666
212,1,264
213,1,87
214,1,476
215,1,55
216,1,1018
217,1,832
218,1,284
219,1,289
220,1,931
221,1,492
222,1,376
223,1,43
224,1,208
225,1,144
226,1,254
227,1,946
228,1,804
229,1,5
230,1,475
231,1,221
232,1,609
233,1,465
234,1,436
235,1,222
236,1,877
237,1,68
238,1,3
239,1,382
240,1,574
241,1,713
242,1,875
243,1,753
244,1,504
245,1,131
246,1,377
247,1,629
248,1,297
249,1,347
250,1,320
251,1,998
252,1,8
253,1,327
254,1,38
255,1,614
256,1,36
257,1,607
258,1,266
259,1,824
260,1,449
261,1,542
262,1,443
263,1,114
264,1,710
265,1,594
266,1,60
267,1,687
268,1,493
269,1,177
270,1,66
271,1,635
272,1,874
273,1,408
274,1,340
275,1,30
276,1,478
277,1,619
278,1,112
279,1,694
280,1,883
281,1,76
282,1,255
283,1,749
284,1,904
285,1,681
286,1,978
287,1,463
288,1,738
289,1,798
290,1,939
291,1,325
292,1,637
293,1,346
294,1,431
295,1,783
296,1,441
297,1,532
298,1,29
299,1,133
300,1,213
301,1,119
302,1,299
303,1,908
304,1,49
305,1,979
306,1,394
307,1,41
308,1,330
309,1,137
310,1,944
311,1,173
312,1,569
313,1,662
314,1,294
315,1,497
316,1,94
317,1,507
318,1,527
319,1,1005
320,1,233
321,1,190
322,1,409
323,1,682
324,1,73
325,1,304
326,1,323
327,1,809
328,1,338
329,1,69
330,1,648
331,1,734
332,1,997
333,1,2
334,1,1009
335,1,948
336,1,235
337,1,503
338,1,288
339,1,894
340,1,573
341,1,422
342,1,56
343,1,745
344,1,668
345,1,870
346,1,93
347,1,808
348,1,714
349,1,981
350,1,37
351,1,925
352,1,926
353,1,794
354,1,189
355,1,393
356,1,218
357,1,505
358,1,97
359,1,590
360,1,39
361,1,631
362,1,743
363,1,982
364,1,240
365,1,1001
366,1,147
367,1,649
368,1,919
369,1,932
370,1,278
371,1,862
372,1,484
373,1,732
374,1,12
375,1,763
376,1,807
377,1,158
378,1,632
379,1,42
380,1,823
381,1,880
382,1,885
383,1,261
384,1,259
385,1,40
386,1,479
387,1,624
388,1,886
389,1,65
390,1,47
391,1,616
392,1,161
393,1,567
394,1,308
395,1,438
396,1,521
397,1,947
398,1,744
399,1,421
0,2,769
1,2,598
2,2,677
3,2,252
4,2,904
5,2,890
6,2,802
7,2,419
8,2,84
9,2,786
10,2,325
11,2,822
12,2,912
13,2,685
14,2,130
15,2,583
16,2,722
17,2,502
18,2,405
19,2,747
20,2,567
21,2,612
22,2,92
23,2,188
24,2,762
25,2,942
26,2,757
27,2,571
28,2,1003
29,2,147
30,2,901
31,2,197
32,2,849
33,2,765
34,2,979
35,2,496
36,2,549
37,2,956
38,2,186
39,2,273
40,2,886
41,2,902
42,2,818
43,2,214
44,2,464
45,2,406
46,2,380
47,2,799
48,2,740
49,2,699
50,2,85
51,2,76
52,2,366
53,2,292
54,2,847
55,2,668
56,2,550
57,2,304
58,2,68
59,2,957
60,2,243
61,2,277
62,2,195
63,2,719
64,2,653
65,2,913
66,2,379
67,2,523
68,2,519
69,2,772
70,2,191
71,2,546
72,2,657
73,2,435
74,2,385
75,2,213
76,2,420
77,2,187
78,2,922
79,2,604
80,2,216
81,2,226
82,2,573
83,2,716
84,2,664
85,2,807
86,2,255
87,2,329
88,2,533
89,2,930
90,2,75
91,2,815
92,2,281
93,2,310
94,2,330
95,2,845
96,2,332
97,2,924
98,2,880
99,2,532
100,2,741
101,2,494
102,2,734
103,2,307
104,2,841
105,2,621
106,2,161
107,2,278
108,2,737
109,2,445
110,2,829
111,2,491
112,2,564
113,2,812
114,2,684
115,2,513
116,2,324
117,2,499
118,2,705
119,2,554
120,2,819
121,2,534
122,2,227
123,2,914
124,2,224
125,2,565
126,2,249
127,2,77
128,2,962
129,2,253
130,2,86
131,2,971
132,2,285
133,2,388
134,2,749
135,2,585
136,2,1019
137,2,266
138,2,87
139,2,910
140,2,136
141,2,1020
142,2,319
143,2,210
144,2,173
145,2,984
146,2,547
147,2,221
148,2,206
149,2,309
150,2,348
151,2,515
152,2,369
153,2,796
154,2,561
155,2,107
156,2,609
157,2,787
158,2,804
159,2,569
160,2,466
161,2,889
162,2,725
163,2,322
164,2,410
165,2,428
166,2,525
167,2,556
168,2,242
169,2,837
170,2,589
171,2,663
172,2,444
173,2,399
174,2,558
175,2,557
176,2,289
177,2,869
178,2,717
179,2,122
180,2,976
181,2,827
182,2,407
183,2,54
184,2,299
185,2,235
186,2,794
187,2,89
188,2,646
189,2,908
190,2,166
191,2,443
192,2,752
193,2,354
194,2,586
195,2,776
196,2,133
197,2,842
198,2,963
199,2,368
200,2,820
201,2,338
202,2,602
203,2,106
204,2,656
205,2,103
206,2,423
207,2,357
208,2,660
209,2,378
210,2,172
211,2,666
212,2,263
213,2,119
214,2,476
215,2,55
216,2,1017
217,2,800
218,2,316
219,2,290
220,2,932
221,2,460
222,2,377
223,2,44
224,2,240
225,2,176
226,2,286
227,2,945
228,2,805
229,2,37
230,2,474
231,2,220
232,2,610
233,2,465
234,2,468
235,2,223
236,2,878
237,2,36
238,2,35
239,2,381
240,2,542
241,2,681
242,2,876
243,2,754
244,2,503
245,2,163
246,2,409
247,2,628
248,2,297
249,2,347
250,2,321
251,2,999
252,2,9
253,2,295
254,2,39
255,2,613
256,2,4
257,2,639
258,2,267
259,2,823
260,2,417
261,2,541
262,2,442
263,2,146
264,2,711
265,2,562
266,2,61
267,2,686
268,2,492
269,2,178
270,2,67
271,2,603
272,2,874
273,2,376
274,2,339
275,2,29
276,2,477
277,2,618
278,2,144
279,2,695
280,2,915
281,2,108
282,2,254
283,2,781
284,2,903
285,2,649
286,2,977
287,2,463
288,2,739
289,2,797
290,2,940
291,2,326
292,2,637
293,2,345
294,2,432
295,2,751
296,2,440
297,2,531
298,2,28
299,2,134
300,2,212
301,2,118
302,2,298
303,2,909
304,2,50
305,2,978
306,2,426
307,2,73
308,2,331
309,2,137
310,2,944
311,2,205
312,2,570
313,2,630
314,2,294
315,2,529
316,2,62
317,2,475
318,2,528
319,2,1006
320,2,265
321,2,222
322,2,441
323,2,683
324,2,105
325,2,305
326,2,323
327,2,810
328,2,370
329,2,101
330,2,680
331,2,733
332,2,998
333,2,34
334,2,1010
335,2,947
336,2,234
337,2,471
338,2,256
339,2,862
340,2,605
341,2,454
342,2,88
343,2,713
344,2,667
345,2,870
346,2,94
347,2,809
348,2,714
349,2,980
350,2,38
351,2,893
352,2,925
353,2,793
354,2,190
355,2,392
356,2,219
357,2,537
358,2,98
359,2,590
360,2,40
361,2,599
362,2,744
363,2,983
364,2,272
365,2,1002
366,2,179
367,2,617
368,2,887
369,2,900
370,2,246
371,2,861
372,2,483
373,2,731
374,2,13
375,2,795
376,2,808
377,2,157
378,2,631
379,2,74
380,2,791
381,2,879
382,2,884
383,2,293
384,2,291
385,2,41
386,2,478
387,2,625
388,2,854
389,2,97
390,2,48
391,2,648
392,2,162
393,2,566
394,2,340
395,2,438
396,2,489
397,2,946
398,2,745
399,2,422
0,3,770
1,3,630
2,3,678
3,3,284
4,3,905
5,3,922
6,3,834
7,3,420
8,3,116
9,3,785
10,3,357
11,3,790
12,3,880
13,3,717
14,3,162
15,3,584
16,3,754
17,3,534
18,3,404
19,3,715
20,3,566
21,3,580
22,3,93
23,3,187
24,3,762
25,3,910
26,3,725
27,3,539
28,3,971
29,3,179
30,3,902
31,3,229
32,3,849
33,3,733
34,3,979
35,3,497
36,3,550
37,3,957
38,3,218
39,3,305
40,3,885
41,3,903
42,3,818
43,3,214
44,3,463
45,3,405
46,3,379
47,3,798
48,3,741
49,3,731
50,3,84
51,3,108
52,3,398
53,3,292
54,3,848
55,3,700
56,3,551
57,3,303
58,3,36
59,3,925
60,3,242
61,3,278
62,3,227
63,3,687
64,3,653
65,3,912
66,3,378
67,3,522
68,3,520
69,3,740
70,3,223
71,3,514
72,3,656
73,3,435
74,3,353
75,3,213
76,3,421
77,3,219
78,3,921
79,3,603
80,3,217
81,3,226
82,3,605
83,3,716
84,3,632
85,3,808
86,3,287
87,3,330
88,3,565
89,3,898
90,3,74
91,3,783
92,3,281
93,3,311
94,3,362
95,3,845
96,3,333
97,3,923
98,3,881
99,3,531
100,3,742
101,3,493
102,3,734
103,3,339
104,3,841
105,3,620
106,3,129
107,3,246
108,3,705
109,3,477
110,3,797
111,3,523
112,3,564
113,3,813
114,3,652
115,3,481
116,3,325
117,3,467
118,3,673
119,3,586
120,3,851
121,3,533
122,3,259
123,3,882
124,3,225
125,3,597
126,3,249
127,3,77
128,3,963
129,3,221
130,3,85
131,3,972
132,3,285
133,3,388
134,3,748
135,3,553
136,3,1018
137,3,265
138,3,87
139,3,911
140,3,168
141,3,1019
142,3,351
143,3,209
144,3,174
145,3,952
146,3,548
147,3,220
148,3,207
149,3,277
150,3,348
151,3,516
152,3,369
153,3,795
154,3,529
155,3,139
156,3,610
157,3,819
158,3,805
159,3,569
160,3,434
161,3,857
162,3,693
163,3,290
164,3,409
165,3,396
166,3,526
167,3,555
168,3,274
169,3,837
170,3,590
171,3,663
172,3,443
173,3,431
174,3,557
175,3,589
176,3,257
177,3,870
178,3,749
179,3,121
180,3,944
181,3,859
182,3,439
183,3,86
184,3,331
185,3,267
186,3,826
187,3,88
188,3,614
189,3,907
190,3,165
191,3,442
192,3,720
193,3,386
194,3,618
195,3,775
196,3,133
197,3,843
198,3,931
199,3,368
200,3,821
201,3,370
202,3,601
203,3,138
204,3,624
205,3,104
206,3,424
207,3,356
208,3,661
209,3,377
210,3,173
211,3,667
212,3,263
213,3,118
214,3,444
215,3,54
216,3,1016
217,3,768
218,3,316
219,3,291
220,3,933
221,3,428
222,3,345
223,3,76
224,3,272
225,3,175
226,3,318
227,3,946
228,3,806
229,3,69
230,3,475
231,3,188
232,3,578
233,3,466
234,3,469
235,3,222
236,3,879
237,3,37
238,3,67
239,3,380
240,3,541
241,3,649
242,3,844
243,3,786
244,3,502
245,3,195
246,3,408
247,3,596
248,3,298
249,3,347
250,3,322
251,3,1000
252,3,10
253,3,295
254,3,40
255,3,581
256,3,5
257,3,638
258,3,299
259,3,822
260,3,385
261,3,540
262,3,474
263,3,147
264,3,743
265,3,561
266,3,60
267,3,685
268,3,460
269,3,210
270,3,99
271,3,602
272,3,842
273,3,344
274,3,371
275,3,28
276,3,476
277,3,619
278,3,145
279,3,696
280,3,916
281,3,107
282,3,253
283,3,780
284,3,935
285,3,617
286,3,976
287,3,462
288,3,771
289,3,796
290,3,908
291,3,327
292,3,669
293,3,313
294,3,433
295,3,719
296,3,440
297,3,563
298,3,27
299,3,102
300,3,212
301,3,117
302,3,266
303,3,909
304,3,51
305,3,977
306,3,458
307,3,105
308,3,332
309,3,136
310,3,945
311,3,237
312,3,538
313,3,629
314,3,326
315,3,528
316,3,61
317,3,507
318,3,560
319,3,1007
320,3,297
321,3,254
322,3,473
323,3,651
324,3,137
325,3,306
326,3,324
327,3,778
328,3,402
329,3,100
330,3,681
331,3,701
332,3,999
333,3,66
334,3,1011
335,3,915
336,3,233
337,3,470
338,3,224
339,3,830
340,3,637
341,3,486
342,3,120
343,3,712
344,3,635
345,3,838
346,3,95
347,3,810
348,3,713
349,3,980
350,3,39
351,3,894
352,3,924
353,3,792
354,3,190
355,3,392
356,3,251
357,3,537
358,3,130
359,3,558
360,3,41
361,3,599
362,3,776
363,3,951
364,3,304
365,3,1003
366,3,211
367,3,585
368,3,886
369,3,868
370,3,245
371,3,893
372,3,451
373,3,730
374,3,45
375,3,794
376,3,809
377,3,156
378,3,631
379,3,106
380,3,791
381,3,847
382,3,883
383,3,294
384,3,323
385,3,42
386,3,510
387,3,626
388,3,855
389,3,98
390,3,49
391,3,680
392,3,194
393,3,598
394,3,341
395,3,406
396,3,457
397,3,978
398,3,746
399,3,423
0,4,771
1,4,630
2,4,679
3,4,316
4,4,906
5,4,954
6,4,835
7,4,421
8,4,148
9,4,784
10,4,356
11,4,758
12,4,881
13,4,749
14,4,194
15,4,584
16,4,753
17,4,534
18,4,403
19,4,683
20,4,566
21,4,548
22,4,94
23,4,186
24,4,794
25,4,911
26,4,693
27,4,507
28,4,970
29,4,178
30,4,903
31,4,261
32,4,850
33,4,732
34,4,978
35,4,465
36,4,551
37,4,925
38,4,217
39,4,306
40,4,884
41,4,904
42,4,819
43,4,214
44,4,462
45,4,404
46,4,378
47,4,766
48,4,709
49,4,731
50,4,52
51,4,140
52,4,398
53,4,292
54,4,880
55,4,699
56,4,552
57,4,302
58,4,37
59,4,924
60,4,241
61,4,310
62,4,228
63,4,719
64,4,653
65,4,944
66,4,377
67,4,522
68,4,520
69,4,741
70,4,255
71,4,482
72,4,655
73,4,436
74,4,321
75,4,181
76,4,453
77,4,218
78,4,920
79,4,602
80,4,249
81,4,226
82,4,604
83,4,715
84,4,600
85,4,809
86,4,319
87,4,331
88,4,597
89,4,866
90,4,106
91,4,782
92,4,313
93,4,279
94,4,394
95,4,813
96,4,334
97,4,922
98,4,849
99,4,563
100,4,743
101,4,492
102,4,733
103,4,307
104,4,842
105,4,619
106,4,129
107,4,245
108,4,673
109,4,476
110,4,765
111,4,523
112,4,565
113,4,814
114,4,620
115,4,449
116,4,326
117,4,435
118,4,641
119,4,587
120,4,851
121,4,501
122,4,260
123,4,914
124,4,193
125,4,596
126,4,281
127,4,76
128,4,931
129,4,220
130,4,84
131,4,973
132,4,253
133,4,420
134,4,716
135,4,521
136,4,1017
137,4,297
138,4,55
139,4,879
140,4,167
141,4,1018
142,4,351
143,4,177
144,4,142
145,4,952
146,4,549
147,4,219
148,4,208
149,4,276
150,4,380
151,4,517
152,4,369
153,4,763
154,4,497
155,4,171
156,4,578
157,4,820
158,4,806
159,4,569
160,4,402
161,4,856
162,4,661
163,4,289
164,4,408
165,4,364
166,4,527
167,4,554
168,4,273
169,4,838
170,4,558
171,4,663
172,4,442
173,4,431
174,4,556
175,4,590
176,4,225
177,4,902
178,4,781
179,4,120
180,4,943
181,4,891
182,4,471
183,4,87
184,4,299
185,4,266
186,4,825
187,4,88
188,4,613
189,4,875
190,4,197
191,4,441
192,4,688
193,4,418
194,4,650
195,4,776
196,4,165
197,4,844
198,4,932
199,4,368
200,4,822
201,4,371
202,4,633
203,4,137
204,4,592
205,4,136
206,4,392
207,4,324
208,4,662
209,4,409
210,4,174
211,4,667
212,4,295
213,4,117
214,4,443
215,4,86
216,4,984
217,4,769
218,4,348
219,4,290
220,4,965
221,4,396
222,4,346
223,4,108
224,4,304
225,4,207
226,4,350
227,4,947
228,4,807
229,4,101
230,4,474
231,4,156
232,4,546
233,4,467
234,4,470
235,4,254
236,4,847
237,4,38
238,4,99
239,4,379
240,4,540
241,4,617
242,4,812
243,4,787
244,4,502
245,4,227
246,4,440
247,4,595
248,4,298
249,4,347
250,4,323
251,4,1001
252,4,11
253,4,327
254,4,41
255,4,580
256,4,6
257,4,670
258,4,267
259,4,854
260,4,353
261,4,539
262,4,506
263,4,147
264,4,744
265,4,529
266,4,92
267,4,684
268,4,428
269,4,242
270,4,131
271,4,601
272,4,810
273,4,345
274,4,339
275,4,27
276,4,444
277,4,618
278,4,146
279,4,697
280,4,948
281,4,139
282,4,221
283,4,779
284,4,934
285,4,585
286,4,976
287,4,430
288,4,803
289,4,795
290,4,876
291,4,328
292,4,668
293,4,312
294,4,434
295,4,720
296,4,439
297,4,564
298,4,59
299,4,70
300,4,211
301,4,116
302,4,234
303,4,910
304,4,19
305,4,945
306,4,490
307,4,104
308,4,333
309,4,168
310,4,913
311,4,269
312,4,538
313,4,629
314,4,358
315,4,560
316,4,60
317,4,475
318,4,561
319,4,1008
320,4,329
321,4,286
322,4,505
323,4,652
324,4,105
325,4,274
326,4,325
327,4,746
328,4,370
329,4,132
330,4,649
331,4,701
332,4,1000
333,4,98
334,4,1012
335,4,883
336,4,265
337,4,438
338,4,224
339,4,798
340,4,669
341,4,487
342,4,119
343,4,711
344,4,603
345,4,870
346,4,127
347,4,811
348,4,713
349,4,979
350,4,40
351,4,862
352,4,923
353,4,791
354,4,222
355,4,393
356,4,252
357,4,537
358,4,162
359,4,559
360,4,42
361,4,599
362,4,808
363,4,919
364,4,305
365,4,1004
366,4,210
367,4,553
368,4,885
369,4,867
370,4,213
371,4,892
372,4,419
373,4,698
374,4,45
375,4,826
376,4,777
377,4,155
378,4,631
379,4,138
380,4,790
381,4,848
382,4,882
383,4,294
384,4,355
385,4,43
386,4,509
387,4,658
388,4,855
389,4,130
390,4,50
391,4,712
392,4,195
393,4,598
394,4,342
395,4,374
396,4,458
397,4,977
398,4,714
399,4,424
0,5,772
1,5,630
2,5,680
3,5,348
4,5,907
5,5,954
6,5,836
7,5,453
8,5,149
9,5,752
10,5,388
11,5,757
12,5,882
13,5,750
14,5,195
15,5,584
16,5,785
17,5,533
18,5,402
19,5,651
20,5,598
21,5,516
22,5,95
23,5,185
24,5,793
25,5,911
26,5,661
27,5,475
28,5,969
29,5,177
30,5,904
31,5,293
32,5,849
33,5,700
34,5,977
35,5,433
36,5,552
37,5,893
38,5,249
39,5,307
40,5,916
41,5,905
42,5,820
43,5,214
44,5,461
45,5,404
46,5,377
47,5,765
48,5,677
49,5,730
50,5,84
51,5,172
52,5,398
53,5,260
54,5,879
55,5,698
56,5,553
57,5,303
58,5,38
59,5,923
60,5,240
61,5,342
62,5,229
63,5,751
64,5,653
65,5,943
66,5,376
67,5,554
68,5,520
69,5,742
70,5,287
71,5,483
72,5,654
73,5,468
74,5,322
75,5,213
76,5,485
77,5,217
78,5,919
79,5,602
80,5,281
81,5,226
82,5,603
83,5,683
84,5,568
85,5,777
86,5,351
87,5,332
88,5,596
89,5,834
90,5,138
91,5,781
92,5,345
93,5,279
94,5,426
95,5,814
96,5,302
97,5,921
98,5,817
99,5,595
100,5,743
101,5,524
102,5,732
103,5,339
104,5,843
105,5,587
106,5,129
107,5,245
108,5,641
109,5,508
110,5,733
111,5,522
112,5,566
113,5,815
114,5,619
115,5,449
116,5,327
117,5,434
118,5,609
119,5,588
120,5,819
121,5,469
122,5,261
123,5,913
124,5,161
125,5,564
126,5,280
127,5,75
128,5,932
129,5,219
130,5,116
131,5,974
132,5,221
133,5,421
134,5,684
135,5,489
136,5,985
137,5,329
138,5,87
139,5,847
140,5,168
141,5,1017
142,5,350
143,5,145
144,5,141
145,5,920
146,5,581
147,5,218
148,5,176
149,5,244
150,5,412
151,5,549
152,5,369
153,5,731
154,5,498
155,5,171
156,5,546
157,5,852
158,5,807
159,5,601
160,5,370
161,5,824
162,5,629
163,5,257
164,5,407
165,5,363
166,5,528
167,5,586
168,5,305
169,5,839
170,5,526
171,5,664
172,5,441
173,5,430
174,5,555
175,5,622
176,5,193
177,5,903
178,5,813
179,5,120
180,5,942
181,5,890
182,5,470
183,5,119
184,5,267
185,5,298
186,5,857
187,5,88
188,5,612
189,5,874
190,5,197
191,5,440
192,5,656
193,5,450
194,5,649
195,5,808
196,5,165
197,5,845
198,5,900
199,5,368
200,5,823
201,5,403
202,5,633
203,5,136
204,5,560
205,5,104
206,5,393
207,5,292
208,5,663
209,5,409
210,5,175
211,5,699
212,5,294
213,5,117
214,5,442
215,5,85
216,5,952
217,5,770
218,5,347
219,5,290
220,5,997
221,5,364
222,5,378
223,5,140
224,5,304
225,5,206
226,5,382
227,5,979
228,5,775
229,5,133
230,5,473
231,5,124
232,5,514
233,5,467
234,5,502
235,5,253
236,5,848
237,5,39
238,5,99
239,5,379
240,5,539
241,5,618
242,5,780
243,5,788
244,5,534
245,5,228
246,5,472
247,5,594
248,5,299
249,5,346
250,5,324
251,5,1002
252,5,12
253,5,295
254,5,42
255,5,579
256,5,6
257,5,669
258,5,266
259,5,886
260,5,321
261,5,538
262,5,507
263,5,148
264,5,745
265,5,497
266,5,93
267,5,652
268,5,396
269,5,243
270,5,163
271,5,600
272,5,778
273,5,344
274,5,371
275,5,59
276,5,443
277,5,650
278,5,147
279,5,665
280,5,980
281,5,139
282,5,220
283,5,811
284,5,933
285,5,585
286,5,976
287,5,462
288,5,804
289,5,794
290,5,844
291,5,328
292,5,667
293,5,311
294,5,466
295,5,688
296,5,438
297,5,565
298,5,91
299,5,70
300,5,210
301,5,115
302,5,202
303,5,878
304,5,20
305,5,944
306,5,491
307,5,103
308,5,301
309,5,200
310,5,881
311,5,269
312,5,506
313,5,628
314,5,390
315,5,559
316,5,92
317,5,474
318,5,562
319,5,1009
320,5,330
321,5,318
322,5,537
323,5,620
324,5,73
325,5,242
326,5,325
327,5,714
328,5,338
329,5,131
330,5,617
331,5,701
332,5,1001
333,5,130
334,5,1013
335,5,851
336,5,264
337,5,406
338,5,225
339,5,766
340,5,668
341,5,519
342,5,118
343,5,679
344,5,571
345,5,902
346,5,159
347,5,812
348,5,712
349,5,978
350,5,41
351,5,830
352,5,922
353,5,790
354,5,254
355,5,361
356,5,284
357,5,569
358,5,194
359,5,527
360,5,43
361,5,599
362,5,840
363,5,887
364,5,306
365,5,1005
366,5,209
367,5,521
368,5,884
369,5,835
370,5,212
371,5,924
372,5,387
373,5,697
374,5,45
375,5,826
376,5,776
377,5,154
378,5,631
379,5,137
380,5,758
381,5,880
382,5,850
383,5,326
384,5,356
385,5,44
386,5,541
387,5,690
388,5,856
389,5,162
390,5,51
391,5,744
392,5,227
393,5,597
394,5,374
395,5,375
396,5,458
397,5,945
398,5,715
399,5,392
0,6,740
1,6,630
2,6,648
3,6,380
4,6,908
5,6,954
6,6,868
7,6,454
8,6,181
9,6,720
10,6,420
11,6,725
12,6,850
13,6,751
14,6,227
15,6,616
16,6,784
17,6,565
18,6,401
19,6,619
20,6,598
21,6,515
22,6,127
23,6,184
24,6,792
25,6,879
26,6,662
27,6,443
28,6,968
29,6,178
30,6,872
31,6,294
32,6,881
33,6,699
34,6,976
35,6,433
36,6,553
37,6,861
38,6,281
39,6,339
40,6,915
41,6,906
42,6,821
43,6,213
44,6,429
45,6,403
46,6,409
47,6,733
48,6,678
49,6,762
50,6,116
51,6,204
52,6,398
53,6,292
54,6,878
55,6,730
56,6,521
57,6,302
58,6,39
59,6,922
60,6,272
61,6,343
62,6,229
63,6,783
64,6,652
65,6,942
66,6,408
67,6,586
68,6,520
69,6,742
70,6,319
71,6,451
72,6,653
73,6,469
74,6,323
75,6,245
76,6,486
77,6,216
78,6,887
79,6,570
80,6,313
81,6,225
82,6,602
83,6,682
84,6,536
85,6,745
86,6,350
87,6,333
88,6,595
89,6,802
90,6,170
91,6,749
92,6,377
93,6,311
94,6,458
95,6,782
96,6,334
97,6,920
98,6,785
99,6,627
100,6,743
101,6,556
102,6,731
103,6,371
104,6,844
105,6,587
106,6,130
107,6,244
108,6,609
109,6,540
110,6,701
111,6,522
112,6,534
113,6,814
114,6,620
115,6,450
116,6,328
117,6,402
118,6,610
119,6,589
120,6,818
121,6,437
122,6,261
123,6,913
124,6,129
125,6,532
126,6,279
127,6,74
128,6,933
129,6,218
130,6,115
131,6,974
132,6,189
133,6,453
134,6,684
135,6,457
136,6,953
137,6,361
138,6,86
139,6,815
140,6,168
141,6,985
142,6,382
143,6,113
144,6,173
145,6,888
146,6,613
147,6,217
148,6,177
149,6,243
150,6,444
151,6,550
152,6,369
153,6,763
154,6,466
155,6,172
156,6,545
157,6,884
158,6,807
159,6,633
160,6,338
161,6,824
162,6,597
163,6,257
164,6,407
165,6,363
166,6,496
167,6,618
168,6,304
169,6,839
170,6,494
171,6,632
172,6,440
173,6,430
174,6,554
175,6,654
176,6,161
177,6,904
178,6,845
179,6,119
180,6,941
181,6,890
182,6,502
183,6,151
184,6,266
185,6,299
186,6,889
187,6,87
188,6,580
189,6,842
190,6,197
191,6,439
192,6,624
193,6,482
194,6,681
195,6,840
196,6,166
197,6,877
198,6,901
199,6,368
200,6,791
201,6,435
202,6,665
203,6,135
204,6,528
205,6,104
206,6,392
207,6,293
208,6,664
209,6,410
210,6,176
211,6,667
212,6,326
213,6,85
214,6,441
215,6,84
216,6,951
217,6,771
218,6,379
219,6,322
220,6,998
221,6,332
222,6,346
223,6,140
224,6,303
225,6,205
226,6,381
227,6,980
228,6,775
229,6,165
230,6,505
231,6,92
232,6,513
233,6,468
234,6,503
235,6,221
236,6,816
237,6,40
238,6,131
239,6,378
240,6,507
241,6,617
242,6,748
243,6,820
244,6,533
245,6,260
246,6,471
247,6,562
248,6,267
249,6,347
250,6,324
251,6,1003
252,6,13
253,6,263
254,6,43
255,6,578
256,6,38
257,6,668
258,6,265
259,6,885
260,6,289
261,6,538
262,6,508
263,6,149
264,6,744
265,6,465
266,6,94
267,6,651
268,6,364
269,6,242
270,6,195
271,6,599
272,6,746
273,6,345
274,6,370
275,6,91
276,6,442
277,6,649
278,6,148
279,6,697
280,6,1012
281,6,171
282,6,219
283,6,810
284,6,934
285,6,584
286,6,944
287,6,463
288,6,805
289,6,793
290,6,812
291,6,329
292,6,666
293,6,310
294,6,467
295,6,689
296,6,406
297,6,566
298,6,123
299,6,70
300,6,209
301,6,147
302,6,202
303,6,910
304,6,21
305,6,943
306,6,523
307,6,103
308,6,301
309,6,199
310,6,882
311,6,269
312,6,474
313,6,629
314,6,422
315,6,558
316,6,60
317,6,473
318,6,563
319,6,1010
320,6,331
321,6,318
322,6,569
323,6,621
324,6,105
325,6,210
326,6,325
327,6,715
328,6,306
329,6,163
330,6,585
331,6,669
332,6,1002
333,6,162
334,6,981
335,6,819
336,6,264
337,6,374
338,6,193
339,6,734
340,6,700
341,6,551
342,6,117
343,6,647
344,6,539
345,6,903
346,6,191
347,6,813
348,6,711
349,6,977
350,6,73
351,6,798
352,6,921
353,6,758
354,6,253
355,6,393
356,6,316
357,6,601
358,6,226
359,6,527
360,6,75
361,6,567
362,6,841
363,6,855
364,6,307
365,6,1006
366,6,241
367,6,489
368,6,883
369,6,803
370,6,211
371,6,923
372,6,386
373,6,696
374,6,45
375,6,826
376,6,808
377,6,153
378,6,631
379,6,136
380,6,757
381,6,880
382,6,849
383,6,358
384,6,357
385,6,76
386,6,541
387,6,722
388,6,857
389,6,194
390,6,52
391,6,776
392,6,259
393,6,596
394,6,375
395,6,376
396,6,490
397,6,945
398,6,683
399,6,424
0,7,741
1,7,598
2,7,616
3,7,379
4,7,909
5,7,954
6,7,869
7,7,486
8,7,213
9,7,688
10,7,421
11,7,693
12,7,851
13,7,752
14,7,259
15,7,617
16,7,784
17,7,564
18,7,400
19,7,620
20,7,597
21,7,483
22,7,159
23,7,184
24,7,791
25,7,847
26,7,662
27,7,444
28,7,936
29,7,178
30,7,873
31,7,295
32,7,913
33,7,667
34,7,944
35,7,401
36,7,554
37,7,862
38,7,280
39,7,371
40,7,947
41,7,907
42,7,822
43,7,212
44,7,428
45,7,402
46,7,409
47,7,732
48,7,679
49,7,763
50,7,148
51,7,236
52,7,430
53,7,324
54,7,910
55,7,762
56,7,522
57,7,301
58,7,40
59,7,890
60,7,304
61,7,343
62,7,261
63,7,783
64,7,684
65,7,941
66,7,407
67,7,587
68,7,521
69,7,743
70,7,318
71,7,419
72,7,653
73,7,501
74,7,323
75,7,277
76,7,518
77,7,215
78,7,886
79,7,569
80,7,313
81,7,257
82,7,602
83,7,681
84,7,537
85,7,746
86,7,382
87,7,334
88,7,627
89,7,803
90,7,202
91,7,717
92,7,345
93,7,279
94,7,459
95,7,814
96,7,302
97,7,888
98,7,753
99,7,626
100,7,775
101,7,556
102,7,730
103,7,403
104,7,845
105,7,619
106,7,131
107,7,243
108,7,610
109,7,539
110,7,700
111,7,523
112,7,566
113,7,815
114,7,588
115,7,450
116,7,329
117,7,370
118,7,578
119,7,621
120,7,819
121,7,436
122,7,293
123,7,914
124,7,97
125,7,532
126,7,278
127,7,74
128,7,901
129,7,217
130,7,147
131,7,1006
132,7,188
133,7,485
134,7,716
135,7,457
136,7,921
137,7,393
138,7,85
139,7,816
140,7,136
141,7,953
142,7,414
143,7,114
144,7,174
145,7,856
146,7,645
147,7,216
148,7,145
149,7,242
150,7,476
151,7,550
152,7,368
153,7,731
154,7,434
155,7,173
156,7,513
157,7,916
158,7,807
159,7,632
160,7,306
161,7,824
162,7,565
163,7,289
164,7,406
165,7,331
166,7,464
167,7,650
168,7,336
169,7,840
170,7,462
171,7,631
172,7,439
173,7,429
174,7,586
175,7,686
176,7,129
177,7,905
178,7,877
179,7,118
180,7,973
181,7,889
182,7,534
183,7,183
184,7,265
185,7,299
186,7,857
187,7,86
188,7,579
189,7,874
190,7,229
191,7,438
192,7,592
193,7,514
194,7,680
195,7,872
196,7,165
197,7,878
198,7,902
199,7,367
200,7,823
201,7,467
202,7,697
203,7,134
204,7,496
205,7,104
206,7,424
207,7,294
208,7,663
209,7,442
210,7,177
211,7,666
212,7,358
213,7,84
214,7,440
215,7,116
216,7,919
217,7,772
218,7,378
219,7,354
220,7,999
221,7,333
222,7,347
223,7,172
224,7,303
225,7,204
226,7,413
227,7,981
228,7,776
229,7,197
230,7,506
231,7,93
232,7,481
233,7,469
234,7,535
235,7,220
236,7,817
237,7,8
238,7,163
239,7,377
240,7,475
241,7,585
242,7,749
243,7,821
244,7,533
245,7,292
246,7,503
247,7,561
248,7,266
249,7,348
250,7,325
251,7,1004
252,7,14
253,7,231
254,7,44
255,7,546
256,7,39
257,7,668
258,7,233
259,7,884
260,7,288
261,7,570
262,7,509
263,7,150
264,7,745
265,7,433
266,7,95
267,7,652
268,7,363
269,7,274
270,7,227
271,7,600
272,7,714
273,7,346
274,7,369
275,7,123
276,7,441
277,7,648
278,7,149
279,7,698
280,7,1013
281,7,203
282,7,218
283,7,810
284,7,933
285,7,584
286,7,943
287,7,463
288,7,806
289,7,792
290,7,780
291,7,330
292,7,665
293,7,309
294,7,468
295,7,690
296,7,405
297,7,567
298,7,122
299,7,38
300,7,208
301,7,146
302,7,201
303,7,911
304,7,22
305,7,942
306,7,555
307,7,103
308,7,269
309,7,199
310,7,850
311,7,237
312,7,474
313,7,629
314,7,454
315,7,590
316,7,92
317,7,472
318,7,563
319,7,1011
320,7,332
321,7,350
322,7,601
323,7,622
324,7,106
325,7,209
326,7,326
327,7,683
328,7,305
329,7,195
330,7,553
331,7,637
332,7,1003
333,7,194
334,7,982
335,7,787
336,7,263
337,7,342
338,7,161
339,7,733
340,7,699
341,7,552
342,7,117
343,7,615
344,7,507
345,7,935
346,7,223
347,7,781
348,7,710
349,7,976
350,7,105
351,7,797
352,7,920
353,7,757
354,7,285
355,7,392
356,7,316
357,7,633
358,7,225
359,7,528
360,7,107
361,7,599
362,7,842
363,7,855
364,7,308
365,7,1007
366,7,273
367,7,490
368,7,882
369,7,771
370,7,210
371,7,922
372,7,385
373,7,664
374,7,45
375,7,826
376,7,809
377,7,121
378,7,630
379,7,135
380,7,725
381,7,879
382,7,881
383,7,390
384,7,357
385,7,77
386,7,540
387,7,723
388,7,858
389,7,226
390,7,52
391,7,808
392,7,291
393,7,595
394,7,375
395,7,344
396,7,458
397,7,945
398,7,651
399,7,423
0,8,742
1,8,566
2,8,617
3,8,378
4,8,910
5,8,954
6,8,870
7,8,518
8,8,245
9,8,656
10,8,453
11,8,661
12,8,819
13,8,753
14,8,291
15,8,618
16,8,752
17,8,596
18,8,399
19,8,588
20,8,629
21,8,482
22,8,191
23,8,183
24,8,790
25,8,815
26,8,662
27,8,412
28,8,935
29,8,177
30,8,873
31,8,295
32,8,945
33,8,635
34,8,943
35,8,369
36,8,522
37,8,830
38,8,312
39,8,370
40,8,946
41,8,908
42,8,854
43,8,211
44,8,396
45,8,401
46,8,441
47,8,731
48,8,680
49,8,795
50,8,149
51,8,236
52,8,462
53,8,356
54,8,942
55,8,794
56,8,523
57,8,269
58,8,41
59,8,858
60,8,336
61,8,375
62,8,261
63,8,783
64,8,716
65,8,940
66,8,406
67,8,619
68,8,489
69,8,743
70,8,317
71,8,420
72,8,653
73,8,501
74,8,324
75,8,278
76,8,519
77,8,214
78,8,885
79,8,568
80,8,345
81,8,289
82,8,601
83,8,713
84,8,505
85,8,747
86,8,414
87,8,334
88,8,659
89,8,804
90,8,234
91,8,685
92,8,377
93,8,280
94,8,491
95,8,814
96,8,302
97,8,887
98,8,721
99,8,625
100,8,807
101,8,555
102,8,698
103,8,403
104,8,813
105,8,651
106,8,132
107,8,243
108,8,578
109,8,571
110,8,668
111,8,524
112,8,567
113,8,816
114,8,556
115,8,450
116,8,330
117,8,338
118,8,546
119,8,622
120,8,787
121,8,435
122,8,325
123,8,882
124,8,65
125,8,564
126,8,246
127,8,106
128,8,902
129,8,216
130,8,179
131,8,1007
132,8,156
133,8,517
134,8,717
135,8,457
136,8,889
137,8,394
138,8,117
139,8,784
140,8,104
141,8,921
142,8,413
143,8,114
144,8,206
145,8,855
146,8,677
147,8,184
148,8,146
149,8,241
150,8,508
151,8,550
152,8,400
153,8,699
154,8,402
155,8,174
156,8,481
157,8,948
158,8,808
159,8,632
160,8,274
161,8,792
162,8,565
163,8,288
164,8,438
165,8,299
166,8,432
167,8,682
168,8,335
169,8,841
170,8,494
171,8,631
172,8,439
173,8,428
174,8,554
175,8,687
176,8,97
177,8,906
178,8,845
179,8,118
180,8,972
181,8,890
182,8,533
183,8,215
184,8,264
185,8,267
186,8,856
187,8,85
188,8,547
189,8,874
190,8,228
191,8,437
192,8,560
193,8,515
194,8,648
195,8,904
196,8,197
197,8,877
198,8,903
199,8,367
200,8,824
201,8,499
202,8,696
203,8,133
204,8,464
205,8,105
206,8,392
207,8,294
208,8,695
209,8,474
210,8,145
211,8,666
212,8,390
213,8,84
214,8,408
215,8,115
216,8,919
217,8,772
218,8,410
219,8,386
220,8,1000
221,8,301
222,8,315
223,8,204
224,8,303
225,8,203
226,8,445
227,8,982
228,8,744
229,8,229
230,8,506
231,8,61
232,8,449
233,8,470
234,8,534
235,8,219
236,8,785
237,8,9
238,8,195
239,8,376
240,8,443
241,8,586
242,8,750
243,8,822
244,8,532
245,8,293
246,8,502
247,8,561
248,8,266
249,8,349
250,8,326
251,8,1005
252,8,15
253,8,199
254,8,12
255,8,545
256,8,40
257,8,667
258,8,201
259,8,883
260,8,256
261,8,569
262,8,541
263,8,151
264,8,746
265,8,433
266,8,127
267,8,620
268,8,331
269,8,242
270,8,259
271,8,599
272,8,715
273,8,347
274,8,368
275,8,155
276,8,440
277,8,647
278,8,181
279,8,697
280,8,1014
281,8,202
282,8,217
283,8,842
284,8,901
285,8,585
286,8,911
287,8,463
288,8,806
289,8,791
290,8,748
291,8,298
292,8,664
293,8,277
294,8,469
295,8,691
296,8,404
297,8,535
298,8,121
299,8,39
300,8,207
301,8,178
302,8,200
303,8,879
304,8,23
305,8,941
306,8,587
307,8,135
308,8,237
309,8,167
310,8,851
311,8,205
312,8,475
313,8,628
314,8,486
315,8,589
316,8,91
317,8,471
318,8,595
319,8,1012
320,8,333
321,8,382
322,8,633
323,8,590
324,8,138
325,8,208
326,8,327
327,8,684
328,8,304
329,8,227
330,8,521
331,8,605
332,8,1004
333,8,226
334,8,983
335,8,755
336,8,231
337,8,310
338,8,129
339,8,701
340,8,700
341,8,584
342,8,116
343,8,614
344,8,507
345,8,967
346,8,255
347,8,782
348,8,709
349,8,976
350,8,137
351,8,765
352,8,888
353,8,725
354,8,284
355,8,393
356,8,348
357,8,665
358,8,257
359,8,496
360,8,139
361,8,598
362,8,843
363,8,823
364,8,309
365,8,1008
366,8,305
367,8,458
368,8,881
369,8,739
370,8,209
371,8,922
372,8,353
373,8,663
374,8,45
375,8,826
376,8,810
377,8,120
378,8,630
379,8,134
380,8,693
381,8,878
382,8,880
383,8,422
384,8,358
385,8,78
386,8,539
387,8,723
388,8,859
389,8,225
390,8,52
391,8,840
392,8,323
393,8,627
394,8,407
395,8,344
396,8,426
397,8,944
398,8,652
399,8,424
0,9,710
1,9,566
2,9,585
3,9,410
4,9,911
5,9,954
6,9,902
7,9,519
8,9,277
9,9,656
10,9,485
11,9,629
12,9,820
13,9,754
14,9,323
15,9,618
16,9,720
17,9,595
18,9,431
19,9,556
20,9,628
21,9,450
22,9,223
23,9,215
24,9,758
25,9,783
26,9,694
27,9,412
28,9,934
29,9,176
30,9,872
31,9,294
32,9,977
33,9,603
34,9,942
35,9,369
36,9,554
37,9,798
38,9,344
39,9,371
40,9,945
41,9,909
42,9,854
43,9,211
44,9,364
45,9,402
46,9,473
47,9,699
48,9,681
49,9,796
50,9,181
51,9,237
52,9,494
53,9,356
54,9,941
55,9,793
56,9,522
57,9,301
58,9,42
59,9,857
60,9,335
61,9,407
62,9,293
63,9,784
64,9,684
65,9,939
66,9,405
67,9,651
68,9,490
69,9,744
70,9,349
71,9,421
72,9,652
73,9,502
74,9,324
75,9,279
76,9,551
77,9,214
78,9,884
79,9,536
80,9,377
81,9,290
82,9,600
83,9,712
84,9,505
85,9,747
86,9,413
87,9,302
88,9,691
89,9,805
90,9,266
91,9,653
92,9,409
93,9,281
94,9,491
95,9,815
96,9,303
97,9,886
98,9,689
99,9,624
100,9,839
101,9,555
102,9,666
103,9,435
104,9,814
105,9,650
106,9,131
107,9,242
108,9,546
109,9,570
110,9,700
111,9,523
112,9,568
113,9,817
114,9,524
115,9,418
116,9,331
117,9,306
118,9,514
119,9,623
120,9,819
121,9,434
122,9,357
123,9,881
124,9,66
125,9,565
126,9,245
127,9,105
128,9,903
129,9,217
130,9,178
131,9,1008
132,9,155
133,9,518
134,9,717
135,9,457
136,9,888
137,9,426
138,9,116
139,9,752
140,9,104
141,9,889
142,9,445
143,9,146
144,9,205
145,9,823
146,9,709
147,9,184
148,9,147
149,9,240
150,9,509
151,9,550
152,9,401
153,9,667
154,9,370
155,9,175
156,9,449
157,9,980
158,9,809
159,9,631
160,9,273
161,9,760
162,9,533
163,9,256
164,9,437
165,9,267
166,9,433
167,9,714
168,9,367
169,9,842
170,9,493
171,9,599
172,9,438
173,9,396
174,9,586
175,9,719
176,9,65
177,9,907
178,9,813
179,9,117
180,9,971
181,9,922
182,9,532
183,9,216
184,9,263
185,9,235
186,9,855
187,9,85
188,9,515
189,9,873
190,9,229
191,9,436
192,9,528
193,9,516
194,9,647
195,9,905
196,9,197
197,9,845
198,9,904
199,9,368
200,9,792
201,9,531
202,9,728
203,9,132
204,9,432
205,9,73
206,9,393
207,9,326
208,9,696
209,9,506
210,9,145
211,9,665
212,9,422
213,9,84
214,9,376
215,9,114
216,9,919
217,9,772
218,9,442
219,9,386
220,9,1001
221,9,333
222,9,316
223,9,236
224,9,304
225,9,202
226,9,477
227,9,983
228,9,745
229,9,261
230,9,507
231,9,60
232,9,417
233,9,469
234,9,535
235,9,219
236,9,753
237,9,10
238,9,227
239,9,375
240,9,443
241,9,587
242,9,751
243,9,822
244,9,564
245,9,325
246,9,534
247,9,560
248,9,298
249,9,350
250,9,327
251,9,1006
252,9,16
253,9,200
254,9,13
255,9,513
256,9,41
257,9,668
258,9,201
259,9,882
260,9,224
261,9,601
262,9,573
263,9,183
264,9,746
265,9,465
266,9,127
267,9,588
268,9,299
269,9,274
270,9,291
271,9,598
272,9,716
273,9,315
274,9,400
275,9,154
276,9,439
277,9,615
278,9,213
279,9,698
280,9,982
281,9,234
282,9,218
283,9,874
284,9,869
285,9,553
286,9,943
287,9,464
288,9,807
289,9,790
290,9,748
291,9,297
292,9,663
293,9,276
294,9,501
295,9,692
296,9,403
297,9,503
298,9,120
299,9,40
300,9,206
301,9,210
302,9,168
303,9,847
304,9,55
305,9,940
306,9,619
307,9,167
308,9,269
309,9,199
310,9,852
311,9,204
312,9,474
313,9,596
314,9,487
315,9,621
316,9,123
317,9,470
318,9,627
319,9,1013
320,9,334
321,9,414
322,9,632
323,9,558
324,9,106
325,9,207
326,9,328
327,9,685
328,9,272
329,9,259
330,9,489
331,9,606
332,9,1005
333,9,226
334,9,984
335,9,723
336,9,230
337,9,278
338,9,130
339,9,701
340,9,732
341,9,616
342,9,148
343,9,613
344,9,475
345,9,968
346,9,287
347,9,750
348,9,708
349,9,976
350,9,138
351,9,733
352,9,887
353,9,724
354,9,284
355,9,394
356,9,380
357,9,697
358,9,289
359,9,497
360,9,139
361,9,597
362,9,875
363,9,791
364,9,310
365,9,1009
366,9,305
367,9,459
368,9,880
369,9,707
370,9,208
371,9,923
372,9,321
373,9,662
374,9,45
375,9,826
376,9,811
377,9,119
378,9,630
379,9,166
380,9,661
381,9,877
382,9,879
383,9,454
384,9,390
385,9,110
386,9,538
387,9,722
388,9,891
389,9,257
390,9,52
391,9,841
392,9,355
393,9,659
394,9,408
395,9,345
396,9,458
397,9,944
398,9,620
399,9,392
0,10,678
1,10,566
2,10,586
3,10,409
4,10,879
5,10,954
6,10,934
7,10,551
8,10,276
9,10,624
10,10,485
11,10,597
12,10,821
13,10,786
14,10,355
15,10,617
16,10,688
17,10,595
18,10,463
19,10,557
20,10,627
21,10,418
22,10,255
23,10,214
24,10,757
25,10,784
26,10,662
27,10,413
28,10,933
29,10,144
30,10,840
31,10,326
32,10,978
33,10,571
34,10,941
35,10,369
36,10,555
37,10,766
38,10,376
39,10,370
40,10,944
41,10,910
42,10,822
43,10,210
44,10,363
45,10,403
46,10,505
47,10,667
48,10,682
49,10,797
50,10,149
51,10,269
52,10,526
53,10,324
54,10,940
55,10,825
56,10,554
57,10,333
58,10,43
59,10,856
60,10,367
61,10,439
62,10,294
63,10,816
64,10,652
65,10,939
66,10,405
67,10,683
68,10,491
69,10,745
70,10,348
71,10,421
72,10,651
73,10,534
74,10,325
75,10,279
76,10,583
77,10,246
78,10,883
79,10,535
80,10,377
81,10,322
82,10,599
83,10,711
84,10,506
85,10,748
86,10,445
87,10,302
88,10,691
89,10,806
90,10,298
91,10,621
92,10,441
93,10,281
94,10,523
95,10,815
96,10,303
97,10,885
98,10,657
99,10,623
100,10,838
101,10,587
102,10,665
103,10,434
104,10,782
105,10,649
106,10,130
107,10,241
108,10,547
109,10,602
110,10,699
111,10,522
112,10,536
113,10,818
114,10,525
115,10,386
116,10,332
117,10,306
118,10,513
119,10,655
120,10,851
121,10,433
122,10,358
123,10,849
124,10,34
125,10,565
126,10,213
127,10,137
128,10,904
129,10,249
130,10,177
131,10,1009
132,10,154
133,10,518
134,10,685
135,10,457
136,10,887
137,10,458
138,10,115
139,10,720
140,10,105
141,10,888
142,10,444
143,10,114
144,10,173
145,10,791
146,10,710
147,10,216
148,10,146
149,10,208
150,10,541
151,10,550
152,10,402
153,10,668
154,10,338
155,10,176
156,10,417
157,10,980
158,10,810
159,10,630
160,10,273
161,10,728
162,10,501
163,10,257
164,10,436
165,10,266
166,10,401
167,10,714
168,10,366
169,10,843
170,10,494
171,10,567
172,10,437
173,10,364
174,10,618
175,10,719
176,10,33
177,10,907
178,10,845
179,10,116
180,10,1003
181,10,921
182,10,531
183,10,217
184,10,263
185,10,235
186,10,854
187,10,85
188,10,514
189,10,872
190,10,261
191,10,435
192,10,496
193,10,517
194,10,615
195,10,906
196,10,229
197,10,877
198,10,905
199,10,368
200,10,760
201,10,563
202,10,727
203,10,131
204,10,400
205,10,74
206,10,361
207,10,327
208,10,664
209,10,538
210,10,145
211,10,697
212,10,454
213,10,84
214,10,375
215,10,113
216,10,919
217,10,772
218,10,474
219,10,354
220,10,1002
221,10,334
222,10,284
223,10,237
224,10,272
225,10,201
226,10,509
227,10,984
228,10,713
229,10,293
230,10,507
231,10,28
232,10,385
233,10,468
234,10,503
235,10,219
236,10,721
237,10,11
238,10,259
239,10,374
240,10,442
241,10,619
242,10,752
243,10,823
244,10,532
245,10,357
246,10,533
247,10,559
248,10,299
249,10,318
250,10,328
251,10,1007
252,10,48
253,10,168
254,10,14
255,10,481
256,10,42
257,10,700
258,10,200
259,10,914
260,10,225
261,10,600
262,10,605
263,10,184
264,10,747
265,10,497
266,10,127
267,10,556
268,10,267
269,10,274
270,10,292
271,10,598
272,10,684
273,10,316
274,10,399
275,10,153
276,10,438
277,10,614
278,10,181
279,10,730
280,10,983
281,10,233
282,10,218
283,10,842
284,10,837
285,10,521
286,10,942
287,10,465
288,10,808
289,10,758
290,10,716
291,10,265
292,10,663
293,10,244
294,10,502
295,10,693
296,10,404
297,10,471
298,10,119
299,10,41
300,10,205
301,10,242
302,10,136
303,10,848
304,10,87
305,10,908
306,10,620
307,10,166
308,10,301
309,10,231
310,10,820
311,10,236
312,10,475
313,10,564
314,10,519
315,10,622
316,10,122
317,10,469
318,10,659
319,10,981
320,10,335
321,10,414
322,10,631
323,10,558
324,10,106
325,10,206
326,10,329
327,10,686
328,10,240
329,10,291
330,10,490
331,10,574
332,10,1006
333,10,227
334,10,952
335,10,722
336,10,230
337,10,277
338,10,98
339,10,701
340,10,731
341,10,648
342,10,147
343,10,581
344,10,443
345,10,1000
346,10,319
347,10,751
348,10,707
349,10,976
350,10,170
351,10,732
352,10,886
353,10,723
354,10,283
355,10,394
356,10,412
357,10,698
358,10,321
359,10,498
360,10,138
361,10,596
362,10,875
363,10,790
364,10,311
365,10,1010
366,10,304
367,10,460
368,10,880
369,10,675
370,10,207
371,10,922
372,10,320
373,10,661
374,10,45
375,10,826
376,10,812
377,10,118
378,10,629
379,10,165
380,10,660
381,10,876
382,10,878
383,10,486
384,10,422
385,10,142
386,10,537
387,10,754
388,10,892
389,10,289
390,10,52
391,10,873
392,10,356
393,10,658
394,10,440
395,10,346
396,10,459
397,10,943
398,10,588
399,10,393
0,11,678
1,11,534
2,11,587
3,11,409
4,11,847
5,11,954
6,11,966
7,11,583
8,11,244
9,11,592
10,11,485
11,11,565
12,11,822
13,11,785
14,11,387
15,11,649
16,11,656
17,11,596
18,11,462
19,11,558
20,11,626
21,11,417
22,11,287
23,11,214
24,11,725
25,11,752
26,11,663
27,11,381
28,11,901
29,11,144
30,11,808
31,11,325
32,11,979
33,11,539
34,11,940
35,11,370
36,11,554
37,11,765
38,11,408
39,11,371
40,11,943
41,11,878
42,11,823
43,11,209
44,11,362
45,11,402
46,11,537
47,11,635
48,11,683
49,11,798
50,11,181
51,11,269
52,11,526
53,11,356
54,11,939
55,11,857
56,11,522
57,11,301
58,11,44
59,11,824
60,11,399
61,11,471
62,11,326
63,11,848
64,11,651
65,11,971
66,11,404
67,11,715
68,11,523
69,11,746
70,11,380
71,11,422
72,11,650
73,11,502
74,11,293
75,11,311
76,11,615
77,11,245
78,11,882
79,11,567
80,11,377
81,11,354
82,11,598
83,11,679
84,11,474
85,11,749
86,11,477
87,11,334
88,11,723
89,11,807
90,11,297
91,11,589
92,11,473
93,11,313
94,11,555
95,11,816
96,11,335
97,11,884
98,11,625
99,11,622
100,11,870
101,11,619
102,11,664
103,11,433
104,11,783
105,11,648
106,11,131
107,11,240
108,11,515
109,11,601
110,11,667
111,11,521
112,11,504
113,11,819
114,11,525
115,11,418
116,11,333
117,11,274
118,11,481
119,11,655
120,11,883
121,11,432
122,11,390
123,11,817
124,11,35
125,11,533
126,11,212
127,11,138
128,11,905
129,11,281
130,11,176
131,11,1010
132,11,122
133,11,519
134,11,653
135,11,458
136,11,886
137,11,459
138,11,114
139,11,688
140,11,73
141,11,856
142,11,476
143,11,113
144,11,173
145,11,790
146,11,711
147,11,215
148,11,145
149,11,207
150,11,573
151,11,550
152,11,434
153,11,669
154,11,306
155,11,208
156,11,385
157,11,981
158,11,778
159,11,629
160,11,272
161,11,696
162,11,469
163,11,225
164,11,435
165,11,265
166,11,401
167,11,713
168,11,398
169,11,844
170,11,494
171,11,568
172,11,437
173,11,363
174,11,617
175,11,720
176,11,1
177,11,908
178,11,845
179,11,115
180,11,1004
181,11,921
182,11,531
183,11,249
184,11,263
185,11,267
186,11,854
187,11,85
188,11,482
189,11,840
190,11,261
191,11,467
192,11,464
193,11,517
194,11,614
195,11,938
196,11,229
197,11,909
198,11,906
199,11,369
200,11,728
201,11,595
202,11,727
203,11,163
204,11,368
205,11,106
206,11,361
207,11,295
208,11,632
209,11,570
210,11,177
211,11,698
212,11,486
213,11,116
214,11,376
215,11,112
216,11,887
217,11,772
218,11,475
219,11,386
220,11,1003
221,11,366
222,11,252
223,11,238
224,11,304
225,11,200
226,11,541
227,11,985
228,11,681
229,11,294
230,11,506
231,11,27
232,11,353
233,11,436
234,11,535
235,11,219
236,11,689
237,11,12
238,11,291
239,11,373
240,11,410
241,11,620
242,11,753
243,11,855
244,11,564
245,11,358
246,11,532
247,11,527
248,11,298
249,11,318
250,11,329
251,11,1008
252,11,49
253,11,136
254,11,15
255,11,449
256,11,10
257,11,732
258,11,199
259,11,913
260,11,193
261,11,599
262,11,637
263,11,185
264,11,748
265,11,465
266,11,127
267,11,524
268,11,266
269,11,242
270,11,324
271,11,566
272,11,684
273,11,284
274,11,431
275,11,153
276,11,406
277,11,613
278,11,213
279,11,762
280,11,951
281,11,201
282,11,217
283,11,841
284,11,805
285,11,489
286,11,941
287,11,466
288,11,809
289,11,757
290,11,716
291,11,233
292,11,631
293,11,243
294,11,503
295,11,694
296,11,403
297,11,470
298,11,118
299,11,42
300,11,237
301,11,241
302,11,137
303,11,849
304,11,119
305,11,876
306,11,652
307,11,165
308,11,302
309,11,231
310,11,821
311,11,236
312,11,443
313,11,563
314,11,551
315,11,621
316,11,121
317,11,468
318,11,659
319,11,982
320,11,367
321,11,413
322,11,630
323,11,559
324,11,105
325,11,205
326,11,330
327,11,687
328,11,239
329,11,323
330,11,490
331,11,542
332,11,1007
333,11,259
334,11,920
335,11,721
336,11,230
337,11,276
338,11,99
339,11,701
340,11,763
341,11,680
342,11,146
343,11,580
344,11,442
345,11,1001
346,11,351
347,11,719
348,11,706
349,11,976
350,11,171
351,11,731
352,11,885
353,11,722
354,11,315
355,11,394
356,11,444
357,11,730
358,11,322
359,11,499
360,11,139
361,11,597
362,11,907
363,11,758
364,11,343
365,11,1011
366,11,303
367,11,428
368,11,879
369,11,674
370,11,206
371,11,922
372,11,288
373,11,660
374,11,45
375,11,826
376,11,813
377,11,117
378,11,661
379,11,164
380,11,628
381,11,875
382,11,877
383,11,518
384,11,454
385,11,174
386,11,569
387,11,786
388,11,892
389,11,321
390,11,84
391,11,874
392,11,388
393,11,690
394,11,472
395,11,347
396,11,491
397,11,942
398,11,556
399,11,393
0,12,679
1,12,535
2,12,555
3,12,408
4,12,848
5,12,954
6,12,967
7,12,584
8,12,276
9,12,592
10,12,517
11,12,533
12,12,823
13,12,786
14,12,388
15,12,617
16,12,688
17,12,628
18,12,494
19,12,526
20,12,625
21,12,385
22,12,319
23,12,214
24,12,724
25,12,752
26,12,664
27,12,349
28,12,901
29,12,176
30,12,809
31,12,357
32,12,980
33,12,507
34,12,939
35,12,371
36,12,522
37,12,733
38,12,440
39,12,403
40,12,942
41,12,879
42,12,824
43,12,209
44,12,361
45,12,401
46,12,569
47,12,603
48,12,683
49,12,766
50,12,213
51,12,237
52,12,527
53,12,356
54,12,938
55,12,856
56,12,523
57,12,269
58,12,45
59,12,792
60,12,398
61,12,471
62,12,358
63,12,849
64,12,650
65,12,971
66,12,404
67,12,715
68,12,524
69,12,747
70,12,379
71,12,423
72,12,618
73,12,534
74,12,325
75,12,343
76,12,615
77,12,244
78,12,881
79,12,599
80,12,377
81,12,355
82,12,597
83,12,647
84,12,442
85,12,750
86,12,509
87,12,335
88,12,755
89,12,808
90,12,329
91,12,588
92,12,505
93,12,313
94,12,554
95,12,816
96,12,303
97,12,883
98,12,624
99,12,590
100,12,902
101,12,651
102,12,632
103,12,465
104,12,784
105,12,648
106,12,132
107,12,239
108,12,483
109,12,600
110,12,635
111,12,520
112,12,472
113,12,820
114,12,525
115,12,450
116,12,334
117,12,242
118,12,449
119,12,656
120,12,882
121,12,431
122,12,422
123,12,785
124,12,36
125,12,501
126,12,211
127,12,138
128,12,906
129,12,280
130,12,208
131,12,1011
132,12,121
133,12,519
134,12,621
135,12,426
136,12,885
137,12,491
138,12,113
139,12,720
140,12,74
141,12,855
142,12,508
143,12,81
144,12,141
145,12,758
146,12,743
147,12,215
148,12,144
149,12,207
150,12,605
151,12,549
152,12,466
153,12,670
154,12,274
155,12,240
156,12,353
157,12,982
158,12,746
159,12,661
160,12,272
161,12,695
162,12,470
163,12,193
164,12,434
165,12,264
166,12,369
167,12,745
168,12,430
169,12,812
170,12,493
171,12,536
172,12,469
173,12,363
174,12,616
175,12,721
176,12,2
177,12,909
178,12,877
179,12,114
180,12,972
181,12,921
182,12,563
183,12,281
184,12,231
185,12,299
186,12,854
187,12,85
188,12,481
189,12,839
190,12,293
191,12,435
192,12,432
193,12,518
194,12,613
195,12,970
196,12,261
197,12,941
198,12,907
199,12,370
200,12,696
201,12,594
202,12,728
203,12,195
204,12,336
205,12,107
206,12,393
207,12,263
208,12,633
209,12,602
210,12,178
211,12,666
212,12,485
213,12,115
214,12,344
215,12,80
216,12,886
217,12,772
218,12,474
219,12,418
220,12,1004
221,12,366
222,12,220
223,12,206
224,12,305
225,12,199
226,12,573
227,12,986
228,12,649
229,12,326
230,12,506
231,12,27
232,12,321
233,12,437
234,12,567
235,12,219
236,12,657
237,12,13
238,12,323
239,12,373
240,12,409
241,12,620
242,12,753
243,12,887
244,12,565
245,12,390
246,12,564
247,12,559
248,12,266
249,12,318
250,12,330
251,12,1009
252,12,50
253,12,137
254,12,16
255,12,417
256,12,11
257,12,731
258,12,167
259,12,945
260,12,161
261,12,598
262,12,669
263,12,186
264,12,780
265,12,464
266,12,127
267,12,492
268,12,234
269,12,210
270,12,324
271,12,566
272,12,652
273,12,285
274,12,463
275,12,185
276,12,405
277,12,581
278,12,245
279,12,794
280,12,951
281,12,233
282,12,216
283,12,840
284,12,804
285,12,457
286,12,940
287,12,467
288,12,810
289,12,725
290,12,684
291,12,265
292,12,630
293,12,243
294,12,504
295,12,662
296,12,402
297,12,502
298,12,117
299,12,43
300,12,236
301,12,273
302,12,105
303,12,817
304,12,151
305,12,844
306,12,653
307,12,197
308,12,301
309,12,230
310,12,822
311,12,204
312,12,443
313,12,595
314,12,583
315,12,622
316,12,120
317,12,436
318,12,658
319,12,983
320,12,368
321,12,412
322,12,629
323,12,560
324,12,73
325,12,173
326,12,331
327,12,655
328,12,238
329,12,322
330,12,458
331,12,510
332,12,1008
333,12,291
334,12,888
335,12,689
336,12,229
337,12,308
338,12,100
339,12,701
340,12,795
341,12,681
342,12,145
343,12,548
344,12,410
345,12,1002
346,12,350
347,12,687
348,12,705
349,12,976
350,12,172
351,12,699
352,12,884
353,12,690
354,12,347
355,12,362
356,12,476
357,12,762
358,12,354
359,12,499
360,12,139
361,12,596
362,12,908
363,12,757
364,12,375
365,12,1012
366,12,302
367,12,396
368,12,911
369,12,642
370,12,205
371,12,922
372,12,256
373,12,659
374,12,46
375,12,826
376,12,814
377,12,116
378,12,660
379,12,163
380,12,627
381,12,843
382,12,876
383,12,550
384,12,486
385,12,175
386,12,568
387,12,818
388,12,892
389,12,289
390,12,84
391,12,875
392,12,420
393,12,691
394,12,473
395,12,348
396,12,490
397,12,974
398,12,557
399,12,394
0,13,680
1,13,534
2,13,523
3,13,440
4,13,849
5,13,954
6,13,999
7,13,585
8,13,244
9,13,560
10,13,518
11,13,501
12,13,824
13,13,786
14,13,420
15,13,618
16,13,720
17,13,660
18,13,493
19,13,527
20,13,624
21,13,353
22,13,318
23,13,213
24,13,723
25,13,751
26,13,632
27,13,349
28,13,901
29,13,175
30,13,777
31,13,358
32,13,981
33,13,475
34,13,939
35,13,339
36,13,522
37,13,701
38,13,439
39,13,435
40,13,974
41,13,847
42,13,792
43,13,208
44,13,362
45,13,400
46,13,601
47,13,571
48,13,684
49,13,767
50,13,245
51,13,269
52,13,559
53,13,357
54,13,970
55,13,855
56,13,524
57,13,301
58,13,46
59,13,791
60,13,430
61,13,471
62,13,390
63,13,850
64,13,649
65,13,971
66,13,403
67,13,715
68,13,525
69,13,748
70,13,378
71,13,424
72,13,650
73,13,566
74,13,325
75,13,375
76,13,616
77,13,243
78,13,880
79,13,598
80,13,376
81,13,356
82,13,596
83,13,646
84,13,442
85,13,750
86,13,541
87,13,303
88,13,787
89,13,809
90,13,361
91,13,556
92,13,537
93,13,312
94,13,586
95,13,817
96,13,304
97,13,883
98,13,592
99,13,589
100,13,934
101,13,651
102,13,600
103,13,464
104,13,784
105,13,647
106,13,133
107,13,239
108,13,451
109,13,599
110,13,603
111,13,521
112,13,472
113,13,821
114,13,526
115,13,449
116,13,335
117,13,241
118,13,417
119,13,657
120,13,881
121,13,399
122,13,454
123,13,753
124,13,37
125,13,469
126,13,210
127,13,137
128,13,907
129,13,279
130,13,240
131,13,1012
132,13,120
133,13,520
134,13,653
135,13,426
136,13,884
137,13,491
138,13,145
139,13,752
140,13,75
141,13,823
142,13,540
143,13,113
144,13,141
145,13,757
146,13,744
147,13,214
148,13,144
149,13,206
150,13,637
151,13,550
152,13,466
153,13,638
154,13,274
155,13,272
156,13,321
157,13,983
158,13,747
159,13,693
160,13,273
161,13,663
162,13,438
163,13,194
164,13,433
165,13,263
166,13,370
167,13,745
168,13,429
169,13,813
170,13,461
171,13,536
172,13,468
173,13,363
174,13,648
175,13,722
176,13,3
177,13,910
178,13,878
179,13,146
180,13,1004
181,13,921
182,13,562
183,13,313
184,13,230
185,13,299
186,13,886
187,13,85
188,13,481
189,13,807
190,13,294
191,13,434
192,13,431
193,13,519
194,13,612
195,13,969
196,13,293
197,13,942
198,13,908
199,13,371
200,13,664
201,13,626
202,13,760
203,13,227
204,13,336
205,13,108
206,13,392
207,13,295
208,13,665
209,13,602
210,13,179
211,13,666
212,13,517
213,13,114
214,13,344
215,13,48
216,13,885
217,13,772
218,13,473
219,13,450
220,13,1005
221,13,366
222,13,188
223,13,238
224,13,306
225,13,231
226,13,605
227,13,987
228,13,617
229,13,326
230,13,474
231,13,27
232,13,289
233,13,437
234,13,567
235,13,219
236,13,658
237,13,13
238,13,323
239,13,405
240,13,377
241,13,588
242,13,721
243,13,888
244,13,533
245,13,422
246,13,564
247,13,558
248,13,234
249,13,317
250,13,331
251,13,1010
252,13,51
253,13,105
254,13,16
255,13,385
256,13,12
257,13,763
258,13,135
259,13,944
260,13,129
261,13,630
262,13,668
263,13,187
264,13,781
265,13,432
266,13,127
267,13,460
268,13,202
269,13,242
270,13,324
271,13,565
272,13,620
273,13,253
274,13,462
275,13,217
276,13,404
277,13,549
278,13,277
279,13,795
280,13,951
281,13,265
282,13,216
283,13,839
284,13,803
285,13,458
286,13,972
287,13,467
288,13,810
289,13,724
290,13,652
291,13,266
292,13,631
293,13,211
294,13,504
295,13,662
296,13,401
297,13,503
298,13,116
299,13,44
300,13,235
301,13,305
302,13,73
303,13,785
304,13,183
305,13,812
306,13,654
307,13,197
308,13,302
309,13,229
310,13,790
311,13,236
312,13,443
313,13,563
314,13,615
315,13,621
316,13,119
317,13,436
318,13,659
319,13,984
320,13,369
321,13,444
322,13,661
323,13,528
324,13,41
325,13,205
326,13,332
327,13,656
328,13,237
329,13,354
330,13,459
331,13,478
332,13,1009
333,13,291
334,13,856
335,13,689
336,13,228
337,13,276
338,13,101
339,13,700
340,13,827
341,13,682
342,13,177
343,13,516
344,13,410
345,13,1003
346,13,382
347,13,688
348,13,737
349,13,976
350,13,173
351,13,667
352,13,916
353,13,690
354,13,379
355,13,394
356,13,508
357,13,794
358,13,355
359,13,499
360,13,138
361,13,628
362,13,909
363,13,725
364,13,407
365,13,980
366,13,334
367,13,364
368,13,879
369,13,610
370,13,204
371,13,922
372,13,257
373,13,627
374,13,14
375,13,826
376,13,782
377,13,115
378,13,692
379,13,195
380,13,595
381,13,842
382,13,876
383,13,551
384,13,486
385,13,207
386,13,568
387,13,819
388,13,892
389,13,290
390,13,84
391,13,875
392,13,421
393,13,691
394,13,505
395,13,316
396,13,490
397,13,973
398,13,557
399,13,393
0,14,681
1,14,502
2,14,524
3,14,439
4,14,850
5,14,954
6,14,1000
7,14,586
8,14,245
9,14,561
10,14,550
11,14,469
12,14,792
13,14,786
14,14,421
15,14,618
16,14,688
17,14,692
18,14,492
19,14,528
20,14,623
21,14,321
22,14,350
23,14,212
24,14,722
25,14,719
26,14,600
27,14,317
28,14,901
29,14,175
30,14,745
31,14,390
32,14,1013
33,14,443
34,14,939
35,14,340
36,14,522
37,14,701
38,14,471
39,14,467
40,14,973
41,14,847
42,14,760
43,14,207
44,14,330
45,14,432
46,14,633
47,14,570
48,14,685
49,14,767
50,14,277
51,14,301
52,14,559
53,14,357
54,14,969
55,14,887
56,14,525
57,14,302
58,14,47
59,14,790
60,14,429
61,14,472
62,14,422
63,14,851
64,14,648
65,14,1003
66,14,402
67,14,747
68,14,526
69,14,749
70,14,377
71,14,424
72,14,649
73,14,565
74,14,326
75,14,375
76,14,584
77,14,211
78,14,848
79,14,597
80,14,408
81,14,388
82,14,628
83,14,614
84,14,410
85,14,751
86,14,573
87,14,335
88,14,819
89,14,777
90,14,362
91,14,555
92,14,569
93,14,280
94,14,587
95,14,818
96,14,272
97,14,882
98,14,560
99,14,621
100,14,966
101,14,650
102,14,599
103,14,463
104,14,752
105,14,615
106,14,133
107,14,238
108,14,419
109,14,598
110,14,571
111,14,520
112,14,440
113,14,821
114,14,527
115,14,450
116,14,336
117,14,240
118,14,385
119,14,658
120,14,913
121,14,398
122,14,486
123,14,753
124,14,38
125,14,437
126,14,209
127,14,136
128,14,908
129,14,278
130,14,208
131,14,980
132,14,119
133,14,519
134,14,652
135,14,394
136,14,883
137,14,523
138,14,144
139,14,720
140,14,43
141,14,791
142,14,541
143,14,145
144,14,173
145,14,758
146,14,776
147,14,213
148,14,176
149,14,206
150,14,669
151,14,549
152,14,466
153,14,606
154,14,242
155,14,273
156,14,289
157,14,984
158,14,748
159,14,725
160,14,241
161,14,664
162,14,406
163,14,162
164,14,465
165,14,231
166,14,338
167,14,744
168,14,461
169,14,781
170,14,462
171,14,504
172,14,436
173,14,363
174,14,647
175,14,754
176,14,4
177,14,878
178,14,879
179,14,178
180,14,1005
181,14,921
182,14,594
183,14,313
184,14,229
185,14,299
186,14,885
187,14,84
188,14,449
189,14,775
190,14,295
191,14,433
192,14,399
193,14,551
194,14,580
195,14,968
196,14,294
197,14,974
198,14,909
199,14,339
200,14,632
201,14,625
202,14,728
203,14,259
204,14,368
205,14,109
206,14,392
207,14,263
208,14,666
209,14,601
210,14,179
211,14,698
212,14,517
213,14,113
214,14,312
215,14,16
216,14,884
217,14,772
218,14,473
219,14,482
220,14,1006
221,14,367
222,14,156
223,14,237
224,14,307
225,14,230
226,14,637
227,14,988
228,14,585
229,14,358
230,14,474
231,14,27
232,14,257
233,14,438
234,14,567
235,14,219
236,14,659
237,14,14
238,14,355
239,14,404
240,14,345
241,14,556
242,14,721
243,14,856
244,14,532
245,14,454
246,14,563
247,14,590
248,14,202
249,14,318
250,14,331
251,14,1011
252,14,52
253,14,106
254,14,15
255,14,353
256,14,13
257,14,795
258,14,134
259,14,943
260,14,97
261,14,629
262,14,667
263,14,188
264,14,782
265,14,431
266,14,127
267,14,428
268,14,170
269,14,243
270,14,325
271,14,564
272,14,588
273,14,254
274,14,494
275,14,216
276,14,403
277,14,548
278,14,309
279,14,796
280,14,951
281,14,264
282,14,215
283,14,838
284,14,802
285,14,459
286,14,971
287,14,468
288,14,811
289,14,723
290,14,620
291,14,266
292,14,630
293,14,210
294,14,505
295,14,662
296,14,400
297,14,535
298,14,115
299,14,45
300,14,234
301,14,304
302,14,41
303,14,785
304,14,184
305,14,780
306,14,686
307,14,197
308,14,303
309,14,261
310,14,822
311,14,236
312,14,442
313,14,531
314,14,616
315,14,653
316,14,118
317,14,435
318,14,660
319,14,952
320,14,370
321,14,476
322,14,693
323,14,496
324,14,40
325,14,204
326,14,333
327,14,656
328,14,205
329,14,386
330,14,460
331,14,477
332,14,1010
333,14,323
334,14,824
335,14,657
336,14,228
337,14,244
338,14,69
339,14,700
340,14,826
341,14,683
342,14,177
343,14,515
344,14,378
345,14,1004
346,14,414
347,14,689
348,14,737
349,14,976
350,14,174
351,14,635
352,14,915
353,14,690
354,14,380
355,14,393
356,14,509
357,14,793
358,14,356
359,14,499
360,14,137
361,14,627
362,14,910
363,14,757
364,14,407
365,14,981
366,14,366
367,14,332
368,14,880
369,14,578
370,14,203
371,14,922
372,14,225
373,14,626
374,14,46
375,14,794
376,14,783
377,14,147
378,14,724
379,14,227
380,14,595
381,14,810
382,14,875
383,14,583
384,14,518
385,14,239
386,14,568
387,14,820
388,14,892
389,14,291
390,14,116
391,14,907
392,14,453
393,14,691
394,14,537
395,14,284
396,14,458
397,14,972
398,14,558
399,14,361
0,15,649
1,15,502
2,15,525
3,15,471
4,15,851
5,15,954
6,15,1001
7,15,587
8,15,277
9,15,529
10,15,551
11,15,437
12,15,760
13,15,787
14,15,453
15,15,618
16,15,688
17,15,691
18,15,491
19,15,496
20,15,622
21,15,320
22,15,382
23,15,212
24,15,754
25,15,720
26,15,568
27,15,285
28,15,901
29,15,174
30,15,713
31,15,422
32,15,1013
33,15,442
34,15,940
35,15,308
36,15,523
37,15,733
38,15,470
39,15,466
40,15,972
41,15,848
42,15,728
43,15,175
44,15,329
45,15,431
46,15,632
47,15,538
48,15,686
49,15,767
50,15,309
51,15,302
52,15,560
53,15,358
54,15,968
55,15,886
56,15,526
57,15,334
58,15,48
59,15,758
60,15,461
61,15,473
62,15,454
63,15,819
64,15,680
65,15,971
66,15,401
67,15,779
68,15,527
69,15,781
70,15,376
71,15,423
72,15,617
73,15,597
74,15,327
75,15,407
76,15,616
77,15,210
78,15,880
79,15,629
80,15,409
81,15,420
82,15,627
83,15,613
84,15,378
85,15,752
86,15,605
87,15,336
88,15,820
89,15,778
90,15,394
91,15,554
92,15,569
93,15,281
94,15,619
95,15,818
96,15,272
97,15,914
98,15,561
99,15,620
100,15,967
101,15,650
102,15,598
103,15,463
104,15,753
105,15,614
106,15,134
107,15,237
108,15,387
109,15,630
110,15,539
111,15,521
112,15,408
113,15,822
114,15,528
115,15,450
116,15,304
117,15,208
118,15,353
119,15,659
120,15,945
121,15,399
122,15,487
123,15,785
124,15,39
125,15,405
126,15,209
127,15,168
128,15,909
129,15,246
130,15,207
131,15,981
132,15,118
133,15,520
134,15,651
135,15,426
136,15,882
137,15,555
138,15,176
139,15,721
140,15,11
141,15,791
142,15,542
143,15,113
144,15,172
145,15,757
146,15,777
147,15,213
148,15,177
149,15,205
150,15,701
151,15,550
152,15,465
153,15,574
154,15,241
155,15,305
156,15,257
157,15,952
158,15,749
159,15,693
160,15,240
161,15,664
162,15,374
163,15,130
164,15,433
165,15,199
166,15,306
167,15,776
168,15,493
169,15,782
170,15,462
171,15,472
172,15,435
173,15,363
174,15,646
175,15,755
176,15,5
177,15,877
178,15,878
179,15,178
180,15,973
181,15,921
182,15,626
183,15,345
184,15,261
185,15,331
186,15,884
187,15,52
188,15,417
189,15,743
190,15,295
191,15,432
192,15,367
193,15,583
194,15,580
195,15,1000
196,15,326
197,15,1006
198,15,910
199,15,340
200,15,600
201,15,657
202,15,727
203,15,291
204,15,368
205,15,77
206,15,424
207,15,231
208,15,667
209,15,633
210,15,211
211,15,666
212,15,549
213,15,112
214,15,311
215,15,16
216,15,916
217,15,772
218,15,505
219,15,514
220,15,1007
221,15,366
222,15,156
223,15,269
224,15,339
225,15,229
226,15,669
227,15,1020
228,15,553
229,15,390
230,15,474
231,15,27
232,15,225
233,15,406
234,15,599
235,15,219
236,15,660
237,15,15
238,15,356
239,15,404
240,15,344
241,15,557
242,15,689
243,15,857
244,15,532
245,15,486
246,15,562
247,15,589
248,15,170
249,15,318
250,15,332
251,15,1012
252,15,20
253,15,107
254,15,47
255,15,321
256,15,14
257,15,827
258,15,102
259,15,943
260,15,65
261,15,628
262,15,699
263,15,189
264,15,814
265,15,430
266,15,127
267,15,396
268,15,138
269,15,243
270,15,325
271,15,563
272,15,556
273,15,222
274,15,494
275,15,215
276,15,403
277,15,547
278,15,310
279,15,797
280,15,951
281,15,263
282,15,214
283,15,870
284,15,801
285,15,460
286,15,970
287,15,469
288,15,810
289,15,722
290,15,588
291,15,234
292,15,631
293,15,242
294,15,506
295,15,662
296,15,400
297,15,535
298,15,147
299,15,46
300,15,233
301,15,303
302,15,41
303,15,786
304,15,185
305,15,748
306,15,687
307,15,197
308,15,335
309,15,293
310,15,790
311,15,236
312,15,410
313,15,499
314,15,648
315,15,685
316,15,86
317,15,434
318,15,661
319,15,920
320,15,402
321,15,508
322,15,692
323,15,464
324,15,8
325,15,203
326,15,301
327,15,655
328,15,204
329,15,418
330,15,428
331,15,445
332,15,1011
333,15,355
334,15,792
335,15,656
336,15,228
337,15,244
338,15,70
339,15,700
340,15,825
341,15,684
342,15,145
343,15,483
344,15,346
345,15,1005
346,15,413
347,15,690
348,15,737
349,15,976
350,15,173
351,15,603
352,15,915
353,15,658
354,15,412
355,15,392
356,15,541
357,15,794
358,15,357
359,15,467
360,15,136
361,15,595
362,15,942
363,15,725
364,15,439
365,15,982
366,15,398
367,15,333
368,15,879
369,15,546
370,15,202
371,15,922
372,15,226
373,15,625
374,15,78
375,15,826
376,15,751
377,15,179
378,15,724
379,15,259
380,15,594
381,15,809
382,15,843
383,15,615
384,15,519
385,15,239
386,15,536
387,15,821
388,15,892
389,15,323
390,15,148
391,15,939
392,15,485
393,15,723
394,15,537
395,15,284
396,15,458
397,15,1004
398,15,559
399,15,362
0,16,617
1,16,534
2,16,526
3,16,470
4,16,819
5,16,954
6,16,1002
7,16,588
8,16,278
9,16,497
10,16,552
11,16,405
12,16,728
13,16,786
14,16,454
15,16,618
16,16,687
17,16,723
18,16,491
19,16,496
20,16,621
21,16,288
22,16,381
23,16,211
24,16,753
25,16,688
26,16,536
27,16,286
28,16,901
29,16,142
30,16,681
31,16,421
32,16,981
33,16,441
34,16,939
35,16,276
36,16,523
37,16,732
38,16,502
39,16,498
40,16,1004
41,16,849
42,16,696
43,16,207
44,16,297
45,16,463
46,16,631
47,16,506
48,16,686
49,16,767
50,16,341
51,16,334
52,16,592
53,16,390
54,16,967
55,16,885
56,16,527
57,16,333
58,16,49
59,16,758
60,16,460
61,16,474
62,16,486
63,16,818
64,16,712
65,16,972
66,16,400
67,16,811
68,16,528
69,16,749
70,16,375
71,16,423
72,16,616
73,16,596
74,16,328
75,16,439
76,16,648
77,16,210
78,16,879
79,16,628
80,16,409
81,16,420
82,16,626
83,16,612
84,16,346
85,16,720
86,16,637
87,16,304
88,16,852
89,16,779
90,16,426
91,16,522
92,16,568
93,16,249
94,16,651
95,16,817
96,16,273
97,16,882
98,16,561
99,16,619
100,16,999
101,16,649
102,16,597
103,16,462
104,16,752
105,16,614
106,16,134
107,16,236
108,16,355
109,16,629
110,16,538
111,16,489
112,16,376
113,16,790
114,16,529
115,16,451
116,16,305
117,16,176
118,16,321
119,16,660
120,16,944
121,16,431
122,16,519
123,16,784
124,16,40
125,16,404
126,16,209
127,16,167
128,16,910
129,16,245
130,16,239
131,16,982
132,16,117
133,16,521
134,16,650
135,16,458
136,16,881
137,16,587
138,16,175
139,16,689
140,16,12
141,16,823
142,16,541
143,16,114
144,16,173
145,16,757
146,16,745
147,16,212
148,16,145
149,16,204
150,16,733
151,16,550
152,16,466
153,16,542
154,16,241
155,16,306
156,16,225
157,16,952
158,16,750
159,16,692
160,16,208
161,16,664
162,16,342
163,16,98
164,16,465
165,16,199
166,16,307
167,16,808
168,16,525
169,16,783
170,16,461
171,16,473
172,16,434
173,16,363
174,16,645
175,16,787
176,16,6
177,16,909
178,16,877
179,16,177
180,16,973
181,16,921
182,16,625
183,16,377
184,16,293
185,16,331
186,16,883
187,16,20
188,16,385
189,16,743
190,16,327
191,16,432
192,16,366
193,16,583
194,16,580
195,16,968
196,16,326
197,16,1007
198,16,878
199,16,308
200,16,600
201,16,656
202,16,727
203,16,290
204,16,368
205,16,45
206,16,424
207,16,231
208,16,635
209,16,632
210,16,179
211,16,667
212,16,581
213,16,80
214,16,279
215,16,48
216,16,916
217,16,772
218,16,537
219,16,515
220,16,1008
221,16,398
222,16,156
223,16,269
224,16,339
225,16,261
226,16,668
227,16,1020
228,16,553
229,16,422
230,16,442
231,16,27
232,16,226
233,16,374
234,16,598
235,16,219
236,16,661
237,16,16
238,16,388
239,16,436
240,16,312
241,16,558
242,16,690
243,16,858
244,16,532
245,16,487
246,16,594
247,16,557
248,16,171
249,16,318
250,16,332
251,16,1013
252,16,21
253,16,108
254,16,47
255,16,289
256,16,15
257,16,826
258,16,70
259,16,942
260,16,33
261,16,627
262,16,731
263,16,190
264,16,815
265,16,429
266,16,127
267,16,364
268,16,137
269,16,243
270,16,357
271,16,562
272,16,524
273,16,223
274,16,493
275,16,214
276,16,371
277,16,546
278,16,311
279,16,797
280,16,951
281,16,295
282,16,246
283,16,869
284,16,769
285,16,428
286,16,969
287,16,469
288,16,810
289,16,721
290,16,556
291,16,234
292,16,599
293,16,242
294,16,507
295,16,630
296,16,399
297,16,535
298,16,147
299,16,46
300,16,265
301,16,335
302,16,41
303,16,754
304,16,186
305,16,716
306,16,719
307,16,229
308,16,336
309,16,292
310,16,791
311,16,235
312,16,378
313,16,467
314,16,647
315,16,717
316,16,87
317,16,433
318,16,662
319,16,888
320,16,403
321,16,540
322,16,724
323,16,464
324,16,8
325,16,202
326,16,302
327,16,623
328,16,203
329,16,450
330,16,396
331,16,477
332,16,1012
333,16,356
334,16,792
335,16,655
336,16,228
337,16,244
338,16,38
339,16,701
340,16,857
341,16,685
342,16,146
343,16,483
344,16,347
345,16,1005
346,16,445
347,16,691
348,16,737
349,16,976
350,16,174
351,16,571
352,16,914
353,16,657
354,16,444
355,16,392
356,16,573
357,16,795
358,16,358
359,16,468
360,16,135
361,16,563
362,16,974
363,16,693
364,16,471
365,16,983
366,16,430
367,16,301
368,16,847
369,16,545
370,16,201
371,16,922
372,16,194
373,16,624
374,16,77
375,16,794
376,16,751
377,16,178
378,16,725
379,16,291
380,16,595
381,16,777
382,16,842
383,16,615
384,16,520
385,16,240
386,16,504
387,16,822
388,16,892
389,16,324
390,16,149
391,16,971
392,16,517
393,16,755
394,16,569
395,16,285
396,16,490
397,16,1003
398,16,560
399,16,330
0,17,585
1,17,535
2,17,527
3,17,502
4,17,820
5,17,954
6,17,1002
7,17,589
8,17,277
9,17,465
10,17,553
11,17,373
12,17,696
13,17,786
14,17,486
15,17,650
16,17,719
17,17,755
18,17,523
19,17,497
20,17,620
21,17,256
22,17,380
23,17,210
24,17,785
25,17,656
26,17,537
27,17,287
28,17,901
29,17,142
30,17,649
31,17,453
32,17,981
33,17,440
34,17,907
35,17,244
36,17,555
37,17,731
38,17,534
39,17,499
40,17,1003
41,17,817
42,17,697
43,17,206
44,17,265
45,17,463
46,17,630
47,17,474
48,17,687
49,17,767
50,17,340
51,17,366
52,17,592
53,17,422
54,17,966
55,17,884
56,17,528
57,17,333
58,17,50
59,17,757
60,17,459
61,17,475
62,17,487
63,17,850
64,17,744
65,17,940
66,17,400
67,17,843
68,17,496
69,17,748
70,17,374
71,17,423
72,17,617
73,17,596
74,17,329
75,17,471
76,17,616
77,17,242
78,17,911
79,17,628
80,17,441
81,17,421
82,17,626
83,17,580
84,17,347
85,17,688
86,17,669
87,17,305
88,17,851
89,17,747
90,17,458
91,17,490
92,17,567
93,17,250
94,17,683
95,17,818
96,17,274
97,17,914
98,17,562
99,17,618
100,17,1000
101,17,648
102,17,597
103,17,494
104,17,784
105,17,614
106,17,102
107,17,235
108,17,356
109,17,629
110,17,506
111,17,489
112,17,377
113,17,758
114,17,529
115,17,450
116,17,306
117,17,175
118,17,289
119,17,660
120,17,943
121,17,430
122,17,551
123,17,783
124,17,41
125,17,405
126,17,208
127,17,166
128,17,878
129,17,213
130,17,240
131,17,983
132,17,116
133,17,520
134,17,651
135,17,457
136,17,880
137,17,619
138,17,207
139,17,689
140,17,13
141,17,791
142,17,542
143,17,114
144,17,173
145,17,725
146,17,746
147,17,212
148,17,145
149,17,203
150,17,732
151,17,550
152,17,498
153,17,510
154,17,273
155,17,338
156,17,193
157,17,952
158,17,750
159,17,724
160,17,176
161,17,632
162,17,310
163,17,98
164,17,433
165,17,167
166,17,308
167,17,807
168,17,557
169,17,782
170,17,461
171,17,473
172,17,434
173,17,331
174,17,677
175,17,788
176,17,38
177,17,910
178,17,877
179,17,209
180,17,973
181,17,921
182,17,624
183,17,409
184,17,293
185,17,299
186,17,882
187,17,20
188,17,353
189,17,743
190,17,328
191,17,431
192,17,367
193,17,615
194,17,581
195,17,967
196,17,326
197,17,1008
198,17,879
199,17,309
200,17,568
201,17,657
202,17,728
203,17,322
204,17,336
205,17,46
206,17,424
207,17,199
208,17,603
209,17,631
210,17,179
211,17,667
212,17,613
213,17,80
214,17,278
215,17,16
216,17,916
217,17,772
218,17,569
219,17,547
220,17,1009
221,17,398
222,17,156
223,17,301
224,17,371
225,17,260
226,17,700
227,17,1020
228,17,521
229,17,454
230,17,410
231,17,27
232,17,194
233,17,342
234,17,599
235,17,219
236,17,662
237,17,15
238,17,420
239,17,404
240,17,280
241,17,526
242,17,691
243,17,859
244,17,532
245,17,519
246,17,594
247,17,556
248,17,172
249,17,318
250,17,332
251,17,1014
252,17,22
253,17,109
254,17,48
255,17,257
256,17,14
257,17,858
258,17,69
259,17,941
260,17,34
261,17,627
262,17,763
263,17,222
264,17,816
265,17,429
266,17,127
267,17,363
268,17,105
269,17,211
270,17,358
271,17,563
272,17,525
273,17,223
274,17,492
275,17,215
276,17,403
277,17,545
278,17,343
279,17,797
280,17,951
281,17,294
282,17,214
283,17,869
284,17,737
285,17,396
286,17,968
287,17,470
288,17,842
289,17,720
290,17,524
291,17,234
292,17,600
293,17,241
294,17,508
295,17,598
296,17,399
297,17,536
298,17,146
299,17,47
300,17,264
301,17,334
302,17,9
303,17,722
304,17,187
305,17,684
306,17,751
307,17,261
308,17,304
309,17,324
310,17,790
311,17,267
312,17,379
313,17,466
314,17,679
315,17,749
316,17,119
317,17,432
318,17,663
319,17,856
320,17,435
321,17,540
322,17,723
323,17,464
324,17,8
325,17,201
326,17,303
327,17,655
328,17,202
329,17,482
330,17,364
331,17,509
332,17,1013
333,17,357
334,17,792
335,17,654
336,17,228
337,17,243
338,17,70
339,17,701
340,17,889
341,17,686
342,17,178
343,17,451
344,17,315
345,17,1005
346,17,477
347,17,692
348,17,736
349,17,976
350,17,174
351,17,539
352,17,913
353,17,625
354,17,443
355,17,392
356,17,605
357,17,796
358,17,390
359,17,467
360,17,134
361,17,531
362,17,1006
363,17,661
364,17,503
365,17,984
366,17,462
367,17,302
368,17,847
369,17,513
370,17,200
371,17,922
372,17,162
373,17,623
374,17,45
375,17,826
376,17,752
377,17,177
378,17,693
379,17,290
380,17,595
381,17,745
382,17,841
383,17,647
384,17,552
385,17,272
386,17,504
387,17,823
388,17,892
389,17,325
390,17,181
391,17,972
392,17,549
393,17,787
394,17,601
395,17,286
396,17,491
397,17,971
398,17,561
399,17,330
0,18,553
1,18,503
2,18,528
3,18,534
4,18,821
5,18,954
6,18,1003
7,18,590
8,18,277
9,18,464
10,18,554
11,18,341
12,18,696
13,18,786
14,18,487
15,18,618
16,18,720
17,18,787
18,18,522
19,18,465
20,18,619
21,18,257
22,18,379
23,18,242
24,18,784
25,18,655
26,18,538
27,18,287
28,18,901
29,18,142
30,18,648
31,18,454
32,18,949
33,18,408
34,18,875
35,18,276
36,18,523
37,18,763
38,18,566
39,18,531
40,18,971
41,18,785
42,18,665
43,18,174
44,18,264
45,18,462
46,18,629
47,18,442
48,18,686
49,18,767
50,18,340
51,18,367
52,18,592
53,18,423
54,18,934
55,18,883
56,18,529
57,18,332
58,18,51
59,18,757
60,18,491
61,18,476
62,18,519
63,18,849
64,18,743
65,18,908
66,18,399
67,18,844
68,18,496
69,18,748
70,18,406
71,18,424
72,18,649
73,18,596
74,18,330
75,18,472
76,18,616
77,18,243
78,18,910
79,18,627
80,18,473
81,18,453
82,18,625
83,18,548
84,18,315
85,18,689
86,18,701
87,18,306
88,18,850
89,18,715
90,18,426
91,18,458
92,18,599
93,18,251
94,18,684
95,18,818
96,18,274
97,18,915
98,18,561
99,18,617
100,18,1001
101,18,647
102,18,597
103,18,493
104,18,752
105,18,614
106,18,134
107,18,267
108,18,324
109,18,628
110,18,474
111,18,489
112,18,378
113,18,758
114,18,497
115,18,450
116,18,307
117,18,176
118,18,288
119,18,660
120,18,943
121,18,429
122,18,583
123,18,815
124,18,42
125,18,404
126,18,207
127,18,165
128,18,878
129,18,212
130,18,272
131,18,984
132,18,115
133,18,520
134,18,650
135,18,457
136,18,879
137,18,651
138,18,206
139,18,657
140,18,14
141,18,790
142,18,574
143,18,114
144,18,141
145,18,724
146,18,747
147,18,211
148,18,146
149,18,202
150,18,731
151,18,550
152,18,466
153,18,478
154,18,241
155,18,339
156,18,161
157,18,920
158,18,749
159,18,723
160,18,144
161,18,600
162,18,278
163,18,98
164,18,401
165,18,135
166,18,309
167,18,839
168,18,556
169,18,783
170,18,460
171,18,505
172,18,433
173,18,299
174,18,709
175,18,820
176,18,39
177,18,942
178,18,877
179,18,208
180,18,1005
181,18,921
182,18,656
183,18,441
184,18,261
185,18,298
186,18,881
187,18,20
188,18,321
189,18,742
190,18,329
191,18,430
192,18,335
193,18,615
194,18,580
195,18,935
196,18,326
197,18,1009
198,18,847
199,18,310
200,18,568
201,18,658
202,18,760
203,18,354
204,18,336
205,18,47
206,18,392
207,18,199
208,18,571
209,18,630
210,18,147
211,18,667
212,18,645
213,18,80
214,18,246
215,18,16
216,18,916
217,18,772
218,18,569
219,18,579
220,18,1010
221,18,398
222,18,156
223,18,333
224,18,371
225,18,259
226,18,699
227,18,1020
228,18,521
229,18,486
230,18,410
231,18,27
232,18,162
233,18,342
234,18,631
235,18,219
236,18,663
237,18,15
238,18,421
239,18,403
240,18,279
241,18,527
242,18,692
243,18,827
244,18,532
245,18,551
246,18,594
247,18,555
248,18,173
249,18,318
250,18,364
251,18,982
252,18,54
253,18,77
254,18,49
255,18,225
256,18,46
257,18,857
258,18,37
259,18,940
260,18,34
261,18,626
262,18,762
263,18,254
264,18,817
265,18,461
266,18,127
267,18,363
268,18,73
269,18,210
270,18,390
271,18,562
272,18,526
273,18,223
274,18,524
275,18,183
276,18,402
277,18,545
278,18,375
279,18,765
280,18,951
281,18,294
282,18,215
283,18,869
284,18,705
285,18,428
286,18,967
287,18,502
288,18,842
289,18,688
290,18,525
291,18,234
292,18,601
293,18,240
294,18,540
295,18,598
296,18,431
297,18,535
298,18,178
299,18,48
300,18,263
301,18,366
302,18,41
303,18,690
304,18,188
305,18,652
306,18,750
307,18,260
308,18,305
309,18,292
310,18,822
311,18,266
312,18,347
313,18,434
314,18,711
315,18,781
316,18,119
317,18,432
318,18,664
319,18,824
320,18,467
321,18,539
322,18,755
323,18,463
324,18,8
325,18,200
326,18,304
327,18,687
328,18,201
329,18,514
330,18,396
331,18,510
332,18,981
333,18,358
334,18,792
335,18,654
336,18,228
337,18,244
338,18,70
339,18,733
340,18,888
341,18,685
342,18,177
343,18,419
344,18,283
345,18,1004
346,18,509
347,18,693
348,18,737
349,18,976
350,18,175
351,18,507
352,18,912
353,18,624
354,18,443
355,18,393
356,18,637
357,18,797
358,18,422
359,18,499
360,18,166
361,18,563
362,18,1007
363,18,661
364,18,504
365,18,952
366,18,494
367,18,303
368,18,848
369,18,481
370,18,168
371,18,922
372,18,130
373,18,622
374,18,45
375,18,826
376,18,751
377,18,209
378,18,725
379,18,322
380,18,595
381,18,744
382,18,840
383,18,679
384,18,584
385,18,273
386,18,536
387,18,823
388,18,892
389,18,357
390,18,213
391,18,973
392,18,581
393,18,819
394,18,633
395,18,286
396,18,490
397,18,939
398,18,560
399,18,331
0,19,521
1,19,471
2,19,529
3,19,566
4,19,822
5,19,954
6,19,1004
7,19,590
8,19,277
9,19,464
10,19,586
11,19,340
12,19,696
13,19,786
14,19,519
15,19,650
16,19,719
17,19,819
18,19,522
19,19,466
20,19,618
21,19,225
22,19,378
23,19,241
24,19,785
25,19,687
26,19,506
27,19,255
28,19,901
29,19,110
30,19,649
31,19,486
32,19,981
33,19,407
34,19,874
35,19,276
36,19,524
37,19,762
38,19,565
39,19,531
40,19,970
41,19,753
42,19,697
43,19,142
44,19,263
45,19,461
46,19,628
47,19,441
48,19,654
49,19,767
50,19,339
51,19,368
52,19,592
53,19,423
54,19,933
55,19,915
56,19,497
57,19,331
58,19,19
59,19,725
60,19,523
61,19,476
62,19,551
63,19,881
64,19,775
65,19,876
66,19,431
67,19,845
68,19,496
69,19,749
70,19,405
71,19,424
72,19,681
73,19,595
74,19,362
75,19,472
76,19,617
77,19,243
78,19,909
79,19,626
80,19,505
81,19,454
82,19,624
83,19,516
84,19,283
85,19,690
86,19,733
87,19,307
88,19,849
89,19,716
90,19,458
91,19,459
92,19,598
93,19,252
94,19,685
95,19,850
96,19,274
97,19,914
98,19,560
99,19,585
100,19,1002
101,19,646
102,19,596
103,19,525
104,19,720
105,19,614
106,19,135
107,19,235
108,19,325
109,19,627
110,19,442
111,19,490
112,19,346
113,19,757
114,19,465
115,19,450
116,19,308
117,19,144
118,19,256
119,19,660
120,19,944
121,19,428
122,19,615
123,19,814
124,19,43
125,19,404
126,19,206
127,19,164
128,19,910
129,19,211
130,19,304
131,19,985
132,19,114
133,19,520
134,19,651
135,19,457
136,19,878
137,19,683
138,19,205
139,19,657
140,19,14
141,19,758
142,19,575
143,19,113
144,19,173
145,19,723
146,19,748
147,19,210
148,19,147
149,19,201
150,19,763
151,19,550
152,19,467
153,19,477
154,19,240
155,19,371
156,19,129
157,19,952
158,19,750
159,19,722
160,19,112
161,19,599
162,19,246
163,19,98
164,19,433
165,19,103
166,19,309
167,19,838
168,19,555
169,19,784
170,19,460
171,19,504
172,19,432
173,19,267
174,19,741
175,19,821
176,19,40
177,19,943
178,19,877
179,19,207
180,19,973
181,19,921
182,19,655
183,19,473
184,19,261
185,19,299
186,19,882
187,19,20
188,19,320
189,19,742
190,19,329
191,19,462
192,19,335
193,19,647
194,19,580
195,19,936
196,19,326
197,19,1010
198,19,848
199,19,311
200,19,600
201,19,659
202,19,760
203,19,386
204,19,336
205,19,48
206,19,392
207,19,199
208,19,603
209,19,629
210,19,148
211,19,667
212,19,677
213,19,80
214,19,245
215,19,16
216,19,916
217,19,772
218,19,569
219,19,578
220,19,1011
221,19,399
222,19,156
223,19,334
224,19,403
225,19,291
226,19,731
227,19,1020
228,19,489
229,19,518
230,19,410
231,19,27
232,19,130
233,19,310
234,19,663
235,19,219
236,19,664
237,19,15
238,19,453
239,19,402
240,19,278
241,19,559
242,19,693
243,19,826
244,19,532
245,19,583
246,19,594
247,19,554
248,19,174
249,19,318
250,19,332
251,19,1014
252,19,86
253,19,78
254,19,50
255,19,193
256,19,47
257,19,889
258,19,5
259,19,939
260,19,34
261,19,625
262,19,794
263,19,286
264,19,818
265,19,429
266,19,127
267,19,363
268,19,41
269,19,242
270,19,422
271,19,561
272,19,527
273,19,223
274,19,556
275,19,215
276,19,401
277,19,545
278,19,375
279,19,797
280,19,951
281,19,294
282,19,216
283,19,869
284,19,673
285,19,396
286,19,966
287,19,503
288,19,842
289,19,656
290,19,526
291,19,202
292,19,601
293,19,239
294,19,540
295,19,630
296,19,430
297,19,535
298,19,178
299,19,49
300,19,295
301,19,398
302,19,42
303,19,691
304,19,189
305,19,620
306,19,751
307,19,259
308,19,306
309,19,324
310,19,790
311,19,298
312,19,315
313,19,434
314,19,711
315,19,813
316,19,119
317,19,400
318,19,665
319,19,792
320,19,468
321,19,571
322,19,787
323,19,463
324,19,8
325,19,168
326,19,305
327,19,688
328,19,200
329,19,546
330,19,364
331,19,478
332,19,982
333,19,390
334,19,793
335,19,622
336,19,228
337,19,244
338,19,70
339,19,734
340,19,887
341,19,686
342,19,209
343,19,418
344,19,251
345,19,1005
346,19,541
347,19,694
348,19,737
349,19,976
350,19,176
351,19,475
352,19,912
353,19,623
354,19,443
355,19,393
356,19,669
357,19,798
358,19,421
359,19,499
360,19,165
361,19,562
362,19,1008
363,19,661
364,19,536
365,19,953
366,19,493
367,19,303
368,19,880
369,19,449
370,19,167
371,19,922
372,19,131
373,19,621
374,19,45
375,19,858
376,19,783
377,19,208
378,19,724
379,19,354
380,19,563
381,19,743
382,19,839
383,19,680
384,19,616
385,19,273
386,19,568
387,19,824
388,19,892
389,19,358
390,19,213
391,19,974
392,19,613
393,19,851
394,19,633
395,19,287
396,19,491
397,19,907
398,19,528
399,19,330
0,20,521
1,20,439
2,20,497
3,20,598
4,20,823
5,20,955
6,20,1005
7,20,622
8,20,278
9,20,465
10,20,586
11,20,308
12,20,664
13,20,786
14,20,551
15,20,651
16,20,719
17,20,851
18,20,523
19,20,467
20,20,650
21,20,193
22,20,377
23,20,209
24,20,753
25,20,688
26,20,474
27,20,287
28,20,901
29,20,142
30,20,617
31,20,518
32,20,1013
33,20,375
34,20,842
35,20,244
36,20,525
37,20,763
38,20,597
39,20,531
40,20,969
41,20,721
42,20,697
43,20,141
44,20,263
45,20,493
46,20,660
47,20,440
48,20,686
49,20,767
50,20,340
51,20,369
52,20,560
53,20,423
54,20,933
55,20,947
56,20,498
57,20,299
58,20,20
59,20,724
60,20,555
61,20,476
62,20,583
63,20,880
64,20,775
65,20,844
66,20,463
67,20,845
68,20,496
69,20,749
70,20,404
71,20,424
72,20,649
73,20,596
74,20,330
75,20,473
76,20,616
77,20,211
78,20,908
79,20,625
80,20,537
81,20,486
82,20,592
83,20,515
84,20,283
85,20,691
86,20,734
87,20,339
88,20,881
89,20,716
90,20,490
91,20,459
92,20,630
93,20,252
94,20,717
95,20,850
96,20,273
97,20,915
98,20,561
99,20,585
100,20,1003
101,20,678
102,20,564
103,20,557
104,20,720
105,20,614
106,20,136
107,20,235
108,20,326
109,20,595
110,20,441
111,20,489
112,20,347
113,20,725
114,20,433
115,20,450
116,20,309
117,20,176
118,20,257
119,20,692
120,20,943
121,20,460
122,20,647
123,20,782
124,20,44
125,20,403
126,20,205
127,20,163
128,20,878
129,20,210
130,20,303
131,20,985
132,20,113
133,20,519
134,20,619
135,20,458
136,20,877
137,20,684
138,20,204
139,20,658
140,20,14
141,20,757
142,20,607
143,20,112
144,20,173
145,20,755
146,20,780
147,20,242
148,20,148
149,20,200
150,20,795
151,20,549
152,20,468
153,20,445
154,20,239
155,20,371
156,20,97
157,20,952
158,20,751
159,20,754
160,20,144
161,20,567
162,20,245
163,20,99
164,20,434
165,20,102
166,20,277
167,20,870
168,20,587
169,20,785
170,20,461
171,20,472
172,20,431
173,20,266
174,20,740
175,20,822
176,20,41
177,20,911
178,20,909
179,20,206
180,20,972
181,20,921
182,20,687
183,20,505
184,20,261
185,20,267
186,20,882
187,20,21
188,20,288
189,20,743
190,20,329
191,20,494
192,20,334
193,20,679
194,20,580
195,20,904
196,20,358
197,20,1011
198,20,849
199,20,311
200,20,601
201,20,627
202,20,728
203,20,418
204,20,304
205,20,49
206,20,392
207,20,231
208,20,604
209,20,628
210,20,149
211,20,667
212,20,709
213,20,80
214,20,213
215,20,15
216,20,916
217,20,772
218,20,569
219,20,610
220,20,1012
221,20,398
222,20,156
223,20,366
224,20,435
225,20,323
226,20,730
227,20,1020
228,20,457
229,20,550
230,20,378
231,20,27
232,20,98
233,20,310
234,20,663
235,20,220
236,20,632
237,20,47
238,20,485
239,20,401
240,20,246
241,20,558
242,20,661
243,20,794
244,20,532
245,20,615
246,20,626
247,20,522
248,20,175
249,20,350
250,20,333
251,20,982
252,20,87
253,20,46
254,20,51
255,20,161
256,20,48
257,20,888
258,20,5
259,20,938
260,20,34
261,20,657
262,20,762
263,20,318
264,20,818
265,20,428
266,20,127
267,20,363
268,20,9
269,20,274
270,20,454
271,20,562
272,20,528
273,20,223
274,20,556
275,20,214
276,20,400
277,20,545
278,20,376
279,20,797
280,20,951
281,20,293
282,20,216
283,20,869
284,20,641
285,20,364
286,20,934
287,20,504
288,20,843
289,20,655
290,20,527
291,20,202
292,20,602
293,20,238
294,20,541
295,20,631
296,20,429
297,20,535
298,20,178
299,20,50
300,20,294
301,20,430
302,20,42
303,20,659
304,20,190
305,20,588
306,20,752
307,20,291
308,20,307
309,20,356
310,20,758
311,20,298
312,20,315
313,20,402
314,20,710
315,20,813
316,20,119
317,20,432
318,20,666
319,20,760
320,20,469
321,20,603
322,20,819
323,20,464
324,20,8
325,20,167
326,20,306
327,20,656
328,20,199
329,20,578
330,20,332
331,20,477
332,20,983
333,20,422
334,20,792
335,20,623
336,20,228
337,20,243
338,20,70
339,20,735
340,20,886
341,20,685
342,20,177
343,20,417
344,20,219
345,20,973
346,20,573
347,20,695
348,20,737
349,20,976
350,20,208
351,20,443
352,20,912
353,20,624
354,20,442
355,20,393
356,20,701
357,20,799
358,20,453
359,20,499
360,20,197
361,20,594
362,20,1009
363,20,629
364,20,568
365,20,954
366,20,492
367,20,335
368,20,879
369,20,449
370,20,166
371,20,922
372,20,132
373,20,620
374,20,45
375,20,826
376,20,783
377,20,207
378,20,723
379,20,386
380,20,563
381,20,711
382,20,838
383,20,681
384,20,648
385,20,305
386,20,600
387,20,825
388,20,892
389,20,390
390,20,212
391,20,1006
392,20,645
393,20,883
394,20,665
395,20,286
396,20,491
397,20,875
398,20,529
399,20,331
0,21,489
1,21,438
2,21,498
3,21,598
4,21,791
5,21,956
6,21,1006
7,21,623
8,21,279
9,21,466
10,21,586
11,21,276
12,21,632
13,21,787
14,21,583
15,21,650
16,21,751
17,21,883
18,21,524
19,21,468
20,21,618
21,21,161
22,21,409
23,21,208
24,21,785
25,21,656
26,21,474
27,21,287
28,21,901
29,21,142
30,21,585
31,21,519
32,21,1013
33,21,374
34,21,841
35,21,243
36,21,526
37,21,731
38,21,596
39,21,563
40,21,968
41,21,689
42,21,698
43,21,140
44,21,231
45,21,525
46,21,692
47,21,408
48,21,687
49,21,799
50,21,339
51,21,370
52,21,559
53,21,423
54,21,932
55,21,946
56,21,499
57,21,298
58,21,21
59,21,723
60,21,587
61,21,476
62,21,584
63,21,848
64,21,775
65,21,844
66,21,463
67,21,877
68,21,464
69,21,748
70,21,403
71,21,424
72,21,681
73,21,628
74,21,331
75,21,473
76,21,616
77,21,210
78,21,907
79,21,626
80,21,538
81,21,518
82,21,560
83,21,483
84,21,283
85,21,690
86,21,735
87,21,338
88,21,913
89,21,717
90,21,522
91,21,460
92,21,662
93,21,220
94,21,749
95,21,818
96,21,305
97,21,915
98,21,529
99,21,553
100,21,1004
101,21,678
102,21,564
103,21,589
104,21,688
105,21,614
106,21,137
107,21,267
108,21,327
109,21,627
110,21,440
111,21,490
112,21,315
113,21,724
114,21,434
115,21,451
116,21,310
117,21,175
118,21,225
119,21,693
120,21,942
121,21,461
122,21,648
123,21,781
124,21,45
125,21,402
126,21,204
127,21,195
128,21,879
129,21,209
130,21,335
131,21,985
132,21,81
133,21,520
134,21,651
135,21,426
136,21,876
137,21,716
138,21,203
139,21,658
140,21,15
141,21,725
142,21,607
143,21,113
144,21,173
145,21,755
146,21,812
147,21,274
148,21,149
149,21,168
150,21,827
151,21,550
152,21,469
153,21,413
154,21,238
155,21,371
156,21,65
157,21,952
158,21,752
159,21,786
160,21,176
161,21,535
162,21,213
163,21,98
164,21,435
165,21,101
166,21,277
167,21,838
168,21,619
169,21,784
170,21,462
171,21,472
172,21,431
173,21,265
174,21,739
175,21,854
176,21,73
177,21,911
178,21,910
179,21,205
180,21,971
181,21,921
182,21,719
183,21,505
184,21,261
185,21,299
186,21,881
187,21,22
188,21,256
189,21,743
190,21,330
191,21,493
192,21,302
193,21,711
194,21,580
195,21,905
196,21,390
197,21,1012
198,21,850
199,21,311
200,21,601
201,21,659
202,21,727
203,21,450
204,21,272
205,21,50
206,21,392
207,21,199
208,21,603
209,21,660
210,21,150
211,21,699
212,21,708
213,21,80
214,21,212
215,21,47
216,21,916
217,21,772
218,21,537
219,21,642
220,21,980
221,21,430
222,21,156
223,21,398
224,21,467
225,21,355
226,21,762
227,21,1020
228,21,458
229,21,551
230,21,379
231,21,27
232,21,66
233,21,278
234,21,631
235,21,219
236,21,600
237,21,48
238,21,517
239,21,400
240,21,245
241,21,558
242,21,629
243,21,793
244,21,532
245,21,647
246,21,594
247,21,523
248,21,174
249,21,351
250,21,334
251,21,982
252,21,119
253,21,46
254,21,52
255,21,160
256,21,49
257,21,887
258,21,5
259,21,970
260,21,34
261,21,625
262,21,763
263,21,350
264,21,819
265,21,396
266,21,127
267,21,363
268,21,9
269,21,306
270,21,486
271,21,561
272,21,496
273,21,223
274,21,555
275,21,214
276,21,399
277,21,545
278,21,375
279,21,797
280,21,951
281,21,294
282,21,216
283,21,869
284,21,609
285,21,364
286,21,933
287,21,536
288,21,842
289,21,654
290,21,528
291,21,202
292,21,570
293,21,237
294,21,541
295,21,630
296,21,428
297,21,503
298,21,178
299,21,51
300,21,326
301,21,429
302,21,41
303,21,691
304,21,222
305,21,556
306,21,753
307,21,323
308,21,308
309,21,388
310,21,757
311,21,297
312,21,316
313,21,401
314,21,742
315,21,813
316,21,120
317,21,432
318,21,667
319,21,728
320,21,470
321,21,602
322,21,851
323,21,465
324,21,8
325,21,166
326,21,307
327,21,657
328,21,167
329,21,610
330,21,333
331,21,445
332,21,984
333,21,454
334,21,792
335,21,624
336,21,228
337,21,242
338,21,70
339,21,767
340,21,885
341,21,686
342,21,177
343,21,385
344,21,187
345,21,1005
346,21,605
347,21,663
348,21,737
349,21,976
350,21,240
351,21,442
352,21,912
353,21,592
354,21,410
355,21,393
356,21,733
357,21,798
358,21,485
359,21,531
360,21,229
361,21,595
362,21,1010
363,21,597
364,21,569
365,21,955
366,21,491
367,21,336
368,21,880
369,21,417
370,21,165
371,21,922
372,21,100
373,21,620
374,21,77
375,21,794
376,21,783
377,21,206
378,21,722
379,21,418
380,21,562
381,21,710
382,21,837
383,21,682
384,21,649
385,21,304
386,21,568
387,21,826
388,21,892
389,21,422
390,21,244
391,21,1007
392,21,677
393,21,882
394,21,697
395,21,286
396,21,459
397,21,843
398,21,497
399,21,332
0,22,490
1,22,406
2,22,499
3,22,597
4,22,792
5,22,955
6,22,1006
7,22,655
8,22,279
9,22,498
10,22,586
11,22,244
12,22,632
13,22,787
14,22,584
15,22,618
16,22,783
17,22,915
18,22,492
19,22,469
20,22,617
21,22,129
22,22,409
23,22,207
24,22,784
25,22,656
26,22,442
27,22,287
28,22,901
29,22,110
30,22,553
31,22,520
32,22,1014
33,22,342
34,22,840
35,22,243
36,22,527
37,22,699
38,22,628
39,22,562
40,22,967
41,22,690
42,22,666
43,22,108
44,22,199
45,22,557
46,22,724
47,22,376
48,22,688
49,22,831
50,22,339
51,22,371
52,22,558
53,22,423
54,22,931
55,22,945
56,22,531
57,22,266
58,22,22
59,22,691
60,22,587
61,22,476
62,22,585
63,22,848
64,22,775
65,22,843
66,22,464
67,22,877
68,22,432
69,22,748
70,22,402
71,22,424
72,22,713
73,22,627
74,22,332
75,22,474
76,22,616
77,22,209
78,22,906
79,22,625
80,22,570
81,22,519
82,22,559
83,22,451
84,22,284
85,22,658
86,22,767
87,22,338
88,22,912
89,22,685
90,22,554
91,22,459
92,22,662
93,22,220
94,22,750
95,22,819
96,22,306
97,22,916
98,22,528
99,22,521
100,22,1005
101,22,677
102,22,563
103,22,621
104,22,689
105,22,614
106,22,137
107,22,267
108,22,328
109,22,626
110,22,408
111,22,491
112,22,283
113,22,725
114,22,433
115,22,419
116,22,311
117,22,174
118,22,193
119,22,694
120,22,941
121,22,462
122,22,680
123,22,749
124,22,77
125,22,401
126,22,203
127,22,227
128,22,847
129,22,208
130,22,334
131,22,953
132,22,80
133,22,552
134,22,650
135,22,394
136,22,844
137,22,717
138,22,202
139,22,659
140,22,16
141,22,693
142,22,607
143,22,114
144,22,173
145,22,723
146,22,813
147,22,242
148,22,150
149,22,167
150,22,859
151,22,550
152,22,470
153,22,381
154,22,206
155,22,403
156,22,33
157,22,952
158,22,753
159,22,786
160,22,175
161,22,503
162,22,181
163,22,98
164,22,434
165,22,69
166,22,276
167,22,838
168,22,651
169,22,752
170,22,463
171,22,473
172,22,430
173,22,264
174,22,738
175,22,854
176,22,74
177,22,911
178,22,878
179,22,204
180,22,1003
181,22,921
182,22,751
183,22,537
184,22,261
185,22,299
186,22,880
187,22,54
188,22,256
189,22,711
190,22,331
191,22,525
192,22,301
193,22,712
194,22,580
195,22,905
196,22,422
197,22,1013
198,22,882
199,22,343
200,22,600
201,22,660
202,22,728
203,22,482
204,22,273
205,22,51
206,22,392
207,22,200
208,22,571
209,22,661
210,22,118
211,22,667
212,22,707
213,22,48
214,22,211
215,22,46
216,22,948
217,22,772
218,22,569
219,22,674
220,22,981
221,22,398
222,22,156
223,22,366
224,22,467
225,22,387
226,22,794
227,22,1020
228,22,426
229,22,583
230,22,347
231,22,27
232,22,67
233,22,246
234,22,663
235,22,219
236,22,568
237,22,49
238,22,549
239,22,399
240,22,277
241,22,526
242,22,630
243,22,825
244,22,533
245,22,679
246,22,594
247,22,522
248,22,142
249,22,319
250,22,302
251,22,982
252,22,151
253,22,45
254,22,84
255,22,160
256,22,50
257,22,886
258,22,5
259,22,969
260,22,34
261,22,624
262,22,763
263,22,382
264,22,820
265,22,428
266,22,127
267,22,363
268,22,9
269,22,307
270,22,487
271,22,529
272,22,497
273,22,223
274,22,555
275,22,214
276,22,367
277,22,545
278,22,407
279,22,797
280,22,951
281,22,294
282,22,216
283,22,869
284,22,610
285,22,396
286,22,932
287,22,536
288,22,842
289,22,653
290,22,496
291,22,234
292,22,602
293,22,238
294,22,541
295,22,631
296,22,460
297,22,504
298,22,210
299,22,52
300,22,358
301,22,461
302,22,41
303,22,692
304,22,254
305,22,524
306,22,785
307,22,322
308,22,309
309,22,420
310,22,757
311,22,298
312,22,315
313,22,400
314,22,743
315,22,781
316,22,119
317,22,431
318,22,668
319,22,696
320,22,471
321,22,603
322,22,850
323,22,466
324,22,8
325,22,165
326,22,308
327,22,657
328,22,166
329,22,642
330,22,333
331,22,413
332,22,985
333,22,486
334,22,793
335,22,592
336,22,260
337,22,241
338,22,70
339,22,766
340,22,884
341,22,687
342,22,177
343,22,353
344,22,186
345,22,973
346,22,637
347,22,664
348,22,737
349,22,976
350,22,272
351,22,410
352,22,944
353,22,560
354,22,378
355,22,393
356,22,765
357,22,799
358,22,517
359,22,532
360,22,228
361,22,595
362,22,1011
363,22,565
364,22,601
365,22,923
366,22,523
367,22,304
368,22,879
369,22,385
370,22,164
371,22,922
372,22,101
373,22,619
374,22,76
375,22,826
376,22,782
377,22,205
378,22,754
379,22,450
380,22,561
381,22,678
382,22,836
383,22,683
384,22,681
385,22,305
386,22,567
387,22,827
388,22,892
389,22,454
390,22,245
391,22,1008
392,22,709
393,22,881
394,22,698
395,22,286
396,22,458
397,22,811
398,22,465
399,22,364
0,23,458
1,23,374
2,23,467
3,23,596
4,23,760
5,23,954
6,23,974
7,23,656
8,23,311
9,23,466
10,23,587
11,23,243
12,23,600
13,23,787
14,23,585
15,23,650
16,23,784
17,23,947
18,23,491
19,23,437
20,23,616
21,23,97
22,23,408
23,23,206
24,23,785
25,23,624
26,23,410
27,23,319
28,23,901
29,23,110
30,23,521
31,23,520
32,23,1013
33,23,341
34,23,839
35,23,211
36,23,528
37,23,667
38,23,660
39,23,561
40,23,966
41,23,658
42,23,665
43,23,107
44,23,167
45,23,556
46,23,723
47,23,344
48,23,689
49,23,831
50,23,371
51,23,403
52,23,590
53,23,422
54,23,963
55,23,944
56,23,499
57,23,266
58,23,23
59,23,690
60,23,619
61,23,476
62,23,586
63,23,816
64,23,776
65,23,811
66,23,463
67,23,877
68,23,432
69,23,747
70,23,401
71,23,423
72,23,713
73,23,628
74,23,333
75,23,506
76,23,648
77,23,208
78,23,874
79,23,626
80,23,602
81,23,551
82,23,558
83,23,419
84,23,252
85,23,659
86,23,799
87,23,338
88,23,911
89,23,686
90,23,553
91,23,460
92,23,661
93,23,220
94,23,751
95,23,820
96,23,307
97,23,915
98,23,496
99,23,489
100,23,1006
101,23,709
102,23,562
103,23,620
104,23,657
105,23,614
106,23,137
107,23,267
108,23,329
109,23,594
110,23,376
111,23,523
112,23,284
113,23,757
114,23,433
115,23,418
116,23,312
117,23,142
118,23,161
119,23,662
120,23,940
121,23,494
122,23,681
123,23,748
124,23,109
125,23,400
126,23,202
127,23,259
128,23,848
129,23,207
130,23,334
131,23,985
132,23,48
133,23,552
134,23,651
135,23,362
136,23,812
137,23,749
138,23,201
139,23,627
140,23,16
141,23,725
142,23,607
143,23,114
144,23,173
145,23,755
146,23,814
147,23,274
148,23,151
149,23,166
150,23,891
151,23,550
152,23,502
153,23,349
154,23,174
155,23,435
156,23,1
157,23,952
158,23,721
159,23,818
160,23,175
161,23,504
162,23,149
163,23,98
164,23,434
165,23,68
166,23,244
167,23,838
168,23,683
169,23,753
170,23,462
171,23,473
172,23,429
173,23,263
174,23,770
175,23,854
176,23,42
177,23,879
178,23,910
179,23,203
180,23,1003
181,23,921
182,23,783
183,23,569
184,23,261
185,23,299
186,23,880
187,23,22
188,23,256
189,23,743
190,23,331
191,23,525
192,23,269
193,23,744
194,23,580
195,23,906
196,23,454
197,23,981
198,23,883
199,23,342
200,23,568
201,23,692
202,23,728
203,23,514
204,23,241
205,23,52
206,23,424
207,23,200
208,23,570
209,23,629
210,23,119
211,23,668
212,23,739
213,23,47
214,23,179
215,23,78
216,23,948
217,23,772
218,23,601
219,23,706
220,23,982
221,23,399
222,23,156
223,23,398
224,23,468
225,23,386
226,23,793
227,23,1020
228,23,394
229,23,615
230,23,315
231,23,27
232,23,35
233,23,214
234,23,695
235,23,219
236,23,536
237,23,50
238,23,581
239,23,431
240,23,276
241,23,526
242,23,598
243,23,826
244,23,532
245,23,711
246,23,595
247,23,490
248,23,141
249,23,318
250,23,303
251,23,1014
252,23,183
253,23,46
254,23,116
255,23,160
256,23,51
257,23,885
258,23,5
259,23,968
260,23,34
261,23,623
262,23,763
263,23,414
264,23,821
265,23,396
266,23,127
267,23,363
268,23,9
269,23,339
270,23,519
271,23,529
272,23,498
273,23,223
274,23,554
275,23,213
276,23,366
277,23,545
278,23,439
279,23,796
280,23,951
281,23,294
282,23,216
283,23,869
284,23,578
285,23,364
286,23,931
287,23,537
288,23,842
289,23,652
290,23,464
291,23,234
292,23,603
293,23,238
294,23,541
295,23,630
296,23,428
297,23,505
298,23,242
299,23,20
300,23,390
301,23,493
302,23,41
303,23,693
304,23,286
305,23,492
306,23,786
307,23,354
308,23,310
309,23,420
310,23,758
311,23,330
312,23,283
313,23,368
314,23,775
315,23,813
316,23,87
317,23,430
318,23,700
319,23,696
320,23,472
321,23,571
322,23,882
323,23,465
324,23,8
325,23,197
326,23,309
327,23,625
328,23,165
329,23,674
330,23,301
331,23,381
332,23,986
333,23,487
334,23,792
335,23,592
336,23,292
337,23,240
338,23,70
339,23,765
340,23,916
341,23,688
342,23,209
343,23,321
344,23,154
345,23,1005
346,23,669
347,23,632
348,23,737
349,23,976
350,23,273
351,23,378
352,23,912
353,23,559
354,23,377
355,23,392
356,23,797
357,23,798
358,23,549
359,23,531
360,23,260
361,23,563
362,23,1012
363,23,533
364,23,633
365,23,924
366,23,555
367,23,305
368,23,878
369,23,353
370,23,163
371,23,922
372,23,102
373,23,618
374,23,44
375,23,827
376,23,750
377,23,204
378,23,754
379,23,482
380,23,560
381,23,646
382,23,804
383,23,684
384,23,682
385,23,306
386,23,567
387,23,828
388,23,892
389,23,486
390,23,277
391,23,1009
392,23,741
393,23,881
394,23,730
395,23,287
396,23,426
397,23,779
398,23,497
399,23,332
0,24,458
1,24,342
2,24,468
3,24,628
4,24,728
5,24,954
6,24,1006
7,24,657
8,24,279
9,24,465
10,24,588
11,24,211
12,24,568
13,24,787
14,24,586
15,24,650
16,24,752
17,24,946
18,24,523
19,24,438
20,24,648
21,24,65
22,24,407
23,24,205
24,24,784
25,24,592
26,24,378
27,24,287
28,24,901
29,24,109
30,24,489
31,24,521
32,24,1013
33,24,340
34,24,838
35,24,179
36,24,527
37,24,668
38,24,692
39,24,529
40,24,998
41,24,659
42,24,697
43,24,107
44,24,166
45,24,555
46,24,755
47,24,312
48,24,690
49,24,799
50,24,370
51,24,403
52,24,622
53,24,454
54,24,931
55,24,944
56,24,531
57,24,266
58,24,24
59,24,658
60,24,620
61,24,476
62,24,618
63,24,815
64,24,775
65,24,810
66,24,464
67,24,845
68,24,433
69,24,748
70,24,400
71,24,423
72,24,681
73,24,627
74,24,301
75,24,506
76,24,680
77,24,207
78,24,842
79,24,625
80,24,570
81,24,583
82,24,590
83,24,387
84,24,251
85,24,660
86,24,798
87,24,306
88,24,943
89,24,686
90,24,585
91,24,459
92,24,629
93,24,220
94,24,783
95,24,821
96,24,308
97,24,883
98,24,496
99,24,457
100,24,1007
101,24,708
102,24,561
103,24,652
104,24,689
105,24,615
106,24,137
107,24,267
108,24,330
109,24,562
110,24,344
111,24,522
112,24,252
113,24,725
114,24,434
115,24,450
116,24,313
117,24,110
118,24,129
119,24,663
120,24,939
121,24,462
122,24,682
123,24,780
124,24,141
125,24,368
126,24,201
127,24,291
128,24,816
129,24,206
130,24,366
131,24,985
132,24,49
133,24,520
134,24,619
135,24,361
136,24,811
137,24,750
138,24,200
139,24,626
140,24,48
141,24,724
142,24,607
143,24,114
144,24,172
145,24,754
146,24,814
147,24,242
148,24,183
149,24,134
150,24,923
151,24,551
152,24,534
153,24,350
154,24,142
155,24,467
156,24,2
157,24,952
158,24,721
159,24,817
160,24,174
161,24,505
162,24,150
163,24,98
164,24,435
165,24,36
166,24,245
167,24,870
168,24,715
169,24,753
170,24,430
171,24,472
172,24,428
173,24,231
174,24,802
175,24,854
176,24,10
177,24,847
178,24,878
179,24,235
180,24,1003
181,24,921
182,24,782
183,24,601
184,24,261
185,24,298
186,24,879
187,24,22
188,24,256
189,24,743
190,24,299
191,24,526
192,24,237
193,24,776
194,24,580
195,24,938
196,24,486
197,24,982
198,24,851
199,24,341
200,24,536
201,24,691
202,24,727
203,24,546
204,24,209
205,24,20
206,24,424
207,24,168
208,24,571
209,24,597
210,24,151
211,24,669
212,24,739
213,24,15
214,24,178
215,24,77
216,24,949
217,24,772
218,24,602
219,24,738
220,24,983
221,24,431
222,24,156
223,24,399
224,24,469
225,24,418
226,24,825
227,24,1020
228,24,362
229,24,647
230,24,283
231,24,27
232,24,35
233,24,215
234,24,696
235,24,219
236,24,537
237,24,51
238,24,613
239,24,463
240,24,244
241,24,494
242,24,566
243,24,794
244,24,564
245,24,712
246,24,594
247,24,490
248,24,173
249,24,317
250,24,304
251,24,1014
252,24,184
253,24,47
254,24,148
255,24,160
256,24,19
257,24,884
258,24,5
259,24,967
260,24,34
261,24,655
262,24,763
263,24,413
264,24,822
265,24,364
266,24,127
267,24,363
268,24,9
269,24,371
270,24,518
271,24,528
272,24,466
273,24,223
274,24,553
275,24,214
276,24,398
277,24,545
278,24,471
279,24,796
280,24,951
281,24,294
282,24,216
283,24,869
284,24,578
285,24,332
286,24,930
287,24,569
288,24,841
289,24,651
290,24,432
291,24,202
292,24,604
293,24,238
294,24,541
295,24,630
296,24,396
297,24,473
298,24,241
299,24,21
300,24,422
301,24,525
302,24,41
303,24,694
304,24,318
305,24,460
306,24,818
307,24,386
308,24,311
309,24,420
310,24,757
311,24,331
312,24,284
313,24,367
314,24,807
315,24,813
316,24,119
317,24,429
318,24,700
319,24,664
320,24,504
321,24,603
322,24,914
323,24,497
324,24,8
325,24,197
326,24,310
327,24,624
328,24,164
329,24,706
330,24,269
331,24,349
332,24,987
333,24,519
334,24,792
335,24,560
336,24,324
337,24,239
338,24,70
339,24,733
340,24,948
341,24,688
342,24,208
343,24,289
344,24,153
345,24,1005
346,24,701
347,24,600
348,24,737
349,24,976
350,24,274
351,24,346
352,24,912
353,24,558
354,24,409
355,24,392
356,24,829
357,24,797
358,24,550
359,24,532
360,24,292
361,24,563
362,24,1012
363,24,501
364,24,665
365,24,892
366,24,554
367,24,273
368,24,877
369,24,321
370,24,162
371,24,922
372,24,103
373,24,617
374,24,45
375,24,826
376,24,751
377,24,203
378,24,786
379,24,514
380,24,559
381,24,614
382,24,803
383,24,685
384,24,714
385,24,305
386,24,567
387,24,828
388,24,893
389,24,487
390,24,309
391,24,1010
392,24,742
393,24,880
394,24,762
395,24,286
396,24,394
397,24,747
398,24,498
399,24,333
0,25,459
1,25,374
2,25,469
3,25,627
4,25,696
5,25,954
6,25,1006
7,25,658
8,25,278
9,25,465
10,25,556
11,25,210
12,25,536
13,25,786
14,25,587
15,25,649
16,25,784
17,25,978
18,25,522
19,25,406
20,25,647
21,25,33
22,25,407
23,25,204
24,25,783
25,25,592
26,25,346
27,25,287
28,25,901
29,25,141
30,25,457
31,25,489
32,25,1013
33,25,308
34,25,837
35,25,147
36,25,526
37,25,669
38,25,724
39,25,529
40,25,997
41,25,660
42,25,698
43,25,107
44,25,134
45,25,554
46,25,787
47,25,311
48,25,691
49,25,767
50,25,402
51,25,435
52,25,654
53,25,453
54,25,932
55,25,943
56,25,532
57,25,265
58,25,56
59,25,626
60,25,652
61,25,476
62,25,650
63,25,847
64,25,775
65,25,809
66,25,464
67,25,845
68,25,434
69,25,749
70,25,399
71,25,422
72,25,681
73,25,595
74,25,302
75,25,506
76,25,648
77,25,207
78,25,841
79,25,624
80,25,602
81,25,615
82,25,622
83,25,386
84,25,250
85,25,661
86,25,830
87,25,307
88,25,942
89,25,687
90,25,617
91,25,460
92,25,628
93,25,188
94,25,815
95,25,822
96,25,309
97,25,883
98,25,496
99,25,458
100,25,1008
101,25,707
102,25,560
103,25,684
104,25,657
105,25,614
106,25,137
107,25,266
108,25,298
109,25,561
110,25,312
111,25,521
112,25,220
113,25,693
114,25,466
115,25,449
116,25,345
117,25,78
118,25,130
119,25,664
120,25,971
121,25,463
122,25,683
123,25,780
124,25,142
125,25,336
126,25,200
127,25,323
128,25,817
129,25,205
130,25,366
131,25,985
132,25,81
133,25,520
134,25,619
135,25,329
136,25,810
137,25,782
138,25,199
139,25,594
140,25,49
141,25,723
142,25,607
143,25,114
144,25,171
145,25,755
146,25,814
147,25,242
148,25,184
149,25,102
150,25,955
151,25,550
152,25,533
153,25,351
154,25,110
155,25,499
156,25,3
157,25,952
158,25,689
159,25,785
160,25,173
161,25,473
162,25,118
163,25,98
164,25,436
165,25,35
166,25,277
167,25,838
168,25,747
169,25,721
170,25,462
171,25,504
172,25,396
173,25,230
174,25,834
175,25,854
176,25,11
177,25,848
178,25,877
179,25,235
180,25,1003
181,25,921
182,25,781
183,25,633
184,25,261
185,25,299
186,25,878
187,25,54
188,25,256
189,25,711
190,25,267
191,25,525
192,25,238
193,25,808
194,25,580
195,25,938
196,25,487
197,25,983
198,25,819
199,25,341
200,25,537
201,25,659
202,25,728
203,25,578
204,25,177
205,25,21
206,25,423
207,25,168
208,25,571
209,25,596
210,25,151
211,25,701
212,25,739
213,25,47
214,25,179
215,25,76
216,25,948
217,25,772
218,25,601
219,25,770
220,25,984
221,25,432
222,25,156
223,25,398
224,25,501
225,25,450
226,25,857
227,25,1020
228,25,330
229,25,679
230,25,251
231,25,27
232,25,34
233,25,183
234,25,695
235,25,219
236,25,538
237,25,19
238,25,645
239,25,431
240,25,212
241,25,494
242,25,534
243,25,795
244,25,565
245,25,744
246,25,562
247,25,490
248,25,172
249,25,318
250,25,305
251,25,982
252,25,185
253,25,48
254,25,148
255,25,160
256,25,20
257,25,916
258,25,5
259,25,966
260,25,2
261,25,655
262,25,763
263,25,445
264,25,823
265,25,363
266,25,127
267,25,331
268,25,9
269,25,403
270,25,486
271,25,527
272,25,467
273,25,223
274,25,552
275,25,214
276,25,430
277,25,545
278,25,503
279,25,797
280,25,951
281,25,294
282,25,216
283,25,869
284,25,610
285,25,333
286,25,930
287,25,569
288,25,873
289,25,651
290,25,433
291,25,234
292,25,604
293,25,206
294,25,541
295,25,630
296,25,364
297,25,472
298,25,241
299,25,22
300,25,454
301,25,524
302,25,41
303,25,662
304,25,350
305,25,428
306,25,850
307,25,385
308,25,279
309,25,420
310,25,725
311,25,332
312,25,316
313,25,335
314,25,806
315,25,813
316,25,119
317,25,429
318,25,668
319,25,632
320,25,505
321,25,603
322,25,913
323,25,497
324,25,8
325,25,197
326,25,342
327,25,656
328,25,132
329,25,738
330,25,237
331,25,317
332,25,988
333,25,551
334,25,792
335,25,528
336,25,292
337,25,239
338,25,70
339,25,765
340,25,947
341,25,688
342,25,240
343,25,257
344,25,121
345,25,1005
346,25,733
347,25,568
348,25,737
349,25,976
350,25,306
351,25,347
352,25,912
353,25,557
354,25,410
355,25,424
356,25,861
357,25,798
358,25,518
359,25,564
360,25,291
361,25,563
362,25,1012
363,25,502
364,25,697
365,25,893
366,25,586
367,25,274
368,25,876
369,25,289
370,25,162
371,25,922
372,25,104
373,25,616
374,25,45
375,25,826
376,25,751
377,25,202
378,25,818
379,25,546
380,25,559
381,25,613
382,25,771
383,25,686
384,25,682
385,25,273
386,25,567
387,25,828
388,25,894
389,25,519
390,25,310
391,25,1011
392,25,743
393,25,879
394,25,794
395,25,286
396,25,362
397,25,748
398,25,498
399,25,301
0,26,459
1,26,342
2,26,470
3,26,626
4,26,697
5,26,954
6,26,1006
7,26,659
8,26,246
9,26,465
10,26,557
11,26,209
12,26,504
13,26,818
14,26,588
15,26,650
16,26,752
17,26,977
18,26,521
19,26,374
20,26,679
21,26,1
22,26,406
23,26,203
24,26,782
25,26,592
26,26,347
27,26,287
28,26,901
29,26,141
30,26,458
31,26,457
32,26,1013
33,26,276
34,26,836
35,26,148
36,26,527
37,26,670
38,26,723
39,26,529
40,26,997
41,26,661
42,26,666
43,26,107
44,26,102
45,26,586
46,26,786
47,26,279
48,26,692
49,26,767
50,26,402
51,26,467
52,26,686
53,26,454
54,26,933
55,26,942
56,26,532
57,26,265
58,26,88
59,26,594
60,26,684
61,26,476
62,26,651
63,26,847
64,26,775
65,26,777
66,26,463
67,26,845
68,26,433
69,26,749
70,26,400
71,26,421
72,26,649
73,26,595
74,26,303
75,26,507
76,26,616
77,26,206
78,26,841
79,26,623
80,26,601
81,26,647
82,26,621
83,26,385
84,26,251
85,26,693
86,26,862
87,26,308
88,26,941
89,26,655
90,26,618
91,26,461
92,26,627
93,26,189
94,26,816
95,26,854
96,26,277
97,26,883
98,26,464
99,26,490
100,26,1009
101,26,706
102,26,528
103,26,685
104,26,658
105,26,614
106,26,137
107,26,267
108,26,298
109,26,560
110,26,311
111,26,553
112,26,188
113,26,725
114,26,434
115,26,450
116,26,346
117,26,77
118,26,131
119,26,664
120,26,970
121,26,431
122,26,683
123,26,748
124,26,142
125,26,335
126,26,199
127,26,322
128,26,785
129,26,204
130,26,366
131,26,985
132,26,80
133,26,520
134,26,619
135,26,297
136,26,809
137,26,814
138,26,231
139,26,562
140,26,50
141,26,691
142,26,607
143,26,114
144,26,171
145,26,755
146,26,815
147,26,241
148,26,185
149,26,101
150,26,955
151,26,550
152,26,534
153,26,319
154,26,109
155,26,531
156,26,35
157,26,951
158,26,657
159,26,784
160,26,172
161,26,505
162,26,119
163,26,98
164,26,436
165,26,34
166,26,278
167,26,838
168,26,779
169,26,721
170,26,462
171,26,472
172,26,428
173,26,229
174,26,866
175,26,855
176,26,12
177,26,849
178,26,876
179,26,235
180,26,1003
181,26,921
182,26,780
183,26,665
184,26,261
185,26,331
186,26,877
187,26,86
188,26,256
189,26,743
190,26,299
191,26,525
192,26,237
193,26,840
194,26,580
195,26,938
196,26,487
197,26,984
198,26,820
199,26,341
200,26,538
201,26,660
202,26,760
203,26,610
204,26,145
205,26,22
206,26,422
207,26,200
208,26,571
209,26,628
210,26,183
211,26,700
212,26,738
213,26,46
214,26,179
215,26,75
216,26,916
217,26,772
218,26,600
219,26,802
220,26,952
221,26,432
222,26,156
223,26,399
224,26,533
225,26,482
226,26,889
227,26,1020
228,26,330
229,26,711
230,26,283
231,26,27
232,26,66
233,26,184
234,26,727
235,26,219
236,26,506
237,26,20
238,26,677
239,26,430
240,26,211
241,26,494
242,26,502
243,26,794
244,26,565
245,26,776
246,26,561
247,26,489
248,26,140
249,26,318
250,26,306
251,26,982
252,26,186
253,26,49
254,26,149
255,26,160
256,26,21
257,26,915
258,26,5
259,26,965
260,26,2
261,26,654
262,26,763
263,26,477
264,26,824
265,26,364
266,26,127
267,26,363
268,26,9
269,26,435
270,26,518
271,26,559
272,26,468
273,26,223
274,26,552
275,26,214
276,26,398
277,26,545
278,26,503
279,26,797
280,26,919
281,26,294
282,26,216
283,26,869
284,26,609
285,26,301
286,26,930
287,26,569
288,26,874
289,26,652
290,26,401
291,26,266
292,26,603
293,26,174
294,26,541
295,26,630
296,26,396
297,26,471
298,26,240
299,26,23
300,26,486
301,26,556
302,26,41
303,26,662
304,26,382
305,26,460
306,26,851
307,26,353
308,26,280
309,26,420
310,26,757
311,26,333
312,26,316
313,26,334
314,26,805
315,26,813
316,26,87
317,26,429
318,26,668
319,26,632
320,26,537
321,26,602
322,26,912
323,26,497
324,26,8
325,26,197
326,26,310
327,26,656
328,26,132
329,26,770
330,26,205
331,26,285
332,26,989
333,26,583
334,26,792
335,26,496
336,26,260
337,26,238
338,26,70
339,26,733
340,26,947
341,26,689
342,26,272
343,26,225
344,26,89
345,26,1005
346,26,732
347,26,536
348,26,737
349,26,976
350,26,307
351,26,315
352,26,880
353,26,589
354,26,442
355,26,423
356,26,893
357,26,799
358,26,519
359,26,564
360,26,323
361,26,563
362,26,980
363,26,501
364,26,698
365,26,892
366,26,585
367,26,242
368,26,875
369,26,257
370,26,162
371,26,922
372,26,105
373,26,615
374,26,45
375,26,858
376,26,751
377,26,234
378,26,817
379,26,578
380,26,558
381,26,612
382,26,739
383,26,687
384,26,682
385,26,305
386,26,568
387,26,828
388,26,894
389,26,551
390,26,309
391,26,1012
392,26,744
393,26,878
394,26,826
395,26,286
396,26,362
397,26,716
398,26,466
399,26,302
0,27,491
1,27,310
2,27,438
3,27,625
4,27,698
5,27,954
6,27,1006
7,27,660
8,27,246
9,27,464
10,27,557
11,27,208
12,27,472
13,27,819
14,27,589
15,27,650
16,27,784
17,27,1009
18,27,553
19,27,342
20,27,711
21,27,0
22,27,405
23,27,202
24,27,781
25,27,624
26,27,315
27,27,287
28,27,901
29,27,109
30,27,459
31,27,458
32,27,1014
33,27,244
34,27,804
35,27,149
36,27,528
37,27,638
38,27,755
39,27,529
40,27,997
41,27,662
42,27,667
43,27,107
44,27,70
45,27,618
46,27,818
47,27,278
48,27,693
49,27,767
50,27,401
51,27,499
52,27,687
53,27,486
54,27,933
55,27,941
56,27,531
57,27,264
58,27,89
59,27,562
60,27,716
61,27,476
62,27,683
63,27,847
64,27,776
65,27,745
66,27,462
67,27,845
68,27,433
69,27,749
70,27,399
71,27,421
72,27,649
73,27,627
74,27,304
75,27,507
76,27,616
77,27,205
78,27,809
79,27,655
80,27,633
81,27,679
82,27,620
83,27,353
84,27,250
85,27,694
86,27,894
87,27,309
88,27,940
89,27,654
90,27,619
91,27,461
92,27,626
93,27,188
94,27,817
95,27,886
96,27,245
97,27,883
98,27,432
99,27,522
100,27,1010
101,27,738
102,27,496
103,27,685
104,27,659
105,27,613
106,27,137
107,27,267
108,27,299
109,27,592
110,27,279
111,27,552
112,27,156
113,27,757
114,27,434
115,27,450
116,27,347
117,27,76
118,27,99
119,27,665
120,27,969
121,27,431
122,27,684
123,27,748
124,27,110
125,27,334
126,27,167
127,27,322
128,27,753
129,27,203
130,27,366
131,27,986
132,27,48
133,27,521
134,27,587
135,27,265
136,27,777
137,27,815
138,27,230
139,27,561
140,27,51
141,27,723
142,27,607
143,27,114
144,27,139
145,27,787
146,27,816
147,27,242
148,27,186
149,27,100
150,27,955
151,27,550
152,27,534
153,27,319
154,27,108
155,27,563
156,27,36
157,27,952
158,27,658
159,27,785
160,27,171
161,27,505
162,27,120
163,27,98
164,27,436
165,27,35
166,27,277
167,27,838
168,27,811
169,27,689
170,27,494
171,27,473
172,27,396
173,27,197
174,27,865
175,27,854
176,27,13
177,27,850
178,27,908
179,27,234
180,27,1003
181,27,921
182,27,779
183,27,666
184,27,261
185,27,332
186,27,876
187,27,85
188,27,256
189,27,775
190,27,331
191,27,525
192,27,236
193,27,872
194,27,581
195,27,938
196,27,519
197,27,985
198,27,821
199,27,373
200,27,506
201,27,692
202,27,792
203,27,642
204,27,144
205,27,23
206,27,454
207,27,201
208,27,571
209,27,628
210,27,184
211,27,699
212,27,737
213,27,45
214,27,179
215,27,74
216,27,916
217,27,772
218,27,599
219,27,834
220,27,953
221,27,400
222,27,124
223,27,398
224,27,532
225,27,514
226,27,888
227,27,1020
228,27,329
229,27,743
230,27,251
231,27,27
232,27,34
233,27,216
234,27,728
235,27,219
236,27,474
237,27,21
238,27,709
239,27,429
240,27,211
241,27,526
242,27,470
243,27,794
244,27,533
245,27,808
246,27,560
247,27,457
248,27,141
249,27,318
250,27,307
251,27,982
252,27,187
253,27,50
254,27,150
255,27,160
256,27,22
257,27,947
258,27,5
259,27,965
260,27,2
261,27,653
262,27,763
263,27,509
264,27,825
265,27,363
266,27,127
267,27,362
268,27,9
269,27,435
270,27,518
271,27,558
272,27,469
273,27,223
274,27,551
275,27,214
276,27,430
277,27,545
278,27,502
279,27,797
280,27,951
281,27,294
282,27,215
283,27,869
284,27,609
285,27,269
286,27,930
287,27,601
288,27,842
289,27,651
290,27,369
291,27,298
292,27,603
293,27,142
294,27,541
295,27,630
296,27,364
297,27,503
298,27,241
299,27,24
300,27,487
301,27,555
302,27,41
303,27,663
304,27,381
305,27,460
306,27,852
307,27,354
308,27,281
309,27,420
310,27,758
311,27,301
312,27,316
313,27,333
314,27,837
315,27,813
316,27,119
317,27,428
318,27,668
319,27,664
320,27,569
321,27,602
322,27,911
323,27,465
324,27,8
325,27,165
326,27,311
327,27,657
328,27,132
329,27,802
330,27,173
331,27,285
332,27,990
333,27,615
334,27,824
335,27,497
336,27,228
337,27,237
338,27,69
339,27,701
340,27,948
341,27,690
342,27,272
343,27,193
344,27,121
345,27,1005
346,27,731
347,27,504
348,27,705
349,27,976
350,27,308
351,27,283
352,27,912
353,27,621
354,27,442
355,27,422
356,27,925
357,27,799
358,27,520
359,27,564
360,27,355
361,27,595
362,27,1012
363,27,501
364,27,730
365,27,892
366,27,617
367,27,210
368,27,874
369,27,225
370,27,162
371,27,922
372,27,106
373,27,614
374,27,44
375,27,826
376,27,751
377,27,266
378,27,849
379,27,610
380,27,590
381,27,580
382,27,707
383,27,688
384,27,682
385,27,305
386,27,568
387,27,828
388,27,893
389,27,583
390,27,341
391,27,1013
392,27,744
393,27,877
394,27,827
395,27,286
396,27,330
397,27,715
398,27,467
399,27,303
0,28,492
1,28,311
2,28,406
3,28,624
4,28,699
5,28,954
6,28,1006
7,28,661
8,28,245
9,28,463
10,28,556
11,28,207
12,28,440
13,28,787
14,28,590
15,28,618
16,28,784
17,28,1008
18,28,521
19,28,343
20,28,710
21,28,0
22,28,404
23,28,201
24,28,781
25,28,592
26,28,283
27,28,287
28,28,901
29,28,109
30,28,459
31,28,490
32,28,982
33,28,212
34,28,803
35,28,117
36,28,496
37,28,606
38,28,754
39,28,528
40,28,997
41,28,663
42,28,668
43,28,75
44,28,69
45,28,617
46,28,850
47,28,246
48,28,694
49,28,767
50,28,400
51,28,531
52,28,719
53,28,485
54,28,933
55,28,973
56,28,532
57,28,264
58,28,121
59,28,561
60,28,748
61,28,476
62,28,684
63,28,847
64,28,808
65,28,713
66,28,494
67,28,877
68,28,465
69,28,749
70,28,431
71,28,422
72,28,649
73,28,627
74,28,305
75,28,506
76,28,615
77,28,204
78,28,777
79,28,687
80,28,665
81,28,680
82,28,619
83,28,321
84,28,250
85,28,695
86,28,926
87,28,310
88,28,939
89,28,686
90,28,651
91,28,460
92,28,625
93,28,220
94,28,818
95,28,886
96,28,277
97,28,883
98,28,433
99,28,522
100,28,1011
101,28,770
102,28,464
103,28,653
104,28,660
105,28,645
106,28,137
107,28,235
108,28,267
109,28,560
110,28,279
111,28,551
112,28,124
113,28,758
114,28,434
115,28,450
116,28,315
117,28,44
118,28,98
119,28,666
120,28,968
121,28,432
122,28,685
123,28,780
124,28,110
125,28,302
126,28,135
127,28,354
128,28,721
129,28,202
130,28,398
131,28,1018
132,28,16
133,28,520
134,28,587
135,28,233
136,28,745
137,28,816
138,28,229
139,28,529
140,28,19
141,28,723
142,28,607
143,28,114
144,28,140
145,28,755
146,28,817
147,28,242
148,28,186
149,28,99
150,28,955
151,28,549
152,28,534
153,28,319
154,28,107
155,28,595
156,28,37
157,28,952
158,28,659
159,28,785
160,28,139
161,28,504
162,28,88
163,28,66
164,28,435
165,28,3
166,28,278
167,28,838
168,28,843
169,28,657
170,28,526
171,28,473
172,28,364
173,28,165
174,28,865
175,28,854
176,28,14
177,28,849
178,28,909
179,28,234
180,28,1003
181,28,921
182,28,778
183,28,698
184,28,261
185,28,333
186,28,844
187,28,84
188,28,256
189,28,776
190,28,332
191,28,525
192,28,236
193,28,873
194,28,580
195,28,938
196,28,519
197,28,986
198,28,822
199,28,341
200,28,474
201,28,724
202,28,824
203,28,674
204,28,112
205,28,24
206,28,453
207,28,200
208,28,571
209,28,628
210,28,185
211,28,667
212,28,769
213,28,77
214,28,179
215,28,106
216,28,916
217,28,772
218,28,567
219,28,866
220,28,953
221,28,399
222,28,92
223,28,430
224,28,564
225,28,546
226,28,887
227,28,1020
228,28,297
229,28,775
230,28,219
231,28,27
232,28,35
233,28,184
234,28,760
235,28,187
236,28,442
237,28,22
238,28,741
239,28,461
240,28,243
241,28,527
242,28,471
243,28,793
244,28,533
245,28,840
246,28,559
247,28,458
248,28,142
249,28,318
250,28,308
251,28,981
252,28,188
253,28,51
254,28,149
255,28,160
256,28,54
257,28,946
258,28,5
259,28,965
260,28,34
261,28,652
262,28,795
263,28,509
264,28,826
265,28,362
266,28,127
267,28,330
268,28,9
269,28,467
270,28,518
271,28,557
272,28,470
273,28,223
274,28,550
275,28,214
276,28,429
277,28,545
278,28,503
279,28,797
280,28,951
281,28,294
282,28,216
283,28,869
284,28,610
285,28,269
286,28,930
287,28,633
288,28,810
289,28,650
290,28,370
291,28,266
292,28,603
293,28,174
294,28,541
295,28,630
296,28,363
297,28,535
298,28,241
299,28,56
300,28,486
301,28,554
302,28,41
303,28,631
304,28,413
305,28,428
306,28,820
307,28,386
308,28,313
309,28,420
310,28,790
311,28,301
312,28,316
313,28,334
314,28,837
315,28,813
316,28,119
317,28,396
318,28,669
319,28,696
320,28,601
321,28,602
322,28,943
323,28,497
324,28,8
325,28,166
326,28,312
327,28,658
328,28,132
329,28,834
330,28,141
331,28,285
332,28,991
333,28,647
334,28,823
335,28,498
336,28,228
337,28,237
338,28,101
339,28,701
340,28,947
341,28,691
342,28,272
343,28,161
344,28,120
345,28,1005
346,28,763
347,28,472
348,28,737
349,28,976
350,28,340
351,28,251
352,28,912
353,28,620
354,28,443
355,28,454
356,28,957
357,28,799
358,28,552
359,28,563
360,28,356
361,28,594
362,28,1012
363,28,469
364,28,762
365,28,924
366,28,616
367,28,211
368,28,842
369,28,193
370,28,162
371,28,922
372,28,138
373,28,613
374,28,45
375,28,794
376,28,751
377,28,265
378,28,848
379,28,642
380,28,558
381,28,548
382,28,706
383,28,689
384,28,682
385,28,273
386,28,568
387,28,796
388,28,892
389,28,583
390,28,342
391,28,1014
392,28,744
393,28,876
394,28,828
395,28,286
396,28,298
397,28,716
398,28,468
399,28,304
0,29,492
1,29,311
2,29,374
3,29,656
4,29,698
5,29,954
6,29,1006
7,29,662
8,29,277
9,29,463
10,29,524
11,29,206
12,29,408
13,29,786
14,29,622
15,29,619
16,29,784
17,29,1008
18,29,520
19,29,344
20,29,710
21,29,0
22,29,436
23,29,200
24,29,749
25,29,624
26,29,251
27,29,287
28,29,901
29,29,110
30,29,460
31,29,491
32,29,981
33,29,211
34,29,771
35,29,149
36,29,528
37,29,574
38,29,753
39,29,527
40,29,997
41,29,664
42,29,668
43,29,76
44,29,68
45,29,618
46,29,849
47,29,245
48,29,695
49,29,767
50,29,432
51,29,563
52,29,751
53,29,484
54,29,933
55,29,972
56,29,533
57,29,263
58,29,153
59,29,560
60,29,780
61,29,476
62,29,716
63,29,847
64,29,776
65,29,713
66,29,493
67,29,877
68,29,433
69,29,748
70,29,430
71,29,423
72,29,617
73,29,659
74,29,306
75,29,506
76,29,647
77,29,203
78,29,745
79,29,719
80,29,666
81,29,681
82,29,587
83,29,289
84,29,250
85,29,696
86,29,958
87,29,310
88,29,971
89,29,654
90,29,683
91,29,461
92,29,625
93,29,252
94,29,819
95,29,885
96,29,278
97,29,883
98,29,434
99,29,521
100,29,1012
101,29,770
102,29,464
103,29,652
104,29,661
105,29,613
106,29,137
107,29,234
108,29,235
109,29,592
110,29,279
111,29,550
112,29,92
113,29,790
114,29,435
115,29,450
116,29,316
117,29,44
118,29,130
119,29,667
120,29,967
121,29,431
122,29,686
123,29,781
124,29,142
125,29,303
126,29,103
127,29,386
128,29,689
129,29,202
130,29,398
131,29,986
132,29,16
133,29,519
134,29,555
135,29,201
136,29,744
137,29,816
138,29,228
139,29,497
140,29,20
141,29,755
142,29,607
143,29,114
144,29,141
145,29,787
146,29,818
147,29,274
148,29,187
149,29,98
150,29,955
151,29,581
152,29,534
153,29,319
154,29,75
155,29,627
156,29,38
157,29,952
158,29,660
159,29,785
160,29,138
161,29,504
162,29,120
163,29,66
164,29,403
165,29,35
166,29,246
167,29,838
168,29,842
169,29,658
170,29,494
171,29,473
172,29,332
173,29,164
174,29,897
175,29,854
176,29,15
177,29,817
178,29,910
179,29,233
180,29,1003
181,29,921
182,29,777
183,29,730
184,29,261
185,29,334
186,29,843
187,29,52
188,29,256
189,29,775
190,29,333
191,29,525
192,29,204
193,29,874
194,29,580
195,29,938
196,29,487
197,29,987
198,29,823
199,29,309
200,29,442
201,29,723
202,29,856
203,29,706
204,29,80
205,29,56
206,29,453
207,29,168
208,29,571
209,29,628
210,29,217
211,29,699
212,29,801
213,29,77
214,29,178
215,29,105
216,29,916
217,29,772
218,29,566
219,29,865
220,29,953
221,29,367
222,29,60
223,29,462
224,29,596
225,29,578
226,29,886
227,29,1020
228,29,298
229,29,807
230,29,220
231,29,27
232,29,36
233,29,184
234,29,792
235,29,188
236,29,410
237,29,23
238,29,740
239,29,429
240,29,242
241,29,526
242,29,439
243,29,793
244,29,565
245,29,872
246,29,558
247,29,426
248,29,174
249,29,318
250,29,340
251,29,1013
252,29,189
253,29,19
254,29,148
255,29,160
256,29,86
257,29,945
258,29,5
259,29,965
260,29,34
261,29,651
262,29,796
263,29,509
264,29,827
265,29,361
266,29,127
267,29,331
268,29,9
269,29,499
270,29,518
271,29,556
272,29,471
273,29,223
274,29,549
275,29,214
276,29,428
277,29,545
278,29,503
279,29,797
280,29,951
281,29,294
282,29,216
283,29,869
284,29,610
285,29,237
286,29,930
287,29,665
288,29,778
289,29,649
290,29,338
291,29,265
292,29,602
293,29,173
294,29,541
295,29,598
296,29,362
297,29,535
298,29,241
299,29,88
300,29,485
301,29,586
302,29,41
303,29,630
304,29,445
305,29,396
306,29,821
307,29,418
308,29,345
309,29,420
310,29,791
311,29,302
312,29,348
313,29,335
314,29,837
315,29,813
316,29,87
317,29,364
318,29,669
319,29,728
320,29,633
321,29,601
322,29,942
323,29,496
324,29,8
325,29,165
326,29,313
327,29,626
328,29,132
329,29,866
330,29,109
331,29,285
332,29,959
333,29,648
334,29,824
335,29,466
336,29,260
337,29,236
338,29,102
339,29,701
340,29,947
341,29,692
342,29,304
343,29,129
344,29,119
345,29,1005
346,29,795
347,29,440
348,29,737
349,29,976
350,29,341
351,29,219
352,29,912
353,29,620
354,29,443
355,29,486
356,29,989
357,29,799
358,29,552
359,29,562
360,29,388
361,29,594
362,29,980
363,29,437
364,29,794
365,29,925
366,29,615
367,29,179
368,29,810
369,29,161
370,29,162
371,29,922
372,29,106
373,29,612
374,29,45
375,29,826
376,29,750
377,29,264
378,29,848
379,29,674
380,29,557
381,29,516
382,29,705
383,29,690
384,29,682
385,29,273
386,29,568
387,29,828
388,29,892
389,29,583
390,29,343
391,29,982
392,29,712
393,29,875
394,29,829
395,29,286
396,29,266
397,29,715
398,29,469
399,29,305
0,30,460
1,30,279
2,30,375
3,30,655
4,30,666
5,30,954
6,30,1006
7,30,663
8,30,277
9,30,463
10,30,556
11,30,205
12,30,376
13,30,786
14,30,654
15,30,587
16,30,784
17,30,1008
18,30,520
19,30,312
20,30,710
21,30,0
22,30,435
23,30,199
24,30,781
25,30,592
26,30,219
27,30,287
28,30,901
29,30,142
30,30,428
31,30,491
32,30,981
33,30,179
34,30,739
35,30,149
36,30,529
37,30,542
38,30,752
39,30,527
40,30,997
41,30,632
42,30,668
43,30,108
44,30,67
45,30,650
46,30,848
47,30,244
48,30,696
49,30,767
50,30,464
51,30,595
52,30,783
53,30,484
54,30,933
55,30,971
56,30,534
57,30,231
58,30,185
59,30,559
60,30,779
61,30,476
62,30,748
63,30,847
64,30,775
65,30,681
66,30,492
67,30,877
68,30,432
69,30,749
70,30,462
71,30,424
72,30,649
73,30,659
74,30,307
75,30,506
76,30,647
77,30,235
78,30,713
79,30,751
80,30,667
81,30,682
82,30,586
83,30,257
84,30,250
85,30,664
86,30,990
87,30,311
88,30,970
89,30,686
90,30,715
91,30,461
92,30,624
93,30,251
94,30,820
95,30,884
96,30,310
97,30,883
98,30,466
99,30,553
100,30,1013
101,30,770
102,30,496
103,30,652
104,30,662
105,30,613
106,30,138
107,30,202
108,30,236
109,30,560
110,30,278
111,30,518
112,30,60
113,30,822
114,30,434
115,30,482
116,30,317
117,30,44
118,30,131
119,30,635
120,30,966
121,30,431
122,30,687
123,30,780
124,30,174
125,30,303
126,30,102
127,30,418
128,30,657
129,30,201
130,30,430
131,30,985
132,30,48
133,30,551
134,30,554
135,30,233
136,30,743
137,30,817
138,30,260
139,30,497
140,30,21
141,30,754
142,30,607
143,30,114
144,30,140
145,30,787
146,30,819
147,30,242
148,30,188
149,30,97
150,30,955
151,30,549
152,30,535
153,30,319
154,30,75
155,30,628
156,30,39
157,30,952
158,30,661
159,30,753
160,30,170
161,30,504
162,30,120
163,30,98
164,30,402
165,30,35
166,30,245
167,30,838
168,30,841
169,30,626
170,30,526
171,30,473
172,30,331
173,30,165
174,30,929
175,30,854
176,30,16
177,30,785
178,30,878
179,30,265
180,30,1003
181,30,921
182,30,809
183,30,762
184,30,293
185,30,335
186,30,843
187,30,52
188,30,256
189,30,807
190,30,334
191,30,525
192,30,203
193,30,906
194,30,581
195,30,938
196,30,519
197,30,988
198,30,824
199,30,309
200,30,410
201,30,755
202,30,855
203,30,738
204,30,80
205,30,88
206,30,454
207,30,200
208,30,571
209,30,660
210,30,218
211,30,699
212,30,800
213,30,76
214,30,178
215,30,137
216,30,916
217,30,771
218,30,566
219,30,897
220,30,953
221,30,366
222,30,28
223,30,494
224,30,596
225,30,579
226,30,885
227,30,1020
228,30,298
229,30,808
230,30,252
231,30,27
232,30,36
233,30,184
234,30,793
235,30,220
236,30,378
237,30,55
238,30,772
239,30,429
240,30,210
241,30,558
242,30,407
243,30,794
244,30,533
245,30,904
246,30,590
247,30,426
248,30,175
249,30,318
250,30,341
251,30,1014
252,30,221
253,30,20
254,30,148
255,30,160
256,30,118
257,30,944
258,30,5
259,30,965
260,30,34
261,30,651
262,30,796
263,30,509
264,30,859
265,30,362
266,30,127
267,30,299
268,30,9
269,30,531
270,30,486
271,30,555
272,30,472
273,30,223
274,30,550
275,30,214
276,30,396
277,30,545
278,30,503
279,30,797
280,30,951
281,30,294
282,30,216
283,30,869
284,30,578
285,30,237
286,30,930
287,30,697
288,30,746
289,30,648
290,30,306
291,30,266
292,30,601
293,30,141
294,30,541
295,30,598
296,30,394
297,30,536
298,30,241
299,30,89
300,30,453
301,30,618
302,30,41
303,30,630
304,30,477
305,30,364
306,30,821
307,30,450
308,30,346
309,30,421
310,30,790
311,30,302
312,30,316
313,30,336
314,30,837
315,30,813
316,30,86
317,30,363
318,30,669
319,30,728
320,30,665
321,30,600
322,30,974
323,30,528
324,30,8
325,30,197
326,30,345
327,30,627
328,30,132
329,30,867
330,30,110
331,30,285
332,30,927
333,30,680
334,30,792
335,30,465
336,30,261
337,30,204
338,30,70
339,30,701
340,30,947
341,30,693
342,30,304
343,30,129
344,30,87
345,30,1005
346,30,795
347,30,408
348,30,737
349,30,976
350,30,342
351,30,187
352,30,912
353,30,619
354,30,442
355,30,485
356,30,989
357,30,799
358,30,552
359,30,563
360,30,420
361,30,562
362,30,1012
363,30,405
364,30,826
365,30,893
366,30,614
367,30,147
368,30,778
369,30,162
370,30,194
371,30,922
372,30,106
373,30,580
374,30,45
375,30,827
376,30,750
377,30,263
378,30,880
379,30,706
380,30,557
381,30,515
382,30,673
383,30,691
384,30,683
385,30,273
386,30,568
387,30,828
388,30,892
389,30,615
390,30,343
391,30,983
392,30,744
393,30,875
394,30,830
395,30,286
396,30,234
397,30,716
398,30,470
399,30,305
0,31,460
1,31,279
2,31,343
3,31,687
4,31,667
5,31,954
6,31,1006
7,31,664
8,31,276
9,31,431
10,31,556
11,31,173
12,31,344
13,31,786
14,31,655
15,31,619
16,31,783
17,31,1008
18,31,521
19,31,280
20,31,710
21,31,0
22,31,434
23,31,199
24,31,780
25,31,560
26,31,187
27,31,287
28,31,901
29,31,142
30,31,396
31,31,492
32,31,1013
33,31,178
34,31,707
35,31,149
36,31,497
37,31,510
38,31,784
39,31,559
40,31,997
41,31,600
42,31,668
43,31,107
44,31,67
45,31,682
46,31,880
47,31,212
48,31,697
49,31,767
50,31,463
51,31,627
52,31,782
53,31,484
54,31,933
55,31,1003
56,31,535
57,31,230
58,31,217
59,31,558
60,31,811
61,31,476
62,31,749
63,31,847
64,31,776
65,31,649
66,31,524
67,31,877
68,31,432
69,31,781
70,31,461
71,31,392
72,31,617
73,31,691
74,31,308
75,31,506
76,31,615
77,31,267
78,31,712
79,31,751
80,31,699
81,31,683
82,31,585
83,31,225
84,31,251
85,31,632
86,31,1022
87,31,310
88,31,969
89,31,686
90,31,747
91,31,429
92,31,656
93,31,219
94,31,821
95,31,852
96,31,278
97,31,883
98,31,467
99,31,553
100,31,1014
101,31,769
102,31,528
103,31,620
104,31,663
105,31,612
106,31,137
107,31,203
108,31,237
109,31,561
110,31,277
111,31,518
112,31,92
113,31,790
114,31,466
115,31,482
116,31,285
117,31,44
118,31,99
119,31,603
120,31,934
121,31,399
122,31,688
123,31,748
124,31,175
125,31,303
126,31,102
127,31,450
128,31,658
129,31,233
130,31,462
131,31,985
132,31,80
133,31,519
134,31,586
135,31,265
136,31,742
137,31,818
138,31,292
139,31,465
140,31,22
141,31,755
142,31,607
143,31,114
144,31,172
145,31,819
146,31,820
147,31,242
148,31,189
149,31,96
150,31,955
151,31,550
152,31,503
153,31,319
154,31,74
155,31,660
156,31,40
157,31,952
158,31,662
159,31,752
160,31,138
161,31,504
162,31,120
163,31,98
164,31,401
165,31,35
166,31,245
167,31,838
168,31,840
169,31,594
170,31,494
171,31,441
172,31,299
173,31,165
174,31,930
175,31,886
176,31,48
177,31,753
178,31,878
179,31,264
180,31,1004
181,31,921
182,31,809
183,31,794
184,31,261
185,31,336
186,31,843
187,31,20
188,31,256
189,31,775
190,31,335
191,31,525
192,31,235
193,31,938
194,31,580
195,31,939
196,31,520
197,31,956
198,31,792
199,31,309
200,31,410
201,31,787
202,31,854
203,31,770
204,31,81
205,31,89
206,31,486
207,31,201
208,31,571
209,31,661
210,31,218
211,31,700
212,31,832
213,31,75
214,31,146
215,31,136
216,31,916
217,31,772
218,31,566
219,31,929
220,31,953
221,31,334
222,31,60
223,31,493
224,31,628
225,31,578
226,31,884
227,31,1020
228,31,266
229,31,808
230,31,252
231,31,27
232,31,36
233,31,184
234,31,825
235,31,220
236,31,379
237,31,56
238,31,804
239,31,428
240,31,209
241,31,526
242,31,408
243,31,793
244,31,532
245,31,936
246,31,622
247,31,426
248,31,176
249,31,318
250,31,341
251,31,982
252,31,222
253,31,21
254,31,116
255,31,160
256,31,150
257,31,944
258,31,5
259,31,965
260,31,34
261,31,652
262,31,795
263,31,509
264,31,859
265,31,394
266,31,127
267,31,298
268,31,9
269,31,563
270,31,485
271,31,555
272,31,473
273,31,223
274,31,551
275,31,214
276,31,364
277,31,545
278,31,502
279,31,797
280,31,951
281,31,294
282,31,216
283,31,869
284,31,546
285,31,205
286,31,898
287,31,698
288,31,714
289,31,647
290,31,307
291,31,234
292,31,602
293,31,140
294,31,541
295,31,598
296,31,393
297,31,536
298,31,241
299,31,121
300,31,454
301,31,650
302,31,41
303,31,630
304,31,478
305,31,332
306,31,822
307,31,451
308,31,347
309,31,453
310,31,758
311,31,302
312,31,315
313,31,304
314,31,837
315,31,813
316,31,87
317,31,362
318,31,669
319,31,728
320,31,666
321,31,601
322,31,973
323,31,529
324,31,8
325,31,197
326,31,346
327,31,626
328,31,132
329,31,868
330,31,110
331,31,253
332,31,926
333,31,681
334,31,791
335,31,433
336,31,260
337,31,236
338,31,70
339,31,701
340,31,947
341,31,694
342,31,272
343,31,97
344,31,55
345,31,1005
346,31,827
347,31,376
348,31,737
349,31,976
350,31,374
351,31,186
352,31,912
353,31,618
354,31,442
355,31,517
356,31,990
357,31,799
358,31,552
359,31,564
360,31,421
361,31,562
362,31,1012
363,31,373
364,31,858
365,31,893
366,31,613
367,31,148
368,31,746
369,31,163
370,31,162
371,31,922
372,31,106
373,31,548
374,31,45
375,31,826
376,31,750
377,31,231
378,31,881
379,31,738
380,31,557
381,31,483
382,31,673
383,31,692
384,31,651
385,31,305
386,31,568
387,31,828
388,31,892
389,31,583
390,31,342
391,31,984
392,31,745
393,31,875
394,31,862
395,31,286
396,31,202
397,31,684
398,31,438
399,31,306
0,32,428
1,32,311
2,32,343
3,32,686
4,32,635
5,32,954
6,32,1006
7,32,665
8,32,277
9,32,431
10,32,556
11,32,141
12,32,345
13,32,786
14,32,687
15,32,619
16,32,784
17,32,1008
18,32,522
19,32,281
20,32,709
21,32,0
22,32,433
23,32,231
24,32,780
25,32,528
26,32,155
27,32,287
28,32,901
29,32,142
30,32,364
31,32,492
32,32,1013
33,32,177
34,32,675
35,32,150
36,32,498
37,32,509
38,32,816
39,32,558
40,32,998
41,32,601
42,32,668
43,32,107
44,32,67
45,32,683
46,32,912
47,32,211
48,32,698
49,32,767
50,32,463
51,32,627
52,32,782
53,32,484
54,32,965
55,32,1002
56,32,536
57,32,229
58,32,249
59,32,557
60,32,843
61,32,476
62,32,750
63,32,847
64,32,775
65,32,617
66,32,523
67,32,877
68,32,432
69,32,749
70,32,493
71,32,393
72,32,585
73,32,723
74,32,309
75,32,506
76,32,616
77,32,299
78,32,711
79,32,783
80,32,731
81,32,684
82,32,584
83,32,193
84,32,250
85,32,600
86,32,1021
87,32,278
88,32,969
89,32,654
90,32,779
91,32,429
92,32,688
93,32,187
94,32,822
95,32,851
96,32,279
97,32,883
98,32,435
99,32,553
100,32,982
101,32,769
102,32,496
103,32,620
104,32,664
105,32,613
106,32,136
107,32,235
108,32,238
109,32,560
110,32,245
111,32,518
112,32,93
113,32,790
114,32,434
115,32,481
116,32,253
117,32,44
118,32,100
119,32,604
120,32,933
121,32,399
122,32,689
123,32,748
124,32,176
125,32,335
126,32,102
127,32,482
128,32,659
129,32,265
130,32,461
131,32,953
132,32,112
133,32,519
134,32,587
135,32,266
136,32,710
137,32,850
138,32,291
139,32,465
140,32,23
141,32,755
142,32,607
143,32,114
144,32,173
145,32,818
146,32,852
147,32,242
148,32,190
149,32,96
150,32,955
151,32,550
152,32,502
153,32,319
154,32,73
155,32,692
156,32,8
157,32,952
158,32,663
159,32,753
160,32,137
161,32,504
162,32,120
163,32,98
164,32,400
165,32,35
166,32,246
167,32,838
168,32,839
169,32,562
170,32,462
171,32,473
172,32,298
173,32,165
174,32,929
175,32,887
176,32,80
177,32,721
178,32,878
179,32,263
180,32,1003
181,32,922
182,32,809
183,32,826
184,32,261
185,32,368
186,32,844
187,32,20
188,32,256
189,32,743
190,32,367
191,32,524
192,32,236
193,32,970
194,32,580
195,32,938
196,32,521
197,32,957
198,32,760
199,32,341
200,32,410
201,32,819
202,32,886
203,32,802
204,32,81
205,32,121
206,32,485
207,32,201
208,32,571
209,32,660
210,32,218
211,32,700
212,32,864
213,32,74
214,32,147
215,32,135
216,32,915
217,32,772
218,32,566
219,32,897
220,32,921
221,32,302
222,32,92
223,32,494
224,32,628
225,32,610
226,32,916
227,32,1020
228,32,234
229,32,840
230,32,251
231,32,27
232,32,36
233,32,184
234,32,857
235,32,219
236,32,347
237,32,88
238,32,836
239,32,396
240,32,208
241,32,526
242,32,376
243,32,794
244,32,532
245,32,968
246,32,623
247,32,426
248,32,144
249,32,318
250,32,373
251,32,981
252,32,254
253,32,22
254,32,148
255,32,160
256,32,151
257,32,944
258,32,5
259,32,997
260,32,34
261,32,651
262,32,763
263,32,508
264,32,858
265,32,362
266,32,127
267,32,330
268,32,10
269,32,595
270,32,517
271,32,555
272,32,474
273,32,223
274,32,551
275,32,214
276,32,363
277,32,545
278,32,534
279,32,797
280,32,951
281,32,294
282,32,216
283,32,870
284,32,514
285,32,204
286,32,930
287,32,699
288,32,713
289,32,615
290,32,308
291,32,202
292,32,602
293,32,140
294,32,541
295,32,630
296,32,394
297,32,568
298,32,241
299,32,122
300,32,486
301,32,649
302,32,41
303,32,662
304,32,510
305,32,331
306,32,823
307,32,450
308,32,315
309,32,454
310,32,757
311,32,301
312,32,283
313,32,336
314,32,837
315,32,813
316,32,119
317,32,361
318,32,669
319,32,728
320,32,667
321,32,633
322,32,972
323,32,497
324,32,9
325,32,197
326,32,346
327,32,658
328,32,132
329,32,869
330,32,110
331,32,252
332,32,894
333,32,682
334,32,792
335,32,401
336,32,228
337,32,237
338,32,70
339,32,701
340,32,947
341,32,695
342,32,304
343,32,65
344,32,54
345,32,1005
346,32,859
347,32,344
348,32,737
349,32,976
350,32,375
351,32,185
352,32,913
353,32,618
354,32,442
355,32,549
356,32,991
357,32,799
358,32,552
359,32,563
360,32,453
361,32,561
362,32,1012
363,32,405
364,32,890
365,32,893
366,32,645
367,32,149
368,32,714
369,32,164
370,32,162
371,32,923
372,32,106
373,32,516
374,32,45
375,32,827
376,32,751
377,32,230
378,32,849
379,32,770
380,32,525
381,32,451
382,32,673
383,32,693
384,32,650
385,32,305
386,32,567
387,32,828
388,32,892
389,32,583
390,32,342
391,32,985
392,32,746
393,32,875
394,32,862
395,32,286
396,32,203
397,32,652
398,32,406
399,32,307
0,33,396
1,33,310
2,33,344
3,33,654
4,33,603
5,33,954
6,33,1006
7,33,665
8,33,278
9,33,463
10,33,524
11,33,140
12,33,346
13,33,786
14,33,688
15,33,618
16,33,784
17,33,1008
18,33,521
19,33,280
20,33,710
21,33,0
22,33,432
23,33,230
24,33,779
25,33,529
26,33,155
27,33,287
28,33,902
29,33,142
30,33,332
31,33,460
32,33,1013
33,33,176
34,33,643
35,33,149
36,33,466
37,33,477
38,33,815
39,33,590
40,33,997
41,33,602
42,33,667
43,33,107
44,33,67
45,33,715
46,33,911
47,33,210
48,33,666
49,33,767
50,33,462
51,33,659
52,33,781
53,33,485
54,33,933
55,33,1002
56,33,537
57,33,261
58,33,281
59,33,556
60,33,842
61,33,476
62,33,751
63,33,847
64,33,775
65,33,585
66,33,522
67,33,877
68,33,400
69,33,749
70,33,492
71,33,394
72,33,553
73,33,755
74,33,277
75,33,506
76,33,615
77,33,298
78,33,679
79,33,782
80,33,763
81,33,685
82,33,616
83,33,194
84,33,251
85,33,568
86,33,1020
87,33,246
88,33,970
89,33,622
90,33,811
91,33,428
92,33,720
93,33,188
94,33,823
95,33,852
96,33,279
97,33,883
98,33,435
99,33,552
100,33,983
101,33,770
102,33,528
103,33,619
104,33,696
105,33,613
106,33,104
107,33,267
108,33,239
109,33,592
110,33,244
111,33,486
112,33,61
113,33,790
114,33,434
115,33,449
116,33,221
117,33,44
118,33,101
119,33,605
120,33,932
121,33,431
122,33,690
123,33,748
124,33,208
125,33,334
126,33,102
127,33,483
128,33,660
129,33,264
130,33,493
131,33,985
132,33,80
133,33,519
134,33,587
135,33,234
136,33,678
137,33,882
138,33,323
139,33,433
140,33,55
141,33,754
142,33,607
143,33,114
144,33,173
145,33,819
146,33,820
147,33,242
148,33,190
149,33,96
150,33,955
151,33,549
152,33,534
153,33,319
154,33,74
155,33,693
156,33,9
157,33,952
158,33,664
159,33,785
160,33,136
161,33,504
162,33,120
163,33,98
164,33,401
165,33,35
166,33,245
167,33,870
168,33,838
169,33,563
170,33,461
171,33,473
172,33,266
173,33,165
174,33,897
175,33,855
176,33,81
177,33,689
178,33,878
179,33,295
180,33,1003
181,33,921
182,33,809
183,33,858
184,33,260
185,33,336
186,33,843
187,33,20
188,33,256
189,33,743
190,33,368
191,33,525
192,33,237
193,33,938
194,33,580
195,33,939
196,33,489
197,33,957
198,33,728
199,33,309
200,33,410
201,33,851
202,33,885
203,33,834
204,33,113
205,33,122
206,33,517
207,33,233
208,33,571
209,33,692
210,33,218
211,33,700
212,33,896
213,33,106
214,33,179
215,33,134
216,33,947
217,33,772
218,33,566
219,33,898
220,33,953
221,33,301
222,33,124
223,33,526
224,33,627
225,33,610
226,33,915
227,33,1019
228,33,202
229,33,841
230,33,252
231,33,27
232,33,36
233,33,184
234,33,857
235,33,219
236,33,315
237,33,89
238,33,868
239,33,364
240,33,207
241,33,558
242,33,377
243,33,794
244,33,532
245,33,969
246,33,655
247,33,426
248,33,112
249,33,318
250,33,341
251,33,982
252,33,286
253,33,23
254,33,148
255,33,160
256,33,183
257,33,944
258,33,5
259,33,965
260,33,34
261,33,650
262,33,762
263,33,509
264,33,859
265,33,363
266,33,127
267,33,330
268,33,10
269,33,595
270,33,518
271,33,555
272,33,442
273,33,223
274,33,550
275,33,214
276,33,331
277,33,545
278,33,533
279,33,797
280,33,951
281,33,294
282,33,216
283,33,869
284,33,482
285,33,204
286,33,930
287,33,698
288,33,745
289,33,614
290,33,276
291,33,201
292,33,570
293,33,139
294,33,541
295,33,630
296,33,362
297,33,567
298,33,241
299,33,123
300,33,454
301,33,648
302,33,40
303,33,662
304,33,511
305,33,299
306,33,824
307,33,418
308,33,316
309,33,422
310,33,725
311,33,333
312,33,283
313,33,335
314,33,837
315,33,813
316,33,119
317,33,393
318,33,668
319,33,727
320,33,699
321,33,632
322,33,971
323,33,496
324,33,41
325,33,197
326,33,347
327,33,658
328,33,132
329,33,901
330,33,110
331,33,253
332,33,894
333,33,683
334,33,792
335,33,369
336,33,228
337,33,205
338,33,70
339,33,701
340,33,948
341,33,695
342,33,304
343,33,33
344,33,54
345,33,1005
346,33,827
347,33,345
348,33,737
349,33,976
350,33,407
351,33,153
352,33,912
353,33,617
354,33,441
355,33,581
356,33,991
357,33,799
358,33,584
359,33,531
360,33,453
361,33,560
362,33,1012
363,33,373
364,33,922
365,33,893
366,33,677
367,33,117
368,33,713
369,33,164
370,33,162
371,33,923
372,33,105
373,33,484
374,33,45
375,33,826
376,33,719
377,33,229
378,33,849
379,33,802
380,33,557
381,33,419
382,33,673
383,33,694
384,33,682
385,33,305
386,33,535
387,33,828
388,33,892
389,33,583
390,33,343
391,33,986
392,33,747
393,33,875
394,33,862
395,33,285
396,33,171
397,33,620
398,33,374
399,33,308
0,34,364
1,34,278
2,34,345
3,34,653
4,34,571
5,34,953
6,34,1006
7,34,666
8,34,279
9,34,463
10,34,525
11,34,139
12,34,347
13,34,786
14,34,689
15,34,618
16,34,784
17,34,1008
18,34,520
19,34,281
20,34,710
21,34,0
22,34,431
23,34,230
24,34,747
25,34,497
26,34,155
27,34,287
28,34,901
29,34,142
30,34,333
31,34,492
32,34,1013
33,34,144
34,34,643
35,34,149
36,34,467
37,34,476
38,34,814
39,34,622
40,34,997
41,34,603
42,34,635
43,34,107
44,34,99
45,34,714
46,34,911
47,34,209
48,34,667
49,34,767
50,34,461
51,34,659
52,34,813
53,34,453
54,34,933
55,34,1002
56,34,537
57,34,293
58,34,313
59,34,524
60,34,841
61,34,508
62,34,752
63,34,847
64,34,775
65,34,553
66,34,554
67,34,877
68,34,432
69,34,749
70,34,491
71,34,362
72,34,521
73,34,787
74,34,245
75,34,506
76,34,614
77,34,297
78,34,678
79,34,781
80,34,762
81,34,717
82,34,615
83,34,162
84,34,251
85,34,569
86,34,1019
87,34,246
88,34,969
89,34,654
90,34,812
91,34,396
92,34,719
93,34,220
94,34,824
95,34,820
96,34,280
97,34,884
98,34,435
99,34,584
100,34,951
101,34,770
102,34,528
103,34,620
104,34,664
105,34,612
106,34,105
107,34,266
108,34,239
109,34,624
110,34,212
111,34,485
112,34,60
113,34,790
114,34,434
115,34,450
116,34,189
117,34,44
118,34,101
119,34,606
120,34,932
121,34,399
122,34,691
123,34,780
124,34,176
125,34,366
126,34,102
127,34,515
128,34,661
129,34,264
130,34,493
131,34,985
132,34,48
133,34,518
134,34,619
135,34,202
136,34,646
137,34,914
138,34,322
139,34,401
140,34,87
141,34,722
142,34,607
143,34,114
144,34,173
145,34,819
146,34,788
147,34,242
148,34,190
149,34,96
150,34,955
151,34,550
152,34,566
153,34,319
154,34,75
155,34,694
156,34,10
157,34,920
158,34,665
159,34,785
160,34,104
161,34,504
162,34,120
163,34,98
164,34,400
165,34,67
166,34,213
167,34,838
168,34,837
169,34,531
170,34,460
171,34,473
172,34,298
173,34,165
174,34,865
175,34,854
176,34,113
177,34,657
178,34,878
179,34,294
180,34,1003
181,34,921
182,34,809
183,34,890
184,34,260
185,34,368
186,34,843
187,34,20
188,34,256
189,34,743
190,34,369
191,34,526
192,34,237
193,34,938
194,34,580
195,34,939
196,34,490
197,34,957
198,34,696
199,34,308
200,34,409
201,34,883
202,34,885
203,34,866
204,34,112
205,34,154
206,34,549
207,34,201
208,34,539
209,34,724
210,34,218
211,34,699
212,34,928
213,34,138
214,34,179
215,34,133
216,34,948
217,34,772
218,34,565
219,34,897
220,34,952
221,34,269
222,34,156
223,34,558
224,34,627
225,34,610
226,34,947
227,34,987
228,34,170
229,34,873
230,34,252
231,34,27
232,34,36
233,34,216
234,34,857
235,34,219
236,34,283
237,34,89
238,34,869
239,34,363
240,34,206
241,34,559
242,34,378
243,34,794
244,34,532
245,34,1001
246,34,687
247,34,394
248,34,80
249,34,350
250,34,309
251,34,982
252,34,318
253,34,55
254,34,148
255,34,160
256,34,184
257,34,944
258,34,5
259,34,965
260,34,35
261,34,649
262,34,730
263,34,509
264,34,827
265,34,331
266,34,127
267,34,330
268,34,42
269,34,595
270,34,486
271,34,555
272,34,410
273,34,223
274,34,551
275,34,214
276,34,299
277,34,545
278,34,534
279,34,797
280,34,919
281,34,326
282,34,215
283,34,870
284,34,481
285,34,172
286,34,930
287,34,697
288,34,777
289,34,613
290,34,244
291,34,200
292,34,602
293,34,171
294,34,541
295,34,630
296,34,361
297,34,535
298,34,241
299,34,91
300,34,422
301,34,647
302,34,41
303,34,662
304,34,511
305,34,267
306,34,856
307,34,386
308,34,315
309,34,421
310,34,725
311,34,334
312,34,284
313,34,335
314,34,805
315,34,845
316,34,119
317,34,392
318,34,668
319,34,728
320,34,731
321,34,632
322,34,970
323,34,496
324,34,9
325,34,197
326,34,348
327,34,658
328,34,132
329,34,900
330,34,110
331,34,285
332,34,894
333,34,684
334,34,792
335,34,370
336,34,228
337,34,204
338,34,70
339,34,701
340,34,980
341,34,727
342,34,336
343,34,34
344,34,54
345,34,1005
346,34,826
347,34,346
348,34,737
349,34,976
350,34,439
351,34,121
352,34,912
353,34,616
354,34,442
355,34,581
356,34,991
357,34,799
358,34,585
359,34,499
360,34,454
361,34,560
362,34,1012
363,34,341
364,34,954
365,34,893
366,34,709
367,34,85
368,34,681
369,34,164
370,34,130
371,34,922
372,34,106
373,34,483
374,34,45
375,34,825
376,34,751
377,34,261
378,34,849
379,34,834
380,34,557
381,34,387
382,34,673
383,34,695
384,34,682
385,34,305
386,34,536
387,34,828
388,34,892
389,34,583
390,34,343
391,34,986
392,34,748
393,34,875
394,34,862
395,34,286
396,34,203
397,34,588
398,34,342
399,34,276
0,35,332
1,35,246
2,35,346
3,35,652
4,35,539
5,35,954
6,35,1006
7,35,667
8,35,311
9,35,462
10,35,557
11,35,138
12,35,315
13,35,786
14,35,690
15,35,618
16,35,784
17,35,1008
18,35,552
19,35,249
20,35,710
21,35,0
22,35,463
23,35,230
24,35,746
25,35,498
26,35,123
27,35,287
28,35,869
29,35,142
30,35,334
31,35,491
32,35,1013
33,35,112
34,35,643
35,35,149
36,35,468
37,35,444
38,35,782
39,35,621
40,35,997
41,35,571
42,35,603
43,35,107
44,35,67
45,35,713
46,35,911
47,35,208
48,35,635
49,35,767
50,35,493
51,35,691
52,35,814
53,35,454
54,35,933
55,35,1003
56,35,537
57,35,294
58,35,345
59,35,492
60,35,840
61,35,476
62,35,753
63,35,847
64,35,775
65,35,521
66,35,553
67,35,877
68,35,433
69,35,781
70,35,523
71,35,361
72,35,520
73,35,819
74,35,213
75,35,506
76,35,615
77,35,297
78,35,678
79,35,780
80,35,794
81,35,717
82,35,616
83,35,130
84,35,251
85,35,570
86,35,1018
87,35,214
88,35,968
89,35,686
90,35,813
91,35,364
92,35,751
93,35,220
94,35,825
95,35,821
96,35,281
97,35,883
98,35,435
99,35,585
100,35,952
101,35,770
102,35,560
103,35,620
104,35,665
105,35,580
106,35,105
107,35,267
108,35,239
109,35,623
110,35,211
111,35,484
112,35,60
113,35,790
114,35,434
115,35,450
116,35,190
117,35,44
118,35,101
119,35,606
120,35,900
121,35,431
122,35,692
123,35,748
124,35,176
125,35,367
126,35,102
127,35,516
128,35,629
129,35,264
130,35,525
131,35,985
132,35,16
133,35,517
134,35,619
135,35,170
136,35,614
137,35,914
138,35,354
139,35,369
140,35,119
141,35,722
142,35,607
143,35,146
144,35,173
145,35,818
146,35,820
147,35,242
148,35,222
149,35,96
150,35,955
151,35,518
152,35,534
153,35,319
154,35,75
155,35,695
156,35,11
157,35,920
158,35,666
159,35,785
160,35,104
161,35,504
162,35,88
163,35,66
164,35,432
165,35,68
166,35,212
167,35,838
168,35,836
169,35,531
170,35,461
171,35,473
172,35,266
173,35,165
174,35,865
175,35,854
176,35,114
177,35,658
178,35,878
179,35,326
180,35,971
181,35,921
182,35,809
183,35,922
184,35,261
185,35,368
186,35,843
187,35,20
188,35,256
189,35,743
190,35,370
191,35,526
192,35,238
193,35,970
194,35,548
195,35,938
196,35,490
197,35,957
198,35,664
199,35,307
200,35,410
201,35,915
202,35,884
203,35,898
204,35,80
205,35,155
206,35,581
207,35,202
208,35,507
209,35,723
210,35,218
211,35,699
212,35,960
213,35,137
214,35,179
215,35,132
216,35,916
217,35,772
218,35,566
219,35,929
220,35,953
221,35,237
222,35,156
223,35,590
224,35,627
225,35,610
226,35,946
227,35,988
228,35,171
229,35,874
230,35,252
231,35,27
232,35,36
233,35,184
234,35,857
235,35,219
236,35,284
237,35,121
238,35,837
239,35,362
240,35,205
241,35,527
242,35,379
243,35,793
244,35,532
245,35,1002
246,35,719
247,35,394
248,35,48
249,35,349
250,35,308
251,35,982
252,35,350
253,35,87
254,35,148
255,35,160
256,35,185
257,35,944
258,35,5
259,35,965
260,35,3
261,35,649
262,35,762
263,35,509
264,35,827
265,35,363
266,35,127
267,35,331
268,35,10
269,35,595
270,35,485
271,35,555
272,35,378
273,35,223
274,35,550
275,35,215
276,35,298
277,35,545
278,35,535
279,35,797
280,35,951
281,35,327
282,35,216
283,35,870
284,35,449
285,35,204
286,35,930
287,35,697
288,35,778
289,35,612
290,35,245
291,35,201
292,35,601
293,35,172
294,35,541
295,35,630
296,35,393
297,35,503
298,35,241
299,35,92
300,35,422
301,35,646
302,35,41
303,35,662
304,35,511
305,35,235
306,35,855
307,35,386
308,35,283
309,35,420
310,35,725
311,35,366
312,35,316
313,35,335
314,35,805
315,35,845
316,35,118
317,35,424
318,35,668
319,35,760
320,35,763
321,35,632
322,35,969
323,35,496
324,35,8
325,35,197
326,35,380
327,35,659
328,35,131
329,35,901
330,35,110
331,35,285
332,35,894
333,35,685
334,35,792
335,35,338
336,35,228
337,35,236
338,35,70
339,35,701
340,35,948
341,35,728
342,35,336
343,35,35
344,35,54
345,35,1005
346,35,858
347,35,347
348,35,737
349,35,976
350,35,471
351,35,120
352,35,912
353,35,648
354,35,442
355,35,613
356,35,991
357,35,799
358,35,617
359,35,499
360,35,486
361,35,559
362,35,1012
363,35,309
364,35,986
365,35,893
366,35,708
367,35,85
368,35,681
369,35,164
370,35,98
371,35,923
372,35,106
373,35,451
374,35,45
375,35,826
376,35,752
377,35,293
378,35,849
379,35,834
380,35,558
381,35,355
382,35,673
383,35,696
384,35,682
385,35,305
386,35,568
387,35,828
388,35,892
389,35,583
390,35,344
391,35,987
392,35,749
393,35,875
394,35,862
395,35,286
396,35,203
397,35,556
398,35,343
399,35,244
0,36,333
1,36,246
2,36,347
3,36,651
4,36,507
5,36,986
6,36,1006
7,36,668
8,36,311
9,36,461
10,36,558
11,36,106
12,36,283
13,36,787
14,36,691
15,36,618
16,36,784
17,36,1008
18,36,520
19,36,217
20,36,709
21,36,0
22,36,462
23,36,230
24,36,714
25,36,499
26,36,155
27,36,287
28,36,901
29,36,142
30,36,335
31,36,492
32,36,1013
33,36,80
34,36,643
35,36,149
36,36,469
37,36,412
38,36,781
39,36,653
40,36,997
41,36,571
42,36,602
43,36,107
44,36,66
45,36,712
46,36,911
47,36,207
48,36,603
49,36,767
50,36,525
51,36,723
52,36,782
53,36,486
54,36,933
55,36,971
56,36,537
57,36,295
58,36,377
59,36,460
60,36,839
61,36,476
62,36,754
63,36,847
64,36,775
65,36,522
66,36,552
67,36,877
68,36,434
69,36,749
70,36,555
71,36,329
72,36,521
73,36,819
74,36,214
75,36,506
76,36,614
77,36,297
78,36,710
79,36,779
80,36,826
81,36,717
82,36,615
83,36,131
84,36,219
85,36,538
86,36,1017
87,36,215
88,36,967
89,36,654
90,36,845
91,36,363
92,36,783
93,36,220
94,36,857
95,36,822
96,36,249
97,36,851
98,36,436
99,36,617
100,36,953
101,36,770
102,36,528
103,36,652
104,36,666
105,36,581
106,36,137
107,36,299
108,36,239
109,36,655
110,36,179
111,36,483
112,36,60
113,36,790
114,36,435
115,36,450
116,36,158
117,36,44
118,36,101
119,36,606
120,36,868
121,36,431
122,36,693
123,36,748
124,36,176
125,36,366
126,36,102
127,36,516
128,36,597
129,36,264
130,36,557
131,36,984
132,36,16
133,36,518
134,36,619
135,36,170
136,36,613
137,36,946
138,36,386
139,36,370
140,36,151
141,36,721
142,36,607
143,36,114
144,36,173
145,36,786
146,36,852
147,36,242
148,36,190
149,36,96
150,36,955
151,36,519
152,36,534
153,36,319
154,36,75
155,36,695
156,36,11
157,36,952
158,36,667
159,36,785
160,36,104
161,36,504
162,36,120
163,36,98
164,36,433
165,36,67
166,36,244
167,36,838
168,36,835
169,36,532
170,36,493
171,36,473
172,36,267
173,36,165
174,36,865
175,36,854
176,36,115
177,36,659
178,36,878
179,36,358
180,36,970
181,36,921
182,36,809
183,36,954
184,36,261
185,36,369
186,36,843
187,36,20
188,36,256
189,36,743
190,36,371
191,36,494
192,36,237
193,36,938
194,36,548
195,36,906
196,36,490
197,36,957
198,36,632
199,36,307
200,36,410
201,36,916
202,36,883
203,36,930
204,36,81
205,36,156
206,36,549
207,36,234
208,36,508
209,36,722
210,36,186
211,36,699
212,36,960
213,36,136
214,36,178
215,36,164
216,36,884
217,36,772
218,36,566
219,36,929
220,36,985
221,36,205
222,36,124
223,36,622
224,36,628
225,36,610
226,36,945
227,36,1020
228,36,172
229,36,875
230,36,253
231,36,27
232,36,68
233,36,184
234,36,858
235,36,218
236,36,252
237,36,122
238,36,869
239,36,361
240,36,206
241,36,526
242,36,379
243,36,794
244,36,564
245,36,1003
246,36,751
247,36,393
248,36,48
249,36,317
250,36,340
251,36,982
252,36,382
253,36,88
254,36,148
255,36,160
256,36,185
257,36,944
258,36,5
259,36,965
260,36,35
261,36,648
262,36,763
263,36,509
264,36,828
265,36,331
266,36,127
267,36,332
268,36,9
269,36,595
270,36,453
271,36,554
272,36,346
273,36,223
274,36,550
275,36,183
276,36,266
277,36,545
278,36,503
279,36,797
280,36,951
281,36,326
282,36,216
283,36,870
284,36,417
285,36,204
286,36,962
287,36,697
288,36,810
289,36,580
290,36,213
291,36,202
292,36,601
293,36,140
294,36,541
295,36,630
296,36,392
297,36,471
298,36,241
299,36,93
300,36,454
301,36,678
302,36,41
303,36,662
304,36,511
305,36,203
306,36,823
307,36,387
308,36,251
309,36,420
310,36,725
311,36,398
312,36,316
313,36,367
314,36,837
315,36,844
316,36,118
317,36,424
318,36,700
319,36,728
320,36,795
321,36,600
322,36,968
323,36,496
324,36,8
325,36,197
326,36,381
327,36,627
328,36,132
329,36,900
330,36,110
331,36,285
332,36,894
333,36,686
334,36,792
335,36,338
336,36,228
337,36,236
338,36,70
339,36,701
340,36,947
341,36,696
342,36,368
343,36,36
344,36,54
345,36,1005
346,36,859
347,36,315
348,36,737
349,36,976
350,36,472
351,36,119
352,36,912
353,36,647
354,36,442
355,36,645
356,36,991
357,36,799
358,36,616
359,36,531
360,36,485
361,36,560
362,36,1012
363,36,308
364,36,1018
365,36,893
366,36,707
367,36,85
368,36,681
369,36,163
370,36,130
371,36,922
372,36,105
373,36,451
374,36,45
375,36,827
376,36,752
377,36,292
378,36,849
379,36,834
380,36,559
381,36,355
382,36,673
383,36,664
384,36,682
385,36,305
386,36,568
387,36,796
388,36,892
389,36,583
390,36,345
391,36,988
392,36,750
393,36,876
394,36,862
395,36,286
396,36,171
397,36,524
398,36,344
399,36,245
0,37,301
1,37,245
2,37,315
3,37,683
4,37,475
5,37,987
6,37,1006
7,37,669
8,37,311
9,37,462
10,37,557
11,37,105
12,37,251
13,37,819
14,37,692
15,37,618
16,37,784
17,37,1008
18,37,520
19,37,185
20,37,709
21,37,0
22,37,494
23,37,230
24,37,713
25,37,467
26,37,155
27,37,287
28,37,933
29,37,142
30,37,303
31,37,492
32,37,1013
33,37,48
34,37,643
35,37,149
36,37,470
37,37,380
38,37,780
39,37,685
40,37,997
41,37,570
42,37,602
43,37,107
44,37,67
45,37,744
46,37,910
47,37,175
48,37,571
49,37,767
50,37,524
51,37,723
52,37,782
53,37,487
54,37,934
55,37,1003
56,37,537
57,37,263
58,37,409
59,37,428
60,37,839
61,37,476
62,37,755
63,37,847
64,37,775
65,37,521
66,37,584
67,37,909
68,37,433
69,37,750
70,37,587
71,37,330
72,37,553
73,37,851
74,37,214
75,37,506
76,37,613
77,37,297
78,37,742
79,37,779
80,37,858
81,37,749
82,37,614
83,37,99
84,37,187
85,37,538
86,37,1016
87,37,216
88,37,966
89,37,686
90,37,845
91,37,362
92,37,815
93,37,221
94,37,889
95,37,823
96,37,250
97,37,883
98,37,435
99,37,617
100,37,954
101,37,770
102,37,560
103,37,652
104,37,667
105,37,580
106,37,137
107,37,267
108,37,239
109,37,655
110,37,178
111,37,482
112,37,60
113,37,790
114,37,434
115,37,450
116,37,126
117,37,44
118,37,101
119,37,606
120,37,868
121,37,431
122,37,694
123,37,748
124,37,176
125,37,334
126,37,102
127,37,516
128,37,565
129,37,264
130,37,589
131,37,985
132,37,15
133,37,550
134,37,619
135,37,170
136,37,612
137,37,978
138,37,418
139,37,338
140,37,151
141,37,722
142,37,607
143,37,114
144,37,174
145,37,787
146,37,852
147,37,242
148,37,190
149,37,96
150,37,955
151,37,518
152,37,534
153,37,319
154,37,75
155,37,695
156,37,11
157,37,952
158,37,635
159,37,785
160,37,103
161,37,505
162,37,120
163,37,98
164,37,465
165,37,35
166,37,212
167,37,838
168,37,867
169,37,531
170,37,461
171,37,473
172,37,266
173,37,133
174,37,865
175,37,854
176,37,115
177,37,660
178,37,878
179,37,326
180,37,1002
181,37,921
182,37,809
183,37,986
184,37,261
185,37,370
186,37,843
187,37,20
188,37,256
189,37,743
190,37,403
191,37,526
192,37,237
193,37,970
194,37,548
195,37,938
196,37,490
197,37,957
198,37,600
199,37,308
200,37,410
201,37,948
202,37,884
203,37,962
204,37,80
205,37,188
206,37,581
207,37,233
208,37,540
209,37,754
210,37,186
211,37,699
212,37,960
213,37,135
214,37,146
215,37,165
216,37,916
217,37,772
218,37,566
219,37,929
220,37,953
221,37,173
222,37,156
223,37,654
224,37,627
225,37,610
226,37,944
227,37,1020
228,37,172
229,37,876
230,37,252
231,37,27
232,37,36
233,37,183
234,37,857
235,37,218
236,37,220
237,37,154
238,37,869
239,37,393
240,37,205
241,37,525
242,37,347
243,37,794
244,37,532
245,37,1004
246,37,783
247,37,394
248,37,16
249,37,318
250,37,341
251,37,982
252,37,414
253,37,88
254,37,148
255,37,160
256,37,184
257,37,912
258,37,5
259,37,965
260,37,34
261,37,647
262,37,763
263,37,509
264,37,828
265,37,363
266,37,127
267,37,331
268,37,9
269,37,595
270,37,454
271,37,555
272,37,346
273,37,223
274,37,549
275,37,215
276,37,265
277,37,545
278,37,502
279,37,797
280,37,951
281,37,294
282,37,217
283,37,870
284,37,385
285,37,204
286,37,994
287,37,665
288,37,842
289,37,579
290,37,213
291,37,202
292,37,633
293,37,140
294,37,541
295,37,630
296,37,392
297,37,503
298,37,241
299,37,93
300,37,422
301,37,710
302,37,41
303,37,662
304,37,511
305,37,171
306,37,791
307,37,386
308,37,219
309,37,420
310,37,725
311,37,430
312,37,284
313,37,335
314,37,837
315,37,812
316,37,117
317,37,424
318,37,668
319,37,728
320,37,827
321,37,601
322,37,967
323,37,496
324,37,8
325,37,197
326,37,381
327,37,626
328,37,132
329,37,901
330,37,110
331,37,285
332,37,894
333,37,687
334,37,792
335,37,306
336,37,228
337,37,236
338,37,70
339,37,701
340,37,947
341,37,697
342,37,400
343,37,37
344,37,54
345,37,1005
346,37,859
347,37,316
348,37,737
349,37,976
350,37,504
351,37,118
352,37,911
353,37,646
354,37,442
355,37,677
356,37,991
357,37,799
358,37,616
359,37,499
360,37,453
361,37,559
362,37,1012
363,37,276
364,37,1018
365,37,893
366,37,706
367,37,85
368,37,681
369,37,164
370,37,162
371,37,922
372,37,104
373,37,451
374,37,45
375,37,826
376,37,752
377,37,291
378,37,849
379,37,834
380,37,558
381,37,355
382,37,673
383,37,664
384,37,682
385,37,305
386,37,568
387,37,796
388,37,892
389,37,615
390,37,377
391,37,956
392,37,751
393,37,877
394,37,862
395,37,286
396,37,139
397,37,523
398,37,345
399,37,244
0,38,301
1,38,213
2,38,316
3,38,683
4,38,443
5,38,955
6,38,1006
7,38,669
8,38,311
9,38,463
10,38,557
11,38,137
12,38,219
13,38,818
14,38,693
15,38,618
16,38,784
17,38,1008
18,38,520
19,38,184
20,38,710
21,38,0
22,38,526
23,38,230
24,38,713
25,38,468
26,38,123
27,38,287
28,38,932
29,38,142
30,38,304
31,38,492
32,38,1013
33,38,47
34,38,643
35,38,149
36,38,471
37,38,380
38,38,779
39,38,717
40,38,997
41,38,571
42,38,602
43,38,106
44,38,67
45,38,776
46,38,911
47,38,174
48,38,539
49,38,767
50,38,524
51,38,755
52,38,781
53,38,487
54,38,933
55,38,1002
56,38,537
57,38,231
58,38,441
59,38,396
60,38,839
61,38,476
62,38,787
63,38,847
64,38,775
65,38,521
66,38,583
67,38,909
68,38,433
69,38,751
70,38,619
71,38,331
72,38,585
73,38,883
74,38,215
75,38,506
76,38,614
77,38,297
78,38,743
79,38,747
80,38,890
81,38,750
82,38,646
83,38,99
84,38,187
85,38,538
86,38,984
87,38,217
88,38,998
89,38,686
90,38,877
91,38,330
92,38,814
93,38,221
94,38,889
95,38,855
96,38,251
97,38,882
98,38,435
99,38,617
100,38,922
101,38,770
102,38,560
103,38,652
104,38,635
105,38,581
106,38,138
107,38,267
108,38,239
109,38,656
110,38,146
111,38,481
112,38,60
113,38,790
114,38,434
115,38,449
116,38,94
117,38,44
118,38,101
119,38,606
120,38,868
121,38,431
122,38,695
123,38,748
124,38,176
125,38,302
126,38,102
127,38,516
128,38,533
129,38,263
130,38,621
131,38,985
132,38,16
133,38,551
134,38,620
135,38,171
136,38,580
137,38,978
138,38,450
139,38,306
140,38,150
141,38,723
142,38,607
143,38,114
144,38,173
145,38,819
146,38,852
147,38,242
148,38,190
149,38,96
150,38,954
151,38,550
152,38,534
153,38,319
154,38,75
155,38,696
156,38,11
157,38,952
158,38,603
159,38,785
160,38,104
161,38,504
162,38,120
163,38,98
164,38,465
165,38,35
166,38,211
167,38,838
168,38,866
169,38,531
170,38,461
171,38,473
172,38,298
173,38,132
174,38,865
175,38,854
176,38,115
177,38,661
178,38,878
179,38,326
180,38,1001
181,38,921
182,38,809
183,38,987
184,38,261
185,38,371
186,38,843
187,38,20
188,38,256
189,38,744
190,38,404
191,38,525
192,38,237
193,38,970
194,38,548
195,38,938
196,38,490
197,38,958
198,38,568
199,38,309
200,38,410
201,38,949
202,38,916
203,38,963
204,38,80
205,38,189
206,38,613
207,38,201
208,38,540
209,38,786
210,38,218
211,38,667
212,38,960
213,38,135
214,38,147
215,38,133
216,38,915
217,38,772
218,38,566
219,38,929
220,38,953
221,38,141
222,38,156
223,38,655
224,38,659
225,38,610
226,38,943
227,38,1020
228,38,172
229,38,908
230,38,252
231,38,27
232,38,36
233,38,151
234,38,857
235,38,250
236,38,188
237,38,155
238,38,901
239,38,392
240,38,205
241,38,493
242,38,315
243,38,794
244,38,532
245,38,1005
246,38,782
247,38,393
248,38,48
249,38,318
250,38,373
251,38,982
252,38,413
253,38,88
254,38,148
255,38,160
256,38,216
257,38,944
258,38,5
259,38,965
260,38,34
261,38,648
262,38,763
263,38,509
264,38,827
265,38,364
266,38,127
267,38,299
268,38,9
269,38,627
270,38,422
271,38,555
272,38,347
273,38,223
274,38,549
275,38,183
276,38,264
277,38,545
278,38,503
279,38,797
280,38,951
281,38,294
282,38,185
283,38,869
284,38,353
285,38,204
286,38,962
287,38,697
288,38,842
289,38,547
290,38,212
291,38,202
292,38,601
293,38,140
294,38,541
295,38,630
296,38,424
297,38,535
298,38,241
299,38,93
300,38,390
301,38,742
302,38,41
303,38,662
304,38,511
305,38,139
306,38,823
307,38,386
308,38,220
309,38,420
310,38,725
311,38,462
312,38,283
313,38,334
314,38,837
315,38,813
316,38,118
317,38,423
318,38,668
319,38,728
320,38,859
321,38,600
322,38,966
323,38,496
324,38,8
325,38,197
326,38,381
327,38,658
328,38,100
329,38,902
330,38,110
331,38,285
332,38,894
333,38,688
334,38,792
335,38,305
336,38,228
337,38,236
338,38,70
339,38,701
340,38,947
341,38,698
342,38,432
343,38,38
344,38,54
345,38,973
346,38,858
347,38,317
348,38,737
349,38,976
350,38,536
351,38,86
352,38,912
353,38,645
354,38,442
355,38,709
356,38,991
357,38,799
358,38,584
359,38,499
360,38,453
361,38,558
362,38,1012
363,38,244
364,38,1018
365,38,893
366,38,705
367,38,85
368,38,681
369,38,164
370,38,162
371,38,923
372,38,105
373,38,451
374,38,45
375,38,826
376,38,753
377,38,323
378,38,849
379,38,834
380,38,590
381,38,355
382,38,673
383,38,664
384,38,682
385,38,273
386,38,567
387,38,828
388,38,892
389,38,647
390,38,376
391,38,957
392,38,752
393,38,876
394,38,862
395,38,286
396,38,107
397,38,523
398,38,346
399,38,245
0,39,301
1,39,181
2,39,284
3,39,683
4,39,475
5,39,954
6,39,974
7,39,669
8,39,311
9,39,463
10,39,556
11,39,105
12,39,187
13,39,786
14,39,694
15,39,586
16,39,752
17,39,1008
18,39,520
19,39,216
20,39,710
21,39,0
22,39,525
23,39,230
24,39,713
25,39,469
26,39,123
27,39,287
28,39,900
29,39,110
30,39,304
31,39,492
32,39,1013
33,39,48
34,39,643
35,39,149
36,39,439
37,39,380
38,39,811
39,39,717
40,39,997
41,39,570
42,39,601
43,39,74
44,39,67
45,39,808
46,39,911
47,39,142
48,39,540
49,39,767
50,39,523
51,39,787
52,39,780
53,39,487
54,39,901
55,39,970
56,39,538
57,39,199
58,39,442
59,39,364
60,39,839
61,39,476
62,39,819
63,39,847
64,39,775
65,39,521
66,39,584
67,39,908
68,39,432
69,39,783
70,39,618
71,39,331
72,39,617
73,39,915
74,39,214
75,39,506
76,39,615
77,39,297
78,39,742
79,39,779
80,39,858
81,39,751
82,39,645
83,39,99
84,39,186
85,39,539
86,39,983
87,39,218
88,39,966
89,39,686
90,39,909
91,39,298
92,39,814
93,39,222
94,39,890
95,39,887
96,39,252
97,39,883
98,39,435
99,39,616
100,39,923
101,39,770
102,39,560
103,39,652
104,39,603
105,39,581
106,39,137
107,39,267
108,39,239
109,39,655
110,39,114
111,39,449
112,39,60
113,39,790
114,39,434
115,39,450
116,39,62
117,39,44
118,39,101
119,39,606
120,39,868
121,39,431
122,39,696
123,39,748
124,39,176
125,39,334
126,39,102
127,39,515
128,39,501
129,39,231
130,39,653
131,39,985
132,39,16
133,39,550
134,39,619
135,39,172
136,39,548
137,39,978
138,39,482
139,39,274
140,39,151
141,39,724
142,39,607
143,39,115
144,39,173
145,39,818
146,39,852
147,39,242
148,39,190
149,39,96
150,39,922
151,39,518
152,39,534
153,39,319
154,39,76
155,39,728
156,39,11
157,39,952
158,39,571
159,39,784
160,39,104
161,39,504
162,39,120
163,39,98
164,39,433
165,39,35
166,39,243
167,39,838
168,39,898
169,39,531
170,39,462
171,39,473
172,39,266
173,39,164
174,39,865
175,39,854
176,39,147
177,39,662
178,39,878
179,39,326
180,39,1002
181,39,921
182,39,809
183,39,988
184,39,261
185,39,403
186,39,843
187,39,20
188,39,256
189,39,743
190,39,436
191,39,524
192,39,237
193,39,971
194,39,516
195,39,938
196,39,490
197,39,990
198,39,536
199,39,309
200,39,410
201,39,981
202,39,948
203,39,962
204,39,81
205,39,221
206,39,614
207,39,201
208,39,541
209,39,785
210,39,250
211,39,667
212,39,960
213,39,135
214,39,179
215,39,132
216,39,916
217,39,772
218,39,566
219,39,929
220,39,953
221,39,141
222,39,157
223,39,687
224,39,691
225,39,610
226,39,942
227,39,1020
228,39,204
229,39,940
230,39,220
231,39,27
232,39,36
233,39,183
234,39,825
235,39,249
236,39,156
237,39,155
238,39,902
239,39,424
240,39,205
241,39,493
242,39,283
243,39,794
244,39,532
245,39,1006
246,39,781
247,39,393
248,39,80
249,39,318
250,39,373
251,39,982
252,39,445
253,39,88
254,39,148
255,39,160
256,39,217
257,39,944
258,39,5
259,39,933
260,39,34
261,39,647
262,39,763
263,39,477
264,39,827
265,39,363
266,39,127
267,39,299
268,39,9
269,39,627
270,39,421
271,39,555
272,39,348
273,39,223
274,39,549
275,39,215
276,39,263
277,39,545
278,39,503
279,39,797
280,39,951
281,39,294
282,39,184
283,39,869
284,39,352
285,39,236
286,39,930
287,39,697
288,39,842
289,39,547
290,39,213
291,39,202
292,39,600
293,39,140
294,39,509
295,39,630
296,39,423
297,39,535
298,39,241
299,39,93
300,39,390
301,39,741
302,39,41
303,39,663
304,39,511
305,39,107
306,39,822
307,39,386
308,39,219
309,39,420
310,39,725
311,39,494
312,39,251
313,39,333
314,39,837
315,39,813
316,39,119
317,39,422
318,39,668
319,39,727
320,39,891
321,39,632
322,39,965
323,39,496
324,39,8
325,39,197
326,39,381
327,39,658
328,39,100
329,39,934
330,39,109
331,39,253
332,39,894
333,39,689
334,39,792
335,39,306
336,39,228
337,39,235
338,39,70
339,39,701
340,39,947
341,39,699
342,39,464
343,39,39
344,39,54
345,39,1005
346,39,857
347,39,285
348,39,738
349,39,976
350,39,537
351,39,85
352,39,912
353,39,613
354,39,443
355,39,708
356,39,991
357,39,799
358,39,552
359,39,499
360,39,453
361,39,557
362,39,1012
363,39,212
364,39,1018
365,39,893
366,39,737
367,39,84
368,39,681
369,39,163
370,39,162
371,39,955
372,39,106
373,39,451
374,39,45
375,39,826
376,39,721
377,39,355
378,39,849
379,39,834
380,39,558
381,39,356
382,39,673
383,39,664
384,39,682
385,39,305
386,39,568
387,39,828
388,39,892
389,39,679
390,39,344
391,39,958
392,39,753
393,39,875
394,39,862
395,39,286
396,39,75
397,39,522
398,39,347
399,39,245
0,40,301
1,40,149
2,40,285
3,40,683
4,40,443
5,40,953
6,40,1006
7,40,669
8,40,311
9,40,463
10,40,588
11,40,105
12,40,219
13,40,787
14,40,695
15,40,618
16,40,784
17,40,1008
18,40,520
19,40,217
20,40,678
21,40,0
22,40,557
23,40,229
24,40,713
25,40,470
26,40,155
27,40,287
28,40,868
29,40,142
30,40,304
31,40,492
32,40,1013
33,40,48
34,40,643
35,40,148
36,40,440
37,40,380
38,40,843
39,40,717
40,40,997
41,40,602
42,40,633
43,40,106
44,40,67
45,40,807
46,40,911
47,40,141
48,40,508
49,40,767
50,40,524
51,40,819
52,40,779
53,40,487
54,40,900
55,40,1002
56,40,506
57,40,200
58,40,442
59,40,363
60,40,839
61,40,476
62,40,820
63,40,847
64,40,775
65,40,521
66,40,584
67,40,876
68,40,400
69,40,782
70,40,650
71,40,332
72,40,649
73,40,947
74,40,213
75,40,474
76,40,616
77,40,297
78,40,710
79,40,811
80,40,890
81,40,752
82,40,613
83,40,99
84,40,187
85,40,539
86,40,983
87,40,186
88,40,998
89,40,686
90,40,909
91,40,266
92,40,814
93,40,254
94,40,891
95,40,887
96,40,284
97,40,883
98,40,434
99,40,617
100,40,924
101,40,770
102,40,560
103,40,652
104,40,571
105,40,549
106,40,137
107,40,235
108,40,239
109,40,654
110,40,113
111,40,449
112,40,60
113,40,790
114,40,433
115,40,450
116,40,62
117,40,44
118,40,101
119,40,606
120,40,836
121,40,431
122,40,697
123,40,748
124,40,176
125,40,334
126,40,102
127,40,514
128,40,469
129,40,230
130,40,685
131,40,986
132,40,16
133,40,518
134,40,619
135,40,140
136,40,516
137,40,978
138,40,482
139,40,242
140,40,183
141,40,724
142,40,607
143,40,114
144,40,173
145,40,818
146,40,852
147,40,241
148,40,190
149,40,96
150,40,954
151,40,519
152,40,534
153,40,319
154,40,76
155,40,728
156,40,11
157,40,952
158,40,570
159,40,816
160,40,104
161,40,505
162,40,120
163,40,98
164,40,432
165,40,35
166,40,244
167,40,838
168,40,930
169,40,531
170,40,462
171,40,473
172,40,234
173,40,165
174,40,865
175,40,854
176,40,115
177,40,663
178,40,878
179,40,326
180,40,1003
181,40,921
182,40,809
183,40,988
184,40,261
185,40,435
186,40,844
187,40,20
188,40,256
189,40,743
190,40,437
191,40,525
192,40,237
193,40,970
194,40,517
195,40,938
196,40,490
197,40,989
198,40,504
199,40,309
200,40,410
201,40,981
202,40,980
203,40,962
204,40,80
205,40,222
206,40,614
207,40,201
208,40,540
209,40,786
210,40,218
211,40,667
212,40,960
213,40,135
214,40,179
215,40,131
216,40,916
217,40,772
218,40,566
219,40,929
220,40,985
221,40,109
222,40,157
223,40,719
224,40,723
225,40,610
226,40,941
227,40,1020
228,40,172
229,40,908
230,40,188
231,40,27
232,40,36
233,40,184
234,40,857
235,40,281
236,40,124
237,40,156
238,40,901
239,40,423
240,40,205
241,40,494
242,40,251
243,40,794
244,40,532
245,40,1007
246,40,780
247,40,393
248,40,112
249,40,318
250,40,373
251,40,982
252,40,477
253,40,88
254,40,147
255,40,160
256,40,249
257,40,944
258,40,5
259,40,932
260,40,34
261,40,646
262,40,763
263,40,509
264,40,827
265,40,331
266,40,127
267,40,267
268,40,9
269,40,627
270,40,421
271,40,555
272,40,349
273,40,223
274,40,548
275,40,214
276,40,231
277,40,545
278,40,503
279,40,797
280,40,951
281,40,294
282,40,216
283,40,869
284,40,320
285,40,204
286,40,931
287,40,698
288,40,842
289,40,515
290,40,245
291,40,202
292,40,599
293,40,139
294,40,541
295,40,630
296,40,422
297,40,535
298,40,273
299,40,93
300,40,390
301,40,740
302,40,41
303,40,664
304,40,511
305,40,75
306,40,821
307,40,386
308,40,220
309,40,420
310,40,725
311,40,526
312,40,250
313,40,333
314,40,837
315,40,813
316,40,119
317,40,454
318,40,668
319,40,727
320,40,923
321,40,632
322,40,933
323,40,496
324,40,8
325,40,197
326,40,381
327,40,658
328,40,132
329,40,966
330,40,110
331,40,252
332,40,894
333,40,689
334,40,792
335,40,338
336,40,228
337,40,236
338,40,70
339,40,701
340,40,979
341,40,699
342,40,464
343,40,39
344,40,54
345,40,1005
346,40,856
347,40,253
348,40,737
349,40,976
350,40,538
351,40,84
352,40,912
353,40,581
354,40,444
355,40,707
356,40,991
357,40,799
358,40,552
359,40,499
360,40,453
361,40,556
362,40,1012
363,40,211
364,40,1018
365,40,893
366,40,769
367,40,116
368,40,681
369,40,164
370,40,162
371,40,955
372,40,107
373,40,451
374,40,45
375,40,826
376,40,753
377,40,354
378,40,849
379,40,834
380,40,559
381,40,355
382,40,673
383,40,696
384,40,682
385,40,305
386,40,568
387,40,828
388,40,892
389,40,711
390,40,343
391,40,926
392,40,785
393,40,875
394,40,862
395,40,286
396,40,43
397,40,523
398,40,348
399,40,246
0,41,301
1,41,150
2,41,253
3,41,683
4,41,442
5,41,954
6,41,1006
7,41,669
8,41,311
9,41,463
10,41,589
11,41,105
12,41,187
13,41,787
14,41,696
15,41,618
16,41,783
17,41,976
18,41,520
19,41,217
20,41,677
21,41,0
22,41,556
23,41,197
24,41,713
25,41,438
26,41,154
27,41,319
28,41,900
29,41,142
30,41,304
31,41,492
32,41,1013
33,41,48
34,41,643
35,41,149
36,41,440
37,41,380
38,41,842
39,41,716
40,41,996
41,41,603
42,41,665
43,41,107
44,41,67
45,41,839
46,41,911
47,41,140
48,41,508
49,41,767
50,41,523
51,41,851
52,41,811
53,41,487
54,41,901
55,41,1002
56,41,505
57,41,201
58,41,474
59,41,362
60,41,840
61,41,476
62,41,821
63,41,847
64,41,775
65,41,521
66,41,584
67,41,877
68,41,432
69,41,750
70,41,650
71,41,331
72,41,649
73,41,979
74,41,214
75,41,506
76,41,616
77,41,297
78,41,678
79,41,812
80,41,891
81,41,753
82,41,612
83,41,99
84,41,155
85,41,538
86,41,983
87,41,186
88,41,997
89,41,686
90,41,941
91,41,234
92,41,814
93,41,286
94,41,923
95,41,887
96,41,285
97,41,883
98,41,435
99,41,617
100,41,925
101,41,770
102,41,560
103,41,652
104,41,539
105,41,581
106,41,137
107,41,236
108,41,239
109,41,654
110,41,81
111,41,449
112,41,60
113,41,790
114,41,434
115,41,450
116,41,62
117,41,76
118,41,101
119,41,606
120,41,868
121,41,431
122,41,698
123,41,748
124,41,176
125,41,334
126,41,102
127,41,515
128,41,470
129,41,229
130,41,717
131,41,985
132,41,16
133,41,517
134,41,619
135,41,108
136,41,484
137,41,978
138,41,482
139,41,243
140,41,184
141,41,724
142,41,607
143,41,114
144,41,173
145,41,819
146,41,852
147,41,242
148,41,190
149,41,96
150,41,955
151,41,518
152,41,534
153,41,351
154,41,75
155,41,728
156,41,11
157,41,952
158,41,571
159,41,784
160,41,104
161,41,504
162,41,120
163,41,98
164,41,433
165,41,35
166,41,245
167,41,838
168,41,962
169,41,531
170,41,462
171,41,473
172,41,202
173,41,133
174,41,865
175,41,854
176,41,115
177,41,695
178,41,878
179,41,326
180,41,1003
181,41,921
182,41,809
183,41,988
184,41,261
185,41,467
186,41,843
187,41,20
188,41,256
189,41,742
190,41,437
191,41,525
192,41,238
193,41,970
194,41,549
195,41,938
196,41,490
197,41,957
198,41,472
199,41,309
200,41,410
201,41,981
202,41,1012
203,41,961
204,41,80
205,41,254
206,41,646
207,41,233
208,41,540
209,41,818
210,41,218
211,41,667
212,41,960
213,41,135
214,41,147
215,41,130
216,41,916
217,41,772
218,41,566
219,41,929
220,41,953
221,41,77
222,41,189
223,41,751
224,41,755
225,41,610
226,41,940
227,41,1020
228,41,171
229,41,908
230,41,220
231,41,27
232,41,36
233,41,185
234,41,857
235,41,280
236,41,92
237,41,157
238,41,933
239,41,422
240,41,237
241,41,494
242,41,252
243,41,794
244,41,532
245,41,1008
246,41,779
247,41,393
248,41,112
249,41,318
250,41,373
251,41,982
252,41,509
253,41,88
254,41,148
255,41,160
256,41,281
257,41,912
258,41,5
259,41,931
260,41,34
261,41,645
262,41,763
263,41,510
264,41,827
265,41,363
266,41,127
267,41,235
268,41,9
269,41,627
270,41,421
271,41,555
272,41,350
273,41,223
274,41,548
275,41,246
276,41,230
277,41,545
278,41,503
279,41,797
280,41,951
281,41,294
282,41,216
283,41,869
284,41,288
285,41,205
286,41,930
287,41,699
288,41,841
289,41,516
290,41,213
291,41,203
292,41,598
293,41,138
294,41,541
295,41,630
296,41,390
297,41,535
298,41,241
299,41,93
300,41,358
301,41,739
302,41,41
303,41,663
304,41,511
305,41,43
306,41,822
307,41,418
308,41,219
309,41,420
310,41,725
311,41,527
312,41,251
313,41,333
314,41,837
315,41,813
316,41,119
317,41,454
318,41,668
319,41,727
320,41,924
321,41,632
322,41,932
323,41,496
324,41,8
325,41,165
326,41,381
327,41,658
328,41,132
329,41,998
330,41,110
331,41,284
332,41,894
333,41,689
334,41,792
335,41,370
336,41,228
337,41,204
338,41,70
339,41,701
340,41,980
341,41,700
342,41,464
343,41,39
344,41,54
345,41,1005
346,41,856
347,41,221
348,41,737
349,41,944
350,41,570
351,41,52
352,41,880
353,41,580
354,41,443
355,41,707
356,41,991
357,41,799
358,41,552
359,41,499
360,41,453
361,41,524
362,41,1011
363,41,179
364,41,1018
365,41,893
366,41,801
367,41,84
368,41,681
369,41,164
370,41,162
371,41,956
372,41,139
373,41,451
374,41,45
375,41,826
376,41,785
377,41,386
378,41,849
379,41,834
380,41,559
381,41,355
382,41,673
383,41,664
384,41,682
385,41,305
386,41,568
387,41,828
388,41,892
389,41,743
390,41,343
391,41,927
392,41,786
393,41,875
394,41,862
395,41,287
396,41,44
397,41,491
398,41,349
399,41,278
0,42,301
1,42,150
2,42,221
3,42,683
4,42,474
5,42,954
6,42,1006
7,42,669
8,42,311
9,42,463
10,42,557
11,42,105
12,42,186
13,42,788
14,42,697
15,42,618
16,42,751
17,42,1008
18,42,520
19,42,217
20,42,678
21,42,0
22,42,555
23,42,197
24,42,713
25,42,406
26,42,155
27,42,287
28,42,901
29,42,142
30,42,304
31,42,460
32,42,1013
33,42,48
34,42,643
35,42,181
36,42,408
37,42,380
38,42,874
39,42,717
40,42,997
41,42,604
42,42,665
43,42,107
44,42,67
45,42,838
46,42,911
47,42,139
48,42,508
49,42,767
50,42,524
51,42,883
52,42,779
53,42,487
54,42,933
55,42,1002
56,42,537
57,42,233
58,42,473
59,42,362
60,42,839
61,42,476
62,42,822
63,42,847
64,42,807
65,42,521
66,42,584
67,42,877
68,42,432
69,42,750
70,42,650
71,42,363
72,42,649
73,42,1011
74,42,215
75,42,506
76,42,616
77,42,297
78,42,646
79,42,811
80,42,890
81,42,754
82,42,612
83,42,99
84,42,187
85,42,538
86,42,983
87,42,154
88,42,998
89,42,686
90,42,973
91,42,202
92,42,814
93,42,285
94,42,891
95,42,887
96,42,253
97,42,884
98,42,435
99,42,617
100,42,926
101,42,770
102,42,560
103,42,652
104,42,507
105,42,580
106,42,137
107,42,236
108,42,239
109,42,654
110,42,81
111,42,449
112,42,60
113,42,790
114,42,434
115,42,450
116,42,62
117,42,44
118,42,101
119,42,606
120,42,868
121,42,431
122,42,730
123,42,748
124,42,176
125,42,334
126,42,102
127,42,516
128,42,438
129,42,228
130,42,749
131,42,985
132,42,16
133,42,518
134,42,619
135,42,76
136,42,483
137,42,978
138,42,482
139,42,243
140,42,185
141,42,724
142,42,607
143,42,114
144,42,173
145,42,819
146,42,852
147,42,242
148,42,190
149,42,96
150,42,955
151,42,550
152,42,534
153,42,319
154,42,75
155,42,696
156,42,12
157,42,952
158,42,603
159,42,783
160,42,104
161,42,504
162,42,120
163,42,98
164,42,433
165,42,35
166,42,277
167,42,806
168,42,961
169,42,531
170,42,462
171,42,441
172,42,203
173,42,165
174,42,865
175,42,854
176,42,115
177,42,663
178,42,878
179,42,326
180,42,1003
181,42,921
182,42,809
183,42,988
184,42,261
185,42,499
186,42,843
187,42,20
188,42,257
189,42,743
190,42,437
191,42,525
192,42,237
193,42,970
194,42,581
195,42,938
196,42,490
197,42,957
198,42,440
199,42,309
200,42,410
201,42,981
202,42,980
203,42,960
204,42,80
205,42,286
206,42,645
207,42,234
208,42,539
209,42,850
210,42,218
211,42,667
212,42,928
213,42,135
214,42,148
215,42,162
216,42,916
217,42,772
218,42,566
219,42,897
220,42,953
221,42,77
222,42,188
223,42,752
224,42,755
225,42,610
226,42,972
227,42,1020
228,42,171
229,42,908
230,42,219
231,42,27
232,42,36
233,42,153
234,42,857
235,42,281
236,42,93
237,42,157
238,42,965
239,42,421
240,42,205
241,42,494
242,42,220
243,42,794
244,42,532
245,42,1009
246,42,778
247,42,393
248,42,112
249,42,318
250,42,373
251,42,982
252,42,541
253,42,88
254,42,149
255,42,160
256,42,313
257,42,944
258,42,5
259,42,930
260,42,34
261,42,613
262,42,763
263,42,509
264,42,827
265,42,364
266,42,127
267,42,267
268,42,9
269,42,627
270,42,453
271,42,587
272,42,350
273,42,223
274,42,549
275,42,214
276,42,229
277,42,545
278,42,503
279,42,797
280,42,951
281,42,294
282,42,216
283,42,869
284,42,256
285,42,204
286,42,929
287,42,698
288,42,842
289,42,517
290,42,213
291,42,235
292,42,597
293,42,106
294,42,540
295,42,630
296,42,422
297,42,535
298,42,241
299,42,61
300,42,390
301,42,739
302,42,41
303,42,662
304,42,511
305,42,11
306,42,823
307,42,419
308,42,251
309,42,420
310,42,725
311,42,527
312,42,283
313,42,333
314,42,837
315,42,813
316,42,119
317,42,454
318,42,668
319,42,728
320,42,925
321,42,632
322,42,931
323,42,496
324,42,8
325,42,164
326,42,381
327,42,658
328,42,132
329,42,999
330,42,110
331,42,284
332,42,894
333,42,689
334,42,792
335,42,369
336,42,260
337,42,172
338,42,70
339,42,701
340,42,979
341,42,699
342,42,464
343,42,39
344,42,54
345,42,1005
346,42,856
347,42,189
348,42,737
349,42,976
350,42,570
351,42,51
352,42,912
353,42,548
354,42,442
355,42,707
356,42,991
357,42,799
358,42,552
359,42,498
360,42,485
361,42,492
362,42,1012
363,42,147
364,42,1018
365,42,893
366,42,800
367,42,85
368,42,681
369,42,163
370,42,194
371,42,924
372,42,138
373,42,451
374,42,45
375,42,826
376,42,784
377,42,418
378,42,849
379,42,834
380,42,559
381,42,355
382,42,673
383,42,664
384,42,682
385,42,305
386,42,568
387,42,828
388,42,892
389,42,775
390,42,343
391,42,895
392,42,787
393,42,875
394,42,862
395,42,255
396,42,43
397,42,523
398,42,349
399,42,246
0,43,301
1,43,150
2,43,189
3,43,683
4,43,475
5,43,954
6,43,1006
7,43,669
8,43,311
9,43,463
10,43,557
11,43,105
12,43,187
13,43,788
14,43,698
15,43,618
16,43,783
17,43,1008
18,43,520
19,43,218
20,43,710
21,43,0
22,43,554
23,43,229
24,43,713
25,43,374
26,43,155
27,43,286
28,43,901
29,43,142
30,43,304
31,43,428
32,43,1013
33,43,48
34,43,643
35,43,149
36,43,376
37,43,380
38,43,906
39,43,717
40,43,998
41,43,603
42,43,665
43,43,75
44,43,67
45,43,837
46,43,911
47,43,138
48,43,540
49,43,767
50,43,524
51,43,915
52,43,780
53,43,487
54,43,933
55,43,1002
56,43,537
57,43,265
58,43,474
59,43,362
60,43,839
61,43,476
62,43,854
63,43,847
64,43,775
65,43,521
66,43,584
67,43,877
68,43,432
69,43,749
70,43,650
71,43,363
72,43,649
73,43,1011
74,43,215
75,43,506
76,43,616
77,43,297
78,43,614
79,43,779
80,43,889
81,43,755
82,43,580
83,43,99
84,43,219
85,43,538
86,43,983
87,43,186
88,43,966
89,43,686
90,43,973
91,43,170
92,43,814
93,43,284
94,43,890
95,43,887
96,43,253
97,43,883
98,43,435
99,43,617
100,43,894
101,43,770
102,43,560
103,43,652
104,43,539
105,43,581
106,43,137
107,43,236
108,43,239
109,43,654
110,43,81
111,43,449
112,43,59
113,43,790
114,43,434
115,43,451
116,43,62
117,43,76
118,43,101
119,43,606
120,43,868
121,43,431
122,43,730
123,43,748
124,43,176
125,43,334
126,43,102
127,43,515
128,43,406
129,43,260
130,43,781
131,43,985
132,43,16
133,43,518
134,43,619
135,43,77
136,43,482
137,43,978
138,43,514
139,43,243
140,43,217
141,43,724
142,43,607
143,43,114
144,43,173
145,43,851
146,43,852
147,43,242
148,43,158
149,43,96
150,43,955
151,43,550
152,43,534
153,43,319
154,43,43
155,43,695
156,43,44
157,43,952
158,43,635
159,43,784
160,43,104
161,43,504
162,43,120
163,43,98
164,43,433
165,43,35
166,43,277
167,43,838
168,43,993
169,43,532
170,43,462
171,43,473
172,43,235
173,43,166
174,43,865
175,43,855
176,43,115
177,43,663
178,43,878
179,43,326
180,43,1003
181,43,921
182,43,809
183,43,988
184,43,261
185,43,531
186,43,843
187,43,20
188,43,289
189,43,743
190,43,437
191,43,525
192,43,238
193,43,970
194,43,613
195,43,938
196,43,490
197,43,957
198,43,408
199,43,309
200,43,410
201,43,981
202,43,980
203,43,961
204,43,80
205,43,318
206,43,677
207,43,233
208,43,571
209,43,882
210,43,250
211,43,667
212,43,960
213,43,135
214,43,147
215,43,161
216,43,916
217,43,772
218,43,566
219,43,929
220,43,953
221,43,45
222,43,156
223,43,753
224,43,787
225,43,610
226,43,972
227,43,1020
228,43,171
229,43,908
230,43,251
231,43,27
232,43,36
233,43,185
234,43,857
235,43,249
236,43,61
237,43,157
238,43,997
239,43,422
240,43,237
241,43,494
242,43,188
243,43,794
244,43,533
245,43,1010
246,43,777
247,43,393
248,43,112
249,43,317
250,43,373
251,43,982
252,43,573
253,43,88
254,43,148
255,43,160
256,43,345
257,43,944
258,43,5
259,43,898
260,43,34
261,43,645
262,43,763
263,43,509
264,43,827
265,43,396
266,43,127
267,43,267
268,43,9
269,43,627
270,43,421
271,43,555
272,43,350
273,43,223
274,43,549
275,43,214
276,43,228
277,43,545
278,43,503
279,43,797
280,43,951
281,43,294
282,43,216
283,43,869
284,43,257
285,43,205
286,43,928
287,43,666
288,43,842
289,43,517
290,43,213
291,43,234
292,43,596
293,43,107
294,43,541
295,43,630
296,43,423
297,43,535
298,43,241
299,43,60
300,43,390
301,43,739
302,43,41
303,43,662
304,43,511
305,43,12
306,43,822
307,43,387
308,43,283
309,43,420
310,43,725
311,43,527
312,43,315
313,43,333
314,43,805
315,43,813
316,43,119
317,43,454
318,43,668
319,43,728
320,43,926
321,43,632
322,43,930
323,43,496
324,43,8
325,43,165
326,43,381
327,43,658
328,43,132
329,43,1000
330,43,110
331,43,252
332,43,862
333,43,689
334,43,792
335,43,369
336,43,259
337,43,204
338,43,70
339,43,701
340,43,947
341,43,699
342,43,464
343,43,39
344,43,54
345,43,1005
346,43,856
347,43,190
348,43,737
349,43,976
350,43,570
351,43,51
352,43,912
353,43,516
354,43,442
355,43,707
356,43,991
357,43,799
358,43,552
359,43,499
360,43,453
361,43,460
362,43,1012
363,43,179
364,43,1018
365,43,893
366,43,832
367,43,85
368,43,681
369,43,164
370,43,162
371,43,923
372,43,106
373,43,483
374,43,13
375,43,826
376,43,752
377,43,450
378,43,849
379,43,834
380,43,559
381,43,355
382,43,673
383,43,664
384,43,682
385,43,305
386,43,568
387,43,828
388,43,892
389,43,776
390,43,343
391,43,895
392,43,819
393,43,875
394,43,861
395,43,287
396,43,42
397,43,523
398,43,349
399,43,245
0,44,301
1,44,150
2,44,157
3,44,683
4,44,443
5,44,954
6,44,1006
7,44,669
8,44,311
9,44,463
10,44,557
11,44,105
12,44,187
13,44,787
14,44,697
15,44,618
16,44,784
17,44,1008
18,44,520
19,44,217
20,44,710
21,44,0
22,44,554
23,44,230
24,44,713
25,44,342
26,44,155
27,44,318
28,44,901
29,44,142
30,44,304
31,44,460
32,44,1013
33,44,48
34,44,643
35,44,149
36,44,344
37,44,380
38,44,906
39,44,717
40,44,997
41,44,603
42,44,665
43,44,107
44,44,67
45,44,836
46,44,911
47,44,137
48,44,540
49,44,767
50,44,524
51,44,915
52,44,781
53,44,487
54,44,933
55,44,1002
56,44,537
57,44,266
58,44,474
59,44,362
60,44,839
61,44,476
62,44,886
63,44,847
64,44,775
65,44,521
66,44,584
67,44,877
68,44,432
69,44,749
70,44,650
71,44,363
72,44,649
73,44,979
74,44,215
75,44,506
76,44,616
77,44,297
78,44,613
79,44,779
80,44,890
81,44,755
82,44,548
83,44,99
84,44,251
85,44,538
86,44,983
87,44,186
88,44,966
89,44,686
90,44,973
91,44,170
92,44,814
93,44,252
94,44,891
95,44,887
96,44,221
97,44,883
98,44,435
99,44,617
100,44,893
101,44,770
102,44,560
103,44,652
104,44,539
105,44,580
106,44,136
107,44,235
108,44,239
109,44,654
110,44,81
111,44,449
112,44,60
113,44,790
114,44,434
115,44,419
116,44,62
117,44,44
118,44,101
119,44,606
120,44,868
121,44,431
122,44,730
123,44,748
124,44,176
125,44,334
126,44,102
127,44,515
128,44,374
129,44,292
130,44,813
131,44,985
132,44,16
133,44,518
134,44,619
135,44,78
136,44,450
137,44,978
138,44,482
139,44,243
140,44,249
141,44,724
142,44,607
143,44,114
144,44,173
145,44,819
146,44,852
147,44,242
148,44,159
149,44,96
150,44,955
151,44,550
152,44,534
153,44,319
154,44,75
155,44,695
156,44,12
157,44,952
158,44,635
159,44,785
160,44,104
161,44,504
162,44,120
163,44,98
164,44,433
165,44,35
166,44,277
167,44,838
168,44,993
169,44,531
170,44,462
171,44,473
172,44,267
173,44,165
174,44,865
175,44,854
176,44,115
177,44,663
178,44,878
179,44,326
180,44,1003
181,44,921
182,44,809
183,44,988
184,44,261
185,44,563
186,44,843
187,44,20
188,44,288
189,44,743
190,44,437
191,44,525
192,44,237
193,44,970
194,44,581
195,44,938
196,44,490
197,44,957
198,44,376
199,44,309
200,44,410
201,44,981
202,44,980
203,44,962
204,44,80
205,44,350
206,44,709
207,44,201
208,44,571
209,44,914
210,44,218
211,44,667
212,44,960
213,44,135
214,44,179
215,44,161
216,44,916
217,44,772
218,44,566
219,44,961
220,44,953
221,44,77
222,44,124
223,44,753
224,44,786
225,44,610
226,44,972
227,44,1020
228,44,171
229,44,908
230,44,283
231,44,27
232,44,36
233,44,184
234,44,857
235,44,250
236,44,29
237,44,156
238,44,996
239,44,423
240,44,205
241,44,494
242,44,188
243,44,794
244,44,532
245,44,1011
246,44,777
247,44,393
248,44,112
249,44,317
250,44,373
251,44,982
252,44,605
253,44,88
254,44,148
255,44,160
256,44,345
257,44,944
258,44,5
259,44,930
260,44,34
261,44,646
262,44,763
263,44,509
264,44,827
265,44,428
266,44,127
267,44,299
268,44,9
269,44,627
270,44,422
271,44,555
272,44,351
273,44,223
274,44,549
275,44,214
276,44,227
277,44,545
278,44,503
279,44,797
280,44,951
281,44,294
282,44,216
283,44,869
284,44,225
285,44,204
286,44,928
287,44,698
288,44,842
289,44,516
290,44,213
291,44,202
292,44,595
293,44,139
294,44,541
295,44,630
296,44,424
297,44,535
298,44,241
299,44,92
300,44,390
301,44,739
302,44,41
303,44,662
304,44,511
305,44,11
306,44,821
307,44,386
308,44,315
309,44,420
310,44,725
311,44,527
312,44,347
313,44,333
314,44,837
315,44,812
316,44,119
317,44,454
318,44,668
319,44,728
320,44,927
321,44,632
322,44,929
323,44,496
324,44,8
325,44,197
326,44,381
327,44,658
328,44,132
329,44,1001
330,44,110
331,44,253
332,44,894
333,44,689
334,44,792
335,44,369
336,44,260
337,44,236
338,44,70
339,44,701
340,44,947
341,44,699
342,44,464
343,44,39
344,44,54
345,44,1005
346,44,856
347,44,158
348,44,737
349,44,976
350,44,570
351,44,51
352,44,912
353,44,484
354,44,442
355,44,707
356,44,991
357,44,799
358,44,552
359,44,499
360,44,453
361,44,461
362,44,1012
363,44,178
364,44,1018
365,44,861
366,44,864
367,44,85
368,44,681
369,44,164
370,44,162
371,44,922
372,44,106
373,44,451
374,44,45
375,44,826
376,44,751
377,44,418
378,44,849
379,44,834
380,44,559
381,44,355
382,44,673
383,44,664
384,44,682
385,44,305
386,44,568
387,44,828
388,44,892
389,44,776
390,44,343
391,44,895
392,44,820
393,44,875
394,44,862
395,44,286
396,44,43
397,44,523
398,44,349
399,44,245
0,45,301
1,45,150
2,45,158
3,45,683
4,45,443
5,45,954
6,45,1006
7,45,669
8,45,311
9,45,463
10,45,557
11,45,73
12,45,187
13,45,786
14,45,665
15,45,618
16,45,784
17,45,1008
18,45,520
19,45,185
20,45,710
21,45,0
22,45,554
23,45,230
24,45,713
25,45,310
26,45,155
27,45,286
28,45,901
29,45,142
30,45,304
31,45,492
32,45,1013
33,45,48
34,45,643
35,45,149
36,45,312
37,45,380
38,45,906
39,45,717
40,45,997
41,45,603
42,45,664
43,45,106
44,45,67
45,45,868
46,45,911
47,45,105
48,45,540
49,45,767
50,45,524
51,45,915
52,45,782
53,45,487
54,45,933
55,45,1003
56,45,537
57,45,266
58,45,474
59,45,362
60,45,839
61,45,476
62,45,887
63,45,847
64,45,775
65,45,521
66,45,584
67,45,877
68,45,432
69,45,749
70,45,650
71,45,363
72,45,649
73,45,978
74,45,215
75,45,506
76,45,616
77,45,297
78,45,612
79,45,779
80,45,891
81,45,755
82,45,516
83,45,99
84,45,283
85,45,538
86,45,983
87,45,186
88,45,966
89,45,686
90,45,973
91,45,170
92,45,814
93,45,220
94,45,859
95,45,919
96,45,253
97,45,883
98,45,435
99,45,617
100,45,925
101,45,770
102,45,560
103,45,652
104,45,539
105,45,581
106,45,137
107,45,267
108,45,239
109,45,654
110,45,81
111,45,481
112,45,60
113,45,790
114,45,434
115,45,418
116,45,62
117,45,44
118,45,101
119,45,606
120,45,900
121,45,431
122,45,730
123,45,748
124,45,176
125,45,334
126,45,102
127,45,514
128,45,375
129,45,293
130,45,812
131,45,985
132,45,16
133,45,518
134,45,619
135,45,46
136,45,449
137,45,946
138,45,482
139,45,243
140,45,250
141,45,724
142,45,607
143,45,114
144,45,173
145,45,787
146,45,852
147,45,242
148,45,191
149,45,96
150,45,955
151,45,550
152,45,534
153,45,319
154,45,107
155,45,695
156,45,11
157,45,952
158,45,635
159,45,785
160,45,104
161,45,504
162,45,120
163,45,98
164,45,433
165,45,35
166,45,277
167,45,838
168,45,961
169,45,531
170,45,462
171,45,473
172,45,299
173,45,165
174,45,865
175,45,854
176,45,115
177,45,663
178,45,878
179,45,326
180,45,1004
181,45,921
182,45,809
183,45,988
184,45,261
185,45,595
186,45,843
187,45,20
188,45,256
189,45,743
190,45,437
191,45,525
192,45,237
193,45,970
194,45,613
195,45,938
196,45,490
197,45,957
198,45,344
199,45,309
200,45,410
201,45,981
202,45,979
203,45,962
204,45,80
205,45,382
206,45,709
207,45,201
208,45,571
209,45,914
210,45,218
211,45,667
212,45,960
213,45,135
214,45,147
215,45,161
216,45,916
217,45,772
218,45,566
219,45,929
220,45,953
221,45,77
222,45,124
223,45,753
224,45,818
225,45,610
226,45,972
227,45,1020
228,45,171
229,45,908
230,45,284
231,45,27
232,45,36
233,45,184
234,45,857
235,45,251
236,45,29
237,45,157
238,45,996
239,45,423
240,45,205
241,45,494
242,45,156
243,45,794
244,45,532
245,45,1012
246,45,777
247,45,393
248,45,112
249,45,318
250,45,373
251,45,982
252,45,637
253,45,88
254,45,148
255,45,160
256,45,345
257,45,944
258,45,5
259,45,931
260,45,34
261,45,646
262,45,763
263,45,509
264,45,827
265,45,429
266,45,127
267,45,331
268,45,9
269,45,627
270,45,421
271,45,555
272,45,350
273,45,223
274,45,549
275,45,214
276,45,226
277,45,545
278,45,503
279,45,797
280,45,951
281,45,294
282,45,216
283,45,869
284,45,193
285,45,204
286,45,896
287,45,697
288,45,842
289,45,515
290,45,213
291,45,202
292,45,594
293,45,140
294,45,541
295,45,630
296,45,392
297,45,535
298,45,241
299,45,93
300,45,422
301,45,739
302,45,41
303,45,662
304,45,511
305,45,43
306,45,822
307,45,386
308,45,347
309,45,420
310,45,725
311,45,527
312,45,348
313,45,333
314,45,837
315,45,780
316,45,119
317,45,454
318,45,668
319,45,728
320,45,959
321,45,632
322,45,928
323,45,496
324,45,8
325,45,197
326,45,381
327,45,658
328,45,132
329,45,1002
330,45,110
331,45,285
332,45,894
333,45,689
334,45,792
335,45,369
336,45,228
337,45,236
338,45,70
339,45,701
340,45,947
341,45,699
342,45,464
343,45,39
344,45,54
345,45,1005
346,45,856
347,45,126
348,45,737
349,45,976
350,45,570
351,45,51
352,45,912
353,45,483
354,45,442
355,45,707
356,45,991
357,45,799
358,45,552
359,45,499
360,45,453
361,45,460
362,45,980
363,45,179
364,45,1018
365,45,893
366,45,864
367,45,85
368,45,681
369,45,164
370,45,162
371,45,922
372,45,74
373,45,451
374,45,45
375,45,826
376,45,751
377,45,450
378,45,849
379,45,834
380,45,559
381,45,355
382,45,673
383,45,696
384,45,682
385,45,305
386,45,568
387,45,828
388,45,892
389,45,776
390,45,343
391,45,895
392,45,821
393,45,875
394,45,862
395,45,287
396,45,75
397,45,523
398,45,349
399,45,245
0,46,301
1,46,150
2,46,126
3,46,683
4,46,443
5,46,954
6,46,1006
7,46,670
8,46,311
9,46,463
10,46,557
11,46,105
12,46,187
13,46,786
14,46,666
15,46,618
16,46,784
17,46,1008
18,46,520
19,46,185
20,46,710
21,46,0
22,46,554
23,46,230
24,46,713
25,46,278
26,46,155
27,46,287
28,46,901
29,46,142
30,46,304
31,46,492
32,46,1014
33,46,48
34,46,643
35,46,149
36,46,344
37,46,380
38,46,906
39,46,717
40,46,997
41,46,603
42,46,665
43,46,107
44,46,67
45,46,867
46,46,911
47,46,104
48,46,540
49,46,767
50,46,524
51,46,915
52,46,783
53,46,487
54,46,933
55,46,971
56,46,537
57,46,266
58,46,474
59,46,362
60,46,839
61,46,476
62,46,919
63,46,847
64,46,775
65,46,521
66,46,584
67,46,877
68,46,432
69,46,749
70,46,650
71,46,363
72,46,649
73,46,1010
74,46,215
75,46,506
76,46,616
77,46,297
78,46,580
79,46,779
80,46,892
81,46,754
82,46,484
83,46,99
84,46,251
85,46,538
86,46,983
87,46,186
88,46,966
89,46,686
90,46,973
91,46,170
92,46,814
93,46,220
94,46,891
95,46,920
96,46,252
97,46,883
98,46,435
99,46,617
100,46,924
101,46,770
102,46,560
103,46,652
104,46,539
105,46,613
106,46,137
107,46,267
108,46,239
109,46,654
110,46,81
111,46,449
112,46,60
113,46,790
114,46,434
115,46,418
116,46,62
117,46,76
118,46,101
119,46,606
120,46,868
121,46,431
122,46,730
123,46,748
124,46,176
125,46,334
126,46,102
127,46,515
128,46,375
129,46,294
130,46,811
131,46,985
132,46,16
133,46,518
134,46,619
135,46,47
136,46,417
137,46,978
138,46,483
139,46,243
140,46,250
141,46,724
142,46,607
143,46,114
144,46,173
145,46,755
146,46,852
147,46,242
148,46,190
149,46,96
150,46,955
151,46,550
152,46,534
153,46,319
154,46,75
155,46,695
156,46,11
157,46,952
158,46,635
159,46,785
160,46,103
161,46,504
162,46,120
163,46,98
164,46,433
165,46,35
166,46,277
167,46,838
168,46,961
169,46,531
170,46,462
171,46,473
172,46,298
173,46,165
174,46,865
175,46,886
176,46,115
177,46,663
178,46,878
179,46,326
180,46,1004
181,46,921
182,46,809
183,46,988
184,46,261
185,46,596
186,46,843
187,46,20
188,46,256
189,46,743
190,46,437
191,46,525
192,46,237
193,46,970
194,46,612
195,46,938
196,46,490
197,46,957
198,46,345
199,46,309
200,46,410
201,46,981
202,46,980
203,46,962
204,46,80
205,46,414
206,46,709
207,46,201
208,46,571
209,46,914
210,46,218
211,46,667
212,46,992
213,46,135
214,46,148
215,46,161
216,46,916
217,46,772
218,46,566
219,46,929
220,46,953
221,46,77
222,46,92
223,46,753
224,46,819
225,46,610
226,46,972
227,46,1020
228,46,171
229,46,908
230,46,283
231,46,27
232,46,36
233,46,184
234,46,857
235,46,219
236,46,29
237,46,157
238,46,996
239,46,423
240,46,205
241,46,494
242,46,124
243,46,794
244,46,532
245,46,1013
246,46,777
247,46,393
248,46,112
249,46,318
250,46,373
251,46,982
252,46,669
253,46,88
254,46,116
255,46,160
256,46,377
257,46,944
258,46,5
259,46,932
260,46,34
261,46,646
262,46,763
263,46,509
264,46,827
265,46,429
266,46,127
267,46,299
268,46,9
269,46,627
270,46,422
271,46,555
272,46,350
273,46,223
274,46,549
275,46,214
276,46,226
277,46,545
278,46,503
279,46,797
280,46,951
281,46,295
282,46,216
283,46,869
284,46,193
285,46,204
286,46,928
287,46,697
288,46,842
289,46,516
290,46,213
291,46,202
292,46,626
293,46,140
294,46,541
295,46,630
296,46,392
297,46,535
298,46,241
299,46,93
300,46,454
301,46,739
302,46,41
303,46,662
304,46,511
305,46,44
306,46,854
307,46,386
308,46,379
309,46,420
310,46,725
311,46,527
312,46,347
313,46,333
314,46,837
315,46,812
316,46,119
317,46,453
318,46,668
319,46,728
320,46,959
321,46,632
322,46,960
323,46,496
324,46,8
325,46,197
326,46,381
327,46,658
328,46,132
329,46,1003
330,46,110
331,46,285
332,46,894
333,46,689
334,46,792
335,46,369
336,46,228
337,46,236
338,46,70
339,46,701
340,46,947
341,46,699
342,46,464
343,46,39
344,46,54
345,46,1005
346,46,856
347,46,94
348,46,737
349,46,976
350,46,570
351,46,51
352,46,912
353,46,451
354,46,442
355,46,707
356,46,991
357,46,799
358,46,552
359,46,499
360,46,421
361,46,460
362,46,1012
363,46,147
364,46,1018
365,46,861
366,46,864
367,46,85
368,46,681
369,46,164
370,46,162
371,46,922
372,46,106
373,46,450
374,46,45
375,46,826
376,46,751
377,46,482
378,46,849
379,46,834
380,46,559
381,46,355
382,46,673
383,46,664
384,46,682
385,46,305
386,46,568
387,46,828
388,46,893
389,46,776
390,46,343
391,46,895
392,46,822
393,46,875
394,46,862
395,46,255
396,46,43
397,46,523
398,46,349
399,46,245
0,47,301
1,47,150
2,47,94
3,47,683
4,47,443
5,47,954
6,47,1006
7,47,669
8,47,311
9,47,463
10,47,557
11,47,105
12,47,187
13,47,786
14,47,698
15,47,618
16,47,784
17,47,1008
18,47,520
19,47,185
20,47,710
21,47,0
22,47,554
23,47,230
24,47,713
25,47,246
26,47,155
27,47,287
28,47,901
29,47,142
30,47,304
31,47,492
32,47,982
33,47,48
34,47,643
35,47,149
36,47,376
37,47,380
38,47,906
39,47,717
40,47,997
41,47,603
42,47,665
43,47,107
44,47,67
45,47,867
46,47,911
47,47,103
48,47,540
49,47,767
50,47,524
51,47,915
52,47,783
53,47,487
54,47,934
55,47,970
56,47,537
57,47,298
58,47,474
59,47,362
60,47,839
61,47,476
62,47,919
63,47,847
64,47,775
65,47,521
66,47,584
67,47,877
68,47,432
69,47,749
70,47,650
71,47,363
72,47,649
73,47,1010
74,47,215
75,47,506
76,47,616
77,47,297
78,47,548
79,47,779
80,47,891
81,47,755
82,47,483
83,47,99
84,47,252
85,47,538
86,47,983
87,47,186
88,47,966
89,47,686
90,47,973
91,47,170
92,47,814
93,47,220
94,47,890
95,47,888
96,47,253
97,47,883
98,47,435
99,47,617
100,47,924
101,47,770
102,47,560
103,47,652
104,47,539
105,47,614
106,47,137
107,47,266
108,47,239
109,47,654
110,47,81
111,47,449
112,47,60
113,47,790
114,47,434
115,47,450
116,47,61
117,47,44
118,47,101
119,47,606
120,47,868
121,47,431
122,47,730
123,47,748
124,47,176
125,47,334
126,47,102
127,47,516
128,47,375
129,47,295
130,47,812
131,47,985
132,47,16
133,47,518
134,47,619
135,47,47
136,47,385
137,47,978
138,47,482
139,47,243
140,47,250
141,47,724
142,47,607
143,47,114
144,47,173
145,47,723
146,47,852
147,47,242
148,47,190
149,47,96
150,47,955
151,47,550
152,47,534
153,47,319
154,47,75
155,47,695
156,47,11
157,47,952
158,47,635
159,47,785
160,47,135
161,47,504
162,47,120
163,47,98
164,47,433
165,47,35
166,47,277
167,47,838
168,47,929
169,47,531
170,47,462
171,47,473
172,47,299
173,47,165
174,47,865
175,47,886
176,47,115
177,47,663
178,47,878
179,47,326
180,47,972
181,47,921
182,47,809
183,47,988
184,47,261
185,47,597
186,47,843
187,47,20
188,47,256
189,47,743
190,47,437
191,47,525
192,47,237
193,47,1002
194,47,580
195,47,938
196,47,490
197,47,957
198,47,313
199,47,309
200,47,410
201,47,949
202,47,980
203,47,962
204,47,80
205,47,414
206,47,709
207,47,201
208,47,571
209,47,914
210,47,218
211,47,667
212,47,960
213,47,136
214,47,147
215,47,161
216,47,916
217,47,772
218,47,566
219,47,928
220,47,953
221,47,77
222,47,91
223,47,753
224,47,787
225,47,610
226,47,940
227,47,1020
228,47,171
229,47,908
230,47,251
231,47,27
232,47,36
233,47,184
234,47,857
235,47,219
236,47,29
237,47,157
238,47,996
239,47,423
240,47,205
241,47,494
242,47,92
243,47,794
244,47,532
245,47,1014
246,47,777
247,47,393
248,47,112
249,47,318
250,47,373
251,47,981
252,47,701
253,47,88
254,47,148
255,47,160
256,47,345
257,47,944
258,47,5
259,47,933
260,47,34
261,47,646
262,47,763
263,47,509
264,47,827
265,47,429
266,47,127
267,47,267
268,47,9
269,47,627
270,47,390
271,47,555
272,47,350
273,47,223
274,47,549
275,47,214
276,47,226
277,47,545
278,47,503
279,47,797
280,47,951
281,47,263
282,47,216
283,47,869
284,47,193
285,47,204
286,47,896
287,47,697
288,47,842
289,47,484
290,47,213
291,47,202
292,47,658
293,47,140
294,47,541
295,47,630
296,47,392
297,47,535
298,47,241
299,47,93
300,47,454
301,47,739
302,47,41
303,47,662
304,47,511
305,47,12
306,47,855
307,47,386
308,47,379
309,47,420
310,47,725
311,47,527
312,47,315
313,47,333
314,47,837
315,47,813
316,47,119
317,47,421
318,47,668
319,47,728
320,47,959
321,47,632
322,47,961
323,47,496
324,47,8
325,47,197
326,47,381
327,47,657
328,47,132
329,47,1004
330,47,110
331,47,285
332,47,894
333,47,689
334,47,792
335,47,369
336,47,228
337,47,236
338,47,70
339,47,733
340,47,947
341,47,699
342,47,464
343,47,39
344,47,54
345,47,1005
346,47,856
347,47,62
348,47,737
349,47,976
350,47,570
351,47,51
352,47,912
353,47,419
354,47,442
355,47,707
356,47,991
357,47,799
358,47,552
359,47,499
360,47,422
361,47,460
362,47,1012
363,47,146
364,47,1018
365,47,893
366,47,864
367,47,85
368,47,681
369,47,164
370,47,162
371,47,922
372,47,106
373,47,451
374,47,45
375,47,826
376,47,751
377,47,514
378,47,849
379,47,834
380,47,559
381,47,355
382,47,673
383,47,664
384,47,682
385,47,305
386,47,568
387,47,828
388,47,892
389,47,776
390,47,343
391,47,895
392,47,854
393,47,875
394,47,862
395,47,254
396,47,43
397,47,523
398,47,349
399,47,245
0,48,301
1,48,150
2,48,62
3,48,683
4,48,443
5,48,954
6,48,974
7,48,669
8,48,311
9,48,463
10,48,557
11,48,105
12,48,187
13,48,786
14,48,698
15,48,618
16,48,784
17,48,1008
18,48,520
19,48,185
20,48,710
21,48,0
22,48,554
23,48,230
24,48,713
25,48,246
26,48,155
27,48,287
28,48,901
29,48,142
30,48,304
31,48,492
32,48,981
33,48,48
34,48,643
35,48,149
36,48,408
37,48,380
38,48,906
39,48,717
40,48,997
41,48,603
42,48,665
43,48,107
44,48,67
45,48,867
46,48,911
47,48,102
48,48,540
49,48,767
50,48,524
51,48,915
52,48,783
53,48,487
54,48,933
55,48,1002
56,48,537
57,48,266
58,48,474
59,48,362
60,48,839
61,48,476
62,48,919
63,48,847
64,48,775
65,48,521
66,48,584
67,48,877
68,48,432
69,48,749
70,48,650
71,48,363
72,48,649
73,48,1010
74,48,215
75,48,506
76,48,616
77,48,297
78,48,516
79,48,779
80,48,891
81,48,755
82,48,451
83,48,99
84,48,251
85,48,538
86,48,983
87,48,186
88,48,966
89,48,686
90,48,973
91,48,170
92,48,814
93,48,252
94,48,890
95,48,887
96,48,253
97,48,883
98,48,435
99,48,617
100,48,924
101,48,770
102,48,560
103,48,652
104,48,539
105,48,614
106,48,137
107,48,267
108,48,239
109,48,654
110,48,81
111,48,449
112,48,28
113,48,790
114,48,434
115,48,450
116,48,61
117,48,44
118,48,101
119,48,606
120,48,868
121,48,431
122,48,730
123,48,748
124,48,176
125,48,334
126,48,134
127,48,484
128,48,375
129,48,263
130,48,812
131,48,985
132,48,16
133,48,518
134,48,619
135,48,47
136,48,353
137,48,978
138,48,482
139,48,243
140,48,250
141,48,724
142,48,607
143,48,114
144,48,173
145,48,723
146,48,852
147,48,242
148,48,190
149,48,96
150,48,955
151,48,550
152,48,534
153,48,319
154,48,75
155,48,695
156,48,11
157,48,952
158,48,635
159,48,785
160,48,103
161,48,504
162,48,120
163,48,98
164,48,433
165,48,35
166,48,277
167,48,838
168,48,961
169,48,531
170,48,462
171,48,473
172,48,298
173,48,165
174,48,865
175,48,854
176,48,115
177,48,663
178,48,878
179,48,326
180,48,971
181,48,921
182,48,809
183,48,988
184,48,261
185,48,597
186,48,843
187,48,20
188,48,256
189,48,743
190,48,437
191,48,525
192,48,237
193,48,1003
194,48,580
195,48,938
196,48,490
197,48,957
198,48,313
199,48,309
200,48,410
201,48,949
202,48,980
203,48,962
204,48,80
205,48,414
206,48,709
207,48,201
208,48,571
209,48,914
210,48,218
211,48,667
212,48,960
213,48,135
214,48,179
215,48,161
216,48,916
217,48,772
218,48,566
219,48,929
220,48,953
221,48,77
222,48,92
223,48,753
224,48,787
225,48,610
226,48,972
227,48,1020
228,48,171
229,48,908
230,48,219
231,48,27
232,48,36
233,48,184
234,48,857
235,48,220
236,48,29
237,48,157
238,48,996
239,48,423
240,48,205
241,48,494
242,48,60
243,48,794
244,48,532
245,48,982
246,48,777
247,48,393
248,48,112
249,48,318
250,48,373
251,48,1013
252,48,700
253,48,88
254,48,148
255,48,160
256,48,345
257,48,944
258,48,5
259,48,965
260,48,34
261,48,646
262,48,763
263,48,509
264,48,827
265,48,429
266,48,127
267,48,235
268,48,9
269,48,627
270,48,390
271,48,555
272,48,350
273,48,223
274,48,549
275,48,214
276,48,226
277,48,545
278,48,503
279,48,797
280,48,951
281,48,264
282,48,216
283,48,869
284,48,193
285,48,204
286,48,897
287,48,697
288,48,842
289,48,483
290,48,213
291,48,202
292,48,657
293,48,140
294,48,541
295,48,630
296,48,392
297,48,535
298,48,241
299,48,93
300,48,486
301,48,739
302,48,41
303,48,662
304,48,511
305,48,12
306,48,823
307,48,386
308,48,379
309,48,388
310,48,725
311,48,527
312,48,315
313,48,333
314,48,837
315,48,813
316,48,119
317,48,422
318,48,668
319,48,728
320,48,959
321,48,632
322,48,993
323,48,496
324,48,8
325,48,197
326,48,381
327,48,689
328,48,132
329,48,1005
330,48,110
331,48,285
332,48,894
333,48,688
334,48,792
335,48,369
336,48,228
337,48,236
338,48,70
339,48,701
340,48,947
341,48,699
342,48,464
343,48,39
344,48,54
345,48,1006
346,48,856
347,48,30
348,48,737
349,48,976
350,48,570
351,48,51
352,48,912
353,48,420
354,48,442
355,48,707
356,48,991
357,48,799
358,48,552
359,48,499
360,48,454
361,48,460
362,48,1012
363,48,147
364,48,1018
365,48,893
366,48,864
367,48,85
368,48,681
369,48,164
370,48,162
371,48,922
372,48,106
373,48,419
374,48,45
375,48,826
376,48,751
377,48,513
378,48,849
379,48,834
380,48,559
381,48,355
382,48,673
383,48,664
384,48,682
385,48,305
386,48,568
387,48,828
388,48,892
389,48,776
390,48,343
391,48,895
392,48,855
393,48,875
394,48,862
395,48,286
396,48,43
397,48,523
398,48,349
399,48,245
0,49,301
1,49,150
2,49,30
3,49,683
4,49,443
5,49,954
6,49,974
7,49,669
8,49,311
9,49,463
10,49,557
11,49,105
12,49,187
13,49,786
14,49,698
15,49,618
16,49,784
17,49,1008
18,49,520
19,49,185
20,49,710
21,49,0
22,49,554
23,49,230
24,49,713
25,49,246
26,49,155
27,49,287
28,49,901
29,49,142
30,49,304
31,49,492
32,49,1013
33,49,48
34,49,643
35,49,149
36,49,440
37,49,380
38,49,906
39,49,717
40,49,997
41,49,603
42,49,665
43,49,107
44,49,67
45,49,867
46,49,911
47,49,70
48,49,540
49,49,767
50,49,524
51,49,915
52,49,783
53,49,487
54,49,933
55,49,1001
56,49,537
57,49,266
58,49,474
59,49,362
60,49,839
61,49,476
62,49,920
63,49,847
64,49,775
65,49,521
66,49,584
67,49,877
68,49,432
69,49,749
70,49,650
71,49,363
72,49,649
73,49,1010
74,49,215
75,49,506
76,49,616
77,49,297
78,49,484
79,49,779
80,49,891
81,49,755
82,49,419
83,49,99
84,49,283
85,49,538
86,49,984
87,49,186
88,49,966
89,49,686
90,49,973
91,49,170
92,49,814
93,49,220
94,49,890
95,49,919
96,49,252
97,49,883
98,49,435
99,49,617
100,49,924
101,49,770
102,49,560
103,49,652
104,49,539
105,49,614
106,49,137
107,49,267
108,49,239
109,49,654
110,49,81
111,49,449
112,49,60
113,49,790
114,49,434
115,49,450
116,49,62
117,49,44
118,49,101
119,49,606
120,49,868
121,49,431
122,49,730
123,49,748
124,49,176
125,49,334
126,49,102
127,49,483
128,49,375
129,49,231
130,49,812
131,49,985
132,49,16
133,49,518
134,49,619
135,49,47
136,49,321
137,49,978
138,49,482
139,49,243
140,49,250
141,49,724
142,49,607
143,49,114
144,49,173
145,49,723
146,49,852
147,49,242
148,49,190
149,49,96
150,49,955
151,49,550
152,49,534
153,49,319
154,49,75
155,49,695
156,49,11
157,49,952
158,49,635
159,49,785
160,49,104
161,49,504
162,49,120
163,49,98
164,49,433
165,49,35
166,49,277
167,49,838
168,49,961
169,49,531
170,49,462
171,49,473
172,49,298
173,49,165
174,49,865
175,49,854
176,49,115
177,49,663
178,49,878
179,49,326
180,49,1003
181,49,921
182,49,809
183,49,988
184,49,261
185,49,597
186,49,843
187,49,20
188,49,256
189,49,743
190,49,437
191,49,525
192,49,237
193,49,1002
194,49,580
195,49,938
196,49,490
197,49,957
198,49,313
199,49,309
200,49,410
201,49,981
202,49,980
203,49,962
204,49,80
205,49,414
206,49,709
207,49,201
208,49,571
209,49,914
210,49,218
211,49,667
212,49,960
213,49,135
214,49,179
215,49,161
216,49,916
217,49,772
218,49,566
219,49,929
220,49,953
221,49,77
222,49,124
223,49,753
224,49,787
225,49,610
226,49,972
227,49,1020
228,49,171
229,49,908
230,49,251
231,49,27
232,49,36
233,49,184
234,49,857
235,49,219
236,49,29
237,49,157
238,49,996
239,49,422
240,49,205
241,49,494
242,49,59
243,49,794
244,49,532
245,49,983
246,49,777
247,49,393
248,49,112
249,49,318
250,49,373
251,49,1014
252,49,700
253,49,88
254,49,148
255,49,160
256,49,345
257,49,944
258,49,5
259,49,965
260,49,34
261,49,646
262,49,763
263,49,509
264,49,827
265,49,429
266,49,127
267,49,235
268,49,9
269,49,627
270,49,390
271,49,555
272,49,350
273,49,223
274,49,549
275,49,214
276,49,226
277,49,546
278,49,503
279,49,797
280,49,951
281,49,263
282,49,216
283,49,869
284,49,193
285,49,204
286,49,898
287,49,697
288,49,842
289,49,515
290,49,213
291,49,202
292,49,656
293,49,140
294,49,541
295,49,630
296,49,392
297,49,535
298,49,241
299,49,93
300,49,486
301,49,739
302,49,41
303,49,662
304,49,511
305,49,12
306,49,822
307,49,386
308,49,379
309,49,387
310,49,725
311,49,527
312,49,315
313,49,333
314,49,837
315,49,813
316,49,119
317,49,454
318,49,668
319,49,728
320,49,959
321,49,632
322,49,992
323,49,496
324,49,8
325,49,197
326,49,381
327,49,690
328,49,132
329,49,1006
330,49,110
331,49,285
332,49,894
333,49,689
334,49,792
335,49,369
336,49,228
337,49,236
338,49,38
339,49,701
340,49,947
341,49,699
342,49,464
343,49,39
344,49,54
345,49,1007
346,49,856
347,49,31
348,49,737
349,49,976
350,49,570
351,49,51
352,49,912
353,49,388
354,49,442
355,49,707
356,49,991
357,49,799
358,49,552
359,49,499
360,49,453
361,49,460
362,49,1012
363,49,147
364,49,1018
365,49,893
366,49,864
367,49,85
368,49,681
369,49,164
370,49,162
371,49,922
372,49,106
373,49,420
374,49,45
375,49,826
376,49,751
377,49,545
378,49,849
379,49,834
380,49,559
381,49,355
382,49,673
383,49,664
384,49,682
385,49,305
386,49,568
387,49,828
388,49,892
389,49,776
390,49,343
391,49,895
392,49,887
393,49,875
394,49,862
395,49,286
396,49,43
397,49,523
398,49,349
399,49,245
0,50,301
1,50,150
2,50,30
3,50,683
4,50,443
5,50,954
6,50,1006
7,50,669
8,50,311
9,50,463
10,50,557
11,50,105
12,50,187
13,50,786
14,50,698
15,50,618
16,50,784
17,50,976
18,50,520
19,50,185
20,50,710
21,50,0
22,50,554
23,50,230
24,50,713
25,50,246
26,50,155
27,50,287
28,50,901
29,50,142
30,50,304
31,50,492
32,50,1013
33,50,48
34,50,643
35,50,149
36,50,440
37,50,380
38,50,906
39,50,717
40,50,997
41,50,603
42,50,665
43,50,107
44,50,67
45,50,867
46,50,911
47,50,38
48,50,540
49,50,767
50,50,524
51,50,915
52,50,783
53,50,487
54,50,933
55,50,1002
56,50,537
57,50,266
58,50,474
59,50,362
60,50,839
61,50,476
62,50,919
63,50,847
64,50,775
65,50,521
66,50,584
67,50,877
68,50,432
69,50,749
70,50,650
71,50,363
72,50,649
73,50,1010
74,50,215
75,50,506
76,50,616
77,50,297
78,50,516
79,50,779
80,50,891
81,50,755
82,50,387
83,50,99
84,50,283
85,50,538
86,50,985
87,50,186
88,50,966
89,50,686
90,50,973
91,50,170
92,50,814
93,50,220
94,50,890
95,50,887
96,50,252
97,50,883
98,50,435
99,50,617
100,50,924
101,50,770
102,50,560
103,50,652
104,50,539
105,50,614
106,50,137
107,50,267
108,50,239
109,50,654
110,50,81
111,50,449
112,50,60
113,50,790
114,50,434
115,50,450
116,50,62
117,50,44
118,50,101
119,50,606
120,50,868
121,50,431
122,50,730
123,50,748
124,50,176
125,50,334
126,50,102
127,50,484
128,50,375
129,50,263
130,50,812
131,50,986
132,50,16
133,50,518
134,50,619
135,50,47
136,50,320
137,50,978
138,50,482
139,50,243
140,50,250
141,50,724
142,50,607
143,50,114
144,50,173
145,50,723
146,50,852
147,50,242
148,50,190
149,50,96
150,50,955
151,50,550
152,50,534
153,50,319
154,50,75
155,50,695
156,50,11
157,50,952
158,50,635
159,50,785
160,50,104
161,50,504
162,50,120
163,50,98
164,50,433
165,50,35
166,50,277
167,50,838
168,50,961
169,50,531
170,50,462
171,50,473
172,50,298
173,50,165
174,50,865
175,50,854
176,50,115
177,50,663
178,50,878
179,50,326
180,50,1003
181,50,921
182,50,809
183,50,988
184,50,261
185,50,597
186,50,843
187,50,20
188,50,256
189,50,743
190,50,437
191,50,525
192,50,237
193,50,970
194,50,580
195,50,938
196,50,490
197,50,957
198,50,313
199,50,309
200,50,410
201,50,981
202,50,980
203,50,962
204,50,80
205,50,414
206,50,709
207,50,201
208,50,571
209,50,914
210,50,218
211,50,667
212,50,960
213,50,135
214,50,179
215,50,161
216,50,916
217,50,772
218,50,566
219,50,929
220,50,953
221,50,77
222,50,156
223,50,753
224,50,787
225,50,610
226,50,972
227,50,1020
228,50,171
229,50,908
230,50,251
231,50,27
232,50,36
233,50,184
234,50,857
235,50,219
236,50,29
237,50,157
238,50,996
239,50,421
240,50,205
241,50,494
242,50,58
243,50,794
244,50,532
245,50,984
246,50,777
247,50,393
248,50,112
249,50,318
250,50,373
251,50,982
252,50,700
253,50,88
254,50,148
255,50,160
256,50,345
257,50,944
258,50,5
259,50,965
260,50,34
261,50,646
262,50,763
263,50,509
264,50,827
265,50,429
266,50,127
267,50,235
268,50,9
269,50,627
270,50,390
271,50,555
272,50,350
273,50,223
274,50,549
275,50,214
276,50,226
277,50,545
278,50,503
279,50,797
280,50,951
281,50,295
282,50,216
283,50,869
284,50,193
285,50,204
286,50,930
287,50,697
288,50,842
289,50,515
290,50,213
291,50,202
292,50,656
293,50,140
294,50,541
295,50,630
296,50,392
297,50,535
298,50,241
299,50,93
300,50,454
301,50,739
302,50,41
303,50,662
304,50,511
305,50,12
306,50,821
307,50,386
308,50,379
309,50,388
310,50,725
311,50,527
312,50,315
313,50,333
314,50,837
315,50,813
316,50,119
317,50,422
318,50,668
319,50,728
320,50,959
321,50,632
322,50,992
323,50,496
324,50,8
325,50,197
326,50,381
327,50,658
328,50,132
329,50,1007
330,50,110
331,50,285
332,50,894
333,50,689
334,50,792
335,50,369
336,50,228
337,50,236
338,50,37
339,50,701
340,50,947
341,50,699
342,50,464
343,50,39
344,50,54
345,50,1008
346,50,856
347,50,31
348,50,737
349,50,977
350,50,570
351,50,51
352,50,912
353,50,356
354,50,442
355,50,707
356,50,991
357,50,799
358,50,552
359,50,499
360,50,453
361,50,460
362,50,1012
363,50,147
364,50,1018
365,50,893
366,50,864
367,50,85
368,50,681
369,50,164
370,50,162
371,50,922
372,50,106
373,50,419
374,50,45
375,50,826
376,50,751
377,50,544
378,50,849
379,50,834
380,50,559
381,50,355
382,50,673
383,50,664
384,50,682
385,50,305
386,50,568
387,50,828
388,50,892
389,50,776
390,50,343
391,50,895
392,50,888
393,50,875
394,50,862
395,50,286
396,50,43
397,50,523
398,50,349
399,50,245
0,51,301
1,51,150
2,51,30
3,51,683
4,51,443
5,51,954
6,51,1006
7,51,669
8,51,311
9,51,463
10,51,557
11,51,105
12,51,187
13,51,786
14,51,698
15,51,618
16,51,784
17,51,976
18,51,520
19,51,185
20,51,710
21,51,0
22,51,554
23,51,230
24,51,713
25,51,246
26,51,155
27,51,287
28,51,901
29,51,142
30,51,304
31,51,492
32,51,1013
33,51,48
34,51,643
35,51,149
36,51,440
37,51,380
38,51,906
39,51,717
40,51,997
41,51,603
42,51,665
43,51,107
44,51,67
45,51,867
46,51,911
47,51,6
48,51,540
49,51,767
50,51,524
51,51,915
52,51,783
53,51,487
54,51,933
55,51,1002
56,51,537
57,51,266
58,51,474
59,51,362
60,51,839
61,51,476
62,51,919
63,51,847
64,51,775
65,51,521
66,51,584
67,51,877
68,51,432
69,51,749
70,51,650
71,51,363
72,51,649
73,51,1010
74,51,215
75,51,506
76,51,616
77,51,297
78,51,517
79,51,779
80,51,891
81,51,755
82,51,355
83,51,99
84,51,283
85,51,538
86,51,1017
87,51,186
88,51,966
89,51,686
90,51,973
91,51,170
92,51,814
93,51,220
94,51,890
95,51,887
96,51,252
97,51,883
98,51,435
99,51,617
100,51,924
101,51,770
102,51,560
103,51,652
104,51,539
105,51,614
106,51,137
107,51,267
108,51,239
109,51,654
110,51,81
111,51,449
112,51,60
113,51,790
114,51,434
115,51,450
116,51,62
117,51,44
118,51,101
119,51,606
120,51,868
121,51,431
122,51,730
123,51,748
124,51,176
125,51,334
126,51,102
127,51,516
128,51,375
129,51,264
130,51,812
131,51,986
132,51,16
133,51,518
134,51,619
135,51,47
136,51,288
137,51,978
138,51,482
139,51,243
140,51,250
141,51,724
142,51,607
143,51,114
144,51,173
145,51,723
146,51,852
147,51,242
148,51,190
149,51,96
150,51,955
151,51,550
152,51,534
153,51,319
154,51,75
155,51,695
156,51,11
157,51,952
158,51,635
159,51,785
160,51,104
161,51,504
162,51,120
163,51,98
164,51,433
165,51,35
166,51,277
167,51,838
168,51,961
169,51,531
170,51,462
171,51,473
172,51,298
173,51,165
174,51,865
175,51,854
176,51,115
177,51,663
178,51,878
179,51,326
180,51,1003
181,51,921
182,51,809
183,51,988
184,51,261
185,51,597
186,51,843
187,51,20
188,51,256
189,51,743
190,51,437
191,51,525
192,51,237
193,51,970
194,51,580
195,51,938
196,51,490
197,51,957
198,51,313
199,51,309
200,51,410
201,51,981
202,51,980
203,51,962
204,51,80
205,51,414
206,51,709
207,51,201
208,51,571
209,51,914
210,51,218
211,51,667
212,51,960
213,51,135
214,51,179
215,51,161
216,51,916
217,51,772
218,51,566
219,51,929
220,51,953
221,51,77
222,51,156
223,51,753
224,51,787
225,51,610
226,51,972
227,51,1020
228,51,171
229,51,908
230,51,251
231,51,27
232,51,36
233,51,184
234,51,857
235,51,219
236,51,29
237,51,157
238,51,996
239,51,421
240,51,205
241,51,494
242,51,58
243,51,794
244,51,532
245,51,985
246,51,777
247,51,393
248,51,112
249,51,318
250,51,373
251,51,982
252,51,700
253,51,88
254,51,148
255,51,160
256,51,345
257,51,944
258,51,5
259,51,965
260,51,34
261,51,646
262,51,763
263,51,509
264,51,827
265,51,429
266,51,127
267,51,235
268,51,9
269,51,627
270,51,390
271,51,555
272,51,350
273,51,223
274,51,549
275,51,214
276,51,226
277,51,545
278,51,503
279,51,797
280,51,951
281,51,294
282,51,216
283,51,869
284,51,193
285,51,204
286,51,930
287,51,697
288,51,842
289,51,515
290,51,213
291,51,202
292,51,656
293,51,140
294,51,541
295,51,630
296,51,392
297,51,535
298,51,241
299,51,93
300,51,454
301,51,739
302,51,41
303,51,662
304,51,511
305,51,12
306,51,821
307,51,386
308,51,379
309,51,420
310,51,725
311,51,527
312,51,315
313,51,333
314,51,837
315,51,813
316,51,119
317,51,423
318,51,668
319,51,728
320,51,959
321,51,632
322,51,992
323,51,496
324,51,8
325,51,197
326,51,381
327,51,658
328,51,132
329,51,1008
330,51,110
331,51,285
332,51,894
333,51,689
334,51,792
335,51,369
336,51,228
337,51,236
338,51,38
339,51,701
340,51,947
341,51,699
342,51,464
343,51,39
344,51,54
345,51,1009
346,51,856
347,51,31
348,51,737
349,51,977
350,51,570
351,51,51
352,51,912
353,51,357
354,51,442
355,51,707
356,51,991
357,51,799
358,51,552
359,51,499
360,51,453
361,51,460
362,51,1012
363,51,147
364,51,1018
365,51,893
366,51,864
367,51,85
368,51,681
369,51,164
370,51,162
371,51,922
372,51,106
373,51,451
374,51,45
375,51,826
376,51,751
377,51,544
378,51,849
379,51,834
380,51,559
381,51,354
382,51,673
383,51,664
384,51,682
385,51,305
386,51,568
387,51,828
388,51,892
389,51,776
390,51,343
391,51,895
392,51,920
393,51,875
394,51,862
395,51,286
396,51,43
397,51,523
398,51,349
399,51,245
0,52,301
1,52,150
2,52,30
3,52,683
4,52,443
5,52,954
6,52,1006
7,52,669
8,52,311
9,52,463
10,52,557
11,52,105
12,52,187
13,52,786
14,52,698
15,52,618
16,52,784
17,52,1008
18,52,520
19,52,185
20,52,710
21,52,0
22,52,554
23,52,230
24,52,713
25,52,246
26,52,155
27,52,287
28,52,901
29,52,142
30,52,304
31,52,492
32,52,1013
33,52,48
34,52,643
35,52,149
36,52,440
37,52,380
38,52,906
39,52,717
40,52,997
41,52,603
42,52,665
43,52,107
44,52,67
45,52,867
46,52,911
47,52,6
48,52,540
49,52,767
50,52,524
51,52,915
52,52,783
53,52,487
54,52,933
55,52,1002
56,52,537
57,52,266
58,52,474
59,52,362
60,52,839
61,52,476
62,52,919
63,52,847
64,52,775
65,52,521
66,52,584
67,52,877
68,52,432
69,52,749
70,52,650
71,52,363
72,52,649
73,52,1011
74,52,215
75,52,506
76,52,616
77,52,297
78,52,516
79,52,779
80,52,891
81,52,755
82,52,356
83,52,99
84,52,283
85,52,538
86,52,1016
87,52,186
88,52,966
89,52,686
90,52,973
91,52,170
92,52,814
93,52,220
94,52,890
95,52,887
96,52,252
97,52,883
98,52,435
99,52,617
100,52,924
101,52,770
102,52,560
103,52,652
104,52,539
105,52,614
106,52,137
107,52,267
108,52,239
109,52,654
110,52,81
111,52,449
112,52,60
113,52,790
114,52,434
115,52,450
116,52,62
117,52,44
118,52,101
119,52,606
120,52,868
121,52,431
122,52,730
123,52,748
124,52,176
125,52,334
126,52,102
127,52,515
128,52,375
129,52,264
130,52,812
131,52,987
132,52,16
133,52,518
134,52,619
135,52,47
136,52,256
137,52,978
138,52,482
139,52,243
140,52,250
141,52,724
142,52,607
143,52,114
144,52,173
145,52,723
146,52,852
147,52,242
148,52,190
149,52,96
150,52,955
151,52,550
152,52,534
153,52,319
154,52,75
155,52,695
156,52,11
157,52,952
158,52,635
159,52,785
160,52,104
161,52,504
162,52,120
163,52,98
164,52,433
165,52,35
166,52,277
167,52,838
168,52,961
169,52,531
170,52,462
171,52,473
172,52,298
173,52,165
174,52,865
175,52,854
176,52,115
177,52,663
178,52,878
179,52,326
180,52,1003
181,52,921
182,52,809
183,52,988
184,52,261
185,52,597
186,52,843
187,52,20
188,52,257
189,52,743
190,52,437
191,52,525
192,52,237
193,52,970
194,52,580
195,52,938
196,52,490
197,52,957
198,52,313
199,52,309
200,52,410
201,52,981
202,52,980
203,52,962
204,52,80
205,52,414
206,52,709
207,52,201
208,52,571
209,52,914
210,52,218
211,52,667
212,52,960
213,52,135
214,52,179
215,52,161
216,52,916
217,52,772
218,52,566
219,52,929
220,52,953
221,52,77
222,52,156
223,52,753
224,52,787
225,52,610
226,52,972
227,52,1020
228,52,171
229,52,908
230,52,251
231,52,27
232,52,36
233,52,184
234,52,857
235,52,219
236,52,29
237,52,157
238,52,996
239,52,421
240,52,205
241,52,494
242,52,58
243,52,794
244,52,532
245,52,986
246,52,777
247,52,393
248,52,112
249,52,318
250,52,373
251,52,982
252,52,700
253,52,88
254,52,148
255,52,160
256,52,345
257,52,944
258,52,5
259,52,965
260,52,34
261,52,646
262,52,763
263,52,509
264,52,827
265,52,429
266,52,127
267,52,235
268,52,9
269,52,627
270,52,390
271,52,555
272,52,350
273,52,223
274,52,549
275,52,214
276,52,226
277,52,545
278,52,503
279,52,797
280,52,951
281,52,294
282,52,216
283,52,869
284,52,193
285,52,204
286,52,930
287,52,697
288,52,842
289,52,514
290,52,213
291,52,202
292,52,656
293,52,140
294,52,541
295,52,630
296,52,392
297,52,535
298,52,241
299,52,93
300,52,454
301,52,739
302,52,41
303,52,662
304,52,511
305,52,12
306,52,821
307,52,386
308,52,379
309,52,420
310,52,725
311,52,527
312,52,315
313,52,333
314,52,837
315,52,813
316,52,119
317,52,424
318,52,668
319,52,728
320,52,959
321,52,632
322,52,992
323,52,496
324,52,8
325,52,197
326,52,381
327,52,658
328,52,132
329,52,1009
330,52,110
331,52,285
332,52,894
333,52,689
334,52,792
335,52,369
336,52,228
337,52,236
338,52,70
339,52,701
340,52,947
341,52,699
342,52,464
343,52,39
344,52,54
345,52,1010
346,52,856
347,52,31
348,52,737
349,52,976
350,52,570
351,52,51
352,52,912
353,52,325
354,52,442
355,52,707
356,52,991
357,52,799
358,52,552
359,52,499
360,52,453
361,52,460
362,52,1012
363,52,147
364,52,1018
365,52,893
366,52,864
367,52,85
368,52,681
369,52,164
370,52,162
371,52,922
372,52,106
373,52,451
374,52,45
375,52,826
376,52,751
377,52,544
378,52,849
379,52,834
380,52,559
381,52,355
382,52,673
383,52,664
384,52,682
385,52,305
386,52,568
387,52,828
388,52,892
389,52,776
390,52,343
391,52,895
392,52,920
393,52,875
394,52,862
395,52,286
396,52,43
397,52,523
398,52,349
399,52,245
0,53,301
1,53,150
2,53,30
3,53,683
4,53,443
5,53,954
6,53,1006
7,53,669
8,53,311
9,53,463
10,53,557
11,53,105
12,53,187
13,53,786
14,53,698
15,53,618
16,53,784
17,53,1008
18,53,520
19,53,185
20,53,710
21,53,0
22,53,554
23,53,230
24,53,713
25,53,246
26,53,155
27,53,287
28,53,901
29,53,142
30,53,304
31,53,492
32,53,1013
33,53,48
34,53,643
35,53,149
36,53,440
37,53,380
38,53,906
39,53,717
40,53,997
41,53,603
42,53,665
43,53,107
44,53,67
45,53,867
46,53,911
47,53,6
48,53,540
49,53,767
50,53,524
51,53,915
52,53,783
53,53,487
54,53,933
55,53,1002
56,53,537
57,53,266
58,53,474
59,53,362
60,53,839
61,53,476
62,53,919
63,53,847
64,53,775
65,53,521
66,53,584
67,53,877
68,53,432
69,53,749
70,53,650
71,53,363
72,53,649
73,53,1011
74,53,215
75,53,506
76,53,616
77,53,297
78,53,484
79,53,779
80,53,891
81,53,755
82,53,356
83,53,99
84,53,283
85,53,538
86,53,984
87,53,186
88,53,966
89,53,686
90,53,973
91,53,170
92,53,814
93,53,220
94,53,890
95,53,887
96,53,252
97,53,883
98,53,435
99,53,617
100,53,924
101,53,770
102,53,560
103,53,652
104,53,539
105,53,614
106,53,137
107,53,267
108,53,239
109,53,654
110,53,81
111,53,449
112,53,60
113,53,790
114,53,434
115,53,450
116,53,62
117,53,44
118,53,101
119,53,606
120,53,868
121,53,431
122,53,730
123,53,748
124,53,176
125,53,334
126,53,102
127,53,516
128,53,375
129,53,264
130,53,812
131,53,988
132,53,16
133,53,518
134,53,619
135,53,47
136,53,224
137,53,977
138,53,482
139,53,243
140,53,250
141,53,724
142,53,607
143,53,114
144,53,173
145,53,723
146,53,852
147,53,242
148,53,190
149,53,96
150,53,955
151,53,550
152,53,534
153,53,319
154,53,75
155,53,695
156,53,11
157,53,952
158,53,635
159,53,785
160,53,104
161,53,504
162,53,120
163,53,98
164,53,433
165,53,35
166,53,277
167,53,838
168,53,961
169,53,531
170,53,462
171,53,473
172,53,298
173,53,165
174,53,865
175,53,854
176,53,115
177,53,663
178,53,878
179,53,326
180,53,1003
181,53,921
182,53,809
183,53,956
184,53,261
185,53,597
186,53,843
187,53,20
188,53,256
189,53,743
190,53,437
191,53,525
192,53,237
193,53,970
194,53,580
195,53,938
196,53,490
197,53,957
198,53,313
199,53,309
200,53,410
201,53,981
202,53,980
203,53,962
204,53,80
205,53,414
206,53,709
207,53,201
208,53,571
209,53,914
210,53,218
211,53,667
212,53,960
213,53,135
214,53,179
215,53,161
216,53,916
217,53,772
218,53,566
219,53,929
220,53,953
221,53,77
222,53,156
223,53,753
224,53,787
225,53,610
226,53,972
227,53,1020
228,53,171
229,53,908
230,53,251
231,53,27
232,53,36
233,53,184
234,53,857
235,53,219
236,53,29
237,53,157
238,53,996
239,53,421
240,53,205
241,53,494
242,53,58
243,53,794
244,53,532
245,53,987
246,53,777
247,53,393
248,53,112
249,53,318
250,53,373
251,53,982
252,53,700
253,53,88
254,53,148
255,53,160
256,53,345
257,53,944
258,53,5
259,53,965
260,53,34
261,53,646
262,53,763
263,53,509
264,53,827
265,53,429
266,53,127
267,53,235
268,53,9
269,53,627
270,53,390
271,53,555
272,53,350
273,53,223
274,53,549
275,53,214
276,53,226
277,53,545
278,53,503
279,53,797
280,53,951
281,53,294
282,53,216
283,53,869
284,53,193
285,53,204
286,53,930
287,53,697
288,53,842
289,53,515
290,53,213
291,53,202
292,53,656
293,53,140
294,53,541
295,53,630
296,53,392
297,53,535
298,53,241
299,53,93
300,53,454
301,53,739
302,53,41
303,53,662
304,53,511
305,53,12
306,53,821
307,53,386
308,53,379
309,53,420
310,53,725
311,53,527
312,53,315
313,53,333
314,53,837
315,53,813
316,53,119
317,53,424
318,53,668
319,53,728
320,53,959
321,53,632
322,53,992
323,53,496
324,53,8
325,53,197
326,53,381
327,53,658
328,53,132
329,53,1010
330,53,110
331,53,285
332,53,894
333,53,689
334,53,792
335,53,369
336,53,228
337,53,236
338,53,70
339,53,701
340,53,947
341,53,699
342,53,464
343,53,39
344,53,54
345,53,978
346,53,856
347,53,31
348,53,737
349,53,976
350,53,570
351,53,51
352,53,912
353,53,325
354,53,442
355,53,707
356,53,991
357,53,799
358,53,552
359,53,499
360,53,453
361,53,460
362,53,1012
363,53,147
364,53,1018
365,53,893
366,53,864
367,53,85
368,53,681
369,53,164
370,53,162
371,53,922
372,53,106
373,53,451
374,53,45
375,53,826
376,53,751
377,53,544
378,53,849
379,53,834
380,53,559
381,53,355
382,53,673
383,53,664
384,53,682
385,53,305
386,53,568
387,53,828
388,53,892
389,53,776
390,53,343
391,53,895
392,53,920
393,53,875
394,53,862
395,53,286
396,53,43
397,53,523
398,53,349
399,53,245
0,54,301
1,54,150
2,54,30
3,54,683
4,54,443
5,54,954
6,54,1006
7,54,669
8,54,311
9,54,463
10,54,557
11,54,105
12,54,187
13,54,786
14,54,698
15,54,618
16,54,784
17,54,1008
18,54,520
19,54,185
20,54,710
21,54,0
22,54,554
23,54,230
24,54,713
25,54,246
26,54,155
27,54,287
28,54,901
29,54,142
30,54,304
31,54,492
32,54,1013
33,54,48
34,54,643
35,54,149
36,54,440
37,54,380
38,54,906
39,54,717
40,54,997
41,54,603
42,54,665
43,54,107
44,54,67
45,54,867
46,54,911
47,54,6
48,54,540
49,54,767
50,54,524
51,54,915
52,54,783
53,54,487
54,54,933
55,54,1002
56,54,537
57,54,266
58,54,474
59,54,362
60,54,839
61,54,476
62,54,919
63,54,847
64,54,775
65,54,521
66,54,584
67,54,877
68,54,432
69,54,749
70,54,650
71,54,363
72,54,649
73,54,979
74,54,215
75,54,506
76,54,616
77,54,297
78,54,484
79,54,779
80,54,891
81,54,755
82,54,356
83,54,99
84,54,283
85,54,538
86,54,983
87,54,186
88,54,966
89,54,686
90,54,973
91,54,170
92,54,814
93,54,220
94,54,890
95,54,887
96,54,252
97,54,883
98,54,435
99,54,617
100,54,924
101,54,770
102,54,560
103,54,652
104,54,539
105,54,614
106,54,137
107,54,267
108,54,239
109,54,654
110,54,81
111,54,449
112,54,60
113,54,790
114,54,434
115,54,450
116,54,62
117,54,44
118,54,101
119,54,606
120,54,868
121,54,431
122,54,730
123,54,748
124,54,176
125,54,334
126,54,102
127,54,516
128,54,375
129,54,264
130,54,812
131,54,1020
132,54,16
133,54,518
134,54,619
135,54,47
136,54,224
137,54,945
138,54,482
139,54,243
140,54,250
141,54,724
142,54,607
143,54,114
144,54,173
145,54,723
146,54,852
147,54,242
148,54,190
149,54,96
150,54,955
151,54,550
152,54,534
153,54,319
154,54,75
155,54,695
156,54,11
157,54,952
158,54,635
159,54,785
160,54,104
161,54,504
162,54,120
163,54,98
164,54,433
165,54,35
166,54,277
167,54,838
168,54,961
169,54,531
170,54,462
171,54,473
172,54,298
173,54,165
174,54,865
175,54,854
176,54,115
177,54,663
178,54,878
179,54,326
180,54,1003
181,54,921
182,54,809
183,54,956
184,54,261
185,54,597
186,54,843
187,54,20
188,54,256
189,54,743
190,54,437
191,54,525
192,54,237
193,54,970
194,54,580
195,54,938
196,54,490
197,54,957
198,54,313
199,54,309
200,54,410
201,54,981
202,54,980
203,54,962
204,54,80
205,54,414
206,54,709
207,54,201
208,54,571
209,54,914
210,54,218
211,54,667
212,54,960
213,54,135
214,54,179
215,54,161
216,54,916
217,54,772
218,54,566
219,54,929
220,54,953
221,54,77
222,54,156
223,54,753
224,54,787
225,54,610
226,54,972
227,54,1019
228,54,171
229,54,908
230,54,251
231,54,27
232,54,36
233,54,184
234,54,857
235,54,219
236,54,29
237,54,157
238,54,996
239,54,421
240,54,205
241,54,494
242,54,58
243,54,794
244,54,532
245,54,988
246,54,777
247,54,393
248,54,112
249,54,318
250,54,373
251,54,982
252,54,700
253,54,88
254,54,148
255,54,160
256,54,345
257,54,944
258,54,5
259,54,965
260,54,34
261,54,646
262,54,763
263,54,509
264,54,827
265,54,429
266,54,127
267,54,235
268,54,9
269,54,627
270,54,390
271,54,555
272,54,350
273,54,223
274,54,549
275,54,214
276,54,226
277,54,545
278,54,503
279,54,797
280,54,951
281,54,294
282,54,216
283,54,869
284,54,193
285,54,204
286,54,930
287,54,697
288,54,842
289,54,515
290,54,213
291,54,202
292,54,656
293,54,140
294,54,541
295,54,630
296,54,392
297,54,535
298,54,241
299,54,93
300,54,454
301,54,739
302,54,41
303,54,662
304,54,511
305,54,12
306,54,821
307,54,386
308,54,379
309,54,420
310,54,725
311,54,527
312,54,315
313,54,333
314,54,837
315,54,813
316,54,119
317,54,424
318,54,668
319,54,728
320,54,959
321,54,632
322,54,992
323,54,496
324,54,8
325,54,197
326,54,381
327,54,658
328,54,132
329,54,1011
330,54,110
331,54,285
332,54,894
333,54,689
334,54,792
335,54,369
336,54,228
337,54,236
338,54,70
339,54,701
340,54,947
341,54,699
342,54,464
343,54,39
344,54,54
345,54,977
346,54,856
347,54,31
348,54,737
349,54,976
350,54,570
351,54,51
352,54,912
353,54,325
354,54,442
355,54,707
356,54,991
357,54,799
358,54,552
359,54,499
360,54,453
361,54,460
362,54,1012
363,54,147
364,54,1018
365,54,893
366,54,864
367,54,85
368,54,681
369,54,164
370,54,162
371,54,922
372,54,106
373,54,451
374,54,45
375,54,826
376,54,751
377,54,544
378,54,849
379,54,834
380,54,559
381,54,355
382,54,673
383,54,664
384,54,682
385,54,305
386,54,568
387,54,828
388,54,892
389,54,776
390,54,343
391,54,895
392,54,920
393,54,875
394,54,862
395,54,286
396,54,43
397,54,523
398,54,349
399,54,245
0,55,301
1,55,150
2,55,30
3,55,683
4,55,443
5,55,954
6,55,1006
7,55,669
8,55,311
9,55,463
10,55,557
11,55,105
12,55,187
13,55,786
14,55,698
15,55,618
16,55,784
17,55,1008
18,55,520
19,55,185
20,55,710
21,55,0
22,55,554
23,55,230
24,55,713
25,55,246
26,55,155
27,55,287
28,55,901
29,55,142
30,55,304
31,55,492
32,55,1013
33,55,48
34,55,643
35,55,149
36,55,440
37,55,380
38,55,906
39,55,717
40,55,997
41,55,603
42,55,665
43,55,107
44,55,67
45,55,867
46,55,911
47,55,6
48,55,540
49,55,767
50,55,524
51,55,915
52,55,783
53,55,487
54,55,933
55,55,1002
56,55,537
57,55,266
58,55,474
59,55,362
60,55,839
61,55,476
62,55,919
63,55,847
64,55,775
65,55,521
66,55,584
67,55,877
68,55,432
69,55,749
70,55,650
71,55,363
72,55,649
73,55,1011
74,55,215
75,55,506
76,55,616
77,55,297
78,55,484
79,55,779
80,55,891
81,55,755
82,55,356
83,55,99
84,55,283
85,55,538
86,55,983
87,55,186
88,55,966
89,55,686
90,55,973
91,55,170
92,55,814
93,55,220
94,55,890
95,55,887
96,55,252
97,55,883
98,55,435
99,55,617
100,55,924
101,55,770
102,55,560
103,55,652
104,55,539
105,55,614
106,55,137
107,55,267
108,55,239
109,55,654
110,55,81
111,55,449
112,55,60
113,55,790
114,55,434
115,55,450
116,55,62
117,55,44
118,55,101
119,55,606
120,55,868
121,55,431
122,55,730
123,55,748
124,55,176
125,55,334
126,55,102
127,55,516
128,55,375
129,55,264
130,55,812
131,55,988
132,55,16
133,55,518
134,55,619
135,55,47
136,55,224
137,55,946
138,55,482
139,55,243
140,55,250
141,55,724
142,55,607
143,55,114
144,55,173
145,55,723
146,55,852
147,55,242
148,55,190
149,55,96
150,55,955
151,55,550
152,55,534
153,55,319
154,55,75
155,55,695
156,55,11
157,55,952
158,55,635
159,55,785
160,55,104
161,55,504
162,55,120
163,55,98
164,55,433
165,55,35
166,55,277
167,55,838
168,55,961
169,55,531
170,55,462
171,55,473
172,55,298
173,55,165
174,55,865
175,55,854
176,55,115
177,55,663
178,55,878
179,55,326
180,55,1003
181,55,921
182,55,809
183,55,956
184,55,261
185,55,597
186,55,843
187,55,20
188,55,256
189,55,743
190,55,437
191,55,525
192,55,237
193,55,970
194,55,580
195,55,938
196,55,490
197,55,957
198,55,313
199,55,309
200,55,410
201,55,949
202,55,981
203,55,962
204,55,80
205,55,414
206,55,709
207,55,201
208,55,571
209,55,914
210,55,218
211,55,667
212,55,960
213,55,135
214,55,179
215,55,161
216,55,916
217,55,772
218,55,566
219,55,929
220,55,953
221,55,77
222,55,156
223,55,753
224,55,787
225,55,610
226,55,972
227,55,1020
228,55,171
229,55,908
230,55,251
231,55,27
232,55,36
233,55,184
234,55,857
235,55,219
236,55,29
237,55,157
238,55,996
239,55,421
240,55,205
241,55,494
242,55,58
243,55,794
244,55,532
245,55,989
246,55,777
247,55,393
248,55,112
249,55,318
250,55,373
251,55,982
252,55,700
253,55,88
254,55,148
255,55,160
256,55,345
257,55,944
258,55,5
259,55,965
260,55,34
261,55,646
262,55,763
263,55,509
264,55,827
265,55,429
266,55,127
267,55,235
268,55,9
269,55,627
270,55,390
271,55,555
272,55,350
273,55,223
274,55,549
275,55,214
276,55,226
277,55,545
278,55,503
279,55,797
280,55,951
281,55,294
282,55,216
283,55,869
284,55,193
285,55,204
286,55,930
287,55,697
288,55,842
289,55,515
290,55,213
291,55,202
292,55,656
293,55,140
294,55,541
295,55,630
296,55,392
297,55,535
298,55,241
299,55,93
300,55,454
301,55,739
302,55,41
303,55,662
304,55,511
305,55,12
306,55,821
307,55,386
308,55,379
309,55,420
310,55,725
311,55,527
312,55,315
313,55,333
314,55,837
315,55,813
316,55,119
317,55,424
318,55,668
319,55,728
320,55,959
321,55,632
322,55,992
323,55,496
324,55,8
325,55,197
326,55,381
327,55,658
328,55,132
329,55,1012
330,55,110
331,55,285
332,55,894
333,55,689
334,55,792
335,55,369
336,55,228
337,55,236
338,55,70
339,55,701
340,55,947
341,55,699
342,55,464
343,55,39
344,55,54
345,55,1009
346,55,856
347,55,31
348,55,737
349,55,976
350,55,570
351,55,51
352,55,912
353,55,325
354,55,442
355,55,707
356,55,991
357,55,799
358,55,552
359,55,499
360,55,453
361,55,460
362,55,980
363,55,147
364,55,1018
365,55,893
366,55,864
367,55,85
368,55,681
369,55,164
370,55,162
371,55,922
372,55,106
373,55,451
374,55,45
375,55,826
376,55,751
377,55,544
378,55,849
379,55,834
380,55,559
381,55,355
382,55,673
383,55,664
384,55,682
385,55,305
386,55,568
387,55,828
388,55,892
389,55,776
390,55,343
391,55,895
392,55,920
393,55,875
394,55,862
395,55,286
396,55,43
397,55,523
398,55,349
399,55,245
0,56,301
1,56,150
2,56,30
3,56,683
4,56,443
5,56,954
6,56,1006
7,56,669
8,56,311
9,56,463
10,56,557
11,56,105
12,56,187
13,56,786
14,56,698
15,56,618
16,56,784
17,56,1007
18,56,520
19,56,185
20,56,710
21,56,0
22,56,554
23,56,230
24,56,713
25,56,246
26,56,155
27,56,287
28,56,901
29,56,142
30,56,304
31,56,492
32,56,981
33,56,48
34,56,643
35,56,149
36,56,440
37,56,380
38,56,906
39,56,717
40,56,997
41,56,603
42,56,665
43,56,107
44,56,67
45,56,867
46,56,911
47,56,6
48,56,540
49,56,767
50,56,524
51,56,915
52,56,783
53,56,487
54,56,933
55,56,1002
56,56,537
57,56,266
58,56,474
59,56,362
60,56,839
61,56,476
62,56,919
63,56,847
64,56,775
65,56,521
66,56,584
67,56,877
68,56,432
69,56,749
70,56,650
71,56,363
72,56,649
73,56,1010
74,56,215
75,56,506
76,56,616
77,56,297
78,56,484
79,56,779
80,56,891
81,56,755
82,56,356
83,56,99
84,56,283
85,56,538
86,56,983
87,56,186
88,56,966
89,56,686
90,56,973
91,56,170
92,56,814
93,56,220
94,56,890
95,56,887
96,56,252
97,56,883
98,56,435
99,56,617
100,56,924
101,56,770
102,56,560
103,56,652
104,56,539
105,56,614
106,56,137
107,56,267
108,56,239
109,56,654
110,56,81
111,56,449
112,56,60
113,56,790
114,56,434
115,56,450
116,56,62
117,56,44
118,56,101
119,56,606
120,56,868
121,56,431
122,56,730
123,56,748
124,56,176
125,56,334
126,56,102
127,56,516
128,56,375
129,56,264
130,56,812
131,56,987
132,56,16
133,56,518
134,56,619
135,56,47
136,56,224
137,56,978
138,56,482
139,56,243
140,56,250
141,56,724
142,56,607
143,56,114
144,56,173
145,56,723
146,56,852
147,56,242
148,56,190
149,56,96
150,56,955
151,56,550
152,56,534
153,56,319
154,56,75
155,56,695
156,56,11
157,56,952
158,56,635
159,56,785
160,56,104
161,56,504
162,56,120
163,56,98
164,56,433
165,56,35
166,56,277
167,56,838
168,56,961
169,56,531
170,56,462
171,56,473
172,56,298
173,56,165
174,56,865
175,56,854
176,56,115
177,56,663
178,56,878
179,56,326
180,56,1003
181,56,921
182,56,809
183,56,988
184,56,261
185,56,597
186,56,843
187,56,20
188,56,256
189,56,743
190,56,437
191,56,525
192,56,237
193,56,970
194,56,580
195,56,938
196,56,490
197,56,957
198,56,313
199,56,309
200,56,410
201,56,949
202,56,980
203,56,962
204,56,80
205,56,414
206,56,709
207,56,201
208,56,571
209,56,914
210,56,218
211,56,667
212,56,960
213,56,135
214,56,179
215,56,161
216,56,916
217,56,772
218,56,566
219,56,929
220,56,953
221,56,77
222,56,156
223,56,753
224,56,787
225,56,610
226,56,972
227,56,1020
228,56,171
229,56,908
230,56,251
231,56,27
232,56,36
233,56,184
234,56,857
235,56,219
236,56,29
237,56,157
238,56,996
239,56,421
240,56,205
241,56,494
242,56,58
243,56,794
244,56,532
245,56,989
246,56,777
247,56,393
248,56,112
249,56,318
250,56,373
251,56,982
252,56,700
253,56,88
254,56,148
255,56,160
256,56,345
257,56,944
258,56,5
259,56,965
260,56,34
261,56,646
262,56,763
263,56,509
264,56,827
265,56,429
266,56,127
267,56,235
268,56,9
269,56,627
270,56,390
271,56,555
272,56,350
273,56,223
274,56,549
275,56,214
276,56,226
277,56,545
278,56,503
279,56,797
280,56,951
281,56,294
282,56,216
283,56,869
284,56,193
285,56,204
286,56,930
287,56,697
288,56,842
289,56,515
290,56,213
291,56,202
292,56,656
293,56,140
294,56,541
295,56,630
296,56,392
297,56,535
298,56,241
299,56,93
300,56,454
301,56,739
302,56,41
303,56,662
304,56,511
305,56,12
306,56,821
307,56,386
308,56,379
309,56,420
310,56,725
311,56,527
312,56,315
313,56,333
314,56,837
315,56,813
316,56,119
317,56,424
318,56,668
319,56,728
320,56,959
321,56,632
322,56,992
323,56,496
324,56,8
325,56,197
326,56,381
327,56,658
328,56,132
329,56,1013
330,56,110
331,56,285
332,56,894
333,56,689
334,56,792
335,56,369
336,56,228
337,56,236
338,56,70
339,56,701
340,56,947
341,56,699
342,56,464
343,56,39
344,56,54
345,56,1008
346,56,856
347,56,31
348,56,737
349,56,976
350,56,570
351,56,51
352,56,912
353,56,325
354,56,442
355,56,707
356,56,991
357,56,799
358,56,552
359,56,499
360,56,453
361,56,460
362,56,1012
363,56,147
364,56,1018
365,56,893
366,56,864
367,56,85
368,56,681
369,56,164
370,56,162
371,56,922
372,56,106
373,56,451
374,56,45
375,56,826
376,56,751
377,56,544
378,56,849
379,56,834
380,56,559
381,56,355
382,56,673
383,56,664
384,56,682
385,56,305
386,56,568
387,56,828
388,56,892
389,56,776
390,56,343
391,56,895
392,56,920
393,56,875
394,56,862
395,56,286
396,56,43
397,56,523
398,56,349
399,56,245
0,57,301
1,57,150
2,57,30
3,57,683
4,57,443
5,57,954
6,57,1005
7,57,669
8,57,311
9,57,463
10,57,557
11,57,105
12,57,187
13,57,786
14,57,698
15,57,618
16,57,784
17,57,1006
18,57,520
19,57,185
20,57,710
21,57,0
22,57,554
23,57,230
24,57,713
25,57,246
26,57,155
27,57,287
28,57,901
29,57,142
30,57,304
31,57,492
32,57,1013
33,57,48
34,57,643
35,57,149
36,57,440
37,57,380
38,57,906
39,57,717
40,57,997
41,57,603
42,57,665
43,57,107
44,57,67
45,57,867
46,57,911
47,57,6
48,57,540
49,57,767
50,57,524
51,57,915
52,57,783
53,57,487
54,57,933
55,57,1002
56,57,537
57,57,266
58,57,474
59,57,362
60,57,839
61,57,476
62,57,919
63,57,847
64,57,775
65,57,521
66,57,584
67,57,877
68,57,432
69,57,749
70,57,650
71,57,363
72,57,649
73,57,1010
74,57,215
75,57,506
76,57,616
77,57,297
78,57,484
79,57,779
80,57,891
81,57,755
82,57,356
83,57,99
84,57,283
85,57,538
86,57,983
87,57,186
88,57,966
89,57,686
90,57,973
91,57,170
92,57,814
93,57,220
94,57,890
95,57,887
96,57,252
97,57,883
98,57,435
99,57,617
100,57,924
101,57,770
102,57,560
103,57,652
104,57,539
105,57,614
106,57,137
107,57,267
108,57,239
109,57,654
110,57,81
111,57,449
112,57,60
113,57,790
114,57,434
115,57,450
116,57,62
117,57,44
118,57,101
119,57,606
120,57,868
121,57,431
122,57,730
123,57,748
124,57,176
125,57,334
126,57,102
127,57,516
128,57,375
129,57,264
130,57,812
131,57,986
132,57,16
133,57,518
134,57,619
135,57,47
136,57,224
137,57,978
138,57,482
139,57,243
140,57,250
141,57,724
142,57,607
143,57,114
144,57,173
145,57,723
146,57,852
147,57,242
148,57,190
149,57,96
150,57,955
151,57,550
152,57,534
153,57,319
154,57,75
155,57,695
156,57,11
157,57,952
158,57,635
159,57,785
160,57,104
161,57,504
162,57,120
163,57,98
164,57,433
165,57,35
166,57,277
167,57,838
168,57,961
169,57,531
170,57,462
171,57,473
172,57,298
173,57,165
174,57,865
175,57,854
176,57,115
177,57,663
178,57,878
179,57,326
180,57,1003
181,57,921
182,57,809
183,57,988
184,57,261
185,57,597
186,57,843
187,57,20
188,57,256
189,57,743
190,57,437
191,57,525
192,57,237
193,57,970
194,57,580
195,57,938
196,57,490
197,57,957
198,57,313
199,57,309
200,57,410
201,57,981
202,57,980
203,57,962
204,57,80
205,57,414
206,57,709
207,57,201
208,57,571
209,57,914
210,57,218
211,57,667
212,57,960
213,57,135
214,57,179
215,57,161
216,57,916
217,57,772
218,57,566
219,57,929
220,57,953
221,57,77
222,57,156
223,57,753
224,57,787
225,57,610
226,57,972
227,57,1020
228,57,171
229,57,908
230,57,251
231,57,27
232,57,36
233,57,184
234,57,857
235,57,219
236,57,29
237,57,157
238,57,996
239,57,421
240,57,205
241,57,494
242,57,58
243,57,794
244,57,532
245,57,989
246,57,777
247,57,393
248,57,112
249,57,318
250,57,373
251,57,982
252,57,700
253,57,88
254,57,148
255,57,160
256,57,345
257,57,944
258,57,5
259,57,965
260,57,34
261,57,646
262,57,763
263,57,509
264,57,827
265,57,429
266,57,127
267,57,235
268,57,9
269,57,627
270,57,390
271,57,555
272,57,350
273,57,223
274,57,549
275,57,214
276,57,226
277,57,545
278,57,503
279,57,797
280,57,951
281,57,294
282,57,216
283,57,869
284,57,193
285,57,204
286,57,930
287,57,697
288,57,842
289,57,515
290,57,213
291,57,202
292,57,656
293,57,140
294,57,541
295,57,630
296,57,392
297,57,535
298,57,241
299,57,93
300,57,454
301,57,739
302,57,41
303,57,662
304,57,511
305,57,12
306,57,821
307,57,386
308,57,379
309,57,420
310,57,725
311,57,527
312,57,315
313,57,333
314,57,837
315,57,813
316,57,119
317,57,424
318,57,668
319,57,728
320,57,959
321,57,632
322,57,992
323,57,496
324,57,8
325,57,197
326,57,381
327,57,658
328,57,132
329,57,1014
330,57,110
331,57,285
332,57,894
333,57,689
334,57,792
335,57,369
336,57,228
337,57,236
338,57,70
339,57,701
340,57,947
341,57,699
342,57,464
343,57,39
344,57,54
345,57,1007
346,57,856
347,57,31
348,57,737
349,57,976
350,57,570
351,57,51
352,57,912
353,57,325
354,57,442
355,57,707
356,57,991
357,57,799
358,57,552
359,57,499
360,57,453
361,57,460
362,57,1012
363,57,147
364,57,1018
365,57,893
366,57,864
367,57,85
368,57,681
369,57,164
370,57,162
371,57,922
372,57,106
373,57,451
374,57,45
375,57,826
376,57,751
377,57,544
378,57,849
379,57,834
380,57,559
381,57,355
382,57,673
383,57,664
384,57,682
385,57,305
386,57,568
387,57,828
388,57,892
389,57,776
390,57,343
391,57,895
392,57,920
393,57,875
394,57,862
395,57,286
396,57,43
397,57,523
398,57,349
399,57,245
0,58,301
1,58,150
2,58,30
3,58,683
4,58,443
5,58,954
6,58,1004
7,58,669
8,58,311
9,58,463
10,58,557
11,58,105
12,58,187
13,58,786
14,58,698
15,58,618
16,58,784
17,58,1005
18,58,520
19,58,185
20,58,710
21,58,0
22,58,554
23,58,230
24,58,713
25,58,246
26,58,155
27,58,287
28,58,901
29,58,142
30,58,304
31,58,492
32,58,1012
33,58,48
34,58,643
35,58,149
36,58,440
37,58,380
38,58,906
39,58,717
40,58,997
41,58,603
42,58,665
43,58,107
44,58,67
45,58,867
46,58,911
47,58,6
48,58,540
49,58,767
50,58,524
51,58,915
52,58,783
53,58,487
54,58,933
55,58,1002
56,58,537
57,58,266
58,58,474
59,58,362
60,58,839
61,58,476
62,58,919
63,58,847
64,58,775
65,58,521
66,58,584
67,58,877
68,58,432
69,58,749
70,58,650
71,58,363
72,58,649
73,58,1010
74,58,215
75,58,506
76,58,616
77,58,297
78,58,484
79,58,779
80,58,891
81,58,755
82,58,356
83,58,99
84,58,283
85,58,538
86,58,983
87,58,186
88,58,966
89,58,686
90,58,973
91,58,170
92,58,814
93,58,220
94,58,890
95,58,887
96,58,252
97,58,883
98,58,435
99,58,617
100,58,924
101,58,770
102,58,560
103,58,652
104,58,539
105,58,614
106,58,137
107,58,267
108,58,239
109,58,654
110,58,81
111,58,449
112,58,60
113,58,790
114,58,434
115,58,450
116,58,62
117,58,44
118,58,101
119,58,606
120,58,868
121,58,431
122,58,730
123,58,748
124,58,176
125,58,334
126,58,102
127,58,516
128,58,375
129,58,264
130,58,812
131,58,985
132,58,16
133,58,518
134,58,619
135,58,47
136,58,224
137,58,978
138,58,482
139,58,243
140,58,250
141,58,724
142,58,607
143,58,114
144,58,173
145,58,723
146,58,852
147,58,242
148,58,190
149,58,96
150,58,955
151,58,550
152,58,534
153,58,319
154,58,75
155,58,695
156,58,11
157,58,952
158,58,635
159,58,785
160,58,104
161,58,504
162,58,120
163,58,98
164,58,433
165,58,35
166,58,277
167,58,838
168,58,961
169,58,531
170,58,462
171,58,473
172,58,298
173,58,165
174,58,865
175,58,854
176,58,115
177,58,663
178,58,878
179,58,326
180,58,1003
181,58,921
182,58,809
183,58,988
184,58,261
185,58,597
186,58,843
187,58,20
188,58,256
189,58,743
190,58,437
191,58,525
192,58,237
193,58,970
194,58,580
195,58,938
196,58,490
197,58,957
198,58,313
199,58,309
200,58,410
201,58,1013
202,58,980
203,58,962
204,58,80
205,58,414
206,58,709
207,58,201
208,58,571
209,58,914
210,58,218
211,58,667
212,58,960
213,58,135
214,58,179
215,58,161
216,58,916
217,58,772
218,58,566
219,58,929
220,58,953
221,58,77
222,58,156
223,58,753
224,58,787
225,58,610
226,58,972
227,58,1020
228,58,171
229,58,908
230,58,251
231,58,27
232,58,36
233,58,184
234,58,857
235,58,219
236,58,29
237,58,157
238,58,996
239,58,421
240,58,205
241,58,494
242,58,58
243,58,794
244,58,532
245,58,989
246,58,777
247,58,393
248,58,112
249,58,318
250,58,373
251,58,981
252,58,700
253,58,88
254,58,148
255,58,160
256,58,345
257,58,944
258,58,5
259,58,965
260,58,34
261,58,646
262,58,763
263,58,509
264,58,827
265,58,429
266,58,127
267,58,235
268,58,9
269,58,627
270,58,390
271,58,555
272,58,350
273,58,223
274,58,549
275,58,214
276,58,226
277,58,545
278,58,503
279,58,797
280,58,951
281,58,294
282,58,216
283,58,869
284,58,193
285,58,204
286,58,930
287,58,697
288,58,842
289,58,515
290,58,213
291,58,202
292,58,656
293,58,140
294,58,541
295,58,630
296,58,392
297,58,535
298,58,241
299,58,93
300,58,454
301,58,739
302,58,41
303,58,662
304,58,511
305,58,12
306,58,821
307,58,386
308,58,379
309,58,420
310,58,725
311,58,527
312,58,315
313,58,333
314,58,837
315,58,813
316,58,119
317,58,424
318,58,668
319,58,728
320,58,959
321,58,632
322,58,992
323,58,496
324,58,8
325,58,197
326,58,381
327,58,658
328,58,132
329,58,982
330,58,110
331,58,285
332,58,894
333,58,689
334,58,792
335,58,369
336,58,228
337,58,236
338,58,70
339,58,701
340,58,947
341,58,699
342,58,464
343,58,39
344,58,54
345,58,1006
346,58,856
347,58,31
348,58,737
349,58,976
350,58,570
351,58,51
352,58,912
353,58,325
354,58,442
355,58,707
356,58,991
357,58,799
358,58,552
359,58,499
360,58,453
361,58,460
362,58,1011
363,58,147
364,58,1018
365,58,893
366,58,864
367,58,85
368,58,681
369,58,164
370,58,162
371,58,922
372,58,106
373,58,451
374,58,45
375,58,826
376,58,751
377,58,544
378,58,849
379,58,834
380,58,559
381,58,355
382,58,673
383,58,664
384,58,682
385,58,305
386,58,568
387,58,828
388,58,892
389,58,776
390,58,343
391,58,895
392,58,920
393,58,875
394,58,862
395,58,286
396,58,43
397,58,523
398,58,349
399,58,245
0,59,301
1,59,150
2,59,30
3,59,683
4,59,443
5,59,954
6,59,1004
7,59,669
8,59,311
9,59,463
10,59,557
11,59,105
12,59,187
13,59,786
14,59,698
15,59,618
16,59,784
17,59,973
18,59,520
19,59,185
20,59,710
21,59,0
22,59,554
23,59,230
24,59,713
25,59,246
26,59,155
27,59,287
28,59,901
29,59,142
30,59,304
31,59,492
32,59,1013
33,59,48
34,59,643
35,59,149
36,59,440
37,59,380
38,59,906
39,59,717
40,59,997
41,59,603
42,59,665
43,59,107
44,59,67
45,59,867
46,59,911
47,59,6
48,59,540
49,59,767
50,59,524
51,59,915
52,59,783
53,59,487
54,59,933
55,59,1002
56,59,537
57,59,266
58,59,474
59,59,362
60,59,839
61,59,476
62,59,887
63,59,847
64,59,775
65,59,521
66,59,584
67,59,877
68,59,432
69,59,749
70,59,650
71,59,363
72,59,649
73,59,1010
74,59,215
75,59,506
76,59,616
77,59,297
78,59,484
79,59,779
80,59,891
81,59,755
82,59,356
83,59,99
84,59,283
85,59,538
86,59,951
87,59,186
88,59,966
89,59,686
90,59,974
91,59,170
92,59,814
93,59,220
94,59,890
95,59,886
96,59,252
97,59,883
98,59,435
99,59,617
100,59,924
101,59,770
102,59,560
103,59,652
104,59,539
105,59,614
106,59,137
107,59,267
108,59,239
109,59,654
110,59,81
111,59,449
112,59,60
113,59,790
114,59,434
115,59,450
116,59,62
117,59,44
118,59,101
119,59,606
120,59,868
121,59,431
122,59,730
123,59,748
124,59,176
125,59,334
126,59,102
127,59,516
128,59,375
129,59,264
130,59,812
131,59,985
132,59,16
133,59,518
134,59,619
135,59,47
136,59,224
137,59,978
138,59,482
139,59,243
140,59,250
141,59,724
142,59,607
143,59,114
144,59,173
145,59,723
146,59,852
147,59,242
148,59,190
149,59,96
150,59,955
151,59,550
152,59,534
153,59,319
154,59,75
155,59,695
156,59,11
157,59,952
158,59,635
159,59,785
160,59,104
161,59,504
162,59,120
163,59,98
164,59,433
165,59,35
166,59,277
167,59,838
168,59,961
169,59,531
170,59,462
171,59,473
172,59,298
173,59,165
174,59,865
175,59,854
176,59,115
177,59,663
178,59,878
179,59,326
180,59,1003
181,59,921
182,59,809
183,59,988
184,59,261
185,59,597
186,59,843
187,59,20
188,59,256
189,59,743
190,59,437
191,59,525
192,59,237
193,59,970
194,59,580
195,59,938
196,59,490
197,59,957
198,59,313
199,59,309
200,59,410
201,59,981
202,59,980
203,59,962
204,59,80
205,59,414
206,59,709
207,59,201
208,59,571
209,59,914
210,59,218
211,59,667
212,59,960
213,59,135
214,59,179
215,59,161
216,59,916
217,59,772
218,59,566
219,59,929
220,59,953
221,59,77
222,59,156
223,59,753
224,59,787
225,59,610
226,59,972
227,59,1020
228,59,171
229,59,908
230,59,251
231,59,27
232,59,36
233,59,184
234,59,857
235,59,219
236,59,29
237,59,157
238,59,996
239,59,421
240,59,205
241,59,494
242,59,58
243,59,794
244,59,532
245,59,989
246,59,777
247,59,393
248,59,112
249,59,318
250,59,373
251,59,982
252,59,700
253,59,88
254,59,148
255,59,160
256,59,345
257,59,944
258,59,5
259,59,965
260,59,34
261,59,646
262,59,763
263,59,509
264,59,827
265,59,429
266,59,127
267,59,235
268,59,9
269,59,627
270,59,390
271,59,555
272,59,350
273,59,223
274,59,549
275,59,214
276,59,226
277,59,545
278,59,503
279,59,797
280,59,919
281,59,294
282,59,216
283,59,869
284,59,193
285,59,204
286,59,930
287,59,697
288,59,842
289,59,515
290,59,213
291,59,202
292,59,656
293,59,140
294,59,541
295,59,630
296,59,392
297,59,535
298,59,241
299,59,93
300,59,454
301,59,739
302,59,41
303,59,662
304,59,511
305,59,12
306,59,821
307,59,386
308,59,379
309,59,420
310,59,725
311,59,527
312,59,315
313,59,333
314,59,837
315,59,813
316,59,119
317,59,424
318,59,668
319,59,728
320,59,959
321,59,632
322,59,992
323,59,496
324,59,8
325,59,197
326,59,381
327,59,658
328,59,132
329,59,983
330,59,110
331,59,285
332,59,894
333,59,689
334,59,792
335,59,369
336,59,228
337,59,236
338,59,70
339,59,701
340,59,947
341,59,699
342,59,464
343,59,39
344,59,54
345,59,1005
346,59,856
347,59,31
348,59,737
349,59,976
350,59,570
351,59,51
352,59,912
353,59,325
354,59,442
355,59,707
356,59,991
357,59,799
358,59,552
359,59,499
360,59,453
361,59,460
362,59,1012
363,59,147
364,59,1018
365,59,893
366,59,864
367,59,85
368,59,681
369,59,164
370,59,162
371,59,922
372,59,106
373,59,451
374,59,45
375,59,826
376,59,751
377,59,544
378,59,849
379,59,834
380,59,559
381,59,355
382,59,673
383,59,664
384,59,682
385,59,305
386,59,568
387,59,828
388,59,892
389,59,776
390,59,343
391,59,895
392,59,920
393,59,875
394,59,862
395,59,286
396,59,43
397,59,523
398,59,349
399,59,245
0,60,301
1,60,150
2,60,30
3,60,683
4,60,443
5,60,954
6,60,1005
7,60,669
8,60,311
9,60,463
10,60,557
11,60,105
12,60,187
13,60,786
14,60,698
15,60,618
16,60,784
17,60,974
18,60,520
19,60,185
20,60,710
21,60,0
22,60,554
23,60,230
24,60,713
25,60,246
26,60,155
27,60,287
28,60,901
29,60,142
30,60,304
31,60,492
32,60,1013
33,60,48
34,60,643
35,60,149
36,60,440
37,60,380
38,60,906
39,60,717
40,60,997
41,60,603
42,60,665
43,60,107
44,60,67
45,60,867
46,60,911
47,60,6
48,60,540
49,60,767
50,60,524
51,60,915
52,60,783
53,60,487
54,60,933
55,60,1002
56,60,537
57,60,266
58,60,474
59,60,362
60,60,839
61,60,476
62,60,855
63,60,847
64,60,775
65,60,521
66,60,584
67,60,877
68,60,432
69,60,749
70,60,650
71,60,363
72,60,649
73,60,1010
74,60,215
75,60,506
76,60,616
77,60,297
78,60,484
79,60,779
80,60,891
81,60,755
82,60,356
83,60,99
84,60,283
85,60,538
86,60,919
87,60,186
88,60,966
89,60,686
90,60,942
91,60,170
92,60,814
93,60,220
94,60,890
95,60,886
96,60,252
97,60,883
98,60,435
99,60,617
100,60,924
101,60,770
102,60,560
103,60,652
104,60,539
105,60,614
106,60,137
107,60,267
108,60,239
109,60,654
110,60,81
111,60,449
112,60,60
113,60,790
114,60,434
115,60,450
116,60,62
117,60,44
118,60,101
119,60,606
120,60,868
121,60,431
122,60,730
123,60,748
124,60,176
125,60,334
126,60,102
127,60,516
128,60,375
129,60,264
130,60,812
131,60,985
132,60,16
133,60,518
134,60,619
135,60,47
136,60,224
137,60,978
138,60,482
139,60,243
140,60,250
141,60,724
142,60,607
143,60,114
144,60,173
145,60,723
146,60,852
147,60,242
148,60,190
149,60,96
150,60,955
151,60,550
152,60,534
153,60,319
154,60,75
155,60,695
156,60,11
157,60,952
158,60,635
159,60,785
160,60,104
161,60,504
162,60,120
163,60,98
164,60,433
165,60,35
166,60,277
167,60,838
168,60,961
169,60,531
170,60,462
171,60,473
172,60,298
173,60,165
174,60,865
175,60,854
176,60,115
177,60,663
178,60,878
179,60,326
180,60,1003
181,60,921
182,60,809
183,60,988
184,60,261
185,60,597
186,60,843
187,60,20
188,60,256
189,60,743
190,60,437
191,60,525
192,60,237
193,60,970
194,60,580
195,60,938
196,60,490
197,60,957
198,60,313
199,60,309
200,60,410
201,60,981
202,60,980
203,60,962
204,60,80
205,60,414
206,60,709
207,60,201
208,60,571
209,60,914
210,60,218
211,60,667
212,60,960
213,60,135
214,60,179
215,60,161
216,60,916
217,60,772
218,60,566
219,60,929
220,60,953
221,60,77
222,60,156
223,60,753
224,60,787
225,60,610
226,60,972
227,60,1020
228,60,171
229,60,908
230,60,251
231,60,27
232,60,36
233,60,184
234,60,857
235,60,219
236,60,29
237,60,157
238,60,996
239,60,421
240,60,205
241,60,494
242,60,58
243,60,794
244,60,532
245,60,989
246,60,777
247,60,393
248,60,112
249,60,318
250,60,373
251,60,982
252,60,700
253,60,88
254,60,148
255,60,160
256,60,345
257,60,944
258,60,5
259,60,965
260,60,34
261,60,646
262,60,763
263,60,509
264,60,827
265,60,429
266,60,127
267,60,235
268,60,9
269,60,627
270,60,390
271,60,555
272,60,350
273,60,223
274,60,549
275,60,214
276,60,226
277,60,545
278,60,503
279,60,797
280,60,887
281,60,294
282,60,216
283,60,869
284,60,193
285,60,204
286,60,930
287,60,697
288,60,842
289,60,515
290,60,213
291,60,202
292,60,656
293,60,140
294,60,541
295,60,630
296,60,392
297,60,535
298,60,241
299,60,93
300,60,454
301,60,739
302,60,41
303,60,662
304,60,511
305,60,12
306,60,821
307,60,386
308,60,379
309,60,420
310,60,725
311,60,527
312,60,315
313,60,333
314,60,837
315,60,813
316,60,119
317,60,424
318,60,668
319,60,728
320,60,959
321,60,632
322,60,992
323,60,496
324,60,8
325,60,197
326,60,381
327,60,658
328,60,132
329,60,951
330,60,110
331,60,285
332,60,894
333,60,689
334,60,792
335,60,369
336,60,228
337,60,236
338,60,70
339,60,701
340,60,947
341,60,699
342,60,464
343,60,39
344,60,54
345,60,973
346,60,856
347,60,31
348,60,737
349,60,976
350,60,570
351,60,51
352,60,912
353,60,325
354,60,442
355,60,707
356,60,991
357,60,799
358,60,552
359,60,499
360,60,453
361,60,460
362,60,1012
363,60,147
364,60,1018
365,60,893
366,60,864
367,60,85
368,60,681
369,60,164
370,60,162
371,60,922
372,60,106
373,60,451
374,60,45
375,60,826
376,60,751
377,60,544
378,60,849
379,60,834
380,60,559
381,60,355
382,60,673
383,60,664
384,60,682
385,60,305
386,60,568
387,60,828
388,60,892
389,60,776
390,60,343
391,60,895
392,60,920
393,60,875
394,60,862
395,60,286
396,60,43
397,60,523
398,60,349
399,60,245
0,61,301
1,61,150
2,61,30
3,61,683
4,61,443
5,61,954
6,61,1005
7,61,669
8,61,311
9,61,463
10,61,557
11,61,105
12,61,187
13,61,786
14,61,698
15,61,618
16,61,784
17,61,1006
18,61,520
19,61,185
20,61,710
21,61,0
22,61,554
23,61,230
24,61,713
25,61,246
26,61,155
27,61,287
28,61,901
29,61,142
30,61,304
31,61,492
32,61,1013
33,61,48
34,61,643
35,61,149
36,61,440
37,61,380
38,61,906
39,61,717
40,61,997
41,61,603
42,61,665
43,61,107
44,61,67
45,61,867
46,61,911
47,61,6
48,61,540
49,61,767
50,61,524
51,61,915
52,61,783
53,61,487
54,61,933
55,61,1002
56,61,537
57,61,266
58,61,474
59,61,362
60,61,839
61,61,476
62,61,887
63,61,847
64,61,775
65,61,521
66,61,584
67,61,877
68,61,432
69,61,749
70,61,650
71,61,363
72,61,649
73,61,1010
74,61,215
75,61,506
76,61,616
77,61,297
78,61,484
79,61,779
80,61,891
81,61,755
82,61,356
83,61,99
84,61,283
85,61,538
86,61,951
87,61,186
88,61,966
89,61,686
90,61,974
91,61,170
92,61,814
93,61,220
94,61,890
95,61,886
96,61,252
97,61,883
98,61,435
99,61,617
100,61,924
101,61,770
102,61,560
103,61,652
104,61,539
105,61,614
106,61,137
107,61,267
108,61,239
109,61,654
110,61,81
111,61,449
112,61,60
113,61,790
114,61,434
115,61,450
116,61,62
117,61,44
118,61,101
119,61,606
120,61,868
121,61,431
122,61,730
123,61,748
124,61,176
125,61,334
126,61,102
127,61,516
128,61,375
129,61,264
130,61,812
131,61,985
132,61,16
133,61,518
134,61,619
135,61,47
136,61,224
137,61,978
138,61,482
139,61,243
140,61,250
141,61,724
142,61,607
143,61,114
144,61,173
145,61,723
146,61,852
147,61,242
148,61,190
149,61,96
150,61,955
151,61,550
152,61,534
153,61,319
154,61,75
155,61,695
156,61,11
157,61,984
158,61,635
159,61,785
160,61,104
161,61,504
162,61,120
163,61,98
164,61,433
165,61,35
166,61,277
167,61,838
168,61,961
169,61,531
170,61,462
171,61,473
172,61,298
173,61,165
174,61,865
175,61,854
176,61,115
177,61,663
178,61,878
179,61,326
180,61,1003
181,61,921
182,61,809
183,61,988
184,61,261
185,61,597
186,61,843
187,61,20
188,61,256
189,61,743
190,61,437
191,61,525
192,61,237
193,61,970
194,61,580
195,61,938
196,61,490
197,61,957
198,61,313
199,61,309
200,61,410
201,61,981
202,61,980
203,61,962
204,61,80
205,61,414
206,61,709
207,61,201
208,61,571
209,61,914
210,61,218
211,61,667
212,61,960
213,61,135
214,61,179
215,61,161
216,61,916
217,61,772
218,61,566
219,61,929
220,61,953
221,61,77
222,61,156
223,61,753
224,61,787
225,61,610
226,61,972
227,61,1020
228,61,171
229,61,908
230,61,251
231,61,27
232,61,36
233,61,184
234,61,857
235,61,219
236,61,29
237,61,157
238,61,996
239,61,421
240,61,205
241,61,494
242,61,58
243,61,794
244,61,532
245,61,989
246,61,777
247,61,393
248,61,112
249,61,318
250,61,373
251,61,982
252,61,700
253,61,88
254,61,148
255,61,160
256,61,345
257,61,944
258,61,5
259,61,965
260,61,34
261,61,646
262,61,763
263,61,509
264,61,827
265,61,429
266,61,127
267,61,235
268,61,9
269,61,627
270,61,390
271,61,555
272,61,350
273,61,223
274,61,549
275,61,214
276,61,226
277,61,545
278,61,503
279,61,797
280,61,919
281,61,294
282,61,216
283,61,869
284,61,193
285,61,204
286,61,930
287,61,697
288,61,842
289,61,515
290,61,213
291,61,202
292,61,656
293,61,140
294,61,541
295,61,630
296,61,392
297,61,535
298,61,241
299,61,93
300,61,454
301,61,739
302,61,41
303,61,662
304,61,511
305,61,12
306,61,821
307,61,386
308,61,379
309,61,420
310,61,725
311,61,527
312,61,315
313,61,333
314,61,837
315,61,813
316,61,119
317,61,424
318,61,668
319,61,728
320,61,959
321,61,632
322,61,992
323,61,496
324,61,8
325,61,197
326,61,381
327,61,658
328,61,132
329,61,952
330,61,110
331,61,285
332,61,894
333,61,689
334,61,792
335,61,369
336,61,228
337,61,236
338,61,70
339,61,701
340,61,947
341,61,699
342,61,464
343,61,39
344,61,54
345,61,973
346,61,856
347,61,31
348,61,737
349,61,976
350,61,570
351,61,51
352,61,912
353,61,325
354,61,442
355,61,707
356,61,991
357,61,799
358,61,552
359,61,499
360,61,453
361,61,460
362,61,1012
363,61,147
364,61,1018
365,61,893
366,61,864
367,61,85
368,61,681
369,61,164
370,61,162
371,61,922
372,61,106
373,61,451
374,61,45
375,61,826
376,61,751
377,61,544
378,61,849
379,61,834
380,61,559
381,61,355
382,61,673
383,61,664
384,61,682
385,61,305
386,61,568
387,61,828
388,61,892
389,61,776
390,61,343
391,61,895
392,61,920
393,61,875
394,61,862
395,61,286
396,61,43
397,61,523
398,61,349
399,61,245
0,62,301
1,62,150
2,62,30
3,62,683
4,62,443
5,62,954
6,62,1006
7,62,669
8,62,311
9,62,463
10,62,557
11,62,105
12,62,187
13,62,786
14,62,698
15,62,618
16,62,784
17,62,1007
18,62,520
19,62,185
20,62,710
21,62,0
22,62,554
23,62,230
24,62,713
25,62,246
26,62,155
27,62,287
28,62,901
29,62,142
30,62,304
31,62,492
32,62,1013
33,62,48
34,62,643
35,62,149
36,62,440
37,62,380
38,62,906
39,62,717
40,62,997
41,62,603
42,62,665
43,62,107
44,62,67
45,62,867
46,62,911
47,62,6
48,62,540
49,62,767
50,62,524
51,62,915
52,62,783
53,62,487
54,62,933
55,62,1002
56,62,537
57,62,266
58,62,474
59,62,362
60,62,839
61,62,476
62,62,919
63,62,847
64,62,775
65,62,521
66,62,584
67,62,877
68,62,432
69,62,749
70,62,650
71,62,363
72,62,649
73,62,1010
74,62,215
75,62,506
76,62,616
77,62,297
78,62,484
79,62,779
80,62,891
81,62,755
82,62,356
83,62,99
84,62,283
85,62,538
86,62,983
87,62,186
88,62,966
89,62,686
90,62,973
91,62,170
92,62,814
93,62,220
94,62,890
95,62,887
96,62,252
97,62,883
98,62,435
99,62,617
100,62,924
101,62,770
102,62,560
103,62,652
104,62,539
105,62,614
106,62,137
107,62,267
108,62,239
109,62,654
110,62,81
111,62,449
112,62,60
113,62,790
114,62,434
115,62,450
116,62,62
117,62,44
118,62,101
119,62,606
120,62,868
121,62,431
122,62,730
123,62,748
124,62,176
125,62,334
126,62,102
127,62,516
128,62,375
129,62,264
130,62,812
131,62,985
132,62,16
133,62,518
134,62,619
135,62,47
136,62,224
137,62,978
138,62,482
139,62,243
140,62,250
141,62,724
142,62,607
143,62,114
144,62,173
145,62,723
146,62,852
147,62,242
148,62,190
149,62,96
150,62,955
151,62,550
152,62,534
153,62,319
154,62,75
155,62,695
156,62,11
157,62,952
158,62,635
159,62,785
160,62,104
161,62,504
162,62,120
163,62,98
164,62,433
165,62,35
166,62,277
167,62,838
168,62,961
169,62,531
170,62,462
171,62,473
172,62,298
173,62,165
174,62,865
175,62,854
176,62,115
177,62,663
178,62,878
179,62,326
180,62,1003
181,62,889
182,62,809
183,62,988
184,62,261
185,62,597
186,62,843
187,62,20
188,62,256
189,62,743
190,62,437
191,62,525
192,62,237
193,62,970
194,62,580
195,62,938
196,62,490
197,62,957
198,62,313
199,62,309
200,62,410
201,62,981
202,62,980
203,62,962
204,62,80
205,62,414
206,62,709
207,62,201
208,62,571
209,62,914
210,62,218
211,62,667
212,62,960
213,62,135
214,62,179
215,62,161
216,62,916
217,62,772
218,62,566
219,62,929
220,62,921
221,62,77
222,62,156
223,62,753
224,62,787
225,62,610
226,62,972
227,62,1020
228,62,171
229,62,908
230,62,251
231,62,27
232,62,36
233,62,184
234,62,857
235,62,219
236,62,29
237,62,157
238,62,996
239,62,421
240,62,205
241,62,494
242,62,58
243,62,794
244,62,532
245,62,989
246,62,777
247,62,393
248,62,112
249,62,318
250,62,373
251,62,982
252,62,700
253,62,88
254,62,148
255,62,160
256,62,345
257,62,944
258,62,5
259,62,965
260,62,34
261,62,646
262,62,763
263,62,509
264,62,827
265,62,429
266,62,127
267,62,235
268,62,9
269,62,627
270,62,390
271,62,555
272,62,350
273,62,223
274,62,549
275,62,214
276,62,226
277,62,545
278,62,503
279,62,797
280,62,951
281,62,294
282,62,216
283,62,869
284,62,193
285,62,204
286,62,930
287,62,697
288,62,842
289,62,515
290,62,213
291,62,202
292,62,656
293,62,140
294,62,541
295,62,630
296,62,392
297,62,535
298,62,241
299,62,93
300,62,454
301,62,739
302,62,41
303,62,662
304,62,511
305,62,12
306,62,821
307,62,386
308,62,379
309,62,420
310,62,725
311,62,527
312,62,315
313,62,333
314,62,837
315,62,813
316,62,119
317,62,424
318,62,668
319,62,728
320,62,959
321,62,632
322,62,992
323,62,496
324,62,8
325,62,197
326,62,381
327,62,658
328,62,132
329,62,953
330,62,110
331,62,285
332,62,894
333,62,689
334,62,792
335,62,369
336,62,228
337,62,236
338,62,70
339,62,701
340,62,947
341,62,699
342,62,464
343,62,39
344,62,54
345,62,1005
346,62,856
347,62,31
348,62,737
349,62,976
350,62,570
351,62,51
352,62,912
353,62,325
354,62,442
355,62,707
356,62,991
357,62,799
358,62,552
359,62,499
360,62,453
361,62,460
362,62,1012
363,62,147
364,62,1018
365,62,893
366,62,864
367,62,85
368,62,681
369,62,164
370,62,162
371,62,922
372,62,106
373,62,451
374,62,45
375,62,826
376,62,751
377,62,544
378,62,849
379,62,834
380,62,559
381,62,355
382,62,673
383,62,664
384,62,682
385,62,305
386,62,568
387,62,828
388,62,892
389,62,776
390,62,343
391,62,895
392,62,920
393,62,875
394,62,862
395,62,286
396,62,43
397,62,523
398,62,349
399,62,245
0,63,301
1,63,150
2,63,30
3,63,683
4,63,443
5,63,955
6,63,1006
7,63,669
8,63,311
9,63,463
10,63,557
11,63,105
12,63,187
13,63,786
14,63,698
15,63,618
16,63,784
17,63,1008
18,63,520
19,63,185
20,63,710
21,63,0
22,63,554
23,63,230
24,63,713
25,63,246
26,63,155
27,63,287
28,63,901
29,63,142
30,63,304
31,63,492
32,63,1013
33,63,48
34,63,643
35,63,149
36,63,440
37,63,380
38,63,906
39,63,717
40,63,997
41,63,603
42,63,665
43,63,107
44,63,67
45,63,867
46,63,911
47,63,6
48,63,540
49,63,767
50,63,524
51,63,915
52,63,783
53,63,487
54,63,933
55,63,1002
56,63,537
57,63,266
58,63,474
59,63,362
60,63,839
61,63,476
62,63,919
63,63,847
64,63,775
65,63,521
66,63,584
67,63,877
68,63,432
69,63,749
70,63,650
71,63,363
72,63,649
73,63,1010
74,63,215
75,63,506
76,63,616
77,63,297
78,63,484
79,63,779
80,63,891
81,63,755
82,63,356
83,63,99
84,63,283
85,63,538
86,63,983
87,63,186
88,63,966
89,63,686
90,63,973
91,63,170
92,63,814
93,63,220
94,63,890
95,63,887
96,63,252
97,63,883
98,63,435
99,63,617
100,63,924
101,63,770
102,63,560
103,63,652
104,63,539
105,63,614
106,63,137
107,63,267
108,63,239
109,63,654
110,63,81
111,63,449
112,63,60
113,63,790
114,63,434
115,63,450
116,63,62
117,63,44
118,63,101
119,63,606
120,63,868
121,63,431
122,63,730
123,63,748
124,63,176
125,63,334
126,63,102
127,63,516
128,63,375
129,63,264
130,63,812
131,63,985
132,63,16
133,63,518
134,63,619
135,63,47
136,63,224
137,63,978
138,63,482
139,63,243
140,63,250
141,63,724
142,63,607
143,63,114
144,63,173
145,63,723
146,63,852
147,63,242
148,63,190
149,63,96
150,63,956
151,63,550
152,63,534
153,63,319
154,63,75
155,63,695
156,63,11
157,63,952
158,63,635
159,63,785
160,63,104
161,63,504
162,63,120
163,63,98
164,63,433
165,63,35
166,63,277
167,63,838
168,63,961
169,63,531
170,63,462
171,63,473
172,63,298
173,63,165
174,63,865
175,63,854
176,63,115
177,63,663
178,63,878
179,63,326
180,63,1003
181,63,921
182,63,809
183,63,988
184,63,261
185,63,597
186,63,843
187,63,20
188,63,256
189,63,743
190,63,437
191,63,525
192,63,237
193,63,970
194,63,580
195,63,938
196,63,490
197,63,957
198,63,313
199,63,309
200,63,410
201,63,981
202,63,980
203,63,962
204,63,80
205,63,414
206,63,709
207,63,201
208,63,571
209,63,914
210,63,218
211,63,667
212,63,960
213,63,135
214,63,179
215,63,161
216,63,916
217,63,772
218,63,566
219,63,929
220,63,953
221,63,77
222,63,156
223,63,753
224,63,787
225,63,610
226,63,972
227,63,1020
228,63,171
229,63,908
230,63,251
231,63,27
232,63,36
233,63,184
234,63,857
235,63,219
236,63,29
237,63,157
238,63,996
239,63,421
240,63,205
241,63,494
242,63,58
243,63,794
244,63,532
245,63,989
246,63,777
247,63,393
248,63,112
249,63,318
250,63,373
251,63,982
252,63,700
253,63,88
254,63,148
255,63,160
256,63,345
257,63,944
258,63,5
259,63,965
260,63,34
261,63,646
262,63,763
263,63,509
264,63,827
265,63,429
266,63,127
267,63,235
268,63,9
269,63,627
270,63,390
271,63,555
272,63,350
273,63,223
274,63,549
275,63,214
276,63,226
277,63,545
278,63,503
279,63,797
280,63,951
281,63,294
282,63,216
283,63,869
284,63,193
285,63,204
286,63,930
287,63,697
288,63,842
289,63,515
290,63,213
291,63,202
292,63,656
293,63,140
294,63,541
295,63,630
296,63,392
297,63,535
298,63,241
299,63,93
300,63,454
301,63,739
302,63,41
303,63,662
304,63,511
305,63,12
306,63,821
307,63,386
308,63,379
309,63,420
310,63,725
311,63,527
312,63,315
313,63,333
314,63,837
315,63,813
316,63,119
317,63,424
318,63,668
319,63,728
320,63,959
321,63,632
322,63,992
323,63,496
324,63,8
325,63,197
326,63,381
327,63,658
328,63,132
329,63,954
330,63,110
331,63,285
332,63,894
333,63,689
334,63,792
335,63,369
336,63,228
337,63,236
338,63,70
339,63,701
340,63,947
341,63,699
342,63,464
343,63,39
344,63,54
345,63,1005
346,63,856
347,63,31
348,63,737
349,63,976
350,63,570
351,63,51
352,63,912
353,63,325
354,63,442
355,63,707
356,63,991
357,63,799
358,63,552
359,63,499
360,63,453
361,63,460
362,63,1012
363,63,147
364,63,1018
365,63,893
366,63,864
367,63,85
368,63,681
369,63,164
370,63,162
371,63,922
372,63,106
373,63,451
374,63,45
375,63,826
376,63,751
377,63,544
378,63,849
379,63,834
380,63,559
381,63,355
382,63,673
383,63,664
384,63,682
385,63,305
386,63,568
387,63,828
388,63,892
389,63,776
390,63,343
391,63,895
392,63,920
393,63,875
394,63,862
395,63,286
396,63,43
397,63,523
398,63,349
399,63,245
0,64,301
1,64,150
2,64,30
3,64,683
4,64,443
5,64,987
6,64,1006
7,64,669
8,64,311
9,64,463
10,64,557
11,64,105
12,64,187
13,64,786
14,64,698
15,64,618
16,64,784
17,64,1008
18,64,520
19,64,185
20,64,710
21,64,0
22,64,554
23,64,230
24,64,713
25,64,246
26,64,155
27,64,287
28,64,901
29,64,142
30,64,304
31,64,492
32,64,1013
33,64,48
34,64,643
35,64,149
36,64,440
37,64,380
38,64,906
39,64,717
40,64,997
41,64,603
42,64,665
43,64,107
44,64,67
45,64,867
46,64,911
47,64,6
48,64,540
49,64,767
50,64,524
51,64,915
52,64,783
53,64,487
54,64,933
55,64,1002
56,64,537
57,64,266
58,64,474
59,64,362
60,64,839
61,64,476
62,64,919
63,64,847
64,64,775
65,64,521
66,64,584
67,64,877
68,64,432
69,64,749
70,64,650
71,64,363
72,64,649
73,64,1010
74,64,215
75,64,506
76,64,616
77,64,297
78,64,484
79,64,779
80,64,891
81,64,755
82,64,356
83,64,99
84,64,283
85,64,538
86,64,983
87,64,186
88,64,966
89,64,686
90,64,973
91,64,170
92,64,814
93,64,220
94,64,890
95,64,887
96,64,252
97,64,883
98,64,435
99,64,617
100,64,924
101,64,770
102,64,560
103,64,652
104,64,539
105,64,614
106,64,137
107,64,267
108,64,239
109,64,654
110,64,81
111,64,449
112,64,60
113,64,790
114,64,434
115,64,450
116,64,62
117,64,44
118,64,101
119,64,606
120,64,868
121,64,431
122,64,730
123,64,748
124,64,176
125,64,334
126,64,102
127,64,516
128,64,375
129,64,264
130,64,812
131,64,985
132,64,16
133,64,518
134,64,619
135,64,47
136,64,224
137,64,978
138,64,482
139,64,243
140,64,250
141,64,724
142,64,607
143,64,114
144,64,173
145,64,723
146,64,852
147,64,242
148,64,190
149,64,96
150,64,956
151,64,550
152,64,534
153,64,319
154,64,75
155,64,695
156,64,11
157,64,952
158,64,635
159,64,785
160,64,104
161,64,504
162,64,120
163,64,98
164,64,433
165,64,35
166,64,277
167,64,838
168,64,961
169,64,531
170,64,462
171,64,473
172,64,298
173,64,165
174,64,865
175,64,854
176,64,115
177,64,663
178,64,878
179,64,326
180,64,1003
181,64,921
182,64,809
183,64,988
184,64,261
185,64,597
186,64,843
187,64,20
188,64,256
189,64,743
190,64,437
191,64,525
192,64,237
193,64,970
194,64,580
195,64,938
196,64,490
197,64,957
198,64,313
199,64,309
200,64,410
201,64,981
202,64,980
203,64,962
204,64,80
205,64,414
206,64,709
207,64,201
208,64,571
209,64,914
210,64,218
211,64,667
212,64,960
213,64,135
214,64,179
215,64,161
216,64,916
217,64,772
218,64,566
219,64,929
220,64,953
221,64,77
222,64,156
223,64,753
224,64,787
225,64,610
226,64,972
227,64,1020
228,64,171
229,64,908
230,64,251
231,64,27
232,64,36
233,64,184
234,64,857
235,64,219
236,64,29
237,64,157
238,64,996
239,64,421
240,64,205
241,64,494
242,64,58
243,64,794
244,64,532
245,64,989
246,64,777
247,64,393
248,64,112
249,64,318
250,64,373
251,64,982
252,64,700
253,64,88
254,64,148
255,64,160
256,64,345
257,64,944
258,64,5
259,64,965
260,64,34
261,64,646
262,64,763
263,64,509
264,64,827
265,64,429
266,64,127
267,64,235
268,64,9
269,64,627
270,64,390
271,64,555
272,64,350
273,64,223
274,64,549
275,64,214
276,64,226
277,64,545
278,64,503
279,64,797
280,64,951
281,64,294
282,64,216
283,64,869
284,64,193
285,64,204
286,64,930
287,64,697
288,64,842
289,64,515
290,64,213
291,64,202
292,64,656
293,64,140
294,64,541
295,64,630
296,64,392
297,64,535
298,64,241
299,64,93
300,64,454
301,64,739
302,64,41
303,64,662
304,64,511
305,64,12
306,64,821
307,64,386
308,64,379
309,64,420
310,64,725
311,64,527
312,64,315
313,64,333
314,64,837
315,64,813
316,64,119
317,64,424
318,64,668
319,64,728
320,64,959
321,64,632
322,64,992
323,64,496
324,64,8
325,64,197
326,64,381
327,64,658
328,64,132
329,64,955
330,64,110
331,64,285
332,64,894
333,64,689
334,64,792
335,64,369
336,64,228
337,64,236
338,64,70
339,64,701
340,64,947
341,64,699
342,64,464
343,64,39
344,64,54
345,64,1005
346,64,856
347,64,31
348,64,737
349,64,976
350,64,570
351,64,51
352,64,912
353,64,325
354,64,442
355,64,707
356,64,991
357,64,799
358,64,552
359,64,499
360,64,453
361,64,460
362,64,1012
363,64,147
364,64,1018
365,64,893
366,64,864
367,64,85
368,64,681
369,64,164
370,64,162
371,64,922
372,64,106
373,64,451
374,64,45
375,64,826
376,64,751
377,64,544
378,64,849
379,64,834
380,64,559
381,64,355
382,64,673
383,64,664
384,64,682
385,64,305
386,64,568
387,64,828
388,64,892
389,64,776
390,64,343
391,64,895
392,64,920
393,64,875
394,64,862
395,64,286
396,64,43
397,64,523
398,64,349
399,64,245
0,65,301
1,65,150
2,65,30
3,65,683
4,65,443
5,65,986
6,65,1006
7,65,669
8,65,311
9,65,463
10,65,557
11,65,105
12,65,187
13,65,786
14,65,698
15,65,618
16,65,784
17,65,1008
18,65,520
19,65,185
20,65,710
21,65,0
22,65,554
23,65,230
24,65,713
25,65,246
26,65,155
27,65,287
28,65,901
29,65,142
30,65,304
31,65,492
32,65,1013
33,65,48
34,65,643
35,65,149
36,65,440
37,65,380
38,65,906
39,65,717
40,65,997
41,65,603
42,65,665
43,65,107
44,65,67
45,65,867
46,65,911
47,65,6
48,65,540
49,65,767
50,65,524
51,65,915
52,65,783
53,65,487
54,65,933
55,65,1002
56,65,537
57,65,266
58,65,474
59,65,362
60,65,839
61,65,476
62,65,919
63,65,847
64,65,775
65,65,521
66,65,584
67,65,877
68,65,432
69,65,749
70,65,650
71,65,363
72,65,649
73,65,1010
74,65,215
75,65,506
76,65,616
77,65,297
78,65,484
79,65,779
80,65,891
81,65,755
82,65,356
83,65,99
84,65,283
85,65,538
86,65,983
87,65,186
88,65,966
89,65,686
90,65,973
91,65,170
92,65,814
93,65,220
94,65,890
95,65,887
96,65,252
97,65,883
98,65,435
99,65,617
100,65,925
101,65,770
102,65,560
103,65,652
104,65,539
105,65,614
106,65,137
107,65,267
108,65,239
109,65,654
110,65,81
111,65,449
112,65,60
113,65,790
114,65,434
115,65,450
116,65,62
117,65,44
118,65,101
119,65,606
120,65,868
121,65,431
122,65,730
123,65,748
124,65,176
125,65,334
126,65,102
127,65,516
128,65,375
129,65,264
130,65,812
131,65,985
132,65,16
133,65,518
134,65,619
135,65,47
136,65,224
137,65,978
138,65,482
139,65,243
140,65,250
141,65,724
142,65,607
143,65,114
144,65,173
145,65,723
146,65,852
147,65,242
148,65,190
149,65,96
150,65,924
151,65,550
152,65,534
153,65,319
154,65,75
155,65,695
156,65,11
157,65,952
158,65,635
159,65,785
160,65,104
161,65,504
162,65,120
163,65,98
164,65,433
165,65,35
166,65,277
167,65,838
168,65,961
169,65,531
170,65,462
171,65,473
172,65,298
173,65,165
174,65,865
175,65,854
176,65,115
177,65,663
178,65,878
179,65,326
180,65,1003
181,65,921
182,65,809
183,65,988
184,65,261
185,65,597
186,65,843
187,65,20
188,65,256
189,65,743
190,65,437
191,65,525
192,65,237
193,65,970
194,65,580
195,65,938
196,65,490
197,65,957
198,65,313
199,65,309
200,65,410
201,65,981
202,65,980
203,65,962
204,65,80
205,65,414
206,65,709
207,65,201
208,65,571
209,65,914
210,65,218
211,65,667
212,65,960
213,65,135
214,65,179
215,65,161
216,65,916
217,65,772
218,65,566
219,65,929
220,65,953
221,65,77
222,65,156
223,65,753
224,65,787
225,65,610
226,65,972
227,65,1020
228,65,171
229,65,908
230,65,251
231,65,27
232,65,36
233,65,184
234,65,857
235,65,219
236,65,29
237,65,157
238,65,996
239,65,421
240,65,205
241,65,494
242,65,58
243,65,794
244,65,532
245,65,989
246,65,777
247,65,393
248,65,112
249,65,318
250,65,373
251,65,982
252,65,700
253,65,88
254,65,148
255,65,160
256,65,345
257,65,944
258,65,5
259,65,965
260,65,34
261,65,646
262,65,763
263,65,509
264,65,827
265,65,429
266,65,127
267,65,235
268,65,9
269,65,627
270,65,390
271,65,555
272,65,350
273,65,223
274,65,549
275,65,214
276,65,226
277,65,545
278,65,503
279,65,797
280,65,951
281,65,294
282,65,216
283,65,869
284,65,193
285,65,204
286,65,930
287,65,697
288,65,842
289,65,515
290,65,213
291,65,202
292,65,656
293,65,140
294,65,541
295,65,630
296,65,392
297,65,535
298,65,241
299,65,93
300,65,454
301,65,739
302,65,41
303,65,662
304,65,511
305,65,12
306,65,821
307,65,386
308,65,379
309,65,420
310,65,725
311,65,527
312,65,315
313,65,333
314,65,837
315,65,813
316,65,119
317,65,424
318,65,668
319,65,728
320,65,959
321,65,632
322,65,992
323,65,496
324,65,8
325,65,197
326,65,381
327,65,658
328,65,132
329,65,956
330,65,110
331,65,285
332,65,894
333,65,689
334,65,792
335,65,369
336,65,228
337,65,236
338,65,70
339,65,701
340,65,947
341,65,699
342,65,464
343,65,39
344,65,54
345,65,1005
346,65,856
347,65,31
348,65,737
349,65,976
350,65,570
351,65,51
352,65,912
353,65,325
354,65,442
355,65,707
356,65,991
357,65,799
358,65,552
359,65,499
360,65,453
361,65,460
362,65,1012
363,65,147
364,65,1018
365,65,893
366,65,864
367,65,85
368,65,681
369,65,164
370,65,162
371,65,922
372,65,106
373,65,451
374,65,45
375,65,826
376,65,751
377,65,544
378,65,849
379,65,834
380,65,559
381,65,355
382,65,673
383,65,664
384,65,682
385,65,305
386,65,568
387,65,828
388,65,892
389,65,776
390,65,343
391,65,895
392,65,920
393,65,875
394,65,862
395,65,286
396,65,43
397,65,523
398,65,349
399,65,245
0,66,301
1,66,150
2,66,30
3,66,683
4,66,443
5,66,954
6,66,1006
7,66,669
8,66,311
9,66,463
10,66,557
11,66,105
12,66,187
13,66,786
14,66,698
15,66,618
16,66,784
17,66,1008
18,66,520
19,66,185
20,66,710
21,66,0
22,66,554
23,66,230
24,66,713
25,66,246
26,66,155
27,66,287
28,66,901
29,66,142
30,66,304
31,66,492
32,66,1013
33,66,48
34,66,643
35,66,149
36,66,440
37,66,380
38,66,906
39,66,717
40,66,997
41,66,603
42,66,665
43,66,107
44,66,67
45,66,867
46,66,911
47,66,6
48,66,540
49,66,767
50,66,524
51,66,915
52,66,783
53,66,487
54,66,933
55,66,1002
56,66,537
57,66,266
58,66,474
59,66,362
60,66,839
61,66,476
62,66,919
63,66,847
64,66,775
65,66,521
66,66,584
67,66,877
68,66,432
69,66,749
70,66,650
71,66,363
72,66,649
73,66,1010
74,66,215
75,66,506
76,66,616
77,66,297
78,66,484
79,66,779
80,66,891
81,66,755
82,66,356
83,66,99
84,66,283
85,66,538
86,66,983
87,66,186
88,66,966
89,66,686
90,66,973
91,66,170
92,66,814
93,66,220
94,66,890
95,66,887
96,66,252
97,66,883
98,66,435
99,66,617
100,66,925
101,66,770
102,66,560
103,66,652
104,66,539
105,66,614
106,66,137
107,66,267
108,66,239
109,66,654
110,66,81
111,66,449
112,66,60
113,66,790
114,66,434
115,66,450
116,66,62
117,66,44
118,66,101
119,66,606
120,66,868
121,66,431
122,66,730
123,66,748
124,66,176
125,66,334
126,66,102
127,66,516
128,66,375
129,66,264
130,66,812
131,66,985
132,66,16
133,66,518
134,66,619
135,66,47
136,66,224
137,66,978
138,66,482
139,66,243
140,66,250
141,66,724
142,66,607
143,66,114
144,66,173
145,66,723
146,66,852
147,66,242
148,66,190
149,66,96
150,66,923
151,66,550
152,66,534
153,66,319
154,66,75
155,66,695
156,66,11
157,66,952
158,66,635
159,66,785
160,66,104
161,66,504
162,66,120
163,66,98
164,66,433
165,66,35
166,66,277
167,66,838
168,66,961
169,66,531
170,66,462
171,66,473
172,66,298
173,66,165
174,66,865
175,66,854
176,66,115
177,66,663
178,66,878
179,66,326
180,66,1003
181,66,921
182,66,809
183,66,988
184,66,261
185,66,597
186,66,843
187,66,20
188,66,256
189,66,743
190,66,437
191,66,525
192,66,237
193,66,970
194,66,580
195,66,938
196,66,490
197,66,957
198,66,313
199,66,309
200,66,410
201,66,981
202,66,980
203,66,962
204,66,80
205,66,414
206,66,709
207,66,201
208,66,571
209,66,914
210,66,218
211,66,667
212,66,960
213,66,135
214,66,179
215,66,161
216,66,916
217,66,772
218,66,566
219,66,929
220,66,953
221,66,77
222,66,156
223,66,753
224,66,787
225,66,610
226,66,972
227,66,1020
228,66,171
229,66,908
230,66,251
231,66,27
232,66,36
233,66,184
234,66,857
235,66,219
236,66,29
237,66,157
238,66,996
239,66,421
240,66,205
241,66,494
242,66,58
243,66,794
244,66,532
245,66,989
246,66,777
247,66,393
248,66,112
249,66,318
250,66,373
251,66,982
252,66,700
253,66,88
254,66,148
255,66,160
256,66,345
257,66,944
258,66,5
259,66,965
260,66,34
261,66,646
262,66,763
263,66,509
264,66,827
265,66,429
266,66,127
267,66,235
268,66,9
269,66,627
270,66,390
271,66,555
272,66,350
273,66,223
274,66,549
275,66,214
276,66,226
277,66,545
278,66,503
279,66,797
280,66,951
281,66,294
282,66,216
283,66,869
284,66,193
285,66,204
286,66,930
287,66,697
288,66,842
289,66,515
290,66,213
291,66,202
292,66,656
293,66,140
294,66,541
295,66,630
296,66,392
297,66,535
298,66,241
299,66,93
300,66,454
301,66,739
302,66,41
303,66,662
304,66,511
305,66,12
306,66,821
307,66,386
308,66,379
309,66,420
310,66,725
311,66,527
312,66,315
313,66,333
314,66,837
315,66,813
316,66,119
317,66,424
318,66,668
319,66,728
320,66,959
321,66,632
322,66,992
323,66,496
324,66,8
325,66,197
326,66,381
327,66,658
328,66,132
329,66,924
330,66,110
331,66,285
332,66,894
333,66,689
334,66,792
335,66,369
336,66,228
337,66,236
338,66,70
339,66,701
340,66,947
341,66,699
342,66,464
343,66,39
344,66,54
345,66,1005
346,66,856
347,66,31
348,66,737
349,66,976
350,66,570
351,66,51
352,66,912
353,66,325
354,66,442
355,66,707
356,66,991
357,66,799
358,66,552
359,66,499
360,66,453
361,66,460
362,66,1012
363,66,147
364,66,1018
365,66,893
366,66,864
367,66,85
368,66,681
369,66,164
370,66,162
371,66,922
372,66,106
373,66,451
374,66,45
375,66,826
376,66,751
377,66,544
378,66,849
379,66,834
380,66,559
381,66,355
382,66,673
383,66,664
384,66,682
385,66,305
386,66,568
387,66,828
388,66,892
389,66,776
390,66,343
391,66,895
392,66,920
393,66,875
394,66,862
395,66,286
396,66,43
397,66,523
398,66,349
399,66,245
0,67,301
1,67,150
2,67,30
3,67,683
4,67,443
5,67,954
6,67,1006
7,67,669
8,67,311
9,67,463
10,67,557
11,67,105
12,67,187
13,67,786
14,67,698
15,67,618
16,67,784
17,67,1008
18,67,520
19,67,185
20,67,710
21,67,0
22,67,554
23,67,230
24,67,713
25,67,246
26,67,155
27,67,287
28,67,901
29,67,142
30,67,304
31,67,492
32,67,1013
33,67,48
34,67,643
35,67,149
36,67,440
37,67,380
38,67,906
39,67,717
40,67,997
41,67,603
42,67,665
43,67,107
44,67,67
45,67,867
46,67,911
47,67,6
48,67,540
49,67,767
50,67,524
51,67,915
52,67,783
53,67,487
54,67,933
55,67,1002
56,67,537
57,67,266
58,67,474
59,67,362
60,67,839
61,67,476
62,67,919
63,67,847
64,67,775
65,67,521
66,67,584
67,67,877
68,67,432
69,67,749
70,67,650
71,67,363
72,67,649
73,67,1010
74,67,215
75,67,506
76,67,616
77,67,297
78,67,484
79,67,779
80,67,891
81,67,755
82,67,356
83,67,99
84,67,283
85,67,538
86,67,983
87,67,186
88,67,966
89,67,686
90,67,973
91,67,170
92,67,814
93,67,220
94,67,890
95,67,887
96,67,252
97,67,883
98,67,435
99,67,617
100,67,957
101,67,770
102,67,560
103,67,652
104,67,539
105,67,614
106,67,137
107,67,267
108,67,239
109,67,654
110,67,81
111,67,449
112,67,60
113,67,790
114,67,434
115,67,450
116,67,62
117,67,44
118,67,101
119,67,606
120,67,868
121,67,431
122,67,730
123,67,748
124,67,176
125,67,334
126,67,102
127,67,516
128,67,375
129,67,264
130,67,812
131,67,985
132,67,16
133,67,518
134,67,619
135,67,47
136,67,224
137,67,978
138,67,482
139,67,243
140,67,250
141,67,724
142,67,607
143,67,114
144,67,173
145,67,723
146,67,852
147,67,242
148,67,190
149,67,96
150,67,955
151,67,550
152,67,534
153,67,319
154,67,75
155,67,695
156,67,11
157,67,952
158,67,635
159,67,785
160,67,104
161,67,504
162,67,120
163,67,98
164,67,433
165,67,35
166,67,277
167,67,838
168,67,961
169,67,531
170,67,462
171,67,473
172,67,298
173,67,165
174,67,865
175,67,854
176,67,115
177,67,663
178,67,878
179,67,326
180,67,1003
181,67,921
182,67,809
183,67,988
184,67,261
185,67,597
186,67,843
187,67,20
188,67,256
189,67,743
190,67,437
191,67,525
192,67,237
193,67,970
194,67,580
195,67,938
196,67,490
197,67,956
198,67,313
199,67,309
200,67,410
201,67,981
202,67,980
203,67,962
204,67,80
205,67,414
206,67,709
207,67,201
208,67,571
209,67,914
210,67,218
211,67,667
212,67,960
213,67,135
214,67,179
215,67,161
216,67,916
217,67,772
218,67,566
219,67,929
220,67,953
221,67,77
222,67,156
223,67,753
224,67,787
225,67,610
226,67,972
227,67,1020
228,67,171
229,67,908
230,67,251
231,67,27
232,67,36
233,67,184
234,67,857
235,67,219
236,67,29
237,67,157
238,67,996
239,67,421
240,67,205
241,67,494
242,67,58
243,67,794
244,67,532
245,67,989
246,67,777
247,67,393
248,67,112
249,67,318
250,67,373
251,67,982
252,67,700
253,67,88
254,67,148
255,67,160
256,67,345
257,67,944
258,67,5
259,67,965
260,67,34
261,67,646
262,67,763
263,67,509
264,67,827
265,67,429
266,67,127
267,67,235
268,67,9
269,67,627
270,67,390
271,67,555
272,67,350
273,67,223
274,67,549
275,67,214
276,67,226
277,67,545
278,67,503
279,67,797
280,67,951
281,67,294
282,67,216
283,67,869
284,67,193
285,67,204
286,67,930
287,67,697
288,67,842
289,67,515
290,67,213
291,67,202
292,67,656
293,67,140
294,67,541
295,67,630
296,67,392
297,67,535
298,67,241
299,67,93
300,67,454
301,67,739
302,67,41
303,67,662
304,67,511
305,67,12
306,67,821
307,67,386
308,67,379
309,67,420
310,67,725
311,67,527
312,67,315
313,67,333
314,67,837
315,67,813
316,67,119
317,67,424
318,67,668
319,67,728
320,67,959
321,67,632
322,67,992
323,67,496
324,67,8
325,67,197
326,67,381
327,67,658
328,67,132
329,67,925
330,67,110
331,67,285
332,67,894
333,67,689
334,67,792
335,67,369
336,67,228
337,67,236
338,67,70
339,67,701
340,67,947
341,67,699
342,67,464
343,67,39
344,67,54
345,67,1005
346,67,856
347,67,31
348,67,737
349,67,976
350,67,570
351,67,51
352,67,912
353,67,325
354,67,442
355,67,707
356,67,991
357,67,799
358,67,552
359,67,499
360,67,453
361,67,460
362,67,1012
363,67,147
364,67,1018
365,67,893
366,67,864
367,67,85
368,67,681
369,67,164
370,67,162
371,67,922
372,67,106
373,67,451
374,67,45
375,67,826
376,67,751
377,67,544
378,67,849
379,67,834
380,67,559
381,67,355
382,67,673
383,67,664
384,67,682
385,67,305
386,67,568
387,67,828
388,67,892
389,67,776
390,67,343
391,67,895
392,67,920
393,67,875
394,67,862
395,67,286
396,67,43
397,67,523
398,67,349
399,67,245
0,68,301
1,68,150
2,68,30
3,68,683
4,68,443
5,68,955
6,68,1006
7,68,669
8,68,311
9,68,463
10,68,557
11,68,105
12,68,187
13,68,786
14,68,698
15,68,618
16,68,784
17,68,1008
18,68,520
19,68,185
20,68,710
21,68,0
22,68,554
23,68,230
24,68,713
25,68,246
26,68,155
27,68,287
28,68,901
29,68,142
30,68,304
31,68,492
32,68,1013
33,68,48
34,68,643
35,68,149
36,68,440
37,68,380
38,68,906
39,68,717
40,68,997
41,68,603
42,68,665
43,68,107
44,68,67
45,68,867
46,68,911
47,68,6
48,68,540
49,68,767
50,68,524
51,68,915
52,68,783
53,68,487
54,68,933
55,68,1002
56,68,537
57,68,266
58,68,474
59,68,362
60,68,839
61,68,476
62,68,919
63,68,847
64,68,775
65,68,521
66,68,584
67,68,877
68,68,432
69,68,749
70,68,650
71,68,363
72,68,649
73,68,1010
74,68,215
75,68,506
76,68,616
77,68,297
78,68,484
79,68,779
80,68,890
81,68,755
82,68,356
83,68,99
84,68,283
85,68,538
86,68,983
87,68,186
88,68,966
89,68,686
90,68,973
91,68,170
92,68,814
93,68,220
94,68,922
95,68,887
96,68,252
97,68,883
98,68,435
99,68,617
100,68,925
101,68,770
102,68,560
103,68,652
104,68,539
105,68,614
106,68,137
107,68,267
108,68,239
109,68,654
110,68,81
111,68,449
112,68,60
113,68,790
114,68,434
115,68,450
116,68,62
117,68,44
118,68,101
119,68,606
120,68,868
121,68,431
122,68,730
123,68,748
124,68,176
125,68,334
126,68,102
127,68,516
128,68,375
129,68,264
130,68,812
131,68,985
132,68,16
133,68,518
134,68,619
135,68,47
136,68,224
137,68,978
138,68,482
139,68,243
140,68,250
141,68,724
142,68,607
143,68,114
144,68,173
145,68,723
146,68,852
147,68,242
148,68,190
149,68,96
150,68,987
151,68,550
152,68,534
153,68,319
154,68,75
155,68,695
156,68,11
157,68,952
158,68,635
159,68,785
160,68,104
161,68,504
162,68,120
163,68,98
164,68,433
165,68,35
166,68,277
167,68,838
168,68,961
169,68,531
170,68,462
171,68,473
172,68,298
173,68,165
174,68,865
175,68,854
176,68,115
177,68,663
178,68,878
179,68,326
180,68,1003
181,68,921
182,68,809
183,68,988
184,68,261
185,68,597
186,68,843
187,68,20
188,68,256
189,68,743
190,68,437
191,68,525
192,68,237
193,68,970
194,68,580
195,68,938
196,68,490
197,68,957
198,68,313
199,68,309
200,68,410
201,68,981
202,68,980
203,68,962
204,68,80
205,68,414
206,68,709
207,68,201
208,68,571
209,68,914
210,68,218
211,68,667
212,68,960
213,68,135
214,68,179
215,68,161
216,68,916
217,68,772
218,68,566
219,68,929
220,68,953
221,68,77
222,68,156
223,68,753
224,68,787
225,68,610
226,68,972
227,68,1020
228,68,171
229,68,908
230,68,251
231,68,27
232,68,36
233,68,184
234,68,857
235,68,219
236,68,29
237,68,157
238,68,996
239,68,421
240,68,205
241,68,494
242,68,58
243,68,794
244,68,532
245,68,989
246,68,777
247,68,393
248,68,112
249,68,318
250,68,373
251,68,982
252,68,700
253,68,88
254,68,148
255,68,160
256,68,345
257,68,944
258,68,5
259,68,965
260,68,34
261,68,646
262,68,763
263,68,509
264,68,827
265,68,429
266,68,127
267,68,235
268,68,9
269,68,627
270,68,390
271,68,555
272,68,350
273,68,223
274,68,549
275,68,214
276,68,226
277,68,545
278,68,503
279,68,797
280,68,951
281,68,294
282,68,216
283,68,869
284,68,193
285,68,204
286,68,930
287,68,697
288,68,842
289,68,515
290,68,213
291,68,202
292,68,656
293,68,140
294,68,541
295,68,630
296,68,392
297,68,535
298,68,241
299,68,93
300,68,454
301,68,739
302,68,41
303,68,662
304,68,511
305,68,12
306,68,821
307,68,386
308,68,379
309,68,420
310,68,725
311,68,527
312,68,315
313,68,333
314,68,837
315,68,813
316,68,119
317,68,424
318,68,668
319,68,728
320,68,959
321,68,632
322,68,992
323,68,496
324,68,8
325,68,197
326,68,381
327,68,658
328,68,132
329,68,893
330,68,110
331,68,285
332,68,894
333,68,689
334,68,792
335,68,369
336,68,228
337,68,236
338,68,70
339,68,701
340,68,947
341,68,699
342,68,464
343,68,39
344,68,54
345,68,1005
346,68,856
347,68,31
348,68,737
349,68,976
350,68,570
351,68,51
352,68,912
353,68,325
354,68,442
355,68,707
356,68,991
357,68,799
358,68,552
359,68,499
360,68,453
361,68,460
362,68,1012
363,68,147
364,68,1018
365,68,892
366,68,864
367,68,85
368,68,681
369,68,164
370,68,162
371,68,954
372,68,106
373,68,451
374,68,45
375,68,826
376,68,751
377,68,544
378,68,849
379,68,834
380,68,559
381,68,355
382,68,673
383,68,664
384,68,682
385,68,305
386,68,568
387,68,828
388,68,891
389,68,776
390,68,343
391,68,895
392,68,920
393,68,875
394,68,862
395,68,286
396,68,43
397,68,523
398,68,349
399,68,245
0,69,301
1,69,150
2,69,30
3,69,683
4,69,443
5,69,954
6,69,1006
7,69,669
8,69,311
9,69,463
10,69,557
11,69,105
12,69,187
13,69,786
14,69,698
15,69,618
16,69,784
17,69,1008
18,69,520
19,69,185
20,69,710
21,69,0
22,69,554
23,69,230
24,69,713
25,69,246
26,69,155
27,69,287
28,69,901
29,69,142
30,69,304
31,69,492
32,69,1013
33,69,48
34,69,643
35,69,149
36,69,440
37,69,380
38,69,906
39,69,717
40,69,997
41,69,603
42,69,665
43,69,107
44,69,67
45,69,867
46,69,911
47,69,6
48,69,540
49,69,767
50,69,524
51,69,915
52,69,783
53,69,487
54,69,933
55,69,1002
56,69,537
57,69,266
58,69,474
59,69,362
60,69,839
61,69,476
62,69,919
63,69,847
64,69,775
65,69,521
66,69,584
67,69,877
68,69,432
69,69,749
70,69,650
71,69,363
72,69,649
73,69,1010
74,69,215
75,69,506
76,69,616
77,69,297
78,69,484
79,69,779
80,69,891
81,69,755
82,69,356
83,69,99
84,69,283
85,69,538
86,69,983
87,69,186
88,69,966
89,69,686
90,69,973
91,69,170
92,69,814
93,69,220
94,69,890
95,69,887
96,69,252
97,69,883
98,69,435
99,69,617
100,69,924
101,69,770
102,69,560
103,69,652
104,69,539
105,69,614
106,69,137
107,69,267
108,69,239
109,69,654
110,69,81
111,69,449
112,69,60
113,69,790
114,69,434
115,69,450
116,69,62
117,69,44
118,69,101
119,69,606
120,69,868
121,69,431
122,69,730
123,69,748
124,69,176
125,69,334
126,69,102
127,69,516
128,69,375
129,69,264
130,69,812
131,69,985
132,69,16
133,69,518
134,69,619
135,69,47
136,69,224
137,69,978
138,69,482
139,69,243
140,69,250
141,69,724
142,69,607
143,69,114
144,69,173
145,69,723
146,69,852
147,69,242
148,69,190
149,69,96
150,69,955
151,69,550
152,69,534
153,69,319
154,69,75
155,69,695
156,69,11
157,69,952
158,69,635
159,69,785
160,69,104
161,69,504
162,69,120
163,69,98
164,69,433
165,69,35
166,69,277
167,69,838
168,69,961
169,69,531
170,69,462
171,69,473
172,69,298
173,69,165
174,69,865
175,69,854
176,69,115
177,69,663
178,69,878
179,69,326
180,69,1003
181,69,921
182,69,809
183,69,988
184,69,261
185,69,597
186,69,843
187,69,20
188,69,256
189,69,743
190,69,437
191,69,525
192,69,237
193,69,970
194,69,580
195,69,938
196,69,490
197,69,957
198,69,313
199,69,309
200,69,410
201,69,981
202,69,980
203,69,962
204,69,80
205,69,414
206,69,709
207,69,201
208,69,571
209,69,914
210,69,218
211,69,667
212,69,960
213,69,135
214,69,179
215,69,161
216,69,916
217,69,772
218,69,566
219,69,929
220,69,953
221,69,77
222,69,156
223,69,753
224,69,787
225,69,610
226,69,972
227,69,1020
228,69,171
229,69,908
230,69,251
231,69,27
232,69,36
233,69,184
234,69,857
235,69,219
236,69,29
237,69,157
238,69,996
239,69,421
240,69,205
241,69,494
242,69,58
243,69,794
244,69,532
245,69,989
246,69,777
247,69,393
248,69,112
249,69,318
250,69,373
251,69,982
252,69,700
253,69,88
254,69,148
255,69,160
256,69,345
257,69,944
258,69,5
259,69,965
260,69,34
261,69,646
262,69,763
263,69,509
264,69,827
265,69,429
266,69,127
267,69,235
268,69,9
269,69,627
270,69,390
271,69,555
272,69,350
273,69,223
274,69,549
275,69,214
276,69,226
277,69,545
278,69,503
279,69,797
280,69,951
281,69,294
282,69,216
283,69,869
284,69,193
285,69,204
286,69,930
287,69,697
288,69,842
289,69,515
290,69,213
291,69,202
292,69,656
293,69,140
294,69,541
295,69,630
296,69,392
297,69,535
298,69,241
299,69,93
300,69,454
301,69,739
302,69,41
303,69,662
304,69,511
305,69,12
306,69,821
307,69,386
308,69,379
309,69,420
310,69,725
311,69,527
312,69,315
313,69,333
314,69,837
315,69,813
316,69,119
317,69,424
318,69,668
319,69,728
320,69,959
321,69,632
322,69,992
323,69,496
324,69,8
325,69,197
326,69,381
327,69,658
328,69,132
329,69,925
330,69,110
331,69,285
332,69,894
333,69,689
334,69,792
335,69,369
336,69,228
337,69,236
338,69,70
339,69,701
340,69,947
341,69,699
342,69,464
343,69,39
344,69,54
345,69,1005
346,69,856
347,69,31
348,69,737
349,69,976
350,69,570
351,69,51
352,69,912
353,69,325
354,69,442
355,69,707
356,69,991
357,69,799
358,69,552
359,69,499
360,69,453
361,69,460
362,69,1012
363,69,147
364,69,1018
365,69,893
366,69,864
367,69,85
368,69,681
369,69,164
370,69,162
371,69,922
372,69,106
373,69,451
374,69,45
375,69,826
376,69,751
377,69,544
378,69,849
379,69,834
380,69,559
381,69,355
382,69,673
383,69,664
384,69,682
385,69,305
386,69,568
387,69,828
388,69,892
389,69,776
390,69,343
391,69,895
392,69,920
393,69,875
394,69,862
395,69,286
396,69,43
397,69,523
398,69,349
399,69,245
