agent_id,time_step,vertex_index
0,0,768
1,0,630
2,0,708
3,0,219
4,0,935
5,0,858
6,0,800
7,0,417
8,0,20
9,0,819
10,0,324
11,0,855
12,0,910
13,0,686
14,0,97
15,0,550
16,0,690
17,0,470
18,0,374
19,0,811
20,0,569
21,0,645
22,0,123
23,0,221
24,0,698
25,0,973
26,0,790
27,0,635
28,0,972
29,0,115
30,0,901
31,0,164
32,0,880
33,0,829
34,0,981
35,0,527
36,0,547
37,0,987
38,0,155
39,0,241
40,0,888
41,0,934
42,0,787
43,0,214
44,0,528
45,0,375
46,0,349
47,0,831
48,0,771
49,0,666
50,0,54
51,0,12
52,0,333
53,0,228
54,0,816
55,0,637
56,0,581
57,0,272
58,0,99
59,0,959
60,0,212
61,0,213
62,0,131
63,0,687
64,0,622
65,0,915
66,0,381
67,0,459
68,0,517
69,0,770
70,0,127
71,0,579
72,0,689
73,0,371
74,0,449
75,0,149
76,0,418
77,0,220
78,0,955
79,0,573
80,0,183
81,0,194
82,0,542
83,0,780
84,0,728
85,0,805
86,0,191
87,0,327
88,0,469
89,0,961
90,0,42
91,0,817
92,0,250
93,0,309
94,0,266
95,0,843
96,0,363
97,0,988
98,0,911
99,0,534
100,0,740
101,0,463
102,0,767
103,0,308
104,0,872
105,0,623
106,0,225
107,0,342
108,0,801
109,0,414
110,0,893
111,0,460
112,0,562
113,0,810
114,0,748
115,0,546
116,0,355
117,0,563
118,0,707
119,0,552
120,0,755
121,0,567
122,0,163
123,0,916
124,0,288
125,0,565
126,0,251
127,0,46
128,0,960
129,0,286
130,0,22
131,0,969
132,0,317
133,0,386
134,0,782
135,0,616
136,0,1020
137,0,202
138,0,89
139,0,941
140,0,200
141,0,1021
142,0,255
143,0,210
144,0,174
145,0,1017
146,0,514
147,0,254
148,0,204
149,0,373
150,0,315
151,0,483
152,0,367
153,0,794
154,0,594
155,0,75
156,0,673
157,0,723
158,0,835
159,0,505
160,0,499
161,0,891
162,0,758
163,0,291
164,0,443
165,0,492
166,0,523
167,0,558
168,0,211
169,0,868
170,0,653
171,0,695
172,0,477
173,0,401
174,0,560
175,0,493
176,0,353
177,0,867
178,0,716
179,0,124
180,0,976
181,0,796
182,0,376
183,0,21
184,0,331
185,0,235
186,0,730
187,0,121
188,0,710
189,0,877
190,0,102
191,0,476
192,0,785
193,0,352
194,0,587
195,0,744
196,0,69
197,0,809
198,0,994
199,0,399
200,0,884
201,0,274
202,0,538
203,0,108
204,0,720
205,0,101
206,0,423
207,0,356
208,0,627
209,0,380
210,0,170
211,0,665
212,0,265
213,0,87
214,0,508
215,0,23
216,0,1019
217,0,864
218,0,284
219,0,257
220,0,932
221,0,491
222,0,408
223,0,43
224,0,176
225,0,145
226,0,222
227,0,947
228,0,803
229,0,5
230,0,507
231,0,253
232,0,608
233,0,464
234,0,435
235,0,190
236,0,909
237,0,68
238,0,2
239,0,350
240,0,606
241,0,712
242,0,874
243,0,752
244,0,503
245,0,130
246,0,345
247,0,661
248,0,329
249,0,379
250,0,320
251,0,997
252,0,40
253,0,326
254,0,6
255,0,615
256,0,35
257,0,575
258,0,234
259,0,792
260,0,450
261,0,510
262,0,444
263,0,113
264,0,709
265,0,626
266,0,59
267,0,688
268,0,494
269,0,178
270,0,34
271,0,667
272,0,873
273,0,440
274,0,341
275,0,31
276,0,479
277,0,620
278,0,80
279,0,693
280,0,882
281,0,44
282,0,223
283,0,717
284,0,936
285,0,681
286,0,1010
287,0,431
288,0,706
289,0,799
290,0,938
291,0,293
292,0,638
293,0,378
294,0,430
295,0,815
296,0,442
297,0,533
298,0,30
299,0,133
300,0,181
301,0,120
302,0,267
303,0,940
304,0,81
305,0,980
306,0,362
307,0,9
308,0,298
309,0,138
310,0,943
311,0,141
312,0,570
313,0,694
314,0,295
315,0,465
316,0,126
317,0,539
318,0,526
319,0,1004
320,0,201
321,0,158
322,0,377
323,0,714
324,0,105
325,0,305
326,0,322
327,0,841
328,0,338
329,0,70
330,0,680
331,0,735
332,0,965
333,0,1
334,0,1008
335,0,949
336,0,236
337,0,535
338,0,289
339,0,895
340,0,541
341,0,390
342,0,56
343,0,777
344,0,700
345,0,870
346,0,61
347,0,807
348,0,715
349,0,1013
350,0,36
351,0,957
352,0,894
353,0,762
354,0,157
355,0,361
356,0,217
357,0,473
358,0,96
359,0,589
360,0,39
361,0,632
362,0,742
363,0,1014
364,0,208
365,0,1000
366,0,148
367,0,649
368,0,919
369,0,933
370,0,310
371,0,862
372,0,485
373,0,733
374,0,11
375,0,763
376,0,806
377,0,159
378,0,600
379,0,10
380,0,824
381,0,881
382,0,886
383,0,229
384,0,227
385,0,41
386,0,447
387,0,592
388,0,854
389,0,64
390,0,15
391,0,584
392,0,160
393,0,568
394,0,340
395,0,437
396,0,520
397,0,948
398,0,743
399,0,421
0,1,736
1,1,598
2,1,709
3,1,218
4,1,936
5,1,858
6,1,832
7,1,449
8,1,52
9,1,818
10,1,325
11,1,823
12,1,911
13,1,686
14,1,98
15,1,551
16,1,689
17,1,469
18,1,406
19,1,779
20,1,568
21,1,613
22,1,122
23,1,220
24,1,697
25,1,941
26,1,791
27,1,603
28,1,971
29,1,115
30,1,902
31,1,165
32,1,848
33,1,797
34,1,980
35,1,526
36,1,548
37,1,955
38,1,154
39,1,273
40,1,887
41,1,935
42,1,755
43,1,246
44,1,527
45,1,374
46,1,381
47,1,799
48,1,739
49,1,698
50,1,86
51,1,13
52,1,334
53,1,260
54,1,815
55,1,669
56,1,549
57,1,272
58,1,131
59,1,927
60,1,244
61,1,245
62,1,132
63,1,719
64,1,621
65,1,914
66,1,380
67,1,491
68,1,518
69,1,770
70,1,159
71,1,580
72,1,657
73,1,403
74,1,450
75,1,181
76,1,419
77,1,219
78,1,923
79,1,605
80,1,184
81,1,226
82,1,541
83,1,748
84,1,696
85,1,806
86,1,223
87,1,295
88,1,501
89,1,929
90,1,74
91,1,816
92,1,249
93,1,277
94,1,298
95,1,844
96,1,364
97,1,956
98,1,912
99,1,566
100,1,772
101,1,462
102,1,735
103,1,307
104,1,840
105,1,622
106,1,193
107,1,310
108,1,769
109,1,413
110,1,861
111,1,459
112,1,563
113,1,811
114,1,716
115,1,547
116,1,356
117,1,531
118,1,675
119,1,553
120,1,754
121,1,535
122,1,164
123,1,884
124,1,289
125,1,564
126,1,250
127,1,78
128,1,928
129,1,285
130,1,54
131,1,970
132,1,316
133,1,387
134,1,781
135,1,617
136,1,1019
137,1,234
138,1,88
139,1,909
140,1,201
141,1,989
142,1,287
143,1,211
144,1,174
145,1,985
146,1,546
147,1,253
148,1,205
149,1,341
150,1,347
151,1,484
152,1,399
153,1,762
154,1,562
155,1,76
156,1,641
157,1,724
158,1,836
159,1,504
160,1,498
161,1,890
162,1,757
163,1,291
164,1,442
165,1,460
166,1,524
167,1,590
168,1,243
169,1,869
170,1,654
171,1,663
172,1,445
173,1,400
174,1,559
175,1,525
176,1,354
177,1,868
178,1,717
179,1,123
180,1,944
181,1,828
182,1,375
183,1,22
184,1,331
185,1,236
186,1,731
187,1,120
188,1,678
189,1,845
190,1,134
191,1,476
192,1,753
193,1,353
194,1,586
195,1,745
196,1,101
197,1,810
198,1,962
199,1,398
200,1,852
201,1,306
202,1,570
203,1,140
204,1,688
205,1,100
206,1,423
207,1,324
208,1,595
209,1,412
210,1,171
211,1,665
212,1,297
213,1,87
214,1,507
215,1,23
216,1,987
217,1,865
218,1,284
219,1,256
220,1,900
221,1,490
222,1,376
223,1,44
224,1,208
225,1,144
226,1,254
227,1,915
228,1,771
229,1,4
230,1,475
231,1,221
232,1,609
233,1,465
234,1,436
235,1,189
236,1,877
237,1,69
238,1,1
239,1,349
240,1,574
241,1,680
242,1,875
243,1,784
244,1,502
245,1,130
246,1,344
247,1,660
248,1,330
249,1,379
250,1,288
251,1,998
252,1,41
253,1,327
254,1,38
255,1,583
256,1,67
257,1,607
258,1,233
259,1,824
260,1,418
261,1,542
262,1,443
263,1,114
264,1,710
265,1,625
266,1,60
267,1,687
268,1,493
269,1,210
270,1,66
271,1,666
272,1,841
273,1,408
274,1,340
275,1,30
276,1,478
277,1,619
278,1,112
279,1,725
280,1,883
281,1,12
282,1,222
283,1,749
284,1,904
285,1,682
286,1,1009
287,1,432
288,1,738
289,1,798
290,1,939
291,1,261
292,1,606
293,1,377
294,1,431
295,1,783
296,1,441
297,1,534
298,1,29
299,1,133
300,1,213
301,1,119
302,1,235
303,1,908
304,1,113
305,1,979
306,1,394
307,1,8
308,1,299
309,1,137
310,1,943
311,1,173
312,1,571
313,1,693
314,1,294
315,1,497
316,1,94
317,1,538
318,1,558
319,1,972
320,1,202
321,1,190
322,1,409
323,1,715
324,1,73
325,1,304
326,1,290
327,1,842
328,1,338
329,1,102
330,1,648
331,1,734
332,1,966
333,1,33
334,1,976
335,1,948
336,1,204
337,1,503
338,1,257
339,1,894
340,1,573
341,1,422
342,1,55
343,1,776
344,1,668
345,1,870
346,1,62
347,1,775
348,1,747
349,1,1012
350,1,68
351,1,958
352,1,893
353,1,730
354,1,158
355,1,393
356,1,217
357,1,505
358,1,97
359,1,557
360,1,39
361,1,600
362,1,743
363,1,1013
364,1,240
365,1,1001
366,1,147
367,1,650
368,1,919
369,1,932
370,1,278
371,1,862
372,1,453
373,1,732
374,1,11
375,1,795
376,1,807
377,1,191
378,1,599
379,1,9
380,1,825
381,1,880
382,1,885
383,1,230
384,1,259
385,1,42
386,1,479
387,1,624
388,1,855
389,1,96
390,1,16
391,1,616
392,1,161
393,1,567
394,1,308
395,1,405
396,1,521
397,1,947
398,1,711
399,1,421
0,2,736
1,2,597
2,2,677
3,2,217
4,2,904
5,2,890
6,2,864
7,2,481
8,2,84
9,2,786
10,2,357
11,2,791
12,2,912
13,2,687
14,2,99
15,2,552
16,2,688
17,2,501
18,2,405
19,2,747
20,2,567
21,2,581
22,2,121
23,2,219
24,2,696
25,2,909
26,2,792
27,2,571
28,2,1003
29,2,147
30,2,870
31,2,166
32,2,849
33,2,765
34,2,979
35,2,494
36,2,549
37,2,956
38,2,153
39,2,305
40,2,886
41,2,936
42,2,723
43,2,245
44,2,526
45,2,406
46,2,413
47,2,767
48,2,740
49,2,699
50,2,85
51,2,14
52,2,366
53,2,261
54,2,814
55,2,668
56,2,550
57,2,272
58,2,132
59,2,926
60,2,276
61,2,277
62,2,133
63,2,719
64,2,620
65,2,913
66,2,379
67,2,523
68,2,519
69,2,771
70,2,191
71,2,548
72,2,689
73,2,435
74,2,418
75,2,213
76,2,451
77,2,187
78,2,922
79,2,604
80,2,185
81,2,227
82,2,540
83,2,716
84,2,664
85,2,807
86,2,255
87,2,263
88,2,533
89,2,897
90,2,106
91,2,815
92,2,281
93,2,278
94,2,330
95,2,876
96,2,332
97,2,924
98,2,880
99,2,565
100,2,804
101,2,461
102,2,734
103,2,306
104,2,841
105,2,621
106,2,194
107,2,310
108,2,737
109,2,445
110,2,829
111,2,491
112,2,564
113,2,812
114,2,684
115,2,515
116,2,324
117,2,499
118,2,674
119,2,554
120,2,753
121,2,503
122,2,165
123,2,852
124,2,290
125,2,532
126,2,218
127,2,110
128,2,896
129,2,253
130,2,86
131,2,971
132,2,284
133,2,419
134,2,780
135,2,585
136,2,987
137,2,266
138,2,87
139,2,877
140,2,202
141,2,957
142,2,319
143,2,211
144,2,173
145,2,953
146,2,578
147,2,252
148,2,206
149,2,309
150,2,346
151,2,485
152,2,431
153,2,730
154,2,561
155,2,77
156,2,609
157,2,724
158,2,837
159,2,536
160,2,466
161,2,889
162,2,725
163,2,259
164,2,441
165,2,428
166,2,525
167,2,589
168,2,242
169,2,901
170,2,622
171,2,631
172,2,444
173,2,399
174,2,558
175,2,557
176,2,322
177,2,869
178,2,749
179,2,122
180,2,976
181,2,827
182,2,374
183,2,23
184,2,363
185,2,237
186,2,763
187,2,88
188,2,646
189,2,844
190,2,135
191,2,476
192,2,752
193,2,385
194,2,586
195,2,777
196,2,102
197,2,811
198,2,930
199,2,398
200,2,820
201,2,338
202,2,602
203,2,172
204,2,656
205,2,101
206,2,423
207,2,292
208,2,563
209,2,412
210,2,171
211,2,697
212,2,329
213,2,119
214,2,475
215,2,55
216,2,955
217,2,866
218,2,283
219,2,288
220,2,932
221,2,458
222,2,377
223,2,76
224,2,240
225,2,176
226,2,286
227,2,883
228,2,739
229,2,3
230,2,443
231,2,189
232,2,610
233,2,465
234,2,437
235,2,188
236,2,845
237,2,70
238,2,33
239,2,348
240,2,542
241,2,681
242,2,843
243,2,785
244,2,534
245,2,131
246,2,343
247,2,659
248,2,331
249,2,347
250,2,289
251,2,999
252,2,42
253,2,295
254,2,38
255,2,551
256,2,68
257,2,639
258,2,201
259,2,823
260,2,386
261,2,541
262,2,442
263,2,115
264,2,711
265,2,657
266,2,61
267,2,655
268,2,492
269,2,210
270,2,98
271,2,665
272,2,842
273,2,376
274,2,339
275,2,29
276,2,477
277,2,587
278,2,113
279,2,693
280,2,851
281,2,11
282,2,221
283,2,781
284,2,903
285,2,650
286,2,1008
287,2,433
288,2,770
289,2,797
290,2,907
291,2,229
292,2,606
293,2,345
294,2,432
295,2,751
296,2,440
297,2,535
298,2,28
299,2,134
300,2,212
301,2,118
302,2,234
303,2,908
304,2,114
305,2,947
306,2,426
307,2,40
308,2,267
309,2,136
310,2,944
311,2,205
312,2,539
313,2,661
314,2,326
315,2,529
316,2,93
317,2,506
318,2,590
319,2,973
320,2,203
321,2,222
322,2,408
323,2,683
324,2,41
325,2,303
326,2,291
327,2,810
328,2,370
329,2,103
330,2,649
331,2,733
332,2,967
333,2,65
334,2,977
335,2,916
336,2,204
337,2,471
338,2,225
339,2,862
340,2,605
341,2,454
342,2,54
343,2,775
344,2,667
345,2,838
346,2,94
347,2,743
348,2,746
349,2,1011
350,2,100
351,2,958
352,2,892
353,2,698
354,2,190
355,2,392
356,2,249
357,2,537
358,2,129
359,2,556
360,2,39
361,2,568
362,2,744
363,2,1012
364,2,241
365,2,1002
366,2,179
367,2,618
368,2,887
369,2,931
370,2,246
371,2,861
372,2,421
373,2,700
374,2,10
375,2,794
376,2,808
377,2,223
378,2,598
379,2,8
380,2,793
381,2,879
382,2,884
383,2,231
384,2,260
385,2,43
386,2,511
387,2,625
388,2,856
389,2,97
390,2,48
391,2,648
392,2,193
393,2,566
394,2,340
395,2,373
396,2,489
397,2,946
398,2,679
399,2,422
0,3,737
1,3,596
2,3,645
3,3,249
4,3,905
5,3,922
6,3,865
7,3,482
8,3,84
9,3,754
10,3,356
11,3,792
12,3,880
13,3,688
14,3,100
15,3,584
16,3,689
17,3,533
18,3,404
19,3,715
20,3,566
21,3,549
22,3,153
23,3,218
24,3,695
25,3,877
26,3,793
27,3,571
28,3,971
29,3,179
30,3,902
31,3,167
32,3,881
33,3,733
34,3,978
35,3,462
36,3,550
37,3,957
38,3,185
39,3,304
40,3,885
41,3,904
42,3,691
43,3,213
44,3,525
45,3,405
46,3,412
47,3,735
48,3,741
49,3,731
50,3,117
51,3,15
52,3,398
53,3,293
54,3,782
55,3,700
56,3,551
57,3,273
58,3,133
59,3,894
60,3,308
61,3,278
62,3,134
63,3,687
64,3,619
65,3,912
66,3,378
67,3,524
68,3,520
69,3,739
70,3,223
71,3,516
72,3,657
73,3,467
74,3,386
75,3,214
76,3,483
77,3,219
78,3,921
79,3,603
80,3,186
81,3,259
82,3,539
83,3,684
84,3,632
85,3,808
86,3,287
87,3,264
88,3,565
89,3,897
90,3,138
91,3,814
92,3,280
93,3,279
94,3,362
95,3,908
96,3,333
97,3,923
98,3,848
99,3,564
100,3,805
101,3,460
102,3,734
103,3,338
104,3,842
105,3,620
106,3,162
107,3,309
108,3,705
109,3,444
110,3,797
111,3,523
112,3,532
113,3,780
114,3,652
115,3,514
116,3,292
117,3,498
118,3,642
119,3,555
120,3,752
121,3,471
122,3,166
123,3,820
124,3,289
125,3,531
126,3,217
127,3,109
128,3,864
129,3,252
130,3,85
131,3,972
132,3,284
133,3,451
134,3,748
135,3,553
136,3,986
137,3,298
138,3,119
139,3,845
140,3,234
141,3,925
142,3,351
143,3,210
144,3,173
145,3,953
146,3,579
147,3,251
148,3,207
149,3,277
150,3,346
151,3,517
152,3,432
153,3,698
154,3,529
155,3,78
156,3,610
157,3,725
158,3,838
159,3,535
160,3,434
161,3,857
162,3,693
163,3,291
164,3,440
165,3,396
166,3,493
167,3,588
168,3,274
169,3,869
170,3,621
171,3,599
172,3,443
173,3,367
174,3,557
175,3,589
176,3,323
177,3,837
178,3,749
179,3,121
180,3,976
181,3,859
182,3,406
183,3,55
184,3,331
185,3,238
186,3,795
187,3,87
188,3,614
189,3,844
190,3,136
191,3,476
192,3,720
193,3,417
194,3,585
195,3,777
196,3,103
197,3,812
198,3,898
199,3,399
200,3,821
201,3,370
202,3,601
203,3,171
204,3,624
205,3,102
206,3,424
207,3,260
208,3,563
209,3,380
210,3,203
211,3,665
212,3,361
213,3,118
214,3,475
215,3,54
216,3,954
217,3,867
218,3,283
219,3,320
220,3,933
221,3,457
222,3,345
223,3,108
224,3,272
225,3,175
226,3,318
227,3,851
228,3,707
229,3,2
230,3,442
231,3,157
232,3,578
233,3,466
234,3,469
235,3,187
236,3,813
237,3,69
238,3,65
239,3,347
240,3,541
241,3,682
242,3,811
243,3,786
244,3,534
245,3,132
246,3,375
247,3,658
248,3,299
249,3,315
250,3,288
251,3,1000
252,3,43
253,3,295
254,3,70
255,3,519
256,3,68
257,3,671
258,3,200
259,3,822
260,3,354
261,3,540
262,3,474
263,3,116
264,3,712
265,3,656
266,3,62
267,3,654
268,3,491
269,3,242
270,3,130
271,3,664
272,3,843
273,3,377
274,3,371
275,3,28
276,3,445
277,3,587
278,3,114
279,3,694
280,3,852
281,3,10
282,3,220
283,3,781
284,3,903
285,3,618
286,3,1007
287,3,465
288,3,802
289,3,796
290,3,875
291,3,230
292,3,605
293,3,344
294,3,433
295,3,719
296,3,439
297,3,567
298,3,60
299,3,135
300,3,244
301,3,150
302,3,233
303,3,909
304,3,115
305,3,915
306,3,458
307,3,39
308,3,235
309,3,168
310,3,944
311,3,237
312,3,507
313,3,629
314,3,358
315,3,528
316,3,92
317,3,505
318,3,622
319,3,974
320,3,204
321,3,254
322,3,407
323,3,651
324,3,9
325,3,302
326,3,290
327,3,778
328,3,369
329,3,104
330,3,617
331,3,701
332,3,968
333,3,97
334,3,977
335,3,884
336,3,236
337,3,470
338,3,226
339,3,830
340,3,637
341,3,486
342,3,86
343,3,743
344,3,635
345,3,870
346,3,126
347,3,711
348,3,745
349,3,1010
350,3,101
351,3,926
352,3,891
353,3,697
354,3,222
355,3,392
356,3,250
357,3,569
358,3,161
359,3,556
360,3,38
361,3,536
362,3,776
363,3,1011
364,3,241
365,3,1003
366,3,211
367,3,586
368,3,886
369,3,930
370,3,245
371,3,893
372,3,422
373,3,699
374,3,42
375,3,826
376,3,809
377,3,255
378,3,597
379,3,40
380,3,794
381,3,878
382,3,883
383,3,263
384,3,261
385,3,44
386,3,510
387,3,626
388,3,888
389,3,129
390,3,80
391,3,680
392,3,225
393,3,598
394,3,341
395,3,374
396,3,490
397,3,945
398,3,647
399,3,423
0,4,705
1,4,628
2,4,646
3,4,281
4,4,906
5,4,954
6,4,864
7,4,483
8,4,52
9,4,722
10,4,388
11,4,760
12,4,848
13,4,720
14,4,101
15,4,616
16,4,721
17,4,565
18,4,403
19,4,683
20,4,598
21,4,517
22,4,185
23,4,186
24,4,694
25,4,845
26,4,792
27,4,571
28,4,970
29,4,178
30,4,903
31,4,168
32,4,913
33,4,701
34,4,977
35,4,463
36,4,551
37,4,958
38,4,217
39,4,336
40,4,884
41,4,905
42,4,692
43,4,181
44,4,493
45,4,404
46,4,412
47,4,734
48,4,742
49,4,731
50,4,116
51,4,16
52,4,430
53,4,294
54,4,781
55,4,732
56,4,552
57,4,241
58,4,134
59,4,862
60,4,307
61,4,279
62,4,135
63,4,688
64,4,618
65,4,911
66,4,377
67,4,523
68,4,520
69,4,740
70,4,255
71,4,516
72,4,656
73,4,499
74,4,354
75,4,246
76,4,484
77,4,218
78,4,889
79,4,602
80,4,187
81,4,291
82,4,538
83,4,652
84,4,600
85,4,809
86,4,319
87,4,265
88,4,564
89,4,865
90,4,170
91,4,782
92,4,312
93,4,280
94,4,363
95,4,909
96,4,334
97,4,922
98,4,816
99,4,563
100,4,806
101,4,492
102,4,733
103,4,338
104,4,842
105,4,619
106,4,163
107,4,277
108,4,673
109,4,476
110,4,765
111,4,522
112,4,533
113,4,812
114,4,620
115,4,482
116,4,293
117,4,466
118,4,610
119,4,556
120,4,784
121,4,470
122,4,167
123,4,819
124,4,321
125,4,531
126,4,216
127,4,108
128,4,832
129,4,220
130,4,117
131,4,973
132,4,252
133,4,450
134,4,716
135,4,521
136,4,985
137,4,330
138,4,118
139,4,844
140,4,235
141,4,924
142,4,351
143,4,210
144,4,173
145,4,921
146,4,580
147,4,219
148,4,208
149,4,245
150,4,378
151,4,518
152,4,433
153,4,730
154,4,497
155,4,110
156,4,578
157,4,757
158,4,839
159,4,567
160,4,434
161,4,825
162,4,661
163,4,292
164,4,439
165,4,364
166,4,494
167,4,588
168,4,306
169,4,870
170,4,622
171,4,599
172,4,442
173,4,335
174,4,589
175,4,621
176,4,324
177,4,838
178,4,749
179,4,120
180,4,976
181,4,858
182,4,405
183,4,87
184,4,331
185,4,239
186,4,794
187,4,86
188,4,613
189,4,876
190,4,137
191,4,475
192,4,719
193,4,449
194,4,584
195,4,778
196,4,104
197,4,813
198,4,866
199,4,400
200,4,820
201,4,402
202,4,633
203,4,203
204,4,592
205,4,103
206,4,424
207,4,228
208,4,595
209,4,379
210,4,204
211,4,666
212,4,393
213,4,150
214,4,474
215,4,22
216,4,953
217,4,868
218,4,315
219,4,352
220,4,934
221,4,458
222,4,313
223,4,140
224,4,304
225,4,174
226,4,350
227,4,850
228,4,708
229,4,1
230,4,410
231,4,156
232,4,546
233,4,467
234,4,501
235,4,155
236,4,814
237,4,69
238,4,97
239,4,346
240,4,540
241,4,650
242,4,779
243,4,787
244,4,534
245,4,133
246,4,374
247,4,657
248,4,267
249,4,316
250,4,289
251,4,1001
252,4,44
253,4,263
254,4,70
255,4,519
256,4,100
257,4,670
258,4,199
259,4,821
260,4,322
261,4,539
262,4,506
263,4,84
264,4,744
265,4,655
266,4,94
267,4,653
268,4,459
269,4,274
270,4,162
271,4,663
272,4,811
273,4,345
274,4,370
275,4,60
276,4,444
277,4,555
278,4,115
279,4,662
280,4,851
281,4,42
282,4,221
283,4,780
284,4,935
285,4,586
286,4,1006
287,4,464
288,4,803
289,4,795
290,4,843
291,4,231
292,4,604
293,4,343
294,4,465
295,4,687
296,4,438
297,4,568
298,4,59
299,4,136
300,4,212
301,4,149
302,4,234
303,4,910
304,4,147
305,4,883
306,4,490
307,4,38
308,4,236
309,4,200
310,4,912
311,4,269
312,4,508
313,4,629
314,4,390
315,4,527
316,4,91
317,4,473
318,4,623
319,4,942
320,4,205
321,4,286
322,4,406
323,4,651
324,4,8
325,4,301
326,4,290
327,4,746
328,4,368
329,4,105
330,4,585
331,4,669
332,4,969
333,4,129
334,4,945
335,4,852
336,4,237
337,4,469
338,4,194
339,4,798
340,4,637
341,4,487
342,4,85
343,4,711
344,4,603
345,4,902
346,4,158
347,4,679
348,4,713
349,4,1009
350,4,102
351,4,894
352,4,890
353,4,665
354,4,254
355,4,392
356,4,251
357,4,601
358,4,193
359,4,557
360,4,37
361,4,504
362,4,808
363,4,1010
364,4,242
365,4,1004
366,4,243
367,4,587
368,4,885
369,4,898
370,4,244
371,4,925
372,4,422
373,4,698
374,4,43
375,4,826
376,4,810
377,4,287
378,4,596
379,4,39
380,4,793
381,4,877
382,4,882
383,4,264
384,4,260
385,4,45
386,4,542
387,4,627
388,4,888
389,4,161
390,4,112
391,4,712
392,4,257
393,4,597
394,4,373
395,4,342
396,4,489
397,4,944
398,4,615
399,4,423
0,5,706
1,5,660
2,5,614
3,5,280
4,5,907
5,5,954
6,5,896
7,5,484
8,5,84
9,5,690
10,5,420
11,5,728
12,5,816
13,5,752
14,5,102
15,5,617
16,5,753
17,5,564
18,5,402
19,5,684
20,5,630
21,5,516
22,5,217
23,5,185
24,5,693
25,5,845
26,5,760
27,5,570
28,5,1002
29,5,177
30,5,904
31,5,200
32,5,914
33,5,669
34,5,976
35,5,431
36,5,552
37,5,926
38,5,249
39,5,335
40,5,916
41,5,906
42,5,692
43,5,213
44,5,461
45,5,403
46,5,444
47,5,733
48,5,743
49,5,730
50,5,115
51,5,48
52,5,430
53,5,326
54,5,780
55,5,731
56,5,553
57,5,241
58,5,135
59,5,830
60,5,339
61,5,279
62,5,136
63,5,720
64,5,650
65,5,910
66,5,409
67,5,523
68,5,520
69,5,741
70,5,287
71,5,515
72,5,655
73,5,531
74,5,322
75,5,278
76,5,485
77,5,186
78,5,888
79,5,601
80,5,188
81,5,323
82,5,506
83,5,651
84,5,568
85,5,810
86,5,351
87,5,233
88,5,563
89,5,866
90,5,202
91,5,781
92,5,311
93,5,312
94,5,364
95,5,909
96,5,302
97,5,921
98,5,784
99,5,562
100,5,807
101,5,524
102,5,732
103,5,370
104,5,843
105,5,618
106,5,164
107,5,245
108,5,641
109,5,508
110,5,765
111,5,521
112,5,501
113,5,813
114,5,621
115,5,483
116,5,294
117,5,498
118,5,578
119,5,557
120,5,783
121,5,438
122,5,168
123,5,818
124,5,320
125,5,532
126,5,215
127,5,140
128,5,800
129,5,219
130,5,117
131,5,974
132,5,251
133,5,482
134,5,715
135,5,489
136,5,984
137,5,362
138,5,150
139,5,844
140,5,236
141,5,923
142,5,350
143,5,178
144,5,141
145,5,889
146,5,612
147,5,218
148,5,209
149,5,244
150,5,410
151,5,550
152,5,465
153,5,698
154,5,496
155,5,142
156,5,546
157,5,758
158,5,840
159,5,566
160,5,433
161,5,824
162,5,629
163,5,260
164,5,439
165,5,332
166,5,462
167,5,620
168,5,338
169,5,838
170,5,590
171,5,600
172,5,441
173,5,303
174,5,588
175,5,622
176,5,292
177,5,839
178,5,749
179,5,119
180,5,944
181,5,857
182,5,404
183,5,88
184,5,330
185,5,240
186,5,793
187,5,54
188,5,581
189,5,875
190,5,138
191,5,474
192,5,687
193,5,481
194,5,616
195,5,777
196,5,105
197,5,814
198,5,834
199,5,401
200,5,821
201,5,434
202,5,665
203,5,235
204,5,560
205,5,104
206,5,423
207,5,229
208,5,627
209,5,378
210,5,204
211,5,667
212,5,392
213,5,149
214,5,473
215,5,21
216,5,952
217,5,836
218,5,347
219,5,353
220,5,966
221,5,426
222,5,281
223,5,172
224,5,336
225,5,173
226,5,382
227,5,882
228,5,709
229,5,33
230,5,442
231,5,124
232,5,514
233,5,468
234,5,502
235,5,187
236,5,782
237,5,69
238,5,129
239,5,345
240,5,539
241,5,682
242,5,747
243,5,788
244,5,533
245,5,134
246,5,406
247,5,656
248,5,267
249,5,317
250,5,290
251,5,969
252,5,45
253,5,264
254,5,70
255,5,518
256,5,101
257,5,670
258,5,167
259,5,822
260,5,321
261,5,571
262,5,507
263,5,85
264,5,776
265,5,654
266,5,126
267,5,652
268,5,458
269,5,306
270,5,194
271,5,662
272,5,812
273,5,377
274,5,369
275,5,59
276,5,443
277,5,554
278,5,147
279,5,694
280,5,852
281,5,74
282,5,220
283,5,779
284,5,934
285,5,587
286,5,1005
287,5,464
288,5,804
289,5,794
290,5,811
291,5,231
292,5,603
293,5,342
294,5,466
295,5,688
296,5,437
297,5,536
298,5,91
299,5,137
300,5,211
301,5,181
302,5,234
303,5,878
304,5,148
305,5,851
306,5,522
307,5,37
308,5,237
309,5,199
310,5,880
311,5,269
312,5,540
313,5,597
314,5,358
315,5,526
316,5,123
317,5,472
318,5,624
319,5,942
320,5,206
321,5,318
322,5,405
323,5,619
324,5,8
325,5,333
326,5,291
327,5,746
328,5,367
329,5,106
330,5,586
331,5,637
332,5,970
333,5,161
334,5,946
335,5,820
336,5,205
337,5,469
338,5,195
339,5,766
340,5,638
341,5,519
342,5,86
343,5,679
344,5,602
345,5,903
346,5,190
347,5,647
348,5,712
349,5,977
350,5,103
351,5,862
352,5,890
353,5,664
354,5,286
355,5,424
356,5,283
357,5,633
358,5,225
359,5,558
360,5,36
361,5,503
362,5,809
363,5,978
364,5,274
365,5,972
366,5,242
367,5,555
368,5,884
369,5,897
370,5,243
371,5,924
372,5,390
373,5,697
374,5,44
375,5,826
376,5,778
377,5,319
378,5,595
379,5,38
380,5,792
381,5,876
382,5,881
383,5,265
384,5,261
385,5,77
386,5,541
387,5,628
388,5,920
389,5,193
390,5,113
391,5,744
392,5,289
393,5,596
394,5,374
395,5,310
396,5,457
397,5,943
398,5,583
399,5,422
0,6,707
1,6,659
2,6,614
3,6,312
4,6,875
5,6,954
6,6,928
7,6,485
8,6,85
9,6,658
10,6,421
11,6,727
12,6,784
13,6,753
14,6,134
15,6,616
16,6,785
17,6,563
18,6,434
19,6,652
20,6,629
21,6,515
22,6,249
23,6,184
24,6,692
25,6,845
26,6,728
27,6,569
28,6,1001
29,6,176
30,6,905
31,6,201
32,6,914
33,6,637
34,6,944
35,6,399
36,6,552
37,6,894
38,6,281
39,6,367
40,6,915
41,6,907
42,6,691
43,6,212
44,6,429
45,6,402
46,6,476
47,6,701
48,6,744
49,6,731
50,6,147
51,6,80
52,6,462
53,6,326
54,6,748
55,6,763
56,6,554
57,6,209
58,6,136
59,6,798
60,6,371
61,6,279
62,6,137
63,6,719
64,6,649
65,6,909
66,6,408
67,6,524
68,6,521
69,6,742
70,6,319
71,6,547
72,6,654
73,6,531
74,6,290
75,6,278
76,6,486
77,6,185
78,6,887
79,6,600
80,6,220
81,6,355
82,6,505
83,6,650
84,6,536
85,6,811
86,6,350
87,6,233
88,6,562
89,6,867
90,6,203
91,6,780
92,6,343
93,6,313
94,6,396
95,6,877
96,6,303
97,6,920
98,6,752
99,6,561
100,6,808
101,6,525
102,6,700
103,6,369
104,6,844
105,6,617
106,6,165
107,6,244
108,6,609
109,6,540
110,6,733
111,6,553
112,6,469
113,6,814
114,6,589
115,6,451
116,6,295
117,6,498
118,6,546
119,6,558
120,6,815
121,6,438
122,6,200
123,6,817
124,6,288
125,6,532
126,6,214
127,6,140
128,6,768
129,6,218
130,6,117
131,6,974
132,6,250
133,6,483
134,6,683
135,6,457
136,6,983
137,6,394
138,6,149
139,6,812
140,6,236
141,6,922
142,6,382
143,6,146
144,6,173
145,6,888
146,6,613
147,6,217
148,6,177
149,6,243
150,6,409
151,6,550
152,6,497
153,6,699
154,6,464
155,6,174
156,6,514
157,6,790
158,6,840
159,6,565
160,6,432
161,6,824
162,6,597
163,6,228
164,6,439
165,6,331
166,6,463
167,6,619
168,6,370
169,6,838
170,6,590
171,6,568
172,6,440
173,6,335
174,6,588
175,6,623
176,6,293
177,6,839
178,6,781
179,6,118
180,6,943
181,6,857
182,6,403
183,6,89
184,6,329
185,6,241
186,6,792
187,6,22
188,6,549
189,6,843
190,6,139
191,6,473
192,6,655
193,6,513
194,6,648
195,6,809
196,6,106
197,6,782
198,6,802
199,6,433
200,6,820
201,6,466
202,6,664
203,6,234
204,6,528
205,6,105
206,6,422
207,6,230
208,6,628
209,6,377
210,6,205
211,6,667
212,6,424
213,6,148
214,6,441
215,6,20
216,6,951
217,6,804
218,6,379
219,6,385
220,6,967
221,6,426
222,6,280
223,6,204
224,6,368
225,6,172
226,6,414
227,6,883
228,6,677
229,6,65
230,6,410
231,6,92
232,6,482
233,6,468
234,6,503
235,6,187
236,6,783
237,6,70
238,6,161
239,6,344
240,6,538
241,6,682
242,6,715
243,6,787
244,6,533
245,6,135
246,6,405
247,6,624
248,6,235
249,6,349
250,6,291
251,6,970
252,6,46
253,6,265
254,6,38
255,6,517
256,6,102
257,6,669
258,6,166
259,6,821
260,6,320
261,6,570
262,6,539
263,6,86
264,6,777
265,6,622
266,6,127
267,6,620
268,6,459
269,6,338
270,6,226
271,6,661
272,6,813
273,6,345
274,6,401
275,6,91
276,6,442
277,6,586
278,6,179
279,6,695
280,6,851
281,6,73
282,6,219
283,6,778
284,6,933
285,6,555
286,6,1004
287,6,465
288,6,805
289,6,793
290,6,779
291,6,263
292,6,602
293,6,310
294,6,467
295,6,689
296,6,436
297,6,535
298,6,123
299,6,138
300,6,210
301,6,213
302,6,202
303,6,879
304,6,116
305,6,850
306,6,523
307,6,36
308,6,238
309,6,231
310,6,848
311,6,301
312,6,541
313,6,596
314,6,357
315,6,526
316,6,122
317,6,471
318,6,625
319,6,910
320,6,207
321,6,317
322,6,404
323,6,587
324,6,8
325,6,332
326,6,292
327,6,747
328,6,366
329,6,107
330,6,585
331,6,605
332,6,971
333,6,193
334,6,947
335,6,788
336,6,237
337,6,437
338,6,163
339,6,734
340,6,670
341,6,520
342,6,54
343,6,647
344,6,601
345,6,935
346,6,222
347,6,615
348,6,711
349,6,976
350,6,104
351,6,830
352,6,889
353,6,663
354,6,318
355,6,423
356,6,315
357,6,633
358,6,257
359,6,559
360,6,35
361,6,504
362,6,841
363,6,946
364,6,306
365,6,973
366,6,274
367,6,556
368,6,852
369,6,896
370,6,242
371,6,923
372,6,358
373,6,665
374,6,45
375,6,826
376,6,746
377,6,351
378,6,594
379,6,37
380,6,760
381,6,908
382,6,880
383,6,266
384,6,260
385,6,78
386,6,542
387,6,660
388,6,952
389,6,225
390,6,114
391,6,776
392,6,321
393,6,595
394,6,375
395,6,311
396,6,458
397,6,942
398,6,584
399,6,390
0,7,708
1,7,658
2,7,615
3,7,311
4,7,843
5,7,954
6,7,929
7,7,486
8,7,85
9,7,657
10,7,453
11,7,695
12,7,752
13,7,785
14,7,135
15,7,584
16,7,784
17,7,562
18,7,433
19,7,620
20,7,628
21,7,483
22,7,281
23,7,183
24,7,691
25,7,813
26,7,728
27,7,537
28,7,1000
29,7,176
30,7,906
31,7,233
32,7,915
33,7,605
34,7,943
35,7,431
36,7,520
37,7,862
38,7,280
39,7,399
40,7,947
41,7,875
42,7,659
43,7,212
44,7,429
45,7,434
46,7,508
47,7,669
48,7,745
49,7,732
50,7,179
51,7,112
52,7,494
53,7,325
54,7,780
55,7,795
56,7,554
57,7,177
58,7,137
59,7,766
60,7,370
61,7,278
62,7,138
63,7,719
64,7,648
65,7,908
66,7,440
67,7,556
68,7,522
69,7,743
70,7,351
71,7,515
72,7,653
73,7,563
74,7,291
75,7,310
76,7,487
77,7,184
78,7,886
79,7,599
80,7,252
81,7,387
82,7,473
83,7,618
84,7,504
85,7,812
86,7,382
87,7,234
88,7,594
89,7,868
90,7,235
91,7,779
92,7,375
93,7,313
94,7,428
95,7,878
96,7,304
97,7,919
98,7,753
99,7,561
100,7,840
101,7,525
102,7,699
103,7,368
104,7,845
105,7,616
106,7,133
107,7,243
108,7,610
109,7,539
110,7,701
111,7,552
112,7,470
113,7,815
114,7,590
115,7,451
116,7,263
117,7,497
118,7,514
119,7,559
120,7,783
121,7,437
122,7,201
123,7,816
124,7,288
125,7,531
126,7,213
127,7,172
128,7,769
129,7,217
130,7,149
131,7,1006
132,7,249
133,7,484
134,7,651
135,7,489
136,7,982
137,7,426
138,7,148
139,7,844
140,7,237
141,7,921
142,7,414
143,7,114
144,7,173
145,7,887
146,7,614
147,7,216
148,7,178
149,7,242
150,7,410
151,7,550
152,7,465
153,7,667
154,7,463
155,7,175
156,7,482
157,7,822
158,7,841
159,7,564
160,7,432
161,7,824
162,7,565
163,7,228
164,7,438
165,7,299
166,7,462
167,7,619
168,7,369
169,7,838
170,7,558
171,7,568
172,7,439
173,7,303
174,7,587
175,7,655
176,7,294
177,7,839
178,7,781
179,7,150
180,7,942
181,7,889
182,7,402
183,7,121
184,7,328
185,7,273
186,7,791
187,7,21
188,7,517
189,7,842
190,7,140
191,7,472
192,7,654
193,7,545
194,7,647
195,7,809
196,7,107
197,7,782
198,7,770
199,7,401
200,7,788
201,7,498
202,7,663
203,7,266
204,7,496
205,7,73
206,7,454
207,7,229
208,7,596
209,7,376
210,7,206
211,7,635
212,7,423
213,7,147
214,7,409
215,7,19
216,7,983
217,7,772
218,7,379
219,7,417
220,7,968
221,7,458
222,7,312
223,7,203
224,7,367
225,7,171
226,7,413
227,7,884
228,7,645
229,7,97
230,7,378
231,7,60
232,7,450
233,7,436
234,7,535
235,7,219
236,7,751
237,7,38
238,7,193
239,7,343
240,7,506
241,7,650
242,7,683
243,7,819
244,7,532
245,7,136
246,7,404
247,7,623
248,7,236
249,7,381
250,7,292
251,7,971
252,7,47
253,7,265
254,7,39
255,7,516
256,7,134
257,7,668
258,7,166
259,7,820
260,7,320
261,7,569
262,7,571
263,7,87
264,7,778
265,7,621
266,7,127
267,7,588
268,7,459
269,7,339
270,7,227
271,7,660
272,7,814
273,7,346
274,7,400
275,7,123
276,7,441
277,7,586
278,7,211
279,7,696
280,7,883
281,7,74
282,7,218
283,7,810
284,7,932
285,7,523
286,7,1003
287,7,466
288,7,806
289,7,792
290,7,747
291,7,264
292,7,601
293,7,309
294,7,468
295,7,690
296,7,435
297,7,536
298,7,122
299,7,106
300,7,209
301,7,245
302,7,170
303,7,847
304,7,117
305,7,818
306,7,524
307,7,35
308,7,239
309,7,230
310,7,849
311,7,302
312,7,540
313,7,595
314,7,356
315,7,526
316,7,154
317,7,471
318,7,625
319,7,911
320,7,208
321,7,349
322,7,403
323,7,555
324,7,8
325,7,331
326,7,293
327,7,748
328,7,334
329,7,108
330,7,553
331,7,573
332,7,972
333,7,225
334,7,948
335,7,787
336,7,205
337,7,405
338,7,131
339,7,733
340,7,670
341,7,521
342,7,86
343,7,646
344,7,600
345,7,967
346,7,254
347,7,583
348,7,710
349,7,976
350,7,105
351,7,798
352,7,888
353,7,662
354,7,317
355,7,422
356,7,316
357,7,665
358,7,289
359,7,560
360,7,67
361,7,503
362,7,873
363,7,914
364,7,307
365,7,974
366,7,306
367,7,557
368,7,851
369,7,864
370,7,241
371,7,922
372,7,326
373,7,664
374,7,45
375,7,826
376,7,746
377,7,350
378,7,626
379,7,36
380,7,760
381,7,907
382,7,879
383,7,298
384,7,260
385,7,110
386,7,541
387,7,692
388,7,953
389,7,257
390,7,115
391,7,777
392,7,353
393,7,627
394,7,407
395,7,279
396,7,457
397,7,941
398,7,585
399,7,358
0,8,709
1,8,659
2,8,583
3,8,343
4,8,844
5,8,986
6,8,930
7,8,487
8,8,117
9,8,656
10,8,485
11,8,663
12,8,753
13,8,786
14,8,136
15,8,616
16,8,785
17,8,562
18,8,432
19,8,621
20,8,627
21,8,482
22,8,280
23,8,151
24,8,690
25,8,814
26,8,696
27,8,538
28,8,999
29,8,208
30,8,907
31,8,234
32,8,947
33,8,573
34,8,942
35,8,399
36,8,521
37,8,830
38,8,312
39,8,398
40,8,946
41,8,843
42,8,660
43,8,211
44,8,461
45,8,433
46,8,507
47,8,637
48,8,746
49,8,733
50,8,178
51,8,144
52,8,494
53,8,357
54,8,780
55,8,794
56,8,555
57,8,145
58,8,138
59,8,734
60,8,369
61,8,310
62,8,139
63,8,751
64,8,647
65,8,876
66,8,441
67,8,588
68,8,523
69,8,744
70,8,350
71,8,483
72,8,652
73,8,563
74,8,292
75,8,311
76,8,519
77,8,183
78,8,885
79,8,598
80,8,284
81,8,419
82,8,472
83,8,617
84,8,505
85,8,813
86,8,414
87,8,235
88,8,626
89,8,869
90,8,267
91,8,811
92,8,407
93,8,281
94,8,429
95,8,910
96,8,304
97,8,919
98,8,721
99,8,561
100,8,840
101,8,524
102,8,698
103,8,367
104,8,845
105,8,615
106,8,133
107,8,242
108,8,578
109,8,571
110,8,669
111,8,551
112,8,438
113,8,816
114,8,590
115,8,451
116,8,264
117,8,465
118,8,514
119,8,560
120,8,815
121,8,436
122,8,202
123,8,784
124,8,288
125,8,499
126,8,212
127,8,171
128,8,737
129,8,216
130,8,181
131,8,1007
132,8,217
133,8,484
134,8,650
135,8,490
136,8,981
137,8,458
138,8,147
139,8,812
140,8,238
141,8,889
142,8,413
143,8,114
144,8,173
145,8,855
146,8,646
147,8,215
148,8,210
149,8,241
150,8,442
151,8,550
152,8,466
153,8,668
154,8,462
155,8,176
156,8,450
157,8,823
158,8,842
159,8,596
160,8,431
161,8,792
162,8,533
163,8,227
164,8,437
165,8,299
166,8,430
167,8,651
168,8,401
169,8,838
170,8,526
171,8,536
172,8,440
173,8,302
174,8,619
175,8,687
176,8,295
177,8,839
178,8,781
179,8,149
180,8,941
181,8,890
182,8,434
183,8,122
184,8,328
185,8,305
186,8,790
187,8,20
188,8,516
189,8,810
190,8,141
191,8,471
192,8,622
193,8,546
194,8,679
195,8,841
196,8,107
197,8,783
198,8,771
199,8,400
200,8,787
201,8,497
202,8,664
203,8,298
204,8,464
205,8,41
206,8,453
207,8,228
208,8,597
209,8,375
210,8,207
211,8,635
212,8,422
213,8,146
214,8,408
215,8,51
216,8,982
217,8,772
218,8,378
219,8,449
220,8,969
221,8,457
222,8,313
223,8,204
224,8,366
225,8,203
226,8,445
227,8,884
228,8,613
229,8,129
230,8,346
231,8,28
232,8,418
233,8,404
234,8,567
235,8,219
236,8,752
237,8,39
238,8,225
239,8,342
240,8,474
241,8,618
242,8,684
243,8,851
244,8,532
245,8,137
246,8,403
247,8,623
248,8,237
249,8,380
250,8,293
251,8,972
252,8,48
253,8,233
254,8,40
255,8,515
256,8,135
257,8,700
258,8,134
259,8,819
260,8,320
261,8,568
262,8,603
263,8,88
264,8,779
265,8,589
266,8,127
267,8,587
268,8,459
269,8,371
270,8,259
271,8,628
272,8,782
273,8,347
274,8,368
275,8,155
276,8,409
277,8,554
278,8,243
279,8,697
280,8,915
281,8,73
282,8,218
283,8,809
284,8,931
285,8,491
286,8,1002
287,8,467
288,8,807
289,8,791
290,8,715
291,8,265
292,8,600
293,8,309
294,8,469
295,8,722
296,8,435
297,8,535
298,8,154
299,8,74
300,8,177
301,8,277
302,8,170
303,8,848
304,8,118
305,8,818
306,8,492
307,8,34
308,8,239
309,8,229
310,8,817
311,8,334
312,8,508
313,8,594
314,8,388
315,8,525
316,8,153
317,8,470
318,8,657
319,8,912
320,8,240
321,8,381
322,8,402
323,8,556
324,8,8
325,8,331
326,8,294
327,8,749
328,8,333
329,8,140
330,8,553
331,8,541
332,8,973
333,8,257
334,8,916
335,8,755
336,8,205
337,8,373
338,8,130
339,8,701
340,8,670
341,8,522
342,8,85
343,8,645
344,8,599
345,8,968
346,8,286
347,8,584
348,8,710
349,8,976
350,8,106
351,8,766
352,8,887
353,8,661
354,8,349
355,8,454
356,8,348
357,8,666
358,8,321
359,8,528
360,8,99
361,8,502
362,8,874
363,8,882
364,8,308
365,8,974
366,8,338
367,8,558
368,8,850
369,8,832
370,8,209
371,8,922
372,8,327
373,8,632
374,8,45
375,8,826
376,8,747
377,8,382
378,8,658
379,8,35
380,8,728
381,8,875
382,8,878
383,8,330
384,8,260
385,8,142
386,8,540
387,8,693
388,8,954
389,8,289
390,8,116
391,8,778
392,8,385
393,8,595
394,8,439
395,8,279
396,8,489
397,8,940
398,8,586
399,8,326
0,9,710
1,9,627
2,9,584
3,9,375
4,9,845
5,9,954
6,9,962
7,9,519
8,9,149
9,9,624
10,9,486
11,9,631
12,9,721
13,9,785
14,9,137
15,9,615
16,9,817
17,9,563
18,9,431
19,9,589
20,9,626
21,9,481
22,9,312
23,9,150
24,9,689
25,9,815
26,9,664
27,9,538
28,9,998
29,9,207
30,9,875
31,9,266
32,9,948
33,9,541
34,9,941
35,9,400
36,9,522
37,9,798
38,9,344
39,9,366
40,9,945
41,9,844
42,9,628
43,9,179
44,9,429
45,9,432
46,9,506
47,9,605
48,9,747
49,9,765
50,9,210
51,9,176
52,9,526
53,9,358
54,9,779
55,9,793
56,9,555
57,9,144
58,9,139
59,9,733
60,9,369
61,9,311
62,9,171
63,9,751
64,9,679
65,9,876
66,9,473
67,9,620
68,9,524
69,9,745
70,9,382
71,9,484
72,9,651
73,9,564
74,9,293
75,9,343
76,9,551
77,9,151
78,9,884
79,9,597
80,9,316
81,9,451
82,9,471
83,9,616
84,9,505
85,9,814
86,9,413
87,9,236
88,9,625
89,9,870
90,9,299
91,9,812
92,9,439
93,9,249
94,9,430
95,9,911
96,9,305
97,9,887
98,9,722
99,9,561
100,9,841
101,9,556
102,9,697
103,9,368
104,9,813
105,9,614
106,9,134
107,9,242
108,9,546
109,9,570
110,9,637
111,9,550
112,9,406
113,9,816
114,9,558
115,9,450
116,9,265
117,9,464
118,9,482
119,9,560
120,9,847
121,9,436
122,9,234
123,9,752
124,9,288
125,9,498
126,9,212
127,9,203
128,9,705
129,9,215
130,9,213
131,9,1008
132,9,185
133,9,516
134,9,650
135,9,489
136,9,980
137,9,490
138,9,146
139,9,780
140,9,206
141,9,888
142,9,445
143,9,114
144,9,174
145,9,854
146,9,678
147,9,214
148,9,211
149,9,209
150,9,443
151,9,518
152,9,466
153,9,668
154,9,461
155,9,177
156,9,418
157,9,855
158,9,843
159,9,595
160,9,399
161,9,760
162,9,533
163,9,195
164,9,437
165,9,298
166,9,398
167,9,683
168,9,402
169,9,839
170,9,527
171,9,504
172,9,408
173,9,301
174,9,618
175,9,688
176,9,263
177,9,840
178,9,781
179,9,148
180,9,940
181,9,889
182,9,433
183,9,123
184,9,329
185,9,306
186,9,822
187,9,20
188,9,515
189,9,809
190,9,173
191,9,470
192,9,590
193,9,547
194,9,711
195,9,842
196,9,108
197,9,784
198,9,739
199,9,401
200,9,755
201,9,529
202,9,663
203,9,297
204,9,463
205,9,42
206,9,485
207,9,229
208,9,565
209,9,407
210,9,239
211,9,667
212,9,454
213,9,145
214,9,376
215,9,50
216,9,981
217,9,772
218,9,410
219,9,449
220,9,970
221,9,458
222,9,281
223,9,205
224,9,367
225,9,202
226,9,477
227,9,916
228,9,581
229,9,161
230,9,347
231,9,27
232,9,386
233,9,405
234,9,568
235,9,219
236,9,720
237,9,40
238,9,257
239,9,310
240,9,442
241,9,586
242,9,652
243,9,852
244,9,532
245,9,138
246,9,435
247,9,622
248,9,238
249,9,381
250,9,294
251,9,973
252,9,49
253,9,201
254,9,41
255,9,483
256,9,136
257,9,732
258,9,102
259,9,851
260,9,320
261,9,569
262,9,635
263,9,89
264,9,811
265,9,588
266,9,127
267,9,587
268,9,459
269,9,403
270,9,291
271,9,596
272,9,783
273,9,315
274,9,336
275,9,187
276,9,377
277,9,553
278,9,244
279,9,665
280,9,947
281,9,105
282,9,217
283,9,808
284,9,930
285,9,492
286,9,1001
287,9,468
288,9,807
289,9,790
290,9,716
291,9,233
292,9,599
293,9,308
294,9,501
295,9,690
296,9,467
297,9,535
298,9,153
299,9,75
300,9,178
301,9,309
302,9,170
303,9,848
304,9,86
305,9,786
306,9,493
307,9,33
308,9,240
309,9,261
310,9,818
311,9,334
312,9,476
313,9,562
314,9,420
315,9,525
316,9,121
317,9,469
318,9,658
319,9,913
320,9,241
321,9,349
322,9,434
323,9,557
324,9,8
325,9,363
326,9,295
327,9,750
328,9,332
329,9,141
330,9,521
331,9,540
332,9,974
333,9,289
334,9,915
335,9,723
336,9,237
337,9,341
338,9,98
339,9,701
340,9,669
341,9,523
342,9,117
343,9,613
344,9,567
345,9,969
346,9,318
347,9,585
348,9,742
349,9,976
350,9,107
351,9,734
352,9,886
353,9,660
354,9,348
355,9,453
356,9,380
357,9,698
358,9,353
359,9,496
360,9,131
361,9,502
362,9,906
363,9,850
364,9,340
365,9,942
366,9,370
367,9,559
368,9,849
369,9,800
370,9,208
371,9,922
372,9,328
373,9,600
374,9,45
375,9,826
376,9,748
377,9,414
378,9,659
379,9,3
380,9,727
381,9,874
382,9,877
383,9,331
384,9,292
385,9,142
386,9,539
387,9,694
388,9,955
389,9,290
390,9,116
391,9,810
392,9,417
393,9,594
394,9,440
395,9,280
396,9,457
397,9,939
398,9,554
399,9,327
0,10,678
1,10,628
2,10,585
3,10,407
4,10,813
5,10,954
6,10,963
7,10,520
8,10,181
9,10,592
10,10,487
11,10,599
12,10,722
13,10,817
14,10,138
15,10,616
16,10,816
17,10,564
18,10,430
19,10,557
20,10,625
21,10,482
22,10,344
23,10,149
24,10,689
25,10,783
26,10,632
27,10,539
28,10,966
29,10,175
30,10,843
31,10,267
32,10,948
33,10,540
34,10,940
35,10,432
36,10,523
37,10,766
38,10,376
39,10,398
40,10,944
41,10,845
42,10,629
43,10,179
44,10,428
45,10,431
46,10,505
47,10,573
48,10,748
49,10,765
50,10,209
51,10,177
52,10,494
53,10,390
54,10,778
55,10,825
56,10,556
57,10,112
58,10,171
59,10,701
60,10,368
61,10,312
62,10,172
63,10,750
64,10,711
65,10,875
66,10,472
67,10,621
68,10,525
69,10,746
70,10,414
71,10,484
72,10,652
73,10,565
74,10,294
75,10,343
76,10,583
77,10,150
78,10,883
79,10,596
80,10,348
81,10,483
82,10,470
83,10,584
84,10,473
85,10,815
86,10,445
87,10,204
88,10,657
89,10,838
90,10,331
91,10,780
92,10,471
93,10,250
94,10,462
95,10,912
96,10,306
97,10,886
98,10,690
99,10,529
100,10,842
101,10,588
102,10,696
103,10,400
104,10,814
105,10,614
106,10,135
107,10,210
108,10,547
109,10,569
110,10,605
111,10,518
112,10,374
113,10,848
114,10,559
115,10,451
116,10,233
117,10,464
118,10,450
119,10,561
120,10,879
121,10,404
122,10,235
123,10,752
124,10,288
125,10,497
126,10,211
127,10,202
128,10,706
129,10,214
130,10,245
131,10,1009
132,10,153
133,10,516
134,10,651
135,10,457
136,10,979
137,10,522
138,10,145
139,10,779
140,10,207
141,10,856
142,10,477
143,10,114
144,10,206
145,10,854
146,10,679
147,10,213
148,10,243
149,10,208
150,10,444
151,10,486
152,10,467
153,10,667
154,10,429
155,10,178
156,10,386
157,10,887
158,10,844
159,10,594
160,10,367
161,10,728
162,10,501
163,10,194
164,10,437
165,10,266
166,10,399
167,10,715
168,10,401
169,10,840
170,10,527
171,10,504
172,10,408
173,10,269
174,10,650
175,10,720
176,10,264
177,10,841
178,10,781
179,10,147
180,10,972
181,10,921
182,10,465
183,10,124
184,10,328
185,10,307
186,10,821
187,10,20
188,10,514
189,10,777
190,10,174
191,10,469
192,10,590
193,10,579
194,10,710
195,10,874
196,10,140
197,10,785
198,10,707
199,10,369
200,10,755
201,10,528
202,10,695
203,10,329
204,10,463
205,10,43
206,10,517
207,10,230
208,10,566
209,10,439
210,10,240
211,10,635
212,10,453
213,10,144
214,10,375
215,10,51
216,10,980
217,10,772
218,10,409
219,10,481
220,10,971
221,10,426
222,10,249
223,10,237
224,10,366
225,10,201
226,10,509
227,10,884
228,10,549
229,10,193
230,10,315
231,10,27
232,10,354
233,10,373
234,10,567
235,10,219
236,10,721
237,10,41
238,10,289
239,10,310
240,10,441
241,10,554
242,10,620
243,10,820
244,10,532
245,10,139
246,10,434
247,10,622
248,10,239
249,10,382
250,10,326
251,10,974
252,10,50
253,10,200
254,10,42
255,10,515
256,10,137
257,10,731
258,10,70
259,10,850
260,10,320
261,10,601
262,10,603
263,10,121
264,10,812
265,10,589
266,10,127
267,10,587
268,10,459
269,10,403
270,10,292
271,10,595
272,10,751
273,10,283
274,10,335
275,10,186
276,10,345
277,10,552
278,10,244
279,10,666
280,10,947
281,10,104
282,10,216
283,10,807
284,10,898
285,10,460
286,10,1000
287,10,436
288,10,839
289,10,822
290,10,684
291,10,234
292,10,598
293,10,276
294,10,502
295,10,691
296,10,435
297,10,503
298,10,154
299,10,76
300,10,146
301,10,308
302,10,170
303,10,849
304,10,87
305,10,754
306,10,493
307,10,65
308,10,241
309,10,293
310,10,786
311,10,334
312,10,476
313,10,563
314,10,421
315,10,526
316,10,120
317,10,468
318,10,626
319,10,914
320,10,242
321,10,381
322,10,466
323,10,558
324,10,8
325,10,362
326,10,263
327,10,782
328,10,364
329,10,173
330,10,489
331,10,508
332,10,942
333,10,321
334,10,916
335,10,723
336,10,236
337,10,309
338,10,66
339,10,700
340,10,668
341,10,524
342,10,116
343,10,581
344,10,535
345,10,970
346,10,350
347,10,586
348,10,741
349,10,976
350,10,108
351,10,733
352,10,885
353,10,659
354,10,380
355,10,485
356,10,412
357,10,730
358,10,385
359,10,496
360,10,163
361,10,534
362,10,938
363,10,818
364,10,341
365,10,943
366,10,402
367,10,560
368,10,881
369,10,768
370,10,176
371,10,922
372,10,327
373,10,568
374,10,45
375,10,826
376,10,749
377,10,413
378,10,658
379,10,2
380,10,727
381,10,873
382,10,876
383,10,332
384,10,324
385,10,142
386,10,571
387,10,694
388,10,956
389,10,322
390,10,148
391,10,811
392,10,449
393,10,562
394,10,440
395,10,281
396,10,458
397,10,907
398,10,555
399,10,295
0,11,646
1,11,629
2,11,586
3,11,439
4,11,814
5,11,954
6,11,931
7,11,552
8,11,181
9,11,592
10,11,519
11,11,567
12,11,690
13,11,818
14,11,139
15,11,617
16,11,816
17,11,596
18,11,462
19,11,558
20,11,624
21,11,450
22,11,343
23,11,148
24,11,688
25,11,751
26,11,632
27,11,540
28,11,934
29,11,207
30,11,844
31,11,299
32,11,980
33,11,508
34,11,939
35,11,433
36,11,491
37,11,765
38,11,408
39,11,430
40,11,912
41,11,845
42,11,630
43,11,211
44,11,396
45,11,431
46,11,504
47,11,541
48,11,749
49,11,797
50,11,241
51,11,178
52,11,526
53,11,422
54,11,810
55,11,824
56,11,557
57,11,80
58,11,172
59,11,669
60,11,368
61,11,313
62,11,173
63,11,782
64,11,743
65,11,907
66,11,473
67,11,653
68,11,493
69,11,746
70,11,413
71,11,484
72,11,651
73,11,564
74,11,295
75,11,375
76,11,615
77,11,149
78,11,882
79,11,595
80,11,348
81,11,515
82,11,438
83,11,583
84,11,441
85,11,783
86,11,477
87,11,205
88,11,689
89,11,839
90,11,363
91,11,748
92,11,503
93,11,218
94,11,494
95,11,913
96,11,306
97,11,854
98,11,691
99,11,497
100,11,874
101,11,587
102,11,695
103,11,399
104,11,815
105,11,614
106,11,135
107,11,209
108,11,547
109,11,601
110,11,573
111,11,486
112,11,342
113,11,848
114,11,560
115,11,451
116,11,234
117,11,432
118,11,418
119,11,562
120,11,878
121,11,404
122,11,236
123,11,784
124,11,289
125,11,496
126,11,210
127,11,201
128,11,707
129,11,213
130,11,245
131,11,1010
132,11,121
133,11,516
134,11,650
135,11,458
136,11,947
137,11,523
138,11,177
139,11,747
140,11,208
141,11,855
142,11,509
143,11,114
144,11,206
145,11,822
146,11,711
147,11,212
148,11,244
149,11,176
150,11,443
151,11,487
152,11,499
153,11,635
154,11,428
155,11,179
156,11,354
157,11,888
158,11,812
159,11,626
160,11,335
161,11,696
162,11,469
163,11,162
164,11,437
165,11,266
166,11,367
167,11,714
168,11,400
169,11,841
170,11,527
171,11,472
172,11,407
173,11,301
174,11,682
175,11,721
176,11,265
177,11,842
178,11,813
179,11,146
180,11,1004
181,11,921
182,11,464
183,11,156
184,11,329
185,11,339
186,11,820
187,11,20
188,11,513
189,11,776
190,11,175
191,11,468
192,11,590
193,11,578
194,11,678
195,11,906
196,11,141
197,11,785
198,11,708
199,11,370
200,11,755
201,11,529
202,11,727
203,11,361
204,11,463
205,11,44
206,11,549
207,11,231
208,11,566
209,11,471
210,11,240
211,11,603
212,11,485
213,11,112
214,11,374
215,11,19
216,11,979
217,11,772
218,11,410
219,11,482
220,11,972
221,11,394
222,11,250
223,11,269
224,11,398
225,11,200
226,11,510
227,11,885
228,11,550
229,11,225
230,11,283
231,11,27
232,11,322
233,11,405
234,11,568
235,11,219
236,11,722
237,11,42
238,11,321
239,11,309
240,11,409
241,11,555
242,11,588
243,11,788
244,11,532
245,11,171
246,11,466
247,11,621
248,11,239
249,11,381
250,11,327
251,11,942
252,11,51
253,11,168
254,11,43
255,11,514
256,11,138
257,11,763
258,11,38
259,11,849
260,11,288
261,11,633
262,11,604
263,11,122
264,11,780
265,11,589
266,11,127
267,11,619
268,11,459
269,11,403
270,11,293
271,11,563
272,11,752
273,11,251
274,11,334
275,11,185
276,11,344
277,11,551
278,11,276
279,11,698
280,11,948
281,11,136
282,11,216
283,11,806
284,11,897
285,11,460
286,11,999
287,11,436
288,11,840
289,11,821
290,11,652
291,11,202
292,11,597
293,11,277
294,11,470
295,11,692
296,11,435
297,11,535
298,11,153
299,11,77
300,11,145
301,11,307
302,11,170
303,11,817
304,11,88
305,11,753
306,11,492
307,11,97
308,11,242
309,11,325
310,11,754
311,11,366
312,11,444
313,11,531
314,11,453
315,11,525
316,11,119
317,11,467
318,11,627
319,11,915
320,11,243
321,11,380
322,11,465
323,11,559
324,11,8
325,11,330
326,11,264
327,11,781
328,11,364
329,11,174
330,11,457
331,11,476
332,11,943
333,11,353
334,11,884
335,11,723
336,11,204
337,11,308
338,11,67
339,11,732
340,11,700
341,11,524
342,11,115
343,11,580
344,11,534
345,11,971
346,11,382
347,11,554
348,11,740
349,11,976
350,11,140
351,11,701
352,11,886
353,11,658
354,11,379
355,11,517
356,11,412
357,11,731
358,11,417
359,11,528
360,11,195
361,11,502
362,11,938
363,11,786
364,11,373
365,11,944
366,11,434
367,11,561
368,11,880
369,11,769
370,11,144
371,11,922
372,11,328
373,11,600
374,11,45
375,11,826
376,11,750
377,11,445
378,11,657
379,11,1
380,11,728
381,11,872
382,11,875
383,11,333
384,11,356
385,11,142
386,11,570
387,11,694
388,11,924
389,11,323
390,11,116
391,11,843
392,11,481
393,11,594
394,11,440
395,11,249
396,11,426
397,11,908
398,11,556
399,11,263
0,12,647
1,12,597
2,12,554
3,12,438
4,12,815
5,12,954
6,12,932
7,12,553
8,12,149
9,12,592
10,12,520
11,12,535
12,12,691
13,12,850
14,12,171
15,12,617
16,12,784
17,12,628
18,12,461
19,12,559
20,12,623
21,12,418
22,12,375
23,12,147
24,12,687
25,12,719
26,12,600
27,12,508
28,12,902
29,12,207
30,12,845
31,12,331
32,12,1012
33,12,476
34,12,971
35,12,434
36,12,492
37,12,765
38,12,440
39,12,462
40,12,911
41,12,813
42,12,631
43,12,212
44,12,364
45,12,430
46,12,536
47,12,540
48,12,750
49,12,798
50,12,273
51,12,210
52,12,525
53,12,454
54,12,809
55,12,823
56,12,558
57,12,48
58,12,173
59,12,637
60,12,400
61,12,345
62,12,174
63,12,814
64,12,775
65,12,906
66,12,505
67,12,685
68,12,494
69,12,747
70,12,445
71,12,484
72,12,650
73,12,596
74,12,263
75,12,407
76,12,616
77,12,148
78,12,881
79,12,594
80,12,380
81,12,547
82,12,437
83,12,551
84,12,409
85,12,751
86,12,509
87,12,206
88,12,688
89,12,840
90,12,362
91,12,716
92,12,502
93,12,219
94,12,526
95,12,914
96,12,306
97,12,886
98,12,659
99,12,498
100,12,875
101,12,586
102,12,663
103,12,367
104,12,783
105,12,614
106,12,134
107,12,208
108,12,546
109,12,633
110,12,573
111,12,486
112,12,310
113,12,816
114,12,561
115,12,450
116,12,235
117,12,433
118,12,386
119,12,563
120,12,877
121,12,404
122,12,237
123,12,785
124,12,289
125,12,464
126,12,242
127,12,200
128,12,708
129,12,181
130,12,246
131,12,1011
132,12,120
133,12,516
134,12,618
135,12,458
136,12,915
137,12,522
138,12,209
139,12,715
140,12,240
141,12,854
142,12,541
143,12,146
144,12,238
145,12,790
146,12,743
147,12,213
148,12,276
149,12,144
150,12,475
151,12,519
152,12,499
153,12,603
154,12,396
155,12,211
156,12,322
157,12,920
158,12,780
159,12,658
160,12,303
161,12,664
162,12,469
163,12,130
164,12,436
165,12,234
166,12,368
167,12,713
168,12,432
169,12,842
170,12,527
171,12,473
172,12,406
173,12,333
174,12,714
175,12,753
176,12,233
177,12,810
178,12,812
179,12,145
180,12,1003
181,12,921
182,12,463
183,12,157
184,12,297
185,12,340
186,12,819
187,12,20
188,12,481
189,12,744
190,12,176
191,12,467
192,12,622
193,12,610
194,12,646
195,12,938
196,12,109
197,12,786
198,12,709
199,12,371
200,12,755
201,12,528
202,12,728
203,12,393
204,12,431
205,12,45
206,12,581
207,12,231
208,12,567
209,12,439
210,12,241
211,12,604
212,12,517
213,12,80
214,12,342
215,12,51
216,12,947
217,12,772
218,12,442
219,12,514
220,12,973
221,12,394
222,12,251
223,12,301
224,12,399
225,12,199
226,12,542
227,12,884
228,12,518
229,12,257
230,12,283
231,12,27
232,12,290
233,12,405
234,12,568
235,12,187
236,12,690
237,12,43
238,12,353
239,12,308
240,12,377
241,12,556
242,12,589
243,12,788
244,12,532
245,12,172
246,12,465
247,12,621
248,12,239
249,12,349
250,12,328
251,12,943
252,12,52
253,12,136
254,12,44
255,12,513
256,12,139
257,12,795
258,12,6
259,12,848
260,12,256
261,12,632
262,12,605
263,12,123
264,12,781
265,12,590
266,12,127
267,12,587
268,12,459
269,12,402
270,12,325
271,12,595
272,12,720
273,12,252
274,12,366
275,12,184
276,12,343
277,12,550
278,12,277
279,12,730
280,12,949
281,12,135
282,12,216
283,12,805
284,12,865
285,12,428
286,12,998
287,12,468
288,12,841
289,12,820
290,12,620
291,12,202
292,12,565
293,12,245
294,12,471
295,12,693
296,12,403
297,12,503
298,12,121
299,12,78
300,12,177
301,12,339
302,12,138
303,12,818
304,12,89
305,12,752
306,12,493
307,12,129
308,12,243
309,12,324
310,12,722
311,12,398
312,12,412
313,12,531
314,12,485
315,12,524
316,12,119
317,12,435
318,12,627
319,12,916
320,12,244
321,12,381
322,12,497
323,12,560
324,12,8
325,12,298
326,12,265
327,12,749
328,12,363
329,12,175
330,12,457
331,12,444
332,12,944
333,12,385
334,12,852
335,12,723
336,12,203
337,12,307
338,12,68
339,12,733
340,12,732
341,12,523
342,12,114
343,12,548
344,12,533
345,12,972
346,12,414
347,12,555
348,12,739
349,12,976
350,12,141
351,12,669
352,12,885
353,12,657
354,12,378
355,12,549
356,12,413
357,12,763
358,12,449
359,12,496
360,12,227
361,12,470
362,12,939
363,12,754
364,12,374
365,12,945
366,12,466
367,12,529
368,12,879
369,12,737
370,12,112
371,12,922
372,12,329
373,12,599
374,12,77
375,12,826
376,12,782
377,12,477
378,12,689
379,12,0
380,12,696
381,12,904
382,12,843
383,12,334
384,12,388
385,12,142
386,12,569
387,12,695
388,12,892
389,12,355
390,12,117
391,12,844
392,12,482
393,12,626
394,12,472
395,12,250
396,12,426
397,12,907
398,12,557
399,12,264
0,13,615
1,13,565
2,13,555
3,13,470
4,13,783
5,13,954
6,13,933
7,13,553
8,13,181
9,13,592
10,13,552
11,13,503
12,13,659
13,13,850
14,13,172
15,13,618
16,13,816
17,13,660
18,13,461
19,13,560
20,13,655
21,13,386
22,13,407
23,13,146
24,13,686
25,13,687
26,13,601
27,13,476
28,13,901
29,13,206
30,13,813
31,13,331
32,13,1013
33,13,444
34,13,970
35,13,435
36,13,460
37,13,733
38,13,472
39,13,494
40,13,910
41,13,814
42,13,663
43,13,244
44,13,363
45,13,462
46,13,535
47,13,508
48,13,750
49,13,766
50,13,305
51,13,242
52,13,524
53,13,454
54,13,808
55,13,822
56,13,559
57,13,47
58,13,174
59,13,605
60,13,401
61,13,346
62,13,175
63,13,815
64,13,776
65,13,874
66,13,504
67,13,685
68,13,526
69,13,748
70,13,477
71,13,483
72,13,649
73,13,595
74,13,264
75,13,408
76,13,616
77,13,147
78,13,880
79,13,626
80,13,381
81,13,548
82,13,436
83,13,519
84,13,410
85,13,752
86,13,541
87,13,238
88,13,688
89,13,841
90,13,394
91,13,684
92,13,534
93,13,220
94,13,525
95,13,882
96,13,338
97,13,854
98,13,627
99,13,498
100,13,876
101,13,585
102,13,662
103,13,366
104,13,751
105,13,614
106,13,135
107,13,207
108,13,547
109,13,632
110,13,574
111,13,485
112,13,310
113,13,817
114,13,561
115,13,450
116,13,236
117,13,434
118,13,354
119,13,564
120,13,909
121,13,404
122,13,269
123,13,784
124,13,290
125,13,432
126,13,241
127,13,199
128,13,709
129,13,213
130,13,278
131,13,1012
132,13,119
133,13,517
134,13,619
135,13,458
136,13,914
137,13,554
138,13,208
139,13,683
140,13,272
141,13,855
142,13,573
143,13,114
144,13,237
145,13,758
146,13,775
147,13,245
148,13,277
149,13,112
150,13,507
151,13,518
152,13,499
153,13,571
154,13,364
155,13,212
156,13,321
157,13,952
158,13,781
159,13,690
160,13,303
161,13,665
162,13,437
163,13,98
164,13,468
165,13,202
166,13,369
167,13,745
168,13,431
169,13,810
170,13,527
171,13,505
172,13,405
173,13,332
174,13,713
175,13,785
176,13,234
177,13,811
178,13,844
179,13,144
180,13,1003
181,13,921
182,13,463
183,13,158
184,13,298
185,13,341
186,13,818
187,13,20
188,13,482
189,13,743
190,13,177
191,13,466
192,13,621
193,13,609
194,13,645
195,13,938
196,13,108
197,13,787
198,13,710
199,13,403
200,13,755
201,13,529
202,13,760
203,13,392
204,13,399
205,13,46
206,13,613
207,13,263
208,13,567
209,13,438
210,13,240
211,13,603
212,13,549
213,13,48
214,13,342
215,13,50
216,13,915
217,13,772
218,13,441
219,13,546
220,13,974
221,13,393
222,13,252
223,13,302
224,13,400
225,13,231
226,13,542
227,13,885
228,13,486
229,13,289
230,13,283
231,13,27
232,13,291
233,13,373
234,13,600
235,13,219
236,13,691
237,13,44
238,13,385
239,13,307
240,13,345
241,13,557
242,13,590
243,13,788
244,13,532
245,13,173
246,13,433
247,13,620
248,13,239
249,13,350
250,13,329
251,13,944
252,13,84
253,13,137
254,13,45
255,13,513
256,13,171
257,13,827
258,13,5
259,13,847
260,13,224
261,13,631
262,13,606
263,13,124
264,13,749
265,13,622
266,13,127
267,13,586
268,13,459
269,13,370
270,13,357
271,13,594
272,13,721
273,13,253
274,13,398
275,13,183
276,13,311
277,13,550
278,13,309
279,13,762
280,13,981
281,13,167
282,13,216
283,13,837
284,13,864
285,13,396
286,13,966
287,13,469
288,13,809
289,13,819
290,13,588
291,13,203
292,13,566
293,13,246
294,13,439
295,13,661
296,13,402
297,13,502
298,13,120
299,13,78
300,13,209
301,13,371
302,13,106
303,13,786
304,13,121
305,13,720
306,13,493
307,13,161
308,13,243
309,13,356
310,13,723
311,13,430
312,13,380
313,13,531
314,13,484
315,13,523
316,13,87
317,13,467
318,13,628
319,13,884
320,13,276
321,13,413
322,13,496
323,13,528
324,13,8
325,13,266
326,13,233
327,13,717
328,13,362
329,13,176
330,13,457
331,13,412
332,13,945
333,13,417
334,13,820
335,13,724
336,13,235
337,13,306
338,13,69
339,13,701
340,13,731
341,13,522
342,13,113
343,13,516
344,13,501
345,13,973
346,13,414
347,13,556
348,13,738
349,13,976
350,13,142
351,13,637
352,13,886
353,13,656
354,13,378
355,13,581
356,13,445
357,13,795
358,13,481
359,13,464
360,13,259
361,13,471
362,13,940
363,13,722
364,13,406
365,13,913
366,13,465
367,13,497
368,13,878
369,13,705
370,13,80
371,13,922
372,13,297
373,13,598
374,13,77
375,13,826
376,13,782
377,13,509
378,13,689
379,13,32
380,13,664
381,13,903
382,13,842
383,13,335
384,13,420
385,13,110
386,13,568
387,13,696
388,13,892
389,13,387
390,13,149
391,13,845
392,13,514
393,13,625
394,13,473
395,13,251
396,13,426
397,13,875
398,13,558
399,13,265
0,14,616
1,14,533
2,14,523
3,14,502
4,14,751
5,14,954
6,14,934
7,14,553
8,14,181
9,14,592
10,14,552
11,14,471
12,14,627
13,14,850
14,14,173
15,14,618
16,14,816
17,14,692
18,14,493
19,14,561
20,14,654
21,14,354
22,14,439
23,14,145
24,14,685
25,14,688
26,14,602
27,14,444
28,14,901
29,14,238
30,14,781
31,14,299
32,14,1013
33,14,412
34,14,969
35,14,467
36,14,461
37,14,701
38,14,504
39,14,526
40,14,909
41,14,815
42,14,695
43,14,243
44,14,362
45,14,494
46,14,567
47,14,476
48,14,750
49,14,767
50,14,304
51,14,274
52,14,556
53,14,453
54,14,807
55,14,821
56,14,560
57,14,15
58,14,175
59,14,604
60,14,400
61,14,347
62,14,176
63,14,847
64,14,777
65,14,842
66,14,503
67,14,717
68,14,525
69,14,748
70,14,509
71,14,451
72,14,649
73,14,594
74,14,265
75,14,409
76,14,617
77,14,146
78,14,879
79,14,625
80,14,381
81,14,580
82,14,435
83,14,518
84,14,378
85,14,720
86,14,542
87,14,239
88,14,656
89,14,809
90,14,426
91,14,652
92,14,566
93,14,221
94,14,524
95,14,883
96,14,339
97,14,822
98,14,595
99,14,466
100,14,908
101,14,584
102,14,661
103,14,366
104,14,752
105,14,614
106,14,136
107,14,206
108,14,515
109,14,631
110,14,573
111,14,485
112,14,311
113,14,849
114,14,529
115,14,418
116,14,237
117,14,402
118,14,322
119,14,596
120,14,941
121,14,403
122,14,301
123,14,784
124,14,291
125,14,431
126,14,209
127,14,231
128,14,710
129,14,212
130,14,310
131,14,980
132,14,118
133,14,517
134,14,619
135,14,457
136,14,913
137,14,586
138,14,207
139,14,651
140,14,273
141,14,823
142,14,605
143,14,114
144,14,205
145,14,757
146,14,776
147,14,213
148,14,278
149,14,80
150,14,539
151,14,550
152,14,499
153,14,571
154,14,363
155,14,244
156,14,289
157,14,952
158,14,782
159,14,689
160,14,302
161,14,664
162,14,405
163,14,98
164,14,436
165,14,201
166,14,368
167,14,744
168,14,430
169,14,811
170,14,527
171,14,506
172,14,404
173,14,331
174,14,745
175,14,786
176,14,235
177,14,812
178,14,845
179,14,144
180,14,1003
181,14,921
182,14,463
183,14,190
184,14,298
185,14,373
186,14,817
187,14,20
188,14,450
189,14,743
190,14,178
191,14,434
192,14,622
193,14,641
194,14,646
195,14,938
196,14,140
197,14,788
198,14,678
199,14,371
200,14,755
201,14,528
202,14,792
203,14,424
204,14,399
205,14,47
206,14,645
207,14,264
208,14,568
209,14,437
210,14,241
211,14,635
212,14,581
213,14,16
214,14,342
215,14,49
216,14,916
217,14,772
218,14,473
219,14,578
220,14,942
221,14,393
222,14,220
223,14,334
224,14,432
225,14,230
226,14,574
227,14,886
228,14,454
229,14,290
230,14,251
231,14,27
232,14,259
233,14,374
234,14,632
235,14,219
236,14,659
237,14,45
238,14,417
239,14,306
240,14,344
241,14,558
242,14,590
243,14,820
244,14,532
245,14,174
246,14,433
247,14,588
248,14,240
249,14,318
250,14,330
251,14,945
252,14,85
253,14,138
254,14,46
255,14,481
256,14,172
257,14,859
258,14,5
259,14,848
260,14,225
261,14,630
262,14,607
263,14,156
264,14,749
265,14,623
266,14,127
267,14,585
268,14,459
269,14,369
270,14,358
271,14,562
272,14,722
273,14,254
274,14,398
275,14,215
276,14,279
277,14,549
278,14,341
279,14,794
280,14,982
281,14,199
282,14,216
283,14,869
284,14,832
285,14,364
286,14,965
287,14,469
288,14,810
289,14,818
290,14,589
291,14,202
292,14,565
293,14,245
294,14,440
295,14,629
296,14,401
297,14,534
298,14,119
299,14,78
300,14,208
301,14,370
302,14,74
303,14,754
304,14,122
305,14,719
306,14,492
307,14,193
308,14,211
309,14,388
310,14,691
311,14,462
312,14,348
313,14,531
314,14,483
315,14,522
316,14,87
317,14,468
318,14,660
319,14,885
320,14,277
321,14,445
322,14,464
323,14,496
324,14,8
325,14,266
326,14,234
327,14,716
328,14,361
329,14,177
330,14,489
331,14,380
332,14,946
333,14,449
334,14,852
335,14,723
336,14,267
337,14,305
338,14,70
339,14,700
340,14,763
341,14,554
342,14,112
343,14,484
344,14,501
345,14,1005
346,14,413
347,14,557
348,14,737
349,14,976
350,14,142
351,14,638
352,14,854
353,14,655
354,14,377
355,14,613
356,14,477
357,14,796
358,14,482
359,14,465
360,14,260
361,14,470
362,14,940
363,14,690
364,14,438
365,14,881
366,14,497
367,14,498
368,14,878
369,14,673
370,14,48
371,14,922
372,14,297
373,14,597
374,14,77
375,14,826
376,14,783
377,14,508
378,14,721
379,14,64
380,14,663
381,14,902
382,14,841
383,14,367
384,14,421
385,14,110
386,14,569
387,14,697
388,14,892
389,14,419
390,14,149
391,14,877
392,14,546
393,14,657
394,14,505
395,14,252
396,14,458
397,14,843
398,14,559
399,14,233
0,15,584
1,15,565
2,15,491
3,15,534
4,15,752
5,15,954
6,15,966
7,15,554
8,15,213
9,15,592
10,15,552
11,15,439
12,15,595
13,15,851
14,15,174
15,15,650
16,15,784
17,15,724
18,15,492
19,15,562
20,15,653
21,15,354
22,15,438
23,15,145
24,15,685
25,15,656
26,15,570
27,15,412
28,15,901
29,15,206
30,15,749
31,15,298
32,15,1013
33,15,380
34,15,968
35,15,468
36,15,429
37,15,669
38,15,503
39,15,525
40,15,908
41,15,847
42,15,696
43,15,242
44,15,361
45,15,494
46,15,566
47,15,444
48,15,750
49,15,767
50,15,304
51,15,306
52,15,588
53,15,454
54,15,806
55,15,820
56,15,528
57,15,14
58,15,176
59,15,603
60,15,432
61,15,347
62,15,177
63,15,848
64,15,809
65,15,841
66,15,502
67,15,716
68,15,493
69,15,748
70,15,508
71,15,450
72,15,649
73,15,626
74,15,233
75,15,441
76,15,616
77,15,146
78,15,878
79,15,657
80,15,413
81,15,581
82,15,403
83,15,486
84,15,379
85,15,721
86,15,574
87,15,240
88,15,655
89,15,810
90,15,458
91,15,651
92,15,598
93,15,220
94,15,556
95,15,884
96,15,340
97,15,821
98,15,563
99,15,498
100,15,940
101,15,583
102,15,660
103,15,398
104,15,720
105,15,615
106,15,137
107,15,205
108,15,483
109,15,630
110,15,541
111,15,517
112,15,312
113,15,850
114,15,561
115,15,417
116,15,238
117,15,401
118,15,323
119,15,628
120,15,973
121,15,371
122,15,302
123,15,783
124,15,292
125,15,431
126,15,209
127,15,230
128,15,678
129,15,211
130,15,342
131,15,981
132,15,117
133,15,518
134,15,620
135,15,489
136,15,912
137,15,618
138,15,239
139,15,619
140,15,274
141,15,822
142,15,605
143,15,114
144,15,173
145,15,725
146,15,777
147,15,212
148,15,279
149,15,80
150,15,540
151,15,550
152,15,467
153,15,571
154,15,363
155,15,276
156,15,257
157,15,952
158,15,782
159,15,688
160,15,303
161,15,663
162,15,406
163,15,98
164,15,435
165,15,200
166,15,336
167,15,776
168,15,430
169,15,812
170,15,559
171,15,474
172,15,404
173,15,299
174,15,744
175,15,818
176,15,236
177,15,813
178,15,845
179,15,144
180,15,1003
181,15,921
182,15,462
183,15,222
184,15,266
185,15,405
186,15,816
187,15,20
188,15,418
189,15,743
190,15,179
191,15,434
192,15,622
193,15,640
194,15,614
195,15,938
196,15,172
197,15,787
198,15,646
199,15,339
200,15,723
201,15,527
202,15,824
203,15,423
204,15,367
205,15,48
206,15,677
207,15,264
208,15,569
209,15,437
210,15,241
211,15,667
212,15,613
213,15,15
214,15,341
215,15,49
216,15,916
217,15,772
218,15,505
219,15,610
220,15,943
221,15,393
222,15,188
223,15,366
224,15,433
225,15,229
226,15,606
227,15,887
228,15,422
229,15,322
230,15,251
231,15,27
232,15,227
233,15,375
234,15,664
235,15,219
236,15,627
237,15,46
238,15,449
239,15,305
240,15,343
241,15,526
242,15,590
243,15,788
244,15,532
245,15,175
246,15,465
247,15,587
248,15,208
249,15,318
250,15,331
251,15,946
252,15,86
253,15,139
254,15,47
255,15,482
256,15,204
257,15,858
258,15,5
259,15,880
260,15,226
261,15,629
262,15,607
263,15,157
264,15,717
265,15,623
266,15,127
267,15,553
268,15,459
269,15,370
270,15,390
271,15,594
272,15,690
273,15,255
274,15,399
275,15,214
276,15,311
277,15,548
278,15,373
279,15,794
280,15,983
281,15,231
282,15,216
283,15,869
284,15,800
285,15,332
286,15,933
287,15,501
288,15,842
289,15,817
290,15,557
291,15,202
292,15,564
293,15,244
294,15,472
295,15,661
296,15,369
297,15,535
298,15,118
299,15,78
300,15,207
301,15,402
302,15,42
303,15,755
304,15,123
305,15,687
306,15,524
307,15,225
308,15,243
309,15,420
310,15,692
311,15,461
312,15,316
313,15,531
314,15,484
315,15,523
316,15,119
317,15,436
318,15,659
319,15,886
320,15,278
321,15,477
322,15,463
323,15,496
324,15,8
325,15,265
326,15,235
327,15,684
328,15,329
329,15,178
330,15,490
331,15,348
332,15,947
333,15,481
334,15,852
335,15,722
336,15,267
337,15,273
338,15,70
339,15,701
340,15,795
341,15,555
342,15,112
343,15,485
344,15,533
345,15,1005
346,15,445
347,15,558
348,15,737
349,15,976
350,15,142
351,15,639
352,15,854
353,15,654
354,15,409
355,15,645
356,15,509
357,15,797
358,15,514
359,15,466
360,15,260
361,15,469
362,15,941
363,15,691
364,15,470
365,15,882
366,15,529
367,15,499
368,15,877
369,15,641
370,15,16
371,15,922
372,15,297
373,15,596
374,15,45
375,15,826
376,15,751
377,15,507
378,15,753
379,15,96
380,15,631
381,15,870
382,15,840
383,15,368
384,15,453
385,15,110
386,15,537
387,15,698
388,15,892
389,15,451
390,15,181
391,15,909
392,15,578
393,15,689
394,15,506
395,15,253
396,15,457
397,15,811
398,15,560
399,15,234
0,16,585
1,16,533
2,16,492
3,16,566
4,16,720
5,16,954
6,16,998
7,16,586
8,16,245
9,16,560
10,16,553
11,16,407
12,16,596
13,16,851
14,16,175
15,16,651
16,16,785
17,16,723
18,16,524
19,16,562
20,16,652
21,16,353
22,16,470
23,16,145
24,16,685
25,16,657
26,16,570
27,16,380
28,16,901
29,16,205
30,16,717
31,16,330
32,16,1013
33,16,348
34,16,967
35,16,436
36,16,428
37,16,637
38,16,502
39,16,525
40,16,940
41,16,848
42,16,697
43,16,243
44,16,329
45,16,493
46,16,565
47,16,412
48,16,751
49,16,767
50,16,336
51,16,338
52,16,620
53,16,453
54,16,805
55,16,819
56,16,496
57,16,13
58,16,177
59,16,571
60,16,431
61,16,346
62,16,178
63,16,880
64,16,777
65,16,809
66,16,534
67,16,748
68,16,461
69,16,749
70,16,540
71,16,418
72,16,649
73,16,658
74,16,234
75,16,442
76,16,584
77,16,146
78,16,877
79,16,689
80,16,445
81,16,613
82,16,402
83,16,454
84,16,347
85,16,722
86,16,575
87,16,241
88,16,654
89,16,811
90,16,490
91,16,683
92,16,597
93,16,220
94,16,588
95,16,885
96,16,308
97,16,821
98,16,531
99,16,497
100,16,941
101,16,615
102,16,628
103,16,366
104,16,721
105,16,616
106,16,137
107,16,204
108,16,451
109,16,630
110,16,509
111,16,517
112,16,313
113,16,850
114,16,529
115,16,449
116,16,239
117,16,369
118,16,291
119,16,629
120,16,972
121,16,339
122,16,303
123,16,784
124,16,293
125,16,399
126,16,208
127,16,229
128,16,646
129,16,210
130,16,341
131,16,982
132,16,116
133,16,518
134,16,619
135,16,457
136,16,911
137,16,650
138,16,207
139,16,587
140,16,306
141,16,790
142,16,605
143,16,114
144,16,173
145,16,724
146,16,778
147,16,213
148,16,280
149,16,48
150,16,541
151,16,550
152,16,468
153,16,539
154,16,331
155,16,277
156,16,225
157,16,952
158,16,783
159,16,687
160,16,304
161,16,631
162,16,405
163,16,98
164,16,434
165,16,168
166,16,335
167,16,775
168,16,429
169,16,813
170,16,527
171,16,474
172,16,403
173,16,267
174,16,776
175,16,818
176,16,237
177,16,814
178,16,844
179,16,144
180,16,1003
181,16,921
182,16,430
183,16,254
184,16,298
185,16,404
186,16,815
187,16,20
188,16,386
189,16,743
190,16,211
191,16,466
192,16,590
193,16,672
194,16,614
195,16,938
196,16,172
197,16,788
198,16,647
199,16,307
200,16,755
201,16,526
202,16,823
203,16,422
204,16,367
205,16,49
206,16,709
207,16,263
208,16,569
209,16,438
210,16,242
211,16,667
212,16,645
213,16,14
214,16,309
215,16,81
216,16,916
217,16,772
218,16,504
219,16,609
220,16,944
221,16,361
222,16,156
223,16,334
224,16,433
225,16,261
226,16,638
227,16,888
228,16,390
229,16,354
230,16,251
231,16,27
232,16,195
233,16,343
234,16,696
235,16,219
236,16,595
237,16,47
238,16,481
239,16,305
240,16,311
241,16,494
242,16,558
243,16,820
244,16,532
245,16,176
246,16,465
247,16,555
248,16,240
249,16,318
250,16,332
251,16,947
252,16,87
253,16,171
254,16,15
255,16,450
256,16,236
257,16,857
258,16,5
259,16,879
260,16,194
261,16,661
262,16,606
263,16,158
264,16,716
265,16,622
266,16,127
267,16,521
268,16,459
269,16,371
270,16,358
271,16,594
272,16,691
273,16,223
274,16,398
275,16,214
276,16,310
277,16,547
278,16,374
279,16,795
280,16,951
281,16,231
282,16,216
283,16,837
284,16,768
285,16,333
286,16,932
287,16,469
288,16,842
289,16,816
290,16,557
291,16,202
292,16,563
293,16,212
294,16,473
295,16,662
296,16,368
297,16,535
298,16,150
299,16,46
300,16,206
301,16,401
302,16,41
303,16,754
304,16,124
305,16,655
306,16,556
307,16,224
308,16,244
309,16,420
310,16,693
311,16,462
312,16,315
313,16,499
314,16,516
315,16,523
316,16,119
317,16,435
318,16,660
319,16,887
320,16,279
321,16,476
322,16,463
323,16,464
324,16,8
325,16,264
326,16,203
327,16,684
328,16,297
329,16,179
330,16,489
331,16,316
332,16,915
333,16,482
334,16,852
335,16,690
336,16,266
337,16,272
338,16,70
339,16,701
340,16,827
341,16,554
342,16,112
343,16,484
344,16,501
345,16,1005
346,16,477
347,16,559
348,16,737
349,16,976
350,16,174
351,16,607
352,16,886
353,16,653
354,16,441
355,16,677
356,16,510
357,16,798
358,16,546
359,16,498
360,16,292
361,16,437
362,16,942
363,16,659
364,16,471
365,16,883
366,16,528
367,16,467
368,16,845
369,16,641
370,16,16
371,16,922
372,16,265
373,16,564
374,16,45
375,16,826
376,16,752
377,16,506
378,16,753
379,16,97
380,16,599
381,16,869
382,16,839
383,16,400
384,16,485
385,16,142
386,16,536
387,16,730
388,16,892
389,16,419
390,16,181
391,16,910
392,16,610
393,16,688
394,16,538
395,16,285
396,16,458
397,16,779
398,16,561
399,16,235
0,17,553
1,17,533
2,17,493
3,17,565
4,17,721
5,17,954
6,17,999
7,17,587
8,17,277
9,17,528
10,17,554
11,17,375
12,17,564
13,17,819
14,17,176
15,17,650
16,17,784
17,17,755
18,17,492
19,17,561
20,17,684
21,17,321
22,17,438
23,17,145
24,17,717
25,17,658
26,17,571
27,17,381
28,17,901
29,17,173
30,17,716
31,17,362
32,17,1013
33,17,316
34,17,966
35,17,404
36,17,460
37,17,605
38,17,501
39,17,557
40,17,939
41,17,816
42,17,665
43,17,243
44,17,297
45,17,525
46,17,597
47,17,380
48,17,752
49,17,767
50,17,304
51,17,370
52,17,652
53,17,485
54,17,837
55,17,818
56,17,464
57,17,12
58,17,178
59,17,539
60,17,430
61,17,347
62,17,179
63,17,848
64,17,776
65,17,777
66,17,566
67,17,780
68,17,429
69,17,749
70,17,508
71,17,417
72,17,649
73,17,690
74,17,235
75,17,443
76,17,584
77,17,146
78,17,845
79,17,688
80,17,445
81,17,645
82,17,401
83,17,453
84,17,315
85,17,723
86,17,574
87,17,242
88,17,686
89,17,812
90,17,522
91,17,651
92,17,629
93,17,220
94,17,620
95,17,885
96,17,340
97,17,822
98,17,531
99,17,496
100,17,942
101,17,614
102,17,628
103,17,366
104,17,689
105,17,616
106,17,137
107,17,172
108,17,419
109,17,662
110,17,477
111,17,516
112,17,313
113,17,851
114,17,497
115,17,450
116,17,239
117,17,369
118,17,259
119,17,630
120,17,971
121,17,371
122,17,303
123,17,783
124,17,294
125,17,431
126,17,207
127,17,261
128,17,647
129,17,209
130,17,341
131,17,983
132,17,115
133,17,518
134,17,619
135,17,458
136,17,910
137,17,682
138,17,206
139,17,588
140,17,307
141,17,758
142,17,606
143,17,114
144,17,141
145,17,724
146,17,779
147,17,245
148,17,281
149,17,47
150,17,573
151,17,550
152,17,468
153,17,540
154,17,299
155,17,309
156,17,226
157,17,952
158,17,751
159,17,719
160,17,272
161,17,599
162,17,373
163,17,98
164,17,433
165,17,167
166,17,336
167,17,807
168,17,428
169,17,781
170,17,526
171,17,442
172,17,402
173,17,266
174,17,808
175,17,850
176,17,238
177,17,782
178,17,876
179,17,144
180,17,1003
181,17,921
182,17,398
183,17,286
184,17,330
185,17,405
186,17,814
187,17,20
188,17,385
189,17,743
190,17,212
191,17,498
192,17,590
193,17,673
194,17,613
195,17,938
196,17,171
197,17,820
198,17,615
199,17,339
200,17,754
201,17,558
202,17,823
203,17,454
204,17,335
205,17,50
206,17,708
207,17,231
208,17,569
209,17,437
210,17,210
211,17,667
212,17,677
213,17,13
214,17,308
215,17,80
216,17,884
217,17,772
218,17,536
219,17,608
220,17,945
221,17,329
222,17,157
223,17,334
224,17,432
225,17,293
226,17,670
227,17,889
228,17,358
229,17,386
230,17,251
231,17,27
232,17,163
233,17,344
234,17,728
235,17,219
236,17,596
237,17,15
238,17,513
239,17,305
240,17,279
241,17,494
242,17,559
243,17,821
244,17,532
245,17,177
246,17,466
247,17,523
248,17,208
249,17,318
250,17,333
251,17,948
252,17,88
253,17,203
254,17,16
255,17,451
256,17,237
257,17,856
258,17,5
259,17,911
260,17,162
261,17,660
262,17,638
263,17,159
264,17,748
265,17,621
266,17,127
267,17,489
268,17,459
269,17,403
270,17,326
271,17,626
272,17,659
273,17,223
274,17,399
275,17,214
276,17,278
277,17,515
278,17,406
279,17,796
280,17,951
281,17,230
282,17,216
283,17,869
284,17,769
285,17,301
286,17,931
287,17,470
288,17,842
289,17,815
290,17,589
291,17,202
292,17,562
293,17,244
294,17,474
295,17,661
296,17,367
297,17,535
298,17,149
299,17,46
300,17,205
301,17,400
302,17,41
303,17,786
304,17,156
305,17,623
306,17,556
307,17,256
308,17,276
309,17,420
310,17,725
311,17,461
312,17,283
313,17,467
314,17,548
315,17,524
316,17,119
317,17,434
318,17,692
319,17,855
320,17,280
321,17,475
322,17,462
323,17,465
324,17,8
325,17,263
326,17,204
327,17,685
328,17,265
329,17,211
330,17,457
331,17,284
332,17,916
333,17,514
334,17,852
335,17,722
336,17,234
337,17,240
338,17,70
339,17,701
340,17,859
341,17,555
342,17,112
343,17,483
344,17,469
345,17,1005
346,17,478
347,17,560
348,17,737
349,17,976
350,17,175
351,17,575
352,17,886
353,17,653
354,17,441
355,17,709
356,17,542
357,17,799
358,17,547
359,17,499
360,17,324
361,17,436
362,17,943
363,17,627
364,17,503
365,17,883
366,17,527
367,17,435
368,17,844
369,17,609
370,17,48
371,17,922
372,17,233
373,17,563
374,17,45
375,17,826
376,17,753
377,17,505
378,17,785
379,17,129
380,17,598
381,17,868
382,17,838
383,17,368
384,17,517
385,17,174
386,17,568
387,17,762
388,17,892
389,17,418
390,17,213
391,17,878
392,17,642
393,17,720
394,17,570
395,17,285
396,17,426
397,17,747
398,17,529
399,17,236
0,18,521
1,18,534
2,18,461
3,18,597
4,18,689
5,18,954
6,18,1000
7,18,619
8,18,309
9,18,527
10,18,553
11,18,343
12,18,565
13,18,818
14,18,177
15,18,682
16,18,785
17,18,787
18,18,492
19,18,529
20,18,716
21,18,289
22,18,470
23,18,145
24,18,749
25,18,659
26,18,539
27,18,382
28,18,901
29,18,141
30,18,717
31,18,363
32,18,1013
33,18,284
34,18,934
35,18,404
36,18,428
37,18,637
38,18,533
39,18,556
40,18,971
41,18,784
42,18,665
43,18,242
44,18,265
45,18,524
46,18,596
47,18,379
48,18,753
49,18,767
50,18,303
51,18,402
52,18,684
53,18,485
54,18,869
55,18,850
56,18,432
57,18,44
58,18,179
59,18,538
60,18,462
61,18,348
62,18,211
63,18,847
64,18,775
65,18,745
66,18,598
67,18,812
68,18,429
69,18,781
70,18,540
71,18,385
72,18,649
73,18,691
74,18,203
75,18,475
76,18,584
77,18,146
78,18,844
79,18,720
80,18,444
81,18,646
82,18,400
83,18,421
84,18,283
85,18,724
86,18,606
87,18,210
88,18,686
89,18,811
90,18,554
91,18,650
92,18,628
93,18,220
94,18,621
95,18,885
96,18,340
97,18,854
98,18,531
99,18,528
100,18,943
101,18,614
102,18,660
103,18,367
104,18,657
105,18,616
106,18,137
107,18,172
108,18,387
109,18,662
110,18,445
111,18,515
112,18,313
113,18,852
114,18,465
115,18,449
116,18,240
117,18,370
118,18,227
119,18,631
120,18,970
121,18,371
122,18,335
123,18,751
124,18,295
125,18,430
126,18,206
127,18,293
128,18,615
129,18,208
130,18,373
131,18,984
132,18,114
133,18,518
134,18,618
135,18,426
136,18,909
137,18,714
138,18,205
139,18,587
140,18,339
141,18,757
142,18,607
143,18,113
144,18,142
145,18,692
146,18,780
147,18,246
148,18,249
149,18,46
150,18,605
151,18,550
152,18,469
153,18,541
154,18,267
155,18,341
156,18,194
157,18,952
158,18,752
159,18,687
160,18,272
161,18,600
162,18,374
163,18,98
164,18,401
165,18,166
166,18,304
167,18,806
168,18,396
169,18,782
170,18,558
171,18,474
172,18,403
173,18,234
174,18,807
175,18,851
176,18,239
177,18,783
178,18,877
179,18,144
180,18,1003
181,18,921
182,18,398
183,18,318
184,18,329
185,18,405
186,18,813
187,18,20
188,18,353
189,18,743
190,18,244
191,18,499
192,18,589
193,18,705
194,18,581
195,18,938
196,18,170
197,18,821
198,18,583
199,18,338
200,18,722
201,18,590
202,18,824
203,18,486
204,18,336
205,18,51
206,18,740
207,18,199
208,18,570
209,18,438
210,18,209
211,18,667
212,18,709
213,18,12
214,18,307
215,18,80
216,18,883
217,18,772
218,18,568
219,18,640
220,18,946
221,18,297
222,18,156
223,18,366
224,18,433
225,18,325
226,18,669
227,18,890
228,18,326
229,18,418
230,18,252
231,18,27
232,18,131
233,18,312
234,18,760
235,18,219
236,18,564
237,18,16
238,18,514
239,18,305
240,18,278
241,18,526
242,18,560
243,18,822
244,18,532
245,18,178
246,18,498
247,18,491
248,18,176
249,18,350
250,18,334
251,18,980
252,18,89
253,18,171
254,18,48
255,18,419
256,18,238
257,18,855
258,18,5
259,18,910
260,18,130
261,18,661
262,18,670
263,18,191
264,18,748
265,18,653
266,18,127
267,18,457
268,18,459
269,18,435
270,18,294
271,18,625
272,18,627
273,18,223
274,18,431
275,18,214
276,18,277
277,18,547
278,18,407
279,18,797
280,18,951
281,18,229
282,18,216
283,18,868
284,18,737
285,18,269
286,18,930
287,18,502
288,18,842
289,18,814
290,18,557
291,18,202
292,18,594
293,18,243
294,18,506
295,18,629
296,18,368
297,18,567
298,18,148
299,18,14
300,18,204
301,18,399
302,18,41
303,18,786
304,18,188
305,18,622
306,18,588
307,18,288
308,18,308
309,18,420
310,18,725
311,18,460
312,18,251
313,18,466
314,18,580
315,18,523
316,18,119
317,18,434
318,18,693
319,18,823
320,18,281
321,18,507
322,18,494
323,18,464
324,18,8
325,18,231
326,18,236
327,18,685
328,18,264
329,18,212
330,18,458
331,18,285
332,18,884
333,18,546
334,18,820
335,18,690
336,18,233
337,18,241
338,18,70
339,18,701
340,18,858
341,18,555
342,18,112
343,18,451
344,18,437
345,18,1005
346,18,510
347,18,561
348,18,738
349,18,976
350,18,207
351,18,574
352,18,886
353,18,652
354,18,442
355,18,708
356,18,542
357,18,799
358,18,548
359,18,467
360,18,356
361,18,468
362,18,944
363,18,595
364,18,535
365,18,915
366,18,559
367,18,436
368,18,843
369,18,610
370,18,47
371,18,922
372,18,201
373,18,562
374,18,45
375,18,826
376,18,754
377,18,473
378,18,817
379,18,161
380,18,599
381,18,867
382,18,837
383,18,369
384,18,549
385,18,175
386,18,569
387,18,794
388,18,892
389,18,450
390,18,245
391,18,879
392,18,674
393,18,719
394,18,602
395,18,286
396,18,394
397,18,715
398,18,497
399,18,237
0,19,489
1,19,502
2,19,462
3,19,596
4,19,657
5,19,954
6,19,1001
7,19,620
8,19,310
9,19,527
10,19,554
11,19,311
12,19,533
13,19,786
14,19,178
15,19,650
16,19,785
17,19,819
18,19,524
19,19,497
20,19,715
21,19,257
22,19,469
23,19,144
24,19,748
25,19,660
26,19,540
27,19,382
28,19,902
29,19,142
30,19,717
31,19,364
32,19,1013
33,19,252
34,19,933
35,19,403
36,19,429
37,19,669
38,19,532
39,19,588
40,19,970
41,19,752
42,19,665
43,19,274
44,19,264
45,19,556
46,19,628
47,19,378
48,19,721
49,19,767
50,19,302
51,19,401
52,19,716
53,19,486
54,19,901
55,19,849
56,19,464
57,19,76
58,19,211
59,19,506
60,19,494
61,19,380
62,19,212
63,19,847
64,19,775
65,19,713
66,19,597
67,19,844
68,19,430
69,19,749
70,19,508
71,19,353
72,19,649
73,19,690
74,19,171
75,19,474
76,19,616
77,19,146
78,19,843
79,19,719
80,19,476
81,19,678
82,19,368
83,19,420
84,19,284
85,19,692
86,19,638
87,19,242
88,19,685
89,19,779
90,19,586
91,19,618
92,19,627
93,19,221
94,19,653
95,19,886
96,19,341
97,19,822
98,19,499
99,19,560
100,19,944
101,19,646
102,19,661
103,19,366
104,19,658
105,19,615
106,19,137
107,19,140
108,19,355
109,19,662
110,19,413
111,19,483
112,19,312
113,19,820
114,19,466
115,19,449
116,19,241
117,19,338
118,19,195
119,19,632
120,19,969
121,19,371
122,19,367
123,19,750
124,19,295
125,19,398
126,19,205
127,19,325
128,19,583
129,19,240
130,19,405
131,19,985
132,19,113
133,19,518
134,19,617
135,19,394
136,19,908
137,19,746
138,19,204
139,19,619
140,19,340
141,19,725
142,19,607
143,19,145
144,19,174
145,19,691
146,19,781
147,19,278
148,19,250
149,19,45
150,19,637
151,19,550
152,19,501
153,19,509
154,19,235
155,19,373
156,19,162
157,19,952
158,19,753
159,19,688
160,19,272
161,19,568
162,19,342
163,19,97
164,19,400
165,19,134
166,19,305
167,19,838
168,19,428
169,19,783
170,19,590
171,19,473
172,19,402
173,19,233
174,19,806
175,19,852
176,19,207
177,19,784
178,19,878
179,19,176
180,19,1003
181,19,921
182,19,399
183,19,350
184,19,328
185,19,437
186,19,845
187,19,20
188,19,321
189,19,743
190,19,276
191,19,467
192,19,557
193,19,673
194,19,580
195,19,938
196,19,202
197,19,821
198,19,584
199,19,339
200,19,723
201,19,622
202,19,856
203,19,487
204,19,304
205,19,52
206,19,741
207,19,199
208,19,571
209,19,470
210,19,210
211,19,667
212,19,708
213,19,11
214,19,308
215,19,81
216,19,884
217,19,772
218,19,569
219,19,672
220,19,947
221,19,298
222,19,156
223,19,334
224,19,432
225,19,324
226,19,701
227,19,891
228,19,327
229,19,450
230,19,251
231,19,27
232,19,99
233,19,280
234,19,792
235,19,219
236,19,565
237,19,48
238,19,546
239,19,273
240,19,277
241,19,558
242,19,561
243,19,823
244,19,564
245,19,179
246,19,498
247,19,459
248,19,177
249,19,351
250,19,335
251,19,981
252,19,121
253,19,172
254,19,80
255,19,387
256,19,239
257,19,887
258,19,5
259,19,909
260,19,98
261,19,629
262,19,670
263,19,223
264,19,780
265,19,654
266,19,127
267,19,457
268,19,458
269,19,436
270,19,326
271,19,624
272,19,595
273,19,255
274,19,463
275,19,214
276,19,245
277,19,548
278,19,439
279,19,797
280,19,951
281,19,261
282,19,216
283,19,869
284,19,705
285,19,269
286,19,930
287,19,503
288,19,841
289,19,813
290,19,525
291,19,234
292,19,626
293,19,243
294,19,507
295,19,630
296,19,336
297,19,599
298,19,147
299,19,15
300,19,203
301,19,431
302,19,41
303,19,754
304,19,220
305,19,621
306,19,589
307,19,320
308,19,309
309,19,419
310,19,693
311,19,492
312,19,283
313,19,434
314,19,612
315,19,555
316,19,119
317,19,433
318,19,694
319,19,791
320,19,313
321,19,539
322,19,526
323,19,496
324,19,8
325,19,230
326,19,237
327,19,684
328,19,263
329,19,244
330,19,426
331,19,285
332,19,885
333,19,547
334,19,788
335,19,689
336,19,265
337,19,209
338,19,70
339,19,733
340,19,890
341,19,587
342,19,112
343,19,451
344,19,438
345,19,1005
346,19,510
347,19,529
348,19,737
349,19,976
350,19,208
351,19,542
352,19,854
353,19,651
354,19,442
355,19,707
356,19,541
357,19,799
358,19,549
359,19,435
360,19,388
361,19,468
362,19,945
363,19,563
364,19,567
365,19,916
366,19,559
367,19,404
368,19,842
369,19,578
370,19,46
371,19,922
372,19,200
373,19,562
374,19,13
375,19,826
376,19,722
377,19,472
378,19,817
379,19,193
380,19,598
381,19,866
382,19,836
383,19,370
384,19,581
385,19,175
386,19,570
387,19,795
388,19,892
389,19,482
390,19,246
391,19,880
392,19,706
393,19,751
394,19,603
395,19,286
396,19,362
397,19,683
398,19,465
399,19,238
0,20,457
1,20,470
2,20,463
3,20,595
4,20,658
5,20,954
6,20,1002
7,20,652
8,20,311
9,20,527
10,20,554
11,20,279
12,20,501
13,20,786
14,20,179
15,20,618
16,20,785
17,20,851
18,20,523
19,20,465
20,20,714
21,20,257
22,20,468
23,20,176
24,20,747
25,20,661
26,20,541
27,20,414
28,20,901
29,20,141
30,20,717
31,20,396
32,20,1013
33,20,220
34,20,932
35,20,404
36,20,429
37,20,637
38,20,564
39,20,620
40,20,969
41,20,753
42,20,665
43,20,273
44,20,264
45,20,555
46,20,627
47,20,346
48,20,689
49,20,767
50,20,302
51,20,433
52,20,716
53,20,487
54,20,933
55,20,848
56,20,496
57,20,108
58,20,212
59,20,505
60,20,493
61,20,412
62,20,244
63,20,847
64,20,775
65,20,681
66,20,596
67,20,876
68,20,398
69,20,748
70,20,540
71,20,354
72,20,649
73,20,690
74,20,172
75,20,506
76,20,616
77,20,145
78,20,842
79,20,751
80,20,508
81,20,710
82,20,336
83,20,388
84,20,283
85,20,693
86,20,670
87,20,210
88,20,684
89,20,780
90,20,585
91,20,586
92,20,626
93,20,222
94,20,685
95,20,887
96,20,342
97,20,790
98,20,531
99,20,592
100,20,945
101,20,678
102,20,629
103,20,334
104,20,659
105,20,614
106,20,137
107,20,139
108,20,323
109,20,662
110,20,381
111,20,451
112,20,313
113,20,821
114,20,434
115,20,450
116,20,242
117,20,338
118,20,163
119,20,633
120,20,968
121,20,403
122,20,368
123,20,749
124,20,263
125,20,366
126,20,204
127,20,324
128,20,584
129,20,239
130,20,437
131,20,985
132,20,81
133,20,518
134,20,617
135,20,362
136,20,907
137,20,778
138,20,203
139,20,619
140,20,340
141,20,724
142,20,607
143,20,113
144,20,142
145,20,692
146,20,782
147,20,277
148,20,251
149,20,44
150,20,638
151,20,551
152,20,502
153,20,477
154,20,235
155,20,374
156,20,130
157,20,952
158,20,754
159,20,720
160,20,240
161,20,536
162,20,310
163,20,98
164,20,400
165,20,133
166,20,306
167,20,838
168,20,460
169,20,784
170,20,589
171,20,473
172,20,401
173,20,201
174,20,805
175,20,820
176,20,208
177,20,752
178,20,878
179,20,175
180,20,1003
181,20,921
182,20,399
183,20,382
184,20,327
185,20,438
186,20,844
187,20,20
188,20,289
189,20,743
190,20,308
191,20,499
192,20,525
193,20,674
194,20,580
195,20,938
196,20,234
197,20,822
198,20,552
199,20,307
200,20,691
201,20,623
202,20,888
203,20,519
204,20,272
205,20,84
206,20,709
207,20,200
208,20,570
209,20,469
210,20,178
211,20,667
212,20,740
213,20,10
214,20,309
215,20,80
216,20,852
217,20,772
218,20,568
219,20,672
220,20,948
221,20,266
222,20,156
223,20,335
224,20,464
225,20,356
226,20,733
227,20,923
228,20,295
229,20,482
230,20,252
231,20,27
232,20,67
233,20,281
234,20,824
235,20,219
236,20,533
237,20,49
238,20,578
239,20,305
240,20,245
241,20,590
242,20,529
243,20,791
244,20,565
245,20,211
246,20,498
247,20,459
248,20,177
249,20,350
250,20,367
251,20,982
252,20,122
253,20,173
254,20,112
255,20,355
256,20,207
257,20,855
258,20,5
259,20,908
260,20,66
261,20,628
262,20,669
263,20,255
264,20,781
265,20,653
266,20,127
267,20,458
268,20,426
269,20,436
270,20,358
271,20,624
272,20,563
273,20,254
274,20,431
275,20,214
276,20,213
277,20,516
278,20,439
279,20,797
280,20,951
281,20,293
282,20,216
283,20,869
284,20,673
285,20,237
286,20,930
287,20,535
288,20,841
289,20,845
290,20,526
291,20,233
292,20,625
293,20,243
294,20,539
295,20,630
296,20,304
297,20,600
298,20,146
299,20,16
300,20,202
301,20,430
302,20,41
303,20,722
304,20,221
305,20,622
306,20,621
307,20,352
308,20,341
309,20,420
310,20,725
311,20,524
312,20,315
313,20,402
314,20,612
315,20,587
316,20,119
317,20,432
318,20,695
319,20,792
320,20,345
321,20,571
322,20,558
323,20,528
324,20,8
325,20,229
326,20,238
327,20,683
328,20,231
329,20,276
330,20,394
331,20,285
332,20,886
333,20,548
334,20,788
335,20,657
336,20,265
337,20,241
338,20,70
339,20,765
340,20,889
341,20,588
342,20,144
343,20,419
344,20,406
345,20,1005
346,20,511
347,20,497
348,20,737
349,20,976
350,20,209
351,20,510
352,20,854
353,20,650
354,20,442
355,20,707
356,20,573
357,20,799
358,20,550
359,20,435
360,20,387
361,20,467
362,20,946
363,20,562
364,20,599
365,20,884
366,20,559
367,20,405
368,20,810
369,20,579
370,20,45
371,20,922
372,20,168
373,20,561
374,20,13
375,20,826
376,20,721
377,20,471
378,20,849
379,20,225
380,20,597
381,20,834
382,20,804
383,20,371
384,20,613
385,20,174
386,20,569
387,20,796
388,20,892
389,20,514
390,20,278
391,20,881
392,20,738
393,20,750
394,20,604
395,20,286
396,20,330
397,20,651
398,20,466
399,20,206
0,21,458
1,21,438
2,21,464
3,21,594
4,21,659
5,21,954
6,21,1003
7,21,653
8,21,343
9,21,528
10,21,586
11,21,278
12,21,502
13,21,786
14,21,211
15,21,650
16,21,817
17,21,883
18,21,522
19,21,466
20,21,713
21,21,256
22,21,436
23,21,175
24,21,746
25,21,629
26,21,540
27,21,413
28,21,901
29,21,109
30,21,716
31,21,428
32,21,1013
33,21,188
34,21,931
35,21,404
36,21,461
37,21,637
38,21,596
39,21,652
40,21,968
41,21,721
42,21,665
43,21,273
44,21,265
45,21,554
46,21,626
47,21,345
48,21,690
49,21,767
50,21,302
51,21,433
52,21,748
53,21,487
54,21,933
55,21,847
56,21,497
57,21,107
58,21,244
59,21,473
60,21,525
61,21,444
62,21,276
63,21,879
64,21,775
65,21,681
66,21,595
67,21,877
68,21,366
69,21,749
70,21,539
71,21,322
72,21,648
73,21,722
74,21,173
75,21,506
76,21,616
77,21,144
78,21,810
79,21,783
80,21,509
81,21,711
82,21,335
83,21,356
84,21,283
85,21,694
86,21,669
87,21,178
88,21,683
89,21,780
90,21,617
91,21,585
92,21,625
93,21,190
94,21,717
95,21,919
96,21,374
97,21,790
98,21,531
99,21,624
100,21,913
101,21,710
102,21,597
103,21,333
104,21,627
105,21,614
106,21,137
107,21,171
108,21,291
109,21,661
110,21,349
111,21,450
112,21,281
113,21,822
114,21,435
115,21,449
116,21,242
117,21,306
118,21,164
119,21,601
120,21,967
121,21,402
122,21,369
123,21,781
124,21,264
125,21,334
126,21,172
127,21,324
128,21,552
129,21,240
130,21,469
131,21,985
132,21,49
133,21,486
134,21,618
135,21,330
136,21,875
137,21,779
138,21,202
139,21,587
140,21,340
141,21,725
142,21,607
143,21,114
144,21,141
145,21,724
146,21,814
147,21,245
148,21,252
149,21,43
150,21,670
151,21,550
152,21,534
153,21,445
154,21,203
155,21,375
156,21,131
157,21,952
158,21,755
159,21,752
160,21,241
161,21,504
162,21,311
163,21,98
164,21,432
165,21,101
166,21,307
167,21,838
168,21,492
169,21,785
170,21,557
171,21,472
172,21,400
173,21,200
174,21,804
175,21,821
176,21,176
177,21,753
178,21,878
179,21,174
180,21,971
181,21,921
182,21,398
183,21,414
184,21,326
185,21,439
186,21,843
187,21,20
188,21,288
189,21,743
190,21,309
191,21,499
192,21,526
193,21,706
194,21,581
195,21,938
196,21,266
197,21,823
198,21,553
199,21,308
200,21,692
201,21,655
202,21,920
203,21,551
204,21,272
205,21,85
206,21,709
207,21,168
208,21,571
209,21,501
210,21,179
211,21,667
212,21,739
213,21,42
214,21,341
215,21,80
216,21,884
217,21,772
218,21,568
219,21,673
220,21,980
221,21,267
222,21,156
223,21,367
224,21,496
225,21,355
226,21,765
227,21,955
228,21,263
229,21,514
230,21,253
231,21,27
232,21,68
233,21,249
234,21,825
235,21,219
236,21,533
237,21,50
238,21,610
239,21,304
240,21,213
241,21,589
242,21,529
243,21,792
244,21,566
245,21,212
246,21,498
247,21,459
248,21,177
249,21,318
250,21,368
251,21,982
252,21,123
253,21,205
254,21,113
255,21,323
256,21,208
257,21,854
258,21,5
259,21,907
260,21,34
261,21,660
262,21,701
263,21,287
264,21,782
265,21,621
266,21,127
267,21,426
268,21,394
269,21,437
270,21,390
271,21,623
272,21,564
273,21,255
274,21,430
275,21,214
276,21,181
277,21,548
278,21,471
279,21,797
280,21,951
281,21,294
282,21,216
283,21,869
284,21,641
285,21,236
286,21,930
287,21,567
288,21,842
289,21,844
290,21,527
291,21,201
292,21,657
293,21,243
294,21,507
295,21,630
296,21,303
297,21,599
298,21,145
299,21,48
300,21,234
301,21,429
302,21,41
303,21,723
304,21,222
305,21,622
306,21,620
307,21,353
308,21,342
309,21,420
310,21,693
311,21,524
312,21,315
313,21,401
314,21,613
315,21,588
316,21,119
317,21,431
318,21,696
319,21,760
320,21,377
321,21,603
322,21,590
323,21,560
324,21,8
325,21,197
326,21,239
327,21,651
328,21,199
329,21,277
330,21,362
331,21,285
332,21,887
333,21,580
334,21,820
335,21,658
336,21,233
337,21,209
338,21,70
339,21,766
340,21,888
341,21,556
342,21,112
343,21,387
344,21,405
345,21,1005
346,21,510
347,21,465
348,21,737
349,21,976
350,21,210
351,21,478
352,21,886
353,21,649
354,21,442
355,21,707
356,21,605
357,21,799
358,21,518
359,21,467
360,21,388
361,21,468
362,21,978
363,21,563
364,21,631
365,21,885
366,21,558
367,21,373
368,21,809
369,21,547
370,21,44
371,21,922
372,21,136
373,21,561
374,21,45
375,21,826
376,21,720
377,21,470
378,21,849
379,21,257
380,21,565
381,21,802
382,21,803
383,21,403
384,21,645
385,21,206
386,21,569
387,21,828
388,21,892
389,21,546
390,21,310
391,21,882
392,21,770
393,21,750
394,21,604
395,21,286
396,21,298
397,21,619
398,21,434
399,21,207
0,22,426
1,22,406
2,22,432
3,22,626
4,22,627
5,22,954
6,22,1004
7,22,654
8,22,311
9,22,496
10,22,587
11,22,246
12,22,470
13,22,786
14,22,212
15,22,682
16,22,816
17,22,915
18,22,521
19,22,434
20,22,713
21,22,224
22,22,468
23,22,175
24,22,745
25,22,629
26,22,508
27,22,381
28,22,901
29,22,110
30,22,717
31,22,460
32,22,1013
33,22,156
34,22,930
35,22,405
36,22,462
37,22,638
38,22,595
39,22,684
40,22,1000
41,22,689
42,22,665
43,22,273
44,22,264
45,22,586
46,22,625
47,22,344
48,22,658
49,22,767
50,22,303
51,22,401
52,22,716
53,22,487
54,22,933
55,22,879
56,22,465
57,22,139
58,22,276
59,22,472
60,22,524
61,22,476
62,22,277
63,22,911
64,22,775
65,22,649
66,22,594
67,22,877
68,22,367
69,22,781
70,22,571
71,22,322
72,22,647
73,22,722
74,22,174
75,22,506
76,22,616
77,22,176
78,22,778
79,22,784
80,22,541
81,22,712
82,22,334
83,22,324
84,22,283
85,22,695
86,22,701
87,22,179
88,22,715
89,22,748
90,22,618
91,22,585
92,22,657
93,22,222
94,22,749
95,22,887
96,22,375
97,22,791
98,22,531
99,22,624
100,22,914
101,22,709
102,22,596
103,22,332
104,22,628
105,22,614
106,22,105
107,22,172
108,22,292
109,22,661
110,22,348
111,22,449
112,22,249
113,22,790
114,22,436
115,22,481
116,22,210
117,22,274
118,22,165
119,22,602
120,22,966
121,22,402
122,22,370
123,22,780
124,22,263
125,22,302
126,22,140
127,22,323
128,22,553
129,22,239
130,22,437
131,22,985
132,22,81
133,22,518
134,22,619
135,22,298
136,22,843
137,22,779
138,22,234
139,22,588
140,22,308
141,22,757
142,22,607
143,22,146
144,22,141
145,22,692
146,22,815
147,22,245
148,22,253
149,22,42
150,22,669
151,22,550
152,22,533
153,22,445
154,22,171
155,22,407
156,22,132
157,22,984
158,22,723
159,22,752
160,22,240
161,22,504
162,22,312
163,22,98
164,22,433
165,22,100
166,22,339
167,22,838
168,22,491
169,22,753
170,22,525
171,22,440
172,22,368
173,22,168
174,22,836
175,22,822
176,22,177
177,22,754
178,22,878
179,22,206
180,22,1003
181,22,921
182,22,430
183,22,413
184,22,294
185,22,471
186,22,811
187,22,20
188,22,256
189,22,743
190,22,310
191,22,498
192,22,494
193,22,738
194,22,580
195,22,938
196,22,267
197,22,824
198,22,554
199,22,307
200,22,693
201,22,687
202,22,952
203,22,583
204,22,272
205,22,86
206,22,708
207,22,136
208,22,570
209,22,502
210,22,147
211,22,667
212,22,771
213,22,74
214,22,309
215,22,48
216,22,916
217,22,772
218,22,567
219,22,705
220,22,981
221,22,235
222,22,157
223,22,399
224,22,464
225,22,387
226,22,797
227,22,987
228,22,231
229,22,546
230,22,221
231,22,27
232,22,36
233,22,217
234,22,857
235,22,219
236,22,501
237,22,51
238,22,609
239,22,336
240,22,213
241,22,590
242,22,529
243,22,793
244,22,534
245,22,244
246,22,497
247,22,458
248,22,145
249,22,318
250,22,369
251,22,982
252,22,155
253,22,173
254,22,114
255,22,291
256,22,209
257,22,886
258,22,5
259,22,939
260,22,34
261,22,660
262,22,733
263,22,319
264,22,783
265,22,589
266,22,127
267,22,394
268,22,362
269,22,438
270,22,390
271,22,623
272,22,565
273,22,223
274,22,429
275,22,214
276,22,149
277,22,548
278,22,503
279,22,829
280,22,951
281,22,293
282,22,216
283,22,869
284,22,641
285,22,204
286,22,962
287,22,599
288,22,842
289,22,844
290,22,528
291,22,202
292,22,656
293,22,242
294,22,539
295,22,630
296,22,335
297,22,600
298,22,144
299,22,49
300,22,233
301,22,461
302,22,41
303,22,724
304,22,254
305,22,621
306,22,652
307,22,385
308,22,343
309,22,419
310,22,725
311,22,556
312,22,315
313,22,400
314,22,645
315,22,620
316,22,119
317,22,431
318,22,697
319,22,728
320,22,378
321,22,603
322,22,622
323,22,559
324,22,8
325,22,197
326,22,207
327,22,650
328,22,167
329,22,278
330,22,330
331,22,285
332,22,888
333,22,612
334,22,821
335,22,659
336,22,265
337,22,241
338,22,70
339,22,765
340,22,856
341,22,555
342,22,112
343,22,388
344,22,373
345,22,1005
346,22,542
347,22,466
348,22,737
349,22,976
350,22,211
351,22,477
352,22,885
353,22,648
354,22,442
355,22,707
356,22,637
357,22,799
358,22,519
359,22,499
360,22,420
361,22,467
362,22,1010
363,22,564
364,22,663
365,22,884
366,22,557
367,22,341
368,22,777
369,22,515
370,22,43
371,22,922
372,22,137
373,22,560
374,22,45
375,22,826
376,22,719
377,22,469
378,22,849
379,22,289
380,22,597
381,22,801
382,22,803
383,22,404
384,22,646
385,22,238
386,22,568
387,22,828
388,22,892
389,22,547
390,22,342
391,22,883
392,22,802
393,22,782
394,22,605
395,22,286
396,22,266
397,22,651
398,22,435
399,22,208
0,23,394
1,23,406
2,23,433
3,23,625
4,23,595
5,23,954
6,23,1005
7,23,655
8,23,311
9,23,464
10,23,588
11,23,245
12,23,438
13,23,786
14,23,244
15,23,682
16,23,817
17,23,947
18,23,520
19,23,435
20,23,712
21,23,225
22,23,467
23,23,207
24,23,713
25,23,597
26,23,476
27,23,382
28,23,901
29,23,142
30,23,685
31,23,492
32,23,1013
33,23,124
34,23,898
35,23,373
36,23,463
37,23,606
38,23,594
39,23,716
40,23,999
41,23,690
42,23,665
43,23,241
44,23,263
45,23,585
46,23,657
47,23,343
48,23,659
49,23,767
50,23,302
51,23,400
52,23,717
53,23,487
54,23,933
55,23,878
56,23,466
57,23,171
58,23,277
59,23,471
60,23,523
61,23,477
62,23,278
63,23,879
64,23,775
65,23,617
66,23,626
67,23,877
68,23,399
69,23,782
70,23,603
71,23,323
72,23,646
73,23,721
74,23,175
75,23,506
76,23,616
77,23,177
78,23,777
79,23,816
80,23,573
81,23,744
82,23,333
83,23,292
84,23,283
85,23,696
86,23,733
87,23,147
88,23,747
89,23,749
90,23,650
91,23,553
92,23,689
93,23,222
94,23,781
95,23,887
96,23,376
97,23,790
98,23,531
99,23,623
100,23,915
101,23,708
102,23,564
103,23,364
104,23,629
105,23,614
106,23,137
107,23,204
108,23,293
109,23,661
110,23,347
111,23,450
112,23,250
113,23,758
114,23,404
115,23,449
116,23,178
117,23,273
118,23,166
119,23,570
120,23,934
121,23,401
122,23,402
123,23,748
124,23,231
125,23,301
126,23,139
127,23,355
128,23,554
129,23,238
130,23,437
131,23,985
132,23,80
133,23,518
134,23,618
135,23,266
136,23,842
137,23,811
138,23,233
139,23,620
140,23,340
141,23,725
142,23,607
143,23,146
144,23,173
145,23,691
146,23,847
147,23,213
148,23,221
149,23,41
150,23,701
151,23,550
152,23,534
153,23,413
154,23,172
155,23,407
156,23,133
157,23,952
158,23,724
159,23,753
160,23,239
161,23,536
162,23,313
163,23,98
164,23,465
165,23,68
166,23,307
167,23,838
168,23,490
169,23,754
170,23,526
171,23,472
172,23,367
173,23,167
174,23,835
175,23,822
176,23,145
177,23,722
178,23,910
179,23,205
180,23,1003
181,23,921
182,23,462
183,23,412
184,23,326
185,23,503
186,23,812
187,23,20
188,23,256
189,23,743
190,23,342
191,23,497
192,23,494
193,23,739
194,23,580
195,23,938
196,23,299
197,23,825
198,23,555
199,23,306
200,23,694
201,23,719
202,23,951
203,23,615
204,23,272
205,23,87
206,23,740
207,23,168
208,23,571
209,23,501
210,23,115
211,23,667
212,23,770
213,23,106
214,23,308
215,23,47
216,23,916
217,23,772
218,23,567
219,23,737
220,23,982
221,23,203
222,23,157
223,23,431
224,23,432
225,23,419
226,23,796
227,23,1019
228,23,199
229,23,547
230,23,220
231,23,27
232,23,36
233,23,216
234,23,857
235,23,219
236,23,469
237,23,52
238,23,641
239,23,335
240,23,181
241,23,558
242,23,561
243,23,794
244,23,566
245,23,276
246,23,529
247,23,426
248,23,144
249,23,318
250,23,370
251,23,1014
252,23,156
253,23,174
254,23,114
255,23,259
256,23,210
257,23,854
258,23,5
259,23,971
260,23,34
261,23,660
262,23,732
263,23,351
264,23,784
265,23,557
266,23,127
267,23,362
268,23,330
269,23,439
270,23,390
271,23,622
272,23,533
273,23,223
274,23,461
275,23,214
276,23,148
277,23,516
278,23,504
279,23,797
280,23,919
281,23,294
282,23,184
283,23,869
284,23,640
285,23,236
286,23,930
287,23,631
288,23,810
289,23,843
290,23,496
291,23,202
292,23,656
293,23,242
294,23,540
295,23,630
296,23,334
297,23,599
298,23,176
299,23,50
300,23,265
301,23,493
302,23,73
303,23,692
304,23,286
305,23,589
306,23,684
307,23,386
308,23,375
309,23,420
310,23,693
311,23,524
312,23,315
313,23,368
314,23,677
315,23,652
316,23,119
317,23,430
318,23,698
319,23,728
320,23,379
321,23,602
322,23,621
323,23,527
324,23,8
325,23,197
326,23,208
327,23,651
328,23,135
329,23,279
330,23,298
331,23,285
332,23,889
333,23,613
334,23,821
335,23,627
336,23,264
337,23,240
338,23,70
339,23,765
340,23,855
341,23,587
342,23,112
343,23,356
344,23,341
345,23,973
346,23,574
347,23,434
348,23,738
349,23,976
350,23,212
351,23,445
352,23,886
353,23,647
354,23,442
355,23,707
356,23,669
357,23,799
358,23,551
359,23,498
360,23,421
361,23,499
362,23,1011
363,23,565
364,23,695
365,23,885
366,23,556
367,23,309
368,23,745
369,23,483
370,23,42
371,23,922
372,23,138
373,23,559
374,23,45
375,23,826
376,23,751
377,23,468
378,23,849
379,23,321
380,23,596
381,23,769
382,23,771
383,23,405
384,23,678
385,23,206
386,23,568
387,23,828
388,23,892
389,23,548
390,23,374
391,23,884
392,23,834
393,23,814
394,23,637
395,23,287
396,23,234
397,23,619
398,23,436
399,23,209
0,24,362
1,24,405
2,24,434
3,24,624
4,24,563
5,24,954
6,24,1006
7,24,656
8,24,312
9,24,463
10,24,589
11,24,213
12,24,406
13,24,786
14,24,276
15,24,683
16,24,817
17,24,946
18,24,520
19,24,436
20,24,711
21,24,193
22,24,466
23,24,206
24,24,712
25,24,565
26,24,476
27,24,382
28,24,901
29,24,142
30,24,686
31,24,491
32,24,1013
33,24,123
34,24,898
35,24,341
36,24,431
37,24,574
38,24,626
39,24,717
40,24,998
41,24,691
42,24,665
43,24,240
44,24,231
45,24,584
46,24,689
47,24,311
48,24,627
49,24,767
50,24,302
51,24,432
52,24,749
53,24,487
54,24,933
55,24,910
56,24,465
57,24,170
58,24,278
59,24,439
60,24,523
61,24,477
62,24,279
63,24,847
64,24,775
65,24,585
66,24,625
67,24,877
68,24,400
69,24,750
70,24,602
71,24,323
72,24,647
73,24,753
74,24,176
75,24,506
76,24,616
77,24,177
78,24,776
79,24,815
80,24,605
81,24,745
82,24,332
83,24,260
84,24,283
85,24,664
86,24,765
87,24,115
88,24,779
89,24,748
90,24,682
91,24,521
92,24,688
93,24,190
94,24,782
95,24,919
96,24,377
97,24,790
98,24,532
99,24,623
100,24,916
101,24,740
102,24,596
103,24,396
104,24,597
105,24,646
106,24,137
107,24,203
108,24,294
109,24,660
110,24,346
111,24,482
112,24,251
113,24,758
114,24,404
115,24,450
116,24,179
117,24,241
118,24,166
119,24,571
120,24,902
121,24,401
122,24,403
123,24,747
124,24,199
125,24,301
126,24,138
127,24,387
128,24,555
129,24,237
130,24,469
131,24,985
132,24,48
133,24,518
134,24,618
135,24,234
136,24,810
137,24,843
138,24,265
139,24,621
140,24,340
141,24,724
142,24,607
143,24,114
144,24,173
145,24,723
146,24,848
147,24,212
148,24,222
149,24,40
150,24,733
151,24,550
152,24,534
153,24,381
154,24,140
155,24,407
156,24,134
157,24,920
158,24,692
159,24,785
160,24,207
161,24,504
162,24,281
163,24,98
164,24,433
165,24,67
166,24,307
167,24,838
168,24,522
169,24,722
170,24,494
171,24,473
172,24,366
173,24,167
174,24,834
175,24,823
176,24,146
177,24,690
178,24,942
179,24,204
180,24,1003
181,24,921
182,24,461
183,24,444
184,24,325
185,24,535
186,24,844
187,24,20
188,24,256
189,24,743
190,24,374
191,24,498
192,24,462
193,24,771
194,24,581
195,24,938
196,24,331
197,24,857
198,24,556
199,24,306
200,24,695
201,24,751
202,24,952
203,24,614
204,24,272
205,24,88
206,24,741
207,24,168
208,24,539
209,24,502
210,24,116
211,24,667
212,24,769
213,24,105
214,24,308
215,24,46
216,24,884
217,24,772
218,24,566
219,24,736
220,24,983
221,24,171
222,24,156
223,24,430
224,24,464
225,24,451
226,24,828
227,24,1020
228,24,200
229,24,548
230,24,252
231,24,27
232,24,36
233,24,184
234,24,858
235,24,219
236,24,470
237,24,84
238,24,673
239,24,334
240,24,149
241,24,526
242,24,529
243,24,794
244,24,598
245,24,277
246,24,528
247,24,394
248,24,145
249,24,350
250,24,402
251,24,982
252,24,188
253,24,175
254,24,113
255,24,227
256,24,211
257,24,822
258,24,5
259,24,970
260,24,34
261,24,659
262,24,731
263,24,351
264,24,816
265,24,557
266,24,127
267,24,330
268,24,298
269,24,438
270,24,390
271,24,622
272,24,501
273,24,223
274,24,493
275,24,214
276,24,147
277,24,515
278,24,503
279,24,797
280,24,951
281,24,326
282,24,185
283,24,869
284,24,608
285,24,236
286,24,930
287,24,663
288,24,811
289,24,842
290,24,497
291,24,202
292,24,657
293,24,242
294,24,541
295,24,630
296,24,333
297,24,567
298,24,208
299,24,51
300,24,297
301,24,492
302,24,41
303,24,693
304,24,318
305,24,590
306,24,716
307,24,386
308,24,376
309,24,420
310,24,725
311,24,525
312,24,315
313,24,367
314,24,709
315,24,684
316,24,119
317,24,429
318,24,699
319,24,728
320,24,380
321,24,601
322,24,653
323,24,527
324,24,8
325,24,197
326,24,209
327,24,652
328,24,135
329,24,280
330,24,266
331,24,285
332,24,890
333,24,645
334,24,821
335,24,595
336,24,263
337,24,239
338,24,70
339,24,766
340,24,887
341,24,619
342,24,144
343,24,324
344,24,309
345,24,1005
346,24,575
347,24,435
348,24,738
349,24,976
350,24,244
351,24,413
352,24,854
353,24,615
354,24,442
355,24,707
356,24,701
357,24,799
358,24,552
359,24,499
360,24,453
361,24,531
362,24,1012
363,24,533
364,24,696
365,24,886
366,24,588
367,24,310
368,24,713
369,24,483
370,24,74
371,24,922
372,24,106
373,24,558
374,24,45
375,24,826
376,24,752
377,24,467
378,24,849
379,24,353
380,24,628
381,24,737
382,24,770
383,24,373
384,24,679
385,24,238
386,24,568
387,24,829
388,24,892
389,24,580
390,24,375
391,24,885
392,24,866
393,24,813
394,24,669
395,24,286
396,24,235
397,24,620
398,24,437
399,24,210
0,25,363
1,25,373
2,25,402
3,25,623
4,25,564
5,25,954
6,25,1006
7,25,657
8,25,311
9,25,463
10,25,589
11,25,212
12,25,407
13,25,754
14,25,308
15,25,682
16,25,818
17,25,945
18,25,520
19,25,437
20,25,710
21,25,161
22,25,465
23,25,205
24,25,713
25,25,533
26,25,477
27,25,350
28,25,900
29,25,142
30,25,654
31,25,490
32,25,1013
33,25,122
34,25,866
35,25,342
36,25,399
37,25,542
38,25,658
39,25,749
40,25,997
41,25,692
42,25,665
43,25,239
44,25,199
45,25,583
46,25,721
47,25,279
48,25,595
49,25,767
50,25,334
51,25,433
52,25,750
53,25,487
54,25,933
55,25,909
56,25,497
57,25,170
58,25,310
59,25,438
60,25,522
61,25,445
62,25,280
63,25,847
64,25,775
65,25,553
66,25,624
67,25,877
68,25,432
69,25,782
70,25,601
71,25,324
72,25,648
73,25,785
74,25,208
75,25,506
76,25,616
77,25,177
78,25,744
79,25,815
80,25,637
81,25,746
82,25,331
83,25,259
84,25,283
85,25,632
86,25,766
87,25,116
88,25,811
89,25,716
90,25,714
91,25,489
92,25,720
93,25,189
94,25,814
95,25,920
96,25,378
97,25,790
98,25,532
99,25,622
100,25,884
101,25,739
102,25,596
103,25,396
104,25,598
105,25,678
106,25,105
107,25,171
108,25,295
109,25,660
110,25,345
111,25,450
112,25,219
113,25,758
114,25,436
115,25,451
116,25,147
117,25,240
118,25,134
119,25,603
120,25,901
121,25,400
122,25,404
123,25,748
124,25,200
125,25,302
126,25,137
127,25,419
128,25,523
129,25,269
130,25,468
131,25,985
132,25,16
133,25,518
134,25,619
135,25,235
136,25,778
137,25,844
138,25,264
139,25,621
140,25,341
141,25,725
142,25,639
143,25,113
144,25,173
145,25,724
146,25,849
147,25,211
148,25,190
149,25,39
150,25,765
151,25,550
152,25,535
153,25,382
154,25,108
155,25,439
156,25,135
157,25,952
158,25,693
159,25,786
160,25,207
161,25,504
162,25,249
163,25,98
164,25,401
165,25,35
166,25,339
167,25,838
168,25,554
169,25,723
170,25,462
171,25,473
172,25,366
173,25,166
174,25,834
175,25,822
176,25,114
177,25,691
178,25,910
179,25,236
180,25,1003
181,25,921
182,25,493
183,25,476
184,25,293
185,25,567
186,25,845
187,25,20
188,25,256
189,25,743
190,25,406
191,25,499
192,25,430
193,25,803
194,25,581
195,25,938
196,25,330
197,25,858
198,25,524
199,25,306
200,25,663
201,25,752
202,25,951
203,25,646
204,25,272
205,25,89
206,25,709
207,25,168
208,25,571
209,25,534
210,25,117
211,25,667
212,25,768
213,25,104
214,25,307
215,25,45
216,25,852
217,25,772
218,25,565
219,25,736
220,25,984
221,25,139
222,25,156
223,25,429
224,25,496
225,25,483
226,25,827
227,25,1020
228,25,201
229,25,580
230,25,251
231,25,27
232,25,36
233,25,184
234,25,890
235,25,187
236,25,471
237,25,85
238,25,705
239,25,333
240,25,148
241,25,494
242,25,529
243,25,794
244,25,566
245,25,278
246,25,527
247,25,393
248,25,144
249,25,318
250,25,370
251,25,982
252,25,220
253,25,175
254,25,145
255,25,226
256,25,243
257,25,821
258,25,5
259,25,969
260,25,34
261,25,659
262,25,763
263,25,351
264,25,817
265,25,525
266,25,127
267,25,298
268,25,266
269,25,470
270,25,390
271,25,590
272,25,469
273,25,223
274,25,492
275,25,214
276,25,146
277,25,514
278,25,503
279,25,797
280,25,919
281,25,294
282,25,217
283,25,869
284,25,609
285,25,237
286,25,930
287,25,664
288,25,843
289,25,810
290,25,498
291,25,202
292,25,689
293,25,241
294,25,541
295,25,630
296,25,332
297,25,599
298,25,209
299,25,52
300,25,329
301,25,491
302,25,41
303,25,694
304,25,317
305,25,558
306,25,717
307,25,386
308,25,377
309,25,420
310,25,757
311,25,526
312,25,315
313,25,335
314,25,708
315,25,685
316,25,119
317,25,428
318,25,700
319,25,727
320,25,412
321,25,600
322,25,652
323,25,559
324,25,8
325,25,197
326,25,210
327,25,620
328,25,167
329,25,281
330,25,234
331,25,285
332,25,891
333,25,677
334,25,820
335,25,563
336,25,231
337,25,238
338,25,70
339,25,734
340,25,855
341,25,651
342,25,176
343,25,292
344,25,277
345,25,1005
346,25,607
347,25,403
348,25,706
349,25,976
350,25,276
351,25,381
352,25,854
353,25,614
354,25,442
355,25,707
356,25,733
357,25,799
358,25,552
359,25,467
360,25,453
361,25,531
362,25,1012
363,25,501
364,25,728
365,25,887
366,25,587
367,25,309
368,25,681
369,25,482
370,25,73
371,25,922
372,25,106
373,25,557
374,25,77
375,25,826
376,25,753
377,25,466
378,25,881
379,25,385
380,25,627
381,25,738
382,25,770
383,25,374
384,25,680
385,25,206
386,25,568
387,25,828
388,25,892
389,25,612
390,25,343
391,25,886
392,25,867
393,25,812
394,25,701
395,25,286
396,25,203
397,25,588
398,25,405
399,25,242
0,26,364
1,26,341
2,26,403
3,26,622
4,26,565
5,26,954
6,26,1006
7,26,689
8,26,343
9,26,463
10,26,557
11,26,211
12,26,408
13,26,754
14,26,309
15,26,650
16,26,786
17,26,977
18,26,520
19,26,405
20,26,710
21,26,129
22,26,464
23,26,204
24,26,713
25,26,501
26,26,445
27,26,318
28,26,932
29,26,142
30,26,655
31,26,490
32,26,1013
33,26,121
34,26,834
35,26,310
36,26,400
37,26,510
38,26,657
39,26,748
40,26,997
41,26,693
42,26,665
43,26,207
44,26,167
45,26,615
46,26,753
47,26,280
48,26,596
49,26,767
50,26,366
51,26,433
52,26,782
53,26,487
54,26,933
55,26,908
56,26,498
57,26,170
58,26,311
59,26,437
60,26,554
61,26,413
62,26,312
63,26,847
64,26,775
65,26,521
66,26,623
67,26,877
68,26,431
69,26,781
70,26,600
71,26,325
72,26,649
73,26,817
74,26,209
75,26,506
76,26,616
77,26,176
78,26,712
79,26,783
80,26,669
81,26,747
82,26,330
83,26,227
84,26,283
85,26,633
86,26,798
87,26,117
88,26,810
89,26,717
90,26,746
91,26,457
92,26,719
93,26,221
94,26,815
95,26,919
96,26,379
97,26,790
98,26,532
99,26,621
100,26,885
101,26,771
102,26,564
103,26,396
104,26,599
105,26,646
106,26,104
107,26,139
108,26,295
109,26,659
110,26,345
111,26,449
112,26,187
113,26,758
114,26,435
115,26,483
116,26,148
117,26,239
118,26,133
119,26,604
120,26,900
121,26,432
122,26,436
123,26,716
124,26,201
125,26,302
126,26,137
127,26,451
128,26,524
129,26,269
130,26,467
131,26,986
132,26,16
133,26,518
134,26,651
135,26,203
136,26,777
137,26,876
138,26,263
139,26,589
140,26,342
141,26,724
142,26,671
143,26,114
144,26,173
145,26,723
146,26,850
147,26,243
148,26,190
149,26,38
150,26,766
151,26,550
152,26,535
153,26,382
154,26,76
155,26,440
156,26,136
157,26,952
158,26,694
159,26,785
160,26,206
161,26,504
162,26,217
163,26,98
164,26,401
165,26,35
166,26,307
167,26,838
168,26,553
169,26,691
170,26,462
171,26,473
172,26,398
173,26,165
174,26,835
175,26,822
176,26,115
177,26,692
178,26,878
179,26,235
180,26,1003
181,26,921
182,26,493
183,26,508
184,26,261
185,26,568
186,26,845
187,26,20
188,26,256
189,26,743
190,26,438
191,26,531
192,26,430
193,26,804
194,26,580
195,26,938
196,26,362
197,26,890
198,26,492
199,26,338
200,26,631
201,26,784
202,26,983
203,26,645
204,26,272
205,26,89
206,26,709
207,26,200
208,26,571
209,26,533
210,26,118
211,26,667
212,26,800
213,26,103
214,26,306
215,26,44
216,26,884
217,26,772
218,26,566
219,26,768
220,26,985
221,26,140
222,26,156
223,26,461
224,26,528
225,26,515
226,26,826
227,26,1020
228,26,202
229,26,612
230,26,251
231,26,27
232,26,36
233,26,184
234,26,889
235,26,155
236,26,439
237,26,86
238,26,737
239,26,332
240,26,116
241,26,494
242,26,497
243,26,794
244,26,534
245,26,279
246,26,526
247,26,393
248,26,112
249,26,319
250,26,402
251,26,982
252,26,252
253,26,175
254,26,177
255,26,194
256,26,244
257,26,820
258,26,5
259,26,968
260,26,34
261,26,658
262,26,763
263,26,350
264,26,818
265,26,525
266,26,127
267,26,266
268,26,265
269,26,502
270,26,390
271,26,590
272,26,470
273,26,223
274,26,491
275,26,214
276,26,145
277,26,513
278,26,503
279,26,797
280,26,951
281,26,294
282,26,216
283,26,869
284,26,610
285,26,236
286,26,930
287,26,696
288,26,842
289,26,778
290,26,466
291,26,234
292,26,688
293,26,240
294,26,541
295,26,630
296,26,331
297,26,567
298,26,241
299,26,84
300,26,361
301,26,523
302,26,41
303,26,662
304,26,317
305,26,559
306,26,749
307,26,386
308,26,378
309,26,420
310,26,725
311,26,558
312,26,315
313,26,334
314,26,740
315,26,685
316,26,119
317,26,428
318,26,668
319,26,728
320,26,444
321,26,632
322,26,684
323,26,560
324,26,8
325,26,197
326,26,242
327,26,620
328,26,166
329,26,313
330,26,233
331,26,285
332,26,892
333,26,678
334,26,852
335,26,562
336,26,230
337,26,237
338,26,70
339,26,734
340,26,854
341,26,652
342,26,208
343,26,260
344,26,245
345,26,1005
346,26,639
347,26,404
348,26,705
349,26,976
350,26,308
351,26,349
352,26,886
353,26,614
354,26,442
355,26,707
356,26,765
357,26,799
358,26,552
359,26,499
360,26,453
361,26,563
362,26,1012
363,26,469
364,26,760
365,26,888
366,26,619
367,26,277
368,26,682
369,26,450
370,26,105
371,26,922
372,26,106
373,26,556
374,26,45
375,26,858
376,26,752
377,26,465
378,26,849
379,26,417
380,26,595
381,26,706
382,26,738
383,26,375
384,26,681
385,26,238
386,26,569
387,26,828
388,26,924
389,26,613
390,26,344
391,26,887
392,26,868
393,26,844
394,26,733
395,26,286
396,26,171
397,26,587
398,26,373
399,26,274
0,27,332
1,27,342
2,27,404
3,27,621
4,27,566
5,27,954
6,27,1006
7,27,690
8,27,311
9,27,431
10,27,556
11,27,210
12,27,376
13,27,786
14,27,341
15,27,618
16,27,785
17,27,976
18,27,520
19,27,373
20,27,710
21,27,97
22,27,463
23,27,172
24,27,713
25,27,469
26,27,413
27,27,286
28,27,933
29,27,142
30,27,623
31,27,491
32,27,1013
33,27,120
34,27,802
35,27,278
36,27,401
37,27,478
38,27,689
39,27,716
40,27,997
41,27,694
42,27,665
43,27,206
44,27,166
45,27,647
46,27,752
47,27,281
48,27,564
49,27,767
50,27,367
51,27,434
52,27,814
53,27,487
54,27,934
55,27,907
56,27,466
57,27,170
58,27,312
59,27,438
60,27,553
61,27,412
62,27,313
63,27,848
64,27,775
65,27,521
66,27,622
67,27,877
68,27,432
69,27,749
70,27,599
71,27,326
72,27,649
73,27,849
74,27,209
75,27,506
76,27,616
77,27,208
78,27,711
79,27,782
80,27,701
81,27,748
82,27,329
83,27,195
84,27,283
85,27,601
86,27,830
87,27,118
88,27,842
89,27,685
90,27,778
91,27,458
92,27,719
93,27,220
94,27,847
95,27,887
96,27,347
97,27,790
98,27,532
99,27,620
100,27,886
101,27,770
102,27,563
103,27,364
104,27,567
105,27,646
106,27,136
107,27,107
108,27,327
109,27,658
110,27,344
111,27,449
112,27,155
113,27,758
114,27,435
115,27,482
116,27,149
117,27,207
118,27,101
119,27,605
120,27,932
121,27,400
122,27,437
123,27,715
124,27,200
125,27,334
126,27,105
127,27,483
128,27,492
129,27,237
130,27,499
131,27,985
132,27,16
133,27,518
134,27,652
135,27,171
136,27,776
137,27,908
138,27,295
139,27,557
140,27,310
141,27,724
142,27,670
143,27,114
144,27,173
145,27,723
146,27,851
147,27,211
148,27,190
149,27,37
150,27,798
151,27,550
152,27,534
153,27,381
154,27,75
155,27,472
156,27,137
157,27,952
158,27,695
159,27,817
160,27,174
161,27,504
162,27,185
163,27,98
164,27,433
165,27,35
166,27,308
167,27,838
168,27,585
169,27,659
170,27,430
171,27,473
172,27,366
173,27,165
174,27,834
175,27,822
176,27,147
177,27,693
178,27,878
179,27,234
180,27,1003
181,27,921
182,27,525
183,27,540
184,27,261
185,27,600
186,27,844
187,27,20
188,27,256
189,27,743
190,27,439
191,27,531
192,27,398
193,27,805
194,27,580
195,27,938
196,27,362
197,27,891
198,27,493
199,27,339
200,27,632
201,27,816
202,27,982
203,27,677
204,27,272
205,27,121
206,27,709
207,27,199
208,27,571
209,27,565
210,27,119
211,27,667
212,27,832
213,27,135
214,27,274
215,27,43
216,27,916
217,27,804
218,27,598
219,27,800
220,27,953
221,27,108
222,27,156
223,27,462
224,27,529
225,27,547
226,27,825
227,27,1020
228,27,203
229,27,613
230,27,251
231,27,27
232,27,36
233,27,184
234,27,857
235,27,123
236,27,407
237,27,87
238,27,769
239,27,331
240,27,115
241,27,494
242,27,465
243,27,794
244,27,533
245,27,280
246,27,558
247,27,394
248,27,112
249,27,318
250,27,403
251,27,1014
252,27,284
253,27,176
254,27,178
255,27,162
256,27,276
257,27,819
258,27,5
259,27,967
260,27,34
261,27,657
262,27,763
263,27,382
264,27,818
265,27,524
266,27,127
267,27,267
268,27,233
269,27,501
270,27,390
271,27,589
272,27,471
273,27,223
274,27,523
275,27,214
276,27,177
277,27,545
278,27,503
279,27,797
280,27,951
281,27,294
282,27,216
283,27,869
284,27,578
285,27,204
286,27,930
287,27,697
288,27,874
289,27,777
290,27,467
291,27,202
292,27,656
293,27,239
294,27,541
295,27,630
296,27,330
297,27,535
298,27,241
299,27,85
300,27,393
301,27,522
302,27,41
303,27,662
304,27,349
305,27,560
306,27,750
307,27,386
308,27,379
309,27,420
310,27,725
311,27,590
312,27,315
313,27,333
314,27,772
315,27,684
316,27,151
317,27,396
318,27,668
319,27,728
320,27,476
321,27,664
322,27,683
323,27,528
324,27,8
325,27,197
326,27,243
327,27,588
328,27,134
329,27,345
330,27,201
331,27,285
332,27,893
333,27,679
334,27,820
335,27,561
336,27,229
337,27,236
338,27,70
339,27,733
340,27,855
341,27,653
342,27,240
343,27,259
344,27,213
345,27,1005
346,27,671
347,27,405
348,27,737
349,27,1008
350,27,309
351,27,348
352,27,854
353,27,614
354,27,442
355,27,707
356,27,766
357,27,799
358,27,552
359,27,498
360,27,453
361,27,562
362,27,1012
363,27,468
364,27,792
365,27,889
366,27,651
367,27,245
368,27,650
369,27,451
370,27,104
371,27,922
372,27,106
373,27,555
374,27,45
375,27,826
376,27,751
377,27,464
378,27,881
379,27,418
380,27,594
381,27,674
382,27,706
383,27,375
384,27,682
385,27,238
386,27,568
387,27,828
388,27,892
389,27,645
390,27,343
391,27,888
392,27,900
393,27,843
394,27,765
395,27,254
396,27,139
397,27,587
398,27,374
399,27,242
0,28,333
1,28,310
2,28,405
3,28,620
4,28,567
5,28,954
6,28,1006
7,28,691
8,28,312
9,28,431
10,28,556
11,28,178
12,28,376
13,28,786
14,28,342
15,28,618
16,28,753
17,28,1008
18,28,520
19,28,374
20,28,678
21,28,96
22,28,462
23,28,140
24,28,713
25,28,470
26,28,413
27,28,287
28,28,934
29,28,142
30,28,624
31,28,491
32,28,1013
33,28,119
34,28,770
35,28,246
36,28,402
37,28,477
38,28,721
39,28,717
40,28,997
41,28,695
42,28,665
43,28,174
44,28,134
45,28,679
46,28,784
47,28,313
48,28,565
49,28,767
50,28,399
51,28,433
52,28,815
53,28,487
54,28,902
55,28,939
56,28,467
57,28,170
58,28,344
59,28,437
60,28,585
61,28,444
62,28,345
63,28,880
64,28,775
65,28,521
66,28,621
67,28,877
68,28,464
69,28,750
70,28,598
71,28,327
72,28,649
73,28,881
74,28,210
75,28,506
76,28,616
77,28,207
78,28,710
79,28,781
80,28,733
81,28,749
82,28,328
83,28,163
84,28,284
85,28,602
86,28,862
87,28,118
88,28,874
89,28,686
90,28,810
91,28,426
92,28,751
93,28,220
94,28,848
95,28,919
96,28,315
97,28,790
98,28,533
99,28,619
100,28,887
101,28,769
102,28,562
103,28,363
104,28,568
105,28,614
106,28,137
107,28,108
108,28,295
109,28,657
110,28,343
111,28,449
112,28,123
113,28,758
114,28,434
115,28,482
116,28,117
117,28,206
118,28,101
119,28,606
120,28,900
121,28,432
122,28,469
123,28,716
124,28,168
125,28,302
126,28,104
127,28,484
128,28,460
129,28,236
130,28,531
131,28,985
132,28,16
133,28,518
134,28,651
135,28,139
136,28,744
137,28,909
138,28,294
139,28,558
140,28,278
141,28,724
142,28,638
143,28,114
144,28,141
145,28,723
146,28,852
147,28,211
148,28,190
149,28,36
150,28,830
151,28,550
152,28,535
153,28,382
154,28,75
155,28,504
156,28,138
157,28,952
158,28,696
159,28,785
160,28,173
161,28,503
162,28,153
163,28,98
164,28,465
165,28,35
166,28,276
167,28,838
168,28,584
169,28,627
170,28,430
171,28,473
172,28,334
173,28,165
174,28,866
175,28,822
176,28,179
177,28,694
178,28,878
179,28,266
180,28,1003
181,28,921
182,28,557
183,28,541
184,28,261
185,28,599
186,28,843
187,28,20
188,28,256
189,28,743
190,28,438
191,28,563
192,28,366
193,28,806
194,28,580
195,28,938
196,28,394
197,28,923
198,28,461
199,28,307
200,28,600
201,28,817
202,28,981
203,28,709
204,28,273
205,28,122
206,28,708
207,28,200
208,28,571
209,28,597
210,28,151
211,28,667
212,28,864
213,28,135
214,28,242
215,28,42
216,28,916
217,28,836
218,28,566
219,28,832
220,28,953
221,28,76
222,28,156
223,28,494
224,28,497
225,28,579
226,28,824
227,28,1020
228,28,171
229,28,645
230,28,251
231,28,27
232,28,4
233,28,184
234,28,857
235,28,91
236,28,408
237,28,88
238,28,768
239,28,330
240,28,147
241,28,493
242,28,466
243,28,794
244,28,534
245,28,281
246,28,590
247,28,393
248,28,112
249,28,318
250,28,404
251,28,982
252,28,316
253,28,144
254,28,146
255,28,161
256,28,277
257,28,851
258,28,5
259,28,966
260,28,34
261,28,656
262,28,763
263,28,414
264,28,819
265,28,492
266,28,127
267,28,235
268,28,201
269,28,501
270,28,390
271,28,588
272,28,439
273,28,223
274,28,522
275,28,214
276,28,176
277,28,545
278,28,502
279,28,797
280,28,951
281,28,293
282,28,216
283,28,869
284,28,546
285,28,172
286,28,930
287,28,697
288,28,873
289,28,776
290,28,468
291,28,234
292,28,688
293,28,238
294,28,573
295,28,630
296,28,362
297,28,536
298,28,241
299,28,86
300,28,392
301,28,554
302,28,41
303,28,662
304,28,381
305,28,528
306,28,782
307,28,386
308,28,379
309,28,420
310,28,725
311,28,589
312,28,283
313,28,301
314,28,804
315,28,685
316,28,150
317,28,364
318,28,668
319,28,728
320,28,508
321,28,632
322,28,715
323,28,496
324,28,8
325,28,197
326,28,244
327,28,587
328,28,133
329,28,377
330,28,202
331,28,285
332,28,894
333,28,680
334,28,821
335,28,529
336,28,228
337,28,204
338,28,70
339,28,765
340,28,854
341,28,654
342,28,272
343,28,227
344,28,181
345,28,1005
346,28,670
347,28,373
348,28,737
349,28,1009
350,28,341
351,28,347
352,28,886
353,28,613
354,28,442
355,28,707
356,28,798
357,28,799
358,28,552
359,28,499
360,28,453
361,28,561
362,28,1012
363,28,436
364,28,793
365,28,890
366,28,683
367,28,213
368,28,682
369,28,419
370,28,103
371,28,922
372,28,106
373,28,555
374,28,45
375,28,826
376,28,752
377,28,463
378,28,913
379,28,450
380,28,594
381,28,642
382,28,674
383,28,407
384,28,681
385,28,237
386,28,569
387,28,828
388,28,892
389,28,677
390,28,311
391,28,889
392,28,901
393,28,875
394,28,766
395,28,286
396,28,107
397,28,586
398,28,375
399,28,243
0,29,301
1,29,310
2,29,373
3,29,652
4,29,568
5,29,954
6,29,1006
7,29,692
8,29,311
9,29,463
10,29,588
11,29,177
12,29,377
13,29,786
14,29,374
15,29,650
16,29,752
17,29,1008
18,29,519
19,29,375
20,29,679
21,29,64
22,29,494
23,29,172
24,29,713
25,29,438
26,29,414
27,29,287
28,29,933
29,29,110
30,29,592
31,29,492
32,29,1013
33,29,118
34,29,738
35,29,245
36,29,403
37,29,445
38,29,753
39,29,716
40,29,997
41,29,663
42,29,665
43,29,173
44,29,133
45,29,711
46,29,816
47,29,312
48,29,566
49,29,767
50,29,398
51,29,465
52,29,783
53,29,487
54,29,934
55,29,971
56,29,468
57,29,171
58,29,344
59,29,436
60,29,584
61,29,476
62,29,345
63,29,879
64,29,775
65,29,520
66,29,620
67,29,877
68,29,432
69,29,749
70,29,597
71,29,295
72,29,649
73,29,913
74,29,211
75,29,506
76,29,616
77,29,206
78,29,678
79,29,780
80,29,765
81,29,781
82,29,327
83,29,131
84,29,283
85,29,602
86,29,894
87,29,150
88,29,873
89,29,686
90,29,811
91,29,394
92,29,750
93,29,220
94,29,880
95,29,887
96,29,316
97,29,790
98,29,565
99,29,618
100,29,888
101,29,770
102,29,561
103,29,331
104,29,569
105,29,614
106,29,137
107,29,107
108,29,263
109,29,657
110,29,342
111,29,449
112,29,91
113,29,758
114,29,435
115,29,481
116,29,117
117,29,174
118,29,101
119,29,606
120,29,868
121,29,431
122,29,501
123,29,748
124,29,136
125,29,334
126,29,103
127,29,516
128,29,461
129,29,235
130,29,563
131,29,985
132,29,16
133,29,518
134,29,651
135,29,140
136,29,712
137,29,910
138,29,293
139,29,559
140,29,279
141,29,724
142,29,639
143,29,114
144,29,142
145,29,723
146,29,852
147,29,243
148,29,190
149,29,35
150,29,862
151,29,550
152,29,535
153,29,350
154,29,43
155,29,503
156,29,106
157,29,952
158,29,697
159,29,785
160,29,141
161,29,502
162,29,121
163,29,98
164,29,466
165,29,3
166,29,277
167,29,870
168,29,583
169,29,595
170,29,430
171,29,473
172,29,333
173,29,165
174,29,865
175,29,854
176,29,147
177,29,695
178,29,878
179,29,265
180,29,1003
181,29,921
182,29,556
183,29,573
184,29,261
185,29,598
186,29,843
187,29,20
188,29,256
189,29,743
190,29,437
191,29,562
192,29,367
193,29,838
194,29,580
195,29,938
196,29,393
197,29,955
198,29,429
199,29,308
200,29,601
201,29,849
202,29,980
203,29,708
204,29,241
205,29,123
206,29,740
207,29,199
208,29,571
209,29,596
210,29,183
211,29,667
212,29,896
213,29,135
214,29,210
215,29,41
216,29,916
217,29,804
218,29,567
219,29,864
220,29,953
221,29,77
222,29,156
223,29,526
224,29,498
225,29,578
226,29,823
227,29,1020
228,29,139
229,29,677
230,29,251
231,29,27
232,29,36
233,29,184
234,29,857
235,29,59
236,29,409
237,29,89
238,29,800
239,29,362
240,29,146
241,29,525
242,29,434
243,29,794
244,29,534
245,29,313
246,29,589
247,29,392
248,29,112
249,29,318
250,29,405
251,29,982
252,29,317
253,29,145
254,29,178
255,29,160
256,29,278
257,29,883
258,29,5
259,29,965
260,29,34
261,29,656
262,29,763
263,29,382
264,29,820
265,29,493
266,29,127
267,29,203
268,29,200
269,29,533
270,29,390
271,29,587
272,29,407
273,29,223
274,29,521
275,29,214
276,29,175
277,29,545
278,29,470
279,29,797
280,29,951
281,29,292
282,29,216
283,29,869
284,29,514
285,29,204
286,29,930
287,29,698
288,29,841
289,29,744
290,29,469
291,29,202
292,29,688
293,29,237
294,29,574
295,29,630
296,29,361
297,29,536
298,29,209
299,29,87
300,29,424
301,29,553
302,29,73
303,29,662
304,29,413
305,29,496
306,29,814
307,29,386
308,29,379
309,29,420
310,29,725
311,29,557
312,29,315
313,29,302
314,29,805
315,29,717
316,29,151
317,29,363
318,29,668
319,29,728
320,29,540
321,29,632
322,29,747
323,29,464
324,29,8
325,29,197
326,29,276
327,29,619
328,29,132
329,29,378
330,29,170
331,29,285
332,29,926
333,29,681
334,29,822
335,29,497
336,29,228
337,29,236
338,29,70
339,29,766
340,29,886
341,29,655
342,29,304
343,29,226
344,29,149
345,29,1005
346,29,669
347,29,341
348,29,737
349,29,977
350,29,309
351,29,346
352,29,885
353,29,581
354,29,442
355,29,707
356,29,830
357,29,799
358,29,552
359,29,499
360,29,453
361,29,529
362,29,1012
363,29,404
364,29,825
365,29,891
366,29,715
367,29,181
368,29,683
369,29,387
370,29,102
371,29,922
372,29,74
373,29,554
374,29,45
375,29,826
376,29,751
377,29,462
378,29,914
379,29,482
380,29,594
381,29,610
382,29,673
383,29,408
384,29,682
385,29,269
386,29,570
387,29,828
388,29,892
389,29,709
390,29,343
391,29,890
392,29,902
393,29,875
394,29,798
395,29,286
396,29,75
397,29,586
398,29,376
399,29,244
0,30,302
1,30,278
2,30,374
3,30,684
4,30,569
5,30,954
6,30,1006
7,30,693
8,30,343
9,30,463
10,30,556
11,30,176
12,30,378
13,30,786
14,30,375
15,30,618
16,30,784
17,30,1008
18,30,519
19,30,407
20,30,678
21,30,32
22,30,493
23,30,204
24,30,713
25,30,439
26,30,382
27,30,287
28,30,901
29,30,110
30,30,592
31,30,492
32,30,1013
33,30,117
34,30,706
35,30,213
36,30,435
37,30,444
38,30,752
39,30,717
40,30,997
41,30,631
42,30,665
43,30,172
44,30,101
45,30,710
46,30,848
47,30,280
48,30,567
49,30,767
50,30,398
51,30,497
52,30,783
53,30,487
54,30,933
55,30,970
56,30,469
57,30,203
58,30,376
59,30,404
60,30,583
61,30,476
62,30,377
63,30,847
64,30,775
65,30,552
66,30,619
67,30,877
68,30,432
69,30,781
70,30,596
71,30,327
72,30,649
73,30,945
74,30,212
75,30,506
76,30,616
77,30,238
78,30,677
79,30,779
80,30,797
81,30,782
82,30,326
83,30,99
84,30,283
85,30,602
86,30,926
87,30,151
88,30,905
89,30,686
90,30,843
91,30,362
92,30,750
93,30,220
94,30,881
95,30,887
96,30,284
97,30,822
98,30,564
99,30,617
100,30,888
101,30,770
102,30,560
103,30,331
104,30,570
105,30,614
106,30,105
107,30,139
108,30,264
109,30,657
110,30,310
111,30,449
112,30,92
113,30,790
114,30,434
115,30,482
116,30,85
117,30,142
118,30,69
119,30,606
120,30,868
121,30,431
122,30,502
123,30,748
124,30,137
125,30,366
126,30,102
127,30,516
128,30,429
129,30,234
130,30,562
131,30,985
132,30,16
133,30,518
134,30,652
135,30,108
136,30,711
137,30,911
138,30,325
139,30,527
140,30,311
141,30,724
142,30,607
143,30,114
144,30,141
145,30,723
146,30,852
147,30,242
148,30,190
149,30,34
150,30,894
151,30,550
152,30,534
153,30,351
154,30,11
155,30,535
156,30,74
157,30,952
158,30,698
159,30,785
160,30,140
161,30,503
162,30,120
163,30,98
164,30,466
165,30,35
166,30,245
167,30,902
168,30,615
169,30,563
170,30,462
171,30,473
172,30,332
173,30,165
174,30,865
175,30,854
176,30,115
177,30,663
178,30,878
179,30,297
180,30,1003
181,30,921
182,30,555
183,30,605
184,30,261
185,30,597
186,30,844
187,30,20
188,30,256
189,30,743
190,30,438
191,30,561
192,30,335
193,30,870
194,30,580
195,30,938
196,30,394
197,30,956
198,30,430
199,30,309
200,30,601
201,30,850
202,30,980
203,30,740
204,30,209
205,30,155
206,30,741
207,30,200
208,30,539
209,30,595
210,30,184
211,30,667
212,30,928
213,30,135
214,30,178
215,30,40
216,30,916
217,30,772
218,30,599
219,30,896
220,30,953
221,30,77
222,30,156
223,30,558
224,30,499
225,30,610
226,30,855
227,30,1020
228,30,138
229,30,709
230,30,251
231,30,27
232,30,36
233,30,216
234,30,889
235,30,91
236,30,410
237,30,121
238,30,832
239,30,361
240,30,145
241,30,526
242,30,402
243,30,794
244,30,533
245,30,345
246,30,588
247,30,392
248,30,112
249,30,318
250,30,373
251,30,982
252,30,349
253,30,113
254,30,146
255,30,160
256,30,279
257,30,915
258,30,5
259,30,965
260,30,33
261,30,624
262,30,763
263,30,381
264,30,821
265,30,461
266,30,127
267,30,235
268,30,168
269,30,565
270,30,390
271,30,587
272,30,406
273,30,223
274,30,520
275,30,214
276,30,174
277,30,545
278,30,471
279,30,796
280,30,951
281,30,293
282,30,217
283,30,869
284,30,513
285,30,236
286,30,930
287,30,699
288,30,842
289,30,712
290,30,437
291,30,202
292,30,688
293,30,205
294,30,573
295,30,630
296,30,393
297,30,536
298,30,208
299,30,88
300,30,423
301,30,585
302,30,41
303,30,662
304,30,445
305,30,464
306,30,815
307,30,386
308,30,347
309,30,420
310,30,725
311,30,525
312,30,315
313,30,334
314,30,837
315,30,749
316,30,119
317,30,363
318,30,668
319,30,728
320,30,541
321,30,632
322,30,746
323,30,465
324,30,8
325,30,197
326,30,277
327,30,651
328,30,132
329,30,379
330,30,171
331,30,285
332,30,927
333,30,682
334,30,823
335,30,498
336,30,228
337,30,237
338,30,70
339,30,765
340,30,885
341,30,656
342,30,336
343,30,194
344,30,150
345,30,1005
346,30,701
347,30,342
348,30,737
349,30,976
350,30,341
351,30,346
352,30,884
353,30,549
354,30,442
355,30,707
356,30,862
357,30,799
358,30,584
359,30,467
360,30,453
361,30,528
362,30,1012
363,30,403
364,30,857
365,30,892
366,30,747
367,30,149
368,30,715
369,30,355
370,30,134
371,30,922
372,30,42
373,30,553
374,30,45
375,30,826
376,30,751
377,30,494
378,30,913
379,30,514
380,30,594
381,30,609
382,30,673
383,30,440
384,30,683
385,30,301
386,30,571
387,30,828
388,30,924
389,30,708
390,30,344
391,30,891
392,30,903
393,30,875
394,30,830
395,30,286
396,30,43
397,30,554
398,30,408
399,30,244
0,31,334
1,31,246
2,31,375
3,31,716
4,31,570
5,31,954
6,31,1006
7,31,694
8,31,344
9,31,463
10,31,557
11,31,175
12,31,379
13,31,786
14,31,407
15,31,650
16,31,816
17,31,1008
18,31,551
19,31,408
20,31,678
21,31,0
22,31,492
23,31,203
24,31,713
25,31,438
26,31,350
27,31,287
28,31,901
29,31,109
30,31,560
31,31,491
32,31,1013
33,31,116
34,31,674
35,31,181
36,31,436
37,31,412
38,31,784
39,31,717
40,31,997
41,31,599
42,31,665
43,31,171
44,31,69
45,31,709
46,31,880
47,31,279
48,31,568
49,31,767
50,31,398
51,31,529
52,31,815
53,31,487
54,31,933
55,31,1002
56,31,470
57,31,202
58,31,376
59,31,404
60,31,615
61,31,476
62,31,409
63,31,848
64,31,775
65,31,553
66,31,618
67,31,877
68,31,433
69,31,813
70,31,595
71,31,328
72,31,649
73,31,946
74,31,213
75,31,506
76,31,616
77,31,237
78,31,645
79,31,779
80,31,829
81,31,783
82,31,325
83,31,99
84,31,283
85,31,602
86,31,958
87,31,183
88,31,905
89,31,686
90,31,844
91,31,330
92,31,782
93,31,220
94,31,882
95,31,887
96,31,252
97,31,821
98,31,563
99,31,617
100,31,889
101,31,770
102,31,559
103,31,363
104,31,538
105,31,614
106,31,137
107,31,107
108,31,265
109,31,689
110,31,309
111,31,449
112,31,60
113,31,790
114,31,434
115,31,450
116,31,86
117,31,110
118,31,37
119,31,606
120,31,868
121,31,399
122,31,503
123,31,748
124,31,138
125,31,366
126,31,102
127,31,516
128,31,430
129,31,266
130,31,594
131,31,985
132,31,16
133,31,518
134,31,653
135,31,76
136,31,710
137,31,912
138,31,324
139,31,528
140,31,312
141,31,724
142,31,607
143,31,146
144,31,141
145,31,723
146,31,852
147,31,242
148,31,190
149,31,33
150,31,926
151,31,550
152,31,534
153,31,319
154,31,43
155,31,535
156,31,42
157,31,952
158,31,699
159,31,785
160,31,108
161,31,504
162,31,120
163,31,98
164,31,465
165,31,35
166,31,277
167,31,934
168,31,647
169,31,531
170,31,462
171,31,473
172,31,331
173,31,165
174,31,865
175,31,822
176,31,115
177,31,663
178,31,878
179,31,329
180,31,1003
181,31,921
182,31,587
183,31,637
184,31,261
185,31,596
186,31,845
187,31,20
188,31,256
189,31,743
190,31,437
191,31,561
192,31,303
193,31,902
194,31,580
195,31,938
196,31,426
197,31,957
198,31,431
199,31,341
200,31,569
201,31,851
202,31,980
203,31,772
204,31,209
205,31,156
206,31,740
207,31,201
208,31,539
209,31,627
210,31,185
211,31,667
212,31,960
213,31,135
214,31,179
215,31,39
216,31,916
217,31,804
218,31,567
219,31,897
220,31,953
221,31,77
222,31,188
223,31,590
224,31,499
225,31,642
226,31,854
227,31,1020
228,31,170
229,31,741
230,31,251
231,31,27
232,31,36
233,31,184
234,31,857
235,31,123
236,31,378
237,31,122
238,31,864
239,31,393
240,31,177
241,31,494
242,31,403
243,31,794
244,31,532
245,31,377
246,31,620
247,31,392
248,31,112
249,31,318
250,31,373
251,31,982
252,31,381
253,31,114
254,31,147
255,31,160
256,31,311
257,31,947
258,31,5
259,31,965
260,31,1
261,31,623
262,31,763
263,31,413
264,31,820
265,31,429
266,31,127
267,31,235
268,31,136
269,31,597
270,31,390
271,31,588
272,31,374
273,31,223
274,31,519
275,31,214
276,31,173
277,31,545
278,31,471
279,31,797
280,31,951
281,31,294
282,31,216
283,31,869
284,31,481
285,31,204
286,31,930
287,31,700
288,31,842
289,31,711
290,31,405
291,31,234
292,31,656
293,31,205
294,31,574
295,31,630
296,31,394
297,31,536
298,31,240
299,31,89
300,31,422
301,31,584
302,31,41
303,31,662
304,31,477
305,31,432
306,31,847
307,31,386
308,31,347
309,31,420
310,31,725
311,31,526
312,31,315
313,31,333
314,31,837
315,31,781
316,31,119
317,31,362
318,31,668
319,31,728
320,31,573
321,31,632
322,31,778
323,31,464
324,31,8
325,31,197
326,31,278
327,31,652
328,31,132
329,31,380
330,31,139
331,31,285
332,31,927
333,31,683
334,31,824
335,31,466
336,31,228
337,31,236
338,31,70
339,31,765
340,31,884
341,31,657
342,31,368
343,31,162
344,31,118
345,31,1005
346,31,733
347,31,343
348,31,737
349,31,976
350,31,342
351,31,346
352,31,883
353,31,548
354,31,442
355,31,707
356,31,894
357,31,799
358,31,552
359,31,467
360,31,453
361,31,496
362,31,1012
363,31,371
364,31,858
365,31,893
366,31,746
367,31,117
368,31,714
369,31,323
370,31,133
371,31,922
372,31,10
373,31,521
374,31,45
375,31,826
376,31,751
377,31,493
378,31,881
379,31,546
380,31,626
381,31,610
382,31,673
383,31,472
384,31,684
385,31,302
386,31,571
387,31,828
388,31,924
389,31,708
390,31,345
391,31,892
392,31,904
393,31,875
394,31,862
395,31,286
396,31,44
397,31,522
398,31,440
399,31,245
0,32,333
1,32,245
2,32,376
3,32,715
4,32,538
5,32,986
6,32,1006
7,32,695
8,32,312
9,32,462
10,32,557
11,32,174
12,32,347
13,32,786
14,32,439
15,32,618
16,32,784
17,32,1008
18,32,519
19,32,409
20,32,679
21,32,0
22,32,491
23,32,202
24,32,713
25,32,406
26,32,318
27,32,287
28,32,901
29,32,141
30,32,528
31,32,523
32,32,1013
33,32,115
34,32,642
35,32,149
36,32,437
37,32,413
38,32,783
39,32,717
40,32,997
41,32,600
42,32,665
43,32,171
44,32,68
45,32,708
46,32,879
47,32,278
48,32,569
49,32,767
50,32,430
51,32,561
52,32,815
53,32,487
54,32,933
55,32,1002
56,32,471
57,32,234
58,32,408
59,32,436
60,32,647
61,32,476
62,32,441
63,32,880
64,32,775
65,32,521
66,32,617
67,32,877
68,32,401
69,32,812
70,32,594
71,32,327
72,32,649
73,32,978
74,32,214
75,32,506
76,32,584
77,32,236
78,32,613
79,32,779
80,32,828
81,32,751
82,32,324
83,32,99
84,32,283
85,32,602
86,32,990
87,32,184
88,32,873
89,32,686
90,32,876
91,32,298
92,32,814
93,32,220
94,32,883
95,32,887
96,32,252
97,32,822
98,32,564
99,32,616
100,32,921
101,32,770
102,32,559
103,32,364
104,32,539
105,32,614
106,32,105
107,32,139
108,32,233
109,32,688
110,32,308
111,32,450
112,32,60
113,32,790
114,32,434
115,32,482
116,32,87
117,32,109
118,32,69
119,32,606
120,32,868
121,32,400
122,32,535
123,32,748
124,32,138
125,32,334
126,32,102
127,32,484
128,32,431
129,32,265
130,32,626
131,32,985
132,32,16
133,32,486
134,32,621
135,32,77
136,32,678
137,32,913
138,32,356
139,32,529
140,32,313
141,32,724
142,32,607
143,32,145
144,32,173
145,32,723
146,32,820
147,32,242
148,32,190
149,32,32
150,32,958
151,32,550
152,32,534
153,32,319
154,32,75
155,32,567
156,32,10
157,32,952
158,32,667
159,32,785
160,32,107
161,32,503
162,32,120
163,32,98
164,32,433
165,32,35
166,32,277
167,32,935
168,32,646
169,32,563
170,32,461
171,32,473
172,32,330
173,32,165
174,32,865
175,32,854
176,32,147
177,32,663
178,32,878
179,32,328
180,32,1003
181,32,922
182,32,619
183,32,669
184,32,261
185,32,597
186,32,844
187,32,20
188,32,256
189,32,743
190,32,438
191,32,560
192,32,302
193,32,934
194,32,580
195,32,938
196,32,458
197,32,957
198,32,399
199,32,309
200,32,537
201,32,852
202,32,980
203,32,804
204,32,177
205,32,157
206,32,741
207,32,201
208,32,571
209,32,659
210,32,186
211,32,635
212,32,960
213,32,135
214,32,179
215,32,38
216,32,948
217,32,836
218,32,566
219,32,929
220,32,953
221,32,78
222,32,156
223,32,590
224,32,531
225,32,641
226,32,886
227,32,1020
228,32,170
229,32,742
230,32,251
231,32,27
232,32,36
233,32,216
234,32,857
235,32,155
236,32,379
237,32,123
238,32,896
239,32,392
240,32,176
241,32,494
242,32,404
243,32,794
244,32,532
245,32,378
246,32,652
247,32,424
248,32,112
249,32,317
250,32,341
251,32,982
252,32,381
253,32,146
254,32,148
255,32,160
256,32,343
257,32,946
258,32,5
259,32,965
260,32,2
261,32,622
262,32,763
263,32,445
264,32,821
265,32,429
266,32,127
267,32,203
268,32,137
269,32,629
270,32,390
271,32,556
272,32,375
273,32,223
274,32,518
275,32,246
276,32,172
277,32,545
278,32,472
279,32,797
280,32,951
281,32,294
282,32,217
283,32,869
284,32,449
285,32,205
286,32,930
287,32,699
288,32,842
289,32,710
290,32,373
291,32,235
292,32,656
293,32,206
294,32,573
295,32,630
296,32,393
297,32,536
298,32,241
299,32,121
300,32,454
301,32,583
302,32,41
303,32,662
304,32,478
305,32,432
306,32,848
307,32,386
308,32,348
309,32,420
310,32,725
311,32,527
312,32,315
313,32,332
314,32,837
315,32,813
316,32,119
317,32,361
318,32,668
319,32,728
320,32,605
321,32,632
322,32,810
323,32,463
324,32,8
325,32,197
326,32,310
327,32,653
328,32,131
329,32,412
330,32,140
331,32,285
332,32,927
333,32,684
334,32,792
335,32,465
336,32,228
337,32,204
338,32,70
339,32,766
340,32,916
341,32,658
342,32,368
343,32,130
344,32,86
345,32,1005
346,32,765
347,32,344
348,32,737
349,32,976
350,32,374
351,32,345
352,32,915
353,32,516
354,32,442
355,32,707
356,32,926
357,32,799
358,32,552
359,32,499
360,32,453
361,32,464
362,32,1012
363,32,370
364,32,890
365,32,894
366,32,778
367,32,85
368,32,682
369,32,291
370,32,132
371,32,954
372,32,11
373,32,520
374,32,45
375,32,826
376,32,752
377,32,492
378,32,849
379,32,578
380,32,625
381,32,610
382,32,673
383,32,504
384,32,716
385,32,301
386,32,570
387,32,796
388,32,892
389,32,740
390,32,377
391,32,893
392,32,905
393,32,875
394,32,862
395,32,286
396,32,43
397,32,522
398,32,440
399,32,244
0,33,333
1,33,213
2,33,377
3,33,683
4,33,539
5,33,986
6,33,1006
7,33,696
8,33,312
9,33,462
10,33,557
11,33,173
12,33,315
13,33,786
14,33,471
15,33,618
16,33,784
17,33,1008
18,33,551
19,33,410
20,33,711
21,33,0
22,33,523
23,33,201
24,33,713
25,33,374
26,33,286
27,33,287
28,33,901
29,33,142
30,33,496
31,33,524
32,33,1013
33,33,114
34,33,643
35,33,149
36,33,438
37,33,412
38,33,815
39,33,717
40,33,997
41,33,600
42,33,665
43,33,139
44,33,67
45,33,740
46,33,911
47,33,277
48,33,570
49,33,767
50,33,429
51,33,562
52,33,814
53,33,487
54,33,933
55,33,1002
56,33,472
57,33,266
58,33,409
59,33,404
60,33,679
61,33,476
62,33,440
63,33,848
64,33,807
65,33,521
66,33,585
67,33,877
68,33,402
69,33,780
70,33,626
71,33,295
72,33,649
73,33,1010
74,33,215
75,33,506
76,33,616
77,33,235
78,33,581
79,33,779
80,33,827
81,33,752
82,33,356
83,33,99
84,33,283
85,33,601
86,33,989
87,33,185
88,33,872
89,33,686
90,33,908
91,33,298
92,33,782
93,33,220
94,33,884
95,33,887
96,33,252
97,33,854
98,33,565
99,33,617
100,33,889
101,33,770
102,33,558
103,33,396
104,33,540
105,33,614
106,33,104
107,33,140
108,33,234
109,33,687
110,33,307
111,33,449
112,33,60
113,33,790
114,33,434
115,33,450
116,33,88
117,33,77
118,33,101
119,33,606
120,33,868
121,33,368
122,33,567
123,33,748
124,33,138
125,33,334
126,33,102
127,33,516
128,33,399
129,33,264
130,33,658
131,33,985
132,33,16
133,33,518
134,33,620
135,33,78
136,33,677
137,33,945
138,33,388
139,33,497
140,33,281
141,33,724
142,33,607
143,33,113
144,33,172
145,33,723
146,33,852
147,33,242
148,33,190
149,33,64
150,33,957
151,33,550
152,33,534
153,33,319
154,33,75
155,33,599
156,33,11
157,33,952
158,33,666
159,33,785
160,33,106
161,33,503
162,33,120
163,33,98
164,33,401
165,33,35
166,33,276
167,33,903
168,33,645
169,33,564
170,33,461
171,33,473
172,33,330
173,33,165
174,33,865
175,33,855
176,33,115
177,33,663
178,33,878
179,33,327
180,33,1003
181,33,921
182,33,619
183,33,701
184,33,261
185,33,597
186,33,843
187,33,20
188,33,256
189,33,775
190,33,439
191,33,559
192,33,301
193,33,935
194,33,580
195,33,938
196,33,490
197,33,956
198,33,367
199,33,309
200,33,505
201,33,851
202,33,980
203,33,803
204,33,145
205,33,189
206,33,709
207,33,233
208,33,571
209,33,691
210,33,218
211,33,667
212,33,960
213,33,135
214,33,179
215,33,6
216,33,916
217,33,804
218,33,566
219,33,929
220,33,953
221,33,46
222,33,156
223,33,622
224,33,563
225,33,642
226,33,885
227,33,1020
228,33,170
229,33,743
230,33,251
231,33,27
232,33,36
233,33,184
234,33,857
235,33,187
236,33,380
237,33,155
238,33,897
239,33,424
240,33,175
241,33,494
242,33,405
243,33,794
244,33,532
245,33,379
246,33,651
247,33,423
248,33,112
249,33,318
250,33,342
251,33,982
252,33,413
253,33,147
254,33,148
255,33,160
256,33,344
257,33,946
258,33,5
259,33,965
260,33,34
261,33,621
262,33,763
263,33,477
264,33,822
265,33,428
266,33,127
267,33,204
268,33,105
269,33,628
270,33,390
271,33,555
272,33,376
273,33,223
274,33,517
275,33,214
276,33,171
277,33,545
278,33,504
279,33,796
280,33,951
281,33,294
282,33,216
283,33,869
284,33,417
285,33,205
286,33,930
287,33,698
288,33,842
289,33,678
290,33,341
291,33,203
292,33,656
293,33,174
294,33,541
295,33,630
296,33,394
297,33,535
298,33,241
299,33,122
300,33,454
301,33,615
302,33,41
303,33,662
304,33,510
305,33,400
306,33,849
307,33,386
308,33,347
309,33,420
310,33,725
311,33,527
312,33,316
313,33,332
314,33,837
315,33,813
316,33,119
317,33,393
318,33,668
319,33,728
320,33,637
321,33,632
322,33,809
323,33,431
324,33,8
325,33,197
326,33,311
327,33,654
328,33,130
329,33,444
330,33,108
331,33,285
332,33,927
333,33,685
334,33,792
335,33,433
336,33,228
337,33,236
338,33,70
339,33,765
340,33,915
341,33,659
342,33,369
343,33,129
344,33,54
345,33,1005
346,33,797
347,33,345
348,33,737
349,33,976
350,33,375
351,33,313
352,33,914
353,33,515
354,33,442
355,33,707
356,33,958
357,33,799
358,33,552
359,33,499
360,33,453
361,33,463
362,33,1012
363,33,338
364,33,922
365,33,926
366,33,810
367,33,85
368,33,681
369,33,259
370,33,131
371,33,954
372,33,43
373,33,519
374,33,45
375,33,826
376,33,720
377,33,491
378,33,817
379,33,610
380,33,624
381,33,609
382,33,673
383,33,536
384,33,715
385,33,269
386,33,602
387,33,828
388,33,892
389,33,741
390,33,378
391,33,894
392,33,873
393,33,875
394,33,862
395,33,254
396,33,42
397,33,522
398,33,408
399,33,245
0,34,301
1,34,181
2,34,378
3,34,715
4,34,507
5,34,987
6,34,1006
7,34,697
8,34,313
9,34,463
10,34,557
11,34,172
12,34,283
13,34,786
14,34,471
15,34,618
16,34,784
17,34,1008
18,34,519
19,34,409
20,34,710
21,34,0
22,34,522
23,34,200
24,34,713
25,34,342
26,34,254
27,34,287
28,34,901
29,34,142
30,34,464
31,34,492
32,34,1013
33,34,113
34,34,643
35,34,149
36,34,439
37,34,413
38,34,814
39,34,717
40,34,997
41,34,601
42,34,665
43,34,107
44,34,67
45,34,772
46,34,911
47,34,276
48,34,538
49,34,767
50,34,461
51,34,594
52,34,782
53,34,486
54,34,933
55,34,1002
56,34,473
57,34,265
58,34,441
59,34,403
60,34,711
61,34,477
62,34,472
63,34,847
64,34,775
65,34,521
66,34,584
67,34,877
68,34,434
69,34,748
70,34,625
71,34,327
72,34,649
73,34,1010
74,34,215
75,34,506
76,34,616
77,34,267
78,34,549
79,34,779
80,34,859
81,34,753
82,34,356
83,34,99
84,34,284
85,34,569
86,34,988
87,34,186
88,34,904
89,34,687
90,34,909
91,34,266
92,34,781
93,34,220
94,34,852
95,34,887
96,34,252
97,34,886
98,34,533
99,34,617
100,34,890
101,34,770
102,34,590
103,34,428
104,34,539
105,34,614
106,34,136
107,34,140
108,34,235
109,34,655
110,34,306
111,34,449
112,34,60
113,34,790
114,34,466
115,34,450
116,34,89
117,34,76
118,34,101
119,34,606
120,34,868
121,34,400
122,34,599
123,34,747
124,34,139
125,34,334
126,34,102
127,34,516
128,34,399
129,34,264
130,34,657
131,34,985
132,34,16
133,34,518
134,34,619
135,34,46
136,34,645
137,34,946
138,34,387
139,34,498
140,34,249
141,34,724
142,34,607
143,34,145
144,34,171
145,34,723
146,34,851
147,34,242
148,34,190
149,34,96
150,34,956
151,34,550
152,34,534
153,34,319
154,34,75
155,34,631
156,34,11
157,34,952
158,34,667
159,34,785
160,34,105
161,34,502
162,34,120
163,34,98
164,34,433
165,34,35
166,34,244
167,34,902
168,34,613
169,34,563
170,34,462
171,34,505
172,34,298
173,34,165
174,34,865
175,34,854
176,34,115
177,34,663
178,34,878
179,34,326
180,34,1003
181,34,921
182,34,651
183,34,733
184,34,261
185,34,597
186,34,843
187,34,20
188,34,256
189,34,743
190,34,440
191,34,558
192,34,269
193,34,967
194,34,580
195,34,938
196,34,491
197,34,955
198,34,368
199,34,310
200,34,504
201,34,883
202,34,980
203,34,835
204,34,144
205,34,221
206,34,709
207,34,201
208,34,571
209,34,690
210,34,218
211,34,635
212,34,960
213,34,135
214,34,179
215,34,5
216,34,916
217,34,804
218,34,566
219,34,929
220,34,953
221,34,45
222,34,188
223,34,623
224,34,595
225,34,641
226,34,884
227,34,1020
228,34,138
229,34,744
230,34,251
231,34,27
232,34,36
233,34,184
234,34,857
235,34,219
236,34,412
237,34,156
238,34,898
239,34,423
240,34,174
241,34,494
242,34,373
243,34,794
244,34,532
245,34,380
246,34,683
247,34,422
248,34,112
249,34,318
250,34,341
251,34,982
252,34,445
253,34,148
254,34,116
255,34,160
256,34,345
257,34,978
258,34,4
259,34,965
260,34,34
261,34,620
262,34,763
263,34,509
264,34,823
265,34,429
266,34,127
267,34,204
268,34,73
269,34,627
270,34,390
271,34,555
272,34,377
273,34,223
274,34,517
275,34,214
276,34,203
277,34,545
278,34,503
279,34,795
280,34,951
281,34,294
282,34,216
283,34,869
284,34,385
285,34,205
286,34,930
287,34,698
288,34,842
289,34,677
290,34,309
291,34,202
292,34,656
293,34,173
294,34,541
295,34,630
296,34,393
297,34,535
298,34,241
299,34,123
300,34,454
301,34,647
302,34,41
303,34,662
304,34,511
305,34,401
306,34,850
307,34,386
308,34,347
309,34,420
310,34,725
311,34,527
312,34,315
313,34,333
314,34,837
315,34,813
316,34,119
317,34,392
318,34,668
319,34,728
320,34,669
321,34,632
322,34,808
323,34,432
324,34,8
325,34,197
326,34,312
327,34,622
328,34,129
329,34,476
330,34,109
331,34,285
332,34,926
333,34,686
334,34,792
335,34,465
336,34,228
337,34,236
338,34,70
339,34,765
340,34,947
341,34,660
342,34,369
343,34,97
344,34,54
345,34,1005
346,34,796
347,34,346
348,34,737
349,34,976
350,34,407
351,34,281
352,34,913
353,34,483
354,34,442
355,34,707
356,34,990
357,34,799
358,34,552
359,34,499
360,34,453
361,34,431
362,34,1012
363,34,338
364,34,954
365,34,894
366,34,809
367,34,85
368,34,681
369,34,227
370,34,130
371,34,986
372,34,42
373,34,487
374,34,77
375,34,826
376,34,752
377,34,523
378,34,849
379,34,642
380,34,592
381,34,610
382,34,673
383,34,568
384,34,714
385,34,237
386,34,570
387,34,828
388,34,892
389,34,742
390,34,379
391,34,895
392,34,874
393,34,875
394,34,862
395,34,255
396,34,74
397,34,490
398,34,376
399,34,245
0,35,301
1,35,149
2,35,346
3,35,747
4,35,475
5,35,955
6,35,1006
7,35,698
8,35,312
9,35,463
10,35,557
11,35,171
12,35,251
13,35,786
14,35,503
15,35,618
16,35,784
17,35,1008
18,35,520
19,35,409
20,35,711
21,35,0
22,35,554
23,35,199
24,35,713
25,35,310
26,35,254
27,35,287
28,35,901
29,35,142
30,35,465
31,35,492
32,35,1013
33,35,81
34,35,643
35,35,150
36,35,440
37,35,414
38,35,813
39,35,717
40,35,997
41,35,602
42,35,665
43,35,107
44,35,67
45,35,804
46,35,911
47,35,244
48,35,539
49,35,767
50,35,493
51,35,626
52,35,783
53,35,485
54,35,933
55,35,1002
56,35,472
57,35,265
58,35,441
59,35,403
60,35,743
61,35,476
62,35,504
63,35,847
64,35,776
65,35,521
66,35,584
67,35,877
68,35,466
69,35,749
70,35,624
71,35,328
72,35,649
73,35,1010
74,35,215
75,35,506
76,35,616
77,35,267
78,35,517
79,35,779
80,35,859
81,35,754
82,35,356
83,35,99
84,35,283
85,35,570
86,35,989
87,35,186
88,35,903
89,35,719
90,35,941
91,35,266
92,35,782
93,35,220
94,35,884
95,35,887
96,35,284
97,35,885
98,35,501
99,35,617
100,35,891
101,35,770
102,35,558
103,35,460
104,35,540
105,35,614
106,35,137
107,35,172
108,35,236
109,35,654
110,35,274
111,35,449
112,35,60
113,35,790
114,35,498
115,35,450
116,35,121
117,35,44
118,35,101
119,35,606
120,35,868
121,35,432
122,35,631
123,35,748
124,35,140
125,35,334
126,35,102
127,35,515
128,35,400
129,35,264
130,35,689
131,35,985
132,35,16
133,35,518
134,35,587
135,35,47
136,35,613
137,35,978
138,35,419
139,35,497
140,35,250
141,35,724
142,35,607
143,35,146
144,35,139
145,35,723
146,35,852
147,35,242
148,35,190
149,35,64
150,35,988
151,35,550
152,35,534
153,35,319
154,35,43
155,35,663
156,35,11
157,35,952
158,35,666
159,35,785
160,35,104
161,35,470
162,35,120
163,35,98
164,35,434
165,35,35
166,35,245
167,35,870
168,35,612
169,35,531
170,35,462
171,35,473
172,35,298
173,35,165
174,35,865
175,35,854
176,35,115
177,35,695
178,35,878
179,35,326
180,35,1003
181,35,921
182,35,683
183,35,734
184,35,261
185,35,597
186,35,843
187,35,20
188,35,256
189,35,775
190,35,408
191,35,526
192,35,237
193,35,968
194,35,580
195,35,938
196,35,459
197,35,956
198,35,369
199,35,309
200,35,505
201,35,915
202,35,980
203,35,834
204,35,112
205,35,222
206,35,709
207,35,201
208,35,603
209,35,722
210,35,218
211,35,667
212,35,960
213,35,135
214,35,179
215,35,4
216,35,916
217,35,803
218,35,566
219,35,929
220,35,953
221,35,77
222,35,156
223,35,655
224,35,627
225,35,642
226,35,883
227,35,1020
228,35,138
229,35,745
230,35,252
231,35,27
232,35,36
233,35,184
234,35,857
235,35,219
236,35,413
237,35,157
238,35,930
239,35,422
240,35,206
241,35,494
242,35,374
243,35,793
244,35,532
245,35,381
246,35,715
247,35,390
248,35,113
249,35,318
250,35,373
251,35,982
252,35,477
253,35,116
254,35,117
255,35,160
256,35,345
257,35,977
258,35,3
259,35,965
260,35,34
261,35,619
262,35,763
263,35,509
264,35,824
265,35,429
266,35,127
267,35,203
268,35,41
269,35,659
270,35,358
271,35,555
272,35,377
273,35,223
274,35,516
275,35,214
276,35,202
277,35,545
278,35,502
279,35,794
280,35,951
281,35,294
282,35,216
283,35,869
284,35,353
285,35,205
286,35,962
287,35,699
288,35,842
289,35,645
290,35,277
291,35,234
292,35,656
293,35,141
294,35,541
295,35,630
296,35,392
297,35,535
298,35,241
299,35,91
300,35,454
301,35,679
302,35,42
303,35,662
304,35,511
305,35,402
306,35,851
307,35,386
308,35,379
309,35,420
310,35,725
311,35,527
312,35,315
313,35,333
314,35,837
315,35,812
316,35,119
317,35,424
318,35,668
319,35,728
320,35,701
321,35,632
322,35,807
323,35,464
324,35,8
325,35,197
326,35,344
327,35,623
328,35,130
329,35,508
330,35,110
331,35,285
332,35,894
333,35,687
334,35,792
335,35,433
336,35,228
337,35,204
338,35,70
339,35,733
340,35,947
341,35,661
342,35,401
343,35,96
344,35,54
345,35,1005
346,35,795
347,35,347
348,35,737
349,35,976
350,35,439
351,35,280
352,35,912
353,35,451
354,35,442
355,35,707
356,35,991
357,35,799
358,35,552
359,35,499
360,35,453
361,35,430
362,35,1012
363,35,306
364,35,986
365,35,893
366,35,808
367,35,85
368,35,681
369,35,195
370,35,162
371,35,987
372,35,74
373,35,486
374,35,76
375,35,826
376,35,751
377,35,522
378,35,849
379,35,674
380,35,560
381,35,578
382,35,673
383,35,600
384,35,682
385,35,238
386,35,571
387,35,828
388,35,892
389,35,710
390,35,378
391,35,895
392,35,875
393,35,907
394,35,862
395,35,255
396,35,75
397,35,491
398,35,376
399,35,246
0,36,301
1,36,150
2,36,347
3,36,746
4,36,443
5,36,954
6,36,1006
7,36,699
8,36,311
9,36,463
10,36,557
11,36,139
12,36,219
13,36,786
14,36,535
15,36,618
16,36,784
17,36,1008
18,36,520
19,36,409
20,36,712
21,36,0
22,36,554
23,36,231
24,36,713
25,36,278
26,36,255
27,36,286
28,36,901
29,36,142
30,36,464
31,36,491
32,36,1013
33,36,80
34,36,643
35,36,118
36,36,440
37,36,382
38,36,845
39,36,717
40,36,997
41,36,603
42,36,665
43,36,107
44,36,67
45,36,836
46,36,911
47,36,212
48,36,507
49,36,767
50,36,492
51,36,658
52,36,783
53,36,486
54,36,933
55,36,1002
56,36,472
57,36,265
58,36,473
59,36,402
60,36,775
61,36,476
62,36,536
63,36,847
64,36,808
65,36,553
66,36,584
67,36,877
68,36,498
69,36,749
70,36,623
71,36,329
72,36,649
73,36,1010
74,36,215
75,36,506
76,36,616
77,36,266
78,36,485
79,36,779
80,36,891
81,36,755
82,36,356
83,36,99
84,36,283
85,36,538
86,36,988
87,36,186
88,36,902
89,36,719
90,36,973
91,36,234
92,36,814
93,36,220
94,36,885
95,36,887
96,36,252
97,36,886
98,36,469
99,36,617
100,36,923
101,36,770
102,36,558
103,36,459
104,36,539
105,36,614
106,36,137
107,36,171
108,36,237
109,36,654
110,36,273
111,36,449
112,36,60
113,36,790
114,36,497
115,36,482
116,36,122
117,36,44
118,36,101
119,36,606
120,36,868
121,36,431
122,36,663
123,36,748
124,36,172
125,36,334
126,36,102
127,36,516
128,36,401
129,36,264
130,36,721
131,36,985
132,36,16
133,36,518
134,36,619
135,36,47
136,36,581
137,36,978
138,36,451
139,36,529
140,36,250
141,36,724
142,36,607
143,36,114
144,36,140
145,36,723
146,36,884
147,36,242
148,36,190
149,36,32
150,36,987
151,36,550
152,36,534
153,36,319
154,36,42
155,36,695
156,36,11
157,36,952
158,36,667
159,36,785
160,36,104
161,36,502
162,36,120
163,36,98
164,36,466
165,36,34
166,36,244
167,36,838
168,36,613
169,36,531
170,36,462
171,36,505
172,36,298
173,36,165
174,36,865
175,36,854
176,36,115
177,36,696
178,36,878
179,36,326
180,36,1003
181,36,921
182,36,715
183,36,766
184,36,261
185,36,597
186,36,843
187,36,20
188,36,256
189,36,776
190,36,407
191,36,525
192,36,238
193,36,969
194,36,580
195,36,938
196,36,458
197,36,957
198,36,370
199,36,309
200,36,504
201,36,947
202,36,980
203,36,866
204,36,112
205,36,254
206,36,709
207,36,200
208,36,571
209,36,754
210,36,218
211,36,635
212,36,960
213,36,135
214,36,179
215,36,3
216,36,916
217,36,804
218,36,566
219,36,929
220,36,953
221,36,78
222,36,156
223,36,687
224,36,659
225,36,610
226,36,882
227,36,1020
228,36,138
229,36,777
230,36,251
231,36,27
232,36,36
233,36,184
234,36,857
235,36,187
236,36,414
237,36,157
238,36,931
239,36,421
240,36,205
241,36,494
242,36,342
243,36,825
244,36,532
245,36,413
246,36,747
247,36,358
248,36,113
249,36,318
250,36,373
251,36,982
252,36,478
253,36,117
254,36,149
255,36,160
256,36,345
257,36,945
258,36,35
259,36,965
260,36,33
261,36,651
262,36,763
263,36,509
264,36,824
265,36,428
266,36,127
267,36,235
268,36,9
269,36,660
270,36,357
271,36,555
272,36,378
273,36,223
274,36,548
275,36,214
276,36,201
277,36,545
278,36,503
279,36,793
280,36,951
281,36,294
282,36,216
283,36,869
284,36,321
285,36,204
286,36,930
287,36,731
288,36,842
289,36,645
290,36,245
291,36,202
292,36,656
293,36,109
294,36,541
295,36,630
296,36,392
297,36,567
298,36,241
299,36,92
300,36,454
301,36,678
302,36,41
303,36,694
304,36,511
305,36,434
306,36,852
307,36,386
308,36,379
309,36,420
310,36,725
311,36,527
312,36,315
313,36,333
314,36,837
315,36,813
316,36,119
317,36,424
318,36,668
319,36,728
320,36,733
321,36,631
322,36,806
323,36,496
324,36,8
325,36,197
326,36,376
327,36,655
328,36,131
329,36,540
330,36,110
331,36,285
332,36,894
333,36,688
334,36,792
335,36,465
336,36,228
337,36,236
338,36,70
339,36,765
340,36,946
341,36,662
342,36,433
343,36,64
344,36,54
345,36,1005
346,36,794
347,36,348
348,36,737
349,36,976
350,36,471
351,36,279
352,36,912
353,36,450
354,36,442
355,36,707
356,36,991
357,36,799
358,36,552
359,36,499
360,36,453
361,36,429
362,36,1012
363,36,274
364,36,1018
365,36,893
366,36,807
367,36,85
368,36,681
369,36,163
370,36,162
371,36,986
372,36,106
373,36,487
374,36,77
375,36,826
376,36,751
377,36,521
378,36,849
379,36,706
380,36,559
381,36,546
382,36,673
383,36,632
384,36,682
385,36,239
386,36,570
387,36,828
388,36,892
389,36,711
390,36,346
391,36,895
392,36,876
393,36,875
394,36,862
395,36,287
396,36,43
397,36,523
398,36,377
399,36,246
0,37,301
1,37,151
2,37,348
3,37,714
4,37,443
5,37,922
6,37,1006
7,37,700
8,37,311
9,37,463
10,37,557
11,37,138
12,37,187
13,37,818
14,37,567
15,37,618
16,37,784
17,37,1008
18,37,519
19,37,377
20,37,744
21,37,1
22,37,554
23,37,230
24,37,713
25,37,246
26,37,254
27,37,287
28,37,901
29,37,142
30,37,432
31,37,492
32,37,1013
33,37,48
34,37,643
35,37,150
36,37,440
37,37,381
38,37,844
39,37,717
40,37,997
41,37,603
42,37,665
43,37,107
44,37,67
45,37,835
46,37,911
47,37,211
48,37,508
49,37,767
50,37,524
51,37,690
52,37,783
53,37,485
54,37,933
55,37,1002
56,37,473
57,37,264
58,37,474
59,37,370
60,37,807
61,37,476
62,37,568
63,37,847
64,37,776
65,37,521
66,37,584
67,37,909
68,37,466
69,37,749
70,37,622
71,37,361
72,37,649
73,37,1010
74,37,215
75,37,506
76,37,616
77,37,265
78,37,484
79,37,779
80,37,891
81,37,755
82,37,356
83,37,99
84,37,283
85,37,538
86,37,987
87,37,186
88,37,934
89,37,751
90,37,973
91,37,202
92,37,814
93,37,220
94,37,886
95,37,887
96,37,252
97,37,854
98,37,437
99,37,617
100,37,924
101,37,770
102,37,559
103,37,491
104,37,539
105,37,614
106,37,137
107,37,171
108,37,238
109,37,654
110,37,241
111,37,449
112,37,60
113,37,790
114,37,465
115,37,450
116,37,123
117,37,44
118,37,101
119,37,606
120,37,868
121,37,431
122,37,695
123,37,748
124,37,173
125,37,334
126,37,102
127,37,516
128,37,402
129,37,263
130,37,720
131,37,985
132,37,16
133,37,518
134,37,619
135,37,47
136,37,549
137,37,978
138,37,483
139,37,497
140,37,250
141,37,724
142,37,607
143,37,114
144,37,172
145,37,723
146,37,852
147,37,243
148,37,190
149,37,0
150,37,955
151,37,550
152,37,534
153,37,319
154,37,74
155,37,727
156,37,11
157,37,952
158,37,666
159,37,785
160,37,104
161,37,503
162,37,120
163,37,98
164,37,467
165,37,35
166,37,276
167,37,838
168,37,645
169,37,531
170,37,462
171,37,537
172,37,298
173,37,165
174,37,865
175,37,855
176,37,115
177,37,696
178,37,878
179,37,327
180,37,1003
181,37,921
182,37,747
183,37,798
184,37,261
185,37,597
186,37,843
187,37,20
188,37,256
189,37,775
190,37,439
191,37,525
192,37,206
193,37,970
194,37,580
195,37,938
196,37,490
197,37,957
198,37,338
199,37,309
200,37,505
201,37,948
202,37,980
203,37,898
204,37,80
205,37,286
206,37,709
207,37,199
208,37,571
209,37,786
210,37,218
211,37,667
212,37,960
213,37,135
214,37,179
215,37,2
216,37,916
217,37,772
218,37,566
219,37,929
220,37,953
221,37,77
222,37,156
223,37,719
224,37,691
225,37,610
226,37,881
227,37,1020
228,37,170
229,37,778
230,37,251
231,37,27
232,37,36
233,37,184
234,37,857
235,37,155
236,37,382
237,37,157
238,37,932
239,37,421
240,37,205
241,37,494
242,37,310
243,37,826
244,37,532
245,37,445
246,37,746
247,37,326
248,37,112
249,37,318
250,37,373
251,37,982
252,37,510
253,37,118
254,37,148
255,37,160
256,37,313
257,37,944
258,37,3
259,37,965
260,37,34
261,37,650
262,37,763
263,37,509
264,37,824
265,37,429
266,37,127
267,37,235
268,37,9
269,37,659
270,37,358
271,37,555
272,37,379
273,37,223
274,37,548
275,37,214
276,37,200
277,37,545
278,37,471
279,37,825
280,37,951
281,37,294
282,37,216
283,37,869
284,37,289
285,37,204
286,37,930
287,37,699
288,37,842
289,37,677
290,37,213
291,37,203
292,37,624
293,37,108
294,37,573
295,37,630
296,37,392
297,37,599
298,37,209
299,37,93
300,37,454
301,37,710
302,37,41
303,37,662
304,37,511
305,37,434
306,37,820
307,37,386
308,37,347
309,37,420
310,37,725
311,37,527
312,37,315
313,37,333
314,37,837
315,37,813
316,37,119
317,37,424
318,37,668
319,37,728
320,37,734
321,37,632
322,37,805
323,37,496
324,37,8
325,37,197
326,37,376
327,37,656
328,37,132
329,37,541
330,37,110
331,37,285
332,37,894
333,37,689
334,37,792
335,37,433
336,37,228
337,37,236
338,37,70
339,37,733
340,37,947
341,37,663
342,37,401
343,37,32
344,37,54
345,37,1005
346,37,793
347,37,316
348,37,737
349,37,976
350,37,472
351,37,278
352,37,912
353,37,418
354,37,442
355,37,707
356,37,991
357,37,799
358,37,552
359,37,499
360,37,453
361,37,461
362,37,1012
363,37,242
364,37,1018
365,37,893
366,37,806
367,37,85
368,37,681
369,37,164
370,37,162
371,37,954
372,37,106
373,37,486
374,37,45
375,37,794
376,37,752
377,37,520
378,37,849
379,37,738
380,37,560
381,37,514
382,37,673
383,37,664
384,37,682
385,37,240
386,37,569
387,37,828
388,37,892
389,37,712
390,37,345
391,37,895
392,37,877
393,37,875
394,37,862
395,37,255
396,37,43
397,37,523
398,37,378
399,37,245
0,38,301
1,38,150
2,38,316
3,38,715
4,38,443
5,38,890
6,38,1006
7,38,701
8,38,311
9,38,463
10,38,557
11,38,137
12,38,188
13,38,850
14,38,599
15,38,618
16,38,784
17,38,1008
18,38,551
19,38,345
20,38,743
21,38,33
22,38,554
23,38,230
24,38,713
25,38,214
26,38,222
27,38,287
28,38,901
29,38,142
30,38,400
31,38,492
32,38,1013
33,38,48
34,38,643
35,38,149
36,38,440
37,38,381
38,38,843
39,38,717
40,38,997
41,38,603
42,38,665
43,38,107
44,38,67
45,38,867
46,38,911
47,38,210
48,38,540
49,38,767
50,38,556
51,38,722
52,38,783
53,38,484
54,38,934
55,38,1002
56,38,505
57,38,265
58,38,474
59,38,369
60,38,839
61,38,476
62,38,600
63,38,847
64,38,775
65,38,521
66,38,584
67,38,877
68,38,434
69,38,749
70,38,621
71,38,362
72,38,648
73,38,1010
74,38,215
75,38,506
76,38,616
77,38,297
78,38,483
79,38,779
80,38,891
81,38,755
82,38,356
83,38,99
84,38,283
85,38,538
86,38,986
87,38,186
88,38,966
89,38,719
90,38,973
91,38,170
92,38,814
93,38,220
94,38,887
95,38,919
96,38,252
97,38,886
98,38,436
99,38,617
100,38,924
101,38,769
102,38,560
103,38,523
104,38,539
105,38,614
106,38,105
107,38,203
108,38,239
109,38,654
110,38,209
111,38,449
112,38,60
113,38,790
114,38,466
115,38,450
116,38,91
117,38,44
118,38,101
119,38,606
120,38,868
121,38,431
122,38,696
123,38,748
124,38,174
125,38,334
126,38,102
127,38,516
128,38,403
129,38,264
130,38,752
131,38,985
132,38,16
133,38,518
134,38,619
135,38,47
136,38,548
137,38,978
138,38,482
139,38,465
140,38,250
141,38,692
142,38,607
143,38,114
144,38,173
145,38,724
146,38,852
147,38,211
148,38,190
149,38,1
150,38,955
151,38,550
152,38,534
153,38,319
154,38,75
155,38,727
156,38,11
157,38,952
158,38,667
159,38,785
160,38,104
161,38,503
162,38,120
163,38,98
164,38,467
165,38,35
166,38,277
167,38,838
168,38,677
169,38,531
170,38,462
171,38,536
172,38,298
173,38,165
174,38,865
175,38,854
176,38,115
177,38,664
178,38,910
179,38,295
180,38,1003
181,38,921
182,38,746
183,38,830
184,38,261
185,38,597
186,38,811
187,38,20
188,38,256
189,38,807
190,38,438
191,38,525
192,38,205
193,38,970
194,38,580
195,38,938
196,38,490
197,38,957
198,38,306
199,38,309
200,38,537
201,38,949
202,38,980
203,38,930
204,38,80
205,38,318
206,38,709
207,38,167
208,38,571
209,38,818
210,38,218
211,38,635
212,38,960
213,38,135
214,38,179
215,38,2
216,38,916
217,38,772
218,38,566
219,38,929
220,38,953
221,38,77
222,38,156
223,38,720
224,38,723
225,38,610
226,38,880
227,38,1020
228,38,171
229,38,810
230,38,251
231,38,27
232,38,36
233,38,184
234,38,857
235,38,187
236,38,350
237,38,157
238,38,933
239,38,421
240,38,237
241,38,494
242,38,278
243,38,794
244,38,532
245,38,477
246,38,778
247,38,327
248,38,112
249,38,317
250,38,373
251,38,982
252,38,542
253,38,86
254,38,148
255,38,160
256,38,313
257,38,944
258,38,4
259,38,965
260,38,34
261,38,649
262,38,763
263,38,509
264,38,824
265,38,429
266,38,127
267,38,235
268,38,9
269,38,627
270,38,390
271,38,555
272,38,380
273,38,223
274,38,547
275,38,213
276,38,199
277,38,545
278,38,471
279,38,826
280,38,951
281,38,294
282,38,216
283,38,869
284,38,257
285,38,204
286,38,962
287,38,698
288,38,842
289,38,678
290,38,212
291,38,202
292,38,656
293,38,140
294,38,574
295,38,630
296,38,392
297,38,631
298,38,208
299,38,93
300,38,454
301,38,742
302,38,41
303,38,662
304,38,511
305,38,402
306,38,821
307,38,385
308,38,347
309,38,420
310,38,725
311,38,527
312,38,315
313,38,333
314,38,837
315,38,813
316,38,119
317,38,424
318,38,668
319,38,728
320,38,766
321,38,632
322,38,804
323,38,496
324,38,8
325,38,197
326,38,377
327,38,657
328,38,132
329,38,573
330,38,110
331,38,285
332,38,894
333,38,689
334,38,792
335,38,433
336,38,228
337,38,236
338,38,70
339,38,733
340,38,947
341,38,695
342,38,401
343,38,0
344,38,54
345,38,1005
346,38,825
347,38,284
348,38,737
349,38,976
350,38,504
351,38,246
352,38,912
353,38,386
354,38,442
355,38,707
356,38,991
357,38,799
358,38,552
359,38,499
360,38,453
361,38,460
362,38,1012
363,38,243
364,38,1018
365,38,893
366,38,805
367,38,85
368,38,681
369,38,164
370,38,162
371,38,922
372,38,106
373,38,485
374,38,45
375,38,793
376,38,751
377,38,519
378,38,849
379,38,770
380,38,592
381,38,515
382,38,673
383,38,663
384,38,682
385,38,272
386,38,568
387,38,828
388,38,892
389,38,744
390,38,344
391,38,895
392,38,878
393,38,875
394,38,862
395,38,254
396,38,43
397,38,524
398,38,379
399,38,245
0,39,301
1,39,150
2,39,284
3,39,683
4,39,443
5,39,922
6,39,1006
7,39,669
8,39,311
9,39,463
10,39,557
11,39,105
12,39,187
13,39,851
14,39,600
15,39,618
16,39,816
17,39,1008
18,39,519
19,39,313
20,39,711
21,39,33
22,39,554
23,39,230
24,39,713
25,39,213
26,39,221
27,39,287
28,39,901
29,39,142
30,39,400
31,39,492
32,39,1013
33,39,48
34,39,643
35,39,149
36,39,440
37,39,382
38,39,842
39,39,717
40,39,997
41,39,603
42,39,665
43,39,107
44,39,67
45,39,867
46,39,911
47,39,178
48,39,540
49,39,767
50,39,524
51,39,754
52,39,783
53,39,485
54,39,902
55,39,1002
56,39,537
57,39,266
58,39,474
59,39,368
60,39,839
61,39,476
62,39,632
63,39,847
64,39,743
65,39,521
66,39,584
67,39,877
68,39,466
69,39,749
70,39,620
71,39,363
72,39,647
73,39,1010
74,39,215
75,39,506
76,39,616
77,39,297
78,39,484
79,39,779
80,39,891
81,39,787
82,39,356
83,39,99
84,39,283
85,39,538
86,39,985
87,39,186
88,39,966
89,39,687
90,39,973
91,39,170
92,39,814
93,39,220
94,39,888
95,39,887
96,39,253
97,39,885
98,39,435
99,39,617
100,39,924
101,39,770
102,39,559
103,39,555
104,39,539
105,39,614
106,39,104
107,39,235
108,39,239
109,39,654
110,39,177
111,39,449
112,39,60
113,39,790
114,39,465
115,39,450
116,39,92
117,39,44
118,39,101
119,39,606
120,39,868
121,39,431
122,39,697
123,39,748
124,39,175
125,39,334
126,39,102
127,39,515
128,39,404
129,39,264
130,39,784
131,39,984
132,39,16
133,39,517
134,39,619
135,39,47
136,39,516
137,39,978
138,39,482
139,39,433
140,39,250
141,39,724
142,39,607
143,39,114
144,39,173
145,39,723
146,39,852
147,39,210
148,39,190
149,39,0
150,39,955
151,39,550
152,39,534
153,39,319
154,39,75
155,39,727
156,39,11
157,39,952
158,39,666
159,39,785
160,39,136
161,39,503
162,39,120
163,39,98
164,39,467
165,39,35
166,39,277
167,39,838
168,39,709
169,39,531
170,39,462
171,39,504
172,39,298
173,39,165
174,39,865
175,39,854
176,39,115
177,39,663
178,39,878
179,39,327
180,39,1003
181,39,921
182,39,778
183,39,862
184,39,261
185,39,597
186,39,843
187,39,20
188,39,256
189,39,775
190,39,437
191,39,525
192,39,237
193,39,970
194,39,580
195,39,938
196,39,490
197,39,957
198,39,307
199,39,309
200,39,536
201,39,981
202,39,980
203,39,962
204,39,80
205,39,317
206,39,710
207,39,199
208,39,571
209,39,850
210,39,218
211,39,667
212,39,960
213,39,135
214,39,179
215,39,1
216,39,916
217,39,772
218,39,566
219,39,929
220,39,953
221,39,77
222,39,156
223,39,752
224,39,755
225,39,610
226,39,880
227,39,1020
228,39,171
229,39,811
230,39,251
231,39,27
232,39,36
233,39,184
234,39,857
235,39,219
236,39,318
237,39,157
238,39,934
239,39,421
240,39,238
241,39,494
242,39,279
243,39,795
244,39,532
245,39,478
246,39,777
247,39,328
248,39,112
249,39,316
250,39,373
251,39,982
252,39,574
253,39,87
254,39,148
255,39,160
256,39,281
257,39,944
258,39,5
259,39,965
260,39,34
261,39,648
262,39,763
263,39,509
264,39,792
265,39,429
266,39,127
267,39,236
268,39,9
269,39,627
270,39,390
271,39,556
272,39,381
273,39,223
274,39,548
275,39,245
276,39,231
277,39,545
278,39,471
279,39,827
280,39,951
281,39,294
282,39,216
283,39,869
284,39,225
285,39,203
286,39,963
287,39,698
288,39,874
289,39,677
290,39,212
291,39,202
292,39,656
293,39,140
294,39,573
295,39,630
296,39,392
297,39,599
298,39,209
299,39,93
300,39,454
301,39,741
302,39,41
303,39,662
304,39,511
305,39,370
306,39,821
307,39,386
308,39,346
309,39,420
310,39,725
311,39,527
312,39,315
313,39,333
314,39,837
315,39,813
316,39,119
317,39,424
318,39,668
319,39,728
320,39,798
321,39,631
322,39,803
323,39,496
324,39,8
325,39,197
326,39,378
327,39,658
328,39,132
329,39,605
330,39,110
331,39,285
332,39,926
333,39,689
334,39,793
335,39,401
336,39,228
337,39,204
338,39,70
339,39,701
340,39,947
341,39,696
342,39,402
343,39,32
344,39,54
345,39,1005
346,39,824
347,39,252
348,39,737
349,39,976
350,39,505
351,39,214
352,39,912
353,39,354
354,39,442
355,39,707
356,39,991
357,39,799
358,39,552
359,39,499
360,39,453
361,39,460
362,39,1012
363,39,211
364,39,1018
365,39,893
366,39,804
367,39,85
368,39,681
369,39,164
370,39,162
371,39,923
372,39,106
373,39,486
374,39,45
375,39,794
376,39,751
377,39,518
378,39,849
379,39,802
380,39,560
381,39,483
382,39,673
383,39,695
384,39,682
385,39,273
386,39,568
387,39,828
388,39,892
389,39,776
390,39,343
391,39,895
392,39,879
393,39,875
394,39,894
395,39,286
396,39,43
397,39,523
398,39,347
399,39,246
0,40,301
1,40,150
2,40,252
3,40,683
4,40,443
5,40,954
6,40,1006
7,40,669
8,40,311
9,40,463
10,40,557
11,40,137
12,40,187
13,40,850
14,40,632
15,40,618
16,40,848
17,40,1008
18,40,520
19,40,281
20,40,710
21,40,32
22,40,554
23,40,229
24,40,713
25,40,245
26,40,189
27,40,287
28,40,901
29,40,142
30,40,368
31,40,492
32,40,1013
33,40,48
34,40,643
35,40,149
36,40,440
37,40,414
38,40,874
39,40,717
40,40,997
41,40,603
42,40,665
43,40,107
44,40,67
45,40,867
46,40,911
47,40,177
48,40,540
49,40,767
50,40,524
51,40,786
52,40,783
53,40,486
54,40,934
55,40,1002
56,40,569
57,40,266
58,40,474
59,40,367
60,40,839
61,40,476
62,40,664
63,40,847
64,40,744
65,40,521
66,40,584
67,40,877
68,40,465
69,40,749
70,40,619
71,40,363
72,40,646
73,40,1010
74,40,215
75,40,506
76,40,616
77,40,297
78,40,484
79,40,779
80,40,891
81,40,788
82,40,356
83,40,99
84,40,283
85,40,538
86,40,984
87,40,186
88,40,998
89,40,686
90,40,973
91,40,170
92,40,814
93,40,220
94,40,889
95,40,887
96,40,221
97,40,884
98,40,435
99,40,617
100,40,924
101,40,770
102,40,558
103,40,556
104,40,539
105,40,614
106,40,105
107,40,267
108,40,239
109,40,654
110,40,145
111,40,449
112,40,60
113,40,790
114,40,433
115,40,450
116,40,93
117,40,44
118,40,101
119,40,606
120,40,868
121,40,431
122,40,698
123,40,748
124,40,176
125,40,334
126,40,102
127,40,514
128,40,405
129,40,264
130,40,816
131,40,1016
132,40,16
133,40,485
134,40,587
135,40,47
136,40,515
137,40,978
138,40,482
139,40,401
140,40,250
141,40,724
142,40,607
143,40,114
144,40,173
145,40,723
146,40,852
147,40,242
148,40,190
149,40,1
150,40,955
151,40,550
152,40,534
153,40,319
154,40,75
155,40,695
156,40,11
157,40,952
158,40,667
159,40,785
160,40,104
161,40,503
162,40,120
163,40,98
164,40,466
165,40,35
166,40,277
167,40,838
168,40,708
169,40,531
170,40,462
171,40,472
172,40,298
173,40,165
174,40,865
175,40,854
176,40,115
177,40,663
178,40,878
179,40,326
180,40,1003
181,40,921
182,40,810
183,40,894
184,40,261
185,40,597
186,40,844
187,40,20
188,40,256
189,40,743
190,40,437
191,40,525
192,40,237
193,40,970
194,40,580
195,40,938
196,40,490
197,40,957
198,40,308
199,40,309
200,40,504
201,40,981
202,40,980
203,40,994
204,40,80
205,40,349
206,40,709
207,40,200
208,40,571
209,40,882
210,40,218
211,40,635
212,40,960
213,40,135
214,40,178
215,40,33
216,40,916
217,40,772
218,40,566
219,40,929
220,40,953
221,40,77
222,40,156
223,40,753
224,40,787
225,40,610
226,40,912
227,40,1020
228,40,171
229,40,843
230,40,251
231,40,27
232,40,36
233,40,184
234,40,857
235,40,219
236,40,286
237,40,157
238,40,966
239,40,421
240,40,206
241,40,494
242,40,280
243,40,794
244,40,532
245,40,510
246,40,777
247,40,329
248,40,112
249,40,317
250,40,373
251,40,982
252,40,575
253,40,88
254,40,148
255,40,160
256,40,249
257,40,944
258,40,5
259,40,965
260,40,34
261,40,647
262,40,763
263,40,509
264,40,793
265,40,429
266,40,127
267,40,235
268,40,9
269,40,627
270,40,390
271,40,588
272,40,382
273,40,223
274,40,549
275,40,246
276,40,230
277,40,545
278,40,471
279,40,795
280,40,951
281,40,294
282,40,216
283,40,869
284,40,193
285,40,204
286,40,962
287,40,699
288,40,873
289,40,645
290,40,212
291,40,202
292,40,656
293,40,140
294,40,541
295,40,630
296,40,392
297,40,567
298,40,241
299,40,61
300,40,454
301,40,740
302,40,41
303,40,662
304,40,511
305,40,338
306,40,821
307,40,386
308,40,378
309,40,420
310,40,725
311,40,527
312,40,315
313,40,333
314,40,837
315,40,813
316,40,119
317,40,424
318,40,668
319,40,728
320,40,830
321,40,631
322,40,835
323,40,496
324,40,8
325,40,197
326,40,379
327,40,658
328,40,132
329,40,637
330,40,110
331,40,285
332,40,958
333,40,689
334,40,825
335,40,369
336,40,228
337,40,236
338,40,70
339,40,701
340,40,947
341,40,697
342,40,434
343,40,0
344,40,54
345,40,1005
346,40,856
347,40,253
348,40,737
349,40,976
350,40,537
351,40,213
352,40,913
353,40,322
354,40,442
355,40,707
356,40,991
357,40,799
358,40,552
359,40,499
360,40,453
361,40,460
362,40,1012
363,40,179
364,40,1018
365,40,893
366,40,803
367,40,85
368,40,681
369,40,164
370,40,162
371,40,922
372,40,106
373,40,487
374,40,45
375,40,826
376,40,751
377,40,517
378,40,849
379,40,834
380,40,559
381,40,451
382,40,673
383,40,696
384,40,682
385,40,305
386,40,568
387,40,828
388,40,892
389,40,776
390,40,343
391,40,895
392,40,880
393,40,875
394,40,926
395,40,254
396,40,43
397,40,523
398,40,348
399,40,278
0,41,301
1,41,150
2,41,253
3,41,683
4,41,443
5,41,954
6,41,1006
7,41,670
8,41,311
9,41,463
10,41,557
11,41,136
12,41,187
13,41,850
14,41,664
15,41,618
16,41,816
17,41,1008
18,41,520
19,41,249
20,41,710
21,41,0
22,41,554
23,41,228
24,41,713
25,41,246
26,41,189
27,41,287
28,41,901
29,41,142
30,41,336
31,41,492
32,41,1013
33,41,48
34,41,643
35,41,149
36,41,440
37,41,382
38,41,906
39,41,717
40,41,997
41,41,603
42,41,665
43,41,107
44,41,67
45,41,867
46,41,879
47,41,176
48,41,540
49,41,767
50,41,524
51,41,818
52,41,783
53,41,485
54,41,933
55,41,1002
56,41,568
57,41,266
58,41,474
59,41,366
60,41,839
61,41,476
62,41,696
63,41,847
64,41,743
65,41,521
66,41,584
67,41,877
68,41,433
69,41,749
70,41,651
71,41,363
72,41,678
73,41,1010
74,41,215
75,41,506
76,41,616
77,41,297
78,41,484
79,41,779
80,41,891
81,41,787
82,41,356
83,41,99
84,41,283
85,41,538
86,41,983
87,41,186
88,41,999
89,41,686
90,41,973
91,41,170
92,41,814
93,41,188
94,41,890
95,41,887
96,41,220
97,41,883
98,41,435
99,41,617
100,41,924
101,41,770
102,41,559
103,41,588
104,41,539
105,41,614
106,41,137
107,41,267
108,41,239
109,41,654
110,41,113
111,41,449
112,41,60
113,41,790
114,41,434
115,41,450
116,41,61
117,41,44
118,41,101
119,41,606
120,41,868
121,41,431
122,41,730
123,41,748
124,41,208
125,41,334
126,41,102
127,41,515
128,41,406
129,41,264
130,41,815
131,41,1017
132,41,16
133,41,517
134,41,619
135,41,47
136,41,483
137,41,978
138,41,482
139,41,369
140,41,250
141,41,724
142,41,639
143,41,114
144,41,173
145,41,723
146,41,852
147,41,242
148,41,190
149,41,33
150,41,955
151,41,550
152,41,534
153,41,319
154,41,75
155,41,695
156,41,11
157,41,952
158,41,668
159,41,785
160,41,104
161,41,504
162,41,120
163,41,98
164,41,465
165,41,35
166,41,276
167,41,838
168,41,740
169,41,531
170,41,462
171,41,473
172,41,298
173,41,165
174,41,865
175,41,854
176,41,115
177,41,663
178,41,878
179,41,326
180,41,1003
181,41,921
182,41,809
183,41,926
184,41,261
185,41,597
186,41,845
187,41,20
188,41,256
189,41,711
190,41,437
191,41,525
192,41,237
193,41,970
194,41,580
195,41,938
196,41,490
197,41,957
198,41,309
199,41,310
200,41,472
201,41,981
202,41,980
203,41,962
204,41,80
205,41,381
206,41,709
207,41,201
208,41,571
209,41,914
210,41,218
211,41,667
212,41,960
213,41,135
214,41,179
215,41,65
216,41,916
217,41,772
218,41,566
219,41,929
220,41,953
221,41,77
222,41,156
223,41,753
224,41,819
225,41,610
226,41,911
227,41,1020
228,41,171
229,41,844
230,41,251
231,41,27
232,41,36
233,41,184
234,41,857
235,41,219
236,41,254
237,41,157
238,41,998
239,41,421
240,41,205
241,41,494
242,41,281
243,41,795
244,41,532
245,41,542
246,41,777
247,41,361
248,41,112
249,41,318
250,41,373
251,41,982
252,41,607
253,41,88
254,41,148
255,41,160
256,41,217
257,41,944
258,41,5
259,41,965
260,41,34
261,41,646
262,41,763
263,41,509
264,41,794
265,41,429
266,41,127
267,41,235
268,41,9
269,41,627
270,41,390
271,41,587
272,41,350
273,41,223
274,41,581
275,41,214
276,41,229
277,41,545
278,41,503
279,41,796
280,41,951
281,41,294
282,41,216
283,41,869
284,41,193
285,41,204
286,41,930
287,41,699
288,41,874
289,41,613
290,41,213
291,41,202
292,41,656
293,41,140
294,41,541
295,41,630
296,41,392
297,41,535
298,41,241
299,41,62
300,41,454
301,41,739
302,41,41
303,41,662
304,41,511
305,41,306
306,41,821
307,41,386
308,41,379
309,41,420
310,41,725
311,41,527
312,41,315
313,41,333
314,41,837
315,41,813
316,41,119
317,41,424
318,41,700
319,41,728
320,41,862
321,41,632
322,41,834
323,41,496
324,41,8
325,41,197
326,41,380
327,41,658
328,41,132
329,41,669
330,41,110
331,41,285
332,41,990
333,41,689
334,41,824
335,41,368
336,41,260
337,41,236
338,41,70
339,41,701
340,41,947
341,41,698
342,41,466
343,41,1
344,41,54
345,41,1005
346,41,856
347,41,221
348,41,737
349,41,976
350,41,569
351,41,181
352,41,912
353,41,323
354,41,442
355,41,707
356,41,991
357,41,799
358,41,552
359,41,499
360,41,453
361,41,460
362,41,1012
363,41,147
364,41,1018
365,41,893
366,41,802
367,41,85
368,41,681
369,41,164
370,41,162
371,41,922
372,41,106
373,41,486
374,41,45
375,41,826
376,41,751
377,41,549
378,41,849
379,41,866
380,41,560
381,41,419
382,41,673
383,41,697
384,41,682
385,41,305
386,41,536
387,41,828
388,41,892
389,41,776
390,41,343
391,41,895
392,41,881
393,41,875
394,41,958
395,41,222
396,41,43
397,41,523
398,41,349
399,41,277
0,42,301
1,42,150
2,42,221
3,42,683
4,42,443
5,42,954
6,42,1006
7,42,669
8,42,311
9,42,463
10,42,557
11,42,137
12,42,187
13,42,851
14,42,696
15,42,618
16,42,784
17,42,1008
18,42,520
19,42,217
20,42,710
21,42,0
22,42,554
23,42,260
24,42,713
25,42,246
26,42,188
27,42,287
28,42,901
29,42,142
30,42,304
31,42,492
32,42,1013
33,42,48
34,42,643
35,42,117
36,42,408
37,42,414
38,42,906
39,42,717
40,42,996
41,42,603
42,42,633
43,42,107
44,42,67
45,42,867
46,42,911
47,42,175
48,42,540
49,42,767
50,42,524
51,42,850
52,42,783
53,42,517
54,42,933
55,42,1002
56,42,536
57,42,266
58,42,474
59,42,334
60,42,839
61,42,476
62,42,728
63,42,847
64,42,775
65,42,521
66,42,584
67,42,877
68,42,432
69,42,749
70,42,650
71,42,363
72,42,679
73,42,1010
74,42,215
75,42,506
76,42,616
77,42,297
78,42,484
79,42,779
80,42,891
81,42,755
82,42,356
83,42,99
84,42,283
85,42,538
86,42,983
87,42,186
88,42,967
89,42,686
90,42,973
91,42,170
92,42,782
93,42,220
94,42,890
95,42,887
96,42,252
97,42,883
98,42,435
99,42,617
100,42,924
101,42,770
102,42,560
103,42,620
104,42,539
105,42,614
106,42,105
107,42,267
108,42,239
109,42,654
110,42,81
111,42,449
112,42,60
113,42,790
114,42,434
115,42,450
116,42,62
117,42,44
118,42,101
119,42,606
120,42,868
121,42,431
122,42,762
123,42,748
124,42,176
125,42,302
126,42,102
127,42,516
128,42,374
129,42,264
130,42,814
131,42,985
132,42,16
133,42,518
134,42,619
135,42,47
136,42,451
137,42,978
138,42,482
139,42,370
140,42,250
141,42,724
142,42,671
143,42,114
144,42,173
145,42,723
146,42,852
147,42,242
148,42,191
149,42,32
150,42,955
151,42,550
152,42,534
153,42,319
154,42,75
155,42,695
156,42,11
157,42,952
158,42,667
159,42,785
160,42,104
161,42,503
162,42,120
163,42,98
164,42,433
165,42,35
166,42,277
167,42,838
168,42,739
169,42,531
170,42,462
171,42,473
172,42,298
173,42,165
174,42,865
175,42,854
176,42,115
177,42,663
178,42,878
179,42,326
180,42,1003
181,42,921
182,42,809
183,42,958
184,42,261
185,42,597
186,42,844
187,42,20
188,42,256
189,42,743
190,42,437
191,42,525
192,42,237
193,42,970
194,42,580
195,42,938
196,42,490
197,42,957
198,42,310
199,42,342
200,42,440
201,42,981
202,42,980
203,42,962
204,42,80
205,42,382
206,42,709
207,42,201
208,42,571
209,42,914
210,42,218
211,42,699
212,42,960
213,42,135
214,42,179
215,42,97
216,42,916
217,42,772
218,42,566
219,42,929
220,42,953
221,42,77
222,42,156
223,42,753
224,42,787
225,42,610
226,42,910
227,42,1020
228,42,171
229,42,876
230,42,251
231,42,27
232,42,36
233,42,184
234,42,857
235,42,219
236,42,222
237,42,157
238,42,997
239,42,421
240,42,205
241,42,494
242,42,249
243,42,763
244,42,532
245,42,574
246,42,777
247,42,393
248,42,112
249,42,318
250,42,373
251,42,982
252,42,639
253,42,88
254,42,148
255,42,160
256,42,185
257,42,944
258,42,5
259,42,965
260,42,34
261,42,646
262,42,731
263,42,509
264,42,795
265,42,429
266,42,127
267,42,235
268,42,9
269,42,627
270,42,390
271,42,555
272,42,350
273,42,223
274,42,549
275,42,214
276,42,228
277,42,545
278,42,502
279,42,797
280,42,951
281,42,294
282,42,216
283,42,869
284,42,193
285,42,204
286,42,930
287,42,698
288,42,842
289,42,612
290,42,213
291,42,202
292,42,656
293,42,140
294,42,541
295,42,630
296,42,392
297,42,535
298,42,241
299,42,94
300,42,454
301,42,738
302,42,41
303,42,662
304,42,511
305,42,274
306,42,821
307,42,386
308,42,379
309,42,420
310,42,725
311,42,527
312,42,315
313,42,333
314,42,837
315,42,813
316,42,119
317,42,424
318,42,668
319,42,727
320,42,894
321,42,632
322,42,866
323,42,496
324,42,8
325,42,197
326,42,381
327,42,658
328,42,132
329,42,701
330,42,110
331,42,285
332,42,1022
333,42,689
334,42,792
335,42,369
336,42,292
337,42,236
338,42,70
339,42,733
340,42,947
341,42,730
342,42,465
343,42,2
344,42,54
345,42,1005
346,42,856
347,42,189
348,42,737
349,42,976
350,42,570
351,42,149
352,42,912
353,42,324
354,42,442
355,42,707
356,42,991
357,42,799
358,42,552
359,42,499
360,42,453
361,42,460
362,42,1012
363,42,147
364,42,1018
365,42,893
366,42,801
367,42,85
368,42,681
369,42,164
370,42,162
371,42,922
372,42,106
373,42,485
374,42,45
375,42,826
376,42,751
377,42,548
378,42,849
379,42,898
380,42,592
381,42,387
382,42,673
383,42,665
384,42,682
385,42,305
386,42,504
387,42,828
388,42,892
389,42,776
390,42,343
391,42,895
392,42,882
393,42,875
394,42,990
395,42,190
396,42,43
397,42,523
398,42,349
399,42,245
0,43,301
1,43,150
2,43,189
3,43,683
4,43,443
5,43,954
6,43,1006
7,43,669
8,43,312
9,43,463
10,43,557
11,43,105
12,43,155
13,43,850
14,43,697
15,43,618
16,43,784
17,43,1008
18,43,520
19,43,185
20,43,710
21,43,0
22,43,554
23,43,228
24,43,713
25,43,246
26,43,187
27,43,287
28,43,901
29,43,142
30,43,304
31,43,492
32,43,1013
33,43,48
34,43,643
35,43,118
36,43,440
37,43,413
38,43,906
39,43,717
40,43,997
41,43,603
42,43,665
43,43,107
44,43,67
45,43,867
46,43,911
47,43,174
48,43,540
49,43,767
50,43,524
51,43,882
52,43,783
53,43,485
54,43,933
55,43,1002
56,43,537
57,43,266
58,43,474
59,43,333
60,43,839
61,43,476
62,43,760
63,43,847
64,43,775
65,43,521
66,43,584
67,43,877
68,43,432
69,43,749
70,43,650
71,43,363
72,43,647
73,43,1010
74,43,215
75,43,506
76,43,616
77,43,297
78,43,483
79,43,779
80,43,891
81,43,755
82,43,356
83,43,99
84,43,283
85,43,538
86,43,983
87,43,186
88,43,967
89,43,686
90,43,973
91,43,170
92,43,814
93,43,220
94,43,890
95,43,887
96,43,252
97,43,851
98,43,435
99,43,617
100,43,924
101,43,770
102,43,559
103,43,652
104,43,539
105,43,614
106,43,104
107,43,267
108,43,239
109,43,654
110,43,81
111,43,449
112,43,60
113,43,790
114,43,434
115,43,450
116,43,62
117,43,44
118,43,101
119,43,606
120,43,868
121,43,431
122,43,730
123,43,748
124,43,176
125,43,334
126,43,102
127,43,516
128,43,375
129,43,264
130,43,813
131,43,985
132,43,16
133,43,518
134,43,619
135,43,47
136,43,419
137,43,978
138,43,482
139,43,338
140,43,250
141,43,724
142,43,670
143,43,114
144,43,173
145,43,723
146,43,852
147,43,242
148,43,159
149,43,64
150,43,955
151,43,550
152,43,534
153,43,319
154,43,75
155,43,695
156,43,11
157,43,952
158,43,635
159,43,785
160,43,136
161,43,504
162,43,120
163,43,98
164,43,433
165,43,35
166,43,277
167,43,838
168,43,771
169,43,531
170,43,462
171,43,473
172,43,298
173,43,165
174,43,865
175,43,854
176,43,115
177,43,663
178,43,878
179,43,326
180,43,1003
181,43,921
182,43,809
183,43,990
184,43,261
185,43,597
186,43,843
187,43,20
188,43,256
189,43,743
190,43,437
191,43,525
192,43,237
193,43,970
194,43,579
195,43,938
196,43,490
197,43,957
198,43,311
199,43,310
200,43,441
201,43,981
202,43,980
203,43,962
204,43,80
205,43,414
206,43,709
207,43,201
208,43,571
209,43,914
210,43,218
211,43,667
212,43,960
213,43,135
214,43,179
215,43,129
216,43,916
217,43,772
218,43,566
219,43,929
220,43,953
221,43,77
222,43,156
223,43,753
224,43,787
225,43,610
226,43,909
227,43,1020
228,43,171
229,43,908
230,43,251
231,43,27
232,43,36
233,43,184
234,43,857
235,43,219
236,43,190
237,43,158
238,43,965
239,43,421
240,43,205
241,43,494
242,43,217
243,43,795
244,43,532
245,43,575
246,43,777
247,43,393
248,43,112
249,43,318
250,43,373
251,43,982
252,43,671
253,43,88
254,43,148
255,43,160
256,43,153
257,43,944
258,43,5
259,43,966
260,43,34
261,43,646
262,43,763
263,43,509
264,43,827
265,43,429
266,43,127
267,43,235
268,43,9
269,43,627
270,43,390
271,43,555
272,43,350
273,43,223
274,43,549
275,43,214
276,43,227
277,43,545
278,43,503
279,43,797
280,43,951
281,43,294
282,43,216
283,43,869
284,43,193
285,43,204
286,43,930
287,43,698
288,43,842
289,43,580
290,43,213
291,43,202
292,43,656
293,43,140
294,43,541
295,43,630
296,43,392
297,43,535
298,43,241
299,43,93
300,43,454
301,43,739
302,43,41
303,43,662
304,43,511
305,43,273
306,43,821
307,43,386
308,43,379
309,43,420
310,43,725
311,43,527
312,43,315
313,43,332
314,43,837
315,43,845
316,43,119
317,43,424
318,43,668
319,43,728
320,43,926
321,43,632
322,43,898
323,43,496
324,43,8
325,43,197
326,43,381
327,43,658
328,43,132
329,43,733
330,43,110
331,43,285
332,43,1021
333,43,689
334,43,792
335,43,369
336,43,260
337,43,236
338,43,70
339,43,765
340,43,947
341,43,731
342,43,464
343,43,3
344,43,54
345,43,1005
346,43,856
347,43,157
348,43,737
349,43,976
350,43,570
351,43,117
352,43,912
353,43,325
354,43,442
355,43,707
356,43,991
357,43,799
358,43,552
359,43,499
360,43,453
361,43,460
362,43,1012
363,43,147
364,43,1018
365,43,893
366,43,800
367,43,85
368,43,681
369,43,164
370,43,162
371,43,922
372,43,106
373,43,484
374,43,45
375,43,826
376,43,751
377,43,547
378,43,849
379,43,897
380,43,560
381,43,355
382,43,673
383,43,664
384,43,682
385,43,305
386,43,536
387,43,828
388,43,892
389,43,776
390,43,343
391,43,895
392,43,883
393,43,875
394,43,1022
395,43,191
396,43,43
397,43,523
398,43,349
399,43,245
0,44,301
1,44,150
2,44,157
3,44,683
4,44,443
5,44,954
6,44,1006
7,44,669
8,44,313
9,44,463
10,44,557
11,44,105
12,44,156
13,44,818
14,44,698
15,44,618
16,44,784
17,44,1008
18,44,520
19,44,153
20,44,710
21,44,0
22,44,554
23,44,229
24,44,713
25,44,246
26,44,155
27,44,287
28,44,901
29,44,141
30,44,304
31,44,492
32,44,1013
33,44,48
34,44,643
35,44,117
36,44,440
37,44,412
38,44,906
39,44,717
40,44,998
41,44,603
42,44,665
43,44,107
44,44,67
45,44,867
46,44,911
47,44,142
48,44,540
49,44,767
50,44,524
51,44,914
52,44,783
53,44,486
54,44,933
55,44,1002
56,44,537
57,44,266
58,44,474
59,44,332
60,44,839
61,44,476
62,44,792
63,44,847
64,44,775
65,44,521
66,44,584
67,44,877
68,44,432
69,44,749
70,44,650
71,44,363
72,44,648
73,44,1010
74,44,215
75,44,506
76,44,616
77,44,297
78,44,451
79,44,779
80,44,891
81,44,755
82,44,356
83,44,99
84,44,283
85,44,538
86,44,983
87,44,186
88,44,966
89,44,686
90,44,973
91,44,170
92,44,814
93,44,220
94,44,890
95,44,887
96,44,252
97,44,883
98,44,435
99,44,617
100,44,924
101,44,770
102,44,558
103,44,652
104,44,539
105,44,614
106,44,136
107,44,267
108,44,239
109,44,654
110,44,81
111,44,449
112,44,60
113,44,790
114,44,434
115,44,450
116,44,62
117,44,44
118,44,101
119,44,606
120,44,868
121,44,431
122,44,762
123,44,748
124,44,176
125,44,334
126,44,102
127,44,516
128,44,375
129,44,264
130,44,812
131,44,985
132,44,16
133,44,518
134,44,619
135,44,47
136,44,387
137,44,978
138,44,482
139,44,306
140,44,250
141,44,724
142,44,638
143,44,114
144,44,173
145,44,723
146,44,852
147,44,242
148,44,191
149,44,96
150,44,955
151,44,550
152,44,534
153,44,319
154,44,75
155,44,695
156,44,11
157,44,952
158,44,635
159,44,785
160,44,168
161,44,504
162,44,120
163,44,98
164,44,433
165,44,35
166,44,277
167,44,838
168,44,803
169,44,531
170,44,462
171,44,473
172,44,298
173,44,165
174,44,866
175,44,854
176,44,115
177,44,663
178,44,878
179,44,326
180,44,1003
181,44,921
182,44,809
183,44,989
184,44,261
185,44,597
186,44,843
187,44,20
188,44,256
189,44,743
190,44,437
191,44,525
192,44,237
193,44,970
194,44,547
195,44,938
196,44,490
197,44,957
198,44,312
199,44,309
200,44,409
201,44,981
202,44,980
203,44,962
204,44,80
205,44,414
206,44,709
207,44,201
208,44,571
209,44,946
210,44,218
211,44,667
212,44,960
213,44,135
214,44,179
215,44,161
216,44,916
217,44,772
218,44,566
219,44,929
220,44,953
221,44,77
222,44,188
223,44,753
224,44,787
225,44,610
226,44,941
227,44,1020
228,44,171
229,44,908
230,44,251
231,44,27
232,44,36
233,44,184
234,44,857
235,44,219
236,44,190
237,44,126
238,44,997
239,44,421
240,44,205
241,44,494
242,44,185
243,44,794
244,44,532
245,44,607
246,44,777
247,44,393
248,44,112
249,44,318
250,44,373
251,44,982
252,44,670
253,44,88
254,44,148
255,44,160
256,44,154
257,44,944
258,44,5
259,44,965
260,44,34
261,44,646
262,44,763
263,44,509
264,44,827
265,44,429
266,44,127
267,44,235
268,44,9
269,44,627
270,44,390
271,44,555
272,44,350
273,44,255
274,44,549
275,44,214
276,44,226
277,44,545
278,44,503
279,44,797
280,44,951
281,44,294
282,44,216
283,44,869
284,44,193
285,44,204
286,44,930
287,44,730
288,44,842
289,44,579
290,44,213
291,44,202
292,44,656
293,44,140
294,44,541
295,44,630
296,44,392
297,44,535
298,44,241
299,44,93
300,44,454
301,44,739
302,44,41
303,44,662
304,44,511
305,44,272
306,44,821
307,44,386
308,44,379
309,44,420
310,44,725
311,44,527
312,44,315
313,44,364
314,44,837
315,44,813
316,44,119
317,44,424
318,44,668
319,44,728
320,44,958
321,44,632
322,44,897
323,44,496
324,44,8
325,44,197
326,44,381
327,44,658
328,44,132
329,44,765
330,44,110
331,44,285
332,44,1022
333,44,689
334,44,791
335,44,369
336,44,228
337,44,236
338,44,70
339,44,766
340,44,947
341,44,699
342,44,464
343,44,4
344,44,54
345,44,1005
346,44,856
347,44,158
348,44,737
349,44,976
350,44,570
351,44,116
352,44,912
353,44,325
354,44,442
355,44,707
356,44,991
357,44,799
358,44,552
359,44,499
360,44,453
361,44,460
362,44,1012
363,44,147
364,44,1018
365,44,893
366,44,832
367,44,85
368,44,681
369,44,164
370,44,162
371,44,922
372,44,106
373,44,483
374,44,45
375,44,826
376,44,751
377,44,546
378,44,849
379,44,865
380,44,559
381,44,355
382,44,673
383,44,664
384,44,682
385,44,305
386,44,568
387,44,828
388,44,892
389,44,776
390,44,343
391,44,895
392,44,884
393,44,875
394,44,990
395,44,223
396,44,43
397,44,523
398,44,349
399,44,245
0,45,301
1,45,150
2,45,158
3,45,683
4,45,443
5,45,954
6,45,1006
7,45,637
8,45,281
9,45,463
10,45,557
11,45,105
12,45,188
13,45,786
14,45,697
15,45,618
16,45,784
17,45,1008
18,45,520
19,45,154
20,45,710
21,45,0
22,45,554
23,45,230
24,45,713
25,45,246
26,45,155
27,45,287
28,45,901
29,45,142
30,45,304
31,45,492
32,45,1013
33,45,48
34,45,643
35,45,149
36,45,440
37,45,380
38,45,906
39,45,717
40,45,997
41,45,603
42,45,665
43,45,107
44,45,67
45,45,867
46,45,911
47,45,110
48,45,540
49,45,767
50,45,524
51,45,915
52,45,783
53,45,487
54,45,933
55,45,1002
56,45,537
57,45,266
58,45,474
59,45,364
60,45,839
61,45,476
62,45,824
63,45,847
64,45,775
65,45,521
66,45,584
67,45,877
68,45,432
69,45,749
70,45,650
71,45,363
72,45,649
73,45,1010
74,45,215
75,45,506
76,45,616
77,45,297
78,45,419
79,45,779
80,45,891
81,45,755
82,45,356
83,45,99
84,45,283
85,45,538
86,45,983
87,45,187
88,45,966
89,45,686
90,45,973
91,45,170
92,45,814
93,45,220
94,45,890
95,45,887
96,45,252
97,45,883
98,45,435
99,45,617
100,45,924
101,45,770
102,45,559
103,45,652
104,45,539
105,45,614
106,45,137
107,45,267
108,45,239
109,45,654
110,45,81
111,45,449
112,45,60
113,45,790
114,45,434
115,45,450
116,45,62
117,45,44
118,45,101
119,45,606
120,45,868
121,45,431
122,45,730
123,45,748
124,45,176
125,45,334
126,45,102
127,45,516
128,45,375
129,45,264
130,45,812
131,45,985
132,45,16
133,45,518
134,45,619
135,45,47
136,45,355
137,45,978
138,45,482
139,45,274
140,45,250
141,45,724
142,45,638
143,45,114
144,45,173
145,45,723
146,45,852
147,45,242
148,45,191
149,45,96
150,45,955
151,45,550
152,45,534
153,45,319
154,45,75
155,45,695
156,45,11
157,45,952
158,45,635
159,45,785
160,45,136
161,45,504
162,45,120
163,45,98
164,45,433
165,45,3
166,45,277
167,45,838
168,45,835
169,45,531
170,45,462
171,45,473
172,45,298
173,45,165
174,45,898
175,45,854
176,45,115
177,45,663
178,45,878
179,45,326
180,45,1003
181,45,921
182,45,809
183,45,988
184,45,261
185,45,597
186,45,843
187,45,20
188,45,256
189,45,743
190,45,437
191,45,525
192,45,237
193,45,970
194,45,548
195,45,938
196,45,490
197,45,957
198,45,313
199,45,309
200,45,410
201,45,981
202,45,980
203,45,962
204,45,80
205,45,414
206,45,709
207,45,201
208,45,571
209,45,914
210,45,218
211,45,667
212,45,960
213,45,135
214,45,179
215,45,161
216,45,916
217,45,772
218,45,566
219,45,929
220,45,953
221,45,77
222,45,189
223,45,753
224,45,787
225,45,610
226,45,940
227,45,1020
228,45,171
229,45,908
230,45,251
231,45,27
232,45,35
233,45,184
234,45,857
235,45,219
236,45,190
237,45,127
238,45,996
239,45,421
240,45,205
241,45,494
242,45,153
243,45,794
244,45,532
245,45,639
246,45,777
247,45,393
248,45,112
249,45,318
250,45,373
251,45,982
252,45,669
253,45,88
254,45,148
255,45,160
256,45,186
257,45,944
258,45,5
259,45,965
260,45,34
261,45,646
262,45,763
263,45,509
264,45,827
265,45,429
266,45,95
267,45,235
268,45,9
269,45,627
270,45,390
271,45,555
272,45,350
273,45,254
274,45,549
275,45,214
276,45,226
277,45,513
278,45,503
279,45,796
280,45,951
281,45,294
282,45,216
283,45,869
284,45,193
285,45,204
286,45,930
287,45,698
288,45,842
289,45,547
290,45,213
291,45,202
292,45,656
293,45,140
294,45,541
295,45,630
296,45,392
297,45,535
298,45,241
299,45,93
300,45,454
301,45,739
302,45,41
303,45,662
304,45,511
305,45,240
306,45,821
307,45,386
308,45,379
309,45,420
310,45,725
311,45,527
312,45,315
313,45,396
314,45,837
315,45,813
316,45,119
317,45,424
318,45,668
319,45,728
320,45,959
321,45,632
322,45,896
323,45,496
324,45,8
325,45,197
326,45,381
327,45,658
328,45,132
329,45,797
330,45,78
331,45,285
332,45,990
333,45,689
334,45,792
335,45,369
336,45,228
337,45,236
338,45,70
339,45,765
340,45,947
341,45,699
342,45,464
343,45,36
344,45,54
345,45,1005
346,45,856
347,45,126
348,45,737
349,45,976
350,45,570
351,45,84
352,45,912
353,45,325
354,45,442
355,45,707
356,45,991
357,45,799
358,45,552
359,45,499
360,45,453
361,45,460
362,45,1012
363,45,147
364,45,1018
365,45,893
366,45,864
367,45,85
368,45,681
369,45,164
370,45,162
371,45,922
372,45,106
373,45,451
374,45,45
375,45,826
376,45,751
377,45,545
378,45,849
379,45,866
380,45,560
381,45,323
382,45,673
383,45,664
384,45,682
385,45,305
386,45,568
387,45,828
388,45,892
389,45,776
390,45,343
391,45,895
392,45,885
393,45,875
394,45,958
395,45,255
396,45,43
397,45,523
398,45,349
399,45,245
0,46,301
1,46,150
2,46,126
3,46,683
4,46,443
5,46,954
6,46,1006
7,46,669
8,46,313
9,46,463
10,46,557
11,46,105
12,46,187
13,46,786
14,46,696
15,46,618
16,46,784
17,46,1008
18,46,520
19,46,186
20,46,710
21,46,0
22,46,554
23,46,230
24,46,713
25,46,246
26,46,123
27,46,286
28,46,901
29,46,142
30,46,304
31,46,492
32,46,1013
33,46,48
34,46,643
35,46,149
36,46,440
37,46,380
38,46,906
39,46,717
40,46,997
41,46,603
42,46,665
43,46,107
44,46,67
45,46,867
46,46,911
47,46,109
48,46,540
49,46,767
50,46,524
51,46,915
52,46,783
53,46,487
54,46,933
55,46,1002
56,46,537
57,46,266
58,46,474
59,46,363
60,46,839
61,46,476
62,46,823
63,46,847
64,46,775
65,46,521
66,46,584
67,46,877
68,46,432
69,46,749
70,46,650
71,46,331
72,46,649
73,46,1010
74,46,215
75,46,506
76,46,616
77,46,297
78,46,451
79,46,779
80,46,891
81,46,755
82,46,356
83,46,99
84,46,283
85,46,538
86,46,983
87,46,155
88,46,966
89,46,686
90,46,973
91,46,170
92,46,814
93,46,220
94,46,890
95,46,887
96,46,252
97,46,883
98,46,435
99,46,617
100,46,924
101,46,770
102,46,560
103,46,652
104,46,539
105,46,614
106,46,137
107,46,267
108,46,239
109,46,654
110,46,81
111,46,449
112,46,60
113,46,790
114,46,434
115,46,450
116,46,62
117,46,44
118,46,101
119,46,606
120,46,868
121,46,431
122,46,730
123,46,748
124,46,176
125,46,334
126,46,102
127,46,516
128,46,375
129,46,264
130,46,812
131,46,985
132,46,16
133,46,518
134,46,619
135,46,47
136,46,323
137,46,978
138,46,482
139,46,242
140,46,250
141,46,724
142,46,639
143,46,114
144,46,173
145,46,723
146,46,852
147,46,243
148,46,190
149,46,96
150,46,955
151,46,550
152,46,534
153,46,319
154,46,75
155,46,695
156,46,11
157,46,952
158,46,635
159,46,785
160,46,104
161,46,504
162,46,120
163,46,98
164,46,433
165,46,35
166,46,277
167,46,838
168,46,834
169,46,531
170,46,462
171,46,473
172,46,298
173,46,165
174,46,897
175,46,854
176,46,115
177,46,663
178,46,878
179,46,326
180,46,1003
181,46,921
182,46,809
183,46,988
184,46,261
185,46,597
186,46,843
187,46,20
188,46,256
189,46,743
190,46,437
191,46,525
192,46,237
193,46,970
194,46,580
195,46,938
196,46,490
197,46,957
198,46,312
199,46,309
200,46,410
201,46,981
202,46,980
203,46,962
204,46,80
205,46,414
206,46,709
207,46,201
208,46,571
209,46,914
210,46,218
211,46,667
212,46,960
213,46,135
214,46,179
215,46,161
216,46,916
217,46,772
218,46,566
219,46,929
220,46,953
221,46,77
222,46,188
223,46,753
224,46,787
225,46,610
226,46,972
227,46,1020
228,46,171
229,46,908
230,46,251
231,46,27
232,46,36
233,46,184
234,46,857
235,46,219
236,46,158
237,46,159
238,46,996
239,46,421
240,46,205
241,46,494
242,46,154
243,46,794
244,46,532
245,46,671
246,46,777
247,46,393
248,46,112
249,46,318
250,46,373
251,46,982
252,46,701
253,46,88
254,46,148
255,46,160
256,46,185
257,46,944
258,46,5
259,46,965
260,46,34
261,46,646
262,46,763
263,46,509
264,46,827
265,46,429
266,46,127
267,46,235
268,46,9
269,46,627
270,46,390
271,46,555
272,46,350
273,46,255
274,46,549
275,46,214
276,46,226
277,46,545
278,46,503
279,46,797
280,46,951
281,46,294
282,46,216
283,46,869
284,46,193
285,46,204
286,46,930
287,46,697
288,46,842
289,46,515
290,46,213
291,46,202
292,46,656
293,46,140
294,46,541
295,46,630
296,46,392
297,46,535
298,46,241
299,46,93
300,46,454
301,46,739
302,46,41
303,46,662
304,46,511
305,46,208
306,46,821
307,46,386
308,46,379
309,46,420
310,46,725
311,46,527
312,46,315
313,46,364
314,46,837
315,46,813
316,46,119
317,46,424
318,46,668
319,46,728
320,46,959
321,46,632
322,46,928
323,46,496
324,46,8
325,46,197
326,46,381
327,46,658
328,46,132
329,46,829
330,46,110
331,46,285
332,46,958
333,46,689
334,46,792
335,46,369
336,46,228
337,46,236
338,46,70
339,46,733
340,46,947
341,46,699
342,46,464
343,46,37
344,46,54
345,46,1005
346,46,856
347,46,94
348,46,737
349,46,976
350,46,570
351,46,52
352,46,912
353,46,325
354,46,442
355,46,707
356,46,991
357,46,799
358,46,552
359,46,499
360,46,453
361,46,460
362,46,1012
363,46,147
364,46,1018
365,46,893
366,46,864
367,46,85
368,46,681
369,46,164
370,46,162
371,46,922
372,46,106
373,46,483
374,46,45
375,46,826
376,46,751
377,46,544
378,46,849
379,46,866
380,46,592
381,46,322
382,46,673
383,46,664
384,46,682
385,46,305
386,46,568
387,46,828
388,46,892
389,46,776
390,46,343
391,46,895
392,46,886
393,46,875
394,46,926
395,46,287
396,46,43
397,46,523
398,46,349
399,46,245
0,47,301
1,47,150
2,47,94
3,47,683
4,47,443
5,47,954
6,47,1006
7,47,669
8,47,312
9,47,463
10,47,557
11,47,105
12,47,188
13,47,786
14,47,697
15,47,618
16,47,784
17,47,1008
18,47,520
19,47,185
20,47,710
21,47,0
22,47,554
23,47,230
24,47,713
25,47,246
26,47,155
27,47,254
28,47,901
29,47,142
30,47,304
31,47,492
32,47,1013
33,47,48
34,47,643
35,47,149
36,47,440
37,47,380
38,47,906
39,47,717
40,47,997
41,47,603
42,47,665
43,47,107
44,47,67
45,47,867
46,47,911
47,47,108
48,47,540
49,47,767
50,47,524
51,47,915
52,47,783
53,47,487
54,47,933
55,47,1002
56,47,537
57,47,266
58,47,474
59,47,362
60,47,839
61,47,476
62,47,823
63,47,847
64,47,775
65,47,521
66,47,584
67,47,877
68,47,432
69,47,749
70,47,650
71,47,363
72,47,649
73,47,1010
74,47,215
75,47,506
76,47,616
77,47,297
78,47,483
79,47,779
80,47,891
81,47,755
82,47,356
83,47,99
84,47,283
85,47,538
86,47,983
87,47,187
88,47,966
89,47,686
90,47,973
91,47,170
92,47,814
93,47,220
94,47,890
95,47,855
96,47,252
97,47,883
98,47,435
99,47,617
100,47,924
101,47,770
102,47,559
103,47,652
104,47,539
105,47,614
106,47,137
107,47,267
108,47,239
109,47,654
110,47,81
111,47,449
112,47,60
113,47,790
114,47,434
115,47,450
116,47,61
117,47,44
118,47,101
119,47,606
120,47,868
121,47,431
122,47,730
123,47,748
124,47,176
125,47,334
126,47,102
127,47,516
128,47,375
129,47,264
130,47,812
131,47,985
132,47,16
133,47,518
134,47,619
135,47,47
136,47,322
137,47,978
138,47,482
139,47,243
140,47,250
141,47,724
142,47,607
143,47,114
144,47,173
145,47,723
146,47,852
147,47,211
148,47,190
149,47,96
150,47,955
151,47,550
152,47,534
153,47,319
154,47,75
155,47,695
156,47,11
157,47,952
158,47,635
159,47,785
160,47,104
161,47,504
162,47,120
163,47,98
164,47,433
165,47,35
166,47,277
167,47,838
168,47,866
169,47,531
170,47,462
171,47,473
172,47,298
173,47,165
174,47,865
175,47,854
176,47,115
177,47,663
178,47,878
179,47,326
180,47,1003
181,47,921
182,47,809
183,47,988
184,47,261
185,47,597
186,47,843
187,47,20
188,47,256
189,47,743
190,47,437
191,47,525
192,47,237
193,47,970
194,47,580
195,47,938
196,47,490
197,47,957
198,47,280
199,47,309
200,47,410
201,47,981
202,47,980
203,47,962
204,47,80
205,47,414
206,47,709
207,47,201
208,47,571
209,47,914
210,47,218
211,47,667
212,47,961
213,47,135
214,47,179
215,47,161
216,47,916
217,47,772
218,47,566
219,47,929
220,47,953
221,47,77
222,47,156
223,47,753
224,47,787
225,47,610
226,47,972
227,47,1020
228,47,171
229,47,908
230,47,251
231,47,27
232,47,36
233,47,184
234,47,857
235,47,219
236,47,126
237,47,158
238,47,996
239,47,421
240,47,205
241,47,494
242,47,122
243,47,794
244,47,532
245,47,670
246,47,777
247,47,393
248,47,112
249,47,318
250,47,373
251,47,982
252,47,700
253,47,88
254,47,148
255,47,160
256,47,217
257,47,944
258,47,5
259,47,965
260,47,34
261,47,646
262,47,763
263,47,509
264,47,827
265,47,429
266,47,127
267,47,235
268,47,9
269,47,627
270,47,390
271,47,555
272,47,350
273,47,223
274,47,549
275,47,214
276,47,226
277,47,545
278,47,503
279,47,797
280,47,951
281,47,294
282,47,216
283,47,869
284,47,193
285,47,204
286,47,930
287,47,698
288,47,842
289,47,514
290,47,213
291,47,202
292,47,656
293,47,140
294,47,541
295,47,630
296,47,392
297,47,535
298,47,241
299,47,93
300,47,454
301,47,739
302,47,41
303,47,662
304,47,511
305,47,207
306,47,821
307,47,386
308,47,379
309,47,420
310,47,725
311,47,527
312,47,315
313,47,332
314,47,837
315,47,813
316,47,119
317,47,424
318,47,668
319,47,728
320,47,959
321,47,632
322,47,960
323,47,496
324,47,8
325,47,197
326,47,381
327,47,658
328,47,132
329,47,861
330,47,110
331,47,285
332,47,926
333,47,689
334,47,792
335,47,369
336,47,228
337,47,236
338,47,70
339,47,701
340,47,947
341,47,699
342,47,464
343,47,38
344,47,54
345,47,1005
346,47,856
347,47,62
348,47,737
349,47,976
350,47,570
351,47,51
352,47,912
353,47,325
354,47,442
355,47,707
356,47,991
357,47,799
358,47,552
359,47,499
360,47,453
361,47,460
362,47,1012
363,47,147
364,47,1018
365,47,893
366,47,864
367,47,85
368,47,681
369,47,164
370,47,162
371,47,922
372,47,106
373,47,515
374,47,45
375,47,826
376,47,751
377,47,544
378,47,849
379,47,898
380,47,560
381,47,354
382,47,673
383,47,664
384,47,682
385,47,305
386,47,568
387,47,828
388,47,892
389,47,776
390,47,343
391,47,895
392,47,887
393,47,875
394,47,894
395,47,286
396,47,43
397,47,523
398,47,349
399,47,245
0,48,301
1,48,150
2,48,62
3,48,683
4,48,443
5,48,954
6,48,1006
7,48,637
8,48,311
9,48,463
10,48,557
11,48,105
12,48,187
13,48,786
14,48,698
15,48,618
16,48,784
17,48,1008
18,48,520
19,48,185
20,48,710
21,48,0
22,48,554
23,48,230
24,48,713
25,48,246
26,48,155
27,48,255
28,48,901
29,48,142
30,48,304
31,48,492
32,48,1013
33,48,48
34,48,643
35,48,149
36,48,440
37,48,380
38,48,906
39,48,717
40,48,997
41,48,603
42,48,665
43,48,107
44,48,67
45,48,867
46,48,911
47,48,76
48,48,540
49,48,767
50,48,524
51,48,915
52,48,783
53,48,487
54,48,933
55,48,1002
56,48,537
57,48,266
58,48,474
59,48,362
60,48,839
61,48,476
62,48,855
63,48,847
64,48,775
65,48,521
66,48,584
67,48,877
68,48,432
69,48,749
70,48,650
71,48,363
72,48,649
73,48,1010
74,48,215
75,48,506
76,48,616
77,48,297
78,48,484
79,48,779
80,48,891
81,48,755
82,48,356
83,48,99
84,48,283
85,48,538
86,48,983
87,48,186
88,48,966
89,48,686
90,48,973
91,48,170
92,48,814
93,48,220
94,48,890
95,48,887
96,48,252
97,48,883
98,48,435
99,48,617
100,48,924
101,48,770
102,48,558
103,48,652
104,48,539
105,48,614
106,48,137
107,48,267
108,48,239
109,48,654
110,48,81
111,48,449
112,48,60
113,48,790
114,48,434
115,48,450
116,48,61
117,48,44
118,48,101
119,48,606
120,48,868
121,48,431
122,48,762
123,48,748
124,48,176
125,48,334
126,48,102
127,48,516
128,48,375
129,48,264
130,48,812
131,48,985
132,48,16
133,48,518
134,48,619
135,48,47
136,48,290
137,48,978
138,48,482
139,48,244
140,48,250
141,48,724
142,48,607
143,48,114
144,48,173
145,48,723
146,48,852
147,48,243
148,48,190
149,48,96
150,48,955
151,48,550
152,48,534
153,48,319
154,48,75
155,48,695
156,48,11
157,48,952
158,48,635
159,48,785
160,48,104
161,48,504
162,48,120
163,48,98
164,48,433
165,48,35
166,48,277
167,48,838
168,48,898
169,48,531
170,48,462
171,48,473
172,48,298
173,48,165
174,48,865
175,48,854
176,48,115
177,48,663
178,48,878
179,48,326
180,48,1003
181,48,921
182,48,809
183,48,988
184,48,261
185,48,597
186,48,843
187,48,20
188,48,256
189,48,743
190,48,437
191,48,525
192,48,237
193,48,970
194,48,580
195,48,938
196,48,490
197,48,957
198,48,281
199,48,309
200,48,410
201,48,981
202,48,980
203,48,962
204,48,80
205,48,414
206,48,709
207,48,201
208,48,571
209,48,914
210,48,218
211,48,667
212,48,960
213,48,135
214,48,179
215,48,161
216,48,916
217,48,772
218,48,566
219,48,929
220,48,953
221,48,77
222,48,156
223,48,753
224,48,787
225,48,610
226,48,972
227,48,1020
228,48,171
229,48,908
230,48,251
231,48,27
232,48,36
233,48,184
234,48,857
235,48,219
236,48,94
237,48,157
238,48,996
239,48,421
240,48,205
241,48,494
242,48,123
243,48,794
244,48,532
245,48,669
246,48,777
247,48,393
248,48,112
249,48,318
250,48,373
251,48,982
252,48,700
253,48,88
254,48,148
255,48,160
256,48,249
257,48,944
258,48,5
259,48,965
260,48,34
261,48,646
262,48,763
263,48,509
264,48,827
265,48,429
266,48,127
267,48,235
268,48,9
269,48,627
270,48,390
271,48,555
272,48,350
273,48,223
274,48,549
275,48,214
276,48,226
277,48,545
278,48,503
279,48,797
280,48,951
281,48,294
282,48,216
283,48,869
284,48,193
285,48,204
286,48,930
287,48,730
288,48,842
289,48,515
290,48,213
291,48,202
292,48,656
293,48,140
294,48,541
295,48,630
296,48,392
297,48,535
298,48,241
299,48,93
300,48,454
301,48,739
302,48,41
303,48,662
304,48,511
305,48,206
306,48,821
307,48,386
308,48,379
309,48,420
310,48,725
311,48,527
312,48,315
313,48,333
314,48,837
315,48,813
316,48,119
317,48,424
318,48,668
319,48,728
320,48,959
321,48,632
322,48,992
323,48,496
324,48,8
325,48,197
326,48,381
327,48,658
328,48,132
329,48,893
330,48,110
331,48,285
332,48,926
333,48,689
334,48,792
335,48,369
336,48,228
337,48,236
338,48,70
339,48,701
340,48,947
341,48,699
342,48,464
343,48,39
344,48,54
345,48,1005
346,48,856
347,48,30
348,48,737
349,48,976
350,48,570
351,48,51
352,48,912
353,48,325
354,48,442
355,48,707
356,48,991
357,48,799
358,48,552
359,48,499
360,48,453
361,48,460
362,48,1012
363,48,147
364,48,1018
365,48,894
366,48,864
367,48,85
368,48,681
369,48,164
370,48,162
371,48,922
372,48,106
373,48,483
374,48,45
375,48,826
376,48,751
377,48,544
378,48,849
379,48,897
380,48,559
381,48,355
382,48,673
383,48,664
384,48,682
385,48,305
386,48,568
387,48,828
388,48,892
389,48,776
390,48,343
391,48,895
392,48,888
393,48,875
394,48,862
395,48,286
396,48,43
397,48,523
398,48,349
399,48,245
0,49,301
1,49,150
2,49,30
3,49,683
4,49,443
5,49,954
6,49,1006
7,49,669
8,49,311
9,49,463
10,49,557
11,49,105
12,49,187
13,49,786
14,49,697
15,49,618
16,49,784
17,49,1008
18,49,520
19,49,185
20,49,710
21,49,0
22,49,554
23,49,230
24,49,713
25,49,246
26,49,155
27,49,287
28,49,901
29,49,142
30,49,304
31,49,492
32,49,1013
33,49,48
34,49,643
35,49,149
36,49,440
37,49,380
38,49,906
39,49,717
40,49,997
41,49,603
42,49,665
43,49,107
44,49,67
45,49,867
46,49,911
47,49,44
48,49,540
49,49,767
50,49,524
51,49,915
52,49,783
53,49,487
54,49,933
55,49,1002
56,49,537
57,49,266
58,49,474
59,49,362
60,49,839
61,49,476
62,49,887
63,49,847
64,49,775
65,49,521
66,49,584
67,49,877
68,49,432
69,49,749
70,49,650
71,49,363
72,49,649
73,49,1010
74,49,215
75,49,506
76,49,616
77,49,297
78,49,484
79,49,779
80,49,891
81,49,755
82,49,356
83,49,99
84,49,283
85,49,538
86,49,983
87,49,186
88,49,966
89,49,686
90,49,973
91,49,170
92,49,814
93,49,220
94,49,890
95,49,886
96,49,252
97,49,883
98,49,435
99,49,617
100,49,924
101,49,770
102,49,559
103,49,652
104,49,539
105,49,614
106,49,137
107,49,267
108,49,239
109,49,654
110,49,81
111,49,449
112,49,60
113,49,790
114,49,434
115,49,450
116,49,62
117,49,43
118,49,101
119,49,606
120,49,868
121,49,431
122,49,730
123,49,748
124,49,176
125,49,334
126,49,102
127,49,516
128,49,375
129,49,264
130,49,812
131,49,985
132,49,16
133,49,518
134,49,619
135,49,47
136,49,289
137,49,978
138,49,482
139,49,243
140,49,250
141,49,724
142,49,607
143,49,114
144,49,173
145,49,723
146,49,852
147,49,242
148,49,190
149,49,96
150,49,955
151,49,550
152,49,534
153,49,319
154,49,75
155,49,695
156,49,12
157,49,952
158,49,635
159,49,785
160,49,104
161,49,504
162,49,120
163,49,98
164,49,433
165,49,35
166,49,277
167,49,838
168,49,897
169,49,531
170,49,462
171,49,473
172,49,298
173,49,165
174,49,866
175,49,854
176,49,115
177,49,663
178,49,878
179,49,326
180,49,1003
181,49,921
182,49,809
183,49,988
184,49,261
185,49,597
186,49,843
187,49,20
188,49,256
189,49,743
190,49,437
191,49,525
192,49,237
193,49,970
194,49,580
195,49,938
196,49,490
197,49,957
198,49,313
199,49,309
200,49,410
201,49,981
202,49,980
203,49,962
204,49,80
205,49,414
206,49,709
207,49,201
208,49,571
209,49,914
210,49,218
211,49,667
212,49,960
213,49,135
214,49,179
215,49,161
216,49,916
217,49,772
218,49,566
219,49,929
220,49,953
221,49,77
222,49,156
223,49,753
224,49,787
225,49,610
226,49,972
227,49,1020
228,49,171
229,49,908
230,49,251
231,49,27
232,49,36
233,49,184
234,49,857
235,49,219
236,49,93
237,49,157
238,49,996
239,49,421
240,49,205
241,49,494
242,49,91
243,49,794
244,49,532
245,49,701
246,49,777
247,49,393
248,49,112
249,49,318
250,49,373
251,49,982
252,49,700
253,49,88
254,49,148
255,49,160
256,49,281
257,49,944
258,49,5
259,49,965
260,49,34
261,49,646
262,49,763
263,49,509
264,49,827
265,49,429
266,49,127
267,49,235
268,49,9
269,49,627
270,49,390
271,49,555
272,49,350
273,49,223
274,49,549
275,49,214
276,49,226
277,49,545
278,49,503
279,49,797
280,49,951
281,49,294
282,49,216
283,49,869
284,49,193
285,49,204
286,49,930
287,49,698
288,49,842
289,49,515
290,49,213
291,49,202
292,49,656
293,49,140
294,49,541
295,49,630
296,49,392
297,49,535
298,49,241
299,49,92
300,49,454
301,49,739
302,49,41
303,49,662
304,49,511
305,49,174
306,49,821
307,49,386
308,49,379
309,49,420
310,49,725
311,49,527
312,49,315
313,49,333
314,49,837
315,49,813
316,49,119
317,49,424
318,49,668
319,49,728
320,49,959
321,49,632
322,49,992
323,49,496
324,49,8
325,49,197
326,49,381
327,49,658
328,49,132
329,49,925
330,49,110
331,49,285
332,49,894
333,49,689
334,49,792
335,49,369
336,49,228
337,49,236
338,49,70
339,49,733
340,49,947
341,49,699
342,49,464
343,49,39
344,49,54
345,49,1005
346,49,856
347,49,31
348,49,737
349,49,976
350,49,570
351,49,51
352,49,912
353,49,325
354,49,442
355,49,707
356,49,991
357,49,799
358,49,552
359,49,499
360,49,453
361,49,460
362,49,1012
363,49,147
364,49,1018
365,49,893
366,49,864
367,49,85
368,49,681
369,49,164
370,49,162
371,49,922
372,49,106
373,49,451
374,49,45
375,49,826
376,49,751
377,49,544
378,49,849
379,49,865
380,49,560
381,49,355
382,49,673
383,49,664
384,49,682
385,49,305
386,49,568
387,49,828
388,49,892
389,49,776
390,49,343
391,49,895
392,49,920
393,49,875
394,49,862
395,49,286
396,49,11
397,49,523
398,49,349
399,49,245
0,50,301
1,50,150
2,50,30
3,50,683
4,50,443
5,50,954
6,50,1006
7,50,669
8,50,311
9,50,463
10,50,557
11,50,105
12,50,187
13,50,786
14,50,696
15,50,618
16,50,784
17,50,1008
18,50,520
19,50,185
20,50,710
21,50,0
22,50,554
23,50,230
24,50,713
25,50,246
26,50,155
27,50,287
28,50,901
29,50,141
30,50,304
31,50,492
32,50,1013
33,50,48
34,50,643
35,50,149
36,50,440
37,50,380
38,50,906
39,50,717
40,50,997
41,50,603
42,50,665
43,50,107
44,50,67
45,50,867
46,50,911
47,50,43
48,50,540
49,50,767
50,50,524
51,50,915
52,50,783
53,50,487
54,50,933
55,50,1002
56,50,537
57,50,266
58,50,474
59,50,362
60,50,839
61,50,476
62,50,919
63,50,847
64,50,775
65,50,521
66,50,584
67,50,877
68,50,432
69,50,749
70,50,650
71,50,363
72,50,649
73,50,1010
74,50,215
75,50,506
76,50,616
77,50,297
78,50,484
79,50,779
80,50,891
81,50,755
82,50,356
83,50,99
84,50,283
85,50,538
86,50,983
87,50,186
88,50,966
89,50,686
90,50,973
91,50,170
92,50,814
93,50,220
94,50,890
95,50,887
96,50,252
97,50,883
98,50,435
99,50,617
100,50,924
101,50,770
102,50,560
103,50,652
104,50,539
105,50,614
106,50,137
107,50,267
108,50,239
109,50,654
110,50,81
111,50,449
112,50,60
113,50,790
114,50,434
115,50,450
116,50,62
117,50,11
118,50,101
119,50,606
120,50,868
121,50,431
122,50,730
123,50,748
124,50,176
125,50,334
126,50,102
127,50,516
128,50,375
129,50,264
130,50,812
131,50,985
132,50,16
133,50,518
134,50,619
135,50,47
136,50,257
137,50,978
138,50,482
139,50,243
140,50,250
141,50,724
142,50,607
143,50,114
144,50,173
145,50,723
146,50,852
147,50,242
148,50,190
149,50,96
150,50,955
151,50,550
152,50,534
153,50,319
154,50,75
155,50,695
156,50,44
157,50,952
158,50,635
159,50,785
160,50,104
161,50,504
162,50,120
163,50,98
164,50,433
165,50,35
166,50,277
167,50,838
168,50,929
169,50,531
170,50,462
171,50,473
172,50,298
173,50,165
174,50,898
175,50,854
176,50,115
177,50,663
178,50,878
179,50,326
180,50,1003
181,50,921
182,50,809
183,50,988
184,50,261
185,50,597
186,50,843
187,50,20
188,50,256
189,50,743
190,50,437
191,50,525
192,50,237
193,50,970
194,50,580
195,50,938
196,50,490
197,50,957
198,50,345
199,50,309
200,50,410
201,50,981
202,50,980
203,50,962
204,50,80
205,50,414
206,50,709
207,50,201
208,50,571
209,50,914
210,50,218
211,50,667
212,50,960
213,50,135
214,50,179
215,50,161
216,50,916
217,50,772
218,50,566
219,50,928
220,50,953
221,50,77
222,50,156
223,50,753
224,50,787
225,50,610
226,50,972
227,50,1020
228,50,171
229,50,908
230,50,251
231,50,27
232,50,36
233,50,184
234,50,857
235,50,219
236,50,61
237,50,157
238,50,996
239,50,421
240,50,205
241,50,494
242,50,59
243,50,794
244,50,532
245,50,733
246,50,777
247,50,393
248,50,112
249,50,318
250,50,373
251,50,982
252,50,700
253,50,88
254,50,148
255,50,160
256,50,313
257,50,944
258,50,5
259,50,965
260,50,34
261,50,646
262,50,763
263,50,509
264,50,827
265,50,429
266,50,127
267,50,235
268,50,9
269,50,627
270,50,390
271,50,555
272,50,350
273,50,223
274,50,549
275,50,214
276,50,226
277,50,545
278,50,503
279,50,797
280,50,951
281,50,294
282,50,216
283,50,869
284,50,193
285,50,204
286,50,930
287,50,697
288,50,842
289,50,515
290,50,213
291,50,202
292,50,656
293,50,140
294,50,541
295,50,630
296,50,392
297,50,535
298,50,241
299,50,93
300,50,454
301,50,739
302,50,41
303,50,662
304,50,511
305,50,142
306,50,821
307,50,386
308,50,379
309,50,420
310,50,725
311,50,527
312,50,315
313,50,333
314,50,837
315,50,813
316,50,119
317,50,424
318,50,668
319,50,728
320,50,959
321,50,632
322,50,992
323,50,496
324,50,8
325,50,197
326,50,381
327,50,658
328,50,132
329,50,925
330,50,110
331,50,285
332,50,894
333,50,689
334,50,792
335,50,369
336,50,228
337,50,236
338,50,70
339,50,734
340,50,947
341,50,699
342,50,464
343,50,39
344,50,54
345,50,1005
346,50,856
347,50,31
348,50,737
349,50,976
350,50,570
351,50,51
352,50,912
353,50,325
354,50,442
355,50,707
356,50,991
357,50,799
358,50,552
359,50,499
360,50,453
361,50,460
362,50,1012
363,50,147
364,50,1018
365,50,893
366,50,864
367,50,85
368,50,681
369,50,164
370,50,162
371,50,922
372,50,106
373,50,451
374,50,45
375,50,826
376,50,751
377,50,544
378,50,849
379,50,866
380,50,561
381,50,355
382,50,673
383,50,664
384,50,682
385,50,305
386,50,568
387,50,828
388,50,892
389,50,776
390,50,343
391,50,895
392,50,920
393,50,875
394,50,862
395,50,286
396,50,12
397,50,523
398,50,349
399,50,245
0,51,301
1,51,150
2,51,30
3,51,683
4,51,443
5,51,954
6,51,1006
7,51,669
8,51,311
9,51,463
10,51,557
11,51,105
12,51,187
13,51,786
14,51,697
15,51,618
16,51,784
17,51,1008
18,51,520
19,51,185
20,51,710
21,51,0
22,51,554
23,51,230
24,51,713
25,51,246
26,51,155
27,51,287
28,51,901
29,51,142
30,51,304
31,51,492
32,51,1013
33,51,48
34,51,643
35,51,149
36,51,440
37,51,380
38,51,906
39,51,717
40,51,997
41,51,603
42,51,665
43,51,107
44,51,67
45,51,867
46,51,911
47,51,42
48,51,540
49,51,767
50,51,524
51,51,915
52,51,783
53,51,487
54,51,933
55,51,1002
56,51,537
57,51,266
58,51,474
59,51,362
60,51,839
61,51,476
62,51,919
63,51,847
64,51,775
65,51,521
66,51,584
67,51,877
68,51,432
69,51,749
70,51,650
71,51,363
72,51,649
73,51,1010
74,51,215
75,51,506
76,51,616
77,51,297
78,51,484
79,51,779
80,51,891
81,51,755
82,51,356
83,51,99
84,51,283
85,51,538
86,51,983
87,51,186
88,51,966
89,51,686
90,51,973
91,51,170
92,51,814
93,51,220
94,51,890
95,51,887
96,51,252
97,51,883
98,51,435
99,51,617
100,51,924
101,51,770
102,51,592
103,51,652
104,51,539
105,51,614
106,51,137
107,51,267
108,51,239
109,51,654
110,51,81
111,51,449
112,51,60
113,51,790
114,51,434
115,51,450
116,51,62
117,51,12
118,51,101
119,51,606
120,51,868
121,51,431
122,51,730
123,51,748
124,51,176
125,51,334
126,51,102
127,51,516
128,51,375
129,51,264
130,51,812
131,51,985
132,51,16
133,51,518
134,51,619
135,51,47
136,51,225
137,51,978
138,51,482
139,51,243
140,51,250
141,51,724
142,51,607
143,51,114
144,51,173
145,51,723
146,51,852
147,51,242
148,51,190
149,51,96
150,51,955
151,51,550
152,51,534
153,51,319
154,51,75
155,51,695
156,51,43
157,51,952
158,51,635
159,51,785
160,51,104
161,51,504
162,51,120
163,51,98
164,51,433
165,51,35
166,51,277
167,51,838
168,51,961
169,51,531
170,51,462
171,51,473
172,51,298
173,51,165
174,51,866
175,51,854
176,51,115
177,51,663
178,51,878
179,51,326
180,51,1003
181,51,921
182,51,809
183,51,988
184,51,261
185,51,597
186,51,843
187,51,20
188,51,256
189,51,743
190,51,437
191,51,525
192,51,237
193,51,970
194,51,580
195,51,938
196,51,490
197,51,957
198,51,344
199,51,309
200,51,410
201,51,981
202,51,980
203,51,962
204,51,80
205,51,414
206,51,709
207,51,201
208,51,571
209,51,914
210,51,218
211,51,667
212,51,960
213,51,135
214,51,179
215,51,161
216,51,916
217,51,772
218,51,566
219,51,929
220,51,953
221,51,77
222,51,156
223,51,753
224,51,787
225,51,610
226,51,972
227,51,1020
228,51,171
229,51,908
230,51,251
231,51,27
232,51,36
233,51,184
234,51,857
235,51,219
236,51,29
237,51,157
238,51,996
239,51,421
240,51,205
241,51,494
242,51,58
243,51,794
244,51,532
245,51,765
246,51,777
247,51,393
248,51,112
249,51,318
250,51,373
251,51,982
252,51,700
253,51,88
254,51,148
255,51,160
256,51,345
257,51,944
258,51,5
259,51,965
260,51,34
261,51,646
262,51,763
263,51,509
264,51,827
265,51,429
266,51,127
267,51,235
268,51,9
269,51,627
270,51,390
271,51,555
272,51,350
273,51,223
274,51,549
275,51,214
276,51,226
277,51,545
278,51,503
279,51,797
280,51,951
281,51,294
282,51,216
283,51,869
284,51,193
285,51,204
286,51,930
287,51,698
288,51,842
289,51,515
290,51,213
291,51,202
292,51,656
293,51,140
294,51,541
295,51,630
296,51,392
297,51,535
298,51,241
299,51,93
300,51,454
301,51,739
302,51,41
303,51,662
304,51,511
305,51,110
306,51,821
307,51,386
308,51,379
309,51,420
310,51,725
311,51,527
312,51,315
313,51,333
314,51,837
315,51,813
316,51,119
317,51,424
318,51,668
319,51,728
320,51,959
321,51,632
322,51,992
323,51,496
324,51,8
325,51,197
326,51,381
327,51,658
328,51,132
329,51,925
330,51,109
331,51,285
332,51,894
333,51,689
334,51,792
335,51,369
336,51,228
337,51,236
338,51,70
339,51,733
340,51,947
341,51,699
342,51,464
343,51,39
344,51,54
345,51,1005
346,51,856
347,51,31
348,51,737
349,51,976
350,51,570
351,51,51
352,51,912
353,51,325
354,51,442
355,51,707
356,51,991
357,51,799
358,51,552
359,51,499
360,51,453
361,51,460
362,51,1012
363,51,147
364,51,1018
365,51,893
366,51,864
367,51,85
368,51,681
369,51,164
370,51,162
371,51,922
372,51,106
373,51,451
374,51,45
375,51,826
376,51,751
377,51,544
378,51,849
379,51,834
380,51,560
381,51,355
382,51,673
383,51,664
384,51,682
385,51,305
386,51,568
387,51,828
388,51,892
389,51,776
390,51,343
391,51,895
392,51,920
393,51,875
394,51,862
395,51,286
396,51,44
397,51,523
398,51,349
399,51,245
0,52,301
1,52,150
2,52,30
3,52,683
4,52,443
5,52,954
6,52,1006
7,52,669
8,52,311
9,52,463
10,52,557
11,52,105
12,52,187
13,52,786
14,52,698
15,52,618
16,52,784
17,52,1008
18,52,520
19,52,185
20,52,710
21,52,0
22,52,554
23,52,230
24,52,713
25,52,246
26,52,155
27,52,287
28,52,901
29,52,142
30,52,304
31,52,492
32,52,1013
33,52,48
34,52,643
35,52,149
36,52,440
37,52,380
38,52,906
39,52,717
40,52,997
41,52,603
42,52,665
43,52,107
44,52,67
45,52,867
46,52,911
47,52,41
48,52,540
49,52,767
50,52,524
51,52,915
52,52,783
53,52,487
54,52,933
55,52,1002
56,52,537
57,52,266
58,52,474
59,52,362
60,52,839
61,52,476
62,52,919
63,52,847
64,52,775
65,52,521
66,52,584
67,52,877
68,52,432
69,52,749
70,52,650
71,52,363
72,52,649
73,52,1010
74,52,215
75,52,506
76,52,616
77,52,297
78,52,484
79,52,779
80,52,891
81,52,755
82,52,356
83,52,99
84,52,283
85,52,538
86,52,983
87,52,186
88,52,966
89,52,686
90,52,973
91,52,170
92,52,814
93,52,220
94,52,890
95,52,887
96,52,252
97,52,883
98,52,435
99,52,617
100,52,924
101,52,770
102,52,560
103,52,652
104,52,539
105,52,614
106,52,137
107,52,267
108,52,239
109,52,654
110,52,81
111,52,449
112,52,60
113,52,790
114,52,434
115,52,450
116,52,62
117,52,44
118,52,101
119,52,606
120,52,868
121,52,431
122,52,730
123,52,748
124,52,176
125,52,334
126,52,102
127,52,516
128,52,375
129,52,264
130,52,812
131,52,985
132,52,16
133,52,518
134,52,619
135,52,47
136,52,224
137,52,978
138,52,482
139,52,243
140,52,250
141,52,724
142,52,607
143,52,114
144,52,173
145,52,723
146,52,852
147,52,242
148,52,190
149,52,96
150,52,955
151,52,550
152,52,534
153,52,319
154,52,75
155,52,695
156,52,11
157,52,952
158,52,635
159,52,785
160,52,104
161,52,504
162,52,120
163,52,98
164,52,433
165,52,35
166,52,277
167,52,838
168,52,961
169,52,531
170,52,462
171,52,473
172,52,298
173,52,165
174,52,865
175,52,854
176,52,115
177,52,663
178,52,878
179,52,326
180,52,1003
181,52,921
182,52,809
183,52,988
184,52,261
185,52,597
186,52,843
187,52,20
188,52,256
189,52,743
190,52,437
191,52,525
192,52,237
193,52,970
194,52,580
195,52,938
196,52,490
197,52,957
198,52,345
199,52,309
200,52,410
201,52,981
202,52,980
203,52,962
204,52,80
205,52,414
206,52,709
207,52,201
208,52,571
209,52,914
210,52,218
211,52,667
212,52,960
213,52,135
214,52,179
215,52,161
216,52,916
217,52,772
218,52,566
219,52,929
220,52,953
221,52,77
222,52,156
223,52,753
224,52,787
225,52,610
226,52,972
227,52,1020
228,52,171
229,52,908
230,52,251
231,52,27
232,52,36
233,52,184
234,52,857
235,52,219
236,52,29
237,52,157
238,52,996
239,52,421
240,52,205
241,52,494
242,52,58
243,52,794
244,52,532
245,52,766
246,52,777
247,52,393
248,52,112
249,52,318
250,52,373
251,52,982
252,52,700
253,52,88
254,52,148
255,52,160
256,52,313
257,52,944
258,52,5
259,52,965
260,52,34
261,52,646
262,52,763
263,52,509
264,52,827
265,52,429
266,52,127
267,52,235
268,52,9
269,52,627
270,52,390
271,52,555
272,52,350
273,52,223
274,52,549
275,52,214
276,52,226
277,52,545
278,52,503
279,52,797
280,52,951
281,52,294
282,52,216
283,52,869
284,52,193
285,52,204
286,52,930
287,52,666
288,52,842
289,52,515
290,52,213
291,52,202
292,52,656
293,52,140
294,52,541
295,52,630
296,52,392
297,52,535
298,52,241
299,52,93
300,52,454
301,52,739
302,52,40
303,52,662
304,52,511
305,52,78
306,52,821
307,52,386
308,52,379
309,52,420
310,52,725
311,52,527
312,52,315
313,52,333
314,52,837
315,52,813
316,52,119
317,52,424
318,52,668
319,52,728
320,52,959
321,52,632
322,52,992
323,52,496
324,52,8
325,52,197
326,52,381
327,52,658
328,52,132
329,52,925
330,52,110
331,52,285
332,52,894
333,52,689
334,52,792
335,52,369
336,52,228
337,52,236
338,52,70
339,52,701
340,52,947
341,52,699
342,52,464
343,52,39
344,52,54
345,52,1005
346,52,856
347,52,31
348,52,737
349,52,976
350,52,570
351,52,51
352,52,912
353,52,325
354,52,442
355,52,707
356,52,991
357,52,799
358,52,552
359,52,499
360,52,453
361,52,460
362,52,1012
363,52,147
364,52,1018
365,52,893
366,52,864
367,52,85
368,52,681
369,52,164
370,52,162
371,52,922
372,52,106
373,52,451
374,52,45
375,52,826
376,52,751
377,52,544
378,52,849
379,52,834
380,52,559
381,52,355
382,52,673
383,52,664
384,52,682
385,52,305
386,52,568
387,52,828
388,52,892
389,52,776
390,52,343
391,52,895
392,52,920
393,52,875
394,52,862
395,52,286
396,52,43
397,52,523
398,52,349
399,52,245
0,53,301
1,53,150
2,53,30
3,53,683
4,53,443
5,53,954
6,53,1006
7,53,669
8,53,311
9,53,463
10,53,557
11,53,105
12,53,187
13,53,786
14,53,697
15,53,618
16,53,784
17,53,1008
18,53,520
19,53,185
20,53,710
21,53,0
22,53,554
23,53,230
24,53,713
25,53,246
26,53,155
27,53,287
28,53,901
29,53,142
30,53,304
31,53,492
32,53,1013
33,53,48
34,53,643
35,53,149
36,53,440
37,53,380
38,53,906
39,53,717
40,53,997
41,53,603
42,53,665
43,53,107
44,53,67
45,53,867
46,53,911
47,53,40
48,53,540
49,53,767
50,53,524
51,53,915
52,53,783
53,53,487
54,53,933
55,53,1002
56,53,537
57,53,266
58,53,474
59,53,362
60,53,839
61,53,476
62,53,919
63,53,847
64,53,775
65,53,521
66,53,584
67,53,877
68,53,432
69,53,749
70,53,650
71,53,363
72,53,649
73,53,1010
74,53,215
75,53,506
76,53,616
77,53,297
78,53,484
79,53,779
80,53,891
81,53,755
82,53,356
83,53,99
84,53,283
85,53,538
86,53,983
87,53,186
88,53,966
89,53,686
90,53,973
91,53,170
92,53,814
93,53,220
94,53,890
95,53,887
96,53,252
97,53,883
98,53,435
99,53,617
100,53,924
101,53,770
102,53,560
103,53,652
104,53,539
105,53,614
106,53,137
107,53,267
108,53,239
109,53,654
110,53,81
111,53,449
112,53,60
113,53,790
114,53,434
115,53,450
116,53,62
117,53,44
118,53,101
119,53,606
120,53,868
121,53,431
122,53,730
123,53,748
124,53,176
125,53,334
126,53,102
127,53,516
128,53,375
129,53,264
130,53,812
131,53,985
132,53,16
133,53,518
134,53,619
135,53,47
136,53,224
137,53,978
138,53,482
139,53,243
140,53,250
141,53,724
142,53,607
143,53,114
144,53,173
145,53,723
146,53,852
147,53,242
148,53,190
149,53,96
150,53,955
151,53,550
152,53,534
153,53,319
154,53,75
155,53,695
156,53,11
157,53,952
158,53,635
159,53,785
160,53,104
161,53,504
162,53,120
163,53,98
164,53,433
165,53,35
166,53,277
167,53,838
168,53,961
169,53,531
170,53,462
171,53,473
172,53,298
173,53,165
174,53,865
175,53,854
176,53,115
177,53,663
178,53,878
179,53,326
180,53,1003
181,53,921
182,53,809
183,53,988
184,53,261
185,53,597
186,53,843
187,53,20
188,53,256
189,53,743
190,53,437
191,53,525
192,53,237
193,53,970
194,53,580
195,53,938
196,53,490
197,53,957
198,53,313
199,53,309
200,53,410
201,53,981
202,53,980
203,53,962
204,53,80
205,53,414
206,53,709
207,53,201
208,53,571
209,53,914
210,53,218
211,53,667
212,53,960
213,53,135
214,53,179
215,53,161
216,53,916
217,53,772
218,53,566
219,53,929
220,53,953
221,53,77
222,53,156
223,53,753
224,53,787
225,53,610
226,53,972
227,53,1020
228,53,171
229,53,908
230,53,251
231,53,27
232,53,36
233,53,184
234,53,857
235,53,219
236,53,29
237,53,157
238,53,996
239,53,421
240,53,205
241,53,494
242,53,58
243,53,794
244,53,532
245,53,798
246,53,777
247,53,393
248,53,112
249,53,318
250,53,373
251,53,982
252,53,700
253,53,88
254,53,148
255,53,160
256,53,281
257,53,944
258,53,5
259,53,965
260,53,34
261,53,646
262,53,763
263,53,509
264,53,827
265,53,429
266,53,127
267,53,235
268,53,10
269,53,627
270,53,390
271,53,555
272,53,350
273,53,223
274,53,549
275,53,214
276,53,226
277,53,545
278,53,503
279,53,797
280,53,951
281,53,294
282,53,216
283,53,869
284,53,193
285,53,204
286,53,930
287,53,698
288,53,842
289,53,515
290,53,213
291,53,202
292,53,656
293,53,140
294,53,541
295,53,630
296,53,392
297,53,535
298,53,241
299,53,93
300,53,454
301,53,739
302,53,8
303,53,662
304,53,511
305,53,46
306,53,821
307,53,386
308,53,379
309,53,420
310,53,725
311,53,527
312,53,315
313,53,333
314,53,837
315,53,813
316,53,119
317,53,424
318,53,668
319,53,728
320,53,959
321,53,632
322,53,992
323,53,496
324,53,9
325,53,197
326,53,381
327,53,658
328,53,132
329,53,925
330,53,110
331,53,285
332,53,894
333,53,689
334,53,792
335,53,369
336,53,228
337,53,236
338,53,70
339,53,701
340,53,947
341,53,699
342,53,464
343,53,39
344,53,54
345,53,1005
346,53,856
347,53,31
348,53,737
349,53,976
350,53,570
351,53,51
352,53,912
353,53,325
354,53,442
355,53,707
356,53,991
357,53,799
358,53,552
359,53,499
360,53,453
361,53,460
362,53,1012
363,53,147
364,53,1018
365,53,893
366,53,864
367,53,85
368,53,681
369,53,164
370,53,162
371,53,922
372,53,106
373,53,451
374,53,45
375,53,826
376,53,751
377,53,544
378,53,849
379,53,834
380,53,559
381,53,355
382,53,673
383,53,664
384,53,682
385,53,305
386,53,568
387,53,828
388,53,892
389,53,776
390,53,343
391,53,895
392,53,920
393,53,875
394,53,862
395,53,286
396,53,43
397,53,523
398,53,349
399,53,245
0,54,301
1,54,150
2,54,30
3,54,683
4,54,443
5,54,954
6,54,1006
7,54,669
8,54,311
9,54,463
10,54,557
11,54,105
12,54,187
13,54,786
14,54,696
15,54,618
16,54,784
17,54,1008
18,54,520
19,54,185
20,54,710
21,54,0
22,54,554
23,54,230
24,54,713
25,54,246
26,54,155
27,54,287
28,54,901
29,54,142
30,54,304
31,54,492
32,54,1013
33,54,48
34,54,643
35,54,149
36,54,440
37,54,380
38,54,906
39,54,717
40,54,997
41,54,603
42,54,665
43,54,107
44,54,67
45,54,867
46,54,911
47,54,39
48,54,540
49,54,767
50,54,524
51,54,915
52,54,783
53,54,487
54,54,933
55,54,1002
56,54,537
57,54,266
58,54,474
59,54,362
60,54,839
61,54,476
62,54,919
63,54,847
64,54,775
65,54,521
66,54,584
67,54,877
68,54,432
69,54,749
70,54,650
71,54,363
72,54,649
73,54,1010
74,54,215
75,54,506
76,54,616
77,54,297
78,54,484
79,54,779
80,54,891
81,54,755
82,54,356
83,54,99
84,54,283
85,54,538
86,54,983
87,54,186
88,54,966
89,54,686
90,54,973
91,54,170
92,54,814
93,54,220
94,54,890
95,54,887
96,54,252
97,54,883
98,54,435
99,54,617
100,54,924
101,54,770
102,54,560
103,54,652
104,54,539
105,54,614
106,54,137
107,54,267
108,54,239
109,54,654
110,54,81
111,54,449
112,54,60
113,54,790
114,54,434
115,54,450
116,54,62
117,54,44
118,54,101
119,54,606
120,54,868
121,54,431
122,54,730
123,54,748
124,54,176
125,54,334
126,54,102
127,54,516
128,54,375
129,54,264
130,54,812
131,54,985
132,54,16
133,54,518
134,54,619
135,54,47
136,54,224
137,54,978
138,54,482
139,54,243
140,54,250
141,54,724
142,54,607
143,54,114
144,54,173
145,54,723
146,54,852
147,54,242
148,54,190
149,54,96
150,54,955
151,54,550
152,54,534
153,54,319
154,54,75
155,54,695
156,54,11
157,54,952
158,54,635
159,54,785
160,54,104
161,54,504
162,54,120
163,54,98
164,54,433
165,54,35
166,54,277
167,54,838
168,54,961
169,54,531
170,54,462
171,54,473
172,54,298
173,54,165
174,54,865
175,54,854
176,54,115
177,54,663
178,54,878
179,54,326
180,54,1003
181,54,921
182,54,809
183,54,988
184,54,261
185,54,597
186,54,843
187,54,20
188,54,256
189,54,743
190,54,437
191,54,525
192,54,237
193,54,970
194,54,580
195,54,938
196,54,490
197,54,957
198,54,345
199,54,309
200,54,410
201,54,981
202,54,980
203,54,962
204,54,80
205,54,414
206,54,709
207,54,201
208,54,571
209,54,914
210,54,218
211,54,667
212,54,960
213,54,135
214,54,179
215,54,161
216,54,916
217,54,772
218,54,566
219,54,929
220,54,953
221,54,77
222,54,156
223,54,753
224,54,787
225,54,610
226,54,972
227,54,1020
228,54,171
229,54,908
230,54,251
231,54,27
232,54,36
233,54,184
234,54,857
235,54,219
236,54,29
237,54,157
238,54,996
239,54,421
240,54,205
241,54,494
242,54,58
243,54,794
244,54,532
245,54,830
246,54,777
247,54,393
248,54,112
249,54,318
250,54,373
251,54,982
252,54,700
253,54,88
254,54,148
255,54,160
256,54,313
257,54,944
258,54,5
259,54,965
260,54,34
261,54,646
262,54,763
263,54,509
264,54,827
265,54,429
266,54,127
267,54,235
268,54,9
269,54,627
270,54,390
271,54,555
272,54,350
273,54,223
274,54,549
275,54,214
276,54,226
277,54,545
278,54,503
279,54,797
280,54,951
281,54,294
282,54,216
283,54,869
284,54,193
285,54,204
286,54,930
287,54,697
288,54,842
289,54,515
290,54,213
291,54,202
292,54,656
293,54,140
294,54,541
295,54,630
296,54,392
297,54,535
298,54,241
299,54,93
300,54,454
301,54,739
302,54,40
303,54,662
304,54,511
305,54,14
306,54,821
307,54,386
308,54,379
309,54,420
310,54,725
311,54,527
312,54,315
313,54,333
314,54,837
315,54,813
316,54,119
317,54,424
318,54,668
319,54,728
320,54,959
321,54,632
322,54,992
323,54,496
324,54,8
325,54,197
326,54,381
327,54,658
328,54,132
329,54,925
330,54,110
331,54,285
332,54,894
333,54,689
334,54,792
335,54,369
336,54,228
337,54,236
338,54,70
339,54,701
340,54,947
341,54,699
342,54,464
343,54,38
344,54,54
345,54,1005
346,54,856
347,54,31
348,54,737
349,54,976
350,54,570
351,54,51
352,54,912
353,54,325
354,54,442
355,54,707
356,54,991
357,54,799
358,54,552
359,54,499
360,54,453
361,54,460
362,54,1012
363,54,147
364,54,1018
365,54,893
366,54,864
367,54,85
368,54,681
369,54,164
370,54,162
371,54,922
372,54,106
373,54,451
374,54,45
375,54,826
376,54,751
377,54,544
378,54,849
379,54,834
380,54,559
381,54,355
382,54,673
383,54,664
384,54,682
385,54,305
386,54,568
387,54,828
388,54,892
389,54,776
390,54,343
391,54,895
392,54,920
393,54,875
394,54,862
395,54,286
396,54,43
397,54,523
398,54,349
399,54,245
0,55,301
1,55,150
2,55,30
3,55,683
4,55,443
5,55,954
6,55,1006
7,55,669
8,55,311
9,55,463
10,55,557
11,55,105
12,55,187
13,55,786
14,55,697
15,55,618
16,55,784
17,55,1008
18,55,520
19,55,185
20,55,710
21,55,0
22,55,554
23,55,230
24,55,713
25,55,246
26,55,155
27,55,287
28,55,901
29,55,142
30,55,304
31,55,492
32,55,1013
33,55,48
34,55,643
35,55,149
36,55,440
37,55,380
38,55,906
39,55,717
40,55,997
41,55,603
42,55,665
43,55,107
44,55,67
45,55,867
46,55,911
47,55,38
48,55,540
49,55,767
50,55,524
51,55,915
52,55,783
53,55,487
54,55,933
55,55,1002
56,55,537
57,55,266
58,55,474
59,55,362
60,55,839
61,55,476
62,55,919
63,55,847
64,55,775
65,55,521
66,55,584
67,55,877
68,55,432
69,55,749
70,55,650
71,55,363
72,55,649
73,55,1010
74,55,215
75,55,506
76,55,616
77,55,297
78,55,484
79,55,779
80,55,891
81,55,755
82,55,356
83,55,99
84,55,283
85,55,538
86,55,983
87,55,186
88,55,966
89,55,686
90,55,973
91,55,170
92,55,814
93,55,220
94,55,890
95,55,887
96,55,252
97,55,883
98,55,435
99,55,617
100,55,924
101,55,770
102,55,560
103,55,652
104,55,539
105,55,614
106,55,137
107,55,267
108,55,239
109,55,654
110,55,81
111,55,449
112,55,60
113,55,790
114,55,434
115,55,450
116,55,62
117,55,44
118,55,101
119,55,606
120,55,868
121,55,431
122,55,730
123,55,748
124,55,176
125,55,334
126,55,102
127,55,516
128,55,375
129,55,264
130,55,812
131,55,985
132,55,16
133,55,518
134,55,619
135,55,47
136,55,224
137,55,978
138,55,482
139,55,243
140,55,250
141,55,724
142,55,607
143,55,114
144,55,173
145,55,723
146,55,852
147,55,242
148,55,190
149,55,96
150,55,955
151,55,550
152,55,534
153,55,319
154,55,75
155,55,695
156,55,11
157,55,952
158,55,635
159,55,785
160,55,104
161,55,504
162,55,120
163,55,98
164,55,433
165,55,35
166,55,277
167,55,838
168,55,961
169,55,531
170,55,462
171,55,473
172,55,298
173,55,165
174,55,865
175,55,854
176,55,115
177,55,663
178,55,878
179,55,326
180,55,1003
181,55,921
182,55,809
183,55,988
184,55,261
185,55,597
186,55,843
187,55,20
188,55,256
189,55,743
190,55,437
191,55,525
192,55,237
193,55,970
194,55,580
195,55,938
196,55,490
197,55,957
198,55,377
199,55,309
200,55,410
201,55,981
202,55,980
203,55,962
204,55,80
205,55,414
206,55,709
207,55,201
208,55,571
209,55,914
210,55,218
211,55,667
212,55,960
213,55,135
214,55,179
215,55,161
216,55,916
217,55,772
218,55,566
219,55,929
220,55,953
221,55,77
222,55,156
223,55,753
224,55,787
225,55,610
226,55,972
227,55,1020
228,55,171
229,55,908
230,55,251
231,55,27
232,55,36
233,55,184
234,55,857
235,55,219
236,55,29
237,55,157
238,55,996
239,55,421
240,55,205
241,55,494
242,55,58
243,55,794
244,55,532
245,55,862
246,55,777
247,55,393
248,55,112
249,55,318
250,55,373
251,55,982
252,55,700
253,55,88
254,55,148
255,55,160
256,55,345
257,55,944
258,55,5
259,55,965
260,55,34
261,55,646
262,55,763
263,55,509
264,55,827
265,55,429
266,55,127
267,55,235
268,55,9
269,55,627
270,55,390
271,55,555
272,55,350
273,55,223
274,55,549
275,55,214
276,55,226
277,55,545
278,55,503
279,55,797
280,55,951
281,55,294
282,55,216
283,55,869
284,55,193
285,55,204
286,55,930
287,55,698
288,55,842
289,55,515
290,55,213
291,55,202
292,55,656
293,55,140
294,55,541
295,55,630
296,55,392
297,55,535
298,55,241
299,55,93
300,55,454
301,55,739
302,55,41
303,55,662
304,55,511
305,55,13
306,55,821
307,55,386
308,55,379
309,55,420
310,55,725
311,55,527
312,55,315
313,55,333
314,55,837
315,55,813
316,55,119
317,55,424
318,55,668
319,55,728
320,55,959
321,55,632
322,55,992
323,55,496
324,55,8
325,55,197
326,55,381
327,55,658
328,55,132
329,55,925
330,55,110
331,55,285
332,55,894
333,55,689
334,55,792
335,55,369
336,55,228
337,55,236
338,55,70
339,55,701
340,55,947
341,55,699
342,55,464
343,55,37
344,55,54
345,55,1005
346,55,856
347,55,31
348,55,737
349,55,976
350,55,570
351,55,51
352,55,912
353,55,325
354,55,442
355,55,707
356,55,991
357,55,799
358,55,552
359,55,499
360,55,453
361,55,460
362,55,1012
363,55,147
364,55,1018
365,55,893
366,55,864
367,55,85
368,55,681
369,55,164
370,55,162
371,55,922
372,55,106
373,55,451
374,55,45
375,55,826
376,55,751
377,55,544
378,55,849
379,55,834
380,55,559
381,55,355
382,55,673
383,55,664
384,55,682
385,55,305
386,55,568
387,55,828
388,55,892
389,55,776
390,55,343
391,55,895
392,55,920
393,55,875
394,55,861
395,55,286
396,55,43
397,55,523
398,55,349
399,55,245
0,56,301
1,56,150
2,56,30
3,56,683
4,56,443
5,56,954
6,56,1006
7,56,669
8,56,311
9,56,463
10,56,557
11,56,105
12,56,187
13,56,786
14,56,698
15,56,618
16,56,784
17,56,1008
18,56,520
19,56,185
20,56,710
21,56,0
22,56,554
23,56,230
24,56,713
25,56,246
26,56,155
27,56,287
28,56,901
29,56,142
30,56,304
31,56,492
32,56,1013
33,56,48
34,56,643
35,56,149
36,56,440
37,56,380
38,56,906
39,56,717
40,56,997
41,56,603
42,56,665
43,56,107
44,56,67
45,56,867
46,56,911
47,56,6
48,56,540
49,56,767
50,56,524
51,56,915
52,56,783
53,56,487
54,56,933
55,56,1002
56,56,537
57,56,266
58,56,474
59,56,362
60,56,839
61,56,476
62,56,919
63,56,847
64,56,775
65,56,521
66,56,584
67,56,877
68,56,432
69,56,749
70,56,650
71,56,363
72,56,649
73,56,1010
74,56,215
75,56,506
76,56,616
77,56,297
78,56,484
79,56,779
80,56,891
81,56,755
82,56,356
83,56,99
84,56,283
85,56,538
86,56,983
87,56,186
88,56,966
89,56,686
90,56,973
91,56,170
92,56,814
93,56,220
94,56,890
95,56,887
96,56,252
97,56,883
98,56,435
99,56,617
100,56,924
101,56,770
102,56,560
103,56,652
104,56,539
105,56,614
106,56,137
107,56,267
108,56,239
109,56,654
110,56,81
111,56,449
112,56,60
113,56,790
114,56,434
115,56,450
116,56,62
117,56,44
118,56,101
119,56,606
120,56,868
121,56,431
122,56,730
123,56,748
124,56,176
125,56,334
126,56,102
127,56,516
128,56,375
129,56,264
130,56,812
131,56,985
132,56,16
133,56,518
134,56,619
135,56,47
136,56,224
137,56,978
138,56,482
139,56,243
140,56,250
141,56,724
142,56,607
143,56,114
144,56,173
145,56,723
146,56,852
147,56,242
148,56,190
149,56,96
150,56,955
151,56,550
152,56,534
153,56,319
154,56,75
155,56,695
156,56,11
157,56,952
158,56,635
159,56,785
160,56,104
161,56,504
162,56,120
163,56,98
164,56,433
165,56,35
166,56,277
167,56,838
168,56,961
169,56,531
170,56,462
171,56,473
172,56,298
173,56,165
174,56,865
175,56,854
176,56,115
177,56,663
178,56,878
179,56,326
180,56,1003
181,56,921
182,56,809
183,56,988
184,56,261
185,56,597
186,56,843
187,56,20
188,56,256
189,56,743
190,56,437
191,56,525
192,56,237
193,56,970
194,56,580
195,56,938
196,56,490
197,56,957
198,56,345
199,56,309
200,56,410
201,56,981
202,56,980
203,56,962
204,56,80
205,56,414
206,56,709
207,56,201
208,56,571
209,56,914
210,56,218
211,56,667
212,56,960
213,56,135
214,56,179
215,56,161
216,56,916
217,56,772
218,56,566
219,56,929
220,56,953
221,56,77
222,56,156
223,56,753
224,56,787
225,56,610
226,56,972
227,56,1020
228,56,171
229,56,908
230,56,251
231,56,27
232,56,36
233,56,184
234,56,857
235,56,219
236,56,29
237,56,157
238,56,996
239,56,421
240,56,205
241,56,494
242,56,58
243,56,794
244,56,532
245,56,894
246,56,777
247,56,393
248,56,112
249,56,318
250,56,373
251,56,982
252,56,700
253,56,88
254,56,148
255,56,160
256,56,313
257,56,944
258,56,5
259,56,965
260,56,34
261,56,646
262,56,763
263,56,509
264,56,827
265,56,429
266,56,127
267,56,235
268,56,9
269,56,627
270,56,390
271,56,555
272,56,350
273,56,223
274,56,549
275,56,214
276,56,226
277,56,545
278,56,503
279,56,797
280,56,951
281,56,294
282,56,216
283,56,869
284,56,193
285,56,204
286,56,930
287,56,666
288,56,842
289,56,515
290,56,213
291,56,202
292,56,656
293,56,140
294,56,541
295,56,630
296,56,392
297,56,535
298,56,241
299,56,93
300,56,454
301,56,739
302,56,41
303,56,662
304,56,511
305,56,12
306,56,821
307,56,386
308,56,379
309,56,420
310,56,725
311,56,527
312,56,315
313,56,333
314,56,837
315,56,813
316,56,119
317,56,424
318,56,668
319,56,728
320,56,959
321,56,632
322,56,992
323,56,496
324,56,8
325,56,197
326,56,381
327,56,658
328,56,132
329,56,925
330,56,110
331,56,285
332,56,926
333,56,689
334,56,792
335,56,369
336,56,228
337,56,236
338,56,70
339,56,701
340,56,947
341,56,699
342,56,464
343,56,38
344,56,54
345,56,1005
346,56,856
347,56,31
348,56,737
349,56,976
350,56,570
351,56,51
352,56,912
353,56,325
354,56,442
355,56,707
356,56,991
357,56,799
358,56,552
359,56,499
360,56,453
361,56,460
362,56,1012
363,56,147
364,56,1018
365,56,893
366,56,864
367,56,85
368,56,681
369,56,164
370,56,162
371,56,922
372,56,106
373,56,451
374,56,45
375,56,826
376,56,751
377,56,544
378,56,849
379,56,834
380,56,559
381,56,355
382,56,673
383,56,664
384,56,682
385,56,305
386,56,568
387,56,828
388,56,892
389,56,776
390,56,343
391,56,895
392,56,920
393,56,875
394,56,862
395,56,286
396,56,43
397,56,523
398,56,349
399,56,245
0,57,301
1,57,150
2,57,30
3,57,683
4,57,443
5,57,954
6,57,1006
7,57,669
8,57,311
9,57,463
10,57,557
11,57,105
12,57,187
13,57,786
14,57,697
15,57,618
16,57,784
17,57,1008
18,57,520
19,57,185
20,57,710
21,57,0
22,57,554
23,57,230
24,57,713
25,57,246
26,57,155
27,57,287
28,57,901
29,57,142
30,57,304
31,57,492
32,57,1013
33,57,48
34,57,643
35,57,149
36,57,440
37,57,380
38,57,906
39,57,717
40,57,997
41,57,603
42,57,665
43,57,107
44,57,67
45,57,867
46,57,911
47,57,6
48,57,540
49,57,767
50,57,524
51,57,915
52,57,783
53,57,487
54,57,933
55,57,1002
56,57,537
57,57,266
58,57,474
59,57,362
60,57,839
61,57,476
62,57,919
63,57,847
64,57,775
65,57,521
66,57,584
67,57,877
68,57,432
69,57,749
70,57,650
71,57,363
72,57,649
73,57,1010
74,57,215
75,57,506
76,57,616
77,57,297
78,57,484
79,57,779
80,57,891
81,57,755
82,57,356
83,57,99
84,57,283
85,57,538
86,57,983
87,57,186
88,57,966
89,57,686
90,57,973
91,57,170
92,57,814
93,57,220
94,57,890
95,57,887
96,57,252
97,57,883
98,57,435
99,57,617
100,57,924
101,57,770
102,57,560
103,57,652
104,57,539
105,57,614
106,57,137
107,57,267
108,57,239
109,57,654
110,57,81
111,57,449
112,57,60
113,57,790
114,57,434
115,57,450
116,57,62
117,57,44
118,57,101
119,57,606
120,57,868
121,57,431
122,57,730
123,57,748
124,57,176
125,57,334
126,57,102
127,57,516
128,57,375
129,57,264
130,57,812
131,57,985
132,57,16
133,57,518
134,57,619
135,57,47
136,57,224
137,57,978
138,57,482
139,57,243
140,57,250
141,57,724
142,57,607
143,57,114
144,57,173
145,57,723
146,57,852
147,57,242
148,57,190
149,57,96
150,57,955
151,57,550
152,57,534
153,57,319
154,57,75
155,57,695
156,57,11
157,57,952
158,57,635
159,57,785
160,57,104
161,57,504
162,57,120
163,57,98
164,57,433
165,57,35
166,57,277
167,57,838
168,57,961
169,57,531
170,57,462
171,57,473
172,57,298
173,57,165
174,57,865
175,57,854
176,57,115
177,57,663
178,57,878
179,57,326
180,57,1003
181,57,921
182,57,809
183,57,988
184,57,261
185,57,597
186,57,843
187,57,20
188,57,256
189,57,743
190,57,437
191,57,525
192,57,237
193,57,970
194,57,580
195,57,938
196,57,490
197,57,957
198,57,313
199,57,309
200,57,410
201,57,981
202,57,980
203,57,962
204,57,80
205,57,414
206,57,709
207,57,201
208,57,571
209,57,914
210,57,218
211,57,667
212,57,960
213,57,135
214,57,179
215,57,161
216,57,916
217,57,772
218,57,566
219,57,929
220,57,953
221,57,77
222,57,156
223,57,753
224,57,787
225,57,610
226,57,972
227,57,1020
228,57,171
229,57,908
230,57,251
231,57,27
232,57,36
233,57,184
234,57,857
235,57,219
236,57,29
237,57,157
238,57,996
239,57,421
240,57,205
241,57,494
242,57,58
243,57,794
244,57,532
245,57,926
246,57,777
247,57,393
248,57,112
249,57,318
250,57,373
251,57,982
252,57,700
253,57,88
254,57,148
255,57,160
256,57,281
257,57,944
258,57,5
259,57,965
260,57,34
261,57,646
262,57,763
263,57,509
264,57,827
265,57,429
266,57,127
267,57,235
268,57,9
269,57,627
270,57,390
271,57,555
272,57,350
273,57,223
274,57,549
275,57,214
276,57,226
277,57,545
278,57,503
279,57,797
280,57,951
281,57,294
282,57,216
283,57,869
284,57,193
285,57,204
286,57,930
287,57,698
288,57,842
289,57,515
290,57,213
291,57,202
292,57,656
293,57,140
294,57,541
295,57,630
296,57,392
297,57,535
298,57,241
299,57,93
300,57,454
301,57,739
302,57,41
303,57,662
304,57,511
305,57,12
306,57,821
307,57,386
308,57,379
309,57,420
310,57,725
311,57,527
312,57,315
313,57,333
314,57,837
315,57,813
316,57,119
317,57,424
318,57,668
319,57,728
320,57,959
321,57,632
322,57,992
323,57,496
324,57,8
325,57,197
326,57,381
327,57,658
328,57,132
329,57,925
330,57,110
331,57,285
332,57,927
333,57,689
334,57,792
335,57,369
336,57,228
337,57,236
338,57,70
339,57,701
340,57,947
341,57,699
342,57,464
343,57,39
344,57,54
345,57,1005
346,57,856
347,57,31
348,57,737
349,57,976
350,57,570
351,57,51
352,57,912
353,57,325
354,57,442
355,57,707
356,57,991
357,57,799
358,57,552
359,57,499
360,57,453
361,57,460
362,57,1012
363,57,147
364,57,1018
365,57,893
366,57,864
367,57,85
368,57,681
369,57,164
370,57,162
371,57,922
372,57,106
373,57,451
374,57,45
375,57,826
376,57,751
377,57,544
378,57,849
379,57,834
380,57,559
381,57,355
382,57,673
383,57,664
384,57,682
385,57,305
386,57,568
387,57,828
388,57,892
389,57,776
390,57,343
391,57,895
392,57,920
393,57,875
394,57,862
395,57,286
396,57,43
397,57,523
398,57,349
399,57,245
0,58,301
1,58,150
2,58,30
3,58,683
4,58,443
5,58,954
6,58,1006
7,58,669
8,58,311
9,58,463
10,58,557
11,58,105
12,58,187
13,58,786
14,58,696
15,58,618
16,58,784
17,58,1008
18,58,520
19,58,185
20,58,710
21,58,0
22,58,554
23,58,230
24,58,713
25,58,246
26,58,155
27,58,287
28,58,901
29,58,142
30,58,304
31,58,492
32,58,1013
33,58,48
34,58,643
35,58,149
36,58,440
37,58,380
38,58,906
39,58,717
40,58,997
41,58,603
42,58,665
43,58,107
44,58,67
45,58,867
46,58,911
47,58,6
48,58,540
49,58,767
50,58,524
51,58,915
52,58,783
53,58,487
54,58,933
55,58,1002
56,58,537
57,58,266
58,58,474
59,58,362
60,58,839
61,58,476
62,58,919
63,58,847
64,58,775
65,58,521
66,58,584
67,58,877
68,58,432
69,58,749
70,58,650
71,58,363
72,58,649
73,58,1010
74,58,215
75,58,506
76,58,616
77,58,297
78,58,484
79,58,779
80,58,891
81,58,755
82,58,356
83,58,99
84,58,283
85,58,538
86,58,983
87,58,186
88,58,966
89,58,686
90,58,973
91,58,170
92,58,814
93,58,220
94,58,890
95,58,887
96,58,252
97,58,883
98,58,435
99,58,617
100,58,924
101,58,770
102,58,560
103,58,652
104,58,539
105,58,614
106,58,137
107,58,267
108,58,239
109,58,654
110,58,81
111,58,449
112,58,60
113,58,790
114,58,434
115,58,450
116,58,62
117,58,44
118,58,101
119,58,606
120,58,868
121,58,431
122,58,730
123,58,748
124,58,176
125,58,334
126,58,102
127,58,516
128,58,375
129,58,264
130,58,812
131,58,985
132,58,16
133,58,518
134,58,619
135,58,47
136,58,224
137,58,978
138,58,482
139,58,243
140,58,250
141,58,724
142,58,607
143,58,114
144,58,173
145,58,723
146,58,852
147,58,242
148,58,190
149,58,96
150,58,955
151,58,550
152,58,534
153,58,319
154,58,75
155,58,695
156,58,11
157,58,952
158,58,635
159,58,785
160,58,104
161,58,504
162,58,120
163,58,98
164,58,433
165,58,35
166,58,277
167,58,838
168,58,961
169,58,531
170,58,462
171,58,473
172,58,298
173,58,165
174,58,865
175,58,854
176,58,115
177,58,663
178,58,878
179,58,326
180,58,1003
181,58,921
182,58,809
183,58,988
184,58,261
185,58,597
186,58,843
187,58,20
188,58,256
189,58,743
190,58,437
191,58,525
192,58,237
193,58,970
194,58,580
195,58,938
196,58,490
197,58,957
198,58,345
199,58,309
200,58,410
201,58,981
202,58,980
203,58,962
204,58,80
205,58,414
206,58,709
207,58,201
208,58,571
209,58,914
210,58,218
211,58,667
212,58,960
213,58,135
214,58,179
215,58,161
216,58,916
217,58,772
218,58,566
219,58,929
220,58,953
221,58,77
222,58,156
223,58,753
224,58,787
225,58,610
226,58,972
227,58,1020
228,58,171
229,58,908
230,58,251
231,58,27
232,58,36
233,58,184
234,58,857
235,58,219
236,58,29
237,58,157
238,58,996
239,58,421
240,58,205
241,58,494
242,58,58
243,58,794
244,58,532
245,58,958
246,58,777
247,58,393
248,58,112
249,58,318
250,58,373
251,58,982
252,58,700
253,58,88
254,58,148
255,58,160
256,58,313
257,58,944
258,58,5
259,58,965
260,58,34
261,58,646
262,58,763
263,58,509
264,58,827
265,58,429
266,58,127
267,58,235
268,58,9
269,58,627
270,58,390
271,58,555
272,58,350
273,58,223
274,58,549
275,58,214
276,58,226
277,58,545
278,58,503
279,58,797
280,58,951
281,58,294
282,58,216
283,58,869
284,58,193
285,58,204
286,58,930
287,58,697
288,58,842
289,58,515
290,58,213
291,58,202
292,58,656
293,58,140
294,58,541
295,58,630
296,58,392
297,58,535
298,58,241
299,58,93
300,58,454
301,58,739
302,58,41
303,58,662
304,58,511
305,58,12
306,58,821
307,58,386
308,58,379
309,58,420
310,58,725
311,58,527
312,58,315
313,58,333
314,58,837
315,58,813
316,58,119
317,58,424
318,58,668
319,58,728
320,58,959
321,58,632
322,58,992
323,58,496
324,58,8
325,58,197
326,58,381
327,58,658
328,58,132
329,58,925
330,58,110
331,58,285
332,58,895
333,58,689
334,58,792
335,58,369
336,58,228
337,58,236
338,58,70
339,58,701
340,58,947
341,58,699
342,58,464
343,58,39
344,58,54
345,58,1005
346,58,856
347,58,31
348,58,737
349,58,976
350,58,570
351,58,51
352,58,912
353,58,325
354,58,442
355,58,707
356,58,991
357,58,799
358,58,552
359,58,499
360,58,453
361,58,460
362,58,1012
363,58,147
364,58,1018
365,58,893
366,58,864
367,58,85
368,58,681
369,58,164
370,58,162
371,58,922
372,58,106
373,58,451
374,58,45
375,58,826
376,58,751
377,58,544
378,58,849
379,58,834
380,58,559
381,58,355
382,58,673
383,58,664
384,58,682
385,58,305
386,58,568
387,58,828
388,58,892
389,58,776
390,58,343
391,58,894
392,58,920
393,58,875
394,58,862
395,58,286
396,58,43
397,58,523
398,58,349
399,58,245
0,59,301
1,59,150
2,59,30
3,59,683
4,59,443
5,59,954
6,59,1006
7,59,669
8,59,311
9,59,463
10,59,557
11,59,105
12,59,187
13,59,786
14,59,697
15,59,618
16,59,784
17,59,1008
18,59,520
19,59,185
20,59,710
21,59,0
22,59,554
23,59,230
24,59,713
25,59,246
26,59,155
27,59,287
28,59,901
29,59,142
30,59,304
31,59,492
32,59,1013
33,59,48
34,59,643
35,59,149
36,59,440
37,59,380
38,59,906
39,59,717
40,59,997
41,59,603
42,59,665
43,59,107
44,59,67
45,59,867
46,59,911
47,59,6
48,59,540
49,59,767
50,59,524
51,59,915
52,59,783
53,59,487
54,59,933
55,59,1002
56,59,537
57,59,266
58,59,474
59,59,362
60,59,839
61,59,476
62,59,919
63,59,847
64,59,775
65,59,521
66,59,584
67,59,877
68,59,432
69,59,749
70,59,650
71,59,363
72,59,649
73,59,1010
74,59,215
75,59,506
76,59,616
77,59,297
78,59,484
79,59,779
80,59,891
81,59,755
82,59,356
83,59,99
84,59,283
85,59,538
86,59,983
87,59,186
88,59,966
89,59,686
90,59,973
91,59,170
92,59,814
93,59,220
94,59,890
95,59,887
96,59,252
97,59,883
98,59,435
99,59,617
100,59,924
101,59,770
102,59,560
103,59,652
104,59,539
105,59,614
106,59,137
107,59,267
108,59,239
109,59,654
110,59,81
111,59,449
112,59,60
113,59,790
114,59,434
115,59,450
116,59,62
117,59,44
118,59,101
119,59,606
120,59,868
121,59,431
122,59,730
123,59,748
124,59,176
125,59,334
126,59,102
127,59,516
128,59,375
129,59,264
130,59,812
131,59,985
132,59,16
133,59,518
134,59,619
135,59,47
136,59,224
137,59,978
138,59,482
139,59,243
140,59,250
141,59,724
142,59,607
143,59,114
144,59,173
145,59,723
146,59,852
147,59,242
148,59,190
149,59,96
150,59,955
151,59,550
152,59,534
153,59,319
154,59,75
155,59,695
156,59,11
157,59,952
158,59,635
159,59,785
160,59,104
161,59,504
162,59,120
163,59,98
164,59,433
165,59,35
166,59,277
167,59,838
168,59,961
169,59,531
170,59,462
171,59,473
172,59,298
173,59,165
174,59,865
175,59,854
176,59,115
177,59,663
178,59,878
179,59,326
180,59,1003
181,59,921
182,59,809
183,59,988
184,59,261
185,59,597
186,59,843
187,59,20
188,59,256
189,59,743
190,59,437
191,59,525
192,59,237
193,59,970
194,59,580
195,59,938
196,59,490
197,59,957
198,59,377
199,59,309
200,59,410
201,59,981
202,59,980
203,59,962
204,59,80
205,59,414
206,59,709
207,59,201
208,59,571
209,59,914
210,59,218
211,59,667
212,59,960
213,59,135
214,59,179
215,59,161
216,59,916
217,59,772
218,59,566
219,59,929
220,59,953
221,59,77
222,59,156
223,59,753
224,59,787
225,59,610
226,59,972
227,59,1020
228,59,171
229,59,908
230,59,251
231,59,27
232,59,36
233,59,184
234,59,857
235,59,219
236,59,29
237,59,157
238,59,996
239,59,421
240,59,205
241,59,494
242,59,58
243,59,794
244,59,532
245,59,990
246,59,777
247,59,393
248,59,112
249,59,318
250,59,373
251,59,982
252,59,700
253,59,88
254,59,148
255,59,160
256,59,345
257,59,944
258,59,5
259,59,965
260,59,34
261,59,646
262,59,763
263,59,509
264,59,827
265,59,429
266,59,127
267,59,235
268,59,9
269,59,627
270,59,390
271,59,555
272,59,350
273,59,223
274,59,549
275,59,214
276,59,226
277,59,545
278,59,503
279,59,797
280,59,951
281,59,294
282,59,216
283,59,869
284,59,193
285,59,204
286,59,930
287,59,698
288,59,842
289,59,515
290,59,213
291,59,202
292,59,656
293,59,140
294,59,541
295,59,630
296,59,392
297,59,535
298,59,241
299,59,93
300,59,454
301,59,739
302,59,41
303,59,662
304,59,511
305,59,12
306,59,821
307,59,386
308,59,379
309,59,420
310,59,725
311,59,527
312,59,315
313,59,333
314,59,837
315,59,813
316,59,119
317,59,424
318,59,668
319,59,728
320,59,959
321,59,632
322,59,992
323,59,496
324,59,8
325,59,197
326,59,381
327,59,658
328,59,132
329,59,925
330,59,110
331,59,285
332,59,894
333,59,689
334,59,792
335,59,369
336,59,228
337,59,236
338,59,70
339,59,701
340,59,947
341,59,699
342,59,464
343,59,39
344,59,54
345,59,1005
346,59,856
347,59,31
348,59,737
349,59,976
350,59,570
351,59,51
352,59,912
353,59,325
354,59,442
355,59,707
356,59,991
357,59,799
358,59,552
359,59,499
360,59,453
361,59,460
362,59,1012
363,59,147
364,59,1018
365,59,893
366,59,864
367,59,85
368,59,681
369,59,164
370,59,162
371,59,922
372,59,106
373,59,451
374,59,45
375,59,826
376,59,751
377,59,544
378,59,849
379,59,834
380,59,559
381,59,355
382,59,673
383,59,664
384,59,682
385,59,305
386,59,568
387,59,828
388,59,892
389,59,776
390,59,343
391,59,926
392,59,920
393,59,875
394,59,862
395,59,286
396,59,43
397,59,523
398,59,349
399,59,245
0,60,301
1,60,150
2,60,30
3,60,683
4,60,443
5,60,954
6,60,1006
7,60,669
8,60,311
9,60,463
10,60,557
11,60,105
12,60,187
13,60,786
14,60,698
15,60,618
16,60,784
17,60,1008
18,60,520
19,60,185
20,60,710
21,60,0
22,60,554
23,60,230
24,60,713
25,60,246
26,60,155
27,60,287
28,60,901
29,60,142
30,60,304
31,60,492
32,60,1013
33,60,48
34,60,643
35,60,149
36,60,440
37,60,380
38,60,906
39,60,717
40,60,997
41,60,603
42,60,665
43,60,107
44,60,67
45,60,867
46,60,911
47,60,6
48,60,540
49,60,767
50,60,524
51,60,915
52,60,783
53,60,487
54,60,933
55,60,1002
56,60,537
57,60,266
58,60,474
59,60,362
60,60,839
61,60,476
62,60,919
63,60,847
64,60,775
65,60,521
66,60,584
67,60,877
68,60,432
69,60,749
70,60,650
71,60,363
72,60,649
73,60,1010
74,60,215
75,60,506
76,60,616
77,60,297
78,60,484
79,60,779
80,60,891
81,60,755
82,60,356
83,60,99
84,60,283
85,60,538
86,60,983
87,60,186
88,60,966
89,60,686
90,60,973
91,60,170
92,60,814
93,60,220
94,60,890
95,60,887
96,60,252
97,60,883
98,60,435
99,60,617
100,60,924
101,60,770
102,60,560
103,60,652
104,60,539
105,60,614
106,60,137
107,60,267
108,60,239
109,60,654
110,60,81
111,60,449
112,60,60
113,60,790
114,60,434
115,60,450
116,60,62
117,60,44
118,60,101
119,60,606
120,60,868
121,60,431
122,60,730
123,60,748
124,60,176
125,60,334
126,60,102
127,60,516
128,60,375
129,60,264
130,60,812
131,60,985
132,60,16
133,60,518
134,60,619
135,60,47
136,60,224
137,60,978
138,60,482
139,60,243
140,60,250
141,60,724
142,60,607
143,60,114
144,60,173
145,60,723
146,60,852
147,60,242
148,60,190
149,60,96
150,60,955
151,60,550
152,60,534
153,60,319
154,60,75
155,60,695
156,60,11
157,60,952
158,60,635
159,60,785
160,60,104
161,60,504
162,60,120
163,60,98
164,60,433
165,60,35
166,60,277
167,60,838
168,60,961
169,60,531
170,60,462
171,60,473
172,60,298
173,60,165
174,60,865
175,60,854
176,60,115
177,60,663
178,60,878
179,60,326
180,60,1003
181,60,921
182,60,809
183,60,988
184,60,261
185,60,597
186,60,843
187,60,20
188,60,256
189,60,743
190,60,437
191,60,525
192,60,237
193,60,970
194,60,580
195,60,938
196,60,490
197,60,957
198,60,345
199,60,309
200,60,410
201,60,981
202,60,980
203,60,962
204,60,80
205,60,414
206,60,709
207,60,201
208,60,571
209,60,914
210,60,218
211,60,667
212,60,960
213,60,135
214,60,179
215,60,161
216,60,916
217,60,772
218,60,566
219,60,929
220,60,953
221,60,77
222,60,156
223,60,753
224,60,787
225,60,610
226,60,972
227,60,1020
228,60,171
229,60,908
230,60,251
231,60,27
232,60,36
233,60,184
234,60,857
235,60,219
236,60,29
237,60,157
238,60,996
239,60,421
240,60,205
241,60,494
242,60,58
243,60,794
244,60,532
245,60,989
246,60,777
247,60,393
248,60,112
249,60,318
250,60,373
251,60,982
252,60,700
253,60,88
254,60,148
255,60,160
256,60,346
257,60,944
258,60,5
259,60,965
260,60,34
261,60,646
262,60,763
263,60,509
264,60,827
265,60,429
266,60,127
267,60,235
268,60,9
269,60,627
270,60,390
271,60,555
272,60,350
273,60,223
274,60,549
275,60,214
276,60,226
277,60,545
278,60,503
279,60,797
280,60,951
281,60,294
282,60,216
283,60,869
284,60,193
285,60,204
286,60,930
287,60,666
288,60,842
289,60,515
290,60,213
291,60,202
292,60,656
293,60,140
294,60,541
295,60,630
296,60,392
297,60,535
298,60,241
299,60,93
300,60,454
301,60,739
302,60,41
303,60,662
304,60,511
305,60,12
306,60,821
307,60,386
308,60,379
309,60,420
310,60,725
311,60,527
312,60,315
313,60,333
314,60,837
315,60,813
316,60,119
317,60,424
318,60,668
319,60,728
320,60,959
321,60,632
322,60,992
323,60,496
324,60,8
325,60,197
326,60,381
327,60,658
328,60,132
329,60,925
330,60,110
331,60,285
332,60,862
333,60,689
334,60,792
335,60,369
336,60,228
337,60,236
338,60,70
339,60,701
340,60,947
341,60,699
342,60,464
343,60,39
344,60,54
345,60,1005
346,60,856
347,60,31
348,60,737
349,60,976
350,60,570
351,60,51
352,60,912
353,60,325
354,60,442
355,60,707
356,60,991
357,60,799
358,60,552
359,60,499
360,60,453
361,60,460
362,60,1012
363,60,147
364,60,1018
365,60,893
366,60,864
367,60,85
368,60,681
369,60,164
370,60,162
371,60,922
372,60,106
373,60,451
374,60,45
375,60,826
376,60,751
377,60,544
378,60,849
379,60,834
380,60,559
381,60,355
382,60,673
383,60,664
384,60,682
385,60,305
386,60,568
387,60,828
388,60,892
389,60,776
390,60,343
391,60,894
392,60,920
393,60,875
394,60,830
395,60,286
396,60,43
397,60,523
398,60,349
399,60,245
0,61,301
1,61,150
2,61,30
3,61,683
4,61,443
5,61,954
6,61,1006
7,61,669
8,61,311
9,61,463
10,61,557
11,61,105
12,61,187
13,61,786
14,61,697
15,61,618
16,61,784
17,61,1008
18,61,520
19,61,185
20,61,710
21,61,0
22,61,554
23,61,230
24,61,713
25,61,246
26,61,155
27,61,287
28,61,901
29,61,142
30,61,304
31,61,492
32,61,1013
33,61,48
34,61,643
35,61,149
36,61,440
37,61,380
38,61,906
39,61,717
40,61,997
41,61,603
42,61,665
43,61,107
44,61,67
45,61,867
46,61,911
47,61,6
48,61,540
49,61,767
50,61,524
51,61,915
52,61,783
53,61,487
54,61,933
55,61,1002
56,61,537
57,61,266
58,61,474
59,61,362
60,61,839
61,61,476
62,61,919
63,61,847
64,61,775
65,61,521
66,61,584
67,61,877
68,61,432
69,61,749
70,61,650
71,61,363
72,61,649
73,61,1010
74,61,215
75,61,506
76,61,616
77,61,297
78,61,484
79,61,779
80,61,891
81,61,755
82,61,356
83,61,99
84,61,283
85,61,538
86,61,983
87,61,186
88,61,966
89,61,686
90,61,973
91,61,170
92,61,814
93,61,220
94,61,890
95,61,887
96,61,252
97,61,883
98,61,435
99,61,617
100,61,924
101,61,770
102,61,560
103,61,652
104,61,539
105,61,614
106,61,137
107,61,267
108,61,239
109,61,654
110,61,81
111,61,449
112,61,60
113,61,790
114,61,434
115,61,450
116,61,62
117,61,44
118,61,101
119,61,606
120,61,868
121,61,431
122,61,730
123,61,748
124,61,176
125,61,334
126,61,102
127,61,516
128,61,375
129,61,264
130,61,812
131,61,985
132,61,16
133,61,518
134,61,619
135,61,47
136,61,224
137,61,978
138,61,482
139,61,243
140,61,250
141,61,724
142,61,607
143,61,114
144,61,173
145,61,723
146,61,852
147,61,242
148,61,190
149,61,96
150,61,955
151,61,550
152,61,534
153,61,319
154,61,75
155,61,695
156,61,11
157,61,952
158,61,635
159,61,785
160,61,104
161,61,504
162,61,120
163,61,98
164,61,433
165,61,35
166,61,277
167,61,838
168,61,961
169,61,531
170,61,462
171,61,473
172,61,298
173,61,165
174,61,865
175,61,854
176,61,115
177,61,663
178,61,878
179,61,326
180,61,1003
181,61,921
182,61,809
183,61,988
184,61,261
185,61,597
186,61,843
187,61,20
188,61,256
189,61,743
190,61,437
191,61,525
192,61,237
193,61,970
194,61,580
195,61,938
196,61,490
197,61,957
198,61,313
199,61,309
200,61,410
201,61,981
202,61,980
203,61,962
204,61,80
205,61,414
206,61,709
207,61,201
208,61,571
209,61,914
210,61,218
211,61,667
212,61,960
213,61,135
214,61,179
215,61,161
216,61,916
217,61,772
218,61,566
219,61,929
220,61,953
221,61,77
222,61,156
223,61,753
224,61,787
225,61,610
226,61,972
227,61,1020
228,61,171
229,61,908
230,61,251
231,61,27
232,61,36
233,61,184
234,61,857
235,61,219
236,61,29
237,61,157
238,61,996
239,61,421
240,61,205
241,61,494
242,61,58
243,61,794
244,61,532
245,61,989
246,61,777
247,61,393
248,61,112
249,61,318
250,61,373
251,61,982
252,61,700
253,61,88
254,61,148
255,61,160
256,61,345
257,61,944
258,61,5
259,61,965
260,61,34
261,61,646
262,61,763
263,61,509
264,61,827
265,61,429
266,61,127
267,61,235
268,61,9
269,61,627
270,61,390
271,61,555
272,61,350
273,61,223
274,61,549
275,61,214
276,61,226
277,61,545
278,61,503
279,61,797
280,61,951
281,61,294
282,61,216
283,61,869
284,61,193
285,61,204
286,61,930
287,61,698
288,61,842
289,61,515
290,61,213
291,61,202
292,61,656
293,61,140
294,61,541
295,61,630
296,61,392
297,61,535
298,61,241
299,61,93
300,61,454
301,61,739
302,61,41
303,61,662
304,61,511
305,61,12
306,61,821
307,61,386
308,61,379
309,61,420
310,61,725
311,61,527
312,61,315
313,61,333
314,61,837
315,61,813
316,61,119
317,61,424
318,61,668
319,61,728
320,61,959
321,61,632
322,61,992
323,61,496
324,61,8
325,61,197
326,61,381
327,61,658
328,61,132
329,61,925
330,61,110
331,61,285
332,61,894
333,61,689
334,61,792
335,61,369
336,61,228
337,61,236
338,61,70
339,61,701
340,61,947
341,61,699
342,61,464
343,61,39
344,61,54
345,61,1005
346,61,856
347,61,31
348,61,737
349,61,976
350,61,570
351,61,51
352,61,912
353,61,325
354,61,442
355,61,707
356,61,991
357,61,799
358,61,552
359,61,499
360,61,453
361,61,460
362,61,1012
363,61,147
364,61,1018
365,61,893
366,61,864
367,61,85
368,61,681
369,61,164
370,61,162
371,61,922
372,61,106
373,61,451
374,61,45
375,61,826
376,61,751
377,61,544
378,61,849
379,61,834
380,61,559
381,61,355
382,61,673
383,61,664
384,61,682
385,61,305
386,61,568
387,61,828
388,61,892
389,61,776
390,61,343
391,61,895
392,61,920
393,61,875
394,61,862
395,61,286
396,61,43
397,61,523
398,61,349
399,61,245
0,62,301
1,62,150
2,62,30
3,62,683
4,62,443
5,62,954
6,62,1006
7,62,669
8,62,311
9,62,463
10,62,557
11,62,105
12,62,187
13,62,786
14,62,696
15,62,618
16,62,784
17,62,1008
18,62,520
19,62,185
20,62,710
21,62,0
22,62,554
23,62,230
24,62,713
25,62,246
26,62,155
27,62,287
28,62,901
29,62,142
30,62,304
31,62,492
32,62,1013
33,62,48
34,62,643
35,62,149
36,62,440
37,62,380
38,62,906
39,62,717
40,62,997
41,62,603
42,62,665
43,62,107
44,62,67
45,62,867
46,62,911
47,62,6
48,62,540
49,62,767
50,62,524
51,62,915
52,62,783
53,62,487
54,62,933
55,62,1002
56,62,537
57,62,266
58,62,474
59,62,362
60,62,839
61,62,476
62,62,919
63,62,847
64,62,775
65,62,521
66,62,584
67,62,877
68,62,432
69,62,749
70,62,650
71,62,363
72,62,649
73,62,1010
74,62,215
75,62,506
76,62,616
77,62,297
78,62,484
79,62,779
80,62,891
81,62,755
82,62,356
83,62,99
84,62,283
85,62,538
86,62,983
87,62,186
88,62,966
89,62,686
90,62,973
91,62,170
92,62,814
93,62,220
94,62,890
95,62,887
96,62,252
97,62,883
98,62,435
99,62,617
100,62,924
101,62,770
102,62,560
103,62,652
104,62,539
105,62,614
106,62,137
107,62,267
108,62,239
109,62,654
110,62,81
111,62,449
112,62,60
113,62,790
114,62,434
115,62,450
116,62,62
117,62,44
118,62,101
119,62,606
120,62,868
121,62,431
122,62,730
123,62,748
124,62,176
125,62,334
126,62,102
127,62,516
128,62,375
129,62,264
130,62,812
131,62,985
132,62,16
133,62,518
134,62,619
135,62,47
136,62,224
137,62,978
138,62,482
139,62,243
140,62,250
141,62,724
142,62,607
143,62,114
144,62,173
145,62,723
146,62,852
147,62,242
148,62,190
149,62,96
150,62,955
151,62,550
152,62,534
153,62,319
154,62,75
155,62,695
156,62,11
157,62,952
158,62,635
159,62,785
160,62,104
161,62,504
162,62,120
163,62,98
164,62,433
165,62,35
166,62,277
167,62,838
168,62,961
169,62,531
170,62,462
171,62,473
172,62,298
173,62,165
174,62,865
175,62,854
176,62,115
177,62,663
178,62,878
179,62,326
180,62,1003
181,62,921
182,62,809
183,62,988
184,62,261
185,62,597
186,62,843
187,62,20
188,62,256
189,62,743
190,62,437
191,62,525
192,62,237
193,62,970
194,62,580
195,62,938
196,62,490
197,62,957
198,62,313
199,62,309
200,62,410
201,62,981
202,62,980
203,62,962
204,62,80
205,62,414
206,62,709
207,62,201
208,62,571
209,62,914
210,62,218
211,62,667
212,62,960
213,62,135
214,62,179
215,62,161
216,62,916
217,62,772
218,62,566
219,62,929
220,62,953
221,62,77
222,62,156
223,62,753
224,62,787
225,62,610
226,62,972
227,62,1020
228,62,171
229,62,908
230,62,251
231,62,27
232,62,36
233,62,184
234,62,857
235,62,219
236,62,29
237,62,157
238,62,996
239,62,421
240,62,205
241,62,494
242,62,58
243,62,794
244,62,532
245,62,989
246,62,777
247,62,393
248,62,112
249,62,318
250,62,373
251,62,982
252,62,700
253,62,88
254,62,148
255,62,160
256,62,345
257,62,944
258,62,5
259,62,965
260,62,34
261,62,646
262,62,763
263,62,509
264,62,827
265,62,429
266,62,127
267,62,235
268,62,9
269,62,627
270,62,390
271,62,555
272,62,350
273,62,223
274,62,549
275,62,214
276,62,226
277,62,545
278,62,503
279,62,797
280,62,951
281,62,294
282,62,216
283,62,869
284,62,193
285,62,204
286,62,930
287,62,697
288,62,842
289,62,515
290,62,213
291,62,202
292,62,656
293,62,140
294,62,541
295,62,630
296,62,392
297,62,535
298,62,241
299,62,93
300,62,454
301,62,739
302,62,41
303,62,662
304,62,511
305,62,12
306,62,821
307,62,386
308,62,379
309,62,420
310,62,725
311,62,527
312,62,315
313,62,333
314,62,837
315,62,813
316,62,119
317,62,424
318,62,668
319,62,728
320,62,959
321,62,632
322,62,992
323,62,496
324,62,8
325,62,197
326,62,381
327,62,658
328,62,132
329,62,925
330,62,110
331,62,285
332,62,894
333,62,689
334,62,792
335,62,369
336,62,228
337,62,236
338,62,70
339,62,701
340,62,947
341,62,699
342,62,464
343,62,39
344,62,54
345,62,1005
346,62,856
347,62,31
348,62,737
349,62,976
350,62,570
351,62,51
352,62,912
353,62,325
354,62,442
355,62,707
356,62,991
357,62,799
358,62,552
359,62,499
360,62,453
361,62,460
362,62,1012
363,62,147
364,62,1018
365,62,893
366,62,864
367,62,85
368,62,681
369,62,164
370,62,162
371,62,922
372,62,106
373,62,451
374,62,45
375,62,826
376,62,751
377,62,544
378,62,849
379,62,834
380,62,559
381,62,355
382,62,673
383,62,664
384,62,682
385,62,305
386,62,568
387,62,828
388,62,892
389,62,776
390,62,343
391,62,895
392,62,920
393,62,875
394,62,862
395,62,286
396,62,43
397,62,523
398,62,349
399,62,245
0,63,301
1,63,150
2,63,30
3,63,683
4,63,443
5,63,954
6,63,1006
7,63,669
8,63,311
9,63,463
10,63,557
11,63,105
12,63,187
13,63,786
14,63,697
15,63,618
16,63,784
17,63,1008
18,63,520
19,63,185
20,63,710
21,63,0
22,63,554
23,63,230
24,63,713
25,63,246
26,63,155
27,63,287
28,63,901
29,63,142
30,63,304
31,63,492
32,63,1013
33,63,48
34,63,643
35,63,149
36,63,440
37,63,380
38,63,906
39,63,717
40,63,997
41,63,603
42,63,666
43,63,107
44,63,67
45,63,867
46,63,911
47,63,6
48,63,540
49,63,767
50,63,524
51,63,915
52,63,783
53,63,487
54,63,933
55,63,1002
56,63,537
57,63,266
58,63,474
59,63,362
60,63,839
61,63,476
62,63,919
63,63,847
64,63,775
65,63,521
66,63,584
67,63,877
68,63,432
69,63,749
70,63,650
71,63,363
72,63,649
73,63,1010
74,63,215
75,63,506
76,63,616
77,63,297
78,63,484
79,63,779
80,63,891
81,63,755
82,63,356
83,63,99
84,63,283
85,63,538
86,63,983
87,63,186
88,63,966
89,63,686
90,63,973
91,63,170
92,63,814
93,63,220
94,63,890
95,63,887
96,63,252
97,63,883
98,63,435
99,63,617
100,63,924
101,63,770
102,63,560
103,63,652
104,63,539
105,63,614
106,63,137
107,63,267
108,63,239
109,63,654
110,63,81
111,63,449
112,63,60
113,63,790
114,63,434
115,63,450
116,63,62
117,63,44
118,63,101
119,63,606
120,63,868
121,63,431
122,63,730
123,63,748
124,63,176
125,63,334
126,63,102
127,63,516
128,63,375
129,63,264
130,63,812
131,63,985
132,63,16
133,63,518
134,63,619
135,63,47
136,63,224
137,63,978
138,63,482
139,63,243
140,63,250
141,63,724
142,63,607
143,63,114
144,63,173
145,63,723
146,63,852
147,63,242
148,63,190
149,63,96
150,63,955
151,63,550
152,63,534
153,63,319
154,63,75
155,63,695
156,63,11
157,63,952
158,63,635
159,63,785
160,63,104
161,63,504
162,63,120
163,63,98
164,63,433
165,63,35
166,63,277
167,63,838
168,63,961
169,63,531
170,63,462
171,63,473
172,63,298
173,63,165
174,63,865
175,63,854
176,63,115
177,63,663
178,63,878
179,63,326
180,63,1003
181,63,921
182,63,809
183,63,988
184,63,261
185,63,597
186,63,843
187,63,20
188,63,256
189,63,743
190,63,437
191,63,525
192,63,237
193,63,970
194,63,580
195,63,938
196,63,490
197,63,957
198,63,313
199,63,309
200,63,410
201,63,981
202,63,980
203,63,962
204,63,80
205,63,414
206,63,709
207,63,201
208,63,571
209,63,914
210,63,218
211,63,667
212,63,960
213,63,135
214,63,179
215,63,161
216,63,916
217,63,772
218,63,566
219,63,929
220,63,953
221,63,77
222,63,156
223,63,753
224,63,787
225,63,610
226,63,972
227,63,1020
228,63,171
229,63,908
230,63,251
231,63,27
232,63,36
233,63,184
234,63,857
235,63,219
236,63,29
237,63,157
238,63,996
239,63,421
240,63,205
241,63,494
242,63,58
243,63,794
244,63,532
245,63,989
246,63,777
247,63,393
248,63,112
249,63,318
250,63,373
251,63,982
252,63,700
253,63,88
254,63,148
255,63,160
256,63,345
257,63,944
258,63,5
259,63,965
260,63,34
261,63,646
262,63,763
263,63,509
264,63,827
265,63,429
266,63,127
267,63,235
268,63,9
269,63,627
270,63,390
271,63,555
272,63,350
273,63,223
274,63,549
275,63,214
276,63,226
277,63,545
278,63,503
279,63,797
280,63,951
281,63,294
282,63,216
283,63,869
284,63,193
285,63,204
286,63,930
287,63,665
288,63,842
289,63,515
290,63,213
291,63,202
292,63,656
293,63,140
294,63,541
295,63,630
296,63,392
297,63,535
298,63,241
299,63,93
300,63,454
301,63,739
302,63,41
303,63,662
304,63,511
305,63,12
306,63,821
307,63,386
308,63,379
309,63,420
310,63,725
311,63,527
312,63,315
313,63,333
314,63,837
315,63,813
316,63,119
317,63,424
318,63,668
319,63,728
320,63,959
321,63,632
322,63,992
323,63,496
324,63,8
325,63,197
326,63,381
327,63,658
328,63,132
329,63,925
330,63,110
331,63,285
332,63,894
333,63,689
334,63,792
335,63,369
336,63,228
337,63,236
338,63,70
339,63,701
340,63,947
341,63,699
342,63,464
343,63,39
344,63,54
345,63,1005
346,63,856
347,63,31
348,63,737
349,63,976
350,63,570
351,63,51
352,63,912
353,63,325
354,63,442
355,63,707
356,63,991
357,63,799
358,63,552
359,63,499
360,63,453
361,63,460
362,63,1012
363,63,147
364,63,1018
365,63,893
366,63,864
367,63,85
368,63,681
369,63,164
370,63,162
371,63,922
372,63,106
373,63,451
374,63,45
375,63,826
376,63,751
377,63,544
378,63,849
379,63,834
380,63,559
381,63,355
382,63,673
383,63,664
384,63,682
385,63,305
386,63,568
387,63,828
388,63,892
389,63,776
390,63,343
391,63,895
392,63,920
393,63,875
394,63,862
395,63,286
396,63,43
397,63,523
398,63,349
399,63,245
0,64,301
1,64,150
2,64,30
3,64,683
4,64,443
5,64,954
6,64,1006
7,64,669
8,64,311
9,64,463
10,64,557
11,64,105
12,64,187
13,64,786
14,64,698
15,64,618
16,64,784
17,64,1008
18,64,520
19,64,185
20,64,710
21,64,0
22,64,554
23,64,230
24,64,713
25,64,246
26,64,155
27,64,287
28,64,901
29,64,142
30,64,304
31,64,492
32,64,1013
33,64,48
34,64,643
35,64,149
36,64,440
37,64,380
38,64,906
39,64,717
40,64,997
41,64,603
42,64,665
43,64,107
44,64,67
45,64,867
46,64,911
47,64,6
48,64,540
49,64,767
50,64,524
51,64,915
52,64,783
53,64,487
54,64,933
55,64,1002
56,64,537
57,64,266
58,64,474
59,64,362
60,64,839
61,64,476
62,64,919
63,64,847
64,64,775
65,64,521
66,64,584
67,64,877
68,64,432
69,64,749
70,64,650
71,64,363
72,64,649
73,64,1010
74,64,215
75,64,506
76,64,616
77,64,297
78,64,484
79,64,779
80,64,891
81,64,755
82,64,356
83,64,99
84,64,283
85,64,538
86,64,983
87,64,186
88,64,966
89,64,686
90,64,973
91,64,170
92,64,814
93,64,220
94,64,890
95,64,887
96,64,252
97,64,883
98,64,435
99,64,617
100,64,924
101,64,770
102,64,560
103,64,652
104,64,539
105,64,614
106,64,137
107,64,267
108,64,239
109,64,654
110,64,81
111,64,449
112,64,60
113,64,790
114,64,434
115,64,450
116,64,62
117,64,44
118,64,101
119,64,606
120,64,868
121,64,431
122,64,730
123,64,748
124,64,176
125,64,334
126,64,102
127,64,516
128,64,375
129,64,264
130,64,812
131,64,985
132,64,16
133,64,518
134,64,619
135,64,47
136,64,224
137,64,978
138,64,482
139,64,243
140,64,250
141,64,724
142,64,607
143,64,114
144,64,173
145,64,723
146,64,852
147,64,242
148,64,190
149,64,96
150,64,955
151,64,550
152,64,534
153,64,319
154,64,75
155,64,695
156,64,11
157,64,952
158,64,635
159,64,785
160,64,104
161,64,504
162,64,120
163,64,98
164,64,433
165,64,35
166,64,277
167,64,838
168,64,961
169,64,531
170,64,462
171,64,473
172,64,298
173,64,165
174,64,865
175,64,854
176,64,115
177,64,663
178,64,878
179,64,326
180,64,1003
181,64,921
182,64,809
183,64,988
184,64,261
185,64,597
186,64,843
187,64,20
188,64,256
189,64,743
190,64,437
191,64,525
192,64,237
193,64,970
194,64,580
195,64,938
196,64,490
197,64,957
198,64,313
199,64,309
200,64,410
201,64,981
202,64,980
203,64,962
204,64,80
205,64,414
206,64,709
207,64,201
208,64,571
209,64,914
210,64,218
211,64,667
212,64,960
213,64,135
214,64,179
215,64,161
216,64,916
217,64,772
218,64,566
219,64,929
220,64,953
221,64,77
222,64,156
223,64,753
224,64,787
225,64,610
226,64,972
227,64,1020
228,64,171
229,64,908
230,64,251
231,64,27
232,64,36
233,64,184
234,64,857
235,64,219
236,64,29
237,64,157
238,64,996
239,64,421
240,64,205
241,64,494
242,64,58
243,64,794
244,64,532
245,64,989
246,64,777
247,64,393
248,64,112
249,64,318
250,64,373
251,64,982
252,64,700
253,64,88
254,64,148
255,64,160
256,64,345
257,64,944
258,64,5
259,64,965
260,64,34
261,64,646
262,64,763
263,64,509
264,64,827
265,64,429
266,64,127
267,64,235
268,64,9
269,64,627
270,64,390
271,64,555
272,64,350
273,64,223
274,64,549
275,64,214
276,64,226
277,64,545
278,64,503
279,64,797
280,64,951
281,64,294
282,64,216
283,64,869
284,64,193
285,64,204
286,64,930
287,64,697
288,64,842
289,64,515
290,64,213
291,64,202
292,64,656
293,64,140
294,64,541
295,64,630
296,64,392
297,64,535
298,64,241
299,64,93
300,64,454
301,64,739
302,64,41
303,64,662
304,64,511
305,64,12
306,64,821
307,64,386
308,64,379
309,64,420
310,64,725
311,64,527
312,64,315
313,64,333
314,64,837
315,64,813
316,64,119
317,64,424
318,64,668
319,64,728
320,64,959
321,64,632
322,64,992
323,64,496
324,64,8
325,64,197
326,64,381
327,64,658
328,64,132
329,64,925
330,64,110
331,64,285
332,64,894
333,64,689
334,64,792
335,64,369
336,64,228
337,64,236
338,64,70
339,64,701
340,64,947
341,64,699
342,64,464
343,64,39
344,64,54
345,64,1005
346,64,856
347,64,31
348,64,737
349,64,976
350,64,570
351,64,51
352,64,912
353,64,325
354,64,442
355,64,707
356,64,991
357,64,799
358,64,552
359,64,499
360,64,453
361,64,460
362,64,1012
363,64,147
364,64,1018
365,64,893
366,64,864
367,64,85
368,64,681
369,64,164
370,64,162
371,64,922
372,64,106
373,64,451
374,64,45
375,64,826
376,64,751
377,64,544
378,64,849
379,64,834
380,64,559
381,64,355
382,64,673
383,64,664
384,64,682
385,64,305
386,64,568
387,64,828
388,64,892
389,64,776
390,64,343
391,64,895
392,64,920
393,64,875
394,64,862
395,64,286
396,64,43
397,64,523
398,64,349
399,64,245
