agent_id,time_step,vertex_index
0,0,768
1,0,630
2,0,708
3,0,219
4,0,935
5,0,858
6,0,800
7,0,417
8,0,20
9,0,819
10,0,324
11,0,855
12,0,910
13,0,686
14,0,97
15,0,550
16,0,690
17,0,470
18,0,374
19,0,811
20,0,569
21,0,645
22,0,123
23,0,221
24,0,698
25,0,973
26,0,790
27,0,635
28,0,972
29,0,115
30,0,901
31,0,164
32,0,880
33,0,829
34,0,981
35,0,527
36,0,547
37,0,987
38,0,155
39,0,241
40,0,888
41,0,934
42,0,787
43,0,214
44,0,528
45,0,375
46,0,349
47,0,831
48,0,771
49,0,666
50,0,54
51,0,12
52,0,333
53,0,228
54,0,816
55,0,637
56,0,581
57,0,272
58,0,99
59,0,959
60,0,212
61,0,213
62,0,131
63,0,687
64,0,622
65,0,915
66,0,381
67,0,459
68,0,517
69,0,770
70,0,127
71,0,579
72,0,689
73,0,371
74,0,449
75,0,149
76,0,418
77,0,220
78,0,955
79,0,573
80,0,183
81,0,194
82,0,542
83,0,780
84,0,728
85,0,805
86,0,191
87,0,327
88,0,469
89,0,961
90,0,42
91,0,817
92,0,250
93,0,309
94,0,266
95,0,843
96,0,363
97,0,988
98,0,911
99,0,534
100,0,740
101,0,463
102,0,767
103,0,308
104,0,872
105,0,623
106,0,225
107,0,342
108,0,801
109,0,414
110,0,893
111,0,460
112,0,562
113,0,810
114,0,748
115,0,546
116,0,355
117,0,563
118,0,707
119,0,552
120,0,755
121,0,567
122,0,163
123,0,916
124,0,288
125,0,565
126,0,251
127,0,46
128,0,960
129,0,286
130,0,22
131,0,969
132,0,317
133,0,386
134,0,782
135,0,616
136,0,1020
137,0,202
138,0,89
139,0,941
140,0,200
141,0,1021
142,0,255
143,0,210
144,0,174
145,0,1017
146,0,514
147,0,254
148,0,204
149,0,373
150,0,315
151,0,483
152,0,367
153,0,794
154,0,594
155,0,75
156,0,673
157,0,723
158,0,835
159,0,505
160,0,499
161,0,891
162,0,758
163,0,291
164,0,443
165,0,492
166,0,523
167,0,558
168,0,211
169,0,868
170,0,653
171,0,695
172,0,477
173,0,401
174,0,560
175,0,493
176,0,353
177,0,867
178,0,716
179,0,124
180,0,976
181,0,796
182,0,376
183,0,21
184,0,331
185,0,235
186,0,730
187,0,121
188,0,710
189,0,877
190,0,102
191,0,476
192,0,785
193,0,352
194,0,587
195,0,744
196,0,69
197,0,809
198,0,994
199,0,399
200,0,884
201,0,274
202,0,538
203,0,108
204,0,720
205,0,101
206,0,423
207,0,356
208,0,627
209,0,380
210,0,170
211,0,665
212,0,265
213,0,87
214,0,508
215,0,23
216,0,1019
217,0,864
218,0,284
219,0,257
220,0,932
221,0,491
222,0,408
223,0,43
224,0,176
225,0,145
226,0,222
227,0,947
228,0,803
229,0,5
230,0,507
231,0,253
232,0,608
233,0,464
234,0,435
235,0,190
236,0,909
237,0,68
238,0,2
239,0,350
240,0,606
241,0,712
242,0,874
243,0,752
244,0,503
245,0,130
246,0,345
247,0,661
248,0,329
249,0,379
250,0,320
251,0,997
252,0,40
253,0,326
254,0,6
255,0,615
256,0,35
257,0,575
258,0,234
259,0,792
260,0,450
261,0,510
262,0,444
263,0,113
264,0,709
265,0,626
266,0,59
267,0,688
268,0,494
269,0,178
270,0,34
271,0,667
272,0,873
273,0,440
274,0,341
275,0,31
276,0,479
277,0,620
278,0,80
279,0,693
280,0,882
281,0,44
282,0,223
283,0,717
284,0,936
285,0,681
286,0,1010
287,0,431
288,0,706
289,0,799
290,0,938
291,0,293
292,0,638
293,0,378
294,0,430
295,0,815
296,0,442
297,0,533
298,0,30
299,0,133
300,0,181
301,0,120
302,0,267
303,0,940
304,0,81
305,0,980
306,0,362
307,0,9
308,0,298
309,0,138
310,0,943
311,0,141
312,0,570
313,0,694
314,0,295
315,0,465
316,0,126
317,0,539
318,0,526
319,0,1004
320,0,201
321,0,158
322,0,377
323,0,714
324,0,105
325,0,305
326,0,322
327,0,841
328,0,338
329,0,70
330,0,680
331,0,735
332,0,965
333,0,1
334,0,1008
335,0,949
336,0,236
337,0,535
338,0,289
339,0,895
340,0,541
341,0,390
342,0,56
343,0,777
344,0,700
345,0,870
346,0,61
347,0,807
348,0,715
349,0,1013
350,0,36
351,0,957
352,0,894
353,0,762
354,0,157
355,0,361
356,0,217
357,0,473
358,0,96
359,0,589
360,0,39
361,0,632
362,0,742
363,0,1014
364,0,208
365,0,1000
366,0,148
367,0,649
368,0,919
369,0,933
370,0,310
371,0,862
372,0,485
373,0,733
374,0,11
375,0,763
376,0,806
377,0,159
378,0,600
379,0,10
380,0,824
381,0,881
382,0,886
383,0,229
384,0,227
385,0,41
386,0,447
387,0,592
388,0,854
389,0,64
390,0,15
391,0,584
392,0,160
393,0,568
394,0,340
395,0,437
396,0,520
397,0,948
398,0,743
399,0,421
0,1,768
1,1,598
2,1,709
3,1,251
4,1,936
5,1,858
6,1,832
7,1,449
8,1,52
9,1,818
10,1,356
11,1,823
12,1,911
13,1,686
14,1,98
15,1,551
16,1,722
17,1,502
18,1,373
19,1,812
20,1,601
21,1,613
22,1,122
23,1,220
24,1,697
25,1,974
26,1,791
27,1,603
28,1,971
29,1,115
30,1,902
31,1,165
32,1,848
33,1,797
34,1,980
35,1,526
36,1,515
37,1,988
38,1,187
39,1,273
40,1,920
41,1,935
42,1,786
43,1,214
44,1,527
45,1,374
46,1,381
47,1,799
48,1,772
49,1,698
50,1,86
51,1,13
52,1,332
53,1,260
54,1,815
55,1,669
56,1,549
57,1,240
58,1,100
59,1,927
60,1,211
61,1,245
62,1,163
63,1,719
64,1,621
65,1,914
66,1,380
67,1,491
68,1,518
69,1,770
70,1,159
71,1,547
72,1,657
73,1,403
74,1,450
75,1,181
76,1,417
77,1,219
78,1,954
79,1,605
80,1,184
81,1,226
82,1,510
83,1,779
84,1,696
85,1,806
86,1,223
87,1,328
88,1,501
89,1,929
90,1,43
91,1,785
92,1,249
93,1,277
94,1,298
95,1,844
96,1,364
97,1,956
98,1,912
99,1,533
100,1,740
101,1,462
102,1,735
103,1,307
104,1,873
105,1,622
106,1,193
107,1,310
108,1,769
109,1,413
110,1,861
111,1,459
112,1,563
113,1,811
114,1,716
115,1,545
116,1,323
117,1,531
118,1,675
119,1,553
120,1,787
121,1,535
122,1,164
123,1,884
124,1,256
125,1,564
126,1,250
127,1,78
128,1,928
129,1,285
130,1,54
131,1,970
132,1,316
133,1,387
134,1,781
135,1,617
136,1,1019
137,1,234
138,1,88
139,1,942
140,1,201
141,1,989
142,1,287
143,1,178
144,1,174
145,1,985
146,1,546
147,1,253
148,1,205
149,1,341
150,1,347
151,1,484
152,1,399
153,1,762
154,1,562
155,1,76
156,1,641
157,1,724
158,1,836
159,1,537
160,1,467
161,1,890
162,1,757
163,1,291
164,1,442
165,1,460
166,1,524
167,1,590
168,1,210
169,1,869
170,1,654
171,1,663
172,1,476
173,1,400
174,1,559
175,1,525
176,1,321
177,1,868
178,1,717
179,1,123
180,1,944
181,1,828
182,1,408
183,1,22
184,1,331
185,1,236
186,1,731
187,1,120
188,1,678
189,1,876
190,1,103
191,1,475
192,1,753
193,1,353
194,1,586
195,1,776
196,1,70
197,1,810
198,1,962
199,1,398
200,1,852
201,1,306
202,1,570
203,1,107
204,1,688
205,1,69
206,1,423
207,1,357
208,1,628
209,1,412
210,1,171
211,1,665
212,1,264
213,1,87
214,1,507
215,1,23
216,1,1018
217,1,864
218,1,283
219,1,289
220,1,900
221,1,492
222,1,409
223,1,75
224,1,208
225,1,144
226,1,254
227,1,915
228,1,771
229,1,4
230,1,506
231,1,221
232,1,609
233,1,465
234,1,436
235,1,222
236,1,910
237,1,68
238,1,34
239,1,349
240,1,574
241,1,713
242,1,875
243,1,784
244,1,504
245,1,131
246,1,377
247,1,660
248,1,297
249,1,379
250,1,320
251,1,998
252,1,41
253,1,294
254,1,38
255,1,583
256,1,36
257,1,607
258,1,233
259,1,824
260,1,418
261,1,509
262,1,443
263,1,114
264,1,710
265,1,625
266,1,60
267,1,687
268,1,493
269,1,177
270,1,35
271,1,666
272,1,874
273,1,440
274,1,340
275,1,30
276,1,478
277,1,619
278,1,112
279,1,725
280,1,883
281,1,44
282,1,255
283,1,749
284,1,904
285,1,649
286,1,1009
287,1,432
288,1,738
289,1,798
290,1,939
291,1,293
292,1,670
293,1,346
294,1,431
295,1,783
296,1,441
297,1,565
298,1,29
299,1,134
300,1,213
301,1,119
302,1,235
303,1,908
304,1,113
305,1,979
306,1,394
307,1,8
308,1,330
309,1,137
310,1,943
311,1,173
312,1,571
313,1,662
314,1,327
315,1,497
316,1,94
317,1,538
318,1,558
319,1,1005
320,1,202
321,1,190
322,1,376
323,1,715
324,1,73
325,1,304
326,1,322
327,1,842
328,1,338
329,1,102
330,1,648
331,1,734
332,1,966
333,1,33
334,1,976
335,1,948
336,1,204
337,1,503
338,1,288
339,1,894
340,1,573
341,1,422
342,1,55
343,1,745
344,1,668
345,1,870
346,1,62
347,1,808
348,1,747
349,1,1012
350,1,37
351,1,925
352,1,893
353,1,730
354,1,189
355,1,393
356,1,218
357,1,505
358,1,97
359,1,557
360,1,39
361,1,600
362,1,743
363,1,1013
364,1,209
365,1,1001
366,1,147
367,1,650
368,1,887
369,1,932
370,1,309
371,1,862
372,1,453
373,1,732
374,1,12
375,1,795
376,1,807
377,1,158
378,1,599
379,1,9
380,1,825
381,1,880
382,1,885
383,1,261
384,1,259
385,1,42
386,1,479
387,1,624
388,1,855
389,1,96
390,1,16
391,1,616
392,1,161
393,1,567
394,1,308
395,1,405
396,1,521
397,1,947
398,1,744
399,1,421
0,2,769
1,2,566
2,2,677
3,2,283
4,2,904
5,2,859
6,2,864
7,2,481
8,2,84
9,2,817
10,2,388
11,2,791
12,2,912
13,2,685
14,2,99
15,2,552
16,2,721
17,2,534
18,2,405
19,2,813
20,2,600
21,2,612
22,2,121
23,2,220
24,2,696
25,2,942
26,2,792
27,2,571
28,2,1003
29,2,147
30,2,870
31,2,197
32,2,880
33,2,765
34,2,979
35,2,494
36,2,516
37,2,989
38,2,219
39,2,305
40,2,919
41,2,967
42,2,754
43,2,214
44,2,526
45,2,373
46,2,413
47,2,767
48,2,740
49,2,699
50,2,85
51,2,14
52,2,333
53,2,292
54,2,814
55,2,668
56,2,550
57,2,239
58,2,101
59,2,926
60,2,243
61,2,246
62,2,195
63,2,719
64,2,653
65,2,882
66,2,379
67,2,523
68,2,519
69,2,771
70,2,191
71,2,515
72,2,689
73,2,403
74,2,418
75,2,213
76,2,449
77,2,218
78,2,953
79,2,604
80,2,185
81,2,225
82,2,478
83,2,778
84,2,664
85,2,807
86,2,255
87,2,329
88,2,533
89,2,897
90,2,75
91,2,784
92,2,281
93,2,245
94,2,330
95,2,845
96,2,332
97,2,924
98,2,913
99,2,532
100,2,708
101,2,461
102,2,734
103,2,308
104,2,874
105,2,621
106,2,194
107,2,278
108,2,770
109,2,445
110,2,829
111,2,491
112,2,531
113,2,812
114,2,717
115,2,513
116,2,291
117,2,499
118,2,643
119,2,554
120,2,786
121,2,535
122,2,165
123,2,852
124,2,224
125,2,563
126,2,249
127,2,110
128,2,896
129,2,253
130,2,54
131,2,971
132,2,284
133,2,419
134,2,780
135,2,585
136,2,1018
137,2,266
138,2,87
139,2,943
140,2,202
141,2,957
142,2,319
143,2,179
144,2,173
145,2,984
146,2,578
147,2,252
148,2,206
149,2,340
150,2,346
151,2,485
152,2,431
153,2,730
154,2,561
155,2,77
156,2,609
157,2,724
158,2,837
159,2,569
160,2,435
161,2,858
162,2,725
163,2,259
164,2,442
165,2,428
166,2,525
167,2,589
168,2,242
169,2,901
170,2,622
171,2,631
172,2,475
173,2,399
174,2,558
175,2,557
176,2,289
177,2,836
178,2,749
179,2,122
180,2,976
181,2,827
182,2,440
183,2,23
184,2,363
185,2,237
186,2,763
187,2,119
188,2,646
189,2,844
190,2,104
191,2,474
192,2,752
193,2,385
194,2,586
195,2,777
196,2,102
197,2,811
198,2,963
199,2,366
200,2,820
201,2,307
202,2,602
203,2,106
204,2,656
205,2,70
206,2,423
207,2,325
208,2,629
209,2,444
210,2,172
211,2,697
212,2,263
213,2,86
214,2,506
215,2,24
216,2,1017
217,2,865
218,2,315
219,2,290
220,2,868
221,2,460
222,2,410
223,2,107
224,2,240
225,2,176
226,2,286
227,2,916
228,2,739
229,2,36
230,2,505
231,2,189
232,2,610
233,2,466
234,2,437
235,2,221
236,2,911
237,2,69
238,2,66
239,2,348
240,2,542
241,2,714
242,2,876
243,2,816
244,2,503
245,2,163
246,2,409
247,2,659
248,2,298
249,2,347
250,2,321
251,2,999
252,2,42
253,2,295
254,2,39
255,2,551
256,2,37
257,2,639
258,2,201
259,2,823
260,2,386
261,2,508
262,2,443
263,2,115
264,2,711
265,2,657
266,2,61
267,2,686
268,2,492
269,2,178
270,2,67
271,2,665
272,2,875
273,2,441
274,2,339
275,2,29
276,2,477
277,2,587
278,2,144
279,2,693
280,2,883
281,2,76
282,2,254
283,2,748
284,2,903
285,2,617
286,2,1008
287,2,433
288,2,737
289,2,830
290,2,940
291,2,294
292,2,669
293,2,345
294,2,432
295,2,751
296,2,473
297,2,565
298,2,28
299,2,135
300,2,212
301,2,118
302,2,234
303,2,909
304,2,114
305,2,978
306,2,426
307,2,8
308,2,331
309,2,136
310,2,944
311,2,205
312,2,539
313,2,630
314,2,326
315,2,529
316,2,93
317,2,537
318,2,590
319,2,973
320,2,203
321,2,222
322,2,375
323,2,683
324,2,73
325,2,303
326,2,323
327,2,843
328,2,306
329,2,103
330,2,649
331,2,733
332,2,998
333,2,65
334,2,977
335,2,947
336,2,204
337,2,471
338,2,256
339,2,862
340,2,605
341,2,454
342,2,55
343,2,713
344,2,667
345,2,869
346,2,94
347,2,776
348,2,746
349,2,1011
350,2,38
351,2,893
352,2,892
353,2,698
354,2,188
355,2,392
356,2,250
357,2,504
358,2,129
359,2,556
360,2,40
361,2,568
362,2,775
363,2,1012
364,2,210
365,2,1002
366,2,146
367,2,618
368,2,886
369,2,900
370,2,277
371,2,861
372,2,421
373,2,700
374,2,13
375,2,794
376,2,808
377,2,157
378,2,598
379,2,41
380,2,824
381,2,879
382,2,884
383,2,293
384,2,260
385,2,43
386,2,511
387,2,625
388,2,856
389,2,97
390,2,48
391,2,648
392,2,193
393,2,599
394,2,309
395,2,406
396,2,489
397,2,946
398,2,745
399,2,422
0,3,770
1,3,534
2,3,678
3,3,315
4,3,905
5,3,858
6,3,865
7,3,513
8,3,116
9,3,816
10,3,388
11,3,790
12,3,913
13,3,717
14,3,100
15,3,584
16,3,753
17,3,533
18,3,404
19,3,814
20,3,599
21,3,580
22,3,153
23,3,219
24,3,695
25,3,943
26,3,760
27,3,539
28,3,971
29,3,146
30,3,870
31,3,229
32,3,880
33,3,733
34,3,978
35,3,462
36,3,517
37,3,990
38,3,251
39,3,304
40,3,951
41,3,968
42,3,722
43,3,215
44,3,525
45,3,405
46,3,445
47,3,735
48,3,741
49,3,731
50,3,84
51,3,15
52,3,334
53,3,324
54,3,782
55,3,700
56,3,551
57,3,239
58,3,102
59,3,925
60,3,242
61,3,278
62,3,227
63,3,687
64,3,652
65,3,850
66,3,379
67,3,524
68,3,520
69,3,772
70,3,223
71,3,516
72,3,688
73,3,402
74,3,386
75,3,214
76,3,481
77,3,218
78,3,952
79,3,603
80,3,217
81,3,257
82,3,477
83,3,746
84,3,632
85,3,808
86,3,287
87,3,297
88,3,565
89,3,898
90,3,107
91,3,783
92,3,313
93,3,246
94,3,362
95,3,877
96,3,333
97,3,923
98,3,881
99,3,564
100,3,740
101,3,460
102,3,734
103,3,340
104,3,875
105,3,620
106,3,162
107,3,277
108,3,771
109,3,444
110,3,828
111,3,523
112,3,499
113,3,813
114,3,716
115,3,514
116,3,259
117,3,467
118,3,642
119,3,555
120,3,785
121,3,503
122,3,166
123,3,851
124,3,224
125,3,562
126,3,249
127,3,109
128,3,864
129,3,252
130,3,86
131,3,972
132,3,283
133,3,451
134,3,779
135,3,553
136,3,1017
137,3,298
138,3,87
139,3,944
140,3,203
141,3,956
142,3,351
143,3,178
144,3,205
145,3,984
146,3,579
147,3,220
148,3,207
149,3,339
150,3,346
151,3,485
152,3,432
153,3,698
154,3,529
155,3,78
156,3,610
157,3,725
158,3,838
159,3,568
160,3,403
161,3,826
162,3,693
163,3,260
164,3,410
165,3,396
166,3,493
167,3,588
168,3,274
169,3,933
170,3,621
171,3,631
172,3,474
173,3,367
174,3,590
175,3,589
176,3,288
177,3,804
178,3,781
179,3,121
180,3,1008
181,3,859
182,3,439
183,3,55
184,3,331
185,3,238
186,3,795
187,3,118
188,3,614
189,3,843
190,3,105
191,3,473
192,3,720
193,3,417
194,3,585
195,3,778
196,3,134
197,3,812
198,3,931
199,3,366
200,3,821
201,3,307
202,3,601
203,3,138
204,3,624
205,3,38
206,3,424
207,3,326
208,3,661
209,3,443
210,3,173
211,3,665
212,3,295
213,3,85
214,3,538
215,3,23
216,3,1016
217,3,866
218,3,347
219,3,290
220,3,869
221,3,428
222,3,378
223,3,139
224,3,272
225,3,175
226,3,318
227,3,884
228,3,707
229,3,68
230,3,506
231,3,157
232,3,578
233,3,466
234,3,438
235,3,221
236,3,912
237,3,70
238,3,98
239,3,349
240,3,510
241,3,715
242,3,844
243,3,848
244,3,502
245,3,195
246,3,441
247,3,658
248,3,299
249,3,348
250,3,322
251,3,1000
252,3,43
253,3,294
254,3,40
255,3,519
256,3,69
257,3,671
258,3,200
259,3,822
260,3,354
261,3,507
262,3,475
263,3,147
264,3,743
265,3,656
266,3,62
267,3,685
268,3,492
269,3,210
270,3,99
271,3,664
272,3,876
273,3,442
274,3,371
275,3,28
276,3,476
277,3,587
278,3,176
279,3,694
280,3,915
281,3,75
282,3,253
283,3,747
284,3,902
285,3,618
286,3,1007
287,3,434
288,3,769
289,3,829
290,3,908
291,3,293
292,3,668
293,3,344
294,3,433
295,3,719
296,3,472
297,3,566
298,3,27
299,3,136
300,3,244
301,3,117
302,3,202
303,3,910
304,3,115
305,3,977
306,3,458
307,3,9
308,3,332
309,3,168
310,3,976
311,3,237
312,3,540
313,3,629
314,3,358
315,3,528
316,3,92
317,3,505
318,3,622
319,3,974
320,3,204
321,3,254
322,3,374
323,3,684
324,3,74
325,3,302
326,3,323
327,3,811
328,3,305
329,3,104
330,3,617
331,3,701
332,3,999
333,3,97
334,3,945
335,3,946
336,3,172
337,3,470
338,3,256
339,3,830
340,3,637
341,3,486
342,3,54
343,3,712
344,3,635
345,3,901
346,3,126
347,3,777
348,3,745
349,3,1010
350,3,39
351,3,861
352,3,891
353,3,697
354,3,187
355,3,392
356,3,250
357,3,504
358,3,161
359,3,557
360,3,8
361,3,536
362,3,807
363,3,1011
364,3,211
365,3,1003
366,3,145
367,3,586
368,3,885
369,3,868
370,3,245
371,3,862
372,3,420
373,3,699
374,3,45
375,3,794
376,3,776
377,3,156
378,3,597
379,3,73
380,3,823
381,3,878
382,3,883
383,3,325
384,3,292
385,3,44
386,3,511
387,3,626
388,3,857
389,3,129
390,3,80
391,3,680
392,3,225
393,3,598
394,3,310
395,3,407
396,3,490
397,3,914
398,3,713
399,3,423
0,4,771
1,4,502
2,4,679
3,4,347
4,4,906
5,4,857
6,4,897
7,4,545
8,4,148
9,4,816
10,4,387
11,4,758
12,4,881
13,4,749
14,4,101
15,4,616
16,4,785
17,4,565
18,4,403
19,4,782
20,4,598
21,4,548
22,4,185
23,4,218
24,4,663
25,4,911
26,4,728
27,4,540
28,4,970
29,4,145
30,4,838
31,4,230
32,4,880
33,4,701
34,4,1010
35,4,430
36,4,518
37,4,958
38,4,283
39,4,336
40,4,983
41,4,969
42,4,690
43,4,214
44,4,524
45,4,404
46,4,477
47,4,734
48,4,742
49,4,731
50,4,52
51,4,16
52,4,366
53,4,356
54,4,781
55,4,732
56,4,552
57,4,240
58,4,103
59,4,924
60,4,274
61,4,310
62,4,259
63,4,719
64,4,651
65,4,818
66,4,380
67,4,523
68,4,520
69,4,740
70,4,255
71,4,484
72,4,687
73,4,434
74,4,354
75,4,246
76,4,513
77,4,217
78,4,951
79,4,602
80,4,249
81,4,289
82,4,476
83,4,745
84,4,600
85,4,776
86,4,319
87,4,298
88,4,564
89,4,866
90,4,139
91,4,751
92,4,312
93,4,245
94,4,394
95,4,909
96,4,334
97,4,922
98,4,849
99,4,563
100,4,708
101,4,459
102,4,733
103,4,340
104,4,843
105,4,619
106,4,163
107,4,276
108,4,772
109,4,443
110,4,827
111,4,522
112,4,467
113,4,814
114,4,717
115,4,482
116,4,260
117,4,435
118,4,610
119,4,556
120,4,784
121,4,503
122,4,167
123,4,850
124,4,225
125,4,561
126,4,250
127,4,108
128,4,832
129,4,220
130,4,85
131,4,973
132,4,284
133,4,483
134,4,747
135,4,521
136,4,1016
137,4,330
138,4,86
139,4,912
140,4,204
141,4,955
142,4,351
143,4,146
144,4,173
145,4,952
146,4,580
147,4,219
148,4,208
149,4,338
150,4,378
151,4,486
152,4,433
153,4,666
154,4,497
155,4,110
156,4,578
157,4,757
158,4,839
159,4,567
160,4,371
161,4,825
162,4,694
163,4,228
164,4,409
165,4,364
166,4,494
167,4,620
168,4,306
169,4,934
170,4,622
171,4,599
172,4,474
173,4,335
174,4,589
175,4,621
176,4,256
177,4,804
178,4,813
179,4,120
180,4,1007
181,4,858
182,4,438
183,4,56
184,4,331
185,4,239
186,4,794
187,4,118
188,4,613
189,4,842
190,4,106
191,4,472
192,4,688
193,4,449
194,4,584
195,4,810
196,4,135
197,4,812
198,4,932
199,4,367
200,4,820
201,4,339
202,4,633
203,4,137
204,4,592
205,4,39
206,4,392
207,4,327
208,4,662
209,4,442
210,4,174
211,4,665
212,4,294
213,4,84
214,4,537
215,4,22
216,4,984
217,4,834
218,4,346
219,4,290
220,4,870
221,4,396
222,4,379
223,4,171
224,4,304
225,4,207
226,4,350
227,4,916
228,4,675
229,4,100
230,4,506
231,4,156
232,4,546
233,4,498
234,4,470
235,4,221
236,4,913
237,4,38
238,4,130
239,4,348
240,4,478
241,4,683
242,4,845
243,4,848
244,4,501
245,4,227
246,4,473
247,4,657
248,4,267
249,4,316
250,4,323
251,4,1001
252,4,44
253,4,293
254,4,41
255,4,519
256,4,70
257,4,670
258,4,199
259,4,821
260,4,322
261,4,539
262,4,507
263,4,179
264,4,775
265,4,655
266,4,94
267,4,653
268,4,460
269,4,242
270,4,131
271,4,632
272,4,844
273,4,410
274,4,370
275,4,27
276,4,475
277,4,555
278,4,176
279,4,695
280,4,947
281,4,74
282,4,252
283,4,746
284,4,901
285,4,586
286,4,1006
287,4,466
288,4,801
289,4,828
290,4,876
291,4,261
292,4,667
293,4,343
294,4,465
295,4,720
296,4,471
297,4,534
298,4,59
299,4,104
300,4,243
301,4,116
302,4,170
303,4,878
304,4,147
305,4,976
306,4,490
307,4,9
308,4,333
309,4,200
310,4,944
311,4,269
312,4,508
313,4,628
314,4,390
315,4,560
316,4,91
317,4,504
318,4,623
319,4,942
320,4,205
321,4,286
322,4,373
323,4,652
324,4,42
325,4,301
326,4,324
327,4,779
328,4,273
329,4,105
330,4,585
331,4,669
332,4,1000
333,4,129
334,4,945
335,4,946
336,4,172
337,4,469
338,4,224
339,4,798
340,4,637
341,4,487
342,4,54
343,4,711
344,4,603
345,4,933
346,4,158
347,4,778
348,4,744
349,4,1009
350,4,40
351,4,829
352,4,890
353,4,696
354,4,187
355,4,393
356,4,251
357,4,536
358,4,193
359,4,525
360,4,8
361,4,535
362,4,808
363,4,979
364,4,212
365,4,1004
366,4,177
367,4,587
368,4,884
369,4,836
370,4,244
371,4,894
372,4,388
373,4,698
374,4,77
375,4,826
376,4,777
377,4,155
378,4,629
379,4,73
380,4,822
381,4,877
382,4,882
383,4,357
384,4,292
385,4,45
386,4,510
387,4,627
388,4,889
389,4,161
390,4,112
391,4,712
392,4,257
393,4,597
394,4,311
395,4,408
396,4,489
397,4,914
398,4,714
399,4,424
0,5,739
1,5,501
2,5,680
3,5,346
4,5,907
5,5,856
6,5,929
7,5,546
8,5,149
9,5,784
10,5,419
11,5,757
12,5,849
13,5,749
14,5,102
15,5,617
16,5,785
17,5,564
18,5,435
19,5,783
20,5,597
21,5,516
22,5,217
23,5,186
24,5,663
25,5,912
26,5,696
27,5,508
28,5,1002
29,5,145
30,5,839
31,5,231
32,5,848
33,5,669
34,5,1009
35,5,398
36,5,486
37,5,926
38,5,315
39,5,335
40,5,982
41,5,970
42,5,691
43,5,213
44,5,523
45,5,403
46,5,509
47,5,733
48,5,710
49,5,763
50,5,51
51,5,48
52,5,367
53,5,357
54,5,781
55,5,731
56,5,552
57,5,208
58,5,135
59,5,923
60,5,306
61,5,311
62,5,291
63,5,751
64,5,683
65,5,786
66,5,380
67,5,522
68,5,520
69,5,741
70,5,287
71,5,484
72,5,686
73,5,466
74,5,322
75,5,278
76,5,545
77,5,216
78,5,951
79,5,601
80,5,281
81,5,321
82,5,475
83,5,713
84,5,600
85,5,777
86,5,351
87,5,266
88,5,563
89,5,834
90,5,171
91,5,750
92,5,344
93,5,246
94,5,426
95,5,910
96,5,302
97,5,890
98,5,817
99,5,562
100,5,708
101,5,458
102,5,732
103,5,340
104,5,811
105,5,618
106,5,164
107,5,276
108,5,740
109,5,442
110,5,826
111,5,521
112,5,468
113,5,815
114,5,685
115,5,450
116,5,228
117,5,434
118,5,578
119,5,557
120,5,752
121,5,504
122,5,168
123,5,818
124,5,226
125,5,529
126,5,249
127,5,140
128,5,800
129,5,219
130,5,84
131,5,974
132,5,252
133,5,515
134,5,747
135,5,489
136,5,984
137,5,362
138,5,85
139,5,880
140,5,205
141,5,954
142,5,350
143,5,114
144,5,173
145,5,920
146,5,612
147,5,218
148,5,176
149,5,339
150,5,410
151,5,485
152,5,401
153,5,667
154,5,465
155,5,142
156,5,579
157,5,725
158,5,840
159,5,599
160,5,370
161,5,824
162,5,662
163,5,227
164,5,408
165,5,363
166,5,462
167,5,619
168,5,338
169,5,935
170,5,590
171,5,598
172,5,473
173,5,303
174,5,588
175,5,653
176,5,257
177,5,772
178,5,812
179,5,119
180,5,1007
181,5,857
182,5,470
183,5,88
184,5,330
185,5,240
186,5,793
187,5,118
188,5,581
189,5,841
190,5,107
191,5,471
192,5,656
193,5,481
194,5,616
195,5,842
196,5,167
197,5,844
198,5,933
199,5,368
200,5,788
201,5,371
202,5,665
203,5,136
204,5,560
205,5,40
206,5,393
207,5,295
208,5,630
209,5,441
210,5,175
211,5,666
212,5,293
213,5,52
214,5,536
215,5,21
216,5,983
217,5,802
218,5,378
219,5,290
220,5,902
221,5,364
222,5,379
223,5,203
224,5,336
225,5,239
226,5,382
227,5,884
228,5,643
229,5,132
230,5,506
231,5,124
232,5,514
233,5,499
234,5,502
235,5,220
236,5,914
237,5,39
238,5,162
239,5,347
240,5,477
241,5,684
242,5,813
243,5,816
244,5,533
245,5,259
246,5,505
247,5,625
248,5,235
249,5,317
250,5,324
251,5,969
252,5,45
253,5,261
254,5,42
255,5,518
256,5,70
257,5,671
258,5,199
259,5,820
260,5,323
261,5,538
262,5,539
263,5,211
264,5,776
265,5,654
266,5,126
267,5,652
268,5,428
269,5,274
270,5,163
271,5,631
272,5,845
273,5,409
274,5,402
275,5,59
276,5,474
277,5,554
278,5,177
279,5,727
280,5,948
281,5,73
282,5,251
283,5,745
284,5,900
285,5,586
286,5,1006
287,5,467
288,5,801
289,5,827
290,5,877
291,5,229
292,5,699
293,5,342
294,5,433
295,5,721
296,5,439
297,5,535
298,5,91
299,5,104
300,5,242
301,5,115
302,5,138
303,5,879
304,5,148
305,5,944
306,5,491
307,5,9
308,5,334
309,5,200
310,5,945
311,5,237
312,5,476
313,5,627
314,5,422
315,5,559
316,5,123
317,5,472
318,5,624
319,5,943
320,5,206
321,5,318
322,5,405
323,5,620
324,5,10
325,5,269
326,5,325
327,5,780
328,5,241
329,5,106
330,5,553
331,5,670
332,5,1001
333,5,161
334,5,946
335,5,978
336,5,204
337,5,437
338,5,224
339,5,766
340,5,637
341,5,519
342,5,86
343,5,679
344,5,571
345,5,965
346,5,190
347,5,779
348,5,743
349,5,1008
350,5,41
351,5,797
352,5,889
353,5,695
354,5,187
355,5,394
356,5,283
357,5,568
358,5,225
359,5,526
360,5,8
361,5,503
362,5,808
363,5,947
364,5,244
365,5,1005
366,5,209
367,5,555
368,5,883
369,5,804
370,5,243
371,5,893
372,5,356
373,5,697
374,5,109
375,5,825
376,5,778
377,5,154
378,5,628
379,5,105
380,5,821
381,5,909
382,5,881
383,5,358
384,5,292
385,5,77
386,5,542
387,5,659
388,5,921
389,5,193
390,5,144
391,5,744
392,5,289
393,5,629
394,5,343
395,5,376
396,5,490
397,5,882
398,5,715
399,5,392
0,6,707
1,6,501
2,6,681
3,6,345
4,6,908
5,6,856
6,6,930
7,6,547
8,6,181
9,6,752
10,6,420
11,6,725
12,6,817
13,6,748
14,6,103
15,6,585
16,6,784
17,6,563
18,6,467
19,6,782
20,6,629
21,6,515
22,6,249
23,6,185
24,6,662
25,6,913
26,6,664
27,6,508
28,6,970
29,6,177
30,6,840
31,6,263
32,6,849
33,6,670
34,6,1008
35,6,366
36,6,487
37,6,894
38,6,347
39,6,367
40,6,1014
41,6,971
42,6,692
43,6,213
44,6,522
45,6,402
46,6,541
47,6,701
48,6,678
49,6,795
50,6,50
51,6,80
52,6,399
53,6,358
54,6,813
55,6,763
56,6,584
57,6,208
58,6,134
59,6,922
60,6,338
61,6,312
62,6,323
63,6,783
64,6,715
65,6,754
66,6,379
67,6,554
68,6,552
69,6,742
70,6,319
71,6,485
72,6,654
73,6,498
74,6,290
75,6,279
76,6,545
77,6,215
78,6,951
79,6,600
80,6,313
81,6,353
82,6,474
83,6,712
84,6,568
85,6,778
86,6,350
87,6,234
88,6,595
89,6,802
90,6,203
91,6,749
92,6,376
93,6,214
94,6,458
95,6,910
96,6,303
97,6,890
98,6,785
99,6,561
100,6,708
101,6,490
102,6,700
103,6,339
104,6,812
105,6,617
106,6,165
107,6,277
108,6,741
109,6,441
110,6,794
111,6,520
112,6,469
113,6,815
114,6,686
115,6,450
116,6,229
117,6,435
118,6,546
119,6,558
120,6,751
121,6,503
122,6,200
123,6,786
124,6,227
125,6,497
126,6,250
127,6,172
128,6,768
129,6,218
130,6,116
131,6,942
132,6,220
133,6,514
134,6,747
135,6,457
136,6,983
137,6,394
138,6,84
139,6,848
140,6,206
141,6,953
142,6,382
143,6,114
144,6,173
145,6,888
146,6,613
147,6,217
148,6,144
149,6,307
150,6,442
151,6,517
152,6,433
153,6,635
154,6,464
155,6,174
156,6,579
157,6,693
158,6,841
159,6,598
160,6,369
161,6,824
162,6,630
163,6,195
164,6,407
165,6,331
166,6,463
167,6,651
168,6,370
169,6,936
170,6,590
171,6,566
172,6,472
173,6,304
174,6,620
175,6,685
176,6,256
177,6,740
178,6,844
179,6,118
180,6,1007
181,6,857
182,6,502
183,6,89
184,6,329
185,6,272
186,6,792
187,6,86
188,6,580
189,6,809
190,6,139
191,6,470
192,6,624
193,6,513
194,6,615
195,6,874
196,6,168
197,6,876
198,6,934
199,6,400
200,6,787
201,6,403
202,6,666
203,6,135
204,6,528
205,6,41
206,6,361
207,6,295
208,6,631
209,6,440
210,6,176
211,6,667
212,6,325
213,6,51
214,6,504
215,6,20
216,6,982
217,6,770
218,6,410
219,6,289
220,6,903
221,6,332
222,6,378
223,6,235
224,6,368
225,6,238
226,6,414
227,6,885
228,6,642
229,6,164
230,6,506
231,6,92
232,6,482
233,6,499
234,6,534
235,6,219
236,6,915
237,6,40
238,6,194
239,6,346
240,6,476
241,6,684
242,6,814
243,6,816
244,6,532
245,6,291
246,6,537
247,6,657
248,6,236
249,6,349
250,6,324
251,6,1001
252,6,46
253,6,261
254,6,43
255,6,486
256,6,102
257,6,639
258,6,167
259,6,819
260,6,322
261,6,570
262,6,538
263,6,212
264,6,777
265,6,622
266,6,127
267,6,652
268,6,396
269,6,306
270,6,163
271,6,599
272,6,845
273,6,409
274,6,401
275,6,91
276,6,473
277,6,553
278,6,178
279,6,728
280,6,949
281,6,105
282,6,251
283,6,744
284,6,868
285,6,586
286,6,974
287,6,468
288,6,801
289,6,826
290,6,878
291,6,230
292,6,698
293,6,310
294,6,434
295,6,689
296,6,438
297,6,536
298,6,123
299,6,136
300,6,274
301,6,147
302,6,106
303,6,847
304,6,149
305,6,943
306,6,492
307,6,9
308,6,335
309,6,199
310,6,945
311,6,205
312,6,444
313,6,626
314,6,454
315,6,559
316,6,122
317,6,471
318,6,625
319,6,911
320,6,207
321,6,317
322,6,404
323,6,621
324,6,10
325,6,237
326,6,326
327,6,781
328,6,240
329,6,107
330,6,521
331,6,671
332,6,1002
333,6,193
334,6,914
335,6,946
336,6,204
337,6,405
338,6,224
339,6,734
340,6,669
341,6,551
342,6,85
343,6,647
344,6,539
345,6,966
346,6,222
347,6,780
348,6,743
349,6,976
350,6,42
351,6,765
352,6,889
353,6,694
354,6,187
355,6,426
356,6,315
357,6,569
358,6,257
359,6,527
360,6,8
361,6,535
362,6,808
363,6,947
364,6,276
365,6,1006
366,6,241
367,6,523
368,6,882
369,6,772
370,6,242
371,6,925
372,6,357
373,6,696
374,6,77
375,6,825
376,6,779
377,6,153
378,6,627
379,6,104
380,6,820
381,6,909
382,6,880
383,6,390
384,6,293
385,6,78
386,6,542
387,6,660
388,6,921
389,6,225
390,6,145
391,6,776
392,6,321
393,6,628
394,6,375
395,6,377
396,6,489
397,6,850
398,6,716
399,6,393
0,7,707
1,7,501
2,7,682
3,7,377
4,7,876
5,7,857
6,7,931
7,7,548
8,7,213
9,7,720
10,7,421
11,7,693
12,7,785
13,7,716
14,7,104
15,7,586
16,7,784
17,7,595
18,7,468
19,7,783
20,7,628
21,7,483
22,7,281
23,7,184
24,7,661
25,7,881
26,7,632
27,7,476
28,7,969
29,7,176
30,7,841
31,7,264
32,7,849
33,7,671
34,7,1007
35,7,367
36,7,519
37,7,862
38,7,346
39,7,399
40,7,1013
41,7,972
42,7,724
43,7,212
44,7,521
45,7,401
46,7,573
47,7,669
48,7,679
49,7,796
50,7,49
51,7,112
52,7,431
53,7,390
54,7,812
55,7,795
56,7,585
57,7,240
58,7,102
59,7,890
60,7,338
61,7,344
62,7,355
63,7,815
64,7,714
65,7,722
66,7,347
67,7,555
68,7,552
69,7,743
70,7,351
71,7,453
72,7,654
73,7,499
74,7,291
75,7,280
76,7,546
77,7,214
78,7,983
79,7,599
80,7,313
81,7,385
82,7,473
83,7,680
84,7,536
85,7,779
86,7,382
87,7,202
88,7,594
89,7,770
90,7,235
91,7,748
92,7,408
93,7,246
94,7,490
95,7,911
96,7,335
97,7,889
98,7,753
99,7,561
100,7,708
101,7,522
102,7,699
103,7,371
104,7,780
105,7,616
106,7,166
107,7,245
108,7,709
109,7,440
110,7,762
111,7,520
112,7,437
113,7,816
114,7,687
115,7,449
116,7,197
117,7,434
118,7,514
119,7,559
120,7,750
121,7,502
122,7,201
123,7,754
124,7,228
125,7,465
126,7,218
127,7,171
128,7,769
129,7,217
130,7,115
131,7,910
132,7,188
133,7,515
134,7,715
135,7,458
136,7,982
137,7,394
138,7,52
139,7,848
140,7,207
141,7,921
142,7,414
143,7,114
144,7,173
145,7,856
146,7,645
147,7,216
148,7,145
149,7,306
150,7,443
151,7,518
152,7,433
153,7,603
154,7,432
155,7,175
156,7,547
157,7,694
158,7,842
159,7,597
160,7,370
161,7,792
162,7,630
163,7,194
164,7,406
165,7,299
166,7,464
167,7,683
168,7,402
169,7,904
170,7,558
171,7,567
172,7,471
173,7,303
174,7,652
175,7,686
176,7,256
177,7,741
178,7,845
179,7,117
180,7,1006
181,7,858
182,7,534
183,7,89
184,7,328
185,7,304
186,7,791
187,7,54
188,7,579
189,7,777
190,7,140
191,7,469
192,7,592
193,7,545
194,7,614
195,7,906
196,7,200
197,7,877
198,7,935
199,7,368
200,7,755
201,7,435
202,7,698
203,7,134
204,7,496
205,7,42
206,7,362
207,7,263
208,7,631
209,7,439
210,7,144
211,7,667
212,7,357
213,7,50
214,7,503
215,7,19
216,7,981
217,7,771
218,7,442
219,7,321
220,7,903
221,7,333
222,7,379
223,7,267
224,7,369
225,7,237
226,7,413
227,7,886
228,7,610
229,7,165
230,7,474
231,7,60
232,7,450
233,7,467
234,7,566
235,7,251
236,7,916
237,7,41
238,7,226
239,7,345
240,7,475
241,7,685
242,7,814
243,7,817
244,7,532
245,7,323
246,7,569
247,7,656
248,7,204
249,7,350
250,7,325
251,7,1002
252,7,47
253,7,229
254,7,44
255,7,485
256,7,103
257,7,638
258,7,135
259,7,851
260,7,290
261,7,602
262,7,570
263,7,244
264,7,778
265,7,590
266,7,127
267,7,653
268,7,364
269,7,305
270,7,195
271,7,598
272,7,813
273,7,410
274,7,400
275,7,123
276,7,472
277,7,553
278,7,179
279,7,760
280,7,949
281,7,105
282,7,250
283,7,776
284,7,836
285,7,554
286,7,973
287,7,436
288,7,802
289,7,825
290,7,879
291,7,230
292,7,697
293,7,309
294,7,466
295,7,690
296,7,438
297,7,537
298,7,122
299,7,137
300,7,274
301,7,146
302,7,74
303,7,847
304,7,150
305,7,942
306,7,493
307,7,8
308,7,336
309,7,231
310,7,946
311,7,205
312,7,412
313,7,625
314,7,486
315,7,560
316,7,154
317,7,470
318,7,657
319,7,912
320,7,208
321,7,349
322,7,403
323,7,622
324,7,9
325,7,236
326,7,327
327,7,782
328,7,239
329,7,139
330,7,489
331,7,639
332,7,1003
333,7,225
334,7,882
335,7,914
336,7,203
337,7,373
338,7,224
339,7,734
340,7,668
341,7,583
342,7,84
343,7,615
344,7,507
345,7,967
346,7,254
347,7,781
348,7,711
349,7,976
350,7,43
351,7,733
352,7,888
353,7,662
354,7,219
355,7,426
356,7,316
357,7,601
358,7,289
359,7,528
360,7,40
361,7,535
362,7,840
363,7,915
364,7,277
365,7,1005
366,7,273
367,7,524
368,7,850
369,7,740
370,7,241
371,7,924
372,7,358
373,7,695
374,7,45
375,7,824
376,7,747
377,7,121
378,7,626
379,7,136
380,7,788
381,7,908
382,7,880
383,7,422
384,7,294
385,7,110
386,7,541
387,7,692
388,7,922
389,7,257
390,7,177
391,7,808
392,7,353
393,7,627
394,7,407
395,7,378
396,7,457
397,7,818
398,7,717
399,7,361
0,8,708
1,8,502
2,8,683
3,8,376
4,8,844
5,8,858
6,8,932
7,8,580
8,8,214
9,8,688
10,8,422
11,8,661
12,8,753
13,8,717
14,8,105
15,8,618
16,8,784
17,8,594
18,8,436
19,8,751
20,8,627
21,8,451
22,8,313
23,8,183
24,8,660
25,8,849
26,8,600
27,8,444
28,8,1001
29,8,175
30,8,842
31,8,265
32,8,850
33,8,639
34,8,1007
35,8,335
36,8,551
37,8,830
38,8,378
39,8,431
40,8,1012
41,8,973
42,8,692
43,8,212
44,8,520
45,8,400
46,8,605
47,8,670
48,8,680
49,8,797
50,8,81
51,8,144
52,8,432
53,8,390
54,8,811
55,8,827
56,8,586
57,8,239
58,8,103
59,8,889
60,8,370
61,8,312
62,8,387
63,8,847
64,8,713
65,8,690
66,8,346
67,8,587
68,8,553
69,8,744
70,8,350
71,8,421
72,8,653
73,8,531
74,8,292
75,8,281
76,8,547
77,8,246
78,8,982
79,8,631
80,8,345
81,8,417
82,8,472
83,8,648
84,8,537
85,8,780
86,8,414
87,8,203
88,8,626
89,8,771
90,8,267
91,8,716
92,8,440
93,8,245
94,8,522
95,8,879
96,8,303
97,8,888
98,8,721
99,8,561
100,8,740
101,8,554
102,8,698
103,8,403
104,8,781
105,8,616
106,8,167
107,8,244
108,8,677
109,8,439
110,8,730
111,8,519
112,8,405
113,8,817
114,8,655
115,8,450
116,8,165
117,8,435
118,8,482
119,8,560
120,8,749
121,8,503
122,8,202
123,8,754
124,8,229
125,8,433
126,8,186
127,8,170
128,8,770
129,8,216
130,8,147
131,8,911
132,8,156
133,8,516
134,8,714
135,8,459
136,8,1014
137,8,426
138,8,51
139,8,816
140,8,208
141,8,920
142,8,413
143,8,114
144,8,173
145,8,855
146,8,646
147,8,215
148,8,113
149,8,274
150,8,443
151,8,550
152,8,434
153,8,571
154,8,464
155,8,207
156,8,515
157,8,695
158,8,843
159,8,629
160,8,369
161,8,760
162,8,630
163,8,162
164,8,374
165,8,298
166,8,465
167,8,715
168,8,401
169,8,905
170,8,526
171,8,568
172,8,470
173,8,302
174,8,684
175,8,687
176,8,256
177,8,742
178,8,877
179,8,116
180,8,974
181,8,890
182,8,566
183,8,121
184,8,329
185,8,272
186,8,790
187,8,22
188,8,579
189,8,776
190,8,141
191,8,501
192,8,624
193,8,546
194,8,613
195,8,938
196,8,201
197,8,878
198,8,936
199,8,336
200,8,723
201,8,467
202,8,666
203,8,166
204,8,496
205,8,43
206,8,394
207,8,264
208,8,632
209,8,438
210,8,176
211,8,667
212,8,356
213,8,49
214,8,504
215,8,19
216,8,980
217,8,772
218,8,441
219,8,353
220,8,935
221,8,301
222,8,347
223,8,299
224,8,368
225,8,236
226,8,445
227,8,886
228,8,578
229,8,164
230,8,442
231,8,28
232,8,418
233,8,468
234,8,598
235,8,252
236,8,884
237,8,42
238,8,225
239,8,344
240,8,474
241,8,686
242,8,815
243,8,818
244,8,532
245,8,355
246,8,601
247,8,656
248,8,205
249,8,318
250,8,326
251,8,1003
252,8,48
253,8,197
254,8,45
255,8,453
256,8,104
257,8,637
258,8,134
259,8,851
260,8,291
261,8,602
262,8,570
263,8,276
264,8,779
265,8,558
266,8,127
267,8,621
268,8,363
269,8,306
270,8,227
271,8,597
272,8,814
273,8,410
274,8,399
275,8,122
276,8,471
277,8,521
278,8,211
279,8,728
280,8,981
281,8,137
282,8,218
283,8,808
284,8,804
285,8,555
286,8,1005
287,8,437
288,8,803
289,8,824
290,8,880
291,8,230
292,8,696
293,8,308
294,8,466
295,8,691
296,8,406
297,8,538
298,8,154
299,8,138
300,8,273
301,8,145
302,8,73
303,8,848
304,8,151
305,8,941
306,8,525
307,8,40
308,8,304
309,8,263
310,8,947
311,8,237
312,8,380
313,8,625
314,8,487
315,8,592
316,8,153
317,8,469
318,8,657
319,8,913
320,8,209
321,8,381
322,8,402
323,8,623
324,8,8
325,8,235
326,8,328
327,8,783
328,8,238
329,8,140
330,8,490
331,8,607
332,8,1004
333,8,257
334,8,883
335,8,914
336,8,171
337,8,341
338,8,224
339,8,733
340,8,700
341,8,615
342,8,84
343,8,614
344,8,475
345,8,968
346,8,286
347,8,782
348,8,710
349,8,976
350,8,44
351,8,701
352,8,887
353,8,694
354,8,251
355,8,458
356,8,348
357,8,633
358,8,321
359,8,529
360,8,39
361,8,534
362,8,872
363,8,915
364,8,309
365,8,1006
366,8,305
367,8,492
368,8,882
369,8,739
370,8,240
371,8,924
372,8,358
373,8,663
374,8,77
375,8,856
376,8,748
377,8,120
378,8,658
379,8,135
380,8,787
381,8,907
382,8,912
383,8,454
384,8,294
385,8,142
386,8,540
387,8,693
388,8,923
389,8,289
390,8,178
391,8,840
392,8,385
393,8,659
394,8,408
395,8,379
396,8,457
397,8,786
398,8,685
399,8,362
0,9,709
1,9,501
2,9,684
3,9,375
4,9,845
5,9,890
6,9,933
7,9,612
8,9,246
9,9,656
10,9,454
11,9,629
12,9,721
13,9,749
14,9,106
15,9,618
16,9,785
17,9,594
18,9,404
19,9,719
20,9,626
21,9,450
22,9,345
23,9,215
24,9,659
25,9,850
26,9,568
27,9,412
28,9,1000
29,9,175
30,9,843
31,9,265
32,9,882
33,9,607
34,9,1008
35,9,335
36,9,552
37,9,798
38,9,410
39,9,430
40,9,1011
41,9,974
42,9,660
43,9,244
44,9,519
45,9,399
46,9,606
47,9,638
48,9,681
49,9,765
50,9,113
51,9,176
52,9,464
53,9,390
54,9,810
55,9,859
56,9,587
57,9,238
58,9,104
59,9,888
60,9,369
61,9,344
62,9,419
63,9,847
64,9,712
65,9,722
66,9,378
67,9,619
68,9,521
69,9,745
70,9,382
71,9,422
72,9,652
73,9,563
74,9,293
75,9,313
76,9,548
77,9,245
78,9,981
79,9,663
80,9,377
81,9,449
82,9,440
83,9,616
84,9,505
85,9,781
86,9,413
87,9,204
88,9,625
89,9,739
90,9,299
91,9,715
92,9,441
93,9,213
94,9,554
95,9,880
96,9,303
97,9,887
98,9,689
99,9,529
100,9,741
101,9,553
102,9,697
103,9,402
104,9,782
105,9,615
106,9,168
107,9,243
108,9,645
109,9,438
110,9,698
111,9,518
112,9,406
113,9,817
114,9,623
115,9,482
116,9,133
117,9,403
118,9,481
119,9,561
120,9,748
121,9,471
122,9,203
123,9,753
124,9,230
125,9,432
126,9,185
127,9,202
128,9,771
129,9,216
130,9,146
131,9,943
132,9,155
133,9,517
134,9,682
135,9,459
136,9,1013
137,9,458
138,9,50
139,9,784
140,9,209
141,9,919
142,9,445
143,9,115
144,9,205
145,9,855
146,9,678
147,9,214
148,9,114
149,9,242
150,9,475
151,9,550
152,9,435
153,9,539
154,9,463
155,9,208
156,9,483
157,9,727
158,9,844
159,9,628
160,9,368
161,9,728
162,9,630
163,9,130
164,9,373
165,9,266
166,9,466
167,9,714
168,9,433
169,9,905
170,9,494
171,9,536
172,9,469
173,9,301
174,9,716
175,9,688
176,9,224
177,9,743
178,9,878
179,9,148
180,9,1006
181,9,889
182,9,598
183,9,122
184,9,297
185,9,273
186,9,822
187,9,21
188,9,547
189,9,744
190,9,173
191,9,533
192,9,592
193,9,578
194,9,581
195,9,938
196,9,233
197,9,879
198,9,904
199,9,336
200,9,724
201,9,499
202,9,666
203,9,165
204,9,496
205,9,11
206,9,426
207,9,264
208,9,633
209,9,470
210,9,177
211,9,667
212,9,388
213,9,81
214,9,472
215,9,51
216,9,948
217,9,740
218,9,473
219,9,385
220,9,967
221,9,333
222,9,315
223,9,331
224,9,400
225,9,235
226,9,477
227,9,854
228,9,579
229,9,163
230,9,443
231,9,27
232,9,386
233,9,436
234,9,599
235,9,251
236,9,885
237,9,43
238,9,257
239,9,343
240,9,442
241,9,654
242,9,816
243,9,818
244,9,532
245,9,387
246,9,600
247,9,655
248,9,206
249,9,319
250,9,327
251,9,1004
252,9,49
253,9,197
254,9,46
255,9,421
256,9,105
257,9,637
258,9,102
259,9,819
260,9,259
261,9,601
262,9,602
263,9,277
264,9,780
265,9,526
266,9,127
267,9,589
268,9,364
269,9,338
270,9,228
271,9,596
272,9,815
273,9,409
274,9,431
275,9,154
276,9,439
277,9,520
278,9,212
279,9,696
280,9,949
281,9,136
282,9,217
283,9,807
284,9,772
285,9,523
286,9,973
287,9,437
288,9,804
289,9,823
290,9,848
291,9,231
292,9,695
293,9,307
294,9,467
295,9,692
296,9,374
297,9,537
298,9,153
299,9,139
300,9,305
301,9,144
302,9,41
303,9,849
304,9,183
305,9,940
306,9,557
307,9,39
308,9,272
309,9,295
310,9,915
311,9,269
312,9,379
313,9,624
314,9,487
315,9,560
316,9,121
317,9,468
318,9,657
319,9,945
320,9,210
321,9,381
322,9,434
323,9,622
324,9,8
325,9,234
326,9,329
327,9,751
328,9,237
329,9,141
330,9,489
331,9,575
332,9,1005
333,9,289
334,9,851
335,9,913
336,9,170
337,9,340
338,9,225
339,9,701
340,9,732
341,9,647
342,9,116
343,9,613
344,9,474
345,9,969
346,9,318
347,9,783
348,9,742
349,9,976
350,9,45
351,9,669
352,9,886
353,9,693
354,9,283
355,9,490
356,9,380
357,9,665
358,9,353
359,9,497
360,9,38
361,9,502
362,9,873
363,9,883
364,9,341
365,9,1007
366,9,304
367,9,460
368,9,881
369,9,707
370,9,239
371,9,925
372,9,357
373,9,662
374,9,77
375,9,857
376,9,747
377,9,88
378,9,690
379,9,134
380,9,755
381,9,906
382,9,911
383,9,486
384,9,326
385,9,174
386,9,540
387,9,725
388,9,924
389,9,321
390,9,179
391,9,872
392,9,417
393,9,658
394,9,408
395,9,347
396,9,457
397,9,754
398,9,686
399,9,363
0,10,677
1,10,533
2,10,685
3,10,374
4,10,813
5,10,922
6,10,934
7,10,613
8,10,278
9,10,655
10,10,486
11,10,597
12,10,689
13,10,749
14,10,107
15,10,618
16,10,786
17,10,626
18,10,403
19,10,720
20,10,625
21,10,418
22,10,344
23,10,214
24,10,658
25,10,851
26,10,536
27,10,413
28,10,999
29,10,207
30,10,811
31,10,297
32,10,914
33,10,575
34,10,1008
35,10,367
36,10,520
37,10,766
38,10,409
39,10,429
40,10,1010
41,10,942
42,10,661
43,10,243
44,10,518
45,10,431
46,10,607
47,10,606
48,10,682
49,10,765
50,10,145
51,10,208
52,10,464
53,10,422
54,10,809
55,10,891
56,10,555
57,10,237
58,10,105
59,10,887
60,10,401
61,10,312
62,10,451
63,10,847
64,10,711
65,10,721
66,10,410
67,10,651
68,10,489
69,10,745
70,10,414
71,10,423
72,10,652
73,10,595
74,10,261
75,10,345
76,10,549
77,10,244
78,10,980
79,10,663
80,10,378
81,10,481
82,10,408
83,10,584
84,10,506
85,10,782
86,10,445
87,10,205
88,10,624
89,10,740
90,10,331
91,10,683
92,10,473
93,10,181
94,10,586
95,10,881
96,10,302
97,10,919
98,10,690
99,10,528
100,10,742
101,10,585
102,10,696
103,10,434
104,10,750
105,10,614
106,10,167
107,10,242
108,10,646
109,10,470
110,10,697
111,10,517
112,10,406
113,10,785
114,10,623
115,10,450
116,10,134
117,10,371
118,10,480
119,10,562
120,10,747
121,10,439
122,10,204
123,10,753
124,10,231
125,10,433
126,10,153
127,10,201
128,10,739
129,10,215
130,10,178
131,10,944
132,10,154
133,10,516
134,10,650
135,10,460
136,10,1012
137,10,490
138,10,51
139,10,752
140,10,210
141,10,920
142,10,477
143,10,114
144,10,206
145,10,823
146,10,678
147,10,246
148,10,146
149,10,241
150,10,507
151,10,550
152,10,435
153,10,540
154,10,462
155,10,209
156,10,482
157,10,695
158,10,845
159,10,627
160,10,336
161,10,727
162,10,629
163,10,98
164,10,405
165,10,266
166,10,467
167,10,746
168,10,465
169,10,904
170,10,494
171,10,504
172,10,469
173,10,301
174,10,715
175,10,688
176,10,225
177,10,744
178,10,878
179,10,147
180,10,974
181,10,921
182,10,630
183,10,123
184,10,329
185,10,305
186,10,821
187,10,20
188,10,515
189,10,712
190,10,174
191,10,532
192,10,560
193,10,610
194,10,580
195,10,938
196,10,265
197,10,880
198,10,872
199,10,335
200,10,725
201,10,499
202,10,698
203,10,197
204,10,496
205,10,12
206,10,426
207,10,264
208,10,601
209,10,502
210,10,177
211,10,667
212,10,420
213,10,80
214,10,440
215,10,52
216,10,916
217,10,772
218,10,505
219,10,417
220,10,968
221,10,333
222,10,283
223,10,332
224,10,432
225,10,234
226,10,509
227,10,855
228,10,547
229,10,195
230,10,444
231,10,27
232,10,354
233,10,437
234,10,631
235,10,219
236,10,886
237,10,11
238,10,289
239,10,311
240,10,441
241,10,622
242,10,784
243,10,850
244,10,531
245,10,419
246,10,599
247,10,654
248,10,238
249,10,318
250,10,328
251,10,1005
252,10,50
253,10,229
254,10,47
255,10,421
256,10,106
257,10,638
258,10,70
259,10,818
260,10,227
261,10,600
262,10,603
263,10,309
264,10,781
265,10,525
266,10,127
267,10,588
268,10,396
269,10,370
270,10,260
271,10,564
272,10,783
273,10,377
274,10,463
275,10,186
276,10,407
277,10,521
278,10,213
279,10,728
280,10,981
281,10,168
282,10,216
283,10,806
284,10,771
285,10,491
286,10,972
287,10,438
288,10,805
289,10,822
290,10,816
291,10,199
292,10,694
293,10,306
294,10,468
295,10,660
296,10,342
297,10,537
298,10,121
299,10,140
300,10,304
301,10,176
302,10,41
303,10,817
304,10,184
305,10,939
306,10,589
307,10,38
308,10,273
309,10,294
310,10,915
311,10,269
312,10,347
313,10,592
314,10,519
315,10,559
316,10,120
317,10,436
318,10,656
319,10,946
320,10,211
321,10,380
322,10,466
323,10,590
324,10,8
325,10,233
326,10,330
327,10,719
328,10,236
329,10,173
330,10,457
331,10,574
332,10,1006
333,10,321
334,10,852
335,10,912
336,10,202
337,10,339
338,10,193
339,10,701
340,10,731
341,10,679
342,10,115
343,10,581
344,10,442
345,10,970
346,10,350
347,10,751
348,10,710
349,10,976
350,10,46
351,10,637
352,10,854
353,10,692
354,10,284
355,10,522
356,10,412
357,10,666
358,10,385
359,10,498
360,10,37
361,10,501
362,10,874
363,10,883
364,10,373
365,10,1007
366,10,303
367,10,461
368,10,849
369,10,675
370,10,239
371,10,924
372,10,325
373,10,662
374,10,45
375,10,825
376,10,779
377,10,87
378,10,722
379,10,166
380,10,723
381,10,905
382,10,910
383,10,487
384,10,358
385,10,175
386,10,508
387,10,757
388,10,892
389,10,353
390,10,179
391,10,873
392,10,449
393,10,657
394,10,376
395,10,348
396,10,458
397,10,754
398,10,687
399,10,364
0,11,678
1,11,533
2,11,686
3,11,373
4,11,814
5,11,954
6,11,966
7,11,645
8,11,279
9,11,654
10,11,487
11,11,565
12,11,690
13,11,781
14,11,108
15,11,617
16,11,818
17,11,658
18,11,402
19,11,721
20,11,624
21,11,386
22,11,376
23,11,213
24,11,659
25,11,819
26,11,504
27,11,381
28,11,967
29,11,206
30,11,779
31,11,298
32,11,946
33,11,575
34,11,976
35,11,368
36,11,521
37,11,734
38,11,441
39,11,428
40,11,1009
41,11,943
42,11,662
43,11,243
44,11,486
45,11,463
46,11,639
47,11,574
48,11,683
49,11,766
50,11,144
51,11,240
52,11,496
53,11,454
54,11,841
55,11,890
56,11,556
57,11,269
58,11,106
59,11,855
60,11,433
61,11,344
62,11,483
63,11,847
64,11,711
65,11,689
66,11,409
67,11,652
68,11,490
69,11,746
70,11,413
71,11,424
72,11,684
73,11,627
74,11,261
75,11,346
76,11,550
77,11,244
78,11,979
79,11,695
80,11,410
81,11,482
82,11,407
83,11,552
84,11,474
85,11,783
86,11,477
87,11,173
88,11,623
89,11,741
90,11,332
91,11,651
92,11,505
93,11,181
94,11,618
95,11,882
96,11,334
97,11,919
98,11,691
99,11,527
100,11,743
101,11,584
102,11,664
103,11,466
104,11,750
105,11,614
106,11,168
107,11,242
108,11,647
109,11,502
110,11,665
111,11,516
112,11,374
113,11,786
114,11,655
115,11,449
116,11,102
117,11,339
118,11,448
119,11,594
120,11,747
121,11,471
122,11,236
123,11,785
124,11,199
125,11,432
126,11,121
127,11,200
128,11,740
129,11,214
130,11,210
131,11,945
132,11,153
133,11,484
134,11,650
135,11,460
136,11,1011
137,11,522
138,11,52
139,11,753
140,11,211
141,11,888
142,11,509
143,11,115
144,11,205
145,11,791
146,11,679
147,11,246
148,11,114
149,11,273
150,11,539
151,11,518
152,11,467
153,11,508
154,11,430
155,11,241
156,11,450
157,11,696
158,11,813
159,11,626
160,11,304
161,11,728
162,11,597
163,11,98
164,11,404
165,11,234
166,11,468
167,11,778
168,11,497
169,11,872
170,11,494
171,11,472
172,11,437
173,11,302
174,11,714
175,11,656
176,11,193
177,11,745
178,11,878
179,11,146
180,11,973
181,11,921
182,11,629
183,11,124
184,11,297
185,11,306
186,11,820
187,11,21
188,11,514
189,11,744
190,11,175
191,11,564
192,11,560
193,11,642
194,11,580
195,11,970
196,11,266
197,11,881
198,11,873
199,11,336
200,11,725
201,11,531
202,11,730
203,11,229
204,11,528
205,11,13
206,11,394
207,11,265
208,11,602
209,11,534
210,11,178
211,11,667
212,11,419
213,11,80
214,11,408
215,11,20
216,11,916
217,11,772
218,11,537
219,11,418
220,11,969
221,11,333
222,11,251
223,11,364
224,11,464
225,11,233
226,11,541
227,11,856
228,11,515
229,11,227
230,11,445
231,11,27
232,11,322
233,11,438
234,11,663
235,11,219
236,11,887
237,11,12
238,11,321
239,11,310
240,11,440
241,11,590
242,11,752
243,11,850
244,11,532
245,11,451
246,11,598
247,11,653
248,11,237
249,11,318
250,11,329
251,11,1006
252,11,51
253,11,230
254,11,48
255,11,420
256,11,107
257,11,670
258,11,69
259,11,817
260,11,226
261,11,599
262,11,635
263,11,341
264,11,782
265,11,493
266,11,127
267,11,588
268,11,396
269,11,371
270,11,292
271,11,563
272,11,751
273,11,345
274,11,462
275,11,218
276,11,406
277,11,553
278,11,245
279,11,760
280,11,982
281,11,136
282,11,216
283,11,805
284,11,739
285,11,492
286,11,1004
287,11,439
288,11,837
289,11,821
290,11,784
291,11,167
292,11,693
293,11,274
294,11,469
295,11,661
296,11,342
297,11,536
298,11,120
299,11,141
300,11,303
301,11,208
302,11,41
303,11,849
304,11,185
305,11,938
306,11,621
307,11,37
308,11,305
309,11,326
310,11,883
311,11,301
312,11,315
313,11,592
314,11,551
315,11,558
316,11,119
317,11,435
318,11,657
319,11,947
320,11,212
321,11,412
322,11,498
323,11,589
324,11,8
325,11,201
326,11,331
327,11,720
328,11,235
329,11,174
330,11,458
331,11,542
332,11,1007
333,11,353
334,11,852
335,11,880
336,11,202
337,11,338
338,11,161
339,11,701
340,11,763
341,11,680
342,11,147
343,11,549
344,11,442
345,11,971
346,11,382
347,11,719
348,11,742
349,11,944
350,11,47
351,11,605
352,11,886
353,11,660
354,11,316
355,11,554
356,11,444
357,11,698
358,11,417
359,11,499
360,11,36
361,11,501
362,11,875
363,11,851
364,11,405
365,11,1008
366,11,335
367,11,429
368,11,848
369,11,643
370,11,238
371,11,923
372,11,293
373,11,694
374,11,45
375,11,826
376,11,780
377,11,86
378,11,723
379,11,165
380,11,755
381,11,904
382,11,909
383,11,519
384,11,390
385,11,207
386,11,507
387,11,758
388,11,892
389,11,385
390,11,179
391,11,874
392,11,481
393,11,625
394,11,377
395,11,349
396,11,426
397,11,722
398,11,688
399,11,363
0,12,679
1,12,501
2,12,687
3,12,373
4,12,815
5,12,954
6,12,998
7,12,646
8,12,311
9,12,654
10,12,519
11,12,533
12,12,691
13,12,782
14,12,109
15,12,618
16,12,786
17,12,690
18,12,401
19,12,689
20,12,623
21,12,354
22,12,375
23,12,212
24,12,627
25,12,787
26,12,472
27,12,349
28,12,935
29,12,174
30,12,747
31,12,299
32,12,947
33,12,574
34,12,1008
35,12,336
36,12,522
37,12,733
38,12,473
39,12,460
40,12,977
41,12,944
42,12,663
43,12,242
44,12,454
45,12,462
46,12,671
47,12,542
48,12,684
49,12,767
50,12,176
51,12,272
52,12,528
53,12,453
54,12,840
55,12,889
56,12,557
57,12,269
58,12,107
59,12,854
60,12,465
61,12,345
62,12,515
63,12,879
64,12,743
65,12,688
66,12,441
67,12,653
68,12,458
69,12,778
70,12,445
71,12,392
72,12,652
73,12,626
74,12,293
75,12,378
76,12,550
77,12,243
78,12,978
79,12,694
80,12,442
81,12,481
82,12,406
83,12,520
84,12,474
85,12,751
86,12,509
87,12,205
88,12,622
89,12,742
90,12,364
91,12,619
92,12,537
93,12,181
94,12,650
95,12,883
96,12,302
97,12,887
98,12,659
99,12,526
100,12,775
101,12,616
102,12,632
103,12,498
104,12,750
105,12,614
106,12,136
107,12,241
108,12,615
109,12,534
110,12,633
111,12,484
112,12,342
113,12,785
114,12,655
115,12,450
116,12,103
117,12,338
118,12,448
119,12,595
120,12,746
121,12,439
122,12,237
123,12,784
124,12,167
125,12,400
126,12,120
127,12,199
128,12,741
129,12,213
130,12,210
131,12,946
132,12,121
133,12,485
134,12,651
135,12,492
136,12,1010
137,12,554
138,12,20
139,12,754
140,12,211
141,12,856
142,12,541
143,12,147
144,12,204
145,12,791
146,12,711
147,12,245
148,12,115
149,12,274
150,12,571
151,12,518
152,12,499
153,12,508
154,12,398
155,12,273
156,12,418
157,12,697
158,12,814
159,12,625
160,12,303
161,12,696
162,12,565
163,12,98
164,12,404
165,12,233
166,12,468
167,12,810
168,12,529
169,12,873
170,12,494
171,12,471
172,12,436
173,12,301
174,12,714
175,12,657
176,12,161
177,12,713
178,12,878
179,12,145
180,12,1005
181,12,921
182,12,661
183,12,156
184,12,329
185,12,307
186,12,819
187,12,21
188,12,482
189,12,744
190,12,207
191,12,564
192,12,561
193,12,674
194,12,580
195,12,938
196,12,298
197,12,882
198,12,874
199,12,304
200,12,725
201,12,563
202,12,762
203,12,261
204,12,560
205,12,14
206,12,393
207,12,297
208,12,570
209,12,566
210,12,178
211,12,699
212,12,451
213,12,81
214,12,376
215,12,19
216,12,916
217,12,772
218,12,536
219,12,419
220,12,970
221,12,334
222,12,252
223,12,396
224,12,496
225,12,265
226,12,573
227,12,857
228,12,514
229,12,259
230,12,444
231,12,27
232,12,290
233,12,438
234,12,695
235,12,219
236,12,888
237,12,13
238,12,353
239,12,309
240,12,408
241,12,589
242,12,753
243,12,818
244,12,532
245,12,483
246,12,630
247,12,621
248,12,238
249,12,318
250,12,330
251,12,974
252,12,52
253,12,231
254,12,80
255,12,388
256,12,108
257,12,669
258,12,37
259,12,849
260,12,194
261,12,598
262,12,667
263,12,340
264,12,783
265,12,493
266,12,127
267,12,556
268,12,428
269,12,403
270,12,324
271,12,562
272,12,719
273,12,346
274,12,461
275,12,217
276,12,405
277,12,552
278,12,277
279,12,792
280,12,983
281,12,135
282,12,216
283,12,837
284,12,707
285,12,491
286,12,1003
287,12,440
288,12,838
289,12,820
290,12,752
291,12,168
292,12,692
293,12,306
294,12,470
295,12,662
296,12,341
297,12,535
298,12,119
299,12,173
300,12,335
301,12,240
302,12,41
303,12,850
304,12,186
305,12,906
306,12,620
307,12,36
308,12,305
309,12,325
310,12,884
311,12,333
312,12,315
313,12,592
314,12,583
315,12,590
316,12,87
317,12,434
318,12,658
319,12,948
320,12,244
321,12,412
322,12,497
323,12,588
324,12,8
325,12,200
326,12,332
327,12,721
328,12,234
329,12,175
330,12,426
331,12,510
332,12,1007
333,12,385
334,12,852
335,12,848
336,12,201
337,12,370
338,12,129
339,12,701
340,12,795
341,12,681
342,12,146
343,12,517
344,12,443
345,12,972
346,12,414
347,12,720
348,12,710
349,12,976
350,12,48
351,12,606
352,12,885
353,12,628
354,12,348
355,12,553
356,12,476
357,12,730
358,12,449
359,12,531
360,12,35
361,12,469
362,12,876
363,12,851
364,12,437
365,12,1009
366,12,367
367,12,430
368,12,847
369,12,642
370,12,206
371,12,922
372,12,294
373,12,693
374,12,45
375,12,826
376,12,781
377,12,85
378,12,724
379,12,197
380,12,723
381,12,903
382,12,908
383,12,551
384,12,422
385,12,208
386,12,539
387,12,790
388,12,892
389,12,417
390,12,179
391,12,875
392,12,513
393,12,624
394,12,409
395,12,317
396,12,394
397,12,722
398,12,656
399,12,331
0,13,680
1,13,469
2,13,688
3,13,373
4,13,783
5,13,954
6,13,999
7,13,647
8,13,311
9,13,654
10,13,551
11,13,501
12,13,692
13,13,814
14,13,110
15,13,618
16,13,786
17,13,722
18,13,400
19,13,690
20,13,622
21,13,322
22,13,407
23,13,244
24,13,626
25,13,787
26,13,473
27,13,317
28,13,934
29,13,142
30,13,715
31,13,298
32,13,948
33,13,542
34,13,1007
35,13,368
36,13,523
37,13,732
38,13,505
39,13,459
40,13,976
41,13,945
42,13,663
43,13,243
44,13,422
45,13,461
46,13,670
47,13,510
48,13,685
49,13,767
50,13,175
51,13,304
52,13,560
53,13,454
54,13,872
55,13,921
56,13,558
57,13,237
58,13,108
59,13,822
60,13,497
61,13,377
62,13,547
63,13,911
64,13,775
65,13,656
66,13,440
67,13,653
68,13,458
69,13,779
70,13,477
71,13,393
72,13,651
73,13,625
74,13,294
75,13,410
76,13,550
77,13,211
78,13,946
79,13,694
80,13,443
81,13,513
82,13,405
83,13,519
84,13,442
85,13,719
86,13,541
87,13,205
88,13,621
89,13,743
90,13,396
91,13,587
92,13,569
93,13,213
94,13,682
95,13,884
96,13,303
97,13,887
98,13,627
99,13,526
100,13,807
101,13,648
102,13,631
103,13,498
104,13,750
105,13,614
106,13,137
107,13,209
108,13,583
109,13,566
110,13,601
111,13,484
112,13,343
113,13,817
114,13,655
115,13,451
116,13,104
117,13,338
118,13,448
119,13,595
120,13,778
121,13,439
122,13,238
123,13,752
124,13,168
125,13,432
126,13,88
127,13,167
128,13,742
129,13,245
130,13,242
131,13,947
132,13,120
133,13,486
134,13,619
135,13,460
136,13,1009
137,13,586
138,13,19
139,13,755
140,13,212
141,13,855
142,13,573
143,13,115
144,13,172
145,13,792
146,13,712
147,13,277
148,13,116
149,13,273
150,13,603
151,13,518
152,13,499
153,13,507
154,13,399
155,13,241
156,13,386
157,13,698
158,13,815
159,13,624
160,13,335
161,13,664
162,13,533
163,13,98
164,13,403
165,13,234
166,13,436
167,13,809
168,13,528
169,13,841
170,13,462
171,13,503
172,13,435
173,13,269
174,13,746
175,13,658
176,13,129
177,13,714
178,13,878
179,13,144
180,13,1004
181,13,953
182,13,661
183,13,157
184,13,328
185,13,339
186,13,818
187,13,21
188,13,450
189,13,744
190,13,208
191,13,564
192,13,562
193,13,706
194,13,580
195,13,938
196,13,330
197,13,883
198,13,875
199,13,305
200,13,725
201,13,563
202,13,794
203,13,293
204,13,561
205,13,15
206,13,361
207,13,265
208,13,571
209,13,598
210,13,179
211,13,699
212,13,483
213,13,80
214,13,375
215,13,51
216,13,915
217,13,772
218,13,535
219,13,418
220,13,971
221,13,302
222,13,220
223,13,428
224,13,496
225,13,264
226,13,574
227,13,858
228,13,482
229,13,291
230,13,412
231,13,27
232,13,289
233,13,406
234,13,696
235,13,219
236,13,889
237,13,14
238,13,385
239,13,308
240,13,376
241,13,557
242,13,753
243,13,850
244,13,532
245,13,515
246,13,629
247,13,589
248,13,239
249,13,318
250,13,331
251,13,942
252,13,20
253,13,199
254,13,112
255,13,356
256,13,109
257,13,701
258,13,5
259,13,848
260,13,162
261,13,630
262,13,666
263,13,341
264,13,784
265,13,525
266,13,127
267,13,524
268,13,429
269,13,402
270,13,325
271,13,594
272,13,720
273,13,347
274,13,493
275,13,216
276,13,404
277,13,520
278,13,278
279,13,793
280,13,951
281,13,134
282,13,184
283,13,869
284,13,675
285,13,492
286,13,1002
287,13,472
288,13,839
289,13,819
290,13,751
291,13,200
292,13,660
293,13,274
294,13,471
295,13,662
296,13,309
297,13,567
298,13,118
299,13,174
300,13,336
301,13,272
302,13,41
303,13,851
304,13,187
305,13,874
306,13,652
307,13,35
308,13,306
309,13,357
310,13,885
311,13,334
312,13,315
313,13,592
314,13,584
315,13,590
316,13,119
317,13,433
318,13,659
319,13,916
320,13,276
321,13,380
322,13,529
323,13,556
324,13,8
325,13,201
326,13,333
327,13,689
328,13,202
329,13,207
330,13,394
331,13,478
332,13,1006
333,13,417
334,13,820
335,13,816
336,13,233
337,13,369
338,13,97
339,13,700
340,13,827
341,13,681
342,13,178
343,13,485
344,13,444
345,13,973
346,13,413
347,13,721
348,13,709
349,13,1008
350,13,49
351,13,606
352,13,886
353,13,596
354,13,348
355,13,585
356,13,508
357,13,731
358,13,481
359,13,531
360,13,67
361,13,468
362,13,908
363,13,852
364,13,438
365,13,977
366,13,366
367,13,398
368,13,879
369,13,610
370,13,206
371,13,922
372,13,295
373,13,693
374,13,45
375,13,826
376,13,782
377,13,84
378,13,723
379,13,229
380,13,691
381,13,902
382,13,907
383,13,552
384,13,421
385,13,240
386,13,538
387,13,791
388,13,892
389,13,449
390,13,147
391,13,876
392,13,545
393,13,623
394,13,441
395,13,285
396,13,362
397,13,754
398,13,657
399,13,299
0,14,681
1,14,437
2,14,656
3,14,405
4,14,751
5,14,954
6,14,1000
7,14,648
8,14,312
9,14,654
10,14,552
11,14,469
12,14,693
13,14,815
14,14,142
15,14,617
16,14,786
17,14,754
18,14,401
19,14,691
20,14,621
21,14,290
22,14,406
23,14,243
24,14,625
25,14,755
26,14,441
27,14,285
28,14,902
29,14,141
30,14,683
31,14,299
32,14,980
33,14,510
34,14,1007
35,14,368
36,14,524
37,14,700
38,14,537
39,14,491
40,14,977
41,14,913
42,14,664
43,14,211
44,14,390
45,14,493
46,14,669
47,14,478
48,14,686
49,14,767
50,14,175
51,14,336
52,14,560
53,14,486
54,14,904
55,14,920
56,14,559
57,14,236
58,14,109
59,14,821
60,14,496
61,14,378
62,14,579
63,14,879
64,14,775
65,14,655
66,14,472
67,14,685
68,14,459
69,14,780
70,14,509
71,14,361
72,14,650
73,14,657
74,14,295
75,14,409
76,14,549
77,14,210
78,14,945
79,14,695
80,14,475
81,14,514
82,14,404
83,14,518
84,14,410
85,14,720
86,14,573
87,14,173
88,14,653
89,14,744
90,14,396
91,14,555
92,14,568
93,14,214
94,14,714
95,14,885
96,14,302
97,14,887
98,14,627
99,14,526
100,14,808
101,14,680
102,14,599
103,14,497
104,14,750
105,14,614
106,14,137
107,14,241
108,14,551
109,14,598
110,14,569
111,14,483
112,14,311
113,14,849
114,14,623
115,14,451
116,14,105
117,14,338
118,14,448
119,14,563
120,14,777
121,14,407
122,14,239
123,14,752
124,14,136
125,14,400
126,14,87
127,14,166
128,14,743
129,14,244
130,14,274
131,14,948
132,14,88
133,14,485
134,14,619
135,14,428
136,14,1008
137,14,618
138,14,19
139,14,723
140,14,213
141,14,823
142,14,605
143,14,114
144,14,172
145,14,824
146,14,713
147,14,245
148,14,84
149,14,272
150,14,635
151,14,550
152,14,531
153,14,508
154,14,367
155,14,242
156,14,354
157,14,730
158,14,816
159,14,624
160,14,303
161,14,632
162,14,501
163,14,98
164,14,402
165,14,202
166,14,436
167,14,810
168,14,527
169,14,809
170,14,462
171,14,502
172,14,435
173,14,237
174,14,778
175,14,626
176,14,97
177,14,715
178,14,910
179,14,176
180,14,1003
181,14,921
182,14,629
183,14,189
184,14,327
185,14,340
186,14,817
187,14,22
188,14,418
189,14,712
190,14,209
191,14,564
192,14,561
193,14,738
194,14,580
195,14,938
196,14,331
197,14,884
198,14,843
199,14,305
200,14,725
201,14,562
202,14,793
203,14,325
204,14,529
205,14,16
206,14,329
207,14,297
208,14,571
209,14,597
210,14,147
211,14,667
212,14,515
213,14,48
214,14,343
215,14,51
216,14,915
217,14,772
218,14,567
219,14,419
220,14,972
221,14,301
222,14,221
223,14,429
224,14,464
225,14,264
226,14,575
227,14,858
228,14,450
229,14,323
230,14,380
231,14,27
232,14,257
233,14,374
234,14,728
235,14,219
236,14,890
237,14,15
238,14,417
239,14,307
240,14,375
241,14,558
242,14,721
243,14,851
244,14,533
245,14,547
246,14,630
247,14,588
248,14,207
249,14,318
250,14,332
251,14,943
252,14,21
253,14,200
254,14,113
255,14,355
256,14,110
257,14,733
258,14,5
259,14,847
260,14,130
261,14,662
262,14,698
263,14,373
264,14,785
265,14,557
266,14,127
267,14,525
268,14,430
269,14,434
270,14,357
271,14,594
272,14,688
273,14,348
274,14,492
275,14,215
276,14,403
277,14,519
278,14,279
279,14,825
280,14,951
281,14,133
282,14,216
283,14,869
284,14,643
285,14,460
286,14,1001
287,14,504
288,14,840
289,14,818
290,14,719
291,14,201
292,14,628
293,14,273
294,14,503
295,14,694
296,14,308
297,14,566
298,14,117
299,14,206
300,14,335
301,14,304
302,14,41
303,14,819
304,14,188
305,14,842
306,14,684
307,14,34
308,14,306
309,14,356
310,14,886
311,14,366
312,14,315
313,14,592
314,14,616
315,14,589
316,14,119
317,14,432
318,14,660
319,14,916
320,14,277
321,14,379
322,14,528
323,14,556
324,14,8
325,14,233
326,14,334
327,14,690
328,14,170
329,14,208
330,14,362
331,14,477
332,14,974
333,14,449
334,14,788
335,14,784
336,14,265
337,14,369
338,14,65
339,14,701
340,14,859
341,14,682
342,14,177
343,14,453
344,14,412
345,14,1005
346,14,445
347,14,689
348,14,708
349,14,976
350,14,50
351,14,574
352,14,854
353,14,595
354,14,349
355,14,585
356,14,540
357,14,732
358,14,482
359,14,532
360,14,99
361,14,467
362,14,909
363,14,820
364,14,439
365,14,978
366,14,398
367,14,399
368,14,878
369,14,578
370,14,205
371,14,922
372,14,263
373,14,661
374,14,45
375,14,826
376,14,783
377,14,52
378,14,722
379,14,261
380,14,659
381,14,870
382,14,906
383,14,584
384,14,422
385,14,240
386,14,570
387,14,792
388,14,892
389,14,481
390,14,148
391,14,877
392,14,546
393,14,622
394,14,442
395,14,286
396,14,330
397,14,753
398,14,658
399,14,267
0,15,681
1,15,405
2,15,657
3,15,404
4,15,719
5,15,954
6,15,1001
7,15,649
8,15,313
9,15,622
10,15,553
11,15,437
12,15,661
13,15,847
14,15,174
15,15,618
16,15,785
17,15,786
18,15,433
19,15,691
20,15,653
21,15,289
22,15,438
23,15,211
24,15,625
25,15,723
26,15,409
27,15,286
28,15,901
29,15,142
30,15,684
31,15,331
32,15,1012
33,15,478
34,15,1006
35,15,369
36,15,524
37,15,668
38,15,569
39,15,523
40,15,976
41,15,914
42,15,665
43,15,179
44,15,390
45,15,492
46,15,701
47,15,477
48,15,654
49,15,767
50,15,207
51,15,368
52,15,561
53,15,487
54,15,936
55,15,919
56,15,560
57,15,236
58,15,141
59,15,820
60,15,528
61,15,379
62,15,578
63,15,911
64,15,775
65,15,655
66,15,472
67,15,717
68,15,458
69,15,781
70,15,508
71,15,362
72,15,682
73,15,689
74,15,263
75,15,410
76,15,581
77,15,242
78,15,944
79,15,695
80,15,507
81,15,515
82,15,403
83,15,486
84,15,378
85,15,721
86,15,574
87,15,205
88,15,652
89,15,712
90,15,428
91,15,554
92,15,600
93,15,215
94,15,746
95,15,886
96,15,334
97,15,887
98,15,595
99,15,525
100,15,840
101,15,679
102,15,567
103,15,498
104,15,751
105,15,614
106,15,105
107,15,241
108,15,519
109,15,630
110,15,568
111,15,482
112,15,312
113,15,850
114,15,623
115,15,450
116,15,73
117,15,338
118,15,448
119,15,564
120,15,776
121,15,406
122,15,240
123,15,784
124,15,137
125,15,432
126,15,86
127,15,165
128,15,711
129,15,244
130,15,306
131,15,949
132,15,87
133,15,517
134,15,619
135,15,460
136,15,1007
137,15,650
138,15,19
139,15,724
140,15,214
141,15,791
142,15,606
143,15,146
144,15,173
145,15,792
146,15,745
147,15,245
148,15,85
149,15,273
150,15,667
151,15,550
152,15,532
153,15,476
154,15,366
155,15,243
156,15,322
157,15,762
158,15,848
159,15,624
160,15,302
161,15,632
162,15,469
163,15,97
164,15,401
165,15,170
166,15,436
167,15,809
168,15,526
169,15,777
170,15,462
171,15,470
172,15,434
173,15,237
174,15,778
175,15,626
176,15,65
177,15,715
178,15,942
179,15,175
180,15,1003
181,15,921
182,15,597
183,15,221
184,15,326
185,15,341
186,15,816
187,15,54
188,15,386
189,15,713
190,15,210
191,15,596
192,15,529
193,15,770
194,15,580
195,15,938
196,15,363
197,15,885
198,15,844
199,15,305
200,15,725
201,15,563
202,15,825
203,15,357
204,15,497
205,15,48
206,15,361
207,15,329
208,15,571
209,15,598
210,15,148
211,15,699
212,15,516
213,15,47
214,15,311
215,15,50
216,15,916
217,15,772
218,15,566
219,15,451
220,15,973
221,15,269
222,15,220
223,15,461
224,15,496
225,15,264
226,15,607
227,15,890
228,15,418
229,15,355
230,15,348
231,15,27
232,15,225
233,15,342
234,15,760
235,15,219
236,15,891
237,15,16
238,15,449
239,15,339
240,15,343
241,15,590
242,15,722
243,15,852
244,15,565
245,15,579
246,15,629
247,15,587
248,15,208
249,15,318
250,15,333
251,15,943
252,15,22
253,15,201
254,15,114
255,15,354
256,15,110
257,15,765
258,15,5
259,15,879
260,15,98
261,15,694
262,15,730
263,15,374
264,15,817
265,15,558
266,15,127
267,15,493
268,15,429
269,15,466
270,15,358
271,15,562
272,15,656
273,15,349
274,15,491
275,15,183
276,15,402
277,15,518
278,15,279
279,15,826
280,15,951
281,15,132
282,15,216
283,15,868
284,15,642
285,15,459
286,15,969
287,15,536
288,15,841
289,15,818
290,15,687
291,15,202
292,15,628
293,15,274
294,15,504
295,15,693
296,15,308
297,15,534
298,15,116
299,15,206
300,15,336
301,15,303
302,15,41
303,15,819
304,15,189
305,15,810
306,15,716
307,15,33
308,15,307
309,15,388
310,15,854
311,15,398
312,15,315
313,15,592
314,15,648
315,15,589
316,15,119
317,15,431
318,15,692
319,15,884
320,15,278
321,15,347
322,15,527
323,15,557
324,15,8
325,15,265
326,15,335
327,15,658
328,15,138
329,15,209
330,15,330
331,15,445
332,15,974
333,15,481
334,15,787
335,15,783
336,15,297
337,15,370
338,15,66
339,15,700
340,15,858
341,15,683
342,15,176
343,15,421
344,15,380
345,15,1005
346,15,444
347,15,690
348,15,707
349,15,1008
350,15,49
351,15,542
352,15,822
353,15,594
354,15,381
355,15,617
356,15,541
357,15,733
358,15,514
359,15,533
360,15,131
361,15,467
362,15,909
363,15,788
364,15,471
365,15,979
366,15,430
367,15,400
368,15,910
369,15,546
370,15,204
371,15,922
372,15,231
373,15,660
374,15,45
375,15,827
376,15,815
377,15,51
378,15,754
379,15,293
380,15,627
381,15,869
382,15,905
383,15,585
384,15,454
385,15,272
386,15,570
387,15,793
388,15,892
389,15,513
390,15,149
391,15,878
392,15,547
393,15,621
394,15,443
395,15,254
396,15,298
397,15,752
398,15,659
399,15,235
0,16,649
1,16,373
2,16,658
3,16,403
4,16,720
5,16,954
6,16,1002
7,16,650
8,16,312
9,16,590
10,16,554
11,16,405
12,16,629
13,16,848
14,16,175
15,16,618
16,16,785
17,16,818
18,16,465
19,16,692
20,16,652
21,16,257
22,16,437
23,16,243
24,16,624
25,16,724
26,16,377
27,16,287
28,16,901
29,16,141
30,16,685
31,16,332
32,16,1013
33,16,477
34,16,1005
35,16,369
36,16,492
37,16,669
38,16,601
39,16,523
40,16,977
41,16,915
42,16,665
43,16,178
44,16,358
45,16,491
46,16,733
47,16,445
48,16,622
49,16,767
50,16,206
51,16,400
52,16,560
53,16,487
54,16,935
55,16,887
56,16,528
57,16,235
58,16,173
59,16,819
60,16,527
61,16,380
62,16,610
63,16,879
64,16,775
65,16,654
66,16,440
67,16,749
68,16,457
69,16,781
70,16,507
71,16,330
72,16,681
73,16,688
74,16,264
75,16,442
76,16,613
77,16,242
78,16,943
79,16,695
80,16,539
81,16,547
82,16,402
83,16,454
84,16,379
85,16,689
86,16,575
87,16,237
88,16,684
89,16,713
90,16,460
91,16,522
92,16,599
93,16,216
94,16,747
95,16,854
96,16,302
97,16,886
98,16,563
99,16,524
100,16,872
101,16,678
102,16,566
103,16,466
104,16,719
105,16,614
106,16,73
107,16,209
108,16,518
109,16,662
110,16,536
111,16,450
112,16,280
113,16,850
114,16,623
115,16,451
116,16,74
117,16,306
118,16,449
119,16,565
120,16,808
121,16,438
122,16,241
123,16,784
124,16,105
125,16,431
126,16,85
127,16,197
128,16,679
129,16,212
130,16,305
131,16,981
132,16,86
133,16,516
134,16,619
135,16,461
136,16,1006
137,16,682
138,16,51
139,16,725
140,16,215
141,16,790
142,16,607
143,16,147
144,16,205
145,16,791
146,16,746
147,16,245
148,16,117
149,16,272
150,16,699
151,16,550
152,16,531
153,16,475
154,16,366
155,16,244
156,16,290
157,16,762
158,16,816
159,16,656
160,16,301
161,16,600
162,16,470
163,16,98
164,16,433
165,16,138
166,16,404
167,16,841
168,16,558
169,16,745
170,16,494
171,16,471
172,16,434
173,16,236
174,16,777
175,16,625
176,16,33
177,16,716
178,16,910
179,16,207
180,16,1003
181,16,921
182,16,596
183,16,253
184,16,294
185,16,341
186,16,815
187,16,22
188,16,354
189,16,714
190,16,211
191,16,564
192,16,497
193,16,802
194,16,580
195,16,938
196,16,362
197,16,885
198,16,845
199,16,273
200,16,757
201,16,562
202,16,825
203,16,356
204,16,498
205,16,80
206,16,393
207,16,329
208,16,571
209,16,630
210,16,149
211,16,700
212,16,548
213,16,46
214,16,310
215,16,49
216,16,916
217,16,772
218,16,598
219,16,483
220,16,974
221,16,269
222,16,188
223,16,429
224,16,496
225,16,265
226,16,639
227,16,891
228,16,386
229,16,387
230,16,316
231,16,27
232,16,193
233,16,374
234,16,792
235,16,219
236,16,892
237,16,48
238,16,481
239,16,371
240,16,342
241,16,589
242,16,690
243,16,851
244,16,533
245,16,578
246,16,628
247,16,555
248,16,240
249,16,318
250,16,334
251,16,911
252,16,23
253,16,202
254,16,146
255,16,322
256,16,142
257,16,797
258,16,5
259,16,878
260,16,66
261,16,694
262,16,731
263,16,406
264,16,849
265,16,557
266,16,127
267,16,493
268,16,428
269,16,467
270,16,357
271,16,561
272,16,657
273,16,317
274,16,490
275,16,183
276,16,370
277,16,517
278,16,311
279,16,827
280,16,951
281,16,164
282,16,184
283,16,867
284,16,642
285,16,458
286,16,968
287,16,537
288,16,842
289,16,817
290,16,655
291,16,170
292,16,627
293,16,274
294,16,505
295,16,661
296,16,340
297,16,535
298,16,115
299,16,174
300,16,368
301,16,335
302,16,41
303,16,787
304,16,221
305,16,778
306,16,748
307,16,32
308,16,308
309,16,388
310,16,822
311,16,398
312,16,315
313,16,592
314,16,680
315,16,621
316,16,119
317,16,430
318,16,693
319,16,852
320,16,279
321,16,346
322,16,526
323,16,525
324,16,8
325,16,233
326,16,336
327,16,626
328,16,137
329,16,210
330,16,298
331,16,413
332,16,942
333,16,513
334,16,788
335,16,751
336,16,297
337,16,338
338,16,67
339,16,701
340,16,857
341,16,683
342,16,208
343,16,420
344,16,348
345,16,973
346,16,476
347,16,691
348,16,706
349,16,976
350,16,81
351,16,510
352,16,821
353,16,594
354,16,381
355,16,616
356,16,573
357,16,734
358,16,546
359,16,532
360,16,163
361,16,435
362,16,941
363,16,820
364,16,472
365,16,980
366,16,462
367,16,401
368,16,909
369,16,545
370,16,204
371,16,922
372,16,199
373,16,660
374,16,45
375,16,859
376,16,783
377,16,50
378,16,786
379,16,325
380,16,595
381,16,868
382,16,904
383,16,586
384,16,453
385,16,304
386,16,569
387,16,794
388,16,924
389,16,514
390,16,181
391,16,877
392,16,579
393,16,653
394,16,444
395,16,286
396,16,266
397,16,752
398,16,659
399,16,203
0,17,617
1,17,341
2,17,659
3,17,435
4,17,721
5,17,954
6,17,1003
7,17,651
8,17,311
9,17,589
10,17,522
11,17,373
12,17,597
13,17,849
14,17,176
15,17,618
16,17,753
17,17,850
18,17,497
19,17,693
20,17,652
21,17,225
22,17,436
23,17,242
24,17,623
25,17,725
26,17,345
27,17,287
28,17,901
29,17,141
30,17,686
31,17,364
32,17,1013
33,17,445
34,17,1004
35,17,401
36,17,524
37,17,637
38,17,600
39,17,555
40,17,945
41,17,916
42,17,665
43,17,177
44,17,357
45,17,523
46,17,765
47,17,413
48,17,622
49,17,767
50,17,205
51,17,432
52,17,560
53,17,487
54,17,934
55,17,886
56,17,529
57,17,267
58,17,174
59,17,818
60,17,559
61,17,412
62,17,642
63,17,847
64,17,775
65,17,653
66,17,472
67,17,781
68,17,458
69,17,782
70,17,539
71,17,331
72,17,649
73,17,720
74,17,265
75,17,474
76,17,614
77,17,241
78,17,942
79,17,695
80,17,571
81,17,548
82,17,370
83,17,422
84,17,347
85,17,690
86,17,607
87,17,238
88,17,716
89,17,681
90,17,492
91,17,490
92,17,598
93,17,217
94,17,779
95,17,855
96,17,303
97,17,885
98,17,531
99,17,556
100,17,873
101,17,677
102,17,565
103,17,434
104,17,687
105,17,646
106,17,105
107,17,209
108,17,486
109,17,661
110,17,504
111,17,449
112,17,281
113,17,851
114,17,655
115,17,450
116,17,75
117,17,305
118,17,417
119,17,533
120,17,807
121,17,437
122,17,273
123,17,783
124,17,106
125,17,399
126,17,84
127,17,229
128,17,647
129,17,244
130,17,304
131,17,982
132,17,85
133,17,484
134,17,619
135,17,429
136,17,1005
137,17,714
138,17,50
139,17,757
140,17,216
141,17,790
142,17,639
143,17,146
144,17,173
145,17,791
146,17,747
147,17,277
148,17,118
149,17,240
150,17,731
151,17,550
152,17,532
153,17,443
154,17,366
155,17,245
156,17,291
157,17,794
158,17,784
159,17,688
160,17,269
161,17,568
162,17,438
163,17,98
164,17,465
165,17,137
166,17,405
167,17,840
168,17,590
169,17,777
170,17,494
171,17,471
172,17,433
173,17,235
174,17,809
175,17,624
176,17,1
177,17,717
178,17,878
179,17,206
180,17,971
181,17,921
182,17,595
183,17,285
184,17,293
185,17,342
186,17,814
187,17,21
188,17,322
189,17,713
190,17,243
191,17,596
192,17,496
193,17,834
194,17,612
195,17,938
196,17,394
197,17,884
198,17,813
199,17,274
200,17,758
201,17,563
202,17,857
203,17,388
204,17,466
205,17,112
206,17,392
207,17,361
208,17,570
209,17,630
210,17,150
211,17,699
212,17,549
213,17,45
214,17,278
215,17,48
216,17,948
217,17,772
218,17,566
219,17,515
220,17,974
221,17,237
222,17,156
223,17,430
224,17,528
225,17,297
226,17,671
227,17,923
228,17,354
229,17,386
230,17,284
231,17,27
232,17,161
233,17,375
234,17,824
235,17,219
236,17,893
237,17,80
238,17,513
239,17,371
240,17,310
241,17,557
242,17,691
243,17,852
244,17,534
245,17,610
246,17,627
247,17,554
248,17,208
249,17,350
250,17,302
251,17,912
252,17,24
253,17,203
254,17,114
255,17,290
256,17,142
257,17,829
258,17,5
259,17,877
260,17,34
261,17,662
262,17,763
263,17,407
264,17,817
265,17,525
266,17,127
267,17,493
268,17,396
269,17,499
270,17,325
271,17,561
272,17,625
273,17,318
274,17,489
275,17,215
276,17,369
277,17,516
278,17,343
279,17,828
280,17,951
281,17,163
282,17,184
283,17,866
284,17,643
285,17,426
286,17,936
287,17,569
288,17,842
289,17,816
290,17,656
291,17,202
292,17,626
293,17,306
294,17,506
295,17,629
296,17,339
297,17,535
298,17,147
299,17,175
300,17,367
301,17,334
302,17,41
303,17,755
304,17,253
305,17,746
306,17,780
307,17,64
308,17,309
309,17,420
310,17,822
311,17,398
312,17,315
313,17,592
314,17,712
315,17,621
316,17,119
317,17,462
318,17,694
319,17,820
320,17,280
321,17,378
322,17,558
323,17,526
324,17,8
325,17,201
326,17,368
327,17,658
328,17,136
329,17,211
330,17,266
331,17,381
332,17,910
333,17,514
334,17,788
335,17,719
336,17,329
337,17,338
338,17,68
339,17,701
340,17,856
341,17,684
342,17,207
343,17,419
344,17,316
345,17,973
346,17,508
347,17,692
348,17,738
349,17,976
350,17,113
351,17,509
352,17,821
353,17,562
354,17,380
355,17,648
356,17,605
357,17,735
358,17,547
359,17,564
360,17,195
361,17,467
362,17,941
363,17,819
364,17,473
365,17,981
366,17,461
367,17,402
368,17,908
369,17,545
370,17,172
371,17,922
372,17,167
373,17,628
374,17,13
375,17,827
376,17,751
377,17,49
378,17,785
379,17,324
380,17,594
381,17,867
382,17,903
383,17,587
384,17,485
385,17,336
386,17,601
387,17,795
388,17,892
389,17,546
390,17,213
391,17,909
392,17,580
393,17,685
394,17,476
395,17,286
396,17,234
397,17,752
398,17,660
399,17,204
0,18,585
1,18,309
2,18,659
3,18,467
4,18,722
5,18,954
6,18,971
7,18,652
8,18,311
9,18,557
10,18,490
11,18,341
12,18,565
13,18,850
14,18,177
15,18,618
16,18,753
17,18,882
18,18,496
19,18,661
20,18,684
21,18,193
22,18,435
23,18,210
24,18,622
25,18,725
26,18,313
27,18,287
28,18,901
29,18,142
30,18,687
31,18,332
32,18,1013
33,18,413
34,18,1003
35,18,402
36,18,523
37,18,638
38,18,599
39,18,587
40,18,944
41,18,884
42,18,665
43,18,209
44,18,325
45,18,555
46,18,797
47,18,381
48,18,654
49,18,766
50,18,237
51,18,464
52,18,592
53,18,487
54,18,933
55,18,854
56,18,497
57,18,266
58,18,175
59,18,817
60,18,558
61,18,412
62,18,674
63,18,847
64,18,775
65,18,621
66,18,471
67,18,813
68,18,459
69,18,781
70,18,538
71,18,363
72,18,649
73,18,721
74,18,233
75,18,506
76,18,614
77,18,241
78,18,941
79,18,695
80,18,603
81,18,580
82,18,369
83,18,390
84,18,315
85,18,691
86,18,639
87,18,206
88,18,748
89,18,682
90,18,524
91,18,458
92,18,630
93,18,218
94,18,780
95,18,887
96,18,302
97,18,886
98,18,499
99,18,556
100,18,874
101,18,709
102,18,564
103,18,433
104,18,688
105,18,646
106,18,137
107,18,208
108,18,454
109,18,660
110,18,472
111,18,449
112,18,249
113,18,819
114,18,623
115,18,450
116,18,76
117,18,273
118,18,385
119,18,534
120,18,806
121,18,436
122,18,274
123,18,751
124,18,107
125,18,399
126,18,52
127,18,261
128,18,615
129,18,212
130,18,303
131,18,983
132,18,84
133,18,516
134,18,619
135,18,430
136,18,1004
137,18,715
138,18,49
139,18,757
140,18,217
141,18,822
142,18,671
143,18,178
144,18,173
145,18,791
146,18,779
147,18,245
148,18,119
149,18,240
150,18,763
151,18,550
152,18,533
153,18,444
154,18,367
155,18,246
156,18,292
157,18,793
158,18,752
159,18,689
160,18,269
161,18,536
162,18,406
163,18,98
164,18,465
165,18,136
166,18,373
167,18,839
168,18,589
169,18,778
170,18,526
171,18,439
172,18,401
173,18,235
174,18,808
175,18,656
176,18,2
177,18,749
178,18,878
179,18,205
180,18,972
181,18,921
182,18,594
183,18,317
184,18,293
185,18,374
186,18,782
187,18,20
188,18,290
189,18,712
190,18,244
191,18,596
192,18,528
193,18,866
194,18,613
195,18,938
196,18,394
197,18,885
198,18,814
199,18,306
200,18,790
201,18,595
202,18,889
203,18,387
204,18,434
205,18,113
206,18,424
207,18,361
208,18,571
209,18,629
210,18,151
211,18,667
212,18,581
213,18,44
214,18,277
215,18,47
216,18,916
217,18,772
218,18,566
219,18,547
220,18,942
221,18,238
222,18,156
223,18,462
224,18,529
225,18,329
226,18,670
227,18,955
228,18,322
229,18,418
230,18,252
231,18,27
232,18,129
233,18,376
234,18,825
235,18,219
236,18,861
237,18,112
238,18,514
239,18,371
240,18,278
241,18,525
242,18,692
243,18,852
244,18,502
245,18,642
246,18,626
247,18,522
248,18,176
249,18,318
250,18,334
251,18,913
252,18,56
253,18,204
254,18,115
255,18,289
256,18,174
257,18,828
258,18,5
259,18,909
260,18,34
261,18,662
262,18,762
263,18,408
264,18,849
265,18,493
266,18,127
267,18,461
268,18,364
269,18,498
270,18,326
271,18,560
272,18,657
273,18,286
274,18,521
275,18,215
276,18,368
277,18,515
278,18,375
279,18,796
280,18,951
281,18,195
282,18,216
283,18,867
284,18,643
285,18,426
286,18,935
287,18,601
288,18,842
289,18,815
290,18,655
291,18,203
292,18,625
293,18,305
294,18,507
295,18,597
296,18,307
297,18,535
298,18,146
299,18,207
300,18,335
301,18,366
302,18,41
303,18,723
304,18,285
305,18,714
306,18,812
307,18,96
308,18,310
309,18,388
310,18,823
311,18,398
312,18,316
313,18,624
314,18,744
315,18,620
316,18,87
317,18,494
318,18,694
319,18,820
320,18,312
321,18,410
322,18,590
323,18,527
324,18,8
325,18,200
326,18,400
327,18,658
328,18,135
329,18,243
330,18,234
331,18,349
332,18,911
333,18,546
334,18,788
335,18,719
336,18,328
337,18,338
338,18,69
339,18,701
340,18,855
341,18,685
342,18,239
343,18,420
344,18,284
345,18,1005
346,18,540
347,18,693
348,18,737
349,18,976
350,18,114
351,18,477
352,18,821
353,18,561
354,18,379
355,18,680
356,18,637
357,18,767
358,18,548
359,18,532
360,18,227
361,18,466
362,18,973
363,18,787
364,18,505
365,18,982
366,18,460
367,18,370
368,18,907
369,18,513
370,18,140
371,18,922
372,18,168
373,18,627
374,18,45
375,18,826
376,18,750
377,18,48
378,18,785
379,18,356
380,18,562
381,18,835
382,18,902
383,18,588
384,18,486
385,18,336
386,18,600
387,18,827
388,18,892
389,18,578
390,18,214
391,18,910
392,18,612
393,18,717
394,18,508
395,18,254
396,18,202
397,18,720
398,18,628
399,18,236
0,19,553
1,19,309
2,19,660
3,19,466
4,19,723
5,19,954
6,19,972
7,19,653
8,19,312
9,19,525
10,19,489
11,19,340
12,19,533
13,19,818
14,19,178
15,19,618
16,19,785
17,19,914
18,19,528
19,19,662
20,19,716
21,19,161
22,19,467
23,19,209
24,19,590
25,19,725
26,19,281
27,19,287
28,19,901
29,19,142
30,19,655
31,19,364
32,19,1013
33,19,414
34,19,1002
35,19,403
36,19,524
37,19,606
38,19,598
39,19,619
40,19,944
41,19,885
42,19,665
43,19,177
44,19,293
45,19,587
46,19,796
47,19,349
48,19,622
49,19,767
50,19,269
51,19,496
52,19,592
53,19,519
54,19,933
55,19,822
56,19,498
57,19,266
58,19,176
59,19,816
60,19,557
61,19,413
62,19,706
63,19,847
64,19,775
65,19,621
66,19,470
67,19,845
68,19,491
69,19,749
70,19,570
71,19,331
72,19,649
73,19,753
74,19,234
75,19,506
76,19,615
77,19,242
78,19,940
79,19,663
80,19,635
81,19,612
82,19,368
83,19,358
84,19,283
85,19,659
86,19,671
87,19,206
88,19,780
89,19,683
90,19,556
91,19,426
92,19,631
93,19,219
94,19,781
95,19,919
96,19,303
97,19,854
98,19,531
99,19,555
100,19,875
101,19,708
102,19,563
103,19,432
104,19,689
105,19,614
106,19,137
107,19,240
108,19,422
109,19,692
110,19,440
111,19,449
112,19,217
113,19,819
114,19,624
115,19,451
116,19,77
117,19,241
118,19,353
119,19,535
120,19,805
121,19,435
122,19,306
123,19,719
124,19,108
125,19,399
126,19,51
127,19,229
128,19,583
129,19,211
130,19,304
131,19,984
132,19,52
133,19,517
134,19,651
135,19,431
136,19,1003
137,19,747
138,19,48
139,19,757
140,19,218
141,19,790
142,19,670
143,19,146
144,19,173
145,19,792
146,19,811
147,19,277
148,19,120
149,19,239
150,19,763
151,19,550
152,19,534
153,19,412
154,19,335
155,19,278
156,19,260
157,19,825
158,19,752
159,19,721
160,19,301
161,19,504
162,19,374
163,19,98
164,19,433
165,19,135
166,19,341
167,19,838
168,19,588
169,19,779
170,19,494
171,19,471
172,19,369
173,19,203
174,19,807
175,19,688
176,19,3
177,19,750
178,19,878
179,19,204
180,19,1004
181,19,921
182,19,594
183,19,318
184,19,261
185,19,373
186,19,814
187,19,20
188,19,289
189,19,711
190,19,245
191,19,564
192,19,529
193,19,867
194,19,581
195,19,938
196,19,362
197,19,886
198,19,815
199,19,307
200,19,791
201,19,595
202,19,888
203,19,419
204,19,434
205,19,114
206,19,423
207,19,329
208,19,571
209,19,661
210,19,183
211,19,667
212,19,580
213,19,43
214,19,276
215,19,46
216,19,916
217,19,772
218,19,566
219,19,579
220,19,943
221,19,238
222,19,156
223,19,462
224,19,561
225,19,328
226,19,669
227,19,987
228,19,290
229,19,450
230,19,251
231,19,27
232,19,97
233,19,377
234,19,857
235,19,187
236,19,829
237,19,113
238,19,546
239,19,370
240,19,310
241,19,526
242,19,693
243,19,852
244,19,501
245,19,674
246,19,625
247,19,490
248,19,144
249,19,350
250,19,302
251,19,945
252,19,88
253,19,172
254,19,116
255,19,257
256,19,175
257,19,827
258,19,5
259,19,908
260,19,34
261,19,630
262,19,762
263,19,409
264,19,850
265,19,461
266,19,127
267,19,429
268,19,363
269,19,499
270,19,326
271,19,559
272,19,658
273,19,254
274,19,520
275,19,214
276,19,367
277,19,514
278,19,407
279,19,795
280,19,951
281,19,227
282,19,216
283,19,868
284,19,642
285,19,394
286,19,934
287,19,633
288,19,842
289,19,783
290,19,623
291,19,171
292,19,657
293,19,273
294,19,508
295,19,597
296,19,339
297,19,503
298,19,145
299,19,208
300,19,334
301,19,398
302,19,41
303,19,724
304,19,286
305,19,682
306,19,813
307,19,96
308,19,311
309,19,420
310,19,823
311,19,430
312,19,315
313,19,656
314,19,776
315,19,652
316,19,119
317,19,493
318,19,695
319,19,820
320,19,344
321,19,442
322,19,589
323,19,527
324,19,8
325,19,168
326,19,401
327,19,626
328,19,134
329,19,244
330,19,202
331,19,317
332,19,912
333,19,578
334,19,788
335,19,687
336,19,327
337,19,338
338,19,70
339,19,701
340,19,887
341,19,686
342,19,207
343,19,421
344,19,252
345,19,1005
346,19,539
347,19,694
348,19,737
349,19,976
350,19,115
351,19,445
352,19,821
353,19,560
354,19,378
355,19,679
356,19,637
357,19,799
358,19,549
359,19,532
360,19,259
361,19,465
362,19,974
363,19,755
364,19,537
365,19,983
366,19,459
367,19,402
368,19,906
369,19,481
370,19,139
371,19,922
372,19,136
373,19,627
374,19,45
375,19,826
376,19,751
377,19,47
378,19,817
379,19,388
380,19,562
381,19,803
382,19,870
383,19,620
384,19,487
385,19,336
386,19,568
387,19,859
388,19,892
389,19,610
390,19,246
391,19,911
392,19,613
393,19,717
394,19,509
395,19,255
396,19,170
397,19,720
398,19,629
399,19,237
0,20,521
1,20,341
2,20,661
3,20,498
4,20,691
5,20,954
6,20,1004
7,20,654
8,20,313
9,20,493
10,20,489
11,20,339
12,20,501
13,20,786
14,20,210
15,20,618
16,20,784
17,20,946
18,20,527
19,20,663
20,20,715
21,20,129
22,20,466
23,20,208
24,20,590
25,20,725
26,20,249
27,20,286
28,20,901
29,20,142
30,20,623
31,20,396
32,20,1013
33,20,382
34,20,1001
35,20,371
36,20,524
37,20,574
38,20,630
39,20,651
40,20,945
41,20,886
42,20,697
43,20,209
44,20,292
45,20,619
46,20,828
47,20,348
48,20,622
49,20,767
50,20,301
51,20,528
52,20,592
53,20,518
54,20,932
55,20,821
56,20,499
57,20,266
58,20,177
59,20,815
60,20,556
61,20,412
62,20,738
63,20,847
64,20,775
65,20,589
66,20,469
67,20,877
68,20,459
69,20,781
70,20,602
71,20,299
72,20,649
73,20,785
74,20,202
75,20,506
76,20,616
77,20,241
78,20,939
79,20,664
80,20,667
81,20,613
82,20,367
83,20,357
84,20,283
85,20,660
86,20,670
87,20,174
88,20,812
89,20,684
90,20,555
91,20,394
92,20,631
93,20,219
94,20,813
95,20,920
96,20,304
97,20,854
98,20,532
99,20,554
100,20,876
101,20,707
102,20,562
103,20,431
104,20,690
105,20,614
106,20,137
107,20,272
108,20,390
109,20,692
110,20,408
111,20,448
112,20,185
113,20,819
114,20,625
115,20,450
116,20,78
117,20,240
118,20,321
119,20,536
120,20,804
121,20,435
122,20,307
123,20,720
124,20,109
125,20,398
126,20,50
127,20,261
128,20,584
129,20,243
130,20,336
131,20,985
132,20,51
133,20,517
134,20,683
135,20,399
136,20,1002
137,20,779
138,20,47
139,20,757
140,20,250
141,20,758
142,20,638
143,20,146
144,20,205
145,20,760
146,20,811
147,20,276
148,20,121
149,20,238
150,20,795
151,20,551
152,20,534
153,20,380
154,20,303
155,20,310
156,20,228
157,20,857
158,20,753
159,20,721
160,20,302
161,20,504
162,20,375
163,20,98
164,20,433
165,20,134
166,20,342
167,20,806
168,20,620
169,20,780
170,20,526
171,20,472
172,20,368
173,20,235
174,20,839
175,20,689
176,20,4
177,20,751
178,20,878
179,20,203
180,20,1003
181,20,921
182,20,594
183,20,350
184,20,260
185,20,405
186,20,814
187,20,20
188,20,257
189,20,743
190,20,277
191,20,563
192,20,497
193,20,868
194,20,580
195,20,938
196,20,330
197,20,887
198,20,783
199,20,308
200,20,792
201,20,627
202,20,888
203,20,451
204,20,434
205,20,115
206,20,422
207,20,297
208,20,570
209,20,693
210,20,184
211,20,666
212,20,579
213,20,42
214,20,244
215,20,45
216,20,916
217,20,772
218,20,566
219,20,547
220,20,944
221,20,206
222,20,156
223,20,494
224,20,529
225,20,327
226,20,701
227,20,988
228,20,291
229,20,482
230,20,251
231,20,27
232,20,65
233,20,345
234,20,889
235,20,187
236,20,797
237,20,114
238,20,578
239,20,369
240,20,309
241,20,525
242,20,694
243,20,884
244,20,502
245,20,706
246,20,657
247,20,490
248,20,112
249,20,351
250,20,334
251,20,977
252,20,89
253,20,173
254,20,148
255,20,225
256,20,207
257,20,859
258,20,5
259,20,940
260,20,34
261,20,629
262,20,763
263,20,441
264,20,851
265,20,429
266,20,127
267,20,428
268,20,331
269,20,531
270,20,358
271,20,558
272,20,659
273,20,255
274,20,519
275,20,214
276,20,366
277,20,513
278,20,439
279,20,796
280,20,951
281,20,227
282,20,216
283,20,869
284,20,643
285,20,362
286,20,933
287,20,665
288,20,842
289,20,782
290,20,624
291,20,171
292,20,656
293,20,273
294,20,509
295,20,598
296,20,338
297,20,535
298,20,145
299,20,176
300,20,333
301,20,430
302,20,41
303,20,724
304,20,318
305,20,650
306,20,845
307,20,97
308,20,312
309,20,419
310,20,822
311,20,462
312,20,315
313,20,655
314,20,808
315,20,653
316,20,119
317,20,492
318,20,696
319,20,852
320,20,376
321,20,474
322,20,588
323,20,559
324,20,8
325,20,167
326,20,402
327,20,658
328,20,133
329,20,245
330,20,170
331,20,285
332,20,913
333,20,610
334,20,788
335,20,688
336,20,326
337,20,306
338,20,70
339,20,700
340,20,919
341,20,687
342,20,239
343,20,420
344,20,220
345,20,1005
346,20,571
347,20,695
348,20,737
349,20,976
350,20,116
351,20,413
352,20,820
353,20,560
354,20,410
355,20,678
356,20,669
357,20,799
358,20,550
359,20,564
360,20,259
361,20,464
362,20,942
363,20,723
364,20,569
365,20,984
366,20,458
367,20,370
368,20,874
369,20,449
370,20,107
371,20,922
372,20,104
373,20,626
374,20,13
375,20,826
376,20,719
377,20,46
378,20,849
379,20,387
380,20,561
381,20,771
382,20,838
383,20,621
384,20,487
385,20,335
386,20,568
387,20,858
388,20,892
389,20,642
390,20,278
391,20,912
392,20,645
393,20,749
394,20,541
395,20,287
396,20,138
397,20,752
398,20,597
399,20,237
0,21,489
1,21,340
2,21,662
3,21,497
4,21,692
5,21,954
6,21,1005
7,21,655
8,21,312
9,21,461
10,21,490
11,21,338
12,21,469
13,21,786
14,21,211
15,21,586
16,21,784
17,21,978
18,21,528
19,21,631
20,21,714
21,21,97
22,21,498
23,21,240
24,21,589
25,21,693
26,21,217
27,21,254
28,21,901
29,21,142
30,21,622
31,21,364
32,21,1013
33,21,381
34,21,1000
35,21,371
36,21,492
37,21,542
38,21,629
39,21,683
40,21,946
41,21,887
42,21,665
43,21,209
44,21,260
45,21,651
46,21,827
47,21,347
48,21,654
49,21,767
50,21,333
51,21,529
52,21,560
53,21,486
54,21,931
55,21,820
56,21,531
57,21,266
58,21,178
59,21,814
60,21,588
61,21,444
62,21,770
63,21,847
64,21,775
65,21,557
66,21,468
67,21,909
68,21,460
69,21,749
70,21,601
71,21,298
72,21,649
73,21,817
74,21,203
75,21,507
76,21,616
77,21,241
78,21,938
79,21,696
80,21,699
81,21,645
82,21,366
83,21,325
84,21,283
85,21,661
86,21,669
87,21,175
88,21,844
89,21,685
90,21,587
91,21,362
92,21,630
93,21,220
94,21,845
95,21,919
96,21,305
97,21,886
98,21,533
99,21,553
100,21,908
101,21,706
102,21,594
103,21,430
104,21,691
105,21,614
106,21,137
107,21,304
108,21,358
109,21,660
110,21,407
111,21,449
112,21,153
113,21,851
114,21,624
115,21,450
116,21,46
117,21,239
118,21,289
119,21,537
120,21,836
121,21,434
122,21,339
123,21,719
124,21,110
125,21,398
126,21,49
127,21,293
128,21,552
129,21,242
130,21,368
131,21,953
132,21,50
133,21,517
134,21,684
135,21,400
136,21,1001
137,21,811
138,21,15
139,21,725
140,21,250
141,21,757
142,21,639
143,21,114
144,21,205
145,21,728
146,21,812
147,21,244
148,21,122
149,21,206
150,21,795
151,21,583
152,21,535
153,21,348
154,21,302
155,21,342
156,21,229
157,21,889
158,21,721
159,21,722
160,21,301
161,21,504
162,21,376
163,21,98
164,21,433
165,21,133
166,21,341
167,21,806
168,21,652
169,21,780
170,21,525
171,21,473
172,21,367
173,21,234
174,21,838
175,21,690
176,21,36
177,21,752
178,21,878
179,21,235
180,21,1003
181,21,921
182,21,595
183,21,382
184,21,261
185,21,437
186,21,813
187,21,20
188,21,256
189,21,743
190,21,309
191,21,564
192,21,465
193,21,900
194,21,580
195,21,970
196,21,329
197,21,888
198,21,751
199,21,276
200,21,760
201,21,626
202,21,920
203,21,483
204,21,402
205,21,116
206,21,454
207,21,265
208,21,571
209,21,694
210,21,185
211,21,667
212,21,578
213,21,74
214,21,243
215,21,44
216,21,916
217,21,772
218,21,566
219,21,579
220,21,945
221,21,174
222,21,156
223,21,526
224,21,561
225,21,326
226,21,733
227,21,1020
228,21,292
229,21,514
230,21,251
231,21,27
232,21,33
233,21,313
234,21,890
235,21,219
236,21,765
237,21,115
238,21,610
239,21,369
240,21,308
241,21,493
242,21,695
243,21,885
244,21,534
245,21,738
246,21,689
247,21,458
248,21,112
249,21,319
250,21,335
251,21,1009
252,21,121
253,21,173
254,21,148
255,21,193
256,21,208
257,21,858
258,21,5
259,21,972
260,21,34
261,21,628
262,21,763
263,21,442
264,21,852
265,21,429
266,21,127
267,21,396
268,21,299
269,21,563
270,21,357
271,21,558
272,21,627
273,21,223
274,21,518
275,21,214
276,21,334
277,21,545
278,21,471
279,21,797
280,21,952
281,21,259
282,21,216
283,21,869
284,21,643
285,21,330
286,21,932
287,21,664
288,21,810
289,21,781
290,21,592
291,21,170
292,21,657
293,21,272
294,21,541
295,21,599
296,21,306
297,21,503
298,21,177
299,21,144
300,21,332
301,21,462
302,21,41
303,21,724
304,21,350
305,21,618
306,21,877
307,21,96
308,21,344
309,21,420
310,21,790
311,21,494
312,21,315
313,21,623
314,21,807
315,21,653
316,21,119
317,21,491
318,21,697
319,21,884
320,21,408
321,21,506
322,21,620
323,21,527
324,21,8
325,21,166
326,21,403
327,21,658
328,21,132
329,21,277
330,21,138
331,21,285
332,21,914
333,21,642
334,21,788
335,21,656
336,21,294
337,21,274
338,21,70
339,21,700
340,21,951
341,21,688
342,21,207
343,21,388
344,21,188
345,21,973
346,21,603
347,21,663
348,21,737
349,21,976
350,21,117
351,21,414
352,21,819
353,21,559
354,21,410
355,21,677
356,21,701
357,21,799
358,21,551
359,21,532
360,21,291
361,21,463
362,21,943
363,21,723
364,21,570
365,21,985
366,21,457
367,21,370
368,21,842
369,21,417
370,21,107
371,21,922
372,21,105
373,21,625
374,21,13
375,21,825
376,21,687
377,21,45
378,21,849
379,21,419
380,21,562
381,21,739
382,21,837
383,21,621
384,21,519
385,21,336
386,21,568
387,21,826
388,21,892
389,21,674
390,21,310
391,21,913
392,21,646
393,21,748
394,21,573
395,21,286
396,21,106
397,21,720
398,21,598
399,21,238
0,22,490
1,22,308
2,22,663
3,22,529
4,22,693
5,22,954
6,22,1006
7,22,687
8,22,312
9,22,460
10,22,522
11,22,306
12,22,470
13,22,786
14,22,243
15,22,585
16,22,784
17,22,1010
18,22,527
19,22,599
20,22,713
21,22,96
22,22,497
23,22,239
24,22,588
25,22,661
26,22,185
27,22,255
28,22,902
29,22,110
30,22,590
31,22,363
32,22,1013
33,22,349
34,22,999
35,22,339
36,22,493
37,22,510
38,22,628
39,22,715
40,22,945
41,22,888
42,22,666
43,22,177
44,22,259
45,22,650
46,22,859
47,22,346
48,22,622
49,22,767
50,22,332
51,22,528
52,22,592
53,22,487
54,22,963
55,22,819
56,22,532
57,22,266
58,22,210
59,22,813
60,22,620
61,22,476
62,22,802
63,22,847
64,22,775
65,22,556
66,22,467
67,22,941
68,22,428
69,22,749
70,22,600
71,22,299
72,22,649
73,22,849
74,22,204
75,22,506
76,22,616
77,22,240
78,22,906
79,22,664
80,22,731
81,22,646
82,22,334
83,22,293
84,22,283
85,22,662
86,22,701
87,22,176
88,22,876
89,22,686
90,22,619
91,22,330
92,22,629
93,22,220
94,22,877
95,22,887
96,22,304
97,22,854
98,22,501
99,22,553
100,22,909
101,22,738
102,22,562
103,22,430
104,22,692
105,22,614
106,22,137
107,22,303
108,22,326
109,22,659
110,22,375
111,22,449
112,22,154
113,22,852
114,22,625
115,22,450
116,22,47
117,22,238
118,22,257
119,22,538
120,22,868
121,22,434
122,22,340
123,22,751
124,22,78
125,22,398
126,22,48
127,22,292
128,22,520
129,22,241
130,22,400
131,22,985
132,22,49
133,22,516
134,22,683
135,22,399
136,22,1000
137,22,843
138,22,14
139,22,725
140,22,250
141,22,757
142,22,607
143,22,114
144,22,173
145,22,727
146,22,812
147,22,245
148,22,123
149,22,205
150,22,827
151,22,583
152,22,534
153,22,316
154,22,301
155,22,374
156,22,197
157,22,921
158,22,689
159,22,754
160,22,269
161,22,504
162,22,344
163,22,98
164,22,401
165,22,101
166,22,342
167,22,838
168,22,684
169,22,748
170,22,525
171,22,473
172,22,366
173,22,233
174,22,837
175,22,722
176,22,37
177,22,753
178,22,910
179,22,234
180,22,1003
181,22,920
182,22,594
183,22,381
184,22,261
185,22,469
186,22,845
187,22,20
188,22,256
189,22,743
190,22,341
191,22,563
192,22,433
193,22,901
194,22,580
195,22,938
196,22,361
197,22,889
198,22,752
199,22,277
200,22,728
201,22,658
202,22,919
203,22,515
204,22,370
205,22,117
206,22,453
207,22,265
208,22,571
209,22,694
210,22,186
211,22,667
212,22,610
213,22,73
214,22,244
215,22,43
216,22,916
217,22,772
218,22,565
219,22,578
220,22,977
221,22,142
222,22,156
223,22,558
224,22,560
225,22,325
226,22,734
227,22,1020
228,22,260
229,22,546
230,22,251
231,22,27
232,22,1
233,22,281
234,22,891
235,22,219
236,22,733
237,22,116
238,22,642
239,22,368
240,22,307
241,22,494
242,22,696
243,22,886
244,22,533
245,22,770
246,22,688
247,22,426
248,22,112
249,22,318
250,22,367
251,22,1009
252,22,122
253,22,174
254,22,148
255,22,161
256,22,209
257,22,890
258,22,5
259,22,971
260,22,34
261,22,627
262,22,763
263,22,443
264,22,820
265,22,429
266,22,127
267,22,364
268,22,267
269,22,531
270,22,358
271,22,557
272,22,595
273,22,223
274,22,517
275,22,214
276,22,333
277,22,545
278,22,503
279,22,797
280,22,951
281,22,291
282,22,216
283,22,869
284,22,643
285,22,298
286,22,931
287,22,665
288,22,809
289,22,780
290,22,624
291,22,202
292,22,656
293,22,272
294,22,541
295,22,598
296,22,305
297,22,535
298,22,145
299,22,144
300,22,331
301,22,461
302,22,41
303,22,724
304,22,350
305,22,586
306,22,878
307,22,64
308,22,345
309,22,420
310,22,758
311,22,462
312,22,315
313,22,623
314,22,806
315,22,685
316,22,119
317,22,459
318,22,698
319,22,885
320,22,440
321,22,505
322,22,652
323,22,526
324,22,8
325,22,165
326,22,404
327,22,690
328,22,132
329,22,278
330,22,106
331,22,285
332,22,915
333,22,674
334,22,788
335,22,655
336,22,294
337,22,273
338,22,70
339,22,732
340,22,983
341,22,720
342,22,208
343,22,356
344,22,187
345,22,1005
346,22,635
347,22,631
348,22,737
349,22,976
350,22,149
351,22,382
352,22,851
353,22,559
354,22,442
355,22,709
356,22,700
357,22,799
358,22,552
359,22,564
360,22,323
361,22,463
362,22,944
363,22,691
364,22,602
365,22,986
366,22,489
367,22,371
368,22,810
369,22,385
370,22,107
371,22,922
372,22,105
373,22,657
374,22,45
375,22,825
376,22,719
377,22,44
378,22,848
379,22,451
380,22,561
381,22,707
382,22,836
383,22,621
384,22,551
385,22,336
386,22,568
387,22,826
388,22,892
389,22,706
390,22,311
391,22,914
392,22,678
393,22,747
394,22,605
395,22,286
396,22,74
397,22,721
398,22,566
399,22,206
0,23,458
1,23,276
2,23,631
3,23,528
4,23,661
5,23,954
6,23,1006
7,23,655
8,23,311
9,23,460
10,23,523
11,23,274
12,23,471
13,23,818
14,23,244
15,23,586
16,23,784
17,23,1009
18,23,559
19,23,567
20,23,712
21,23,64
22,23,529
23,23,238
24,23,620
25,23,629
26,23,153
27,23,287
28,23,934
29,23,142
30,23,589
31,23,331
32,23,1013
33,23,317
34,23,998
35,23,307
36,23,494
37,23,509
38,23,627
39,23,715
40,23,944
41,23,889
42,23,665
43,23,176
44,23,227
45,23,682
46,23,858
47,23,345
48,23,654
49,23,767
50,23,364
51,23,560
52,23,624
53,23,487
54,23,931
55,23,851
56,23,533
57,23,267
58,23,211
59,23,812
60,23,652
61,23,476
62,23,834
63,23,847
64,23,775
65,23,555
66,23,466
67,23,909
68,23,429
69,23,781
70,23,632
71,23,299
72,23,649
73,23,881
74,23,205
75,23,506
76,23,616
77,23,239
78,23,874
79,23,663
80,23,763
81,23,678
82,23,333
83,23,292
84,23,283
85,23,630
86,23,700
87,23,144
88,23,908
89,23,686
90,23,651
91,23,298
92,23,628
93,23,220
94,23,878
95,23,919
96,23,272
97,23,854
98,23,501
99,23,585
100,23,910
101,23,770
102,23,562
103,23,462
104,23,693
105,23,614
106,23,137
107,23,302
108,23,327
109,23,691
110,23,343
111,23,449
112,23,155
113,23,852
114,23,657
115,23,450
116,23,48
117,23,206
118,23,225
119,23,539
120,23,868
121,23,433
122,23,341
123,23,750
124,23,110
125,23,366
126,23,16
127,23,324
128,23,520
129,23,240
130,23,432
131,23,985
132,23,49
133,23,517
134,23,683
135,23,400
136,23,968
137,23,875
138,23,13
139,23,725
140,23,250
141,23,757
142,23,607
143,23,114
144,23,141
145,23,695
146,23,844
147,23,245
148,23,91
149,23,173
150,23,827
151,23,615
152,23,535
153,23,316
154,23,269
155,23,406
156,23,165
157,23,953
158,23,690
159,23,786
160,23,237
161,23,504
162,23,312
163,23,98
164,23,369
165,23,100
166,23,342
167,23,838
168,23,716
169,23,749
170,23,525
171,23,473
172,23,334
173,23,201
174,23,836
175,23,723
176,23,38
177,23,721
178,23,942
179,23,233
180,23,1003
181,23,921
182,23,594
183,23,413
184,23,261
185,23,469
186,23,845
187,23,20
188,23,256
189,23,743
190,23,373
191,23,563
192,23,401
193,23,902
194,23,580
195,23,938
196,23,362
197,23,890
198,23,753
199,23,309
200,23,696
201,23,659
202,23,951
203,23,547
204,23,338
205,23,118
206,23,485
207,23,265
208,23,571
209,23,694
210,23,218
211,23,666
212,23,609
213,23,105
214,23,212
215,23,42
216,23,948
217,23,772
218,23,566
219,23,610
220,23,978
221,23,174
222,23,156
223,23,590
224,23,592
225,23,357
226,23,766
227,23,1020
228,23,228
229,23,578
230,23,251
231,23,27
232,23,2
233,23,249
234,23,859
235,23,219
236,23,701
237,23,117
238,23,674
239,23,367
240,23,306
241,23,526
242,23,664
243,23,887
244,23,565
245,23,802
246,23,687
247,23,394
248,23,112
249,23,318
250,23,399
251,23,977
252,23,123
253,23,175
254,23,148
255,23,160
256,23,210
257,23,891
258,23,5
259,23,970
260,23,34
261,23,626
262,23,762
263,23,475
264,23,821
265,23,430
266,23,127
267,23,363
268,23,235
269,23,531
270,23,390
271,23,556
272,23,596
273,23,223
274,23,549
275,23,214
276,23,332
277,23,545
278,23,502
279,23,797
280,23,952
281,23,291
282,23,216
283,23,869
284,23,642
285,23,266
286,23,930
287,23,697
288,23,810
289,23,779
290,23,625
291,23,202
292,23,656
293,23,273
294,23,541
295,23,598
296,23,304
297,23,503
298,23,177
299,23,145
300,23,330
301,23,493
302,23,41
303,23,724
304,23,349
305,23,554
306,23,879
307,23,65
308,23,377
309,23,420
310,23,758
311,23,461
312,23,315
313,23,622
314,23,805
315,23,717
316,23,119
317,23,459
318,23,699
319,23,886
320,23,441
321,23,537
322,23,684
323,23,527
324,23,8
325,23,164
326,23,405
327,23,658
328,23,132
329,23,310
330,23,107
331,23,285
332,23,916
333,23,706
334,23,820
335,23,623
336,23,293
337,23,241
338,23,70
339,23,733
340,23,982
341,23,688
342,23,208
343,23,356
344,23,186
345,23,1005
346,23,667
347,23,599
348,23,737
349,23,1008
350,23,181
351,23,350
352,23,850
353,23,558
354,23,442
355,23,708
356,23,732
357,23,799
358,23,552
359,23,532
360,23,355
361,23,463
362,23,976
363,23,692
364,23,603
365,23,987
366,23,521
367,23,339
368,23,778
369,23,353
370,23,139
371,23,922
372,23,106
373,23,689
374,23,45
375,23,825
376,23,751
377,23,43
378,23,849
379,23,483
380,23,561
381,23,675
382,23,804
383,23,621
384,23,583
385,23,336
386,23,568
387,23,826
388,23,892
389,23,707
390,23,279
391,23,915
392,23,679
393,23,747
394,23,637
395,23,286
396,23,75
397,23,720
398,23,534
399,23,207
0,24,426
1,24,244
2,24,599
3,24,527
4,24,662
5,24,954
6,24,1006
7,24,656
8,24,312
9,24,460
10,24,524
11,24,273
12,24,439
13,24,786
14,24,245
15,24,618
16,24,784
17,24,1008
18,24,558
19,24,568
20,24,712
21,24,32
22,24,528
23,24,237
24,24,652
25,24,630
26,24,153
27,24,287
28,24,933
29,24,110
30,24,588
31,24,363
32,24,1013
33,24,285
34,24,966
35,24,308
36,24,462
37,24,477
38,24,626
39,24,747
40,24,943
41,24,857
42,24,665
43,24,208
44,24,195
45,24,714
46,24,890
47,24,344
48,24,622
49,24,767
50,24,396
51,24,560
52,24,623
53,24,487
54,24,932
55,24,850
56,24,533
57,24,267
58,24,243
59,24,811
60,24,684
61,24,476
62,24,835
63,24,847
64,24,775
65,24,523
66,24,498
67,24,909
68,24,430
69,24,781
70,24,631
71,24,299
72,24,649
73,24,913
74,24,206
75,24,506
76,24,616
77,24,238
78,24,842
79,24,695
80,24,795
81,24,679
82,24,332
83,24,260
84,24,283
85,24,598
86,24,732
87,24,145
88,24,940
89,24,686
90,24,683
91,24,266
92,24,660
93,24,220
94,24,879
95,24,919
96,24,304
97,24,886
98,24,501
99,24,617
100,24,911
101,24,770
102,24,561
103,24,461
104,24,661
105,24,614
106,24,137
107,24,301
108,24,328
109,24,659
110,24,342
111,24,449
112,24,123
113,24,820
114,24,658
115,24,450
116,24,49
117,24,174
118,24,193
119,24,540
120,24,867
121,24,432
122,24,373
123,24,782
124,24,78
125,24,334
126,24,15
127,24,323
128,24,521
129,24,239
130,24,464
131,24,985
132,24,81
133,24,518
134,24,682
135,24,368
136,24,936
137,24,907
138,24,12
139,24,725
140,24,250
141,24,757
142,24,607
143,24,114
144,24,140
145,24,696
146,24,845
147,24,277
148,24,92
149,24,141
150,24,859
151,24,647
152,24,534
153,24,316
154,24,269
155,24,438
156,24,166
157,24,952
158,24,691
159,24,785
160,24,205
161,24,504
162,24,280
163,24,98
164,24,370
165,24,99
166,24,310
167,24,838
168,24,715
169,24,750
170,24,526
171,24,473
172,24,333
173,24,200
174,24,868
175,24,724
176,24,39
177,24,722
178,24,910
179,24,265
180,24,1003
181,24,921
182,24,594
183,24,445
184,24,261
185,24,469
186,24,877
187,24,20
188,24,256
189,24,743
190,24,405
191,24,562
192,24,369
193,24,934
194,24,580
195,24,938
196,24,394
197,24,891
198,24,721
199,24,309
200,24,664
201,24,627
202,24,983
203,24,579
204,24,306
205,24,119
206,24,517
207,24,297
208,24,571
209,24,694
210,24,218
211,24,667
212,24,641
213,24,104
214,24,212
215,24,41
216,24,948
217,24,771
218,24,565
219,24,609
220,24,979
221,24,142
222,24,156
223,24,589
224,24,592
225,24,356
226,24,798
227,24,1020
228,24,229
229,24,610
230,24,251
231,24,27
232,24,3
233,24,217
234,24,858
235,24,219
236,24,669
237,24,118
238,24,706
239,24,366
240,24,274
241,24,494
242,24,632
243,24,888
244,24,564
245,24,834
246,24,719
247,24,393
248,24,112
249,24,317
250,24,400
251,24,978
252,24,91
253,24,176
254,24,148
255,24,160
256,24,211
257,24,923
258,24,5
259,24,969
260,24,34
261,24,625
262,24,763
263,24,507
264,24,822
265,24,431
266,24,127
267,24,362
268,24,203
269,24,563
270,24,390
271,24,555
272,24,597
273,24,223
274,24,549
275,24,214
276,24,331
277,24,545
278,24,503
279,24,797
280,24,951
281,24,292
282,24,216
283,24,869
284,24,642
285,24,234
286,24,930
287,24,697
288,24,810
289,24,778
290,24,624
291,24,202
292,24,688
293,24,241
294,24,541
295,24,566
296,24,303
297,24,535
298,24,209
299,24,146
300,24,329
301,24,525
302,24,9
303,24,692
304,24,381
305,24,522
306,24,880
307,24,97
308,24,378
309,24,420
310,24,758
311,24,493
312,24,315
313,24,590
314,24,837
315,24,749
316,24,87
317,24,458
318,24,700
319,24,887
320,24,442
321,24,569
322,24,716
323,24,559
324,24,8
325,24,165
326,24,406
327,24,690
328,24,132
329,24,311
330,24,108
331,24,284
332,24,884
333,24,707
334,24,821
335,24,655
336,24,293
337,24,240
338,24,70
339,24,701
340,24,981
341,24,689
342,24,207
343,24,324
344,24,154
345,24,1005
346,24,699
347,24,600
348,24,737
349,24,976
350,24,213
351,24,318
352,24,882
353,24,557
354,24,443
355,24,708
356,24,733
357,24,799
358,24,552
359,24,531
360,24,387
361,24,463
362,24,977
363,24,693
364,24,635
365,24,988
366,24,553
367,24,307
368,24,746
369,24,321
370,24,138
371,24,922
372,24,106
373,24,657
374,24,45
375,24,826
376,24,751
377,24,42
378,24,849
379,24,515
380,24,529
381,24,643
382,24,772
383,24,621
384,24,615
385,24,336
386,24,536
387,24,827
388,24,892
389,24,739
390,24,279
391,24,916
392,24,711
393,24,779
394,24,637
395,24,286
396,24,43
397,24,720
398,24,502
399,24,175
0,25,394
1,25,212
2,25,600
3,25,526
4,25,663
5,25,954
6,25,1006
7,25,657
8,25,313
9,25,492
10,25,524
11,25,272
12,25,440
13,25,786
14,25,277
15,25,618
16,25,784
17,25,1008
18,25,558
19,25,536
20,25,680
21,25,0
22,25,527
23,25,236
24,25,684
25,25,598
26,25,121
27,25,287
28,25,901
29,25,78
30,25,589
31,25,364
32,25,1013
33,25,285
34,25,934
35,25,309
36,25,463
37,25,476
38,25,625
39,25,748
40,25,942
41,25,858
42,25,665
43,25,209
44,25,163
45,25,746
46,25,889
47,25,343
48,25,623
49,25,767
50,25,428
51,25,561
52,25,655
53,25,487
54,25,933
55,25,849
56,25,534
57,25,266
58,25,244
59,25,779
60,25,716
61,25,475
62,25,836
63,25,847
64,25,775
65,25,522
66,25,497
67,25,877
68,25,398
69,25,749
70,25,630
71,25,299
72,25,649
73,25,945
74,25,207
75,25,506
76,25,616
77,25,237
78,25,810
79,25,695
80,25,827
81,25,711
82,25,331
83,25,259
84,25,283
85,25,599
86,25,732
87,25,146
88,25,972
89,25,686
90,25,683
91,25,234
92,25,660
93,25,220
94,25,880
95,25,887
96,25,305
97,25,886
98,25,533
99,25,617
100,25,912
101,25,770
102,25,529
103,25,460
104,25,629
105,25,614
106,25,105
107,25,333
108,25,329
109,25,691
110,25,341
111,25,449
112,25,91
113,25,821
114,25,659
115,25,450
116,25,50
117,25,142
118,25,161
119,25,541
120,25,866
121,25,432
122,25,405
123,25,781
124,25,46
125,25,335
126,25,14
127,25,355
128,25,489
129,25,238
130,25,496
131,25,985
132,25,49
133,25,518
134,25,650
135,25,336
136,25,904
137,25,908
138,25,11
139,25,725
140,25,250
141,25,757
142,25,607
143,25,114
144,25,172
145,25,696
146,25,813
147,25,276
148,25,93
149,25,140
150,25,891
151,25,646
152,25,502
153,25,317
154,25,269
155,25,439
156,25,167
157,25,952
158,25,692
159,25,785
160,25,173
161,25,504
162,25,281
163,25,98
164,25,402
165,25,67
166,25,278
167,25,838
168,25,747
169,25,782
170,25,494
171,25,473
172,25,332
173,25,199
174,25,867
175,25,724
176,25,39
177,25,723
178,25,878
179,25,264
180,25,1003
181,25,920
182,25,626
183,25,477
184,25,260
185,25,501
186,25,876
187,25,20
188,25,256
189,25,743
190,25,437
191,25,562
192,25,368
193,25,935
194,25,580
195,25,938
196,25,362
197,25,923
198,25,722
199,25,310
200,25,632
201,25,627
202,25,982
203,25,578
204,25,274
205,25,120
206,25,549
207,25,265
208,25,571
209,25,694
210,25,218
211,25,699
212,25,673
213,25,136
214,25,211
215,25,40
216,25,916
217,25,803
218,25,566
219,25,609
220,25,980
221,25,110
222,25,156
223,25,621
224,25,560
225,25,388
226,25,830
227,25,1020
228,25,230
229,25,642
230,25,251
231,25,27
232,25,4
233,25,185
234,25,890
235,25,219
236,25,670
237,25,119
238,25,738
239,25,334
240,25,273
241,25,493
242,25,633
243,25,856
244,25,532
245,25,835
246,25,751
247,25,393
248,25,112
249,25,318
250,25,401
251,25,979
252,25,92
253,25,177
254,25,148
255,25,160
256,25,243
257,25,922
258,25,5
259,25,968
260,25,34
261,25,624
262,25,763
263,25,508
264,25,823
265,25,430
266,25,127
267,25,363
268,25,171
269,25,595
270,25,390
271,25,555
272,25,565
273,25,223
274,25,548
275,25,214
276,25,330
277,25,545
278,25,503
279,25,797
280,25,951
281,25,293
282,25,216
283,25,869
284,25,641
285,25,202
286,25,930
287,25,697
288,25,811
289,25,777
290,25,592
291,25,203
292,25,688
293,25,240
294,25,542
295,25,567
296,25,302
297,25,535
298,25,241
299,25,147
300,25,361
301,25,557
302,25,9
303,25,693
304,25,413
305,25,490
306,25,848
307,25,129
308,25,379
309,25,420
310,25,758
311,25,525
312,25,315
313,25,590
314,25,837
315,25,717
316,25,87
317,25,426
318,25,668
319,25,888
320,25,443
321,25,568
322,25,715
323,25,559
324,25,8
325,25,197
326,25,407
327,25,658
328,25,132
329,25,312
330,25,109
331,25,284
332,25,885
333,25,708
334,25,822
335,25,656
336,25,261
337,25,208
338,25,70
339,25,701
340,25,949
341,25,690
342,25,239
343,25,292
344,25,153
345,25,1005
346,25,731
347,25,601
348,25,737
349,25,976
350,25,245
351,25,286
352,25,881
353,25,556
354,25,444
355,25,740
356,25,734
357,25,799
358,25,584
359,25,499
360,25,419
361,25,431
362,25,1009
363,25,661
364,25,667
365,25,989
366,25,552
367,25,308
368,25,745
369,25,289
370,25,137
371,25,921
372,25,106
373,25,689
374,25,45
375,25,826
376,25,750
377,25,41
378,25,817
379,25,547
380,25,528
381,25,643
382,25,771
383,25,622
384,25,647
385,25,304
386,25,537
387,25,828
388,25,892
389,25,739
390,25,311
391,25,884
392,25,712
393,25,778
394,25,669
395,25,254
396,25,43
397,25,719
398,25,470
399,25,176
0,26,362
1,26,213
2,26,601
3,26,525
4,26,631
5,26,954
6,26,1006
7,26,689
8,26,312
9,26,493
10,26,556
11,26,240
12,26,408
13,26,786
14,26,278
15,26,618
16,26,784
17,26,1008
18,26,557
19,26,504
20,26,679
21,26,0
22,26,526
23,26,235
24,26,684
25,26,566
26,26,122
27,26,287
28,26,901
29,26,46
30,26,590
31,26,396
32,26,1013
33,26,286
34,26,902
35,26,277
36,26,464
37,26,444
38,26,657
39,26,716
40,26,941
41,26,859
42,26,665
43,26,209
44,26,131
45,26,778
46,26,888
47,26,342
48,26,655
49,26,767
50,26,460
51,26,562
52,26,687
53,26,487
54,26,933
55,26,848
56,26,535
57,26,266
58,26,276
59,26,779
60,26,715
61,26,476
62,26,868
63,26,847
64,26,775
65,26,521
66,26,496
67,26,877
68,26,399
69,26,781
70,26,629
71,26,299
72,26,649
73,26,977
74,26,208
75,26,506
76,26,616
77,26,236
78,26,809
79,26,695
80,26,827
81,26,712
82,26,330
83,26,227
84,26,283
85,26,600
86,26,731
87,26,147
88,26,971
89,26,686
90,26,683
91,26,202
92,26,659
93,26,220
94,26,881
95,26,887
96,26,306
97,26,854
98,26,501
99,26,617
100,26,880
101,26,802
102,26,529
103,26,492
104,26,597
105,26,615
106,26,137
107,26,332
108,26,297
109,26,690
110,26,340
111,26,449
112,26,59
113,26,822
114,26,627
115,26,450
116,26,51
117,26,142
118,26,129
119,26,573
120,26,898
121,26,431
122,26,406
123,26,780
124,26,47
125,26,334
126,26,13
127,26,387
128,26,457
129,26,237
130,26,528
131,26,985
132,26,48
133,26,518
134,26,651
135,26,304
136,26,872
137,26,909
138,26,10
139,26,725
140,26,250
141,26,757
142,26,607
143,26,114
144,26,173
145,26,696
146,26,814
147,26,308
148,26,94
149,26,139
150,26,923
151,26,614
152,26,534
153,26,318
154,26,269
155,26,439
156,26,168
157,26,952
158,26,693
159,26,785
160,26,141
161,26,472
162,26,249
163,26,98
164,26,434
165,26,35
166,26,310
167,26,838
168,26,746
169,26,783
170,26,462
171,26,473
172,26,331
173,26,167
174,26,866
175,26,724
176,26,38
177,26,691
178,26,878
179,26,263
180,26,1003
181,26,920
182,26,625
183,26,478
184,26,292
185,26,502
186,26,875
187,26,20
188,26,256
189,26,743
190,26,437
191,26,594
192,26,336
193,26,967
194,26,580
195,26,938
196,26,361
197,26,924
198,26,723
199,26,309
200,26,632
201,26,628
202,26,1014
203,26,610
204,26,242
205,26,121
206,26,581
207,26,233
208,26,571
209,26,662
210,26,218
211,26,700
212,26,705
213,26,135
214,26,179
215,26,39
216,26,916
217,26,804
218,26,565
219,26,608
220,26,981
221,26,78
222,26,156
223,26,622
224,26,561
225,26,420
226,26,829
227,26,1020
228,26,231
229,26,674
230,26,251
231,26,27
232,26,36
233,26,184
234,26,858
235,26,219
236,26,638
237,26,120
238,26,770
239,26,333
240,26,272
241,26,494
242,26,633
243,26,824
244,26,532
245,26,836
246,26,750
247,26,392
248,26,112
249,26,350
250,26,402
251,26,980
252,26,93
253,26,178
254,26,149
255,26,160
256,26,244
257,26,921
258,26,5
259,26,1000
260,26,34
261,26,623
262,26,762
263,26,509
264,26,823
265,26,429
266,26,127
267,26,363
268,26,170
269,26,595
270,26,390
271,26,523
272,26,533
273,26,223
274,26,549
275,26,214
276,26,329
277,26,545
278,26,503
279,26,797
280,26,951
281,26,294
282,26,216
283,26,869
284,26,609
285,26,203
286,26,930
287,26,697
288,26,843
289,26,776
290,26,592
291,26,171
292,26,656
293,26,239
294,26,541
295,26,599
296,26,301
297,26,536
298,26,241
299,26,148
300,26,393
301,26,589
302,26,41
303,26,694
304,26,445
305,26,458
306,26,816
307,26,130
308,26,379
309,26,419
310,26,758
311,26,524
312,26,315
313,26,558
314,26,837
315,26,749
316,26,119
317,26,394
318,26,668
319,26,856
320,26,475
321,26,568
322,26,747
323,26,527
324,26,8
325,26,197
326,26,375
327,26,626
328,26,132
329,26,344
330,26,110
331,26,285
332,26,886
333,26,709
334,26,790
335,26,624
336,26,260
337,26,176
338,26,70
339,26,733
340,26,948
341,26,658
342,26,207
343,26,293
344,26,153
345,26,1005
346,26,763
347,26,569
348,26,737
349,26,976
350,26,246
351,26,254
352,26,913
353,26,555
354,26,443
355,26,708
356,26,766
357,26,799
358,26,552
359,26,499
360,26,451
361,26,430
362,26,1010
363,26,661
364,26,699
365,26,957
366,26,551
367,26,307
368,26,713
369,26,257
370,26,136
371,26,889
372,26,106
373,26,688
374,26,45
375,26,826
376,26,782
377,26,40
378,26,849
379,26,579
380,26,560
381,26,642
382,26,739
383,26,654
384,26,648
385,26,305
386,26,537
387,26,828
388,26,892
389,26,740
390,26,343
391,26,885
392,26,744
393,26,810
394,26,701
395,26,255
396,26,43
397,26,719
398,26,471
399,26,177
0,27,363
1,27,181
2,27,569
3,27,557
4,27,599
5,27,954
6,27,1006
7,27,690
8,27,311
9,27,494
10,27,555
11,27,239
12,27,376
13,27,786
14,27,310
15,27,618
16,27,752
17,27,1008
18,27,556
19,27,505
20,27,678
21,27,0
22,27,558
23,27,234
24,27,716
25,27,534
26,27,123
27,27,286
28,27,901
29,27,46
30,27,589
31,27,428
32,27,1012
33,27,254
34,27,870
35,27,245
36,27,465
37,27,412
38,27,689
39,27,717
40,27,940
41,27,827
42,27,665
43,27,177
44,27,99
45,27,810
46,27,888
47,27,341
48,27,656
49,27,767
50,27,492
51,27,594
52,27,719
53,27,487
54,27,933
55,27,847
56,27,567
57,27,266
58,27,277
59,27,747
60,27,714
61,27,508
62,27,900
63,27,879
64,27,807
65,27,521
66,27,528
67,27,877
68,27,400
69,27,780
70,27,628
71,27,299
72,27,649
73,27,1009
74,27,209
75,27,506
76,27,616
77,27,235
78,27,777
79,27,663
80,27,826
81,27,744
82,27,329
83,27,195
84,27,283
85,27,600
86,27,763
87,27,148
88,27,970
89,27,686
90,27,715
91,27,170
92,27,627
93,27,220
94,27,882
95,27,855
96,27,338
97,27,854
98,27,469
99,27,617
100,27,881
101,27,801
102,27,561
103,27,524
104,27,565
105,27,647
106,27,137
107,27,331
108,27,265
109,27,658
110,27,339
111,27,449
112,27,60
113,27,790
114,27,595
115,27,450
116,27,52
117,27,110
118,27,130
119,27,574
120,27,866
121,27,431
122,27,438
123,27,748
124,27,48
125,27,334
126,27,12
127,27,387
128,27,458
129,27,236
130,27,560
131,27,985
132,27,16
133,27,518
134,27,619
135,27,272
136,27,840
137,27,910
138,27,42
139,27,693
140,27,250
141,27,757
142,27,607
143,27,114
144,27,173
145,27,696
146,27,815
147,27,307
148,27,126
149,27,138
150,27,955
151,27,615
152,27,502
153,27,319
154,27,237
155,27,471
156,27,136
157,27,952
158,27,661
159,27,785
160,27,109
161,27,504
162,27,217
163,27,98
164,27,433
165,27,35
166,27,309
167,27,838
168,27,778
169,27,784
170,27,461
171,27,473
172,27,330
173,27,166
174,27,865
175,27,725
176,27,6
177,27,692
178,27,878
179,27,295
180,27,1003
181,27,921
182,27,657
183,27,510
184,27,293
185,27,470
186,27,843
187,27,20
188,27,256
189,27,743
190,27,437
191,27,626
192,27,304
193,27,999
194,27,580
195,27,938
196,27,362
197,27,956
198,27,691
199,27,308
200,27,633
201,27,660
202,27,1013
203,27,609
204,27,210
205,27,122
206,27,613
207,27,201
208,27,571
209,27,694
210,27,218
211,27,699
212,27,737
213,27,134
214,27,211
215,27,38
216,27,916
217,27,772
218,27,566
219,27,640
220,27,982
221,27,77
222,27,156
223,27,654
224,27,562
225,27,419
226,27,828
227,27,1020
228,27,199
229,27,706
230,27,251
231,27,27
232,27,36
233,27,184
234,27,857
235,27,219
236,27,606
237,27,121
238,27,802
239,27,332
240,27,240
241,27,526
242,27,601
243,27,825
244,27,532
245,27,868
246,27,782
247,27,424
248,27,112
249,27,318
250,27,403
251,27,981
252,27,94
253,27,179
254,27,150
255,27,160
256,27,276
257,27,889
258,27,5
259,27,1000
260,27,34
261,27,622
262,27,762
263,27,509
264,27,824
265,27,429
266,27,127
267,27,364
268,27,171
269,27,596
270,27,390
271,27,523
272,27,501
273,27,223
274,27,549
275,27,214
276,27,328
277,27,545
278,27,503
279,27,797
280,27,951
281,27,294
282,27,216
283,27,869
284,27,608
285,27,204
286,27,930
287,27,697
288,27,842
289,27,775
290,27,592
291,27,203
292,27,624
293,27,207
294,27,541
295,27,598
296,27,333
297,27,535
298,27,241
299,27,149
300,27,392
301,27,588
302,27,41
303,27,695
304,27,477
305,27,426
306,27,817
307,27,162
308,27,379
309,27,418
310,27,758
311,27,525
312,27,315
313,27,590
314,27,837
315,27,781
316,27,119
317,27,393
318,27,668
319,27,856
320,27,476
321,27,568
322,27,746
323,27,527
324,27,8
325,27,197
326,27,375
327,27,625
328,27,132
329,27,345
330,27,78
331,27,285
332,27,887
333,27,710
334,27,791
335,27,623
336,27,228
337,27,175
338,27,70
339,27,732
340,27,947
341,27,659
342,27,208
343,27,261
344,27,153
345,27,1005
346,27,795
347,27,537
348,27,769
349,27,976
350,27,278
351,27,222
352,27,912
353,27,554
354,27,442
355,27,708
356,27,798
357,27,799
358,27,552
359,27,499
360,27,483
361,27,462
362,27,1011
363,27,629
364,27,731
365,27,925
366,27,583
367,27,306
368,27,681
369,27,225
370,27,135
371,27,890
372,27,106
373,27,687
374,27,45
375,27,858
376,27,783
377,27,39
378,27,849
379,27,578
380,27,559
381,27,610
382,27,707
383,27,655
384,27,680
385,27,305
386,27,536
387,27,796
388,27,892
389,27,741
390,27,343
391,27,886
392,27,776
393,27,811
394,27,733
395,27,287
396,27,43
397,27,720
398,27,472
399,27,178
0,28,364
1,28,181
2,28,537
3,28,589
4,28,600
5,28,954
6,28,1006
7,28,691
8,28,311
9,28,462
10,28,587
11,28,207
12,28,377
13,28,786
14,28,342
15,28,618
16,28,720
17,28,1008
18,28,555
19,28,473
20,28,710
21,28,0
22,28,557
23,28,266
24,28,748
25,28,533
26,28,155
27,28,254
28,28,902
29,28,14
30,28,590
31,28,428
32,28,1013
33,28,222
34,28,869
35,28,213
36,28,466
37,28,380
38,28,721
39,28,717
40,28,972
41,28,795
42,28,665
43,28,176
44,28,67
45,28,809
46,28,887
47,28,340
48,28,688
49,28,767
50,28,524
51,28,626
52,28,751
53,28,487
54,28,933
55,28,879
56,28,599
57,28,265
58,28,278
59,28,715
60,28,746
61,28,476
62,28,901
63,28,880
64,28,775
65,28,521
66,28,527
67,28,877
68,28,432
69,28,781
70,28,627
71,28,298
72,28,649
73,28,1010
74,28,210
75,28,506
76,28,616
77,28,234
78,28,745
79,28,662
80,28,858
81,28,776
82,28,328
83,28,163
84,28,283
85,28,601
86,28,762
87,28,149
88,28,969
89,28,687
90,28,716
91,28,170
92,28,659
93,28,220
94,28,883
95,28,823
96,28,306
97,28,822
98,28,468
99,28,617
100,28,882
101,28,802
102,28,560
103,28,556
104,28,566
105,28,646
106,28,105
107,28,299
108,28,233
109,28,658
110,28,338
111,28,449
112,28,60
113,28,791
114,28,563
115,28,450
116,28,84
117,28,78
118,28,98
119,28,575
120,28,867
121,28,431
122,28,439
123,28,780
124,28,80
125,28,334
126,28,11
127,28,419
128,28,459
129,28,235
130,28,592
131,28,985
132,28,16
133,28,518
134,28,619
135,28,240
136,28,808
137,28,911
138,28,74
139,28,661
140,28,250
141,28,758
142,28,607
143,28,114
144,28,173
145,28,695
146,28,816
147,28,307
148,28,158
149,28,137
150,28,955
151,28,614
152,28,534
153,28,319
154,28,205
155,28,503
156,28,104
157,28,952
158,28,629
159,28,785
160,28,108
161,28,536
162,28,185
163,28,97
164,28,433
165,28,35
166,28,309
167,28,838
168,28,810
169,28,752
170,28,460
171,28,472
172,28,330
173,28,165
174,28,865
175,28,757
176,28,5
177,28,693
178,28,878
179,28,294
180,28,1003
181,28,921
182,28,689
183,28,542
184,28,261
185,28,469
186,28,875
187,28,20
188,28,256
189,28,742
190,28,437
191,28,625
192,28,272
193,28,1000
194,28,580
195,28,938
196,28,362
197,28,957
198,28,692
199,28,308
200,28,633
201,28,628
202,28,981
203,28,641
204,28,178
205,28,123
206,28,645
207,28,201
208,28,571
209,28,694
210,28,218
211,28,667
212,28,736
213,28,166
214,28,211
215,28,6
216,28,916
217,28,772
218,28,598
219,28,672
220,28,983
221,28,77
222,28,156
223,28,686
224,28,594
225,28,451
226,28,827
227,28,1020
228,28,200
229,28,738
230,28,251
231,28,27
232,28,36
233,28,184
234,28,857
235,28,219
236,28,574
237,28,122
238,28,834
239,28,331
240,28,239
241,28,494
242,28,569
243,28,793
244,28,532
245,28,900
246,28,782
247,28,423
248,28,112
249,28,318
250,28,404
251,28,982
252,28,126
253,28,147
254,28,118
255,28,160
256,28,277
257,28,888
258,28,4
259,28,968
260,28,34
261,28,621
262,28,730
263,28,509
264,28,825
265,28,429
266,28,127
267,28,332
268,28,139
269,28,595
270,28,390
271,28,523
272,28,502
273,28,223
274,28,549
275,28,214
276,28,327
277,28,545
278,28,504
279,28,797
280,28,951
281,28,293
282,28,216
283,28,837
284,28,608
285,28,204
286,28,930
287,28,697
288,28,842
289,28,743
290,28,624
291,28,202
292,28,656
293,28,206
294,28,541
295,28,630
296,28,333
297,28,535
298,28,241
299,28,150
300,28,424
301,28,620
302,28,41
303,28,663
304,28,478
305,28,394
306,28,818
307,28,194
308,28,379
309,28,418
310,28,790
311,28,525
312,28,315
313,28,558
314,28,836
315,28,813
316,28,119
317,28,392
318,28,668
319,28,824
320,28,477
321,28,567
322,28,778
323,28,526
324,28,8
325,28,197
326,28,376
327,28,657
328,28,132
329,28,346
330,28,46
331,28,285
332,28,855
333,28,711
334,28,792
335,28,622
336,28,228
337,28,174
338,28,70
339,28,700
340,28,947
341,28,660
342,28,208
343,28,229
344,28,121
345,28,1005
346,28,794
347,28,538
348,28,737
349,28,976
350,28,310
351,28,221
352,28,912
353,28,553
354,28,442
355,28,707
356,28,830
357,28,799
358,28,552
359,28,499
360,28,484
361,28,461
362,28,1012
363,28,597
364,28,763
365,28,893
366,28,615
367,28,274
368,28,682
369,28,226
370,28,134
371,28,922
372,28,106
373,28,655
374,28,45
375,28,890
376,28,783
377,28,38
378,28,849
379,28,610
380,28,559
381,28,609
382,28,675
383,28,623
384,28,681
385,28,305
386,28,568
387,28,828
388,28,892
389,28,741
390,28,343
391,28,854
392,28,777
393,28,843
394,28,734
395,28,286
396,28,43
397,28,719
398,28,440
399,28,179
0,29,332
1,29,149
2,29,538
3,29,588
4,29,601
5,29,954
6,29,1006
7,29,692
8,29,311
9,29,463
10,29,587
11,29,206
12,29,378
13,29,786
14,29,374
15,29,618
16,29,752
17,29,1008
18,29,554
19,29,441
20,29,710
21,29,0
22,29,556
23,29,265
24,29,747
25,29,501
26,29,154
27,29,286
28,29,903
29,29,13
30,29,558
31,29,428
32,29,1013
33,29,221
34,29,868
35,29,181
36,29,467
37,29,380
38,29,720
39,29,717
40,29,971
41,29,796
42,29,665
43,29,175
44,29,67
45,29,841
46,29,886
47,29,339
48,29,688
49,29,767
50,29,524
51,29,658
52,29,783
53,29,487
54,29,933
55,29,911
56,29,600
57,29,233
58,29,310
59,29,683
60,29,745
61,29,476
62,29,902
63,29,879
64,29,775
65,29,521
66,29,559
67,29,877
68,29,432
69,29,749
70,29,626
71,29,299
72,29,649
73,29,1010
74,29,211
75,29,506
76,29,616
77,29,266
78,29,744
79,29,661
80,29,890
81,29,777
82,29,327
83,29,131
84,29,283
85,29,569
86,29,794
87,29,150
88,29,968
89,29,719
90,29,748
91,29,170
92,29,691
93,29,220
94,29,884
95,29,823
96,29,307
97,29,821
98,29,436
99,29,617
100,29,883
101,29,802
102,29,528
103,29,555
104,29,567
105,29,614
106,29,137
107,29,267
108,29,234
109,29,657
110,29,306
111,29,449
112,29,60
113,29,790
114,29,531
115,29,450
116,29,85
117,29,46
118,29,99
119,29,574
120,29,867
121,29,431
122,29,471
123,29,780
124,29,112
125,29,334
126,29,10
127,29,451
128,29,460
129,29,235
130,29,624
131,29,985
132,29,16
133,29,518
134,29,619
135,29,208
136,29,776
137,29,912
138,29,73
139,29,629
140,29,250
141,29,757
142,29,607
143,29,114
144,29,141
145,29,695
146,29,848
147,29,308
148,29,190
149,29,136
150,29,955
151,29,615
152,29,534
153,29,319
154,29,173
155,29,535
156,29,105
157,29,952
158,29,597
159,29,785
160,29,107
161,29,504
162,29,153
163,29,98
164,29,433
165,29,35
166,29,277
167,29,838
168,29,842
169,29,753
170,29,461
171,29,473
172,29,298
173,29,164
174,29,865
175,29,725
176,29,37
177,29,694
178,29,878
179,29,294
180,29,1003
181,29,921
182,29,721
183,29,510
184,29,261
185,29,469
186,29,876
187,29,20
188,29,256
189,29,743
190,29,437
191,29,625
192,29,240
193,29,1001
194,29,580
195,29,938
196,29,330
197,29,957
198,29,693
199,29,309
200,29,633
201,29,627
202,29,980
203,29,673
204,29,177
205,29,155
206,29,677
207,29,202
208,29,571
209,29,662
210,29,218
211,29,667
212,29,768
213,29,134
214,29,179
215,29,5
216,29,916
217,29,772
218,29,566
219,29,672
220,29,984
221,29,77
222,29,156
223,29,687
224,29,594
225,29,483
226,29,859
227,29,1020
228,29,201
229,29,770
230,29,251
231,29,27
232,29,36
233,29,184
234,29,857
235,29,219
236,29,542
237,29,123
238,29,866
239,29,363
240,29,238
241,29,494
242,29,537
243,29,793
244,29,532
245,29,901
246,29,781
247,29,422
248,29,113
249,29,318
250,29,405
251,29,982
252,29,158
253,29,148
254,29,117
255,29,160
256,29,278
257,29,887
258,29,4
259,29,967
260,29,34
261,29,620
262,29,762
263,29,509
264,29,825
265,29,429
266,29,127
267,29,331
268,29,138
269,29,595
270,29,390
271,29,523
272,29,470
273,29,223
274,29,549
275,29,214
276,29,326
277,29,545
278,29,503
279,29,797
280,29,951
281,29,293
282,29,216
283,29,869
284,29,609
285,29,204
286,29,930
287,29,697
288,29,874
289,29,711
290,29,623
291,29,203
292,29,656
293,29,205
294,29,541
295,29,630
296,29,333
297,29,536
298,29,241
299,29,151
300,29,423
301,29,652
302,29,41
303,29,663
304,29,479
305,29,362
306,29,819
307,29,193
308,29,379
309,29,419
310,29,758
311,29,525
312,29,315
313,29,526
314,29,837
315,29,813
316,29,119
317,29,424
318,29,668
319,29,792
320,29,478
321,29,599
322,29,810
323,29,527
324,29,8
325,29,165
326,29,377
327,29,689
328,29,132
329,29,347
330,29,14
331,29,285
332,29,856
333,29,712
334,29,791
335,29,590
336,29,228
337,29,174
338,29,70
339,29,701
340,29,947
341,29,660
342,29,207
343,29,197
344,29,89
345,29,1005
346,29,826
347,29,539
348,29,737
349,29,976
350,29,342
351,29,189
352,29,880
353,29,552
354,29,442
355,29,707
356,29,862
357,29,799
358,29,584
359,29,499
360,29,485
361,29,493
362,29,1012
363,29,565
364,29,795
365,29,893
366,29,647
367,29,242
368,29,650
369,29,194
370,29,133
371,29,922
372,29,106
373,29,654
374,29,45
375,29,891
376,29,782
377,29,6
378,29,849
379,29,642
380,29,560
381,29,610
382,29,674
383,29,655
384,29,682
385,29,305
386,29,568
387,29,828
388,29,892
389,29,742
390,29,343
391,29,855
392,29,778
393,29,875
394,29,766
395,29,287
396,29,43
397,29,751
398,29,408
399,29,178
0,30,333
1,30,150
2,30,539
3,30,620
4,30,569
5,30,954
6,30,1006
7,30,693
8,30,311
9,30,463
10,30,588
11,30,205
12,30,346
13,30,786
14,30,375
15,30,618
16,30,784
17,30,1008
18,30,553
19,30,409
20,30,742
21,30,0
22,30,555
23,30,264
24,30,746
25,30,469
26,30,154
27,30,287
28,30,935
29,30,14
30,30,526
31,30,396
32,30,1013
33,30,189
34,30,836
35,30,149
36,30,468
37,30,380
38,30,752
39,30,717
40,30,970
41,30,795
42,30,665
43,30,174
44,30,67
45,30,840
46,30,886
47,30,338
48,30,689
49,30,767
50,30,524
51,30,658
52,30,815
53,30,487
54,30,933
55,30,910
56,30,601
57,30,233
58,30,342
59,30,651
60,30,777
61,30,476
62,30,903
63,30,847
64,30,775
65,30,521
66,30,558
67,30,877
68,30,432
69,30,749
70,30,625
71,30,331
72,30,649
73,30,1010
74,30,212
75,30,506
76,30,616
77,30,265
78,30,712
79,30,660
80,30,891
81,30,778
82,30,326
83,30,99
84,30,283
85,30,537
86,30,826
87,30,151
88,30,967
89,30,751
90,30,780
91,30,170
92,30,723
93,30,220
94,30,885
95,30,855
96,30,308
97,30,821
98,30,435
99,30,617
100,30,884
101,30,801
102,30,560
103,30,523
104,30,568
105,30,614
106,30,137
107,30,299
108,30,235
109,30,657
110,30,274
111,30,449
112,30,60
113,30,822
114,30,499
115,30,450
116,30,86
117,30,45
118,30,100
119,30,606
120,30,868
121,30,431
122,30,472
123,30,812
124,30,144
125,30,334
126,30,42
127,30,483
128,30,428
129,30,267
130,30,623
131,30,985
132,30,16
133,30,518
134,30,587
135,30,176
136,30,744
137,30,913
138,30,105
139,30,597
140,30,250
141,30,758
142,30,607
143,30,114
144,30,109
145,30,663
146,30,849
147,30,276
148,30,191
149,30,135
150,30,955
151,30,583
152,30,534
153,30,319
154,30,141
155,30,567
156,30,106
157,30,953
158,30,598
159,30,785
160,30,107
161,30,504
162,30,121
163,30,98
164,30,433
165,30,35
166,30,277
167,30,838
168,30,874
169,30,721
170,30,462
171,30,473
172,30,298
173,30,164
174,30,865
175,30,757
176,30,38
177,30,695
178,30,878
179,30,294
180,30,1003
181,30,921
182,30,720
183,30,542
184,30,261
185,30,470
186,30,875
187,30,20
188,30,256
189,30,711
190,30,437
191,30,624
192,30,240
193,30,1002
194,30,580
195,30,938
196,30,329
197,30,957
198,30,661
199,30,309
200,30,633
201,30,659
202,30,980
203,30,705
204,30,145
205,30,156
206,30,709
207,30,234
208,30,571
209,30,694
210,30,218
211,30,667
212,30,800
213,30,134
214,30,211
215,30,4
216,30,916
217,30,772
218,30,566
219,30,672
220,30,952
221,30,77
222,30,124
223,30,719
224,30,626
225,30,515
226,30,858
227,30,1020
228,30,202
229,30,802
230,30,251
231,30,27
232,30,36
233,30,184
234,30,889
235,30,219
236,30,541
237,30,155
238,30,898
239,30,362
240,30,237
241,30,493
242,30,505
243,30,794
244,30,532
245,30,902
246,30,781
247,30,421
248,30,112
249,30,318
250,30,373
251,30,982
252,30,190
253,30,116
254,30,117
255,30,160
256,30,279
257,30,887
258,30,3
259,30,966
260,30,34
261,30,619
262,30,763
263,30,509
264,30,857
265,30,429
266,30,127
267,30,363
268,30,138
269,30,627
270,30,390
271,30,522
272,30,471
273,30,223
274,30,549
275,30,214
276,30,325
277,30,545
278,30,503
279,30,797
280,30,951
281,30,293
282,30,216
283,30,869
284,30,610
285,30,204
286,30,930
287,30,697
288,30,906
289,30,710
290,30,655
291,30,203
292,30,688
293,30,173
294,30,573
295,30,630
296,30,301
297,30,535
298,30,241
299,30,119
300,30,422
301,30,684
302,30,41
303,30,662
304,30,511
305,30,330
306,30,820
307,30,225
308,30,379
309,30,420
310,30,790
311,30,525
312,30,315
313,30,494
314,30,837
315,30,813
316,30,87
317,30,424
318,30,668
319,30,760
320,30,510
321,30,631
322,30,842
323,30,528
324,30,8
325,30,166
326,30,378
327,30,690
328,30,131
329,30,348
330,30,46
331,30,285
332,30,888
333,30,713
334,30,792
335,30,590
336,30,228
337,30,206
338,30,70
339,30,701
340,30,947
341,30,692
342,30,239
343,30,165
344,30,88
345,30,1005
346,30,825
347,30,507
348,30,737
349,30,976
350,30,374
351,30,157
352,30,912
353,30,551
354,30,442
355,30,707
356,30,894
357,30,799
358,30,552
359,30,498
360,30,453
361,30,461
362,30,1012
363,30,533
364,30,827
365,30,893
366,30,679
367,30,210
368,30,682
369,30,162
370,30,132
371,30,922
372,30,74
373,30,653
374,30,13
375,30,859
376,30,783
377,30,5
378,30,850
379,30,674
380,30,559
381,30,578
382,30,673
383,30,656
384,30,683
385,30,305
386,30,600
387,30,828
388,30,892
389,30,743
390,30,343
391,30,856
392,30,779
393,30,907
394,30,798
395,30,255
396,30,43
397,30,750
398,30,376
399,30,179
0,31,301
1,31,118
2,31,507
3,31,620
4,31,537
5,31,955
6,31,1006
7,31,694
8,31,311
9,31,463
10,31,556
11,31,173
12,31,347
13,31,786
14,31,407
15,31,617
16,31,783
17,31,1008
18,31,521
19,31,409
20,31,710
21,31,0
22,31,554
23,31,263
24,31,745
25,31,470
26,31,154
27,31,287
28,31,934
29,31,46
30,31,494
31,31,428
32,31,1013
33,31,157
34,31,804
35,31,150
36,31,469
37,31,381
38,31,784
39,31,685
40,31,969
41,31,763
42,31,665
43,31,142
44,31,67
45,31,839
46,31,854
47,31,306
48,31,689
49,31,767
50,31,524
51,31,690
52,31,815
53,31,487
54,31,933
55,31,942
56,31,601
57,31,265
58,31,374
59,31,619
60,31,809
61,31,476
62,31,904
63,31,847
64,31,775
65,31,520
66,31,590
67,31,877
68,31,432
69,31,717
70,31,624
71,31,330
72,31,649
73,31,1010
74,31,213
75,31,506
76,31,584
77,31,297
78,31,711
79,31,659
80,31,891
81,31,779
82,31,325
83,31,100
84,31,283
85,31,538
86,31,826
87,31,183
88,31,966
89,31,719
90,31,812
91,31,170
92,31,722
93,31,220
94,31,886
95,31,855
96,31,309
97,31,820
98,31,435
99,31,616
100,31,885
101,31,802
102,31,560
103,31,555
104,31,569
105,31,614
106,31,137
107,31,299
108,31,236
109,31,625
110,31,242
111,31,449
112,31,60
113,31,823
114,31,467
115,31,450
116,31,87
117,31,44
118,31,101
119,31,606
120,31,868
121,31,431
122,31,504
123,31,844
124,31,145
125,31,334
126,31,41
127,31,515
128,31,429
129,31,267
130,31,655
131,31,985
132,31,16
133,31,518
134,31,587
135,31,144
136,31,712
137,31,945
138,31,104
139,31,565
140,31,250
141,31,790
142,31,607
143,31,114
144,31,108
145,31,695
146,31,850
147,31,244
148,31,190
149,31,134
150,31,987
151,31,551
152,31,534
153,31,319
154,31,109
155,31,599
156,31,74
157,31,954
158,31,598
159,31,785
160,31,106
161,31,536
162,31,121
163,31,98
164,31,433
165,31,35
166,31,277
167,31,838
168,31,906
169,31,721
170,31,461
171,31,472
172,31,266
173,31,164
174,31,865
175,31,758
176,31,39
177,31,696
178,31,878
179,31,326
180,31,1003
181,31,921
182,31,752
183,31,574
184,31,261
185,31,502
186,31,843
187,31,20
188,31,256
189,31,743
190,31,437
191,31,623
192,31,208
193,31,970
194,31,580
195,31,938
196,31,329
197,31,957
198,31,629
199,31,341
200,31,633
201,31,658
202,31,980
203,31,737
204,31,113
205,31,188
206,31,708
207,31,233
208,31,571
209,31,662
210,31,218
211,31,667
212,31,832
213,31,166
214,31,210
215,31,3
216,31,916
217,31,772
218,31,566
219,31,673
220,31,953
221,31,77
222,31,124
223,31,720
224,31,627
225,31,547
226,31,857
227,31,1020
228,31,203
229,31,834
230,31,251
231,31,27
232,31,36
233,31,184
234,31,890
235,31,219
236,31,509
237,31,155
238,31,930
239,31,361
240,31,205
241,31,493
242,31,473
243,31,794
244,31,532
245,31,903
246,31,781
247,31,422
248,31,112
249,31,318
250,31,373
251,31,982
252,31,222
253,31,117
254,31,149
255,31,160
256,31,280
257,31,887
258,31,2
259,31,965
260,31,34
261,31,618
262,31,762
263,31,508
264,31,825
265,31,430
266,31,127
267,31,331
268,31,138
269,31,628
270,31,390
271,31,523
272,31,439
273,31,223
274,31,549
275,31,214
276,31,293
277,31,545
278,31,503
279,31,797
280,31,951
281,31,294
282,31,216
283,31,869
284,31,578
285,31,204
286,31,931
287,31,697
288,31,905
289,31,709
290,31,656
291,31,171
292,31,688
293,31,141
294,31,541
295,31,630
296,31,302
297,31,535
298,31,241
299,31,120
300,31,454
301,31,716
302,31,73
303,31,663
304,31,511
305,31,298
306,31,819
307,31,257
308,31,379
309,31,420
310,31,822
311,31,526
312,31,315
313,31,462
314,31,837
315,31,813
316,31,119
317,31,424
318,31,668
319,31,728
320,31,542
321,31,632
322,31,874
323,31,496
324,31,8
325,31,165
326,31,378
327,31,691
328,31,99
329,31,380
330,31,78
331,31,285
332,31,889
333,31,714
334,31,792
335,31,589
336,31,228
337,31,238
338,31,70
339,31,701
340,31,947
341,31,693
342,31,240
343,31,133
344,31,56
345,31,1005
346,31,824
347,31,475
348,31,769
349,31,976
350,31,375
351,31,156
352,31,912
353,31,519
354,31,442
355,31,707
356,31,926
357,31,799
358,31,552
359,31,499
360,31,453
361,31,460
362,31,1012
363,31,501
364,31,859
365,31,893
366,31,678
367,31,178
368,31,681
369,31,163
370,31,131
371,31,922
372,31,42
373,31,652
374,31,45
375,31,858
376,31,751
377,31,4
378,31,851
379,31,706
380,31,559
381,31,546
382,31,641
383,31,657
384,31,682
385,31,305
386,31,568
387,31,828
388,31,892
389,31,744
390,31,343
391,31,888
392,31,780
393,31,875
394,31,830
395,31,254
396,31,43
397,31,749
398,31,377
399,31,211
0,32,269
1,32,150
2,32,475
3,32,652
4,32,538
5,32,954
6,32,1006
7,32,695
8,32,311
9,32,464
10,32,524
11,32,141
12,32,315
13,32,786
14,32,439
15,32,616
16,32,782
17,32,1008
18,32,520
19,32,377
20,32,742
21,32,0
22,32,554
23,32,231
24,32,713
25,32,438
26,32,154
27,32,287
28,32,902
29,32,78
30,32,462
31,32,460
32,32,1013
33,32,156
34,32,772
35,32,149
36,32,470
37,32,380
38,32,816
39,32,685
40,32,1001
41,32,731
42,32,665
43,32,110
44,32,67
45,32,838
46,32,886
47,32,274
48,32,690
49,32,767
50,32,523
51,32,722
52,32,783
53,32,487
54,32,933
55,32,941
56,32,569
57,32,264
58,32,375
59,32,587
60,32,841
61,32,476
62,32,904
63,32,847
64,32,775
65,32,519
66,32,589
67,32,877
68,32,432
69,32,716
70,32,623
71,32,331
72,32,649
73,32,1010
74,32,214
75,32,506
76,32,583
77,32,297
78,32,710
79,32,691
80,32,923
81,32,780
82,32,324
83,32,99
84,32,283
85,32,539
86,32,858
87,32,184
88,32,966
89,32,719
90,32,844
91,32,138
92,32,721
93,32,221
94,32,887
95,32,823
96,32,310
97,32,852
98,32,435
99,32,584
100,32,885
101,32,770
102,32,560
103,32,556
104,32,570
105,32,614
106,32,137
107,32,298
108,32,237
109,32,657
110,32,210
111,32,449
112,32,60
113,32,822
114,32,466
115,32,450
116,32,88
117,32,44
118,32,69
119,32,638
120,32,868
121,32,399
122,32,536
123,32,845
124,32,144
125,32,334
126,32,73
127,32,516
128,32,430
129,32,267
130,32,687
131,32,985
132,32,16
133,32,486
134,32,588
135,32,112
136,32,711
137,32,977
138,32,136
139,32,533
140,32,250
141,32,758
142,32,607
143,32,114
144,32,76
145,32,663
146,32,851
147,32,244
148,32,190
149,32,133
150,32,955
151,32,550
152,32,534
153,32,319
154,32,108
155,32,631
156,32,42
157,32,953
158,32,599
159,32,785
160,32,105
161,32,537
162,32,89
163,32,98
164,32,433
165,32,35
166,32,277
167,32,806
168,32,905
169,32,689
170,32,493
171,32,473
172,32,265
173,32,165
174,32,865
175,32,757
176,32,40
177,32,664
178,32,878
179,32,326
180,32,1003
181,32,920
182,32,784
183,32,606
184,32,261
185,32,501
186,32,843
187,32,20
188,32,256
189,32,743
190,32,437
191,32,622
192,32,207
193,32,970
194,32,580
195,32,938
196,32,330
197,32,957
198,32,597
199,32,309
200,32,601
201,32,659
202,32,980
203,32,705
204,32,81
205,32,220
206,32,708
207,32,201
208,32,571
209,32,661
210,32,218
211,32,667
212,32,864
213,32,134
214,32,178
215,32,2
216,32,916
217,32,740
218,32,566
219,32,673
220,32,952
221,32,109
222,32,92
223,32,752
224,32,627
225,32,579
226,32,856
227,32,1020
228,32,171
229,32,835
230,32,251
231,32,27
232,32,36
233,32,185
234,32,889
235,32,219
236,32,477
237,32,155
238,32,931
239,32,393
240,32,205
241,32,494
242,32,441
243,32,794
244,32,532
245,32,935
246,32,813
247,32,423
248,32,113
249,32,318
250,32,373
251,32,982
252,32,254
253,32,118
254,32,148
255,32,160
256,32,312
257,32,855
258,32,1
259,32,965
260,32,34
261,32,617
262,32,763
263,32,509
264,32,826
265,32,431
266,32,127
267,32,299
268,32,106
269,32,628
270,32,390
271,32,555
272,32,440
273,32,223
274,32,549
275,32,215
276,32,292
277,32,545
278,32,503
279,32,797
280,32,951
281,32,294
282,32,216
283,32,869
284,32,546
285,32,204
286,32,963
287,32,697
288,32,873
289,32,709
290,32,624
291,32,170
292,32,656
293,32,140
294,32,541
295,32,630
296,32,301
297,32,535
298,32,241
299,32,121
300,32,454
301,32,715
302,32,74
303,32,662
304,32,511
305,32,266
306,32,820
307,32,289
308,32,347
309,32,420
310,32,790
311,32,527
312,32,316
313,32,463
314,32,837
315,32,814
316,32,119
317,32,424
318,32,668
319,32,728
320,32,574
321,32,632
322,32,906
323,32,496
324,32,8
325,32,197
326,32,379
327,32,723
328,32,131
329,32,412
330,32,77
331,32,285
332,32,921
333,32,682
334,32,792
335,32,557
336,32,228
337,32,238
338,32,70
339,32,701
340,32,947
341,32,694
342,32,272
343,32,101
344,32,55
345,32,1005
346,32,824
347,32,443
348,32,737
349,32,976
350,32,407
351,32,124
352,32,912
353,32,518
354,32,442
355,32,707
356,32,958
357,32,799
358,32,552
359,32,499
360,32,453
361,32,461
362,32,1012
363,32,469
364,32,891
365,32,893
366,32,677
367,32,179
368,32,681
369,32,164
370,32,163
371,32,922
372,32,10
373,32,651
374,32,45
375,32,890
376,32,751
377,32,3
378,32,819
379,32,738
380,32,559
381,32,514
382,32,641
383,32,658
384,32,683
385,32,305
386,32,568
387,32,828
388,32,892
389,32,776
390,32,343
391,32,888
392,32,781
393,32,875
394,32,862
395,32,286
396,32,43
397,32,717
398,32,378
399,32,243
0,33,301
1,33,150
2,33,476
3,33,651
4,33,506
5,33,954
6,33,1006
7,33,696
8,33,311
9,33,463
10,33,524
11,33,109
12,33,283
13,33,786
14,33,471
15,33,584
16,33,783
17,33,1008
18,33,521
19,33,345
20,33,742
21,33,0
22,33,554
23,33,230
24,33,713
25,33,406
26,33,155
27,33,255
28,33,901
29,33,110
30,33,430
31,33,492
32,33,1013
33,33,124
34,33,771
35,33,149
36,33,438
37,33,348
38,33,848
39,33,653
40,33,1000
41,33,699
42,33,665
43,33,142
44,33,67
45,33,837
46,33,885
47,33,273
48,33,658
49,33,767
50,33,523
51,33,754
52,33,815
53,33,519
54,33,933
55,33,940
56,33,537
57,33,265
58,33,407
59,33,555
60,33,840
61,33,477
62,33,872
63,33,847
64,33,775
65,33,520
66,33,589
67,33,877
68,33,432
69,33,717
70,33,622
71,33,363
72,33,649
73,33,1010
74,33,215
75,33,507
76,33,615
77,33,329
78,33,678
79,33,690
80,33,922
81,33,781
82,33,356
83,33,99
84,33,284
85,33,538
86,33,859
87,33,185
88,33,966
89,33,720
90,33,876
91,33,170
92,33,753
93,33,220
94,33,888
95,33,824
96,33,278
97,33,820
98,33,435
99,33,585
100,33,884
101,33,802
102,33,560
103,33,588
104,33,571
105,33,614
106,33,137
107,33,299
108,33,238
109,33,656
110,33,178
111,33,449
112,33,60
113,33,823
114,33,434
115,33,450
116,33,89
117,33,12
118,33,37
119,33,639
120,33,868
121,33,400
122,33,568
123,33,844
124,33,176
125,33,334
126,33,105
127,33,516
128,33,398
129,33,266
130,33,719
131,33,985
132,33,16
133,33,487
134,33,587
135,33,80
136,33,710
137,33,978
138,33,168
139,33,501
140,33,250
141,33,790
142,33,607
143,33,114
144,33,44
145,33,662
146,33,852
147,33,212
148,33,190
149,33,101
150,33,955
151,33,550
152,33,534
153,33,319
154,33,76
155,33,663
156,33,10
157,33,952
158,33,600
159,33,785
160,33,104
161,33,536
162,33,121
163,33,98
164,33,433
165,33,35
166,33,277
167,33,838
168,33,904
169,33,657
170,33,461
171,33,473
172,33,297
173,33,165
174,33,865
175,33,758
176,33,41
177,33,664
178,33,878
179,33,326
180,33,1003
181,33,920
182,33,816
183,33,638
184,33,261
185,33,502
186,33,843
187,33,20
188,33,256
189,33,743
190,33,437
191,33,590
192,33,239
193,33,970
194,33,580
195,33,938
196,33,362
197,33,957
198,33,565
199,33,309
200,33,601
201,33,691
202,33,980
203,33,737
204,33,81
205,33,252
206,33,740
207,33,201
208,33,539
209,33,660
210,33,218
211,33,667
212,33,896
213,33,135
214,33,179
215,33,1
216,33,916
217,33,772
218,33,566
219,33,705
220,33,984
221,33,77
222,33,92
223,33,752
224,33,627
225,33,578
226,33,855
227,33,1020
228,33,171
229,33,835
230,33,251
231,33,27
232,33,36
233,33,153
234,33,857
235,33,219
236,33,445
237,33,156
238,33,932
239,33,392
240,33,205
241,33,494
242,33,409
243,33,794
244,33,532
245,33,967
246,33,812
247,33,423
248,33,112
249,33,318
250,33,373
251,33,982
252,33,286
253,33,86
254,33,148
255,33,160
256,33,344
257,33,854
258,33,33
259,33,965
260,33,34
261,33,616
262,33,763
263,33,509
264,33,827
265,33,399
266,33,127
267,33,267
268,33,74
269,33,628
270,33,390
271,33,556
272,33,408
273,33,223
274,33,549
275,33,183
276,33,260
277,33,545
278,33,503
279,33,797
280,33,951
281,33,294
282,33,216
283,33,869
284,33,514
285,33,204
286,33,931
287,33,697
288,33,874
289,33,708
290,33,592
291,33,202
292,33,624
293,33,140
294,33,541
295,33,630
296,33,333
297,33,535
298,33,241
299,33,122
300,33,454
301,33,747
302,33,73
303,33,661
304,33,511
305,33,234
306,33,821
307,33,321
308,33,347
309,33,420
310,33,822
311,33,527
312,33,315
313,33,431
314,33,836
315,33,813
316,33,119
317,33,424
318,33,668
319,33,728
320,33,606
321,33,632
322,33,905
323,33,496
324,33,8
325,33,197
326,33,380
327,33,722
328,33,132
329,33,444
330,33,78
331,33,285
332,33,921
333,33,683
334,33,792
335,33,525
336,33,228
337,33,206
338,33,70
339,33,701
340,33,947
341,33,695
342,33,304
343,33,69
344,33,54
345,33,1005
346,33,856
347,33,443
348,33,738
349,33,976
350,33,439
351,33,123
352,33,912
353,33,486
354,33,442
355,33,707
356,33,990
357,33,799
358,33,552
359,33,499
360,33,453
361,33,460
362,33,1012
363,33,468
364,33,923
365,33,893
366,33,709
367,33,147
368,33,681
369,33,164
370,33,162
371,33,890
372,33,9
373,33,650
374,33,45
375,33,858
376,33,751
377,33,2
378,33,851
379,33,770
380,33,559
381,33,482
382,33,673
383,33,659
384,33,684
385,33,305
386,33,569
387,33,828
388,33,892
389,33,776
390,33,343
391,33,889
392,33,782
393,33,875
394,33,862
395,33,287
396,33,43
397,33,685
398,33,379
399,33,244
0,34,301
1,34,150
2,34,477
3,34,683
4,34,507
5,34,954
6,34,1006
7,34,664
8,34,311
9,34,463
10,34,556
11,34,108
12,34,251
13,34,787
14,34,503
15,34,584
16,34,784
17,34,1008
18,34,553
19,34,313
20,34,710
21,34,0
22,34,554
23,34,230
24,34,713
25,34,374
26,34,155
27,34,287
28,34,901
29,34,109
30,34,398
31,34,492
32,34,1013
33,34,123
34,34,739
35,34,149
36,34,438
37,34,380
38,34,847
39,34,652
40,34,999
41,34,667
42,34,665
43,34,110
44,34,67
45,34,836
46,34,884
47,34,272
48,34,626
49,34,767
50,34,524
51,34,786
52,34,783
53,34,518
54,34,934
55,34,939
56,34,537
57,34,233
58,34,439
59,34,523
60,34,839
61,34,445
62,34,840
63,34,815
64,34,775
65,34,521
66,34,588
67,34,877
68,34,433
69,34,749
70,34,621
71,34,363
72,34,617
73,34,1010
74,34,216
75,34,475
76,34,616
77,34,297
78,34,677
79,34,689
80,34,923
81,34,782
82,34,356
83,34,99
84,34,283
85,34,538
86,34,858
87,34,186
88,34,966
89,34,719
90,34,908
91,34,170
92,34,785
93,34,220
94,34,889
95,34,856
96,34,279
97,34,819
98,34,435
99,34,585
100,34,916
101,34,801
102,34,528
103,34,620
104,34,539
105,34,614
106,34,137
107,34,299
108,34,239
109,34,655
110,34,177
111,34,449
112,34,60
113,34,791
114,34,434
115,34,450
116,34,121
117,34,44
118,34,5
119,34,607
120,34,868
121,34,432
122,34,569
123,34,812
124,34,176
125,34,334
126,34,104
127,34,516
128,34,399
129,34,265
130,34,751
131,34,986
132,34,16
133,34,519
134,34,619
135,34,48
136,34,678
137,34,978
138,34,167
139,34,469
140,34,250
141,34,822
142,34,575
143,34,114
144,34,76
145,34,661
146,34,852
147,34,211
148,34,190
149,34,100
150,34,987
151,34,550
152,34,534
153,34,319
154,34,75
155,34,695
156,34,11
157,34,952
158,34,599
159,34,817
160,34,103
161,34,504
162,34,120
163,34,98
164,34,401
165,34,35
166,34,277
167,34,838
168,34,903
169,34,658
170,34,462
171,34,473
172,34,298
173,34,165
174,34,865
175,34,790
176,34,42
177,34,663
178,34,878
179,34,326
180,34,1003
181,34,920
182,34,816
183,34,670
184,34,261
185,34,501
186,34,843
187,34,20
188,34,256
189,34,743
190,34,437
191,34,589
192,34,207
193,34,970
194,34,580
195,34,938
196,34,394
197,34,957
198,34,533
199,34,309
200,34,600
201,34,723
202,34,980
203,34,769
204,34,80
205,34,284
206,34,741
207,34,201
208,34,540
209,34,692
210,34,218
211,34,668
212,34,928
213,34,135
214,34,179
215,34,33
216,34,915
217,34,772
218,34,566
219,34,737
220,34,985
221,34,77
222,34,124
223,34,753
224,34,659
225,34,610
226,34,854
227,34,1020
228,34,171
229,34,867
230,34,252
231,34,27
232,34,36
233,34,185
234,34,857
235,34,219
236,34,413
237,34,157
238,34,933
239,34,424
240,34,205
241,34,494
242,34,410
243,34,794
244,34,532
245,34,968
246,34,811
247,34,422
248,34,112
249,34,350
250,34,373
251,34,982
252,34,318
253,34,87
254,34,116
255,34,160
256,34,345
257,34,886
258,34,34
259,34,965
260,34,66
261,34,648
262,34,763
263,34,509
264,34,827
265,34,431
266,34,127
267,34,267
268,34,74
269,34,627
270,34,390
271,34,555
272,34,376
273,34,223
274,34,549
275,34,215
276,34,259
277,34,545
278,34,502
279,34,797
280,34,951
281,34,294
282,34,217
283,34,869
284,34,482
285,34,204
286,34,930
287,34,697
288,34,842
289,34,707
290,34,560
291,34,202
292,34,656
293,34,140
294,34,541
295,34,630
296,34,332
297,34,535
298,34,241
299,34,154
300,34,453
301,34,746
302,34,41
303,34,629
304,34,511
305,34,235
306,34,821
307,34,353
308,34,348
309,34,420
310,34,823
311,34,527
312,34,315
313,34,430
314,34,835
315,34,813
316,34,119
317,34,423
318,34,669
319,34,728
320,34,638
321,34,632
322,34,904
323,34,496
324,34,8
325,34,197
326,34,381
327,34,690
328,34,132
329,34,476
330,34,78
331,34,285
332,34,921
333,34,684
334,34,792
335,34,493
336,34,228
337,34,238
338,34,70
339,34,701
340,34,947
341,34,696
342,34,336
343,34,37
344,34,54
345,34,1005
346,34,888
347,34,444
348,34,738
349,34,976
350,34,471
351,34,122
352,34,912
353,34,454
354,34,442
355,34,706
356,34,991
357,34,799
358,34,552
359,34,499
360,34,485
361,34,460
362,34,1012
363,34,436
364,34,955
365,34,893
366,34,708
367,34,148
368,34,681
369,34,164
370,34,162
371,34,922
372,34,10
373,34,649
374,34,45
375,34,826
376,34,752
377,34,1
378,34,850
379,34,802
380,34,559
381,34,483
382,34,673
383,34,660
384,34,716
385,34,305
386,34,601
387,34,828
388,34,892
389,34,776
390,34,343
391,34,890
392,34,814
393,34,875
394,34,862
395,34,286
396,34,43
397,34,653
398,34,347
399,34,245
0,35,301
1,35,150
2,35,445
3,35,683
4,35,475
5,35,954
6,35,1006
7,35,665
8,35,311
9,35,463
10,35,556
11,35,107
12,35,219
13,35,786
14,35,535
15,35,585
16,35,816
17,35,1008
18,35,521
19,35,281
20,35,710
21,35,0
22,35,554
23,35,230
24,35,713
25,35,342
26,35,123
27,35,287
28,35,901
29,35,141
30,35,366
31,35,492
32,35,1013
33,35,122
34,35,738
35,35,149
36,35,439
37,35,379
38,35,879
39,35,653
40,35,998
41,35,635
42,35,633
43,35,109
44,35,67
45,35,835
46,35,883
47,35,240
48,35,594
49,35,767
50,35,524
51,35,818
52,35,784
53,35,486
54,35,933
55,35,971
56,35,537
57,35,265
58,35,471
59,35,491
60,35,839
61,35,444
62,35,841
63,35,847
64,35,775
65,35,520
66,35,587
67,35,877
68,35,432
69,35,749
70,35,620
71,35,363
72,35,649
73,35,1010
74,35,215
75,35,474
76,35,616
77,35,297
78,35,645
79,35,688
80,35,891
81,35,783
82,35,356
83,35,131
84,35,283
85,35,538
86,35,857
87,35,186
88,35,934
89,35,687
90,35,909
91,35,170
92,35,817
93,35,220
94,35,890
95,35,888
96,35,280
97,35,851
98,35,435
99,35,617
100,35,884
101,35,802
102,35,529
103,35,652
104,35,507
105,35,614
106,35,137
107,35,267
108,35,239
109,35,654
110,35,145
111,35,449
112,35,60
113,35,790
114,35,434
115,35,451
116,35,153
117,35,44
118,35,37
119,35,606
120,35,900
121,35,431
122,35,601
123,35,780
124,35,176
125,35,334
126,35,103
127,35,516
128,35,400
129,35,264
130,35,750
131,35,985
132,35,16
133,35,518
134,35,619
135,35,47
136,35,677
137,35,978
138,35,199
139,35,468
140,35,250
141,35,823
142,35,607
143,35,114
144,35,108
145,35,693
146,35,852
147,35,243
148,35,190
149,35,99
150,35,1019
151,35,550
152,35,534
153,35,319
154,35,75
155,35,695
156,35,11
157,35,952
158,35,599
159,35,849
160,35,135
161,35,504
162,35,120
163,35,98
164,35,433
165,35,35
166,35,277
167,35,838
168,35,902
169,35,626
170,35,462
171,35,473
172,35,298
173,35,165
174,35,865
175,35,822
176,35,74
177,35,663
178,35,878
179,35,326
180,35,1003
181,35,921
182,35,848
183,35,669
184,35,261
185,35,502
186,35,843
187,35,20
188,35,256
189,35,743
190,35,437
191,35,557
192,35,206
193,35,970
194,35,580
195,35,938
196,35,426
197,35,957
198,35,501
199,35,309
200,35,568
201,35,755
202,35,980
203,35,768
204,35,80
205,35,316
206,35,709
207,35,201
208,35,539
209,35,691
210,35,218
211,35,667
212,35,960
213,35,167
214,35,179
215,35,65
216,35,916
217,35,772
218,35,566
219,35,769
220,35,953
221,35,77
222,35,156
223,35,753
224,35,659
225,35,610
226,35,886
227,35,1020
228,35,171
229,35,868
230,35,251
231,35,27
232,35,36
233,35,184
234,35,825
235,35,187
236,35,381
237,35,157
238,35,965
239,35,392
240,35,205
241,35,494
242,35,378
243,35,794
244,35,532
245,35,969
246,35,810
247,35,423
248,35,112
249,35,351
250,35,373
251,35,982
252,35,350
253,35,88
254,35,117
255,35,160
256,35,345
257,35,885
258,35,2
259,35,966
260,35,34
261,35,647
262,35,763
263,35,509
264,35,827
265,35,430
266,35,127
267,35,235
268,35,73
269,35,627
270,35,390
271,35,555
272,35,377
273,35,223
274,35,549
275,35,214
276,35,227
277,35,545
278,35,503
279,35,797
280,35,951
281,35,294
282,35,216
283,35,869
284,35,450
285,35,204
286,35,930
287,35,698
288,35,842
289,35,675
290,35,528
291,35,202
292,35,656
293,35,140
294,35,541
295,35,598
296,35,331
297,35,536
298,35,241
299,35,155
300,35,454
301,35,745
302,35,41
303,35,630
304,35,511
305,35,203
306,35,821
307,35,385
308,35,380
309,35,420
310,35,791
311,35,527
312,35,315
313,35,398
314,35,803
315,35,813
316,35,119
317,35,424
318,35,668
319,35,728
320,35,670
321,35,632
322,35,903
323,35,496
324,35,8
325,35,197
326,35,382
327,35,658
328,35,132
329,35,477
330,35,110
331,35,285
332,35,922
333,35,685
334,35,792
335,35,461
336,35,228
337,35,237
338,35,70
339,35,701
340,35,947
341,35,697
342,35,368
343,35,38
344,35,54
345,35,1005
346,35,889
347,35,412
348,35,737
349,35,976
350,35,472
351,35,121
352,35,912
353,35,422
354,35,442
355,35,707
356,35,991
357,35,799
358,35,552
359,35,499
360,35,453
361,35,460
362,35,1012
363,35,404
364,35,987
365,35,893
366,35,740
367,35,116
368,35,681
369,35,164
370,35,162
371,35,923
372,35,42
373,35,648
374,35,45
375,35,826
376,35,751
377,35,33
378,35,850
379,35,834
380,35,559
381,35,483
382,35,673
383,35,661
384,35,715
385,35,305
386,35,600
387,35,828
388,35,892
389,35,776
390,35,343
391,35,858
392,35,815
393,35,875
394,35,862
395,35,286
396,35,43
397,35,621
398,35,348
399,35,245
0,36,301
1,36,118
2,36,445
3,36,683
4,36,443
5,36,954
6,36,1006
7,36,666
8,36,311
9,36,463
10,36,557
11,36,106
12,36,187
13,36,786
14,36,567
15,36,617
16,36,784
17,36,1008
18,36,520
19,36,249
20,36,710
21,36,0
22,36,554
23,36,230
24,36,713
25,36,310
26,36,122
27,36,287
28,36,900
29,36,142
30,36,367
31,36,492
32,36,1013
33,36,121
34,36,706
35,36,150
36,36,440
37,36,347
38,36,878
39,36,685
40,36,998
41,36,603
42,36,665
43,36,108
44,36,67
45,36,867
46,36,882
47,36,208
48,36,595
49,36,767
50,36,524
51,36,850
52,36,783
53,36,487
54,36,933
55,36,1003
56,36,537
57,36,266
58,36,472
59,36,459
60,36,839
61,36,476
62,36,842
63,36,815
64,36,775
65,36,552
66,36,586
67,36,877
68,36,432
69,36,749
70,36,619
71,36,363
72,36,648
73,36,1010
74,36,215
75,36,506
76,36,616
77,36,297
78,36,613
79,36,687
80,36,859
81,36,751
82,36,356
83,36,99
84,36,283
85,36,538
86,36,889
87,36,186
88,36,966
89,36,655
90,36,941
91,36,170
92,36,818
93,36,220
94,36,891
95,36,887
96,36,281
97,36,883
98,36,435
99,36,649
100,36,916
101,36,770
102,36,561
103,36,652
104,36,539
105,36,614
106,36,137
107,36,267
108,36,239
109,36,654
110,36,113
111,36,449
112,36,60
113,36,758
114,36,434
115,36,450
116,36,154
117,36,44
118,36,69
119,36,606
120,36,868
121,36,431
122,36,633
123,36,748
124,36,176
125,36,334
126,36,102
127,36,516
128,36,401
129,36,264
130,36,782
131,36,985
132,36,16
133,36,518
134,36,651
135,36,47
136,36,645
137,36,978
138,36,231
139,36,436
140,36,250
141,36,822
142,36,607
143,36,114
144,36,140
145,36,692
146,36,852
147,36,242
148,36,190
149,36,98
150,36,1020
151,36,550
152,36,534
153,36,319
154,36,76
155,36,695
156,36,11
157,36,952
158,36,600
159,36,817
160,36,103
161,36,536
162,36,88
163,36,66
164,36,433
165,36,35
166,36,277
167,36,838
168,36,901
169,36,594
170,36,430
171,36,473
172,36,298
173,36,165
174,36,865
175,36,854
176,36,75
177,36,663
178,36,910
179,36,326
180,36,1004
181,36,921
182,36,847
183,36,668
184,36,261
185,36,501
186,36,843
187,36,20
188,36,256
189,36,743
190,36,437
191,36,525
192,36,238
193,36,971
194,36,580
195,36,938
196,36,458
197,36,957
198,36,469
199,36,309
200,36,569
201,36,787
202,36,980
203,36,800
204,36,80
205,36,317
206,36,709
207,36,201
208,36,571
209,36,690
210,36,218
211,36,667
212,36,960
213,36,135
214,36,179
215,36,97
216,36,915
217,36,772
218,36,566
219,36,768
220,36,953
221,36,77
222,36,156
223,36,753
224,36,691
225,36,610
226,36,885
227,36,1021
228,36,172
229,36,869
230,36,251
231,36,27
232,36,36
233,36,184
234,36,857
235,36,188
236,36,349
237,36,157
238,36,997
239,36,424
240,36,205
241,36,494
242,36,346
243,36,794
244,36,532
245,36,970
246,36,778
247,36,422
248,36,112
249,36,350
250,36,373
251,36,982
252,36,382
253,36,87
254,36,149
255,36,160
256,36,345
257,36,884
258,36,3
259,36,965
260,36,34
261,36,646
262,36,763
263,36,509
264,36,827
265,36,429
266,36,127
267,36,235
268,36,41
269,36,627
270,36,358
271,36,555
272,36,378
273,36,223
274,36,549
275,36,214
276,36,226
277,36,545
278,36,503
279,36,797
280,36,951
281,36,294
282,36,216
283,36,837
284,36,418
285,36,204
286,36,930
287,36,730
288,36,810
289,36,643
290,36,529
291,36,202
292,36,656
293,36,139
294,36,541
295,36,598
296,36,330
297,36,535
298,36,241
299,36,123
300,36,454
301,36,744
302,36,42
303,36,630
304,36,511
305,36,171
306,36,821
307,36,386
308,36,379
309,36,420
310,36,790
311,36,527
312,36,315
313,36,366
314,36,804
315,36,813
316,36,119
317,36,423
318,36,700
319,36,728
320,36,669
321,36,632
322,36,902
323,36,496
324,36,8
325,36,197
326,36,381
327,36,658
328,36,132
329,36,478
330,36,110
331,36,285
332,36,923
333,36,686
334,36,792
335,36,462
336,36,228
337,36,236
338,36,70
339,36,701
340,36,947
341,36,698
342,36,400
343,36,39
344,36,54
345,36,1005
346,36,888
347,36,413
348,36,737
349,36,976
350,36,504
351,36,120
352,36,912
353,36,390
354,36,442
355,36,707
356,36,991
357,36,799
358,36,553
359,36,499
360,36,453
361,36,460
362,36,1012
363,36,403
364,36,1019
365,36,893
366,36,739
367,36,117
368,36,681
369,36,164
370,36,162
371,36,955
372,36,74
373,36,647
374,36,45
375,36,826
376,36,719
377,36,65
378,36,849
379,36,834
380,36,559
381,36,451
382,36,673
383,36,662
384,36,714
385,36,305
386,36,568
387,36,828
388,36,892
389,36,776
390,36,343
391,36,890
392,36,816
393,36,875
394,36,862
395,36,286
396,36,43
397,36,589
398,36,348
399,36,245
0,37,301
1,37,150
2,37,413
3,37,684
4,37,443
5,37,954
6,37,1006
7,37,666
8,37,311
9,37,463
10,37,557
11,37,105
12,37,155
13,37,786
14,37,599
15,37,618
16,37,784
17,37,1008
18,37,520
19,37,217
20,37,710
21,37,0
22,37,586
23,37,230
24,37,713
25,37,278
26,37,123
27,37,287
28,37,932
29,37,142
30,37,335
31,37,492
32,37,1013
33,37,120
34,37,674
35,37,149
36,37,440
37,37,348
38,37,910
39,37,717
40,37,997
41,37,603
42,37,664
43,37,107
44,37,67
45,37,867
46,37,881
47,37,207
48,37,563
49,37,767
50,37,524
51,37,882
52,37,783
53,37,487
54,37,933
55,37,1002
56,37,569
57,37,266
58,37,473
59,37,458
60,37,839
61,37,476
62,37,843
63,37,814
64,37,775
65,37,553
66,37,585
67,37,877
68,37,433
69,37,749
70,37,651
71,37,363
72,37,649
73,37,1010
74,37,215
75,37,506
76,37,616
77,37,297
78,37,581
79,37,719
80,37,891
81,37,752
82,37,356
83,37,99
84,37,283
85,37,538
86,37,921
87,37,186
88,37,966
89,37,654
90,37,973
91,37,170
92,37,818
93,37,220
94,37,890
95,37,887
96,37,249
97,37,883
98,37,435
99,37,617
100,37,948
101,37,770
102,37,560
103,37,652
104,37,539
105,37,614
106,37,137
107,37,267
108,37,239
109,37,622
110,37,81
111,37,449
112,37,60
113,37,757
114,37,434
115,37,450
116,37,122
117,37,44
118,37,101
119,37,606
120,37,868
121,37,399
122,37,665
123,37,748
124,37,176
125,37,302
126,37,102
127,37,516
128,37,402
129,37,264
130,37,781
131,37,985
132,37,16
133,37,518
134,37,683
135,37,47
136,37,613
137,37,978
138,37,263
139,37,404
140,37,250
141,37,790
142,37,607
143,37,114
144,37,141
145,37,691
146,37,852
147,37,242
148,37,190
149,37,66
150,37,1019
151,37,550
152,37,534
153,37,319
154,37,108
155,37,695
156,37,11
157,37,952
158,37,601
159,37,785
160,37,104
161,37,537
162,37,56
163,37,65
164,37,401
165,37,35
166,37,277
167,37,838
168,37,900
169,37,595
170,37,431
171,37,441
172,37,298
173,37,165
174,37,865
175,37,854
176,37,76
177,37,631
178,37,942
179,37,326
180,37,1003
181,37,920
182,37,815
183,37,667
184,37,261
185,37,533
186,37,844
187,37,20
188,37,256
189,37,711
190,37,437
191,37,525
192,37,237
193,37,939
194,37,580
195,37,938
196,37,490
197,37,957
198,37,470
199,37,309
200,37,568
201,37,788
202,37,980
203,37,832
204,37,80
205,37,318
206,37,709
207,37,201
208,37,571
209,37,722
210,37,218
211,37,699
212,37,960
213,37,135
214,37,179
215,37,129
216,37,915
217,37,772
218,37,566
219,37,800
220,37,953
221,37,77
222,37,156
223,37,753
224,37,723
225,37,610
226,37,884
227,37,1020
228,37,171
229,37,870
230,37,251
231,37,27
232,37,36
233,37,184
234,37,857
235,37,187
236,37,317
237,37,157
238,37,996
239,37,423
240,37,205
241,37,494
242,37,347
243,37,794
244,37,532
245,37,971
246,37,777
247,37,390
248,37,112
249,37,350
250,37,373
251,37,982
252,37,414
253,37,88
254,37,148
255,37,160
256,37,345
257,37,916
258,37,4
259,37,965
260,37,34
261,37,678
262,37,763
263,37,509
264,37,827
265,37,429
266,37,127
267,37,235
268,37,9
269,37,627
270,37,357
271,37,555
272,37,379
273,37,223
274,37,549
275,37,214
276,37,226
277,37,545
278,37,503
279,37,797
280,37,951
281,37,294
282,37,216
283,37,869
284,37,417
285,37,204
286,37,930
287,37,730
288,37,842
289,37,642
290,37,497
291,37,202
292,37,656
293,37,140
294,37,541
295,37,630
296,37,329
297,37,535
298,37,241
299,37,91
300,37,454
301,37,743
302,37,41
303,37,662
304,37,511
305,37,139
306,37,821
307,37,386
308,37,380
309,37,420
310,37,758
311,37,527
312,37,315
313,37,334
314,37,836
315,37,813
316,37,151
317,37,422
318,37,668
319,37,728
320,37,701
321,37,632
322,37,901
323,37,496
324,37,8
325,37,197
326,37,382
327,37,658
328,37,132
329,37,510
330,37,110
331,37,285
332,37,924
333,37,687
334,37,792
335,37,430
336,37,228
337,37,236
338,37,70
339,37,700
340,37,947
341,37,698
342,37,432
343,37,39
344,37,54
345,37,1005
346,37,856
347,37,381
348,37,737
349,37,976
350,37,536
351,37,119
352,37,912
353,37,358
354,37,442
355,37,707
356,37,991
357,37,799
358,37,554
359,37,499
360,37,453
361,37,460
362,37,1012
363,37,371
364,37,1018
365,37,893
366,37,738
367,37,85
368,37,681
369,37,164
370,37,162
371,37,923
372,37,106
373,37,646
374,37,45
375,37,826
376,37,751
377,37,97
378,37,849
379,37,834
380,37,559
381,37,419
382,37,673
383,37,663
384,37,682
385,37,305
386,37,567
387,37,828
388,37,892
389,37,776
390,37,343
391,37,889
392,37,817
393,37,875
394,37,862
395,37,286
396,37,43
397,37,588
398,37,349
399,37,245
0,38,301
1,38,150
2,38,381
3,38,683
4,38,443
5,38,954
6,38,1006
7,38,667
8,38,311
9,38,463
10,38,557
11,38,105
12,38,187
13,38,786
14,38,600
15,38,618
16,38,784
17,38,1008
18,38,520
19,38,185
20,38,710
21,38,0
22,38,554
23,38,230
24,38,713
25,38,246
26,38,155
27,38,287
28,38,933
29,38,142
30,38,303
31,38,492
32,38,1013
33,38,119
34,38,642
35,38,149
36,38,440
37,38,380
38,38,909
39,38,717
40,38,997
41,38,603
42,38,665
43,38,108
44,38,67
45,38,867
46,38,880
47,38,206
48,38,564
49,38,767
50,38,524
51,38,914
52,38,783
53,38,487
54,38,934
55,38,1002
56,38,537
57,38,266
58,38,474
59,38,426
60,38,839
61,38,476
62,38,844
63,38,782
64,38,775
65,38,521
66,38,584
67,38,877
68,38,432
69,38,749
70,38,650
71,38,363
72,38,649
73,38,1010
74,38,215
75,38,506
76,38,616
77,38,297
78,38,580
79,38,751
80,38,891
81,38,753
82,38,356
83,38,99
84,38,283
85,38,538
86,38,953
87,38,186
88,38,966
89,38,686
90,38,973
91,38,170
92,38,850
93,38,220
94,38,858
95,38,887
96,38,250
97,38,851
98,38,435
99,38,617
100,38,916
101,38,770
102,38,560
103,38,652
104,38,539
105,38,614
106,38,137
107,38,267
108,38,239
109,38,654
110,38,81
111,38,449
112,38,60
113,38,725
114,38,434
115,38,450
116,38,123
117,38,44
118,38,101
119,38,606
120,38,868
121,38,431
122,38,666
123,38,748
124,38,176
125,38,334
126,38,102
127,38,516
128,38,403
129,38,264
130,38,780
131,38,986
132,38,16
133,38,518
134,38,651
135,38,47
136,38,581
137,38,978
138,38,295
139,38,404
140,38,218
141,38,758
142,38,607
143,38,114
144,38,173
145,38,723
146,38,852
147,38,242
148,38,190
149,38,65
150,38,987
151,38,550
152,38,534
153,38,319
154,38,76
155,38,695
156,38,11
157,38,952
158,38,602
159,38,785
160,38,104
161,38,536
162,38,88
163,38,97
164,38,433
165,38,35
166,38,277
167,38,838
168,38,932
169,38,563
170,38,430
171,38,473
172,38,298
173,38,165
174,38,865
175,38,854
176,38,77
177,38,663
178,38,910
179,38,326
180,38,1003
181,38,921
182,38,814
183,38,699
184,38,261
185,38,565
186,38,845
187,38,20
188,38,256
189,38,743
190,38,437
191,38,525
192,38,237
193,38,971
194,38,612
195,38,938
196,38,490
197,38,957
198,38,471
199,38,309
200,38,569
201,38,820
202,38,980
203,38,864
204,38,80
205,38,350
206,38,709
207,38,201
208,38,571
209,38,722
210,38,217
211,38,731
212,38,960
213,38,135
214,38,179
215,38,161
216,38,947
217,38,772
218,38,566
219,38,832
220,38,985
221,38,78
222,38,156
223,38,754
224,38,755
225,38,609
226,38,883
227,38,1020
228,38,171
229,38,902
230,38,251
231,38,27
232,38,36
233,38,184
234,38,857
235,38,219
236,38,285
237,38,157
238,38,996
239,38,422
240,38,205
241,38,494
242,38,315
243,38,794
244,38,532
245,38,972
246,38,777
247,38,358
248,38,112
249,38,351
250,38,373
251,38,982
252,38,413
253,38,87
254,38,148
255,38,160
256,38,345
257,38,915
258,38,5
259,38,965
260,38,34
261,38,646
262,38,763
263,38,509
264,38,827
265,38,429
266,38,127
267,38,235
268,38,9
269,38,627
270,38,325
271,38,555
272,38,347
273,38,223
274,38,549
275,38,214
276,38,226
277,38,545
278,38,503
279,38,797
280,38,951
281,38,294
282,38,216
283,38,869
284,38,385
285,38,204
286,38,930
287,38,730
288,38,842
289,38,610
290,38,465
291,38,202
292,38,656
293,38,140
294,38,541
295,38,630
296,38,361
297,38,535
298,38,241
299,38,92
300,38,454
301,38,742
302,38,41
303,38,662
304,38,511
305,38,107
306,38,821
307,38,386
308,38,379
309,38,420
310,38,757
311,38,527
312,38,316
313,38,333
314,38,837
315,38,813
316,38,151
317,38,421
318,38,668
319,38,728
320,38,733
321,38,632
322,38,900
323,38,496
324,38,8
325,38,197
326,38,382
327,38,658
328,38,132
329,38,542
330,38,110
331,38,284
332,38,925
333,38,688
334,38,792
335,38,398
336,38,228
337,38,236
338,38,70
339,38,701
340,38,946
341,38,698
342,38,464
343,38,39
344,38,54
345,38,1005
346,38,856
347,38,349
348,38,769
349,38,976
350,38,568
351,38,118
352,38,912
353,38,357
354,38,442
355,38,707
356,38,991
357,38,799
358,38,553
359,38,499
360,38,453
361,38,460
362,38,1012
363,38,339
364,38,1018
365,38,893
366,38,737
367,38,85
368,38,681
369,38,164
370,38,162
371,38,922
372,38,106
373,38,645
374,38,45
375,38,826
376,38,752
377,38,129
378,38,849
379,38,834
380,38,559
381,38,387
382,38,673
383,38,664
384,38,682
385,38,305
386,38,567
387,38,828
388,38,892
389,38,776
390,38,343
391,38,890
392,38,818
393,38,875
394,38,862
395,38,286
396,38,43
397,38,556
398,38,348
399,38,245
0,39,301
1,39,150
2,39,349
3,39,683
4,39,443
5,39,954
6,39,1006
7,39,668
8,39,311
9,39,463
10,39,557
11,39,105
12,39,187
13,39,786
14,39,601
15,39,618
16,39,784
17,39,1008
18,39,520
19,39,185
20,39,710
21,39,0
22,39,554
23,39,230
24,39,713
25,39,246
26,39,155
27,39,287
28,39,901
29,39,142
30,39,304
31,39,492
32,39,1013
33,39,118
34,39,643
35,39,149
36,39,440
37,39,380
38,39,908
39,39,717
40,39,997
41,39,604
42,39,665
43,39,76
44,39,67
45,39,867
46,39,879
47,39,174
48,39,565
49,39,767
50,39,523
51,39,915
52,39,783
53,39,487
54,39,933
55,39,1002
56,39,505
57,39,266
58,39,474
59,39,394
60,39,839
61,39,476
62,39,845
63,39,814
64,39,775
65,39,521
66,39,584
67,39,876
68,39,400
69,39,749
70,39,650
71,39,363
72,39,649
73,39,1010
74,39,215
75,39,506
76,39,616
77,39,297
78,39,548
79,39,750
80,39,891
81,39,754
82,39,356
83,39,99
84,39,284
85,39,538
86,39,985
87,39,186
88,39,966
89,39,686
90,39,941
91,39,170
92,39,849
93,39,220
94,39,890
95,39,887
96,39,251
97,39,883
98,39,435
99,39,617
100,39,884
101,39,770
102,39,560
103,39,652
104,39,539
105,39,614
106,39,137
107,39,267
108,39,239
109,39,654
110,39,81
111,39,449
112,39,60
113,39,724
114,39,434
115,39,450
116,39,91
117,39,44
118,39,101
119,39,606
120,39,868
121,39,431
122,39,698
123,39,748
124,39,176
125,39,334
126,39,102
127,39,516
128,39,404
129,39,264
130,39,812
131,39,1018
132,39,16
133,39,518
134,39,619
135,39,47
136,39,580
137,39,978
138,39,294
139,39,405
140,39,250
141,39,757
142,39,607
143,39,114
144,39,173
145,39,723
146,39,851
147,39,242
148,39,190
149,39,97
150,39,955
151,39,550
152,39,534
153,39,319
154,39,75
155,39,695
156,39,11
157,39,952
158,39,603
159,39,785
160,39,104
161,39,504
162,39,120
163,39,98
164,39,432
165,39,35
166,39,277
167,39,838
168,39,931
169,39,531
170,39,462
171,39,473
172,39,298
173,39,165
174,39,865
175,39,854
176,39,45
177,39,663
178,39,878
179,39,358
180,39,1003
181,39,921
182,39,813
183,39,731
184,39,261
185,39,597
186,39,877
187,39,20
188,39,256
189,39,743
190,39,437
191,39,525
192,39,237
193,39,970
194,39,612
195,39,938
196,39,490
197,39,957
198,39,439
199,39,309
200,39,537
201,39,852
202,39,980
203,39,896
204,39,80
205,39,382
206,39,709
207,39,201
208,39,571
209,39,721
210,39,218
211,39,732
212,39,960
213,39,135
214,39,179
215,39,162
216,39,948
217,39,772
218,39,566
219,39,864
220,39,986
221,39,77
222,39,156
223,39,722
224,39,787
225,39,610
226,39,882
227,39,1020
228,39,171
229,39,903
230,39,252
231,39,27
232,39,36
233,39,184
234,39,857
235,39,219
236,39,253
237,39,157
238,39,996
239,39,421
240,39,205
241,39,494
242,39,283
243,39,794
244,39,532
245,39,973
246,39,777
247,39,357
248,39,112
249,39,350
250,39,373
251,39,982
252,39,445
253,39,88
254,39,148
255,39,160
256,39,345
257,39,947
258,39,5
259,39,965
260,39,34
261,39,646
262,39,763
263,39,509
264,39,827
265,39,429
266,39,127
267,39,235
268,39,9
269,39,627
270,39,326
271,39,555
272,39,348
273,39,223
274,39,549
275,39,214
276,39,226
277,39,545
278,39,503
279,39,797
280,39,951
281,39,293
282,39,216
283,39,869
284,39,353
285,39,204
286,39,930
287,39,730
288,39,842
289,39,578
290,39,433
291,39,202
292,39,656
293,39,140
294,39,541
295,39,630
296,39,393
297,39,535
298,39,241
299,39,93
300,39,454
301,39,741
302,39,41
303,39,662
304,39,511
305,39,108
306,39,821
307,39,386
308,39,379
309,39,420
310,39,725
311,39,527
312,39,315
313,39,333
314,39,837
315,39,781
316,39,119
317,39,453
318,39,669
319,39,728
320,39,734
321,39,632
322,39,932
323,39,496
324,39,8
325,39,197
326,39,381
327,39,658
328,39,132
329,39,574
330,39,110
331,39,285
332,39,926
333,39,689
334,39,792
335,39,366
336,39,228
337,39,236
338,39,70
339,39,701
340,39,946
341,39,699
342,39,464
343,39,39
344,39,54
345,39,1005
346,39,856
347,39,317
348,39,768
349,39,976
350,39,569
351,39,117
352,39,912
353,39,325
354,39,442
355,39,707
356,39,991
357,39,799
358,39,552
359,39,499
360,39,485
361,39,460
362,39,1012
363,39,307
364,39,1019
365,39,893
366,39,769
367,39,85
368,39,681
369,39,164
370,39,194
371,39,922
372,39,106
373,39,613
374,39,13
375,39,826
376,39,751
377,39,161
378,39,817
379,39,834
380,39,559
381,39,355
382,39,673
383,39,664
384,39,682
385,39,305
386,39,568
387,39,828
388,39,892
389,39,776
390,39,343
391,39,889
392,39,819
393,39,875
394,39,862
395,39,286
396,39,43
397,39,524
398,39,316
399,39,245
0,40,301
1,40,150
2,40,317
3,40,683
4,40,443
5,40,954
6,40,1006
7,40,669
8,40,311
9,40,463
10,40,557
11,40,105
12,40,187
13,40,786
14,40,633
15,40,618
16,40,784
17,40,1008
18,40,520
19,40,185
20,40,710
21,40,0
22,40,554
23,40,230
24,40,713
25,40,246
26,40,155
27,40,287
28,40,901
29,40,141
30,40,304
31,40,492
32,40,1013
33,40,117
34,40,643
35,40,149
36,40,440
37,40,380
38,40,907
39,40,717
40,40,997
41,40,603
42,40,665
43,40,75
44,40,67
45,40,867
46,40,911
47,40,142
48,40,533
49,40,767
50,40,522
51,40,915
52,40,783
53,40,487
54,40,933
55,40,1002
56,40,504
57,40,266
58,40,474
59,40,362
60,40,839
61,40,476
62,40,813
63,40,815
64,40,775
65,40,521
66,40,584
67,40,877
68,40,432
69,40,781
70,40,650
71,40,363
72,40,649
73,40,1010
74,40,215
75,40,506
76,40,616
77,40,297
78,40,516
79,40,749
80,40,891
81,40,755
82,40,356
83,40,99
84,40,283
85,40,538
86,40,984
87,40,186
88,40,966
89,40,686
90,40,973
91,40,170
92,40,848
93,40,220
94,40,858
95,40,887
96,40,252
97,40,883
98,40,435
99,40,617
100,40,885
101,40,770
102,40,560
103,40,652
104,40,539
105,40,614
106,40,137
107,40,267
108,40,239
109,40,654
110,40,81
111,40,449
112,40,60
113,40,692
114,40,434
115,40,450
116,40,59
117,40,44
118,40,101
119,40,638
120,40,868
121,40,431
122,40,730
123,40,748
124,40,176
125,40,334
126,40,102
127,40,484
128,40,405
129,40,264
130,40,844
131,40,986
132,40,16
133,40,518
134,40,619
135,40,47
136,40,579
137,40,978
138,40,293
139,40,373
140,40,250
141,40,725
142,40,607
143,40,114
144,40,173
145,40,723
146,40,852
147,40,242
148,40,190
149,40,96
150,40,955
151,40,550
152,40,534
153,40,319
154,40,74
155,40,695
156,40,11
157,40,952
158,40,635
159,40,785
160,40,104
161,40,472
162,40,120
163,40,98
164,40,433
165,40,35
166,40,277
167,40,838
168,40,963
169,40,531
170,40,462
171,40,473
172,40,298
173,40,165
174,40,865
175,40,854
176,40,46
177,40,663
178,40,878
179,40,326
180,40,1003
181,40,921
182,40,812
183,40,763
184,40,261
185,40,597
186,40,845
187,40,20
188,40,256
189,40,743
190,40,437
191,40,525
192,40,237
193,40,970
194,40,580
195,40,938
196,40,490
197,40,957
198,40,407
199,40,309
200,40,505
201,40,884
202,40,980
203,40,897
204,40,80
205,40,414
206,40,709
207,40,201
208,40,571
209,40,722
210,40,218
211,40,700
212,40,960
213,40,135
214,40,179
215,40,161
216,40,916
217,40,772
218,40,566
219,40,896
220,40,985
221,40,77
222,40,156
223,40,754
224,40,787
225,40,610
226,40,881
227,40,1020
228,40,171
229,40,904
230,40,253
231,40,27
232,40,36
233,40,184
234,40,857
235,40,219
236,40,221
237,40,157
238,40,996
239,40,422
240,40,205
241,40,494
242,40,251
243,40,794
244,40,532
245,40,974
246,40,777
247,40,358
248,40,112
249,40,318
250,40,374
251,40,982
252,40,477
253,40,88
254,40,148
255,40,160
256,40,345
257,40,946
258,40,5
259,40,965
260,40,34
261,40,646
262,40,762
263,40,509
264,40,827
265,40,429
266,40,127
267,40,235
268,40,9
269,40,627
270,40,325
271,40,555
272,40,349
273,40,223
274,40,549
275,40,214
276,40,226
277,40,545
278,40,503
279,40,797
280,40,951
281,40,292
282,40,216
283,40,869
284,40,321
285,40,204
286,40,930
287,40,731
288,40,842
289,40,546
290,40,401
291,40,202
292,40,656
293,40,140
294,40,541
295,40,630
296,40,392
297,40,535
298,40,241
299,40,93
300,40,454
301,40,740
302,40,41
303,40,662
304,40,511
305,40,76
306,40,821
307,40,386
308,40,379
309,40,420
310,40,724
311,40,527
312,40,315
313,40,333
314,40,837
315,40,780
316,40,119
317,40,421
318,40,670
319,40,728
320,40,766
321,40,632
322,40,931
323,40,496
324,40,8
325,40,197
326,40,381
327,40,658
328,40,132
329,40,606
330,40,110
331,40,284
332,40,894
333,40,689
334,40,792
335,40,367
336,40,228
337,40,236
338,40,70
339,40,701
340,40,945
341,40,699
342,40,464
343,40,39
344,40,54
345,40,1005
346,40,856
347,40,285
348,40,736
349,40,976
350,40,570
351,40,116
352,40,912
353,40,357
354,40,442
355,40,707
356,40,991
357,40,799
358,40,552
359,40,499
360,40,453
361,40,460
362,40,1012
363,40,306
364,40,1018
365,40,893
366,40,768
367,40,85
368,40,681
369,40,164
370,40,162
371,40,922
372,40,106
373,40,581
374,40,45
375,40,826
376,40,751
377,40,193
378,40,849
379,40,834
380,40,559
381,40,355
382,40,673
383,40,664
384,40,682
385,40,305
386,40,568
387,40,828
388,40,892
389,40,776
390,40,343
391,40,890
392,40,820
393,40,875
394,40,862
395,40,286
396,40,43
397,40,523
398,40,348
399,40,245
0,41,301
1,41,150
2,41,318
3,41,683
4,41,443
5,41,954
6,41,1006
7,41,637
8,41,311
9,41,463
10,41,557
11,41,105
12,41,188
13,41,786
14,41,665
15,41,618
16,41,784
17,41,1008
18,41,520
19,41,185
20,41,710
21,41,0
22,41,554
23,41,230
24,41,713
25,41,246
26,41,155
27,41,287
28,41,901
29,41,109
30,41,304
31,41,492
32,41,1013
33,41,116
34,41,643
35,41,149
36,41,440
37,41,380
38,41,906
39,41,717
40,41,997
41,41,603
42,41,664
43,41,107
44,41,67
45,41,867
46,41,911
47,41,141
48,41,534
49,41,767
50,41,523
51,41,915
52,41,783
53,41,487
54,41,933
55,41,1002
56,41,505
57,41,266
58,41,474
59,41,362
60,41,839
61,41,476
62,41,814
63,41,815
64,41,775
65,41,521
66,41,584
67,41,877
68,41,432
69,41,749
70,41,650
71,41,363
72,41,649
73,41,1010
74,41,215
75,41,506
76,41,616
77,41,297
78,41,484
79,41,748
80,41,923
81,41,755
82,41,324
83,41,99
84,41,283
85,41,538
86,41,983
87,41,186
88,41,966
89,41,686
90,41,973
91,41,170
92,41,847
93,41,220
94,41,890
95,41,887
96,41,284
97,41,883
98,41,435
99,41,617
100,41,886
101,41,770
102,41,560
103,41,652
104,41,539
105,41,614
106,41,137
107,41,267
108,41,239
109,41,654
110,41,81
111,41,449
112,41,28
113,41,693
114,41,434
115,41,450
116,41,60
117,41,45
118,41,101
119,41,639
120,41,868
121,41,431
122,41,730
123,41,716
124,41,176
125,41,334
126,41,102
127,41,485
128,41,406
129,41,264
130,41,812
131,41,985
132,41,16
133,41,518
134,41,619
135,41,47
136,41,547
137,41,978
138,41,292
139,41,341
140,41,250
141,41,724
142,41,607
143,41,114
144,41,173
145,41,723
146,41,852
147,41,242
148,41,190
149,41,96
150,41,955
151,41,550
152,41,566
153,41,319
154,41,75
155,41,695
156,41,11
157,41,952
158,41,635
159,41,785
160,41,104
161,41,504
162,41,120
163,41,98
164,41,433
165,41,35
166,41,277
167,41,838
168,41,962
169,41,531
170,41,462
171,41,441
172,41,298
173,41,165
174,41,865
175,41,854
176,41,78
177,41,662
178,41,878
179,41,327
180,41,1003
181,41,921
182,41,811
183,41,762
184,41,261
185,41,597
186,41,844
187,41,20
188,41,256
189,41,743
190,41,437
191,41,525
192,41,237
193,41,970
194,41,612
195,41,938
196,41,490
197,41,957
198,41,408
199,41,309
200,41,473
201,41,916
202,41,980
203,41,898
204,41,80
205,41,414
206,41,709
207,41,201
208,41,571
209,41,754
210,41,218
211,41,668
212,41,960
213,41,135
214,41,179
215,41,161
216,41,948
217,41,772
218,41,598
219,41,897
220,41,953
221,41,77
222,41,156
223,41,753
224,41,787
225,41,610
226,41,880
227,41,1020
228,41,171
229,41,872
230,41,252
231,41,27
232,41,36
233,41,184
234,41,857
235,41,187
236,41,189
237,41,157
238,41,996
239,41,423
240,41,205
241,41,494
242,41,219
243,41,793
244,41,532
245,41,942
246,41,777
247,41,326
248,41,112
249,41,350
250,41,373
251,41,982
252,41,478
253,41,88
254,41,148
255,41,160
256,41,345
257,41,945
258,41,5
259,41,965
260,41,34
261,41,646
262,41,794
263,41,509
264,41,827
265,41,429
266,41,127
267,41,235
268,41,9
269,41,627
270,41,357
271,41,555
272,41,349
273,41,223
274,41,549
275,41,214
276,41,226
277,41,545
278,41,503
279,41,797
280,41,951
281,41,260
282,41,216
283,41,869
284,41,289
285,41,204
286,41,930
287,41,699
288,41,842
289,41,514
290,41,369
291,41,202
292,41,656
293,41,140
294,41,541
295,41,630
296,41,392
297,41,535
298,41,241
299,41,93
300,41,454
301,41,739
302,41,41
303,41,661
304,41,511
305,41,44
306,41,822
307,41,386
308,41,379
309,41,420
310,41,692
311,41,527
312,41,315
313,41,333
314,41,837
315,41,781
316,41,119
317,41,422
318,41,669
319,41,728
320,41,798
321,41,632
322,41,963
323,41,496
324,41,8
325,41,197
326,41,381
327,41,658
328,41,132
329,41,638
330,41,110
331,41,285
332,41,894
333,41,689
334,41,792
335,41,368
336,41,228
337,41,236
338,41,70
339,41,701
340,41,913
341,41,700
342,41,464
343,41,39
344,41,54
345,41,1005
346,41,856
347,41,253
348,41,737
349,41,976
350,41,570
351,41,84
352,41,912
353,41,356
354,41,442
355,41,707
356,41,991
357,41,799
358,41,552
359,41,499
360,41,453
361,41,460
362,41,1012
363,41,274
364,41,1018
365,41,893
366,41,800
367,41,85
368,41,681
369,41,164
370,41,162
371,41,922
372,41,106
373,41,580
374,41,13
375,41,826
376,41,751
377,41,225
378,41,849
379,41,834
380,41,559
381,41,355
382,41,673
383,41,663
384,41,682
385,41,305
386,41,568
387,41,828
388,41,892
389,41,776
390,41,343
391,41,891
392,41,821
393,41,875
394,41,862
395,41,286
396,41,43
397,41,491
398,41,348
399,41,245
0,42,301
1,42,150
2,42,286
3,42,683
4,42,443
5,42,954
6,42,1006
7,42,669
8,42,311
9,42,463
10,42,557
11,42,105
12,42,189
13,42,785
14,42,666
15,42,618
16,42,784
17,42,1008
18,42,520
19,42,185
20,42,710
21,42,0
22,42,554
23,42,230
24,42,713
25,42,246
26,42,155
27,42,287
28,42,901
29,42,110
30,42,304
31,42,492
32,42,1013
33,42,84
34,42,643
35,42,149
36,42,440
37,42,380
38,42,906
39,42,717
40,42,997
41,42,603
42,42,665
43,42,107
44,42,67
45,42,867
46,42,911
47,42,109
48,42,535
49,42,767
50,42,524
51,42,915
52,42,783
53,42,487
54,42,933
55,42,1002
56,42,537
57,42,266
58,42,474
59,42,362
60,42,839
61,42,476
62,42,815
63,42,847
64,42,775
65,42,521
66,42,584
67,42,877
68,42,432
69,42,749
70,42,650
71,42,363
72,42,649
73,42,1010
74,42,215
75,42,506
76,42,616
77,42,297
78,42,484
79,42,747
80,42,891
81,42,755
82,42,356
83,42,99
84,42,283
85,42,538
86,42,983
87,42,186
88,42,966
89,42,686
90,42,973
91,42,170
92,42,879
93,42,220
94,42,890
95,42,888
96,42,252
97,42,883
98,42,435
99,42,617
100,42,887
101,42,770
102,42,560
103,42,652
104,42,539
105,42,614
106,42,137
107,42,267
108,42,239
109,42,654
110,42,81
111,42,449
112,42,60
113,42,725
114,42,434
115,42,450
116,42,61
117,42,44
118,42,101
119,42,638
120,42,868
121,42,431
122,42,730
123,42,748
124,42,176
125,42,334
126,42,102
127,42,517
128,42,407
129,42,264
130,42,812
131,42,985
132,42,16
133,42,518
134,42,619
135,42,47
136,42,546
137,42,978
138,42,324
139,42,340
140,42,250
141,42,723
142,42,607
143,42,114
144,42,173
145,42,691
146,42,852
147,42,210
148,42,190
149,42,96
150,42,955
151,42,550
152,42,534
153,42,319
154,42,75
155,42,695
156,42,11
157,42,952
158,42,635
159,42,817
160,42,104
161,42,504
162,42,120
163,42,98
164,42,433
165,42,35
166,42,277
167,42,838
168,42,961
169,42,531
170,42,462
171,42,409
172,42,298
173,42,165
174,42,865
175,42,854
176,42,46
177,42,663
178,42,878
179,42,295
180,42,1003
181,42,921
182,42,810
183,42,794
184,42,261
185,42,597
186,42,843
187,42,20
188,42,256
189,42,743
190,42,437
191,42,525
192,42,237
193,42,970
194,42,580
195,42,938
196,42,490
197,42,957
198,42,376
199,42,309
200,42,441
201,42,948
202,42,980
203,42,930
204,42,80
205,42,414
206,42,709
207,42,201
208,42,571
209,42,786
210,42,218
211,42,667
212,42,960
213,42,135
214,42,179
215,42,161
216,42,949
217,42,772
218,42,566
219,42,929
220,42,953
221,42,77
222,42,156
223,42,753
224,42,787
225,42,610
226,42,880
227,42,1020
228,42,171
229,42,873
230,42,251
231,42,27
232,42,36
233,42,184
234,42,857
235,42,188
236,42,157
237,42,158
238,42,996
239,42,422
240,42,205
241,42,494
242,42,187
243,42,793
244,42,532
245,42,910
246,42,777
247,42,327
248,42,112
249,42,318
250,42,373
251,42,982
252,42,510
253,42,88
254,42,148
255,42,160
256,42,345
257,42,944
258,42,5
259,42,965
260,42,34
261,42,646
262,42,795
263,42,509
264,42,827
265,42,429
266,42,127
267,42,235
268,42,9
269,42,627
270,42,358
271,42,555
272,42,350
273,42,223
274,42,549
275,42,214
276,42,226
277,42,545
278,42,502
279,42,797
280,42,951
281,42,292
282,42,216
283,42,869
284,42,289
285,42,204
286,42,931
287,42,700
288,42,842
289,42,515
290,42,370
291,42,202
292,42,656
293,42,140
294,42,541
295,42,630
296,42,392
297,42,503
298,42,241
299,42,93
300,42,486
301,42,739
302,42,41
303,42,662
304,42,511
305,42,12
306,42,823
307,42,386
308,42,379
309,42,420
310,42,724
311,42,527
312,42,315
313,42,333
314,42,837
315,42,813
316,42,119
317,42,454
318,42,668
319,42,728
320,42,830
321,42,632
322,42,962
323,42,496
324,42,8
325,42,197
326,42,381
327,42,658
328,42,132
329,42,670
330,42,78
331,42,285
332,42,894
333,42,689
334,42,792
335,42,369
336,42,228
337,42,236
338,42,70
339,42,701
340,42,945
341,42,732
342,42,464
343,42,39
344,42,54
345,42,1005
346,42,856
347,42,221
348,42,737
349,42,976
350,42,570
351,42,52
352,42,912
353,42,357
354,42,442
355,42,707
356,42,991
357,42,799
358,42,552
359,42,499
360,42,453
361,42,460
362,42,1012
363,42,242
364,42,1018
365,42,893
366,42,832
367,42,85
368,42,681
369,42,164
370,42,162
371,42,922
372,42,106
373,42,579
374,42,45
375,42,826
376,42,751
377,42,257
378,42,849
379,42,834
380,42,559
381,42,355
382,42,673
383,42,664
384,42,682
385,42,305
386,42,568
387,42,828
388,42,924
389,42,776
390,42,343
391,42,892
392,42,822
393,42,875
394,42,862
395,42,254
396,42,43
397,42,523
398,42,349
399,42,245
0,43,301
1,43,150
2,43,254
3,43,683
4,43,443
5,43,954
6,43,1006
7,43,668
8,43,311
9,43,463
10,43,557
11,43,105
12,43,188
13,43,786
14,43,698
15,43,618
16,43,784
17,43,1008
18,43,520
19,43,185
20,43,710
21,43,0
22,43,554
23,43,230
24,43,713
25,43,246
26,43,154
27,43,287
28,43,901
29,43,142
30,43,304
31,43,492
32,43,1013
33,43,52
34,43,643
35,43,149
36,43,440
37,43,380
38,43,906
39,43,717
40,43,997
41,43,603
42,43,665
43,43,107
44,43,67
45,43,867
46,43,879
47,43,108
48,43,536
49,43,767
50,43,524
51,43,915
52,43,783
53,43,487
54,43,933
55,43,1002
56,43,537
57,43,266
58,43,474
59,43,362
60,43,839
61,43,476
62,43,816
63,43,848
64,43,775
65,43,521
66,43,584
67,43,877
68,43,432
69,43,749
70,43,650
71,43,363
72,43,649
73,43,1010
74,43,215
75,43,506
76,43,616
77,43,297
78,43,484
79,43,779
80,43,891
81,43,755
82,43,356
83,43,99
84,43,283
85,43,538
86,43,983
87,43,186
88,43,966
89,43,686
90,43,973
91,43,170
92,43,847
93,43,220
94,43,890
95,43,889
96,43,252
97,43,883
98,43,435
99,43,617
100,43,888
101,43,770
102,43,560
103,43,652
104,43,539
105,43,614
106,43,137
107,43,267
108,43,239
109,43,654
110,43,81
111,43,449
112,43,60
113,43,757
114,43,434
115,43,450
116,43,62
117,43,44
118,43,101
119,43,606
120,43,868
121,43,431
122,43,730
123,43,748
124,43,176
125,43,334
126,43,102
127,43,516
128,43,375
129,43,264
130,43,812
131,43,985
132,43,16
133,43,518
134,43,619
135,43,47
136,43,514
137,43,978
138,43,323
139,43,308
140,43,250
141,43,724
142,43,607
143,43,114
144,43,173
145,43,723
146,43,852
147,43,209
148,43,190
149,43,96
150,43,955
151,43,550
152,43,534
153,43,319
154,43,75
155,43,695
156,43,11
157,43,952
158,43,635
159,43,785
160,43,104
161,43,504
162,43,120
163,43,98
164,43,433
165,43,35
166,43,277
167,43,838
168,43,961
169,43,531
170,43,462
171,43,408
172,43,298
173,43,165
174,43,865
175,43,854
176,43,78
177,43,663
178,43,878
179,43,327
180,43,1003
181,43,921
182,43,809
183,43,826
184,43,261
185,43,597
186,43,843
187,43,20
188,43,256
189,43,743
190,43,437
191,43,525
192,43,237
193,43,970
194,43,580
195,43,938
196,43,490
197,43,957
198,43,344
199,43,309
200,43,409
201,43,949
202,43,980
203,43,962
204,43,80
205,43,414
206,43,709
207,43,201
208,43,571
209,43,818
210,43,218
211,43,699
212,43,960
213,43,135
214,43,179
215,43,161
216,43,981
217,43,772
218,43,566
219,43,929
220,43,953
221,43,77
222,43,124
223,43,753
224,43,787
225,43,610
226,43,880
227,43,1020
228,43,171
229,43,874
230,43,251
231,43,27
232,43,36
233,43,184
234,43,857
235,43,187
236,43,156
237,43,157
238,43,996
239,43,421
240,43,205
241,43,494
242,43,155
243,43,794
244,43,532
245,43,911
246,43,777
247,43,328
248,43,112
249,43,318
250,43,373
251,43,982
252,43,542
253,43,88
254,43,148
255,43,160
256,43,345
257,43,944
258,43,5
259,43,965
260,43,34
261,43,646
262,43,763
263,43,509
264,43,827
265,43,429
266,43,127
267,43,235
268,43,9
269,43,627
270,43,390
271,43,555
272,43,350
273,43,223
274,43,549
275,43,214
276,43,226
277,43,545
278,43,503
279,43,797
280,43,951
281,43,293
282,43,216
283,43,869
284,43,288
285,43,204
286,43,930
287,43,732
288,43,842
289,43,515
290,43,338
291,43,202
292,43,656
293,43,140
294,43,541
295,43,630
296,43,392
297,43,535
298,43,241
299,43,93
300,43,454
301,43,739
302,43,41
303,43,662
304,43,511
305,43,12
306,43,824
307,43,386
308,43,379
309,43,420
310,43,725
311,43,527
312,43,315
313,43,333
314,43,837
315,43,813
316,43,119
317,43,422
318,43,667
319,43,728
320,43,862
321,43,632
322,43,994
323,43,496
324,43,8
325,43,197
326,43,381
327,43,658
328,43,132
329,43,669
330,43,110
331,43,285
332,43,895
333,43,689
334,43,792
335,43,369
336,43,228
337,43,236
338,43,70
339,43,701
340,43,946
341,43,731
342,43,464
343,43,39
344,43,54
345,43,1005
346,43,856
347,43,189
348,43,737
349,43,976
350,43,570
351,43,51
352,43,912
353,43,325
354,43,442
355,43,707
356,43,991
357,43,799
358,43,552
359,43,499
360,43,453
361,43,460
362,43,1012
363,43,210
364,43,1018
365,43,861
366,43,864
367,43,85
368,43,681
369,43,164
370,43,162
371,43,922
372,43,106
373,43,547
374,43,45
375,43,825
376,43,751
377,43,289
378,43,849
379,43,834
380,43,559
381,43,355
382,43,673
383,43,664
384,43,682
385,43,305
386,43,568
387,43,828
388,43,892
389,43,776
390,43,343
391,43,893
392,43,823
393,43,875
394,43,894
395,43,255
396,43,43
397,43,523
398,43,349
399,43,245
0,44,301
1,44,150
2,44,222
3,44,683
4,44,443
5,44,954
6,44,1006
7,44,669
8,44,311
9,44,463
10,44,557
11,44,105
12,44,187
13,44,786
14,44,698
15,44,618
16,44,784
17,44,1008
18,44,520
19,44,185
20,44,710
21,44,0
22,44,554
23,44,230
24,44,713
25,44,246
26,44,155
27,44,287
28,44,901
29,44,142
30,44,304
31,44,492
32,44,1013
33,44,51
34,44,643
35,44,149
36,44,440
37,44,380
38,44,906
39,44,717
40,44,997
41,44,603
42,44,665
43,44,139
44,44,67
45,44,867
46,44,911
47,44,107
48,44,537
49,44,767
50,44,524
51,44,915
52,44,783
53,44,487
54,44,933
55,44,1002
56,44,505
57,44,266
58,44,474
59,44,362
60,44,839
61,44,476
62,44,817
63,44,847
64,44,775
65,44,521
66,44,584
67,44,877
68,44,432
69,44,749
70,44,650
71,44,363
72,44,649
73,44,1010
74,44,215
75,44,506
76,44,616
77,44,297
78,44,484
79,44,779
80,44,891
81,44,755
82,44,356
83,44,99
84,44,283
85,44,538
86,44,983
87,44,186
88,44,966
89,44,686
90,44,973
91,44,170
92,44,815
93,44,220
94,44,890
95,44,857
96,44,252
97,44,883
98,44,435
99,44,617
100,44,889
101,44,770
102,44,560
103,44,652
104,44,539
105,44,614
106,44,137
107,44,267
108,44,239
109,44,654
110,44,81
111,44,449
112,44,60
113,44,758
114,44,434
115,44,450
116,44,62
117,44,44
118,44,101
119,44,606
120,44,868
121,44,431
122,44,730
123,44,748
124,44,176
125,44,334
126,44,102
127,44,516
128,44,375
129,44,264
130,44,812
131,44,985
132,44,16
133,44,518
134,44,619
135,44,47
136,44,482
137,44,978
138,44,355
139,44,276
140,44,250
141,44,724
142,44,607
143,44,114
144,44,173
145,44,723
146,44,852
147,44,210
148,44,190
149,44,96
150,44,955
151,44,550
152,44,534
153,44,319
154,44,75
155,44,695
156,44,11
157,44,952
158,44,635
159,44,785
160,44,104
161,44,504
162,44,120
163,44,98
164,44,433
165,44,35
166,44,277
167,44,838
168,44,961
169,44,531
170,44,462
171,44,409
172,44,298
173,44,165
174,44,865
175,44,854
176,44,110
177,44,663
178,44,878
179,44,326
180,44,1003
181,44,921
182,44,809
183,44,858
184,44,261
185,44,597
186,44,842
187,44,20
188,44,257
189,44,743
190,44,437
191,44,525
192,44,237
193,44,970
194,44,580
195,44,938
196,44,490
197,44,957
198,44,312
199,44,309
200,44,410
201,44,981
202,44,979
203,44,962
204,44,80
205,44,414
206,44,709
207,44,201
208,44,571
209,44,850
210,44,218
211,44,667
212,44,960
213,44,135
214,44,179
215,44,161
216,44,980
217,44,772
218,44,566
219,44,929
220,44,953
221,44,77
222,44,92
223,44,753
224,44,787
225,44,610
226,44,879
227,44,1020
228,44,171
229,44,875
230,44,251
231,44,27
232,44,36
233,44,184
234,44,856
235,44,219
236,44,124
237,44,158
238,44,996
239,44,421
240,44,205
241,44,494
242,44,123
243,44,794
244,44,532
245,44,912
246,44,777
247,44,329
248,44,112
249,44,318
250,44,373
251,44,982
252,44,574
253,44,88
254,44,148
255,44,160
256,44,345
257,44,944
258,44,5
259,44,965
260,44,34
261,44,646
262,44,763
263,44,509
264,44,827
265,44,429
266,44,127
267,44,235
268,44,9
269,44,627
270,44,390
271,44,555
272,44,350
273,44,223
274,44,549
275,44,214
276,44,226
277,44,545
278,44,503
279,44,797
280,44,951
281,44,294
282,44,216
283,44,869
284,44,256
285,44,204
286,44,930
287,44,731
288,44,841
289,44,514
290,44,306
291,44,202
292,44,656
293,44,140
294,44,541
295,44,630
296,44,392
297,44,535
298,44,241
299,44,93
300,44,454
301,44,739
302,44,41
303,44,662
304,44,511
305,44,12
306,44,825
307,44,386
308,44,379
309,44,420
310,44,725
311,44,527
312,44,315
313,44,333
314,44,837
315,44,813
316,44,119
317,44,423
318,44,668
319,44,728
320,44,894
321,44,632
322,44,993
323,44,496
324,44,8
325,44,197
326,44,381
327,44,658
328,44,132
329,44,701
330,44,109
331,44,285
332,44,927
333,44,689
334,44,792
335,44,369
336,44,228
337,44,236
338,44,70
339,44,700
340,44,947
341,44,699
342,44,464
343,44,39
344,44,54
345,44,1005
346,44,855
347,44,157
348,44,737
349,44,976
350,44,570
351,44,19
352,44,913
353,44,325
354,44,442
355,44,707
356,44,991
357,44,799
358,44,552
359,44,499
360,44,453
361,44,460
362,44,1012
363,44,178
364,44,1018
365,44,893
366,44,864
367,44,85
368,44,681
369,44,164
370,44,162
371,44,922
372,44,106
373,44,515
374,44,45
375,44,826
376,44,751
377,44,321
378,44,849
379,44,834
380,44,559
381,44,354
382,44,673
383,44,664
384,44,682
385,44,305
386,44,568
387,44,828
388,44,892
389,44,776
390,44,343
391,44,925
392,44,824
393,44,843
394,44,895
395,44,254
396,44,43
397,44,523
398,44,349
399,44,245
0,45,301
1,45,150
2,45,190
3,45,683
4,45,443
5,45,954
6,45,1006
7,45,669
8,45,311
9,45,463
10,45,557
11,45,105
12,45,187
13,45,786
14,45,698
15,45,618
16,45,784
17,45,1008
18,45,520
19,45,185
20,45,710
21,45,0
22,45,554
23,45,230
24,45,713
25,45,246
26,45,155
27,45,287
28,45,901
29,45,174
30,45,304
31,45,492
32,45,1013
33,45,50
34,45,643
35,45,149
36,45,440
37,45,380
38,45,906
39,45,717
40,45,997
41,45,603
42,45,665
43,45,107
44,45,67
45,45,867
46,45,911
47,45,106
48,45,538
49,45,767
50,45,524
51,45,915
52,45,783
53,45,487
54,45,933
55,45,1002
56,45,537
57,45,266
58,45,474
59,45,362
60,45,839
61,45,476
62,45,818
63,45,847
64,45,775
65,45,521
66,45,584
67,45,877
68,45,432
69,45,749
70,45,650
71,45,363
72,45,649
73,45,1010
74,45,215
75,45,505
76,45,616
77,45,297
78,45,484
79,45,779
80,45,891
81,45,755
82,45,356
83,45,99
84,45,283
85,45,506
86,45,983
87,45,186
88,45,966
89,45,686
90,45,973
91,45,170
92,45,814
93,45,220
94,45,889
95,45,856
96,45,252
97,45,883
98,45,435
99,45,617
100,45,921
101,45,770
102,45,560
103,45,652
104,45,539
105,45,614
106,45,137
107,45,267
108,45,239
109,45,654
110,45,81
111,45,449
112,45,28
113,45,790
114,45,434
115,45,418
116,45,62
117,45,44
118,45,101
119,45,638
120,45,868
121,45,431
122,45,730
123,45,748
124,45,176
125,45,334
126,45,102
127,45,516
128,45,375
129,45,264
130,45,812
131,45,985
132,45,16
133,45,518
134,45,619
135,45,47
136,45,450
137,45,978
138,45,387
139,45,244
140,45,250
141,45,724
142,45,607
143,45,114
144,45,173
145,45,723
146,45,852
147,45,242
148,45,191
149,45,96
150,45,955
151,45,550
152,45,534
153,45,319
154,45,75
155,45,695
156,45,11
157,45,952
158,45,635
159,45,785
160,45,104
161,45,504
162,45,120
163,45,98
164,45,433
165,45,35
166,45,277
167,45,838
168,45,961
169,45,531
170,45,462
171,45,441
172,45,298
173,45,165
174,45,865
175,45,854
176,45,142
177,45,663
178,45,910
179,45,326
180,45,1003
181,45,920
182,45,809
183,45,890
184,45,261
185,45,597
186,45,843
187,45,20
188,45,256
189,45,743
190,45,437
191,45,525
192,45,237
193,45,970
194,45,580
195,45,938
196,45,490
197,45,957
198,45,313
199,45,309
200,45,410
201,45,981
202,45,980
203,45,962
204,45,80
205,45,414
206,45,709
207,45,201
208,45,571
209,45,882
210,45,218
211,45,667
212,45,960
213,45,135
214,45,179
215,45,161
216,45,948
217,45,772
218,45,566
219,45,929
220,45,953
221,45,77
222,45,60
223,45,753
224,45,787
225,45,610
226,45,878
227,45,1020
228,45,171
229,45,876
230,45,251
231,45,27
232,45,36
233,45,184
234,45,824
235,45,219
236,45,92
237,45,159
238,45,996
239,45,421
240,45,205
241,45,494
242,45,91
243,45,794
244,45,532
245,45,913
246,45,777
247,45,361
248,45,112
249,45,318
250,45,373
251,45,982
252,45,606
253,45,88
254,45,148
255,45,160
256,45,345
257,45,944
258,45,5
259,45,965
260,45,34
261,45,646
262,45,763
263,45,509
264,45,827
265,45,429
266,45,127
267,45,235
268,45,9
269,45,627
270,45,390
271,45,555
272,45,350
273,45,223
274,45,549
275,45,214
276,45,226
277,45,545
278,45,503
279,45,797
280,45,951
281,45,294
282,45,216
283,45,869
284,45,224
285,45,204
286,45,930
287,45,699
288,45,842
289,45,515
290,45,307
291,45,202
292,45,656
293,45,140
294,45,541
295,45,630
296,45,392
297,45,535
298,45,241
299,45,93
300,45,454
301,45,739
302,45,41
303,45,662
304,45,511
305,45,12
306,45,793
307,45,386
308,45,379
309,45,420
310,45,725
311,45,527
312,45,315
313,45,333
314,45,837
315,45,813
316,45,119
317,45,424
318,45,668
319,45,728
320,45,926
321,45,632
322,45,992
323,45,496
324,45,8
325,45,197
326,45,381
327,45,658
328,45,132
329,45,733
330,45,110
331,45,285
332,45,895
333,45,689
334,45,792
335,45,369
336,45,228
337,45,236
338,45,70
339,45,701
340,45,947
341,45,700
342,45,464
343,45,39
344,45,54
345,45,1005
346,45,855
347,45,158
348,45,737
349,45,976
350,45,570
351,45,51
352,45,945
353,45,325
354,45,442
355,45,707
356,45,991
357,45,799
358,45,552
359,45,499
360,45,453
361,45,460
362,45,1012
363,45,146
364,45,1018
365,45,893
366,45,864
367,45,85
368,45,681
369,45,164
370,45,162
371,45,922
372,45,138
373,45,483
374,45,45
375,45,826
376,45,751
377,45,353
378,45,849
379,45,834
380,45,559
381,45,355
382,45,673
383,45,664
384,45,682
385,45,305
386,45,568
387,45,828
388,45,892
389,45,776
390,45,343
391,45,925
392,45,825
393,45,875
394,45,894
395,45,286
396,45,43
397,45,523
398,45,349
399,45,245
0,46,301
1,46,150
2,46,158
3,46,683
4,46,443
5,46,986
6,46,1006
7,46,669
8,46,311
9,46,463
10,46,557
11,46,73
12,46,187
13,46,786
14,46,698
15,46,618
16,46,784
17,46,1008
18,46,520
19,46,185
20,46,710
21,46,0
22,46,554
23,46,230
24,46,713
25,46,246
26,46,155
27,46,287
28,46,901
29,46,206
30,46,304
31,46,492
32,46,1013
33,46,49
34,46,643
35,46,149
36,46,440
37,46,380
38,46,906
39,46,717
40,46,997
41,46,603
42,46,665
43,46,107
44,46,67
45,46,867
46,46,911
47,46,105
48,46,539
49,46,767
50,46,524
51,46,915
52,46,783
53,46,487
54,46,933
55,46,1002
56,46,537
57,46,266
58,46,474
59,46,362
60,46,839
61,46,476
62,46,819
63,46,847
64,46,775
65,46,521
66,46,584
67,46,877
68,46,432
69,46,749
70,46,650
71,46,363
72,46,649
73,46,1010
74,46,215
75,46,506
76,46,616
77,46,297
78,46,484
79,46,779
80,46,891
81,46,755
82,46,356
83,46,99
84,46,283
85,46,538
86,46,983
87,46,186
88,46,966
89,46,686
90,46,973
91,46,170
92,46,814
93,46,220
94,46,890
95,46,888
96,46,252
97,46,883
98,46,435
99,46,617
100,46,921
101,46,770
102,46,560
103,46,652
104,46,540
105,46,614
106,46,137
107,46,267
108,46,239
109,46,654
110,46,81
111,46,449
112,46,29
113,46,790
114,46,434
115,46,417
116,46,62
117,46,44
118,46,101
119,46,639
120,46,868
121,46,431
122,46,730
123,46,748
124,46,176
125,46,334
126,46,102
127,46,516
128,46,375
129,46,264
130,46,812
131,46,985
132,46,16
133,46,518
134,46,619
135,46,47
136,46,418
137,46,978
138,46,419
139,46,243
140,46,250
141,46,724
142,46,607
143,46,114
144,46,173
145,46,723
146,46,852
147,46,242
148,46,190
149,46,96
150,46,955
151,46,550
152,46,534
153,46,319
154,46,75
155,46,695
156,46,11
157,46,952
158,46,635
159,46,785
160,46,104
161,46,504
162,46,120
163,46,98
164,46,433
165,46,35
166,46,277
167,46,838
168,46,961
169,46,531
170,46,462
171,46,473
172,46,298
173,46,165
174,46,865
175,46,854
176,46,174
177,46,663
178,46,942
179,46,326
180,46,1003
181,46,920
182,46,809
183,46,922
184,46,261
185,46,597
186,46,843
187,46,20
188,46,256
189,46,743
190,46,437
191,46,525
192,46,237
193,46,970
194,46,580
195,46,938
196,46,490
197,46,957
198,46,313
199,46,309
200,46,410
201,46,981
202,46,980
203,46,962
204,46,80
205,46,414
206,46,709
207,46,201
208,46,571
209,46,914
210,46,218
211,46,667
212,46,960
213,46,135
214,46,179
215,46,161
216,46,916
217,46,772
218,46,566
219,46,929
220,46,953
221,46,77
222,46,28
223,46,753
224,46,787
225,46,610
226,46,910
227,46,1020
228,46,171
229,46,908
230,46,251
231,46,27
232,46,36
233,46,184
234,46,824
235,46,219
236,46,60
237,46,159
238,46,996
239,46,421
240,46,205
241,46,494
242,46,59
243,46,794
244,46,532
245,46,945
246,46,777
247,46,393
248,46,112
249,46,318
250,46,373
251,46,982
252,46,638
253,46,88
254,46,148
255,46,160
256,46,345
257,46,944
258,46,5
259,46,965
260,46,34
261,46,646
262,46,763
263,46,509
264,46,827
265,46,429
266,46,127
267,46,235
268,46,9
269,46,627
270,46,390
271,46,555
272,46,350
273,46,223
274,46,549
275,46,214
276,46,226
277,46,545
278,46,503
279,46,797
280,46,951
281,46,294
282,46,216
283,46,869
284,46,225
285,46,204
286,46,930
287,46,700
288,46,842
289,46,515
290,46,308
291,46,202
292,46,656
293,46,140
294,46,541
295,46,630
296,46,392
297,46,535
298,46,241
299,46,93
300,46,454
301,46,739
302,46,41
303,46,662
304,46,511
305,46,12
306,46,825
307,46,386
308,46,379
309,46,420
310,46,725
311,46,527
312,46,315
313,46,333
314,46,837
315,46,813
316,46,119
317,46,424
318,46,668
319,46,728
320,46,958
321,46,632
322,46,992
323,46,496
324,46,8
325,46,197
326,46,381
327,46,658
328,46,132
329,46,765
330,46,110
331,46,285
332,46,894
333,46,689
334,46,792
335,46,369
336,46,228
337,46,236
338,46,70
339,46,701
340,46,947
341,46,732
342,46,464
343,46,39
344,46,54
345,46,1005
346,46,856
347,46,126
348,46,737
349,46,976
350,46,570
351,46,51
352,46,977
353,46,325
354,46,442
355,46,707
356,46,991
357,46,799
358,46,552
359,46,499
360,46,453
361,46,460
362,46,1012
363,46,147
364,46,1018
365,46,893
366,46,864
367,46,85
368,46,681
369,46,164
370,46,162
371,46,954
372,46,106
373,46,451
374,46,45
375,46,826
376,46,751
377,46,385
378,46,849
379,46,834
380,46,559
381,46,355
382,46,673
383,46,664
384,46,682
385,46,305
386,46,568
387,46,828
388,46,892
389,46,776
390,46,343
391,46,926
392,46,857
393,46,875
394,46,862
395,46,286
396,46,43
397,46,523
398,46,349
399,46,245
0,47,301
1,47,150
2,47,126
3,47,683
4,47,443
5,47,1018
6,47,1006
7,47,669
8,47,311
9,47,463
10,47,557
11,47,105
12,47,187
13,47,786
14,47,698
15,47,618
16,47,784
17,47,1008
18,47,520
19,47,185
20,47,710
21,47,0
22,47,554
23,47,230
24,47,713
25,47,246
26,47,155
27,47,287
28,47,901
29,47,174
30,47,304
31,47,492
32,47,1013
33,47,48
34,47,643
35,47,149
36,47,440
37,47,380
38,47,906
39,47,717
40,47,997
41,47,603
42,47,665
43,47,107
44,47,67
45,47,867
46,47,911
47,47,104
48,47,540
49,47,767
50,47,524
51,47,915
52,47,783
53,47,487
54,47,933
55,47,1002
56,47,537
57,47,266
58,47,474
59,47,362
60,47,839
61,47,476
62,47,820
63,47,847
64,47,775
65,47,521
66,47,584
67,47,877
68,47,432
69,47,749
70,47,650
71,47,363
72,47,649
73,47,1010
74,47,215
75,47,506
76,47,616
77,47,297
78,47,484
79,47,779
80,47,891
81,47,755
82,47,356
83,47,99
84,47,283
85,47,538
86,47,983
87,47,186
88,47,966
89,47,686
90,47,973
91,47,170
92,47,814
93,47,220
94,47,890
95,47,887
96,47,252
97,47,883
98,47,435
99,47,617
100,47,922
101,47,770
102,47,560
103,47,652
104,47,541
105,47,614
106,47,137
107,47,267
108,47,239
109,47,654
110,47,81
111,47,449
112,47,61
113,47,790
114,47,434
115,47,418
116,47,62
117,47,44
118,47,101
119,47,638
120,47,868
121,47,431
122,47,730
123,47,748
124,47,176
125,47,334
126,47,102
127,47,516
128,47,375
129,47,264
130,47,812
131,47,985
132,47,16
133,47,518
134,47,619
135,47,47
136,47,386
137,47,978
138,47,451
139,47,243
140,47,250
141,47,724
142,47,607
143,47,114
144,47,173
145,47,723
146,47,852
147,47,242
148,47,190
149,47,96
150,47,955
151,47,550
152,47,534
153,47,319
154,47,75
155,47,695
156,47,11
157,47,952
158,47,635
159,47,785
160,47,103
161,47,504
162,47,120
163,47,98
164,47,433
165,47,35
166,47,277
167,47,838
168,47,961
169,47,531
170,47,462
171,47,473
172,47,298
173,47,165
174,47,865
175,47,854
176,47,175
177,47,663
178,47,910
179,47,326
180,47,1003
181,47,921
182,47,809
183,47,954
184,47,261
185,47,597
186,47,843
187,47,20
188,47,256
189,47,743
190,47,437
191,47,525
192,47,237
193,47,970
194,47,580
195,47,938
196,47,490
197,47,957
198,47,313
199,47,309
200,47,410
201,47,981
202,47,980
203,47,962
204,47,80
205,47,414
206,47,709
207,47,201
208,47,571
209,47,914
210,47,218
211,47,667
212,47,960
213,47,135
214,47,179
215,47,161
216,47,916
217,47,772
218,47,566
219,47,929
220,47,953
221,47,77
222,47,27
223,47,753
224,47,787
225,47,610
226,47,909
227,47,1020
228,47,171
229,47,908
230,47,251
231,47,59
232,47,36
233,47,184
234,47,856
235,47,219
236,47,28
237,47,158
238,47,996
239,47,421
240,47,205
241,47,494
242,47,58
243,47,794
244,47,532
245,47,946
246,47,777
247,47,393
248,47,112
249,47,318
250,47,373
251,47,982
252,47,670
253,47,88
254,47,148
255,47,160
256,47,345
257,47,944
258,47,5
259,47,965
260,47,34
261,47,646
262,47,763
263,47,509
264,47,827
265,47,429
266,47,127
267,47,235
268,47,9
269,47,627
270,47,390
271,47,555
272,47,350
273,47,223
274,47,549
275,47,214
276,47,226
277,47,545
278,47,503
279,47,796
280,47,951
281,47,294
282,47,216
283,47,869
284,47,193
285,47,204
286,47,930
287,47,699
288,47,842
289,47,515
290,47,276
291,47,202
292,47,656
293,47,140
294,47,542
295,47,630
296,47,392
297,47,535
298,47,241
299,47,93
300,47,454
301,47,739
302,47,41
303,47,662
304,47,511
305,47,12
306,47,824
307,47,385
308,47,379
309,47,420
310,47,725
311,47,527
312,47,315
313,47,333
314,47,837
315,47,813
316,47,119
317,47,424
318,47,668
319,47,728
320,47,959
321,47,632
322,47,992
323,47,496
324,47,8
325,47,197
326,47,381
327,47,658
328,47,132
329,47,797
330,47,110
331,47,285
332,47,894
333,47,689
334,47,792
335,47,369
336,47,228
337,47,236
338,47,70
339,47,701
340,47,947
341,47,731
342,47,464
343,47,39
344,47,54
345,47,1005
346,47,855
347,47,94
348,47,737
349,47,976
350,47,570
351,47,51
352,47,945
353,47,325
354,47,442
355,47,707
356,47,991
357,47,799
358,47,552
359,47,499
360,47,453
361,47,460
362,47,1012
363,47,147
364,47,1017
365,47,893
366,47,864
367,47,85
368,47,681
369,47,164
370,47,162
371,47,986
372,47,106
373,47,483
374,47,45
375,47,826
376,47,751
377,47,417
378,47,849
379,47,834
380,47,559
381,47,355
382,47,673
383,47,664
384,47,682
385,47,305
386,47,568
387,47,828
388,47,892
389,47,776
390,47,343
391,47,927
392,47,889
393,47,875
394,47,862
395,47,286
396,47,43
397,47,523
398,47,349
399,47,245
0,48,301
1,48,150
2,48,94
3,48,683
4,48,443
5,48,1019
6,48,1006
7,48,668
8,48,311
9,48,463
10,48,557
11,48,105
12,48,187
13,48,786
14,48,698
15,48,618
16,48,784
17,48,1008
18,48,520
19,48,185
20,48,710
21,48,0
22,48,554
23,48,230
24,48,713
25,48,246
26,48,155
27,48,287
28,48,901
29,48,142
30,48,304
31,48,492
32,48,1013
33,48,48
34,48,643
35,48,149
36,48,440
37,48,380
38,48,906
39,48,717
40,48,997
41,48,603
42,48,665
43,48,107
44,48,67
45,48,867
46,48,911
47,48,103
48,48,508
49,48,767
50,48,524
51,48,914
52,48,783
53,48,487
54,48,933
55,48,1002
56,48,537
57,48,266
58,48,474
59,48,362
60,48,839
61,48,476
62,48,821
63,48,847
64,48,775
65,48,521
66,48,584
67,48,877
68,48,432
69,48,749
70,48,650
71,48,363
72,48,649
73,48,1010
74,48,215
75,48,506
76,48,616
77,48,297
78,48,484
79,48,779
80,48,891
81,48,755
82,48,356
83,48,99
84,48,283
85,48,538
86,48,983
87,48,186
88,48,966
89,48,686
90,48,973
91,48,170
92,48,814
93,48,220
94,48,890
95,48,887
96,48,252
97,48,883
98,48,435
99,48,617
100,48,923
101,48,770
102,48,560
103,48,652
104,48,540
105,48,614
106,48,137
107,48,267
108,48,239
109,48,654
110,48,81
111,48,448
112,48,60
113,48,790
114,48,434
115,48,450
116,48,61
117,48,44
118,48,101
119,48,606
120,48,868
121,48,431
122,48,730
123,48,748
124,48,177
125,48,334
126,48,102
127,48,516
128,48,375
129,48,264
130,48,812
131,48,985
132,48,16
133,48,518
134,48,619
135,48,47
136,48,354
137,48,978
138,48,483
139,48,243
140,48,250
141,48,724
142,48,607
143,48,114
144,48,173
145,48,723
146,48,852
147,48,242
148,48,190
149,48,96
150,48,955
151,48,550
152,48,534
153,48,319
154,48,75
155,48,695
156,48,11
157,48,952
158,48,635
159,48,785
160,48,135
161,48,504
162,48,120
163,48,98
164,48,433
165,48,35
166,48,277
167,48,838
168,48,961
169,48,531
170,48,462
171,48,473
172,48,298
173,48,165
174,48,865
175,48,854
176,48,176
177,48,663
178,48,878
179,48,326
180,48,1003
181,48,920
182,48,809
183,48,986
184,48,261
185,48,597
186,48,843
187,48,20
188,48,256
189,48,743
190,48,437
191,48,525
192,48,237
193,48,970
194,48,580
195,48,938
196,48,490
197,48,957
198,48,313
199,48,309
200,48,410
201,48,981
202,48,980
203,48,962
204,48,80
205,48,414
206,48,709
207,48,201
208,48,571
209,48,946
210,48,218
211,48,699
212,48,960
213,48,167
214,48,179
215,48,161
216,48,916
217,48,772
218,48,566
219,48,929
220,48,953
221,48,77
222,48,59
223,48,753
224,48,787
225,48,610
226,48,908
227,48,1020
228,48,171
229,48,940
230,48,251
231,48,91
232,48,36
233,48,184
234,48,857
235,48,219
236,48,29
237,48,157
238,48,996
239,48,421
240,48,205
241,48,494
242,48,58
243,48,794
244,48,532
245,48,947
246,48,777
247,48,393
248,48,112
249,48,318
250,48,373
251,48,982
252,48,669
253,48,88
254,48,148
255,48,160
256,48,345
257,48,944
258,48,5
259,48,965
260,48,34
261,48,646
262,48,763
263,48,509
264,48,827
265,48,429
266,48,127
267,48,235
268,48,9
269,48,627
270,48,390
271,48,555
272,48,350
273,48,223
274,48,549
275,48,214
276,48,226
277,48,545
278,48,503
279,48,797
280,48,951
281,48,294
282,48,216
283,48,869
284,48,193
285,48,204
286,48,930
287,48,700
288,48,842
289,48,515
290,48,244
291,48,202
292,48,656
293,48,140
294,48,541
295,48,630
296,48,392
297,48,535
298,48,241
299,48,93
300,48,454
301,48,739
302,48,41
303,48,662
304,48,511
305,48,12
306,48,823
307,48,386
308,48,379
309,48,420
310,48,725
311,48,527
312,48,315
313,48,333
314,48,837
315,48,813
316,48,119
317,48,424
318,48,667
319,48,728
320,48,959
321,48,632
322,48,992
323,48,496
324,48,8
325,48,197
326,48,381
327,48,658
328,48,132
329,48,829
330,48,110
331,48,285
332,48,894
333,48,689
334,48,792
335,48,369
336,48,228
337,48,236
338,48,70
339,48,701
340,48,915
341,48,731
342,48,464
343,48,39
344,48,54
345,48,1005
346,48,856
347,48,62
348,48,737
349,48,976
350,48,570
351,48,51
352,48,913
353,48,325
354,48,442
355,48,707
356,48,991
357,48,799
358,48,552
359,48,499
360,48,453
361,48,460
362,48,1012
363,48,147
364,48,1017
365,48,893
366,48,864
367,48,85
368,48,681
369,48,164
370,48,162
371,48,1018
372,48,106
373,48,482
374,48,45
375,48,826
376,48,751
377,48,449
378,48,849
379,48,834
380,48,559
381,48,355
382,48,673
383,48,664
384,48,682
385,48,305
386,48,568
387,48,828
388,48,892
389,48,776
390,48,343
391,48,895
392,48,921
393,48,875
394,48,862
395,48,286
396,48,43
397,48,523
398,48,349
399,48,245
0,49,301
1,49,150
2,49,62
3,49,683
4,49,443
5,49,1018
6,49,1006
7,49,669
8,49,311
9,49,463
10,49,557
11,49,105
12,49,187
13,49,786
14,49,698
15,49,618
16,49,784
17,49,1008
18,49,520
19,49,185
20,49,710
21,49,0
22,49,554
23,49,230
24,49,713
25,49,246
26,49,155
27,49,287
28,49,901
29,49,142
30,49,304
31,49,492
32,49,1013
33,49,48
34,49,643
35,49,149
36,49,440
37,49,380
38,49,906
39,49,717
40,49,997
41,49,603
42,49,665
43,49,107
44,49,67
45,49,867
46,49,911
47,49,135
48,49,540
49,49,767
50,49,524
51,49,915
52,49,783
53,49,487
54,49,933
55,49,1002
56,49,537
57,49,266
58,49,474
59,49,362
60,49,839
61,49,476
62,49,822
63,49,847
64,49,775
65,49,521
66,49,584
67,49,877
68,49,432
69,49,749
70,49,650
71,49,363
72,49,649
73,49,1010
74,49,215
75,49,506
76,49,616
77,49,297
78,49,484
79,49,779
80,49,891
81,49,755
82,49,356
83,49,99
84,49,283
85,49,538
86,49,983
87,49,186
88,49,966
89,49,686
90,49,973
91,49,170
92,49,814
93,49,220
94,49,890
95,49,887
96,49,252
97,49,851
98,49,435
99,49,617
100,49,924
101,49,770
102,49,560
103,49,652
104,49,539
105,49,614
106,49,137
107,49,267
108,49,239
109,49,654
110,49,81
111,49,449
112,49,60
113,49,790
114,49,434
115,49,451
116,49,61
117,49,44
118,49,101
119,49,606
120,49,868
121,49,431
122,49,730
123,49,748
124,49,209
125,49,334
126,49,102
127,49,516
128,49,375
129,49,264
130,49,812
131,49,985
132,49,16
133,49,518
134,49,619
135,49,47
136,49,322
137,49,978
138,49,482
139,49,243
140,49,250
141,49,724
142,49,607
143,49,114
144,49,173
145,49,723
146,49,852
147,49,242
148,49,190
149,49,96
150,49,955
151,49,550
152,49,534
153,49,319
154,49,75
155,49,695
156,49,11
157,49,952
158,49,635
159,49,785
160,49,136
161,49,504
162,49,120
163,49,98
164,49,433
165,49,35
166,49,277
167,49,838
168,49,961
169,49,531
170,49,462
171,49,473
172,49,298
173,49,165
174,49,865
175,49,854
176,49,177
177,49,663
178,49,878
179,49,326
180,49,1003
181,49,888
182,49,809
183,49,987
184,49,261
185,49,597
186,49,843
187,49,20
188,49,256
189,49,743
190,49,437
191,49,525
192,49,237
193,49,970
194,49,580
195,49,938
196,49,490
197,49,957
198,49,313
199,49,309
200,49,410
201,49,981
202,49,980
203,49,962
204,49,80
205,49,414
206,49,709
207,49,201
208,49,571
209,49,914
210,49,218
211,49,667
212,49,960
213,49,167
214,49,179
215,49,161
216,49,916
217,49,772
218,49,566
219,49,929
220,49,953
221,49,77
222,49,91
223,49,753
224,49,787
225,49,610
226,49,940
227,49,1020
228,49,171
229,49,941
230,49,251
231,49,92
232,49,36
233,49,184
234,49,857
235,49,219
236,49,29
237,49,157
238,49,996
239,49,421
240,49,205
241,49,494
242,49,58
243,49,794
244,49,532
245,49,947
246,49,777
247,49,393
248,49,112
249,49,318
250,49,373
251,49,982
252,49,701
253,49,88
254,49,148
255,49,160
256,49,345
257,49,944
258,49,5
259,49,965
260,49,34
261,49,646
262,49,763
263,49,509
264,49,827
265,49,429
266,49,127
267,49,235
268,49,9
269,49,627
270,49,390
271,49,555
272,49,350
273,49,223
274,49,549
275,49,214
276,49,226
277,49,545
278,49,503
279,49,797
280,49,951
281,49,294
282,49,216
283,49,869
284,49,193
285,49,204
286,49,930
287,49,699
288,49,842
289,49,515
290,49,212
291,49,202
292,49,656
293,49,140
294,49,541
295,49,630
296,49,392
297,49,535
298,49,241
299,49,93
300,49,454
301,49,739
302,49,41
303,49,662
304,49,511
305,49,12
306,49,823
307,49,386
308,49,379
309,49,420
310,49,725
311,49,527
312,49,315
313,49,333
314,49,837
315,49,813
316,49,119
317,49,424
318,49,668
319,49,728
320,49,959
321,49,632
322,49,992
323,49,496
324,49,8
325,49,197
326,49,381
327,49,658
328,49,132
329,49,861
330,49,110
331,49,285
332,49,894
333,49,689
334,49,792
335,49,369
336,49,228
337,49,236
338,49,70
339,49,733
340,49,883
341,49,731
342,49,464
343,49,39
344,49,54
345,49,1005
346,49,856
347,49,30
348,49,737
349,49,976
350,49,570
351,49,51
352,49,912
353,49,325
354,49,442
355,49,707
356,49,991
357,49,799
358,49,552
359,49,499
360,49,453
361,49,460
362,49,1012
363,49,147
364,49,1017
365,49,893
366,49,864
367,49,85
368,49,681
369,49,164
370,49,162
371,49,986
372,49,106
373,49,450
374,49,45
375,49,826
376,49,751
377,49,481
378,49,849
379,49,834
380,49,559
381,49,355
382,49,673
383,49,664
384,49,682
385,49,305
386,49,568
387,49,828
388,49,892
389,49,776
390,49,343
391,49,895
392,49,920
393,49,875
394,49,862
395,49,286
396,49,43
397,49,523
398,49,349
399,49,245
0,50,301
1,50,150
2,50,30
3,50,683
4,50,443
5,50,986
6,50,1006
7,50,669
8,50,311
9,50,463
10,50,557
11,50,105
12,50,187
13,50,786
14,50,698
15,50,618
16,50,784
17,50,1008
18,50,520
19,50,185
20,50,710
21,50,0
22,50,554
23,50,230
24,50,713
25,50,246
26,50,155
27,50,287
28,50,901
29,50,142
30,50,304
31,50,492
32,50,1013
33,50,48
34,50,643
35,50,149
36,50,440
37,50,380
38,50,906
39,50,717
40,50,997
41,50,603
42,50,665
43,50,107
44,50,67
45,50,867
46,50,911
47,50,134
48,50,540
49,50,767
50,50,524
51,50,947
52,50,783
53,50,487
54,50,933
55,50,1002
56,50,537
57,50,266
58,50,474
59,50,362
60,50,839
61,50,476
62,50,854
63,50,847
64,50,775
65,50,521
66,50,584
67,50,877
68,50,432
69,50,749
70,50,650
71,50,363
72,50,649
73,50,1010
74,50,215
75,50,506
76,50,616
77,50,297
78,50,484
79,50,779
80,50,891
81,50,755
82,50,356
83,50,99
84,50,283
85,50,538
86,50,983
87,50,186
88,50,966
89,50,686
90,50,973
91,50,170
92,50,814
93,50,220
94,50,890
95,50,887
96,50,252
97,50,883
98,50,435
99,50,617
100,50,924
101,50,770
102,50,560
103,50,652
104,50,539
105,50,614
106,50,137
107,50,267
108,50,239
109,50,654
110,50,81
111,50,449
112,50,61
113,50,790
114,50,434
115,50,419
116,50,62
117,50,44
118,50,101
119,50,606
120,50,868
121,50,431
122,50,730
123,50,748
124,50,208
125,50,334
126,50,102
127,50,516
128,50,375
129,50,264
130,50,812
131,50,985
132,50,16
133,50,518
134,50,619
135,50,47
136,50,321
137,50,978
138,50,482
139,50,243
140,50,250
141,50,724
142,50,607
143,50,114
144,50,173
145,50,723
146,50,852
147,50,242
148,50,190
149,50,96
150,50,955
151,50,550
152,50,534
153,50,319
154,50,75
155,50,695
156,50,11
157,50,952
158,50,635
159,50,785
160,50,104
161,50,504
162,50,120
163,50,98
164,50,433
165,50,35
166,50,277
167,50,838
168,50,961
169,50,531
170,50,462
171,50,473
172,50,298
173,50,165
174,50,865
175,50,886
176,50,178
177,50,663
178,50,878
179,50,326
180,50,1003
181,50,889
182,50,809
183,50,988
184,50,261
185,50,597
186,50,843
187,50,20
188,50,256
189,50,743
190,50,437
191,50,525
192,50,237
193,50,970
194,50,580
195,50,938
196,50,490
197,50,957
198,50,313
199,50,309
200,50,410
201,50,981
202,50,980
203,50,962
204,50,80
205,50,414
206,50,709
207,50,201
208,50,571
209,50,914
210,50,218
211,50,667
212,50,960
213,50,135
214,50,179
215,50,161
216,50,916
217,50,772
218,50,566
219,50,929
220,50,953
221,50,77
222,50,92
223,50,753
224,50,787
225,50,610
226,50,972
227,50,1020
228,50,171
229,50,940
230,50,251
231,50,60
232,50,36
233,50,184
234,50,857
235,50,219
236,50,29
237,50,157
238,50,996
239,50,421
240,50,205
241,50,494
242,50,58
243,50,794
244,50,532
245,50,946
246,50,777
247,50,393
248,50,112
249,50,318
250,50,373
251,50,982
252,50,700
253,50,88
254,50,148
255,50,160
256,50,345
257,50,944
258,50,5
259,50,965
260,50,34
261,50,646
262,50,795
263,50,509
264,50,827
265,50,429
266,50,127
267,50,235
268,50,9
269,50,627
270,50,390
271,50,555
272,50,350
273,50,223
274,50,549
275,50,214
276,50,226
277,50,545
278,50,503
279,50,797
280,50,951
281,50,294
282,50,216
283,50,869
284,50,193
285,50,204
286,50,930
287,50,731
288,50,842
289,50,515
290,50,213
291,50,202
292,50,656
293,50,140
294,50,541
295,50,630
296,50,392
297,50,535
298,50,241
299,50,93
300,50,454
301,50,739
302,50,41
303,50,662
304,50,511
305,50,12
306,50,822
307,50,386
308,50,379
309,50,420
310,50,725
311,50,527
312,50,315
313,50,333
314,50,837
315,50,813
316,50,119
317,50,424
318,50,668
319,50,728
320,50,959
321,50,632
322,50,992
323,50,496
324,50,8
325,50,197
326,50,381
327,50,658
328,50,132
329,50,893
330,50,110
331,50,285
332,50,926
333,50,689
334,50,792
335,50,369
336,50,228
337,50,236
338,50,70
339,50,701
340,50,915
341,50,763
342,50,464
343,50,39
344,50,54
345,50,1005
346,50,856
347,50,31
348,50,737
349,50,976
350,50,570
351,50,51
352,50,912
353,50,325
354,50,442
355,50,707
356,50,991
357,50,799
358,50,552
359,50,499
360,50,453
361,50,460
362,50,1012
363,50,147
364,50,1018
365,50,894
366,50,864
367,50,85
368,50,681
369,50,164
370,50,162
371,50,954
372,50,106
373,50,451
374,50,45
375,50,826
376,50,751
377,50,513
378,50,849
379,50,834
380,50,559
381,50,355
382,50,673
383,50,664
384,50,682
385,50,305
386,50,568
387,50,828
388,50,892
389,50,776
390,50,343
391,50,895
392,50,920
393,50,875
394,50,862
395,50,286
396,50,43
397,50,523
398,50,349
399,50,245
0,51,301
1,51,150
2,51,30
3,51,683
4,51,443
5,51,954
6,51,1006
7,51,669
8,51,311
9,51,463
10,51,557
11,51,105
12,51,187
13,51,786
14,51,698
15,51,618
16,51,784
17,51,1008
18,51,520
19,51,185
20,51,710
21,51,0
22,51,554
23,51,230
24,51,713
25,51,246
26,51,155
27,51,287
28,51,901
29,51,142
30,51,304
31,51,492
32,51,1013
33,51,48
34,51,643
35,51,149
36,51,440
37,51,380
38,51,906
39,51,717
40,51,997
41,51,603
42,51,665
43,51,107
44,51,67
45,51,867
46,51,911
47,51,133
48,51,540
49,51,767
50,51,524
51,51,946
52,51,783
53,51,487
54,51,933
55,51,1002
56,51,537
57,51,266
58,51,474
59,51,362
60,51,839
61,51,476
62,51,886
63,51,847
64,51,775
65,51,521
66,51,584
67,51,877
68,51,432
69,51,749
70,51,650
71,51,363
72,51,649
73,51,1010
74,51,215
75,51,506
76,51,616
77,51,297
78,51,484
79,51,779
80,51,891
81,51,755
82,51,356
83,51,99
84,51,283
85,51,538
86,51,983
87,51,186
88,51,966
89,51,686
90,51,973
91,51,170
92,51,814
93,51,220
94,51,890
95,51,887
96,51,252
97,51,883
98,51,435
99,51,617
100,51,924
101,51,770
102,51,560
103,51,652
104,51,539
105,51,614
106,51,137
107,51,267
108,51,239
109,51,654
110,51,81
111,51,449
112,51,60
113,51,790
114,51,434
115,51,451
116,51,62
117,51,44
118,51,101
119,51,606
120,51,868
121,51,431
122,51,762
123,51,748
124,51,176
125,51,334
126,51,102
127,51,516
128,51,375
129,51,264
130,51,812
131,51,985
132,51,16
133,51,518
134,51,619
135,51,47
136,51,289
137,51,978
138,51,482
139,51,243
140,51,250
141,51,724
142,51,607
143,51,114
144,51,173
145,51,723
146,51,852
147,51,242
148,51,190
149,51,96
150,51,955
151,51,550
152,51,534
153,51,319
154,51,75
155,51,695
156,51,11
157,51,952
158,51,635
159,51,785
160,51,104
161,51,504
162,51,120
163,51,98
164,51,433
165,51,35
166,51,277
167,51,838
168,51,961
169,51,531
170,51,462
171,51,473
172,51,298
173,51,165
174,51,865
175,51,885
176,51,146
177,51,663
178,51,878
179,51,326
180,51,1003
181,51,921
182,51,809
183,51,988
184,51,261
185,51,597
186,51,843
187,51,20
188,51,256
189,51,743
190,51,437
191,51,525
192,51,237
193,51,970
194,51,580
195,51,938
196,51,490
197,51,957
198,51,313
199,51,309
200,51,410
201,51,981
202,51,980
203,51,962
204,51,80
205,51,414
206,51,709
207,51,201
208,51,571
209,51,914
210,51,218
211,51,667
212,51,960
213,51,135
214,51,179
215,51,161
216,51,916
217,51,772
218,51,566
219,51,929
220,51,953
221,51,77
222,51,124
223,51,753
224,51,787
225,51,610
226,51,972
227,51,1020
228,51,171
229,51,908
230,51,251
231,51,59
232,51,36
233,51,184
234,51,857
235,51,219
236,51,29
237,51,157
238,51,996
239,51,421
240,51,205
241,51,494
242,51,58
243,51,794
244,51,532
245,51,945
246,51,777
247,51,393
248,51,112
249,51,318
250,51,373
251,51,982
252,51,700
253,51,88
254,51,148
255,51,160
256,51,345
257,51,944
258,51,5
259,51,965
260,51,34
261,51,646
262,51,763
263,51,509
264,51,827
265,51,429
266,51,127
267,51,235
268,51,9
269,51,627
270,51,390
271,51,555
272,51,350
273,51,223
274,51,549
275,51,214
276,51,226
277,51,546
278,51,503
279,51,797
280,51,951
281,51,294
282,51,216
283,51,869
284,51,193
285,51,204
286,51,930
287,51,730
288,51,842
289,51,515
290,51,213
291,51,202
292,51,656
293,51,140
294,51,541
295,51,630
296,51,392
297,51,535
298,51,241
299,51,93
300,51,454
301,51,739
302,51,41
303,51,662
304,51,511
305,51,12
306,51,821
307,51,386
308,51,379
309,51,420
310,51,725
311,51,527
312,51,315
313,51,333
314,51,837
315,51,813
316,51,119
317,51,424
318,51,668
319,51,728
320,51,959
321,51,632
322,51,992
323,51,496
324,51,8
325,51,197
326,51,381
327,51,658
328,51,132
329,51,925
330,51,110
331,51,285
332,51,894
333,51,689
334,51,792
335,51,369
336,51,228
337,51,236
338,51,70
339,51,701
340,51,947
341,51,731
342,51,464
343,51,39
344,51,54
345,51,1005
346,51,856
347,51,31
348,51,737
349,51,976
350,51,570
351,51,51
352,51,912
353,51,325
354,51,442
355,51,707
356,51,991
357,51,799
358,51,552
359,51,499
360,51,453
361,51,460
362,51,1012
363,51,147
364,51,1018
365,51,893
366,51,864
367,51,85
368,51,681
369,51,164
370,51,162
371,51,922
372,51,106
373,51,483
374,51,45
375,51,826
376,51,751
377,51,545
378,51,849
379,51,834
380,51,559
381,51,355
382,51,673
383,51,664
384,51,682
385,51,305
386,51,568
387,51,828
388,51,892
389,51,776
390,51,343
391,51,895
392,51,920
393,51,875
394,51,862
395,51,286
396,51,43
397,51,523
398,51,349
399,51,245
0,52,301
1,52,150
2,52,30
3,52,683
4,52,443
5,52,954
6,52,1006
7,52,669
8,52,311
9,52,463
10,52,557
11,52,105
12,52,187
13,52,786
14,52,699
15,52,618
16,52,784
17,52,1008
18,52,520
19,52,185
20,52,710
21,52,0
22,52,554
23,52,230
24,52,713
25,52,246
26,52,155
27,52,287
28,52,901
29,52,142
30,52,304
31,52,492
32,52,1013
33,52,48
34,52,643
35,52,149
36,52,440
37,52,380
38,52,906
39,52,717
40,52,997
41,52,603
42,52,665
43,52,107
44,52,67
45,52,867
46,52,911
47,52,101
48,52,540
49,52,767
50,52,524
51,52,947
52,52,783
53,52,487
54,52,933
55,52,1002
56,52,537
57,52,266
58,52,474
59,52,362
60,52,839
61,52,476
62,52,887
63,52,847
64,52,775
65,52,521
66,52,584
67,52,877
68,52,432
69,52,749
70,52,650
71,52,363
72,52,649
73,52,1010
74,52,215
75,52,506
76,52,616
77,52,297
78,52,484
79,52,779
80,52,891
81,52,755
82,52,356
83,52,99
84,52,283
85,52,538
86,52,983
87,52,186
88,52,966
89,52,686
90,52,973
91,52,170
92,52,814
93,52,220
94,52,890
95,52,888
96,52,252
97,52,883
98,52,435
99,52,617
100,52,924
101,52,770
102,52,560
103,52,652
104,52,539
105,52,614
106,52,137
107,52,267
108,52,239
109,52,654
110,52,81
111,52,449
112,52,60
113,52,790
114,52,434
115,52,450
116,52,62
117,52,44
118,52,69
119,52,606
120,52,868
121,52,431
122,52,730
123,52,748
124,52,176
125,52,334
126,52,102
127,52,516
128,52,375
129,52,264
130,52,812
131,52,985
132,52,16
133,52,518
134,52,619
135,52,47
136,52,257
137,52,978
138,52,482
139,52,243
140,52,250
141,52,724
142,52,607
143,52,114
144,52,173
145,52,723
146,52,852
147,52,242
148,52,190
149,52,96
150,52,955
151,52,550
152,52,534
153,52,319
154,52,75
155,52,695
156,52,11
157,52,952
158,52,635
159,52,785
160,52,104
161,52,504
162,52,120
163,52,98
164,52,433
165,52,35
166,52,277
167,52,838
168,52,961
169,52,531
170,52,462
171,52,473
172,52,298
173,52,165
174,52,865
175,52,886
176,52,147
177,52,663
178,52,878
179,52,326
180,52,1003
181,52,921
182,52,809
183,52,988
184,52,261
185,52,597
186,52,843
187,52,20
188,52,256
189,52,743
190,52,437
191,52,525
192,52,237
193,52,970
194,52,580
195,52,938
196,52,490
197,52,957
198,52,313
199,52,309
200,52,410
201,52,981
202,52,980
203,52,962
204,52,80
205,52,414
206,52,709
207,52,201
208,52,571
209,52,914
210,52,218
211,52,667
212,52,960
213,52,135
214,52,178
215,52,161
216,52,916
217,52,772
218,52,566
219,52,929
220,52,953
221,52,77
222,52,156
223,52,753
224,52,787
225,52,610
226,52,972
227,52,1020
228,52,171
229,52,908
230,52,251
231,52,27
232,52,36
233,52,184
234,52,857
235,52,219
236,52,29
237,52,157
238,52,996
239,52,421
240,52,205
241,52,494
242,52,58
243,52,794
244,52,532
245,52,913
246,52,777
247,52,393
248,52,112
249,52,318
250,52,373
251,52,982
252,52,700
253,52,88
254,52,148
255,52,160
256,52,345
257,52,944
258,52,5
259,52,965
260,52,34
261,52,646
262,52,763
263,52,509
264,52,827
265,52,429
266,52,127
267,52,235
268,52,9
269,52,627
270,52,390
271,52,555
272,52,350
273,52,223
274,52,549
275,52,214
276,52,226
277,52,545
278,52,503
279,52,797
280,52,951
281,52,294
282,52,216
283,52,869
284,52,193
285,52,204
286,52,930
287,52,698
288,52,842
289,52,515
290,52,213
291,52,202
292,52,656
293,52,140
294,52,541
295,52,630
296,52,392
297,52,535
298,52,241
299,52,93
300,52,454
301,52,739
302,52,41
303,52,662
304,52,511
305,52,12
306,52,821
307,52,386
308,52,379
309,52,420
310,52,725
311,52,527
312,52,315
313,52,333
314,52,837
315,52,813
316,52,119
317,52,424
318,52,668
319,52,728
320,52,959
321,52,632
322,52,992
323,52,496
324,52,8
325,52,197
326,52,381
327,52,658
328,52,132
329,52,925
330,52,110
331,52,285
332,52,894
333,52,689
334,52,792
335,52,369
336,52,228
337,52,236
338,52,70
339,52,701
340,52,915
341,52,731
342,52,464
343,52,39
344,52,54
345,52,1005
346,52,856
347,52,31
348,52,737
349,52,976
350,52,570
351,52,51
352,52,912
353,52,325
354,52,442
355,52,707
356,52,991
357,52,799
358,52,552
359,52,499
360,52,453
361,52,460
362,52,1012
363,52,179
364,52,1018
365,52,893
366,52,864
367,52,85
368,52,681
369,52,164
370,52,162
371,52,922
372,52,106
373,52,451
374,52,45
375,52,826
376,52,751
377,52,544
378,52,849
379,52,834
380,52,559
381,52,355
382,52,673
383,52,664
384,52,682
385,52,305
386,52,568
387,52,828
388,52,892
389,52,776
390,52,343
391,52,895
392,52,920
393,52,875
394,52,862
395,52,286
396,52,43
397,52,523
398,52,349
399,52,245
0,53,301
1,53,150
2,53,30
3,53,683
4,53,443
5,53,954
6,53,1006
7,53,669
8,53,311
9,53,463
10,53,557
11,53,105
12,53,187
13,53,786
14,53,698
15,53,618
16,53,784
17,53,1008
18,53,520
19,53,185
20,53,710
21,53,0
22,53,554
23,53,230
24,53,713
25,53,246
26,53,155
27,53,287
28,53,901
29,53,142
30,53,304
31,53,492
32,53,1013
33,53,48
34,53,643
35,53,149
36,53,440
37,53,380
38,53,906
39,53,717
40,53,997
41,53,603
42,53,665
43,53,107
44,53,67
45,53,867
46,53,911
47,53,69
48,53,540
49,53,767
50,53,524
51,53,915
52,53,783
53,53,487
54,53,933
55,53,1002
56,53,537
57,53,266
58,53,474
59,53,362
60,53,839
61,53,476
62,53,919
63,53,847
64,53,775
65,53,521
66,53,584
67,53,877
68,53,432
69,53,749
70,53,650
71,53,363
72,53,649
73,53,1010
74,53,215
75,53,506
76,53,616
77,53,297
78,53,484
79,53,779
80,53,891
81,53,755
82,53,356
83,53,99
84,53,283
85,53,538
86,53,983
87,53,186
88,53,966
89,53,686
90,53,973
91,53,170
92,53,814
93,53,220
94,53,890
95,53,887
96,53,252
97,53,883
98,53,435
99,53,617
100,53,924
101,53,770
102,53,560
103,53,652
104,53,539
105,53,614
106,53,137
107,53,267
108,53,239
109,53,654
110,53,81
111,53,449
112,53,60
113,53,790
114,53,434
115,53,450
116,53,62
117,53,44
118,53,37
119,53,606
120,53,868
121,53,431
122,53,730
123,53,748
124,53,176
125,53,334
126,53,102
127,53,516
128,53,375
129,53,264
130,53,812
131,53,985
132,53,16
133,53,518
134,53,619
135,53,47
136,53,225
137,53,978
138,53,482
139,53,243
140,53,250
141,53,724
142,53,607
143,53,114
144,53,173
145,53,723
146,53,852
147,53,242
148,53,190
149,53,96
150,53,955
151,53,550
152,53,534
153,53,319
154,53,75
155,53,695
156,53,11
157,53,952
158,53,635
159,53,785
160,53,104
161,53,504
162,53,120
163,53,98
164,53,433
165,53,35
166,53,277
167,53,838
168,53,961
169,53,531
170,53,462
171,53,473
172,53,298
173,53,165
174,53,865
175,53,854
176,53,115
177,53,663
178,53,878
179,53,326
180,53,1003
181,53,921
182,53,809
183,53,988
184,53,261
185,53,597
186,53,843
187,53,20
188,53,256
189,53,743
190,53,437
191,53,525
192,53,237
193,53,970
194,53,580
195,53,938
196,53,490
197,53,957
198,53,313
199,53,309
200,53,410
201,53,981
202,53,980
203,53,962
204,53,80
205,53,414
206,53,709
207,53,201
208,53,571
209,53,913
210,53,218
211,53,667
212,53,960
213,53,135
214,53,179
215,53,161
216,53,916
217,53,772
218,53,566
219,53,929
220,53,953
221,53,77
222,53,156
223,53,753
224,53,787
225,53,610
226,53,972
227,53,1020
228,53,171
229,53,908
230,53,251
231,53,27
232,53,36
233,53,184
234,53,857
235,53,219
236,53,29
237,53,157
238,53,996
239,53,421
240,53,205
241,53,494
242,53,58
243,53,794
244,53,532
245,53,881
246,53,777
247,53,393
248,53,112
249,53,318
250,53,373
251,53,982
252,53,700
253,53,88
254,53,148
255,53,160
256,53,345
257,53,944
258,53,5
259,53,965
260,53,34
261,53,646
262,53,763
263,53,509
264,53,827
265,53,429
266,53,127
267,53,235
268,53,9
269,53,627
270,53,390
271,53,555
272,53,350
273,53,223
274,53,549
275,53,214
276,53,226
277,53,545
278,53,503
279,53,797
280,53,951
281,53,294
282,53,216
283,53,869
284,53,193
285,53,204
286,53,930
287,53,697
288,53,842
289,53,515
290,53,213
291,53,202
292,53,656
293,53,140
294,53,541
295,53,630
296,53,392
297,53,535
298,53,241
299,53,93
300,53,454
301,53,739
302,53,41
303,53,662
304,53,511
305,53,12
306,53,821
307,53,386
308,53,379
309,53,420
310,53,725
311,53,527
312,53,315
313,53,333
314,53,837
315,53,813
316,53,119
317,53,424
318,53,668
319,53,728
320,53,959
321,53,632
322,53,992
323,53,496
324,53,8
325,53,197
326,53,381
327,53,658
328,53,132
329,53,925
330,53,110
331,53,285
332,53,894
333,53,689
334,53,792
335,53,369
336,53,228
337,53,236
338,53,70
339,53,701
340,53,914
341,53,699
342,53,464
343,53,39
344,53,54
345,53,1005
346,53,856
347,53,31
348,53,737
349,53,976
350,53,570
351,53,51
352,53,912
353,53,325
354,53,442
355,53,707
356,53,991
357,53,799
358,53,552
359,53,499
360,53,453
361,53,460
362,53,1012
363,53,147
364,53,1018
365,53,893
366,53,864
367,53,85
368,53,681
369,53,164
370,53,162
371,53,922
372,53,106
373,53,451
374,53,45
375,53,826
376,53,751
377,53,544
378,53,849
379,53,834
380,53,559
381,53,355
382,53,673
383,53,664
384,53,682
385,53,305
386,53,568
387,53,828
388,53,892
389,53,776
390,53,343
391,53,895
392,53,920
393,53,875
394,53,862
395,53,286
396,53,43
397,53,523
398,53,349
399,53,245
0,54,301
1,54,150
2,54,30
3,54,683
4,54,443
5,54,954
6,54,1006
7,54,669
8,54,311
9,54,463
10,54,557
11,54,105
12,54,187
13,54,786
14,54,698
15,54,618
16,54,784
17,54,1008
18,54,520
19,54,185
20,54,710
21,54,0
22,54,554
23,54,230
24,54,713
25,54,246
26,54,155
27,54,287
28,54,901
29,54,142
30,54,304
31,54,492
32,54,1013
33,54,48
34,54,643
35,54,149
36,54,440
37,54,380
38,54,906
39,54,717
40,54,997
41,54,603
42,54,665
43,54,107
44,54,67
45,54,867
46,54,911
47,54,37
48,54,540
49,54,767
50,54,524
51,54,915
52,54,783
53,54,487
54,54,933
55,54,1002
56,54,537
57,54,266
58,54,474
59,54,362
60,54,839
61,54,476
62,54,919
63,54,847
64,54,775
65,54,521
66,54,584
67,54,877
68,54,432
69,54,749
70,54,650
71,54,363
72,54,649
73,54,1010
74,54,215
75,54,506
76,54,616
77,54,297
78,54,484
79,54,779
80,54,891
81,54,755
82,54,356
83,54,99
84,54,283
85,54,538
86,54,983
87,54,186
88,54,966
89,54,686
90,54,973
91,54,170
92,54,814
93,54,220
94,54,890
95,54,887
96,54,252
97,54,883
98,54,435
99,54,617
100,54,924
101,54,770
102,54,560
103,54,652
104,54,539
105,54,614
106,54,137
107,54,267
108,54,239
109,54,654
110,54,81
111,54,449
112,54,60
113,54,790
114,54,434
115,54,450
116,54,62
117,54,44
118,54,36
119,54,606
120,54,868
121,54,431
122,54,730
123,54,748
124,54,176
125,54,334
126,54,102
127,54,516
128,54,375
129,54,264
130,54,812
131,54,985
132,54,16
133,54,518
134,54,619
135,54,47
136,54,224
137,54,978
138,54,482
139,54,243
140,54,250
141,54,724
142,54,607
143,54,114
144,54,173
145,54,723
146,54,852
147,54,242
148,54,190
149,54,96
150,54,955
151,54,550
152,54,534
153,54,319
154,54,75
155,54,695
156,54,11
157,54,952
158,54,635
159,54,785
160,54,104
161,54,504
162,54,120
163,54,98
164,54,433
165,54,35
166,54,277
167,54,838
168,54,961
169,54,531
170,54,462
171,54,473
172,54,298
173,54,165
174,54,865
175,54,854
176,54,115
177,54,663
178,54,878
179,54,326
180,54,1003
181,54,921
182,54,809
183,54,988
184,54,261
185,54,597
186,54,843
187,54,20
188,54,256
189,54,743
190,54,437
191,54,525
192,54,237
193,54,970
194,54,580
195,54,938
196,54,490
197,54,957
198,54,313
199,54,309
200,54,410
201,54,981
202,54,980
203,54,962
204,54,80
205,54,414
206,54,709
207,54,201
208,54,571
209,54,914
210,54,218
211,54,667
212,54,960
213,54,135
214,54,179
215,54,161
216,54,916
217,54,772
218,54,566
219,54,929
220,54,953
221,54,77
222,54,156
223,54,753
224,54,787
225,54,610
226,54,972
227,54,1020
228,54,171
229,54,908
230,54,251
231,54,27
232,54,4
233,54,184
234,54,857
235,54,219
236,54,29
237,54,157
238,54,996
239,54,421
240,54,205
241,54,494
242,54,58
243,54,794
244,54,532
245,54,882
246,54,777
247,54,393
248,54,112
249,54,318
250,54,373
251,54,982
252,54,700
253,54,88
254,54,148
255,54,160
256,54,345
257,54,944
258,54,5
259,54,965
260,54,34
261,54,646
262,54,763
263,54,509
264,54,827
265,54,429
266,54,127
267,54,235
268,54,9
269,54,627
270,54,390
271,54,555
272,54,350
273,54,223
274,54,549
275,54,214
276,54,226
277,54,545
278,54,503
279,54,797
280,54,951
281,54,294
282,54,216
283,54,869
284,54,193
285,54,204
286,54,930
287,54,697
288,54,842
289,54,515
290,54,213
291,54,202
292,54,656
293,54,140
294,54,541
295,54,630
296,54,392
297,54,535
298,54,241
299,54,93
300,54,454
301,54,739
302,54,41
303,54,662
304,54,511
305,54,12
306,54,821
307,54,386
308,54,379
309,54,420
310,54,725
311,54,527
312,54,315
313,54,333
314,54,837
315,54,813
316,54,119
317,54,424
318,54,668
319,54,728
320,54,959
321,54,632
322,54,992
323,54,496
324,54,8
325,54,197
326,54,381
327,54,658
328,54,132
329,54,925
330,54,110
331,54,285
332,54,894
333,54,689
334,54,792
335,54,369
336,54,228
337,54,236
338,54,70
339,54,701
340,54,946
341,54,699
342,54,464
343,54,39
344,54,54
345,54,1005
346,54,856
347,54,31
348,54,737
349,54,976
350,54,570
351,54,51
352,54,912
353,54,325
354,54,442
355,54,707
356,54,991
357,54,799
358,54,552
359,54,499
360,54,453
361,54,460
362,54,1012
363,54,147
364,54,1018
365,54,893
366,54,864
367,54,85
368,54,681
369,54,164
370,54,162
371,54,922
372,54,106
373,54,451
374,54,45
375,54,826
376,54,751
377,54,544
378,54,849
379,54,834
380,54,559
381,54,355
382,54,673
383,54,664
384,54,682
385,54,305
386,54,568
387,54,828
388,54,892
389,54,776
390,54,343
391,54,895
392,54,920
393,54,875
394,54,862
395,54,286
396,54,43
397,54,523
398,54,349
399,54,245
0,55,301
1,55,150
2,55,30
3,55,683
4,55,443
5,55,954
6,55,1006
7,55,669
8,55,311
9,55,463
10,55,557
11,55,105
12,55,187
13,55,786
14,55,698
15,55,618
16,55,784
17,55,1008
18,55,520
19,55,185
20,55,710
21,55,0
22,55,554
23,55,230
24,55,713
25,55,246
26,55,155
27,55,287
28,55,901
29,55,142
30,55,304
31,55,492
32,55,1013
33,55,48
34,55,643
35,55,149
36,55,440
37,55,380
38,55,906
39,55,717
40,55,997
41,55,603
42,55,665
43,55,107
44,55,67
45,55,867
46,55,911
47,55,5
48,55,540
49,55,767
50,55,524
51,55,915
52,55,783
53,55,487
54,55,933
55,55,1002
56,55,537
57,55,266
58,55,474
59,55,362
60,55,839
61,55,476
62,55,919
63,55,847
64,55,775
65,55,521
66,55,584
67,55,877
68,55,432
69,55,749
70,55,650
71,55,363
72,55,649
73,55,1010
74,55,215
75,55,506
76,55,616
77,55,297
78,55,484
79,55,779
80,55,891
81,55,755
82,55,356
83,55,99
84,55,283
85,55,538
86,55,983
87,55,186
88,55,966
89,55,686
90,55,973
91,55,170
92,55,814
93,55,220
94,55,890
95,55,887
96,55,252
97,55,883
98,55,435
99,55,617
100,55,924
101,55,770
102,55,560
103,55,652
104,55,539
105,55,614
106,55,137
107,55,267
108,55,239
109,55,654
110,55,81
111,55,449
112,55,60
113,55,790
114,55,434
115,55,450
116,55,62
117,55,44
118,55,37
119,55,606
120,55,868
121,55,431
122,55,730
123,55,748
124,55,176
125,55,334
126,55,102
127,55,516
128,55,375
129,55,264
130,55,812
131,55,985
132,55,16
133,55,518
134,55,619
135,55,47
136,55,224
137,55,978
138,55,482
139,55,243
140,55,250
141,55,724
142,55,607
143,55,114
144,55,173
145,55,723
146,55,852
147,55,242
148,55,190
149,55,96
150,55,955
151,55,550
152,55,534
153,55,319
154,55,75
155,55,695
156,55,11
157,55,952
158,55,635
159,55,785
160,55,104
161,55,504
162,55,120
163,55,98
164,55,433
165,55,35
166,55,277
167,55,838
168,55,961
169,55,531
170,55,462
171,55,473
172,55,298
173,55,165
174,55,865
175,55,854
176,55,115
177,55,663
178,55,878
179,55,326
180,55,1003
181,55,921
182,55,809
183,55,988
184,55,261
185,55,597
186,55,843
187,55,20
188,55,256
189,55,743
190,55,437
191,55,525
192,55,237
193,55,970
194,55,580
195,55,938
196,55,490
197,55,957
198,55,313
199,55,309
200,55,410
201,55,981
202,55,980
203,55,962
204,55,80
205,55,414
206,55,709
207,55,201
208,55,571
209,55,914
210,55,218
211,55,667
212,55,960
213,55,135
214,55,179
215,55,161
216,55,916
217,55,772
218,55,566
219,55,929
220,55,953
221,55,77
222,55,156
223,55,753
224,55,787
225,55,610
226,55,972
227,55,1020
228,55,171
229,55,908
230,55,251
231,55,27
232,55,36
233,55,184
234,55,857
235,55,219
236,55,29
237,55,157
238,55,996
239,55,421
240,55,205
241,55,494
242,55,58
243,55,794
244,55,532
245,55,850
246,55,777
247,55,393
248,55,112
249,55,318
250,55,373
251,55,982
252,55,700
253,55,88
254,55,148
255,55,160
256,55,345
257,55,944
258,55,6
259,55,965
260,55,34
261,55,646
262,55,763
263,55,509
264,55,827
265,55,429
266,55,127
267,55,235
268,55,9
269,55,627
270,55,390
271,55,555
272,55,350
273,55,223
274,55,549
275,55,214
276,55,226
277,55,545
278,55,503
279,55,797
280,55,951
281,55,294
282,55,216
283,55,869
284,55,193
285,55,204
286,55,930
287,55,697
288,55,842
289,55,515
290,55,213
291,55,202
292,55,656
293,55,140
294,55,541
295,55,630
296,55,392
297,55,535
298,55,241
299,55,93
300,55,454
301,55,739
302,55,41
303,55,662
304,55,511
305,55,12
306,55,821
307,55,386
308,55,379
309,55,420
310,55,725
311,55,527
312,55,315
313,55,333
314,55,837
315,55,813
316,55,119
317,55,424
318,55,668
319,55,728
320,55,959
321,55,632
322,55,992
323,55,496
324,55,8
325,55,197
326,55,381
327,55,658
328,55,132
329,55,925
330,55,110
331,55,285
332,55,894
333,55,689
334,55,792
335,55,369
336,55,228
337,55,236
338,55,70
339,55,701
340,55,947
341,55,699
342,55,464
343,55,39
344,55,54
345,55,1005
346,55,856
347,55,31
348,55,737
349,55,976
350,55,570
351,55,51
352,55,912
353,55,325
354,55,442
355,55,707
356,55,991
357,55,799
358,55,552
359,55,499
360,55,453
361,55,460
362,55,1012
363,55,147
364,55,1018
365,55,893
366,55,864
367,55,85
368,55,681
369,55,164
370,55,162
371,55,922
372,55,106
373,55,451
374,55,45
375,55,826
376,55,751
377,55,544
378,55,849
379,55,834
380,55,559
381,55,355
382,55,673
383,55,664
384,55,682
385,55,305
386,55,568
387,55,828
388,55,892
389,55,776
390,55,343
391,55,895
392,55,920
393,55,875
394,55,862
395,55,286
396,55,43
397,55,523
398,55,349
399,55,245
0,56,301
1,56,150
2,56,30
3,56,683
4,56,443
5,56,954
6,56,1006
7,56,669
8,56,311
9,56,463
10,56,557
11,56,105
12,56,187
13,56,786
14,56,698
15,56,618
16,56,784
17,56,1008
18,56,520
19,56,185
20,56,710
21,56,0
22,56,554
23,56,230
24,56,713
25,56,246
26,56,155
27,56,287
28,56,901
29,56,142
30,56,304
31,56,492
32,56,1013
33,56,48
34,56,643
35,56,149
36,56,440
37,56,380
38,56,906
39,56,717
40,56,997
41,56,603
42,56,665
43,56,107
44,56,67
45,56,867
46,56,911
47,56,37
48,56,540
49,56,767
50,56,524
51,56,915
52,56,783
53,56,487
54,56,933
55,56,1002
56,56,537
57,56,266
58,56,474
59,56,362
60,56,839
61,56,476
62,56,919
63,56,847
64,56,775
65,56,521
66,56,584
67,56,877
68,56,432
69,56,749
70,56,650
71,56,363
72,56,649
73,56,1010
74,56,215
75,56,506
76,56,616
77,56,297
78,56,484
79,56,779
80,56,891
81,56,755
82,56,356
83,56,99
84,56,283
85,56,538
86,56,983
87,56,186
88,56,966
89,56,686
90,56,973
91,56,170
92,56,814
93,56,220
94,56,890
95,56,887
96,56,252
97,56,883
98,56,435
99,56,617
100,56,924
101,56,770
102,56,560
103,56,652
104,56,539
105,56,614
106,56,137
107,56,267
108,56,239
109,56,654
110,56,81
111,56,449
112,56,60
113,56,790
114,56,434
115,56,450
116,56,62
117,56,44
118,56,69
119,56,606
120,56,868
121,56,431
122,56,730
123,56,748
124,56,176
125,56,334
126,56,102
127,56,516
128,56,375
129,56,264
130,56,812
131,56,985
132,56,16
133,56,518
134,56,619
135,56,47
136,56,224
137,56,978
138,56,482
139,56,243
140,56,250
141,56,724
142,56,607
143,56,114
144,56,173
145,56,723
146,56,852
147,56,242
148,56,190
149,56,96
150,56,955
151,56,550
152,56,534
153,56,319
154,56,75
155,56,695
156,56,11
157,56,952
158,56,635
159,56,785
160,56,104
161,56,504
162,56,120
163,56,98
164,56,433
165,56,35
166,56,277
167,56,838
168,56,961
169,56,531
170,56,462
171,56,473
172,56,298
173,56,165
174,56,865
175,56,854
176,56,115
177,56,663
178,56,878
179,56,326
180,56,1003
181,56,921
182,56,809
183,56,988
184,56,261
185,56,597
186,56,843
187,56,20
188,56,256
189,56,743
190,56,437
191,56,525
192,56,237
193,56,970
194,56,580
195,56,938
196,56,490
197,56,957
198,56,313
199,56,309
200,56,410
201,56,981
202,56,980
203,56,962
204,56,80
205,56,414
206,56,709
207,56,201
208,56,571
209,56,914
210,56,218
211,56,667
212,56,960
213,56,135
214,56,179
215,56,161
216,56,916
217,56,772
218,56,566
219,56,929
220,56,953
221,56,77
222,56,156
223,56,753
224,56,787
225,56,610
226,56,972
227,56,1020
228,56,171
229,56,908
230,56,251
231,56,27
232,56,36
233,56,184
234,56,857
235,56,219
236,56,29
237,56,157
238,56,996
239,56,421
240,56,205
241,56,494
242,56,58
243,56,794
244,56,532
245,56,851
246,56,777
247,56,393
248,56,112
249,56,318
250,56,373
251,56,982
252,56,700
253,56,88
254,56,148
255,56,160
256,56,345
257,56,944
258,56,5
259,56,965
260,56,34
261,56,646
262,56,763
263,56,509
264,56,827
265,56,429
266,56,127
267,56,235
268,56,9
269,56,627
270,56,390
271,56,555
272,56,350
273,56,223
274,56,549
275,56,214
276,56,226
277,56,545
278,56,503
279,56,797
280,56,951
281,56,294
282,56,216
283,56,869
284,56,193
285,56,204
286,56,930
287,56,697
288,56,842
289,56,515
290,56,213
291,56,202
292,56,656
293,56,140
294,56,541
295,56,630
296,56,392
297,56,535
298,56,241
299,56,93
300,56,454
301,56,739
302,56,41
303,56,662
304,56,511
305,56,12
306,56,821
307,56,386
308,56,379
309,56,420
310,56,725
311,56,527
312,56,315
313,56,333
314,56,837
315,56,813
316,56,119
317,56,424
318,56,668
319,56,728
320,56,959
321,56,632
322,56,992
323,56,496
324,56,8
325,56,197
326,56,381
327,56,658
328,56,132
329,56,925
330,56,110
331,56,285
332,56,894
333,56,689
334,56,792
335,56,369
336,56,228
337,56,236
338,56,70
339,56,701
340,56,947
341,56,699
342,56,464
343,56,39
344,56,54
345,56,1005
346,56,856
347,56,31
348,56,737
349,56,976
350,56,570
351,56,51
352,56,912
353,56,325
354,56,442
355,56,707
356,56,991
357,56,799
358,56,552
359,56,499
360,56,453
361,56,460
362,56,1012
363,56,147
364,56,1018
365,56,893
366,56,864
367,56,85
368,56,681
369,56,164
370,56,162
371,56,922
372,56,106
373,56,451
374,56,45
375,56,826
376,56,751
377,56,544
378,56,849
379,56,834
380,56,559
381,56,355
382,56,673
383,56,664
384,56,682
385,56,305
386,56,568
387,56,828
388,56,892
389,56,776
390,56,343
391,56,895
392,56,920
393,56,875
394,56,862
395,56,286
396,56,43
397,56,523
398,56,349
399,56,245
0,57,301
1,57,150
2,57,30
3,57,683
4,57,443
5,57,954
6,57,1006
7,57,669
8,57,311
9,57,463
10,57,557
11,57,105
12,57,187
13,57,786
14,57,698
15,57,618
16,57,784
17,57,1008
18,57,520
19,57,185
20,57,710
21,57,0
22,57,554
23,57,230
24,57,713
25,57,246
26,57,155
27,57,287
28,57,901
29,57,142
30,57,304
31,57,492
32,57,1013
33,57,48
34,57,643
35,57,149
36,57,440
37,57,380
38,57,906
39,57,717
40,57,997
41,57,603
42,57,665
43,57,107
44,57,67
45,57,867
46,57,911
47,57,5
48,57,540
49,57,767
50,57,524
51,57,915
52,57,783
53,57,487
54,57,933
55,57,1002
56,57,537
57,57,266
58,57,474
59,57,362
60,57,839
61,57,476
62,57,919
63,57,847
64,57,775
65,57,521
66,57,584
67,57,877
68,57,432
69,57,749
70,57,650
71,57,363
72,57,649
73,57,1010
74,57,215
75,57,506
76,57,616
77,57,297
78,57,484
79,57,779
80,57,891
81,57,755
82,57,356
83,57,99
84,57,283
85,57,538
86,57,983
87,57,186
88,57,966
89,57,686
90,57,973
91,57,170
92,57,814
93,57,220
94,57,890
95,57,887
96,57,252
97,57,883
98,57,435
99,57,617
100,57,924
101,57,770
102,57,560
103,57,652
104,57,539
105,57,614
106,57,137
107,57,267
108,57,239
109,57,654
110,57,81
111,57,449
112,57,60
113,57,790
114,57,434
115,57,450
116,57,62
117,57,44
118,57,101
119,57,606
120,57,868
121,57,431
122,57,730
123,57,748
124,57,176
125,57,334
126,57,102
127,57,516
128,57,375
129,57,264
130,57,812
131,57,985
132,57,16
133,57,518
134,57,619
135,57,47
136,57,224
137,57,978
138,57,482
139,57,243
140,57,250
141,57,724
142,57,607
143,57,114
144,57,173
145,57,723
146,57,852
147,57,242
148,57,190
149,57,96
150,57,955
151,57,550
152,57,534
153,57,319
154,57,75
155,57,695
156,57,11
157,57,952
158,57,635
159,57,785
160,57,104
161,57,504
162,57,120
163,57,98
164,57,433
165,57,35
166,57,277
167,57,838
168,57,961
169,57,531
170,57,462
171,57,473
172,57,298
173,57,165
174,57,865
175,57,854
176,57,115
177,57,663
178,57,878
179,57,326
180,57,1003
181,57,921
182,57,809
183,57,988
184,57,261
185,57,597
186,57,843
187,57,20
188,57,256
189,57,743
190,57,437
191,57,525
192,57,237
193,57,970
194,57,580
195,57,938
196,57,490
197,57,957
198,57,313
199,57,309
200,57,410
201,57,981
202,57,980
203,57,962
204,57,80
205,57,414
206,57,709
207,57,201
208,57,571
209,57,914
210,57,218
211,57,667
212,57,960
213,57,135
214,57,179
215,57,161
216,57,916
217,57,772
218,57,566
219,57,929
220,57,953
221,57,77
222,57,156
223,57,753
224,57,787
225,57,610
226,57,972
227,57,1020
228,57,171
229,57,908
230,57,251
231,57,27
232,57,36
233,57,184
234,57,857
235,57,219
236,57,29
237,57,157
238,57,996
239,57,421
240,57,205
241,57,494
242,57,58
243,57,794
244,57,532
245,57,819
246,57,777
247,57,393
248,57,112
249,57,318
250,57,373
251,57,982
252,57,700
253,57,88
254,57,148
255,57,160
256,57,345
257,57,944
258,57,4
259,57,965
260,57,34
261,57,646
262,57,763
263,57,509
264,57,827
265,57,429
266,57,127
267,57,235
268,57,9
269,57,627
270,57,390
271,57,555
272,57,350
273,57,223
274,57,549
275,57,214
276,57,226
277,57,545
278,57,503
279,57,797
280,57,951
281,57,294
282,57,216
283,57,869
284,57,193
285,57,204
286,57,930
287,57,697
288,57,842
289,57,515
290,57,213
291,57,202
292,57,656
293,57,140
294,57,541
295,57,630
296,57,392
297,57,535
298,57,241
299,57,93
300,57,454
301,57,739
302,57,41
303,57,662
304,57,511
305,57,12
306,57,821
307,57,386
308,57,379
309,57,420
310,57,725
311,57,527
312,57,315
313,57,333
314,57,837
315,57,813
316,57,119
317,57,424
318,57,668
319,57,728
320,57,959
321,57,632
322,57,992
323,57,496
324,57,8
325,57,197
326,57,381
327,57,658
328,57,132
329,57,925
330,57,110
331,57,285
332,57,894
333,57,689
334,57,792
335,57,369
336,57,228
337,57,236
338,57,70
339,57,701
340,57,947
341,57,699
342,57,464
343,57,39
344,57,54
345,57,1005
346,57,856
347,57,31
348,57,737
349,57,976
350,57,570
351,57,51
352,57,912
353,57,325
354,57,442
355,57,707
356,57,991
357,57,799
358,57,552
359,57,499
360,57,453
361,57,460
362,57,1012
363,57,147
364,57,1018
365,57,893
366,57,864
367,57,85
368,57,681
369,57,164
370,57,162
371,57,922
372,57,106
373,57,451
374,57,45
375,57,826
376,57,751
377,57,544
378,57,849
379,57,834
380,57,559
381,57,355
382,57,673
383,57,664
384,57,682
385,57,305
386,57,568
387,57,828
388,57,892
389,57,776
390,57,343
391,57,895
392,57,920
393,57,875
394,57,862
395,57,286
396,57,43
397,57,523
398,57,349
399,57,245
0,58,301
1,58,150
2,58,30
3,58,683
4,58,443
5,58,954
6,58,1006
7,58,669
8,58,311
9,58,463
10,58,557
11,58,105
12,58,187
13,58,786
14,58,698
15,58,618
16,58,784
17,58,1008
18,58,520
19,58,185
20,58,710
21,58,0
22,58,554
23,58,230
24,58,713
25,58,246
26,58,155
27,58,287
28,58,901
29,58,142
30,58,304
31,58,492
32,58,1013
33,58,48
34,58,643
35,58,149
36,58,440
37,58,380
38,58,906
39,58,717
40,58,997
41,58,603
42,58,665
43,58,107
44,58,67
45,58,867
46,58,911
47,58,6
48,58,540
49,58,767
50,58,524
51,58,915
52,58,783
53,58,487
54,58,933
55,58,1002
56,58,537
57,58,266
58,58,474
59,58,362
60,58,839
61,58,476
62,58,919
63,58,847
64,58,775
65,58,521
66,58,584
67,58,877
68,58,432
69,58,749
70,58,650
71,58,363
72,58,649
73,58,1010
74,58,215
75,58,506
76,58,616
77,58,297
78,58,484
79,58,779
80,58,891
81,58,755
82,58,356
83,58,99
84,58,283
85,58,538
86,58,983
87,58,186
88,58,966
89,58,686
90,58,973
91,58,170
92,58,814
93,58,220
94,58,890
95,58,887
96,58,252
97,58,883
98,58,435
99,58,617
100,58,924
101,58,770
102,58,560
103,58,652
104,58,539
105,58,614
106,58,137
107,58,267
108,58,239
109,58,654
110,58,81
111,58,449
112,58,60
113,58,790
114,58,434
115,58,450
116,58,62
117,58,44
118,58,101
119,58,606
120,58,868
121,58,431
122,58,730
123,58,748
124,58,176
125,58,334
126,58,102
127,58,516
128,58,375
129,58,264
130,58,812
131,58,985
132,58,16
133,58,518
134,58,619
135,58,47
136,58,224
137,58,978
138,58,482
139,58,243
140,58,250
141,58,724
142,58,607
143,58,114
144,58,173
145,58,723
146,58,852
147,58,242
148,58,190
149,58,96
150,58,955
151,58,550
152,58,534
153,58,319
154,58,75
155,58,695
156,58,11
157,58,952
158,58,635
159,58,785
160,58,104
161,58,504
162,58,120
163,58,98
164,58,433
165,58,35
166,58,277
167,58,838
168,58,961
169,58,531
170,58,462
171,58,473
172,58,298
173,58,165
174,58,865
175,58,854
176,58,115
177,58,663
178,58,878
179,58,326
180,58,1003
181,58,921
182,58,809
183,58,988
184,58,261
185,58,597
186,58,843
187,58,20
188,58,256
189,58,743
190,58,437
191,58,525
192,58,237
193,58,970
194,58,580
195,58,938
196,58,490
197,58,957
198,58,313
199,58,309
200,58,410
201,58,981
202,58,980
203,58,962
204,58,80
205,58,414
206,58,709
207,58,201
208,58,571
209,58,914
210,58,218
211,58,667
212,58,960
213,58,135
214,58,179
215,58,161
216,58,916
217,58,772
218,58,566
219,58,929
220,58,953
221,58,77
222,58,156
223,58,753
224,58,787
225,58,610
226,58,972
227,58,1020
228,58,171
229,58,908
230,58,251
231,58,27
232,58,36
233,58,184
234,58,857
235,58,219
236,58,29
237,58,157
238,58,996
239,58,421
240,58,205
241,58,494
242,58,58
243,58,794
244,58,532
245,58,820
246,58,777
247,58,393
248,58,112
249,58,318
250,58,373
251,58,982
252,58,700
253,58,88
254,58,148
255,58,160
256,58,345
257,58,944
258,58,5
259,58,965
260,58,34
261,58,646
262,58,763
263,58,509
264,58,827
265,58,429
266,58,127
267,58,235
268,58,9
269,58,627
270,58,390
271,58,555
272,58,350
273,58,223
274,58,549
275,58,214
276,58,226
277,58,545
278,58,503
279,58,797
280,58,951
281,58,294
282,58,216
283,58,869
284,58,193
285,58,204
286,58,930
287,58,697
288,58,842
289,58,515
290,58,213
291,58,202
292,58,656
293,58,140
294,58,541
295,58,630
296,58,392
297,58,535
298,58,241
299,58,93
300,58,454
301,58,739
302,58,41
303,58,662
304,58,511
305,58,12
306,58,821
307,58,386
308,58,379
309,58,420
310,58,725
311,58,527
312,58,315
313,58,333
314,58,837
315,58,813
316,58,119
317,58,424
318,58,668
319,58,728
320,58,959
321,58,632
322,58,992
323,58,496
324,58,8
325,58,197
326,58,381
327,58,658
328,58,132
329,58,925
330,58,110
331,58,285
332,58,894
333,58,689
334,58,792
335,58,369
336,58,228
337,58,236
338,58,70
339,58,701
340,58,947
341,58,699
342,58,464
343,58,39
344,58,54
345,58,1005
346,58,856
347,58,31
348,58,737
349,58,976
350,58,570
351,58,51
352,58,912
353,58,325
354,58,442
355,58,707
356,58,991
357,58,799
358,58,552
359,58,499
360,58,453
361,58,460
362,58,1012
363,58,147
364,58,1018
365,58,893
366,58,864
367,58,85
368,58,681
369,58,164
370,58,162
371,58,922
372,58,106
373,58,451
374,58,45
375,58,826
376,58,751
377,58,544
378,58,849
379,58,834
380,58,559
381,58,355
382,58,673
383,58,664
384,58,682
385,58,305
386,58,568
387,58,828
388,58,892
389,58,776
390,58,343
391,58,895
392,58,920
393,58,875
394,58,862
395,58,286
396,58,43
397,58,523
398,58,349
399,58,245
0,59,301
1,59,150
2,59,30
3,59,683
4,59,443
5,59,954
6,59,1006
7,59,669
8,59,311
9,59,463
10,59,557
11,59,105
12,59,187
13,59,786
14,59,698
15,59,618
16,59,784
17,59,1008
18,59,520
19,59,185
20,59,710
21,59,0
22,59,554
23,59,230
24,59,713
25,59,246
26,59,155
27,59,287
28,59,901
29,59,142
30,59,304
31,59,492
32,59,1013
33,59,48
34,59,643
35,59,149
36,59,440
37,59,380
38,59,906
39,59,717
40,59,997
41,59,603
42,59,665
43,59,107
44,59,67
45,59,867
46,59,911
47,59,6
48,59,540
49,59,767
50,59,524
51,59,915
52,59,783
53,59,487
54,59,933
55,59,1002
56,59,537
57,59,266
58,59,474
59,59,362
60,59,839
61,59,476
62,59,919
63,59,847
64,59,775
65,59,521
66,59,584
67,59,877
68,59,432
69,59,749
70,59,650
71,59,363
72,59,649
73,59,1010
74,59,215
75,59,506
76,59,616
77,59,297
78,59,484
79,59,779
80,59,891
81,59,755
82,59,356
83,59,99
84,59,283
85,59,538
86,59,983
87,59,186
88,59,966
89,59,686
90,59,973
91,59,170
92,59,814
93,59,220
94,59,890
95,59,887
96,59,252
97,59,883
98,59,435
99,59,617
100,59,924
101,59,770
102,59,560
103,59,652
104,59,539
105,59,614
106,59,137
107,59,267
108,59,239
109,59,654
110,59,81
111,59,449
112,59,60
113,59,790
114,59,434
115,59,450
116,59,62
117,59,44
118,59,101
119,59,606
120,59,868
121,59,431
122,59,730
123,59,748
124,59,176
125,59,334
126,59,102
127,59,516
128,59,375
129,59,264
130,59,812
131,59,985
132,59,16
133,59,518
134,59,619
135,59,47
136,59,224
137,59,978
138,59,482
139,59,243
140,59,250
141,59,724
142,59,607
143,59,114
144,59,173
145,59,723
146,59,852
147,59,242
148,59,190
149,59,96
150,59,955
151,59,550
152,59,534
153,59,319
154,59,75
155,59,695
156,59,11
157,59,952
158,59,635
159,59,785
160,59,104
161,59,504
162,59,120
163,59,98
164,59,433
165,59,35
166,59,277
167,59,838
168,59,961
169,59,531
170,59,462
171,59,473
172,59,298
173,59,165
174,59,865
175,59,854
176,59,115
177,59,663
178,59,878
179,59,326
180,59,1003
181,59,921
182,59,809
183,59,988
184,59,261
185,59,597
186,59,843
187,59,20
188,59,256
189,59,743
190,59,437
191,59,525
192,59,237
193,59,970
194,59,580
195,59,938
196,59,490
197,59,957
198,59,313
199,59,309
200,59,410
201,59,981
202,59,980
203,59,962
204,59,80
205,59,414
206,59,709
207,59,201
208,59,571
209,59,914
210,59,218
211,59,667
212,59,960
213,59,135
214,59,179
215,59,161
216,59,916
217,59,772
218,59,566
219,59,929
220,59,953
221,59,77
222,59,156
223,59,753
224,59,787
225,59,610
226,59,972
227,59,1020
228,59,171
229,59,908
230,59,251
231,59,27
232,59,36
233,59,184
234,59,857
235,59,219
236,59,29
237,59,157
238,59,996
239,59,421
240,59,205
241,59,494
242,59,58
243,59,794
244,59,532
245,59,821
246,59,777
247,59,393
248,59,112
249,59,318
250,59,373
251,59,982
252,59,700
253,59,88
254,59,148
255,59,160
256,59,345
257,59,944
258,59,5
259,59,965
260,59,34
261,59,646
262,59,763
263,59,509
264,59,827
265,59,429
266,59,127
267,59,235
268,59,9
269,59,627
270,59,390
271,59,555
272,59,350
273,59,223
274,59,549
275,59,214
276,59,226
277,59,545
278,59,503
279,59,797
280,59,951
281,59,294
282,59,216
283,59,869
284,59,193
285,59,204
286,59,930
287,59,697
288,59,842
289,59,515
290,59,213
291,59,202
292,59,656
293,59,140
294,59,541
295,59,630
296,59,392
297,59,535
298,59,241
299,59,93
300,59,454
301,59,739
302,59,41
303,59,662
304,59,511
305,59,12
306,59,822
307,59,386
308,59,379
309,59,420
310,59,725
311,59,527
312,59,315
313,59,333
314,59,837
315,59,813
316,59,119
317,59,424
318,59,668
319,59,728
320,59,959
321,59,632
322,59,992
323,59,496
324,59,8
325,59,197
326,59,381
327,59,658
328,59,132
329,59,925
330,59,110
331,59,285
332,59,894
333,59,689
334,59,792
335,59,369
336,59,228
337,59,236
338,59,70
339,59,701
340,59,947
341,59,699
342,59,464
343,59,39
344,59,54
345,59,1005
346,59,856
347,59,31
348,59,737
349,59,976
350,59,570
351,59,51
352,59,912
353,59,325
354,59,442
355,59,707
356,59,991
357,59,799
358,59,552
359,59,499
360,59,453
361,59,460
362,59,1012
363,59,147
364,59,1018
365,59,893
366,59,864
367,59,85
368,59,681
369,59,164
370,59,162
371,59,922
372,59,106
373,59,451
374,59,45
375,59,826
376,59,751
377,59,544
378,59,849
379,59,834
380,59,559
381,59,355
382,59,673
383,59,664
384,59,682
385,59,305
386,59,568
387,59,828
388,59,892
389,59,776
390,59,343
391,59,895
392,59,920
393,59,875
394,59,862
395,59,286
396,59,43
397,59,523
398,59,349
399,59,245
0,60,301
1,60,150
2,60,30
3,60,683
4,60,443
5,60,954
6,60,1006
7,60,669
8,60,311
9,60,463
10,60,557
11,60,105
12,60,187
13,60,786
14,60,698
15,60,618
16,60,784
17,60,1008
18,60,520
19,60,185
20,60,710
21,60,0
22,60,554
23,60,230
24,60,713
25,60,246
26,60,155
27,60,287
28,60,901
29,60,142
30,60,304
31,60,492
32,60,1013
33,60,48
34,60,643
35,60,149
36,60,440
37,60,380
38,60,906
39,60,717
40,60,997
41,60,603
42,60,665
43,60,107
44,60,67
45,60,867
46,60,911
47,60,6
48,60,540
49,60,767
50,60,524
51,60,915
52,60,783
53,60,487
54,60,933
55,60,1002
56,60,537
57,60,266
58,60,474
59,60,362
60,60,839
61,60,476
62,60,919
63,60,847
64,60,775
65,60,521
66,60,584
67,60,877
68,60,432
69,60,749
70,60,650
71,60,363
72,60,649
73,60,1010
74,60,215
75,60,506
76,60,616
77,60,297
78,60,484
79,60,779
80,60,891
81,60,755
82,60,356
83,60,99
84,60,283
85,60,538
86,60,983
87,60,186
88,60,966
89,60,686
90,60,973
91,60,170
92,60,814
93,60,220
94,60,890
95,60,887
96,60,252
97,60,883
98,60,435
99,60,617
100,60,924
101,60,770
102,60,560
103,60,652
104,60,539
105,60,614
106,60,137
107,60,267
108,60,239
109,60,654
110,60,81
111,60,449
112,60,60
113,60,790
114,60,434
115,60,450
116,60,62
117,60,44
118,60,101
119,60,606
120,60,868
121,60,431
122,60,730
123,60,748
124,60,176
125,60,334
126,60,102
127,60,516
128,60,375
129,60,264
130,60,812
131,60,985
132,60,16
133,60,518
134,60,619
135,60,47
136,60,224
137,60,978
138,60,482
139,60,243
140,60,250
141,60,724
142,60,607
143,60,114
144,60,173
145,60,723
146,60,852
147,60,242
148,60,190
149,60,96
150,60,955
151,60,550
152,60,534
153,60,319
154,60,75
155,60,695
156,60,11
157,60,952
158,60,635
159,60,785
160,60,104
161,60,504
162,60,120
163,60,98
164,60,433
165,60,35
166,60,277
167,60,838
168,60,961
169,60,531
170,60,462
171,60,473
172,60,298
173,60,165
174,60,865
175,60,886
176,60,115
177,60,663
178,60,878
179,60,326
180,60,1003
181,60,921
182,60,809
183,60,988
184,60,261
185,60,597
186,60,843
187,60,20
188,60,256
189,60,743
190,60,437
191,60,525
192,60,237
193,60,970
194,60,580
195,60,938
196,60,490
197,60,957
198,60,313
199,60,309
200,60,410
201,60,981
202,60,980
203,60,962
204,60,80
205,60,414
206,60,709
207,60,201
208,60,571
209,60,914
210,60,218
211,60,667
212,60,960
213,60,135
214,60,179
215,60,161
216,60,916
217,60,772
218,60,566
219,60,929
220,60,953
221,60,77
222,60,156
223,60,753
224,60,787
225,60,610
226,60,972
227,60,1020
228,60,171
229,60,908
230,60,251
231,60,27
232,60,36
233,60,184
234,60,857
235,60,219
236,60,29
237,60,157
238,60,996
239,60,421
240,60,205
241,60,494
242,60,58
243,60,794
244,60,532
245,60,822
246,60,777
247,60,393
248,60,112
249,60,318
250,60,373
251,60,982
252,60,700
253,60,88
254,60,148
255,60,160
256,60,345
257,60,944
258,60,5
259,60,965
260,60,34
261,60,646
262,60,763
263,60,509
264,60,827
265,60,429
266,60,127
267,60,235
268,60,9
269,60,627
270,60,390
271,60,555
272,60,350
273,60,223
274,60,549
275,60,214
276,60,226
277,60,545
278,60,503
279,60,797
280,60,951
281,60,294
282,60,216
283,60,869
284,60,193
285,60,204
286,60,930
287,60,697
288,60,842
289,60,515
290,60,213
291,60,202
292,60,656
293,60,140
294,60,541
295,60,630
296,60,392
297,60,535
298,60,241
299,60,93
300,60,454
301,60,739
302,60,41
303,60,662
304,60,511
305,60,12
306,60,854
307,60,386
308,60,379
309,60,420
310,60,725
311,60,527
312,60,315
313,60,333
314,60,837
315,60,813
316,60,119
317,60,424
318,60,668
319,60,728
320,60,959
321,60,632
322,60,992
323,60,496
324,60,8
325,60,197
326,60,381
327,60,658
328,60,132
329,60,925
330,60,110
331,60,285
332,60,894
333,60,689
334,60,792
335,60,369
336,60,228
337,60,236
338,60,70
339,60,701
340,60,947
341,60,699
342,60,464
343,60,39
344,60,54
345,60,1005
346,60,856
347,60,31
348,60,737
349,60,976
350,60,570
351,60,51
352,60,912
353,60,325
354,60,442
355,60,707
356,60,991
357,60,799
358,60,552
359,60,499
360,60,453
361,60,460
362,60,1012
363,60,147
364,60,1018
365,60,893
366,60,864
367,60,85
368,60,681
369,60,164
370,60,162
371,60,922
372,60,106
373,60,451
374,60,45
375,60,826
376,60,751
377,60,544
378,60,849
379,60,834
380,60,559
381,60,355
382,60,673
383,60,664
384,60,682
385,60,305
386,60,568
387,60,828
388,60,892
389,60,776
390,60,343
391,60,895
392,60,920
393,60,875
394,60,862
395,60,286
396,60,43
397,60,523
398,60,349
399,60,245
0,61,301
1,61,150
2,61,30
3,61,683
4,61,443
5,61,954
6,61,1006
7,61,669
8,61,311
9,61,463
10,61,557
11,61,105
12,61,187
13,61,786
14,61,698
15,61,618
16,61,784
17,61,1008
18,61,520
19,61,185
20,61,710
21,61,0
22,61,554
23,61,230
24,61,713
25,61,246
26,61,155
27,61,287
28,61,901
29,61,142
30,61,304
31,61,492
32,61,1013
33,61,48
34,61,643
35,61,149
36,61,440
37,61,380
38,61,906
39,61,717
40,61,997
41,61,603
42,61,665
43,61,107
44,61,67
45,61,867
46,61,911
47,61,6
48,61,540
49,61,767
50,61,524
51,61,915
52,61,783
53,61,487
54,61,933
55,61,1002
56,61,537
57,61,266
58,61,474
59,61,362
60,61,839
61,61,476
62,61,919
63,61,847
64,61,775
65,61,521
66,61,584
67,61,877
68,61,432
69,61,749
70,61,650
71,61,363
72,61,649
73,61,1010
74,61,215
75,61,506
76,61,616
77,61,297
78,61,484
79,61,779
80,61,891
81,61,755
82,61,356
83,61,99
84,61,283
85,61,538
86,61,983
87,61,186
88,61,966
89,61,686
90,61,973
91,61,170
92,61,814
93,61,220
94,61,890
95,61,887
96,61,252
97,61,883
98,61,435
99,61,617
100,61,924
101,61,770
102,61,560
103,61,652
104,61,539
105,61,614
106,61,137
107,61,267
108,61,239
109,61,654
110,61,81
111,61,449
112,61,60
113,61,790
114,61,434
115,61,450
116,61,62
117,61,44
118,61,101
119,61,606
120,61,868
121,61,431
122,61,730
123,61,748
124,61,176
125,61,334
126,61,102
127,61,516
128,61,375
129,61,264
130,61,812
131,61,985
132,61,16
133,61,518
134,61,619
135,61,47
136,61,224
137,61,978
138,61,482
139,61,243
140,61,250
141,61,724
142,61,607
143,61,114
144,61,173
145,61,723
146,61,852
147,61,242
148,61,190
149,61,96
150,61,955
151,61,550
152,61,534
153,61,319
154,61,75
155,61,695
156,61,11
157,61,952
158,61,635
159,61,785
160,61,104
161,61,504
162,61,120
163,61,98
164,61,433
165,61,35
166,61,277
167,61,838
168,61,961
169,61,531
170,61,462
171,61,473
172,61,298
173,61,165
174,61,865
175,61,854
176,61,115
177,61,663
178,61,878
179,61,326
180,61,1003
181,61,921
182,61,809
183,61,988
184,61,261
185,61,597
186,61,843
187,61,20
188,61,256
189,61,743
190,61,437
191,61,525
192,61,237
193,61,970
194,61,580
195,61,938
196,61,490
197,61,957
198,61,313
199,61,309
200,61,410
201,61,981
202,61,980
203,61,962
204,61,80
205,61,414
206,61,709
207,61,201
208,61,571
209,61,914
210,61,218
211,61,667
212,61,960
213,61,135
214,61,179
215,61,161
216,61,916
217,61,772
218,61,566
219,61,929
220,61,953
221,61,77
222,61,156
223,61,753
224,61,787
225,61,610
226,61,972
227,61,1020
228,61,171
229,61,908
230,61,251
231,61,27
232,61,36
233,61,184
234,61,857
235,61,219
236,61,29
237,61,157
238,61,996
239,61,421
240,61,205
241,61,494
242,61,58
243,61,794
244,61,532
245,61,823
246,61,777
247,61,393
248,61,112
249,61,318
250,61,373
251,61,982
252,61,700
253,61,88
254,61,148
255,61,160
256,61,345
257,61,944
258,61,5
259,61,965
260,61,34
261,61,646
262,61,763
263,61,509
264,61,827
265,61,429
266,61,127
267,61,235
268,61,9
269,61,627
270,61,390
271,61,555
272,61,350
273,61,223
274,61,549
275,61,214
276,61,226
277,61,545
278,61,503
279,61,797
280,61,951
281,61,294
282,61,216
283,61,869
284,61,193
285,61,204
286,61,930
287,61,697
288,61,842
289,61,515
290,61,213
291,61,202
292,61,656
293,61,140
294,61,541
295,61,630
296,61,392
297,61,535
298,61,241
299,61,93
300,61,454
301,61,739
302,61,41
303,61,662
304,61,511
305,61,12
306,61,822
307,61,386
308,61,379
309,61,420
310,61,725
311,61,527
312,61,315
313,61,333
314,61,837
315,61,813
316,61,119
317,61,424
318,61,668
319,61,728
320,61,959
321,61,632
322,61,992
323,61,496
324,61,8
325,61,197
326,61,381
327,61,658
328,61,132
329,61,925
330,61,110
331,61,285
332,61,894
333,61,689
334,61,792
335,61,369
336,61,228
337,61,236
338,61,70
339,61,701
340,61,947
341,61,699
342,61,464
343,61,39
344,61,54
345,61,1005
346,61,856
347,61,31
348,61,737
349,61,976
350,61,570
351,61,51
352,61,912
353,61,325
354,61,442
355,61,707
356,61,991
357,61,799
358,61,552
359,61,499
360,61,453
361,61,460
362,61,1012
363,61,147
364,61,1018
365,61,893
366,61,864
367,61,85
368,61,681
369,61,164
370,61,162
371,61,922
372,61,106
373,61,451
374,61,45
375,61,826
376,61,751
377,61,544
378,61,849
379,61,834
380,61,559
381,61,355
382,61,673
383,61,664
384,61,682
385,61,305
386,61,568
387,61,828
388,61,892
389,61,776
390,61,343
391,61,895
392,61,920
393,61,875
394,61,862
395,61,286
396,61,43
397,61,523
398,61,349
399,61,245
0,62,301
1,62,150
2,62,30
3,62,683
4,62,443
5,62,954
6,62,1006
7,62,669
8,62,311
9,62,463
10,62,557
11,62,105
12,62,187
13,62,786
14,62,698
15,62,618
16,62,784
17,62,1008
18,62,520
19,62,185
20,62,710
21,62,0
22,62,554
23,62,230
24,62,713
25,62,246
26,62,155
27,62,287
28,62,901
29,62,142
30,62,304
31,62,492
32,62,1013
33,62,48
34,62,643
35,62,149
36,62,440
37,62,380
38,62,906
39,62,717
40,62,997
41,62,603
42,62,665
43,62,107
44,62,67
45,62,867
46,62,911
47,62,6
48,62,540
49,62,767
50,62,524
51,62,915
52,62,783
53,62,487
54,62,933
55,62,1002
56,62,537
57,62,266
58,62,474
59,62,362
60,62,839
61,62,476
62,62,919
63,62,847
64,62,775
65,62,521
66,62,584
67,62,877
68,62,432
69,62,749
70,62,650
71,62,363
72,62,649
73,62,1010
74,62,215
75,62,506
76,62,616
77,62,297
78,62,484
79,62,779
80,62,891
81,62,755
82,62,356
83,62,99
84,62,283
85,62,538
86,62,983
87,62,186
88,62,966
89,62,686
90,62,973
91,62,170
92,62,814
93,62,220
94,62,890
95,62,887
96,62,252
97,62,883
98,62,435
99,62,617
100,62,924
101,62,770
102,62,560
103,62,652
104,62,539
105,62,614
106,62,137
107,62,267
108,62,239
109,62,654
110,62,81
111,62,449
112,62,60
113,62,790
114,62,434
115,62,450
116,62,62
117,62,44
118,62,101
119,62,606
120,62,868
121,62,431
122,62,730
123,62,748
124,62,176
125,62,334
126,62,102
127,62,516
128,62,375
129,62,264
130,62,812
131,62,985
132,62,16
133,62,518
134,62,619
135,62,47
136,62,224
137,62,978
138,62,482
139,62,243
140,62,250
141,62,724
142,62,607
143,62,114
144,62,173
145,62,723
146,62,852
147,62,242
148,62,190
149,62,96
150,62,955
151,62,550
152,62,534
153,62,319
154,62,75
155,62,695
156,62,11
157,62,952
158,62,635
159,62,785
160,62,104
161,62,504
162,62,120
163,62,98
164,62,433
165,62,35
166,62,277
167,62,838
168,62,961
169,62,531
170,62,462
171,62,473
172,62,298
173,62,165
174,62,865
175,62,854
176,62,115
177,62,663
178,62,878
179,62,326
180,62,1003
181,62,921
182,62,809
183,62,988
184,62,261
185,62,597
186,62,843
187,62,20
188,62,256
189,62,743
190,62,437
191,62,525
192,62,237
193,62,970
194,62,580
195,62,938
196,62,490
197,62,957
198,62,313
199,62,309
200,62,410
201,62,981
202,62,980
203,62,962
204,62,80
205,62,414
206,62,709
207,62,201
208,62,571
209,62,914
210,62,218
211,62,667
212,62,960
213,62,135
214,62,179
215,62,161
216,62,916
217,62,772
218,62,566
219,62,929
220,62,953
221,62,77
222,62,156
223,62,753
224,62,787
225,62,610
226,62,972
227,62,1020
228,62,171
229,62,908
230,62,251
231,62,27
232,62,36
233,62,184
234,62,857
235,62,219
236,62,29
237,62,157
238,62,996
239,62,421
240,62,205
241,62,494
242,62,58
243,62,794
244,62,532
245,62,824
246,62,777
247,62,393
248,62,112
249,62,318
250,62,373
251,62,982
252,62,700
253,62,88
254,62,148
255,62,160
256,62,345
257,62,944
258,62,5
259,62,965
260,62,34
261,62,646
262,62,763
263,62,509
264,62,827
265,62,429
266,62,127
267,62,235
268,62,9
269,62,627
270,62,390
271,62,555
272,62,350
273,62,223
274,62,549
275,62,214
276,62,226
277,62,545
278,62,503
279,62,797
280,62,951
281,62,294
282,62,216
283,62,869
284,62,193
285,62,204
286,62,930
287,62,697
288,62,842
289,62,515
290,62,213
291,62,202
292,62,656
293,62,140
294,62,541
295,62,630
296,62,392
297,62,535
298,62,241
299,62,93
300,62,454
301,62,739
302,62,41
303,62,662
304,62,511
305,62,12
306,62,821
307,62,386
308,62,379
309,62,420
310,62,725
311,62,527
312,62,315
313,62,333
314,62,837
315,62,813
316,62,119
317,62,424
318,62,668
319,62,728
320,62,959
321,62,632
322,62,992
323,62,496
324,62,8
325,62,197
326,62,381
327,62,658
328,62,132
329,62,925
330,62,110
331,62,285
332,62,894
333,62,689
334,62,792
335,62,369
336,62,228
337,62,236
338,62,70
339,62,701
340,62,947
341,62,699
342,62,464
343,62,39
344,62,54
345,62,1005
346,62,856
347,62,31
348,62,737
349,62,976
350,62,570
351,62,51
352,62,912
353,62,325
354,62,442
355,62,707
356,62,991
357,62,799
358,62,552
359,62,499
360,62,453
361,62,460
362,62,1012
363,62,147
364,62,1018
365,62,893
366,62,864
367,62,85
368,62,681
369,62,164
370,62,162
371,62,922
372,62,106
373,62,451
374,62,45
375,62,826
376,62,751
377,62,544
378,62,849
379,62,834
380,62,559
381,62,355
382,62,673
383,62,664
384,62,682
385,62,305
386,62,568
387,62,828
388,62,892
389,62,776
390,62,343
391,62,895
392,62,920
393,62,875
394,62,862
395,62,286
396,62,43
397,62,523
398,62,349
399,62,245
0,63,301
1,63,150
2,63,30
3,63,683
4,63,443
5,63,954
6,63,1006
7,63,669
8,63,311
9,63,463
10,63,557
11,63,105
12,63,187
13,63,786
14,63,698
15,63,618
16,63,784
17,63,1008
18,63,520
19,63,185
20,63,710
21,63,0
22,63,554
23,63,230
24,63,713
25,63,246
26,63,155
27,63,287
28,63,901
29,63,142
30,63,304
31,63,492
32,63,1013
33,63,48
34,63,643
35,63,149
36,63,440
37,63,380
38,63,906
39,63,717
40,63,997
41,63,603
42,63,665
43,63,107
44,63,67
45,63,867
46,63,911
47,63,6
48,63,540
49,63,767
50,63,524
51,63,915
52,63,783
53,63,487
54,63,933
55,63,1002
56,63,537
57,63,266
58,63,474
59,63,362
60,63,839
61,63,476
62,63,919
63,63,847
64,63,775
65,63,521
66,63,584
67,63,877
68,63,432
69,63,749
70,63,650
71,63,363
72,63,649
73,63,1010
74,63,215
75,63,506
76,63,616
77,63,297
78,63,484
79,63,779
80,63,891
81,63,755
82,63,356
83,63,99
84,63,283
85,63,538
86,63,983
87,63,186
88,63,966
89,63,686
90,63,973
91,63,170
92,63,814
93,63,220
94,63,890
95,63,887
96,63,252
97,63,883
98,63,435
99,63,617
100,63,924
101,63,770
102,63,560
103,63,652
104,63,539
105,63,614
106,63,137
107,63,267
108,63,239
109,63,654
110,63,81
111,63,449
112,63,60
113,63,790
114,63,434
115,63,450
116,63,62
117,63,44
118,63,101
119,63,606
120,63,868
121,63,431
122,63,730
123,63,748
124,63,176
125,63,334
126,63,102
127,63,516
128,63,375
129,63,264
130,63,812
131,63,985
132,63,16
133,63,518
134,63,619
135,63,47
136,63,224
137,63,978
138,63,482
139,63,243
140,63,250
141,63,724
142,63,607
143,63,114
144,63,173
145,63,723
146,63,852
147,63,242
148,63,190
149,63,96
150,63,955
151,63,550
152,63,534
153,63,319
154,63,75
155,63,695
156,63,11
157,63,952
158,63,635
159,63,785
160,63,104
161,63,504
162,63,120
163,63,98
164,63,433
165,63,35
166,63,277
167,63,838
168,63,961
169,63,531
170,63,462
171,63,473
172,63,298
173,63,165
174,63,865
175,63,854
176,63,115
177,63,663
178,63,878
179,63,326
180,63,1003
181,63,921
182,63,809
183,63,988
184,63,261
185,63,597
186,63,843
187,63,20
188,63,256
189,63,743
190,63,437
191,63,525
192,63,237
193,63,970
194,63,580
195,63,938
196,63,490
197,63,957
198,63,313
199,63,309
200,63,410
201,63,981
202,63,980
203,63,962
204,63,80
205,63,414
206,63,709
207,63,201
208,63,571
209,63,914
210,63,218
211,63,667
212,63,960
213,63,135
214,63,179
215,63,161
216,63,916
217,63,772
218,63,566
219,63,929
220,63,953
221,63,77
222,63,156
223,63,753
224,63,787
225,63,610
226,63,972
227,63,1020
228,63,171
229,63,908
230,63,251
231,63,27
232,63,36
233,63,184
234,63,857
235,63,219
236,63,29
237,63,157
238,63,996
239,63,421
240,63,205
241,63,494
242,63,58
243,63,794
244,63,532
245,63,825
246,63,777
247,63,393
248,63,112
249,63,318
250,63,373
251,63,982
252,63,700
253,63,88
254,63,148
255,63,160
256,63,345
257,63,944
258,63,5
259,63,965
260,63,34
261,63,646
262,63,763
263,63,509
264,63,827
265,63,429
266,63,127
267,63,235
268,63,9
269,63,627
270,63,390
271,63,555
272,63,350
273,63,223
274,63,549
275,63,214
276,63,226
277,63,545
278,63,503
279,63,797
280,63,951
281,63,294
282,63,216
283,63,869
284,63,193
285,63,204
286,63,930
287,63,697
288,63,842
289,63,515
290,63,213
291,63,202
292,63,656
293,63,140
294,63,541
295,63,630
296,63,392
297,63,535
298,63,241
299,63,93
300,63,454
301,63,739
302,63,41
303,63,662
304,63,511
305,63,12
306,63,821
307,63,386
308,63,379
309,63,420
310,63,725
311,63,527
312,63,315
313,63,333
314,63,837
315,63,813
316,63,119
317,63,424
318,63,668
319,63,728
320,63,959
321,63,632
322,63,992
323,63,496
324,63,8
325,63,197
326,63,381
327,63,658
328,63,132
329,63,925
330,63,110
331,63,285
332,63,894
333,63,689
334,63,792
335,63,369
336,63,228
337,63,236
338,63,70
339,63,701
340,63,947
341,63,699
342,63,464
343,63,39
344,63,54
345,63,1005
346,63,856
347,63,31
348,63,737
349,63,976
350,63,570
351,63,51
352,63,912
353,63,325
354,63,442
355,63,707
356,63,991
357,63,799
358,63,552
359,63,499
360,63,453
361,63,460
362,63,1012
363,63,147
364,63,1018
365,63,893
366,63,864
367,63,85
368,63,681
369,63,164
370,63,162
371,63,922
372,63,106
373,63,451
374,63,45
375,63,826
376,63,751
377,63,544
378,63,849
379,63,834
380,63,559
381,63,355
382,63,673
383,63,664
384,63,682
385,63,305
386,63,568
387,63,828
388,63,892
389,63,776
390,63,343
391,63,895
392,63,920
393,63,875
394,63,862
395,63,286
396,63,43
397,63,523
398,63,349
399,63,245
0,64,301
1,64,150
2,64,30
3,64,683
4,64,443
5,64,954
6,64,1006
7,64,669
8,64,311
9,64,463
10,64,557
11,64,105
12,64,187
13,64,786
14,64,698
15,64,618
16,64,784
17,64,1008
18,64,520
19,64,185
20,64,710
21,64,0
22,64,554
23,64,230
24,64,713
25,64,246
26,64,155
27,64,287
28,64,901
29,64,142
30,64,304
31,64,492
32,64,1013
33,64,48
34,64,643
35,64,149
36,64,440
37,64,380
38,64,906
39,64,717
40,64,997
41,64,603
42,64,665
43,64,107
44,64,67
45,64,867
46,64,911
47,64,6
48,64,540
49,64,767
50,64,524
51,64,915
52,64,783
53,64,487
54,64,933
55,64,1002
56,64,537
57,64,266
58,64,474
59,64,362
60,64,839
61,64,476
62,64,919
63,64,847
64,64,775
65,64,521
66,64,584
67,64,877
68,64,432
69,64,749
70,64,650
71,64,363
72,64,649
73,64,1010
74,64,215
75,64,506
76,64,616
77,64,297
78,64,484
79,64,779
80,64,891
81,64,755
82,64,356
83,64,99
84,64,283
85,64,538
86,64,983
87,64,186
88,64,966
89,64,686
90,64,973
91,64,170
92,64,814
93,64,220
94,64,890
95,64,887
96,64,252
97,64,883
98,64,435
99,64,617
100,64,924
101,64,770
102,64,560
103,64,652
104,64,539
105,64,614
106,64,137
107,64,267
108,64,239
109,64,654
110,64,81
111,64,449
112,64,60
113,64,790
114,64,434
115,64,450
116,64,62
117,64,44
118,64,101
119,64,606
120,64,868
121,64,431
122,64,730
123,64,748
124,64,176
125,64,334
126,64,102
127,64,516
128,64,375
129,64,264
130,64,812
131,64,985
132,64,16
133,64,518
134,64,619
135,64,47
136,64,224
137,64,978
138,64,482
139,64,243
140,64,250
141,64,724
142,64,607
143,64,114
144,64,173
145,64,723
146,64,852
147,64,242
148,64,190
149,64,96
150,64,955
151,64,550
152,64,534
153,64,319
154,64,75
155,64,695
156,64,11
157,64,952
158,64,635
159,64,785
160,64,104
161,64,504
162,64,120
163,64,98
164,64,433
165,64,35
166,64,277
167,64,838
168,64,961
169,64,531
170,64,462
171,64,473
172,64,298
173,64,165
174,64,865
175,64,854
176,64,115
177,64,663
178,64,878
179,64,326
180,64,1003
181,64,921
182,64,809
183,64,988
184,64,261
185,64,597
186,64,843
187,64,20
188,64,256
189,64,743
190,64,437
191,64,525
192,64,237
193,64,970
194,64,580
195,64,938
196,64,490
197,64,957
198,64,313
199,64,309
200,64,410
201,64,981
202,64,980
203,64,962
204,64,80
205,64,414
206,64,709
207,64,201
208,64,571
209,64,914
210,64,218
211,64,667
212,64,960
213,64,135
214,64,179
215,64,161
216,64,916
217,64,772
218,64,566
219,64,929
220,64,953
221,64,77
222,64,156
223,64,753
224,64,787
225,64,610
226,64,972
227,64,1020
228,64,171
229,64,908
230,64,251
231,64,27
232,64,36
233,64,184
234,64,857
235,64,219
236,64,29
237,64,157
238,64,996
239,64,421
240,64,205
241,64,494
242,64,58
243,64,794
244,64,532
245,64,826
246,64,777
247,64,393
248,64,112
249,64,318
250,64,373
251,64,982
252,64,700
253,64,88
254,64,148
255,64,160
256,64,345
257,64,944
258,64,5
259,64,965
260,64,34
261,64,646
262,64,763
263,64,509
264,64,827
265,64,429
266,64,127
267,64,235
268,64,9
269,64,627
270,64,390
271,64,555
272,64,350
273,64,223
274,64,549
275,64,214
276,64,226
277,64,545
278,64,503
279,64,797
280,64,951
281,64,294
282,64,216
283,64,869
284,64,193
285,64,204
286,64,930
287,64,697
288,64,842
289,64,515
290,64,213
291,64,202
292,64,656
293,64,140
294,64,541
295,64,630
296,64,392
297,64,535
298,64,241
299,64,93
300,64,454
301,64,739
302,64,41
303,64,662
304,64,511
305,64,12
306,64,821
307,64,386
308,64,379
309,64,420
310,64,725
311,64,527
312,64,315
313,64,333
314,64,837
315,64,813
316,64,119
317,64,424
318,64,668
319,64,728
320,64,959
321,64,632
322,64,992
323,64,496
324,64,8
325,64,197
326,64,381
327,64,658
328,64,132
329,64,925
330,64,110
331,64,285
332,64,894
333,64,689
334,64,792
335,64,369
336,64,228
337,64,236
338,64,70
339,64,701
340,64,947
341,64,699
342,64,464
343,64,39
344,64,54
345,64,1005
346,64,856
347,64,31
348,64,737
349,64,976
350,64,570
351,64,51
352,64,912
353,64,325
354,64,442
355,64,707
356,64,991
357,64,799
358,64,552
359,64,499
360,64,453
361,64,460
362,64,1012
363,64,147
364,64,1018
365,64,893
366,64,864
367,64,85
368,64,681
369,64,164
370,64,162
371,64,922
372,64,106
373,64,451
374,64,45
375,64,858
376,64,751
377,64,544
378,64,849
379,64,834
380,64,559
381,64,355
382,64,673
383,64,664
384,64,682
385,64,305
386,64,568
387,64,828
388,64,892
389,64,776
390,64,343
391,64,895
392,64,920
393,64,875
394,64,862
395,64,286
396,64,43
397,64,523
398,64,349
399,64,245
0,65,301
1,65,150
2,65,30
3,65,683
4,65,443
5,65,954
6,65,1006
7,65,669
8,65,311
9,65,463
10,65,557
11,65,105
12,65,187
13,65,786
14,65,698
15,65,618
16,65,784
17,65,1008
18,65,520
19,65,185
20,65,710
21,65,0
22,65,554
23,65,230
24,65,713
25,65,246
26,65,155
27,65,287
28,65,901
29,65,142
30,65,304
31,65,492
32,65,1013
33,65,48
34,65,643
35,65,149
36,65,440
37,65,380
38,65,906
39,65,717
40,65,997
41,65,603
42,65,665
43,65,107
44,65,67
45,65,867
46,65,911
47,65,6
48,65,540
49,65,767
50,65,524
51,65,915
52,65,783
53,65,487
54,65,933
55,65,1002
56,65,537
57,65,266
58,65,474
59,65,362
60,65,839
61,65,476
62,65,919
63,65,847
64,65,775
65,65,521
66,65,584
67,65,877
68,65,432
69,65,749
70,65,650
71,65,363
72,65,649
73,65,1010
74,65,215
75,65,506
76,65,616
77,65,297
78,65,484
79,65,779
80,65,891
81,65,755
82,65,356
83,65,99
84,65,283
85,65,538
86,65,983
87,65,186
88,65,966
89,65,686
90,65,973
91,65,170
92,65,814
93,65,220
94,65,890
95,65,887
96,65,252
97,65,883
98,65,435
99,65,617
100,65,924
101,65,770
102,65,560
103,65,652
104,65,539
105,65,614
106,65,137
107,65,267
108,65,239
109,65,654
110,65,81
111,65,449
112,65,60
113,65,790
114,65,434
115,65,450
116,65,62
117,65,44
118,65,101
119,65,606
120,65,868
121,65,431
122,65,730
123,65,748
124,65,176
125,65,334
126,65,102
127,65,516
128,65,375
129,65,264
130,65,812
131,65,985
132,65,16
133,65,518
134,65,619
135,65,47
136,65,224
137,65,978
138,65,482
139,65,243
140,65,250
141,65,724
142,65,607
143,65,114
144,65,173
145,65,723
146,65,852
147,65,242
148,65,190
149,65,96
150,65,955
151,65,550
152,65,534
153,65,319
154,65,75
155,65,695
156,65,11
157,65,952
158,65,635
159,65,785
160,65,104
161,65,504
162,65,120
163,65,98
164,65,433
165,65,35
166,65,277
167,65,838
168,65,961
169,65,531
170,65,462
171,65,473
172,65,298
173,65,165
174,65,865
175,65,854
176,65,115
177,65,663
178,65,878
179,65,326
180,65,1003
181,65,921
182,65,809
183,65,988
184,65,261
185,65,597
186,65,843
187,65,20
188,65,256
189,65,743
190,65,437
191,65,525
192,65,237
193,65,970
194,65,580
195,65,938
196,65,490
197,65,957
198,65,313
199,65,309
200,65,410
201,65,981
202,65,980
203,65,962
204,65,80
205,65,414
206,65,709
207,65,201
208,65,571
209,65,914
210,65,218
211,65,667
212,65,960
213,65,135
214,65,179
215,65,161
216,65,916
217,65,772
218,65,566
219,65,929
220,65,953
221,65,77
222,65,156
223,65,753
224,65,787
225,65,610
226,65,972
227,65,1020
228,65,171
229,65,908
230,65,251
231,65,27
232,65,36
233,65,184
234,65,857
235,65,219
236,65,29
237,65,157
238,65,996
239,65,421
240,65,205
241,65,494
242,65,58
243,65,794
244,65,532
245,65,827
246,65,777
247,65,393
248,65,112
249,65,318
250,65,373
251,65,982
252,65,700
253,65,88
254,65,148
255,65,160
256,65,345
257,65,944
258,65,5
259,65,965
260,65,34
261,65,646
262,65,763
263,65,509
264,65,859
265,65,429
266,65,127
267,65,235
268,65,9
269,65,627
270,65,390
271,65,555
272,65,350
273,65,223
274,65,549
275,65,214
276,65,226
277,65,545
278,65,503
279,65,797
280,65,951
281,65,294
282,65,216
283,65,869
284,65,193
285,65,204
286,65,930
287,65,697
288,65,842
289,65,515
290,65,213
291,65,202
292,65,656
293,65,140
294,65,541
295,65,630
296,65,392
297,65,535
298,65,241
299,65,93
300,65,454
301,65,739
302,65,41
303,65,662
304,65,511
305,65,12
306,65,821
307,65,386
308,65,379
309,65,420
310,65,725
311,65,527
312,65,315
313,65,333
314,65,837
315,65,813
316,65,119
317,65,424
318,65,668
319,65,728
320,65,959
321,65,632
322,65,992
323,65,496
324,65,8
325,65,197
326,65,381
327,65,658
328,65,132
329,65,925
330,65,110
331,65,285
332,65,894
333,65,689
334,65,792
335,65,369
336,65,228
337,65,236
338,65,70
339,65,701
340,65,947
341,65,699
342,65,464
343,65,39
344,65,54
345,65,1005
346,65,856
347,65,31
348,65,737
349,65,976
350,65,570
351,65,51
352,65,912
353,65,325
354,65,442
355,65,707
356,65,991
357,65,799
358,65,552
359,65,499
360,65,453
361,65,460
362,65,1012
363,65,147
364,65,1018
365,65,893
366,65,864
367,65,85
368,65,681
369,65,164
370,65,162
371,65,922
372,65,106
373,65,451
374,65,45
375,65,826
376,65,751
377,65,544
378,65,849
379,65,834
380,65,559
381,65,355
382,65,673
383,65,664
384,65,682
385,65,305
386,65,568
387,65,828
388,65,892
389,65,776
390,65,343
391,65,895
392,65,920
393,65,875
394,65,862
395,65,286
396,65,43
397,65,523
398,65,349
399,65,245
0,66,301
1,66,150
2,66,30
3,66,683
4,66,443
5,66,954
6,66,1006
7,66,669
8,66,311
9,66,463
10,66,557
11,66,105
12,66,187
13,66,786
14,66,698
15,66,618
16,66,784
17,66,1008
18,66,520
19,66,185
20,66,710
21,66,0
22,66,554
23,66,230
24,66,713
25,66,246
26,66,155
27,66,287
28,66,901
29,66,142
30,66,304
31,66,492
32,66,1013
33,66,48
34,66,643
35,66,149
36,66,440
37,66,380
38,66,906
39,66,717
40,66,997
41,66,603
42,66,665
43,66,107
44,66,67
45,66,867
46,66,911
47,66,6
48,66,540
49,66,767
50,66,524
51,66,915
52,66,783
53,66,487
54,66,933
55,66,1002
56,66,537
57,66,266
58,66,474
59,66,362
60,66,839
61,66,476
62,66,919
63,66,847
64,66,775
65,66,521
66,66,584
67,66,877
68,66,432
69,66,749
70,66,650
71,66,363
72,66,649
73,66,1010
74,66,215
75,66,506
76,66,616
77,66,297
78,66,484
79,66,779
80,66,891
81,66,755
82,66,356
83,66,99
84,66,283
85,66,538
86,66,983
87,66,186
88,66,966
89,66,686
90,66,973
91,66,170
92,66,814
93,66,220
94,66,890
95,66,887
96,66,252
97,66,883
98,66,435
99,66,617
100,66,924
101,66,770
102,66,560
103,66,652
104,66,539
105,66,614
106,66,137
107,66,267
108,66,239
109,66,654
110,66,81
111,66,449
112,66,60
113,66,790
114,66,434
115,66,450
116,66,62
117,66,44
118,66,101
119,66,606
120,66,868
121,66,431
122,66,730
123,66,748
124,66,176
125,66,334
126,66,102
127,66,516
128,66,375
129,66,264
130,66,812
131,66,985
132,66,16
133,66,518
134,66,619
135,66,47
136,66,224
137,66,978
138,66,482
139,66,243
140,66,250
141,66,724
142,66,607
143,66,114
144,66,173
145,66,723
146,66,852
147,66,242
148,66,190
149,66,96
150,66,955
151,66,550
152,66,534
153,66,319
154,66,75
155,66,695
156,66,11
157,66,952
158,66,635
159,66,785
160,66,104
161,66,504
162,66,120
163,66,98
164,66,433
165,66,35
166,66,277
167,66,838
168,66,961
169,66,531
170,66,462
171,66,473
172,66,298
173,66,165
174,66,865
175,66,854
176,66,115
177,66,663
178,66,878
179,66,326
180,66,1003
181,66,921
182,66,809
183,66,988
184,66,261
185,66,597
186,66,843
187,66,20
188,66,256
189,66,743
190,66,437
191,66,525
192,66,237
193,66,970
194,66,580
195,66,938
196,66,490
197,66,957
198,66,313
199,66,309
200,66,410
201,66,981
202,66,980
203,66,962
204,66,80
205,66,414
206,66,709
207,66,201
208,66,571
209,66,914
210,66,218
211,66,667
212,66,960
213,66,135
214,66,179
215,66,161
216,66,916
217,66,772
218,66,566
219,66,929
220,66,953
221,66,77
222,66,156
223,66,753
224,66,787
225,66,610
226,66,972
227,66,1020
228,66,171
229,66,908
230,66,251
231,66,27
232,66,36
233,66,184
234,66,857
235,66,219
236,66,29
237,66,157
238,66,996
239,66,421
240,66,205
241,66,494
242,66,58
243,66,794
244,66,532
245,66,828
246,66,777
247,66,393
248,66,112
249,66,318
250,66,373
251,66,982
252,66,700
253,66,88
254,66,148
255,66,160
256,66,345
257,66,944
258,66,5
259,66,965
260,66,34
261,66,646
262,66,763
263,66,509
264,66,827
265,66,429
266,66,127
267,66,235
268,66,9
269,66,627
270,66,390
271,66,555
272,66,350
273,66,223
274,66,549
275,66,214
276,66,226
277,66,545
278,66,503
279,66,797
280,66,951
281,66,294
282,66,216
283,66,869
284,66,193
285,66,204
286,66,930
287,66,697
288,66,842
289,66,515
290,66,213
291,66,202
292,66,656
293,66,140
294,66,541
295,66,630
296,66,392
297,66,535
298,66,241
299,66,93
300,66,454
301,66,739
302,66,41
303,66,662
304,66,511
305,66,12
306,66,821
307,66,386
308,66,379
309,66,420
310,66,725
311,66,527
312,66,315
313,66,333
314,66,837
315,66,813
316,66,119
317,66,424
318,66,668
319,66,728
320,66,959
321,66,632
322,66,992
323,66,496
324,66,8
325,66,197
326,66,381
327,66,658
328,66,132
329,66,925
330,66,110
331,66,285
332,66,894
333,66,689
334,66,792
335,66,369
336,66,228
337,66,236
338,66,70
339,66,701
340,66,947
341,66,699
342,66,464
343,66,39
344,66,54
345,66,1005
346,66,856
347,66,31
348,66,737
349,66,976
350,66,570
351,66,51
352,66,912
353,66,325
354,66,442
355,66,707
356,66,991
357,66,799
358,66,552
359,66,499
360,66,453
361,66,460
362,66,1012
363,66,147
364,66,1018
365,66,893
366,66,864
367,66,85
368,66,681
369,66,164
370,66,162
371,66,922
372,66,106
373,66,451
374,66,45
375,66,826
376,66,751
377,66,544
378,66,849
379,66,834
380,66,559
381,66,355
382,66,673
383,66,664
384,66,682
385,66,305
386,66,568
387,66,829
388,66,892
389,66,776
390,66,343
391,66,895
392,66,920
393,66,875
394,66,862
395,66,286
396,66,43
397,66,523
398,66,349
399,66,245
0,67,301
1,67,150
2,67,30
3,67,683
4,67,443
5,67,954
6,67,1006
7,67,669
8,67,311
9,67,463
10,67,557
11,67,105
12,67,187
13,67,786
14,67,698
15,67,618
16,67,784
17,67,1008
18,67,520
19,67,185
20,67,710
21,67,0
22,67,554
23,67,230
24,67,713
25,67,246
26,67,155
27,67,287
28,67,901
29,67,142
30,67,304
31,67,492
32,67,1013
33,67,48
34,67,643
35,67,149
36,67,440
37,67,380
38,67,906
39,67,717
40,67,997
41,67,603
42,67,665
43,67,107
44,67,67
45,67,867
46,67,911
47,67,6
48,67,540
49,67,767
50,67,524
51,67,915
52,67,783
53,67,487
54,67,933
55,67,1002
56,67,537
57,67,266
58,67,474
59,67,362
60,67,839
61,67,476
62,67,919
63,67,847
64,67,775
65,67,521
66,67,584
67,67,877
68,67,432
69,67,749
70,67,650
71,67,363
72,67,649
73,67,1010
74,67,215
75,67,506
76,67,616
77,67,297
78,67,484
79,67,779
80,67,891
81,67,755
82,67,356
83,67,99
84,67,283
85,67,538
86,67,983
87,67,186
88,67,966
89,67,686
90,67,973
91,67,170
92,67,814
93,67,220
94,67,890
95,67,887
96,67,252
97,67,883
98,67,435
99,67,617
100,67,924
101,67,770
102,67,560
103,67,652
104,67,539
105,67,614
106,67,137
107,67,267
108,67,239
109,67,654
110,67,81
111,67,449
112,67,60
113,67,790
114,67,434
115,67,450
116,67,62
117,67,44
118,67,101
119,67,606
120,67,868
121,67,431
122,67,730
123,67,748
124,67,176
125,67,334
126,67,102
127,67,516
128,67,375
129,67,264
130,67,812
131,67,985
132,67,16
133,67,518
134,67,619
135,67,47
136,67,224
137,67,978
138,67,482
139,67,243
140,67,250
141,67,724
142,67,607
143,67,114
144,67,173
145,67,723
146,67,852
147,67,242
148,67,190
149,67,96
150,67,955
151,67,550
152,67,534
153,67,319
154,67,75
155,67,695
156,67,11
157,67,952
158,67,635
159,67,785
160,67,104
161,67,504
162,67,120
163,67,98
164,67,433
165,67,35
166,67,277
167,67,838
168,67,961
169,67,531
170,67,462
171,67,473
172,67,298
173,67,165
174,67,865
175,67,854
176,67,115
177,67,663
178,67,878
179,67,326
180,67,1003
181,67,921
182,67,809
183,67,988
184,67,261
185,67,597
186,67,843
187,67,20
188,67,256
189,67,743
190,67,437
191,67,525
192,67,237
193,67,970
194,67,580
195,67,938
196,67,490
197,67,957
198,67,313
199,67,309
200,67,410
201,67,981
202,67,980
203,67,962
204,67,80
205,67,414
206,67,709
207,67,201
208,67,571
209,67,914
210,67,218
211,67,667
212,67,960
213,67,135
214,67,179
215,67,161
216,67,916
217,67,772
218,67,566
219,67,929
220,67,953
221,67,77
222,67,156
223,67,753
224,67,787
225,67,610
226,67,972
227,67,1020
228,67,171
229,67,908
230,67,251
231,67,27
232,67,36
233,67,184
234,67,857
235,67,219
236,67,29
237,67,157
238,67,996
239,67,421
240,67,205
241,67,494
242,67,58
243,67,794
244,67,532
245,67,829
246,67,777
247,67,393
248,67,112
249,67,318
250,67,373
251,67,982
252,67,700
253,67,88
254,67,148
255,67,160
256,67,345
257,67,944
258,67,5
259,67,965
260,67,34
261,67,646
262,67,763
263,67,509
264,67,827
265,67,429
266,67,127
267,67,235
268,67,9
269,67,627
270,67,390
271,67,555
272,67,350
273,67,223
274,67,549
275,67,214
276,67,226
277,67,545
278,67,503
279,67,797
280,67,951
281,67,294
282,67,216
283,67,869
284,67,193
285,67,204
286,67,930
287,67,697
288,67,842
289,67,515
290,67,213
291,67,202
292,67,656
293,67,140
294,67,541
295,67,630
296,67,392
297,67,535
298,67,241
299,67,93
300,67,454
301,67,739
302,67,41
303,67,662
304,67,511
305,67,12
306,67,821
307,67,386
308,67,379
309,67,420
310,67,725
311,67,527
312,67,315
313,67,333
314,67,837
315,67,813
316,67,119
317,67,424
318,67,668
319,67,728
320,67,959
321,67,632
322,67,992
323,67,496
324,67,8
325,67,197
326,67,381
327,67,658
328,67,132
329,67,925
330,67,110
331,67,285
332,67,894
333,67,689
334,67,792
335,67,369
336,67,228
337,67,236
338,67,70
339,67,701
340,67,947
341,67,699
342,67,464
343,67,39
344,67,54
345,67,1005
346,67,856
347,67,31
348,67,737
349,67,976
350,67,570
351,67,51
352,67,912
353,67,325
354,67,442
355,67,707
356,67,991
357,67,799
358,67,552
359,67,499
360,67,453
361,67,460
362,67,1012
363,67,147
364,67,1018
365,67,893
366,67,864
367,67,85
368,67,681
369,67,164
370,67,162
371,67,922
372,67,106
373,67,451
374,67,45
375,67,826
376,67,751
377,67,544
378,67,849
379,67,834
380,67,559
381,67,355
382,67,673
383,67,664
384,67,682
385,67,305
386,67,568
387,67,861
388,67,892
389,67,776
390,67,343
391,67,895
392,67,920
393,67,875
394,67,862
395,67,286
396,67,43
397,67,523
398,67,349
399,67,245
0,68,301
1,68,150
2,68,30
3,68,683
4,68,443
5,68,954
6,68,1006
7,68,669
8,68,311
9,68,463
10,68,557
11,68,105
12,68,187
13,68,786
14,68,698
15,68,618
16,68,784
17,68,1008
18,68,520
19,68,185
20,68,710
21,68,0
22,68,554
23,68,230
24,68,713
25,68,246
26,68,155
27,68,287
28,68,901
29,68,142
30,68,304
31,68,492
32,68,1013
33,68,48
34,68,643
35,68,149
36,68,440
37,68,380
38,68,906
39,68,717
40,68,997
41,68,603
42,68,665
43,68,107
44,68,67
45,68,867
46,68,911
47,68,6
48,68,540
49,68,767
50,68,524
51,68,915
52,68,783
53,68,487
54,68,933
55,68,1002
56,68,537
57,68,266
58,68,474
59,68,362
60,68,839
61,68,476
62,68,919
63,68,847
64,68,775
65,68,521
66,68,584
67,68,877
68,68,432
69,68,749
70,68,650
71,68,363
72,68,649
73,68,1010
74,68,215
75,68,506
76,68,616
77,68,297
78,68,484
79,68,779
80,68,891
81,68,755
82,68,356
83,68,99
84,68,283
85,68,538
86,68,983
87,68,186
88,68,966
89,68,686
90,68,973
91,68,170
92,68,814
93,68,220
94,68,890
95,68,887
96,68,252
97,68,883
98,68,435
99,68,617
100,68,924
101,68,770
102,68,560
103,68,652
104,68,539
105,68,614
106,68,137
107,68,267
108,68,239
109,68,654
110,68,81
111,68,449
112,68,60
113,68,790
114,68,434
115,68,450
116,68,62
117,68,44
118,68,101
119,68,606
120,68,868
121,68,431
122,68,730
123,68,748
124,68,176
125,68,334
126,68,102
127,68,516
128,68,375
129,68,264
130,68,812
131,68,985
132,68,16
133,68,518
134,68,619
135,68,47
136,68,224
137,68,978
138,68,482
139,68,243
140,68,250
141,68,724
142,68,607
143,68,114
144,68,173
145,68,723
146,68,852
147,68,242
148,68,190
149,68,96
150,68,955
151,68,550
152,68,534
153,68,319
154,68,75
155,68,695
156,68,11
157,68,952
158,68,635
159,68,785
160,68,104
161,68,504
162,68,120
163,68,98
164,68,433
165,68,35
166,68,277
167,68,838
168,68,961
169,68,531
170,68,462
171,68,473
172,68,298
173,68,165
174,68,865
175,68,854
176,68,115
177,68,663
178,68,878
179,68,326
180,68,1003
181,68,921
182,68,809
183,68,988
184,68,261
185,68,597
186,68,843
187,68,20
188,68,256
189,68,743
190,68,437
191,68,525
192,68,237
193,68,970
194,68,580
195,68,938
196,68,490
197,68,957
198,68,313
199,68,309
200,68,410
201,68,981
202,68,980
203,68,962
204,68,80
205,68,414
206,68,709
207,68,201
208,68,571
209,68,914
210,68,218
211,68,667
212,68,960
213,68,135
214,68,179
215,68,161
216,68,916
217,68,772
218,68,566
219,68,929
220,68,953
221,68,77
222,68,156
223,68,753
224,68,787
225,68,610
226,68,972
227,68,1020
228,68,171
229,68,908
230,68,251
231,68,27
232,68,36
233,68,184
234,68,857
235,68,219
236,68,29
237,68,157
238,68,996
239,68,421
240,68,205
241,68,494
242,68,58
243,68,794
244,68,532
245,68,861
246,68,777
247,68,393
248,68,112
249,68,318
250,68,373
251,68,982
252,68,700
253,68,88
254,68,148
255,68,160
256,68,345
257,68,944
258,68,5
259,68,965
260,68,34
261,68,646
262,68,763
263,68,509
264,68,827
265,68,429
266,68,127
267,68,235
268,68,9
269,68,627
270,68,390
271,68,555
272,68,350
273,68,223
274,68,549
275,68,214
276,68,226
277,68,545
278,68,503
279,68,797
280,68,951
281,68,294
282,68,216
283,68,869
284,68,193
285,68,204
286,68,930
287,68,697
288,68,842
289,68,515
290,68,213
291,68,202
292,68,656
293,68,140
294,68,541
295,68,630
296,68,392
297,68,535
298,68,241
299,68,93
300,68,454
301,68,739
302,68,41
303,68,662
304,68,511
305,68,12
306,68,821
307,68,386
308,68,379
309,68,420
310,68,725
311,68,527
312,68,315
313,68,333
314,68,837
315,68,813
316,68,119
317,68,424
318,68,668
319,68,728
320,68,959
321,68,632
322,68,992
323,68,496
324,68,8
325,68,197
326,68,381
327,68,658
328,68,132
329,68,925
330,68,110
331,68,285
332,68,926
333,68,689
334,68,792
335,68,369
336,68,228
337,68,236
338,68,70
339,68,701
340,68,947
341,68,699
342,68,464
343,68,39
344,68,54
345,68,1005
346,68,856
347,68,31
348,68,737
349,68,976
350,68,570
351,68,51
352,68,912
353,68,325
354,68,442
355,68,707
356,68,991
357,68,799
358,68,552
359,68,499
360,68,453
361,68,460
362,68,1012
363,68,147
364,68,1018
365,68,893
366,68,864
367,68,85
368,68,681
369,68,164
370,68,162
371,68,922
372,68,106
373,68,451
374,68,45
375,68,826
376,68,751
377,68,544
378,68,849
379,68,834
380,68,559
381,68,355
382,68,673
383,68,664
384,68,682
385,68,305
386,68,568
387,68,862
388,68,892
389,68,776
390,68,343
391,68,895
392,68,920
393,68,875
394,68,894
395,68,286
396,68,43
397,68,523
398,68,349
399,68,245
0,69,301
1,69,150
2,69,30
3,69,683
4,69,443
5,69,954
6,69,1006
7,69,669
8,69,311
9,69,463
10,69,557
11,69,105
12,69,187
13,69,786
14,69,698
15,69,618
16,69,784
17,69,1008
18,69,520
19,69,185
20,69,710
21,69,0
22,69,554
23,69,230
24,69,713
25,69,246
26,69,155
27,69,287
28,69,901
29,69,142
30,69,304
31,69,492
32,69,1013
33,69,48
34,69,643
35,69,149
36,69,440
37,69,380
38,69,906
39,69,717
40,69,997
41,69,603
42,69,665
43,69,107
44,69,67
45,69,867
46,69,911
47,69,6
48,69,540
49,69,767
50,69,524
51,69,915
52,69,783
53,69,487
54,69,933
55,69,1002
56,69,537
57,69,266
58,69,474
59,69,362
60,69,839
61,69,476
62,69,919
63,69,847
64,69,775
65,69,521
66,69,584
67,69,877
68,69,432
69,69,749
70,69,650
71,69,363
72,69,649
73,69,1010
74,69,215
75,69,506
76,69,616
77,69,297
78,69,484
79,69,779
80,69,891
81,69,755
82,69,356
83,69,99
84,69,283
85,69,538
86,69,983
87,69,186
88,69,966
89,69,686
90,69,973
91,69,170
92,69,814
93,69,220
94,69,890
95,69,887
96,69,252
97,69,883
98,69,435
99,69,617
100,69,924
101,69,770
102,69,560
103,69,652
104,69,539
105,69,614
106,69,137
107,69,267
108,69,239
109,69,654
110,69,81
111,69,449
112,69,60
113,69,790
114,69,434
115,69,450
116,69,62
117,69,44
118,69,101
119,69,606
120,69,868
121,69,431
122,69,730
123,69,748
124,69,176
125,69,334
126,69,102
127,69,516
128,69,375
129,69,264
130,69,812
131,69,985
132,69,16
133,69,518
134,69,619
135,69,47
136,69,224
137,69,978
138,69,482
139,69,243
140,69,250
141,69,724
142,69,607
143,69,114
144,69,173
145,69,723
146,69,852
147,69,242
148,69,190
149,69,96
150,69,955
151,69,550
152,69,534
153,69,319
154,69,75
155,69,695
156,69,11
157,69,952
158,69,635
159,69,785
160,69,104
161,69,504
162,69,120
163,69,98
164,69,433
165,69,35
166,69,277
167,69,838
168,69,961
169,69,531
170,69,462
171,69,473
172,69,298
173,69,165
174,69,865
175,69,854
176,69,115
177,69,663
178,69,878
179,69,326
180,69,1003
181,69,921
182,69,809
183,69,988
184,69,261
185,69,597
186,69,843
187,69,20
188,69,256
189,69,743
190,69,437
191,69,525
192,69,237
193,69,970
194,69,580
195,69,938
196,69,490
197,69,957
198,69,313
199,69,309
200,69,410
201,69,981
202,69,980
203,69,962
204,69,80
205,69,414
206,69,709
207,69,201
208,69,571
209,69,914
210,69,218
211,69,667
212,69,960
213,69,135
214,69,179
215,69,161
216,69,916
217,69,772
218,69,566
219,69,929
220,69,953
221,69,77
222,69,156
223,69,753
224,69,787
225,69,610
226,69,972
227,69,1020
228,69,171
229,69,908
230,69,251
231,69,27
232,69,36
233,69,184
234,69,857
235,69,219
236,69,29
237,69,157
238,69,996
239,69,421
240,69,205
241,69,494
242,69,58
243,69,794
244,69,532
245,69,862
246,69,777
247,69,393
248,69,112
249,69,318
250,69,373
251,69,982
252,69,700
253,69,88
254,69,148
255,69,160
256,69,345
257,69,944
258,69,5
259,69,965
260,69,34
261,69,646
262,69,763
263,69,509
264,69,827
265,69,429
266,69,127
267,69,235
268,69,9
269,69,627
270,69,390
271,69,555
272,69,350
273,69,223
274,69,549
275,69,214
276,69,226
277,69,545
278,69,503
279,69,797
280,69,951
281,69,294
282,69,216
283,69,869
284,69,193
285,69,204
286,69,930
287,69,697
288,69,842
289,69,515
290,69,213
291,69,202
292,69,656
293,69,140
294,69,541
295,69,630
296,69,392
297,69,535
298,69,241
299,69,93
300,69,454
301,69,739
302,69,41
303,69,662
304,69,511
305,69,12
306,69,821
307,69,386
308,69,379
309,69,420
310,69,725
311,69,527
312,69,315
313,69,333
314,69,837
315,69,813
316,69,119
317,69,424
318,69,668
319,69,728
320,69,959
321,69,632
322,69,992
323,69,496
324,69,8
325,69,197
326,69,381
327,69,658
328,69,132
329,69,925
330,69,110
331,69,285
332,69,894
333,69,689
334,69,792
335,69,369
336,69,228
337,69,236
338,69,70
339,69,701
340,69,947
341,69,699
342,69,464
343,69,39
344,69,54
345,69,1005
346,69,856
347,69,31
348,69,737
349,69,976
350,69,570
351,69,51
352,69,912
353,69,325
354,69,442
355,69,707
356,69,991
357,69,799
358,69,552
359,69,499
360,69,453
361,69,460
362,69,1012
363,69,147
364,69,1018
365,69,893
366,69,864
367,69,85
368,69,681
369,69,164
370,69,162
371,69,922
372,69,106
373,69,451
374,69,45
375,69,826
376,69,751
377,69,544
378,69,849
379,69,834
380,69,559
381,69,355
382,69,673
383,69,664
384,69,682
385,69,305
386,69,568
387,69,830
388,69,892
389,69,776
390,69,343
391,69,927
392,69,920
393,69,875
394,69,895
395,69,286
396,69,43
397,69,523
398,69,349
399,69,245
0,70,301
1,70,150
2,70,30
3,70,683
4,70,443
5,70,954
6,70,1006
7,70,669
8,70,311
9,70,463
10,70,557
11,70,105
12,70,187
13,70,786
14,70,698
15,70,618
16,70,784
17,70,1008
18,70,520
19,70,185
20,70,710
21,70,0
22,70,554
23,70,230
24,70,713
25,70,246
26,70,155
27,70,287
28,70,901
29,70,142
30,70,304
31,70,492
32,70,1013
33,70,48
34,70,643
35,70,149
36,70,440
37,70,380
38,70,906
39,70,717
40,70,997
41,70,603
42,70,665
43,70,107
44,70,67
45,70,867
46,70,911
47,70,6
48,70,540
49,70,767
50,70,524
51,70,915
52,70,783
53,70,487
54,70,933
55,70,1002
56,70,537
57,70,266
58,70,474
59,70,362
60,70,839
61,70,476
62,70,919
63,70,847
64,70,775
65,70,521
66,70,584
67,70,877
68,70,432
69,70,749
70,70,650
71,70,363
72,70,649
73,70,1010
74,70,215
75,70,506
76,70,616
77,70,297
78,70,484
79,70,779
80,70,891
81,70,755
82,70,356
83,70,99
84,70,283
85,70,538
86,70,983
87,70,186
88,70,966
89,70,686
90,70,973
91,70,170
92,70,814
93,70,220
94,70,890
95,70,887
96,70,252
97,70,883
98,70,435
99,70,617
100,70,924
101,70,770
102,70,560
103,70,652
104,70,539
105,70,614
106,70,137
107,70,267
108,70,239
109,70,654
110,70,81
111,70,449
112,70,60
113,70,790
114,70,434
115,70,450
116,70,62
117,70,44
118,70,101
119,70,606
120,70,868
121,70,431
122,70,730
123,70,748
124,70,176
125,70,334
126,70,102
127,70,516
128,70,375
129,70,264
130,70,812
131,70,985
132,70,16
133,70,518
134,70,619
135,70,47
136,70,224
137,70,978
138,70,482
139,70,243
140,70,250
141,70,724
142,70,607
143,70,114
144,70,173
145,70,723
146,70,852
147,70,242
148,70,190
149,70,96
150,70,955
151,70,550
152,70,534
153,70,319
154,70,75
155,70,695
156,70,11
157,70,952
158,70,635
159,70,785
160,70,104
161,70,504
162,70,120
163,70,98
164,70,433
165,70,35
166,70,277
167,70,838
168,70,961
169,70,531
170,70,462
171,70,473
172,70,298
173,70,165
174,70,865
175,70,854
176,70,115
177,70,663
178,70,878
179,70,326
180,70,1003
181,70,921
182,70,809
183,70,988
184,70,261
185,70,597
186,70,843
187,70,20
188,70,256
189,70,743
190,70,437
191,70,525
192,70,237
193,70,970
194,70,580
195,70,938
196,70,490
197,70,957
198,70,313
199,70,309
200,70,410
201,70,981
202,70,980
203,70,962
204,70,80
205,70,414
206,70,709
207,70,201
208,70,571
209,70,914
210,70,218
211,70,667
212,70,960
213,70,135
214,70,179
215,70,161
216,70,916
217,70,772
218,70,566
219,70,929
220,70,953
221,70,77
222,70,156
223,70,753
224,70,787
225,70,610
226,70,972
227,70,1020
228,70,171
229,70,908
230,70,251
231,70,27
232,70,36
233,70,184
234,70,857
235,70,219
236,70,29
237,70,157
238,70,996
239,70,421
240,70,205
241,70,494
242,70,58
243,70,794
244,70,532
245,70,894
246,70,777
247,70,393
248,70,112
249,70,318
250,70,373
251,70,982
252,70,700
253,70,88
254,70,148
255,70,160
256,70,345
257,70,944
258,70,5
259,70,965
260,70,34
261,70,646
262,70,763
263,70,509
264,70,827
265,70,429
266,70,127
267,70,235
268,70,9
269,70,627
270,70,390
271,70,555
272,70,350
273,70,223
274,70,549
275,70,214
276,70,226
277,70,545
278,70,503
279,70,797
280,70,951
281,70,294
282,70,216
283,70,869
284,70,193
285,70,204
286,70,930
287,70,697
288,70,842
289,70,515
290,70,213
291,70,202
292,70,656
293,70,140
294,70,541
295,70,630
296,70,392
297,70,535
298,70,241
299,70,93
300,70,454
301,70,739
302,70,41
303,70,662
304,70,511
305,70,12
306,70,821
307,70,386
308,70,379
309,70,420
310,70,725
311,70,527
312,70,315
313,70,333
314,70,837
315,70,813
316,70,119
317,70,424
318,70,668
319,70,728
320,70,991
321,70,632
322,70,992
323,70,496
324,70,8
325,70,197
326,70,381
327,70,658
328,70,132
329,70,925
330,70,110
331,70,285
332,70,895
333,70,689
334,70,792
335,70,369
336,70,228
337,70,236
338,70,70
339,70,701
340,70,947
341,70,699
342,70,464
343,70,39
344,70,54
345,70,1005
346,70,856
347,70,31
348,70,737
349,70,976
350,70,570
351,70,51
352,70,912
353,70,325
354,70,442
355,70,707
356,70,1023
357,70,799
358,70,552
359,70,499
360,70,453
361,70,460
362,70,1012
363,70,147
364,70,1018
365,70,893
366,70,864
367,70,85
368,70,681
369,70,164
370,70,162
371,70,922
372,70,106
373,70,451
374,70,45
375,70,826
376,70,751
377,70,544
378,70,849
379,70,834
380,70,559
381,70,355
382,70,673
383,70,664
384,70,682
385,70,305
386,70,568
387,70,829
388,70,892
389,70,776
390,70,343
391,70,959
392,70,920
393,70,875
394,70,927
395,70,286
396,70,43
397,70,523
398,70,349
399,70,245
0,71,301
1,71,150
2,71,30
3,71,683
4,71,443
5,71,954
6,71,1006
7,71,669
8,71,311
9,71,463
10,71,557
11,71,105
12,71,187
13,71,786
14,71,698
15,71,618
16,71,784
17,71,1008
18,71,520
19,71,185
20,71,710
21,71,0
22,71,554
23,71,230
24,71,713
25,71,246
26,71,155
27,71,287
28,71,901
29,71,142
30,71,304
31,71,492
32,71,1013
33,71,48
34,71,643
35,71,149
36,71,440
37,71,380
38,71,906
39,71,717
40,71,997
41,71,603
42,71,665
43,71,107
44,71,67
45,71,867
46,71,911
47,71,6
48,71,540
49,71,767
50,71,524
51,71,915
52,71,783
53,71,487
54,71,933
55,71,1002
56,71,537
57,71,266
58,71,474
59,71,362
60,71,839
61,71,476
62,71,919
63,71,847
64,71,775
65,71,521
66,71,584
67,71,877
68,71,432
69,71,749
70,71,650
71,71,363
72,71,649
73,71,1010
74,71,215
75,71,506
76,71,616
77,71,297
78,71,484
79,71,779
80,71,891
81,71,755
82,71,356
83,71,99
84,71,283
85,71,538
86,71,983
87,71,186
88,71,966
89,71,686
90,71,973
91,71,170
92,71,814
93,71,220
94,71,890
95,71,887
96,71,252
97,71,883
98,71,435
99,71,617
100,71,924
101,71,770
102,71,560
103,71,652
104,71,539
105,71,614
106,71,137
107,71,267
108,71,239
109,71,654
110,71,81
111,71,449
112,71,60
113,71,790
114,71,434
115,71,450
116,71,62
117,71,44
118,71,101
119,71,606
120,71,868
121,71,431
122,71,730
123,71,748
124,71,176
125,71,334
126,71,102
127,71,516
128,71,375
129,71,264
130,71,812
131,71,985
132,71,16
133,71,518
134,71,619
135,71,47
136,71,224
137,71,978
138,71,482
139,71,243
140,71,250
141,71,724
142,71,607
143,71,114
144,71,173
145,71,723
146,71,852
147,71,242
148,71,190
149,71,96
150,71,955
151,71,550
152,71,534
153,71,319
154,71,75
155,71,695
156,71,11
157,71,952
158,71,635
159,71,785
160,71,104
161,71,504
162,71,120
163,71,98
164,71,433
165,71,35
166,71,277
167,71,838
168,71,961
169,71,531
170,71,462
171,71,473
172,71,298
173,71,165
174,71,865
175,71,854
176,71,115
177,71,663
178,71,878
179,71,326
180,71,1003
181,71,921
182,71,809
183,71,988
184,71,261
185,71,597
186,71,843
187,71,20
188,71,256
189,71,743
190,71,437
191,71,525
192,71,237
193,71,970
194,71,580
195,71,938
196,71,490
197,71,957
198,71,313
199,71,309
200,71,410
201,71,981
202,71,980
203,71,962
204,71,80
205,71,414
206,71,709
207,71,201
208,71,571
209,71,914
210,71,218
211,71,667
212,71,960
213,71,135
214,71,179
215,71,161
216,71,916
217,71,772
218,71,566
219,71,929
220,71,953
221,71,77
222,71,156
223,71,753
224,71,787
225,71,610
226,71,972
227,71,1020
228,71,171
229,71,908
230,71,251
231,71,27
232,71,36
233,71,184
234,71,857
235,71,219
236,71,29
237,71,157
238,71,996
239,71,421
240,71,205
241,71,494
242,71,58
243,71,794
244,71,532
245,71,926
246,71,777
247,71,393
248,71,112
249,71,318
250,71,373
251,71,982
252,71,700
253,71,88
254,71,148
255,71,160
256,71,345
257,71,944
258,71,5
259,71,965
260,71,34
261,71,646
262,71,763
263,71,509
264,71,827
265,71,429
266,71,127
267,71,235
268,71,9
269,71,627
270,71,390
271,71,555
272,71,350
273,71,223
274,71,549
275,71,214
276,71,226
277,71,545
278,71,503
279,71,797
280,71,951
281,71,294
282,71,216
283,71,869
284,71,193
285,71,204
286,71,930
287,71,697
288,71,842
289,71,515
290,71,213
291,71,202
292,71,656
293,71,140
294,71,541
295,71,630
296,71,392
297,71,535
298,71,241
299,71,93
300,71,454
301,71,739
302,71,41
303,71,662
304,71,511
305,71,12
306,71,821
307,71,386
308,71,379
309,71,420
310,71,725
311,71,527
312,71,315
313,71,333
314,71,837
315,71,813
316,71,119
317,71,424
318,71,668
319,71,728
320,71,959
321,71,632
322,71,992
323,71,496
324,71,8
325,71,197
326,71,381
327,71,658
328,71,132
329,71,925
330,71,110
331,71,285
332,71,894
333,71,689
334,71,792
335,71,369
336,71,228
337,71,236
338,71,70
339,71,701
340,71,947
341,71,699
342,71,464
343,71,39
344,71,54
345,71,1005
346,71,856
347,71,31
348,71,737
349,71,976
350,71,570
351,71,51
352,71,912
353,71,325
354,71,442
355,71,707
356,71,991
357,71,799
358,71,552
359,71,499
360,71,453
361,71,460
362,71,1012
363,71,147
364,71,1018
365,71,893
366,71,864
367,71,85
368,71,681
369,71,164
370,71,162
371,71,922
372,71,106
373,71,451
374,71,45
375,71,826
376,71,751
377,71,544
378,71,849
379,71,834
380,71,559
381,71,355
382,71,673
383,71,664
384,71,682
385,71,305
386,71,568
387,71,828
388,71,892
389,71,776
390,71,343
391,71,927
392,71,920
393,71,875
394,71,895
395,71,286
396,71,43
397,71,523
398,71,349
399,71,245
0,72,301
1,72,150
2,72,30
3,72,683
4,72,443
5,72,954
6,72,1006
7,72,669
8,72,311
9,72,463
10,72,557
11,72,105
12,72,187
13,72,786
14,72,698
15,72,618
16,72,784
17,72,1008
18,72,520
19,72,185
20,72,710
21,72,0
22,72,554
23,72,230
24,72,713
25,72,246
26,72,155
27,72,287
28,72,901
29,72,142
30,72,304
31,72,492
32,72,1013
33,72,48
34,72,643
35,72,149
36,72,440
37,72,380
38,72,906
39,72,717
40,72,997
41,72,603
42,72,665
43,72,107
44,72,67
45,72,867
46,72,911
47,72,6
48,72,540
49,72,767
50,72,524
51,72,915
52,72,783
53,72,487
54,72,933
55,72,1002
56,72,537
57,72,266
58,72,474
59,72,362
60,72,839
61,72,476
62,72,919
63,72,847
64,72,775
65,72,521
66,72,584
67,72,877
68,72,432
69,72,749
70,72,650
71,72,363
72,72,649
73,72,1010
74,72,215
75,72,506
76,72,616
77,72,297
78,72,484
79,72,779
80,72,891
81,72,755
82,72,356
83,72,99
84,72,283
85,72,538
86,72,983
87,72,186
88,72,966
89,72,686
90,72,973
91,72,170
92,72,814
93,72,220
94,72,890
95,72,887
96,72,252
97,72,883
98,72,435
99,72,617
100,72,924
101,72,770
102,72,560
103,72,652
104,72,539
105,72,614
106,72,137
107,72,267
108,72,239
109,72,654
110,72,81
111,72,449
112,72,60
113,72,790
114,72,434
115,72,450
116,72,62
117,72,44
118,72,101
119,72,606
120,72,868
121,72,431
122,72,730
123,72,748
124,72,176
125,72,334
126,72,102
127,72,516
128,72,375
129,72,264
130,72,812
131,72,985
132,72,16
133,72,518
134,72,619
135,72,47
136,72,224
137,72,978
138,72,482
139,72,243
140,72,250
141,72,724
142,72,607
143,72,114
144,72,173
145,72,723
146,72,852
147,72,242
148,72,190
149,72,96
150,72,955
151,72,550
152,72,534
153,72,319
154,72,75
155,72,695
156,72,11
157,72,952
158,72,635
159,72,785
160,72,104
161,72,504
162,72,120
163,72,98
164,72,433
165,72,35
166,72,277
167,72,838
168,72,961
169,72,531
170,72,462
171,72,473
172,72,298
173,72,165
174,72,865
175,72,854
176,72,115
177,72,663
178,72,878
179,72,326
180,72,1003
181,72,921
182,72,809
183,72,988
184,72,261
185,72,597
186,72,843
187,72,20
188,72,256
189,72,743
190,72,437
191,72,525
192,72,237
193,72,970
194,72,580
195,72,938
196,72,490
197,72,957
198,72,313
199,72,309
200,72,410
201,72,981
202,72,980
203,72,962
204,72,80
205,72,414
206,72,709
207,72,201
208,72,571
209,72,914
210,72,218
211,72,667
212,72,960
213,72,135
214,72,179
215,72,161
216,72,916
217,72,772
218,72,566
219,72,929
220,72,953
221,72,77
222,72,156
223,72,753
224,72,787
225,72,610
226,72,972
227,72,1020
228,72,171
229,72,908
230,72,251
231,72,27
232,72,36
233,72,184
234,72,857
235,72,219
236,72,29
237,72,157
238,72,996
239,72,421
240,72,205
241,72,494
242,72,58
243,72,794
244,72,532
245,72,958
246,72,777
247,72,393
248,72,112
249,72,318
250,72,373
251,72,982
252,72,700
253,72,88
254,72,148
255,72,160
256,72,345
257,72,944
258,72,5
259,72,965
260,72,34
261,72,646
262,72,763
263,72,509
264,72,827
265,72,429
266,72,127
267,72,235
268,72,9
269,72,627
270,72,390
271,72,555
272,72,350
273,72,223
274,72,549
275,72,214
276,72,226
277,72,545
278,72,503
279,72,797
280,72,951
281,72,294
282,72,216
283,72,869
284,72,193
285,72,204
286,72,930
287,72,697
288,72,842
289,72,515
290,72,213
291,72,202
292,72,656
293,72,140
294,72,541
295,72,630
296,72,392
297,72,535
298,72,241
299,72,93
300,72,454
301,72,739
302,72,41
303,72,662
304,72,511
305,72,12
306,72,821
307,72,386
308,72,379
309,72,420
310,72,725
311,72,527
312,72,315
313,72,333
314,72,837
315,72,813
316,72,119
317,72,424
318,72,668
319,72,728
320,72,959
321,72,632
322,72,992
323,72,496
324,72,8
325,72,197
326,72,381
327,72,658
328,72,132
329,72,925
330,72,110
331,72,285
332,72,926
333,72,689
334,72,792
335,72,369
336,72,228
337,72,236
338,72,70
339,72,701
340,72,947
341,72,699
342,72,464
343,72,39
344,72,54
345,72,1005
346,72,856
347,72,31
348,72,737
349,72,976
350,72,570
351,72,51
352,72,912
353,72,325
354,72,442
355,72,707
356,72,991
357,72,799
358,72,552
359,72,499
360,72,453
361,72,460
362,72,1012
363,72,147
364,72,1018
365,72,893
366,72,864
367,72,85
368,72,681
369,72,164
370,72,162
371,72,922
372,72,106
373,72,451
374,72,45
375,72,826
376,72,751
377,72,544
378,72,849
379,72,834
380,72,559
381,72,355
382,72,673
383,72,664
384,72,682
385,72,305
386,72,568
387,72,828
388,72,892
389,72,776
390,72,343
391,72,895
392,72,920
393,72,875
394,72,894
395,72,286
396,72,43
397,72,523
398,72,349
399,72,245
0,73,301
1,73,150
2,73,30
3,73,683
4,73,443
5,73,954
6,73,1006
7,73,669
8,73,311
9,73,463
10,73,557
11,73,105
12,73,187
13,73,786
14,73,698
15,73,618
16,73,784
17,73,1008
18,73,520
19,73,185
20,73,710
21,73,0
22,73,554
23,73,230
24,73,713
25,73,246
26,73,155
27,73,287
28,73,901
29,73,142
30,73,304
31,73,492
32,73,1013
33,73,48
34,73,643
35,73,149
36,73,440
37,73,380
38,73,906
39,73,717
40,73,997
41,73,603
42,73,665
43,73,107
44,73,67
45,73,867
46,73,911
47,73,6
48,73,540
49,73,767
50,73,524
51,73,915
52,73,783
53,73,487
54,73,933
55,73,1002
56,73,537
57,73,266
58,73,474
59,73,362
60,73,839
61,73,476
62,73,919
63,73,847
64,73,775
65,73,521
66,73,584
67,73,877
68,73,432
69,73,749
70,73,650
71,73,363
72,73,649
73,73,1010
74,73,215
75,73,506
76,73,616
77,73,297
78,73,484
79,73,779
80,73,891
81,73,755
82,73,356
83,73,99
84,73,283
85,73,538
86,73,983
87,73,186
88,73,966
89,73,686
90,73,973
91,73,170
92,73,814
93,73,220
94,73,890
95,73,887
96,73,252
97,73,883
98,73,435
99,73,617
100,73,924
101,73,770
102,73,560
103,73,652
104,73,539
105,73,614
106,73,137
107,73,267
108,73,239
109,73,654
110,73,81
111,73,449
112,73,60
113,73,790
114,73,434
115,73,450
116,73,62
117,73,44
118,73,101
119,73,606
120,73,868
121,73,431
122,73,730
123,73,748
124,73,176
125,73,334
126,73,102
127,73,516
128,73,375
129,73,264
130,73,812
131,73,985
132,73,16
133,73,518
134,73,619
135,73,47
136,73,224
137,73,978
138,73,482
139,73,243
140,73,250
141,73,724
142,73,607
143,73,114
144,73,173
145,73,723
146,73,852
147,73,242
148,73,190
149,73,96
150,73,955
151,73,550
152,73,534
153,73,319
154,73,75
155,73,695
156,73,11
157,73,952
158,73,635
159,73,785
160,73,104
161,73,504
162,73,120
163,73,98
164,73,433
165,73,35
166,73,277
167,73,838
168,73,961
169,73,531
170,73,462
171,73,473
172,73,298
173,73,165
174,73,865
175,73,854
176,73,115
177,73,663
178,73,878
179,73,326
180,73,1003
181,73,921
182,73,809
183,73,988
184,73,261
185,73,597
186,73,843
187,73,20
188,73,256
189,73,743
190,73,437
191,73,525
192,73,237
193,73,970
194,73,580
195,73,938
196,73,490
197,73,957
198,73,313
199,73,309
200,73,410
201,73,981
202,73,980
203,73,962
204,73,80
205,73,414
206,73,709
207,73,201
208,73,571
209,73,914
210,73,218
211,73,667
212,73,960
213,73,135
214,73,179
215,73,161
216,73,916
217,73,772
218,73,566
219,73,929
220,73,953
221,73,77
222,73,156
223,73,753
224,73,787
225,73,610
226,73,972
227,73,1020
228,73,171
229,73,908
230,73,251
231,73,27
232,73,36
233,73,184
234,73,857
235,73,219
236,73,29
237,73,157
238,73,996
239,73,421
240,73,205
241,73,494
242,73,58
243,73,794
244,73,532
245,73,990
246,73,777
247,73,393
248,73,112
249,73,318
250,73,373
251,73,982
252,73,700
253,73,88
254,73,148
255,73,160
256,73,345
257,73,944
258,73,5
259,73,965
260,73,34
261,73,646
262,73,763
263,73,509
264,73,827
265,73,429
266,73,127
267,73,235
268,73,9
269,73,627
270,73,390
271,73,555
272,73,350
273,73,223
274,73,549
275,73,214
276,73,226
277,73,545
278,73,503
279,73,797
280,73,951
281,73,294
282,73,216
283,73,869
284,73,193
285,73,204
286,73,930
287,73,697
288,73,842
289,73,515
290,73,213
291,73,202
292,73,656
293,73,140
294,73,541
295,73,630
296,73,392
297,73,535
298,73,241
299,73,93
300,73,454
301,73,739
302,73,41
303,73,662
304,73,511
305,73,12
306,73,821
307,73,386
308,73,379
309,73,420
310,73,725
311,73,527
312,73,315
313,73,333
314,73,837
315,73,813
316,73,119
317,73,424
318,73,668
319,73,728
320,73,959
321,73,632
322,73,992
323,73,496
324,73,8
325,73,197
326,73,381
327,73,658
328,73,132
329,73,925
330,73,110
331,73,285
332,73,894
333,73,689
334,73,792
335,73,369
336,73,228
337,73,236
338,73,70
339,73,701
340,73,947
341,73,699
342,73,464
343,73,39
344,73,54
345,73,1005
346,73,856
347,73,31
348,73,737
349,73,976
350,73,570
351,73,51
352,73,912
353,73,325
354,73,442
355,73,707
356,73,991
357,73,799
358,73,552
359,73,499
360,73,453
361,73,460
362,73,1012
363,73,147
364,73,1018
365,73,893
366,73,864
367,73,85
368,73,681
369,73,164
370,73,162
371,73,922
372,73,106
373,73,451
374,73,45
375,73,826
376,73,751
377,73,544
378,73,849
379,73,834
380,73,559
381,73,355
382,73,673
383,73,664
384,73,682
385,73,305
386,73,568
387,73,828
388,73,892
389,73,776
390,73,343
391,73,895
392,73,920
393,73,875
394,73,862
395,73,286
396,73,43
397,73,523
398,73,349
399,73,245
0,74,301
1,74,150
2,74,30
3,74,683
4,74,443
5,74,954
6,74,1006
7,74,669
8,74,311
9,74,463
10,74,557
11,74,105
12,74,187
13,74,786
14,74,698
15,74,618
16,74,784
17,74,1008
18,74,520
19,74,185
20,74,710
21,74,0
22,74,554
23,74,230
24,74,713
25,74,246
26,74,155
27,74,287
28,74,901
29,74,142
30,74,304
31,74,492
32,74,1013
33,74,48
34,74,643
35,74,149
36,74,440
37,74,380
38,74,906
39,74,717
40,74,997
41,74,603
42,74,665
43,74,107
44,74,67
45,74,867
46,74,911
47,74,6
48,74,540
49,74,767
50,74,524
51,74,915
52,74,783
53,74,487
54,74,933
55,74,1002
56,74,537
57,74,266
58,74,474
59,74,362
60,74,839
61,74,476
62,74,919
63,74,847
64,74,775
65,74,521
66,74,584
67,74,877
68,74,432
69,74,749
70,74,650
71,74,363
72,74,649
73,74,1010
74,74,215
75,74,506
76,74,616
77,74,297
78,74,484
79,74,779
80,74,891
81,74,755
82,74,356
83,74,99
84,74,283
85,74,538
86,74,983
87,74,186
88,74,966
89,74,686
90,74,973
91,74,170
92,74,814
93,74,220
94,74,890
95,74,887
96,74,252
97,74,883
98,74,435
99,74,617
100,74,924
101,74,770
102,74,560
103,74,652
104,74,539
105,74,614
106,74,137
107,74,267
108,74,239
109,74,654
110,74,81
111,74,449
112,74,60
113,74,790
114,74,434
115,74,450
116,74,62
117,74,44
118,74,101
119,74,606
120,74,868
121,74,431
122,74,730
123,74,748
124,74,176
125,74,334
126,74,102
127,74,516
128,74,375
129,74,264
130,74,812
131,74,985
132,74,16
133,74,518
134,74,619
135,74,47
136,74,224
137,74,978
138,74,482
139,74,243
140,74,250
141,74,724
142,74,607
143,74,114
144,74,173
145,74,723
146,74,852
147,74,242
148,74,190
149,74,96
150,74,955
151,74,550
152,74,534
153,74,319
154,74,75
155,74,695
156,74,11
157,74,952
158,74,635
159,74,785
160,74,104
161,74,504
162,74,120
163,74,98
164,74,433
165,74,35
166,74,277
167,74,838
168,74,961
169,74,531
170,74,462
171,74,473
172,74,298
173,74,165
174,74,865
175,74,854
176,74,115
177,74,663
178,74,878
179,74,326
180,74,1003
181,74,921
182,74,809
183,74,988
184,74,261
185,74,597
186,74,843
187,74,20
188,74,256
189,74,743
190,74,437
191,74,525
192,74,237
193,74,970
194,74,580
195,74,938
196,74,490
197,74,957
198,74,313
199,74,309
200,74,410
201,74,981
202,74,980
203,74,962
204,74,80
205,74,414
206,74,709
207,74,201
208,74,571
209,74,914
210,74,218
211,74,667
212,74,960
213,74,135
214,74,179
215,74,161
216,74,916
217,74,772
218,74,566
219,74,929
220,74,953
221,74,77
222,74,156
223,74,753
224,74,787
225,74,610
226,74,972
227,74,1020
228,74,171
229,74,908
230,74,251
231,74,27
232,74,36
233,74,184
234,74,857
235,74,219
236,74,29
237,74,157
238,74,996
239,74,421
240,74,205
241,74,494
242,74,58
243,74,794
244,74,532
245,74,989
246,74,777
247,74,393
248,74,112
249,74,318
250,74,373
251,74,982
252,74,700
253,74,88
254,74,148
255,74,160
256,74,345
257,74,944
258,74,5
259,74,965
260,74,34
261,74,646
262,74,763
263,74,509
264,74,827
265,74,429
266,74,127
267,74,235
268,74,9
269,74,627
270,74,390
271,74,555
272,74,350
273,74,223
274,74,549
275,74,214
276,74,226
277,74,545
278,74,503
279,74,797
280,74,951
281,74,294
282,74,216
283,74,869
284,74,193
285,74,204
286,74,930
287,74,697
288,74,842
289,74,515
290,74,213
291,74,202
292,74,656
293,74,140
294,74,541
295,74,630
296,74,392
297,74,535
298,74,241
299,74,93
300,74,454
301,74,739
302,74,41
303,74,662
304,74,511
305,74,12
306,74,821
307,74,386
308,74,379
309,74,420
310,74,725
311,74,527
312,74,315
313,74,333
314,74,837
315,74,813
316,74,119
317,74,424
318,74,668
319,74,728
320,74,959
321,74,632
322,74,992
323,74,496
324,74,8
325,74,197
326,74,381
327,74,658
328,74,132
329,74,925
330,74,110
331,74,285
332,74,894
333,74,689
334,74,792
335,74,369
336,74,228
337,74,236
338,74,70
339,74,701
340,74,947
341,74,699
342,74,464
343,74,39
344,74,54
345,74,1005
346,74,856
347,74,31
348,74,737
349,74,976
350,74,570
351,74,51
352,74,912
353,74,325
354,74,442
355,74,707
356,74,991
357,74,799
358,74,552
359,74,499
360,74,453
361,74,460
362,74,1012
363,74,147
364,74,1018
365,74,893
366,74,864
367,74,85
368,74,681
369,74,164
370,74,162
371,74,922
372,74,106
373,74,451
374,74,45
375,74,826
376,74,751
377,74,544
378,74,849
379,74,834
380,74,559
381,74,355
382,74,673
383,74,664
384,74,682
385,74,305
386,74,568
387,74,828
388,74,892
389,74,776
390,74,343
391,74,895
392,74,920
393,74,875
394,74,862
395,74,286
396,74,43
397,74,523
398,74,349
399,74,245
