agent_id,time_step,vertex_index
0,0,768
1,0,630
2,0,708
3,0,219
4,0,935
5,0,858
6,0,800
7,0,417
8,0,20
9,0,819
10,0,324
11,0,855
12,0,910
13,0,686
14,0,97
15,0,550
16,0,690
17,0,470
18,0,374
19,0,811
20,0,569
21,0,645
22,0,123
23,0,221
24,0,698
25,0,973
26,0,790
27,0,635
28,0,972
29,0,115
30,0,901
31,0,164
32,0,880
33,0,829
34,0,981
35,0,527
36,0,547
37,0,987
38,0,155
39,0,241
40,0,888
41,0,934
42,0,787
43,0,214
44,0,528
45,0,375
46,0,349
47,0,831
48,0,771
49,0,666
50,0,54
51,0,12
52,0,333
53,0,228
54,0,816
55,0,637
56,0,581
57,0,272
58,0,99
59,0,959
60,0,212
61,0,213
62,0,131
63,0,687
64,0,622
65,0,915
66,0,381
67,0,459
68,0,517
69,0,770
70,0,127
71,0,579
72,0,689
73,0,371
74,0,449
75,0,149
76,0,418
77,0,220
78,0,955
79,0,573
80,0,183
81,0,194
82,0,542
83,0,780
84,0,728
85,0,805
86,0,191
87,0,327
88,0,469
89,0,961
90,0,42
91,0,817
92,0,250
93,0,309
94,0,266
95,0,843
96,0,363
97,0,988
98,0,911
99,0,534
100,0,740
101,0,463
102,0,767
103,0,308
104,0,872
105,0,623
106,0,225
107,0,342
108,0,801
109,0,414
110,0,893
111,0,460
112,0,562
113,0,810
114,0,748
115,0,546
116,0,355
117,0,563
118,0,707
119,0,552
120,0,755
121,0,567
122,0,163
123,0,916
124,0,288
125,0,565
126,0,251
127,0,46
128,0,960
129,0,286
130,0,22
131,0,969
132,0,317
133,0,386
134,0,782
135,0,616
136,0,1020
137,0,202
138,0,89
139,0,941
140,0,200
141,0,1021
142,0,255
143,0,210
144,0,174
145,0,1017
146,0,514
147,0,254
148,0,204
149,0,373
150,0,315
151,0,483
152,0,367
153,0,794
154,0,594
155,0,75
156,0,673
157,0,723
158,0,835
159,0,505
160,0,499
161,0,891
162,0,758
163,0,291
164,0,443
165,0,492
166,0,523
167,0,558
168,0,211
169,0,868
170,0,653
171,0,695
172,0,477
173,0,401
174,0,560
175,0,493
176,0,353
177,0,867
178,0,716
179,0,124
180,0,976
181,0,796
182,0,376
183,0,21
184,0,331
185,0,235
186,0,730
187,0,121
188,0,710
189,0,877
190,0,102
191,0,476
192,0,785
193,0,352
194,0,587
195,0,744
196,0,69
197,0,809
198,0,994
199,0,399
200,0,884
201,0,274
202,0,538
203,0,108
204,0,720
205,0,101
206,0,423
207,0,356
208,0,627
209,0,380
210,0,170
211,0,665
212,0,265
213,0,87
214,0,508
215,0,23
216,0,1019
217,0,864
218,0,284
219,0,257
220,0,932
221,0,491
222,0,408
223,0,43
224,0,176
225,0,145
226,0,222
227,0,947
228,0,803
229,0,5
230,0,507
231,0,253
232,0,608
233,0,464
234,0,435
235,0,190
236,0,909
237,0,68
238,0,2
239,0,350
240,0,606
241,0,712
242,0,874
243,0,752
244,0,503
245,0,130
246,0,345
247,0,661
248,0,329
249,0,379
250,0,320
251,0,997
252,0,40
253,0,326
254,0,6
255,0,615
256,0,35
257,0,575
258,0,234
259,0,792
260,0,450
261,0,510
262,0,444
263,0,113
264,0,709
265,0,626
266,0,59
267,0,688
268,0,494
269,0,178
270,0,34
271,0,667
272,0,873
273,0,440
274,0,341
275,0,31
276,0,479
277,0,620
278,0,80
279,0,693
280,0,882
281,0,44
282,0,223
283,0,717
284,0,936
285,0,681
286,0,1010
287,0,431
288,0,706
289,0,799
290,0,938
291,0,293
292,0,638
293,0,378
294,0,430
295,0,815
296,0,442
297,0,533
298,0,30
299,0,133
300,0,181
301,0,120
302,0,267
303,0,940
304,0,81
305,0,980
306,0,362
307,0,9
308,0,298
309,0,138
310,0,943
311,0,141
312,0,570
313,0,694
314,0,295
315,0,465
316,0,126
317,0,539
318,0,526
319,0,1004
320,0,201
321,0,158
322,0,377
323,0,714
324,0,105
325,0,305
326,0,322
327,0,841
328,0,338
329,0,70
330,0,680
331,0,735
332,0,965
333,0,1
334,0,1008
335,0,949
336,0,236
337,0,535
338,0,289
339,0,895
340,0,541
341,0,390
342,0,56
343,0,777
344,0,700
345,0,870
346,0,61
347,0,807
348,0,715
349,0,1013
350,0,36
351,0,957
352,0,894
353,0,762
354,0,157
355,0,361
356,0,217
357,0,473
358,0,96
359,0,589
360,0,39
361,0,632
362,0,742
363,0,1014
364,0,208
365,0,1000
366,0,148
367,0,649
368,0,919
369,0,933
370,0,310
371,0,862
372,0,485
373,0,733
374,0,11
375,0,763
376,0,806
377,0,159
378,0,600
379,0,10
380,0,824
381,0,881
382,0,886
383,0,229
384,0,227
385,0,41
386,0,447
387,0,592
388,0,854
389,0,64
390,0,15
391,0,584
392,0,160
393,0,568
394,0,340
395,0,437
396,0,520
397,0,948
398,0,743
399,0,421
0,1,736
1,1,598
2,1,709
3,1,218
4,1,936
5,1,890
6,1,832
7,1,449
8,1,21
9,1,818
10,1,324
11,1,823
12,1,911
13,1,686
14,1,129
15,1,551
16,1,689
17,1,502
18,1,373
19,1,812
20,1,601
21,1,613
22,1,122
23,1,189
24,1,697
25,1,974
26,1,791
27,1,603
28,1,971
29,1,115
30,1,902
31,1,165
32,1,848
33,1,797
34,1,980
35,1,526
36,1,548
37,1,988
38,1,154
39,1,273
40,1,887
41,1,935
42,1,786
43,1,214
44,1,527
45,1,374
46,1,381
47,1,799
48,1,772
49,1,698
50,1,86
51,1,13
52,1,334
53,1,260
54,1,815
55,1,669
56,1,549
57,1,240
58,1,100
59,1,958
60,1,244
61,1,245
62,1,163
63,1,719
64,1,621
65,1,914
66,1,380
67,1,491
68,1,518
69,1,802
70,1,159
71,1,547
72,1,657
73,1,403
74,1,450
75,1,181
76,1,419
77,1,220
78,1,987
79,1,605
80,1,184
81,1,226
82,1,510
83,1,779
84,1,696
85,1,806
86,1,223
87,1,328
88,1,501
89,1,929
90,1,43
91,1,816
92,1,249
93,1,277
94,1,267
95,1,844
96,1,364
97,1,956
98,1,912
99,1,566
100,1,740
101,1,462
102,1,735
103,1,307
104,1,873
105,1,622
106,1,193
107,1,310
108,1,769
109,1,413
110,1,861
111,1,459
112,1,563
113,1,811
114,1,716
115,1,545
116,1,323
117,1,531
118,1,675
119,1,553
120,1,787
121,1,535
122,1,195
123,1,916
124,1,256
125,1,533
126,1,219
127,1,78
128,1,928
129,1,287
130,1,54
131,1,970
132,1,285
133,1,387
134,1,750
135,1,617
136,1,1019
137,1,234
138,1,88
139,1,940
140,1,201
141,1,989
142,1,255
143,1,211
144,1,173
145,1,985
146,1,546
147,1,253
148,1,205
149,1,341
150,1,316
151,1,484
152,1,368
153,1,762
154,1,562
155,1,76
156,1,641
157,1,724
158,1,836
159,1,537
160,1,467
161,1,859
162,1,790
163,1,291
164,1,442
165,1,460
166,1,524
167,1,590
168,1,243
169,1,868
170,1,654
171,1,663
172,1,445
173,1,400
174,1,559
175,1,525
176,1,321
177,1,835
178,1,717
179,1,123
180,1,976
181,1,828
182,1,375
183,1,22
184,1,330
185,1,236
186,1,731
187,1,120
188,1,678
189,1,876
190,1,103
191,1,475
192,1,753
193,1,353
194,1,586
195,1,745
196,1,70
197,1,810
198,1,962
199,1,367
200,1,883
201,1,306
202,1,570
203,1,107
204,1,688
205,1,101
206,1,423
207,1,357
208,1,628
209,1,379
210,1,171
211,1,665
212,1,264
213,1,87
214,1,476
215,1,23
216,1,1018
217,1,864
218,1,283
219,1,289
220,1,900
221,1,490
222,1,409
223,1,75
224,1,208
225,1,144
226,1,254
227,1,915
228,1,771
229,1,4
230,1,508
231,1,221
232,1,609
233,1,465
234,1,436
235,1,190
236,1,910
237,1,69
238,1,1
239,1,349
240,1,574
241,1,680
242,1,842
243,1,784
244,1,471
245,1,162
246,1,344
247,1,660
248,1,297
249,1,347
250,1,320
251,1,998
252,1,41
253,1,327
254,1,38
255,1,614
256,1,36
257,1,607
258,1,266
259,1,824
260,1,418
261,1,511
262,1,444
263,1,114
264,1,710
265,1,625
266,1,60
267,1,687
268,1,493
269,1,210
270,1,66
271,1,666
272,1,841
273,1,408
274,1,340
275,1,30
276,1,478
277,1,619
278,1,112
279,1,661
280,1,882
281,1,44
282,1,222
283,1,749
284,1,904
285,1,649
286,1,1009
287,1,432
288,1,738
289,1,798
290,1,939
291,1,261
292,1,606
293,1,377
294,1,431
295,1,783
296,1,410
297,1,534
298,1,29
299,1,134
300,1,213
301,1,119
302,1,235
303,1,908
304,1,113
305,1,979
306,1,394
307,1,8
308,1,299
309,1,137
310,1,944
311,1,142
312,1,569
313,1,693
314,1,294
315,1,497
316,1,94
317,1,538
318,1,558
319,1,972
320,1,233
321,1,158
322,1,376
323,1,682
324,1,73
325,1,304
326,1,322
327,1,809
328,1,338
329,1,102
330,1,648
331,1,734
332,1,966
333,1,33
334,1,1008
335,1,948
336,1,204
337,1,503
338,1,288
339,1,894
340,1,573
341,1,422
342,1,55
343,1,776
344,1,701
345,1,870
346,1,93
347,1,808
348,1,714
349,1,1012
350,1,37
351,1,925
352,1,926
353,1,730
354,1,157
355,1,393
356,1,185
357,1,474
358,1,97
359,1,557
360,1,39
361,1,631
362,1,743
363,1,982
364,1,209
365,1,1001
366,1,147
367,1,650
368,1,951
369,1,932
370,1,309
371,1,830
372,1,453
373,1,732
374,1,12
375,1,795
376,1,807
377,1,191
378,1,599
379,1,10
380,1,825
381,1,880
382,1,885
383,1,230
384,1,259
385,1,42
386,1,479
387,1,624
388,1,855
389,1,65
390,1,47
391,1,616
392,1,161
393,1,600
394,1,308
395,1,405
396,1,521
397,1,947
398,1,711
399,1,421
0,2,736
1,2,566
2,2,677
3,2,250
4,2,904
5,2,922
6,2,864
7,2,481
8,2,22
9,2,786
10,2,324
11,2,791
12,2,912
13,2,654
14,2,161
15,2,583
16,2,688
17,2,501
18,2,405
19,2,813
20,2,600
21,2,581
22,2,154
23,2,188
24,2,696
25,2,942
26,2,792
27,2,603
28,2,1003
29,2,147
30,2,903
31,2,166
32,2,849
33,2,765
34,2,979
35,2,494
36,2,549
37,2,989
38,2,153
39,2,305
40,2,886
41,2,936
42,2,754
43,2,214
44,2,526
45,2,373
46,2,413
47,2,767
48,2,740
49,2,699
50,2,85
51,2,14
52,2,366
53,2,292
54,2,814
55,2,701
56,2,550
57,2,239
58,2,101
59,2,957
60,2,276
61,2,246
62,2,195
63,2,719
64,2,653
65,2,914
66,2,379
67,2,523
68,2,519
69,2,803
70,2,191
71,2,515
72,2,689
73,2,403
74,2,418
75,2,213
76,2,451
77,2,219
78,2,986
79,2,604
80,2,185
81,2,226
82,2,478
83,2,778
84,2,664
85,2,807
86,2,255
87,2,329
88,2,533
89,2,897
90,2,75
91,2,815
92,2,281
93,2,278
94,2,299
95,2,876
96,2,332
97,2,924
98,2,913
99,2,565
100,2,708
101,2,461
102,2,734
103,2,306
104,2,841
105,2,621
106,2,225
107,2,310
108,2,737
109,2,445
110,2,829
111,2,491
112,2,564
113,2,812
114,2,684
115,2,513
116,2,291
117,2,499
118,2,643
119,2,554
120,2,819
121,2,503
122,2,227
123,2,915
124,2,288
125,2,534
126,2,187
127,2,110
128,2,896
129,2,319
130,2,86
131,2,971
132,2,253
133,2,419
134,2,749
135,2,585
136,2,1018
137,2,266
138,2,87
139,2,908
140,2,233
141,2,990
142,2,287
143,2,243
144,2,173
145,2,953
146,2,578
147,2,221
148,2,206
149,2,340
150,2,317
151,2,516
152,2,369
153,2,763
154,2,561
155,2,77
156,2,609
157,2,692
158,2,804
159,2,536
160,2,435
161,2,827
162,2,790
163,2,259
164,2,441
165,2,428
166,2,525
167,2,589
168,2,242
169,2,868
170,2,622
171,2,631
172,2,444
173,2,399
174,2,558
175,2,557
176,2,322
177,2,836
178,2,716
179,2,122
180,2,944
181,2,828
182,2,407
183,2,23
184,2,330
185,2,237
186,2,730
187,2,88
188,2,646
189,2,875
190,2,104
191,2,474
192,2,752
193,2,385
194,2,586
195,2,745
196,2,70
197,2,811
198,2,930
199,2,368
200,2,851
201,2,338
202,2,602
203,2,106
204,2,656
205,2,102
206,2,423
207,2,325
208,2,629
209,2,378
210,2,172
211,2,697
212,2,263
213,2,119
214,2,475
215,2,55
216,2,1017
217,2,865
218,2,315
219,2,290
220,2,901
221,2,458
222,2,408
223,2,76
224,2,240
225,2,176
226,2,286
227,2,883
228,2,739
229,2,3
230,2,508
231,2,222
232,2,610
233,2,466
234,2,468
235,2,189
236,2,911
237,2,69
238,2,33
239,2,348
240,2,542
241,2,681
242,2,810
243,2,816
244,2,470
245,2,194
246,2,376
247,2,659
248,2,298
249,2,347
250,2,321
251,2,999
252,2,42
253,2,295
254,2,39
255,2,613
256,2,37
257,2,639
258,2,265
259,2,856
260,2,386
261,2,510
262,2,476
263,2,115
264,2,711
265,2,657
266,2,61
267,2,686
268,2,493
269,2,211
270,2,98
271,2,665
272,2,809
273,2,440
274,2,339
275,2,29
276,2,477
277,2,587
278,2,144
279,2,662
280,2,882
281,2,44
282,2,223
283,2,748
284,2,872
285,2,617
286,2,1008
287,2,433
288,2,770
289,2,797
290,2,940
291,2,229
292,2,606
293,2,377
294,2,432
295,2,751
296,2,409
297,2,535
298,2,28
299,2,135
300,2,212
301,2,118
302,2,235
303,2,909
304,2,114
305,2,978
306,2,426
307,2,8
308,2,331
309,2,136
310,2,945
311,2,174
312,2,570
313,2,661
314,2,293
315,2,529
316,2,62
317,2,537
318,2,590
319,2,973
320,2,234
321,2,158
322,2,375
323,2,650
324,2,41
325,2,303
326,2,323
327,2,777
328,2,370
329,2,103
330,2,649
331,2,766
332,2,967
333,2,65
334,2,976
335,2,947
336,2,203
337,2,471
338,2,289
339,2,862
340,2,605
341,2,454
342,2,54
343,2,744
344,2,733
345,2,902
346,2,94
347,2,776
348,2,713
349,2,1011
350,2,38
351,2,893
352,2,958
353,2,698
354,2,157
355,2,392
356,2,186
357,2,506
358,2,129
359,2,556
360,2,40
361,2,630
362,2,775
363,2,983
364,2,210
365,2,1002
366,2,179
367,2,618
368,2,951
369,2,931
370,2,277
371,2,830
372,2,421
373,2,731
374,2,13
375,2,794
376,2,808
377,2,190
378,2,598
379,2,10
380,2,824
381,2,879
382,2,884
383,2,231
384,2,260
385,2,43
386,2,511
387,2,625
388,2,887
389,2,97
390,2,48
391,2,648
392,2,193
393,2,599
394,2,309
395,2,406
396,2,489
397,2,946
398,2,679
399,2,422
0,3,737
1,3,534
2,3,678
3,3,249
4,3,905
5,3,954
6,3,865
7,3,513
8,3,22
9,3,754
10,3,323
11,3,792
12,3,913
13,3,655
14,3,161
15,3,584
16,3,687
17,3,533
18,3,404
19,3,814
20,3,599
21,3,580
22,3,153
23,3,187
24,3,695
25,3,943
26,3,793
27,3,571
28,3,971
29,3,146
30,3,903
31,3,167
32,3,849
33,3,733
34,3,978
35,3,462
36,3,550
37,3,957
38,3,185
39,3,304
40,3,885
41,3,904
42,3,722
43,3,213
44,3,525
45,3,405
46,3,413
47,3,735
48,3,741
49,3,698
50,3,84
51,3,46
52,3,398
53,3,324
54,3,782
55,3,700
56,3,551
57,3,238
58,3,102
59,3,956
60,3,308
61,3,246
62,3,227
63,3,751
64,3,653
65,3,882
66,3,378
67,3,524
68,3,520
69,3,771
70,3,223
71,3,483
72,3,688
73,3,402
74,3,386
75,3,245
76,3,450
77,3,219
78,3,985
79,3,603
80,3,186
81,3,225
82,3,477
83,3,746
84,3,665
85,3,808
86,3,287
87,3,330
88,3,565
89,3,897
90,3,107
91,3,783
92,3,280
93,3,279
94,3,331
95,3,877
96,3,333
97,3,923
98,3,881
99,3,564
100,3,740
101,3,460
102,3,734
103,3,338
104,3,809
105,3,620
106,3,193
107,3,278
108,3,705
109,3,444
110,3,797
111,3,523
112,3,532
113,3,813
114,3,652
115,3,514
116,3,291
117,3,467
118,3,642
119,3,555
120,3,818
121,3,471
122,3,259
123,3,914
124,3,320
125,3,535
126,3,155
127,3,109
128,3,864
129,3,351
130,3,85
131,3,972
132,3,221
133,3,451
134,3,717
135,3,553
136,3,1017
137,3,298
138,3,87
139,3,876
140,3,234
141,3,958
142,3,319
143,3,244
144,3,141
145,3,921
146,3,579
147,3,220
148,3,207
149,3,339
150,3,349
151,3,517
152,3,401
153,3,731
154,3,529
155,3,78
156,3,610
157,3,693
158,3,772
159,3,568
160,3,403
161,3,795
162,3,791
163,3,260
164,3,409
165,3,396
166,3,493
167,3,588
168,3,274
169,3,836
170,3,621
171,3,632
172,3,412
173,3,367
174,3,590
175,3,589
176,3,290
177,3,804
178,3,748
179,3,121
180,3,944
181,3,827
182,3,439
183,3,55
184,3,362
185,3,269
186,3,762
187,3,56
188,3,614
189,3,874
190,3,105
191,3,473
192,3,720
193,3,417
194,3,585
195,3,744
196,3,70
197,3,812
198,3,898
199,3,336
200,3,819
201,3,370
202,3,601
203,3,106
204,3,624
205,3,103
206,3,423
207,3,326
208,3,630
209,3,410
210,3,173
211,3,697
212,3,295
213,3,118
214,3,474
215,3,54
216,3,1016
217,3,866
218,3,316
219,3,289
220,3,902
221,3,459
222,3,440
223,3,108
224,3,272
225,3,175
226,3,318
227,3,915
228,3,707
229,3,2
230,3,509
231,3,190
232,3,578
233,3,466
234,3,469
235,3,188
236,3,912
237,3,37
238,3,65
239,3,347
240,3,510
241,3,649
242,3,811
243,3,817
244,3,502
245,3,226
246,3,375
247,3,658
248,3,299
249,3,315
250,3,321
251,3,1000
252,3,43
253,3,327
254,3,40
255,3,581
256,3,38
257,3,638
258,3,264
259,3,855
260,3,354
261,3,511
262,3,508
263,3,116
264,3,743
265,3,656
266,3,93
267,3,685
268,3,461
269,3,243
270,3,98
271,3,633
272,3,810
273,3,441
274,3,371
275,3,28
276,3,445
277,3,587
278,3,145
279,3,694
280,3,850
281,3,76
282,3,222
283,3,747
284,3,840
285,3,618
286,3,1007
287,3,434
288,3,802
289,3,796
290,3,908
291,3,230
292,3,605
293,3,376
294,3,433
295,3,752
296,3,408
297,3,567
298,3,27
299,3,136
300,3,211
301,3,117
302,3,203
303,3,910
304,3,115
305,3,946
306,3,458
307,3,9
308,3,332
309,3,168
310,3,977
311,3,206
312,3,538
313,3,629
314,3,325
315,3,528
316,3,61
317,3,505
318,3,622
319,3,974
320,3,235
321,3,158
322,3,407
323,3,651
324,3,41
325,3,302
326,3,322
327,3,778
328,3,369
329,3,104
330,3,617
331,3,765
332,3,968
333,3,97
334,3,1008
335,3,947
336,3,202
337,3,470
338,3,288
339,3,830
340,3,637
341,3,486
342,3,86
343,3,712
344,3,701
345,3,934
346,3,126
347,3,777
348,3,745
349,3,1010
350,3,39
351,3,861
352,3,959
353,3,666
354,3,157
355,3,424
356,3,218
357,3,507
358,3,130
359,3,557
360,3,8
361,3,662
362,3,807
363,3,951
364,3,242
365,3,1003
366,3,178
367,3,586
368,3,919
369,3,930
370,3,276
371,3,829
372,3,422
373,3,699
374,3,45
375,3,826
376,3,776
377,3,189
378,3,597
379,3,42
380,3,824
381,3,878
382,3,883
383,3,263
384,3,292
385,3,75
386,3,479
387,3,626
388,3,888
389,3,129
390,3,49
391,3,680
392,3,194
393,3,598
394,3,310
395,3,374
396,3,490
397,3,945
398,3,647
399,3,390
0,4,705
1,4,534
2,4,679
3,4,281
4,4,906
5,4,954
6,4,864
7,4,514
8,4,23
9,4,722
10,4,355
11,4,760
12,4,881
13,4,687
14,4,193
15,4,616
16,4,688
17,4,565
18,4,403
19,4,815
20,4,598
21,4,548
22,4,185
23,4,155
24,4,694
25,4,944
26,4,794
27,4,539
28,4,970
29,4,178
30,4,904
31,4,199
32,4,850
33,4,701
34,4,977
35,4,430
36,4,551
37,4,925
38,4,217
39,4,303
40,4,884
41,4,905
42,4,723
43,4,213
44,4,493
45,4,404
46,4,412
47,4,734
48,4,742
49,4,730
50,4,52
51,4,78
52,4,398
53,4,323
54,4,781
55,4,732
56,4,552
57,4,237
58,4,103
59,4,924
60,4,307
61,4,278
62,4,259
63,4,783
64,4,652
65,4,883
66,4,377
67,4,524
68,4,521
69,4,739
70,4,255
71,4,451
72,4,656
73,4,434
74,4,354
75,4,246
76,4,418
77,4,251
78,4,985
79,4,602
80,4,186
81,4,257
82,4,445
83,4,745
84,4,633
85,4,809
86,4,319
87,4,331
88,4,597
89,4,865
90,4,139
91,4,782
92,4,312
93,4,280
94,4,332
95,4,909
96,4,334
97,4,922
98,4,849
99,4,596
100,4,708
101,4,459
102,4,733
103,4,370
104,4,810
105,4,619
106,4,194
107,4,277
108,4,673
109,4,476
110,4,765
111,4,522
112,4,533
113,4,814
114,4,620
115,4,482
116,4,292
117,4,466
118,4,610
119,4,556
120,4,817
121,4,470
122,4,291
123,4,882
124,4,320
125,4,503
126,4,154
127,4,108
128,4,832
129,4,351
130,4,117
131,4,973
132,4,189
133,4,450
134,4,716
135,4,554
136,4,1016
137,4,330
138,4,86
139,4,844
140,4,235
141,4,957
142,4,318
143,4,212
144,4,109
145,4,889
146,4,580
147,4,220
148,4,208
149,4,338
150,4,381
151,4,518
152,4,401
153,4,731
154,4,497
155,4,110
156,4,578
157,4,693
158,4,740
159,4,567
160,4,402
161,4,763
162,4,792
163,4,228
164,4,408
165,4,364
166,4,461
167,4,588
168,4,306
169,4,804
170,4,622
171,4,600
172,4,380
173,4,335
174,4,589
175,4,621
176,4,290
177,4,772
178,4,780
179,4,120
180,4,912
181,4,859
182,4,471
183,4,56
184,4,361
185,4,301
186,4,762
187,4,24
188,4,613
189,4,873
190,4,106
191,4,472
192,4,719
193,4,449
194,4,584
195,4,776
196,4,102
197,4,813
198,4,866
199,4,336
200,4,787
201,4,369
202,4,601
203,4,138
204,4,592
205,4,104
206,4,422
207,4,327
208,4,631
209,4,409
210,4,141
211,4,697
212,4,294
213,4,118
214,4,442
215,4,22
216,4,984
217,4,834
218,4,348
219,4,288
220,4,903
221,4,458
222,4,440
223,4,140
224,4,304
225,4,174
226,4,350
227,4,947
228,4,675
229,4,1
230,4,477
231,4,191
232,4,546
233,4,465
234,4,501
235,4,187
236,4,913
237,4,38
238,4,97
239,4,346
240,4,478
241,4,617
242,4,812
243,4,816
244,4,502
245,4,225
246,4,407
247,4,657
248,4,267
249,4,316
250,4,321
251,4,1001
252,4,44
253,4,295
254,4,41
255,4,549
256,4,39
257,4,637
258,4,265
259,4,854
260,4,353
261,4,510
262,4,540
263,4,84
264,4,775
265,4,655
266,4,94
267,4,653
268,4,429
269,4,244
270,4,130
271,4,632
272,4,811
273,4,441
274,4,371
275,4,27
276,4,413
277,4,555
278,4,146
279,4,662
280,4,851
281,4,77
282,4,221
283,4,779
284,4,839
285,4,586
286,4,1006
287,4,435
288,4,803
289,4,795
290,4,876
291,4,231
292,4,604
293,4,344
294,4,433
295,4,720
296,4,376
297,4,535
298,4,59
299,4,137
300,4,179
301,4,116
302,4,171
303,4,911
304,4,115
305,4,914
306,4,490
307,4,10
308,4,333
309,4,167
310,4,1009
311,4,238
312,4,506
313,4,628
314,4,325
315,4,527
316,4,60
317,4,504
318,4,623
319,4,942
320,4,236
321,4,190
322,4,439
323,4,651
324,4,9
325,4,302
326,4,322
327,4,746
328,4,368
329,4,105
330,4,585
331,4,766
332,4,969
333,4,129
334,4,1008
335,4,946
336,4,201
337,4,469
338,4,256
339,4,798
340,4,605
341,4,487
342,4,85
343,4,711
344,4,669
345,4,935
346,4,158
347,4,778
348,4,744
349,4,1010
350,4,40
351,4,829
352,4,991
353,4,665
354,4,157
355,4,423
356,4,219
357,4,508
358,4,162
359,4,558
360,4,8
361,4,661
362,4,808
363,4,919
364,4,243
365,4,1004
366,4,210
367,4,587
368,4,887
369,4,898
370,4,276
371,4,828
372,4,390
373,4,698
374,4,45
375,4,826
376,4,777
377,4,188
378,4,629
379,4,74
380,4,824
381,4,877
382,4,915
383,4,264
384,4,324
385,4,76
386,4,511
387,4,627
388,4,888
389,4,161
390,4,50
391,4,712
392,4,226
393,4,630
394,4,342
395,4,375
396,4,491
397,4,945
398,4,615
399,4,358
0,5,706
1,5,535
2,5,680
3,5,280
4,5,907
5,5,954
6,5,896
7,5,546
8,5,55
9,5,690
10,5,387
11,5,728
12,5,849
13,5,688
14,5,193
15,5,617
16,5,720
17,5,564
18,5,435
19,5,783
20,5,597
21,5,547
22,5,217
23,5,154
24,5,693
25,5,945
26,5,762
27,5,507
28,5,1002
29,5,177
30,5,905
31,5,231
32,5,851
33,5,669
34,5,976
35,5,398
36,5,552
37,5,893
38,5,249
39,5,302
40,5,883
41,5,906
42,5,724
43,5,212
44,5,461
45,5,403
46,5,444
47,5,733
48,5,710
49,5,730
50,5,52
51,5,110
52,5,399
53,5,355
54,5,780
55,5,731
56,5,553
57,5,205
58,5,104
59,5,892
60,5,306
61,5,310
62,5,291
63,5,782
64,5,684
65,5,915
66,5,376
67,5,556
68,5,489
69,5,739
70,5,287
71,5,419
72,5,655
73,5,433
74,5,322
75,5,278
76,5,450
77,5,250
78,5,985
79,5,602
80,5,186
81,5,289
82,5,413
83,5,713
84,5,601
85,5,810
86,5,351
87,5,332
88,5,629
89,5,864
90,5,171
91,5,781
92,5,344
93,5,312
94,5,333
95,5,910
96,5,335
97,5,921
98,5,817
99,5,595
100,5,740
101,5,458
102,5,732
103,5,369
104,5,811
105,5,620
106,5,195
107,5,245
108,5,641
109,5,508
110,5,765
111,5,521
112,5,501
113,5,815
114,5,621
115,5,483
116,5,260
117,5,434
118,5,578
119,5,557
120,5,816
121,5,470
122,5,323
123,5,881
124,5,288
125,5,502
126,5,153
127,5,140
128,5,800
129,5,350
130,5,149
131,5,974
132,5,188
133,5,482
134,5,716
135,5,522
136,5,984
137,5,362
138,5,85
139,5,845
140,5,236
141,5,956
142,5,318
143,5,211
144,5,108
145,5,857
146,5,581
147,5,220
148,5,209
149,5,339
150,5,381
151,5,550
152,5,402
153,5,699
154,5,498
155,5,142
156,5,579
157,5,692
158,5,741
159,5,599
160,5,370
161,5,795
162,5,793
163,5,227
164,5,409
165,5,363
166,5,462
167,5,587
168,5,338
169,5,805
170,5,590
171,5,568
172,5,379
173,5,303
174,5,588
175,5,653
176,5,290
177,5,772
178,5,812
179,5,119
180,5,944
181,5,891
182,5,503
183,5,88
184,5,329
185,5,269
186,5,763
187,5,23
188,5,612
189,5,872
190,5,107
191,5,471
192,5,687
193,5,481
194,5,616
195,5,808
196,5,134
197,5,814
198,5,834
199,5,368
200,5,755
201,5,401
202,5,600
203,5,137
204,5,560
205,5,136
206,5,421
207,5,295
208,5,630
209,5,441
210,5,141
211,5,698
212,5,293
213,5,117
214,5,410
215,5,21
216,5,983
217,5,802
218,5,347
219,5,256
220,5,935
221,5,426
222,5,408
223,5,172
224,5,336
225,5,173
226,5,382
227,5,948
228,5,643
229,5,33
230,5,445
231,5,159
232,5,545
233,5,466
234,5,469
235,5,219
236,5,914
237,5,39
238,5,129
239,5,345
240,5,477
241,5,585
242,5,813
243,5,848
244,5,534
245,5,257
246,5,439
247,5,656
248,5,235
249,5,317
250,5,320
251,5,1001
252,5,45
253,5,263
254,5,42
255,5,548
256,5,40
257,5,638
258,5,233
259,5,886
260,5,352
261,5,542
262,5,541
263,5,116
264,5,776
265,5,654
266,5,95
267,5,652
268,5,428
269,5,276
270,5,130
271,5,631
272,5,779
273,5,442
274,5,371
275,5,59
276,5,412
277,5,554
278,5,146
279,5,694
280,5,852
281,5,109
282,5,221
283,5,778
284,5,807
285,5,618
286,5,1006
287,5,436
288,5,804
289,5,794
290,5,844
291,5,230
292,5,603
293,5,343
294,5,465
295,5,721
296,5,375
297,5,567
298,5,91
299,5,105
300,5,178
301,5,115
302,5,170
303,5,912
304,5,147
305,5,882
306,5,491
307,5,10
308,5,334
309,5,199
310,5,977
311,5,238
312,5,474
313,5,596
314,5,325
315,5,526
316,5,92
317,5,472
318,5,624
319,5,943
320,5,237
321,5,222
322,5,438
323,5,619
324,5,9
325,5,301
326,5,321
327,5,714
328,5,367
329,5,106
330,5,586
331,5,734
332,5,970
333,5,161
334,5,1009
335,5,946
336,5,200
337,5,468
338,5,224
339,5,766
340,5,606
341,5,519
342,5,84
343,5,679
344,5,637
345,5,936
346,5,190
347,5,746
348,5,743
349,5,1010
350,5,41
351,5,797
352,5,990
353,5,633
354,5,189
355,5,422
356,5,251
357,5,540
358,5,194
359,5,559
360,5,8
361,5,660
362,5,840
363,5,920
364,5,244
365,5,1005
366,5,242
367,5,555
368,5,855
369,5,866
370,5,308
371,5,827
372,5,358
373,5,666
374,5,13
375,5,826
376,5,745
377,5,187
378,5,661
379,5,74
380,5,792
381,5,876
382,5,947
383,5,265
384,5,324
385,5,77
386,5,510
387,5,628
388,5,889
389,5,162
390,5,51
391,5,744
392,5,225
393,5,662
394,5,374
395,5,407
396,5,459
397,5,913
398,5,583
399,5,326
0,6,707
1,6,534
2,6,681
3,6,312
4,6,908
5,6,954
6,6,897
7,6,578
8,6,54
9,6,658
10,6,419
11,6,727
12,6,817
13,6,720
14,6,225
15,6,649
16,6,752
17,6,563
18,6,434
19,6,751
20,6,596
21,6,515
22,6,249
23,6,153
24,6,692
25,6,913
26,6,730
27,6,475
28,6,970
29,6,176
30,6,873
31,6,230
32,6,883
33,6,637
34,6,944
35,6,399
36,6,552
37,6,861
38,6,281
39,6,334
40,6,882
41,6,907
42,6,725
43,6,211
44,6,429
45,6,435
46,6,476
47,6,701
48,6,678
49,6,731
50,6,52
51,6,142
52,6,431
53,6,387
54,6,812
55,6,763
56,6,521
57,6,205
58,6,105
59,6,891
60,6,338
61,6,342
62,6,323
63,6,783
64,6,716
65,6,947
66,6,375
67,6,588
68,6,490
69,6,740
70,6,319
71,6,420
72,6,654
73,6,465
74,6,322
75,6,310
76,6,482
77,6,250
78,6,984
79,6,602
80,6,154
81,6,290
82,6,412
83,6,712
84,6,569
85,6,778
86,6,350
87,6,332
88,6,661
89,6,832
90,6,203
91,6,749
92,6,376
93,6,313
94,6,333
95,6,910
96,6,303
97,6,920
98,6,785
99,6,594
100,6,772
101,6,457
102,6,732
103,6,368
104,6,779
105,6,619
106,6,163
107,6,244
108,6,609
109,6,507
110,6,733
111,6,489
112,6,502
113,6,816
114,6,589
115,6,451
116,6,261
117,6,402
118,6,579
119,6,558
120,6,848
121,6,469
122,6,355
123,6,881
124,6,288
125,6,503
126,6,121
127,6,139
128,6,768
129,6,349
130,6,148
131,6,942
132,6,187
133,6,483
134,6,715
135,6,522
136,6,983
137,6,394
138,6,84
139,6,813
140,6,237
141,6,924
142,6,318
143,6,243
144,6,140
145,6,856
146,6,613
147,6,219
148,6,210
149,6,339
150,6,381
151,6,550
152,6,403
153,6,700
154,6,498
155,6,174
156,6,547
157,6,724
158,6,742
159,6,598
160,6,369
161,6,794
162,6,825
163,6,195
164,6,408
165,6,362
166,6,430
167,6,586
168,6,370
169,6,806
170,6,590
171,6,536
172,6,378
173,6,302
174,6,587
175,6,685
176,6,291
177,6,804
178,6,844
179,6,118
180,6,943
181,6,923
182,6,535
183,6,89
184,6,328
185,6,269
186,6,795
187,6,22
188,6,580
189,6,904
190,6,108
191,6,439
192,6,655
193,6,513
194,6,615
195,6,840
196,6,135
197,6,815
198,6,802
199,6,336
200,6,723
201,6,433
202,6,599
203,6,136
204,6,528
205,6,104
206,6,453
207,6,263
208,6,662
209,6,473
210,6,141
211,6,699
212,6,292
213,6,85
214,6,409
215,6,20
216,6,982
217,6,770
218,6,346
219,6,256
220,6,936
221,6,426
222,6,440
223,6,204
224,6,335
225,6,172
226,6,414
227,6,949
228,6,642
229,6,65
230,6,413
231,6,127
232,6,545
233,6,467
234,6,501
235,6,218
236,6,915
237,6,40
238,6,161
239,6,344
240,6,445
241,6,585
242,6,814
243,6,849
244,6,533
245,6,289
246,6,438
247,6,624
248,6,236
249,6,317
250,6,320
251,6,1002
252,6,46
253,6,231
254,6,43
255,6,516
256,6,41
257,6,639
258,6,201
259,6,885
260,6,352
261,6,574
262,6,573
263,6,117
264,6,777
265,6,653
266,6,95
267,6,620
268,6,396
269,6,308
270,6,162
271,6,630
272,6,780
273,6,443
274,6,371
275,6,91
276,6,380
277,6,553
278,6,178
279,6,695
280,6,884
281,6,109
282,6,220
283,6,746
284,6,775
285,6,617
286,6,974
287,6,437
288,6,805
289,6,793
290,6,845
291,6,229
292,6,603
293,6,311
294,6,466
295,6,722
296,6,343
297,6,567
298,6,123
299,6,106
300,6,177
301,6,114
302,6,138
303,6,880
304,6,179
305,6,850
306,6,523
307,6,10
308,6,366
309,6,199
310,6,945
311,6,206
312,6,442
313,6,595
314,6,325
315,6,525
316,6,124
317,6,471
318,6,625
319,6,911
320,6,238
321,6,254
322,6,470
323,6,618
324,6,9
325,6,301
326,6,321
327,6,682
328,6,367
329,6,107
330,6,554
331,6,734
332,6,971
333,6,193
334,6,1010
335,6,914
336,6,200
337,6,436
338,6,224
339,6,766
340,6,607
341,6,520
342,6,116
343,6,647
344,6,638
345,6,968
346,6,222
347,6,714
348,6,743
349,6,978
350,6,42
351,6,765
352,6,989
353,6,601
354,6,221
355,6,421
356,6,252
357,6,541
358,6,226
359,6,527
360,6,8
361,6,659
362,6,872
363,6,888
364,6,276
365,6,1006
366,6,274
367,6,556
368,6,854
369,6,834
370,6,307
371,6,859
372,6,326
373,6,665
374,6,45
375,6,826
376,6,745
377,6,186
378,6,660
379,6,74
380,6,760
381,6,875
382,6,946
383,6,297
384,6,324
385,6,78
386,6,509
387,6,629
388,6,890
389,6,194
390,6,51
391,6,776
392,6,257
393,6,694
394,6,406
395,6,407
396,6,460
397,6,912
398,6,584
399,6,327
0,7,708
1,7,502
2,7,649
3,7,311
4,7,909
5,7,954
6,7,898
7,7,579
8,7,86
9,7,626
10,7,451
11,7,695
12,7,785
13,7,721
14,7,257
15,7,650
16,7,784
17,7,562
18,7,466
19,7,752
20,7,595
21,7,483
22,7,281
23,7,153
24,7,691
25,7,881
26,7,731
27,7,443
28,7,1002
29,7,208
30,7,841
31,7,231
32,7,915
33,7,638
34,7,943
35,7,399
36,7,553
37,7,829
38,7,280
39,7,366
40,7,914
41,7,908
42,7,725
43,7,210
44,7,428
45,7,434
46,7,508
47,7,669
48,7,679
49,7,732
50,7,20
51,7,174
52,7,430
53,7,419
54,7,811
55,7,795
56,7,522
57,7,237
58,7,73
59,7,890
60,7,370
61,7,343
62,7,355
63,7,783
64,7,715
65,7,947
66,7,374
67,7,589
68,7,491
69,7,741
70,7,351
71,7,421
72,7,653
73,7,497
74,7,323
75,7,342
76,7,482
77,7,249
78,7,983
79,7,601
80,7,186
81,7,322
82,7,380
83,7,680
84,7,537
85,7,746
86,7,349
87,7,333
88,7,660
89,7,800
90,7,235
91,7,717
92,7,408
93,7,313
94,7,334
95,7,911
96,7,303
97,7,888
98,7,786
99,7,594
100,7,804
101,7,457
102,7,700
103,7,400
104,7,780
105,7,651
106,7,164
107,7,243
108,7,610
109,7,539
110,7,701
111,7,489
112,7,503
113,7,817
114,7,590
115,7,450
116,7,229
117,7,401
118,7,547
119,7,559
120,7,847
121,7,468
122,7,387
123,7,880
124,7,288
125,7,471
126,7,120
127,7,138
128,7,769
129,7,348
130,7,147
131,7,910
132,7,155
133,7,484
134,7,714
135,7,490
136,7,982
137,7,426
138,7,52
139,7,814
140,7,238
141,7,892
142,7,350
143,7,242
144,7,172
145,7,824
146,7,645
147,7,187
148,7,178
149,7,338
150,7,382
151,7,550
152,7,404
153,7,668
154,7,498
155,7,175
156,7,515
157,7,692
158,7,710
159,7,597
160,7,368
161,7,762
162,7,826
163,7,163
164,7,407
165,7,330
166,7,398
167,7,618
168,7,402
169,7,807
170,7,558
171,7,504
172,7,377
173,7,302
174,7,587
175,7,685
176,7,292
177,7,805
178,7,876
179,7,117
180,7,942
181,7,923
182,7,567
183,7,121
184,7,328
185,7,269
186,7,794
187,7,21
188,7,548
189,7,936
190,7,109
191,7,438
192,7,654
193,7,514
194,7,614
195,7,872
196,7,167
197,7,816
198,7,770
199,7,304
200,7,724
201,7,465
202,7,598
203,7,135
204,7,529
205,7,105
206,7,485
207,7,263
208,7,630
209,7,505
210,7,142
211,7,667
212,7,324
213,7,84
214,7,409
215,7,19
216,7,981
217,7,771
218,7,345
219,7,256
220,7,968
221,7,458
222,7,441
223,7,205
224,7,336
225,7,171
226,7,413
227,7,949
228,7,642
229,7,97
230,7,381
231,7,95
232,7,513
233,7,435
234,7,533
235,7,219
236,7,916
237,7,41
238,7,193
239,7,312
240,7,444
241,7,586
242,7,815
243,7,850
244,7,532
245,7,290
246,7,470
247,7,623
248,7,236
249,7,318
250,7,320
251,7,1003
252,7,47
253,7,199
254,7,44
255,7,516
256,7,42
257,7,639
258,7,201
259,7,884
260,7,352
261,7,574
262,7,605
263,7,85
264,7,778
265,7,621
266,7,94
267,7,588
268,7,364
269,7,340
270,7,194
271,7,629
272,7,781
273,7,442
274,7,403
275,7,123
276,7,379
277,7,521
278,7,179
279,7,696
280,7,852
281,7,141
282,7,220
283,7,745
284,7,743
285,7,617
286,7,973
287,7,437
288,7,806
289,7,792
290,7,813
291,7,230
292,7,602
293,7,310
294,7,467
295,7,723
296,7,344
297,7,599
298,7,122
299,7,107
300,7,176
301,7,113
302,7,137
303,7,848
304,7,211
305,7,818
306,7,555
307,7,10
308,7,367
309,7,200
310,7,913
311,7,206
312,7,410
313,7,563
314,7,325
315,7,557
316,7,124
317,7,439
318,7,625
319,7,912
320,7,239
321,7,286
322,7,469
323,7,619
324,7,8
325,7,301
326,7,321
327,7,683
328,7,335
329,7,108
330,7,554
331,7,734
332,7,972
333,7,225
334,7,1011
335,7,946
336,7,168
337,7,436
338,7,224
339,7,765
340,7,607
341,7,552
342,7,115
343,7,615
344,7,606
345,7,969
346,7,254
347,7,682
348,7,742
349,7,977
350,7,43
351,7,733
352,7,988
353,7,569
354,7,253
355,7,453
356,7,284
357,7,573
358,7,227
359,7,528
360,7,40
361,7,658
362,7,904
363,7,856
364,7,277
365,7,1007
366,7,306
367,7,524
368,7,822
369,7,802
370,7,307
371,7,891
372,7,327
373,7,633
374,7,45
375,7,827
376,7,777
377,7,218
378,7,659
379,7,106
380,7,728
381,7,874
382,7,945
383,7,329
384,7,356
385,7,110
386,7,541
387,7,661
388,7,922
389,7,226
390,7,51
391,7,808
392,7,289
393,7,693
394,7,406
395,7,375
396,7,460
397,7,944
398,7,585
399,7,295
0,8,708
1,8,502
2,8,650
3,8,310
4,8,910
5,8,954
6,8,930
7,8,580
8,8,118
9,8,625
10,8,483
11,8,663
12,8,753
13,8,722
14,8,289
15,8,618
16,8,784
17,8,594
18,8,498
19,8,720
20,8,627
21,8,482
22,8,280
23,8,154
24,8,690
25,8,849
26,8,732
27,8,444
28,8,1001
29,8,208
30,8,809
31,8,263
32,8,916
33,8,606
34,8,942
35,8,400
36,8,554
37,8,797
38,8,312
39,8,398
40,8,946
41,8,909
42,8,693
43,8,209
44,8,396
45,8,466
46,8,507
47,8,637
48,8,680
49,8,733
50,8,52
51,8,175
52,8,462
53,8,451
54,8,810
55,8,827
56,8,523
57,8,236
58,8,74
59,8,889
60,8,402
61,8,375
62,8,387
63,8,783
64,8,747
65,8,947
66,8,373
67,8,621
68,8,491
69,8,709
70,8,350
71,8,422
72,8,652
73,8,529
74,8,291
75,8,342
76,8,514
77,8,281
78,8,982
79,8,600
80,8,187
81,8,354
82,8,379
83,8,648
84,8,505
85,8,714
86,8,381
87,8,334
88,8,659
89,8,768
90,8,267
91,8,716
92,8,407
93,8,313
94,8,335
95,8,912
96,8,304
97,8,887
98,8,754
99,8,626
100,8,836
101,8,489
102,8,699
103,8,432
104,8,781
105,8,651
106,8,165
107,8,242
108,8,578
109,8,571
110,8,669
111,8,521
112,8,471
113,8,818
114,8,558
115,8,450
116,8,230
117,8,369
118,8,547
119,8,560
120,8,879
121,8,467
122,8,419
123,8,880
124,8,288
125,8,439
126,8,119
127,8,137
128,8,737
129,8,347
130,8,179
131,8,911
132,8,123
133,8,485
134,8,682
135,8,490
136,8,981
137,8,458
138,8,51
139,8,815
140,8,239
141,8,891
142,8,382
143,8,210
144,8,173
145,8,792
146,8,677
147,8,219
148,8,146
149,8,339
150,8,414
151,8,550
152,8,405
153,8,668
154,8,497
155,8,207
156,8,515
157,8,660
158,8,678
159,8,629
160,8,367
161,8,730
162,8,794
163,8,131
164,8,406
165,8,298
166,8,430
167,8,617
168,8,434
169,8,808
170,8,526
171,8,472
172,8,376
173,8,302
174,8,619
175,8,717
176,8,293
177,8,806
178,8,877
179,8,116
180,8,941
181,8,922
182,8,599
183,8,153
184,8,328
185,8,301
186,8,793
187,8,21
188,8,516
189,8,968
190,8,110
191,8,470
192,8,622
193,8,546
194,8,613
195,8,872
196,8,135
197,8,817
198,8,738
199,8,305
200,8,725
201,8,465
202,8,597
203,8,134
204,8,528
205,8,73
206,8,517
207,8,264
208,8,598
209,8,504
210,8,174
211,8,667
212,8,323
213,8,84
214,8,408
215,8,20
216,8,980
217,8,772
218,8,344
219,8,256
220,8,969
221,8,459
222,8,409
223,8,237
224,8,336
225,8,203
226,8,445
227,8,949
228,8,610
229,8,129
230,8,380
231,8,94
232,8,481
233,8,436
234,8,565
235,8,218
236,8,884
237,8,42
238,8,225
239,8,311
240,8,412
241,8,587
242,8,816
243,8,851
244,8,532
245,8,322
246,8,469
247,8,623
248,8,204
249,8,317
250,8,320
251,8,1004
252,8,48
253,8,167
254,8,45
255,8,484
256,8,43
257,8,638
258,8,200
259,8,883
260,8,352
261,8,575
262,8,604
263,8,86
264,8,779
265,8,653
266,8,126
267,8,589
268,8,363
269,8,341
270,8,195
271,8,628
272,8,782
273,8,443
274,8,403
275,8,122
276,8,378
277,8,520
278,8,211
279,8,728
280,8,852
281,8,140
282,8,220
283,8,777
284,8,742
285,8,585
286,8,1005
287,8,437
288,8,807
289,8,791
290,8,814
291,8,231
292,8,601
293,8,309
294,8,435
295,8,724
296,8,343
297,8,631
298,8,121
299,8,108
300,8,176
301,8,145
302,8,136
303,8,848
304,8,243
305,8,786
306,8,556
307,8,10
308,8,399
309,8,199
310,8,881
311,8,238
312,8,410
313,8,531
314,8,324
315,8,557
316,8,124
317,8,440
318,8,624
319,8,913
320,8,240
321,8,318
322,8,468
323,8,620
324,8,8
325,8,333
326,8,321
327,8,684
328,8,303
329,8,109
330,8,522
331,8,734
332,8,973
333,8,257
334,8,1012
335,8,945
336,8,168
337,8,404
338,8,224
339,8,765
340,8,639
341,8,553
342,8,114
343,8,583
344,8,574
345,8,970
346,8,286
347,8,683
348,8,741
349,8,976
350,8,75
351,8,701
352,8,987
353,8,537
354,8,285
355,8,453
356,8,316
357,8,605
358,8,259
359,8,496
360,8,39
361,8,657
362,8,936
363,8,824
364,8,278
365,8,1008
366,8,338
367,8,492
368,8,821
369,8,770
370,8,306
371,8,923
372,8,327
373,8,632
374,8,13
375,8,826
376,8,778
377,8,250
378,8,658
379,8,105
380,8,727
381,8,873
382,8,944
383,8,330
384,8,388
385,8,142
386,8,540
387,8,662
388,8,890
389,8,226
390,8,19
391,8,840
392,8,290
393,8,692
394,8,438
395,8,374
396,8,428
397,8,943
398,8,586
399,8,295
0,9,709
1,9,502
2,9,618
3,9,309
4,9,911
5,9,954
6,9,931
7,9,581
8,9,150
9,9,624
10,9,484
11,9,631
12,9,753
13,9,721
14,9,290
15,9,619
16,9,752
17,9,626
18,9,497
19,9,688
20,9,659
21,9,450
22,9,312
23,9,122
24,9,689
25,9,817
26,9,733
27,9,412
28,9,1001
29,9,176
30,9,810
31,9,264
32,9,916
33,9,574
34,9,941
35,9,432
36,9,522
37,9,765
38,9,344
39,9,430
40,9,945
41,9,910
42,9,694
43,9,209
44,9,364
45,9,498
46,9,539
47,9,638
48,9,681
49,9,734
50,9,84
51,9,207
52,9,494
53,9,483
54,9,842
55,9,859
56,9,524
57,9,236
58,9,75
59,9,857
60,9,401
61,9,407
62,9,419
63,9,815
64,9,746
65,9,946
66,9,405
67,9,653
68,9,492
69,9,741
70,9,382
71,9,423
72,9,651
73,9,528
74,9,292
75,9,341
76,9,546
77,9,280
78,9,981
79,9,600
80,9,188
81,9,386
82,9,378
83,9,647
84,9,473
85,9,682
86,9,381
87,9,335
88,9,658
89,9,769
90,9,299
91,9,715
92,9,439
93,9,281
94,9,367
95,9,913
96,9,305
97,9,886
98,9,722
99,9,625
100,9,837
101,9,521
102,9,698
103,9,431
104,9,749
105,9,650
106,9,166
107,9,241
108,9,579
109,9,603
110,9,637
111,9,520
112,9,472
113,9,819
114,9,526
115,9,449
116,9,231
117,9,368
118,9,547
119,9,561
120,9,878
121,9,466
122,9,451
123,9,879
124,9,288
125,9,438
126,9,118
127,9,136
128,9,705
129,9,346
130,9,178
131,9,912
132,9,123
133,9,517
134,9,683
135,9,458
136,9,980
137,9,457
138,9,50
139,9,816
140,9,240
141,9,890
142,9,414
143,9,210
144,9,173
145,9,760
146,9,678
147,9,218
148,9,147
149,9,338
150,9,413
151,9,550
152,9,406
153,9,668
154,9,465
155,9,208
156,9,514
157,9,660
158,9,679
159,9,661
160,9,366
161,9,730
162,9,762
163,9,130
164,9,374
165,9,266
166,9,462
167,9,649
168,9,434
169,9,776
170,9,527
171,9,440
172,9,375
173,9,334
174,9,587
175,9,717
176,9,294
177,9,807
178,9,877
179,9,115
180,9,940
181,9,921
182,9,598
183,9,154
184,9,327
185,9,302
186,9,825
187,9,20
188,9,515
189,9,1000
190,9,142
191,9,469
192,9,590
193,9,578
194,9,612
195,9,873
196,9,134
197,9,818
198,9,706
199,9,306
200,9,693
201,9,433
202,9,629
203,9,133
204,9,496
205,9,74
206,9,549
207,9,265
208,9,566
209,9,536
210,9,175
211,9,667
212,9,355
213,9,116
214,9,409
215,9,19
216,9,948
217,9,772
218,9,376
219,9,256
220,9,970
221,9,459
222,9,410
223,9,269
224,9,336
225,9,235
226,9,477
227,9,949
228,9,610
229,9,161
230,9,379
231,9,93
232,9,480
233,9,404
234,9,597
235,9,186
236,9,885
237,9,43
238,9,257
239,9,311
240,9,380
241,9,555
242,9,784
243,9,852
244,9,532
245,9,354
246,9,468
247,9,622
248,9,205
249,9,316
250,9,320
251,9,972
252,9,49
253,9,168
254,9,46
255,9,516
256,9,44
257,9,639
258,9,201
259,9,882
260,9,352
261,9,607
262,9,605
263,9,87
264,9,780
265,9,685
266,9,127
267,9,557
268,9,363
269,9,373
270,9,227
271,9,627
272,9,783
273,9,444
274,9,435
275,9,121
276,9,377
277,9,519
278,9,243
279,9,728
280,9,884
281,9,139
282,9,219
283,9,809
284,9,710
285,9,586
286,9,1004
287,9,437
288,9,808
289,9,790
290,9,782
291,9,199
292,9,633
293,9,308
294,9,436
295,9,692
296,9,343
297,9,599
298,9,120
299,9,109
300,9,144
301,9,177
302,9,135
303,9,848
304,9,244
305,9,754
306,9,588
307,9,42
308,9,400
309,9,167
310,9,849
311,9,237
312,9,442
313,9,499
314,9,323
315,9,556
316,9,124
317,9,408
318,9,656
319,9,881
320,9,272
321,9,350
322,9,467
323,9,621
324,9,8
325,9,332
326,9,321
327,9,652
328,9,303
329,9,110
330,9,490
331,9,735
332,9,974
333,9,289
334,9,1013
335,9,944
336,9,200
337,9,403
338,9,224
339,9,766
340,9,671
341,9,585
342,9,146
343,9,551
344,9,542
345,9,971
346,9,318
347,9,684
348,9,740
349,9,976
350,9,76
351,9,669
352,9,986
353,9,505
354,9,317
355,9,485
356,9,348
357,9,606
358,9,291
359,9,464
360,9,38
361,9,657
362,9,968
363,9,792
364,9,310
365,9,1009
366,9,370
367,9,460
368,9,820
369,9,738
370,9,274
371,9,923
372,9,295
373,9,632
374,9,45
375,9,826
376,9,779
377,9,249
378,9,690
379,9,104
380,9,695
381,9,841
382,9,943
383,9,331
384,9,420
385,9,174
386,9,540
387,9,662
388,9,922
389,9,225
390,9,51
391,9,872
392,9,322
393,9,691
394,9,470
395,9,342
396,9,396
397,9,942
398,9,554
399,9,263
0,10,677
1,10,503
2,10,586
3,10,308
4,10,912
5,10,954
6,10,932
7,10,613
8,10,151
9,10,623
10,10,485
11,10,599
12,10,754
13,10,753
14,10,322
15,10,618
16,10,720
17,10,626
18,10,529
19,10,656
20,10,691
21,10,449
22,10,311
23,10,121
24,10,688
25,10,785
26,10,701
27,10,412
28,10,1000
29,10,208
30,10,778
31,10,265
32,10,915
33,10,542
34,10,940
35,10,432
36,10,523
37,10,733
38,10,376
39,10,429
40,10,944
41,10,911
42,10,662
43,10,177
44,10,363
45,10,498
46,10,571
47,10,606
48,10,682
49,10,766
50,10,116
51,10,239
52,10,526
53,10,484
54,10,841
55,10,891
56,10,525
57,10,235
58,10,76
59,10,825
60,10,400
61,10,439
62,10,451
63,10,847
64,10,745
65,10,945
66,10,404
67,10,685
68,10,493
69,10,742
70,10,414
71,10,424
72,10,650
73,10,560
74,10,293
75,10,341
76,10,578
77,10,312
78,10,980
79,10,632
80,10,189
81,10,418
82,10,378
83,10,646
84,10,474
85,10,683
86,10,381
87,10,303
88,10,658
89,10,737
90,10,331
91,10,714
92,10,471
93,10,280
94,10,368
95,10,914
96,10,304
97,10,854
98,10,690
99,10,624
100,10,838
101,10,553
102,10,666
103,10,430
104,10,750
105,10,649
106,10,165
107,10,209
108,10,547
109,10,602
110,10,638
111,10,520
112,10,440
113,10,820
114,10,527
115,10,448
116,10,199
117,10,336
118,10,515
119,10,562
120,10,877
121,10,434
122,10,483
123,10,878
124,10,288
125,10,406
126,10,117
127,10,135
128,10,706
129,10,345
130,10,210
131,10,913
132,10,122
133,10,518
134,10,651
135,10,426
136,10,979
137,10,489
138,10,51
139,10,784
140,10,241
141,10,889
142,10,413
143,10,211
144,10,173
145,10,728
146,10,679
147,10,217
148,10,148
149,10,306
150,10,445
151,10,550
152,10,374
153,10,669
154,10,464
155,10,240
156,10,482
157,10,692
158,10,680
159,10,660
160,10,366
161,10,698
162,10,730
163,10,98
164,10,373
165,10,266
166,10,462
167,10,681
168,10,433
169,10,777
170,10,559
171,10,441
172,10,375
173,10,333
174,10,619
175,10,749
176,10,295
177,10,775
178,10,909
179,10,114
180,10,972
181,10,921
182,10,597
183,10,186
184,10,326
185,10,334
186,10,824
187,10,20
188,10,514
189,10,968
190,10,174
191,10,468
192,10,558
193,10,610
194,10,580
195,10,905
196,10,166
197,10,819
198,10,707
199,10,305
200,10,694
201,10,465
202,10,661
203,10,132
204,10,497
205,10,75
206,10,581
207,10,233
208,10,598
209,10,568
210,10,176
211,10,667
212,10,387
213,10,115
214,10,409
215,10,19
216,10,916
217,10,772
218,10,408
219,10,256
220,10,971
221,10,460
222,10,410
223,10,301
224,10,335
225,10,267
226,10,478
227,10,981
228,10,609
229,10,193
230,10,347
231,10,61
232,10,480
233,10,436
234,10,629
235,10,218
236,10,886
237,10,44
238,10,289
239,10,310
240,10,379
241,10,556
242,10,752
243,10,884
244,10,532
245,10,386
246,10,467
247,10,590
248,10,206
249,10,317
250,10,320
251,10,973
252,10,50
253,10,136
254,10,47
255,10,516
256,10,45
257,10,639
258,10,201
259,10,881
260,10,352
261,10,575
262,10,605
263,10,88
264,10,781
265,10,684
266,10,127
267,10,557
268,10,362
269,10,405
270,10,259
271,10,627
272,10,751
273,10,444
274,10,435
275,10,153
276,10,377
277,10,487
278,10,244
279,10,727
280,10,885
281,10,171
282,10,219
283,10,808
284,10,678
285,10,554
286,10,1004
287,10,438
288,10,840
289,10,822
290,10,783
291,10,200
292,10,633
293,10,307
294,10,437
295,10,693
296,10,344
297,10,567
298,10,119
299,10,110
300,10,144
301,10,145
302,10,134
303,10,816
304,10,276
305,10,722
306,10,620
307,10,41
308,10,399
309,10,167
310,10,817
311,10,269
312,10,442
313,10,499
314,10,355
315,10,588
316,10,123
317,10,407
318,10,657
319,10,849
320,10,273
321,10,382
322,10,466
323,10,589
324,10,8
325,10,364
326,10,321
327,10,653
328,10,302
329,10,142
330,10,458
331,10,734
332,10,1006
333,10,290
334,10,1014
335,10,976
336,10,168
337,10,371
338,10,225
339,10,765
340,10,671
341,10,617
342,10,178
343,10,519
344,10,510
345,10,1003
346,10,350
347,10,652
348,10,739
349,10,977
350,10,77
351,10,637
352,10,985
353,10,504
354,10,349
355,10,517
356,10,380
357,10,607
358,10,323
359,10,496
360,10,37
361,10,625
362,10,969
363,10,760
364,10,342
365,10,1010
366,10,402
367,10,428
368,10,788
369,10,738
370,10,242
371,10,924
372,10,263
373,10,631
374,10,13
375,10,826
376,10,780
377,10,281
378,10,689
379,10,103
380,10,663
381,10,809
382,10,942
383,10,332
384,10,421
385,10,175
386,10,539
387,10,630
388,10,923
389,10,257
390,10,52
391,10,873
392,10,354
393,10,723
394,10,502
395,10,343
396,10,396
397,10,941
398,10,555
399,10,264
0,11,678
1,11,502
2,11,587
3,11,307
4,11,913
5,11,954
6,11,933
7,11,645
8,11,183
9,11,622
10,11,486
11,11,567
12,11,755
13,11,754
14,11,354
15,11,650
16,11,688
17,11,625
18,11,528
19,11,657
20,11,723
21,11,417
22,11,310
23,11,120
24,11,687
25,11,786
26,11,669
27,11,444
28,11,999
29,11,240
30,11,746
31,11,297
32,11,947
33,11,541
34,11,939
35,11,400
36,11,523
37,11,701
38,11,408
39,11,461
40,11,943
41,11,912
42,11,663
43,11,176
44,11,362
45,11,497
46,11,603
47,11,574
48,11,683
49,11,767
50,11,115
51,11,239
52,11,558
53,11,485
54,11,873
55,11,923
56,11,526
57,11,267
58,11,77
59,11,824
60,11,399
61,11,440
62,11,483
63,11,847
64,11,744
65,11,944
66,11,403
67,11,717
68,11,494
69,11,743
70,11,413
71,11,392
72,11,649
73,11,592
74,11,294
75,11,342
76,11,579
77,11,311
78,11,979
79,11,632
80,11,221
81,11,450
82,11,377
83,11,614
84,11,474
85,11,684
86,11,381
87,11,303
88,11,659
89,11,705
90,11,330
91,11,682
92,11,503
93,11,312
94,11,369
95,11,915
96,11,304
97,11,854
98,11,691
99,11,623
100,11,870
101,11,552
102,11,665
103,11,462
104,11,750
105,11,648
106,11,165
107,11,208
108,11,515
109,11,601
110,11,606
111,11,519
112,11,441
113,11,788
114,11,527
115,11,449
116,11,167
117,11,368
118,11,514
119,11,563
120,11,876
121,11,433
122,11,484
123,11,877
124,11,288
125,11,405
126,11,116
127,11,136
128,11,707
129,11,313
130,11,242
131,11,914
132,11,121
133,11,517
134,11,651
135,11,394
136,11,978
137,11,521
138,11,19
139,11,784
140,11,209
141,11,857
142,11,445
143,11,179
144,11,173
145,11,727
146,11,680
147,11,216
148,11,149
149,11,274
150,11,477
151,11,550
152,11,375
153,11,637
154,11,464
155,11,272
156,11,481
157,11,693
158,11,681
159,11,692
160,11,366
161,11,666
162,11,698
163,11,98
164,11,373
165,11,265
166,11,463
167,11,713
168,11,432
169,11,778
170,11,559
171,11,473
172,11,343
173,11,301
174,11,619
175,11,781
176,11,263
177,11,776
178,11,910
179,11,113
180,11,1004
181,11,921
182,11,596
183,11,187
184,11,325
185,11,335
186,11,823
187,11,52
188,11,482
189,11,936
190,11,175
191,11,468
192,11,557
193,11,642
194,11,580
195,11,906
196,11,134
197,11,820
198,11,708
199,11,306
200,11,694
201,11,466
202,11,660
203,11,131
204,11,465
205,11,76
206,11,613
207,11,201
208,11,599
209,11,600
210,11,144
211,11,667
212,11,419
213,11,114
214,11,409
215,11,20
216,11,916
217,11,772
218,11,407
219,11,256
220,11,972
221,11,428
222,11,410
223,11,302
224,11,336
225,11,266
226,11,510
227,11,1013
228,11,610
229,11,225
230,11,315
231,11,29
232,11,448
233,11,404
234,11,629
235,11,186
236,11,887
237,11,45
238,11,290
239,11,309
240,11,378
241,11,524
242,11,720
243,11,885
244,11,532
245,11,418
246,11,499
247,11,589
248,11,206
249,11,318
250,11,320
251,11,974
252,11,51
253,11,137
254,11,48
255,11,516
256,11,46
257,11,671
258,11,200
259,11,880
260,11,352
261,11,607
262,11,605
263,11,89
264,11,782
265,11,652
266,11,127
267,11,525
268,11,361
269,11,437
270,11,291
271,11,626
272,11,752
273,11,443
274,11,467
275,11,185
276,11,376
277,11,487
278,11,276
279,11,695
280,11,886
281,11,203
282,11,218
283,11,807
284,11,646
285,11,522
286,11,1003
287,11,439
288,11,841
289,11,821
290,11,751
291,11,199
292,11,633
293,11,339
294,11,438
295,11,661
296,11,345
297,11,535
298,11,118
299,11,110
300,11,145
301,11,177
302,11,102
303,11,816
304,11,277
305,11,690
306,11,621
307,11,40
308,11,367
309,11,166
310,11,785
311,11,269
312,11,442
313,11,531
314,11,387
315,11,620
316,11,122
317,11,406
318,11,658
319,11,817
320,11,305
321,11,414
322,11,498
323,11,588
324,11,8
325,11,363
326,11,321
327,11,654
328,11,334
329,11,174
330,11,426
331,11,733
332,11,1007
333,11,322
334,11,982
335,11,976
336,11,168
337,11,370
338,11,226
339,11,765
340,11,670
341,11,618
342,11,210
343,11,518
344,11,511
345,11,971
346,11,382
347,11,653
348,11,738
349,11,977
350,11,78
351,11,638
352,11,984
353,11,472
354,11,348
355,11,549
356,11,412
357,11,639
358,11,355
359,11,496
360,11,69
361,11,624
362,11,970
363,11,728
364,11,374
365,11,1011
366,11,434
367,11,429
368,11,787
369,11,706
370,11,241
371,11,956
372,11,231
373,11,630
374,11,13
375,11,826
376,11,748
377,11,280
378,11,721
379,11,135
380,11,631
381,11,777
382,11,941
383,11,333
384,11,453
385,11,207
386,11,538
387,11,662
388,11,924
389,11,289
390,11,84
391,11,874
392,11,386
393,11,722
394,11,534
395,11,344
396,11,364
397,11,940
398,11,556
399,11,264
0,12,679
1,12,470
2,12,588
3,12,339
4,12,881
5,12,954
6,12,934
7,12,646
8,12,183
9,12,590
10,12,487
11,12,535
12,12,723
13,12,786
14,12,386
15,12,618
16,12,688
17,12,624
18,12,560
19,12,625
20,12,722
21,12,385
22,12,309
23,12,119
24,12,686
25,12,787
26,12,637
27,12,443
28,12,967
29,12,239
30,12,714
31,12,298
32,12,948
33,12,509
34,12,938
35,12,400
36,12,524
37,12,701
38,12,407
39,12,460
40,12,942
41,12,913
42,12,664
43,12,176
44,12,361
45,12,529
46,12,602
47,12,542
48,12,684
49,12,767
50,12,114
51,12,238
52,12,558
53,12,486
54,12,872
55,12,955
56,12,527
57,12,266
58,12,78
59,12,792
60,12,398
61,12,441
62,12,484
63,12,847
64,12,743
65,12,943
66,12,435
67,12,749
68,12,462
69,12,775
70,12,445
71,12,393
72,12,649
73,12,592
74,12,295
75,12,374
76,12,580
77,12,310
78,12,978
79,12,631
80,12,253
81,12,482
82,12,376
83,12,613
84,12,474
85,12,652
86,12,413
87,12,304
88,12,691
89,12,706
90,12,362
91,12,650
92,12,502
93,12,313
94,12,370
95,12,916
96,12,305
97,12,854
98,12,692
99,12,622
100,12,902
101,12,584
102,12,633
103,12,461
104,12,751
105,12,647
106,12,133
107,12,240
108,12,483
109,12,600
110,12,574
111,12,518
112,12,409
113,12,788
114,12,528
115,12,448
116,12,168
117,12,336
118,12,513
119,12,564
120,12,876
121,12,401
122,12,485
123,12,845
124,12,289
125,12,404
126,12,84
127,12,135
128,12,708
129,12,281
130,12,274
131,12,915
132,12,120
133,12,549
134,12,683
135,12,394
136,12,977
137,12,553
138,12,51
139,12,784
140,12,210
141,12,825
142,12,477
143,12,178
144,12,173
145,12,695
146,12,712
147,12,215
148,12,150
149,12,273
150,12,478
151,12,550
152,12,343
153,12,605
154,12,432
155,12,272
156,12,449
157,12,725
158,12,682
159,12,724
160,12,366
161,12,665
162,12,666
163,12,98
164,12,373
165,12,264
166,12,464
167,12,745
168,12,431
169,12,746
170,12,559
171,12,473
172,12,311
173,12,269
174,12,651
175,12,782
176,12,231
177,12,744
178,12,878
179,12,145
180,12,1003
181,12,921
182,12,595
183,12,188
184,12,293
185,12,367
186,12,822
187,12,20
188,12,481
189,12,904
190,12,207
191,12,467
192,12,525
193,12,643
194,12,612
195,12,906
196,12,166
197,12,852
198,12,709
199,12,307
200,12,693
201,12,498
202,12,660
203,12,163
204,12,433
205,12,77
206,12,645
207,12,201
208,12,567
209,12,599
210,12,112
211,12,667
212,12,451
213,12,113
214,12,408
215,12,19
216,12,884
217,12,772
218,12,439
219,12,288
220,12,973
221,12,396
222,12,410
223,12,303
224,12,335
225,12,265
226,12,510
227,12,1014
228,12,578
229,12,257
230,12,283
231,12,28
232,12,480
233,12,436
234,12,661
235,12,218
236,12,888
237,12,46
238,12,322
239,12,308
240,12,378
241,12,492
242,12,721
243,12,886
244,12,532
245,12,450
246,12,531
247,12,589
248,12,174
249,12,318
250,12,320
251,12,1006
252,12,52
253,12,138
254,12,49
255,12,515
256,12,47
257,12,639
258,12,199
259,12,912
260,12,352
261,12,607
262,12,573
263,12,121
264,12,814
265,12,620
266,12,127
267,12,493
268,12,329
269,12,469
270,12,323
271,12,626
272,12,720
273,12,475
274,12,499
275,12,184
276,12,344
277,12,519
278,12,277
279,12,696
280,12,887
281,12,235
282,12,217
283,12,806
284,12,614
285,12,490
286,12,1002
287,12,471
288,12,842
289,12,820
290,12,752
291,12,167
292,12,632
293,12,338
294,12,438
295,12,662
296,12,377
297,12,503
298,12,117
299,12,109
300,12,144
301,12,209
302,12,70
303,12,817
304,12,278
305,12,658
306,12,653
307,12,39
308,12,368
309,12,165
310,12,785
311,12,237
312,12,442
313,12,563
314,12,419
315,12,621
316,12,122
317,12,405
318,12,659
319,12,818
320,12,306
321,12,414
322,12,497
323,12,556
324,12,8
325,12,331
326,12,321
327,12,655
328,12,302
329,12,175
330,12,426
331,12,733
332,12,1008
333,12,354
334,12,983
335,12,944
336,12,200
337,12,402
338,12,194
339,12,765
340,12,669
341,12,619
342,12,242
343,12,517
344,12,479
345,12,972
346,12,381
347,12,654
348,12,737
349,12,976
350,12,110
351,12,606
352,12,984
353,12,440
354,12,380
355,12,581
356,12,444
357,12,638
358,12,387
359,12,496
360,12,101
361,12,623
362,12,971
363,12,727
364,12,375
365,12,1012
366,12,466
367,12,430
368,12,819
369,12,674
370,12,241
371,12,924
372,12,230
373,12,629
374,12,45
375,12,826
376,12,748
377,12,312
378,12,753
379,12,134
380,12,630
381,12,776
382,12,940
383,12,334
384,12,453
385,12,208
386,12,537
387,12,694
388,12,892
389,12,290
390,12,85
391,12,875
392,12,418
393,12,754
394,12,566
395,12,345
396,12,363
397,12,908
398,12,557
399,12,263
0,13,680
1,13,469
2,13,556
3,13,371
4,13,849
5,13,954
6,13,935
7,13,647
8,13,215
9,13,589
10,13,519
11,13,503
12,13,724
13,13,785
14,13,418
15,13,619
16,13,688
17,13,624
18,13,561
19,13,657
20,13,690
21,13,353
22,13,341
23,13,118
24,13,686
25,13,787
26,13,605
27,13,444
28,13,966
29,13,238
30,13,682
31,13,299
32,13,949
33,13,508
34,13,906
35,13,368
36,13,525
37,13,733
38,13,439
39,13,492
40,13,941
41,13,881
42,13,664
43,13,208
44,13,329
45,13,528
46,13,601
47,13,510
48,13,652
49,13,767
50,13,146
51,13,237
52,13,590
53,13,487
54,13,904
55,13,987
56,13,559
57,13,267
58,13,110
59,13,760
60,13,399
61,13,473
62,13,516
63,13,847
64,13,775
65,13,942
66,13,434
67,13,781
68,13,463
69,13,776
70,13,477
71,13,361
72,13,649
73,13,592
74,13,263
75,13,375
76,13,612
77,13,309
78,13,977
79,13,663
80,13,285
81,13,514
82,13,344
83,13,581
84,13,442
85,13,653
86,13,445
87,13,305
88,13,723
89,13,707
90,13,394
91,13,618
92,13,534
93,13,281
94,13,402
95,13,915
96,13,306
97,13,886
98,13,660
99,13,654
100,13,903
101,13,616
102,13,632
103,13,460
104,13,752
105,13,615
106,13,165
107,13,239
108,13,451
109,13,599
110,13,542
111,13,517
112,13,410
113,13,820
114,13,496
115,13,448
116,13,136
117,13,336
118,13,481
119,13,565
120,13,908
121,13,400
122,13,486
123,13,844
124,13,290
125,13,403
126,13,116
127,13,134
128,13,709
129,13,280
130,13,274
131,13,947
132,13,119
133,13,550
134,13,651
135,13,393
136,13,976
137,13,585
138,13,50
139,13,784
140,13,211
141,13,824
142,13,478
143,13,178
144,13,173
145,13,694
146,13,713
147,13,214
148,13,151
149,13,272
150,13,479
151,13,551
152,13,342
153,13,573
154,13,432
155,13,304
156,13,417
157,13,757
158,13,683
159,13,692
160,13,334
161,13,633
162,13,665
163,13,98
164,13,405
165,13,265
166,13,465
167,13,777
168,13,430
169,13,714
170,13,560
171,13,505
172,13,310
173,13,301
174,13,650
175,13,814
176,13,199
177,13,712
178,13,878
179,13,144
180,13,1003
181,13,921
182,13,594
183,13,189
184,13,261
185,13,366
186,13,821
187,13,20
188,13,449
189,13,936
190,13,207
191,13,466
192,13,493
193,13,675
194,13,613
195,13,907
196,13,166
197,13,884
198,13,677
199,13,308
200,13,693
201,13,499
202,13,659
203,13,195
204,13,433
205,13,78
206,13,645
207,13,201
208,13,568
209,13,598
210,13,113
211,13,667
212,13,419
213,13,81
214,13,376
215,13,51
216,13,916
217,13,772
218,13,471
219,13,288
220,13,974
221,13,364
222,13,378
223,13,303
224,13,367
225,13,266
226,13,511
227,13,982
228,13,546
229,13,289
230,13,251
231,13,27
232,13,480
233,13,437
234,13,661
235,13,219
236,13,889
237,13,47
238,13,354
239,13,340
240,13,377
241,13,524
242,13,722
243,13,887
244,13,532
245,13,482
246,13,563
247,13,588
248,13,175
249,13,318
250,13,320
251,13,1007
252,13,84
253,13,139
254,13,49
255,13,483
256,13,48
257,13,638
258,13,167
259,13,911
260,13,352
261,13,606
262,13,541
263,13,153
264,13,815
265,13,621
266,13,127
267,13,461
268,13,297
269,13,501
270,13,324
271,13,625
272,13,721
273,13,443
274,13,467
275,13,183
276,13,312
277,13,518
278,13,278
279,13,728
280,13,919
281,13,234
282,13,216
283,13,838
284,13,614
285,13,458
286,13,1001
287,13,472
288,13,842
289,13,819
290,13,720
291,13,168
292,13,631
293,13,338
294,13,470
295,13,630
296,13,409
297,13,504
298,13,149
299,13,77
300,13,112
301,13,241
302,13,70
303,13,817
304,13,279
305,13,626
306,13,685
307,13,38
308,13,369
309,13,197
310,13,753
311,13,269
312,13,441
313,13,562
314,13,387
315,13,622
316,13,121
317,13,404
318,13,627
319,13,786
320,13,307
321,13,414
322,13,529
323,13,557
324,13,8
325,13,330
326,13,321
327,13,656
328,13,302
329,13,176
330,13,426
331,13,732
332,13,1009
333,13,386
334,13,951
335,13,912
336,13,200
337,13,401
338,13,162
339,13,765
340,13,701
341,13,620
342,13,242
343,13,485
344,13,447
345,13,1004
346,13,413
347,13,655
348,13,737
349,13,944
350,13,142
351,13,574
352,13,983
353,13,408
354,13,379
355,13,580
356,13,476
357,13,637
358,13,388
359,13,497
360,13,100
361,13,623
362,13,972
363,13,695
364,13,407
365,13,1013
366,13,498
367,13,398
368,13,818
369,13,642
370,13,273
371,13,923
372,13,231
373,13,628
374,13,45
375,13,826
376,13,749
377,13,311
378,13,754
379,13,133
380,13,629
381,13,744
382,13,939
383,13,335
384,13,453
385,13,240
386,13,536
387,13,662
388,13,892
389,13,322
390,13,117
391,13,876
392,13,450
393,13,755
394,13,567
395,13,346
396,13,331
397,13,940
398,13,558
399,13,264
0,14,679
1,14,437
2,14,557
3,14,370
4,14,817
5,14,954
6,14,936
7,14,648
8,14,214
9,14,588
10,14,520
11,14,502
12,14,692
13,14,784
14,14,450
15,14,618
16,14,689
17,14,623
18,14,560
19,14,658
20,14,690
21,14,321
22,14,340
23,14,117
24,14,685
25,14,786
26,14,637
27,14,412
28,14,934
29,14,206
30,14,650
31,14,331
32,14,949
33,14,476
34,14,905
35,14,369
36,14,525
37,14,732
38,14,471
39,14,524
40,14,940
41,14,849
42,14,665
43,14,209
44,14,328
45,14,527
46,14,600
47,14,478
48,14,653
49,14,767
50,14,145
51,14,269
52,14,590
53,14,519
54,14,903
55,14,986
56,14,559
57,14,267
58,14,142
59,14,728
60,14,398
61,14,474
62,14,517
63,14,847
64,14,775
65,14,941
66,14,434
67,14,813
68,14,463
69,14,777
70,14,509
71,14,362
72,14,681
73,14,624
74,14,264
75,14,375
76,14,613
77,14,341
78,14,976
79,14,662
80,14,317
81,14,546
82,14,312
83,14,580
84,14,410
85,14,654
86,14,445
87,14,305
88,14,755
89,14,708
90,14,426
91,14,586
92,14,566
93,14,249
94,14,403
95,14,916
96,14,307
97,14,886
98,14,628
99,14,622
100,14,935
101,14,615
102,14,632
103,14,492
104,14,720
105,14,647
106,14,165
107,14,238
108,14,419
109,14,598
110,14,541
111,14,485
112,14,378
113,14,819
114,14,464
115,14,448
116,14,137
117,14,336
118,14,449
119,14,565
120,14,907
121,14,432
122,14,487
123,14,812
124,14,291
125,14,371
126,14,84
127,14,133
128,14,677
129,14,281
130,14,306
131,14,948
132,14,118
133,14,518
134,14,619
135,14,361
136,14,944
137,14,617
138,14,49
139,14,752
140,14,212
141,14,792
142,14,479
143,14,146
144,14,173
145,14,693
146,14,745
147,14,246
148,14,183
149,14,240
150,14,511
151,14,550
152,14,374
153,14,574
154,14,431
155,14,304
156,14,385
157,14,758
158,14,684
159,14,691
160,14,334
161,14,601
162,14,633
163,14,98
164,14,373
165,14,233
166,14,466
167,14,809
168,14,429
169,14,682
170,14,592
171,14,505
172,14,278
173,14,333
174,14,649
175,14,815
176,14,167
177,14,680
178,14,878
179,14,176
180,14,1003
181,14,921
182,14,595
183,14,221
184,14,261
185,14,367
186,14,820
187,14,20
188,14,417
189,14,904
190,14,208
191,14,498
192,14,461
193,14,707
194,14,581
195,14,939
196,14,134
197,14,885
198,14,645
199,14,309
200,14,661
201,14,531
202,14,660
203,14,227
204,14,433
205,14,46
206,14,646
207,14,201
208,14,569
209,14,630
210,14,114
211,14,667
212,14,387
213,14,80
214,14,344
215,14,50
216,14,884
217,14,772
218,14,503
219,14,288
220,14,1006
221,14,363
222,14,379
223,14,303
224,14,368
225,14,298
226,14,510
227,14,981
228,14,545
229,14,290
230,14,251
231,14,27
232,14,480
233,14,405
234,14,629
235,14,219
236,14,890
237,14,47
238,14,386
239,14,339
240,14,376
241,14,556
242,14,723
243,14,888
244,14,532
245,14,514
246,14,562
247,14,587
248,14,175
249,14,318
250,14,320
251,14,1008
252,14,85
253,14,140
254,14,81
255,14,451
256,14,48
257,14,638
258,14,166
259,14,910
260,14,352
261,14,605
262,14,573
263,14,154
264,14,816
265,14,589
266,14,127
267,14,460
268,14,297
269,14,533
270,14,325
271,14,625
272,14,722
273,14,444
274,14,499
275,14,215
276,14,280
277,14,486
278,14,279
279,14,727
280,14,920
281,14,266
282,14,216
283,14,837
284,14,614
285,14,459
286,14,1000
287,14,473
288,14,842
289,14,818
290,14,688
291,14,168
292,14,599
293,14,338
294,14,470
295,14,631
296,14,408
297,14,504
298,14,148
299,14,78
300,14,144
301,14,273
302,14,38
303,14,785
304,14,311
305,14,594
306,14,717
307,14,37
308,14,401
309,14,229
310,14,721
311,14,301
312,14,409
313,14,561
314,14,388
315,14,621
316,14,120
317,14,404
318,14,659
319,14,754
320,14,308
321,14,414
322,14,528
323,14,558
324,14,8
325,14,329
326,14,322
327,14,657
328,14,302
329,14,177
330,14,458
331,14,700
332,14,1010
333,14,418
334,14,919
335,14,880
336,14,200
337,14,400
338,14,130
339,14,765
340,14,733
341,14,620
342,14,274
343,14,453
344,14,447
345,14,1005
346,14,413
347,14,656
348,14,737
349,14,912
350,14,174
351,14,542
352,14,982
353,14,407
354,14,380
355,14,612
356,14,477
357,14,669
358,14,420
359,14,465
360,14,99
361,14,655
362,14,973
363,14,663
364,14,439
365,14,1014
366,14,497
367,14,366
368,14,850
369,14,610
370,14,272
371,14,922
372,14,199
373,14,627
374,14,45
375,14,826
376,14,750
377,14,310
378,14,753
379,14,132
380,14,597
381,14,712
382,14,938
383,14,335
384,14,454
385,14,241
386,14,536
387,14,694
388,14,892
389,14,354
390,14,149
391,14,908
392,14,482
393,14,787
394,14,568
395,14,347
396,14,330
397,14,972
398,14,526
399,14,265
0,15,647
1,15,405
2,15,558
3,15,402
4,15,785
5,15,954
6,15,968
7,15,649
8,15,214
9,15,588
10,15,521
11,15,470
12,15,693
13,15,784
14,15,482
15,15,619
16,15,688
17,15,622
18,15,528
19,15,659
20,15,690
21,15,289
22,15,339
23,15,116
24,15,684
25,15,754
26,15,605
27,15,413
28,15,933
29,15,206
30,15,618
31,15,363
32,15,949
33,15,444
34,15,904
35,15,370
36,15,525
37,15,733
38,15,503
39,15,556
40,15,972
41,15,850
42,15,665
43,15,177
44,15,327
45,15,559
46,15,599
47,15,477
48,15,654
49,15,767
50,15,144
51,15,301
52,15,590
53,15,551
54,15,902
55,15,985
56,15,560
57,15,299
58,15,174
59,15,727
60,15,430
61,15,475
62,15,549
63,15,847
64,15,775
65,15,940
66,15,466
67,15,845
68,15,431
69,15,778
70,15,541
71,15,361
72,15,680
73,15,624
74,15,265
75,15,376
76,15,581
77,15,340
78,15,944
79,15,663
80,15,349
81,15,578
82,15,312
83,15,548
84,15,378
85,15,655
86,15,445
87,15,273
88,15,787
89,15,709
90,15,458
91,15,554
92,15,565
93,15,217
94,15,404
95,15,884
96,15,308
97,15,854
98,15,627
99,15,621
100,15,936
101,15,614
102,15,632
103,15,524
104,15,721
105,15,615
106,15,166
107,15,237
108,15,387
109,15,597
110,15,540
111,15,484
112,15,379
113,15,820
114,15,465
115,15,449
116,15,138
117,15,335
118,15,417
119,15,564
120,15,907
121,15,432
122,15,519
123,15,780
124,15,292
125,15,371
126,15,52
127,15,132
128,15,645
129,15,280
130,15,305
131,15,980
132,15,117
133,15,518
134,15,651
135,15,329
136,15,943
137,15,617
138,15,48
139,15,720
140,15,213
141,15,760
142,15,511
143,15,114
144,15,173
145,15,725
146,15,777
147,15,245
148,15,184
149,15,239
150,15,510
151,15,550
152,15,375
153,15,575
154,15,399
155,15,336
156,15,353
157,15,790
158,15,652
159,15,691
160,15,333
161,15,569
162,15,601
163,15,130
164,15,374
165,15,201
166,15,467
167,15,808
168,15,461
169,15,683
170,15,592
171,15,537
172,15,246
173,15,332
174,15,681
175,15,815
176,15,168
177,15,648
178,15,878
179,15,208
180,15,1003
181,15,921
182,15,594
183,15,253
184,15,260
185,15,368
186,15,788
187,15,20
188,15,385
189,15,872
190,15,209
191,15,498
192,15,462
193,15,708
194,15,580
195,15,938
196,15,135
197,15,886
198,15,646
199,15,341
200,15,662
201,15,531
202,15,692
203,15,259
204,15,434
205,15,47
206,15,678
207,15,202
208,15,570
209,15,629
210,15,115
211,15,667
212,15,386
213,15,81
214,15,345
215,15,49
216,15,852
217,15,772
218,15,535
219,15,320
220,15,1007
221,15,362
222,15,347
223,15,304
224,15,369
225,15,330
226,15,542
227,15,1013
228,15,513
229,15,322
230,15,251
231,15,27
232,15,448
233,15,373
234,15,661
235,15,219
236,15,891
237,15,15
238,15,418
239,15,338
240,15,344
241,15,557
242,15,724
243,15,889
244,15,532
245,15,546
246,15,563
247,15,586
248,15,176
249,15,318
250,15,321
251,15,1009
252,15,86
253,15,108
254,15,113
255,15,451
256,15,80
257,15,637
258,15,134
259,15,942
260,15,352
261,15,604
262,15,573
263,15,186
264,15,816
265,15,589
266,15,127
267,15,428
268,15,298
269,15,533
270,15,326
271,15,625
272,15,723
273,15,412
274,15,499
275,15,215
276,15,279
277,15,485
278,15,311
279,15,695
280,15,952
281,15,267
282,15,216
283,15,869
284,15,613
285,15,460
286,15,999
287,15,505
288,15,842
289,15,817
290,15,656
291,15,200
292,15,598
293,15,306
294,15,471
295,15,630
296,15,407
297,15,536
298,15,147
299,15,46
300,15,112
301,15,272
302,15,39
303,15,786
304,15,343
305,15,562
306,15,749
307,15,69
308,15,401
309,15,261
310,15,689
311,15,302
312,15,377
313,15,561
314,15,420
315,15,653
316,15,119
317,15,436
318,15,660
319,15,722
320,15,309
321,15,382
322,15,529
323,15,526
324,15,8
325,15,328
326,15,323
327,15,658
328,15,334
329,15,178
330,15,459
331,15,701
332,15,1011
333,15,450
334,15,920
335,15,848
336,15,199
337,15,400
338,15,129
339,15,766
340,15,765
341,15,620
342,15,274
343,15,421
344,15,479
345,15,1005
346,15,414
347,15,657
348,15,737
349,15,912
350,15,175
351,15,574
352,15,981
353,15,406
354,15,380
355,15,612
356,15,509
357,15,669
358,15,419
359,15,433
360,15,98
361,15,623
362,15,974
363,15,631
364,15,440
365,15,982
366,15,497
367,15,366
368,15,818
369,15,610
370,15,240
371,15,922
372,15,167
373,15,626
374,15,45
375,15,826
376,15,751
377,15,310
378,15,753
379,15,131
380,15,596
381,15,711
382,15,906
383,15,367
384,15,486
385,15,241
386,15,568
387,15,694
388,15,892
389,15,354
390,15,181
391,15,909
392,15,514
393,15,819
394,15,600
395,15,348
396,15,331
397,15,1004
398,15,527
399,15,266
0,16,615
1,16,373
2,16,526
3,16,434
4,16,786
5,16,954
6,16,969
7,16,650
8,16,246
9,16,587
10,16,553
11,16,469
12,16,693
13,16,784
14,16,514
15,16,618
16,16,687
17,16,654
18,16,560
19,16,660
20,16,689
21,16,288
22,16,371
23,16,84
24,16,716
25,16,755
26,16,606
27,16,414
28,16,933
29,16,174
30,16,586
31,16,364
32,16,948
33,16,412
34,16,903
35,16,338
36,16,524
37,16,732
38,16,535
39,16,588
40,16,971
41,16,818
42,16,665
43,16,177
44,16,295
45,16,558
46,16,631
47,16,445
48,16,655
49,16,767
50,16,145
51,16,302
52,16,622
53,16,519
54,16,901
55,16,984
56,16,561
57,16,267
58,16,175
59,16,695
60,16,429
61,16,476
62,16,581
63,16,847
64,16,775
65,16,939
66,16,498
67,16,877
68,16,432
69,16,779
70,16,573
71,16,362
72,16,712
73,16,625
74,16,266
75,16,408
76,16,613
77,16,339
78,16,943
79,16,663
80,16,349
81,16,610
82,16,280
83,16,547
84,16,379
85,16,656
86,16,444
87,16,241
88,16,819
89,16,710
90,16,490
91,16,522
92,16,566
93,16,218
94,16,405
95,16,885
96,16,309
97,16,886
98,16,627
99,16,589
100,16,968
101,16,646
102,16,600
103,16,556
104,16,722
105,16,614
106,16,134
107,16,236
108,16,355
109,16,596
110,16,508
111,16,484
112,16,347
113,16,821
114,16,466
115,16,449
116,16,139
117,16,303
118,16,417
119,16,565
120,16,906
121,16,433
122,16,520
123,16,748
124,16,293
125,16,370
126,16,51
127,16,131
128,16,645
129,16,279
130,16,305
131,16,981
132,16,116
133,16,518
134,16,619
135,16,297
136,16,942
137,16,649
138,16,47
139,16,688
140,16,214
141,16,728
142,16,510
143,16,146
144,16,173
145,16,725
146,16,778
147,16,244
148,16,185
149,16,238
150,16,542
151,16,550
152,16,376
153,16,607
154,16,398
155,16,368
156,16,321
157,16,791
158,16,653
159,16,659
160,16,301
161,16,537
162,16,569
163,16,129
164,16,406
165,16,200
166,16,468
167,16,807
168,16,493
169,16,684
170,16,592
171,16,505
172,16,245
173,16,331
174,16,680
175,16,815
176,16,136
177,16,648
178,16,878
179,16,207
180,16,1003
181,16,921
182,16,594
183,16,285
184,16,259
185,16,369
186,16,820
187,16,20
188,16,385
189,16,840
190,16,209
191,16,499
192,16,430
193,16,740
194,16,579
195,16,938
196,16,167
197,16,887
198,16,647
199,16,341
200,16,630
201,16,531
202,16,691
203,16,291
204,16,435
205,16,15
206,16,677
207,16,201
208,16,571
209,16,628
210,16,147
211,16,667
212,16,418
213,16,49
214,16,313
215,16,48
216,16,884
217,16,772
218,16,567
219,16,352
220,16,1008
221,16,363
222,16,348
223,16,336
224,16,401
225,16,329
226,16,574
227,16,1014
228,16,481
229,16,354
230,16,251
231,16,27
232,16,448
233,16,374
234,16,662
235,16,219
236,16,859
237,16,16
238,16,450
239,16,306
240,16,312
241,16,525
242,16,692
243,16,857
244,16,532
245,16,578
246,16,564
247,16,554
248,16,144
249,16,318
250,16,322
251,16,1010
252,16,87
253,16,109
254,16,114
255,16,483
256,16,112
257,16,669
258,16,133
259,16,941
260,16,353
261,16,603
262,16,605
263,16,187
264,16,848
265,16,557
266,16,127
267,16,396
268,16,299
269,16,533
270,16,358
271,16,657
272,16,724
273,16,413
274,16,467
275,16,215
276,16,278
277,16,485
278,16,343
279,16,696
280,16,951
281,16,235
282,16,216
283,16,869
284,16,612
285,16,428
286,16,967
287,16,473
288,16,842
289,16,816
290,16,624
291,16,168
292,16,597
293,16,274
294,16,503
295,16,598
296,16,375
297,16,536
298,16,179
299,16,46
300,16,113
301,16,304
302,16,40
303,16,754
304,16,344
305,16,563
306,16,750
307,16,101
308,16,402
309,16,260
310,16,721
311,16,334
312,16,345
313,16,529
314,16,419
315,16,685
316,16,119
317,16,404
318,16,661
319,16,723
320,16,310
321,16,381
322,16,497
323,16,527
324,16,8
325,16,327
326,16,324
327,16,690
328,16,333
329,16,210
330,16,460
331,16,733
332,16,1012
333,16,482
334,16,888
335,16,880
336,16,231
337,16,400
338,16,97
339,16,734
340,16,797
341,16,621
342,16,273
343,16,422
344,16,478
345,16,1005
346,16,382
347,16,658
348,16,737
349,16,944
350,16,176
351,16,575
352,16,949
353,16,438
354,16,380
355,16,580
356,16,541
357,16,701
358,16,451
359,16,465
360,16,130
361,16,623
362,16,1006
363,16,632
364,16,472
365,16,983
366,16,496
367,16,367
368,16,817
369,16,609
370,16,239
371,16,922
372,16,166
373,16,626
374,16,45
375,16,826
376,16,751
377,16,311
378,16,785
379,16,163
380,16,595
381,16,679
382,16,905
383,16,399
384,16,487
385,16,240
386,16,568
387,16,694
388,16,892
389,16,386
390,16,213
391,16,910
392,16,546
393,16,851
394,16,601
395,16,316
396,16,330
397,16,972
398,16,528
399,16,234
0,17,583
1,17,341
2,17,527
3,17,466
4,17,754
5,17,954
6,17,970
7,17,651
8,17,245
9,17,555
10,17,585
11,17,468
12,17,694
13,17,785
14,17,546
15,17,618
16,17,719
17,17,655
18,17,559
19,17,628
20,17,689
21,17,256
22,17,371
23,17,52
24,17,715
25,17,755
26,17,607
27,17,382
28,17,934
29,17,142
30,17,587
31,17,332
32,17,980
33,17,412
34,17,902
35,17,338
36,17,525
37,17,700
38,17,567
39,17,589
40,17,1003
41,17,786
42,17,665
43,17,209
44,17,263
45,17,590
46,17,599
47,17,413
48,17,623
49,17,767
50,17,113
51,17,334
52,17,654
53,17,551
54,17,933
55,17,983
56,17,562
57,17,266
58,17,176
59,17,663
60,17,461
61,17,477
62,17,613
63,17,848
64,17,775
65,17,938
66,17,498
67,17,877
68,17,431
69,17,780
70,17,605
71,17,363
72,17,680
73,17,657
74,17,234
75,17,440
76,17,614
77,17,307
78,17,942
79,17,662
80,17,349
81,17,642
82,17,312
83,17,515
84,17,347
85,17,624
86,17,445
87,17,273
88,17,818
89,17,711
90,17,522
91,17,554
92,17,565
93,17,219
94,17,437
95,17,886
96,17,277
97,17,854
98,17,627
99,17,557
100,17,969
101,17,678
102,17,568
103,17,588
104,17,690
105,17,646
106,17,135
107,17,236
108,17,356
109,17,595
110,17,476
111,17,516
112,17,348
113,17,822
114,17,467
115,17,448
116,17,140
117,17,302
118,17,417
119,17,597
120,17,905
121,17,432
122,17,552
123,17,748
124,17,294
125,17,402
126,17,51
127,17,163
128,17,645
129,17,278
130,17,304
131,17,982
132,17,84
133,17,518
134,17,619
135,17,265
136,17,941
137,17,681
138,17,46
139,17,688
140,17,215
141,17,727
142,17,510
143,17,114
144,17,173
145,17,725
146,17,779
147,17,243
148,17,186
149,17,206
150,17,542
151,17,550
152,17,375
153,17,575
154,17,398
155,17,369
156,17,289
157,17,823
158,17,621
159,17,691
160,17,269
161,17,536
162,17,570
163,17,130
164,17,405
165,17,168
166,17,436
167,17,806
168,17,492
169,17,652
170,17,560
171,17,537
172,17,244
173,17,330
174,17,679
175,17,847
176,17,137
177,17,649
178,17,878
179,17,239
180,17,1004
181,17,921
182,17,626
183,17,286
184,17,260
185,17,370
186,17,819
187,17,20
188,17,385
189,17,839
190,17,241
191,17,499
192,17,430
193,17,772
194,17,579
195,17,906
196,17,199
197,17,888
198,17,615
199,17,309
200,17,631
201,17,532
202,17,723
203,17,323
204,17,434
205,17,47
206,17,709
207,17,201
208,17,571
209,17,629
210,17,148
211,17,667
212,17,450
213,17,50
214,17,281
215,17,49
216,17,916
217,17,804
218,17,566
219,17,353
220,17,1009
221,17,331
222,17,316
223,17,336
224,17,433
225,17,328
226,17,606
227,17,1014
228,17,449
229,17,386
230,17,251
231,17,27
232,17,480
233,17,374
234,17,630
235,17,187
236,17,827
237,17,48
238,17,482
239,17,306
240,17,311
241,17,526
242,17,693
243,17,825
244,17,533
245,17,610
246,17,563
247,17,553
248,17,145
249,17,318
250,17,322
251,17,1011
252,17,88
253,17,110
254,17,115
255,17,484
256,17,144
257,17,701
258,17,101
259,17,940
260,17,321
261,17,602
262,17,637
263,17,188
264,17,849
265,17,556
266,17,127
267,17,364
268,17,299
269,17,534
270,17,358
271,17,656
272,17,692
273,17,414
274,17,435
275,17,183
276,17,246
277,17,485
278,17,344
279,17,728
280,17,919
281,17,267
282,17,216
283,17,869
284,17,580
285,17,396
286,17,966
287,17,505
288,17,842
289,17,815
290,17,592
291,17,167
292,17,596
293,17,274
294,17,504
295,17,598
296,17,343
297,17,535
298,17,178
299,17,14
300,17,112
301,17,303
302,17,41
303,17,722
304,17,376
305,17,531
306,17,782
307,17,100
308,17,403
309,17,292
310,17,721
311,17,366
312,17,346
313,17,497
314,17,451
315,17,717
316,17,119
317,17,404
318,17,661
319,17,724
320,17,342
321,17,380
322,17,496
323,17,528
324,17,8
325,17,326
326,17,325
327,17,658
328,17,333
329,17,242
330,17,428
331,17,732
332,17,1013
333,17,514
334,17,856
335,17,880
336,17,230
337,17,368
338,17,65
339,17,734
340,17,829
341,17,620
342,17,305
343,17,390
344,17,478
345,17,1005
346,17,381
347,17,659
348,17,737
349,17,976
350,17,177
351,17,574
352,17,948
353,17,406
354,17,379
355,17,581
356,17,573
357,17,733
358,17,483
359,17,465
360,17,162
361,17,622
362,17,1007
363,17,600
364,17,473
365,17,951
366,17,464
367,17,335
368,17,816
369,17,609
370,17,238
371,17,922
372,17,134
373,17,625
374,17,45
375,17,826
376,17,751
377,17,310
378,17,817
379,17,195
380,17,594
381,17,647
382,17,904
383,17,400
384,17,519
385,17,272
386,17,569
387,17,695
388,17,892
389,17,418
390,17,214
391,17,911
392,17,578
393,17,850
394,17,633
395,17,317
396,17,298
397,17,972
398,17,529
399,17,235
0,18,584
1,18,342
2,18,528
3,18,498
4,18,722
5,18,954
6,18,971
7,18,652
8,18,277
9,18,556
10,18,586
11,18,436
12,18,662
13,18,785
14,18,578
15,18,618
16,18,720
17,18,687
18,18,558
19,18,596
20,18,688
21,18,224
22,18,370
23,18,52
24,18,714
25,18,754
26,18,607
27,18,350
28,18,902
29,18,142
30,18,555
31,18,332
32,18,980
33,18,380
34,18,870
35,18,339
36,18,526
37,18,701
38,18,599
39,18,621
40,18,1002
41,18,786
42,18,666
43,18,208
44,18,231
45,18,589
46,18,598
47,18,381
48,18,623
49,18,767
50,18,112
51,18,366
52,18,686
53,18,552
54,18,933
55,18,982
56,18,561
57,18,267
58,18,177
59,18,663
60,18,493
61,18,476
62,18,645
63,18,847
64,18,775
65,18,906
66,18,499
67,18,877
68,18,431
69,18,781
70,18,604
71,18,331
72,18,648
73,18,689
74,18,235
75,18,441
76,18,615
77,18,306
78,18,941
79,18,661
80,18,349
81,18,674
82,18,312
83,18,483
84,18,315
85,18,592
86,18,477
87,18,274
88,18,817
89,18,712
90,18,521
91,18,522
92,18,564
93,18,220
94,18,469
95,18,887
96,18,278
97,18,886
98,18,626
99,18,557
100,18,970
101,18,710
102,18,567
103,18,588
104,18,691
105,18,614
106,18,136
107,18,204
108,18,324
109,18,627
110,18,444
111,18,515
112,18,316
113,18,790
114,18,435
115,18,449
116,18,108
117,18,301
118,18,385
119,18,597
120,18,904
121,18,432
122,18,553
123,18,748
124,18,295
125,18,401
126,18,19
127,18,195
128,18,646
129,18,246
130,18,303
131,18,1014
132,18,84
133,18,518
134,18,619
135,18,266
136,18,940
137,18,713
138,18,78
139,18,656
140,18,216
141,18,728
142,18,510
143,18,114
144,18,173
145,18,724
146,18,780
147,18,211
148,18,187
149,18,174
150,18,541
151,18,550
152,18,407
153,18,575
154,18,399
155,18,369
156,18,290
157,18,855
158,18,622
159,18,659
160,18,237
161,18,535
162,18,570
163,18,98
164,18,404
165,18,167
166,18,437
167,18,838
168,18,491
169,18,653
170,18,559
171,18,538
172,18,244
173,18,329
174,18,711
175,18,815
176,18,138
177,18,650
178,18,878
179,18,238
180,18,1003
181,18,921
182,18,625
183,18,318
184,18,261
185,18,338
186,18,818
187,18,20
188,18,353
189,18,807
190,18,273
191,18,467
192,18,430
193,18,804
194,18,547
195,18,907
196,18,200
197,18,889
198,18,583
199,18,341
200,18,632
201,18,532
202,18,755
203,18,355
204,18,402
205,18,48
206,18,709
207,18,201
208,18,571
209,18,628
210,18,149
211,18,667
212,18,482
213,18,51
214,18,280
215,18,50
216,18,916
217,18,836
218,18,565
219,18,354
220,18,1010
221,18,330
222,18,284
223,18,368
224,18,433
225,18,327
226,18,605
227,18,1013
228,18,417
229,18,418
230,18,251
231,18,27
232,18,448
233,18,374
234,18,631
235,18,219
236,18,828
237,18,49
238,18,514
239,18,305
240,18,310
241,18,494
242,18,694
243,18,793
244,18,533
245,18,642
246,18,562
247,18,554
248,18,113
249,18,317
250,18,323
251,18,1012
252,18,89
253,18,110
254,18,147
255,18,516
256,18,145
257,18,733
258,18,69
259,18,972
260,18,289
261,18,601
262,18,669
263,18,189
264,18,850
265,18,524
266,18,127
267,18,363
268,18,298
269,18,566
270,18,357
271,18,655
272,18,693
273,18,414
274,18,434
275,18,215
276,18,245
277,18,485
278,18,376
279,18,760
280,18,920
281,18,299
282,18,217
283,18,869
284,18,579
285,18,364
286,18,934
287,18,537
288,18,842
289,18,814
290,18,560
291,18,199
292,18,595
293,18,242
294,18,536
295,18,630
296,18,311
297,18,503
298,18,210
299,18,15
300,18,144
301,18,335
302,18,41
303,18,723
304,18,408
305,18,531
306,18,783
307,18,132
308,18,371
309,18,291
310,18,721
311,18,398
312,18,347
313,18,465
314,18,451
315,18,749
316,18,119
317,18,403
318,18,629
319,18,692
320,18,343
321,18,379
322,18,497
323,18,496
324,18,8
325,18,294
326,18,326
327,18,658
328,18,333
329,18,243
330,18,396
331,18,700
332,18,981
333,18,546
334,18,824
335,18,848
336,18,229
337,18,367
338,18,66
339,18,734
340,18,861
341,18,620
342,18,304
343,18,358
344,18,478
345,18,1005
346,18,382
347,18,660
348,18,737
349,18,976
350,18,178
351,18,542
352,18,947
353,18,405
354,18,378
355,18,613
356,18,574
357,18,765
358,18,484
359,18,466
360,18,194
361,18,590
362,18,1008
363,18,568
364,18,505
365,18,919
366,18,463
367,18,336
368,18,816
369,18,609
370,18,206
371,18,922
372,18,135
373,18,624
374,18,45
375,18,826
376,18,751
377,18,309
378,18,849
379,18,227
380,18,594
381,18,647
382,18,903
383,18,400
384,18,551
385,18,272
386,18,569
387,18,727
388,18,892
389,18,450
390,18,214
391,18,912
392,18,610
393,18,882
394,18,665
395,18,285
396,18,297
397,18,1004
398,18,529
399,18,236
0,19,585
1,19,343
2,19,529
3,19,466
4,19,723
5,19,954
6,19,972
7,19,652
8,19,278
9,19,524
10,19,587
11,19,404
12,19,630
13,19,786
14,19,579
15,19,618
16,19,752
17,19,719
18,19,557
19,19,564
20,19,688
21,19,225
22,19,402
23,19,84
24,19,714
25,19,722
26,19,575
27,19,351
28,19,901
29,19,110
30,19,556
31,19,332
32,19,980
33,19,348
34,19,869
35,19,340
36,19,527
37,19,669
38,19,631
39,19,653
40,19,1001
41,19,754
42,19,698
43,19,207
44,19,199
45,19,588
46,19,597
47,19,349
48,19,655
49,19,767
50,19,144
51,19,398
52,19,686
53,19,551
54,19,932
55,19,981
56,19,562
57,19,266
58,19,178
59,19,663
60,19,492
61,19,476
62,19,677
63,19,847
64,19,776
65,19,905
66,19,498
67,19,877
68,19,432
69,19,749
70,19,603
71,19,299
72,19,649
73,19,721
74,19,236
75,19,442
76,19,616
77,19,306
78,19,940
79,19,660
80,19,350
81,19,706
82,19,311
83,19,451
84,19,283
85,19,560
86,19,478
87,19,242
88,19,849
89,19,713
90,19,553
91,19,523
92,19,563
93,19,220
94,19,501
95,19,887
96,19,279
97,19,885
98,19,625
99,19,589
100,19,971
101,19,709
102,19,566
103,19,620
104,19,691
105,19,614
106,19,137
107,19,203
108,19,292
109,19,659
110,19,412
111,19,483
112,19,317
113,19,790
114,19,436
115,19,417
116,19,109
117,19,269
118,19,353
119,19,629
120,19,903
121,19,400
122,19,554
123,19,748
124,19,263
125,19,369
126,19,20
127,19,227
128,19,647
129,19,246
130,19,335
131,19,982
132,19,116
133,19,518
134,19,619
135,19,234
136,19,939
137,19,745
138,19,77
139,19,656
140,19,217
141,19,696
142,19,511
143,19,114
144,19,173
145,19,692
146,19,781
147,19,243
148,19,188
149,19,142
150,19,573
151,19,550
152,19,439
153,19,574
154,19,399
155,19,370
156,19,291
157,19,856
158,19,622
159,19,658
160,19,205
161,19,503
162,19,538
163,19,98
164,19,405
165,19,166
166,19,437
167,19,838
168,19,490
169,19,654
170,19,559
171,19,506
172,19,212
173,19,328
174,19,710
175,19,816
176,19,139
177,19,651
178,19,878
179,19,238
180,19,1002
181,19,921
182,19,624
183,19,318
184,19,261
185,19,338
186,19,817
187,19,52
188,19,321
189,19,775
190,19,305
191,19,435
192,19,431
193,19,836
194,19,548
195,19,906
196,19,201
197,19,890
198,19,584
199,19,341
200,19,600
201,19,531
202,19,787
203,19,387
204,19,403
205,19,49
206,19,741
207,19,202
208,19,571
209,19,627
210,19,150
211,19,667
212,19,514
213,19,19
214,19,280
215,19,51
216,19,916
217,19,868
218,19,533
219,19,386
220,19,1011
221,19,330
222,19,252
223,19,368
224,19,433
225,19,295
226,19,604
227,19,1014
228,19,385
229,19,450
230,19,251
231,19,27
232,19,449
233,19,342
234,19,632
235,19,219
236,19,796
237,19,50
238,19,546
239,19,304
240,19,309
241,19,494
242,19,662
243,19,794
244,19,532
245,19,674
246,19,594
247,19,522
248,19,112
249,19,285
250,19,324
251,19,1012
252,19,121
253,19,78
254,19,148
255,19,515
256,19,146
257,19,765
258,19,37
259,19,1004
260,19,288
261,19,633
262,19,668
263,19,221
264,19,851
265,19,525
266,19,127
267,19,331
268,19,298
269,19,565
270,19,358
271,19,687
272,19,694
273,19,413
274,19,434
275,19,215
276,19,245
277,19,517
278,19,408
279,19,760
280,19,952
281,19,267
282,19,249
283,19,837
284,19,547
285,19,363
286,19,933
287,19,569
288,19,842
289,19,813
290,19,528
291,19,200
292,19,595
293,19,241
294,19,504
295,19,598
296,19,310
297,19,471
298,19,209
299,19,47
300,19,176
301,19,367
302,19,41
303,19,724
304,19,440
305,19,499
306,19,815
307,19,131
308,19,339
309,19,323
310,19,720
311,19,430
312,19,315
313,19,465
314,19,419
315,19,750
316,19,119
317,19,371
318,19,661
319,19,693
320,19,344
321,19,378
322,19,496
323,19,464
324,19,8
325,19,293
326,19,327
327,19,690
328,19,333
329,19,244
330,19,364
331,19,701
332,19,1013
333,19,578
334,19,792
335,19,848
336,19,228
337,19,366
338,19,67
339,19,733
340,19,893
341,19,621
342,19,303
343,19,326
344,19,479
345,19,1005
346,19,414
347,19,628
348,19,737
349,19,976
350,19,210
351,19,510
352,19,946
353,19,373
354,19,410
355,19,645
356,19,606
357,19,766
358,19,485
359,19,467
360,19,226
361,19,558
362,19,1009
363,19,536
364,19,537
365,19,920
366,19,462
367,19,336
368,19,784
369,19,610
370,19,174
371,19,922
372,19,136
373,19,623
374,19,45
375,19,826
376,19,751
377,19,308
378,19,881
379,19,259
380,19,626
381,19,615
382,19,902
383,19,401
384,19,583
385,19,273
386,19,568
387,19,728
388,19,892
389,19,482
390,19,214
391,19,913
392,19,642
393,19,914
394,19,666
395,19,286
396,19,265
397,19,1003
398,19,497
399,19,237
0,20,553
1,20,311
2,20,497
3,20,498
4,20,724
5,20,955
6,20,973
7,20,653
8,20,279
9,20,492
10,20,586
11,20,403
12,20,631
13,20,786
14,20,580
15,20,618
16,20,784
17,20,751
18,20,556
19,20,532
20,20,687
21,20,193
22,20,401
23,20,116
24,20,746
25,20,723
26,20,574
27,20,319
28,20,901
29,20,142
30,20,524
31,20,331
32,20,1012
33,20,316
34,20,868
35,20,340
36,20,527
37,20,637
38,20,663
39,20,685
40,20,1000
41,20,755
42,20,697
43,20,207
44,20,167
45,20,587
46,20,596
47,20,317
48,20,656
49,20,767
50,20,176
51,20,430
52,20,686
53,20,519
54,20,900
55,20,980
56,20,562
57,20,265
58,20,210
59,20,662
60,20,491
61,20,476
62,20,678
63,20,847
64,20,775
65,20,873
66,20,499
67,20,877
68,20,431
69,20,717
70,20,602
71,20,267
72,20,649
73,20,753
74,20,237
75,20,443
76,20,616
77,20,274
78,20,939
79,20,659
80,20,382
81,20,738
82,20,310
83,20,450
84,20,283
85,20,561
86,20,479
87,20,243
88,20,848
89,20,714
90,20,552
91,20,523
92,20,595
93,20,188
94,20,533
95,20,887
96,20,280
97,20,884
98,20,624
99,20,588
100,20,972
101,20,708
102,20,566
103,20,620
104,20,691
105,20,613
106,20,138
107,20,203
108,20,293
109,20,658
110,20,380
111,20,484
112,20,285
113,20,790
114,20,436
115,20,385
116,20,110
117,20,269
118,20,321
119,20,630
120,20,902
121,20,432
122,20,555
123,20,748
124,20,264
125,20,368
126,20,52
127,20,259
128,20,615
129,20,245
130,20,367
131,20,983
132,20,115
133,20,518
134,20,619
135,20,235
136,20,938
137,20,777
138,20,76
139,20,657
140,20,249
141,20,695
142,20,510
143,20,114
144,20,172
145,20,692
146,20,782
147,20,211
148,20,189
149,20,141
150,20,605
151,20,550
152,20,438
153,20,542
154,20,398
155,20,371
156,20,292
157,20,888
158,20,654
159,20,690
160,20,204
161,20,503
162,20,506
163,20,98
164,20,404
165,20,134
166,20,405
167,20,838
168,20,522
169,20,655
170,20,558
171,20,474
172,20,212
173,20,329
174,20,709
175,20,817
176,20,140
177,20,652
178,20,878
179,20,206
180,20,1002
181,20,922
182,20,623
183,20,350
184,20,260
185,20,370
186,20,849
187,20,84
188,20,289
189,20,743
190,20,306
191,20,435
192,20,463
193,20,837
194,20,548
195,20,906
196,20,202
197,20,891
198,20,585
199,20,309
200,20,568
201,20,563
202,20,788
203,20,419
204,20,402
205,20,50
206,20,741
207,20,234
208,20,571
209,20,627
210,20,151
211,20,699
212,20,546
213,20,20
214,20,312
215,20,19
216,20,916
217,20,836
218,20,565
219,20,418
220,20,1011
221,20,330
222,20,220
223,20,400
224,20,434
225,20,294
226,20,603
227,20,982
228,20,353
229,20,482
230,20,251
231,20,27
232,20,417
233,20,343
234,20,664
235,20,219
236,20,797
237,20,51
238,20,578
239,20,303
240,20,308
241,20,494
242,20,694
243,20,794
244,20,531
245,20,706
246,20,626
247,20,554
248,20,112
249,20,286
250,20,325
251,20,1013
252,20,153
253,20,46
254,20,148
255,20,483
256,20,178
257,20,766
258,20,5
259,20,1003
260,20,256
261,20,632
262,20,667
263,20,253
264,20,819
265,20,493
266,20,127
267,20,299
268,20,298
269,20,564
270,20,390
271,20,719
272,20,693
273,20,381
274,20,466
275,20,214
276,20,244
277,20,516
278,20,407
279,20,792
280,20,951
281,20,266
282,20,250
283,20,869
284,20,515
285,20,363
286,20,932
287,20,601
288,20,842
289,20,812
290,20,529
291,20,201
292,20,594
293,20,240
294,20,505
295,20,598
296,20,342
297,20,471
298,20,241
299,20,48
300,20,175
301,20,399
302,20,41
303,20,725
304,20,441
305,20,467
306,20,815
307,20,163
308,20,338
309,20,355
310,20,721
311,20,462
312,20,315
313,20,433
314,20,451
315,20,749
316,20,119
317,20,339
318,20,660
319,20,661
320,20,376
321,20,410
322,20,528
323,20,496
324,20,8
325,20,261
326,20,328
327,20,722
328,20,333
329,20,276
330,20,332
331,20,669
332,20,1014
333,20,579
334,20,791
335,20,816
336,20,228
337,20,334
338,20,68
339,20,701
340,20,925
341,20,621
342,20,335
343,20,327
344,20,447
345,20,1005
346,20,413
347,20,629
348,20,737
349,20,976
350,20,242
351,20,478
352,20,945
353,20,341
354,20,442
355,20,677
356,20,638
357,20,798
358,20,486
359,20,468
360,20,225
361,20,557
362,20,1010
363,20,504
364,20,569
365,20,921
366,20,461
367,20,304
368,20,783
369,20,610
370,20,173
371,20,954
372,20,137
373,20,622
374,20,45
375,20,826
376,20,752
377,20,307
378,20,881
379,20,291
380,20,625
381,20,614
382,20,870
383,20,369
384,20,584
385,20,305
386,20,567
387,20,760
388,20,892
389,20,514
390,20,246
391,20,914
392,20,674
393,20,946
394,20,698
395,20,287
396,20,233
397,20,971
398,20,465
399,20,238
0,21,521
1,21,279
2,21,465
3,21,497
4,21,692
5,21,956
6,21,974
7,21,654
8,21,280
9,21,460
10,21,587
11,21,402
12,21,599
13,21,786
14,21,581
15,21,618
16,21,752
17,21,783
18,21,524
19,21,533
20,21,686
21,21,161
22,21,400
23,21,84
24,21,714
25,21,724
26,21,542
27,21,287
28,21,933
29,21,142
30,21,525
31,21,332
32,21,1013
33,21,317
34,21,836
35,21,308
36,21,526
37,21,605
38,21,695
39,21,717
40,21,999
41,21,723
42,21,665
43,21,206
44,21,166
45,21,619
46,21,628
47,21,285
48,21,688
49,21,767
50,21,208
51,21,462
52,21,685
53,21,519
54,21,932
55,21,979
56,21,563
57,21,264
58,21,242
59,21,661
60,21,490
61,21,476
62,21,679
63,21,847
64,21,775
65,21,841
66,21,499
67,21,877
68,21,399
69,21,749
70,21,601
71,21,235
72,21,649
73,21,785
74,21,238
75,21,475
76,21,615
77,21,273
78,21,938
79,21,658
80,21,414
81,21,770
82,21,309
83,21,418
84,21,283
85,21,562
86,21,511
87,21,244
88,21,880
89,21,715
90,21,584
91,21,491
92,21,596
93,21,189
94,21,565
95,21,887
96,21,281
97,21,883
98,21,592
99,21,620
100,21,973
101,21,740
102,21,598
103,21,652
104,21,659
105,21,645
106,21,106
107,21,202
108,21,294
109,21,657
110,21,348
111,21,484
112,21,253
113,21,790
114,21,404
115,21,386
116,21,78
117,21,237
118,21,289
119,21,631
120,21,901
121,21,431
122,21,556
123,21,748
124,21,263
125,21,368
126,21,20
127,21,291
128,21,583
129,21,245
130,21,367
131,21,984
132,21,116
133,21,518
134,21,651
135,21,203
136,21,906
137,21,809
138,21,108
139,21,625
140,21,250
141,21,727
142,21,478
143,21,114
144,21,173
145,21,691
146,21,814
147,21,210
148,21,190
149,21,140
150,21,606
151,21,550
152,21,470
153,21,510
154,21,366
155,21,403
156,21,260
157,21,920
158,21,655
159,21,722
160,21,204
161,21,504
162,21,505
163,21,98
164,21,405
165,21,133
166,21,373
167,21,870
168,21,554
169,21,656
170,21,558
171,21,473
172,21,211
173,21,297
174,21,708
175,21,818
176,21,172
177,21,653
178,21,878
179,21,205
180,21,1001
181,21,954
182,21,623
183,21,382
184,21,261
185,21,369
186,21,848
187,21,85
188,21,288
189,21,743
190,21,338
191,21,436
192,21,463
193,21,838
194,21,547
195,21,907
196,21,234
197,21,923
198,21,586
199,21,341
200,21,536
201,21,595
202,21,788
203,21,451
204,21,370
205,21,51
206,21,741
207,21,233
208,21,571
209,21,627
210,21,183
211,21,698
212,21,578
213,21,21
214,21,311
215,21,19
216,21,916
217,21,804
218,21,566
219,21,417
220,21,1012
221,21,298
222,21,188
223,21,432
224,21,434
225,21,326
226,21,602
227,21,983
228,21,321
229,21,514
230,21,251
231,21,27
232,21,385
233,21,344
234,21,696
235,21,219
236,21,765
237,21,52
238,21,610
239,21,302
240,21,307
241,21,494
242,21,662
243,21,794
244,21,532
245,21,738
246,21,626
247,21,553
248,21,112
249,21,318
250,21,325
251,21,1014
252,21,154
253,21,47
254,21,148
255,21,482
256,21,179
257,21,798
258,21,5
259,21,1002
260,21,224
261,21,632
262,21,699
263,21,254
264,21,820
265,21,492
266,21,127
267,21,267
268,21,266
269,21,564
270,21,390
271,21,687
272,21,694
273,21,349
274,21,498
275,21,214
276,21,212
277,21,548
278,21,439
279,21,793
280,21,951
281,21,265
282,21,218
283,21,868
284,21,515
285,21,331
286,21,931
287,21,633
288,21,842
289,21,811
290,21,529
291,21,200
292,21,594
293,21,240
294,21,537
295,21,597
296,21,310
297,21,503
298,21,241
299,21,49
300,21,174
301,21,398
302,21,41
303,21,725
304,21,442
305,21,435
306,21,816
307,21,195
308,21,339
309,21,387
310,21,721
311,21,461
312,21,315
313,21,433
314,21,483
315,21,781
316,21,119
317,21,371
318,21,660
319,21,693
320,21,408
321,21,409
322,21,527
323,21,496
324,21,8
325,21,229
326,21,329
327,21,754
328,21,301
329,21,277
330,21,333
331,21,670
332,21,982
333,21,580
334,21,791
335,21,784
336,21,228
337,21,334
338,21,69
339,21,701
340,21,957
341,21,622
342,21,336
343,21,295
344,21,479
345,21,1005
346,21,445
347,21,630
348,21,737
349,21,976
350,21,243
351,21,477
352,21,944
353,21,340
354,21,474
355,21,709
356,21,637
357,21,799
358,21,487
359,21,467
360,21,257
361,21,557
362,21,1011
363,21,472
364,21,569
365,21,922
366,21,493
367,21,272
368,21,782
369,21,609
370,21,141
371,21,955
372,21,138
373,21,590
374,21,45
375,21,826
376,21,751
377,21,306
378,21,849
379,21,323
380,21,624
381,21,613
382,21,869
383,21,401
384,21,616
385,21,305
386,21,568
387,21,792
388,21,892
389,21,546
390,21,278
391,21,915
392,21,706
393,21,945
394,21,730
395,21,286
396,21,201
397,21,972
398,21,466
399,21,239
0,22,489
1,22,280
2,22,466
3,22,496
4,22,693
5,22,988
6,22,1006
7,22,655
8,22,312
9,22,461
10,22,588
11,22,370
12,22,567
13,22,754
14,22,613
15,22,618
16,22,720
17,22,784
18,22,523
19,22,501
20,22,685
21,22,129
22,22,432
23,22,116
24,22,713
25,22,692
26,22,541
27,22,255
28,22,901
29,22,142
30,22,524
31,22,364
32,22,1014
33,22,285
34,22,804
35,22,276
36,22,558
37,22,573
38,22,694
39,22,716
40,22,998
41,22,724
42,22,666
43,22,174
44,22,165
45,22,651
46,22,627
47,22,253
48,22,689
49,22,767
50,22,208
51,22,462
52,22,717
53,22,551
54,22,933
55,22,978
56,22,564
57,22,265
58,22,243
59,22,660
60,22,522
61,22,476
62,22,680
63,22,879
64,22,775
65,22,840
66,22,499
67,22,877
68,22,400
69,22,749
70,22,600
71,22,235
72,22,649
73,22,786
74,22,206
75,22,474
76,22,615
77,22,241
78,22,906
79,22,690
80,22,413
81,22,802
82,22,308
83,22,386
84,22,283
85,22,563
86,22,510
87,22,245
88,22,912
89,22,683
90,22,616
91,22,459
92,22,595
93,22,188
94,22,597
95,22,887
96,22,249
97,22,883
98,22,560
99,22,619
100,22,974
101,22,739
102,22,566
103,22,652
104,22,691
105,22,646
106,22,74
107,22,170
108,22,295
109,22,625
110,22,316
111,22,484
112,22,221
113,22,790
114,22,436
115,22,387
116,22,46
117,22,236
118,22,288
119,22,599
120,22,900
121,22,431
122,22,557
123,22,748
124,22,264
125,22,367
126,22,19
127,22,323
128,22,584
129,22,213
130,22,399
131,22,985
132,22,115
133,22,518
134,22,650
135,22,171
136,22,905
137,22,841
138,22,107
139,22,626
140,22,250
141,22,695
142,22,479
143,22,114
144,22,172
145,22,723
146,22,815
147,22,242
148,22,190
149,22,139
150,22,638
151,22,550
152,22,502
153,22,478
154,22,334
155,22,404
156,22,261
157,22,952
158,22,656
159,22,721
160,22,203
161,22,472
162,22,504
163,22,98
164,22,437
165,22,101
166,22,373
167,22,902
168,22,553
169,22,657
170,22,559
171,22,473
172,22,210
173,22,329
174,22,707
175,22,819
176,22,140
177,22,654
178,22,878
179,22,204
180,22,969
181,22,922
182,22,624
183,22,414
184,22,229
185,22,369
186,22,847
187,22,86
188,22,256
189,22,743
190,22,339
191,22,468
192,22,463
193,22,870
194,22,579
195,22,939
196,22,233
197,22,955
198,22,587
199,22,342
200,22,537
201,22,594
202,22,820
203,22,483
204,22,338
205,22,52
206,22,709
207,22,201
208,22,571
209,22,659
210,22,215
211,22,698
212,22,610
213,22,20
214,22,279
215,22,51
216,22,916
217,22,772
218,22,565
219,22,449
220,22,1013
221,22,266
222,22,156
223,22,433
224,22,435
225,22,325
226,22,601
227,22,984
228,22,322
229,22,546
230,22,251
231,22,27
232,22,353
233,22,344
234,22,728
235,22,219
236,22,733
237,22,84
238,22,642
239,22,301
240,22,306
241,22,494
242,22,630
243,22,795
244,22,532
245,22,770
246,22,658
247,22,521
248,22,112
249,22,318
250,22,324
251,22,982
252,22,186
253,22,48
254,22,148
255,22,450
256,22,179
257,22,830
258,22,5
259,22,1001
260,22,225
261,22,632
262,22,699
263,22,286
264,22,821
265,22,460
266,22,127
267,22,267
268,22,234
269,22,596
270,22,390
271,22,686
272,22,662
273,22,317
274,22,498
275,22,214
276,22,211
277,22,547
278,22,439
279,22,794
280,22,951
281,22,297
282,22,217
283,22,836
284,22,514
285,22,299
286,22,930
287,22,665
288,22,842
289,22,810
290,22,497
291,22,200
292,22,562
293,22,239
294,22,538
295,22,598
296,22,309
297,22,535
298,22,240
299,22,50
300,22,173
301,22,430
302,22,41
303,22,725
304,22,443
305,22,403
306,22,817
307,22,227
308,22,340
309,22,419
310,22,753
311,22,493
312,22,315
313,22,401
314,22,515
315,22,813
316,22,119
317,22,371
318,22,628
319,22,661
320,22,440
321,22,441
322,22,526
323,22,464
324,22,8
325,22,197
326,22,330
327,22,722
328,22,269
329,22,278
330,22,333
331,22,671
332,22,983
333,22,581
334,22,792
335,22,752
336,22,228
337,22,302
338,22,70
339,22,701
340,22,956
341,22,623
342,22,368
343,22,263
344,22,447
345,22,1005
346,22,444
347,22,631
348,22,737
349,22,977
350,22,244
351,22,445
352,22,976
353,22,341
354,22,442
355,22,708
356,22,669
357,22,799
358,22,519
359,22,467
360,22,289
361,22,525
362,22,1012
363,22,471
364,22,569
365,22,923
366,22,492
367,22,272
368,22,781
369,22,609
370,22,109
371,22,954
372,22,106
373,22,589
374,22,45
375,22,826
376,22,751
377,22,305
378,22,849
379,22,355
380,22,592
381,22,612
382,22,868
383,22,402
384,22,648
385,22,273
386,22,568
387,22,793
388,22,892
389,22,578
390,22,310
391,22,947
392,22,738
393,22,944
394,22,731
395,22,287
396,22,202
397,22,940
398,22,434
399,22,207
0,23,490
1,23,279
2,23,434
3,23,528
4,23,661
5,23,987
6,23,1005
7,23,656
8,23,311
9,23,460
10,23,556
11,23,338
12,23,535
13,23,786
14,23,645
15,23,619
16,23,721
17,23,784
18,23,522
19,23,469
20,23,684
21,23,97
22,23,431
23,23,116
24,23,713
25,23,660
26,23,509
27,23,287
28,23,901
29,23,110
30,23,492
31,23,396
32,23,982
33,23,253
34,23,772
35,23,277
36,23,559
37,23,541
38,23,693
39,23,717
40,23,997
41,23,692
42,23,665
43,23,142
44,23,164
45,23,650
46,23,626
47,23,221
48,23,690
49,23,767
50,23,240
51,23,461
52,23,749
53,23,519
54,23,933
55,23,977
56,23,565
57,23,297
58,23,244
59,23,659
60,23,554
61,23,477
62,23,712
63,23,847
64,23,775
65,23,808
66,23,498
67,23,877
68,23,432
69,23,750
70,23,632
71,23,267
72,23,649
73,23,818
74,23,207
75,23,506
76,23,616
77,23,273
78,23,905
79,23,722
80,23,412
81,23,803
82,23,307
83,23,354
84,23,283
85,23,564
86,23,542
87,23,246
88,23,911
89,23,683
90,23,648
91,23,458
92,23,627
93,23,220
94,23,629
95,23,887
96,23,250
97,23,883
98,23,561
99,23,587
100,23,1006
101,23,771
102,23,534
103,23,652
104,23,691
105,23,614
106,23,74
107,23,170
108,23,263
109,23,624
110,23,317
111,23,483
112,23,189
113,23,790
114,23,436
115,23,419
116,23,47
117,23,204
118,23,256
119,23,600
120,23,868
121,23,399
122,23,589
123,23,748
124,23,265
125,23,335
126,23,20
127,23,355
128,23,585
129,23,212
130,23,398
131,23,985
132,23,114
133,23,518
134,23,618
135,23,172
136,23,904
137,23,873
138,23,106
139,23,594
140,23,218
141,23,694
142,23,511
143,23,146
144,23,173
145,23,723
146,23,816
147,23,242
148,23,190
149,23,107
150,23,637
151,23,550
152,23,502
153,23,478
154,23,302
155,23,405
156,23,229
157,23,952
158,23,688
159,23,753
160,23,171
161,23,471
162,23,472
163,23,98
164,23,437
165,23,69
166,23,373
167,23,934
168,23,552
169,23,625
170,23,527
171,23,505
172,23,209
173,23,328
174,23,739
175,23,820
176,23,141
177,23,654
178,23,878
179,23,203
180,23,1001
181,23,921
182,23,623
183,23,414
184,23,230
185,23,401
186,23,815
187,23,54
188,23,257
189,23,743
190,23,371
191,23,468
192,23,462
193,23,902
194,23,579
195,23,938
196,23,233
197,23,956
198,23,588
199,23,341
200,23,538
201,23,595
202,23,852
203,23,515
204,23,306
205,23,84
206,23,709
207,23,201
208,23,571
209,23,658
210,23,216
211,23,699
212,23,642
213,23,52
214,23,278
215,23,19
216,23,916
217,23,740
218,23,566
219,23,481
220,23,1014
221,23,234
222,23,156
223,23,433
224,23,467
225,23,324
226,23,633
227,23,1016
228,23,290
229,23,578
230,23,251
231,23,27
232,23,321
233,23,312
234,23,760
235,23,219
236,23,701
237,23,85
238,23,674
239,23,333
240,23,274
241,23,526
242,23,598
243,23,796
244,23,532
245,23,802
246,23,657
247,23,489
248,23,112
249,23,350
250,23,323
251,23,981
252,23,187
253,23,49
254,23,148
255,23,418
256,23,211
257,23,829
258,23,5
259,23,1000
260,23,193
261,23,631
262,23,731
263,23,318
264,23,822
265,23,428
266,23,127
267,23,266
268,23,235
269,23,596
270,23,390
271,23,685
272,23,630
273,23,285
274,23,497
275,23,214
276,23,210
277,23,546
278,23,407
279,23,795
280,23,951
281,23,329
282,23,217
283,23,837
284,23,482
285,23,299
286,23,930
287,23,697
288,23,842
289,23,778
290,23,465
291,23,200
292,23,562
293,23,238
294,23,539
295,23,597
296,23,309
297,23,503
298,23,241
299,23,51
300,23,205
301,23,429
302,23,41
303,23,725
304,23,475
305,23,402
306,23,817
307,23,259
308,23,308
309,23,420
310,23,752
311,23,494
312,23,315
313,23,400
314,23,547
315,23,813
316,23,119
317,23,403
318,23,628
319,23,662
320,23,441
321,23,473
322,23,525
323,23,496
324,23,8
325,23,197
326,23,331
327,23,754
328,23,237
329,23,310
330,23,334
331,23,639
332,23,984
333,23,613
334,23,792
335,23,720
336,23,228
337,23,301
338,23,70
339,23,700
340,23,988
341,23,655
342,23,369
343,23,231
344,23,479
345,23,1004
346,23,476
347,23,599
348,23,737
349,23,976
350,23,276
351,23,413
352,23,944
353,23,340
354,23,442
355,23,707
356,23,669
357,23,799
358,23,520
359,23,499
360,23,288
361,23,493
362,23,1012
363,23,439
364,23,601
365,23,924
366,23,491
367,23,272
368,23,780
369,23,609
370,23,108
371,23,922
372,23,138
373,23,590
374,23,45
375,23,826
376,23,751
377,23,304
378,23,849
379,23,387
380,23,560
381,23,580
382,23,836
383,23,370
384,23,680
385,23,305
386,23,568
387,23,794
388,23,892
389,23,610
390,23,342
391,23,948
392,23,770
393,23,943
394,23,732
395,23,286
396,23,202
397,23,908
398,23,435
399,23,208
0,24,458
1,24,278
2,24,435
3,24,527
4,24,662
5,24,955
6,24,1006
7,24,657
8,24,311
9,24,428
10,24,557
11,24,306
12,24,503
13,24,786
14,24,646
15,24,618
16,24,720
17,24,816
18,24,521
19,24,470
20,24,716
21,24,65
22,24,399
23,24,84
24,24,713
25,24,628
26,24,508
27,24,287
28,24,901
29,24,78
30,24,460
31,24,396
32,24,981
33,24,221
34,24,740
35,24,245
36,24,560
37,24,509
38,24,692
39,24,717
40,24,997
41,24,660
42,24,665
43,24,110
44,24,132
45,24,649
46,24,625
47,24,189
48,24,691
49,24,767
50,24,272
51,24,493
52,24,750
53,24,487
54,24,933
55,24,976
56,24,566
57,24,298
58,24,276
59,24,658
60,24,553
61,24,445
62,24,744
63,24,847
64,24,775
65,24,776
66,24,497
67,24,877
68,24,432
69,24,782
70,24,631
71,24,267
72,24,648
73,24,850
74,24,207
75,24,507
76,24,616
77,24,241
78,24,904
79,24,721
80,24,444
81,24,804
82,24,307
83,24,322
84,24,283
85,24,565
86,24,574
87,24,214
88,24,910
89,24,684
90,24,680
91,24,426
92,24,626
93,24,220
94,24,661
95,24,887
96,24,251
97,24,883
98,24,561
99,24,619
100,24,1007
101,24,770
102,24,533
103,24,652
104,24,659
105,24,614
106,24,74
107,24,171
108,24,264
109,24,623
110,24,285
111,24,482
112,24,157
113,24,790
114,24,404
115,24,418
116,24,48
117,24,172
118,24,224
119,24,601
120,24,868
121,24,367
122,24,621
123,24,748
124,24,266
125,24,334
126,24,19
127,24,387
128,24,586
129,24,211
130,24,430
131,24,986
132,24,113
133,24,518
134,24,650
135,24,140
136,24,872
137,24,874
138,24,105
139,24,595
140,24,250
141,24,693
142,24,511
143,24,114
144,24,173
145,24,723
146,24,817
147,24,242
148,24,190
149,24,106
150,24,637
151,24,550
152,24,534
153,24,510
154,24,301
155,24,437
156,24,230
157,24,952
158,24,656
159,24,785
160,24,139
161,24,472
162,24,440
163,24,98
164,24,469
165,24,37
166,24,374
167,24,902
168,24,584
169,24,624
170,24,526
171,24,537
172,24,208
173,24,327
174,24,738
175,24,821
176,24,142
177,24,655
178,24,878
179,24,235
180,24,1002
181,24,921
182,24,622
183,24,413
184,24,231
185,24,433
186,24,814
187,24,22
188,24,256
189,24,743
190,24,403
191,24,467
192,24,463
193,24,903
194,24,580
195,24,938
196,24,265
197,24,957
198,24,556
199,24,373
200,24,506
201,24,627
202,24,884
203,24,547
204,24,274
205,24,85
206,24,709
207,24,233
208,24,571
209,24,690
210,24,217
211,24,667
212,24,674
213,24,20
214,24,246
215,24,51
216,24,916
217,24,708
218,24,567
219,24,513
220,24,982
221,24,202
222,24,156
223,24,465
224,24,499
225,24,323
226,24,632
227,24,1017
228,24,290
229,24,610
230,24,219
231,24,27
232,24,289
233,24,280
234,24,792
235,24,218
236,24,669
237,24,86
238,24,706
239,24,333
240,24,273
241,24,494
242,24,599
243,24,797
244,24,532
245,24,834
246,24,689
247,24,457
248,24,112
249,24,351
250,24,291
251,24,1013
252,24,188
253,24,50
254,24,148
255,24,386
256,24,243
257,24,861
258,24,5
259,24,999
260,24,161
261,24,630
262,24,763
263,24,350
264,24,823
265,24,429
266,24,127
267,24,234
268,24,236
269,24,596
270,24,390
271,24,653
272,24,598
273,24,253
274,24,529
275,24,213
276,24,209
277,24,545
278,24,408
279,24,796
280,24,951
281,24,328
282,24,249
283,24,869
284,24,450
285,24,299
286,24,930
287,24,697
288,24,842
289,24,777
290,24,466
291,24,201
292,24,594
293,24,206
294,24,540
295,24,597
296,24,341
297,24,471
298,24,240
299,24,52
300,24,204
301,24,461
302,24,41
303,24,725
304,24,476
305,24,370
306,24,818
307,24,259
308,24,309
309,24,420
310,24,753
311,24,462
312,24,315
313,24,368
314,24,579
315,24,813
316,24,119
317,24,402
318,24,629
319,24,694
320,24,442
321,24,505
322,24,524
323,24,496
324,24,8
325,24,197
326,24,332
327,24,722
328,24,205
329,24,342
330,24,302
331,24,607
332,24,985
333,24,645
334,24,791
335,24,688
336,24,228
337,24,269
338,24,70
339,24,701
340,24,987
341,24,687
342,24,401
343,24,199
344,24,478
345,24,1005
346,24,477
347,24,600
348,24,737
349,24,944
350,24,277
351,24,381
352,24,912
353,24,339
354,24,474
355,24,707
356,24,668
357,24,799
358,24,552
359,24,498
360,24,320
361,24,492
362,24,1012
363,24,407
364,24,633
365,24,925
366,24,490
367,24,304
368,24,779
369,24,609
370,24,107
371,24,922
372,24,138
373,24,589
374,24,45
375,24,826
376,24,751
377,24,303
378,24,849
379,24,419
380,24,592
381,24,548
382,24,835
383,24,371
384,24,681
385,24,305
386,24,568
387,24,795
388,24,892
389,24,642
390,24,343
391,24,949
392,24,802
393,24,942
394,24,733
395,24,286
396,24,203
397,24,876
398,24,436
399,24,176
0,25,426
1,25,246
2,25,436
3,25,526
4,25,663
5,25,954
6,25,1006
7,25,625
8,25,311
9,25,460
10,25,589
11,25,274
12,25,471
13,25,786
14,25,647
15,25,650
16,25,752
17,25,848
18,25,520
19,25,438
20,25,715
21,25,33
22,25,398
23,25,116
24,25,713
25,25,596
26,25,509
27,25,287
28,25,901
29,25,110
30,25,461
31,25,396
32,25,1013
33,25,189
34,25,708
35,25,213
36,25,528
37,25,510
38,25,691
39,25,717
40,25,997
41,25,628
42,25,666
43,25,109
44,25,100
45,25,648
46,25,624
47,25,188
48,25,659
49,25,767
50,25,273
51,25,525
52,25,782
53,25,487
54,25,933
55,25,944
56,25,534
57,25,266
58,25,277
59,25,657
60,25,585
61,25,477
62,25,776
63,25,847
64,25,775
65,25,777
66,25,529
67,25,877
68,25,432
69,25,814
70,25,630
71,25,299
72,25,680
73,25,882
74,25,175
75,25,506
76,25,615
77,25,240
78,25,872
79,25,753
80,25,476
81,25,805
82,25,306
83,25,290
84,25,283
85,25,597
86,25,606
87,25,215
88,25,909
89,25,685
90,25,712
91,25,394
92,25,658
93,25,220
94,25,662
95,25,887
96,25,252
97,25,883
98,25,562
99,25,618
100,25,1008
101,25,769
102,25,565
103,25,652
104,25,660
105,25,614
106,25,74
107,25,139
108,25,265
109,25,623
110,25,253
111,25,450
112,25,158
113,25,790
114,25,405
115,25,417
116,25,49
117,25,140
118,25,225
119,25,602
120,25,868
121,25,399
122,25,622
123,25,748
124,25,234
125,25,334
126,25,19
127,25,419
128,25,587
129,25,210
130,25,429
131,25,1018
132,25,81
133,25,518
134,25,651
135,25,108
136,25,840
137,25,875
138,25,104
139,25,563
140,25,250
141,25,692
142,25,511
143,25,114
144,25,173
145,25,724
146,25,818
147,25,243
148,25,190
149,25,105
150,25,638
151,25,550
152,25,533
153,25,542
154,25,269
155,25,469
156,25,231
157,25,952
158,25,656
159,25,785
160,25,138
161,25,504
162,25,408
163,25,98
164,25,468
165,25,36
166,25,342
167,25,870
168,25,616
169,25,592
170,25,494
171,25,538
172,25,207
173,25,295
174,25,770
175,25,822
176,25,174
177,25,655
178,25,878
179,25,267
180,25,1003
181,25,921
182,25,654
183,25,445
184,25,263
185,25,465
186,25,813
187,25,21
188,25,256
189,25,743
190,25,404
191,25,466
192,25,431
193,25,935
194,25,580
195,25,938
196,25,297
197,25,957
198,25,557
199,25,341
200,25,474
201,25,626
202,25,916
203,25,579
204,25,242
205,25,86
206,25,709
207,25,201
208,25,571
209,25,722
210,25,218
211,25,667
212,25,706
213,25,52
214,25,245
215,25,51
216,25,915
217,25,707
218,25,566
219,25,514
220,25,983
221,25,170
222,25,157
223,25,497
224,25,531
225,25,355
226,25,631
227,25,1017
228,25,291
229,25,642
230,25,251
231,25,27
232,25,288
233,25,281
234,25,793
235,25,219
236,25,637
237,25,87
238,25,738
239,25,332
240,25,241
241,25,462
242,25,567
243,25,798
244,25,532
245,25,835
246,25,721
247,25,458
248,25,112
249,25,350
250,25,323
251,25,1014
252,25,156
253,25,50
254,25,148
255,25,354
256,25,244
257,25,893
258,25,5
259,25,967
260,25,129
261,25,629
262,25,763
263,25,382
264,25,824
265,25,428
266,25,127
267,25,235
268,25,236
269,25,595
270,25,390
271,25,621
272,25,599
273,25,254
274,25,561
275,25,214
276,25,208
277,25,545
278,25,407
279,25,797
280,25,951
281,25,327
282,25,217
283,25,869
284,25,418
285,25,298
286,25,930
287,25,697
288,25,842
289,25,745
290,25,434
291,25,202
292,25,594
293,25,205
294,25,541
295,25,598
296,25,340
297,25,472
298,25,239
299,25,84
300,25,203
301,25,493
302,25,41
303,25,693
304,25,508
305,25,338
306,25,819
307,25,259
308,25,310
309,25,420
310,25,754
311,25,430
312,25,315
313,25,367
314,25,578
315,25,781
316,25,119
317,25,401
318,25,661
319,25,695
320,25,443
321,25,537
322,25,523
323,25,496
324,25,8
325,25,197
326,25,364
327,25,723
328,25,204
329,25,343
330,25,301
331,25,575
332,25,986
333,25,646
334,25,792
335,25,720
336,25,228
337,25,237
338,25,70
339,25,701
340,25,987
341,25,688
342,25,433
343,25,167
344,25,479
345,25,1005
346,25,478
347,25,601
348,25,737
349,25,912
350,25,278
351,25,349
352,25,880
353,25,371
354,25,442
355,25,675
356,25,700
357,25,799
358,25,552
359,25,499
360,25,352
361,25,491
362,25,1012
363,25,375
364,25,665
365,25,925
366,25,522
367,25,272
368,25,778
369,25,610
370,25,106
371,25,922
372,25,137
373,25,588
374,25,45
375,25,826
376,25,751
377,25,302
378,25,849
379,25,451
380,25,560
381,25,516
382,25,803
383,25,403
384,25,682
385,25,305
386,25,568
387,25,796
388,25,892
389,25,674
390,25,344
391,25,981
392,25,834
393,25,941
394,25,765
395,25,286
396,25,171
397,25,844
398,25,437
399,25,177
0,26,394
1,26,214
2,26,437
3,26,525
4,26,631
5,26,954
6,26,1006
7,26,626
8,26,311
9,26,459
10,26,590
11,26,242
12,26,439
13,26,786
14,26,648
15,26,650
16,26,784
17,26,880
18,26,520
19,26,406
20,26,715
21,26,1
22,26,430
23,26,84
24,26,714
25,26,597
26,26,510
27,26,287
28,26,901
29,26,142
30,26,462
31,26,428
32,26,1013
33,26,188
34,26,707
35,26,181
36,26,496
37,26,478
38,26,690
39,26,717
40,26,997
41,26,596
42,26,698
43,26,77
44,26,68
45,26,680
46,26,624
47,26,187
48,26,660
49,26,767
50,26,272
51,26,557
52,26,783
53,26,487
54,26,933
55,26,943
56,26,566
57,26,267
58,26,278
59,26,625
60,26,617
61,26,476
62,26,808
63,26,847
64,26,775
65,26,745
66,26,528
67,26,877
68,26,432
69,26,782
70,26,629
71,26,331
72,26,681
73,26,914
74,26,175
75,26,506
76,26,647
77,26,239
78,26,840
79,26,752
80,26,508
81,26,806
82,26,305
83,26,291
84,26,283
85,26,598
86,26,607
87,26,183
88,26,908
89,26,686
90,26,713
91,26,362
92,26,659
93,26,220
94,26,694
95,26,887
96,26,252
97,26,883
98,26,563
99,26,618
100,26,1009
101,26,769
102,26,564
103,26,652
104,26,661
105,26,614
106,26,74
107,26,107
108,26,266
109,26,655
110,26,221
111,26,449
112,26,126
113,26,790
114,26,404
115,26,418
116,26,50
117,26,108
118,26,193
119,26,603
120,26,868
121,26,367
122,26,623
123,26,748
124,26,202
125,26,334
126,26,20
127,26,451
128,26,588
129,26,210
130,26,461
131,26,986
132,26,49
133,26,518
134,26,619
135,26,109
136,26,839
137,26,876
138,26,103
139,26,531
140,26,250
141,26,724
142,26,511
143,26,114
144,26,172
145,26,723
146,26,819
147,26,243
148,26,190
149,26,104
150,26,639
151,26,550
152,26,534
153,26,541
154,26,237
155,26,501
156,26,199
157,26,952
158,26,657
159,26,785
160,26,106
161,26,504
162,26,408
163,26,98
164,26,467
165,26,35
166,26,341
167,26,838
168,26,615
169,26,560
170,26,526
171,26,537
172,26,206
173,26,263
174,26,802
175,26,854
176,26,174
177,26,656
178,26,878
179,26,299
180,26,1003
181,26,921
182,26,653
183,26,477
184,26,231
185,26,466
186,26,845
187,26,21
188,26,257
189,26,743
190,26,436
191,26,498
192,26,399
193,26,936
194,26,580
195,26,938
196,26,329
197,26,958
198,26,558
199,26,309
200,26,442
201,26,658
202,26,948
203,26,578
204,26,241
205,26,87
206,26,709
207,26,200
208,26,571
209,26,754
210,26,218
211,26,667
212,26,738
213,26,52
214,26,213
215,26,19
216,26,916
217,26,739
218,26,565
219,26,546
220,26,984
221,26,171
222,26,158
223,26,529
224,26,532
225,26,387
226,26,630
227,26,1018
228,26,292
229,26,674
230,26,251
231,26,27
232,26,256
233,26,249
234,26,793
235,26,219
236,26,638
237,26,88
238,26,770
239,26,364
240,26,209
241,26,494
242,26,535
243,26,798
244,26,533
245,26,836
246,26,720
247,26,426
248,26,112
249,26,318
250,26,324
251,26,1014
252,26,157
253,26,51
254,26,148
255,26,353
256,26,276
257,26,925
258,26,5
259,26,966
260,26,97
261,26,628
262,26,763
263,26,414
264,26,825
265,26,460
266,26,127
267,26,234
268,26,204
269,26,627
270,26,390
271,26,589
272,26,600
273,26,255
274,26,561
275,26,215
276,26,176
277,26,545
278,26,407
279,26,796
280,26,951
281,26,326
282,26,216
283,26,869
284,26,386
285,26,298
286,26,930
287,26,697
288,26,842
289,26,744
290,26,402
291,26,201
292,26,594
293,26,173
294,26,540
295,26,599
296,26,339
297,26,471
298,26,207
299,26,85
300,26,235
301,26,492
302,26,41
303,26,693
304,26,509
305,26,306
306,26,820
307,26,259
308,26,342
309,26,420
310,26,755
311,26,429
312,26,315
313,26,335
314,26,610
315,26,813
316,26,119
317,26,400
318,26,662
319,26,727
320,26,475
321,26,569
322,26,522
323,26,497
324,26,8
325,26,197
326,26,396
327,26,722
328,26,203
329,26,344
330,26,269
331,26,574
332,26,987
333,26,646
334,26,792
335,26,688
336,26,228
337,26,236
338,26,70
339,26,701
340,26,1019
341,26,689
342,26,465
343,26,166
344,26,447
345,26,1005
346,26,479
347,26,602
348,26,737
349,26,944
350,26,310
351,26,317
352,26,912
353,26,370
354,26,441
355,26,675
356,26,732
357,26,799
358,26,552
359,26,499
360,26,352
361,26,491
362,26,1012
363,26,343
364,26,666
365,26,957
366,26,554
367,26,240
368,26,746
369,26,609
370,26,105
371,26,922
372,26,138
373,26,556
374,26,45
375,26,826
376,26,751
377,26,301
378,26,849
379,26,483
380,26,559
381,26,515
382,26,771
383,26,435
384,26,682
385,26,273
386,26,568
387,26,828
388,26,892
389,26,706
390,26,376
391,26,982
392,26,835
393,26,940
394,26,797
395,26,286
396,26,139
397,26,812
398,26,405
399,26,178
0,27,362
1,27,215
2,27,405
3,27,524
4,27,599
5,27,954
6,27,1006
7,27,594
8,27,310
9,27,460
10,27,558
11,27,241
12,27,407
13,27,785
14,27,649
15,27,618
16,27,784
17,27,912
18,27,520
19,27,374
20,27,714
21,27,0
22,27,398
23,27,84
24,27,713
25,27,565
26,27,509
27,27,287
28,27,901
29,27,142
30,27,430
31,27,429
32,27,1013
33,27,187
34,27,675
35,27,149
36,27,464
37,27,479
38,27,689
39,27,717
40,27,997
41,27,597
42,27,697
43,27,109
44,27,67
45,27,679
46,27,656
47,27,155
48,27,661
49,27,767
50,27,272
51,27,589
52,27,783
53,27,487
54,27,933
55,27,942
56,27,567
57,27,266
58,27,279
59,27,624
60,27,616
61,27,477
62,27,840
63,27,847
64,27,775
65,27,744
66,27,527
67,27,877
68,27,432
69,27,750
70,27,628
71,27,330
72,27,681
73,27,946
74,27,207
75,27,506
76,27,648
77,27,238
78,27,839
79,27,751
80,27,540
81,27,806
82,27,304
83,27,259
84,27,283
85,27,566
86,27,639
87,27,184
88,27,940
89,27,686
90,27,745
91,27,361
92,27,658
93,27,188
94,27,695
95,27,887
96,27,252
97,27,883
98,27,531
99,27,617
100,27,1010
101,27,769
102,27,563
103,27,652
104,27,662
105,27,614
106,27,106
107,27,108
108,27,234
109,27,654
110,27,220
111,27,449
112,27,94
113,27,790
114,27,403
115,27,450
116,27,51
117,27,76
118,27,161
119,27,604
120,27,900
121,27,335
122,27,623
123,27,748
124,27,203
125,27,302
126,27,21
127,27,483
128,27,556
129,27,242
130,27,462
131,27,987
132,27,48
133,27,518
134,27,619
135,27,110
136,27,807
137,27,908
138,27,102
139,27,499
140,27,250
141,27,724
142,27,510
143,27,114
144,27,173
145,27,691
146,27,820
147,27,243
148,27,190
149,27,103
150,27,638
151,27,550
152,27,535
153,27,542
154,27,236
155,27,533
156,27,167
157,27,952
158,27,625
159,27,753
160,27,105
161,27,504
162,27,409
163,27,98
164,27,435
165,27,35
166,27,309
167,27,838
168,27,647
169,27,561
170,27,494
171,27,505
172,27,205
173,27,231
174,27,834
175,27,854
176,27,174
177,27,688
178,27,878
179,27,331
180,27,1003
181,27,921
182,27,685
183,27,478
184,27,230
185,27,467
186,27,844
187,27,22
188,27,256
189,27,743
190,27,437
191,27,497
192,27,367
193,27,968
194,27,580
195,27,938
196,27,329
197,27,959
198,27,526
199,27,308
200,27,410
201,27,690
202,27,980
203,27,610
204,27,209
205,27,88
206,27,709
207,27,201
208,27,571
209,27,786
210,27,218
211,27,667
212,27,770
213,27,20
214,27,212
215,27,19
216,27,916
217,27,740
218,27,564
219,27,578
220,27,985
221,27,139
222,27,157
223,27,528
224,27,532
225,27,419
226,27,629
227,27,986
228,27,293
229,27,706
230,27,251
231,27,27
232,27,224
233,27,217
234,27,825
235,27,219
236,27,606
237,27,89
238,27,802
239,27,363
240,27,208
241,27,493
242,27,503
243,27,797
244,27,534
245,27,868
246,27,752
247,27,394
248,27,112
249,27,318
250,27,325
251,27,982
252,27,189
253,27,52
254,27,148
255,27,321
256,27,277
257,27,957
258,27,5
259,27,965
260,27,65
261,27,627
262,27,763
263,27,413
264,27,826
265,27,428
266,27,127
267,27,235
268,27,172
269,27,659
270,27,390
271,27,588
272,27,601
273,27,223
274,27,529
275,27,183
276,27,175
277,27,545
278,27,408
279,27,796
280,27,951
281,27,294
282,27,216
283,27,869
284,27,354
285,27,299
286,27,930
287,27,665
288,27,842
289,27,712
290,27,370
291,27,202
292,27,595
293,27,141
294,27,541
295,27,598
296,27,338
297,27,471
298,27,239
299,27,86
300,27,267
301,27,491
302,27,41
303,27,693
304,27,508
305,27,274
306,27,821
307,27,260
308,27,343
309,27,420
310,27,723
311,27,461
312,27,315
313,27,334
314,27,642
315,27,813
316,27,119
317,27,399
318,27,694
319,27,728
320,27,476
321,27,569
322,27,554
323,27,496
324,27,8
325,27,197
326,27,396
327,27,722
328,27,171
329,27,376
330,27,237
331,27,574
332,27,988
333,27,646
334,27,792
335,27,687
336,27,228
337,27,204
338,27,70
339,27,701
340,27,1018
341,27,657
342,27,465
343,27,134
344,27,447
345,27,1005
346,27,511
347,27,603
348,27,737
349,27,976
350,27,342
351,27,285
352,27,944
353,27,369
354,27,442
355,27,674
356,27,733
357,27,799
358,27,552
359,27,498
360,27,353
361,27,459
362,27,1012
363,27,311
364,27,698
365,27,958
366,27,553
367,27,240
368,27,746
369,27,609
370,27,104
371,27,922
372,27,138
373,27,555
374,27,45
375,27,794
376,27,719
377,27,333
378,27,849
379,27,515
380,27,559
381,27,514
382,27,739
383,27,436
384,27,682
385,27,305
386,27,568
387,27,828
388,27,892
389,27,707
390,27,375
391,27,983
392,27,836
393,27,972
394,27,829
395,27,286
396,27,107
397,27,780
398,27,406
399,27,210
0,28,330
1,28,183
2,28,406
3,28,523
4,28,600
5,28,954
6,28,1006
7,28,595
8,28,311
9,28,492
10,28,557
11,28,240
12,28,375
13,28,786
14,28,650
15,28,618
16,28,784
17,28,944
18,28,520
19,28,342
20,28,713
21,28,0
22,28,430
23,28,116
24,28,681
25,28,533
26,28,508
27,28,287
28,28,901
29,28,142
30,28,431
31,28,429
32,28,1013
33,28,155
34,28,643
35,28,149
36,28,465
37,28,479
38,28,688
39,28,717
40,28,997
41,28,598
42,28,665
43,28,109
44,28,67
45,28,711
46,28,655
47,28,154
48,28,662
49,28,767
50,28,304
51,28,621
52,28,783
53,28,487
54,28,933
55,28,941
56,28,568
57,28,265
58,28,280
59,28,592
60,28,648
61,28,445
62,28,872
63,28,847
64,28,776
65,28,712
66,28,559
67,28,877
68,28,432
69,28,749
70,28,627
71,28,331
72,28,649
73,28,978
74,28,175
75,28,506
76,28,647
77,28,238
78,28,807
79,28,750
80,28,541
81,28,806
82,28,303
83,28,227
84,28,283
85,28,566
86,28,638
87,28,185
88,28,972
89,28,686
90,28,777
91,28,329
92,28,657
93,28,189
94,28,727
95,28,887
96,28,252
97,28,883
98,28,499
99,28,617
100,28,1011
101,28,770
102,28,563
103,28,652
104,28,630
105,28,614
106,28,138
107,28,108
108,28,235
109,28,654
110,28,188
111,28,449
112,28,93
113,28,790
114,28,435
115,28,450
116,28,52
117,28,44
118,28,129
119,28,605
120,28,900
121,28,336
122,28,624
123,28,716
124,28,204
125,28,334
126,28,20
127,28,484
128,28,524
129,28,241
130,28,461
131,28,1019
132,28,16
133,28,518
134,28,619
135,28,78
136,28,775
137,28,909
138,28,101
139,28,467
140,28,250
141,28,692
142,28,509
143,28,114
144,28,172
145,28,723
146,28,852
147,28,243
148,28,190
149,28,102
150,28,637
151,28,550
152,28,567
153,28,510
154,28,237
155,28,534
156,28,168
157,28,952
158,28,626
159,28,785
160,28,104
161,28,504
162,28,377
163,28,98
164,28,434
165,28,35
166,28,277
167,28,838
168,28,646
169,28,562
170,28,462
171,28,473
172,28,173
173,28,199
174,28,866
175,28,854
176,28,206
177,28,656
178,28,878
179,28,299
180,28,1003
181,28,921
182,28,684
183,28,478
184,28,229
185,28,468
186,28,843
187,28,21
188,28,256
189,28,743
190,28,469
191,28,529
192,28,335
193,28,969
194,28,580
195,28,938
196,28,297
197,28,958
198,28,527
199,28,309
200,28,410
201,28,722
202,28,980
203,28,642
204,28,177
205,28,89
206,28,709
207,28,201
208,28,571
209,28,818
210,28,218
211,28,667
212,28,802
213,28,19
214,28,211
215,28,51
216,28,916
217,28,772
218,28,565
219,28,578
220,28,953
221,28,107
222,28,156
223,28,560
224,28,564
225,28,451
226,28,661
227,28,987
228,28,294
229,28,738
230,28,251
231,28,27
232,28,225
233,28,216
234,28,857
235,28,219
236,28,574
237,28,121
238,28,834
239,28,362
240,28,207
241,28,494
242,28,471
243,28,796
244,28,535
245,28,869
246,28,751
247,28,393
248,28,112
249,28,318
250,28,325
251,28,982
252,28,221
253,28,84
254,28,148
255,28,289
256,28,278
257,28,956
258,28,5
259,28,965
260,28,33
261,28,659
262,28,763
263,28,413
264,28,827
265,28,460
266,28,127
267,28,203
268,28,140
269,28,691
270,28,390
271,28,587
272,28,602
273,28,223
274,28,528
275,28,151
276,28,174
277,28,545
278,28,407
279,28,828
280,28,951
281,28,326
282,28,215
283,28,837
284,28,353
285,28,267
286,28,930
287,28,666
288,28,842
289,28,680
290,28,338
291,28,202
292,28,596
293,28,141
294,28,573
295,28,599
296,28,306
297,28,472
298,28,239
299,28,87
300,28,266
301,28,490
302,28,41
303,28,694
304,28,476
305,28,273
306,28,821
307,28,292
308,28,344
309,28,420
310,28,724
311,28,493
312,28,315
313,28,333
314,28,674
315,28,813
316,28,119
317,28,367
318,28,695
319,28,728
320,28,477
321,28,601
322,28,553
323,28,496
324,28,8
325,28,197
326,28,428
327,28,754
328,28,139
329,28,408
330,28,205
331,28,542
332,28,989
333,28,678
334,28,792
335,28,687
336,28,228
337,28,236
338,28,70
339,28,701
340,28,1017
341,28,625
342,28,466
343,28,134
344,28,447
345,28,1005
346,28,511
347,28,604
348,28,737
349,28,976
350,28,310
351,28,253
352,28,945
353,28,368
354,28,442
355,28,706
356,28,765
357,28,799
358,28,584
359,28,498
360,28,385
361,28,459
362,28,1012
363,28,279
364,28,730
365,28,957
366,28,552
367,28,208
368,28,714
369,28,610
370,28,103
371,28,922
372,28,137
373,28,554
374,28,45
375,28,826
376,28,719
377,28,332
378,28,849
379,28,547
380,28,558
381,28,482
382,28,707
383,28,437
384,28,682
385,28,305
386,28,536
387,28,829
388,28,892
389,28,708
390,28,343
391,28,984
392,28,868
393,28,1004
394,28,830
395,28,286
396,28,75
397,28,748
398,28,374
399,28,242
0,29,330
1,29,151
2,29,407
3,29,555
4,29,601
5,29,954
6,29,1006
7,29,596
8,29,311
9,29,524
10,29,557
11,29,239
12,29,375
13,29,785
14,29,651
15,29,618
16,29,784
17,29,976
18,29,520
19,29,343
20,29,712
21,29,0
22,29,429
23,29,116
24,29,681
25,29,501
26,29,476
27,29,287
28,29,901
29,29,110
30,29,399
31,29,461
32,29,1013
33,29,154
34,29,643
35,29,149
36,29,466
37,29,479
38,29,720
39,29,717
40,29,997
41,29,599
42,29,665
43,29,109
44,29,67
45,29,710
46,29,687
47,29,153
48,29,630
49,29,767
50,29,336
51,29,653
52,29,783
53,29,487
54,29,933
55,29,940
56,29,569
57,29,266
58,29,312
59,29,624
60,29,647
61,29,444
62,29,873
63,29,847
64,29,776
65,29,680
66,29,558
67,29,877
68,29,432
69,29,749
70,29,659
71,29,363
72,29,649
73,29,1010
74,29,176
75,29,506
76,29,615
77,29,238
78,29,775
79,29,782
80,29,573
81,29,807
82,29,302
83,29,195
84,29,283
85,29,567
86,29,637
87,29,186
88,29,971
89,29,686
90,29,809
91,29,297
92,29,689
93,29,188
94,29,728
95,29,887
96,29,252
97,29,883
98,29,467
99,29,617
100,29,1012
101,29,769
102,29,595
103,29,652
104,29,631
105,29,614
106,29,137
107,29,107
108,29,236
109,29,654
110,29,187
111,29,448
112,29,92
113,29,790
114,29,434
115,29,449
116,29,84
117,29,44
118,29,130
119,29,606
120,29,868
121,29,368
122,29,625
123,29,748
124,29,205
125,29,334
126,29,19
127,29,516
128,29,525
129,29,240
130,29,493
131,29,1018
132,29,16
133,29,518
134,29,619
135,29,46
136,29,743
137,29,910
138,29,100
139,29,435
140,29,250
141,29,724
142,29,541
143,29,114
144,29,140
145,29,723
146,29,852
147,29,211
148,29,190
149,29,101
150,29,669
151,29,550
152,29,535
153,29,509
154,29,237
155,29,566
156,29,136
157,29,952
158,29,627
159,29,753
160,29,104
161,29,503
162,29,377
163,29,98
164,29,433
165,29,35
166,29,277
167,29,838
168,29,678
169,29,563
170,29,462
171,29,473
172,29,172
173,29,167
174,29,865
175,29,854
176,29,174
177,29,657
178,29,878
179,29,298
180,29,1003
181,29,921
182,29,716
183,29,510
184,29,261
185,29,469
186,29,843
187,29,20
188,29,256
189,29,744
190,29,437
191,29,529
192,29,303
193,29,970
194,29,580
195,29,938
196,29,265
197,29,957
198,29,528
199,29,309
200,29,410
201,29,754
202,29,948
203,29,674
204,29,145
205,29,121
206,29,741
207,29,201
208,29,571
209,29,850
210,29,218
211,29,667
212,29,834
213,29,51
214,29,179
215,29,50
216,29,916
217,29,772
218,29,565
219,29,546
220,29,953
221,29,75
222,29,156
223,29,592
224,29,564
225,29,483
226,29,660
227,29,1019
228,29,295
229,29,770
230,29,251
231,29,27
232,29,193
233,29,184
234,29,857
235,29,219
236,29,575
237,29,122
238,29,835
239,29,394
240,29,206
241,29,526
242,29,472
243,29,795
244,29,534
245,29,870
246,29,750
247,29,393
248,29,112
249,29,318
250,29,326
251,29,982
252,29,253
253,29,85
254,29,148
255,29,288
256,29,310
257,29,955
258,29,5
259,29,965
260,29,34
261,29,658
262,29,763
263,29,445
264,29,827
265,29,492
266,29,127
267,29,203
268,29,108
269,29,691
270,29,390
271,29,587
272,29,603
273,29,223
274,29,560
275,29,150
276,29,142
277,29,545
278,29,439
279,29,796
280,29,951
281,29,294
282,29,216
283,29,837
284,29,321
285,29,235
286,29,930
287,29,698
288,29,842
289,29,648
290,29,339
291,29,202
292,29,628
293,29,141
294,29,574
295,29,600
296,29,305
297,29,504
298,29,207
299,29,88
300,29,267
301,29,522
302,29,41
303,29,662
304,29,477
305,29,241
306,29,821
307,29,324
308,29,376
309,29,420
310,29,725
311,29,494
312,29,315
313,29,333
314,29,706
315,29,813
316,29,119
317,29,335
318,29,727
319,29,696
320,29,478
321,29,633
322,29,552
323,29,496
324,29,8
325,29,197
326,29,428
327,29,786
328,29,138
329,29,440
330,29,173
331,29,542
332,29,990
333,29,679
334,29,792
335,29,688
336,29,228
337,29,204
338,29,70
339,29,701
340,29,1016
341,29,626
342,29,498
343,29,102
344,29,447
345,29,1005
346,29,511
347,29,605
348,29,737
349,29,977
350,29,342
351,29,254
352,29,944
353,29,367
354,29,442
355,29,707
356,29,797
357,29,799
358,29,583
359,29,499
360,29,417
361,29,460
362,29,980
363,29,278
364,29,762
365,29,925
366,29,584
367,29,209
368,29,713
369,29,578
370,29,135
371,29,922
372,29,105
373,29,553
374,29,45
375,29,826
376,29,751
377,29,331
378,29,849
379,29,579
380,29,590
381,29,450
382,29,675
383,29,438
384,29,682
385,29,273
386,29,568
387,29,828
388,29,892
389,29,709
390,29,344
391,29,985
392,29,869
393,29,972
394,29,862
395,29,286
396,29,43
397,29,747
398,29,374
399,29,243
0,30,329
1,30,150
2,30,408
3,30,587
4,30,569
5,30,954
6,30,1006
7,30,597
8,30,310
9,30,525
10,30,557
11,30,238
12,30,343
13,30,817
14,30,652
15,30,618
16,30,784
17,30,1008
18,30,520
19,30,311
20,30,711
21,30,0
22,30,428
23,30,84
24,30,649
25,30,469
26,30,444
27,30,287
28,30,901
29,30,78
30,30,367
31,30,429
32,30,1014
33,30,153
34,30,643
35,30,117
36,30,467
37,30,478
38,30,752
39,30,717
40,30,997
41,30,600
42,30,665
43,30,109
44,30,67
45,30,709
46,30,719
47,30,121
48,30,631
49,30,767
50,30,368
51,30,685
52,30,783
53,30,487
54,30,933
55,30,972
56,30,537
57,30,267
58,30,344
59,30,623
60,30,679
61,30,445
62,30,874
63,30,847
64,30,775
65,30,648
66,30,590
67,30,877
68,30,432
69,30,749
70,30,658
71,30,363
72,30,617
73,30,1010
74,30,144
75,30,506
76,30,615
77,30,237
78,30,743
79,30,781
80,30,574
81,30,808
82,30,301
83,30,163
84,30,283
85,30,568
86,30,669
87,30,186
88,30,970
89,30,686
90,30,841
91,30,265
92,30,688
93,30,220
94,30,760
95,30,887
96,30,252
97,30,883
98,30,435
99,30,585
100,30,1013
101,30,770
102,30,594
103,30,684
104,30,599
105,30,614
106,30,138
107,30,139
108,30,204
109,30,654
110,30,155
111,30,449
112,30,60
113,30,790
114,30,434
115,30,450
116,30,85
117,30,44
118,30,131
119,30,606
120,30,868
121,30,400
122,30,626
123,30,780
124,30,173
125,30,302
126,30,51
127,30,516
128,30,526
129,30,239
130,30,492
131,30,1017
132,30,16
133,30,518
134,30,619
135,30,47
136,30,742
137,30,911
138,30,132
139,30,403
140,30,250
141,30,724
142,30,541
143,30,114
144,30,108
145,30,723
146,30,852
147,30,243
148,30,190
149,30,100
150,30,701
151,30,550
152,30,534
153,30,508
154,30,236
155,30,598
156,30,137
157,30,952
158,30,628
159,30,753
160,30,104
161,30,502
162,30,345
163,30,98
164,30,433
165,30,35
166,30,277
167,30,838
168,30,710
169,30,531
170,30,462
171,30,473
172,30,171
173,30,166
174,30,865
175,30,854
176,30,175
177,30,689
178,30,878
179,30,297
180,30,1003
181,30,921
182,30,715
183,30,511
184,30,261
185,30,470
186,30,843
187,30,20
188,30,257
189,30,744
190,30,437
191,30,497
192,30,303
193,30,938
194,30,580
195,30,939
196,30,266
197,30,957
198,30,529
199,30,309
200,30,410
201,30,786
202,30,980
203,30,706
204,30,113
205,30,122
206,30,740
207,30,201
208,30,571
209,30,882
210,30,218
211,30,667
212,30,866
213,30,50
214,30,179
215,30,49
216,30,916
217,30,772
218,30,566
219,30,547
220,30,953
221,30,75
222,30,156
223,30,624
224,30,596
225,30,515
226,30,659
227,30,1020
228,30,263
229,30,802
230,30,251
231,30,27
232,30,161
233,30,184
234,30,857
235,30,219
236,30,575
237,30,123
238,30,836
239,30,393
240,30,205
241,30,494
242,30,440
243,30,795
244,30,533
245,30,902
246,30,782
247,30,361
248,30,112
249,30,318
250,30,327
251,30,982
252,30,285
253,30,86
254,30,148
255,30,256
256,30,342
257,30,987
258,30,5
259,30,965
260,30,34
261,30,657
262,30,763
263,30,413
264,30,827
265,30,460
266,30,127
267,30,202
268,30,76
269,30,691
270,30,390
271,30,586
272,30,604
273,30,223
274,30,559
275,30,149
276,30,110
277,30,545
278,30,471
279,30,797
280,30,951
281,30,294
282,30,216
283,30,869
284,30,289
285,30,203
286,30,930
287,30,697
288,30,842
289,30,647
290,30,340
291,30,234
292,30,660
293,30,140
294,30,542
295,30,632
296,30,304
297,30,503
298,30,208
299,30,89
300,30,299
301,30,554
302,30,41
303,30,662
304,30,509
305,30,240
306,30,821
307,30,323
308,30,377
309,30,420
310,30,725
311,30,493
312,30,315
313,30,333
314,30,738
315,30,813
316,30,119
317,30,334
318,30,728
319,30,696
320,30,477
321,30,633
322,30,584
323,30,496
324,30,8
325,30,197
326,30,396
327,30,785
328,30,106
329,30,441
330,30,141
331,30,510
332,30,958
333,30,680
334,30,792
335,30,656
336,30,228
337,30,172
338,30,38
339,30,733
340,30,984
341,30,627
342,30,466
343,30,70
344,30,447
345,30,1005
346,30,479
347,30,573
348,30,737
349,30,976
350,30,374
351,30,222
352,30,912
353,30,335
354,30,442
355,30,707
356,30,829
357,30,799
358,30,551
359,30,499
360,30,417
361,30,461
362,30,1012
363,30,246
364,30,794
365,30,893
366,30,616
367,30,177
368,30,681
369,30,546
370,30,134
371,30,922
372,30,105
373,30,552
374,30,45
375,30,826
376,30,751
377,30,330
378,30,849
379,30,578
380,30,589
381,30,418
382,30,674
383,30,439
384,30,682
385,30,305
386,30,536
387,30,828
388,30,892
389,30,741
390,30,376
391,30,986
392,30,870
393,30,1004
394,30,862
395,30,286
396,30,43
397,30,748
398,30,375
399,30,244
0,31,297
1,31,150
2,31,376
3,31,619
4,31,537
5,31,954
6,31,1006
7,31,598
8,31,310
9,31,526
10,31,556
11,31,206
12,31,311
13,31,817
14,31,653
15,31,650
16,31,784
17,31,1008
18,31,520
19,31,312
20,31,743
21,31,0
22,31,460
23,31,52
24,31,681
25,31,470
26,31,412
27,31,287
28,31,901
29,31,110
30,31,335
31,31,428
32,31,982
33,31,121
34,31,643
35,31,149
36,31,468
37,31,479
38,31,751
39,31,716
40,31,997
41,31,601
42,31,665
43,31,108
44,31,67
45,31,708
46,31,720
47,31,120
48,31,599
49,31,767
50,31,367
51,31,717
52,31,783
53,31,487
54,31,933
55,31,971
56,31,538
57,31,267
58,31,345
59,31,622
60,31,711
61,31,444
62,31,875
63,31,847
64,31,775
65,31,649
66,31,589
67,31,877
68,31,431
69,31,749
70,31,657
71,31,363
72,31,618
73,31,1010
74,31,145
75,31,506
76,31,647
77,31,236
78,31,742
79,31,780
80,31,606
81,31,809
82,31,269
83,31,164
84,31,283
85,31,569
86,31,701
87,31,186
88,31,969
89,31,686
90,31,873
91,31,233
92,31,687
93,31,220
94,31,792
95,31,887
96,31,252
97,31,883
98,31,435
99,31,617
100,31,1014
101,31,769
102,31,562
103,31,652
104,31,600
105,31,614
106,31,106
107,31,171
108,31,205
109,31,654
110,31,154
111,31,449
112,31,60
113,31,790
114,31,434
115,31,450
116,31,86
117,31,12
118,31,99
119,31,607
120,31,868
121,31,432
122,31,627
123,31,748
124,31,174
125,31,302
126,31,50
127,31,516
128,31,527
129,31,238
130,31,524
131,31,985
132,31,16
133,31,518
134,31,651
135,31,47
136,31,710
137,31,912
138,31,131
139,31,371
140,31,250
141,31,724
142,31,542
143,31,114
144,31,140
145,31,723
146,31,852
147,31,242
148,31,191
149,31,68
150,31,733
151,31,550
152,31,534
153,31,476
154,31,204
155,31,630
156,31,138
157,31,952
158,31,629
159,31,785
160,31,104
161,31,501
162,31,313
163,31,98
164,31,433
165,31,35
166,31,277
167,31,838
168,31,709
169,31,531
170,31,462
171,31,473
172,31,203
173,31,165
174,31,865
175,31,854
176,31,176
177,31,690
178,31,878
179,31,265
180,31,1003
181,31,921
182,31,714
183,31,510
184,31,261
185,31,502
186,31,843
187,31,20
188,31,256
189,31,744
190,31,437
191,31,496
192,31,303
193,31,970
194,31,580
195,31,938
196,31,298
197,31,957
198,31,497
199,31,309
200,31,410
201,31,818
202,31,980
203,31,738
204,31,81
205,31,123
206,31,740
207,31,201
208,31,571
209,31,914
210,31,218
211,31,667
212,31,898
213,31,49
214,31,179
215,31,48
216,31,916
217,31,772
218,31,566
219,31,579
220,31,953
221,31,76
222,31,156
223,31,625
224,31,595
225,31,547
226,31,658
227,31,1020
228,31,264
229,31,834
230,31,251
231,31,27
232,31,129
233,31,184
234,31,857
235,31,219
236,31,575
237,31,124
238,31,837
239,31,392
240,31,237
241,31,494
242,31,408
243,31,796
244,31,532
245,31,903
246,31,781
247,31,393
248,31,112
249,31,318
250,31,328
251,31,981
252,31,317
253,31,87
254,31,148
255,31,224
256,31,374
257,31,1019
258,31,5
259,31,965
260,31,34
261,31,656
262,31,763
263,31,445
264,31,827
265,31,461
266,31,127
267,31,234
268,31,44
269,31,691
270,31,390
271,31,587
272,31,605
273,31,223
274,31,558
275,31,181
276,31,109
277,31,545
278,31,503
279,31,797
280,31,951
281,31,294
282,31,216
283,31,869
284,31,288
285,31,235
286,31,930
287,31,697
288,31,842
289,31,646
290,31,308
291,31,266
292,31,659
293,31,141
294,31,574
295,31,631
296,31,336
297,31,535
298,31,240
299,31,89
300,31,331
301,31,553
302,31,41
303,31,662
304,31,477
305,31,239
306,31,821
307,31,355
308,31,378
309,31,420
310,31,725
311,31,525
312,31,315
313,31,301
314,31,770
315,31,813
316,31,119
317,31,333
318,31,696
319,31,695
320,31,478
321,31,632
322,31,616
323,31,464
324,31,8
325,31,197
326,31,396
327,31,786
328,31,105
329,31,442
330,31,142
331,31,509
332,31,926
333,31,712
334,31,791
335,31,624
336,31,228
337,31,172
338,31,37
339,31,732
340,31,983
341,31,628
342,31,465
343,31,38
344,31,447
345,31,1005
346,31,511
347,31,541
348,31,737
349,31,976
350,31,375
351,31,190
352,31,880
353,31,334
354,31,474
355,31,707
356,31,861
357,31,799
358,31,583
359,31,499
360,31,418
361,31,429
362,31,1012
363,31,245
364,31,795
365,31,893
366,31,615
367,31,178
368,31,680
369,31,514
370,31,133
371,31,922
372,31,73
373,31,551
374,31,45
375,31,826
376,31,719
377,31,329
378,31,849
379,31,610
380,31,557
381,31,386
382,31,673
383,31,471
384,31,682
385,31,305
386,31,568
387,31,828
388,31,892
389,31,741
390,31,344
391,31,987
392,31,902
393,31,972
394,31,862
395,31,286
396,31,43
397,31,747
398,31,343
399,31,244
0,32,329
1,32,150
2,32,377
3,32,651
4,32,505
5,32,954
6,32,1006
7,32,599
8,32,311
9,32,494
10,32,557
11,32,174
12,32,312
13,32,785
14,32,654
15,32,618
16,32,784
17,32,1008
18,32,520
19,32,280
20,32,744
21,32,0
22,32,459
23,32,51
24,32,681
25,32,438
26,32,380
27,32,287
28,32,901
29,32,78
30,32,303
31,32,460
32,32,981
33,32,120
34,32,643
35,32,149
36,32,469
37,32,479
38,32,750
39,32,717
40,32,997
41,32,602
42,32,665
43,32,107
44,32,99
45,32,740
46,32,752
47,32,119
48,32,600
49,32,767
50,32,399
51,32,749
52,32,783
53,32,487
54,32,933
55,32,1003
56,32,538
57,32,267
58,32,346
59,32,590
60,32,743
61,32,412
62,32,876
63,32,847
64,32,775
65,32,649
66,32,588
67,32,877
68,32,430
69,32,781
70,32,656
71,32,363
72,32,617
73,32,1010
74,32,146
75,32,506
76,32,648
77,32,236
78,32,710
79,32,779
80,32,638
81,32,810
82,32,301
83,32,132
84,32,283
85,32,537
86,32,733
87,32,186
88,32,968
89,32,686
90,32,905
91,32,234
92,32,719
93,32,220
94,32,793
95,32,887
96,32,252
97,32,883
98,32,435
99,32,616
100,32,982
101,32,769
102,32,561
103,32,652
104,32,601
105,32,613
106,32,74
107,32,171
108,32,206
109,32,622
110,32,153
111,32,449
112,32,60
113,32,790
114,32,434
115,32,450
116,32,87
117,32,13
118,32,100
119,32,607
120,32,868
121,32,431
122,32,628
123,32,748
124,32,175
125,32,334
126,32,49
127,32,516
128,32,527
129,32,237
130,32,556
131,32,985
132,32,16
133,32,517
134,32,650
135,32,15
136,32,678
137,32,913
138,32,163
139,32,339
140,32,250
141,32,724
142,32,574
143,32,114
144,32,141
145,32,723
146,32,852
147,32,242
148,32,190
149,32,67
150,32,765
151,32,518
152,32,533
153,32,444
154,32,172
155,32,662
156,32,106
157,32,952
158,32,630
159,32,786
160,32,136
161,32,502
162,32,281
163,32,98
164,32,433
165,32,35
166,32,277
167,32,870
168,32,708
169,32,531
170,32,462
171,32,473
172,32,202
173,32,164
174,32,865
175,32,854
176,32,144
177,32,691
178,32,878
179,32,264
180,32,1004
181,32,921
182,32,746
183,32,542
184,32,261
185,32,534
186,32,843
187,32,20
188,32,257
189,32,776
190,32,437
191,32,528
192,32,304
193,32,970
194,32,580
195,32,938
196,32,298
197,32,957
198,32,465
199,32,309
200,32,410
201,32,850
202,32,980
203,32,770
204,32,80
205,32,124
206,32,741
207,32,201
208,32,571
209,32,914
210,32,218
211,32,667
212,32,897
213,32,48
214,32,211
215,32,47
216,32,916
217,32,772
218,32,566
219,32,578
220,32,953
221,32,77
222,32,157
223,32,657
224,32,627
225,32,579
226,32,690
227,32,1020
228,32,263
229,32,835
230,32,251
231,32,27
232,32,97
233,32,184
234,32,857
235,32,219
236,32,575
237,32,156
238,32,838
239,32,424
240,32,205
241,32,493
242,32,376
243,32,795
244,32,532
245,32,935
246,32,780
247,32,393
248,32,112
249,32,318
250,32,327
251,32,1013
252,32,349
253,32,88
254,32,148
255,32,225
256,32,375
257,32,1018
258,32,5
259,32,965
260,32,34
261,32,655
262,32,763
263,32,445
264,32,828
265,32,461
266,32,127
267,32,235
268,32,12
269,32,659
270,32,390
271,32,555
272,32,606
273,32,223
274,32,526
275,32,181
276,32,108
277,32,545
278,32,504
279,32,797
280,32,951
281,32,294
282,32,216
283,32,869
284,32,256
285,32,203
286,32,930
287,32,698
288,32,842
289,32,614
290,32,276
291,32,266
292,32,658
293,32,109
294,32,573
295,32,631
296,32,335
297,32,535
298,32,241
299,32,121
300,32,330
301,32,552
302,32,41
303,32,694
304,32,478
305,32,238
306,32,821
307,32,354
308,32,379
309,32,420
310,32,725
311,32,525
312,32,315
313,32,302
314,32,802
315,32,813
316,32,118
317,32,332
318,32,697
319,32,727
320,32,510
321,32,632
322,32,615
323,32,496
324,32,8
325,32,197
326,32,428
327,32,754
328,32,104
329,32,443
330,32,110
331,32,477
332,32,894
333,32,713
334,32,792
335,32,592
336,32,228
337,32,140
338,32,38
339,32,700
340,32,983
341,32,629
342,32,464
343,32,39
344,32,447
345,32,1005
346,32,511
347,32,509
348,32,737
349,32,976
350,32,407
351,32,189
352,32,912
353,32,333
354,32,442
355,32,707
356,32,893
357,32,799
358,32,584
359,32,499
360,32,419
361,32,429
362,32,1012
363,32,213
364,32,827
365,32,925
366,32,647
367,32,179
368,32,680
369,32,482
370,32,165
371,32,922
372,32,105
373,32,550
374,32,45
375,32,826
376,32,751
377,32,328
378,32,849
379,32,642
380,32,558
381,32,387
382,32,673
383,32,503
384,32,682
385,32,305
386,32,568
387,32,796
388,32,892
389,32,742
390,32,345
391,32,988
392,32,903
393,32,940
394,32,862
395,32,286
396,32,43
397,32,715
398,32,344
399,32,245
0,33,330
1,33,150
2,33,345
3,33,683
4,33,506
5,33,954
6,33,1006
7,33,600
8,33,311
9,33,462
10,33,556
11,33,142
12,33,280
13,33,786
14,33,655
15,33,618
16,33,816
17,33,1008
18,33,520
19,33,281
20,33,712
21,33,0
22,33,491
23,33,50
24,33,713
25,33,406
26,33,348
27,33,287
28,33,901
29,33,110
30,33,304
31,33,492
32,33,1013
33,33,119
34,33,643
35,33,117
36,33,470
37,33,511
38,33,782
39,33,717
40,33,997
41,33,603
42,33,665
43,33,139
44,33,67
45,33,772
46,33,784
47,33,118
48,33,601
49,33,767
50,33,398
51,33,750
52,33,783
53,33,487
54,33,933
55,33,1002
56,33,539
57,33,267
58,33,378
59,33,589
60,33,775
61,33,413
62,33,877
63,33,847
64,33,807
65,33,617
66,33,587
67,33,909
68,33,431
69,33,749
70,33,656
71,33,363
72,33,616
73,33,1010
74,33,147
75,33,474
76,33,648
77,33,235
78,33,678
79,33,747
80,33,637
81,33,811
82,33,333
83,33,100
84,33,283
85,33,538
86,33,765
87,33,186
88,33,967
89,33,686
90,33,906
91,33,202
92,33,751
93,33,220
94,33,825
95,33,887
96,33,252
97,33,883
98,33,435
99,33,615
100,33,983
101,33,770
102,33,561
103,33,652
104,33,569
105,33,645
106,33,42
107,33,171
108,33,207
109,33,654
110,33,121
111,33,448
112,33,60
113,33,790
114,33,434
115,33,449
116,33,88
117,33,12
118,33,101
119,33,606
120,33,868
121,33,432
122,33,629
123,33,748
124,33,176
125,33,302
126,33,48
127,33,516
128,33,528
129,33,236
130,33,588
131,33,985
132,33,16
133,33,518
134,33,651
135,33,15
136,33,646
137,33,914
138,33,195
139,33,340
140,33,250
141,33,724
142,33,575
143,33,114
144,33,173
145,33,723
146,33,852
147,33,242
148,33,190
149,33,66
150,33,797
151,33,550
152,33,534
153,33,412
154,33,140
155,33,694
156,33,74
157,33,952
158,33,631
159,33,787
160,33,104
161,33,503
162,33,249
163,33,98
164,33,433
165,33,35
166,33,277
167,33,902
168,33,740
169,33,531
170,33,430
171,33,473
172,33,203
173,33,132
174,33,865
175,33,854
176,33,112
177,33,692
178,33,878
179,33,263
180,33,1003
181,33,921
182,33,778
183,33,574
184,33,261
185,33,566
186,33,843
187,33,20
188,33,256
189,33,744
190,33,437
191,33,529
192,33,272
193,33,970
194,33,580
195,33,938
196,33,298
197,33,958
198,33,466
199,33,309
200,33,410
201,33,882
202,33,980
203,33,802
204,33,80
205,33,156
206,33,709
207,33,201
208,33,571
209,33,946
210,33,218
211,33,667
212,33,929
213,33,47
214,33,211
215,33,46
216,33,916
217,33,804
218,33,565
219,33,610
220,33,953
221,33,77
222,33,158
223,33,689
224,33,659
225,33,578
226,33,722
227,33,1020
228,33,231
229,33,836
230,33,251
231,33,27
232,33,65
233,33,184
234,33,857
235,33,219
236,33,607
237,33,157
238,33,870
239,33,423
240,33,205
241,33,494
242,33,377
243,33,794
244,33,532
245,33,936
246,33,779
247,33,393
248,33,113
249,33,318
250,33,295
251,33,1014
252,33,381
253,33,56
254,33,148
255,33,193
256,33,375
257,33,1017
258,33,5
259,33,965
260,33,34
261,33,623
262,33,763
263,33,444
264,33,827
265,33,460
266,33,127
267,33,234
268,33,11
269,33,691
270,33,390
271,33,555
272,33,638
273,33,223
274,33,525
275,33,149
276,33,107
277,33,545
278,33,504
279,33,796
280,33,919
281,33,294
282,33,216
283,33,869
284,33,224
285,33,204
286,33,930
287,33,699
288,33,842
289,33,613
290,33,244
291,33,266
292,33,657
293,33,141
294,33,541
295,33,599
296,33,334
297,33,567
298,33,241
299,33,122
300,33,362
301,33,584
302,33,41
303,33,693
304,33,479
305,33,206
306,33,821
307,33,386
308,33,379
309,33,421
310,33,725
311,33,557
312,33,315
313,33,301
314,33,803
315,33,813
316,33,86
317,33,331
318,33,698
319,33,728
320,33,542
321,33,632
322,33,647
323,33,496
324,33,8
325,33,197
326,33,429
327,33,754
328,33,103
329,33,475
330,33,109
331,33,445
332,33,894
333,33,714
334,33,792
335,33,560
336,33,228
337,33,108
338,33,70
339,33,701
340,33,951
341,33,630
342,33,464
343,33,39
344,33,447
345,33,1005
346,33,510
347,33,477
348,33,737
349,33,976
350,33,439
351,33,188
352,33,912
353,33,332
354,33,442
355,33,707
356,33,925
357,33,799
358,33,583
359,33,499
360,33,420
361,33,461
362,33,1012
363,33,181
364,33,859
365,33,957
366,33,679
367,33,179
368,33,681
369,33,450
370,33,164
371,33,922
372,33,106
373,33,549
374,33,45
375,33,826
376,33,752
377,33,327
378,33,849
379,33,674
380,33,559
381,33,355
382,33,673
383,33,535
384,33,682
385,33,305
386,33,568
387,33,828
388,33,892
389,33,743
390,33,344
391,33,989
392,33,904
393,33,908
394,33,862
395,33,286
396,33,43
397,33,716
398,33,376
399,33,245
0,34,329
1,34,150
2,34,346
3,34,683
4,34,507
5,34,954
6,34,1006
7,34,601
8,34,311
9,34,463
10,34,557
11,34,110
12,34,281
13,34,785
14,34,656
15,34,618
16,34,817
17,34,1008
18,34,520
19,34,249
20,34,712
21,34,0
22,34,490
23,34,49
24,34,713
25,34,374
26,34,316
27,34,287
28,34,901
29,34,78
30,34,304
31,34,492
32,34,1013
33,34,118
34,34,643
35,34,149
36,34,438
37,34,510
38,34,781
39,34,717
40,34,997
41,34,603
42,34,665
43,34,107
44,34,67
45,34,804
46,34,816
47,34,117
48,34,569
49,34,767
50,34,398
51,34,782
52,34,783
53,34,487
54,34,933
55,34,1002
56,34,538
57,34,266
58,34,410
59,34,588
60,34,807
61,34,412
62,34,878
63,34,847
64,34,839
65,34,585
66,34,586
67,34,877
68,34,432
69,34,749
70,34,624
71,34,363
72,34,648
73,34,1010
74,34,148
75,34,506
76,34,647
77,34,267
78,34,677
79,34,779
80,34,669
81,34,812
82,34,332
83,34,99
84,34,283
85,34,570
86,34,797
87,34,186
88,34,966
89,34,686
90,34,938
91,34,170
92,34,750
93,34,220
94,34,857
95,34,887
96,34,252
97,34,883
98,34,403
99,34,615
100,34,984
101,34,770
102,34,560
103,34,652
104,34,537
105,34,613
106,34,10
107,34,203
108,34,239
109,34,654
110,34,120
111,34,449
112,34,60
113,34,790
114,34,435
115,34,450
116,34,89
117,34,44
118,34,101
119,34,607
120,34,868
121,34,400
122,34,630
123,34,748
124,34,176
125,34,334
126,34,47
127,34,516
128,34,529
129,34,235
130,34,620
131,34,985
132,34,16
133,34,518
134,34,619
135,34,15
136,34,614
137,34,946
138,34,227
139,34,308
140,34,250
141,34,724
142,34,575
143,34,114
144,34,173
145,34,723
146,34,852
147,34,242
148,34,190
149,34,65
150,34,829
151,34,550
152,34,534
153,34,380
154,34,108
155,34,695
156,34,42
157,34,952
158,34,599
159,34,787
160,34,104
161,34,504
162,34,217
163,34,98
164,34,433
165,34,35
166,34,277
167,34,934
168,34,739
169,34,531
170,34,462
171,34,473
172,34,202
173,34,164
174,34,865
175,34,854
176,34,113
177,34,693
178,34,910
179,34,295
180,34,1003
181,34,921
182,34,810
183,34,606
184,34,261
185,34,565
186,34,843
187,34,20
188,34,256
189,34,776
190,34,437
191,34,497
192,34,240
193,34,970
194,34,580
195,34,939
196,34,298
197,34,957
198,34,434
199,34,309
200,34,409
201,34,914
202,34,980
203,34,834
204,34,80
205,34,157
206,34,709
207,34,201
208,34,571
209,34,945
210,34,218
211,34,667
212,34,961
213,34,46
214,34,179
215,34,45
216,34,916
217,34,836
218,34,597
219,34,642
220,34,953
221,34,77
222,34,159
223,34,721
224,34,691
225,34,610
226,34,754
227,34,1020
228,34,199
229,34,837
230,34,251
231,34,27
232,34,33
233,34,184
234,34,889
235,34,219
236,34,639
237,34,158
238,34,902
239,34,422
240,34,205
241,34,494
242,34,345
243,34,794
244,34,532
245,34,968
246,34,778
247,34,393
248,34,145
249,34,318
250,34,327
251,34,982
252,34,381
253,34,88
254,34,116
255,34,161
256,34,376
257,34,1016
258,34,5
259,34,965
260,34,34
261,34,622
262,34,763
263,34,444
264,34,827
265,34,428
266,34,127
267,34,233
268,34,11
269,34,692
270,34,390
271,34,555
272,34,638
273,34,223
274,34,524
275,34,181
276,34,106
277,34,545
278,34,472
279,34,796
280,34,951
281,34,294
282,34,216
283,34,869
284,34,225
285,34,204
286,34,930
287,34,731
288,34,842
289,34,581
290,34,212
291,34,234
292,34,657
293,34,140
294,34,541
295,34,598
296,34,333
297,34,568
298,34,241
299,34,123
300,34,394
301,34,616
302,34,41
303,34,694
304,34,511
305,34,174
306,34,821
307,34,386
308,34,379
309,34,453
310,34,725
311,34,558
312,34,315
313,34,301
314,34,835
315,34,813
316,34,87
317,34,330
318,34,699
319,34,728
320,34,574
321,34,632
322,34,646
323,34,496
324,34,8
325,34,197
326,34,430
327,34,786
328,34,102
329,34,476
330,34,109
331,34,413
332,34,894
333,34,715
334,34,792
335,34,528
336,34,228
337,34,76
338,34,70
339,34,701
340,34,983
341,34,631
342,34,464
343,34,39
344,34,479
345,34,1005
346,34,542
347,34,445
348,34,737
349,34,976
350,34,471
351,34,187
352,34,912
353,34,331
354,34,442
355,34,707
356,34,926
357,34,799
358,34,584
359,34,499
360,34,421
361,34,460
362,34,1012
363,34,213
364,34,891
365,34,925
366,34,711
367,34,147
368,34,681
369,34,418
370,34,163
371,34,922
372,34,138
373,34,548
374,34,13
375,34,826
376,34,751
377,34,326
378,34,849
379,34,706
380,34,559
381,34,355
382,34,673
383,34,567
384,34,682
385,34,305
386,34,600
387,34,828
388,34,892
389,34,744
390,34,343
391,34,990
392,34,905
393,34,876
394,34,862
395,34,286
396,34,43
397,34,684
398,34,377
399,34,245
0,35,329
1,35,150
2,35,347
3,35,684
4,35,475
5,35,954
6,35,1006
7,35,602
8,35,311
9,35,463
10,35,557
11,35,109
12,35,249
13,35,817
14,35,657
15,35,618
16,35,816
17,35,1008
18,35,520
19,35,217
20,35,711
21,35,0
22,35,522
23,35,48
24,35,713
25,35,342
26,35,317
27,35,287
28,35,901
29,35,110
30,35,304
31,35,492
32,35,1013
33,35,86
34,35,643
35,35,117
36,35,439
37,35,509
38,35,780
39,35,717
40,35,997
41,35,603
42,35,665
43,35,139
44,35,67
45,35,836
46,35,848
47,35,116
48,35,537
49,35,767
50,35,399
51,35,814
52,35,783
53,35,487
54,35,933
55,35,1002
56,35,539
57,35,266
58,35,442
59,35,587
60,35,839
61,35,444
62,35,879
63,35,847
64,35,840
65,35,553
66,35,585
67,35,877
68,35,431
69,35,749
70,35,623
71,35,363
72,35,649
73,35,1010
74,35,149
75,35,506
76,35,648
77,35,299
78,35,677
79,35,779
80,35,701
81,35,813
82,35,331
83,35,99
84,35,283
85,35,570
86,35,829
87,35,186
88,35,966
89,35,686
90,35,939
91,35,170
92,35,782
93,35,220
94,35,889
95,35,887
96,35,252
97,35,883
98,35,435
99,35,647
100,35,985
101,35,770
102,35,560
103,35,653
104,35,538
105,35,645
106,35,11
107,35,235
108,35,207
109,35,654
110,35,119
111,35,449
112,35,60
113,35,790
114,35,434
115,35,450
116,35,121
117,35,43
118,35,100
119,35,575
120,35,900
121,35,432
122,35,631
123,35,748
124,35,176
125,35,334
126,35,46
127,35,484
128,35,497
129,35,267
130,35,620
131,35,986
132,35,16
133,35,518
134,35,619
135,35,47
136,35,613
137,35,978
138,35,259
139,35,276
140,35,250
141,35,724
142,35,574
143,35,146
144,35,173
145,35,722
146,35,852
147,35,242
148,35,190
149,35,64
150,35,861
151,35,550
152,35,534
153,35,348
154,35,107
155,35,695
156,35,10
157,35,952
158,35,600
159,35,787
160,35,104
161,35,503
162,35,185
163,35,98
164,35,433
165,35,35
166,35,277
167,35,902
168,35,771
169,35,531
170,35,462
171,35,473
172,35,234
173,35,165
174,35,865
175,35,854
176,35,114
177,35,694
178,35,878
179,35,294
180,35,1003
181,35,921
182,35,809
183,35,638
184,35,261
185,35,597
186,35,843
187,35,20
188,35,256
189,35,775
190,35,437
191,35,496
192,35,239
193,35,970
194,35,612
195,35,971
196,35,298
197,35,957
198,35,402
199,35,309
200,35,410
201,35,915
202,35,980
203,35,866
204,35,80
205,35,189
206,35,709
207,35,201
208,35,571
209,35,946
210,35,218
211,35,668
212,35,960
213,35,45
214,35,179
215,35,44
216,35,916
217,35,868
218,35,598
219,35,674
220,35,953
221,35,78
222,35,158
223,35,753
224,35,723
225,35,610
226,35,786
227,35,1020
228,35,200
229,35,838
230,35,251
231,35,27
232,35,34
233,35,184
234,35,888
235,35,219
236,35,607
237,35,157
238,35,903
239,35,421
240,35,205
241,35,494
242,35,313
243,35,794
244,35,532
245,35,969
246,35,777
247,35,361
248,35,113
249,35,318
250,35,328
251,35,1014
252,35,380
253,35,88
254,35,148
255,35,160
256,35,377
257,35,984
258,35,5
259,35,965
260,35,2
261,35,621
262,35,763
263,35,476
264,35,827
265,35,429
266,35,127
267,35,265
268,35,12
269,35,691
270,35,390
271,35,555
272,35,639
273,35,223
274,35,523
275,35,181
276,35,105
277,35,545
278,35,504
279,35,797
280,35,951
281,35,293
282,35,216
283,35,869
284,35,193
285,35,204
286,35,930
287,35,699
288,35,842
289,35,580
290,35,213
291,35,233
292,35,689
293,35,140
294,35,541
295,35,630
296,35,332
297,35,567
298,35,241
299,35,91
300,35,393
301,35,615
302,35,41
303,35,662
304,35,511
305,35,142
306,35,821
307,35,385
308,35,379
309,35,454
310,35,725
311,35,526
312,35,315
313,35,333
314,35,867
315,35,781
316,35,87
317,35,362
318,35,667
319,35,728
320,35,606
321,35,633
322,35,678
323,35,464
324,35,8
325,35,197
326,35,398
327,35,785
328,35,101
329,35,477
330,35,77
331,35,381
332,35,894
333,35,683
334,35,792
335,35,529
336,35,228
337,35,76
338,35,70
339,35,733
340,35,982
341,35,632
342,35,465
343,35,39
344,35,478
345,35,1005
346,35,542
347,35,413
348,35,737
349,35,976
350,35,472
351,35,155
352,35,912
353,35,330
354,35,441
355,35,707
356,35,927
357,35,799
358,35,552
359,35,499
360,35,453
361,35,460
362,35,1012
363,35,214
364,35,923
365,35,893
366,35,710
367,35,115
368,35,681
369,35,386
370,35,162
371,35,922
372,35,106
373,35,516
374,35,13
375,35,826
376,35,751
377,35,325
378,35,849
379,35,738
380,35,559
381,35,355
382,35,673
383,35,599
384,35,682
385,35,305
386,35,568
387,35,828
388,35,892
389,35,776
390,35,343
391,35,958
392,35,906
393,35,875
394,35,862
395,35,286
396,35,75
397,35,652
398,35,345
399,35,245
0,36,297
1,36,151
2,36,348
3,36,716
4,36,443
5,36,954
6,36,1006
7,36,603
8,36,311
9,36,463
10,36,557
11,36,108
12,36,217
13,36,785
14,36,658
15,36,618
16,36,784
17,36,1008
18,36,520
19,36,185
20,36,711
21,36,0
22,36,554
23,36,47
24,36,713
25,36,310
26,36,285
27,36,287
28,36,901
29,36,78
30,36,304
31,36,492
32,36,1013
33,36,85
34,36,643
35,36,149
36,36,440
37,36,477
38,36,812
39,36,717
40,36,997
41,36,571
42,36,665
43,36,140
44,36,67
45,36,835
46,36,848
47,36,84
48,36,537
49,36,767
50,36,431
51,36,815
52,36,783
53,36,487
54,36,933
55,36,1002
56,36,507
57,36,265
58,36,474
59,36,586
60,36,807
61,36,476
62,36,880
63,36,847
64,36,808
65,36,521
66,36,584
67,36,877
68,36,432
69,36,749
70,36,622
71,36,363
72,36,649
73,36,1010
74,36,150
75,36,506
76,36,616
77,36,299
78,36,645
79,36,779
80,36,733
81,36,814
82,36,330
83,36,99
84,36,283
85,36,538
86,36,861
87,36,186
88,36,966
89,36,686
90,36,940
91,36,170
92,36,782
93,36,220
94,36,890
95,36,887
96,36,252
97,36,883
98,36,435
99,36,648
100,36,986
101,36,769
102,36,560
103,36,685
104,36,539
105,36,613
106,36,43
107,36,267
108,36,239
109,36,654
110,36,118
111,36,449
112,36,60
113,36,790
114,36,434
115,36,450
116,36,122
117,36,44
118,36,132
119,36,574
120,36,900
121,36,400
122,36,632
123,36,748
124,36,176
125,36,334
126,36,45
127,36,516
128,36,465
129,36,266
130,36,652
131,36,1018
132,36,16
133,36,518
134,36,619
135,36,15
136,36,581
137,36,978
138,36,291
139,36,244
140,36,250
141,36,724
142,36,606
143,36,114
144,36,173
145,36,723
146,36,852
147,36,242
148,36,190
149,36,96
150,36,893
151,36,550
152,36,534
153,36,316
154,36,139
155,36,695
156,36,11
157,36,952
158,36,600
159,36,787
160,36,136
161,36,471
162,36,153
163,36,98
164,36,433
165,36,35
166,36,277
167,36,870
168,36,803
169,36,531
170,36,462
171,36,505
172,36,235
173,36,165
174,36,865
175,36,854
176,36,115
177,36,662
178,36,878
179,36,326
180,36,1003
181,36,921
182,36,809
183,36,637
184,36,261
185,36,597
186,36,843
187,36,20
188,36,256
189,36,743
190,36,437
191,36,528
192,36,238
193,36,938
194,36,580
195,36,939
196,36,298
197,36,957
198,36,370
199,36,309
200,36,410
201,36,947
202,36,980
203,36,898
204,36,80
205,36,221
206,36,741
207,36,202
208,36,570
209,36,914
210,36,218
211,36,700
212,36,960
213,36,13
214,36,179
215,36,76
216,36,916
217,36,836
218,36,566
219,36,706
220,36,953
221,36,77
222,36,157
223,36,753
224,36,755
225,36,610
226,36,818
227,36,1020
228,36,201
229,36,839
230,36,251
231,36,27
232,36,2
233,36,184
234,36,889
235,36,219
236,36,575
237,36,189
238,36,935
239,36,420
240,36,205
241,36,494
242,36,281
243,36,794
244,36,532
245,36,970
246,36,777
247,36,393
248,36,112
249,36,318
250,36,328
251,36,982
252,36,412
253,36,88
254,36,148
255,36,160
256,36,345
257,36,983
258,36,5
259,36,965
260,36,3
261,36,653
262,36,763
263,36,508
264,36,827
265,36,429
266,36,127
267,36,233
268,36,12
269,36,659
270,36,390
271,36,555
272,36,607
273,36,223
274,36,522
275,36,181
276,36,104
277,36,545
278,36,503
279,36,797
280,36,951
281,36,294
282,36,216
283,36,869
284,36,193
285,36,204
286,36,930
287,36,698
288,36,842
289,36,579
290,36,212
291,36,234
292,36,688
293,36,141
294,36,541
295,36,598
296,36,331
297,36,535
298,36,241
299,36,92
300,36,392
301,36,647
302,36,41
303,36,630
304,36,511
305,36,110
306,36,821
307,36,386
308,36,379
309,36,453
310,36,725
311,36,527
312,36,315
313,36,333
314,36,868
315,36,813
316,36,119
317,36,394
318,36,668
319,36,728
320,36,638
321,36,601
322,36,710
323,36,496
324,36,8
325,36,197
326,36,399
327,36,786
328,36,100
329,36,478
330,36,109
331,36,349
332,36,894
333,36,684
334,36,792
335,36,497
336,36,228
337,36,75
338,36,70
339,36,732
340,36,981
341,36,633
342,36,464
343,36,39
344,36,479
345,36,1005
346,36,542
347,36,414
348,36,737
349,36,976
350,36,473
351,36,154
352,36,912
353,36,329
354,36,442
355,36,707
356,36,959
357,36,799
358,36,552
359,36,499
360,36,421
361,36,460
362,36,1012
363,36,213
364,36,955
365,36,925
366,36,709
367,36,116
368,36,681
369,36,354
370,36,162
371,36,922
372,36,106
373,36,515
374,36,14
375,36,826
376,36,751
377,36,324
378,36,849
379,36,770
380,36,559
381,36,355
382,36,673
383,36,631
384,36,682
385,36,305
386,36,568
387,36,828
388,36,892
389,36,776
390,36,343
391,36,926
392,36,907
393,36,875
394,36,862
395,36,286
396,36,107
397,36,651
398,36,346
399,36,245
0,37,298
1,37,183
2,37,316
3,37,715
4,37,443
5,37,955
6,37,1006
7,37,604
8,37,311
9,37,463
10,37,557
11,37,107
12,37,185
13,37,785
14,37,659
15,37,650
16,37,784
17,37,1008
18,37,520
19,37,186
20,37,710
21,37,0
22,37,522
23,37,46
24,37,713
25,37,278
26,37,286
27,37,255
28,37,901
29,37,77
30,37,304
31,37,492
32,37,1013
33,37,84
34,37,643
35,37,148
36,37,440
37,37,445
38,37,844
39,37,717
40,37,997
41,37,603
42,37,666
43,37,140
44,37,67
45,37,867
46,37,880
47,37,52
48,37,538
49,37,767
50,37,430
51,37,847
52,37,783
53,37,487
54,37,933
55,37,1002
56,37,506
57,37,266
58,37,475
59,37,554
60,37,839
61,37,476
62,37,881
63,37,848
64,37,807
65,37,489
66,37,584
67,37,877
68,37,431
69,37,749
70,37,621
71,37,362
72,37,649
73,37,1010
74,37,151
75,37,474
76,37,615
77,37,331
78,37,613
79,37,779
80,37,765
81,37,815
82,37,329
83,37,99
84,37,283
85,37,539
86,37,893
87,37,187
88,37,966
89,37,686
90,37,941
91,37,170
92,37,814
93,37,220
94,37,890
95,37,887
96,37,252
97,37,883
98,37,435
99,37,616
100,37,954
101,37,770
102,37,560
103,37,653
104,37,540
105,37,614
106,37,42
107,37,299
108,37,239
109,37,654
110,37,117
111,37,449
112,37,60
113,37,790
114,37,434
115,37,450
116,37,123
117,37,12
118,37,133
119,37,606
120,37,868
121,37,432
122,37,633
123,37,748
124,37,176
125,37,334
126,37,44
127,37,516
128,37,466
129,37,267
130,37,684
131,37,986
132,37,16
133,37,518
134,37,618
135,37,47
136,37,580
137,37,978
138,37,290
139,37,243
140,37,250
141,37,724
142,37,607
143,37,114
144,37,173
145,37,723
146,37,852
147,37,242
148,37,190
149,37,96
150,37,925
151,37,550
152,37,534
153,37,317
154,37,139
155,37,695
156,37,10
157,37,952
158,37,601
159,37,786
160,37,104
161,37,472
162,37,121
163,37,98
164,37,433
165,37,34
166,37,277
167,37,838
168,37,835
169,37,531
170,37,462
171,37,537
172,37,235
173,37,165
174,37,865
175,37,854
176,37,115
177,37,663
178,37,878
179,37,326
180,37,1003
181,37,921
182,37,809
183,37,669
184,37,261
185,37,597
186,37,843
187,37,20
188,37,256
189,37,743
190,37,437
191,37,527
192,37,237
193,37,970
194,37,612
195,37,938
196,37,330
197,37,958
198,37,338
199,37,309
200,37,410
201,37,948
202,37,1012
203,37,930
204,37,80
205,37,253
206,37,741
207,37,234
208,37,571
209,37,914
210,37,218
211,37,699
212,37,960
213,37,45
214,37,179
215,37,108
216,37,916
217,37,804
218,37,566
219,37,738
220,37,953
221,37,76
222,37,156
223,37,753
224,37,787
225,37,610
226,37,817
227,37,1020
228,37,202
229,37,840
230,37,251
231,37,27
232,37,3
233,37,184
234,37,857
235,37,219
236,37,574
237,37,157
238,37,967
239,37,419
240,37,205
241,37,494
242,37,249
243,37,794
244,37,532
245,37,971
246,37,777
247,37,361
248,37,112
249,37,318
250,37,327
251,37,1014
252,37,444
253,37,88
254,37,147
255,37,160
256,37,345
257,37,982
258,37,5
259,37,965
260,37,35
261,37,652
262,37,763
263,37,509
264,37,827
265,37,429
266,37,127
267,37,265
268,37,11
269,37,627
270,37,390
271,37,555
272,37,575
273,37,223
274,37,521
275,37,149
276,37,103
277,37,545
278,37,503
279,37,797
280,37,951
281,37,294
282,37,216
283,37,837
284,37,193
285,37,204
286,37,929
287,37,697
288,37,842
289,37,547
290,37,213
291,37,233
292,37,656
293,37,141
294,37,541
295,37,630
296,37,363
297,37,535
298,37,241
299,37,93
300,37,424
301,37,646
302,37,41
303,37,662
304,37,511
305,37,78
306,37,821
307,37,386
308,37,379
309,37,421
310,37,725
311,37,526
312,37,315
313,37,333
314,37,869
315,37,813
316,37,119
317,37,393
318,37,668
319,37,728
320,37,637
321,37,602
322,37,709
323,37,496
324,37,8
325,37,197
326,37,400
327,37,754
328,37,132
329,37,510
330,37,110
331,37,349
332,37,894
333,37,685
334,37,792
335,37,465
336,37,228
337,37,43
338,37,70
339,37,733
340,37,980
341,37,665
342,37,464
343,37,39
344,37,478
345,37,1005
346,37,542
347,37,382
348,37,737
349,37,976
350,37,505
351,37,153
352,37,912
353,37,328
354,37,442
355,37,707
356,37,991
357,37,799
358,37,552
359,37,499
360,37,420
361,37,460
362,37,1011
363,37,181
364,37,987
365,37,957
366,37,708
367,37,116
368,37,681
369,37,322
370,37,162
371,37,922
372,37,106
373,37,483
374,37,13
375,37,826
376,37,751
377,37,323
378,37,849
379,37,802
380,37,559
381,37,355
382,37,673
383,37,632
384,37,682
385,37,305
386,37,568
387,37,828
388,37,892
389,37,776
390,37,343
391,37,927
392,37,908
393,37,875
394,37,862
395,37,287
396,37,75
397,37,619
398,37,347
399,37,245
0,38,299
1,38,215
2,38,317
3,38,683
4,38,443
5,38,956
6,38,1006
7,38,605
8,38,311
9,38,463
10,38,557
11,38,106
12,38,186
13,38,817
14,38,660
15,38,618
16,38,784
17,38,1008
18,38,552
19,38,154
20,38,710
21,38,0
22,38,521
23,38,45
24,38,713
25,38,246
26,38,254
27,38,287
28,38,901
29,38,78
30,38,304
31,38,492
32,38,1013
33,38,52
34,38,643
35,38,148
36,38,440
37,38,413
38,38,876
39,38,717
40,38,997
41,38,571
42,38,698
43,38,140
44,38,67
45,38,866
46,38,912
47,38,51
48,38,539
49,38,767
50,38,429
51,38,848
52,38,783
53,38,487
54,38,933
55,38,1002
56,38,505
57,38,265
58,38,474
59,38,522
60,38,839
61,38,477
62,38,882
63,38,880
64,38,775
65,38,489
66,38,583
67,38,877
68,38,399
69,38,749
70,38,653
71,38,363
72,38,649
73,38,1010
74,38,183
75,38,506
76,38,616
77,38,330
78,38,581
79,38,779
80,38,797
81,38,816
82,38,328
83,38,99
84,38,283
85,38,507
86,38,925
87,38,187
88,38,966
89,38,654
90,38,973
91,38,170
92,38,814
93,38,220
94,38,890
95,38,887
96,38,252
97,38,883
98,38,403
99,38,617
100,38,955
101,38,769
102,38,560
103,38,652
104,38,540
105,38,614
106,38,74
107,38,267
108,38,239
109,38,622
110,38,116
111,38,449
112,38,60
113,38,790
114,38,435
115,38,450
116,38,91
117,38,44
118,38,101
119,38,606
120,38,868
121,38,431
122,38,665
123,38,748
124,38,176
125,38,334
126,38,43
127,38,516
128,38,434
129,38,266
130,38,716
131,38,985
132,38,16
133,38,518
134,38,619
135,38,47
136,38,579
137,38,978
138,38,322
139,38,243
140,38,250
141,38,724
142,38,639
143,38,114
144,38,173
145,38,723
146,38,852
147,38,242
148,38,190
149,38,96
150,38,957
151,38,550
152,38,534
153,38,318
154,38,139
155,38,695
156,38,42
157,38,952
158,38,602
159,38,785
160,38,104
161,38,504
162,38,120
163,38,98
164,38,432
165,38,2
166,38,277
167,38,838
168,38,867
169,38,531
170,38,462
171,38,538
172,38,235
173,38,165
174,38,865
175,38,854
176,38,115
177,38,663
178,38,878
179,38,326
180,38,1003
181,38,921
182,38,809
183,38,701
184,38,261
185,38,597
186,38,843
187,38,20
188,38,256
189,38,743
190,38,437
191,38,526
192,38,237
193,38,970
194,38,580
195,38,938
196,38,362
197,38,959
198,38,339
199,38,309
200,38,410
201,38,949
202,38,980
203,38,962
204,38,80
205,38,285
206,38,709
207,38,202
208,38,570
209,38,914
210,38,218
211,38,667
212,38,960
213,38,77
214,38,179
215,38,107
216,38,916
217,38,772
218,38,566
219,38,770
220,38,953
221,38,108
222,38,156
223,38,753
224,38,787
225,38,610
226,38,849
227,38,1020
228,38,203
229,38,872
230,38,251
231,38,27
232,38,4
233,38,184
234,38,857
235,38,219
236,38,575
237,38,157
238,38,999
239,38,418
240,38,205
241,38,494
242,38,217
243,38,794
244,38,532
245,38,972
246,38,777
247,38,393
248,38,112
249,38,286
250,38,295
251,38,982
252,38,476
253,38,88
254,38,147
255,38,160
256,38,345
257,38,981
258,38,5
259,38,965
260,38,34
261,38,651
262,38,763
263,38,509
264,38,827
265,38,428
266,38,127
267,38,233
268,38,10
269,38,627
270,38,390
271,38,555
272,38,607
273,38,223
274,38,520
275,38,150
276,38,102
277,38,545
278,38,503
279,38,796
280,38,951
281,38,294
282,38,216
283,38,836
284,38,193
285,38,204
286,38,930
287,38,697
288,38,842
289,38,515
290,38,213
291,38,234
292,38,656
293,38,141
294,38,541
295,38,630
296,38,331
297,38,535
298,38,241
299,38,93
300,38,423
301,38,678
302,38,41
303,38,662
304,38,511
305,38,46
306,38,821
307,38,386
308,38,379
309,38,420
310,38,725
311,38,558
312,38,315
313,38,333
314,38,837
315,38,813
316,38,119
317,38,392
318,38,668
319,38,728
320,38,669
321,38,603
322,38,708
323,38,496
324,38,8
325,38,197
326,38,401
327,38,722
328,38,132
329,38,542
330,38,110
331,38,349
332,38,894
333,38,686
334,38,792
335,38,433
336,38,228
337,38,75
338,38,70
339,38,733
340,38,979
341,38,666
342,38,464
343,38,39
344,38,478
345,38,1005
346,38,574
347,38,350
348,38,737
349,38,976
350,38,537
351,38,121
352,38,944
353,38,327
354,38,442
355,38,706
356,38,991
357,38,799
358,38,584
359,38,499
360,38,419
361,38,460
362,38,1012
363,38,149
364,38,986
365,38,958
366,38,707
367,38,84
368,38,681
369,38,323
370,38,162
371,38,922
372,38,138
373,38,451
374,38,13
375,38,826
376,38,751
377,38,355
378,38,881
379,38,834
380,38,559
381,38,387
382,38,673
383,38,664
384,38,682
385,38,305
386,38,568
387,38,828
388,38,892
389,38,776
390,38,343
391,38,895
392,38,909
393,38,875
394,38,862
395,38,319
396,38,76
397,38,587
398,38,348
399,38,245
0,39,331
1,39,216
2,39,285
3,39,683
4,39,443
5,39,955
6,39,1006
7,39,637
8,39,311
9,39,463
10,39,557
11,39,105
12,39,187
13,39,785
14,39,661
15,39,618
16,39,784
17,39,1008
18,39,520
19,39,153
20,39,742
21,39,0
22,39,522
23,39,77
24,39,713
25,39,246
26,39,222
27,39,255
28,39,901
29,39,110
30,39,304
31,39,492
32,39,1013
33,39,51
34,39,643
35,39,149
36,39,440
37,39,412
38,39,908
39,39,717
40,39,997
41,39,570
42,39,697
43,39,140
44,39,67
45,39,898
46,39,911
47,39,50
48,39,540
49,39,767
50,39,461
51,39,880
52,39,783
53,39,487
54,39,933
55,39,1002
56,39,537
57,39,264
58,39,475
59,39,490
60,39,839
61,39,445
62,39,883
63,39,879
64,39,775
65,39,521
66,39,584
67,39,877
68,39,400
69,39,749
70,39,652
71,39,363
72,39,649
73,39,1010
74,39,215
75,39,474
76,39,616
77,39,329
78,39,549
79,39,779
80,39,829
81,39,817
82,39,327
83,39,99
84,39,283
85,39,539
86,39,957
87,39,155
88,39,966
89,39,686
90,39,941
91,39,170
92,39,814
93,39,220
94,39,890
95,39,887
96,39,252
97,39,851
98,39,404
99,39,617
100,39,923
101,39,770
102,39,560
103,39,684
104,39,541
105,39,614
106,39,74
107,39,266
108,39,239
109,39,654
110,39,115
111,39,449
112,39,60
113,39,790
114,39,403
115,39,450
116,39,92
117,39,44
118,39,100
119,39,607
120,39,868
121,39,431
122,39,666
123,39,780
124,39,176
125,39,334
126,39,42
127,39,516
128,39,435
129,39,265
130,39,748
131,39,985
132,39,16
133,39,518
134,39,619
135,39,47
136,39,547
137,39,978
138,39,354
139,39,243
140,39,250
141,39,724
142,39,671
143,39,114
144,39,173
145,39,723
146,39,852
147,39,242
148,39,190
149,39,96
150,39,956
151,39,550
152,39,534
153,39,319
154,39,139
155,39,695
156,39,10
157,39,952
158,39,603
159,39,786
160,39,104
161,39,504
162,39,88
163,39,98
164,39,433
165,39,3
166,39,277
167,39,838
168,39,866
169,39,531
170,39,462
171,39,506
172,39,267
173,39,165
174,39,865
175,39,854
176,39,147
177,39,663
178,39,878
179,39,325
180,39,1003
181,39,921
182,39,809
183,39,733
184,39,261
185,39,597
186,39,843
187,39,20
188,39,256
189,39,743
190,39,437
191,39,525
192,39,237
193,39,970
194,39,580
195,39,938
196,39,394
197,39,958
198,39,340
199,39,309
200,39,410
201,39,981
202,39,948
203,39,962
204,39,80
205,39,286
206,39,709
207,39,201
208,39,602
209,39,914
210,39,218
211,39,667
212,39,960
213,39,76
214,39,179
215,39,106
216,39,916
217,39,772
218,39,566
219,39,802
220,39,953
221,39,108
222,39,156
223,39,753
224,39,787
225,39,610
226,39,848
227,39,1020
228,39,171
229,39,873
230,39,251
231,39,27
232,39,36
233,39,184
234,39,857
235,39,219
236,39,575
237,39,157
238,39,998
239,39,419
240,39,205
241,39,494
242,39,185
243,39,794
244,39,532
245,39,973
246,39,777
247,39,393
248,39,112
249,39,254
250,39,295
251,39,982
252,39,477
253,39,56
254,39,148
255,39,160
256,39,345
257,39,980
258,39,5
259,39,965
260,39,34
261,39,650
262,39,763
263,39,509
264,39,827
265,39,429
266,39,127
267,39,234
268,39,9
269,39,627
270,39,390
271,39,556
272,39,639
273,39,223
274,39,519
275,39,151
276,39,101
277,39,545
278,39,503
279,39,797
280,39,951
281,39,294
282,39,217
283,39,837
284,39,193
285,39,204
286,39,930
287,39,665
288,39,842
289,39,515
290,39,213
291,39,202
292,39,656
293,39,141
294,39,542
295,39,630
296,39,330
297,39,535
298,39,241
299,39,93
300,39,422
301,39,710
302,39,41
303,39,662
304,39,511
305,39,14
306,39,821
307,39,386
308,39,379
309,39,421
310,39,725
311,39,526
312,39,315
313,39,333
314,39,869
315,39,813
316,39,119
317,39,424
318,39,668
319,39,728
320,39,701
321,39,571
322,39,707
323,39,496
324,39,8
325,39,197
326,39,402
327,39,690
328,39,132
329,39,574
330,39,109
331,39,317
332,39,894
333,39,687
334,39,792
335,39,401
336,39,228
337,39,107
338,39,70
339,39,732
340,39,947
341,39,698
342,39,464
343,39,39
344,39,478
345,39,1005
346,39,606
347,39,318
348,39,737
349,39,976
350,39,569
351,39,120
352,39,912
353,39,326
354,39,442
355,39,706
356,39,991
357,39,799
358,39,552
359,39,499
360,39,420
361,39,460
362,39,1012
363,39,117
364,39,1018
365,39,926
366,39,739
367,39,85
368,39,681
369,39,291
370,39,162
371,39,922
372,39,138
373,39,451
374,39,45
375,39,826
376,39,751
377,39,387
378,39,849
379,39,834
380,39,559
381,39,388
382,39,673
383,39,664
384,39,682
385,39,305
386,39,568
387,39,828
388,39,892
389,39,776
390,39,343
391,39,895
392,39,910
393,39,875
394,39,862
395,39,287
396,39,75
397,39,555
398,39,349
399,39,245
0,40,332
1,40,215
2,40,253
3,40,683
4,40,443
5,40,954
6,40,1006
7,40,669
8,40,311
9,40,463
10,40,557
11,40,104
12,40,186
13,40,786
14,40,662
15,40,618
16,40,784
17,40,1008
18,40,520
19,40,154
20,40,710
21,40,0
22,40,554
23,40,76
24,40,713
25,40,246
26,40,190
27,40,255
28,40,901
29,40,142
30,40,304
31,40,492
32,40,1013
33,40,50
34,40,643
35,40,149
36,40,440
37,40,380
38,40,907
39,40,717
40,40,996
41,40,571
42,40,665
43,40,139
44,40,67
45,40,897
46,40,943
47,40,49
48,40,508
49,40,767
50,40,493
51,40,881
52,40,783
53,40,487
54,40,933
55,40,1002
56,40,537
57,40,265
58,40,474
59,40,458
60,40,839
61,40,477
62,40,884
63,40,847
64,40,775
65,40,521
66,40,584
67,40,877
68,40,432
69,40,749
70,40,651
71,40,363
72,40,648
73,40,1010
74,40,214
75,40,506
76,40,616
77,40,329
78,40,548
79,40,811
80,40,861
81,40,818
82,40,326
83,40,99
84,40,283
85,40,538
86,40,956
87,40,187
88,40,966
89,40,686
90,40,973
91,40,170
92,40,814
93,40,220
94,40,890
95,40,887
96,40,252
97,40,883
98,40,404
99,40,617
100,40,924
101,40,770
102,40,560
103,40,652
104,40,540
105,40,614
106,40,106
107,40,267
108,40,239
109,40,654
110,40,114
111,40,449
112,40,60
113,40,790
114,40,435
115,40,450
116,40,93
117,40,44
118,40,132
119,40,575
120,40,836
121,40,431
122,40,698
123,40,779
124,40,176
125,40,334
126,40,41
127,40,516
128,40,436
129,40,297
130,40,780
131,40,985
132,40,16
133,40,517
134,40,619
135,40,47
136,40,515
137,40,978
138,40,386
139,40,243
140,40,250
141,40,724
142,40,639
143,40,146
144,40,173
145,40,723
146,40,852
147,40,242
148,40,191
149,40,96
150,40,955
151,40,550
152,40,534
153,40,319
154,40,107
155,40,695
156,40,11
157,40,952
158,40,635
159,40,754
160,40,136
161,40,504
162,40,120
163,40,98
164,40,433
165,40,35
166,40,277
167,40,838
168,40,898
169,40,531
170,40,462
171,40,505
172,40,299
173,40,165
174,40,865
175,40,854
176,40,115
177,40,663
178,40,878
179,40,324
180,40,1003
181,40,921
182,40,809
183,40,765
184,40,261
185,40,597
186,40,843
187,40,20
188,40,256
189,40,743
190,40,437
191,40,525
192,40,237
193,40,970
194,40,580
195,40,938
196,40,426
197,40,957
198,40,341
199,40,309
200,40,410
201,40,981
202,40,980
203,40,962
204,40,80
205,40,285
206,40,741
207,40,201
208,40,602
209,40,914
210,40,218
211,40,667
212,40,960
213,40,108
214,40,179
215,40,105
216,40,916
217,40,772
218,40,566
219,40,834
220,40,953
221,40,109
222,40,156
223,40,753
224,40,787
225,40,610
226,40,880
227,40,1020
228,40,171
229,40,874
230,40,251
231,40,27
232,40,36
233,40,184
234,40,857
235,40,219
236,40,574
237,40,157
238,40,997
239,40,420
240,40,205
241,40,494
242,40,153
243,40,794
244,40,532
245,40,974
246,40,777
247,40,393
248,40,112
249,40,254
250,40,327
251,40,982
252,40,478
253,40,88
254,40,148
255,40,160
256,40,345
257,40,979
258,40,5
259,40,965
260,40,34
261,40,649
262,40,763
263,40,509
264,40,827
265,40,429
266,40,127
267,40,235
268,40,9
269,40,627
270,40,390
271,40,555
272,40,607
273,40,223
274,40,518
275,40,183
276,40,100
277,40,545
278,40,503
279,40,797
280,40,951
281,40,294
282,40,216
283,40,869
284,40,193
285,40,204
286,40,930
287,40,666
288,40,842
289,40,483
290,40,213
291,40,202
292,40,656
293,40,140
294,40,541
295,40,630
296,40,362
297,40,535
298,40,241
299,40,61
300,40,454
301,40,709
302,40,40
303,40,694
304,40,511
305,40,13
306,40,821
307,40,387
308,40,379
309,40,453
310,40,725
311,40,527
312,40,315
313,40,333
314,40,868
315,40,813
316,40,118
317,40,424
318,40,668
319,40,728
320,40,733
321,40,603
322,40,739
323,40,496
324,40,8
325,40,197
326,40,403
327,40,658
328,40,164
329,40,606
330,40,110
331,40,317
332,40,894
333,40,688
334,40,792
335,40,369
336,40,228
337,40,75
338,40,70
339,40,700
340,40,947
341,40,699
342,40,464
343,40,39
344,40,479
345,40,1005
346,40,638
347,40,286
348,40,737
349,40,976
350,40,570
351,40,119
352,40,912
353,40,325
354,40,442
355,40,707
356,40,991
357,40,799
358,40,552
359,40,499
360,40,421
361,40,460
362,40,1012
363,40,116
364,40,1018
365,40,925
366,40,738
367,40,85
368,40,681
369,40,259
370,40,162
371,40,922
372,40,138
373,40,451
374,40,45
375,40,826
376,40,751
377,40,419
378,40,849
379,40,835
380,40,559
381,40,388
382,40,673
383,40,664
384,40,682
385,40,305
386,40,568
387,40,828
388,40,892
389,40,776
390,40,343
391,40,895
392,40,911
393,40,875
394,40,862
395,40,287
396,40,43
397,40,523
398,40,349
399,40,245
0,41,333
1,41,216
2,41,221
3,41,683
4,41,443
5,41,954
6,41,1005
7,41,669
8,41,311
9,41,463
10,41,557
11,41,136
12,41,187
13,41,785
14,41,694
15,41,618
16,41,784
17,41,1008
18,41,520
19,41,186
20,41,710
21,41,0
22,41,554
23,41,108
24,41,713
25,41,246
26,41,189
27,41,287
28,41,901
29,41,142
30,41,304
31,41,524
32,41,1013
33,41,49
34,41,643
35,41,149
36,41,440
37,41,380
38,41,906
39,41,717
40,41,997
41,41,603
42,41,665
43,41,140
44,41,67
45,41,865
46,41,911
47,41,48
48,41,540
49,41,767
50,41,492
51,41,882
52,41,783
53,41,487
54,41,933
55,41,1002
56,41,537
57,41,266
58,41,474
59,41,426
60,41,839
61,41,476
62,41,885
63,41,847
64,41,775
65,41,521
66,41,584
67,41,877
68,41,432
69,41,749
70,41,650
71,41,363
72,41,680
73,41,1010
74,41,214
75,41,506
76,41,616
77,41,297
78,41,516
79,41,779
80,41,893
81,41,819
82,41,325
83,41,99
84,41,283
85,41,538
86,41,955
87,41,155
88,41,967
89,41,686
90,41,973
91,41,170
92,41,814
93,41,220
94,41,890
95,41,887
96,41,252
97,41,883
98,41,436
99,41,617
100,41,924
101,41,769
102,41,560
103,41,652
104,41,539
105,41,614
106,41,138
107,41,267
108,41,239
109,41,654
110,41,113
111,41,449
112,41,60
113,41,790
114,41,434
115,41,450
116,41,61
117,41,44
118,41,133
119,41,574
120,41,868
121,41,431
122,41,730
123,41,780
124,41,176
125,41,334
126,41,40
127,41,484
128,41,437
129,41,265
130,41,812
131,41,985
132,41,16
133,41,549
134,41,619
135,41,47
136,41,483
137,41,946
138,41,386
139,41,243
140,41,250
141,41,724
142,41,607
143,41,114
144,41,173
145,41,723
146,41,852
147,41,242
148,41,190
149,41,96
150,41,923
151,41,550
152,41,534
153,41,319
154,41,75
155,41,695
156,41,11
157,41,952
158,41,635
159,41,786
160,41,168
161,41,504
162,41,120
163,41,98
164,41,433
165,41,35
166,41,277
167,41,838
168,41,897
169,41,531
170,41,462
171,41,473
172,41,298
173,41,165
174,41,864
175,41,854
176,41,147
177,41,663
178,41,878
179,41,323
180,41,1003
181,41,921
182,41,809
183,41,797
184,41,261
185,41,597
186,41,843
187,41,20
188,41,256
189,41,743
190,41,469
191,41,525
192,41,237
193,41,970
194,41,580
195,41,938
196,41,394
197,41,957
198,41,342
199,41,309
200,41,410
201,41,981
202,41,980
203,41,962
204,41,80
205,41,317
206,41,709
207,41,201
208,41,570
209,41,914
210,41,218
211,41,667
212,41,960
213,41,107
214,41,179
215,41,104
216,41,916
217,41,772
218,41,566
219,41,866
220,41,953
221,41,77
222,41,156
223,41,753
224,41,787
225,41,610
226,41,879
227,41,1020
228,41,171
229,41,875
230,41,251
231,41,27
232,41,36
233,41,184
234,41,857
235,41,219
236,41,542
237,41,157
238,41,965
239,41,421
240,41,205
241,41,494
242,41,154
243,41,794
244,41,532
245,41,1006
246,41,777
247,41,393
248,41,112
249,41,255
250,41,328
251,41,982
252,41,510
253,41,88
254,41,148
255,41,160
256,41,345
257,41,978
258,41,5
259,41,966
260,41,34
261,41,648
262,41,763
263,41,509
264,41,827
265,41,429
266,41,127
267,41,235
268,41,10
269,41,627
270,41,390
271,41,555
272,41,575
273,41,223
274,41,517
275,41,215
276,41,132
277,41,545
278,41,503
279,41,796
280,41,951
281,41,294
282,41,217
283,41,837
284,41,193
285,41,204
286,41,930
287,41,698
288,41,842
289,41,482
290,41,213
291,41,202
292,41,656
293,41,141
294,41,541
295,41,630
296,41,361
297,41,535
298,41,241
299,41,29
300,41,422
301,41,708
302,41,8
303,41,693
304,41,511
305,41,12
306,41,821
307,41,419
308,41,379
309,41,454
310,41,725
311,41,527
312,41,315
313,41,301
314,41,869
315,41,813
316,41,86
317,41,424
318,41,668
319,41,728
320,41,765
321,41,602
322,41,738
323,41,496
324,41,9
325,41,197
326,41,404
327,41,658
328,41,164
329,41,638
330,41,110
331,41,316
332,41,894
333,41,689
334,41,792
335,41,369
336,41,228
337,41,76
338,41,70
339,41,701
340,41,947
341,41,699
342,41,464
343,41,39
344,41,478
345,41,1004
346,41,637
347,41,254
348,41,737
349,41,976
350,41,569
351,41,118
352,41,880
353,41,324
354,41,442
355,41,707
356,41,991
357,41,799
358,41,552
359,41,499
360,41,453
361,41,460
362,41,1012
363,41,115
364,41,1018
365,41,925
366,41,770
367,41,85
368,41,681
369,41,227
370,41,162
371,41,922
372,41,139
373,41,451
374,41,45
375,41,826
376,41,751
377,41,418
378,41,849
379,41,834
380,41,559
381,41,387
382,41,673
383,41,664
384,41,682
385,41,305
386,41,568
387,41,828
388,41,892
389,41,776
390,41,343
391,41,895
392,41,912
393,41,876
394,41,862
395,41,286
396,41,43
397,41,523
398,41,349
399,41,245
0,42,301
1,42,215
2,42,189
3,42,683
4,42,443
5,42,954
6,42,1006
7,42,701
8,42,311
9,42,463
10,42,557
11,42,104
12,42,186
13,42,817
14,42,695
15,42,618
16,42,784
17,42,1008
18,42,520
19,42,185
20,42,710
21,42,0
22,42,554
23,42,107
24,42,713
25,42,278
26,42,188
27,42,286
28,42,901
29,42,142
30,42,304
31,42,556
32,42,1013
33,42,48
34,42,643
35,42,181
36,42,440
37,42,380
38,42,906
39,42,717
40,42,998
41,42,603
42,42,665
43,42,139
44,42,67
45,42,866
46,42,943
47,42,47
48,42,540
49,42,767
50,42,524
51,42,914
52,42,783
53,42,487
54,42,933
55,42,1002
56,42,537
57,42,266
58,42,474
59,42,394
60,42,839
61,42,476
62,42,886
63,42,847
64,42,775
65,42,521
66,42,584
67,42,877
68,42,432
69,42,749
70,42,650
71,42,363
72,42,648
73,42,1010
74,42,246
75,42,506
76,42,616
77,42,297
78,42,484
79,42,779
80,42,892
81,42,787
82,42,357
83,42,99
84,42,283
85,42,538
86,42,987
87,42,187
88,42,966
89,42,686
90,42,973
91,42,170
92,42,814
93,42,220
94,42,890
95,42,887
96,42,252
97,42,883
98,42,435
99,42,617
100,42,956
101,42,768
102,42,560
103,42,652
104,42,539
105,42,614
106,42,137
107,42,267
108,42,239
109,42,654
110,42,81
111,42,448
112,42,60
113,42,790
114,42,434
115,42,449
116,42,62
117,42,44
118,42,101
119,42,606
120,42,868
121,42,431
122,42,730
123,42,748
124,42,176
125,42,334
126,42,39
127,42,485
128,42,405
129,42,264
130,42,812
131,42,985
132,42,16
133,42,550
134,42,619
135,42,15
136,42,451
137,42,978
138,42,418
139,42,243
140,42,250
141,42,724
142,42,607
143,42,114
144,42,173
145,42,723
146,42,852
147,42,242
148,42,190
149,42,96
150,42,955
151,42,518
152,42,534
153,42,319
154,42,75
155,42,727
156,42,11
157,42,952
158,42,635
159,42,785
160,42,136
161,42,504
162,42,120
163,42,98
164,42,433
165,42,35
166,42,277
167,42,838
168,42,929
169,42,531
170,42,462
171,42,473
172,42,298
173,42,165
174,42,865
175,42,854
176,42,148
177,42,663
178,42,878
179,42,324
180,42,1003
181,42,921
182,42,809
183,42,829
184,42,261
185,42,597
186,42,843
187,42,20
188,42,256
189,42,743
190,42,437
191,42,525
192,42,237
193,42,970
194,42,580
195,42,938
196,42,393
197,42,957
198,42,310
199,42,309
200,42,410
201,42,981
202,42,980
203,42,962
204,42,80
205,42,318
206,42,709
207,42,201
208,42,571
209,42,946
210,42,218
211,42,667
212,42,960
213,42,106
214,42,179
215,42,103
216,42,916
217,42,772
218,42,566
219,42,898
220,42,953
221,42,77
222,42,156
223,42,753
224,42,786
225,42,610
226,42,911
227,42,1020
228,42,171
229,42,876
230,42,251
231,42,27
232,42,36
233,42,184
234,42,857
235,42,219
236,42,510
237,42,157
238,42,997
239,42,420
240,42,205
241,42,494
242,42,155
243,42,794
244,42,532
245,42,1007
246,42,777
247,42,361
248,42,112
249,42,287
250,42,329
251,42,982
252,42,511
253,42,88
254,42,149
255,42,160
256,42,345
257,42,977
258,42,5
259,42,965
260,42,34
261,42,647
262,42,763
263,42,509
264,42,827
265,42,429
266,42,127
267,42,235
268,42,9
269,42,627
270,42,390
271,42,555
272,42,574
273,42,223
274,42,549
275,42,214
276,42,131
277,42,545
278,42,503
279,42,796
280,42,951
281,42,294
282,42,216
283,42,836
284,42,193
285,42,204
286,42,930
287,42,697
288,42,842
289,42,483
290,42,213
291,42,202
292,42,656
293,42,140
294,42,541
295,42,630
296,42,362
297,42,535
298,42,241
299,42,61
300,42,454
301,42,707
302,42,40
303,42,694
304,42,479
305,42,12
306,42,821
307,42,387
308,42,379
309,42,453
310,42,725
311,42,527
312,42,315
313,42,269
314,42,837
315,42,813
316,42,118
317,42,424
318,42,668
319,42,728
320,42,797
321,42,601
322,42,770
323,42,496
324,42,8
325,42,197
326,42,404
327,42,658
328,42,132
329,42,637
330,42,110
331,42,317
332,42,894
333,42,689
334,42,792
335,42,369
336,42,228
337,42,108
338,42,70
339,42,733
340,42,947
341,42,699
342,42,464
343,42,38
344,42,477
345,42,1005
346,42,669
347,42,222
348,42,737
349,42,976
350,42,570
351,42,117
352,42,912
353,42,325
354,42,442
355,42,706
356,42,991
357,42,799
358,42,552
359,42,499
360,42,421
361,42,460
362,42,1012
363,42,147
364,42,1018
365,42,893
366,42,769
367,42,85
368,42,681
369,42,195
370,42,162
371,42,922
372,42,138
373,42,419
374,42,45
375,42,826
376,42,751
377,42,450
378,42,849
379,42,834
380,42,559
381,42,355
382,42,673
383,42,664
384,42,682
385,42,305
386,42,568
387,42,828
388,42,924
389,42,776
390,42,343
391,42,895
392,42,913
393,42,908
394,42,862
395,42,254
396,42,43
397,42,523
398,42,349
399,42,245
0,43,302
1,43,183
2,43,157
3,43,683
4,43,443
5,43,954
6,43,1006
7,43,733
8,43,312
9,43,463
10,43,557
11,43,104
12,43,154
13,43,785
14,43,696
15,43,618
16,43,784
17,43,1009
18,43,520
19,43,185
20,43,710
21,43,0
22,43,554
23,43,106
24,43,713
25,43,246
26,43,187
27,43,254
28,43,901
29,43,142
30,43,304
31,43,524
32,43,1013
33,43,48
34,43,643
35,43,149
36,43,440
37,43,380
38,43,906
39,43,717
40,43,997
41,43,603
42,43,665
43,43,107
44,43,67
45,43,867
46,43,911
47,43,46
48,43,540
49,43,767
50,43,523
51,43,915
52,43,783
53,43,487
54,43,933
55,43,1002
56,43,537
57,43,266
58,43,474
59,43,362
60,43,839
61,43,476
62,43,887
63,43,847
64,43,775
65,43,521
66,43,584
67,43,877
68,43,432
69,43,749
70,43,650
71,43,363
72,43,649
73,43,1010
74,43,214
75,43,506
76,43,616
77,43,297
78,43,516
79,43,779
80,43,891
81,43,755
82,43,356
83,43,99
84,43,283
85,43,538
86,43,986
87,43,186
88,43,966
89,43,686
90,43,973
91,43,170
92,43,814
93,43,220
94,43,890
95,43,855
96,43,252
97,43,883
98,43,435
99,43,617
100,43,924
101,43,769
102,43,560
103,43,652
104,43,539
105,43,614
106,43,137
107,43,267
108,43,239
109,43,654
110,43,81
111,43,449
112,43,60
113,43,790
114,43,434
115,43,417
116,43,62
117,43,44
118,43,101
119,43,606
120,43,900
121,43,431
122,43,730
123,43,748
124,43,176
125,43,334
126,43,38
127,43,484
128,43,406
129,43,264
130,43,812
131,43,985
132,43,16
133,43,518
134,43,619
135,43,47
136,43,419
137,43,978
138,43,450
139,43,243
140,43,250
141,43,724
142,43,607
143,43,114
144,43,173
145,43,723
146,43,852
147,43,242
148,43,191
149,43,96
150,43,955
151,43,519
152,43,534
153,43,319
154,43,75
155,43,695
156,43,11
157,43,952
158,43,635
159,43,786
160,43,136
161,43,504
162,43,120
163,43,98
164,43,433
165,43,35
166,43,277
167,43,838
168,43,961
169,43,531
170,43,462
171,43,473
172,43,298
173,43,165
174,43,865
175,43,854
176,43,147
177,43,663
178,43,878
179,43,325
180,43,1003
181,43,921
182,43,809
183,43,861
184,43,261
185,43,597
186,43,843
187,43,20
188,43,256
189,43,743
190,43,437
191,43,525
192,43,237
193,43,970
194,43,580
195,43,938
196,43,394
197,43,957
198,43,311
199,43,309
200,43,410
201,43,981
202,43,980
203,43,962
204,43,80
205,43,350
206,43,709
207,43,201
208,43,571
209,43,946
210,43,218
211,43,667
212,43,960
213,43,105
214,43,179
215,43,102
216,43,916
217,43,772
218,43,566
219,43,897
220,43,953
221,43,77
222,43,156
223,43,753
224,43,787
225,43,610
226,43,910
227,43,1020
228,43,171
229,43,908
230,43,251
231,43,27
232,43,36
233,43,184
234,43,857
235,43,219
236,43,478
237,43,158
238,43,996
239,43,388
240,43,205
241,43,494
242,43,123
243,43,794
244,43,532
245,43,1008
246,43,777
247,43,393
248,43,112
249,43,286
250,43,330
251,43,982
252,43,510
253,43,88
254,43,148
255,43,160
256,43,345
257,43,976
258,43,5
259,43,965
260,43,34
261,43,646
262,43,763
263,43,509
264,43,827
265,43,429
266,43,127
267,43,235
268,43,9
269,43,627
270,43,390
271,43,555
272,43,542
273,43,223
274,43,549
275,43,213
276,43,163
277,43,545
278,43,503
279,43,797
280,43,951
281,43,294
282,43,216
283,43,868
284,43,193
285,43,204
286,43,930
287,43,697
288,43,842
289,43,515
290,43,212
291,43,202
292,43,656
293,43,141
294,43,541
295,43,630
296,43,361
297,43,535
298,43,241
299,43,93
300,43,454
301,43,739
302,43,41
303,43,662
304,43,511
305,43,12
306,43,821
307,43,386
308,43,379
309,43,421
310,43,725
311,43,527
312,43,315
313,43,301
314,43,837
315,43,813
316,43,119
317,43,424
318,43,668
319,43,728
320,43,829
321,43,633
322,43,802
323,43,496
324,43,8
325,43,197
326,43,405
327,43,658
328,43,132
329,43,669
330,43,110
331,43,285
332,43,894
333,43,689
334,43,792
335,43,369
336,43,228
337,43,140
338,43,70
339,43,732
340,43,947
341,43,699
342,43,464
343,43,6
344,43,445
345,43,1005
346,43,701
347,43,190
348,43,737
349,43,944
350,43,570
351,43,116
352,43,912
353,43,293
354,43,442
355,43,707
356,43,991
357,43,799
358,43,552
359,43,499
360,43,420
361,43,460
362,43,1012
363,43,115
364,43,1018
365,43,893
366,43,801
367,43,85
368,43,681
369,43,195
370,43,162
371,43,922
372,43,138
373,43,418
374,43,45
375,43,826
376,43,751
377,43,482
378,43,849
379,43,834
380,43,559
381,43,355
382,43,673
383,43,664
384,43,682
385,43,305
386,43,568
387,43,828
388,43,892
389,43,776
390,43,343
391,43,895
392,43,914
393,43,940
394,43,862
395,43,255
396,43,43
397,43,522
398,43,349
399,43,245
0,44,301
1,44,151
2,44,156
3,44,683
4,44,443
5,44,954
6,44,1006
7,44,732
8,44,280
9,44,463
10,44,557
11,44,136
12,44,186
13,44,786
14,44,697
15,44,618
16,44,784
17,44,977
18,44,520
19,44,185
20,44,710
21,44,0
22,44,554
23,44,105
24,44,713
25,44,246
26,44,155
27,44,255
28,44,901
29,44,142
30,44,304
31,44,492
32,44,1013
33,44,48
34,44,643
35,44,149
36,44,440
37,44,380
38,44,906
39,44,717
40,44,997
41,44,603
42,44,665
43,44,107
44,44,67
45,44,867
46,44,911
47,44,45
48,44,508
49,44,767
50,44,524
51,44,947
52,44,783
53,44,487
54,44,933
55,44,1002
56,44,537
57,44,266
58,44,474
59,44,362
60,44,839
61,44,476
62,44,919
63,44,847
64,44,775
65,44,521
66,44,584
67,44,877
68,44,432
69,44,749
70,44,650
71,44,363
72,44,649
73,44,1010
74,44,215
75,44,506
76,44,616
77,44,297
78,44,548
79,44,779
80,44,891
81,44,755
82,44,356
83,44,99
84,44,283
85,44,538
86,44,985
87,44,187
88,44,966
89,44,686
90,44,973
91,44,170
92,44,814
93,44,220
94,44,890
95,44,887
96,44,252
97,44,883
98,44,435
99,44,617
100,44,924
101,44,770
102,44,560
103,44,652
104,44,539
105,44,614
106,44,137
107,44,267
108,44,239
109,44,654
110,44,81
111,44,448
112,44,60
113,44,790
114,44,434
115,44,449
116,44,62
117,44,44
118,44,100
119,44,606
120,44,868
121,44,431
122,44,730
123,44,748
124,44,176
125,44,334
126,44,70
127,44,516
128,44,374
129,44,264
130,44,812
131,44,1017
132,44,16
133,44,517
134,44,619
135,44,47
136,44,387
137,44,978
138,44,482
139,44,243
140,44,250
141,44,724
142,44,607
143,44,114
144,44,173
145,44,723
146,44,852
147,44,242
148,44,190
149,44,96
150,44,955
151,44,518
152,44,534
153,44,319
154,44,75
155,44,695
156,44,11
157,44,952
158,44,635
159,44,754
160,44,168
161,44,504
162,44,120
163,44,98
164,44,433
165,44,35
166,44,277
167,44,838
168,44,961
169,44,531
170,44,462
171,44,473
172,44,298
173,44,165
174,44,865
175,44,854
176,44,115
177,44,663
178,44,878
179,44,326
180,44,1003
181,44,921
182,44,809
183,44,893
184,44,261
185,44,597
186,44,843
187,44,20
188,44,256
189,44,743
190,44,437
191,44,525
192,44,237
193,44,970
194,44,580
195,44,938
196,44,426
197,44,957
198,44,312
199,44,309
200,44,410
201,44,981
202,44,980
203,44,962
204,44,80
205,44,382
206,44,709
207,44,201
208,44,571
209,44,914
210,44,218
211,44,667
212,44,960
213,44,104
214,44,179
215,44,101
216,44,916
217,44,772
218,44,566
219,44,929
220,44,953
221,44,77
222,44,124
223,44,753
224,44,787
225,44,610
226,44,909
227,44,1020
228,44,171
229,44,876
230,44,251
231,44,27
232,44,36
233,44,184
234,44,857
235,44,219
236,44,477
237,44,157
238,44,996
239,44,388
240,44,205
241,44,494
242,44,91
243,44,794
244,44,532
245,44,1009
246,44,777
247,44,394
248,44,112
249,44,318
250,44,331
251,44,982
252,44,542
253,44,88
254,44,148
255,44,160
256,44,345
257,44,944
258,44,5
259,44,965
260,44,34
261,44,646
262,44,763
263,44,509
264,44,827
265,44,429
266,44,127
267,44,235
268,44,9
269,44,627
270,44,390
271,44,555
272,44,541
273,44,223
274,44,549
275,44,214
276,44,195
277,44,545
278,44,503
279,44,797
280,44,951
281,44,294
282,44,216
283,44,869
284,44,193
285,44,204
286,44,930
287,44,698
288,44,842
289,44,515
290,44,213
291,44,202
292,44,656
293,44,140
294,44,540
295,44,630
296,44,393
297,44,535
298,44,241
299,44,93
300,44,454
301,44,739
302,44,41
303,44,662
304,44,511
305,44,12
306,44,821
307,44,386
308,44,379
309,44,420
310,44,725
311,44,527
312,44,315
313,44,333
314,44,837
315,44,813
316,44,119
317,44,424
318,44,668
319,44,728
320,44,861
321,44,632
322,44,834
323,44,496
324,44,8
325,44,197
326,44,406
327,44,658
328,44,132
329,44,701
330,44,110
331,44,285
332,44,894
333,44,689
334,44,792
335,44,369
336,44,228
337,44,172
338,44,69
339,44,700
340,44,979
341,44,699
342,44,464
343,44,38
344,44,413
345,44,1005
346,44,733
347,44,158
348,44,737
349,44,912
350,44,570
351,44,84
352,44,880
353,44,325
354,44,442
355,44,707
356,44,991
357,44,799
358,44,552
359,44,499
360,44,419
361,44,460
362,44,1012
363,44,116
364,44,1018
365,44,925
366,44,800
367,44,85
368,44,681
369,44,194
370,44,162
371,44,922
372,44,106
373,44,450
374,44,13
375,44,826
376,44,751
377,44,514
378,44,849
379,44,835
380,44,559
381,44,355
382,44,673
383,44,664
384,44,682
385,44,305
386,44,568
387,44,828
388,44,892
389,44,776
390,44,343
391,44,895
392,44,915
393,44,908
394,44,862
395,44,287
396,44,43
397,44,523
398,44,349
399,44,245
0,45,301
1,45,150
2,45,124
3,45,683
4,45,443
5,45,954
6,45,1006
7,45,700
8,45,312
9,45,463
10,45,557
11,45,136
12,45,187
13,45,785
14,45,698
15,45,618
16,45,784
17,45,1009
18,45,520
19,45,185
20,45,710
21,45,0
22,45,554
23,45,104
24,45,713
25,45,246
26,45,154
27,45,287
28,45,901
29,45,142
30,45,304
31,45,492
32,45,1013
33,45,48
34,45,643
35,45,149
36,45,440
37,45,380
38,45,906
39,45,717
40,45,997
41,45,603
42,45,665
43,45,107
44,45,67
45,45,867
46,45,911
47,45,44
48,45,540
49,45,767
50,45,524
51,45,915
52,45,783
53,45,487
54,45,933
55,45,1002
56,45,537
57,45,266
58,45,474
59,45,362
60,45,839
61,45,476
62,45,919
63,45,847
64,45,775
65,45,521
66,45,584
67,45,877
68,45,432
69,45,749
70,45,650
71,45,363
72,45,649
73,45,1011
74,45,215
75,45,506
76,45,616
77,45,297
78,45,516
79,45,779
80,45,891
81,45,755
82,45,356
83,45,99
84,45,283
85,45,538
86,45,984
87,45,155
88,45,966
89,45,686
90,45,973
91,45,170
92,45,814
93,45,220
94,45,890
95,45,887
96,45,252
97,45,883
98,45,435
99,45,617
100,45,924
101,45,770
102,45,560
103,45,652
104,45,539
105,45,614
106,45,137
107,45,267
108,45,239
109,45,654
110,45,81
111,45,449
112,45,60
113,45,790
114,45,434
115,45,450
116,45,62
117,45,12
118,45,132
119,45,606
120,45,868
121,45,431
122,45,730
123,45,748
124,45,176
125,45,334
126,45,102
127,45,484
128,45,375
129,45,264
130,45,812
131,45,985
132,45,16
133,45,518
134,45,619
135,45,47
136,45,386
137,45,978
138,45,482
139,45,243
140,45,250
141,45,724
142,45,607
143,45,114
144,45,173
145,45,723
146,45,852
147,45,242
148,45,190
149,45,96
150,45,955
151,45,550
152,45,534
153,45,319
154,45,75
155,45,695
156,45,11
157,45,952
158,45,635
159,45,786
160,45,168
161,45,504
162,45,120
163,45,98
164,45,433
165,45,35
166,45,277
167,45,838
168,45,961
169,45,531
170,45,462
171,45,473
172,45,298
173,45,165
174,45,865
175,45,854
176,45,147
177,45,663
178,45,878
179,45,326
180,45,1003
181,45,921
182,45,809
183,45,925
184,45,261
185,45,597
186,45,843
187,45,20
188,45,256
189,45,743
190,45,437
191,45,525
192,45,237
193,45,970
194,45,580
195,45,938
196,45,458
197,45,958
198,45,313
199,45,309
200,45,410
201,45,981
202,45,980
203,45,962
204,45,80
205,45,414
206,45,709
207,45,201
208,45,571
209,45,914
210,45,218
211,45,667
212,45,960
213,45,103
214,45,179
215,45,100
216,45,884
217,45,772
218,45,566
219,45,929
220,45,953
221,45,77
222,45,92
223,45,753
224,45,787
225,45,610
226,45,908
227,45,1020
228,45,171
229,45,844
230,45,251
231,45,27
232,45,36
233,45,184
234,45,857
235,45,219
236,45,445
237,45,157
238,45,996
239,45,420
240,45,205
241,45,494
242,45,59
243,45,794
244,45,532
245,45,1010
246,45,777
247,45,393
248,45,112
249,45,318
250,45,332
251,45,982
252,45,574
253,45,88
254,45,148
255,45,160
256,45,345
257,45,976
258,45,5
259,45,965
260,45,34
261,45,646
262,45,763
263,45,510
264,45,827
265,45,429
266,45,127
267,45,235
268,45,9
269,45,627
270,45,390
271,45,555
272,45,509
273,45,223
274,45,549
275,45,214
276,45,227
277,45,545
278,45,503
279,45,797
280,45,951
281,45,294
282,45,216
283,45,869
284,45,193
285,45,203
286,45,930
287,45,699
288,45,842
289,45,515
290,45,213
291,45,202
292,45,656
293,45,140
294,45,541
295,45,630
296,45,392
297,45,535
298,45,241
299,45,93
300,45,454
301,45,739
302,45,41
303,45,662
304,45,511
305,45,13
306,45,821
307,45,385
308,45,379
309,45,421
310,45,725
311,45,527
312,45,315
313,45,333
314,45,837
315,45,813
316,45,119
317,45,424
318,45,668
319,45,728
320,45,893
321,45,632
322,45,866
323,45,496
324,45,8
325,45,197
326,45,407
327,45,658
328,45,164
329,45,733
330,45,110
331,45,285
332,45,894
333,45,689
334,45,792
335,45,369
336,45,228
337,45,204
338,45,70
339,45,701
340,45,947
341,45,731
342,45,464
343,45,39
344,45,381
345,45,1005
346,45,765
347,45,126
348,45,737
349,45,944
350,45,570
351,45,52
352,45,912
353,45,325
354,45,442
355,45,707
356,45,991
357,45,799
358,45,552
359,45,499
360,45,419
361,45,460
362,45,1012
363,45,115
364,45,1018
365,45,957
366,45,832
367,45,85
368,45,681
369,45,162
370,45,163
371,45,922
372,45,106
373,45,451
374,45,45
375,45,826
376,45,751
377,45,513
378,45,849
379,45,834
380,45,559
381,45,355
382,45,673
383,45,664
384,45,682
385,45,305
386,45,568
387,45,828
388,45,892
389,45,776
390,45,343
391,45,895
392,45,916
393,45,876
394,45,862
395,45,286
396,45,43
397,45,523
398,45,349
399,45,245
0,46,269
1,46,150
2,46,92
3,46,683
4,46,443
5,46,954
6,46,1006
7,46,701
8,46,311
9,46,463
10,46,557
11,46,104
12,46,186
13,46,817
14,46,730
15,46,618
16,46,784
17,46,1008
18,46,520
19,46,185
20,46,710
21,46,0
22,46,554
23,46,103
24,46,713
25,46,246
26,46,155
27,46,287
28,46,901
29,46,142
30,46,304
31,46,492
32,46,1013
33,46,48
34,46,643
35,46,117
36,46,440
37,46,380
38,46,906
39,46,717
40,46,997
41,46,603
42,46,665
43,46,107
44,46,67
45,46,867
46,46,911
47,46,43
48,46,540
49,46,767
50,46,524
51,46,915
52,46,783
53,46,487
54,46,933
55,46,1002
56,46,537
57,46,266
58,46,474
59,46,362
60,46,839
61,46,476
62,46,919
63,46,847
64,46,775
65,46,521
66,46,584
67,46,877
68,46,432
69,46,749
70,46,650
71,46,363
72,46,649
73,46,979
74,46,215
75,46,506
76,46,616
77,46,297
78,46,484
79,46,779
80,46,891
81,46,755
82,46,356
83,46,99
84,46,283
85,46,538
86,46,983
87,46,187
88,46,966
89,46,686
90,46,973
91,46,170
92,46,814
93,46,220
94,46,890
95,46,887
96,46,252
97,46,883
98,46,435
99,46,617
100,46,924
101,46,770
102,46,560
103,46,652
104,46,539
105,46,614
106,46,137
107,46,267
108,46,239
109,46,654
110,46,81
111,46,449
112,46,28
113,46,790
114,46,434
115,46,450
116,46,62
117,46,44
118,46,133
119,46,607
120,46,868
121,46,431
122,46,731
123,46,748
124,46,176
125,46,334
126,46,102
127,46,485
128,46,375
129,46,264
130,46,812
131,46,985
132,46,16
133,46,518
134,46,619
135,46,47
136,46,354
137,46,978
138,46,482
139,46,243
140,46,250
141,46,724
142,46,575
143,46,114
144,46,173
145,46,723
146,46,820
147,46,242
148,46,190
149,46,96
150,46,955
151,46,550
152,46,534
153,46,319
154,46,76
155,46,695
156,46,11
157,46,952
158,46,635
159,46,785
160,46,136
161,46,504
162,46,120
163,46,98
164,46,433
165,46,35
166,46,277
167,46,838
168,46,961
169,46,531
170,46,462
171,46,473
172,46,298
173,46,165
174,46,865
175,46,854
176,46,148
177,46,663
178,46,878
179,46,326
180,46,1003
181,46,921
182,46,809
183,46,957
184,46,261
185,46,597
186,46,843
187,46,20
188,46,256
189,46,743
190,46,437
191,46,525
192,46,237
193,46,970
194,46,580
195,46,938
196,46,490
197,46,959
198,46,313
199,46,309
200,46,410
201,46,981
202,46,980
203,46,962
204,46,80
205,46,414
206,46,709
207,46,201
208,46,571
209,46,914
210,46,218
211,46,667
212,46,960
213,46,135
214,46,179
215,46,132
216,46,852
217,46,772
218,46,566
219,46,929
220,46,953
221,46,77
222,46,60
223,46,753
224,46,787
225,46,610
226,46,940
227,46,1020
228,46,171
229,46,876
230,46,251
231,46,27
232,46,36
233,46,184
234,46,857
235,46,219
236,46,413
237,46,157
238,46,996
239,46,421
240,46,205
241,46,494
242,46,58
243,46,794
244,46,532
245,46,1011
246,46,777
247,46,393
248,46,112
249,46,318
250,46,333
251,46,982
252,46,606
253,46,88
254,46,149
255,46,160
256,46,345
257,46,977
258,46,5
259,46,965
260,46,34
261,46,646
262,46,763
263,46,509
264,46,827
265,46,429
266,46,127
267,46,235
268,46,9
269,46,627
270,46,390
271,46,555
272,46,477
273,46,223
274,46,549
275,46,214
276,46,226
277,46,546
278,46,503
279,46,796
280,46,951
281,46,294
282,46,216
283,46,869
284,46,193
285,46,204
286,46,930
287,46,698
288,46,842
289,46,515
290,46,213
291,46,202
292,46,656
293,46,140
294,46,541
295,46,630
296,46,392
297,46,535
298,46,241
299,46,93
300,46,454
301,46,739
302,46,41
303,46,662
304,46,511
305,46,12
306,46,821
307,46,386
308,46,379
309,46,453
310,46,725
311,46,527
312,46,315
313,46,301
314,46,837
315,46,813
316,46,119
317,46,424
318,46,668
319,46,728
320,46,925
321,46,632
322,46,898
323,46,496
324,46,8
325,46,197
326,46,408
327,46,658
328,46,164
329,46,765
330,46,110
331,46,285
332,46,894
333,46,689
334,46,792
335,46,369
336,46,228
337,46,236
338,46,70
339,46,733
340,46,947
341,46,699
342,46,464
343,46,39
344,46,349
345,46,1005
346,46,797
347,46,94
348,46,737
349,46,976
350,46,570
351,46,51
352,46,912
353,46,325
354,46,442
355,46,707
356,46,991
357,46,799
358,46,552
359,46,499
360,46,420
361,46,460
362,46,1012
363,46,147
364,46,1018
365,46,958
366,46,864
367,46,85
368,46,681
369,46,163
370,46,131
371,46,922
372,46,106
373,46,451
374,46,45
375,46,826
376,46,751
377,46,545
378,46,849
379,46,834
380,46,559
381,46,355
382,46,673
383,46,664
384,46,682
385,46,305
386,46,568
387,46,828
388,46,892
389,46,776
390,46,343
391,46,895
392,46,884
393,46,875
394,46,862
395,46,286
396,46,75
397,46,523
398,46,348
399,46,245
0,47,301
1,47,150
2,47,93
3,47,683
4,47,443
5,47,954
6,47,1006
7,47,669
8,47,311
9,47,463
10,47,557
11,47,105
12,47,154
13,47,785
14,47,698
15,47,618
16,47,784
17,47,1008
18,47,520
19,47,185
20,47,710
21,47,0
22,47,554
23,47,135
24,47,713
25,47,246
26,47,155
27,47,287
28,47,901
29,47,142
30,47,304
31,47,492
32,47,1013
33,47,48
34,47,643
35,47,149
36,47,440
37,47,380
38,47,906
39,47,717
40,47,997
41,47,603
42,47,665
43,47,107
44,47,67
45,47,867
46,47,911
47,47,42
48,47,540
49,47,767
50,47,524
51,47,915
52,47,783
53,47,487
54,47,933
55,47,1002
56,47,537
57,47,266
58,47,474
59,47,362
60,47,839
61,47,476
62,47,919
63,47,847
64,47,775
65,47,521
66,47,584
67,47,877
68,47,432
69,47,749
70,47,650
71,47,363
72,47,649
73,47,1011
74,47,215
75,47,506
76,47,616
77,47,297
78,47,516
79,47,779
80,47,891
81,47,755
82,47,356
83,47,99
84,47,283
85,47,538
86,47,983
87,47,186
88,47,966
89,47,686
90,47,973
91,47,170
92,47,814
93,47,220
94,47,890
95,47,887
96,47,252
97,47,883
98,47,435
99,47,617
100,47,924
101,47,770
102,47,560
103,47,652
104,47,539
105,47,614
106,47,137
107,47,267
108,47,239
109,47,654
110,47,81
111,47,449
112,47,60
113,47,790
114,47,434
115,47,450
116,47,61
117,47,44
118,47,101
119,47,606
120,47,868
121,47,431
122,47,730
123,47,748
124,47,176
125,47,302
126,47,102
127,47,484
128,47,375
129,47,264
130,47,812
131,47,985
132,47,16
133,47,518
134,47,619
135,47,47
136,47,353
137,47,978
138,47,482
139,47,243
140,47,250
141,47,724
142,47,607
143,47,114
144,47,173
145,47,723
146,47,852
147,47,242
148,47,190
149,47,96
150,47,955
151,47,550
152,47,534
153,47,319
154,47,75
155,47,695
156,47,11
157,47,952
158,47,635
159,47,786
160,47,104
161,47,504
162,47,120
163,47,98
164,47,433
165,47,35
166,47,277
167,47,838
168,47,961
169,47,531
170,47,462
171,47,473
172,47,298
173,47,165
174,47,865
175,47,854
176,47,147
177,47,663
178,47,878
179,47,326
180,47,1003
181,47,921
182,47,809
183,47,956
184,47,261
185,47,597
186,47,843
187,47,20
188,47,256
189,47,743
190,47,437
191,47,525
192,47,237
193,47,970
194,47,580
195,47,938
196,47,490
197,47,958
198,47,313
199,47,309
200,47,410
201,47,981
202,47,948
203,47,962
204,47,80
205,47,382
206,47,709
207,47,201
208,47,571
209,47,914
210,47,218
211,47,667
212,47,960
213,47,167
214,47,179
215,47,131
216,47,884
217,47,772
218,47,566
219,47,929
220,47,953
221,47,77
222,47,92
223,47,753
224,47,787
225,47,610
226,47,972
227,47,1020
228,47,171
229,47,908
230,47,251
231,47,27
232,47,36
233,47,184
234,47,857
235,47,219
236,47,414
237,47,157
238,47,996
239,47,453
240,47,205
241,47,494
242,47,58
243,47,794
244,47,532
245,47,1012
246,47,777
247,47,393
248,47,112
249,47,318
250,47,334
251,47,982
252,47,638
253,47,88
254,47,148
255,47,160
256,47,345
257,47,976
258,47,5
259,47,965
260,47,34
261,47,646
262,47,763
263,47,509
264,47,859
265,47,429
266,47,127
267,47,235
268,47,9
269,47,627
270,47,390
271,47,555
272,47,445
273,47,223
274,47,549
275,47,214
276,47,226
277,47,545
278,47,503
279,47,828
280,47,951
281,47,294
282,47,216
283,47,869
284,47,193
285,47,204
286,47,930
287,47,697
288,47,842
289,47,515
290,47,213
291,47,202
292,47,656
293,47,140
294,47,541
295,47,630
296,47,392
297,47,535
298,47,241
299,47,94
300,47,422
301,47,739
302,47,41
303,47,662
304,47,511
305,47,12
306,47,821
307,47,386
308,47,379
309,47,454
310,47,725
311,47,527
312,47,315
313,47,333
314,47,837
315,47,813
316,47,119
317,47,424
318,47,668
319,47,728
320,47,926
321,47,632
322,47,897
323,47,496
324,47,8
325,47,197
326,47,409
327,47,658
328,47,132
329,47,797
330,47,110
331,47,285
332,47,894
333,47,689
334,47,792
335,47,369
336,47,228
337,47,236
338,47,70
339,47,701
340,47,947
341,47,699
342,47,464
343,47,39
344,47,317
345,47,1005
346,47,796
347,47,62
348,47,737
349,47,944
350,47,570
351,47,51
352,47,912
353,47,325
354,47,442
355,47,707
356,47,991
357,47,799
358,47,552
359,47,499
360,47,421
361,47,460
362,47,980
363,47,115
364,47,1018
365,47,957
366,47,864
367,47,85
368,47,681
369,47,164
370,47,163
371,47,922
372,47,106
373,47,451
374,47,45
375,47,826
376,47,751
377,47,544
378,47,849
379,47,834
380,47,559
381,47,355
382,47,673
383,47,664
384,47,682
385,47,305
386,47,568
387,47,827
388,47,892
389,47,776
390,47,343
391,47,895
392,47,885
393,47,875
394,47,862
395,47,286
396,47,43
397,47,523
398,47,349
399,47,245
0,48,301
1,48,150
2,48,61
3,48,683
4,48,443
5,48,954
6,48,1006
7,48,669
8,48,311
9,48,463
10,48,557
11,48,105
12,48,186
13,48,786
14,48,698
15,48,618
16,48,784
17,48,1008
18,48,520
19,48,185
20,48,710
21,48,0
22,48,554
23,48,167
24,48,713
25,48,246
26,48,155
27,48,287
28,48,901
29,48,142
30,48,304
31,48,492
32,48,1014
33,48,48
34,48,643
35,48,149
36,48,440
37,48,380
38,48,906
39,48,717
40,48,997
41,48,603
42,48,665
43,48,107
44,48,67
45,48,867
46,48,911
47,48,41
48,48,540
49,48,767
50,48,524
51,48,915
52,48,783
53,48,487
54,48,933
55,48,1002
56,48,537
57,48,266
58,48,474
59,48,362
60,48,839
61,48,476
62,48,919
63,48,847
64,48,775
65,48,521
66,48,584
67,48,877
68,48,432
69,48,749
70,48,650
71,48,363
72,48,649
73,48,1010
74,48,215
75,48,506
76,48,616
77,48,297
78,48,548
79,48,779
80,48,923
81,48,755
82,48,356
83,48,99
84,48,283
85,48,538
86,48,983
87,48,187
88,48,966
89,48,686
90,48,973
91,48,170
92,48,814
93,48,220
94,48,890
95,48,887
96,48,252
97,48,883
98,48,435
99,48,617
100,48,924
101,48,770
102,48,560
103,48,652
104,48,539
105,48,614
106,48,137
107,48,267
108,48,239
109,48,654
110,48,81
111,48,449
112,48,60
113,48,790
114,48,434
115,48,450
116,48,62
117,48,44
118,48,101
119,48,606
120,48,868
121,48,431
122,48,730
123,48,748
124,48,176
125,48,334
126,48,102
127,48,516
128,48,375
129,48,264
130,48,812
131,48,985
132,48,16
133,48,518
134,48,619
135,48,47
136,48,321
137,48,978
138,48,482
139,48,243
140,48,250
141,48,724
142,48,607
143,48,114
144,48,173
145,48,723
146,48,852
147,48,242
148,48,190
149,48,96
150,48,955
151,48,550
152,48,534
153,48,319
154,48,75
155,48,695
156,48,11
157,48,952
158,48,635
159,48,754
160,48,104
161,48,504
162,48,120
163,48,98
164,48,433
165,48,35
166,48,277
167,48,838
168,48,961
169,48,531
170,48,462
171,48,473
172,48,298
173,48,165
174,48,865
175,48,854
176,48,115
177,48,663
178,48,878
179,48,326
180,48,1003
181,48,921
182,48,809
183,48,988
184,48,261
185,48,597
186,48,843
187,48,20
188,48,256
189,48,743
190,48,437
191,48,525
192,48,237
193,48,970
194,48,580
195,48,938
196,48,490
197,48,957
198,48,313
199,48,309
200,48,410
201,48,981
202,48,980
203,48,962
204,48,80
205,48,381
206,48,709
207,48,201
208,48,571
209,48,914
210,48,218
211,48,667
212,48,960
213,48,166
214,48,179
215,48,130
216,48,916
217,48,772
218,48,566
219,48,928
220,48,953
221,48,77
222,48,124
223,48,753
224,48,787
225,48,610
226,48,972
227,48,1020
228,48,171
229,48,908
230,48,251
231,48,27
232,48,36
233,48,184
234,48,857
235,48,219
236,48,382
237,48,157
238,48,996
239,48,454
240,48,205
241,48,494
242,48,58
243,48,794
244,48,532
245,48,1013
246,48,777
247,48,393
248,48,112
249,48,318
250,48,335
251,48,982
252,48,637
253,48,88
254,48,148
255,48,160
256,48,345
257,48,944
258,48,5
259,48,965
260,48,34
261,48,646
262,48,763
263,48,509
264,48,891
265,48,429
266,48,127
267,48,235
268,48,9
269,48,627
270,48,390
271,48,555
272,48,413
273,48,223
274,48,549
275,48,214
276,48,226
277,48,545
278,48,503
279,48,827
280,48,951
281,48,294
282,48,216
283,48,869
284,48,193
285,48,204
286,48,930
287,48,697
288,48,842
289,48,515
290,48,213
291,48,202
292,48,656
293,48,140
294,48,541
295,48,630
296,48,392
297,48,535
298,48,241
299,48,93
300,48,423
301,48,739
302,48,40
303,48,662
304,48,511
305,48,12
306,48,821
307,48,386
308,48,379
309,48,422
310,48,725
311,48,527
312,48,315
313,48,333
314,48,837
315,48,813
316,48,119
317,48,424
318,48,668
319,48,728
320,48,958
321,48,632
322,48,929
323,48,496
324,48,8
325,48,197
326,48,377
327,48,658
328,48,132
329,48,829
330,48,110
331,48,253
332,48,894
333,48,689
334,48,792
335,48,369
336,48,228
337,48,236
338,48,70
339,48,701
340,48,947
341,48,699
342,48,464
343,48,39
344,48,285
345,48,1005
346,48,828
347,48,30
348,48,737
349,48,912
350,48,570
351,48,51
352,48,880
353,48,325
354,48,442
355,48,707
356,48,991
357,48,799
358,48,552
359,48,499
360,48,453
361,48,460
362,48,1012
363,48,116
364,48,1018
365,48,925
366,48,864
367,48,85
368,48,681
369,48,164
370,48,162
371,48,922
372,48,106
373,48,451
374,48,45
375,48,826
376,48,751
377,48,544
378,48,849
379,48,834
380,48,559
381,48,355
382,48,673
383,48,664
384,48,682
385,48,305
386,48,568
387,48,859
388,48,892
389,48,776
390,48,343
391,48,895
392,48,886
393,48,875
394,48,862
395,48,286
396,48,43
397,48,523
398,48,349
399,48,245
0,49,301
1,49,150
2,49,29
3,49,683
4,49,443
5,49,954
6,49,1006
7,49,701
8,49,311
9,49,463
10,49,557
11,49,105
12,49,187
13,49,785
14,49,698
15,49,618
16,49,784
17,49,1008
18,49,520
19,49,185
20,49,710
21,49,0
22,49,554
23,49,199
24,49,713
25,49,246
26,49,154
27,49,287
28,49,901
29,49,142
30,49,304
31,49,492
32,49,982
33,49,48
34,49,643
35,49,149
36,49,440
37,49,380
38,49,906
39,49,717
40,49,997
41,49,603
42,49,665
43,49,107
44,49,67
45,49,867
46,49,911
47,49,40
48,49,540
49,49,767
50,49,524
51,49,915
52,49,783
53,49,487
54,49,933
55,49,1002
56,49,537
57,49,266
58,49,474
59,49,362
60,49,839
61,49,476
62,49,919
63,49,847
64,49,775
65,49,521
66,49,584
67,49,877
68,49,432
69,49,749
70,49,650
71,49,363
72,49,649
73,49,1010
74,49,215
75,49,506
76,49,616
77,49,297
78,49,516
79,49,779
80,49,891
81,49,755
82,49,356
83,49,99
84,49,283
85,49,538
86,49,983
87,49,155
88,49,966
89,49,686
90,49,973
91,49,170
92,49,814
93,49,220
94,49,890
95,49,855
96,49,252
97,49,883
98,49,435
99,49,617
100,49,924
101,49,770
102,49,560
103,49,652
104,49,539
105,49,614
106,49,137
107,49,267
108,49,239
109,49,654
110,49,81
111,49,449
112,49,60
113,49,790
114,49,434
115,49,450
116,49,62
117,49,44
118,49,101
119,49,606
120,49,868
121,49,431
122,49,730
123,49,748
124,49,176
125,49,334
126,49,102
127,49,484
128,49,375
129,49,264
130,49,812
131,49,985
132,49,16
133,49,518
134,49,619
135,49,47
136,49,289
137,49,978
138,49,482
139,49,243
140,49,250
141,49,724
142,49,607
143,49,114
144,49,173
145,49,723
146,49,852
147,49,242
148,49,190
149,49,96
150,49,955
151,49,550
152,49,534
153,49,319
154,49,75
155,49,695
156,49,11
157,49,952
158,49,635
159,49,786
160,49,104
161,49,504
162,49,120
163,49,98
164,49,433
165,49,35
166,49,277
167,49,838
168,49,962
169,49,531
170,49,462
171,49,473
172,49,298
173,49,165
174,49,865
175,49,854
176,49,147
177,49,663
178,49,878
179,49,326
180,49,1003
181,49,921
182,49,809
183,49,988
184,49,261
185,49,597
186,49,843
187,49,20
188,49,256
189,49,743
190,49,437
191,49,525
192,49,237
193,49,970
194,49,580
195,49,938
196,49,490
197,49,957
198,49,313
199,49,309
200,49,410
201,49,949
202,49,980
203,49,994
204,49,80
205,49,382
206,49,709
207,49,201
208,49,571
209,49,914
210,49,218
211,49,667
212,49,960
213,49,167
214,49,179
215,49,162
216,49,916
217,49,772
218,49,566
219,49,929
220,49,953
221,49,77
222,49,156
223,49,753
224,49,787
225,49,610
226,49,972
227,49,1020
228,49,171
229,49,908
230,49,251
231,49,27
232,49,36
233,49,184
234,49,857
235,49,219
236,49,350
237,49,157
238,49,996
239,49,453
240,49,205
241,49,494
242,49,58
243,49,794
244,49,532
245,49,1014
246,49,777
247,49,393
248,49,112
249,49,318
250,49,303
251,49,981
252,49,669
253,49,88
254,49,148
255,49,160
256,49,345
257,49,976
258,49,5
259,49,965
260,49,34
261,49,646
262,49,763
263,49,509
264,49,859
265,49,429
266,49,127
267,49,235
268,49,10
269,49,627
270,49,390
271,49,555
272,49,414
273,49,223
274,49,549
275,49,214
276,49,226
277,49,545
278,49,503
279,49,795
280,49,951
281,49,294
282,49,216
283,49,869
284,49,193
285,49,204
286,49,930
287,49,697
288,49,842
289,49,515
290,49,213
291,49,202
292,49,656
293,49,140
294,49,541
295,49,630
296,49,392
297,49,535
298,49,241
299,49,93
300,49,422
301,49,739
302,49,8
303,49,662
304,49,511
305,49,12
306,49,821
307,49,386
308,49,379
309,49,421
310,49,725
311,49,527
312,49,315
313,49,333
314,49,837
315,49,813
316,49,119
317,49,424
318,49,668
319,49,728
320,49,959
321,49,632
322,49,961
323,49,496
324,49,9
325,49,197
326,49,378
327,49,658
328,49,132
329,49,861
330,49,110
331,49,254
332,49,894
333,49,689
334,49,792
335,49,369
336,49,228
337,49,236
338,49,70
339,49,733
340,49,947
341,49,699
342,49,464
343,49,39
344,49,253
345,49,1005
346,49,827
347,49,31
348,49,737
349,49,944
350,49,570
351,49,51
352,49,912
353,49,325
354,49,442
355,49,707
356,49,991
357,49,799
358,49,552
359,49,499
360,49,485
361,49,460
362,49,1012
363,49,115
364,49,1018
365,49,893
366,49,864
367,49,85
368,49,681
369,49,164
370,49,163
371,49,922
372,49,106
373,49,451
374,49,45
375,49,826
376,49,751
377,49,544
378,49,849
379,49,834
380,49,559
381,49,355
382,49,673
383,49,664
384,49,682
385,49,305
386,49,568
387,49,858
388,49,892
389,49,776
390,49,343
391,49,895
392,49,887
393,49,875
394,49,862
395,49,286
396,49,43
397,49,523
398,49,349
399,49,245
0,50,301
1,50,150
2,50,30
3,50,683
4,50,443
5,50,954
6,50,1006
7,50,733
8,50,311
9,50,463
10,50,557
11,50,105
12,50,186
13,50,817
14,50,698
15,50,618
16,50,784
17,50,1008
18,50,520
19,50,185
20,50,710
21,50,0
22,50,554
23,50,231
24,50,713
25,50,246
26,50,155
27,50,287
28,50,901
29,50,142
30,50,336
31,50,492
32,50,981
33,50,48
34,50,643
35,50,117
36,50,440
37,50,412
38,50,906
39,50,717
40,50,997
41,50,603
42,50,665
43,50,107
44,50,67
45,50,867
46,50,911
47,50,39
48,50,540
49,50,767
50,50,524
51,50,915
52,50,783
53,50,487
54,50,933
55,50,1002
56,50,537
57,50,266
58,50,474
59,50,362
60,50,839
61,50,476
62,50,919
63,50,847
64,50,775
65,50,521
66,50,584
67,50,877
68,50,432
69,50,749
70,50,650
71,50,363
72,50,649
73,50,1010
74,50,215
75,50,506
76,50,616
77,50,297
78,50,484
79,50,779
80,50,892
81,50,755
82,50,356
83,50,99
84,50,283
85,50,538
86,50,983
87,50,187
88,50,966
89,50,686
90,50,973
91,50,170
92,50,814
93,50,220
94,50,890
95,50,887
96,50,252
97,50,883
98,50,435
99,50,617
100,50,956
101,50,770
102,50,560
103,50,652
104,50,539
105,50,614
106,50,137
107,50,267
108,50,239
109,50,654
110,50,81
111,50,449
112,50,60
113,50,790
114,50,434
115,50,450
116,50,62
117,50,44
118,50,101
119,50,606
120,50,868
121,50,431
122,50,730
123,50,748
124,50,176
125,50,334
126,50,102
127,50,485
128,50,375
129,50,264
130,50,812
131,50,985
132,50,16
133,50,518
134,50,619
135,50,47
136,50,288
137,50,978
138,50,482
139,50,243
140,50,250
141,50,724
142,50,607
143,50,114
144,50,173
145,50,723
146,50,852
147,50,242
148,50,190
149,50,96
150,50,955
151,50,550
152,50,534
153,50,319
154,50,75
155,50,695
156,50,11
157,50,952
158,50,635
159,50,785
160,50,104
161,50,504
162,50,120
163,50,98
164,50,433
165,50,35
166,50,277
167,50,838
168,50,961
169,50,531
170,50,462
171,50,473
172,50,298
173,50,165
174,50,865
175,50,854
176,50,148
177,50,663
178,50,878
179,50,326
180,50,1003
181,50,921
182,50,809
183,50,988
184,50,261
185,50,597
186,50,843
187,50,20
188,50,256
189,50,743
190,50,437
191,50,525
192,50,237
193,50,970
194,50,580
195,50,938
196,50,490
197,50,957
198,50,313
199,50,309
200,50,410
201,50,949
202,50,980
203,50,962
204,50,80
205,50,381
206,50,709
207,50,201
208,50,571
209,50,914
210,50,218
211,50,667
212,50,960
213,50,135
214,50,179
215,50,161
216,50,916
217,50,772
218,50,566
219,50,929
220,50,953
221,50,77
222,50,156
223,50,753
224,50,787
225,50,610
226,50,972
227,50,1020
228,50,171
229,50,908
230,50,251
231,50,27
232,50,36
233,50,184
234,50,857
235,50,219
236,50,318
237,50,157
238,50,996
239,50,421
240,50,205
241,50,494
242,50,58
243,50,794
244,50,532
245,50,982
246,50,777
247,50,393
248,50,112
249,50,317
250,50,304
251,50,1013
252,50,701
253,50,88
254,50,149
255,50,160
256,50,345
257,50,977
258,50,5
259,50,965
260,50,34
261,50,646
262,50,763
263,50,509
264,50,891
265,50,429
266,50,127
267,50,235
268,50,9
269,50,627
270,50,390
271,50,555
272,50,382
273,50,223
274,50,549
275,50,214
276,50,226
277,50,545
278,50,503
279,50,796
280,50,951
281,50,294
282,50,216
283,50,869
284,50,193
285,50,204
286,50,930
287,50,697
288,50,842
289,50,515
290,50,213
291,50,202
292,50,656
293,50,140
294,50,541
295,50,630
296,50,392
297,50,535
298,50,241
299,50,93
300,50,454
301,50,739
302,50,40
303,50,662
304,50,511
305,50,12
306,50,821
307,50,386
308,50,380
309,50,420
310,50,725
311,50,527
312,50,315
313,50,333
314,50,837
315,50,813
316,50,119
317,50,424
318,50,668
319,50,728
320,50,959
321,50,632
322,50,993
323,50,496
324,50,8
325,50,197
326,50,379
327,50,658
328,50,132
329,50,893
330,50,110
331,50,253
332,50,894
333,50,689
334,50,792
335,50,369
336,50,228
337,50,236
338,50,70
339,50,732
340,50,947
341,50,699
342,50,464
343,50,38
344,50,221
345,50,1005
346,50,859
347,50,31
348,50,737
349,50,976
350,50,570
351,50,51
352,50,912
353,50,325
354,50,442
355,50,707
356,50,991
357,50,799
358,50,552
359,50,499
360,50,453
361,50,460
362,50,1012
363,50,147
364,50,1018
365,50,925
366,50,864
367,50,85
368,50,681
369,50,164
370,50,162
371,50,922
372,50,106
373,50,451
374,50,45
375,50,825
376,50,751
377,50,544
378,50,849
379,50,834
380,50,559
381,50,355
382,50,673
383,50,664
384,50,682
385,50,305
386,50,568
387,50,826
388,50,924
389,50,776
390,50,343
391,50,895
392,50,888
393,50,875
394,50,862
395,50,286
396,50,43
397,50,523
398,50,349
399,50,245
0,51,301
1,51,150
2,51,30
3,51,683
4,51,443
5,51,954
6,51,1006
7,51,701
8,51,311
9,51,463
10,51,557
11,51,105
12,51,154
13,51,785
14,51,698
15,51,618
16,51,784
17,51,1008
18,51,520
19,51,185
20,51,710
21,51,0
22,51,554
23,51,230
24,51,713
25,51,246
26,51,155
27,51,255
28,51,901
29,51,142
30,51,304
31,51,492
32,51,1013
33,51,48
34,51,643
35,51,149
36,51,440
37,51,412
38,51,906
39,51,717
40,51,997
41,51,603
42,51,665
43,51,107
44,51,67
45,51,867
46,51,911
47,51,38
48,51,540
49,51,767
50,51,524
51,51,915
52,51,783
53,51,487
54,51,933
55,51,1002
56,51,537
57,51,266
58,51,474
59,51,362
60,51,839
61,51,476
62,51,920
63,51,847
64,51,775
65,51,521
66,51,584
67,51,877
68,51,432
69,51,749
70,51,650
71,51,363
72,51,649
73,51,1010
74,51,215
75,51,506
76,51,616
77,51,297
78,51,516
79,51,779
80,51,891
81,51,755
82,51,356
83,51,99
84,51,283
85,51,538
86,51,951
87,51,186
88,51,966
89,51,686
90,51,973
91,51,170
92,51,814
93,51,220
94,51,890
95,51,887
96,51,252
97,51,883
98,51,435
99,51,617
100,51,924
101,51,770
102,51,560
103,51,652
104,51,539
105,51,614
106,51,137
107,51,267
108,51,239
109,51,654
110,51,81
111,51,449
112,51,60
113,51,790
114,51,434
115,51,450
116,51,62
117,51,44
118,51,101
119,51,606
120,51,868
121,51,431
122,51,730
123,51,748
124,51,176
125,51,334
126,51,102
127,51,484
128,51,375
129,51,264
130,51,812
131,51,985
132,51,16
133,51,518
134,51,619
135,51,47
136,51,256
137,51,978
138,51,482
139,51,243
140,51,250
141,51,724
142,51,607
143,51,114
144,51,173
145,51,723
146,51,852
147,51,242
148,51,190
149,51,96
150,51,955
151,51,550
152,51,534
153,51,319
154,51,75
155,51,695
156,51,11
157,51,952
158,51,635
159,51,786
160,51,104
161,51,504
162,51,120
163,51,98
164,51,433
165,51,35
166,51,277
167,51,838
168,51,961
169,51,531
170,51,462
171,51,473
172,51,298
173,51,165
174,51,865
175,51,854
176,51,116
177,51,663
178,51,878
179,51,326
180,51,1003
181,51,921
182,51,809
183,51,988
184,51,261
185,51,597
186,51,843
187,51,20
188,51,257
189,51,743
190,51,437
191,51,525
192,51,237
193,51,970
194,51,580
195,51,938
196,51,490
197,51,958
198,51,313
199,51,309
200,51,410
201,51,981
202,51,980
203,51,962
204,51,80
205,51,382
206,51,709
207,51,201
208,51,571
209,51,914
210,51,218
211,51,667
212,51,960
213,51,135
214,51,179
215,51,161
216,51,916
217,51,772
218,51,566
219,51,929
220,51,953
221,51,77
222,51,156
223,51,753
224,51,787
225,51,610
226,51,972
227,51,1020
228,51,171
229,51,908
230,51,251
231,51,27
232,51,36
233,51,184
234,51,857
235,51,219
236,51,286
237,51,157
238,51,996
239,51,421
240,51,205
241,51,494
242,51,58
243,51,794
244,51,532
245,51,983
246,51,777
247,51,393
248,51,112
249,51,318
250,51,305
251,51,1014
252,51,700
253,51,88
254,51,148
255,51,160
256,51,345
257,51,976
258,51,5
259,51,965
260,51,34
261,51,646
262,51,763
263,51,509
264,51,859
265,51,429
266,51,127
267,51,235
268,51,9
269,51,627
270,51,390
271,51,555
272,51,350
273,51,223
274,51,549
275,51,214
276,51,226
277,51,545
278,51,503
279,51,797
280,51,919
281,51,294
282,51,216
283,51,869
284,51,193
285,51,204
286,51,930
287,51,697
288,51,842
289,51,515
290,51,213
291,51,202
292,51,656
293,51,140
294,51,541
295,51,630
296,51,392
297,51,535
298,51,241
299,51,93
300,51,454
301,51,739
302,51,41
303,51,662
304,51,511
305,51,12
306,51,821
307,51,386
308,51,348
309,51,420
310,51,725
311,51,527
312,51,315
313,51,333
314,51,837
315,51,813
316,51,119
317,51,424
318,51,668
319,51,728
320,51,959
321,51,632
322,51,992
323,51,496
324,51,8
325,51,197
326,51,380
327,51,658
328,51,132
329,51,925
330,51,110
331,51,285
332,51,894
333,51,689
334,51,792
335,51,369
336,51,228
337,51,236
338,51,70
339,51,733
340,51,947
341,51,699
342,51,464
343,51,6
344,51,189
345,51,1005
346,51,858
347,51,31
348,51,737
349,51,944
350,51,570
351,51,51
352,51,912
353,51,325
354,51,442
355,51,707
356,51,991
357,51,799
358,51,552
359,51,499
360,51,453
361,51,460
362,51,1012
363,51,147
364,51,1018
365,51,957
366,51,864
367,51,85
368,51,681
369,51,164
370,51,162
371,51,922
372,51,106
373,51,451
374,51,45
375,51,826
376,51,751
377,51,544
378,51,849
379,51,834
380,51,559
381,51,355
382,51,673
383,51,664
384,51,682
385,51,306
386,51,568
387,51,827
388,51,892
389,51,776
390,51,343
391,51,895
392,51,888
393,51,875
394,51,862
395,51,287
396,51,43
397,51,523
398,51,349
399,51,245
0,52,301
1,52,150
2,52,30
3,52,683
4,52,443
5,52,954
6,52,1006
7,52,669
8,52,311
9,52,463
10,52,557
11,52,105
12,52,186
13,52,786
14,52,698
15,52,618
16,52,784
17,52,1008
18,52,520
19,52,185
20,52,710
21,52,0
22,52,554
23,52,230
24,52,713
25,52,246
26,52,155
27,52,287
28,52,901
29,52,142
30,52,304
31,52,492
32,52,1013
33,52,48
34,52,643
35,52,149
36,52,440
37,52,412
38,52,906
39,52,717
40,52,997
41,52,603
42,52,665
43,52,107
44,52,67
45,52,867
46,52,911
47,52,39
48,52,540
49,52,767
50,52,524
51,52,915
52,52,783
53,52,487
54,52,933
55,52,1002
56,52,537
57,52,266
58,52,474
59,52,362
60,52,839
61,52,476
62,52,919
63,52,847
64,52,775
65,52,521
66,52,584
67,52,877
68,52,432
69,52,749
70,52,650
71,52,363
72,52,649
73,52,1010
74,52,215
75,52,506
76,52,616
77,52,297
78,52,548
79,52,779
80,52,891
81,52,755
82,52,356
83,52,99
84,52,283
85,52,538
86,52,983
87,52,187
88,52,966
89,52,686
90,52,973
91,52,170
92,52,814
93,52,220
94,52,890
95,52,887
96,52,252
97,52,883
98,52,435
99,52,617
100,52,924
101,52,770
102,52,560
103,52,652
104,52,539
105,52,614
106,52,137
107,52,267
108,52,239
109,52,654
110,52,81
111,52,449
112,52,60
113,52,790
114,52,434
115,52,450
116,52,62
117,52,44
118,52,101
119,52,606
120,52,868
121,52,431
122,52,730
123,52,748
124,52,176
125,52,334
126,52,102
127,52,516
128,52,375
129,52,264
130,52,812
131,52,985
132,52,16
133,52,518
134,52,619
135,52,47
136,52,224
137,52,978
138,52,482
139,52,243
140,52,250
141,52,724
142,52,607
143,52,114
144,52,173
145,52,723
146,52,852
147,52,242
148,52,190
149,52,96
150,52,955
151,52,550
152,52,534
153,52,319
154,52,75
155,52,695
156,52,11
157,52,952
158,52,635
159,52,754
160,52,104
161,52,504
162,52,120
163,52,98
164,52,433
165,52,35
166,52,277
167,52,838
168,52,961
169,52,531
170,52,462
171,52,473
172,52,298
173,52,165
174,52,865
175,52,854
176,52,115
177,52,663
178,52,878
179,52,326
180,52,1003
181,52,921
182,52,809
183,52,988
184,52,261
185,52,597
186,52,843
187,52,20
188,52,256
189,52,743
190,52,437
191,52,525
192,52,237
193,52,970
194,52,580
195,52,938
196,52,490
197,52,957
198,52,313
199,52,309
200,52,410
201,52,981
202,52,980
203,52,962
204,52,80
205,52,414
206,52,709
207,52,201
208,52,571
209,52,914
210,52,218
211,52,667
212,52,960
213,52,135
214,52,179
215,52,161
216,52,916
217,52,772
218,52,566
219,52,929
220,52,953
221,52,77
222,52,156
223,52,753
224,52,787
225,52,610
226,52,972
227,52,1020
228,52,171
229,52,908
230,52,251
231,52,27
232,52,36
233,52,184
234,52,889
235,52,219
236,52,254
237,52,157
238,52,996
239,52,421
240,52,205
241,52,494
242,52,58
243,52,794
244,52,532
245,52,984
246,52,777
247,52,393
248,52,112
249,52,318
250,52,306
251,52,982
252,52,700
253,52,88
254,52,148
255,52,160
256,52,345
257,52,944
258,52,5
259,52,965
260,52,34
261,52,646
262,52,763
263,52,509
264,52,827
265,52,429
266,52,127
267,52,235
268,52,9
269,52,627
270,52,390
271,52,555
272,52,350
273,52,223
274,52,549
275,52,214
276,52,226
277,52,545
278,52,503
279,52,797
280,52,951
281,52,294
282,52,216
283,52,869
284,52,193
285,52,204
286,52,930
287,52,697
288,52,842
289,52,515
290,52,213
291,52,202
292,52,656
293,52,140
294,52,541
295,52,630
296,52,392
297,52,535
298,52,241
299,52,93
300,52,454
301,52,739
302,52,41
303,52,662
304,52,511
305,52,12
306,52,821
307,52,386
308,52,380
309,52,420
310,52,725
311,52,527
312,52,315
313,52,333
314,52,837
315,52,813
316,52,119
317,52,424
318,52,668
319,52,728
320,52,959
321,52,632
322,52,992
323,52,496
324,52,8
325,52,197
326,52,381
327,52,658
328,52,132
329,52,926
330,52,110
331,52,285
332,52,894
333,52,689
334,52,792
335,52,369
336,52,228
337,52,236
338,52,70
339,52,701
340,52,947
341,52,699
342,52,464
343,52,38
344,52,188
345,52,1005
346,52,857
347,52,31
348,52,737
349,52,912
350,52,570
351,52,51
352,52,880
353,52,325
354,52,442
355,52,707
356,52,991
357,52,799
358,52,552
359,52,499
360,52,453
361,52,460
362,52,1012
363,52,147
364,52,1018
365,52,925
366,52,864
367,52,85
368,52,681
369,52,164
370,52,162
371,52,922
372,52,106
373,52,451
374,52,45
375,52,826
376,52,751
377,52,544
378,52,849
379,52,834
380,52,559
381,52,355
382,52,673
383,52,664
384,52,682
385,52,274
386,52,568
387,52,828
388,52,892
389,52,776
390,52,343
391,52,895
392,52,920
393,52,875
394,52,862
395,52,286
396,52,43
397,52,523
398,52,349
399,52,245
0,53,301
1,53,150
2,53,30
3,53,683
4,53,443
5,53,954
6,53,1006
7,53,669
8,53,311
9,53,463
10,53,557
11,53,105
12,53,154
13,53,785
14,53,698
15,53,618
16,53,784
17,53,1008
18,53,520
19,53,185
20,53,710
21,53,0
22,53,554
23,53,230
24,53,713
25,53,246
26,53,155
27,53,287
28,53,901
29,53,142
30,53,304
31,53,492
32,53,1013
33,53,48
34,53,643
35,53,149
36,53,440
37,53,380
38,53,906
39,53,717
40,53,997
41,53,603
42,53,665
43,53,107
44,53,67
45,53,867
46,53,911
47,53,38
48,53,540
49,53,767
50,53,524
51,53,915
52,53,783
53,53,487
54,53,933
55,53,1002
56,53,537
57,53,266
58,53,474
59,53,362
60,53,839
61,53,476
62,53,919
63,53,847
64,53,775
65,53,521
66,53,584
67,53,877
68,53,432
69,53,749
70,53,650
71,53,363
72,53,649
73,53,1010
74,53,215
75,53,506
76,53,616
77,53,297
78,53,516
79,53,779
80,53,891
81,53,755
82,53,356
83,53,99
84,53,283
85,53,538
86,53,983
87,53,186
88,53,966
89,53,686
90,53,973
91,53,170
92,53,814
93,53,220
94,53,890
95,53,887
96,53,252
97,53,883
98,53,435
99,53,617
100,53,924
101,53,770
102,53,560
103,53,652
104,53,539
105,53,614
106,53,137
107,53,267
108,53,239
109,53,654
110,53,81
111,53,449
112,53,60
113,53,790
114,53,434
115,53,450
116,53,62
117,53,44
118,53,101
119,53,606
120,53,868
121,53,431
122,53,730
123,53,748
124,53,176
125,53,334
126,53,102
127,53,484
128,53,375
129,53,264
130,53,812
131,53,986
132,53,16
133,53,518
134,53,619
135,53,47
136,53,224
137,53,978
138,53,482
139,53,243
140,53,250
141,53,724
142,53,607
143,53,114
144,53,173
145,53,723
146,53,852
147,53,242
148,53,190
149,53,96
150,53,955
151,53,550
152,53,534
153,53,319
154,53,75
155,53,695
156,53,11
157,53,952
158,53,635
159,53,786
160,53,104
161,53,504
162,53,120
163,53,98
164,53,433
165,53,35
166,53,277
167,53,838
168,53,961
169,53,531
170,53,462
171,53,473
172,53,298
173,53,165
174,53,865
175,53,854
176,53,115
177,53,663
178,53,878
179,53,326
180,53,1003
181,53,921
182,53,809
183,53,988
184,53,261
185,53,597
186,53,843
187,53,20
188,53,256
189,53,743
190,53,437
191,53,525
192,53,237
193,53,970
194,53,580
195,53,938
196,53,490
197,53,957
198,53,313
199,53,309
200,53,410
201,53,981
202,53,980
203,53,962
204,53,80
205,53,414
206,53,709
207,53,201
208,53,571
209,53,914
210,53,218
211,53,667
212,53,960
213,53,135
214,53,179
215,53,161
216,53,916
217,53,772
218,53,566
219,53,929
220,53,953
221,53,77
222,53,156
223,53,753
224,53,787
225,53,610
226,53,972
227,53,1020
228,53,171
229,53,908
230,53,251
231,53,27
232,53,36
233,53,184
234,53,857
235,53,219
236,53,222
237,53,157
238,53,996
239,53,421
240,53,205
241,53,494
242,53,58
243,53,794
244,53,532
245,53,985
246,53,777
247,53,393
248,53,112
249,53,318
250,53,307
251,53,982
252,53,700
253,53,88
254,53,148
255,53,160
256,53,345
257,53,976
258,53,5
259,53,965
260,53,34
261,53,646
262,53,763
263,53,509
264,53,827
265,53,429
266,53,127
267,53,235
268,53,9
269,53,627
270,53,390
271,53,555
272,53,350
273,53,223
274,53,549
275,53,214
276,53,226
277,53,545
278,53,503
279,53,797
280,53,951
281,53,294
282,53,216
283,53,869
284,53,193
285,53,204
286,53,930
287,53,697
288,53,842
289,53,515
290,53,213
291,53,202
292,53,656
293,53,140
294,53,541
295,53,630
296,53,392
297,53,535
298,53,241
299,53,93
300,53,454
301,53,739
302,53,41
303,53,662
304,53,511
305,53,12
306,53,821
307,53,386
308,53,379
309,53,420
310,53,725
311,53,527
312,53,315
313,53,333
314,53,837
315,53,813
316,53,119
317,53,424
318,53,668
319,53,728
320,53,959
321,53,632
322,53,992
323,53,496
324,53,8
325,53,197
326,53,381
327,53,658
328,53,132
329,53,925
330,53,110
331,53,285
332,53,894
333,53,689
334,53,792
335,53,369
336,53,228
337,53,236
338,53,70
339,53,701
340,53,947
341,53,699
342,53,464
343,53,6
344,53,187
345,53,1005
346,53,856
347,53,31
348,53,737
349,53,944
350,53,570
351,53,51
352,53,912
353,53,325
354,53,442
355,53,707
356,53,991
357,53,799
358,53,552
359,53,499
360,53,453
361,53,460
362,53,1012
363,53,147
364,53,1018
365,53,893
366,53,864
367,53,85
368,53,681
369,53,164
370,53,162
371,53,922
372,53,106
373,53,451
374,53,45
375,53,826
376,53,751
377,53,544
378,53,849
379,53,834
380,53,559
381,53,355
382,53,673
383,53,664
384,53,682
385,53,306
386,53,568
387,53,828
388,53,892
389,53,776
390,53,343
391,53,895
392,53,920
393,53,875
394,53,862
395,53,286
396,53,43
397,53,523
398,53,349
399,53,245
0,54,301
1,54,150
2,54,30
3,54,683
4,54,443
5,54,954
6,54,1006
7,54,669
8,54,311
9,54,463
10,54,557
11,54,105
12,54,186
13,54,817
14,54,698
15,54,618
16,54,784
17,54,1008
18,54,520
19,54,185
20,54,710
21,54,0
22,54,554
23,54,230
24,54,713
25,54,246
26,54,154
27,54,287
28,54,901
29,54,142
30,54,304
31,54,492
32,54,1013
33,54,48
34,54,643
35,54,149
36,54,440
37,54,380
38,54,906
39,54,717
40,54,997
41,54,603
42,54,665
43,54,107
44,54,67
45,54,867
46,54,911
47,54,39
48,54,540
49,54,767
50,54,524
51,54,915
52,54,783
53,54,487
54,54,933
55,54,1002
56,54,537
57,54,266
58,54,474
59,54,362
60,54,839
61,54,476
62,54,919
63,54,847
64,54,775
65,54,521
66,54,584
67,54,877
68,54,432
69,54,749
70,54,650
71,54,363
72,54,649
73,54,1010
74,54,215
75,54,506
76,54,616
77,54,297
78,54,484
79,54,779
80,54,891
81,54,755
82,54,356
83,54,99
84,54,283
85,54,538
86,54,983
87,54,187
88,54,966
89,54,686
90,54,973
91,54,170
92,54,814
93,54,220
94,54,890
95,54,887
96,54,252
97,54,883
98,54,435
99,54,617
100,54,924
101,54,770
102,54,560
103,54,652
104,54,539
105,54,614
106,54,137
107,54,267
108,54,239
109,54,654
110,54,81
111,54,449
112,54,60
113,54,790
114,54,434
115,54,450
116,54,62
117,54,44
118,54,101
119,54,606
120,54,868
121,54,431
122,54,730
123,54,748
124,54,176
125,54,334
126,54,102
127,54,485
128,54,375
129,54,264
130,54,812
131,54,1018
132,54,16
133,54,518
134,54,619
135,54,47
136,54,224
137,54,978
138,54,482
139,54,243
140,54,250
141,54,724
142,54,607
143,54,114
144,54,173
145,54,723
146,54,852
147,54,242
148,54,191
149,54,96
150,54,955
151,54,550
152,54,534
153,54,319
154,54,75
155,54,695
156,54,11
157,54,952
158,54,635
159,54,785
160,54,104
161,54,504
162,54,120
163,54,98
164,54,433
165,54,35
166,54,277
167,54,838
168,54,961
169,54,531
170,54,462
171,54,473
172,54,298
173,54,165
174,54,865
175,54,854
176,54,115
177,54,663
178,54,878
179,54,326
180,54,1003
181,54,921
182,54,809
183,54,988
184,54,261
185,54,597
186,54,843
187,54,20
188,54,256
189,54,743
190,54,437
191,54,525
192,54,237
193,54,970
194,54,580
195,54,938
196,54,490
197,54,957
198,54,313
199,54,309
200,54,410
201,54,981
202,54,980
203,54,962
204,54,80
205,54,414
206,54,709
207,54,201
208,54,571
209,54,914
210,54,218
211,54,667
212,54,960
213,54,135
214,54,179
215,54,161
216,54,916
217,54,772
218,54,566
219,54,929
220,54,953
221,54,77
222,54,156
223,54,753
224,54,787
225,54,610
226,54,972
227,54,1020
228,54,171
229,54,908
230,54,251
231,54,27
232,54,36
233,54,184
234,54,857
235,54,219
236,54,190
237,54,157
238,54,996
239,54,421
240,54,205
241,54,494
242,54,58
243,54,794
244,54,532
245,54,986
246,54,777
247,54,393
248,54,112
249,54,318
250,54,308
251,54,982
252,54,700
253,54,88
254,54,148
255,54,160
256,54,345
257,54,977
258,54,5
259,54,965
260,54,34
261,54,646
262,54,763
263,54,509
264,54,827
265,54,429
266,54,127
267,54,235
268,54,9
269,54,627
270,54,390
271,54,555
272,54,350
273,54,223
274,54,549
275,54,214
276,54,226
277,54,545
278,54,503
279,54,797
280,54,951
281,54,294
282,54,216
283,54,869
284,54,193
285,54,204
286,54,930
287,54,697
288,54,842
289,54,515
290,54,213
291,54,202
292,54,656
293,54,140
294,54,541
295,54,630
296,54,392
297,54,535
298,54,241
299,54,93
300,54,454
301,54,739
302,54,41
303,54,662
304,54,511
305,54,12
306,54,821
307,54,386
308,54,379
309,54,420
310,54,725
311,54,527
312,54,315
313,54,333
314,54,837
315,54,813
316,54,119
317,54,424
318,54,668
319,54,728
320,54,959
321,54,632
322,54,992
323,54,496
324,54,8
325,54,197
326,54,381
327,54,658
328,54,132
329,54,925
330,54,110
331,54,285
332,54,894
333,54,689
334,54,792
335,54,369
336,54,228
337,54,236
338,54,70
339,54,701
340,54,947
341,54,699
342,54,464
343,54,38
344,54,155
345,54,1005
346,54,856
347,54,31
348,54,737
349,54,976
350,54,570
351,54,51
352,54,912
353,54,325
354,54,442
355,54,707
356,54,991
357,54,799
358,54,552
359,54,499
360,54,453
361,54,460
362,54,1012
363,54,147
364,54,1019
365,54,893
366,54,864
367,54,85
368,54,681
369,54,164
370,54,162
371,54,922
372,54,106
373,54,451
374,54,45
375,54,826
376,54,751
377,54,544
378,54,849
379,54,834
380,54,559
381,54,355
382,54,673
383,54,664
384,54,682
385,54,305
386,54,568
387,54,828
388,54,892
389,54,776
390,54,343
391,54,895
392,54,920
393,54,875
394,54,862
395,54,286
396,54,43
397,54,523
398,54,349
399,54,245
0,55,301
1,55,150
2,55,30
3,55,683
4,55,443
5,55,954
6,55,1006
7,55,669
8,55,311
9,55,463
10,55,557
11,55,105
12,55,187
13,55,785
14,55,698
15,55,618
16,55,784
17,55,1008
18,55,520
19,55,185
20,55,710
21,55,0
22,55,554
23,55,230
24,55,713
25,55,246
26,55,122
27,55,287
28,55,901
29,55,142
30,55,304
31,55,492
32,55,1013
33,55,48
34,55,643
35,55,149
36,55,440
37,55,380
38,55,906
39,55,717
40,55,997
41,55,603
42,55,665
43,55,107
44,55,67
45,55,867
46,55,911
47,55,38
48,55,540
49,55,767
50,55,524
51,55,915
52,55,783
53,55,487
54,55,933
55,55,1002
56,55,537
57,55,266
58,55,474
59,55,362
60,55,839
61,55,476
62,55,919
63,55,847
64,55,775
65,55,521
66,55,584
67,55,877
68,55,432
69,55,749
70,55,650
71,55,363
72,55,649
73,55,1010
74,55,215
75,55,506
76,55,616
77,55,297
78,55,516
79,55,779
80,55,891
81,55,755
82,55,356
83,55,99
84,55,283
85,55,538
86,55,983
87,55,155
88,55,966
89,55,686
90,55,973
91,55,170
92,55,814
93,55,220
94,55,890
95,55,887
96,55,252
97,55,883
98,55,435
99,55,617
100,55,924
101,55,770
102,55,560
103,55,652
104,55,539
105,55,614
106,55,137
107,55,267
108,55,239
109,55,654
110,55,81
111,55,449
112,55,60
113,55,790
114,55,434
115,55,450
116,55,62
117,55,44
118,55,101
119,55,606
120,55,868
121,55,431
122,55,730
123,55,748
124,55,176
125,55,334
126,55,102
127,55,484
128,55,375
129,55,264
130,55,812
131,55,986
132,55,16
133,55,518
134,55,619
135,55,47
136,55,224
137,55,978
138,55,482
139,55,243
140,55,250
141,55,724
142,55,607
143,55,114
144,55,173
145,55,723
146,55,852
147,55,242
148,55,190
149,55,96
150,55,955
151,55,550
152,55,534
153,55,319
154,55,75
155,55,695
156,55,11
157,55,952
158,55,635
159,55,786
160,55,104
161,55,504
162,55,120
163,55,98
164,55,433
165,55,35
166,55,277
167,55,838
168,55,961
169,55,531
170,55,462
171,55,473
172,55,298
173,55,165
174,55,865
175,55,854
176,55,115
177,55,663
178,55,878
179,55,326
180,55,1003
181,55,921
182,55,809
183,55,988
184,55,261
185,55,597
186,55,843
187,55,20
188,55,256
189,55,743
190,55,437
191,55,525
192,55,237
193,55,970
194,55,580
195,55,938
196,55,490
197,55,957
198,55,313
199,55,341
200,55,410
201,55,981
202,55,980
203,55,962
204,55,80
205,55,414
206,55,709
207,55,201
208,55,571
209,55,914
210,55,218
211,55,667
212,55,960
213,55,135
214,55,179
215,55,161
216,55,916
217,55,772
218,55,566
219,55,929
220,55,953
221,55,77
222,55,156
223,55,753
224,55,787
225,55,610
226,55,972
227,55,1020
228,55,171
229,55,908
230,55,251
231,55,27
232,55,36
233,55,184
234,55,857
235,55,219
236,55,158
237,55,157
238,55,996
239,55,421
240,55,205
241,55,494
242,55,58
243,55,794
244,55,532
245,55,987
246,55,777
247,55,393
248,55,112
249,55,318
250,55,309
251,55,982
252,55,700
253,55,88
254,55,148
255,55,160
256,55,345
257,55,976
258,55,5
259,55,965
260,55,34
261,55,646
262,55,763
263,55,509
264,55,827
265,55,429
266,55,127
267,55,235
268,55,9
269,55,627
270,55,390
271,55,555
272,55,350
273,55,223
274,55,549
275,55,214
276,55,226
277,55,545
278,55,503
279,55,797
280,55,951
281,55,294
282,55,216
283,55,869
284,55,193
285,55,204
286,55,930
287,55,697
288,55,842
289,55,515
290,55,213
291,55,202
292,55,656
293,55,140
294,55,541
295,55,630
296,55,392
297,55,535
298,55,241
299,55,93
300,55,454
301,55,739
302,55,41
303,55,662
304,55,511
305,55,12
306,55,821
307,55,386
308,55,379
309,55,420
310,55,725
311,55,527
312,55,315
313,55,333
314,55,837
315,55,813
316,55,119
317,55,424
318,55,668
319,55,728
320,55,959
321,55,632
322,55,992
323,55,496
324,55,8
325,55,197
326,55,381
327,55,658
328,55,132
329,55,925
330,55,110
331,55,285
332,55,894
333,55,689
334,55,792
335,55,369
336,55,228
337,55,236
338,55,70
339,55,701
340,55,947
341,55,699
342,55,464
343,55,6
344,55,154
345,55,1005
346,55,856
347,55,31
348,55,737
349,55,944
350,55,570
351,55,51
352,55,912
353,55,325
354,55,442
355,55,707
356,55,991
357,55,799
358,55,552
359,55,499
360,55,453
361,55,460
362,55,1012
363,55,147
364,55,1018
365,55,893
366,55,864
367,55,85
368,55,681
369,55,164
370,55,162
371,55,922
372,55,106
373,55,451
374,55,45
375,55,826
376,55,751
377,55,544
378,55,849
379,55,834
380,55,559
381,55,355
382,55,673
383,55,664
384,55,682
385,55,305
386,55,568
387,55,828
388,55,892
389,55,776
390,55,343
391,55,895
392,55,920
393,55,875
394,55,862
395,55,286
396,55,43
397,55,523
398,55,349
399,55,245
0,56,301
1,56,150
2,56,30
3,56,683
4,56,443
5,56,954
6,56,1006
7,56,669
8,56,311
9,56,463
10,56,557
11,56,105
12,56,186
13,56,786
14,56,698
15,56,618
16,56,784
17,56,1008
18,56,520
19,56,185
20,56,710
21,56,0
22,56,554
23,56,230
24,56,713
25,56,246
26,56,154
27,56,287
28,56,901
29,56,142
30,56,304
31,56,492
32,56,1013
33,56,48
34,56,643
35,56,149
36,56,440
37,56,380
38,56,906
39,56,717
40,56,997
41,56,603
42,56,665
43,56,107
44,56,67
45,56,867
46,56,911
47,56,39
48,56,540
49,56,767
50,56,524
51,56,915
52,56,783
53,56,487
54,56,933
55,56,1002
56,56,537
57,56,266
58,56,474
59,56,362
60,56,839
61,56,476
62,56,919
63,56,847
64,56,775
65,56,521
66,56,584
67,56,877
68,56,432
69,56,749
70,56,650
71,56,363
72,56,649
73,56,1010
74,56,215
75,56,506
76,56,616
77,56,297
78,56,548
79,56,779
80,56,891
81,56,755
82,56,356
83,56,99
84,56,283
85,56,538
86,56,983
87,56,187
88,56,966
89,56,686
90,56,973
91,56,170
92,56,814
93,56,220
94,56,890
95,56,887
96,56,252
97,56,883
98,56,435
99,56,617
100,56,924
101,56,770
102,56,560
103,56,652
104,56,539
105,56,614
106,56,137
107,56,267
108,56,239
109,56,654
110,56,81
111,56,449
112,56,60
113,56,790
114,56,434
115,56,450
116,56,62
117,56,44
118,56,101
119,56,606
120,56,868
121,56,431
122,56,730
123,56,748
124,56,176
125,56,334
126,56,102
127,56,516
128,56,375
129,56,264
130,56,812
131,56,985
132,56,16
133,56,518
134,56,619
135,56,47
136,56,224
137,56,978
138,56,482
139,56,243
140,56,250
141,56,724
142,56,607
143,56,114
144,56,173
145,56,723
146,56,852
147,56,242
148,56,190
149,56,96
150,56,955
151,56,550
152,56,534
153,56,319
154,56,75
155,56,695
156,56,11
157,56,952
158,56,635
159,56,754
160,56,104
161,56,504
162,56,120
163,56,98
164,56,433
165,56,35
166,56,277
167,56,838
168,56,961
169,56,531
170,56,462
171,56,473
172,56,298
173,56,165
174,56,865
175,56,854
176,56,115
177,56,663
178,56,878
179,56,326
180,56,1003
181,56,921
182,56,809
183,56,956
184,56,261
185,56,597
186,56,843
187,56,20
188,56,256
189,56,743
190,56,437
191,56,525
192,56,237
193,56,970
194,56,580
195,56,938
196,56,490
197,56,957
198,56,313
199,56,342
200,56,410
201,56,981
202,56,980
203,56,962
204,56,80
205,56,414
206,56,709
207,56,201
208,56,571
209,56,914
210,56,218
211,56,667
212,56,960
213,56,135
214,56,179
215,56,161
216,56,916
217,56,772
218,56,566
219,56,929
220,56,953
221,56,77
222,56,156
223,56,753
224,56,787
225,56,610
226,56,972
227,56,1020
228,56,171
229,56,908
230,56,251
231,56,27
232,56,36
233,56,184
234,56,857
235,56,219
236,56,126
237,56,157
238,56,996
239,56,421
240,56,205
241,56,494
242,56,58
243,56,794
244,56,532
245,56,988
246,56,777
247,56,393
248,56,112
249,56,318
250,56,341
251,56,982
252,56,700
253,56,88
254,56,148
255,56,160
256,56,345
257,56,944
258,56,5
259,56,965
260,56,34
261,56,646
262,56,763
263,56,509
264,56,827
265,56,429
266,56,127
267,56,235
268,56,9
269,56,627
270,56,390
271,56,555
272,56,350
273,56,223
274,56,549
275,56,214
276,56,226
277,56,545
278,56,503
279,56,797
280,56,951
281,56,294
282,56,216
283,56,869
284,56,193
285,56,204
286,56,930
287,56,697
288,56,842
289,56,515
290,56,213
291,56,202
292,56,656
293,56,140
294,56,541
295,56,630
296,56,392
297,56,535
298,56,241
299,56,93
300,56,454
301,56,739
302,56,41
303,56,662
304,56,511
305,56,12
306,56,821
307,56,386
308,56,379
309,56,420
310,56,725
311,56,527
312,56,315
313,56,333
314,56,837
315,56,813
316,56,119
317,56,424
318,56,668
319,56,728
320,56,959
321,56,632
322,56,992
323,56,496
324,56,8
325,56,197
326,56,381
327,56,658
328,56,132
329,56,925
330,56,110
331,56,285
332,56,894
333,56,689
334,56,792
335,56,369
336,56,228
337,56,236
338,56,70
339,56,701
340,56,947
341,56,699
342,56,464
343,56,38
344,56,153
345,56,1005
346,56,856
347,56,31
348,56,737
349,56,912
350,56,570
351,56,51
352,56,880
353,56,325
354,56,442
355,56,707
356,56,991
357,56,799
358,56,552
359,56,499
360,56,453
361,56,460
362,56,1012
363,56,147
364,56,1018
365,56,893
366,56,864
367,56,85
368,56,681
369,56,164
370,56,162
371,56,922
372,56,106
373,56,451
374,56,45
375,56,826
376,56,751
377,56,544
378,56,849
379,56,834
380,56,559
381,56,355
382,56,673
383,56,664
384,56,682
385,56,305
386,56,568
387,56,828
388,56,892
389,56,776
390,56,343
391,56,895
392,56,920
393,56,875
394,56,862
395,56,286
396,56,43
397,56,523
398,56,349
399,56,245
0,57,301
1,57,150
2,57,30
3,57,683
4,57,443
5,57,954
6,57,1006
7,57,669
8,57,311
9,57,463
10,57,557
11,57,105
12,57,154
13,57,785
14,57,698
15,57,618
16,57,784
17,57,1008
18,57,520
19,57,185
20,57,710
21,57,0
22,57,554
23,57,230
24,57,713
25,57,246
26,57,155
27,57,287
28,57,901
29,57,142
30,57,304
31,57,492
32,57,1013
33,57,48
34,57,643
35,57,149
36,57,440
37,57,380
38,57,906
39,57,717
40,57,997
41,57,603
42,57,665
43,57,107
44,57,67
45,57,867
46,57,911
47,57,38
48,57,540
49,57,767
50,57,524
51,57,915
52,57,783
53,57,487
54,57,933
55,57,1002
56,57,537
57,57,266
58,57,474
59,57,362
60,57,839
61,57,476
62,57,919
63,57,847
64,57,775
65,57,521
66,57,584
67,57,877
68,57,432
69,57,749
70,57,650
71,57,363
72,57,649
73,57,1010
74,57,215
75,57,506
76,57,616
77,57,297
78,57,516
79,57,779
80,57,891
81,57,755
82,57,356
83,57,99
84,57,283
85,57,538
86,57,983
87,57,186
88,57,966
89,57,686
90,57,973
91,57,170
92,57,814
93,57,220
94,57,890
95,57,887
96,57,252
97,57,883
98,57,435
99,57,617
100,57,924
101,57,770
102,57,560
103,57,652
104,57,539
105,57,614
106,57,137
107,57,267
108,57,239
109,57,654
110,57,81
111,57,449
112,57,60
113,57,790
114,57,434
115,57,450
116,57,62
117,57,44
118,57,101
119,57,606
120,57,868
121,57,431
122,57,730
123,57,748
124,57,176
125,57,334
126,57,102
127,57,484
128,57,375
129,57,264
130,57,812
131,57,985
132,57,16
133,57,518
134,57,619
135,57,47
136,57,224
137,57,978
138,57,482
139,57,243
140,57,250
141,57,724
142,57,607
143,57,114
144,57,173
145,57,723
146,57,852
147,57,242
148,57,190
149,57,96
150,57,955
151,57,550
152,57,534
153,57,319
154,57,75
155,57,695
156,57,11
157,57,952
158,57,635
159,57,786
160,57,104
161,57,504
162,57,120
163,57,98
164,57,433
165,57,35
166,57,277
167,57,838
168,57,961
169,57,531
170,57,462
171,57,473
172,57,298
173,57,165
174,57,865
175,57,854
176,57,115
177,57,663
178,57,878
179,57,326
180,57,1003
181,57,921
182,57,809
183,57,988
184,57,261
185,57,597
186,57,843
187,57,20
188,57,256
189,57,743
190,57,437
191,57,525
192,57,237
193,57,970
194,57,580
195,57,938
196,57,490
197,57,957
198,57,313
199,57,341
200,57,410
201,57,981
202,57,980
203,57,962
204,57,80
205,57,414
206,57,709
207,57,201
208,57,571
209,57,914
210,57,218
211,57,667
212,57,960
213,57,135
214,57,179
215,57,161
216,57,916
217,57,772
218,57,566
219,57,929
220,57,953
221,57,77
222,57,156
223,57,753
224,57,787
225,57,610
226,57,972
227,57,1020
228,57,171
229,57,908
230,57,251
231,57,27
232,57,36
233,57,184
234,57,857
235,57,219
236,57,94
237,57,157
238,57,996
239,57,421
240,57,205
241,57,494
242,57,58
243,57,794
244,57,532
245,57,989
246,57,777
247,57,393
248,57,112
249,57,318
250,57,373
251,57,982
252,57,700
253,57,88
254,57,148
255,57,160
256,57,345
257,57,976
258,57,5
259,57,965
260,57,34
261,57,646
262,57,763
263,57,509
264,57,827
265,57,429
266,57,127
267,57,235
268,57,9
269,57,627
270,57,390
271,57,555
272,57,350
273,57,223
274,57,549
275,57,214
276,57,226
277,57,545
278,57,503
279,57,797
280,57,951
281,57,294
282,57,216
283,57,869
284,57,193
285,57,204
286,57,930
287,57,697
288,57,842
289,57,515
290,57,213
291,57,202
292,57,656
293,57,140
294,57,541
295,57,630
296,57,392
297,57,535
298,57,241
299,57,93
300,57,454
301,57,739
302,57,41
303,57,662
304,57,511
305,57,12
306,57,821
307,57,386
308,57,379
309,57,420
310,57,725
311,57,527
312,57,315
313,57,333
314,57,837
315,57,813
316,57,119
317,57,424
318,57,668
319,57,728
320,57,959
321,57,632
322,57,992
323,57,496
324,57,8
325,57,197
326,57,381
327,57,658
328,57,132
329,57,925
330,57,110
331,57,285
332,57,894
333,57,689
334,57,792
335,57,369
336,57,228
337,57,236
338,57,70
339,57,701
340,57,947
341,57,699
342,57,464
343,57,6
344,57,121
345,57,1005
346,57,856
347,57,31
348,57,737
349,57,944
350,57,570
351,57,51
352,57,912
353,57,325
354,57,442
355,57,707
356,57,991
357,57,799
358,57,552
359,57,499
360,57,453
361,57,460
362,57,1012
363,57,147
364,57,1018
365,57,893
366,57,864
367,57,85
368,57,681
369,57,164
370,57,162
371,57,922
372,57,106
373,57,451
374,57,45
375,57,826
376,57,751
377,57,544
378,57,849
379,57,834
380,57,559
381,57,355
382,57,673
383,57,664
384,57,682
385,57,305
386,57,568
387,57,828
388,57,892
389,57,776
390,57,343
391,57,895
392,57,920
393,57,875
394,57,862
395,57,286
396,57,43
397,57,523
398,57,349
399,57,245
0,58,301
1,58,150
2,58,30
3,58,683
4,58,443
5,58,954
6,58,1006
7,58,669
8,58,311
9,58,463
10,58,557
11,58,105
12,58,186
13,58,817
14,58,698
15,58,618
16,58,784
17,58,1008
18,58,520
19,58,185
20,58,710
21,58,0
22,58,554
23,58,230
24,58,713
25,58,246
26,58,155
27,58,287
28,58,901
29,58,142
30,58,304
31,58,492
32,58,1013
33,58,48
34,58,643
35,58,149
36,58,440
37,58,380
38,58,906
39,58,717
40,58,997
41,58,603
42,58,665
43,58,107
44,58,67
45,58,867
46,58,911
47,58,39
48,58,540
49,58,767
50,58,524
51,58,915
52,58,783
53,58,487
54,58,933
55,58,1002
56,58,537
57,58,266
58,58,474
59,58,362
60,58,839
61,58,476
62,58,919
63,58,847
64,58,775
65,58,521
66,58,584
67,58,877
68,58,432
69,58,749
70,58,650
71,58,363
72,58,649
73,58,1010
74,58,215
75,58,506
76,58,616
77,58,297
78,58,484
79,58,779
80,58,891
81,58,755
82,58,356
83,58,99
84,58,283
85,58,538
86,58,983
87,58,187
88,58,966
89,58,686
90,58,973
91,58,170
92,58,814
93,58,220
94,58,890
95,58,887
96,58,252
97,58,883
98,58,435
99,58,617
100,58,924
101,58,770
102,58,560
103,58,652
104,58,539
105,58,614
106,58,137
107,58,267
108,58,239
109,58,654
110,58,81
111,58,449
112,58,60
113,58,790
114,58,434
115,58,450
116,58,62
117,58,44
118,58,101
119,58,606
120,58,868
121,58,431
122,58,730
123,58,748
124,58,176
125,58,334
126,58,102
127,58,485
128,58,375
129,58,264
130,58,812
131,58,985
132,58,16
133,58,518
134,58,619
135,58,47
136,58,224
137,58,978
138,58,482
139,58,243
140,58,250
141,58,724
142,58,607
143,58,114
144,58,173
145,58,723
146,58,852
147,58,242
148,58,190
149,58,96
150,58,955
151,58,550
152,58,534
153,58,319
154,58,75
155,58,695
156,58,11
157,58,952
158,58,635
159,58,785
160,58,104
161,58,504
162,58,88
163,58,98
164,58,433
165,58,35
166,58,277
167,58,838
168,58,961
169,58,531
170,58,462
171,58,473
172,58,298
173,58,165
174,58,865
175,58,854
176,58,115
177,58,663
178,58,878
179,58,326
180,58,1003
181,58,921
182,58,809
183,58,988
184,58,261
185,58,597
186,58,843
187,58,20
188,58,256
189,58,743
190,58,437
191,58,525
192,58,237
193,58,970
194,58,580
195,58,938
196,58,490
197,58,957
198,58,313
199,58,309
200,58,410
201,58,981
202,58,980
203,58,962
204,58,80
205,58,414
206,58,709
207,58,201
208,58,571
209,58,914
210,58,218
211,58,667
212,58,960
213,58,135
214,58,179
215,58,161
216,58,916
217,58,772
218,58,566
219,58,929
220,58,953
221,58,77
222,58,156
223,58,753
224,58,787
225,58,610
226,58,972
227,58,1020
228,58,171
229,58,908
230,58,251
231,58,27
232,58,36
233,58,184
234,58,857
235,58,219
236,58,93
237,58,157
238,58,996
239,58,421
240,58,205
241,58,494
242,58,58
243,58,794
244,58,532
245,58,989
246,58,777
247,58,393
248,58,112
249,58,318
250,58,373
251,58,982
252,58,700
253,58,56
254,58,148
255,58,160
256,58,345
257,58,977
258,58,5
259,58,965
260,58,34
261,58,646
262,58,763
263,58,509
264,58,827
265,58,429
266,58,127
267,58,235
268,58,9
269,58,627
270,58,390
271,58,555
272,58,350
273,58,223
274,58,549
275,58,214
276,58,226
277,58,545
278,58,503
279,58,797
280,58,951
281,58,294
282,58,216
283,58,869
284,58,193
285,58,204
286,58,930
287,58,697
288,58,842
289,58,515
290,58,213
291,58,202
292,58,656
293,58,140
294,58,541
295,58,630
296,58,392
297,58,535
298,58,241
299,58,61
300,58,454
301,58,739
302,58,41
303,58,662
304,58,511
305,58,12
306,58,821
307,58,386
308,58,379
309,58,420
310,58,725
311,58,527
312,58,315
313,58,333
314,58,837
315,58,813
316,58,119
317,58,424
318,58,668
319,58,728
320,58,959
321,58,632
322,58,992
323,58,496
324,58,8
325,58,197
326,58,381
327,58,658
328,58,132
329,58,925
330,58,110
331,58,285
332,58,894
333,58,689
334,58,792
335,58,369
336,58,228
337,58,236
338,58,70
339,58,701
340,58,947
341,58,699
342,58,464
343,58,38
344,58,120
345,58,1005
346,58,856
347,58,31
348,58,737
349,58,976
350,58,570
351,58,51
352,58,912
353,58,325
354,58,442
355,58,707
356,58,991
357,58,799
358,58,552
359,58,499
360,58,453
361,58,460
362,58,1012
363,58,147
364,58,1018
365,58,893
366,58,864
367,58,85
368,58,681
369,58,164
370,58,162
371,58,922
372,58,106
373,58,451
374,58,45
375,58,826
376,58,751
377,58,544
378,58,849
379,58,834
380,58,559
381,58,355
382,58,673
383,58,664
384,58,682
385,58,305
386,58,568
387,58,828
388,58,892
389,58,776
390,58,343
391,58,895
392,58,920
393,58,875
394,58,862
395,58,286
396,58,43
397,58,523
398,58,349
399,58,245
0,59,301
1,59,150
2,59,30
3,59,683
4,59,443
5,59,954
6,59,1006
7,59,669
8,59,311
9,59,463
10,59,557
11,59,105
12,59,187
13,59,785
14,59,698
15,59,618
16,59,784
17,59,1008
18,59,520
19,59,185
20,59,710
21,59,0
22,59,554
23,59,230
24,59,713
25,59,246
26,59,154
27,59,287
28,59,901
29,59,142
30,59,304
31,59,492
32,59,1013
33,59,48
34,59,643
35,59,149
36,59,440
37,59,380
38,59,906
39,59,717
40,59,997
41,59,603
42,59,665
43,59,107
44,59,67
45,59,867
46,59,911
47,59,38
48,59,540
49,59,767
50,59,524
51,59,915
52,59,783
53,59,487
54,59,933
55,59,1002
56,59,537
57,59,266
58,59,474
59,59,362
60,59,839
61,59,476
62,59,919
63,59,847
64,59,775
65,59,521
66,59,584
67,59,877
68,59,432
69,59,749
70,59,650
71,59,363
72,59,649
73,59,1010
74,59,215
75,59,506
76,59,616
77,59,297
78,59,516
79,59,779
80,59,891
81,59,755
82,59,356
83,59,99
84,59,283
85,59,538
86,59,983
87,59,155
88,59,966
89,59,686
90,59,973
91,59,170
92,59,814
93,59,220
94,59,890
95,59,887
96,59,252
97,59,883
98,59,435
99,59,617
100,59,924
101,59,770
102,59,560
103,59,652
104,59,539
105,59,614
106,59,137
107,59,267
108,59,239
109,59,654
110,59,81
111,59,449
112,59,60
113,59,790
114,59,434
115,59,450
116,59,62
117,59,44
118,59,101
119,59,606
120,59,868
121,59,431
122,59,730
123,59,748
124,59,176
125,59,334
126,59,102
127,59,484
128,59,375
129,59,264
130,59,812
131,59,985
132,59,16
133,59,518
134,59,619
135,59,47
136,59,224
137,59,978
138,59,482
139,59,243
140,59,250
141,59,724
142,59,607
143,59,114
144,59,173
145,59,723
146,59,852
147,59,242
148,59,190
149,59,96
150,59,955
151,59,550
152,59,534
153,59,319
154,59,75
155,59,695
156,59,11
157,59,952
158,59,635
159,59,786
160,59,104
161,59,504
162,59,56
163,59,98
164,59,433
165,59,35
166,59,277
167,59,838
168,59,961
169,59,531
170,59,462
171,59,473
172,59,298
173,59,165
174,59,865
175,59,854
176,59,115
177,59,663
178,59,878
179,59,326
180,59,1003
181,59,921
182,59,809
183,59,988
184,59,261
185,59,597
186,59,843
187,59,20
188,59,256
189,59,743
190,59,437
191,59,525
192,59,237
193,59,970
194,59,580
195,59,938
196,59,490
197,59,957
198,59,313
199,59,309
200,59,410
201,59,981
202,59,980
203,59,962
204,59,80
205,59,414
206,59,709
207,59,201
208,59,571
209,59,914
210,59,218
211,59,667
212,59,960
213,59,135
214,59,179
215,59,161
216,59,916
217,59,772
218,59,566
219,59,929
220,59,953
221,59,77
222,59,156
223,59,753
224,59,787
225,59,610
226,59,972
227,59,1020
228,59,171
229,59,908
230,59,251
231,59,27
232,59,36
233,59,184
234,59,857
235,59,219
236,59,61
237,59,157
238,59,996
239,59,421
240,59,205
241,59,494
242,59,58
243,59,794
244,59,532
245,59,989
246,59,777
247,59,393
248,59,112
249,59,318
250,59,373
251,59,982
252,59,700
253,59,55
254,59,148
255,59,160
256,59,345
257,59,976
258,59,5
259,59,965
260,59,34
261,59,646
262,59,763
263,59,509
264,59,827
265,59,429
266,59,127
267,59,235
268,59,9
269,59,627
270,59,390
271,59,555
272,59,350
273,59,223
274,59,549
275,59,214
276,59,226
277,59,545
278,59,503
279,59,797
280,59,951
281,59,294
282,59,216
283,59,869
284,59,193
285,59,204
286,59,930
287,59,697
288,59,842
289,59,515
290,59,213
291,59,202
292,59,656
293,59,140
294,59,541
295,59,630
296,59,392
297,59,535
298,59,241
299,59,29
300,59,454
301,59,739
302,59,41
303,59,662
304,59,511
305,59,12
306,59,821
307,59,386
308,59,379
309,59,420
310,59,725
311,59,527
312,59,315
313,59,333
314,59,837
315,59,813
316,59,119
317,59,424
318,59,668
319,59,728
320,59,959
321,59,632
322,59,992
323,59,496
324,59,8
325,59,197
326,59,381
327,59,658
328,59,132
329,59,925
330,59,110
331,59,285
332,59,894
333,59,689
334,59,792
335,59,369
336,59,228
337,59,236
338,59,70
339,59,701
340,59,947
341,59,699
342,59,464
343,59,6
344,59,88
345,59,1005
346,59,856
347,59,31
348,59,737
349,59,944
350,59,570
351,59,51
352,59,912
353,59,325
354,59,442
355,59,707
356,59,991
357,59,799
358,59,552
359,59,499
360,59,453
361,59,460
362,59,1012
363,59,147
364,59,1018
365,59,893
366,59,864
367,59,85
368,59,681
369,59,164
370,59,162
371,59,922
372,59,106
373,59,451
374,59,45
375,59,826
376,59,751
377,59,544
378,59,849
379,59,834
380,59,559
381,59,355
382,59,673
383,59,664
384,59,682
385,59,305
386,59,568
387,59,828
388,59,892
389,59,776
390,59,343
391,59,895
392,59,920
393,59,875
394,59,862
395,59,286
396,59,43
397,59,523
398,59,349
399,59,245
0,60,301
1,60,150
2,60,30
3,60,683
4,60,443
5,60,954
6,60,1006
7,60,669
8,60,311
9,60,463
10,60,557
11,60,105
12,60,186
13,60,786
14,60,698
15,60,618
16,60,784
17,60,1008
18,60,520
19,60,185
20,60,710
21,60,0
22,60,554
23,60,230
24,60,713
25,60,246
26,60,155
27,60,287
28,60,901
29,60,142
30,60,304
31,60,492
32,60,1013
33,60,48
34,60,643
35,60,149
36,60,440
37,60,380
38,60,906
39,60,717
40,60,997
41,60,603
42,60,665
43,60,107
44,60,67
45,60,867
46,60,911
47,60,39
48,60,540
49,60,767
50,60,524
51,60,915
52,60,783
53,60,487
54,60,933
55,60,1002
56,60,537
57,60,266
58,60,474
59,60,362
60,60,839
61,60,476
62,60,919
63,60,847
64,60,775
65,60,521
66,60,584
67,60,877
68,60,432
69,60,749
70,60,650
71,60,363
72,60,649
73,60,1010
74,60,215
75,60,506
76,60,616
77,60,297
78,60,548
79,60,779
80,60,891
81,60,755
82,60,356
83,60,99
84,60,283
85,60,538
86,60,983
87,60,187
88,60,966
89,60,686
90,60,973
91,60,170
92,60,814
93,60,220
94,60,890
95,60,887
96,60,252
97,60,883
98,60,435
99,60,617
100,60,924
101,60,770
102,60,560
103,60,652
104,60,539
105,60,614
106,60,137
107,60,267
108,60,239
109,60,654
110,60,81
111,60,449
112,60,60
113,60,790
114,60,434
115,60,450
116,60,62
117,60,44
118,60,101
119,60,606
120,60,868
121,60,431
122,60,730
123,60,748
124,60,176
125,60,334
126,60,102
127,60,516
128,60,375
129,60,264
130,60,812
131,60,985
132,60,16
133,60,518
134,60,619
135,60,47
136,60,224
137,60,978
138,60,482
139,60,243
140,60,250
141,60,724
142,60,607
143,60,114
144,60,173
145,60,723
146,60,852
147,60,242
148,60,190
149,60,96
150,60,955
151,60,550
152,60,534
153,60,319
154,60,75
155,60,695
156,60,11
157,60,952
158,60,635
159,60,754
160,60,104
161,60,504
162,60,55
163,60,98
164,60,433
165,60,35
166,60,277
167,60,838
168,60,961
169,60,531
170,60,462
171,60,473
172,60,298
173,60,165
174,60,865
175,60,854
176,60,115
177,60,663
178,60,878
179,60,326
180,60,1003
181,60,921
182,60,809
183,60,988
184,60,261
185,60,597
186,60,843
187,60,20
188,60,256
189,60,743
190,60,437
191,60,525
192,60,237
193,60,970
194,60,580
195,60,938
196,60,490
197,60,957
198,60,313
199,60,309
200,60,410
201,60,981
202,60,980
203,60,962
204,60,80
205,60,414
206,60,709
207,60,201
208,60,571
209,60,914
210,60,218
211,60,667
212,60,960
213,60,135
214,60,179
215,60,161
216,60,916
217,60,772
218,60,566
219,60,929
220,60,953
221,60,77
222,60,156
223,60,753
224,60,787
225,60,610
226,60,972
227,60,1020
228,60,171
229,60,908
230,60,251
231,60,27
232,60,36
233,60,184
234,60,857
235,60,219
236,60,29
237,60,157
238,60,996
239,60,421
240,60,205
241,60,494
242,60,58
243,60,794
244,60,532
245,60,989
246,60,777
247,60,393
248,60,112
249,60,318
250,60,373
251,60,982
252,60,700
253,60,87
254,60,148
255,60,160
256,60,345
257,60,944
258,60,5
259,60,965
260,60,34
261,60,646
262,60,763
263,60,509
264,60,827
265,60,429
266,60,127
267,60,235
268,60,9
269,60,627
270,60,390
271,60,555
272,60,350
273,60,223
274,60,549
275,60,214
276,60,226
277,60,545
278,60,503
279,60,797
280,60,951
281,60,294
282,60,216
283,60,869
284,60,193
285,60,204
286,60,930
287,60,697
288,60,842
289,60,515
290,60,213
291,60,202
292,60,656
293,60,140
294,60,541
295,60,630
296,60,392
297,60,535
298,60,241
299,60,28
300,60,454
301,60,739
302,60,41
303,60,662
304,60,511
305,60,12
306,60,821
307,60,386
308,60,379
309,60,420
310,60,725
311,60,527
312,60,315
313,60,333
314,60,837
315,60,813
316,60,119
317,60,424
318,60,668
319,60,728
320,60,959
321,60,632
322,60,992
323,60,496
324,60,8
325,60,197
326,60,381
327,60,658
328,60,132
329,60,925
330,60,110
331,60,285
332,60,894
333,60,689
334,60,792
335,60,369
336,60,228
337,60,236
338,60,70
339,60,701
340,60,947
341,60,699
342,60,464
343,60,38
344,60,56
345,60,1005
346,60,856
347,60,31
348,60,737
349,60,912
350,60,570
351,60,51
352,60,880
353,60,325
354,60,442
355,60,707
356,60,991
357,60,799
358,60,552
359,60,499
360,60,453
361,60,460
362,60,1012
363,60,147
364,60,1018
365,60,893
366,60,864
367,60,85
368,60,681
369,60,164
370,60,162
371,60,922
372,60,106
373,60,451
374,60,45
375,60,826
376,60,751
377,60,544
378,60,849
379,60,834
380,60,559
381,60,355
382,60,673
383,60,664
384,60,682
385,60,305
386,60,568
387,60,828
388,60,892
389,60,776
390,60,343
391,60,895
392,60,920
393,60,875
394,60,862
395,60,286
396,60,43
397,60,523
398,60,349
399,60,245
0,61,301
1,61,150
2,61,30
3,61,683
4,61,443
5,61,954
6,61,1006
7,61,669
8,61,311
9,61,463
10,61,557
11,61,105
12,61,154
13,61,785
14,61,698
15,61,618
16,61,784
17,61,1008
18,61,520
19,61,185
20,61,710
21,61,0
22,61,554
23,61,230
24,61,713
25,61,246
26,61,155
27,61,287
28,61,901
29,61,142
30,61,304
31,61,492
32,61,1013
33,61,48
34,61,643
35,61,149
36,61,440
37,61,380
38,61,906
39,61,717
40,61,997
41,61,603
42,61,665
43,61,107
44,61,67
45,61,867
46,61,911
47,61,38
48,61,540
49,61,767
50,61,524
51,61,915
52,61,783
53,61,487
54,61,933
55,61,1002
56,61,537
57,61,266
58,61,474
59,61,362
60,61,839
61,61,476
62,61,919
63,61,847
64,61,775
65,61,521
66,61,584
67,61,877
68,61,432
69,61,749
70,61,650
71,61,363
72,61,649
73,61,1010
74,61,215
75,61,506
76,61,616
77,61,297
78,61,516
79,61,779
80,61,891
81,61,755
82,61,356
83,61,99
84,61,283
85,61,538
86,61,983
87,61,186
88,61,966
89,61,686
90,61,973
91,61,170
92,61,814
93,61,220
94,61,890
95,61,887
96,61,252
97,61,883
98,61,435
99,61,617
100,61,924
101,61,770
102,61,560
103,61,652
104,61,539
105,61,614
106,61,137
107,61,267
108,61,239
109,61,654
110,61,81
111,61,449
112,61,60
113,61,790
114,61,434
115,61,450
116,61,62
117,61,44
118,61,101
119,61,606
120,61,868
121,61,431
122,61,730
123,61,748
124,61,176
125,61,334
126,61,102
127,61,484
128,61,375
129,61,264
130,61,812
131,61,985
132,61,16
133,61,518
134,61,619
135,61,47
136,61,224
137,61,978
138,61,482
139,61,243
140,61,250
141,61,724
142,61,607
143,61,114
144,61,173
145,61,723
146,61,852
147,61,242
148,61,190
149,61,96
150,61,955
151,61,550
152,61,534
153,61,319
154,61,75
155,61,695
156,61,11
157,61,952
158,61,635
159,61,786
160,61,104
161,61,504
162,61,87
163,61,98
164,61,433
165,61,35
166,61,277
167,61,838
168,61,961
169,61,531
170,61,462
171,61,473
172,61,298
173,61,165
174,61,865
175,61,854
176,61,115
177,61,663
178,61,878
179,61,326
180,61,1003
181,61,921
182,61,809
183,61,988
184,61,261
185,61,597
186,61,843
187,61,20
188,61,256
189,61,743
190,61,437
191,61,525
192,61,237
193,61,970
194,61,580
195,61,938
196,61,490
197,61,957
198,61,313
199,61,309
200,61,410
201,61,981
202,61,980
203,61,962
204,61,80
205,61,414
206,61,709
207,61,201
208,61,571
209,61,914
210,61,218
211,61,667
212,61,960
213,61,135
214,61,179
215,61,161
216,61,916
217,61,772
218,61,566
219,61,929
220,61,953
221,61,77
222,61,156
223,61,753
224,61,787
225,61,610
226,61,972
227,61,1020
228,61,171
229,61,908
230,61,251
231,61,27
232,61,36
233,61,184
234,61,857
235,61,219
236,61,61
237,61,157
238,61,996
239,61,421
240,61,205
241,61,494
242,61,58
243,61,794
244,61,532
245,61,989
246,61,777
247,61,393
248,61,112
249,61,318
250,61,373
251,61,982
252,61,700
253,61,88
254,61,148
255,61,160
256,61,345
257,61,976
258,61,5
259,61,965
260,61,34
261,61,646
262,61,763
263,61,509
264,61,827
265,61,429
266,61,127
267,61,235
268,61,9
269,61,627
270,61,390
271,61,555
272,61,350
273,61,223
274,61,549
275,61,214
276,61,226
277,61,545
278,61,503
279,61,797
280,61,951
281,61,294
282,61,216
283,61,869
284,61,193
285,61,204
286,61,930
287,61,697
288,61,842
289,61,515
290,61,213
291,61,202
292,61,656
293,61,140
294,61,541
295,61,630
296,61,392
297,61,535
298,61,241
299,61,29
300,61,454
301,61,739
302,61,41
303,61,662
304,61,511
305,61,12
306,61,821
307,61,386
308,61,379
309,61,420
310,61,725
311,61,527
312,61,315
313,61,333
314,61,837
315,61,813
316,61,119
317,61,424
318,61,668
319,61,728
320,61,959
321,61,632
322,61,992
323,61,496
324,61,8
325,61,197
326,61,381
327,61,658
328,61,132
329,61,925
330,61,110
331,61,285
332,61,894
333,61,689
334,61,792
335,61,369
336,61,228
337,61,236
338,61,70
339,61,701
340,61,947
341,61,699
342,61,464
343,61,6
344,61,55
345,61,1005
346,61,856
347,61,31
348,61,737
349,61,944
350,61,570
351,61,51
352,61,912
353,61,325
354,61,442
355,61,707
356,61,991
357,61,799
358,61,552
359,61,499
360,61,453
361,61,460
362,61,1012
363,61,147
364,61,1018
365,61,893
366,61,864
367,61,85
368,61,681
369,61,164
370,61,162
371,61,922
372,61,106
373,61,451
374,61,45
375,61,826
376,61,751
377,61,544
378,61,849
379,61,834
380,61,559
381,61,355
382,61,673
383,61,664
384,61,682
385,61,305
386,61,568
387,61,828
388,61,892
389,61,776
390,61,343
391,61,895
392,61,920
393,61,875
394,61,862
395,61,286
396,61,43
397,61,523
398,61,349
399,61,245
0,62,301
1,62,150
2,62,30
3,62,683
4,62,443
5,62,954
6,62,1006
7,62,669
8,62,311
9,62,463
10,62,557
11,62,105
12,62,186
13,62,817
14,62,698
15,62,618
16,62,784
17,62,1008
18,62,520
19,62,185
20,62,710
21,62,0
22,62,554
23,62,230
24,62,713
25,62,246
26,62,155
27,62,287
28,62,901
29,62,142
30,62,304
31,62,492
32,62,1013
33,62,48
34,62,643
35,62,149
36,62,440
37,62,380
38,62,906
39,62,717
40,62,997
41,62,603
42,62,665
43,62,107
44,62,67
45,62,867
46,62,911
47,62,39
48,62,540
49,62,767
50,62,524
51,62,915
52,62,783
53,62,487
54,62,933
55,62,1002
56,62,537
57,62,266
58,62,474
59,62,362
60,62,839
61,62,476
62,62,919
63,62,847
64,62,775
65,62,521
66,62,584
67,62,877
68,62,432
69,62,749
70,62,650
71,62,363
72,62,649
73,62,1010
74,62,215
75,62,506
76,62,616
77,62,297
78,62,484
79,62,779
80,62,891
81,62,755
82,62,356
83,62,99
84,62,283
85,62,538
86,62,983
87,62,187
88,62,966
89,62,686
90,62,973
91,62,170
92,62,814
93,62,220
94,62,890
95,62,887
96,62,252
97,62,883
98,62,435
99,62,617
100,62,924
101,62,770
102,62,560
103,62,652
104,62,539
105,62,614
106,62,137
107,62,267
108,62,239
109,62,654
110,62,81
111,62,449
112,62,60
113,62,790
114,62,434
115,62,450
116,62,62
117,62,44
118,62,101
119,62,606
120,62,868
121,62,431
122,62,730
123,62,748
124,62,176
125,62,334
126,62,102
127,62,485
128,62,375
129,62,264
130,62,812
131,62,985
132,62,16
133,62,518
134,62,619
135,62,47
136,62,224
137,62,978
138,62,482
139,62,243
140,62,250
141,62,724
142,62,607
143,62,114
144,62,173
145,62,723
146,62,852
147,62,242
148,62,190
149,62,96
150,62,955
151,62,550
152,62,534
153,62,319
154,62,75
155,62,695
156,62,11
157,62,952
158,62,635
159,62,785
160,62,104
161,62,504
162,62,88
163,62,98
164,62,433
165,62,35
166,62,277
167,62,838
168,62,961
169,62,531
170,62,462
171,62,473
172,62,298
173,62,165
174,62,865
175,62,854
176,62,115
177,62,663
178,62,878
179,62,326
180,62,1003
181,62,921
182,62,809
183,62,988
184,62,261
185,62,597
186,62,843
187,62,20
188,62,256
189,62,743
190,62,437
191,62,525
192,62,237
193,62,970
194,62,580
195,62,938
196,62,490
197,62,957
198,62,313
199,62,309
200,62,410
201,62,981
202,62,980
203,62,962
204,62,80
205,62,414
206,62,709
207,62,201
208,62,571
209,62,914
210,62,218
211,62,667
212,62,960
213,62,135
214,62,179
215,62,161
216,62,916
217,62,772
218,62,566
219,62,929
220,62,953
221,62,77
222,62,156
223,62,753
224,62,787
225,62,610
226,62,972
227,62,1020
228,62,171
229,62,908
230,62,251
231,62,27
232,62,36
233,62,184
234,62,857
235,62,219
236,62,93
237,62,157
238,62,996
239,62,421
240,62,205
241,62,494
242,62,58
243,62,794
244,62,532
245,62,989
246,62,777
247,62,393
248,62,112
249,62,318
250,62,373
251,62,982
252,62,700
253,62,56
254,62,148
255,62,160
256,62,345
257,62,977
258,62,5
259,62,965
260,62,34
261,62,646
262,62,763
263,62,509
264,62,827
265,62,429
266,62,127
267,62,235
268,62,9
269,62,627
270,62,390
271,62,555
272,62,350
273,62,223
274,62,549
275,62,214
276,62,226
277,62,545
278,62,503
279,62,797
280,62,951
281,62,294
282,62,216
283,62,869
284,62,193
285,62,204
286,62,930
287,62,697
288,62,842
289,62,515
290,62,213
291,62,202
292,62,656
293,62,140
294,62,541
295,62,630
296,62,392
297,62,535
298,62,241
299,62,61
300,62,454
301,62,739
302,62,41
303,62,662
304,62,511
305,62,12
306,62,821
307,62,386
308,62,379
309,62,420
310,62,725
311,62,527
312,62,315
313,62,333
314,62,837
315,62,813
316,62,119
317,62,424
318,62,668
319,62,728
320,62,959
321,62,632
322,62,992
323,62,496
324,62,8
325,62,197
326,62,381
327,62,658
328,62,132
329,62,925
330,62,110
331,62,285
332,62,894
333,62,689
334,62,792
335,62,369
336,62,228
337,62,236
338,62,70
339,62,701
340,62,947
341,62,699
342,62,464
343,62,38
344,62,54
345,62,1005
346,62,856
347,62,31
348,62,737
349,62,976
350,62,570
351,62,51
352,62,912
353,62,325
354,62,442
355,62,707
356,62,991
357,62,799
358,62,552
359,62,499
360,62,453
361,62,460
362,62,1012
363,62,147
364,62,1018
365,62,893
366,62,864
367,62,85
368,62,681
369,62,164
370,62,162
371,62,922
372,62,106
373,62,451
374,62,45
375,62,826
376,62,751
377,62,544
378,62,849
379,62,834
380,62,559
381,62,355
382,62,673
383,62,664
384,62,682
385,62,305
386,62,568
387,62,828
388,62,892
389,62,776
390,62,343
391,62,895
392,62,920
393,62,875
394,62,862
395,62,286
396,62,43
397,62,523
398,62,349
399,62,245
0,63,301
1,63,150
2,63,30
3,63,683
4,63,443
5,63,954
6,63,1006
7,63,669
8,63,311
9,63,463
10,63,557
11,63,105
12,63,187
13,63,785
14,63,698
15,63,618
16,63,784
17,63,1008
18,63,520
19,63,185
20,63,710
21,63,0
22,63,554
23,63,230
24,63,713
25,63,246
26,63,154
27,63,287
28,63,901
29,63,142
30,63,304
31,63,492
32,63,1013
33,63,48
34,63,643
35,63,149
36,63,440
37,63,380
38,63,906
39,63,717
40,63,997
41,63,603
42,63,665
43,63,107
44,63,67
45,63,867
46,63,911
47,63,38
48,63,540
49,63,767
50,63,524
51,63,915
52,63,783
53,63,487
54,63,933
55,63,1002
56,63,537
57,63,266
58,63,474
59,63,362
60,63,839
61,63,476
62,63,919
63,63,847
64,63,775
65,63,521
66,63,584
67,63,877
68,63,432
69,63,749
70,63,650
71,63,363
72,63,649
73,63,1010
74,63,215
75,63,506
76,63,616
77,63,297
78,63,516
79,63,779
80,63,891
81,63,755
82,63,356
83,63,99
84,63,283
85,63,538
86,63,983
87,63,155
88,63,966
89,63,686
90,63,973
91,63,170
92,63,814
93,63,220
94,63,890
95,63,887
96,63,252
97,63,883
98,63,435
99,63,617
100,63,924
101,63,770
102,63,560
103,63,652
104,63,539
105,63,614
106,63,137
107,63,267
108,63,239
109,63,654
110,63,81
111,63,449
112,63,60
113,63,790
114,63,434
115,63,450
116,63,62
117,63,44
118,63,101
119,63,606
120,63,868
121,63,431
122,63,730
123,63,748
124,63,176
125,63,334
126,63,102
127,63,484
128,63,375
129,63,264
130,63,812
131,63,985
132,63,16
133,63,518
134,63,619
135,63,47
136,63,224
137,63,978
138,63,482
139,63,243
140,63,250
141,63,724
142,63,607
143,63,114
144,63,173
145,63,723
146,63,852
147,63,242
148,63,190
149,63,96
150,63,955
151,63,550
152,63,534
153,63,319
154,63,75
155,63,695
156,63,11
157,63,952
158,63,635
159,63,786
160,63,104
161,63,504
162,63,120
163,63,98
164,63,433
165,63,35
166,63,277
167,63,838
168,63,961
169,63,531
170,63,462
171,63,473
172,63,298
173,63,165
174,63,865
175,63,854
176,63,115
177,63,663
178,63,878
179,63,326
180,63,1003
181,63,921
182,63,809
183,63,988
184,63,261
185,63,597
186,63,843
187,63,20
188,63,256
189,63,743
190,63,437
191,63,525
192,63,237
193,63,970
194,63,580
195,63,938
196,63,490
197,63,957
198,63,313
199,63,309
200,63,410
201,63,981
202,63,980
203,63,962
204,63,80
205,63,414
206,63,709
207,63,201
208,63,571
209,63,914
210,63,218
211,63,667
212,63,960
213,63,135
214,63,179
215,63,161
216,63,916
217,63,772
218,63,566
219,63,929
220,63,953
221,63,77
222,63,156
223,63,753
224,63,787
225,63,610
226,63,972
227,63,1020
228,63,171
229,63,908
230,63,251
231,63,27
232,63,36
233,63,184
234,63,857
235,63,219
236,63,92
237,63,157
238,63,996
239,63,421
240,63,205
241,63,494
242,63,58
243,63,794
244,63,532
245,63,989
246,63,777
247,63,393
248,63,112
249,63,318
250,63,373
251,63,982
252,63,700
253,63,88
254,63,148
255,63,160
256,63,345
257,63,976
258,63,5
259,63,965
260,63,34
261,63,646
262,63,763
263,63,509
264,63,827
265,63,429
266,63,127
267,63,235
268,63,9
269,63,627
270,63,390
271,63,555
272,63,350
273,63,223
274,63,549
275,63,214
276,63,226
277,63,545
278,63,503
279,63,797
280,63,951
281,63,294
282,63,216
283,63,869
284,63,193
285,63,204
286,63,930
287,63,697
288,63,842
289,63,515
290,63,213
291,63,202
292,63,656
293,63,140
294,63,541
295,63,630
296,63,392
297,63,535
298,63,241
299,63,93
300,63,454
301,63,739
302,63,41
303,63,662
304,63,511
305,63,12
306,63,821
307,63,386
308,63,379
309,63,420
310,63,725
311,63,527
312,63,315
313,63,333
314,63,837
315,63,813
316,63,119
317,63,424
318,63,668
319,63,728
320,63,959
321,63,632
322,63,992
323,63,496
324,63,8
325,63,197
326,63,381
327,63,658
328,63,132
329,63,925
330,63,110
331,63,285
332,63,894
333,63,689
334,63,792
335,63,369
336,63,228
337,63,236
338,63,70
339,63,701
340,63,947
341,63,699
342,63,464
343,63,6
344,63,54
345,63,1005
346,63,856
347,63,31
348,63,737
349,63,944
350,63,570
351,63,51
352,63,912
353,63,325
354,63,442
355,63,707
356,63,991
357,63,799
358,63,552
359,63,499
360,63,453
361,63,460
362,63,1012
363,63,147
364,63,1018
365,63,893
366,63,864
367,63,85
368,63,681
369,63,164
370,63,162
371,63,922
372,63,106
373,63,451
374,63,45
375,63,826
376,63,751
377,63,544
378,63,849
379,63,834
380,63,559
381,63,355
382,63,673
383,63,664
384,63,682
385,63,305
386,63,568
387,63,828
388,63,892
389,63,776
390,63,343
391,63,895
392,63,920
393,63,875
394,63,862
395,63,286
396,63,43
397,63,523
398,63,349
399,63,245
0,64,301
1,64,150
2,64,30
3,64,683
4,64,443
5,64,954
6,64,1006
7,64,669
8,64,311
9,64,463
10,64,557
11,64,105
12,64,186
13,64,786
14,64,698
15,64,618
16,64,784
17,64,1008
18,64,520
19,64,185
20,64,710
21,64,0
22,64,554
23,64,230
24,64,713
25,64,246
26,64,155
27,64,287
28,64,901
29,64,142
30,64,304
31,64,492
32,64,1013
33,64,48
34,64,643
35,64,149
36,64,440
37,64,380
38,64,906
39,64,717
40,64,997
41,64,603
42,64,665
43,64,107
44,64,67
45,64,867
46,64,911
47,64,39
48,64,540
49,64,767
50,64,524
51,64,915
52,64,783
53,64,487
54,64,933
55,64,1002
56,64,537
57,64,266
58,64,474
59,64,362
60,64,839
61,64,476
62,64,919
63,64,847
64,64,775
65,64,521
66,64,584
67,64,877
68,64,432
69,64,749
70,64,650
71,64,363
72,64,649
73,64,1010
74,64,215
75,64,506
76,64,616
77,64,297
78,64,548
79,64,779
80,64,891
81,64,755
82,64,356
83,64,99
84,64,283
85,64,538
86,64,983
87,64,187
88,64,966
89,64,686
90,64,973
91,64,170
92,64,814
93,64,220
94,64,890
95,64,887
96,64,252
97,64,883
98,64,435
99,64,617
100,64,924
101,64,770
102,64,560
103,64,652
104,64,539
105,64,614
106,64,137
107,64,267
108,64,239
109,64,654
110,64,81
111,64,449
112,64,60
113,64,790
114,64,434
115,64,450
116,64,62
117,64,44
118,64,101
119,64,606
120,64,868
121,64,431
122,64,730
123,64,748
124,64,176
125,64,334
126,64,102
127,64,516
128,64,375
129,64,264
130,64,812
131,64,985
132,64,16
133,64,518
134,64,619
135,64,47
136,64,224
137,64,978
138,64,482
139,64,243
140,64,250
141,64,724
142,64,607
143,64,114
144,64,173
145,64,723
146,64,852
147,64,242
148,64,190
149,64,96
150,64,955
151,64,550
152,64,534
153,64,319
154,64,75
155,64,695
156,64,11
157,64,952
158,64,635
159,64,754
160,64,104
161,64,504
162,64,120
163,64,98
164,64,433
165,64,35
166,64,277
167,64,838
168,64,961
169,64,531
170,64,462
171,64,473
172,64,298
173,64,165
174,64,865
175,64,854
176,64,115
177,64,663
178,64,878
179,64,326
180,64,1003
181,64,921
182,64,809
183,64,988
184,64,261
185,64,597
186,64,843
187,64,20
188,64,256
189,64,743
190,64,437
191,64,525
192,64,237
193,64,970
194,64,580
195,64,938
196,64,490
197,64,957
198,64,313
199,64,309
200,64,410
201,64,981
202,64,980
203,64,962
204,64,80
205,64,414
206,64,709
207,64,201
208,64,571
209,64,914
210,64,218
211,64,667
212,64,960
213,64,135
214,64,179
215,64,161
216,64,916
217,64,772
218,64,566
219,64,929
220,64,953
221,64,77
222,64,156
223,64,753
224,64,787
225,64,610
226,64,972
227,64,1020
228,64,171
229,64,908
230,64,251
231,64,27
232,64,36
233,64,184
234,64,857
235,64,219
236,64,93
237,64,157
238,64,996
239,64,421
240,64,205
241,64,494
242,64,58
243,64,794
244,64,532
245,64,989
246,64,777
247,64,393
248,64,112
249,64,318
250,64,373
251,64,982
252,64,700
253,64,88
254,64,148
255,64,160
256,64,345
257,64,944
258,64,5
259,64,965
260,64,34
261,64,646
262,64,763
263,64,509
264,64,827
265,64,429
266,64,127
267,64,235
268,64,9
269,64,627
270,64,390
271,64,555
272,64,350
273,64,223
274,64,549
275,64,214
276,64,226
277,64,545
278,64,503
279,64,797
280,64,951
281,64,294
282,64,216
283,64,869
284,64,193
285,64,204
286,64,930
287,64,697
288,64,842
289,64,515
290,64,213
291,64,202
292,64,656
293,64,140
294,64,541
295,64,630
296,64,392
297,64,535
298,64,241
299,64,61
300,64,454
301,64,739
302,64,41
303,64,662
304,64,511
305,64,12
306,64,821
307,64,386
308,64,379
309,64,420
310,64,725
311,64,527
312,64,315
313,64,333
314,64,837
315,64,813
316,64,119
317,64,424
318,64,668
319,64,728
320,64,959
321,64,632
322,64,992
323,64,496
324,64,8
325,64,197
326,64,381
327,64,658
328,64,132
329,64,925
330,64,110
331,64,285
332,64,894
333,64,689
334,64,792
335,64,369
336,64,228
337,64,236
338,64,70
339,64,701
340,64,947
341,64,699
342,64,464
343,64,38
344,64,54
345,64,1005
346,64,856
347,64,31
348,64,737
349,64,912
350,64,570
351,64,51
352,64,880
353,64,325
354,64,442
355,64,707
356,64,991
357,64,799
358,64,552
359,64,499
360,64,453
361,64,460
362,64,1012
363,64,147
364,64,1018
365,64,893
366,64,864
367,64,85
368,64,681
369,64,164
370,64,162
371,64,922
372,64,106
373,64,451
374,64,45
375,64,826
376,64,751
377,64,544
378,64,849
379,64,834
380,64,559
381,64,355
382,64,673
383,64,664
384,64,682
385,64,305
386,64,568
387,64,828
388,64,892
389,64,776
390,64,343
391,64,895
392,64,920
393,64,875
394,64,862
395,64,286
396,64,43
397,64,523
398,64,349
399,64,245
0,65,301
1,65,150
2,65,30
3,65,683
4,65,443
5,65,954
6,65,1006
7,65,669
8,65,311
9,65,463
10,65,557
11,65,105
12,65,154
13,65,785
14,65,698
15,65,618
16,65,784
17,65,1008
18,65,520
19,65,185
20,65,710
21,65,0
22,65,554
23,65,230
24,65,713
25,65,246
26,65,155
27,65,287
28,65,901
29,65,142
30,65,304
31,65,492
32,65,1013
33,65,48
34,65,643
35,65,149
36,65,440
37,65,380
38,65,906
39,65,717
40,65,997
41,65,603
42,65,665
43,65,107
44,65,67
45,65,867
46,65,911
47,65,39
48,65,540
49,65,767
50,65,524
51,65,915
52,65,783
53,65,487
54,65,933
55,65,1002
56,65,537
57,65,266
58,65,474
59,65,362
60,65,839
61,65,476
62,65,919
63,65,847
64,65,775
65,65,521
66,65,584
67,65,877
68,65,432
69,65,749
70,65,650
71,65,363
72,65,649
73,65,1010
74,65,215
75,65,506
76,65,616
77,65,297
78,65,516
79,65,779
80,65,891
81,65,755
82,65,356
83,65,99
84,65,283
85,65,538
86,65,983
87,65,186
88,65,966
89,65,686
90,65,973
91,65,170
92,65,814
93,65,220
94,65,890
95,65,887
96,65,252
97,65,883
98,65,435
99,65,617
100,65,924
101,65,770
102,65,560
103,65,652
104,65,539
105,65,614
106,65,137
107,65,267
108,65,239
109,65,654
110,65,81
111,65,449
112,65,60
113,65,790
114,65,434
115,65,450
116,65,62
117,65,44
118,65,101
119,65,606
120,65,868
121,65,431
122,65,730
123,65,748
124,65,176
125,65,334
126,65,102
127,65,484
128,65,375
129,65,264
130,65,812
131,65,985
132,65,16
133,65,518
134,65,619
135,65,47
136,65,224
137,65,978
138,65,482
139,65,243
140,65,250
141,65,724
142,65,607
143,65,114
144,65,173
145,65,723
146,65,852
147,65,242
148,65,190
149,65,96
150,65,955
151,65,550
152,65,534
153,65,319
154,65,75
155,65,695
156,65,11
157,65,952
158,65,635
159,65,786
160,65,104
161,65,504
162,65,120
163,65,98
164,65,433
165,65,35
166,65,277
167,65,838
168,65,961
169,65,531
170,65,462
171,65,473
172,65,298
173,65,165
174,65,865
175,65,854
176,65,115
177,65,663
178,65,878
179,65,326
180,65,1003
181,65,921
182,65,809
183,65,988
184,65,261
185,65,597
186,65,843
187,65,20
188,65,256
189,65,743
190,65,437
191,65,525
192,65,237
193,65,970
194,65,580
195,65,938
196,65,490
197,65,957
198,65,313
199,65,309
200,65,410
201,65,981
202,65,980
203,65,962
204,65,80
205,65,414
206,65,709
207,65,201
208,65,571
209,65,914
210,65,218
211,65,667
212,65,960
213,65,135
214,65,179
215,65,161
216,65,916
217,65,772
218,65,566
219,65,929
220,65,953
221,65,77
222,65,156
223,65,753
224,65,787
225,65,610
226,65,972
227,65,1020
228,65,171
229,65,908
230,65,251
231,65,27
232,65,36
233,65,184
234,65,857
235,65,219
236,65,61
237,65,157
238,65,996
239,65,421
240,65,205
241,65,494
242,65,58
243,65,794
244,65,532
245,65,989
246,65,777
247,65,393
248,65,112
249,65,318
250,65,373
251,65,982
252,65,700
253,65,88
254,65,148
255,65,160
256,65,345
257,65,976
258,65,5
259,65,965
260,65,34
261,65,646
262,65,763
263,65,509
264,65,827
265,65,429
266,65,127
267,65,235
268,65,9
269,65,627
270,65,390
271,65,555
272,65,350
273,65,223
274,65,549
275,65,214
276,65,226
277,65,545
278,65,503
279,65,797
280,65,951
281,65,294
282,65,216
283,65,869
284,65,193
285,65,204
286,65,930
287,65,697
288,65,842
289,65,515
290,65,213
291,65,202
292,65,656
293,65,140
294,65,541
295,65,630
296,65,392
297,65,535
298,65,241
299,65,29
300,65,454
301,65,739
302,65,41
303,65,662
304,65,511
305,65,12
306,65,821
307,65,386
308,65,379
309,65,420
310,65,725
311,65,527
312,65,315
313,65,333
314,65,837
315,65,813
316,65,119
317,65,424
318,65,668
319,65,728
320,65,959
321,65,632
322,65,992
323,65,496
324,65,8
325,65,197
326,65,381
327,65,658
328,65,132
329,65,925
330,65,110
331,65,285
332,65,894
333,65,689
334,65,792
335,65,369
336,65,228
337,65,236
338,65,70
339,65,701
340,65,947
341,65,699
342,65,464
343,65,38
344,65,54
345,65,1005
346,65,856
347,65,31
348,65,737
349,65,944
350,65,570
351,65,51
352,65,912
353,65,325
354,65,442
355,65,707
356,65,991
357,65,799
358,65,552
359,65,499
360,65,453
361,65,460
362,65,1012
363,65,147
364,65,1018
365,65,893
366,65,864
367,65,85
368,65,681
369,65,164
370,65,162
371,65,922
372,65,106
373,65,451
374,65,45
375,65,826
376,65,751
377,65,544
378,65,849
379,65,834
380,65,559
381,65,355
382,65,673
383,65,664
384,65,682
385,65,305
386,65,568
387,65,828
388,65,892
389,65,776
390,65,343
391,65,895
392,65,920
393,65,875
394,65,862
395,65,286
396,65,43
397,65,523
398,65,349
399,65,245
0,66,301
1,66,150
2,66,30
3,66,683
4,66,443
5,66,954
6,66,1006
7,66,669
8,66,311
9,66,463
10,66,557
11,66,105
12,66,186
13,66,817
14,66,698
15,66,618
16,66,784
17,66,1008
18,66,520
19,66,185
20,66,710
21,66,0
22,66,554
23,66,230
24,66,713
25,66,246
26,66,155
27,66,287
28,66,901
29,66,142
30,66,304
31,66,492
32,66,1013
33,66,48
34,66,643
35,66,149
36,66,440
37,66,380
38,66,906
39,66,717
40,66,997
41,66,603
42,66,665
43,66,107
44,66,67
45,66,867
46,66,911
47,66,38
48,66,540
49,66,767
50,66,524
51,66,915
52,66,783
53,66,487
54,66,933
55,66,1002
56,66,537
57,66,266
58,66,474
59,66,362
60,66,839
61,66,476
62,66,919
63,66,847
64,66,775
65,66,521
66,66,584
67,66,877
68,66,432
69,66,749
70,66,650
71,66,363
72,66,649
73,66,1010
74,66,215
75,66,506
76,66,616
77,66,297
78,66,484
79,66,779
80,66,891
81,66,755
82,66,356
83,66,99
84,66,283
85,66,538
86,66,983
87,66,187
88,66,966
89,66,686
90,66,973
91,66,170
92,66,814
93,66,220
94,66,890
95,66,887
96,66,252
97,66,883
98,66,435
99,66,617
100,66,924
101,66,770
102,66,560
103,66,652
104,66,539
105,66,614
106,66,137
107,66,267
108,66,239
109,66,654
110,66,81
111,66,449
112,66,60
113,66,790
114,66,434
115,66,450
116,66,62
117,66,44
118,66,101
119,66,606
120,66,868
121,66,431
122,66,730
123,66,748
124,66,176
125,66,334
126,66,102
127,66,485
128,66,375
129,66,264
130,66,812
131,66,985
132,66,16
133,66,518
134,66,619
135,66,47
136,66,224
137,66,978
138,66,482
139,66,243
140,66,250
141,66,724
142,66,607
143,66,114
144,66,173
145,66,723
146,66,852
147,66,242
148,66,190
149,66,96
150,66,955
151,66,550
152,66,534
153,66,319
154,66,75
155,66,695
156,66,11
157,66,952
158,66,635
159,66,785
160,66,104
161,66,504
162,66,120
163,66,98
164,66,433
165,66,35
166,66,277
167,66,838
168,66,961
169,66,531
170,66,462
171,66,473
172,66,298
173,66,165
174,66,865
175,66,854
176,66,115
177,66,663
178,66,878
179,66,326
180,66,1003
181,66,921
182,66,809
183,66,988
184,66,261
185,66,597
186,66,843
187,66,20
188,66,256
189,66,743
190,66,437
191,66,525
192,66,237
193,66,970
194,66,580
195,66,938
196,66,490
197,66,957
198,66,313
199,66,309
200,66,410
201,66,981
202,66,980
203,66,962
204,66,80
205,66,414
206,66,709
207,66,201
208,66,571
209,66,914
210,66,218
211,66,667
212,66,960
213,66,135
214,66,179
215,66,161
216,66,916
217,66,772
218,66,566
219,66,929
220,66,953
221,66,77
222,66,156
223,66,753
224,66,787
225,66,610
226,66,972
227,66,1020
228,66,171
229,66,908
230,66,251
231,66,27
232,66,36
233,66,184
234,66,857
235,66,219
236,66,29
237,66,157
238,66,996
239,66,421
240,66,205
241,66,494
242,66,58
243,66,794
244,66,532
245,66,989
246,66,777
247,66,393
248,66,112
249,66,318
250,66,373
251,66,982
252,66,700
253,66,88
254,66,148
255,66,160
256,66,345
257,66,977
258,66,5
259,66,965
260,66,34
261,66,646
262,66,763
263,66,509
264,66,827
265,66,429
266,66,127
267,66,235
268,66,9
269,66,627
270,66,390
271,66,555
272,66,350
273,66,223
274,66,549
275,66,214
276,66,226
277,66,545
278,66,503
279,66,797
280,66,951
281,66,294
282,66,216
283,66,869
284,66,193
285,66,204
286,66,930
287,66,697
288,66,842
289,66,515
290,66,213
291,66,202
292,66,656
293,66,140
294,66,541
295,66,630
296,66,392
297,66,535
298,66,241
299,66,28
300,66,454
301,66,739
302,66,41
303,66,662
304,66,511
305,66,12
306,66,821
307,66,386
308,66,379
309,66,420
310,66,725
311,66,527
312,66,315
313,66,333
314,66,837
315,66,813
316,66,119
317,66,424
318,66,668
319,66,728
320,66,959
321,66,632
322,66,992
323,66,496
324,66,8
325,66,197
326,66,381
327,66,658
328,66,132
329,66,925
330,66,110
331,66,285
332,66,894
333,66,689
334,66,792
335,66,369
336,66,228
337,66,236
338,66,70
339,66,701
340,66,947
341,66,699
342,66,464
343,66,6
344,66,54
345,66,1005
346,66,856
347,66,31
348,66,737
349,66,976
350,66,570
351,66,51
352,66,912
353,66,325
354,66,442
355,66,707
356,66,991
357,66,799
358,66,552
359,66,499
360,66,453
361,66,460
362,66,1012
363,66,147
364,66,1018
365,66,893
366,66,864
367,66,85
368,66,681
369,66,164
370,66,162
371,66,922
372,66,106
373,66,451
374,66,45
375,66,826
376,66,751
377,66,544
378,66,849
379,66,834
380,66,559
381,66,355
382,66,673
383,66,664
384,66,682
385,66,305
386,66,568
387,66,828
388,66,892
389,66,776
390,66,343
391,66,895
392,66,920
393,66,875
394,66,862
395,66,286
396,66,43
397,66,523
398,66,349
399,66,245
0,67,301
1,67,150
2,67,30
3,67,683
4,67,443
5,67,954
6,67,1006
7,67,669
8,67,311
9,67,463
10,67,557
11,67,105
12,67,187
13,67,785
14,67,698
15,67,618
16,67,784
17,67,1008
18,67,520
19,67,185
20,67,710
21,67,0
22,67,554
23,67,230
24,67,713
25,67,246
26,67,154
27,67,287
28,67,901
29,67,142
30,67,304
31,67,492
32,67,1013
33,67,48
34,67,643
35,67,149
36,67,440
37,67,380
38,67,906
39,67,717
40,67,997
41,67,603
42,67,665
43,67,107
44,67,67
45,67,867
46,67,911
47,67,39
48,67,540
49,67,767
50,67,524
51,67,915
52,67,783
53,67,487
54,67,933
55,67,1002
56,67,537
57,67,266
58,67,474
59,67,362
60,67,839
61,67,476
62,67,919
63,67,847
64,67,775
65,67,521
66,67,584
67,67,877
68,67,432
69,67,749
70,67,650
71,67,363
72,67,649
73,67,1010
74,67,215
75,67,506
76,67,616
77,67,297
78,67,516
79,67,779
80,67,891
81,67,755
82,67,356
83,67,99
84,67,283
85,67,538
86,67,983
87,67,155
88,67,966
89,67,686
90,67,973
91,67,170
92,67,814
93,67,220
94,67,890
95,67,887
96,67,252
97,67,883
98,67,435
99,67,617
100,67,924
101,67,770
102,67,560
103,67,652
104,67,539
105,67,614
106,67,137
107,67,267
108,67,239
109,67,654
110,67,81
111,67,449
112,67,60
113,67,790
114,67,434
115,67,450
116,67,62
117,67,44
118,67,101
119,67,606
120,67,868
121,67,431
122,67,730
123,67,748
124,67,176
125,67,334
126,67,102
127,67,484
128,67,375
129,67,264
130,67,812
131,67,985
132,67,16
133,67,518
134,67,619
135,67,47
136,67,224
137,67,978
138,67,482
139,67,243
140,67,250
141,67,724
142,67,607
143,67,114
144,67,173
145,67,723
146,67,852
147,67,242
148,67,190
149,67,96
150,67,955
151,67,550
152,67,534
153,67,319
154,67,75
155,67,695
156,67,11
157,67,952
158,67,635
159,67,786
160,67,104
161,67,504
162,67,120
163,67,98
164,67,433
165,67,35
166,67,277
167,67,838
168,67,961
169,67,531
170,67,462
171,67,473
172,67,298
173,67,165
174,67,865
175,67,854
176,67,115
177,67,663
178,67,878
179,67,326
180,67,1003
181,67,921
182,67,809
183,67,988
184,67,261
185,67,597
186,67,843
187,67,20
188,67,256
189,67,743
190,67,437
191,67,525
192,67,237
193,67,970
194,67,580
195,67,938
196,67,490
197,67,957
198,67,313
199,67,309
200,67,410
201,67,981
202,67,980
203,67,962
204,67,80
205,67,414
206,67,709
207,67,201
208,67,571
209,67,914
210,67,218
211,67,667
212,67,960
213,67,135
214,67,179
215,67,161
216,67,916
217,67,772
218,67,566
219,67,929
220,67,953
221,67,77
222,67,156
223,67,753
224,67,787
225,67,610
226,67,972
227,67,1020
228,67,171
229,67,908
230,67,251
231,67,27
232,67,36
233,67,184
234,67,857
235,67,219
236,67,61
237,67,157
238,67,996
239,67,421
240,67,205
241,67,494
242,67,58
243,67,794
244,67,532
245,67,989
246,67,777
247,67,393
248,67,112
249,67,318
250,67,373
251,67,982
252,67,700
253,67,88
254,67,148
255,67,160
256,67,345
257,67,976
258,67,5
259,67,965
260,67,34
261,67,646
262,67,763
263,67,509
264,67,827
265,67,429
266,67,127
267,67,235
268,67,9
269,67,627
270,67,390
271,67,555
272,67,350
273,67,223
274,67,549
275,67,214
276,67,226
277,67,545
278,67,503
279,67,797
280,67,951
281,67,294
282,67,216
283,67,869
284,67,193
285,67,204
286,67,930
287,67,697
288,67,842
289,67,515
290,67,213
291,67,202
292,67,656
293,67,140
294,67,541
295,67,630
296,67,392
297,67,535
298,67,241
299,67,29
300,67,454
301,67,739
302,67,41
303,67,662
304,67,511
305,67,12
306,67,821
307,67,386
308,67,379
309,67,420
310,67,725
311,67,527
312,67,315
313,67,333
314,67,837
315,67,813
316,67,119
317,67,424
318,67,668
319,67,728
320,67,959
321,67,632
322,67,992
323,67,496
324,67,8
325,67,197
326,67,381
327,67,658
328,67,132
329,67,925
330,67,110
331,67,285
332,67,894
333,67,689
334,67,792
335,67,369
336,67,228
337,67,236
338,67,70
339,67,701
340,67,947
341,67,699
342,67,464
343,67,38
344,67,54
345,67,1005
346,67,856
347,67,31
348,67,737
349,67,944
350,67,570
351,67,51
352,67,912
353,67,325
354,67,442
355,67,707
356,67,991
357,67,799
358,67,552
359,67,499
360,67,453
361,67,460
362,67,1012
363,67,147
364,67,1018
365,67,893
366,67,864
367,67,85
368,67,681
369,67,164
370,67,162
371,67,922
372,67,106
373,67,451
374,67,45
375,67,826
376,67,751
377,67,544
378,67,849
379,67,834
380,67,559
381,67,355
382,67,673
383,67,664
384,67,682
385,67,305
386,67,568
387,67,828
388,67,892
389,67,776
390,67,343
391,67,895
392,67,920
393,67,875
394,67,862
395,67,286
396,67,43
397,67,523
398,67,349
399,67,245
0,68,301
1,68,150
2,68,30
3,68,683
4,68,443
5,68,954
6,68,1006
7,68,669
8,68,311
9,68,463
10,68,557
11,68,105
12,68,186
13,68,786
14,68,698
15,68,618
16,68,784
17,68,1008
18,68,520
19,68,185
20,68,710
21,68,0
22,68,554
23,68,230
24,68,713
25,68,246
26,68,155
27,68,287
28,68,901
29,68,142
30,68,304
31,68,492
32,68,1013
33,68,48
34,68,643
35,68,149
36,68,440
37,68,380
38,68,906
39,68,717
40,68,997
41,68,603
42,68,665
43,68,107
44,68,67
45,68,867
46,68,911
47,68,38
48,68,540
49,68,767
50,68,524
51,68,915
52,68,783
53,68,487
54,68,933
55,68,1002
56,68,537
57,68,266
58,68,474
59,68,362
60,68,839
61,68,476
62,68,919
63,68,847
64,68,775
65,68,521
66,68,584
67,68,877
68,68,432
69,68,749
70,68,650
71,68,363
72,68,649
73,68,1010
74,68,215
75,68,506
76,68,616
77,68,297
78,68,548
79,68,779
80,68,891
81,68,755
82,68,356
83,68,99
84,68,283
85,68,538
86,68,983
87,68,187
88,68,966
89,68,686
90,68,973
91,68,170
92,68,814
93,68,220
94,68,890
95,68,887
96,68,252
97,68,883
98,68,435
99,68,617
100,68,924
101,68,770
102,68,560
103,68,652
104,68,539
105,68,614
106,68,137
107,68,267
108,68,239
109,68,654
110,68,81
111,68,449
112,68,60
113,68,790
114,68,434
115,68,450
116,68,62
117,68,44
118,68,101
119,68,606
120,68,868
121,68,431
122,68,730
123,68,748
124,68,176
125,68,334
126,68,102
127,68,516
128,68,375
129,68,264
130,68,812
131,68,985
132,68,16
133,68,518
134,68,619
135,68,47
136,68,224
137,68,978
138,68,482
139,68,243
140,68,250
141,68,724
142,68,607
143,68,114
144,68,173
145,68,723
146,68,852
147,68,242
148,68,190
149,68,96
150,68,955
151,68,550
152,68,534
153,68,319
154,68,75
155,68,695
156,68,11
157,68,952
158,68,635
159,68,754
160,68,104
161,68,504
162,68,120
163,68,98
164,68,433
165,68,35
166,68,277
167,68,838
168,68,961
169,68,531
170,68,462
171,68,473
172,68,298
173,68,165
174,68,865
175,68,854
176,68,115
177,68,663
178,68,878
179,68,326
180,68,1003
181,68,921
182,68,809
183,68,988
184,68,261
185,68,597
186,68,843
187,68,20
188,68,256
189,68,743
190,68,437
191,68,525
192,68,237
193,68,970
194,68,580
195,68,938
196,68,490
197,68,957
198,68,313
199,68,309
200,68,410
201,68,981
202,68,980
203,68,962
204,68,80
205,68,414
206,68,709
207,68,201
208,68,571
209,68,914
210,68,218
211,68,667
212,68,960
213,68,135
214,68,179
215,68,161
216,68,916
217,68,772
218,68,566
219,68,929
220,68,953
221,68,77
222,68,156
223,68,753
224,68,787
225,68,610
226,68,972
227,68,1020
228,68,171
229,68,908
230,68,251
231,68,27
232,68,36
233,68,184
234,68,857
235,68,219
236,68,93
237,68,157
238,68,996
239,68,421
240,68,205
241,68,494
242,68,58
243,68,794
244,68,532
245,68,989
246,68,777
247,68,393
248,68,112
249,68,318
250,68,373
251,68,982
252,68,700
253,68,88
254,68,148
255,68,160
256,68,345
257,68,944
258,68,5
259,68,965
260,68,34
261,68,646
262,68,763
263,68,509
264,68,827
265,68,429
266,68,127
267,68,235
268,68,9
269,68,627
270,68,390
271,68,555
272,68,350
273,68,223
274,68,549
275,68,214
276,68,226
277,68,545
278,68,503
279,68,797
280,68,951
281,68,294
282,68,216
283,68,869
284,68,193
285,68,204
286,68,930
287,68,697
288,68,842
289,68,515
290,68,213
291,68,202
292,68,656
293,68,140
294,68,541
295,68,630
296,68,392
297,68,535
298,68,241
299,68,61
300,68,454
301,68,739
302,68,41
303,68,662
304,68,511
305,68,12
306,68,821
307,68,386
308,68,379
309,68,420
310,68,725
311,68,527
312,68,315
313,68,333
314,68,837
315,68,813
316,68,119
317,68,424
318,68,668
319,68,728
320,68,959
321,68,632
322,68,992
323,68,496
324,68,8
325,68,197
326,68,381
327,68,658
328,68,132
329,68,925
330,68,110
331,68,285
332,68,894
333,68,689
334,68,792
335,68,369
336,68,228
337,68,236
338,68,70
339,68,701
340,68,947
341,68,699
342,68,464
343,68,6
344,68,54
345,68,1005
346,68,856
347,68,31
348,68,737
349,68,912
350,68,570
351,68,51
352,68,880
353,68,325
354,68,442
355,68,707
356,68,991
357,68,799
358,68,552
359,68,499
360,68,453
361,68,460
362,68,1012
363,68,147
364,68,1018
365,68,893
366,68,864
367,68,85
368,68,681
369,68,164
370,68,162
371,68,922
372,68,106
373,68,451
374,68,45
375,68,826
376,68,751
377,68,544
378,68,849
379,68,834
380,68,559
381,68,355
382,68,673
383,68,664
384,68,682
385,68,305
386,68,568
387,68,828
388,68,892
389,68,776
390,68,343
391,68,895
392,68,920
393,68,875
394,68,862
395,68,286
396,68,43
397,68,523
398,68,349
399,68,245
0,69,301
1,69,150
2,69,30
3,69,683
4,69,443
5,69,954
6,69,1006
7,69,669
8,69,311
9,69,463
10,69,557
11,69,105
12,69,154
13,69,785
14,69,698
15,69,618
16,69,784
17,69,1008
18,69,520
19,69,185
20,69,710
21,69,0
22,69,554
23,69,230
24,69,713
25,69,246
26,69,155
27,69,287
28,69,901
29,69,142
30,69,304
31,69,492
32,69,1013
33,69,48
34,69,643
35,69,149
36,69,440
37,69,380
38,69,906
39,69,717
40,69,997
41,69,603
42,69,665
43,69,107
44,69,67
45,69,867
46,69,911
47,69,39
48,69,540
49,69,767
50,69,524
51,69,915
52,69,783
53,69,487
54,69,933
55,69,1002
56,69,537
57,69,266
58,69,474
59,69,362
60,69,839
61,69,476
62,69,919
63,69,847
64,69,775
65,69,521
66,69,584
67,69,877
68,69,432
69,69,749
70,69,650
71,69,363
72,69,649
73,69,1010
74,69,215
75,69,506
76,69,616
77,69,297
78,69,516
79,69,779
80,69,891
81,69,755
82,69,356
83,69,99
84,69,283
85,69,538
86,69,983
87,69,186
88,69,966
89,69,686
90,69,973
91,69,170
92,69,814
93,69,220
94,69,890
95,69,887
96,69,252
97,69,883
98,69,435
99,69,617
100,69,924
101,69,770
102,69,560
103,69,652
104,69,539
105,69,614
106,69,137
107,69,267
108,69,239
109,69,654
110,69,81
111,69,449
112,69,60
113,69,790
114,69,434
115,69,450
116,69,62
117,69,44
118,69,101
119,69,606
120,69,868
121,69,431
122,69,730
123,69,748
124,69,176
125,69,334
126,69,102
127,69,484
128,69,375
129,69,264
130,69,812
131,69,985
132,69,16
133,69,518
134,69,619
135,69,47
136,69,224
137,69,978
138,69,482
139,69,243
140,69,250
141,69,724
142,69,607
143,69,114
144,69,173
145,69,723
146,69,852
147,69,242
148,69,190
149,69,96
150,69,955
151,69,550
152,69,534
153,69,319
154,69,75
155,69,695
156,69,11
157,69,952
158,69,635
159,69,786
160,69,104
161,69,504
162,69,120
163,69,98
164,69,433
165,69,35
166,69,277
167,69,838
168,69,961
169,69,531
170,69,462
171,69,473
172,69,298
173,69,165
174,69,865
175,69,854
176,69,115
177,69,663
178,69,878
179,69,326
180,69,1003
181,69,921
182,69,809
183,69,988
184,69,261
185,69,597
186,69,843
187,69,20
188,69,256
189,69,743
190,69,437
191,69,525
192,69,237
193,69,970
194,69,580
195,69,938
196,69,490
197,69,957
198,69,313
199,69,309
200,69,410
201,69,981
202,69,980
203,69,962
204,69,80
205,69,414
206,69,709
207,69,201
208,69,571
209,69,914
210,69,218
211,69,667
212,69,960
213,69,135
214,69,179
215,69,161
216,69,916
217,69,772
218,69,566
219,69,929
220,69,953
221,69,77
222,69,156
223,69,753
224,69,787
225,69,610
226,69,972
227,69,1020
228,69,171
229,69,908
230,69,251
231,69,27
232,69,36
233,69,184
234,69,857
235,69,219
236,69,92
237,69,157
238,69,996
239,69,421
240,69,205
241,69,494
242,69,58
243,69,794
244,69,532
245,69,989
246,69,777
247,69,393
248,69,112
249,69,318
250,69,373
251,69,982
252,69,700
253,69,88
254,69,148
255,69,160
256,69,345
257,69,976
258,69,5
259,69,965
260,69,34
261,69,646
262,69,763
263,69,509
264,69,827
265,69,429
266,69,127
267,69,235
268,69,9
269,69,627
270,69,390
271,69,555
272,69,350
273,69,223
274,69,549
275,69,214
276,69,226
277,69,545
278,69,503
279,69,797
280,69,951
281,69,294
282,69,216
283,69,869
284,69,193
285,69,204
286,69,930
287,69,697
288,69,842
289,69,515
290,69,213
291,69,202
292,69,656
293,69,140
294,69,541
295,69,630
296,69,392
297,69,535
298,69,241
299,69,93
300,69,454
301,69,739
302,69,41
303,69,662
304,69,511
305,69,12
306,69,821
307,69,386
308,69,379
309,69,420
310,69,725
311,69,527
312,69,315
313,69,333
314,69,837
315,69,813
316,69,119
317,69,424
318,69,668
319,69,728
320,69,959
321,69,632
322,69,992
323,69,496
324,69,8
325,69,197
326,69,381
327,69,658
328,69,132
329,69,925
330,69,110
331,69,285
332,69,894
333,69,689
334,69,792
335,69,369
336,69,228
337,69,236
338,69,70
339,69,701
340,69,947
341,69,699
342,69,464
343,69,38
344,69,54
345,69,1005
346,69,856
347,69,31
348,69,737
349,69,944
350,69,570
351,69,51
352,69,912
353,69,325
354,69,442
355,69,707
356,69,991
357,69,799
358,69,552
359,69,499
360,69,453
361,69,460
362,69,1012
363,69,147
364,69,1018
365,69,893
366,69,864
367,69,85
368,69,681
369,69,164
370,69,162
371,69,922
372,69,106
373,69,451
374,69,45
375,69,826
376,69,751
377,69,544
378,69,849
379,69,834
380,69,559
381,69,355
382,69,673
383,69,664
384,69,682
385,69,305
386,69,568
387,69,828
388,69,892
389,69,776
390,69,343
391,69,895
392,69,920
393,69,875
394,69,862
395,69,286
396,69,43
397,69,523
398,69,349
399,69,245
0,70,301
1,70,150
2,70,30
3,70,683
4,70,443
5,70,954
6,70,1006
7,70,669
8,70,311
9,70,463
10,70,557
11,70,105
12,70,186
13,70,817
14,70,698
15,70,618
16,70,784
17,70,1008
18,70,520
19,70,185
20,70,710
21,70,0
22,70,554
23,70,230
24,70,713
25,70,246
26,70,155
27,70,287
28,70,901
29,70,142
30,70,304
31,70,492
32,70,1013
33,70,48
34,70,643
35,70,149
36,70,440
37,70,380
38,70,906
39,70,717
40,70,997
41,70,603
42,70,665
43,70,107
44,70,67
45,70,867
46,70,911
47,70,38
48,70,540
49,70,767
50,70,524
51,70,915
52,70,783
53,70,487
54,70,933
55,70,1002
56,70,537
57,70,266
58,70,474
59,70,362
60,70,839
61,70,476
62,70,919
63,70,847
64,70,775
65,70,521
66,70,584
67,70,877
68,70,432
69,70,749
70,70,650
71,70,363
72,70,649
73,70,1010
74,70,215
75,70,506
76,70,616
77,70,297
78,70,484
79,70,779
80,70,891
81,70,755
82,70,356
83,70,99
84,70,283
85,70,538
86,70,983
87,70,187
88,70,966
89,70,686
90,70,973
91,70,170
92,70,814
93,70,220
94,70,890
95,70,887
96,70,252
97,70,883
98,70,435
99,70,617
100,70,924
101,70,770
102,70,560
103,70,652
104,70,539
105,70,614
106,70,137
107,70,267
108,70,239
109,70,654
110,70,81
111,70,449
112,70,60
113,70,790
114,70,434
115,70,450
116,70,62
117,70,44
118,70,101
119,70,606
120,70,868
121,70,431
122,70,730
123,70,748
124,70,176
125,70,334
126,70,102
127,70,485
128,70,375
129,70,264
130,70,812
131,70,985
132,70,16
133,70,518
134,70,619
135,70,47
136,70,224
137,70,978
138,70,482
139,70,243
140,70,250
141,70,724
142,70,607
143,70,114
144,70,173
145,70,723
146,70,852
147,70,242
148,70,190
149,70,96
150,70,955
151,70,550
152,70,534
153,70,319
154,70,75
155,70,695
156,70,11
157,70,952
158,70,635
159,70,785
160,70,104
161,70,504
162,70,120
163,70,98
164,70,433
165,70,35
166,70,277
167,70,838
168,70,961
169,70,531
170,70,462
171,70,473
172,70,298
173,70,165
174,70,865
175,70,854
176,70,115
177,70,663
178,70,878
179,70,326
180,70,1003
181,70,921
182,70,809
183,70,988
184,70,261
185,70,597
186,70,843
187,70,20
188,70,256
189,70,743
190,70,437
191,70,525
192,70,237
193,70,970
194,70,580
195,70,938
196,70,490
197,70,957
198,70,313
199,70,309
200,70,410
201,70,981
202,70,980
203,70,962
204,70,80
205,70,414
206,70,709
207,70,201
208,70,571
209,70,914
210,70,218
211,70,667
212,70,960
213,70,135
214,70,179
215,70,161
216,70,916
217,70,772
218,70,566
219,70,929
220,70,953
221,70,77
222,70,156
223,70,753
224,70,787
225,70,610
226,70,972
227,70,1020
228,70,171
229,70,908
230,70,251
231,70,27
232,70,36
233,70,184
234,70,857
235,70,219
236,70,93
237,70,157
238,70,996
239,70,421
240,70,205
241,70,494
242,70,58
243,70,794
244,70,532
245,70,989
246,70,777
247,70,393
248,70,112
249,70,318
250,70,373
251,70,982
252,70,700
253,70,88
254,70,148
255,70,160
256,70,345
257,70,977
258,70,5
259,70,965
260,70,34
261,70,646
262,70,763
263,70,509
264,70,827
265,70,429
266,70,127
267,70,235
268,70,9
269,70,627
270,70,390
271,70,555
272,70,350
273,70,223
274,70,549
275,70,214
276,70,226
277,70,545
278,70,503
279,70,797
280,70,951
281,70,294
282,70,216
283,70,869
284,70,193
285,70,204
286,70,930
287,70,697
288,70,842
289,70,515
290,70,213
291,70,202
292,70,656
293,70,140
294,70,541
295,70,630
296,70,392
297,70,535
298,70,241
299,70,61
300,70,454
301,70,739
302,70,41
303,70,662
304,70,511
305,70,12
306,70,821
307,70,386
308,70,379
309,70,420
310,70,725
311,70,527
312,70,315
313,70,333
314,70,837
315,70,813
316,70,119
317,70,424
318,70,668
319,70,728
320,70,959
321,70,632
322,70,992
323,70,496
324,70,8
325,70,197
326,70,381
327,70,658
328,70,132
329,70,925
330,70,110
331,70,285
332,70,894
333,70,689
334,70,792
335,70,369
336,70,228
337,70,236
338,70,70
339,70,701
340,70,947
341,70,699
342,70,464
343,70,6
344,70,54
345,70,1005
346,70,856
347,70,31
348,70,737
349,70,976
350,70,570
351,70,51
352,70,912
353,70,325
354,70,442
355,70,707
356,70,991
357,70,799
358,70,552
359,70,499
360,70,453
361,70,460
362,70,1012
363,70,147
364,70,1018
365,70,893
366,70,864
367,70,85
368,70,681
369,70,164
370,70,162
371,70,922
372,70,106
373,70,451
374,70,45
375,70,826
376,70,751
377,70,544
378,70,849
379,70,834
380,70,559
381,70,355
382,70,673
383,70,664
384,70,682
385,70,305
386,70,568
387,70,828
388,70,892
389,70,776
390,70,343
391,70,895
392,70,920
393,70,875
394,70,862
395,70,286
396,70,43
397,70,523
398,70,349
399,70,245
0,71,301
1,71,150
2,71,30
3,71,683
4,71,443
5,71,954
6,71,1006
7,71,669
8,71,311
9,71,463
10,71,557
11,71,105
12,71,187
13,71,785
14,71,698
15,71,618
16,71,784
17,71,1008
18,71,520
19,71,185
20,71,710
21,71,0
22,71,554
23,71,230
24,71,713
25,71,246
26,71,154
27,71,287
28,71,901
29,71,142
30,71,304
31,71,492
32,71,1013
33,71,48
34,71,643
35,71,149
36,71,440
37,71,380
38,71,906
39,71,717
40,71,997
41,71,603
42,71,665
43,71,107
44,71,67
45,71,867
46,71,911
47,71,37
48,71,540
49,71,767
50,71,524
51,71,915
52,71,783
53,71,487
54,71,933
55,71,1002
56,71,537
57,71,266
58,71,474
59,71,362
60,71,839
61,71,476
62,71,919
63,71,847
64,71,775
65,71,521
66,71,584
67,71,877
68,71,432
69,71,749
70,71,650
71,71,363
72,71,649
73,71,1010
74,71,215
75,71,506
76,71,616
77,71,297
78,71,516
79,71,779
80,71,891
81,71,755
82,71,356
83,71,99
84,71,283
85,71,538
86,71,983
87,71,155
88,71,966
89,71,686
90,71,973
91,71,170
92,71,814
93,71,220
94,71,890
95,71,887
96,71,252
97,71,883
98,71,435
99,71,617
100,71,924
101,71,770
102,71,560
103,71,652
104,71,539
105,71,614
106,71,137
107,71,267
108,71,239
109,71,654
110,71,81
111,71,449
112,71,60
113,71,790
114,71,434
115,71,450
116,71,62
117,71,44
118,71,101
119,71,606
120,71,868
121,71,431
122,71,730
123,71,748
124,71,176
125,71,334
126,71,102
127,71,484
128,71,375
129,71,264
130,71,812
131,71,985
132,71,16
133,71,518
134,71,619
135,71,47
136,71,224
137,71,978
138,71,482
139,71,243
140,71,250
141,71,724
142,71,607
143,71,114
144,71,173
145,71,723
146,71,852
147,71,242
148,71,190
149,71,96
150,71,955
151,71,550
152,71,534
153,71,319
154,71,75
155,71,695
156,71,11
157,71,952
158,71,635
159,71,786
160,71,104
161,71,504
162,71,120
163,71,98
164,71,433
165,71,35
166,71,277
167,71,838
168,71,961
169,71,531
170,71,462
171,71,473
172,71,298
173,71,165
174,71,865
175,71,854
176,71,115
177,71,663
178,71,878
179,71,326
180,71,1003
181,71,921
182,71,809
183,71,988
184,71,261
185,71,597
186,71,843
187,71,20
188,71,256
189,71,743
190,71,437
191,71,525
192,71,237
193,71,970
194,71,580
195,71,938
196,71,490
197,71,957
198,71,313
199,71,309
200,71,410
201,71,981
202,71,980
203,71,962
204,71,80
205,71,414
206,71,709
207,71,201
208,71,571
209,71,914
210,71,218
211,71,667
212,71,960
213,71,135
214,71,179
215,71,161
216,71,916
217,71,772
218,71,566
219,71,929
220,71,953
221,71,77
222,71,156
223,71,753
224,71,787
225,71,610
226,71,972
227,71,1020
228,71,171
229,71,908
230,71,251
231,71,27
232,71,36
233,71,184
234,71,857
235,71,219
236,71,61
237,71,157
238,71,996
239,71,421
240,71,205
241,71,494
242,71,58
243,71,794
244,71,532
245,71,989
246,71,777
247,71,393
248,71,112
249,71,318
250,71,373
251,71,982
252,71,700
253,71,88
254,71,148
255,71,160
256,71,345
257,71,976
258,71,5
259,71,965
260,71,34
261,71,646
262,71,763
263,71,509
264,71,827
265,71,429
266,71,127
267,71,235
268,71,9
269,71,627
270,71,390
271,71,555
272,71,350
273,71,223
274,71,549
275,71,214
276,71,226
277,71,545
278,71,503
279,71,797
280,71,951
281,71,294
282,71,216
283,71,869
284,71,193
285,71,204
286,71,930
287,71,697
288,71,842
289,71,515
290,71,213
291,71,202
292,71,656
293,71,140
294,71,541
295,71,630
296,71,392
297,71,535
298,71,241
299,71,29
300,71,454
301,71,739
302,71,41
303,71,662
304,71,511
305,71,12
306,71,821
307,71,386
308,71,379
309,71,420
310,71,725
311,71,527
312,71,315
313,71,333
314,71,837
315,71,813
316,71,119
317,71,424
318,71,668
319,71,728
320,71,959
321,71,632
322,71,992
323,71,496
324,71,8
325,71,197
326,71,381
327,71,658
328,71,132
329,71,925
330,71,110
331,71,285
332,71,894
333,71,689
334,71,792
335,71,369
336,71,228
337,71,236
338,71,70
339,71,701
340,71,947
341,71,699
342,71,464
343,71,38
344,71,54
345,71,1005
346,71,856
347,71,31
348,71,737
349,71,944
350,71,570
351,71,51
352,71,912
353,71,325
354,71,442
355,71,707
356,71,991
357,71,799
358,71,552
359,71,499
360,71,453
361,71,460
362,71,1012
363,71,147
364,71,1018
365,71,893
366,71,864
367,71,85
368,71,681
369,71,164
370,71,162
371,71,922
372,71,106
373,71,451
374,71,45
375,71,826
376,71,751
377,71,544
378,71,849
379,71,834
380,71,559
381,71,355
382,71,673
383,71,664
384,71,682
385,71,305
386,71,568
387,71,828
388,71,892
389,71,776
390,71,343
391,71,895
392,71,920
393,71,875
394,71,862
395,71,286
396,71,43
397,71,523
398,71,349
399,71,245
0,72,301
1,72,150
2,72,30
3,72,683
4,72,443
5,72,954
6,72,1006
7,72,669
8,72,311
9,72,463
10,72,557
11,72,105
12,72,186
13,72,786
14,72,698
15,72,618
16,72,784
17,72,1008
18,72,520
19,72,185
20,72,710
21,72,0
22,72,554
23,72,230
24,72,713
25,72,246
26,72,155
27,72,287
28,72,901
29,72,142
30,72,304
31,72,492
32,72,1013
33,72,48
34,72,643
35,72,149
36,72,440
37,72,380
38,72,906
39,72,717
40,72,997
41,72,603
42,72,665
43,72,107
44,72,67
45,72,867
46,72,911
47,72,5
48,72,540
49,72,767
50,72,524
51,72,915
52,72,783
53,72,487
54,72,933
55,72,1002
56,72,537
57,72,266
58,72,474
59,72,362
60,72,839
61,72,476
62,72,919
63,72,847
64,72,775
65,72,521
66,72,584
67,72,877
68,72,432
69,72,749
70,72,650
71,72,363
72,72,649
73,72,1010
74,72,215
75,72,506
76,72,616
77,72,297
78,72,548
79,72,779
80,72,891
81,72,755
82,72,356
83,72,99
84,72,283
85,72,538
86,72,983
87,72,187
88,72,966
89,72,686
90,72,973
91,72,170
92,72,814
93,72,220
94,72,890
95,72,887
96,72,252
97,72,883
98,72,435
99,72,617
100,72,924
101,72,770
102,72,560
103,72,652
104,72,539
105,72,614
106,72,137
107,72,267
108,72,239
109,72,654
110,72,81
111,72,449
112,72,60
113,72,790
114,72,434
115,72,450
116,72,62
117,72,44
118,72,101
119,72,606
120,72,868
121,72,431
122,72,730
123,72,748
124,72,176
125,72,334
126,72,102
127,72,516
128,72,375
129,72,264
130,72,812
131,72,985
132,72,16
133,72,518
134,72,619
135,72,47
136,72,224
137,72,978
138,72,482
139,72,243
140,72,250
141,72,724
142,72,607
143,72,114
144,72,173
145,72,723
146,72,852
147,72,242
148,72,190
149,72,96
150,72,955
151,72,550
152,72,534
153,72,319
154,72,75
155,72,695
156,72,11
157,72,952
158,72,635
159,72,754
160,72,104
161,72,504
162,72,120
163,72,98
164,72,433
165,72,35
166,72,277
167,72,838
168,72,961
169,72,531
170,72,462
171,72,473
172,72,298
173,72,165
174,72,865
175,72,854
176,72,115
177,72,663
178,72,878
179,72,326
180,72,1003
181,72,921
182,72,809
183,72,988
184,72,261
185,72,597
186,72,843
187,72,20
188,72,256
189,72,743
190,72,437
191,72,525
192,72,237
193,72,970
194,72,580
195,72,938
196,72,490
197,72,957
198,72,313
199,72,309
200,72,410
201,72,981
202,72,980
203,72,962
204,72,80
205,72,414
206,72,709
207,72,201
208,72,571
209,72,914
210,72,218
211,72,667
212,72,960
213,72,135
214,72,179
215,72,161
216,72,916
217,72,772
218,72,566
219,72,929
220,72,953
221,72,77
222,72,156
223,72,753
224,72,787
225,72,610
226,72,972
227,72,1020
228,72,171
229,72,908
230,72,251
231,72,27
232,72,36
233,72,184
234,72,857
235,72,219
236,72,29
237,72,157
238,72,996
239,72,421
240,72,205
241,72,494
242,72,58
243,72,794
244,72,532
245,72,989
246,72,777
247,72,393
248,72,112
249,72,318
250,72,373
251,72,982
252,72,700
253,72,88
254,72,148
255,72,160
256,72,345
257,72,944
258,72,6
259,72,965
260,72,34
261,72,646
262,72,763
263,72,509
264,72,827
265,72,429
266,72,127
267,72,235
268,72,9
269,72,627
270,72,390
271,72,555
272,72,350
273,72,223
274,72,549
275,72,214
276,72,226
277,72,545
278,72,503
279,72,797
280,72,951
281,72,294
282,72,216
283,72,869
284,72,193
285,72,204
286,72,930
287,72,697
288,72,842
289,72,515
290,72,213
291,72,202
292,72,656
293,72,140
294,72,541
295,72,630
296,72,392
297,72,535
298,72,241
299,72,28
300,72,454
301,72,739
302,72,41
303,72,662
304,72,511
305,72,12
306,72,821
307,72,386
308,72,379
309,72,420
310,72,725
311,72,527
312,72,315
313,72,333
314,72,837
315,72,813
316,72,119
317,72,424
318,72,668
319,72,728
320,72,959
321,72,632
322,72,992
323,72,496
324,72,8
325,72,197
326,72,381
327,72,658
328,72,132
329,72,925
330,72,110
331,72,285
332,72,894
333,72,689
334,72,792
335,72,369
336,72,228
337,72,236
338,72,70
339,72,701
340,72,947
341,72,699
342,72,464
343,72,39
344,72,54
345,72,1005
346,72,856
347,72,31
348,72,737
349,72,912
350,72,570
351,72,51
352,72,880
353,72,325
354,72,442
355,72,707
356,72,991
357,72,799
358,72,552
359,72,499
360,72,453
361,72,460
362,72,1012
363,72,147
364,72,1018
365,72,893
366,72,864
367,72,85
368,72,681
369,72,164
370,72,162
371,72,922
372,72,106
373,72,451
374,72,45
375,72,826
376,72,751
377,72,544
378,72,849
379,72,834
380,72,559
381,72,355
382,72,673
383,72,664
384,72,682
385,72,305
386,72,568
387,72,828
388,72,892
389,72,776
390,72,343
391,72,895
392,72,920
393,72,875
394,72,862
395,72,286
396,72,43
397,72,523
398,72,349
399,72,245
0,73,301
1,73,150
2,73,30
3,73,683
4,73,443
5,73,954
6,73,1006
7,73,669
8,73,311
9,73,463
10,73,557
11,73,105
12,73,154
13,73,785
14,73,698
15,73,618
16,73,784
17,73,1008
18,73,520
19,73,185
20,73,710
21,73,0
22,73,554
23,73,230
24,73,713
25,73,246
26,73,155
27,73,287
28,73,901
29,73,142
30,73,304
31,73,492
32,73,1013
33,73,48
34,73,643
35,73,149
36,73,440
37,73,380
38,73,906
39,73,717
40,73,997
41,73,603
42,73,665
43,73,107
44,73,67
45,73,867
46,73,911
47,73,4
48,73,540
49,73,767
50,73,524
51,73,915
52,73,783
53,73,487
54,73,933
55,73,1002
56,73,537
57,73,266
58,73,474
59,73,362
60,73,839
61,73,476
62,73,919
63,73,847
64,73,775
65,73,521
66,73,584
67,73,877
68,73,432
69,73,749
70,73,650
71,73,363
72,73,649
73,73,1010
74,73,215
75,73,506
76,73,616
77,73,297
78,73,516
79,73,779
80,73,891
81,73,755
82,73,356
83,73,99
84,73,283
85,73,538
86,73,983
87,73,186
88,73,966
89,73,686
90,73,973
91,73,170
92,73,814
93,73,220
94,73,890
95,73,887
96,73,252
97,73,883
98,73,435
99,73,617
100,73,924
101,73,770
102,73,560
103,73,652
104,73,539
105,73,614
106,73,137
107,73,267
108,73,239
109,73,654
110,73,81
111,73,449
112,73,60
113,73,790
114,73,434
115,73,450
116,73,62
117,73,44
118,73,101
119,73,606
120,73,868
121,73,431
122,73,730
123,73,748
124,73,176
125,73,334
126,73,102
127,73,484
128,73,375
129,73,264
130,73,812
131,73,985
132,73,16
133,73,518
134,73,619
135,73,47
136,73,224
137,73,978
138,73,482
139,73,243
140,73,250
141,73,724
142,73,607
143,73,114
144,73,173
145,73,723
146,73,852
147,73,242
148,73,190
149,73,96
150,73,955
151,73,550
152,73,534
153,73,319
154,73,75
155,73,695
156,73,11
157,73,952
158,73,635
159,73,786
160,73,104
161,73,504
162,73,120
163,73,98
164,73,433
165,73,35
166,73,277
167,73,838
168,73,961
169,73,531
170,73,462
171,73,473
172,73,298
173,73,165
174,73,865
175,73,854
176,73,115
177,73,663
178,73,878
179,73,326
180,73,1003
181,73,921
182,73,809
183,73,988
184,73,261
185,73,597
186,73,843
187,73,20
188,73,256
189,73,743
190,73,437
191,73,525
192,73,237
193,73,970
194,73,580
195,73,938
196,73,490
197,73,957
198,73,313
199,73,309
200,73,410
201,73,981
202,73,980
203,73,962
204,73,80
205,73,414
206,73,709
207,73,201
208,73,571
209,73,914
210,73,218
211,73,667
212,73,960
213,73,135
214,73,179
215,73,161
216,73,916
217,73,772
218,73,566
219,73,929
220,73,953
221,73,77
222,73,156
223,73,753
224,73,787
225,73,610
226,73,972
227,73,1020
228,73,171
229,73,908
230,73,251
231,73,27
232,73,36
233,73,184
234,73,857
235,73,219
236,73,61
237,73,157
238,73,996
239,73,421
240,73,205
241,73,494
242,73,58
243,73,794
244,73,532
245,73,989
246,73,777
247,73,393
248,73,112
249,73,318
250,73,373
251,73,982
252,73,700
253,73,88
254,73,148
255,73,160
256,73,345
257,73,976
258,73,5
259,73,965
260,73,34
261,73,646
262,73,763
263,73,509
264,73,827
265,73,429
266,73,127
267,73,235
268,73,9
269,73,627
270,73,390
271,73,555
272,73,350
273,73,223
274,73,549
275,73,214
276,73,226
277,73,545
278,73,503
279,73,797
280,73,951
281,73,294
282,73,216
283,73,869
284,73,193
285,73,204
286,73,930
287,73,697
288,73,842
289,73,515
290,73,213
291,73,202
292,73,656
293,73,140
294,73,541
295,73,630
296,73,392
297,73,535
298,73,241
299,73,29
300,73,454
301,73,739
302,73,41
303,73,662
304,73,511
305,73,12
306,73,821
307,73,386
308,73,379
309,73,420
310,73,725
311,73,527
312,73,315
313,73,333
314,73,837
315,73,813
316,73,119
317,73,424
318,73,668
319,73,728
320,73,959
321,73,632
322,73,992
323,73,496
324,73,8
325,73,197
326,73,381
327,73,658
328,73,132
329,73,925
330,73,110
331,73,285
332,73,894
333,73,689
334,73,792
335,73,369
336,73,228
337,73,236
338,73,70
339,73,701
340,73,947
341,73,699
342,73,464
343,73,39
344,73,54
345,73,1005
346,73,856
347,73,31
348,73,737
349,73,944
350,73,570
351,73,51
352,73,912
353,73,325
354,73,442
355,73,707
356,73,991
357,73,799
358,73,552
359,73,499
360,73,453
361,73,460
362,73,1012
363,73,147
364,73,1018
365,73,893
366,73,864
367,73,85
368,73,681
369,73,164
370,73,162
371,73,922
372,73,106
373,73,451
374,73,45
375,73,826
376,73,751
377,73,544
378,73,849
379,73,834
380,73,559
381,73,355
382,73,673
383,73,664
384,73,682
385,73,305
386,73,568
387,73,828
388,73,892
389,73,776
390,73,343
391,73,895
392,73,920
393,73,875
394,73,862
395,73,286
396,73,43
397,73,523
398,73,349
399,73,245
0,74,301
1,74,150
2,74,30
3,74,683
4,74,443
5,74,954
6,74,1006
7,74,669
8,74,311
9,74,463
10,74,557
11,74,105
12,74,186
13,74,817
14,74,698
15,74,618
16,74,784
17,74,1008
18,74,520
19,74,185
20,74,710
21,74,0
22,74,554
23,74,230
24,74,713
25,74,246
26,74,155
27,74,287
28,74,901
29,74,142
30,74,304
31,74,492
32,74,1013
33,74,48
34,74,643
35,74,149
36,74,440
37,74,380
38,74,906
39,74,717
40,74,997
41,74,603
42,74,665
43,74,107
44,74,67
45,74,867
46,74,911
47,74,5
48,74,540
49,74,767
50,74,524
51,74,915
52,74,783
53,74,487
54,74,933
55,74,1002
56,74,537
57,74,266
58,74,474
59,74,362
60,74,839
61,74,476
62,74,919
63,74,847
64,74,775
65,74,521
66,74,584
67,74,877
68,74,432
69,74,749
70,74,650
71,74,363
72,74,649
73,74,1010
74,74,215
75,74,506
76,74,616
77,74,297
78,74,484
79,74,779
80,74,891
81,74,755
82,74,356
83,74,99
84,74,283
85,74,538
86,74,983
87,74,187
88,74,966
89,74,686
90,74,973
91,74,170
92,74,814
93,74,220
94,74,890
95,74,887
96,74,252
97,74,883
98,74,435
99,74,617
100,74,924
101,74,770
102,74,560
103,74,652
104,74,539
105,74,614
106,74,137
107,74,267
108,74,239
109,74,654
110,74,81
111,74,449
112,74,60
113,74,790
114,74,434
115,74,450
116,74,62
117,74,44
118,74,101
119,74,606
120,74,868
121,74,431
122,74,730
123,74,748
124,74,176
125,74,334
126,74,102
127,74,485
128,74,375
129,74,264
130,74,812
131,74,985
132,74,16
133,74,518
134,74,619
135,74,47
136,74,224
137,74,978
138,74,482
139,74,243
140,74,250
141,74,724
142,74,607
143,74,114
144,74,173
145,74,723
146,74,852
147,74,242
148,74,190
149,74,96
150,74,955
151,74,550
152,74,534
153,74,319
154,74,75
155,74,695
156,74,11
157,74,952
158,74,635
159,74,785
160,74,104
161,74,504
162,74,120
163,74,98
164,74,433
165,74,35
166,74,277
167,74,838
168,74,961
169,74,531
170,74,462
171,74,473
172,74,298
173,74,165
174,74,865
175,74,854
176,74,115
177,74,663
178,74,878
179,74,326
180,74,1003
181,74,921
182,74,809
183,74,988
184,74,261
185,74,597
186,74,843
187,74,20
188,74,256
189,74,743
190,74,437
191,74,525
192,74,237
193,74,970
194,74,580
195,74,938
196,74,490
197,74,957
198,74,313
199,74,309
200,74,410
201,74,981
202,74,980
203,74,962
204,74,80
205,74,414
206,74,709
207,74,201
208,74,571
209,74,914
210,74,218
211,74,667
212,74,960
213,74,135
214,74,179
215,74,161
216,74,916
217,74,772
218,74,566
219,74,929
220,74,953
221,74,77
222,74,156
223,74,753
224,74,787
225,74,610
226,74,972
227,74,1020
228,74,171
229,74,908
230,74,251
231,74,27
232,74,36
233,74,184
234,74,857
235,74,219
236,74,93
237,74,157
238,74,996
239,74,421
240,74,205
241,74,494
242,74,58
243,74,794
244,74,532
245,74,989
246,74,777
247,74,393
248,74,112
249,74,318
250,74,373
251,74,982
252,74,700
253,74,88
254,74,148
255,74,160
256,74,345
257,74,977
258,74,6
259,74,965
260,74,34
261,74,646
262,74,763
263,74,509
264,74,827
265,74,429
266,74,127
267,74,235
268,74,9
269,74,627
270,74,390
271,74,555
272,74,350
273,74,223
274,74,549
275,74,214
276,74,226
277,74,545
278,74,503
279,74,797
280,74,951
281,74,294
282,74,216
283,74,869
284,74,193
285,74,204
286,74,930
287,74,697
288,74,842
289,74,515
290,74,213
291,74,202
292,74,656
293,74,140
294,74,541
295,74,630
296,74,392
297,74,535
298,74,241
299,74,61
300,74,454
301,74,739
302,74,41
303,74,662
304,74,511
305,74,12
306,74,821
307,74,386
308,74,379
309,74,420
310,74,725
311,74,527
312,74,315
313,74,333
314,74,837
315,74,813
316,74,119
317,74,424
318,74,668
319,74,728
320,74,959
321,74,632
322,74,992
323,74,496
324,74,8
325,74,197
326,74,381
327,74,658
328,74,132
329,74,925
330,74,110
331,74,285
332,74,894
333,74,689
334,74,792
335,74,369
336,74,228
337,74,236
338,74,70
339,74,701
340,74,947
341,74,699
342,74,464
343,74,39
344,74,54
345,74,1005
346,74,856
347,74,31
348,74,737
349,74,976
350,74,570
351,74,51
352,74,912
353,74,325
354,74,442
355,74,707
356,74,991
357,74,799
358,74,552
359,74,499
360,74,453
361,74,460
362,74,1012
363,74,147
364,74,1018
365,74,893
366,74,864
367,74,85
368,74,681
369,74,164
370,74,162
371,74,922
372,74,106
373,74,451
374,74,45
375,74,826
376,74,751
377,74,544
378,74,849
379,74,834
380,74,559
381,74,355
382,74,673
383,74,664
384,74,682
385,74,305
386,74,568
387,74,828
388,74,892
389,74,776
390,74,343
391,74,895
392,74,920
393,74,875
394,74,862
395,74,286
396,74,43
397,74,523
398,74,349
399,74,245
0,75,301
1,75,150
2,75,30
3,75,683
4,75,443
5,75,954
6,75,1006
7,75,669
8,75,311
9,75,463
10,75,557
11,75,105
12,75,187
13,75,785
14,75,698
15,75,618
16,75,784
17,75,1008
18,75,520
19,75,185
20,75,710
21,75,0
22,75,554
23,75,230
24,75,713
25,75,246
26,75,154
27,75,287
28,75,901
29,75,142
30,75,304
31,75,492
32,75,1013
33,75,48
34,75,643
35,75,149
36,75,440
37,75,380
38,75,906
39,75,717
40,75,997
41,75,603
42,75,665
43,75,107
44,75,67
45,75,867
46,75,911
47,75,4
48,75,540
49,75,767
50,75,524
51,75,915
52,75,783
53,75,487
54,75,933
55,75,1002
56,75,537
57,75,266
58,75,474
59,75,362
60,75,839
61,75,476
62,75,919
63,75,847
64,75,775
65,75,521
66,75,584
67,75,877
68,75,432
69,75,749
70,75,650
71,75,363
72,75,649
73,75,1010
74,75,215
75,75,506
76,75,616
77,75,297
78,75,516
79,75,779
80,75,891
81,75,755
82,75,356
83,75,99
84,75,283
85,75,538
86,75,983
87,75,155
88,75,966
89,75,686
90,75,973
91,75,170
92,75,814
93,75,220
94,75,890
95,75,887
96,75,252
97,75,883
98,75,435
99,75,617
100,75,924
101,75,770
102,75,560
103,75,652
104,75,539
105,75,614
106,75,137
107,75,267
108,75,239
109,75,654
110,75,81
111,75,449
112,75,60
113,75,790
114,75,434
115,75,450
116,75,62
117,75,44
118,75,101
119,75,606
120,75,868
121,75,431
122,75,730
123,75,748
124,75,176
125,75,334
126,75,102
127,75,484
128,75,375
129,75,264
130,75,812
131,75,985
132,75,16
133,75,518
134,75,619
135,75,47
136,75,224
137,75,978
138,75,482
139,75,243
140,75,250
141,75,724
142,75,607
143,75,114
144,75,173
145,75,723
146,75,852
147,75,242
148,75,190
149,75,96
150,75,955
151,75,550
152,75,534
153,75,319
154,75,75
155,75,695
156,75,11
157,75,952
158,75,635
159,75,786
160,75,104
161,75,504
162,75,120
163,75,98
164,75,433
165,75,35
166,75,277
167,75,838
168,75,961
169,75,531
170,75,462
171,75,473
172,75,298
173,75,165
174,75,865
175,75,854
176,75,115
177,75,663
178,75,878
179,75,326
180,75,1003
181,75,921
182,75,809
183,75,988
184,75,261
185,75,597
186,75,843
187,75,20
188,75,256
189,75,743
190,75,437
191,75,525
192,75,237
193,75,970
194,75,580
195,75,938
196,75,490
197,75,957
198,75,313
199,75,309
200,75,410
201,75,981
202,75,980
203,75,962
204,75,80
205,75,414
206,75,709
207,75,201
208,75,571
209,75,914
210,75,218
211,75,667
212,75,960
213,75,135
214,75,179
215,75,161
216,75,916
217,75,772
218,75,566
219,75,929
220,75,953
221,75,77
222,75,156
223,75,753
224,75,787
225,75,610
226,75,972
227,75,1020
228,75,171
229,75,908
230,75,251
231,75,27
232,75,36
233,75,184
234,75,857
235,75,219
236,75,92
237,75,157
238,75,996
239,75,421
240,75,205
241,75,494
242,75,58
243,75,794
244,75,532
245,75,989
246,75,777
247,75,393
248,75,112
249,75,318
250,75,373
251,75,982
252,75,700
253,75,88
254,75,148
255,75,160
256,75,345
257,75,976
258,75,5
259,75,965
260,75,34
261,75,646
262,75,763
263,75,509
264,75,827
265,75,429
266,75,127
267,75,235
268,75,9
269,75,627
270,75,390
271,75,555
272,75,350
273,75,223
274,75,549
275,75,214
276,75,226
277,75,545
278,75,503
279,75,797
280,75,951
281,75,294
282,75,216
283,75,869
284,75,193
285,75,204
286,75,930
287,75,697
288,75,842
289,75,515
290,75,213
291,75,202
292,75,656
293,75,140
294,75,541
295,75,630
296,75,392
297,75,535
298,75,241
299,75,93
300,75,454
301,75,739
302,75,41
303,75,662
304,75,511
305,75,12
306,75,821
307,75,386
308,75,379
309,75,420
310,75,725
311,75,527
312,75,315
313,75,333
314,75,837
315,75,813
316,75,119
317,75,424
318,75,668
319,75,728
320,75,959
321,75,632
322,75,992
323,75,496
324,75,8
325,75,197
326,75,381
327,75,658
328,75,132
329,75,925
330,75,110
331,75,285
332,75,894
333,75,689
334,75,792
335,75,369
336,75,228
337,75,236
338,75,70
339,75,701
340,75,947
341,75,699
342,75,464
343,75,39
344,75,54
345,75,1005
346,75,856
347,75,31
348,75,737
349,75,944
350,75,570
351,75,51
352,75,912
353,75,325
354,75,442
355,75,707
356,75,991
357,75,799
358,75,552
359,75,499
360,75,453
361,75,460
362,75,1012
363,75,147
364,75,1018
365,75,893
366,75,864
367,75,85
368,75,681
369,75,164
370,75,162
371,75,922
372,75,106
373,75,451
374,75,45
375,75,826
376,75,751
377,75,544
378,75,849
379,75,834
380,75,559
381,75,355
382,75,673
383,75,664
384,75,682
385,75,305
386,75,568
387,75,828
388,75,892
389,75,776
390,75,343
391,75,895
392,75,920
393,75,875
394,75,862
395,75,286
396,75,43
397,75,523
398,75,349
399,75,245
0,76,301
1,76,150
2,76,30
3,76,683
4,76,443
5,76,954
6,76,1006
7,76,669
8,76,311
9,76,463
10,76,557
11,76,105
12,76,186
13,76,786
14,76,698
15,76,618
16,76,784
17,76,1008
18,76,520
19,76,185
20,76,710
21,76,0
22,76,554
23,76,230
24,76,713
25,76,246
26,76,155
27,76,287
28,76,901
29,76,142
30,76,304
31,76,492
32,76,1013
33,76,48
34,76,643
35,76,149
36,76,440
37,76,380
38,76,906
39,76,717
40,76,997
41,76,603
42,76,665
43,76,107
44,76,67
45,76,867
46,76,911
47,76,5
48,76,540
49,76,767
50,76,524
51,76,915
52,76,783
53,76,487
54,76,933
55,76,1002
56,76,537
57,76,266
58,76,474
59,76,362
60,76,839
61,76,476
62,76,919
63,76,847
64,76,775
65,76,521
66,76,584
67,76,877
68,76,432
69,76,749
70,76,650
71,76,363
72,76,649
73,76,1010
74,76,215
75,76,506
76,76,616
77,76,297
78,76,548
79,76,779
80,76,891
81,76,755
82,76,356
83,76,99
84,76,283
85,76,538
86,76,983
87,76,187
88,76,966
89,76,686
90,76,973
91,76,170
92,76,814
93,76,220
94,76,890
95,76,887
96,76,252
97,76,883
98,76,435
99,76,617
100,76,924
101,76,770
102,76,560
103,76,652
104,76,539
105,76,614
106,76,137
107,76,267
108,76,239
109,76,654
110,76,81
111,76,449
112,76,60
113,76,790
114,76,434
115,76,450
116,76,62
117,76,44
118,76,101
119,76,606
120,76,868
121,76,431
122,76,730
123,76,748
124,76,176
125,76,334
126,76,102
127,76,516
128,76,375
129,76,264
130,76,812
131,76,985
132,76,16
133,76,518
134,76,619
135,76,47
136,76,224
137,76,978
138,76,482
139,76,243
140,76,250
141,76,724
142,76,607
143,76,114
144,76,173
145,76,723
146,76,852
147,76,242
148,76,190
149,76,96
150,76,955
151,76,550
152,76,534
153,76,319
154,76,75
155,76,695
156,76,11
157,76,952
158,76,635
159,76,754
160,76,104
161,76,504
162,76,120
163,76,98
164,76,433
165,76,35
166,76,277
167,76,838
168,76,961
169,76,531
170,76,462
171,76,473
172,76,298
173,76,165
174,76,865
175,76,854
176,76,115
177,76,663
178,76,878
179,76,326
180,76,1003
181,76,921
182,76,809
183,76,988
184,76,261
185,76,597
186,76,843
187,76,20
188,76,256
189,76,743
190,76,437
191,76,525
192,76,237
193,76,970
194,76,580
195,76,938
196,76,490
197,76,957
198,76,313
199,76,309
200,76,410
201,76,981
202,76,980
203,76,962
204,76,80
205,76,414
206,76,709
207,76,201
208,76,571
209,76,914
210,76,218
211,76,667
212,76,960
213,76,135
214,76,179
215,76,161
216,76,916
217,76,772
218,76,566
219,76,929
220,76,953
221,76,77
222,76,156
223,76,753
224,76,787
225,76,610
226,76,972
227,76,1020
228,76,171
229,76,908
230,76,251
231,76,27
232,76,36
233,76,184
234,76,857
235,76,219
236,76,93
237,76,157
238,76,996
239,76,421
240,76,205
241,76,494
242,76,58
243,76,794
244,76,532
245,76,989
246,76,777
247,76,393
248,76,112
249,76,318
250,76,373
251,76,982
252,76,700
253,76,88
254,76,148
255,76,160
256,76,345
257,76,944
258,76,37
259,76,965
260,76,34
261,76,646
262,76,763
263,76,509
264,76,827
265,76,429
266,76,127
267,76,235
268,76,9
269,76,627
270,76,390
271,76,555
272,76,350
273,76,223
274,76,549
275,76,214
276,76,226
277,76,545
278,76,503
279,76,797
280,76,951
281,76,294
282,76,216
283,76,869
284,76,193
285,76,204
286,76,930
287,76,697
288,76,842
289,76,515
290,76,213
291,76,202
292,76,656
293,76,140
294,76,541
295,76,630
296,76,392
297,76,535
298,76,241
299,76,61
300,76,454
301,76,739
302,76,41
303,76,662
304,76,511
305,76,12
306,76,821
307,76,386
308,76,379
309,76,420
310,76,725
311,76,527
312,76,315
313,76,333
314,76,837
315,76,813
316,76,119
317,76,424
318,76,668
319,76,728
320,76,959
321,76,632
322,76,992
323,76,496
324,76,8
325,76,197
326,76,381
327,76,658
328,76,132
329,76,925
330,76,110
331,76,285
332,76,894
333,76,689
334,76,792
335,76,369
336,76,228
337,76,236
338,76,70
339,76,701
340,76,947
341,76,699
342,76,464
343,76,39
344,76,54
345,76,1005
346,76,856
347,76,31
348,76,737
349,76,912
350,76,570
351,76,51
352,76,880
353,76,325
354,76,442
355,76,707
356,76,991
357,76,799
358,76,552
359,76,499
360,76,453
361,76,460
362,76,1012
363,76,147
364,76,1018
365,76,893
366,76,864
367,76,85
368,76,681
369,76,164
370,76,162
371,76,922
372,76,106
373,76,451
374,76,45
375,76,826
376,76,751
377,76,544
378,76,849
379,76,834
380,76,559
381,76,355
382,76,673
383,76,664
384,76,682
385,76,305
386,76,568
387,76,828
388,76,892
389,76,776
390,76,343
391,76,895
392,76,920
393,76,875
394,76,862
395,76,286
396,76,43
397,76,523
398,76,349
399,76,245
0,77,301
1,77,150
2,77,30
3,77,683
4,77,443
5,77,954
6,77,1006
7,77,669
8,77,311
9,77,463
10,77,557
11,77,105
12,77,154
13,77,785
14,77,698
15,77,618
16,77,784
17,77,1008
18,77,520
19,77,185
20,77,710
21,77,0
22,77,554
23,77,230
24,77,713
25,77,246
26,77,155
27,77,287
28,77,901
29,77,142
30,77,304
31,77,492
32,77,1013
33,77,48
34,77,643
35,77,149
36,77,440
37,77,380
38,77,906
39,77,717
40,77,997
41,77,603
42,77,665
43,77,107
44,77,67
45,77,867
46,77,911
47,77,6
48,77,540
49,77,767
50,77,524
51,77,915
52,77,783
53,77,487
54,77,933
55,77,1002
56,77,537
57,77,266
58,77,474
59,77,362
60,77,839
61,77,476
62,77,919
63,77,847
64,77,775
65,77,521
66,77,584
67,77,877
68,77,432
69,77,749
70,77,650
71,77,363
72,77,649
73,77,1010
74,77,215
75,77,506
76,77,616
77,77,297
78,77,516
79,77,779
80,77,891
81,77,755
82,77,356
83,77,99
84,77,283
85,77,538
86,77,983
87,77,186
88,77,966
89,77,686
90,77,973
91,77,170
92,77,814
93,77,220
94,77,890
95,77,887
96,77,252
97,77,883
98,77,435
99,77,617
100,77,924
101,77,770
102,77,560
103,77,652
104,77,539
105,77,614
106,77,137
107,77,267
108,77,239
109,77,654
110,77,81
111,77,449
112,77,60
113,77,790
114,77,434
115,77,450
116,77,62
117,77,44
118,77,101
119,77,606
120,77,868
121,77,431
122,77,730
123,77,748
124,77,176
125,77,334
126,77,102
127,77,484
128,77,375
129,77,264
130,77,812
131,77,985
132,77,16
133,77,518
134,77,619
135,77,47
136,77,224
137,77,978
138,77,482
139,77,243
140,77,250
141,77,724
142,77,607
143,77,114
144,77,173
145,77,723
146,77,852
147,77,242
148,77,190
149,77,96
150,77,955
151,77,550
152,77,534
153,77,319
154,77,75
155,77,695
156,77,11
157,77,952
158,77,635
159,77,786
160,77,104
161,77,504
162,77,120
163,77,98
164,77,433
165,77,35
166,77,277
167,77,838
168,77,961
169,77,531
170,77,462
171,77,473
172,77,298
173,77,165
174,77,865
175,77,854
176,77,115
177,77,663
178,77,878
179,77,326
180,77,1003
181,77,921
182,77,809
183,77,988
184,77,261
185,77,597
186,77,843
187,77,20
188,77,256
189,77,743
190,77,437
191,77,525
192,77,237
193,77,970
194,77,580
195,77,938
196,77,490
197,77,957
198,77,313
199,77,309
200,77,410
201,77,981
202,77,980
203,77,962
204,77,80
205,77,414
206,77,709
207,77,201
208,77,571
209,77,914
210,77,218
211,77,667
212,77,960
213,77,135
214,77,179
215,77,161
216,77,916
217,77,772
218,77,566
219,77,929
220,77,953
221,77,77
222,77,156
223,77,753
224,77,787
225,77,610
226,77,972
227,77,1020
228,77,171
229,77,908
230,77,251
231,77,27
232,77,36
233,77,184
234,77,857
235,77,219
236,77,61
237,77,157
238,77,996
239,77,421
240,77,205
241,77,494
242,77,58
243,77,794
244,77,532
245,77,989
246,77,777
247,77,393
248,77,112
249,77,318
250,77,373
251,77,982
252,77,700
253,77,88
254,77,148
255,77,160
256,77,345
257,77,976
258,77,5
259,77,965
260,77,34
261,77,646
262,77,763
263,77,509
264,77,827
265,77,429
266,77,127
267,77,235
268,77,9
269,77,627
270,77,390
271,77,555
272,77,350
273,77,223
274,77,549
275,77,214
276,77,226
277,77,545
278,77,503
279,77,797
280,77,951
281,77,294
282,77,216
283,77,869
284,77,193
285,77,204
286,77,930
287,77,697
288,77,842
289,77,515
290,77,213
291,77,202
292,77,656
293,77,140
294,77,541
295,77,630
296,77,392
297,77,535
298,77,241
299,77,29
300,77,454
301,77,739
302,77,41
303,77,662
304,77,511
305,77,12
306,77,821
307,77,386
308,77,379
309,77,420
310,77,725
311,77,527
312,77,315
313,77,333
314,77,837
315,77,813
316,77,119
317,77,424
318,77,668
319,77,728
320,77,959
321,77,632
322,77,992
323,77,496
324,77,8
325,77,197
326,77,381
327,77,658
328,77,132
329,77,925
330,77,110
331,77,285
332,77,894
333,77,689
334,77,792
335,77,369
336,77,228
337,77,236
338,77,70
339,77,701
340,77,947
341,77,699
342,77,464
343,77,39
344,77,54
345,77,1005
346,77,856
347,77,31
348,77,737
349,77,944
350,77,570
351,77,51
352,77,912
353,77,325
354,77,442
355,77,707
356,77,991
357,77,799
358,77,552
359,77,499
360,77,453
361,77,460
362,77,1012
363,77,147
364,77,1018
365,77,893
366,77,864
367,77,85
368,77,681
369,77,164
370,77,162
371,77,922
372,77,106
373,77,451
374,77,45
375,77,826
376,77,751
377,77,544
378,77,849
379,77,834
380,77,559
381,77,355
382,77,673
383,77,664
384,77,682
385,77,305
386,77,568
387,77,828
388,77,892
389,77,776
390,77,343
391,77,895
392,77,920
393,77,875
394,77,862
395,77,286
396,77,43
397,77,523
398,77,349
399,77,245
0,78,301
1,78,150
2,78,30
3,78,683
4,78,443
5,78,954
6,78,1006
7,78,669
8,78,311
9,78,463
10,78,557
11,78,105
12,78,186
13,78,817
14,78,698
15,78,618
16,78,784
17,78,1008
18,78,520
19,78,185
20,78,710
21,78,0
22,78,554
23,78,230
24,78,713
25,78,246
26,78,155
27,78,287
28,78,901
29,78,142
30,78,304
31,78,492
32,78,1013
33,78,48
34,78,643
35,78,149
36,78,440
37,78,380
38,78,906
39,78,717
40,78,997
41,78,603
42,78,665
43,78,107
44,78,67
45,78,867
46,78,911
47,78,6
48,78,540
49,78,767
50,78,524
51,78,915
52,78,783
53,78,487
54,78,933
55,78,1002
56,78,537
57,78,266
58,78,474
59,78,362
60,78,839
61,78,476
62,78,919
63,78,847
64,78,775
65,78,521
66,78,584
67,78,877
68,78,432
69,78,749
70,78,650
71,78,363
72,78,649
73,78,1010
74,78,215
75,78,506
76,78,616
77,78,297
78,78,484
79,78,779
80,78,891
81,78,755
82,78,356
83,78,99
84,78,283
85,78,538
86,78,983
87,78,187
88,78,966
89,78,686
90,78,973
91,78,170
92,78,814
93,78,220
94,78,890
95,78,887
96,78,252
97,78,883
98,78,435
99,78,617
100,78,924
101,78,770
102,78,560
103,78,652
104,78,539
105,78,614
106,78,137
107,78,267
108,78,239
109,78,654
110,78,81
111,78,449
112,78,92
113,78,790
114,78,434
115,78,450
116,78,62
117,78,44
118,78,101
119,78,606
120,78,868
121,78,431
122,78,730
123,78,748
124,78,176
125,78,334
126,78,102
127,78,485
128,78,375
129,78,264
130,78,812
131,78,985
132,78,16
133,78,518
134,78,619
135,78,47
136,78,224
137,78,978
138,78,482
139,78,243
140,78,250
141,78,724
142,78,607
143,78,114
144,78,173
145,78,723
146,78,852
147,78,242
148,78,190
149,78,96
150,78,955
151,78,550
152,78,534
153,78,319
154,78,75
155,78,695
156,78,11
157,78,952
158,78,635
159,78,785
160,78,104
161,78,504
162,78,120
163,78,98
164,78,433
165,78,35
166,78,277
167,78,838
168,78,961
169,78,531
170,78,462
171,78,473
172,78,298
173,78,165
174,78,865
175,78,854
176,78,115
177,78,663
178,78,878
179,78,326
180,78,1003
181,78,921
182,78,809
183,78,988
184,78,261
185,78,597
186,78,843
187,78,20
188,78,256
189,78,743
190,78,437
191,78,525
192,78,237
193,78,970
194,78,580
195,78,938
196,78,490
197,78,957
198,78,313
199,78,309
200,78,410
201,78,981
202,78,980
203,78,962
204,78,80
205,78,414
206,78,709
207,78,201
208,78,571
209,78,914
210,78,218
211,78,667
212,78,960
213,78,135
214,78,179
215,78,161
216,78,916
217,78,772
218,78,566
219,78,929
220,78,953
221,78,77
222,78,156
223,78,753
224,78,787
225,78,610
226,78,972
227,78,1020
228,78,171
229,78,908
230,78,251
231,78,27
232,78,36
233,78,184
234,78,857
235,78,219
236,78,60
237,78,157
238,78,996
239,78,421
240,78,205
241,78,494
242,78,58
243,78,794
244,78,532
245,78,989
246,78,777
247,78,393
248,78,112
249,78,318
250,78,373
251,78,982
252,78,700
253,78,88
254,78,148
255,78,160
256,78,345
257,78,977
258,78,5
259,78,965
260,78,34
261,78,646
262,78,763
263,78,509
264,78,827
265,78,429
266,78,127
267,78,235
268,78,9
269,78,627
270,78,390
271,78,555
272,78,350
273,78,223
274,78,549
275,78,214
276,78,226
277,78,545
278,78,503
279,78,797
280,78,951
281,78,294
282,78,216
283,78,869
284,78,193
285,78,204
286,78,930
287,78,697
288,78,842
289,78,515
290,78,213
291,78,202
292,78,656
293,78,140
294,78,541
295,78,630
296,78,392
297,78,535
298,78,241
299,78,61
300,78,454
301,78,739
302,78,41
303,78,662
304,78,511
305,78,12
306,78,821
307,78,386
308,78,379
309,78,420
310,78,725
311,78,527
312,78,315
313,78,333
314,78,837
315,78,813
316,78,119
317,78,424
318,78,668
319,78,728
320,78,959
321,78,632
322,78,992
323,78,496
324,78,8
325,78,197
326,78,381
327,78,658
328,78,132
329,78,925
330,78,110
331,78,285
332,78,894
333,78,689
334,78,792
335,78,369
336,78,228
337,78,236
338,78,70
339,78,701
340,78,947
341,78,699
342,78,464
343,78,39
344,78,54
345,78,1005
346,78,856
347,78,31
348,78,737
349,78,976
350,78,570
351,78,51
352,78,912
353,78,325
354,78,442
355,78,707
356,78,991
357,78,799
358,78,552
359,78,499
360,78,453
361,78,460
362,78,1012
363,78,147
364,78,1018
365,78,893
366,78,864
367,78,85
368,78,681
369,78,164
370,78,162
371,78,922
372,78,106
373,78,451
374,78,45
375,78,826
376,78,751
377,78,544
378,78,849
379,78,834
380,78,559
381,78,355
382,78,673
383,78,664
384,78,682
385,78,305
386,78,568
387,78,828
388,78,892
389,78,776
390,78,343
391,78,895
392,78,920
393,78,875
394,78,862
395,78,286
396,78,43
397,78,523
398,78,349
399,78,245
0,79,301
1,79,150
2,79,30
3,79,683
4,79,443
5,79,954
6,79,1006
7,79,669
8,79,311
9,79,463
10,79,557
11,79,105
12,79,187
13,79,785
14,79,698
15,79,618
16,79,784
17,79,1008
18,79,520
19,79,185
20,79,710
21,79,0
22,79,554
23,79,230
24,79,713
25,79,246
26,79,154
27,79,287
28,79,901
29,79,142
30,79,304
31,79,492
32,79,1013
33,79,48
34,79,643
35,79,149
36,79,440
37,79,380
38,79,906
39,79,717
40,79,997
41,79,603
42,79,665
43,79,107
44,79,67
45,79,867
46,79,911
47,79,6
48,79,540
49,79,767
50,79,524
51,79,915
52,79,783
53,79,487
54,79,933
55,79,1002
56,79,537
57,79,266
58,79,474
59,79,362
60,79,839
61,79,476
62,79,919
63,79,847
64,79,775
65,79,521
66,79,584
67,79,877
68,79,432
69,79,749
70,79,650
71,79,363
72,79,649
73,79,1010
74,79,215
75,79,506
76,79,616
77,79,297
78,79,516
79,79,779
80,79,891
81,79,755
82,79,356
83,79,99
84,79,283
85,79,538
86,79,983
87,79,155
88,79,966
89,79,686
90,79,973
91,79,170
92,79,814
93,79,220
94,79,890
95,79,887
96,79,252
97,79,883
98,79,435
99,79,617
100,79,924
101,79,770
102,79,560
103,79,652
104,79,539
105,79,614
106,79,137
107,79,267
108,79,239
109,79,654
110,79,81
111,79,449
112,79,60
113,79,790
114,79,434
115,79,450
116,79,62
117,79,44
118,79,101
119,79,606
120,79,868
121,79,431
122,79,730
123,79,748
124,79,176
125,79,334
126,79,102
127,79,484
128,79,375
129,79,264
130,79,812
131,79,985
132,79,16
133,79,518
134,79,619
135,79,47
136,79,224
137,79,978
138,79,482
139,79,243
140,79,250
141,79,724
142,79,607
143,79,114
144,79,173
145,79,723
146,79,852
147,79,242
148,79,190
149,79,96
150,79,955
151,79,550
152,79,534
153,79,319
154,79,75
155,79,695
156,79,11
157,79,952
158,79,635
159,79,786
160,79,104
161,79,504
162,79,120
163,79,98
164,79,433
165,79,35
166,79,277
167,79,838
168,79,961
169,79,531
170,79,462
171,79,473
172,79,298
173,79,165
174,79,865
175,79,854
176,79,115
177,79,663
178,79,878
179,79,326
180,79,1003
181,79,921
182,79,809
183,79,988
184,79,261
185,79,597
186,79,843
187,79,20
188,79,256
189,79,743
190,79,437
191,79,525
192,79,237
193,79,970
194,79,580
195,79,938
196,79,490
197,79,957
198,79,313
199,79,309
200,79,410
201,79,981
202,79,980
203,79,962
204,79,80
205,79,414
206,79,709
207,79,201
208,79,571
209,79,914
210,79,218
211,79,667
212,79,960
213,79,135
214,79,179
215,79,161
216,79,916
217,79,772
218,79,566
219,79,929
220,79,953
221,79,77
222,79,156
223,79,753
224,79,787
225,79,610
226,79,972
227,79,1020
228,79,171
229,79,908
230,79,251
231,79,27
232,79,36
233,79,184
234,79,857
235,79,219
236,79,28
237,79,157
238,79,996
239,79,421
240,79,205
241,79,494
242,79,58
243,79,794
244,79,532
245,79,989
246,79,777
247,79,393
248,79,112
249,79,318
250,79,373
251,79,982
252,79,700
253,79,88
254,79,148
255,79,160
256,79,345
257,79,976
258,79,5
259,79,965
260,79,34
261,79,646
262,79,763
263,79,509
264,79,827
265,79,429
266,79,127
267,79,235
268,79,9
269,79,627
270,79,390
271,79,555
272,79,350
273,79,223
274,79,549
275,79,214
276,79,226
277,79,545
278,79,503
279,79,797
280,79,951
281,79,294
282,79,216
283,79,869
284,79,193
285,79,204
286,79,930
287,79,697
288,79,842
289,79,515
290,79,213
291,79,202
292,79,656
293,79,140
294,79,541
295,79,630
296,79,392
297,79,535
298,79,241
299,79,93
300,79,454
301,79,739
302,79,41
303,79,662
304,79,511
305,79,12
306,79,821
307,79,386
308,79,379
309,79,420
310,79,725
311,79,527
312,79,315
313,79,333
314,79,837
315,79,813
316,79,119
317,79,424
318,79,668
319,79,728
320,79,959
321,79,632
322,79,992
323,79,496
324,79,8
325,79,197
326,79,381
327,79,658
328,79,132
329,79,925
330,79,110
331,79,285
332,79,894
333,79,689
334,79,792
335,79,369
336,79,228
337,79,236
338,79,70
339,79,701
340,79,947
341,79,699
342,79,464
343,79,39
344,79,54
345,79,1005
346,79,856
347,79,31
348,79,737
349,79,944
350,79,570
351,79,51
352,79,912
353,79,325
354,79,442
355,79,707
356,79,991
357,79,799
358,79,552
359,79,499
360,79,453
361,79,460
362,79,1012
363,79,147
364,79,1018
365,79,893
366,79,864
367,79,85
368,79,681
369,79,164
370,79,162
371,79,922
372,79,106
373,79,451
374,79,45
375,79,826
376,79,751
377,79,544
378,79,849
379,79,834
380,79,559
381,79,355
382,79,673
383,79,664
384,79,682
385,79,305
386,79,568
387,79,828
388,79,892
389,79,776
390,79,343
391,79,895
392,79,920
393,79,875
394,79,862
395,79,286
396,79,43
397,79,523
398,79,349
399,79,245
0,80,301
1,80,150
2,80,30
3,80,683
4,80,443
5,80,954
6,80,1006
7,80,669
8,80,311
9,80,463
10,80,557
11,80,105
12,80,186
13,80,786
14,80,698
15,80,618
16,80,784
17,80,1008
18,80,520
19,80,185
20,80,710
21,80,0
22,80,554
23,80,230
24,80,713
25,80,246
26,80,155
27,80,287
28,80,901
29,80,142
30,80,304
31,80,492
32,80,1013
33,80,48
34,80,643
35,80,149
36,80,440
37,80,380
38,80,906
39,80,717
40,80,997
41,80,603
42,80,665
43,80,107
44,80,67
45,80,867
46,80,911
47,80,6
48,80,540
49,80,767
50,80,524
51,80,915
52,80,783
53,80,487
54,80,933
55,80,1002
56,80,537
57,80,266
58,80,474
59,80,362
60,80,839
61,80,476
62,80,919
63,80,847
64,80,775
65,80,521
66,80,584
67,80,877
68,80,432
69,80,749
70,80,650
71,80,363
72,80,649
73,80,1010
74,80,215
75,80,506
76,80,616
77,80,297
78,80,548
79,80,779
80,80,891
81,80,755
82,80,356
83,80,99
84,80,283
85,80,538
86,80,983
87,80,187
88,80,966
89,80,686
90,80,973
91,80,170
92,80,814
93,80,220
94,80,890
95,80,887
96,80,252
97,80,883
98,80,435
99,80,617
100,80,924
101,80,770
102,80,560
103,80,652
104,80,539
105,80,614
106,80,137
107,80,267
108,80,239
109,80,654
110,80,81
111,80,449
112,80,60
113,80,790
114,80,434
115,80,450
116,80,62
117,80,44
118,80,101
119,80,606
120,80,868
121,80,431
122,80,730
123,80,748
124,80,176
125,80,334
126,80,102
127,80,516
128,80,375
129,80,264
130,80,812
131,80,985
132,80,16
133,80,518
134,80,619
135,80,47
136,80,224
137,80,978
138,80,482
139,80,243
140,80,250
141,80,724
142,80,607
143,80,114
144,80,173
145,80,723
146,80,852
147,80,242
148,80,190
149,80,96
150,80,955
151,80,550
152,80,534
153,80,319
154,80,75
155,80,695
156,80,11
157,80,952
158,80,635
159,80,754
160,80,104
161,80,504
162,80,120
163,80,98
164,80,433
165,80,35
166,80,277
167,80,838
168,80,961
169,80,531
170,80,462
171,80,473
172,80,298
173,80,165
174,80,865
175,80,854
176,80,115
177,80,663
178,80,878
179,80,326
180,80,1003
181,80,921
182,80,809
183,80,988
184,80,261
185,80,597
186,80,843
187,80,20
188,80,256
189,80,743
190,80,437
191,80,525
192,80,237
193,80,970
194,80,580
195,80,938
196,80,490
197,80,957
198,80,313
199,80,309
200,80,410
201,80,981
202,80,980
203,80,962
204,80,80
205,80,414
206,80,709
207,80,201
208,80,571
209,80,914
210,80,218
211,80,667
212,80,960
213,80,135
214,80,179
215,80,161
216,80,916
217,80,772
218,80,566
219,80,929
220,80,953
221,80,77
222,80,156
223,80,753
224,80,787
225,80,610
226,80,972
227,80,1020
228,80,171
229,80,908
230,80,251
231,80,27
232,80,36
233,80,184
234,80,857
235,80,219
236,80,29
237,80,157
238,80,996
239,80,421
240,80,205
241,80,494
242,80,58
243,80,794
244,80,532
245,80,989
246,80,777
247,80,393
248,80,112
249,80,318
250,80,373
251,80,982
252,80,700
253,80,88
254,80,148
255,80,160
256,80,345
257,80,944
258,80,5
259,80,965
260,80,34
261,80,646
262,80,763
263,80,509
264,80,827
265,80,429
266,80,127
267,80,235
268,80,9
269,80,627
270,80,390
271,80,555
272,80,350
273,80,223
274,80,549
275,80,214
276,80,226
277,80,545
278,80,503
279,80,797
280,80,951
281,80,294
282,80,216
283,80,869
284,80,193
285,80,204
286,80,930
287,80,697
288,80,842
289,80,515
290,80,213
291,80,202
292,80,656
293,80,140
294,80,541
295,80,630
296,80,392
297,80,535
298,80,241
299,80,93
300,80,454
301,80,739
302,80,41
303,80,662
304,80,511
305,80,12
306,80,821
307,80,386
308,80,379
309,80,420
310,80,725
311,80,527
312,80,315
313,80,333
314,80,837
315,80,813
316,80,119
317,80,424
318,80,668
319,80,728
320,80,959
321,80,632
322,80,992
323,80,496
324,80,8
325,80,197
326,80,381
327,80,658
328,80,132
329,80,925
330,80,110
331,80,285
332,80,894
333,80,689
334,80,792
335,80,369
336,80,228
337,80,236
338,80,70
339,80,701
340,80,947
341,80,699
342,80,464
343,80,39
344,80,54
345,80,1005
346,80,856
347,80,31
348,80,737
349,80,912
350,80,570
351,80,51
352,80,880
353,80,325
354,80,442
355,80,707
356,80,991
357,80,799
358,80,552
359,80,499
360,80,453
361,80,460
362,80,1012
363,80,147
364,80,1018
365,80,893
366,80,864
367,80,85
368,80,681
369,80,164
370,80,162
371,80,922
372,80,106
373,80,451
374,80,45
375,80,826
376,80,751
377,80,544
378,80,849
379,80,834
380,80,559
381,80,355
382,80,673
383,80,664
384,80,682
385,80,305
386,80,568
387,80,828
388,80,892
389,80,776
390,80,343
391,80,895
392,80,920
393,80,875
394,80,862
395,80,286
396,80,43
397,80,523
398,80,349
399,80,245
0,81,301
1,81,150
2,81,30
3,81,683
4,81,443
5,81,954
6,81,1006
7,81,669
8,81,311
9,81,463
10,81,557
11,81,105
12,81,187
13,81,785
14,81,698
15,81,618
16,81,784
17,81,1008
18,81,520
19,81,185
20,81,710
21,81,0
22,81,554
23,81,230
24,81,713
25,81,246
26,81,154
27,81,287
28,81,901
29,81,142
30,81,304
31,81,492
32,81,1013
33,81,48
34,81,643
35,81,149
36,81,440
37,81,380
38,81,906
39,81,717
40,81,997
41,81,603
42,81,665
43,81,107
44,81,67
45,81,867
46,81,911
47,81,6
48,81,540
49,81,767
50,81,524
51,81,915
52,81,783
53,81,487
54,81,933
55,81,1002
56,81,537
57,81,266
58,81,474
59,81,362
60,81,839
61,81,476
62,81,919
63,81,847
64,81,775
65,81,521
66,81,584
67,81,877
68,81,432
69,81,749
70,81,650
71,81,363
72,81,649
73,81,1010
74,81,215
75,81,506
76,81,616
77,81,297
78,81,516
79,81,779
80,81,891
81,81,755
82,81,356
83,81,99
84,81,283
85,81,538
86,81,983
87,81,155
88,81,966
89,81,686
90,81,973
91,81,170
92,81,814
93,81,220
94,81,890
95,81,887
96,81,252
97,81,883
98,81,435
99,81,617
100,81,924
101,81,770
102,81,560
103,81,652
104,81,539
105,81,614
106,81,137
107,81,267
108,81,239
109,81,654
110,81,81
111,81,449
112,81,60
113,81,790
114,81,434
115,81,450
116,81,62
117,81,44
118,81,101
119,81,606
120,81,868
121,81,431
122,81,730
123,81,748
124,81,176
125,81,334
126,81,102
127,81,484
128,81,375
129,81,264
130,81,812
131,81,985
132,81,16
133,81,518
134,81,619
135,81,47
136,81,224
137,81,978
138,81,482
139,81,243
140,81,250
141,81,724
142,81,607
143,81,114
144,81,173
145,81,723
146,81,852
147,81,242
148,81,190
149,81,96
150,81,955
151,81,550
152,81,534
153,81,319
154,81,75
155,81,695
156,81,11
157,81,952
158,81,635
159,81,786
160,81,104
161,81,504
162,81,120
163,81,98
164,81,433
165,81,35
166,81,277
167,81,838
168,81,961
169,81,531
170,81,462
171,81,473
172,81,298
173,81,165
174,81,865
175,81,854
176,81,115
177,81,663
178,81,878
179,81,326
180,81,1003
181,81,921
182,81,809
183,81,988
184,81,261
185,81,597
186,81,843
187,81,20
188,81,256
189,81,743
190,81,437
191,81,525
192,81,237
193,81,970
194,81,580
195,81,938
196,81,490
197,81,957
198,81,313
199,81,309
200,81,410
201,81,981
202,81,980
203,81,962
204,81,80
205,81,414
206,81,709
207,81,201
208,81,571
209,81,914
210,81,218
211,81,667
212,81,960
213,81,135
214,81,179
215,81,161
216,81,916
217,81,772
218,81,566
219,81,929
220,81,953
221,81,77
222,81,156
223,81,753
224,81,787
225,81,610
226,81,972
227,81,1020
228,81,171
229,81,908
230,81,251
231,81,27
232,81,36
233,81,184
234,81,857
235,81,219
236,81,29
237,81,157
238,81,996
239,81,421
240,81,205
241,81,494
242,81,58
243,81,794
244,81,532
245,81,989
246,81,777
247,81,393
248,81,112
249,81,318
250,81,373
251,81,982
252,81,700
253,81,88
254,81,148
255,81,160
256,81,345
257,81,976
258,81,5
259,81,965
260,81,34
261,81,646
262,81,763
263,81,509
264,81,827
265,81,429
266,81,127
267,81,235
268,81,9
269,81,627
270,81,390
271,81,555
272,81,350
273,81,223
274,81,549
275,81,214
276,81,226
277,81,545
278,81,503
279,81,797
280,81,951
281,81,294
282,81,216
283,81,869
284,81,193
285,81,204
286,81,930
287,81,697
288,81,842
289,81,515
290,81,213
291,81,202
292,81,656
293,81,140
294,81,541
295,81,630
296,81,392
297,81,535
298,81,241
299,81,93
300,81,454
301,81,739
302,81,41
303,81,662
304,81,511
305,81,12
306,81,821
307,81,386
308,81,379
309,81,420
310,81,725
311,81,527
312,81,315
313,81,333
314,81,837
315,81,813
316,81,119
317,81,424
318,81,668
319,81,728
320,81,959
321,81,632
322,81,992
323,81,496
324,81,8
325,81,197
326,81,381
327,81,658
328,81,132
329,81,925
330,81,110
331,81,285
332,81,894
333,81,689
334,81,792
335,81,369
336,81,228
337,81,236
338,81,70
339,81,701
340,81,947
341,81,699
342,81,464
343,81,39
344,81,54
345,81,1005
346,81,856
347,81,31
348,81,737
349,81,944
350,81,570
351,81,51
352,81,912
353,81,325
354,81,442
355,81,707
356,81,991
357,81,799
358,81,552
359,81,499
360,81,453
361,81,460
362,81,1012
363,81,147
364,81,1018
365,81,893
366,81,864
367,81,85
368,81,681
369,81,164
370,81,162
371,81,922
372,81,106
373,81,451
374,81,45
375,81,826
376,81,751
377,81,544
378,81,849
379,81,834
380,81,559
381,81,355
382,81,673
383,81,664
384,81,682
385,81,305
386,81,568
387,81,828
388,81,892
389,81,776
390,81,343
391,81,895
392,81,920
393,81,875
394,81,862
395,81,286
396,81,43
397,81,523
398,81,349
399,81,245
0,82,301
1,82,150
2,82,30
3,82,683
4,82,443
5,82,954
6,82,1006
7,82,669
8,82,311
9,82,463
10,82,557
11,82,105
12,82,186
13,82,786
14,82,698
15,82,618
16,82,784
17,82,1009
18,82,520
19,82,185
20,82,710
21,82,0
22,82,554
23,82,230
24,82,713
25,82,246
26,82,155
27,82,287
28,82,901
29,82,142
30,82,304
31,82,492
32,82,1013
33,82,48
34,82,643
35,82,149
36,82,440
37,82,380
38,82,906
39,82,717
40,82,997
41,82,603
42,82,665
43,82,107
44,82,67
45,82,867
46,82,911
47,82,6
48,82,540
49,82,767
50,82,524
51,82,915
52,82,783
53,82,487
54,82,933
55,82,1002
56,82,537
57,82,266
58,82,474
59,82,362
60,82,839
61,82,476
62,82,919
63,82,847
64,82,775
65,82,521
66,82,584
67,82,877
68,82,432
69,82,749
70,82,650
71,82,363
72,82,649
73,82,1010
74,82,215
75,82,506
76,82,616
77,82,297
78,82,548
79,82,779
80,82,891
81,82,755
82,82,356
83,82,99
84,82,283
85,82,538
86,82,983
87,82,187
88,82,966
89,82,686
90,82,973
91,82,170
92,82,814
93,82,220
94,82,890
95,82,887
96,82,252
97,82,883
98,82,435
99,82,617
100,82,924
101,82,770
102,82,560
103,82,652
104,82,539
105,82,614
106,82,137
107,82,267
108,82,239
109,82,654
110,82,81
111,82,449
112,82,60
113,82,790
114,82,434
115,82,450
116,82,62
117,82,44
118,82,101
119,82,606
120,82,868
121,82,431
122,82,730
123,82,748
124,82,176
125,82,334
126,82,102
127,82,516
128,82,375
129,82,264
130,82,812
131,82,985
132,82,16
133,82,518
134,82,619
135,82,47
136,82,224
137,82,978
138,82,482
139,82,243
140,82,250
141,82,724
142,82,607
143,82,114
144,82,173
145,82,723
146,82,852
147,82,242
148,82,190
149,82,96
150,82,955
151,82,550
152,82,534
153,82,319
154,82,75
155,82,695
156,82,11
157,82,952
158,82,635
159,82,754
160,82,104
161,82,504
162,82,120
163,82,98
164,82,433
165,82,35
166,82,277
167,82,838
168,82,961
169,82,531
170,82,462
171,82,473
172,82,298
173,82,165
174,82,865
175,82,854
176,82,115
177,82,663
178,82,878
179,82,326
180,82,1003
181,82,921
182,82,809
183,82,988
184,82,261
185,82,597
186,82,843
187,82,20
188,82,256
189,82,743
190,82,437
191,82,525
192,82,237
193,82,970
194,82,580
195,82,938
196,82,490
197,82,957
198,82,313
199,82,309
200,82,410
201,82,981
202,82,980
203,82,962
204,82,80
205,82,414
206,82,709
207,82,201
208,82,571
209,82,914
210,82,218
211,82,667
212,82,960
213,82,135
214,82,179
215,82,161
216,82,916
217,82,772
218,82,566
219,82,929
220,82,953
221,82,77
222,82,156
223,82,753
224,82,787
225,82,610
226,82,972
227,82,1020
228,82,171
229,82,908
230,82,251
231,82,27
232,82,36
233,82,184
234,82,857
235,82,219
236,82,29
237,82,157
238,82,996
239,82,421
240,82,205
241,82,494
242,82,58
243,82,794
244,82,532
245,82,989
246,82,777
247,82,393
248,82,112
249,82,318
250,82,373
251,82,982
252,82,700
253,82,88
254,82,148
255,82,160
256,82,345
257,82,1008
258,82,5
259,82,965
260,82,34
261,82,646
262,82,763
263,82,509
264,82,827
265,82,429
266,82,127
267,82,235
268,82,9
269,82,627
270,82,390
271,82,555
272,82,350
273,82,223
274,82,549
275,82,214
276,82,226
277,82,545
278,82,503
279,82,797
280,82,951
281,82,294
282,82,216
283,82,869
284,82,193
285,82,204
286,82,930
287,82,697
288,82,842
289,82,515
290,82,213
291,82,202
292,82,656
293,82,140
294,82,541
295,82,630
296,82,392
297,82,535
298,82,241
299,82,93
300,82,454
301,82,739
302,82,41
303,82,662
304,82,511
305,82,12
306,82,821
307,82,386
308,82,379
309,82,420
310,82,725
311,82,527
312,82,315
313,82,333
314,82,837
315,82,813
316,82,119
317,82,424
318,82,668
319,82,728
320,82,959
321,82,632
322,82,992
323,82,496
324,82,8
325,82,197
326,82,381
327,82,658
328,82,132
329,82,925
330,82,110
331,82,285
332,82,894
333,82,689
334,82,792
335,82,369
336,82,228
337,82,236
338,82,70
339,82,701
340,82,947
341,82,699
342,82,464
343,82,39
344,82,54
345,82,1005
346,82,856
347,82,31
348,82,737
349,82,976
350,82,570
351,82,51
352,82,912
353,82,325
354,82,442
355,82,707
356,82,991
357,82,799
358,82,552
359,82,499
360,82,453
361,82,460
362,82,1012
363,82,147
364,82,1018
365,82,893
366,82,864
367,82,85
368,82,681
369,82,164
370,82,162
371,82,922
372,82,106
373,82,451
374,82,45
375,82,826
376,82,751
377,82,544
378,82,849
379,82,834
380,82,559
381,82,355
382,82,673
383,82,664
384,82,682
385,82,305
386,82,568
387,82,828
388,82,892
389,82,776
390,82,343
391,82,895
392,82,920
393,82,875
394,82,862
395,82,286
396,82,43
397,82,523
398,82,349
399,82,245
0,83,301
1,83,150
2,83,30
3,83,683
4,83,443
5,83,954
6,83,1006
7,83,669
8,83,311
9,83,463
10,83,557
11,83,105
12,83,154
13,83,785
14,83,698
15,83,618
16,83,784
17,83,1008
18,83,520
19,83,185
20,83,710
21,83,0
22,83,554
23,83,230
24,83,713
25,83,246
26,83,155
27,83,287
28,83,901
29,83,142
30,83,304
31,83,492
32,83,1013
33,83,48
34,83,643
35,83,149
36,83,440
37,83,380
38,83,906
39,83,717
40,83,997
41,83,603
42,83,665
43,83,107
44,83,67
45,83,867
46,83,911
47,83,6
48,83,540
49,83,767
50,83,524
51,83,915
52,83,783
53,83,487
54,83,933
55,83,1002
56,83,537
57,83,266
58,83,474
59,83,362
60,83,839
61,83,476
62,83,919
63,83,847
64,83,775
65,83,521
66,83,584
67,83,877
68,83,432
69,83,749
70,83,650
71,83,363
72,83,649
73,83,1010
74,83,215
75,83,506
76,83,616
77,83,297
78,83,516
79,83,779
80,83,891
81,83,755
82,83,356
83,83,99
84,83,283
85,83,538
86,83,983
87,83,186
88,83,966
89,83,686
90,83,973
91,83,170
92,83,814
93,83,220
94,83,890
95,83,887
96,83,252
97,83,883
98,83,435
99,83,617
100,83,924
101,83,770
102,83,560
103,83,652
104,83,539
105,83,614
106,83,137
107,83,267
108,83,239
109,83,654
110,83,81
111,83,449
112,83,60
113,83,790
114,83,434
115,83,450
116,83,62
117,83,44
118,83,101
119,83,606
120,83,868
121,83,431
122,83,730
123,83,748
124,83,176
125,83,334
126,83,102
127,83,484
128,83,375
129,83,264
130,83,812
131,83,985
132,83,16
133,83,518
134,83,619
135,83,47
136,83,224
137,83,978
138,83,482
139,83,243
140,83,250
141,83,724
142,83,607
143,83,114
144,83,173
145,83,723
146,83,852
147,83,242
148,83,190
149,83,96
150,83,955
151,83,550
152,83,534
153,83,319
154,83,75
155,83,695
156,83,11
157,83,952
158,83,635
159,83,786
160,83,104
161,83,504
162,83,120
163,83,98
164,83,433
165,83,35
166,83,277
167,83,838
168,83,961
169,83,531
170,83,462
171,83,473
172,83,298
173,83,165
174,83,865
175,83,854
176,83,115
177,83,663
178,83,878
179,83,326
180,83,1003
181,83,921
182,83,809
183,83,988
184,83,261
185,83,597
186,83,843
187,83,20
188,83,256
189,83,743
190,83,437
191,83,525
192,83,237
193,83,970
194,83,580
195,83,938
196,83,490
197,83,957
198,83,313
199,83,309
200,83,410
201,83,981
202,83,980
203,83,962
204,83,80
205,83,414
206,83,709
207,83,201
208,83,571
209,83,914
210,83,218
211,83,667
212,83,960
213,83,135
214,83,179
215,83,161
216,83,916
217,83,772
218,83,566
219,83,929
220,83,953
221,83,77
222,83,156
223,83,753
224,83,787
225,83,610
226,83,972
227,83,1020
228,83,171
229,83,908
230,83,251
231,83,27
232,83,36
233,83,184
234,83,857
235,83,219
236,83,29
237,83,157
238,83,996
239,83,421
240,83,205
241,83,494
242,83,58
243,83,794
244,83,532
245,83,989
246,83,777
247,83,393
248,83,112
249,83,318
250,83,373
251,83,982
252,83,700
253,83,88
254,83,148
255,83,160
256,83,345
257,83,976
258,83,5
259,83,965
260,83,34
261,83,646
262,83,763
263,83,509
264,83,827
265,83,429
266,83,127
267,83,235
268,83,9
269,83,627
270,83,390
271,83,555
272,83,350
273,83,223
274,83,549
275,83,214
276,83,226
277,83,545
278,83,503
279,83,797
280,83,951
281,83,294
282,83,216
283,83,869
284,83,193
285,83,204
286,83,930
287,83,697
288,83,842
289,83,515
290,83,213
291,83,202
292,83,656
293,83,140
294,83,541
295,83,630
296,83,392
297,83,535
298,83,241
299,83,93
300,83,454
301,83,739
302,83,41
303,83,662
304,83,511
305,83,12
306,83,821
307,83,386
308,83,379
309,83,420
310,83,725
311,83,527
312,83,315
313,83,333
314,83,837
315,83,813
316,83,119
317,83,424
318,83,668
319,83,728
320,83,959
321,83,632
322,83,992
323,83,496
324,83,8
325,83,197
326,83,381
327,83,658
328,83,132
329,83,925
330,83,110
331,83,285
332,83,894
333,83,689
334,83,792
335,83,369
336,83,228
337,83,236
338,83,70
339,83,701
340,83,947
341,83,699
342,83,464
343,83,39
344,83,54
345,83,1005
346,83,856
347,83,31
348,83,737
349,83,977
350,83,570
351,83,51
352,83,912
353,83,325
354,83,442
355,83,707
356,83,991
357,83,799
358,83,552
359,83,499
360,83,453
361,83,460
362,83,1012
363,83,147
364,83,1018
365,83,893
366,83,864
367,83,85
368,83,681
369,83,164
370,83,162
371,83,922
372,83,106
373,83,451
374,83,45
375,83,826
376,83,751
377,83,544
378,83,849
379,83,834
380,83,559
381,83,355
382,83,673
383,83,664
384,83,682
385,83,305
386,83,568
387,83,828
388,83,892
389,83,776
390,83,343
391,83,895
392,83,920
393,83,875
394,83,862
395,83,286
396,83,43
397,83,523
398,83,349
399,83,245
0,84,301
1,84,150
2,84,30
3,84,683
4,84,443
5,84,954
6,84,1006
7,84,669
8,84,311
9,84,463
10,84,557
11,84,105
12,84,186
13,84,817
14,84,698
15,84,618
16,84,784
17,84,1008
18,84,520
19,84,185
20,84,710
21,84,0
22,84,554
23,84,230
24,84,713
25,84,246
26,84,155
27,84,287
28,84,901
29,84,142
30,84,304
31,84,492
32,84,1013
33,84,48
34,84,643
35,84,149
36,84,440
37,84,380
38,84,906
39,84,717
40,84,997
41,84,603
42,84,665
43,84,107
44,84,67
45,84,867
46,84,911
47,84,6
48,84,540
49,84,767
50,84,524
51,84,915
52,84,783
53,84,487
54,84,933
55,84,1002
56,84,537
57,84,266
58,84,474
59,84,362
60,84,839
61,84,476
62,84,919
63,84,847
64,84,775
65,84,521
66,84,584
67,84,877
68,84,432
69,84,749
70,84,650
71,84,363
72,84,649
73,84,1010
74,84,215
75,84,506
76,84,616
77,84,297
78,84,484
79,84,779
80,84,891
81,84,755
82,84,356
83,84,99
84,84,283
85,84,538
86,84,983
87,84,187
88,84,966
89,84,686
90,84,973
91,84,170
92,84,814
93,84,220
94,84,890
95,84,887
96,84,252
97,84,883
98,84,435
99,84,617
100,84,924
101,84,770
102,84,560
103,84,652
104,84,539
105,84,614
106,84,137
107,84,267
108,84,239
109,84,654
110,84,81
111,84,449
112,84,60
113,84,790
114,84,434
115,84,450
116,84,62
117,84,44
118,84,101
119,84,606
120,84,868
121,84,431
122,84,730
123,84,748
124,84,176
125,84,334
126,84,102
127,84,485
128,84,375
129,84,264
130,84,812
131,84,985
132,84,16
133,84,518
134,84,619
135,84,47
136,84,224
137,84,978
138,84,482
139,84,243
140,84,250
141,84,724
142,84,607
143,84,114
144,84,173
145,84,723
146,84,852
147,84,242
148,84,190
149,84,96
150,84,955
151,84,550
152,84,534
153,84,319
154,84,75
155,84,695
156,84,11
157,84,952
158,84,635
159,84,785
160,84,104
161,84,504
162,84,120
163,84,98
164,84,433
165,84,35
166,84,277
167,84,838
168,84,961
169,84,531
170,84,462
171,84,473
172,84,298
173,84,165
174,84,865
175,84,854
176,84,115
177,84,663
178,84,878
179,84,326
180,84,1003
181,84,921
182,84,809
183,84,988
184,84,261
185,84,597
186,84,843
187,84,20
188,84,256
189,84,743
190,84,437
191,84,525
192,84,237
193,84,970
194,84,580
195,84,938
196,84,490
197,84,957
198,84,313
199,84,309
200,84,410
201,84,981
202,84,980
203,84,962
204,84,80
205,84,414
206,84,709
207,84,201
208,84,571
209,84,914
210,84,218
211,84,667
212,84,960
213,84,135
214,84,179
215,84,161
216,84,916
217,84,772
218,84,566
219,84,929
220,84,953
221,84,77
222,84,156
223,84,753
224,84,787
225,84,610
226,84,972
227,84,1020
228,84,171
229,84,908
230,84,251
231,84,27
232,84,36
233,84,184
234,84,857
235,84,219
236,84,29
237,84,157
238,84,996
239,84,421
240,84,205
241,84,494
242,84,58
243,84,794
244,84,532
245,84,989
246,84,777
247,84,393
248,84,112
249,84,318
250,84,373
251,84,982
252,84,700
253,84,88
254,84,148
255,84,160
256,84,345
257,84,944
258,84,5
259,84,965
260,84,34
261,84,646
262,84,763
263,84,509
264,84,827
265,84,429
266,84,127
267,84,235
268,84,9
269,84,627
270,84,390
271,84,555
272,84,350
273,84,223
274,84,549
275,84,214
276,84,226
277,84,545
278,84,503
279,84,797
280,84,951
281,84,294
282,84,216
283,84,869
284,84,193
285,84,204
286,84,930
287,84,697
288,84,842
289,84,515
290,84,213
291,84,202
292,84,656
293,84,140
294,84,541
295,84,630
296,84,392
297,84,535
298,84,241
299,84,93
300,84,454
301,84,739
302,84,41
303,84,662
304,84,511
305,84,12
306,84,821
307,84,386
308,84,379
309,84,420
310,84,725
311,84,527
312,84,315
313,84,333
314,84,837
315,84,813
316,84,119
317,84,424
318,84,668
319,84,728
320,84,959
321,84,632
322,84,992
323,84,496
324,84,8
325,84,197
326,84,381
327,84,658
328,84,132
329,84,925
330,84,110
331,84,285
332,84,894
333,84,689
334,84,792
335,84,369
336,84,228
337,84,236
338,84,70
339,84,701
340,84,947
341,84,699
342,84,464
343,84,39
344,84,54
345,84,1005
346,84,856
347,84,31
348,84,737
349,84,976
350,84,570
351,84,51
352,84,912
353,84,325
354,84,442
355,84,707
356,84,991
357,84,799
358,84,552
359,84,499
360,84,453
361,84,460
362,84,1012
363,84,147
364,84,1018
365,84,893
366,84,864
367,84,85
368,84,681
369,84,164
370,84,162
371,84,922
372,84,106
373,84,451
374,84,45
375,84,826
376,84,751
377,84,544
378,84,849
379,84,834
380,84,559
381,84,355
382,84,673
383,84,664
384,84,682
385,84,305
386,84,568
387,84,828
388,84,892
389,84,776
390,84,343
391,84,895
392,84,920
393,84,875
394,84,862
395,84,286
396,84,43
397,84,523
398,84,349
399,84,245
0,85,301
1,85,150
2,85,30
3,85,683
4,85,443
5,85,954
6,85,1006
7,85,669
8,85,311
9,85,463
10,85,557
11,85,105
12,85,154
13,85,785
14,85,698
15,85,618
16,85,784
17,85,1008
18,85,520
19,85,185
20,85,710
21,85,0
22,85,554
23,85,230
24,85,713
25,85,246
26,85,155
27,85,287
28,85,901
29,85,142
30,85,304
31,85,492
32,85,1013
33,85,48
34,85,643
35,85,149
36,85,440
37,85,380
38,85,906
39,85,717
40,85,997
41,85,603
42,85,665
43,85,107
44,85,67
45,85,867
46,85,911
47,85,6
48,85,540
49,85,767
50,85,524
51,85,915
52,85,783
53,85,487
54,85,933
55,85,1002
56,85,537
57,85,266
58,85,474
59,85,362
60,85,839
61,85,476
62,85,919
63,85,847
64,85,775
65,85,521
66,85,584
67,85,877
68,85,432
69,85,749
70,85,650
71,85,363
72,85,649
73,85,1010
74,85,215
75,85,506
76,85,616
77,85,297
78,85,516
79,85,779
80,85,891
81,85,755
82,85,356
83,85,99
84,85,283
85,85,538
86,85,983
87,85,186
88,85,966
89,85,686
90,85,973
91,85,170
92,85,814
93,85,220
94,85,890
95,85,887
96,85,252
97,85,883
98,85,435
99,85,617
100,85,924
101,85,770
102,85,560
103,85,652
104,85,539
105,85,614
106,85,137
107,85,267
108,85,239
109,85,654
110,85,81
111,85,449
112,85,60
113,85,790
114,85,434
115,85,450
116,85,62
117,85,44
118,85,101
119,85,606
120,85,868
121,85,431
122,85,730
123,85,748
124,85,176
125,85,334
126,85,102
127,85,484
128,85,375
129,85,264
130,85,812
131,85,985
132,85,16
133,85,518
134,85,619
135,85,47
136,85,224
137,85,978
138,85,482
139,85,243
140,85,250
141,85,724
142,85,607
143,85,114
144,85,173
145,85,723
146,85,852
147,85,242
148,85,190
149,85,96
150,85,955
151,85,550
152,85,534
153,85,319
154,85,75
155,85,695
156,85,11
157,85,952
158,85,635
159,85,786
160,85,104
161,85,504
162,85,120
163,85,98
164,85,433
165,85,35
166,85,277
167,85,838
168,85,961
169,85,531
170,85,462
171,85,473
172,85,298
173,85,165
174,85,865
175,85,854
176,85,115
177,85,663
178,85,878
179,85,326
180,85,1003
181,85,921
182,85,809
183,85,988
184,85,261
185,85,597
186,85,843
187,85,20
188,85,256
189,85,743
190,85,437
191,85,525
192,85,237
193,85,970
194,85,580
195,85,938
196,85,490
197,85,957
198,85,313
199,85,309
200,85,410
201,85,981
202,85,980
203,85,962
204,85,80
205,85,414
206,85,709
207,85,201
208,85,571
209,85,914
210,85,218
211,85,667
212,85,960
213,85,135
214,85,179
215,85,161
216,85,916
217,85,772
218,85,566
219,85,929
220,85,953
221,85,77
222,85,156
223,85,753
224,85,787
225,85,610
226,85,972
227,85,1020
228,85,171
229,85,908
230,85,251
231,85,27
232,85,36
233,85,184
234,85,857
235,85,219
236,85,29
237,85,157
238,85,996
239,85,421
240,85,205
241,85,494
242,85,58
243,85,794
244,85,532
245,85,989
246,85,777
247,85,393
248,85,112
249,85,318
250,85,373
251,85,982
252,85,700
253,85,88
254,85,148
255,85,160
256,85,345
257,85,944
258,85,5
259,85,965
260,85,34
261,85,646
262,85,763
263,85,509
264,85,827
265,85,429
266,85,127
267,85,235
268,85,9
269,85,627
270,85,390
271,85,555
272,85,350
273,85,223
274,85,549
275,85,214
276,85,226
277,85,545
278,85,503
279,85,797
280,85,951
281,85,294
282,85,216
283,85,869
284,85,193
285,85,204
286,85,930
287,85,697
288,85,842
289,85,515
290,85,213
291,85,202
292,85,656
293,85,140
294,85,541
295,85,630
296,85,392
297,85,535
298,85,241
299,85,93
300,85,454
301,85,739
302,85,41
303,85,662
304,85,511
305,85,12
306,85,821
307,85,386
308,85,379
309,85,420
310,85,725
311,85,527
312,85,315
313,85,333
314,85,837
315,85,813
316,85,119
317,85,424
318,85,668
319,85,728
320,85,959
321,85,632
322,85,992
323,85,496
324,85,8
325,85,197
326,85,381
327,85,658
328,85,132
329,85,925
330,85,110
331,85,285
332,85,894
333,85,689
334,85,792
335,85,369
336,85,228
337,85,236
338,85,70
339,85,701
340,85,947
341,85,699
342,85,464
343,85,39
344,85,54
345,85,1005
346,85,856
347,85,31
348,85,737
349,85,976
350,85,570
351,85,51
352,85,912
353,85,325
354,85,442
355,85,707
356,85,991
357,85,799
358,85,552
359,85,499
360,85,453
361,85,460
362,85,1012
363,85,147
364,85,1018
365,85,893
366,85,864
367,85,85
368,85,681
369,85,164
370,85,162
371,85,922
372,85,106
373,85,451
374,85,45
375,85,826
376,85,751
377,85,544
378,85,849
379,85,834
380,85,559
381,85,355
382,85,673
383,85,664
384,85,682
385,85,305
386,85,568
387,85,828
388,85,892
389,85,776
390,85,343
391,85,895
392,85,920
393,85,875
394,85,862
395,85,286
396,85,43
397,85,523
398,85,349
399,85,245
0,86,301
1,86,150
2,86,30
3,86,683
4,86,443
5,86,954
6,86,1006
7,86,669
8,86,311
9,86,463
10,86,557
11,86,105
12,86,186
13,86,817
14,86,698
15,86,618
16,86,784
17,86,1008
18,86,520
19,86,185
20,86,710
21,86,0
22,86,554
23,86,230
24,86,713
25,86,246
26,86,155
27,86,287
28,86,901
29,86,142
30,86,304
31,86,492
32,86,1013
33,86,48
34,86,643
35,86,149
36,86,440
37,86,380
38,86,906
39,86,717
40,86,997
41,86,603
42,86,665
43,86,107
44,86,67
45,86,867
46,86,911
47,86,6
48,86,540
49,86,767
50,86,524
51,86,915
52,86,783
53,86,487
54,86,933
55,86,1002
56,86,537
57,86,266
58,86,474
59,86,362
60,86,839
61,86,476
62,86,919
63,86,847
64,86,775
65,86,521
66,86,584
67,86,877
68,86,432
69,86,749
70,86,650
71,86,363
72,86,649
73,86,1010
74,86,215
75,86,506
76,86,616
77,86,297
78,86,516
79,86,779
80,86,891
81,86,755
82,86,356
83,86,99
84,86,283
85,86,538
86,86,983
87,86,187
88,86,966
89,86,686
90,86,973
91,86,170
92,86,814
93,86,220
94,86,890
95,86,887
96,86,252
97,86,883
98,86,435
99,86,617
100,86,924
101,86,770
102,86,560
103,86,652
104,86,539
105,86,614
106,86,137
107,86,267
108,86,239
109,86,654
110,86,81
111,86,449
112,86,60
113,86,790
114,86,434
115,86,450
116,86,62
117,86,44
118,86,101
119,86,606
120,86,868
121,86,431
122,86,730
123,86,748
124,86,176
125,86,334
126,86,102
127,86,484
128,86,375
129,86,264
130,86,812
131,86,985
132,86,16
133,86,518
134,86,619
135,86,47
136,86,224
137,86,978
138,86,482
139,86,243
140,86,250
141,86,724
142,86,607
143,86,114
144,86,173
145,86,723
146,86,852
147,86,242
148,86,190
149,86,96
150,86,955
151,86,550
152,86,534
153,86,319
154,86,75
155,86,695
156,86,11
157,86,952
158,86,635
159,86,785
160,86,104
161,86,504
162,86,120
163,86,98
164,86,433
165,86,35
166,86,277
167,86,838
168,86,961
169,86,531
170,86,462
171,86,473
172,86,298
173,86,165
174,86,865
175,86,854
176,86,115
177,86,663
178,86,878
179,86,326
180,86,1003
181,86,921
182,86,809
183,86,988
184,86,261
185,86,597
186,86,843
187,86,20
188,86,256
189,86,743
190,86,437
191,86,525
192,86,237
193,86,970
194,86,580
195,86,938
196,86,490
197,86,957
198,86,313
199,86,309
200,86,410
201,86,981
202,86,980
203,86,962
204,86,80
205,86,414
206,86,709
207,86,201
208,86,571
209,86,914
210,86,218
211,86,667
212,86,960
213,86,135
214,86,179
215,86,161
216,86,916
217,86,772
218,86,566
219,86,929
220,86,953
221,86,77
222,86,156
223,86,753
224,86,787
225,86,610
226,86,972
227,86,1020
228,86,171
229,86,908
230,86,251
231,86,27
232,86,36
233,86,184
234,86,857
235,86,219
236,86,29
237,86,157
238,86,996
239,86,421
240,86,205
241,86,494
242,86,58
243,86,794
244,86,532
245,86,989
246,86,777
247,86,393
248,86,112
249,86,318
250,86,373
251,86,982
252,86,700
253,86,88
254,86,148
255,86,160
256,86,345
257,86,944
258,86,5
259,86,965
260,86,34
261,86,646
262,86,763
263,86,509
264,86,827
265,86,429
266,86,127
267,86,235
268,86,9
269,86,627
270,86,390
271,86,555
272,86,350
273,86,223
274,86,549
275,86,214
276,86,226
277,86,545
278,86,503
279,86,797
280,86,951
281,86,294
282,86,216
283,86,869
284,86,193
285,86,204
286,86,930
287,86,697
288,86,842
289,86,515
290,86,213
291,86,202
292,86,656
293,86,140
294,86,541
295,86,630
296,86,392
297,86,535
298,86,241
299,86,93
300,86,454
301,86,739
302,86,41
303,86,662
304,86,511
305,86,12
306,86,821
307,86,386
308,86,379
309,86,420
310,86,725
311,86,527
312,86,315
313,86,333
314,86,837
315,86,813
316,86,119
317,86,424
318,86,668
319,86,728
320,86,959
321,86,632
322,86,992
323,86,496
324,86,8
325,86,197
326,86,381
327,86,658
328,86,132
329,86,925
330,86,110
331,86,285
332,86,894
333,86,689
334,86,792
335,86,369
336,86,228
337,86,236
338,86,70
339,86,701
340,86,947
341,86,699
342,86,464
343,86,39
344,86,54
345,86,1005
346,86,856
347,86,31
348,86,737
349,86,976
350,86,570
351,86,51
352,86,912
353,86,325
354,86,442
355,86,707
356,86,991
357,86,799
358,86,552
359,86,499
360,86,453
361,86,460
362,86,1012
363,86,147
364,86,1018
365,86,893
366,86,864
367,86,85
368,86,681
369,86,164
370,86,162
371,86,922
372,86,106
373,86,451
374,86,45
375,86,826
376,86,751
377,86,544
378,86,849
379,86,834
380,86,559
381,86,355
382,86,673
383,86,664
384,86,682
385,86,305
386,86,568
387,86,828
388,86,892
389,86,776
390,86,343
391,86,895
392,86,920
393,86,875
394,86,862
395,86,286
396,86,43
397,86,523
398,86,349
399,86,245
0,87,301
1,87,150
2,87,30
3,87,683
4,87,443
5,87,954
6,87,1006
7,87,669
8,87,311
9,87,463
10,87,557
11,87,105
12,87,187
13,87,785
14,87,698
15,87,618
16,87,784
17,87,1008
18,87,520
19,87,185
20,87,710
21,87,0
22,87,554
23,87,230
24,87,713
25,87,246
26,87,154
27,87,287
28,87,901
29,87,142
30,87,304
31,87,492
32,87,1013
33,87,48
34,87,643
35,87,149
36,87,440
37,87,380
38,87,906
39,87,717
40,87,997
41,87,603
42,87,665
43,87,107
44,87,67
45,87,867
46,87,911
47,87,6
48,87,540
49,87,767
50,87,524
51,87,915
52,87,783
53,87,487
54,87,933
55,87,1002
56,87,537
57,87,266
58,87,474
59,87,362
60,87,839
61,87,476
62,87,919
63,87,847
64,87,775
65,87,521
66,87,584
67,87,877
68,87,432
69,87,749
70,87,650
71,87,363
72,87,649
73,87,1010
74,87,215
75,87,506
76,87,616
77,87,297
78,87,484
79,87,779
80,87,891
81,87,755
82,87,356
83,87,99
84,87,283
85,87,538
86,87,983
87,87,155
88,87,966
89,87,686
90,87,973
91,87,170
92,87,814
93,87,220
94,87,890
95,87,887
96,87,252
97,87,883
98,87,435
99,87,617
100,87,924
101,87,770
102,87,560
103,87,652
104,87,539
105,87,614
106,87,137
107,87,267
108,87,239
109,87,654
110,87,81
111,87,449
112,87,60
113,87,790
114,87,434
115,87,450
116,87,62
117,87,44
118,87,101
119,87,606
120,87,868
121,87,431
122,87,730
123,87,748
124,87,176
125,87,334
126,87,102
127,87,485
128,87,375
129,87,264
130,87,812
131,87,985
132,87,16
133,87,518
134,87,619
135,87,47
136,87,224
137,87,978
138,87,482
139,87,243
140,87,250
141,87,724
142,87,607
143,87,114
144,87,173
145,87,723
146,87,852
147,87,242
148,87,190
149,87,96
150,87,955
151,87,550
152,87,534
153,87,319
154,87,75
155,87,695
156,87,11
157,87,952
158,87,635
159,87,786
160,87,104
161,87,504
162,87,120
163,87,98
164,87,433
165,87,35
166,87,277
167,87,838
168,87,961
169,87,531
170,87,462
171,87,473
172,87,298
173,87,165
174,87,865
175,87,854
176,87,115
177,87,663
178,87,878
179,87,326
180,87,1003
181,87,921
182,87,809
183,87,988
184,87,261
185,87,597
186,87,843
187,87,20
188,87,256
189,87,743
190,87,437
191,87,525
192,87,237
193,87,970
194,87,580
195,87,938
196,87,490
197,87,957
198,87,313
199,87,309
200,87,410
201,87,981
202,87,980
203,87,962
204,87,80
205,87,414
206,87,709
207,87,201
208,87,571
209,87,914
210,87,218
211,87,667
212,87,960
213,87,135
214,87,179
215,87,161
216,87,916
217,87,772
218,87,566
219,87,929
220,87,953
221,87,77
222,87,156
223,87,753
224,87,787
225,87,610
226,87,972
227,87,1020
228,87,171
229,87,908
230,87,251
231,87,27
232,87,36
233,87,184
234,87,857
235,87,219
236,87,29
237,87,157
238,87,996
239,87,421
240,87,205
241,87,494
242,87,58
243,87,794
244,87,532
245,87,989
246,87,777
247,87,393
248,87,112
249,87,318
250,87,373
251,87,982
252,87,700
253,87,88
254,87,148
255,87,160
256,87,345
257,87,944
258,87,5
259,87,965
260,87,34
261,87,646
262,87,763
263,87,509
264,87,827
265,87,429
266,87,127
267,87,235
268,87,9
269,87,627
270,87,390
271,87,555
272,87,350
273,87,223
274,87,549
275,87,214
276,87,226
277,87,545
278,87,503
279,87,797
280,87,951
281,87,294
282,87,216
283,87,869
284,87,193
285,87,204
286,87,930
287,87,697
288,87,842
289,87,515
290,87,213
291,87,202
292,87,656
293,87,140
294,87,541
295,87,630
296,87,392
297,87,535
298,87,241
299,87,93
300,87,454
301,87,739
302,87,41
303,87,662
304,87,511
305,87,12
306,87,821
307,87,386
308,87,379
309,87,420
310,87,725
311,87,527
312,87,315
313,87,333
314,87,837
315,87,813
316,87,119
317,87,424
318,87,668
319,87,728
320,87,959
321,87,632
322,87,992
323,87,496
324,87,8
325,87,197
326,87,381
327,87,658
328,87,132
329,87,925
330,87,110
331,87,285
332,87,894
333,87,689
334,87,792
335,87,369
336,87,228
337,87,236
338,87,70
339,87,701
340,87,947
341,87,699
342,87,464
343,87,39
344,87,54
345,87,1005
346,87,856
347,87,31
348,87,737
349,87,976
350,87,570
351,87,51
352,87,912
353,87,325
354,87,442
355,87,707
356,87,991
357,87,799
358,87,552
359,87,499
360,87,453
361,87,460
362,87,1012
363,87,147
364,87,1018
365,87,893
366,87,864
367,87,85
368,87,681
369,87,164
370,87,162
371,87,922
372,87,106
373,87,451
374,87,45
375,87,826
376,87,751
377,87,544
378,87,849
379,87,834
380,87,559
381,87,355
382,87,673
383,87,664
384,87,682
385,87,305
386,87,568
387,87,828
388,87,892
389,87,776
390,87,343
391,87,895
392,87,920
393,87,875
394,87,862
395,87,286
396,87,43
397,87,523
398,87,349
399,87,245
0,88,301
1,88,150
2,88,30
3,88,683
4,88,443
5,88,954
6,88,1006
7,88,669
8,88,311
9,88,463
10,88,557
11,88,105
12,88,186
13,88,786
14,88,698
15,88,618
16,88,784
17,88,1008
18,88,520
19,88,185
20,88,710
21,88,0
22,88,554
23,88,230
24,88,713
25,88,246
26,88,155
27,88,287
28,88,901
29,88,142
30,88,304
31,88,492
32,88,1013
33,88,48
34,88,643
35,88,149
36,88,440
37,88,380
38,88,906
39,88,717
40,88,997
41,88,603
42,88,665
43,88,107
44,88,67
45,88,867
46,88,911
47,88,6
48,88,540
49,88,767
50,88,524
51,88,915
52,88,783
53,88,487
54,88,933
55,88,1002
56,88,537
57,88,266
58,88,474
59,88,362
60,88,839
61,88,476
62,88,919
63,88,847
64,88,775
65,88,521
66,88,584
67,88,877
68,88,432
69,88,749
70,88,650
71,88,363
72,88,649
73,88,1010
74,88,215
75,88,506
76,88,616
77,88,297
78,88,484
79,88,779
80,88,891
81,88,755
82,88,356
83,88,99
84,88,283
85,88,538
86,88,983
87,88,187
88,88,966
89,88,686
90,88,973
91,88,170
92,88,814
93,88,220
94,88,890
95,88,887
96,88,252
97,88,883
98,88,435
99,88,617
100,88,924
101,88,770
102,88,560
103,88,652
104,88,539
105,88,614
106,88,137
107,88,267
108,88,239
109,88,654
110,88,81
111,88,449
112,88,60
113,88,790
114,88,434
115,88,450
116,88,62
117,88,44
118,88,101
119,88,606
120,88,868
121,88,431
122,88,730
123,88,748
124,88,176
125,88,334
126,88,102
127,88,517
128,88,375
129,88,264
130,88,812
131,88,985
132,88,16
133,88,518
134,88,619
135,88,47
136,88,224
137,88,978
138,88,482
139,88,243
140,88,250
141,88,724
142,88,607
143,88,114
144,88,173
145,88,723
146,88,852
147,88,242
148,88,190
149,88,96
150,88,955
151,88,550
152,88,534
153,88,319
154,88,75
155,88,695
156,88,11
157,88,952
158,88,635
159,88,754
160,88,104
161,88,504
162,88,120
163,88,98
164,88,433
165,88,35
166,88,277
167,88,838
168,88,961
169,88,531
170,88,462
171,88,473
172,88,298
173,88,165
174,88,865
175,88,854
176,88,115
177,88,663
178,88,878
179,88,326
180,88,1003
181,88,921
182,88,809
183,88,988
184,88,261
185,88,597
186,88,843
187,88,20
188,88,256
189,88,743
190,88,437
191,88,525
192,88,237
193,88,970
194,88,580
195,88,938
196,88,490
197,88,957
198,88,313
199,88,309
200,88,410
201,88,981
202,88,980
203,88,962
204,88,80
205,88,414
206,88,709
207,88,201
208,88,571
209,88,914
210,88,218
211,88,667
212,88,960
213,88,135
214,88,179
215,88,161
216,88,916
217,88,772
218,88,566
219,88,929
220,88,953
221,88,77
222,88,156
223,88,753
224,88,787
225,88,610
226,88,972
227,88,1020
228,88,171
229,88,908
230,88,251
231,88,27
232,88,36
233,88,184
234,88,857
235,88,219
236,88,29
237,88,157
238,88,996
239,88,421
240,88,205
241,88,494
242,88,58
243,88,794
244,88,532
245,88,989
246,88,777
247,88,393
248,88,112
249,88,318
250,88,373
251,88,982
252,88,700
253,88,88
254,88,148
255,88,160
256,88,345
257,88,944
258,88,5
259,88,965
260,88,34
261,88,646
262,88,763
263,88,509
264,88,827
265,88,429
266,88,127
267,88,235
268,88,9
269,88,627
270,88,390
271,88,555
272,88,350
273,88,223
274,88,549
275,88,214
276,88,226
277,88,545
278,88,503
279,88,797
280,88,951
281,88,294
282,88,216
283,88,869
284,88,193
285,88,204
286,88,930
287,88,697
288,88,842
289,88,515
290,88,213
291,88,202
292,88,656
293,88,140
294,88,541
295,88,630
296,88,392
297,88,535
298,88,241
299,88,93
300,88,454
301,88,739
302,88,41
303,88,662
304,88,511
305,88,12
306,88,821
307,88,386
308,88,379
309,88,420
310,88,725
311,88,527
312,88,315
313,88,333
314,88,837
315,88,813
316,88,119
317,88,424
318,88,668
319,88,728
320,88,959
321,88,632
322,88,992
323,88,496
324,88,8
325,88,197
326,88,381
327,88,658
328,88,132
329,88,925
330,88,110
331,88,285
332,88,894
333,88,689
334,88,792
335,88,369
336,88,228
337,88,236
338,88,70
339,88,701
340,88,947
341,88,699
342,88,464
343,88,39
344,88,54
345,88,1005
346,88,856
347,88,31
348,88,737
349,88,976
350,88,570
351,88,51
352,88,912
353,88,325
354,88,442
355,88,707
356,88,991
357,88,799
358,88,552
359,88,499
360,88,453
361,88,460
362,88,1012
363,88,147
364,88,1018
365,88,893
366,88,864
367,88,85
368,88,681
369,88,164
370,88,162
371,88,922
372,88,106
373,88,451
374,88,45
375,88,826
376,88,751
377,88,544
378,88,849
379,88,834
380,88,559
381,88,355
382,88,673
383,88,664
384,88,682
385,88,305
386,88,568
387,88,828
388,88,892
389,88,776
390,88,343
391,88,895
392,88,920
393,88,875
394,88,862
395,88,286
396,88,43
397,88,523
398,88,349
399,88,245
0,89,301
1,89,150
2,89,30
3,89,683
4,89,443
5,89,954
6,89,1006
7,89,669
8,89,311
9,89,463
10,89,557
11,89,105
12,89,154
13,89,785
14,89,698
15,89,618
16,89,784
17,89,1008
18,89,520
19,89,185
20,89,710
21,89,0
22,89,554
23,89,230
24,89,713
25,89,246
26,89,155
27,89,287
28,89,901
29,89,142
30,89,304
31,89,492
32,89,1013
33,89,48
34,89,643
35,89,149
36,89,440
37,89,380
38,89,906
39,89,717
40,89,997
41,89,603
42,89,665
43,89,107
44,89,67
45,89,867
46,89,911
47,89,6
48,89,540
49,89,767
50,89,524
51,89,915
52,89,783
53,89,487
54,89,933
55,89,1002
56,89,537
57,89,266
58,89,474
59,89,362
60,89,839
61,89,476
62,89,919
63,89,847
64,89,775
65,89,521
66,89,584
67,89,877
68,89,432
69,89,749
70,89,650
71,89,363
72,89,649
73,89,1010
74,89,215
75,89,506
76,89,616
77,89,297
78,89,484
79,89,779
80,89,891
81,89,755
82,89,356
83,89,99
84,89,283
85,89,538
86,89,983
87,89,186
88,89,966
89,89,686
90,89,973
91,89,170
92,89,814
93,89,220
94,89,890
95,89,887
96,89,252
97,89,883
98,89,435
99,89,617
100,89,924
101,89,770
102,89,560
103,89,652
104,89,539
105,89,614
106,89,137
107,89,267
108,89,239
109,89,654
110,89,81
111,89,449
112,89,60
113,89,790
114,89,434
115,89,450
116,89,62
117,89,44
118,89,101
119,89,606
120,89,868
121,89,431
122,89,730
123,89,748
124,89,176
125,89,334
126,89,102
127,89,516
128,89,375
129,89,264
130,89,812
131,89,985
132,89,16
133,89,518
134,89,619
135,89,47
136,89,224
137,89,978
138,89,482
139,89,243
140,89,250
141,89,724
142,89,607
143,89,114
144,89,173
145,89,723
146,89,852
147,89,242
148,89,190
149,89,96
150,89,955
151,89,550
152,89,534
153,89,319
154,89,75
155,89,695
156,89,11
157,89,952
158,89,635
159,89,786
160,89,104
161,89,504
162,89,120
163,89,98
164,89,433
165,89,35
166,89,277
167,89,838
168,89,961
169,89,531
170,89,462
171,89,473
172,89,298
173,89,165
174,89,865
175,89,854
176,89,115
177,89,663
178,89,878
179,89,326
180,89,1003
181,89,921
182,89,809
183,89,988
184,89,261
185,89,597
186,89,843
187,89,20
188,89,256
189,89,743
190,89,437
191,89,525
192,89,237
193,89,970
194,89,580
195,89,938
196,89,490
197,89,957
198,89,313
199,89,309
200,89,410
201,89,981
202,89,980
203,89,962
204,89,80
205,89,414
206,89,709
207,89,201
208,89,571
209,89,914
210,89,218
211,89,667
212,89,960
213,89,135
214,89,179
215,89,161
216,89,916
217,89,772
218,89,566
219,89,929
220,89,953
221,89,77
222,89,156
223,89,753
224,89,787
225,89,610
226,89,972
227,89,1020
228,89,171
229,89,908
230,89,251
231,89,27
232,89,36
233,89,184
234,89,857
235,89,219
236,89,29
237,89,157
238,89,996
239,89,421
240,89,205
241,89,494
242,89,58
243,89,794
244,89,532
245,89,989
246,89,777
247,89,393
248,89,112
249,89,318
250,89,373
251,89,982
252,89,700
253,89,88
254,89,148
255,89,160
256,89,345
257,89,944
258,89,5
259,89,965
260,89,34
261,89,646
262,89,763
263,89,509
264,89,827
265,89,429
266,89,127
267,89,235
268,89,9
269,89,627
270,89,390
271,89,555
272,89,350
273,89,223
274,89,549
275,89,214
276,89,226
277,89,545
278,89,503
279,89,797
280,89,951
281,89,294
282,89,216
283,89,869
284,89,193
285,89,204
286,89,930
287,89,697
288,89,842
289,89,515
290,89,213
291,89,202
292,89,656
293,89,140
294,89,541
295,89,630
296,89,392
297,89,535
298,89,241
299,89,93
300,89,454
301,89,739
302,89,41
303,89,662
304,89,511
305,89,12
306,89,821
307,89,386
308,89,379
309,89,420
310,89,725
311,89,527
312,89,315
313,89,333
314,89,837
315,89,813
316,89,119
317,89,424
318,89,668
319,89,728
320,89,959
321,89,632
322,89,992
323,89,496
324,89,8
325,89,197
326,89,381
327,89,658
328,89,132
329,89,925
330,89,110
331,89,285
332,89,894
333,89,689
334,89,792
335,89,369
336,89,228
337,89,236
338,89,70
339,89,701
340,89,947
341,89,699
342,89,464
343,89,39
344,89,54
345,89,1005
346,89,856
347,89,31
348,89,737
349,89,976
350,89,570
351,89,51
352,89,912
353,89,325
354,89,442
355,89,707
356,89,991
357,89,799
358,89,552
359,89,499
360,89,453
361,89,460
362,89,1012
363,89,147
364,89,1018
365,89,893
366,89,864
367,89,85
368,89,681
369,89,164
370,89,162
371,89,922
372,89,106
373,89,451
374,89,45
375,89,826
376,89,751
377,89,544
378,89,849
379,89,834
380,89,559
381,89,355
382,89,673
383,89,664
384,89,682
385,89,305
386,89,568
387,89,828
388,89,892
389,89,776
390,89,343
391,89,895
392,89,920
393,89,875
394,89,862
395,89,286
396,89,43
397,89,523
398,89,349
399,89,245
0,90,301
1,90,150
2,90,30
3,90,683
4,90,443
5,90,954
6,90,1006
7,90,669
8,90,311
9,90,463
10,90,557
11,90,105
12,90,186
13,90,785
14,90,698
15,90,618
16,90,784
17,90,1008
18,90,520
19,90,185
20,90,710
21,90,0
22,90,554
23,90,230
24,90,713
25,90,246
26,90,155
27,90,287
28,90,901
29,90,142
30,90,304
31,90,492
32,90,1013
33,90,48
34,90,643
35,90,149
36,90,440
37,90,380
38,90,906
39,90,717
40,90,997
41,90,603
42,90,665
43,90,107
44,90,67
45,90,867
46,90,911
47,90,6
48,90,540
49,90,767
50,90,524
51,90,915
52,90,783
53,90,487
54,90,933
55,90,1002
56,90,537
57,90,266
58,90,474
59,90,362
60,90,839
61,90,476
62,90,919
63,90,847
64,90,775
65,90,521
66,90,584
67,90,877
68,90,432
69,90,749
70,90,650
71,90,363
72,90,649
73,90,1010
74,90,215
75,90,506
76,90,616
77,90,297
78,90,484
79,90,779
80,90,891
81,90,755
82,90,356
83,90,99
84,90,283
85,90,538
86,90,983
87,90,187
88,90,966
89,90,686
90,90,973
91,90,170
92,90,814
93,90,220
94,90,890
95,90,887
96,90,252
97,90,883
98,90,435
99,90,617
100,90,924
101,90,770
102,90,560
103,90,652
104,90,539
105,90,614
106,90,137
107,90,267
108,90,239
109,90,654
110,90,81
111,90,449
112,90,60
113,90,790
114,90,434
115,90,450
116,90,62
117,90,44
118,90,101
119,90,606
120,90,868
121,90,431
122,90,730
123,90,748
124,90,176
125,90,334
126,90,102
127,90,516
128,90,375
129,90,264
130,90,812
131,90,985
132,90,16
133,90,518
134,90,619
135,90,47
136,90,224
137,90,978
138,90,482
139,90,243
140,90,250
141,90,724
142,90,607
143,90,114
144,90,173
145,90,723
146,90,852
147,90,242
148,90,190
149,90,96
150,90,955
151,90,550
152,90,534
153,90,319
154,90,75
155,90,695
156,90,11
157,90,952
158,90,635
159,90,786
160,90,104
161,90,504
162,90,120
163,90,98
164,90,433
165,90,35
166,90,277
167,90,838
168,90,961
169,90,531
170,90,462
171,90,473
172,90,298
173,90,165
174,90,865
175,90,854
176,90,115
177,90,663
178,90,878
179,90,326
180,90,1003
181,90,921
182,90,809
183,90,988
184,90,261
185,90,597
186,90,843
187,90,20
188,90,256
189,90,743
190,90,437
191,90,525
192,90,237
193,90,970
194,90,580
195,90,938
196,90,490
197,90,957
198,90,313
199,90,309
200,90,410
201,90,981
202,90,980
203,90,962
204,90,80
205,90,414
206,90,709
207,90,201
208,90,571
209,90,914
210,90,218
211,90,667
212,90,960
213,90,135
214,90,179
215,90,161
216,90,916
217,90,772
218,90,566
219,90,929
220,90,953
221,90,77
222,90,156
223,90,753
224,90,787
225,90,610
226,90,972
227,90,1020
228,90,171
229,90,908
230,90,251
231,90,27
232,90,36
233,90,184
234,90,857
235,90,219
236,90,29
237,90,157
238,90,996
239,90,421
240,90,205
241,90,494
242,90,58
243,90,794
244,90,532
245,90,989
246,90,777
247,90,393
248,90,112
249,90,318
250,90,373
251,90,982
252,90,700
253,90,88
254,90,148
255,90,160
256,90,345
257,90,944
258,90,5
259,90,965
260,90,34
261,90,646
262,90,763
263,90,509
264,90,827
265,90,429
266,90,127
267,90,235
268,90,9
269,90,627
270,90,390
271,90,555
272,90,350
273,90,223
274,90,549
275,90,214
276,90,226
277,90,545
278,90,503
279,90,797
280,90,951
281,90,294
282,90,216
283,90,869
284,90,193
285,90,204
286,90,930
287,90,697
288,90,842
289,90,515
290,90,213
291,90,202
292,90,656
293,90,140
294,90,541
295,90,630
296,90,392
297,90,535
298,90,241
299,90,93
300,90,454
301,90,739
302,90,41
303,90,662
304,90,511
305,90,12
306,90,821
307,90,386
308,90,379
309,90,420
310,90,725
311,90,527
312,90,315
313,90,333
314,90,837
315,90,813
316,90,119
317,90,424
318,90,668
319,90,728
320,90,959
321,90,632
322,90,992
323,90,496
324,90,8
325,90,197
326,90,381
327,90,658
328,90,132
329,90,925
330,90,110
331,90,285
332,90,894
333,90,689
334,90,792
335,90,369
336,90,228
337,90,236
338,90,70
339,90,701
340,90,947
341,90,699
342,90,464
343,90,39
344,90,54
345,90,1005
346,90,856
347,90,31
348,90,737
349,90,976
350,90,570
351,90,51
352,90,912
353,90,325
354,90,442
355,90,707
356,90,991
357,90,799
358,90,552
359,90,499
360,90,453
361,90,460
362,90,1012
363,90,147
364,90,1018
365,90,893
366,90,864
367,90,85
368,90,681
369,90,164
370,90,162
371,90,922
372,90,106
373,90,451
374,90,45
375,90,826
376,90,751
377,90,544
378,90,849
379,90,834
380,90,559
381,90,355
382,90,673
383,90,664
384,90,682
385,90,305
386,90,568
387,90,828
388,90,892
389,90,776
390,90,343
391,90,895
392,90,920
393,90,875
394,90,862
395,90,286
396,90,43
397,90,523
398,90,349
399,90,245
0,91,301
1,91,150
2,91,30
3,91,683
4,91,443
5,91,954
6,91,1006
7,91,669
8,91,311
9,91,463
10,91,557
11,91,105
12,91,187
13,91,817
14,91,698
15,91,618
16,91,784
17,91,1008
18,91,520
19,91,185
20,91,710
21,91,0
22,91,554
23,91,230
24,91,713
25,91,246
26,91,154
27,91,287
28,91,901
29,91,142
30,91,304
31,91,492
32,91,1013
33,91,48
34,91,643
35,91,149
36,91,440
37,91,380
38,91,906
39,91,717
40,91,997
41,91,603
42,91,665
43,91,107
44,91,67
45,91,867
46,91,911
47,91,6
48,91,540
49,91,767
50,91,524
51,91,915
52,91,783
53,91,487
54,91,933
55,91,1002
56,91,537
57,91,266
58,91,474
59,91,362
60,91,839
61,91,476
62,91,919
63,91,847
64,91,775
65,91,521
66,91,584
67,91,877
68,91,432
69,91,749
70,91,650
71,91,363
72,91,649
73,91,1010
74,91,215
75,91,506
76,91,616
77,91,297
78,91,484
79,91,779
80,91,891
81,91,755
82,91,356
83,91,99
84,91,283
85,91,538
86,91,983
87,91,155
88,91,966
89,91,686
90,91,973
91,91,170
92,91,814
93,91,220
94,91,890
95,91,887
96,91,252
97,91,883
98,91,435
99,91,617
100,91,924
101,91,770
102,91,560
103,91,652
104,91,539
105,91,614
106,91,137
107,91,267
108,91,239
109,91,654
110,91,81
111,91,449
112,91,60
113,91,790
114,91,434
115,91,450
116,91,62
117,91,44
118,91,101
119,91,606
120,91,868
121,91,431
122,91,730
123,91,748
124,91,176
125,91,334
126,91,102
127,91,516
128,91,375
129,91,264
130,91,812
131,91,985
132,91,16
133,91,518
134,91,619
135,91,47
136,91,224
137,91,978
138,91,482
139,91,243
140,91,250
141,91,724
142,91,607
143,91,114
144,91,173
145,91,723
146,91,852
147,91,242
148,91,190
149,91,96
150,91,955
151,91,550
152,91,534
153,91,319
154,91,75
155,91,695
156,91,11
157,91,952
158,91,635
159,91,785
160,91,104
161,91,504
162,91,120
163,91,98
164,91,433
165,91,35
166,91,277
167,91,838
168,91,961
169,91,531
170,91,462
171,91,473
172,91,298
173,91,165
174,91,865
175,91,854
176,91,115
177,91,663
178,91,878
179,91,326
180,91,1003
181,91,921
182,91,809
183,91,988
184,91,261
185,91,597
186,91,843
187,91,20
188,91,256
189,91,743
190,91,437
191,91,525
192,91,237
193,91,970
194,91,580
195,91,938
196,91,490
197,91,957
198,91,313
199,91,309
200,91,410
201,91,981
202,91,980
203,91,962
204,91,80
205,91,414
206,91,709
207,91,201
208,91,571
209,91,914
210,91,218
211,91,667
212,91,960
213,91,135
214,91,179
215,91,161
216,91,916
217,91,772
218,91,566
219,91,929
220,91,953
221,91,77
222,91,156
223,91,753
224,91,787
225,91,610
226,91,972
227,91,1020
228,91,171
229,91,908
230,91,251
231,91,27
232,91,36
233,91,184
234,91,857
235,91,219
236,91,29
237,91,157
238,91,996
239,91,421
240,91,205
241,91,494
242,91,58
243,91,794
244,91,532
245,91,989
246,91,777
247,91,393
248,91,112
249,91,318
250,91,373
251,91,982
252,91,700
253,91,88
254,91,148
255,91,160
256,91,345
257,91,944
258,91,5
259,91,965
260,91,34
261,91,646
262,91,763
263,91,509
264,91,827
265,91,429
266,91,127
267,91,235
268,91,9
269,91,627
270,91,390
271,91,555
272,91,350
273,91,223
274,91,549
275,91,214
276,91,226
277,91,545
278,91,503
279,91,797
280,91,951
281,91,294
282,91,216
283,91,869
284,91,193
285,91,204
286,91,930
287,91,697
288,91,842
289,91,515
290,91,213
291,91,202
292,91,656
293,91,140
294,91,541
295,91,630
296,91,392
297,91,535
298,91,241
299,91,93
300,91,454
301,91,739
302,91,41
303,91,662
304,91,511
305,91,12
306,91,821
307,91,386
308,91,379
309,91,420
310,91,725
311,91,527
312,91,315
313,91,333
314,91,837
315,91,813
316,91,119
317,91,424
318,91,668
319,91,728
320,91,959
321,91,632
322,91,992
323,91,496
324,91,8
325,91,197
326,91,381
327,91,658
328,91,132
329,91,925
330,91,110
331,91,285
332,91,894
333,91,689
334,91,792
335,91,369
336,91,228
337,91,236
338,91,70
339,91,701
340,91,947
341,91,699
342,91,464
343,91,39
344,91,54
345,91,1005
346,91,856
347,91,31
348,91,737
349,91,976
350,91,570
351,91,51
352,91,912
353,91,325
354,91,442
355,91,707
356,91,991
357,91,799
358,91,552
359,91,499
360,91,453
361,91,460
362,91,1012
363,91,147
364,91,1018
365,91,893
366,91,864
367,91,85
368,91,681
369,91,164
370,91,162
371,91,922
372,91,106
373,91,451
374,91,45
375,91,826
376,91,751
377,91,544
378,91,849
379,91,834
380,91,559
381,91,355
382,91,673
383,91,664
384,91,682
385,91,305
386,91,568
387,91,828
388,91,892
389,91,776
390,91,343
391,91,895
392,91,920
393,91,875
394,91,862
395,91,286
396,91,43
397,91,523
398,91,349
399,91,245
0,92,301
1,92,150
2,92,30
3,92,683
4,92,443
5,92,954
6,92,1006
7,92,669
8,92,311
9,92,463
10,92,557
11,92,105
12,92,187
13,92,785
14,92,698
15,92,618
16,92,784
17,92,1008
18,92,520
19,92,185
20,92,710
21,92,0
22,92,554
23,92,230
24,92,713
25,92,246
26,92,153
27,92,287
28,92,901
29,92,142
30,92,304
31,92,492
32,92,1013
33,92,48
34,92,643
35,92,149
36,92,440
37,92,380
38,92,906
39,92,717
40,92,997
41,92,603
42,92,665
43,92,107
44,92,67
45,92,867
46,92,911
47,92,6
48,92,540
49,92,767
50,92,524
51,92,915
52,92,783
53,92,487
54,92,933
55,92,1002
56,92,537
57,92,266
58,92,474
59,92,362
60,92,839
61,92,476
62,92,919
63,92,847
64,92,775
65,92,521
66,92,584
67,92,877
68,92,432
69,92,749
70,92,650
71,92,363
72,92,649
73,92,1010
74,92,215
75,92,506
76,92,616
77,92,297
78,92,484
79,92,779
80,92,891
81,92,755
82,92,356
83,92,99
84,92,283
85,92,538
86,92,983
87,92,154
88,92,966
89,92,686
90,92,973
91,92,170
92,92,814
93,92,220
94,92,890
95,92,887
96,92,252
97,92,883
98,92,435
99,92,617
100,92,924
101,92,770
102,92,560
103,92,652
104,92,539
105,92,614
106,92,137
107,92,267
108,92,239
109,92,654
110,92,81
111,92,449
112,92,60
113,92,790
114,92,434
115,92,450
116,92,62
117,92,44
118,92,101
119,92,606
120,92,868
121,92,431
122,92,730
123,92,748
124,92,176
125,92,334
126,92,102
127,92,516
128,92,375
129,92,264
130,92,812
131,92,985
132,92,16
133,92,518
134,92,619
135,92,47
136,92,224
137,92,978
138,92,482
139,92,243
140,92,250
141,92,724
142,92,607
143,92,114
144,92,173
145,92,723
146,92,852
147,92,242
148,92,190
149,92,96
150,92,955
151,92,550
152,92,534
153,92,319
154,92,75
155,92,695
156,92,11
157,92,952
158,92,635
159,92,786
160,92,104
161,92,504
162,92,120
163,92,98
164,92,433
165,92,35
166,92,277
167,92,838
168,92,961
169,92,531
170,92,462
171,92,473
172,92,298
173,92,165
174,92,865
175,92,854
176,92,115
177,92,663
178,92,878
179,92,326
180,92,1003
181,92,921
182,92,809
183,92,988
184,92,261
185,92,597
186,92,843
187,92,20
188,92,256
189,92,743
190,92,437
191,92,525
192,92,237
193,92,970
194,92,580
195,92,938
196,92,490
197,92,957
198,92,313
199,92,309
200,92,410
201,92,981
202,92,980
203,92,962
204,92,80
205,92,414
206,92,709
207,92,201
208,92,571
209,92,914
210,92,218
211,92,667
212,92,960
213,92,135
214,92,179
215,92,161
216,92,916
217,92,772
218,92,566
219,92,929
220,92,953
221,92,77
222,92,156
223,92,753
224,92,787
225,92,610
226,92,972
227,92,1020
228,92,171
229,92,908
230,92,251
231,92,27
232,92,36
233,92,184
234,92,857
235,92,219
236,92,29
237,92,157
238,92,996
239,92,421
240,92,205
241,92,494
242,92,58
243,92,794
244,92,532
245,92,989
246,92,777
247,92,393
248,92,112
249,92,318
250,92,373
251,92,982
252,92,700
253,92,88
254,92,148
255,92,160
256,92,345
257,92,944
258,92,5
259,92,965
260,92,34
261,92,646
262,92,763
263,92,509
264,92,827
265,92,429
266,92,127
267,92,235
268,92,9
269,92,627
270,92,390
271,92,555
272,92,350
273,92,223
274,92,549
275,92,214
276,92,226
277,92,545
278,92,503
279,92,797
280,92,951
281,92,294
282,92,216
283,92,869
284,92,193
285,92,204
286,92,930
287,92,697
288,92,842
289,92,515
290,92,213
291,92,202
292,92,656
293,92,140
294,92,541
295,92,630
296,92,392
297,92,535
298,92,241
299,92,93
300,92,454
301,92,739
302,92,41
303,92,662
304,92,511
305,92,12
306,92,821
307,92,386
308,92,379
309,92,420
310,92,725
311,92,527
312,92,315
313,92,333
314,92,837
315,92,813
316,92,119
317,92,424
318,92,668
319,92,728
320,92,959
321,92,632
322,92,992
323,92,496
324,92,8
325,92,197
326,92,381
327,92,658
328,92,132
329,92,925
330,92,110
331,92,285
332,92,894
333,92,689
334,92,792
335,92,369
336,92,228
337,92,236
338,92,70
339,92,701
340,92,947
341,92,699
342,92,464
343,92,39
344,92,54
345,92,1005
346,92,856
347,92,31
348,92,737
349,92,976
350,92,570
351,92,51
352,92,912
353,92,325
354,92,442
355,92,707
356,92,991
357,92,799
358,92,552
359,92,499
360,92,453
361,92,460
362,92,1012
363,92,147
364,92,1018
365,92,893
366,92,864
367,92,85
368,92,681
369,92,164
370,92,162
371,92,922
372,92,106
373,92,451
374,92,45
375,92,826
376,92,751
377,92,544
378,92,849
379,92,834
380,92,559
381,92,355
382,92,673
383,92,664
384,92,682
385,92,305
386,92,568
387,92,828
388,92,892
389,92,776
390,92,343
391,92,895
392,92,920
393,92,875
394,92,862
395,92,286
396,92,43
397,92,523
398,92,349
399,92,245
0,93,301
1,93,150
2,93,30
3,93,683
4,93,443
5,93,954
6,93,1006
7,93,669
8,93,311
9,93,463
10,93,557
11,93,105
12,93,187
13,93,786
14,93,698
15,93,618
16,93,784
17,93,1008
18,93,520
19,93,185
20,93,710
21,93,0
22,93,554
23,93,230
24,93,713
25,93,246
26,93,154
27,93,287
28,93,901
29,93,142
30,93,304
31,93,492
32,93,1013
33,93,48
34,93,643
35,93,149
36,93,440
37,93,380
38,93,906
39,93,717
40,93,997
41,93,603
42,93,665
43,93,107
44,93,67
45,93,867
46,93,911
47,93,6
48,93,540
49,93,767
50,93,524
51,93,915
52,93,783
53,93,487
54,93,933
55,93,1002
56,93,537
57,93,266
58,93,474
59,93,362
60,93,839
61,93,476
62,93,919
63,93,847
64,93,775
65,93,521
66,93,584
67,93,877
68,93,432
69,93,749
70,93,650
71,93,363
72,93,649
73,93,1010
74,93,215
75,93,506
76,93,616
77,93,297
78,93,484
79,93,779
80,93,891
81,93,755
82,93,356
83,93,99
84,93,283
85,93,538
86,93,983
87,93,186
88,93,966
89,93,686
90,93,973
91,93,170
92,93,814
93,93,220
94,93,890
95,93,887
96,93,252
97,93,883
98,93,435
99,93,617
100,93,924
101,93,770
102,93,560
103,93,652
104,93,539
105,93,614
106,93,137
107,93,267
108,93,239
109,93,654
110,93,81
111,93,449
112,93,60
113,93,790
114,93,434
115,93,450
116,93,62
117,93,44
118,93,101
119,93,606
120,93,868
121,93,431
122,93,730
123,93,748
124,93,176
125,93,334
126,93,102
127,93,516
128,93,375
129,93,264
130,93,812
131,93,985
132,93,16
133,93,518
134,93,619
135,93,47
136,93,224
137,93,978
138,93,482
139,93,243
140,93,250
141,93,724
142,93,607
143,93,114
144,93,173
145,93,723
146,93,852
147,93,242
148,93,190
149,93,96
150,93,955
151,93,550
152,93,534
153,93,319
154,93,75
155,93,695
156,93,11
157,93,952
158,93,635
159,93,754
160,93,104
161,93,504
162,93,120
163,93,98
164,93,433
165,93,35
166,93,277
167,93,838
168,93,961
169,93,531
170,93,462
171,93,473
172,93,298
173,93,165
174,93,865
175,93,854
176,93,115
177,93,663
178,93,878
179,93,326
180,93,1003
181,93,921
182,93,809
183,93,988
184,93,261
185,93,597
186,93,843
187,93,20
188,93,256
189,93,743
190,93,437
191,93,525
192,93,237
193,93,970
194,93,580
195,93,938
196,93,490
197,93,957
198,93,313
199,93,309
200,93,410
201,93,981
202,93,980
203,93,962
204,93,80
205,93,414
206,93,709
207,93,201
208,93,571
209,93,914
210,93,218
211,93,667
212,93,960
213,93,135
214,93,179
215,93,161
216,93,916
217,93,772
218,93,566
219,93,929
220,93,953
221,93,77
222,93,156
223,93,753
224,93,787
225,93,610
226,93,972
227,93,1020
228,93,171
229,93,908
230,93,251
231,93,27
232,93,36
233,93,184
234,93,857
235,93,219
236,93,29
237,93,157
238,93,996
239,93,421
240,93,205
241,93,494
242,93,58
243,93,794
244,93,532
245,93,989
246,93,777
247,93,393
248,93,112
249,93,318
250,93,373
251,93,982
252,93,700
253,93,88
254,93,148
255,93,160
256,93,345
257,93,944
258,93,5
259,93,965
260,93,34
261,93,646
262,93,763
263,93,509
264,93,827
265,93,429
266,93,127
267,93,235
268,93,9
269,93,627
270,93,390
271,93,555
272,93,350
273,93,223
274,93,549
275,93,214
276,93,226
277,93,545
278,93,503
279,93,797
280,93,951
281,93,294
282,93,216
283,93,869
284,93,193
285,93,204
286,93,930
287,93,697
288,93,842
289,93,515
290,93,213
291,93,202
292,93,656
293,93,140
294,93,541
295,93,630
296,93,392
297,93,535
298,93,241
299,93,93
300,93,454
301,93,739
302,93,41
303,93,662
304,93,511
305,93,12
306,93,821
307,93,386
308,93,379
309,93,420
310,93,725
311,93,527
312,93,315
313,93,333
314,93,837
315,93,813
316,93,119
317,93,424
318,93,668
319,93,728
320,93,959
321,93,632
322,93,992
323,93,496
324,93,8
325,93,197
326,93,381
327,93,658
328,93,132
329,93,925
330,93,110
331,93,285
332,93,894
333,93,689
334,93,792
335,93,369
336,93,228
337,93,236
338,93,70
339,93,701
340,93,947
341,93,699
342,93,464
343,93,39
344,93,54
345,93,1005
346,93,856
347,93,31
348,93,737
349,93,976
350,93,570
351,93,51
352,93,912
353,93,325
354,93,442
355,93,707
356,93,991
357,93,799
358,93,552
359,93,499
360,93,453
361,93,460
362,93,1012
363,93,147
364,93,1018
365,93,893
366,93,864
367,93,85
368,93,681
369,93,164
370,93,162
371,93,922
372,93,106
373,93,451
374,93,45
375,93,826
376,93,751
377,93,544
378,93,849
379,93,834
380,93,559
381,93,355
382,93,673
383,93,664
384,93,682
385,93,305
386,93,568
387,93,828
388,93,892
389,93,776
390,93,343
391,93,895
392,93,920
393,93,875
394,93,862
395,93,286
396,93,43
397,93,523
398,93,349
399,93,245
0,94,301
1,94,150
2,94,30
3,94,683
4,94,443
5,94,954
6,94,1006
7,94,669
8,94,311
9,94,463
10,94,557
11,94,105
12,94,187
13,94,785
14,94,698
15,94,618
16,94,784
17,94,1008
18,94,520
19,94,185
20,94,710
21,94,0
22,94,554
23,94,230
24,94,713
25,94,246
26,94,155
27,94,287
28,94,901
29,94,142
30,94,304
31,94,492
32,94,1013
33,94,48
34,94,643
35,94,149
36,94,440
37,94,380
38,94,906
39,94,717
40,94,997
41,94,603
42,94,665
43,94,107
44,94,67
45,94,867
46,94,911
47,94,6
48,94,540
49,94,767
50,94,524
51,94,915
52,94,783
53,94,487
54,94,933
55,94,1002
56,94,537
57,94,266
58,94,474
59,94,362
60,94,839
61,94,476
62,94,919
63,94,847
64,94,775
65,94,521
66,94,584
67,94,877
68,94,432
69,94,749
70,94,650
71,94,363
72,94,649
73,94,1010
74,94,215
75,94,506
76,94,616
77,94,297
78,94,484
79,94,779
80,94,891
81,94,755
82,94,356
83,94,99
84,94,283
85,94,538
86,94,983
87,94,186
88,94,966
89,94,686
90,94,973
91,94,170
92,94,814
93,94,220
94,94,890
95,94,887
96,94,252
97,94,883
98,94,435
99,94,617
100,94,924
101,94,770
102,94,560
103,94,652
104,94,539
105,94,614
106,94,137
107,94,267
108,94,239
109,94,654
110,94,81
111,94,449
112,94,60
113,94,790
114,94,434
115,94,450
116,94,62
117,94,44
118,94,101
119,94,606
120,94,868
121,94,431
122,94,730
123,94,748
124,94,176
125,94,334
126,94,102
127,94,516
128,94,375
129,94,264
130,94,812
131,94,985
132,94,16
133,94,518
134,94,619
135,94,47
136,94,224
137,94,978
138,94,482
139,94,243
140,94,250
141,94,724
142,94,607
143,94,114
144,94,173
145,94,723
146,94,852
147,94,242
148,94,190
149,94,96
150,94,955
151,94,550
152,94,534
153,94,319
154,94,75
155,94,695
156,94,11
157,94,952
158,94,635
159,94,786
160,94,104
161,94,504
162,94,120
163,94,98
164,94,433
165,94,35
166,94,277
167,94,838
168,94,961
169,94,531
170,94,462
171,94,473
172,94,298
173,94,165
174,94,865
175,94,854
176,94,115
177,94,663
178,94,878
179,94,326
180,94,1003
181,94,921
182,94,809
183,94,988
184,94,261
185,94,597
186,94,843
187,94,20
188,94,256
189,94,743
190,94,437
191,94,525
192,94,237
193,94,970
194,94,580
195,94,938
196,94,490
197,94,957
198,94,313
199,94,309
200,94,410
201,94,981
202,94,980
203,94,962
204,94,80
205,94,414
206,94,709
207,94,201
208,94,571
209,94,914
210,94,218
211,94,667
212,94,960
213,94,135
214,94,179
215,94,161
216,94,916
217,94,772
218,94,566
219,94,929
220,94,953
221,94,77
222,94,156
223,94,753
224,94,787
225,94,610
226,94,972
227,94,1020
228,94,171
229,94,908
230,94,251
231,94,27
232,94,36
233,94,184
234,94,857
235,94,219
236,94,29
237,94,157
238,94,996
239,94,421
240,94,205
241,94,494
242,94,58
243,94,794
244,94,532
245,94,989
246,94,777
247,94,393
248,94,112
249,94,318
250,94,373
251,94,982
252,94,700
253,94,88
254,94,148
255,94,160
256,94,345
257,94,944
258,94,5
259,94,965
260,94,34
261,94,646
262,94,763
263,94,509
264,94,827
265,94,429
266,94,127
267,94,235
268,94,9
269,94,627
270,94,390
271,94,555
272,94,350
273,94,223
274,94,549
275,94,214
276,94,226
277,94,545
278,94,503
279,94,797
280,94,951
281,94,294
282,94,216
283,94,869
284,94,193
285,94,204
286,94,930
287,94,697
288,94,842
289,94,515
290,94,213
291,94,202
292,94,656
293,94,140
294,94,541
295,94,630
296,94,392
297,94,535
298,94,241
299,94,93
300,94,454
301,94,739
302,94,41
303,94,662
304,94,511
305,94,12
306,94,821
307,94,386
308,94,379
309,94,420
310,94,725
311,94,527
312,94,315
313,94,333
314,94,837
315,94,813
316,94,119
317,94,424
318,94,668
319,94,728
320,94,959
321,94,632
322,94,992
323,94,496
324,94,8
325,94,197
326,94,381
327,94,658
328,94,132
329,94,925
330,94,110
331,94,285
332,94,894
333,94,689
334,94,792
335,94,369
336,94,228
337,94,236
338,94,70
339,94,701
340,94,947
341,94,699
342,94,464
343,94,39
344,94,54
345,94,1005
346,94,856
347,94,31
348,94,737
349,94,976
350,94,570
351,94,51
352,94,912
353,94,325
354,94,442
355,94,707
356,94,991
357,94,799
358,94,552
359,94,499
360,94,453
361,94,460
362,94,1012
363,94,147
364,94,1018
365,94,893
366,94,864
367,94,85
368,94,681
369,94,164
370,94,162
371,94,922
372,94,106
373,94,451
374,94,45
375,94,826
376,94,751
377,94,544
378,94,849
379,94,834
380,94,559
381,94,355
382,94,673
383,94,664
384,94,682
385,94,305
386,94,568
387,94,828
388,94,892
389,94,776
390,94,343
391,94,895
392,94,920
393,94,875
394,94,862
395,94,286
396,94,43
397,94,523
398,94,349
399,94,245
0,95,301
1,95,150
2,95,30
3,95,683
4,95,443
5,95,954
6,95,1006
7,95,669
8,95,311
9,95,463
10,95,557
11,95,105
12,95,187
13,95,817
14,95,698
15,95,618
16,95,784
17,95,1008
18,95,520
19,95,185
20,95,710
21,95,0
22,95,554
23,95,230
24,95,713
25,95,246
26,95,155
27,95,287
28,95,901
29,95,142
30,95,304
31,95,492
32,95,1013
33,95,48
34,95,643
35,95,149
36,95,440
37,95,380
38,95,906
39,95,717
40,95,997
41,95,603
42,95,665
43,95,107
44,95,67
45,95,867
46,95,911
47,95,6
48,95,540
49,95,767
50,95,524
51,95,915
52,95,783
53,95,487
54,95,933
55,95,1002
56,95,537
57,95,266
58,95,474
59,95,362
60,95,839
61,95,476
62,95,919
63,95,847
64,95,775
65,95,521
66,95,584
67,95,877
68,95,432
69,95,749
70,95,650
71,95,363
72,95,649
73,95,1010
74,95,215
75,95,506
76,95,616
77,95,297
78,95,484
79,95,779
80,95,891
81,95,755
82,95,356
83,95,99
84,95,283
85,95,538
86,95,983
87,95,186
88,95,966
89,95,686
90,95,973
91,95,170
92,95,814
93,95,220
94,95,890
95,95,887
96,95,252
97,95,883
98,95,435
99,95,617
100,95,924
101,95,770
102,95,560
103,95,652
104,95,539
105,95,614
106,95,137
107,95,267
108,95,239
109,95,654
110,95,81
111,95,449
112,95,60
113,95,790
114,95,434
115,95,450
116,95,62
117,95,44
118,95,101
119,95,606
120,95,868
121,95,431
122,95,730
123,95,748
124,95,176
125,95,334
126,95,102
127,95,516
128,95,375
129,95,264
130,95,812
131,95,985
132,95,16
133,95,518
134,95,619
135,95,47
136,95,224
137,95,978
138,95,482
139,95,243
140,95,250
141,95,724
142,95,607
143,95,114
144,95,173
145,95,723
146,95,852
147,95,242
148,95,190
149,95,96
150,95,955
151,95,550
152,95,534
153,95,319
154,95,75
155,95,695
156,95,11
157,95,952
158,95,635
159,95,785
160,95,104
161,95,504
162,95,120
163,95,98
164,95,433
165,95,35
166,95,277
167,95,838
168,95,961
169,95,531
170,95,462
171,95,473
172,95,298
173,95,165
174,95,865
175,95,854
176,95,115
177,95,663
178,95,878
179,95,326
180,95,1003
181,95,921
182,95,809
183,95,988
184,95,261
185,95,597
186,95,843
187,95,20
188,95,256
189,95,743
190,95,437
191,95,525
192,95,237
193,95,970
194,95,580
195,95,938
196,95,490
197,95,957
198,95,313
199,95,309
200,95,410
201,95,981
202,95,980
203,95,962
204,95,80
205,95,414
206,95,709
207,95,201
208,95,571
209,95,914
210,95,218
211,95,667
212,95,960
213,95,135
214,95,179
215,95,161
216,95,916
217,95,772
218,95,566
219,95,929
220,95,953
221,95,77
222,95,156
223,95,753
224,95,787
225,95,610
226,95,972
227,95,1020
228,95,171
229,95,908
230,95,251
231,95,27
232,95,36
233,95,184
234,95,857
235,95,219
236,95,29
237,95,157
238,95,996
239,95,421
240,95,205
241,95,494
242,95,58
243,95,794
244,95,532
245,95,989
246,95,777
247,95,393
248,95,112
249,95,318
250,95,373
251,95,982
252,95,700
253,95,88
254,95,148
255,95,160
256,95,345
257,95,944
258,95,5
259,95,965
260,95,34
261,95,646
262,95,763
263,95,509
264,95,827
265,95,429
266,95,127
267,95,235
268,95,9
269,95,627
270,95,390
271,95,555
272,95,350
273,95,223
274,95,549
275,95,214
276,95,226
277,95,545
278,95,503
279,95,797
280,95,951
281,95,294
282,95,216
283,95,869
284,95,193
285,95,204
286,95,930
287,95,697
288,95,842
289,95,515
290,95,213
291,95,202
292,95,656
293,95,140
294,95,541
295,95,630
296,95,392
297,95,535
298,95,241
299,95,93
300,95,454
301,95,739
302,95,41
303,95,662
304,95,511
305,95,12
306,95,821
307,95,386
308,95,379
309,95,420
310,95,725
311,95,527
312,95,315
313,95,333
314,95,837
315,95,813
316,95,119
317,95,424
318,95,668
319,95,728
320,95,959
321,95,632
322,95,992
323,95,496
324,95,8
325,95,197
326,95,381
327,95,658
328,95,132
329,95,925
330,95,110
331,95,285
332,95,894
333,95,689
334,95,792
335,95,369
336,95,228
337,95,236
338,95,70
339,95,701
340,95,947
341,95,699
342,95,464
343,95,39
344,95,54
345,95,1005
346,95,856
347,95,31
348,95,737
349,95,976
350,95,570
351,95,51
352,95,912
353,95,325
354,95,442
355,95,707
356,95,991
357,95,799
358,95,552
359,95,499
360,95,453
361,95,460
362,95,1012
363,95,147
364,95,1018
365,95,893
366,95,864
367,95,85
368,95,681
369,95,164
370,95,162
371,95,922
372,95,106
373,95,451
374,95,45
375,95,826
376,95,751
377,95,544
378,95,849
379,95,834
380,95,559
381,95,355
382,95,673
383,95,664
384,95,682
385,95,305
386,95,568
387,95,828
388,95,892
389,95,776
390,95,343
391,95,895
392,95,920
393,95,875
394,95,862
395,95,286
396,95,43
397,95,523
398,95,349
399,95,245
0,96,301
1,96,150
2,96,30
3,96,683
4,96,443
5,96,954
6,96,1006
7,96,669
8,96,311
9,96,463
10,96,557
11,96,105
12,96,187
13,96,818
14,96,698
15,96,618
16,96,784
17,96,1008
18,96,520
19,96,185
20,96,710
21,96,0
22,96,554
23,96,230
24,96,713
25,96,246
26,96,155
27,96,287
28,96,901
29,96,142
30,96,304
31,96,492
32,96,1013
33,96,48
34,96,643
35,96,149
36,96,440
37,96,380
38,96,906
39,96,717
40,96,997
41,96,603
42,96,665
43,96,107
44,96,67
45,96,867
46,96,911
47,96,6
48,96,540
49,96,767
50,96,524
51,96,915
52,96,783
53,96,487
54,96,933
55,96,1002
56,96,537
57,96,266
58,96,474
59,96,362
60,96,839
61,96,476
62,96,919
63,96,847
64,96,775
65,96,521
66,96,584
67,96,877
68,96,432
69,96,749
70,96,650
71,96,363
72,96,649
73,96,1010
74,96,215
75,96,506
76,96,616
77,96,297
78,96,484
79,96,779
80,96,891
81,96,755
82,96,356
83,96,99
84,96,283
85,96,538
86,96,983
87,96,186
88,96,966
89,96,686
90,96,973
91,96,170
92,96,814
93,96,220
94,96,890
95,96,887
96,96,252
97,96,883
98,96,435
99,96,617
100,96,924
101,96,770
102,96,560
103,96,652
104,96,539
105,96,614
106,96,137
107,96,267
108,96,239
109,96,654
110,96,81
111,96,449
112,96,60
113,96,790
114,96,434
115,96,450
116,96,62
117,96,44
118,96,101
119,96,606
120,96,868
121,96,431
122,96,730
123,96,748
124,96,176
125,96,334
126,96,102
127,96,516
128,96,375
129,96,264
130,96,812
131,96,985
132,96,16
133,96,518
134,96,619
135,96,47
136,96,224
137,96,978
138,96,482
139,96,243
140,96,250
141,96,724
142,96,607
143,96,114
144,96,173
145,96,723
146,96,852
147,96,242
148,96,190
149,96,96
150,96,955
151,96,550
152,96,534
153,96,319
154,96,75
155,96,695
156,96,11
157,96,952
158,96,635
159,96,785
160,96,104
161,96,504
162,96,120
163,96,98
164,96,433
165,96,35
166,96,277
167,96,838
168,96,961
169,96,531
170,96,462
171,96,473
172,96,298
173,96,165
174,96,865
175,96,854
176,96,115
177,96,663
178,96,878
179,96,326
180,96,1003
181,96,921
182,96,809
183,96,988
184,96,261
185,96,597
186,96,843
187,96,20
188,96,256
189,96,743
190,96,437
191,96,525
192,96,237
193,96,970
194,96,580
195,96,938
196,96,490
197,96,957
198,96,313
199,96,309
200,96,410
201,96,981
202,96,980
203,96,962
204,96,80
205,96,414
206,96,709
207,96,201
208,96,571
209,96,914
210,96,218
211,96,667
212,96,960
213,96,135
214,96,179
215,96,161
216,96,916
217,96,772
218,96,566
219,96,929
220,96,953
221,96,77
222,96,156
223,96,753
224,96,787
225,96,610
226,96,972
227,96,1020
228,96,171
229,96,908
230,96,251
231,96,27
232,96,36
233,96,184
234,96,857
235,96,219
236,96,29
237,96,157
238,96,996
239,96,421
240,96,205
241,96,494
242,96,58
243,96,794
244,96,532
245,96,989
246,96,777
247,96,393
248,96,112
249,96,318
250,96,373
251,96,982
252,96,700
253,96,88
254,96,148
255,96,160
256,96,345
257,96,944
258,96,5
259,96,965
260,96,34
261,96,646
262,96,763
263,96,509
264,96,827
265,96,429
266,96,127
267,96,235
268,96,9
269,96,627
270,96,390
271,96,555
272,96,350
273,96,223
274,96,549
275,96,214
276,96,226
277,96,545
278,96,503
279,96,797
280,96,951
281,96,294
282,96,216
283,96,869
284,96,193
285,96,204
286,96,930
287,96,697
288,96,842
289,96,515
290,96,213
291,96,202
292,96,656
293,96,140
294,96,541
295,96,630
296,96,392
297,96,535
298,96,241
299,96,93
300,96,454
301,96,739
302,96,41
303,96,662
304,96,511
305,96,12
306,96,821
307,96,386
308,96,379
309,96,420
310,96,725
311,96,527
312,96,315
313,96,333
314,96,837
315,96,813
316,96,119
317,96,424
318,96,668
319,96,728
320,96,959
321,96,632
322,96,992
323,96,496
324,96,8
325,96,197
326,96,381
327,96,658
328,96,132
329,96,925
330,96,110
331,96,285
332,96,894
333,96,689
334,96,792
335,96,369
336,96,228
337,96,236
338,96,70
339,96,701
340,96,947
341,96,699
342,96,464
343,96,39
344,96,54
345,96,1005
346,96,856
347,96,31
348,96,737
349,96,976
350,96,570
351,96,51
352,96,912
353,96,325
354,96,442
355,96,707
356,96,991
357,96,799
358,96,552
359,96,499
360,96,453
361,96,460
362,96,1012
363,96,147
364,96,1018
365,96,893
366,96,864
367,96,85
368,96,681
369,96,164
370,96,162
371,96,922
372,96,106
373,96,451
374,96,45
375,96,826
376,96,751
377,96,544
378,96,849
379,96,834
380,96,559
381,96,355
382,96,673
383,96,664
384,96,682
385,96,305
386,96,568
387,96,828
388,96,892
389,96,776
390,96,343
391,96,895
392,96,920
393,96,875
394,96,862
395,96,286
396,96,43
397,96,523
398,96,349
399,96,245
0,97,301
1,97,150
2,97,30
3,97,683
4,97,443
5,97,954
6,97,1006
7,97,669
8,97,311
9,97,463
10,97,557
11,97,105
12,97,187
13,97,786
14,97,698
15,97,618
16,97,784
17,97,1008
18,97,520
19,97,185
20,97,710
21,97,0
22,97,554
23,97,230
24,97,713
25,97,246
26,97,155
27,97,287
28,97,901
29,97,142
30,97,304
31,97,492
32,97,1013
33,97,48
34,97,643
35,97,149
36,97,440
37,97,380
38,97,906
39,97,717
40,97,997
41,97,603
42,97,665
43,97,107
44,97,67
45,97,867
46,97,911
47,97,6
48,97,540
49,97,767
50,97,524
51,97,915
52,97,783
53,97,487
54,97,933
55,97,1002
56,97,537
57,97,266
58,97,474
59,97,362
60,97,839
61,97,476
62,97,919
63,97,847
64,97,775
65,97,521
66,97,584
67,97,877
68,97,432
69,97,749
70,97,650
71,97,363
72,97,649
73,97,1010
74,97,215
75,97,506
76,97,616
77,97,297
78,97,484
79,97,779
80,97,891
81,97,755
82,97,356
83,97,99
84,97,283
85,97,538
86,97,983
87,97,186
88,97,966
89,97,686
90,97,973
91,97,170
92,97,814
93,97,220
94,97,890
95,97,887
96,97,252
97,97,883
98,97,435
99,97,617
100,97,924
101,97,770
102,97,560
103,97,652
104,97,539
105,97,614
106,97,137
107,97,267
108,97,239
109,97,654
110,97,81
111,97,449
112,97,60
113,97,790
114,97,434
115,97,450
116,97,62
117,97,44
118,97,101
119,97,606
120,97,868
121,97,431
122,97,730
123,97,748
124,97,176
125,97,334
126,97,102
127,97,516
128,97,375
129,97,264
130,97,812
131,97,985
132,97,16
133,97,518
134,97,619
135,97,47
136,97,224
137,97,978
138,97,482
139,97,243
140,97,250
141,97,724
142,97,607
143,97,114
144,97,173
145,97,723
146,97,852
147,97,242
148,97,190
149,97,96
150,97,955
151,97,550
152,97,534
153,97,319
154,97,75
155,97,695
156,97,11
157,97,952
158,97,635
159,97,785
160,97,104
161,97,504
162,97,120
163,97,98
164,97,433
165,97,35
166,97,277
167,97,838
168,97,961
169,97,531
170,97,462
171,97,473
172,97,298
173,97,165
174,97,865
175,97,854
176,97,115
177,97,663
178,97,878
179,97,326
180,97,1003
181,97,921
182,97,809
183,97,988
184,97,261
185,97,597
186,97,843
187,97,20
188,97,256
189,97,743
190,97,437
191,97,525
192,97,237
193,97,970
194,97,580
195,97,938
196,97,490
197,97,957
198,97,313
199,97,309
200,97,410
201,97,981
202,97,980
203,97,962
204,97,80
205,97,414
206,97,709
207,97,201
208,97,571
209,97,914
210,97,218
211,97,667
212,97,960
213,97,135
214,97,179
215,97,161
216,97,916
217,97,772
218,97,566
219,97,929
220,97,953
221,97,77
222,97,156
223,97,753
224,97,787
225,97,610
226,97,972
227,97,1020
228,97,171
229,97,908
230,97,251
231,97,27
232,97,36
233,97,184
234,97,857
235,97,219
236,97,29
237,97,157
238,97,996
239,97,421
240,97,205
241,97,494
242,97,58
243,97,794
244,97,532
245,97,989
246,97,777
247,97,393
248,97,112
249,97,318
250,97,373
251,97,982
252,97,700
253,97,88
254,97,148
255,97,160
256,97,345
257,97,944
258,97,5
259,97,965
260,97,34
261,97,646
262,97,763
263,97,509
264,97,827
265,97,429
266,97,127
267,97,235
268,97,9
269,97,627
270,97,390
271,97,555
272,97,350
273,97,223
274,97,549
275,97,214
276,97,226
277,97,545
278,97,503
279,97,797
280,97,951
281,97,294
282,97,216
283,97,869
284,97,193
285,97,204
286,97,930
287,97,697
288,97,842
289,97,515
290,97,213
291,97,202
292,97,656
293,97,140
294,97,541
295,97,630
296,97,392
297,97,535
298,97,241
299,97,93
300,97,454
301,97,739
302,97,41
303,97,662
304,97,511
305,97,12
306,97,821
307,97,386
308,97,379
309,97,420
310,97,725
311,97,527
312,97,315
313,97,333
314,97,837
315,97,813
316,97,119
317,97,424
318,97,668
319,97,728
320,97,959
321,97,632
322,97,992
323,97,496
324,97,8
325,97,197
326,97,381
327,97,658
328,97,132
329,97,925
330,97,110
331,97,285
332,97,894
333,97,689
334,97,792
335,97,369
336,97,228
337,97,236
338,97,70
339,97,701
340,97,947
341,97,699
342,97,464
343,97,39
344,97,54
345,97,1005
346,97,856
347,97,31
348,97,737
349,97,976
350,97,570
351,97,51
352,97,912
353,97,325
354,97,442
355,97,707
356,97,991
357,97,799
358,97,552
359,97,499
360,97,453
361,97,460
362,97,1012
363,97,147
364,97,1018
365,97,893
366,97,864
367,97,85
368,97,681
369,97,164
370,97,162
371,97,922
372,97,106
373,97,451
374,97,45
375,97,826
376,97,751
377,97,544
378,97,849
379,97,834
380,97,559
381,97,355
382,97,673
383,97,664
384,97,682
385,97,305
386,97,568
387,97,828
388,97,892
389,97,776
390,97,343
391,97,895
392,97,920
393,97,875
394,97,862
395,97,286
396,97,43
397,97,523
398,97,349
399,97,245
