agent_id,time_step,vertex_index
0,0,768
1,0,630
2,0,708
3,0,219
4,0,935
5,0,858
6,0,800
7,0,417
8,0,20
9,0,819
10,0,324
11,0,855
12,0,910
13,0,686
14,0,97
15,0,550
16,0,690
17,0,470
18,0,374
19,0,811
20,0,569
21,0,645
22,0,123
23,0,221
24,0,698
25,0,973
26,0,790
27,0,635
28,0,972
29,0,115
30,0,901
31,0,164
32,0,880
33,0,829
34,0,981
35,0,527
36,0,547
37,0,987
38,0,155
39,0,241
40,0,888
41,0,934
42,0,787
43,0,214
44,0,528
45,0,375
46,0,349
47,0,831
48,0,771
49,0,666
50,0,54
51,0,12
52,0,333
53,0,228
54,0,816
55,0,637
56,0,581
57,0,272
58,0,99
59,0,959
60,0,212
61,0,213
62,0,131
63,0,687
64,0,622
65,0,915
66,0,381
67,0,459
68,0,517
69,0,770
70,0,127
71,0,579
72,0,689
73,0,371
74,0,449
75,0,149
76,0,418
77,0,220
78,0,955
79,0,573
80,0,183
81,0,194
82,0,542
83,0,780
84,0,728
85,0,805
86,0,191
87,0,327
88,0,469
89,0,961
90,0,42
91,0,817
92,0,250
93,0,309
94,0,266
95,0,843
96,0,363
97,0,988
98,0,911
99,0,534
100,0,740
101,0,463
102,0,767
103,0,308
104,0,872
105,0,623
106,0,225
107,0,342
108,0,801
109,0,414
110,0,893
111,0,460
112,0,562
113,0,810
114,0,748
115,0,546
116,0,355
117,0,563
118,0,707
119,0,552
120,0,755
121,0,567
122,0,163
123,0,916
124,0,288
125,0,565
126,0,251
127,0,46
128,0,960
129,0,286
130,0,22
131,0,969
132,0,317
133,0,386
134,0,782
135,0,616
136,0,1020
137,0,202
138,0,89
139,0,941
140,0,200
141,0,1021
142,0,255
143,0,210
144,0,174
145,0,1017
146,0,514
147,0,254
148,0,204
149,0,373
150,0,315
151,0,483
152,0,367
153,0,794
154,0,594
155,0,75
156,0,673
157,0,723
158,0,835
159,0,505
160,0,499
161,0,891
162,0,758
163,0,291
164,0,443
165,0,492
166,0,523
167,0,558
168,0,211
169,0,868
170,0,653
171,0,695
172,0,477
173,0,401
174,0,560
175,0,493
176,0,353
177,0,867
178,0,716
179,0,124
180,0,976
181,0,796
182,0,376
183,0,21
184,0,331
185,0,235
186,0,730
187,0,121
188,0,710
189,0,877
190,0,102
191,0,476
192,0,785
193,0,352
194,0,587
195,0,744
196,0,69
197,0,809
198,0,994
199,0,399
200,0,884
201,0,274
202,0,538
203,0,108
204,0,720
205,0,101
206,0,423
207,0,356
208,0,627
209,0,380
210,0,170
211,0,665
212,0,265
213,0,87
214,0,508
215,0,23
216,0,1019
217,0,864
218,0,284
219,0,257
220,0,932
221,0,491
222,0,408
223,0,43
224,0,176
225,0,145
226,0,222
227,0,947
228,0,803
229,0,5
230,0,507
231,0,253
232,0,608
233,0,464
234,0,435
235,0,190
236,0,909
237,0,68
238,0,2
239,0,350
240,0,606
241,0,712
242,0,874
243,0,752
244,0,503
245,0,130
246,0,345
247,0,661
248,0,329
249,0,379
250,0,320
251,0,997
252,0,40
253,0,326
254,0,6
255,0,615
256,0,35
257,0,575
258,0,234
259,0,792
260,0,450
261,0,510
262,0,444
263,0,113
264,0,709
265,0,626
266,0,59
267,0,688
268,0,494
269,0,178
270,0,34
271,0,667
272,0,873
273,0,440
274,0,341
275,0,31
276,0,479
277,0,620
278,0,80
279,0,693
280,0,882
281,0,44
282,0,223
283,0,717
284,0,936
285,0,681
286,0,1010
287,0,431
288,0,706
289,0,799
290,0,938
291,0,293
292,0,638
293,0,378
294,0,430
295,0,815
296,0,442
297,0,533
298,0,30
299,0,133
300,0,181
301,0,120
302,0,267
303,0,940
304,0,81
305,0,980
306,0,362
307,0,9
308,0,298
309,0,138
310,0,943
311,0,141
312,0,570
313,0,694
314,0,295
315,0,465
316,0,126
317,0,539
318,0,526
319,0,1004
320,0,201
321,0,158
322,0,377
323,0,714
324,0,105
325,0,305
326,0,322
327,0,841
328,0,338
329,0,70
330,0,680
331,0,735
332,0,965
333,0,1
334,0,1008
335,0,949
336,0,236
337,0,535
338,0,289
339,0,895
340,0,541
341,0,390
342,0,56
343,0,777
344,0,700
345,0,870
346,0,61
347,0,807
348,0,715
349,0,1013
350,0,36
351,0,957
352,0,894
353,0,762
354,0,157
355,0,361
356,0,217
357,0,473
358,0,96
359,0,589
360,0,39
361,0,632
362,0,742
363,0,1014
364,0,208
365,0,1000
366,0,148
367,0,649
368,0,919
369,0,933
370,0,310
371,0,862
372,0,485
373,0,733
374,0,11
375,0,763
376,0,806
377,0,159
378,0,600
379,0,10
380,0,824
381,0,881
382,0,886
383,0,229
384,0,227
385,0,41
386,0,447
387,0,592
388,0,854
389,0,64
390,0,15
391,0,584
392,0,160
393,0,568
394,0,340
395,0,437
396,0,520
397,0,948
398,0,743
399,0,421
0,1,736
1,1,598
2,1,709
3,1,251
4,1,936
5,1,890
6,1,832
7,1,449
8,1,21
9,1,818
10,1,356
11,1,823
12,1,878
13,1,686
14,1,129
15,1,551
16,1,689
17,1,469
18,1,373
19,1,779
20,1,568
21,1,613
22,1,122
23,1,220
24,1,697
25,1,941
26,1,791
27,1,603
28,1,971
29,1,115
30,1,902
31,1,165
32,1,912
33,1,797
34,1,980
35,1,526
36,1,548
37,1,988
38,1,187
39,1,273
40,1,887
41,1,935
42,1,788
43,1,214
44,1,527
45,1,374
46,1,348
47,1,799
48,1,772
49,1,698
50,1,86
51,1,44
52,1,334
53,1,260
54,1,815
55,1,669
56,1,549
57,1,240
58,1,100
59,1,991
60,1,244
61,1,245
62,1,163
63,1,719
64,1,621
65,1,914
66,1,380
67,1,491
68,1,518
69,1,802
70,1,159
71,1,580
72,1,657
73,1,403
74,1,450
75,1,181
76,1,419
77,1,219
78,1,987
79,1,605
80,1,184
81,1,226
82,1,510
83,1,748
84,1,696
85,1,806
86,1,223
87,1,328
88,1,468
89,1,929
90,1,43
91,1,816
92,1,249
93,1,277
94,1,298
95,1,844
96,1,364
97,1,989
98,1,879
99,1,533
100,1,740
101,1,462
102,1,735
103,1,307
104,1,840
105,1,622
106,1,225
107,1,310
108,1,769
109,1,413
110,1,861
111,1,459
112,1,563
113,1,811
114,1,716
115,1,547
116,1,323
117,1,531
118,1,675
119,1,553
120,1,787
121,1,535
122,1,195
123,1,915
124,1,288
125,1,565
126,1,250
127,1,78
128,1,928
129,1,287
130,1,54
131,1,970
132,1,285
133,1,387
134,1,781
135,1,617
136,1,1021
137,1,234
138,1,88
139,1,909
140,1,201
141,1,1022
142,1,255
143,1,178
144,1,173
145,1,985
146,1,546
147,1,253
148,1,205
149,1,341
150,1,316
151,1,515
152,1,368
153,1,795
154,1,562
155,1,74
156,1,641
157,1,724
158,1,803
159,1,504
160,1,467
161,1,859
162,1,790
163,1,291
164,1,442
165,1,460
166,1,524
167,1,590
168,1,210
169,1,836
170,1,654
171,1,663
172,1,445
173,1,400
174,1,559
175,1,525
176,1,321
177,1,835
178,1,717
179,1,123
180,1,976
181,1,828
182,1,375
183,1,22
184,1,331
185,1,236
186,1,762
187,1,120
188,1,678
189,1,876
190,1,103
191,1,477
192,1,753
193,1,353
194,1,586
195,1,776
196,1,70
197,1,810
198,1,962
199,1,367
200,1,883
201,1,306
202,1,537
203,1,107
204,1,688
205,1,69
206,1,423
207,1,357
208,1,628
209,1,379
210,1,171
211,1,665
212,1,264
213,1,87
214,1,476
215,1,23
216,1,1018
217,1,864
218,1,283
219,1,289
220,1,900
221,1,490
222,1,409
223,1,75
224,1,208
225,1,144
226,1,254
227,1,946
228,1,771
229,1,4
230,1,475
231,1,221
232,1,609
233,1,465
234,1,436
235,1,189
236,1,877
237,1,68
238,1,34
239,1,349
240,1,574
241,1,680
242,1,842
243,1,784
244,1,502
245,1,98
246,1,344
247,1,660
248,1,330
249,1,347
250,1,320
251,1,998
252,1,41
253,1,327
254,1,38
255,1,583
256,1,36
257,1,607
258,1,233
259,1,824
260,1,418
261,1,509
262,1,444
263,1,114
264,1,710
265,1,625
266,1,91
267,1,687
268,1,493
269,1,179
270,1,66
271,1,666
272,1,841
273,1,408
274,1,340
275,1,30
276,1,478
277,1,588
278,1,112
279,1,694
280,1,882
281,1,76
282,1,222
283,1,749
284,1,968
285,1,682
286,1,1009
287,1,432
288,1,738
289,1,798
290,1,939
291,1,293
292,1,606
293,1,377
294,1,431
295,1,783
296,1,441
297,1,501
298,1,29
299,1,134
300,1,213
301,1,119
302,1,235
303,1,908
304,1,113
305,1,979
306,1,394
307,1,8
308,1,299
309,1,137
310,1,944
311,1,142
312,1,538
313,1,662
314,1,294
315,1,497
316,1,94
317,1,507
318,1,558
319,1,972
320,1,202
321,1,190
322,1,376
323,1,715
324,1,105
325,1,304
326,1,322
327,1,809
328,1,338
329,1,102
330,1,681
331,1,734
332,1,966
333,1,33
334,1,1008
335,1,948
336,1,204
337,1,503
338,1,290
339,1,894
340,1,573
341,1,422
342,1,55
343,1,745
344,1,701
345,1,870
346,1,93
347,1,808
348,1,747
349,1,1012
350,1,37
351,1,956
352,1,893
353,1,794
354,1,158
355,1,393
356,1,218
357,1,505
358,1,97
359,1,557
360,1,39
361,1,631
362,1,743
363,1,1013
364,1,209
365,1,1001
366,1,147
367,1,650
368,1,951
369,1,932
370,1,309
371,1,830
372,1,453
373,1,732
374,1,12
375,1,763
376,1,807
377,1,191
378,1,599
379,1,42
380,1,825
381,1,880
382,1,885
383,1,261
384,1,259
385,1,73
386,1,479
387,1,624
388,1,855
389,1,65
390,1,47
391,1,616
392,1,161
393,1,567
394,1,308
395,1,405
396,1,521
397,1,947
398,1,711
399,1,421
0,2,736
1,2,566
2,2,677
3,2,283
4,2,904
5,2,922
6,2,864
7,2,481
8,2,22
9,2,817
10,2,388
11,2,791
12,2,879
13,2,654
14,2,161
15,2,552
16,2,688
17,2,501
18,2,405
19,2,747
20,2,567
21,2,581
22,2,121
23,2,220
24,2,696
25,2,909
26,2,792
27,2,603
28,2,1003
29,2,147
30,2,903
31,2,166
32,2,912
33,2,765
34,2,979
35,2,494
36,2,549
37,2,989
38,2,219
39,2,305
40,2,886
41,2,936
42,2,820
43,2,214
44,2,526
45,2,373
46,2,347
47,2,767
48,2,740
49,2,730
50,2,85
51,2,76
52,2,366
53,2,292
54,2,814
55,2,701
56,2,550
57,2,239
58,2,100
59,2,1023
60,2,276
61,2,246
62,2,195
63,2,719
64,2,620
65,2,913
66,2,379
67,2,523
68,2,519
69,2,802
70,2,191
71,2,548
72,2,689
73,2,403
74,2,418
75,2,213
76,2,451
77,2,218
78,2,986
79,2,604
80,2,185
81,2,225
82,2,509
83,2,716
84,2,664
85,2,807
86,2,255
87,2,329
88,2,467
89,2,897
90,2,43
91,2,815
92,2,281
93,2,278
94,2,330
95,2,844
96,2,332
97,2,957
98,2,847
99,2,565
100,2,739
101,2,461
102,2,734
103,2,308
104,2,841
105,2,621
106,2,224
107,2,310
108,2,737
109,2,445
110,2,829
111,2,491
112,2,564
113,2,812
114,2,684
115,2,546
116,2,291
117,2,499
118,2,643
119,2,554
120,2,819
121,2,503
122,2,227
123,2,883
124,2,320
125,2,597
126,2,249
127,2,77
128,2,896
129,2,286
130,2,54
131,2,971
132,2,285
133,2,419
134,2,780
135,2,585
136,2,1020
137,2,266
138,2,87
139,2,877
140,2,202
141,2,990
142,2,287
143,2,178
144,2,173
145,2,953
146,2,578
147,2,221
148,2,206
149,2,340
150,2,316
151,2,547
152,2,369
153,2,763
154,2,561
155,2,75
156,2,609
157,2,725
158,2,771
159,2,536
160,2,435
161,2,827
162,2,790
163,2,259
164,2,441
165,2,428
166,2,492
167,2,589
168,2,242
169,2,804
170,2,622
171,2,663
172,2,444
173,2,399
174,2,558
175,2,557
176,2,322
177,2,803
178,2,749
179,2,122
180,2,944
181,2,828
182,2,374
183,2,23
184,2,299
185,2,237
186,2,794
187,2,88
188,2,646
189,2,875
190,2,104
191,2,476
192,2,721
193,2,385
194,2,586
195,2,777
196,2,102
197,2,811
198,2,930
199,2,368
200,2,851
201,2,307
202,2,569
203,2,106
204,2,656
205,2,70
206,2,423
207,2,325
208,2,629
209,2,378
210,2,172
211,2,697
212,2,263
213,2,86
214,2,475
215,2,24
216,2,1017
217,2,865
218,2,284
219,2,288
220,2,901
221,2,458
222,2,377
223,2,107
224,2,240
225,2,176
226,2,253
227,2,914
228,2,772
229,2,3
230,2,443
231,2,189
232,2,610
233,2,466
234,2,437
235,2,188
236,2,845
237,2,69
238,2,66
239,2,348
240,2,542
241,2,681
242,2,843
243,2,816
244,2,534
245,2,130
246,2,343
247,2,659
248,2,331
249,2,315
250,2,321
251,2,999
252,2,73
253,2,295
254,2,39
255,2,551
256,2,37
257,2,639
258,2,201
259,2,856
260,2,386
261,2,541
262,2,412
263,2,115
264,2,711
265,2,657
266,2,92
267,2,686
268,2,493
269,2,211
270,2,98
271,2,665
272,2,809
273,2,409
274,2,339
275,2,29
276,2,477
277,2,587
278,2,113
279,2,695
280,2,882
281,2,108
282,2,254
283,2,748
284,2,967
285,2,650
286,2,1008
287,2,433
288,2,770
289,2,830
290,2,940
291,2,294
292,2,606
293,2,376
294,2,432
295,2,751
296,2,440
297,2,502
298,2,28
299,2,135
300,2,212
301,2,151
302,2,235
303,2,876
304,2,114
305,2,978
306,2,426
307,2,8
308,2,267
309,2,136
310,2,945
311,2,174
312,2,538
313,2,630
314,2,326
315,2,529
316,2,62
317,2,506
318,2,590
319,2,973
320,2,203
321,2,222
322,2,375
323,2,683
324,2,105
325,2,303
326,2,323
327,2,810
328,2,306
329,2,101
330,2,682
331,2,733
332,2,998
333,2,65
334,2,976
335,2,947
336,2,204
337,2,471
338,2,290
339,2,862
340,2,605
341,2,454
342,2,55
343,2,744
344,2,700
345,2,902
346,2,94
347,2,776
348,2,746
349,2,1011
350,2,38
351,2,924
352,2,892
353,2,793
354,2,190
355,2,392
356,2,250
357,2,537
358,2,129
359,2,556
360,2,40
361,2,631
362,2,775
363,2,1012
364,2,210
365,2,1002
366,2,146
367,2,618
368,2,983
369,2,931
370,2,277
371,2,831
372,2,421
373,2,731
374,2,13
375,2,762
376,2,808
377,2,223
378,2,598
379,2,41
380,2,824
381,2,848
382,2,884
383,2,293
384,2,260
385,2,74
386,2,478
387,2,625
388,2,887
389,2,97
390,2,48
391,2,648
392,2,193
393,2,599
394,2,309
395,2,406
396,2,489
397,2,946
398,2,679
399,2,422
0,3,737
1,3,534
2,3,645
3,3,315
4,3,905
5,3,954
6,3,865
7,3,513
8,3,22
9,3,785
10,3,388
11,3,792
12,3,847
13,3,655
14,3,193
15,3,584
16,3,688
17,3,501
18,3,404
19,3,715
20,3,566
21,3,549
22,3,153
23,3,219
24,3,695
25,3,877
26,3,760
27,3,571
28,3,971
29,3,146
30,3,903
31,3,167
32,3,944
33,3,733
34,3,978
35,3,462
36,3,550
37,3,957
38,3,251
39,3,304
40,3,885
41,3,904
42,3,821
43,3,215
44,3,525
45,3,405
46,3,346
47,3,735
48,3,741
49,3,730
50,3,84
51,3,108
52,3,398
53,3,324
54,3,782
55,3,700
56,3,551
57,3,238
58,3,101
59,3,1022
60,3,308
61,3,246
62,3,227
63,3,687
64,3,652
65,3,912
66,3,378
67,3,524
68,3,520
69,3,803
70,3,223
71,3,516
72,3,657
73,3,402
74,3,386
75,3,214
76,3,483
77,3,186
78,3,985
79,3,603
80,3,217
81,3,257
82,3,477
83,3,716
84,3,632
85,3,808
86,3,287
87,3,330
88,3,466
89,3,897
90,3,43
91,3,814
92,3,280
93,3,279
94,3,362
95,3,845
96,3,333
97,3,956
98,3,815
99,3,564
100,3,771
101,3,493
102,3,734
103,3,307
104,3,842
105,3,620
106,3,224
107,3,278
108,3,705
109,3,444
110,3,828
111,3,490
112,3,532
113,3,844
114,3,684
115,3,514
116,3,291
117,3,467
118,3,642
119,3,555
120,3,818
121,3,471
122,3,259
123,3,882
124,3,321
125,3,565
126,3,281
127,3,109
128,3,864
129,3,254
130,3,54
131,3,972
132,3,286
133,3,451
134,3,748
135,3,553
136,3,1019
137,3,298
138,3,86
139,3,876
140,3,234
141,3,989
142,3,319
143,3,177
144,3,141
145,3,921
146,3,579
147,3,220
148,3,207
149,3,340
150,3,348
151,3,548
152,3,370
153,3,731
154,3,529
155,3,76
156,3,610
157,3,757
158,3,772
159,3,568
160,3,403
161,3,795
162,3,791
163,3,260
164,3,440
165,3,396
166,3,460
167,3,588
168,3,274
169,3,805
170,3,621
171,3,631
172,3,443
173,3,367
174,3,590
175,3,589
176,3,290
177,3,804
178,3,781
179,3,121
180,3,943
181,3,827
182,3,373
183,3,24
184,3,267
185,3,269
186,3,793
187,3,56
188,3,614
189,3,874
190,3,104
191,3,475
192,3,720
193,3,417
194,3,585
195,3,809
196,3,134
197,3,812
198,3,898
199,3,369
200,3,819
201,3,339
202,3,601
203,3,105
204,3,624
205,3,38
206,3,424
207,3,293
208,3,661
209,3,410
210,3,173
211,3,698
212,3,231
213,3,85
214,3,474
215,3,25
216,3,1016
217,3,866
218,3,283
219,3,320
220,3,902
221,3,459
222,3,345
223,3,139
224,3,272
225,3,175
226,3,285
227,3,915
228,3,740
229,3,2
230,3,442
231,3,157
232,3,578
233,3,434
234,3,438
235,3,187
236,3,813
237,3,70
238,3,98
239,3,347
240,3,510
241,3,682
242,3,811
243,3,817
244,3,533
245,3,162
246,3,375
247,3,658
248,3,299
249,3,316
250,3,322
251,3,1000
252,3,74
253,3,263
254,3,40
255,3,519
256,3,69
257,3,671
258,3,200
259,3,855
260,3,354
261,3,573
262,3,412
263,3,116
264,3,712
265,3,656
266,3,93
267,3,685
268,3,492
269,3,212
270,3,130
271,3,633
272,3,810
273,3,377
274,3,371
275,3,28
276,3,445
277,3,587
278,3,145
279,3,727
280,3,914
281,3,107
282,3,222
283,3,747
284,3,966
285,3,618
286,3,1007
287,3,465
288,3,802
289,3,829
290,3,908
291,3,295
292,3,605
293,3,344
294,3,433
295,3,719
296,3,439
297,3,502
298,3,60
299,3,136
300,3,244
301,3,150
302,3,203
303,3,875
304,3,115
305,3,946
306,3,458
307,3,9
308,3,235
309,3,168
310,3,913
311,3,206
312,3,506
313,3,629
314,3,325
315,3,528
316,3,61
317,3,505
318,3,622
319,3,974
320,3,204
321,3,221
322,3,374
323,3,651
324,3,73
325,3,302
326,3,323
327,3,778
328,3,305
329,3,133
330,3,650
331,3,701
332,3,999
333,3,97
334,3,977
335,3,947
336,3,172
337,3,470
338,3,289
339,3,830
340,3,637
341,3,486
342,3,87
343,3,743
344,3,668
345,3,934
346,3,126
347,3,777
348,3,745
349,3,1010
350,3,39
351,3,892
352,3,891
353,3,825
354,3,189
355,3,392
356,3,250
357,3,569
358,3,161
359,3,557
360,3,8
361,3,630
362,3,807
363,3,1011
364,3,211
365,3,1003
366,3,178
367,3,586
368,3,982
369,3,930
370,3,245
371,3,831
372,3,420
373,3,699
374,3,45
375,3,794
376,3,776
377,3,255
378,3,597
379,3,41
380,3,824
381,3,816
382,3,883
383,3,294
384,3,292
385,3,75
386,3,478
387,3,626
388,3,888
389,3,129
390,3,49
391,3,680
392,3,225
393,3,598
394,3,310
395,3,407
396,3,457
397,3,945
398,3,647
399,3,423
0,4,705
1,4,502
2,4,646
3,4,347
4,4,906
5,4,954
6,4,864
7,4,514
8,4,54
9,4,753
10,4,387
11,4,760
12,4,815
13,4,654
14,4,225
15,4,616
16,4,720
17,4,501
18,4,403
19,4,683
20,4,565
21,4,517
22,4,185
23,4,218
24,4,694
25,4,878
26,4,728
27,4,539
28,4,970
29,4,178
30,4,904
31,4,199
32,4,976
33,4,701
34,4,977
35,4,430
36,4,551
37,4,925
38,4,283
39,4,336
40,4,884
41,4,905
42,4,822
43,4,214
44,4,524
45,4,404
46,4,378
47,4,734
48,4,742
49,4,731
50,4,116
51,4,107
52,4,398
53,4,356
54,4,781
55,4,699
56,4,552
57,4,237
58,4,102
59,4,1021
60,4,307
61,4,278
62,4,227
63,4,688
64,4,651
65,4,911
66,4,377
67,4,523
68,4,520
69,4,804
70,4,255
71,4,484
72,4,656
73,4,434
74,4,354
75,4,246
76,4,515
77,4,186
78,4,984
79,4,602
80,4,249
81,4,289
82,4,445
83,4,715
84,4,600
85,4,776
86,4,319
87,4,331
88,4,498
89,4,865
90,4,43
91,4,782
92,4,312
93,4,279
94,4,394
95,4,877
96,4,334
97,4,924
98,4,783
99,4,596
100,4,803
101,4,525
102,4,733
103,4,339
104,4,843
105,4,619
106,4,224
107,4,277
108,4,706
109,4,476
110,4,796
111,4,489
112,4,533
113,4,845
114,4,652
115,4,482
116,4,259
117,4,466
118,4,610
119,4,556
120,4,817
121,4,439
122,4,260
123,4,881
124,4,321
125,4,564
126,4,280
127,4,108
128,4,832
129,4,222
130,4,86
131,4,973
132,4,287
133,4,483
134,4,716
135,4,521
136,4,1018
137,4,330
138,4,85
139,4,844
140,4,235
141,4,988
142,4,351
143,4,145
144,4,141
145,4,889
146,4,580
147,4,219
148,4,208
149,4,308
150,4,380
151,4,549
152,4,402
153,4,732
154,4,497
155,4,77
156,4,578
157,4,758
158,4,740
159,4,567
160,4,371
161,4,763
162,4,791
163,4,228
164,4,440
165,4,364
166,4,428
167,4,620
168,4,273
169,4,806
170,4,622
171,4,599
172,4,442
173,4,335
174,4,589
175,4,621
176,4,291
177,4,805
178,4,813
179,4,120
180,4,943
181,4,859
182,4,405
183,4,56
184,4,266
185,4,301
186,4,825
187,4,55
188,4,613
189,4,873
190,4,136
191,4,475
192,4,719
193,4,449
194,4,584
195,4,841
196,4,135
197,4,812
198,4,866
199,4,369
200,4,787
201,4,338
202,4,633
203,4,104
204,4,592
205,4,39
206,4,392
207,4,261
208,4,662
209,4,409
210,4,173
211,4,730
212,4,230
213,4,84
214,4,474
215,4,24
216,4,1016
217,4,834
218,4,315
219,4,352
220,4,903
221,4,460
222,4,313
223,4,171
224,4,304
225,4,174
226,4,317
227,4,947
228,4,741
229,4,34
230,4,410
231,4,156
232,4,546
233,4,435
234,4,470
235,4,187
236,4,814
237,4,38
238,4,130
239,4,346
240,4,509
241,4,682
242,4,779
243,4,849
244,4,534
245,4,194
246,4,374
247,4,657
248,4,267
249,4,316
250,4,323
251,4,1001
252,4,75
253,4,231
254,4,41
255,4,518
256,4,70
257,4,670
258,4,168
259,4,854
260,4,322
261,4,605
262,4,412
263,4,117
264,4,713
265,4,655
266,4,94
267,4,653
268,4,493
269,4,244
270,4,162
271,4,632
272,4,778
273,4,345
274,4,370
275,4,60
276,4,444
277,4,555
278,4,146
279,4,727
280,4,915
281,4,106
282,4,221
283,4,747
284,4,934
285,4,586
286,4,1006
287,4,464
288,4,802
289,4,828
290,4,876
291,4,263
292,4,604
293,4,343
294,4,465
295,4,687
296,4,438
297,4,503
298,4,92
299,4,137
300,4,243
301,4,149
302,4,203
303,4,875
304,4,147
305,4,945
306,4,459
307,4,9
308,4,236
309,4,167
310,4,914
311,4,238
312,4,506
313,4,628
314,4,357
315,4,560
316,4,93
317,4,473
318,4,623
319,4,942
320,4,205
321,4,253
322,4,373
323,4,650
324,4,74
325,4,302
326,4,324
327,4,746
328,4,305
329,4,165
330,4,618
331,4,669
332,4,1000
333,4,129
334,4,1009
335,4,946
336,4,204
337,4,469
338,4,290
339,4,798
340,4,637
341,4,487
342,4,87
343,4,711
344,4,668
345,4,935
346,4,158
347,4,745
348,4,744
349,4,1010
350,4,40
351,4,891
352,4,890
353,4,824
354,4,189
355,4,393
356,4,251
357,4,601
358,4,193
359,4,558
360,4,8
361,4,598
362,4,808
363,4,979
364,4,212
365,4,1004
366,4,210
367,4,587
368,4,981
369,4,898
370,4,213
371,4,830
372,4,388
373,4,698
374,4,45
375,4,826
376,4,777
377,4,254
378,4,629
379,4,73
380,4,792
381,4,816
382,4,882
383,4,295
384,4,292
385,4,76
386,4,510
387,4,627
388,4,888
389,4,161
390,4,50
391,4,712
392,4,257
393,4,597
394,4,342
395,4,408
396,4,458
397,4,944
398,4,615
399,4,424
0,5,706
1,5,470
2,5,614
3,5,346
4,5,907
5,5,954
6,5,896
7,5,546
8,5,54
9,5,721
10,5,419
11,5,728
12,5,783
13,5,686
14,5,257
15,5,617
16,5,752
17,5,502
18,5,402
19,5,651
20,5,564
21,5,485
22,5,217
23,5,186
24,5,693
25,5,879
26,5,696
27,5,507
28,5,969
29,5,177
30,5,905
31,5,200
32,5,977
33,5,669
34,5,1009
35,5,398
36,5,552
37,5,893
38,5,315
39,5,368
40,5,883
41,5,906
42,5,822
43,5,213
44,5,523
45,5,403
46,5,410
47,5,733
48,5,743
49,5,763
50,5,115
51,5,139
52,5,399
53,5,388
54,5,780
55,5,731
56,5,553
57,5,269
58,5,134
59,5,1020
60,5,339
61,5,310
62,5,259
63,5,720
64,5,650
65,5,911
66,5,376
67,5,522
68,5,521
69,5,805
70,5,254
71,5,484
72,5,655
73,5,466
74,5,354
75,5,246
76,5,547
77,5,185
78,5,983
79,5,601
80,5,281
81,5,321
82,5,444
83,5,716
84,5,568
85,5,777
86,5,351
87,5,332
88,5,497
89,5,864
90,5,75
91,5,781
92,5,344
93,5,278
94,5,426
95,5,878
96,5,335
97,5,923
98,5,751
99,5,595
100,5,835
101,5,524
102,5,732
103,5,371
104,5,811
105,5,587
106,5,224
107,5,245
108,5,707
109,5,508
110,5,795
111,5,457
112,5,501
113,5,877
114,5,620
115,5,450
116,5,260
117,5,465
118,5,578
119,5,557
120,5,816
121,5,438
122,5,261
123,5,880
124,5,322
125,5,563
126,5,279
127,5,107
128,5,800
129,5,221
130,5,85
131,5,974
132,5,255
133,5,483
134,5,684
135,5,489
136,5,1017
137,5,362
138,5,84
139,5,812
140,5,236
141,5,956
142,5,350
143,5,146
144,5,141
145,5,857
146,5,612
147,5,218
148,5,209
149,5,307
150,5,412
151,5,550
152,5,434
153,5,700
154,5,496
155,5,78
156,5,579
157,5,790
158,5,741
159,5,599
160,5,370
161,5,762
162,5,792
163,5,227
164,5,439
165,5,363
166,5,429
167,5,619
168,5,305
169,5,807
170,5,590
171,5,600
172,5,442
173,5,303
174,5,621
175,5,653
176,5,292
177,5,806
178,5,845
179,5,119
180,5,942
181,5,858
182,5,404
183,5,88
184,5,265
185,5,302
186,5,824
187,5,55
188,5,581
189,5,841
190,5,137
191,5,474
192,5,687
193,5,481
194,5,616
195,5,842
196,5,167
197,5,813
198,5,834
199,5,401
200,5,755
201,5,338
202,5,632
203,5,103
204,5,560
205,5,40
206,5,393
207,5,229
208,5,630
209,5,441
210,5,205
211,5,698
212,5,230
213,5,52
214,5,473
215,5,23
216,5,984
217,5,802
218,5,347
219,5,353
220,5,935
221,5,428
222,5,313
223,5,203
224,5,336
225,5,173
226,5,349
227,5,948
228,5,742
229,5,66
230,5,409
231,5,156
232,5,545
233,5,436
234,5,471
235,5,219
236,5,782
237,5,39
238,5,162
239,5,345
240,5,477
241,5,683
242,5,747
243,5,850
244,5,533
245,5,226
246,5,373
247,5,656
248,5,235
249,5,317
250,5,323
251,5,1002
252,5,76
253,5,199
254,5,42
255,5,517
256,5,102
257,5,671
258,5,136
259,5,886
260,5,290
261,5,604
262,5,413
263,5,118
264,5,745
265,5,654
266,5,95
267,5,652
268,5,461
269,5,276
270,5,194
271,5,631
272,5,779
273,5,377
274,5,369
275,5,92
276,5,443
277,5,556
278,5,178
279,5,727
280,5,916
281,5,106
282,5,220
283,5,715
284,5,933
285,5,554
286,5,1006
287,5,464
288,5,803
289,5,827
290,5,844
291,5,231
292,5,603
293,5,311
294,5,433
295,5,688
296,5,437
297,5,535
298,5,124
299,5,138
300,5,243
301,5,148
302,5,204
303,5,876
304,5,179
305,5,944
306,5,491
307,5,9
308,5,237
309,5,166
310,5,882
311,5,238
312,5,506
313,5,627
314,5,356
315,5,559
316,5,93
317,5,472
318,5,624
319,5,910
320,5,206
321,5,285
322,5,405
323,5,618
324,5,73
325,5,334
326,5,325
327,5,714
328,5,304
329,5,197
330,5,586
331,5,670
332,5,1001
333,5,130
334,5,1010
335,5,914
336,5,172
337,5,468
338,5,291
339,5,766
340,5,637
341,5,519
342,5,86
343,5,679
344,5,668
345,5,936
346,5,190
347,5,746
348,5,776
349,5,978
350,5,41
351,5,859
352,5,889
353,5,823
354,5,189
355,5,394
356,5,252
357,5,633
358,5,225
359,5,526
360,5,8
361,5,597
362,5,840
363,5,947
364,5,244
365,5,1005
366,5,242
367,5,555
368,5,980
369,5,866
370,5,212
371,5,829
372,5,387
373,5,666
374,5,45
375,5,826
376,5,778
377,5,286
378,5,661
379,5,105
380,5,760
381,5,815
382,5,881
383,5,327
384,5,324
385,5,77
386,5,509
387,5,659
388,5,888
389,5,193
390,5,51
391,5,744
392,5,289
393,5,596
394,5,343
395,5,408
396,5,458
397,5,943
398,5,583
399,5,392
0,6,707
1,6,438
2,6,615
3,6,378
4,6,908
5,6,954
6,6,897
7,6,547
8,6,86
9,6,720
10,6,451
11,6,727
12,6,751
13,6,654
14,6,289
15,6,617
16,6,784
17,6,534
18,6,401
19,6,619
20,6,596
21,6,453
22,6,249
23,6,185
24,6,692
25,6,847
26,6,664
27,6,475
28,6,1001
29,6,176
30,6,873
31,6,201
32,6,978
33,6,670
34,6,1008
35,6,399
36,6,553
37,6,861
38,6,347
39,6,400
40,6,882
41,6,907
42,6,790
43,6,212
44,6,491
45,6,402
46,6,409
47,6,701
48,6,744
49,6,731
50,6,114
51,6,171
52,6,431
53,6,420
54,6,812
55,6,730
56,6,585
57,6,269
58,6,135
59,6,1019
60,6,371
61,6,342
62,6,291
63,6,752
64,6,682
65,6,910
66,6,375
67,6,523
68,6,489
69,6,806
70,6,286
71,6,484
72,6,623
73,6,498
74,6,322
75,6,214
76,6,548
77,6,184
78,6,982
79,6,600
80,6,280
81,6,353
82,6,443
83,6,716
84,6,536
85,6,745
86,6,350
87,6,333
88,6,529
89,6,832
90,6,107
91,6,749
92,6,376
93,6,246
94,6,458
95,6,877
96,6,367
97,6,922
98,6,719
99,6,594
100,6,836
101,6,524
102,6,700
103,6,370
104,6,779
105,6,587
106,6,224
107,6,213
108,6,708
109,6,507
110,6,763
111,6,457
112,6,469
113,6,909
114,6,652
115,6,450
116,6,228
117,6,433
118,6,546
119,6,558
120,6,816
121,6,437
122,6,260
123,6,879
124,6,323
125,6,531
126,6,278
127,6,106
128,6,768
129,6,220
130,6,84
131,6,973
132,6,223
133,6,483
134,6,684
135,6,490
136,6,1016
137,6,394
138,6,52
139,6,813
140,6,237
141,6,924
142,6,382
143,6,146
144,6,173
145,6,856
146,6,613
147,6,217
148,6,209
149,6,306
150,6,444
151,6,550
152,6,435
153,6,668
154,6,464
155,6,110
156,6,579
157,6,791
158,6,742
159,6,631
160,6,338
161,6,762
162,6,760
163,6,226
164,6,439
165,6,362
166,6,430
167,6,618
168,6,304
169,6,775
170,6,590
171,6,568
172,6,441
173,6,335
174,6,620
175,6,685
176,6,293
177,6,807
178,6,845
179,6,151
180,6,941
181,6,890
182,6,403
183,6,89
184,6,264
185,6,303
186,6,823
187,6,23
188,6,549
189,6,809
190,6,138
191,6,473
192,6,686
193,6,513
194,6,616
195,6,874
196,6,168
197,6,814
198,6,802
199,6,369
200,6,723
201,6,339
202,6,632
203,6,102
204,6,528
205,6,41
206,6,361
207,6,230
208,6,598
209,6,440
210,6,206
211,6,699
212,6,231
213,6,51
214,6,472
215,6,22
216,6,983
217,6,770
218,6,346
219,6,385
220,6,936
221,6,396
222,6,281
223,6,235
224,6,336
225,6,172
226,6,348
227,6,949
228,6,710
229,6,98
230,6,377
231,6,156
232,6,545
233,6,468
234,6,503
235,6,187
236,6,783
237,6,40
238,6,194
239,6,344
240,6,445
241,6,683
242,6,748
243,6,851
244,6,532
245,6,225
246,6,405
247,6,655
248,6,236
249,6,316
250,6,324
251,6,1003
252,6,77
253,6,167
254,6,43
255,6,485
256,6,134
257,6,671
258,6,136
259,6,885
260,6,290
261,6,603
262,6,412
263,6,150
264,6,746
265,6,653
266,6,127
267,6,651
268,6,429
269,6,308
270,6,195
271,6,630
272,6,780
273,6,345
274,6,368
275,6,124
276,6,442
277,6,588
278,6,210
279,6,695
280,6,948
281,6,105
282,6,219
283,6,747
284,6,932
285,6,522
286,6,974
287,6,465
288,6,804
289,6,826
290,6,844
291,6,199
292,6,602
293,6,310
294,6,434
295,6,689
296,6,436
297,6,535
298,6,123
299,6,139
300,6,242
301,6,147
302,6,203
303,6,876
304,6,179
305,6,943
306,6,492
307,6,9
308,6,238
309,6,165
310,6,850
311,6,239
312,6,474
313,6,626
314,6,388
315,6,559
316,6,92
317,6,471
318,6,625
319,6,878
320,6,207
321,6,317
322,6,404
323,6,586
324,6,74
325,6,334
326,6,326
327,6,715
328,6,272
329,6,229
330,6,554
331,6,638
332,6,1002
333,6,162
334,6,1011
335,6,913
336,6,204
337,6,467
338,6,292
339,6,734
340,6,637
341,6,520
342,6,85
343,6,678
344,6,669
345,6,968
346,6,222
347,6,714
348,6,808
349,6,1010
350,6,73
351,6,827
352,6,888
353,6,822
354,6,221
355,6,426
356,6,284
357,6,633
358,6,257
359,6,527
360,6,8
361,6,565
362,6,872
363,6,915
364,6,245
365,6,1006
366,6,274
367,6,556
368,6,979
369,6,834
370,6,211
371,6,828
372,6,355
373,6,665
374,6,45
375,6,825
376,6,778
377,6,318
378,6,693
379,6,104
380,6,728
381,6,815
382,6,880
383,6,328
384,6,356
385,6,78
386,6,508
387,6,660
388,6,920
389,6,193
390,6,19
391,6,776
392,6,321
393,6,595
394,6,343
395,6,408
396,6,459
397,6,942
398,6,584
399,6,393
0,7,708
1,7,406
2,7,583
3,7,410
4,7,876
5,7,954
6,7,898
7,7,548
8,7,85
9,7,688
10,7,483
11,7,695
12,7,719
13,7,655
14,7,321
15,7,618
16,7,785
17,7,533
18,7,400
19,7,587
20,7,595
21,7,421
22,7,281
23,7,184
24,7,692
25,7,815
26,7,632
27,7,443
28,7,1000
29,7,175
30,7,841
31,7,233
32,7,1010
33,7,638
34,7,1007
35,7,367
36,7,521
37,7,829
38,7,346
39,7,399
40,7,881
41,7,908
42,7,791
43,7,244
44,7,491
45,7,401
46,7,408
47,7,669
48,7,745
49,7,732
50,7,113
51,7,203
52,7,430
53,7,419
54,7,811
55,7,762
56,7,553
57,7,269
58,7,136
59,7,1018
60,7,370
61,7,310
62,7,323
63,7,784
64,7,714
65,7,911
66,7,374
67,7,555
68,7,489
69,7,806
70,7,318
71,7,485
72,7,622
73,7,499
74,7,290
75,7,213
76,7,580
77,7,183
78,7,981
79,7,599
80,7,312
81,7,385
82,7,442
83,7,684
84,7,504
85,7,746
86,7,382
87,7,301
88,7,528
89,7,800
90,7,139
91,7,717
92,7,375
93,7,214
94,7,459
95,7,877
96,7,368
97,7,921
98,7,687
99,7,626
100,7,868
101,7,523
102,7,699
103,7,338
104,7,780
105,7,586
106,7,224
107,7,212
108,7,709
109,7,506
110,7,731
111,7,457
112,7,437
113,7,909
114,7,620
115,7,450
116,7,229
117,7,432
118,7,545
119,7,559
120,7,816
121,7,436
122,7,292
123,7,878
124,7,324
125,7,531
126,7,246
127,7,105
128,7,736
129,7,219
130,7,116
131,7,1005
132,7,191
133,7,484
134,7,652
135,7,458
136,7,984
137,7,394
138,7,51
139,7,813
140,7,238
141,7,892
142,7,414
143,7,114
144,7,173
145,7,824
146,7,645
147,7,216
148,7,209
149,7,274
150,7,476
151,7,550
152,7,467
153,7,668
154,7,465
155,7,142
156,7,547
157,7,823
158,7,743
159,7,663
160,7,306
161,7,763
162,7,728
163,7,227
164,7,438
165,7,361
166,7,398
167,7,650
168,7,305
169,7,776
170,7,558
171,7,536
172,7,440
173,7,303
174,7,621
175,7,686
176,7,294
177,7,775
178,7,845
179,7,150
180,7,940
181,7,922
182,7,402
183,7,121
184,7,264
185,7,304
186,7,822
187,7,22
188,7,517
189,7,777
190,7,138
191,7,473
192,7,654
193,7,514
194,7,615
195,7,906
196,7,200
197,7,782
198,7,770
199,7,369
200,7,691
201,7,371
202,7,631
203,7,101
204,7,496
205,7,9
206,7,393
207,7,230
208,7,598
209,7,472
210,7,207
211,7,667
212,7,263
213,7,50
214,7,471
215,7,21
216,7,982
217,7,771
218,7,378
219,7,417
220,7,968
221,7,364
222,7,313
223,7,267
224,7,335
225,7,171
226,7,347
227,7,949
228,7,678
229,7,130
230,7,377
231,7,124
232,7,513
233,7,469
234,7,535
235,7,187
236,7,751
237,7,41
238,7,226
239,7,343
240,7,413
241,7,651
242,7,716
243,7,819
244,7,532
245,7,257
246,7,404
247,7,623
248,7,237
249,7,348
250,7,325
251,7,1004
252,7,78
253,7,167
254,7,44
255,7,453
256,7,135
257,7,671
258,7,168
259,7,884
260,7,291
261,7,602
262,7,444
263,7,118
264,7,747
265,7,653
266,7,127
267,7,619
268,7,428
269,7,307
270,7,195
271,7,629
272,7,781
273,7,345
274,7,336
275,7,123
276,7,441
277,7,556
278,7,242
279,7,696
280,7,980
281,7,104
282,7,218
283,7,779
284,7,931
285,7,490
286,7,974
287,7,497
288,7,805
289,7,825
290,7,812
291,7,199
292,7,570
293,7,309
294,7,434
295,7,690
296,7,435
297,7,567
298,7,122
299,7,140
300,7,241
301,7,146
302,7,204
303,7,844
304,7,211
305,7,942
306,7,493
307,7,8
308,7,239
309,7,197
310,7,851
311,7,240
312,7,474
313,7,625
314,7,420
315,7,560
316,7,91
317,7,470
318,7,657
319,7,910
320,7,208
321,7,349
322,7,403
323,7,554
324,7,42
325,7,333
326,7,327
327,7,683
328,7,272
329,7,261
330,7,522
331,7,606
332,7,1003
333,7,194
334,7,1012
335,7,912
336,7,172
337,7,466
338,7,293
339,7,733
340,7,637
341,7,552
342,7,117
343,7,646
344,7,670
345,7,969
346,7,254
347,7,715
348,7,807
349,7,1009
350,7,74
351,7,795
352,7,887
353,7,821
354,7,253
355,7,426
356,7,316
357,7,601
358,7,289
359,7,527
360,7,40
361,7,564
362,7,904
363,7,883
364,7,277
365,7,1006
366,7,273
367,7,524
368,7,978
369,7,802
370,7,210
371,7,827
372,7,356
373,7,633
374,7,45
375,7,793
376,7,778
377,7,317
378,7,725
379,7,103
380,7,727
381,7,814
382,7,879
383,7,329
384,7,388
385,7,110
386,7,507
387,7,661
388,7,888
389,7,225
390,7,20
391,7,808
392,7,353
393,7,594
394,7,342
395,7,376
396,7,460
397,7,941
398,7,585
399,7,392
0,8,709
1,8,406
2,8,584
3,8,409
4,8,844
5,8,954
6,8,898
7,8,549
8,8,117
9,8,688
10,8,484
11,8,663
12,8,720
13,8,656
14,8,353
15,8,650
16,8,784
17,8,565
18,8,399
19,8,555
20,8,594
21,8,420
22,8,280
23,8,183
24,8,724
25,8,783
26,8,600
27,8,444
28,8,999
29,8,175
30,8,809
31,8,265
32,8,1011
33,8,606
34,8,1008
35,8,367
36,8,520
37,8,797
38,8,378
39,8,398
40,8,880
41,8,876
42,8,791
43,8,243
44,8,490
45,8,400
46,8,407
47,8,670
48,8,746
49,8,733
50,8,112
51,8,235
52,8,462
53,8,451
54,8,843
55,8,794
56,8,554
57,8,237
58,8,137
59,8,1017
60,8,371
61,8,342
62,8,355
63,8,816
64,8,713
65,8,943
66,8,373
67,8,556
68,8,489
69,8,807
70,8,317
71,8,453
72,8,621
73,8,531
74,8,291
75,8,214
76,8,612
77,8,151
78,8,980
79,8,598
80,8,344
81,8,417
82,8,441
83,8,652
84,8,505
85,8,714
86,8,414
87,8,302
88,8,527
89,8,768
90,8,171
91,8,685
92,8,374
93,8,215
94,8,491
95,8,878
96,8,369
97,8,920
98,8,655
99,8,625
100,8,900
101,8,523
102,8,698
103,8,338
104,8,748
105,8,618
106,8,224
107,8,244
108,8,677
109,8,506
110,8,699
111,8,457
112,8,405
113,8,909
114,8,588
115,8,450
116,8,197
117,8,432
118,8,513
119,8,560
120,8,815
121,8,435
122,8,324
123,8,910
124,8,325
125,8,563
126,8,245
127,8,104
128,8,737
129,8,218
130,8,115
131,8,1006
132,8,159
133,8,516
134,8,620
135,8,426
136,8,983
137,8,393
138,8,50
139,8,781
140,8,206
141,8,891
142,8,413
143,8,114
144,8,173
145,8,792
146,8,646
147,8,216
148,8,210
149,8,273
150,8,508
151,8,550
152,8,468
153,8,668
154,8,433
155,8,174
156,8,515
157,8,855
158,8,744
159,8,662
160,8,274
161,8,731
162,8,696
163,8,228
164,8,438
165,8,329
166,8,366
167,8,682
168,8,304
169,8,777
170,8,526
171,8,537
172,8,439
173,8,303
174,8,653
175,8,687
176,8,294
177,8,776
178,8,877
179,8,149
180,8,939
181,8,921
182,8,401
183,8,122
184,8,263
185,8,336
186,8,821
187,8,21
188,8,485
189,8,745
190,8,139
191,8,472
192,8,622
193,8,546
194,8,615
195,8,938
196,8,201
197,8,814
198,8,738
199,8,370
200,8,692
201,8,403
202,8,630
203,8,133
204,8,464
205,8,10
206,8,392
207,8,231
208,8,566
209,8,504
210,8,207
211,8,667
212,8,295
213,8,49
214,8,470
215,8,20
216,8,1014
217,8,772
218,8,410
219,8,449
220,8,969
221,8,363
222,8,281
223,8,299
224,8,335
225,8,203
226,8,346
227,8,981
228,8,679
229,8,162
230,8,377
231,8,92
232,8,481
233,8,437
234,8,567
235,8,219
236,8,719
237,8,42
238,8,225
239,8,311
240,8,412
241,8,619
242,8,717
243,8,787
244,8,532
245,8,289
246,8,436
247,8,623
248,8,238
249,8,347
250,8,326
251,8,1005
252,8,110
253,8,168
254,8,45
255,8,421
256,8,136
257,8,671
258,8,200
259,8,883
260,8,259
261,8,601
262,8,476
263,8,150
264,8,779
265,8,654
266,8,127
267,8,587
268,8,396
269,8,339
270,8,227
271,8,628
272,8,782
273,8,345
274,8,368
275,8,155
276,8,440
277,8,524
278,8,242
279,8,697
280,8,1012
281,8,103
282,8,217
283,8,778
284,8,930
285,8,458
286,8,973
287,8,529
288,8,806
289,8,824
290,8,780
291,8,199
292,8,602
293,8,308
294,8,466
295,8,691
296,8,434
297,8,599
298,8,154
299,8,108
300,8,240
301,8,145
302,8,236
303,8,845
304,8,212
305,8,941
306,8,525
307,8,40
308,8,239
309,8,165
310,8,819
311,8,208
312,8,442
313,8,624
314,8,419
315,8,592
316,8,123
317,8,469
318,8,658
319,8,911
320,8,209
321,8,381
322,8,402
323,8,522
324,8,74
325,8,332
326,8,328
327,8,684
328,8,272
329,8,293
330,8,521
331,8,574
332,8,1004
333,8,226
334,8,1013
335,8,912
336,8,204
337,8,465
338,8,292
339,8,701
340,8,669
341,8,553
342,8,116
343,8,614
344,8,638
345,8,1001
346,8,286
347,8,683
348,8,839
349,8,1009
350,8,75
351,8,763
352,8,886
353,8,820
354,8,285
355,8,394
356,8,348
357,8,633
358,8,321
359,8,559
360,8,39
361,8,564
362,8,936
363,8,851
364,8,278
365,8,1007
366,8,305
367,8,492
368,8,977
369,8,801
370,8,178
371,8,859
372,8,357
373,8,632
374,8,13
375,8,825
376,8,810
377,8,349
378,8,725
379,8,102
380,8,695
381,8,813
382,8,847
383,8,330
384,8,388
385,8,142
386,8,507
387,8,693
388,8,889
389,8,257
390,8,52
391,8,840
392,8,385
393,8,626
394,8,343
395,8,376
396,8,428
397,8,940
398,8,586
399,8,424
0,9,677
1,9,374
2,9,585
3,9,441
4,9,845
5,9,954
6,9,897
7,9,550
8,9,149
9,9,687
10,9,485
11,9,631
12,9,721
13,9,688
14,9,385
15,9,618
16,9,784
17,9,564
18,9,398
19,9,556
20,9,626
21,9,419
22,9,312
23,9,151
24,9,723
25,9,751
26,9,568
27,9,444
28,9,967
29,9,207
30,9,809
31,9,266
32,9,1012
33,9,574
34,9,1009
35,9,335
36,9,520
37,9,765
38,9,410
39,9,430
40,9,879
41,9,844
42,9,792
43,9,242
44,9,490
45,9,399
46,9,406
47,9,638
48,9,714
49,9,734
50,9,144
51,9,267
52,9,462
53,9,450
54,9,842
55,9,793
56,9,522
57,9,236
58,9,138
59,9,1016
60,9,370
61,9,343
62,9,387
63,9,848
64,9,712
65,9,942
66,9,341
67,9,588
68,9,489
69,9,808
70,9,349
71,9,421
72,9,621
73,9,532
74,9,259
75,9,246
76,9,612
77,9,150
78,9,979
79,9,597
80,9,376
81,9,449
82,9,440
83,9,620
84,9,473
85,9,715
86,9,413
87,9,301
88,9,526
89,9,736
90,9,203
91,9,653
92,9,375
93,9,183
94,9,492
95,9,910
96,9,369
97,9,888
98,9,656
99,9,624
100,9,901
101,9,491
102,9,666
103,9,339
104,9,749
105,9,617
106,9,224
107,9,243
108,9,645
109,9,505
110,9,698
111,9,457
112,9,373
113,9,877
114,9,589
115,9,482
116,9,229
117,9,431
118,9,513
119,9,561
120,9,814
121,9,434
122,9,356
123,9,909
124,9,293
125,9,531
126,9,213
127,9,103
128,9,705
129,9,217
130,9,147
131,9,1007
132,9,127
133,9,517
134,9,619
135,9,458
136,9,982
137,9,394
138,9,49
139,9,781
140,9,205
141,9,890
142,9,445
143,9,114
144,9,173
145,9,760
146,9,678
147,9,215
148,9,211
149,9,241
150,9,540
151,9,551
152,9,469
153,9,669
154,9,432
155,9,175
156,9,483
157,9,856
158,9,745
159,9,661
160,9,273
161,9,699
162,9,664
163,9,228
164,9,437
165,9,297
166,9,334
167,9,681
168,9,336
169,9,778
170,9,494
171,9,537
172,9,438
173,9,302
174,9,652
175,9,719
176,9,326
177,9,744
178,9,878
179,9,148
180,9,971
181,9,921
182,9,400
183,9,123
184,9,231
185,9,368
186,9,820
187,9,20
188,9,453
189,9,777
190,9,140
191,9,472
192,9,590
193,9,578
194,9,614
195,9,938
196,9,233
197,9,782
198,9,706
199,9,338
200,9,693
201,9,435
202,9,629
203,9,165
204,9,464
205,9,11
206,9,393
207,9,199
208,9,567
209,9,536
210,9,208
211,9,667
212,9,294
213,9,48
214,9,471
215,9,19
216,9,1014
217,9,772
218,9,409
219,9,481
220,9,1001
221,9,363
222,9,249
223,9,299
224,9,303
225,9,202
226,9,378
227,9,949
228,9,647
229,9,194
230,9,345
231,9,91
232,9,480
233,9,405
234,9,599
235,9,219
236,9,720
237,9,43
238,9,257
239,9,311
240,9,412
241,9,587
242,9,685
243,9,788
244,9,533
245,9,321
246,9,468
247,9,622
248,9,206
249,9,315
250,9,327
251,9,1006
252,9,142
253,9,136
254,9,46
255,9,420
256,9,137
257,9,670
258,9,168
259,9,882
260,9,227
261,9,600
262,9,508
263,9,118
264,9,780
265,9,654
266,9,95
267,9,555
268,9,364
269,9,371
270,9,195
271,9,627
272,9,783
273,9,346
274,9,367
275,9,154
276,9,439
277,9,524
278,9,274
279,9,697
280,9,1013
281,9,135
282,9,216
283,9,810
284,9,898
285,9,459
286,9,972
287,9,529
288,9,807
289,9,823
290,9,748
291,9,200
292,9,601
293,9,307
294,9,467
295,9,692
296,9,433
297,9,598
298,9,153
299,9,109
300,9,239
301,9,177
302,9,235
303,9,813
304,9,244
305,9,940
306,9,557
307,9,39
308,9,238
309,9,197
310,9,787
311,9,240
312,9,442
313,9,623
314,9,451
315,9,592
316,9,124
317,9,470
318,9,659
319,9,912
320,9,210
321,9,381
322,9,401
323,9,523
324,9,73
325,9,332
326,9,329
327,9,684
328,9,272
329,9,292
330,9,521
331,9,542
332,9,1005
333,9,225
334,9,981
335,9,880
336,9,204
337,9,465
338,9,260
339,9,700
340,9,701
341,9,553
342,9,115
343,9,613
344,9,606
345,9,1002
346,9,318
347,9,651
348,9,839
349,9,977
350,9,76
351,9,731
352,9,885
353,9,819
354,9,317
355,9,426
356,9,380
357,9,665
358,9,353
359,9,560
360,9,38
361,9,563
362,9,968
363,9,851
364,9,310
365,9,1008
366,9,304
367,9,460
368,9,945
369,9,769
370,9,178
371,9,891
372,9,325
373,9,632
374,9,45
375,9,826
376,9,811
377,9,348
378,9,724
379,9,101
380,9,663
381,9,812
382,9,815
383,9,331
384,9,388
385,9,174
386,9,506
387,9,694
388,9,889
389,9,289
390,9,84
391,9,872
392,9,417
393,9,625
394,9,344
395,9,377
396,9,396
397,9,908
398,9,554
399,9,392
0,10,645
1,10,375
2,10,586
3,10,440
4,10,813
5,10,954
6,10,898
7,10,551
8,10,181
9,10,655
10,10,486
11,10,599
12,10,722
13,10,689
14,10,417
15,10,618
16,10,784
17,10,563
18,10,430
19,10,556
20,10,625
21,10,418
22,10,344
23,10,151
24,10,691
25,10,719
26,10,569
27,10,444
28,10,966
29,10,239
30,10,777
31,10,298
32,10,1012
33,10,542
34,10,977
35,10,367
36,10,521
37,10,765
38,10,409
39,10,429
40,10,878
41,10,845
42,10,760
43,10,210
44,10,490
45,10,398
46,10,405
47,10,606
48,10,715
49,10,735
50,10,144
51,10,299
52,10,462
53,10,482
54,10,874
55,10,792
56,10,522
57,10,204
58,10,139
59,10,984
60,10,402
61,10,343
62,10,419
63,10,847
64,10,711
65,10,941
66,10,340
67,10,589
68,10,489
69,10,776
70,10,348
71,10,422
72,10,622
73,10,564
74,10,260
75,10,278
76,10,613
77,10,149
78,10,978
79,10,596
80,10,408
81,10,481
82,10,439
83,10,588
84,10,474
85,10,683
86,10,445
87,10,302
88,10,526
89,10,736
90,10,235
91,10,621
92,10,407
93,10,184
94,10,493
95,10,911
96,10,370
97,10,887
98,10,624
99,10,592
100,10,902
101,10,491
102,10,665
103,10,339
104,10,750
105,10,616
106,10,225
107,10,242
108,10,646
109,10,504
110,10,666
111,10,457
112,10,374
113,10,877
114,10,557
115,10,483
116,10,230
117,10,432
118,10,514
119,10,562
120,10,782
121,10,434
122,10,388
123,10,909
124,10,261
125,10,499
126,10,213
127,10,102
128,10,706
129,10,216
130,10,146
131,10,1008
132,10,95
133,10,518
134,10,620
135,10,459
136,10,981
137,10,426
138,10,48
139,10,749
140,10,237
141,10,889
142,10,477
143,10,113
144,10,173
145,10,728
146,10,679
147,10,214
148,10,212
149,10,240
150,10,541
151,10,519
152,10,501
153,10,637
154,10,433
155,10,176
156,10,451
157,10,888
158,10,746
159,10,660
160,10,241
161,10,698
162,10,663
163,10,227
164,10,436
165,10,265
166,10,334
167,10,713
168,10,368
169,10,778
170,10,494
171,10,537
172,10,437
173,10,303
174,10,684
175,10,720
176,10,327
177,10,712
178,10,910
179,10,147
180,10,939
181,10,920
182,10,399
183,10,124
184,10,231
185,10,369
186,10,820
187,10,20
188,10,453
189,10,745
190,10,141
191,10,471
192,10,590
193,10,610
194,10,614
195,10,938
196,10,234
197,10,783
198,10,707
199,10,338
200,10,661
201,10,403
202,10,628
203,10,197
204,10,464
205,10,12
206,10,394
207,10,200
208,10,567
209,10,568
210,10,208
211,10,667
212,10,293
213,10,47
214,10,470
215,10,51
216,10,982
217,10,772
218,10,441
219,10,513
220,10,1002
221,10,362
222,10,217
223,10,331
224,10,335
225,10,201
226,10,410
227,10,949
228,10,615
229,10,226
230,10,346
231,10,59
232,10,448
233,10,373
234,10,600
235,10,219
236,10,721
237,10,44
238,10,289
239,10,310
240,10,413
241,10,587
242,10,686
243,10,788
244,10,532
245,10,353
246,10,467
247,10,654
248,10,207
249,10,316
250,10,328
251,10,1007
252,10,174
253,10,137
254,10,46
255,10,421
256,10,138
257,10,669
258,10,136
259,10,881
260,10,195
261,10,632
262,10,540
263,10,150
264,10,781
265,10,653
266,10,94
267,10,523
268,10,363
269,10,371
270,10,194
271,10,626
272,10,751
273,10,378
274,10,366
275,10,153
276,10,438
277,10,525
278,10,274
279,10,696
280,10,1014
281,10,167
282,10,215
283,10,809
284,10,866
285,10,460
286,10,971
287,10,561
288,10,808
289,10,822
290,10,716
291,10,168
292,10,633
293,10,306
294,10,435
295,10,693
296,10,401
297,10,566
298,10,185
299,10,110
300,10,238
301,10,209
302,10,236
303,10,814
304,10,245
305,10,908
306,10,558
307,10,38
308,10,206
309,10,229
310,10,755
311,10,272
312,10,442
313,10,623
314,10,450
315,10,560
316,10,92
317,10,469
318,10,627
319,10,913
320,10,211
321,10,380
322,10,400
323,10,524
324,10,41
325,10,364
326,10,330
327,10,685
328,10,273
329,10,324
330,10,553
331,10,510
332,10,1006
333,10,257
334,10,1013
335,10,848
336,10,203
337,10,465
338,10,228
339,10,701
340,10,733
341,10,554
342,10,114
343,10,581
344,10,574
345,10,1003
346,10,350
347,10,619
348,10,807
349,10,976
350,10,77
351,10,699
352,10,884
353,10,818
354,10,349
355,10,458
356,10,412
357,10,697
358,10,385
359,10,528
360,10,70
361,10,595
362,10,969
363,10,819
364,10,342
365,10,1009
366,10,336
367,10,428
368,10,944
369,10,737
370,10,177
371,10,923
372,10,326
373,10,631
374,10,45
375,10,826
376,10,779
377,10,347
378,10,723
379,10,133
380,10,662
381,10,811
382,10,815
383,10,332
384,10,420
385,10,175
386,10,505
387,10,695
388,10,921
389,10,321
390,10,85
391,10,904
392,10,449
393,10,657
394,10,345
395,10,377
396,10,396
397,10,876
398,10,555
399,10,393
0,11,646
1,11,374
2,11,554
3,11,472
4,11,814
5,11,954
6,11,930
7,11,552
8,11,149
9,11,623
10,11,487
11,11,567
12,11,690
13,11,721
14,11,449
15,11,618
16,11,785
17,11,564
18,11,429
19,11,524
20,11,624
21,11,386
22,11,376
23,11,119
24,11,691
25,11,720
26,11,537
27,11,445
28,11,934
29,11,238
30,11,745
31,11,299
32,11,1013
33,11,510
34,11,1009
35,11,366
36,11,553
37,11,766
38,11,441
39,11,461
40,11,910
41,11,845
42,11,760
43,11,211
44,11,458
45,11,430
46,11,405
47,11,574
48,11,716
49,11,767
50,11,144
51,11,331
52,11,463
53,11,483
54,11,873
55,11,791
56,11,523
57,11,203
58,11,140
59,11,983
60,11,401
61,11,375
62,11,418
63,11,847
64,11,743
65,11,940
66,11,340
67,11,621
68,11,521
69,11,777
70,11,347
71,11,423
72,11,654
73,11,596
74,11,228
75,11,310
76,11,645
77,11,148
78,11,977
79,11,595
80,11,408
81,11,513
82,11,438
83,11,588
84,11,442
85,11,651
86,11,477
87,11,303
88,11,526
89,11,737
90,11,267
91,11,620
92,11,439
93,11,216
94,11,494
95,11,912
96,11,338
97,11,886
98,11,592
99,11,560
100,11,903
101,11,490
102,11,633
103,11,371
104,11,751
105,11,615
106,11,224
107,11,210
108,11,614
109,11,503
110,11,665
111,11,489
112,11,342
113,11,878
114,11,558
115,11,451
116,11,231
117,11,432
118,11,482
119,11,563
120,11,781
121,11,434
122,11,420
123,11,908
124,11,293
125,11,498
126,11,181
127,11,101
128,11,707
129,11,215
130,11,178
131,11,976
132,11,94
133,11,518
134,11,619
135,11,460
136,11,980
137,11,426
138,11,47
139,11,717
140,11,269
141,11,857
142,11,509
143,11,112
144,11,173
145,11,727
146,11,680
147,11,246
148,11,213
149,11,239
150,11,573
151,11,551
152,11,533
153,11,605
154,11,433
155,11,208
156,11,419
157,11,920
158,11,714
159,11,692
160,11,240
161,11,666
162,11,663
163,11,195
164,11,435
165,11,264
166,11,302
167,11,681
168,11,400
169,11,746
170,11,462
171,11,505
172,11,436
173,11,335
174,11,683
175,11,752
176,11,328
177,11,713
178,11,942
179,11,146
180,11,971
181,11,921
182,11,398
183,11,156
184,11,263
185,11,370
186,11,819
187,11,20
188,11,454
189,11,744
190,11,142
191,11,470
192,11,589
193,11,642
194,11,613
195,11,938
196,11,266
197,11,784
198,11,708
199,11,339
200,11,662
201,11,404
202,11,627
203,11,229
204,11,464
205,11,13
206,11,394
207,11,168
208,11,568
209,11,600
210,11,209
211,11,667
212,11,292
213,11,46
214,11,469
215,11,50
216,11,981
217,11,772
218,11,440
219,11,514
220,11,1003
221,11,361
222,11,218
223,11,332
224,11,367
225,11,200
226,11,409
227,11,949
228,11,583
229,11,225
230,11,378
231,11,27
232,11,448
233,11,341
234,11,601
235,11,219
236,11,722
237,11,45
238,11,321
239,11,309
240,11,412
241,11,555
242,11,687
243,11,820
244,11,532
245,11,385
246,11,466
247,11,653
248,11,207
249,11,317
250,11,329
251,11,1008
252,11,175
253,11,138
254,11,14
255,11,453
256,11,139
257,11,701
258,11,135
259,11,880
260,11,163
261,11,631
262,11,541
263,11,151
264,11,813
265,11,652
266,11,126
267,11,491
268,11,362
269,11,403
270,11,194
271,11,625
272,11,719
273,11,379
274,11,334
275,11,185
276,11,437
277,11,557
278,11,242
279,11,728
280,11,982
281,11,199
282,11,183
283,11,808
284,11,834
285,11,428
286,11,970
287,11,562
288,11,840
289,11,821
290,11,684
291,11,167
292,11,632
293,11,274
294,11,467
295,11,661
296,11,369
297,11,534
298,11,184
299,11,110
300,11,237
301,11,241
302,11,204
303,11,782
304,11,277
305,11,876
306,11,590
307,11,37
308,11,206
309,11,261
310,11,754
311,11,304
312,11,410
313,11,622
314,11,450
315,11,559
316,11,124
317,11,468
318,11,659
319,11,914
320,11,212
321,11,380
322,11,399
323,11,525
324,11,40
325,11,363
326,11,330
327,11,686
328,11,272
329,11,323
330,11,585
331,11,478
332,11,1007
333,11,289
334,11,1014
335,11,816
336,11,202
337,11,465
338,11,227
339,11,700
340,11,765
341,11,522
342,11,113
343,11,549
344,11,542
345,11,1004
346,11,382
347,11,587
348,11,806
349,11,944
350,11,78
351,11,698
352,11,883
353,11,817
354,11,348
355,11,457
356,11,444
357,11,697
358,11,417
359,11,496
360,11,102
361,11,594
362,11,1001
363,11,787
364,11,343
365,11,1010
366,11,368
367,11,396
368,11,943
369,11,705
370,11,177
371,11,923
372,11,327
373,11,630
374,11,77
375,11,826
376,11,780
377,11,346
378,11,755
379,11,165
380,11,694
381,11,810
382,11,815
383,11,333
384,11,421
385,11,176
386,11,504
387,11,696
388,11,922
389,11,353
390,11,117
391,11,936
392,11,481
393,11,689
394,11,345
395,11,377
396,11,364
397,11,844
398,11,556
399,11,393
0,12,614
1,12,373
2,12,522
3,12,504
4,12,782
5,12,954
6,12,931
7,12,553
8,12,150
9,12,655
10,12,519
11,12,535
12,12,691
13,12,722
14,12,481
15,12,586
16,12,753
17,12,596
18,12,461
19,12,492
20,12,623
21,12,354
22,12,408
23,12,118
24,12,723
25,12,721
26,12,505
27,12,445
28,12,902
29,12,206
30,12,746
31,12,298
32,12,981
33,12,478
34,12,1008
35,12,367
36,12,521
37,12,734
38,12,440
39,12,493
40,12,909
41,12,813
42,12,792
43,12,179
44,12,426
45,12,429
46,12,404
47,12,542
48,12,717
49,12,767
50,12,144
51,12,332
52,12,462
53,12,484
54,12,872
55,12,790
56,12,491
57,12,235
58,12,141
59,12,982
60,12,369
61,12,376
62,12,450
63,12,847
64,12,775
65,12,939
66,12,339
67,12,653
68,12,489
69,12,778
70,12,379
71,12,424
72,12,654
73,12,628
74,12,229
75,12,311
76,12,646
77,12,147
78,12,1009
79,12,594
80,12,409
81,12,514
82,12,437
83,12,587
84,12,442
85,12,619
86,12,509
87,12,304
88,12,525
89,12,705
90,12,299
91,12,588
92,12,438
93,12,217
94,12,526
95,12,913
96,12,338
97,12,885
98,12,560
99,12,559
100,12,935
101,12,490
102,12,632
103,12,371
104,12,719
105,12,647
106,12,225
107,12,209
108,12,615
109,12,502
110,12,633
111,12,457
112,12,310
113,12,878
114,12,558
115,12,451
116,12,199
117,12,432
118,12,483
119,12,595
120,12,780
121,12,433
122,12,421
123,12,876
124,12,294
125,12,497
126,12,149
127,12,133
128,12,708
129,12,214
130,12,210
131,12,977
132,12,93
133,12,518
134,12,618
135,12,460
136,12,979
137,12,394
138,12,46
139,12,749
140,12,301
141,12,825
142,12,541
143,12,80
144,12,173
145,12,695
146,12,712
147,12,245
148,12,213
149,12,238
150,12,605
151,12,550
152,12,534
153,12,606
154,12,401
155,12,240
156,12,387
157,12,952
158,12,715
159,12,724
160,12,239
161,12,665
162,12,663
163,12,163
164,12,434
165,12,263
166,12,302
167,12,680
168,12,399
169,12,714
170,12,494
171,12,473
172,12,435
173,12,303
174,12,682
175,12,752
176,12,328
177,12,681
178,12,910
179,12,178
180,12,1003
181,12,921
182,12,430
183,12,157
184,12,231
185,12,370
186,12,818
187,12,20
188,12,422
189,12,743
190,12,174
191,12,470
192,12,590
193,12,674
194,12,612
195,12,938
196,12,266
197,12,785
198,12,709
199,12,307
200,12,662
201,12,403
202,12,659
203,12,261
204,12,464
205,12,14
206,12,393
207,12,200
208,12,569
209,12,599
210,12,177
211,12,667
212,12,324
213,12,78
214,12,469
215,12,49
216,12,980
217,12,772
218,12,472
219,12,546
220,12,1004
221,12,329
222,12,219
223,12,364
224,12,335
225,12,201
226,12,441
227,12,949
228,12,584
229,12,257
230,12,346
231,12,27
232,12,448
233,12,342
234,12,601
235,12,187
236,12,690
237,12,13
238,12,353
239,12,308
240,12,413
241,12,556
242,12,688
243,12,788
244,12,532
245,12,417
246,12,498
247,12,652
248,12,175
249,12,318
250,12,297
251,12,976
252,12,176
253,12,139
254,12,15
255,12,454
256,12,140
257,12,733
258,12,103
259,12,879
260,12,131
261,12,630
262,12,573
263,12,183
264,12,814
265,12,620
266,12,127
267,12,459
268,12,330
269,12,402
270,12,195
271,12,624
272,12,720
273,12,380
274,12,366
275,12,184
276,12,436
277,12,589
278,12,243
279,12,760
280,12,1014
281,12,167
282,12,215
283,12,807
284,12,802
285,12,428
286,12,969
287,12,563
288,12,841
289,12,820
290,12,685
291,12,168
292,12,631
293,12,242
294,12,466
295,12,661
296,12,368
297,12,566
298,12,216
299,12,142
300,12,236
301,12,273
302,12,172
303,12,783
304,12,278
305,12,844
306,12,622
307,12,69
308,12,207
309,12,293
310,12,786
311,12,336
312,12,410
313,12,621
314,12,482
315,12,527
316,12,123
317,12,467
318,12,660
319,12,882
320,12,244
321,12,412
322,12,398
323,12,557
324,12,8
325,12,362
326,12,331
327,12,687
328,12,272
329,12,355
330,12,585
331,12,477
332,12,1007
333,12,321
334,12,1013
335,12,784
336,12,202
337,12,465
338,12,226
339,12,701
340,12,797
341,12,523
342,12,112
343,12,517
344,12,510
345,12,1005
346,12,414
347,12,555
348,12,805
349,12,945
350,12,110
351,12,666
352,12,915
353,12,816
354,12,347
355,12,458
356,12,476
357,12,698
358,12,449
359,12,496
360,12,134
361,12,562
362,12,1002
363,12,755
364,12,375
365,12,1011
366,12,400
367,12,396
368,12,942
369,12,673
370,12,145
371,12,924
372,12,295
373,12,629
374,12,45
375,12,826
376,12,748
377,12,345
378,12,754
379,12,197
380,12,693
381,12,809
382,12,815
383,12,334
384,12,453
385,12,208
386,12,536
387,12,728
388,12,923
389,12,385
390,12,117
391,12,968
392,12,513
393,12,689
394,12,377
395,12,378
396,12,363
397,12,812
398,12,524
399,12,361
0,13,615
1,13,341
2,13,523
3,13,536
4,13,783
5,13,954
6,13,932
7,13,554
8,13,151
9,13,654
10,13,520
11,13,503
12,13,692
13,13,754
14,13,513
15,13,618
16,13,785
17,13,564
18,13,493
19,13,460
20,13,655
21,13,322
22,13,408
23,13,117
24,13,724
25,13,722
26,13,473
27,13,413
28,13,901
29,13,206
30,13,714
31,13,299
32,13,1013
33,13,477
34,13,1007
35,13,366
36,13,521
37,13,733
38,13,472
39,13,525
40,13,908
41,13,781
42,13,793
43,13,179
44,13,458
45,13,461
46,13,436
47,13,510
48,13,685
49,13,767
50,13,144
51,13,331
52,13,463
53,13,484
54,13,904
55,13,822
56,13,491
57,13,234
58,13,173
59,13,981
60,13,368
61,13,377
62,13,482
63,13,847
64,13,775
65,13,938
66,13,371
67,13,652
68,13,489
69,13,746
70,13,378
71,13,392
72,13,622
73,13,627
74,13,230
75,13,343
76,13,614
77,13,146
78,13,1008
79,13,626
80,13,441
81,13,546
82,13,405
83,13,586
84,13,442
85,13,651
86,13,541
87,13,272
88,13,557
89,13,705
90,13,267
91,13,587
92,13,470
93,13,218
94,13,494
95,13,881
96,13,338
97,13,884
98,13,561
99,13,527
100,13,936
101,13,522
102,13,632
103,13,370
104,13,720
105,13,646
106,13,226
107,13,209
108,13,583
109,13,534
110,13,601
111,13,457
112,13,311
113,13,910
114,13,559
115,13,450
116,13,167
117,13,400
118,13,451
119,13,596
120,13,779
121,13,432
122,13,453
123,13,844
124,13,295
125,13,465
126,13,148
127,13,165
128,13,709
129,13,213
130,13,242
131,13,1009
132,13,92
133,13,518
134,13,619
135,13,428
136,13,978
137,13,426
138,13,78
139,13,717
140,13,301
141,13,824
142,13,573
143,13,81
144,13,172
145,13,694
146,13,744
147,13,246
148,13,181
149,13,237
150,13,637
151,13,550
152,13,533
153,13,574
154,13,369
155,13,208
156,13,388
157,13,952
158,13,683
159,13,725
160,13,238
161,13,633
162,13,631
163,13,131
164,13,433
165,13,231
166,13,303
167,13,712
168,13,398
169,13,715
170,13,462
171,13,474
172,13,403
173,13,304
174,13,650
175,13,753
176,13,328
177,13,682
178,13,942
179,13,210
180,13,971
181,13,921
182,13,429
183,13,189
184,13,199
185,13,402
186,13,850
187,13,20
188,13,421
189,13,743
190,13,175
191,13,469
192,13,590
193,13,706
194,13,580
195,13,906
196,13,266
197,13,817
198,13,677
199,13,339
200,13,663
201,13,404
202,13,659
203,13,293
204,13,496
205,13,15
206,13,394
207,13,168
208,13,570
209,13,598
210,13,178
211,13,667
212,13,323
213,13,77
214,13,437
215,13,48
216,13,948
217,13,772
218,13,504
219,13,578
220,13,1005
221,13,330
222,13,220
223,13,332
224,13,367
225,13,200
226,13,440
227,13,949
228,13,585
229,13,289
230,13,347
231,13,27
232,13,448
233,13,342
234,13,600
235,13,219
236,13,691
237,13,14
238,13,385
239,13,307
240,13,412
241,13,524
242,13,689
243,13,820
244,13,532
245,13,449
246,13,497
247,13,620
248,13,176
249,13,318
250,13,297
251,13,977
252,13,177
253,13,107
254,13,47
255,13,422
256,13,141
257,13,765
258,13,102
259,13,878
260,13,130
261,13,629
262,13,605
263,13,184
264,13,782
265,13,588
266,13,127
267,13,459
268,13,298
269,13,434
270,13,227
271,13,624
272,13,688
273,13,348
274,13,334
275,13,216
276,13,435
277,13,589
278,13,244
279,13,792
280,13,982
281,13,135
282,13,183
283,13,806
284,13,801
285,13,396
286,13,1001
287,13,595
288,13,842
289,13,819
290,13,653
291,13,136
292,13,630
293,13,241
294,13,498
295,13,662
296,13,336
297,13,567
298,13,215
299,13,174
300,13,235
301,13,305
302,13,140
303,13,751
304,13,310
305,13,843
306,13,623
307,13,101
308,13,239
309,13,325
310,13,787
311,13,335
312,13,410
313,13,621
314,13,483
315,13,526
316,13,122
317,13,466
318,13,661
319,13,883
320,13,245
321,13,444
322,13,430
323,13,558
324,13,8
325,13,361
326,13,363
327,13,687
328,13,240
329,13,387
330,13,553
331,13,445
332,13,1006
333,13,353
334,13,1014
335,13,752
336,13,201
337,13,464
338,13,194
339,13,701
340,13,829
341,13,555
342,13,112
343,13,517
344,13,478
345,13,973
346,13,414
347,13,556
348,13,804
349,13,945
350,13,142
351,13,665
352,13,914
353,13,815
354,13,379
355,13,490
356,13,508
357,13,730
358,13,481
359,13,528
360,13,166
361,13,562
362,13,1003
363,13,723
364,13,407
365,13,1012
366,13,399
367,13,364
368,13,941
369,13,641
370,13,145
371,13,956
372,13,263
373,13,628
374,13,45
375,13,826
376,13,749
377,13,344
378,13,786
379,13,229
380,13,693
381,13,777
382,13,814
383,13,302
384,13,485
385,13,207
386,13,568
387,13,760
388,13,924
389,13,417
390,13,149
391,13,969
392,13,514
393,13,721
394,13,409
395,13,346
396,13,362
397,13,780
398,13,492
399,13,329
0,14,583
1,14,309
2,14,491
3,14,568
4,14,751
5,14,954
6,14,933
7,14,555
8,14,183
9,14,653
10,14,552
11,14,471
12,14,693
13,14,754
14,14,514
15,14,618
16,14,784
17,14,563
18,14,525
19,14,428
20,14,687
21,14,290
22,14,407
23,14,116
24,14,725
25,14,723
26,14,474
27,14,381
28,14,901
29,14,205
30,14,682
31,14,331
32,14,1014
33,14,445
34,14,1006
35,14,367
36,14,522
37,14,701
38,14,504
39,14,557
40,14,940
41,14,782
42,14,794
43,14,179
44,14,426
45,14,493
46,14,468
47,14,478
48,14,686
49,14,767
50,14,176
51,14,363
52,14,462
53,14,484
54,14,903
55,14,821
56,14,459
57,14,234
58,14,173
59,14,980
60,14,400
61,14,409
62,14,482
63,14,847
64,14,775
65,14,906
66,14,370
67,14,620
68,14,489
69,14,747
70,14,377
71,14,392
72,14,654
73,14,659
74,14,229
75,14,375
76,14,615
77,14,145
78,14,1007
79,14,625
80,14,473
81,14,578
82,14,404
83,14,585
84,14,410
85,14,652
86,14,573
87,14,272
88,14,589
89,14,706
90,14,266
91,14,586
92,14,502
93,14,219
94,14,526
95,14,882
96,14,339
97,14,916
98,14,561
99,14,527
100,14,968
101,14,554
102,14,631
103,14,338
104,14,721
105,14,614
106,14,194
107,14,241
108,14,584
109,14,533
110,14,569
111,14,457
112,14,279
113,14,911
114,14,560
115,14,450
116,14,168
117,14,399
118,14,451
119,14,596
120,14,778
121,14,431
122,14,485
123,14,812
124,14,263
125,14,433
126,14,147
127,14,197
128,14,677
129,14,212
130,14,274
131,14,1010
132,14,124
133,14,518
134,14,651
135,14,396
136,14,977
137,14,394
138,14,77
139,14,685
140,14,301
141,14,823
142,14,574
143,14,113
144,14,172
145,14,694
146,14,776
147,14,246
148,14,213
149,14,236
150,14,669
151,14,550
152,14,501
153,14,542
154,14,369
155,14,240
156,14,356
157,14,952
158,14,684
159,14,757
160,14,206
161,14,601
162,14,599
163,14,130
164,14,401
165,14,230
166,14,302
167,14,744
168,14,430
169,14,716
170,14,494
171,14,506
172,14,402
173,14,303
174,14,649
175,14,785
176,14,328
177,14,683
178,14,942
179,14,209
180,14,1003
181,14,921
182,14,461
183,14,221
184,14,231
185,14,434
186,14,850
187,14,20
188,14,420
189,14,743
190,14,207
191,14,469
192,14,590
193,14,738
194,14,580
195,14,907
196,14,265
197,14,849
198,14,645
199,14,340
200,14,663
201,14,436
202,14,691
203,14,292
204,14,464
205,14,47
206,14,393
207,14,200
208,14,571
209,14,597
210,14,146
211,14,667
212,14,355
213,14,76
214,14,405
215,14,16
216,14,948
217,14,772
218,14,536
219,14,610
220,14,1005
221,14,298
222,14,188
223,14,333
224,14,368
225,14,199
226,14,472
227,14,981
228,14,553
229,14,321
230,14,315
231,14,27
232,14,448
233,14,341
234,14,632
235,14,187
236,14,692
237,14,15
238,14,417
239,14,306
240,14,380
241,14,492
242,14,690
243,14,820
244,14,532
245,14,481
246,14,529
247,14,619
248,14,177
249,14,318
250,14,297
251,14,1009
252,14,178
253,14,108
254,14,48
255,14,421
256,14,142
257,14,797
258,14,70
259,14,910
260,14,98
261,14,628
262,14,637
263,14,185
264,14,783
265,14,556
266,14,127
267,14,458
268,14,299
269,14,466
270,14,259
271,14,623
272,14,689
273,14,316
274,14,366
275,14,215
276,14,403
277,14,588
278,14,245
279,14,793
280,14,983
281,14,167
282,14,184
283,14,838
284,14,769
285,14,364
286,14,1000
287,14,595
288,14,810
289,14,818
290,14,621
291,14,137
292,14,629
293,14,273
294,14,499
295,14,630
296,14,336
297,14,535
298,14,214
299,14,175
300,14,267
301,14,304
302,14,139
303,14,719
304,14,342
305,14,842
306,14,655
307,14,133
308,14,238
309,14,357
310,14,755
311,14,335
312,14,378
313,14,622
314,14,515
315,14,558
316,14,121
317,14,465
318,14,662
319,14,884
320,14,277
321,14,476
322,14,429
323,14,559
324,14,8
325,14,361
326,14,362
327,14,688
328,14,239
329,14,419
330,14,521
331,14,413
332,14,974
333,14,385
334,14,982
335,14,720
336,14,201
337,14,432
338,14,162
339,14,700
340,14,861
341,14,587
342,14,112
343,14,516
344,14,477
345,14,973
346,14,414
347,14,524
348,14,803
349,14,945
350,14,174
351,14,633
352,14,913
353,14,814
354,14,379
355,14,490
356,14,540
357,14,731
358,14,513
359,14,496
360,14,165
361,14,562
362,14,1004
363,14,724
364,14,439
365,14,1013
366,14,398
367,14,332
368,14,909
369,14,609
370,14,144
371,14,924
372,14,264
373,14,627
374,14,45
375,14,826
376,14,750
377,14,343
378,14,786
379,14,261
380,14,661
381,14,745
382,14,813
383,14,334
384,14,517
385,14,208
386,14,600
387,14,792
388,14,892
389,14,449
390,14,181
391,14,1001
392,14,546
393,14,753
394,14,441
395,14,347
396,14,330
397,14,748
398,14,460
399,14,329
0,15,584
1,15,309
2,15,459
3,15,569
4,15,719
5,15,954
6,15,934
7,15,556
8,15,183
9,15,652
10,15,552
11,15,439
12,15,661
13,15,754
14,15,546
15,15,586
16,15,784
17,15,563
18,15,524
19,15,429
20,15,655
21,15,291
22,15,406
23,15,115
24,15,725
25,15,724
26,15,442
27,15,382
28,15,901
29,15,173
30,15,683
31,15,363
32,15,982
33,15,413
34,15,1005
35,15,335
36,15,523
37,15,700
38,15,536
39,15,589
40,15,939
41,15,783
42,15,762
43,15,211
44,15,426
45,15,525
46,15,467
47,15,477
48,15,687
49,15,767
50,15,208
51,15,364
52,15,494
53,15,485
54,15,902
55,15,820
56,15,460
57,15,234
58,15,174
59,15,979
60,15,399
61,15,441
62,15,482
63,15,847
64,15,775
65,15,905
66,15,402
67,15,588
68,15,490
69,15,748
70,15,409
71,15,392
72,15,653
73,15,658
74,15,230
75,15,376
76,15,616
77,15,144
78,15,1006
79,15,624
80,15,505
81,15,610
82,15,403
83,15,617
84,15,410
85,15,620
86,15,605
87,15,273
88,15,621
89,15,707
90,15,298
91,15,554
92,15,534
93,15,220
94,15,527
95,15,883
96,15,340
97,15,915
98,15,562
99,15,559
100,15,969
101,15,553
102,15,630
103,15,338
104,15,722
105,15,614
106,15,162
107,15,209
108,15,585
109,15,565
110,15,537
111,15,457
112,15,280
113,15,879
114,15,528
115,15,449
116,15,136
117,15,367
118,15,450
119,15,628
120,15,777
121,15,432
122,15,486
123,15,780
124,15,264
125,15,434
126,15,146
127,15,229
128,15,645
129,15,244
130,15,306
131,15,1011
132,15,123
133,15,518
134,15,651
135,15,396
136,15,1009
137,15,394
138,15,76
139,15,686
140,15,302
141,15,791
142,15,606
143,15,114
144,15,172
145,15,695
146,15,808
147,15,245
148,15,214
149,15,235
150,15,701
151,15,550
152,15,533
153,15,510
154,15,370
155,15,272
156,15,357
157,15,952
158,15,685
159,15,757
160,15,205
161,15,600
162,15,599
163,15,98
164,15,433
165,15,231
166,15,303
167,15,776
168,15,431
169,15,717
170,15,526
171,15,474
172,15,401
173,15,304
174,15,648
175,15,786
176,15,328
177,15,684
178,15,910
179,15,177
180,15,1003
181,15,921
182,15,462
183,15,253
184,15,263
185,15,435
186,15,818
187,15,20
188,15,388
189,15,743
190,15,239
191,15,469
192,15,590
193,15,770
194,15,580
195,15,906
196,15,297
197,15,850
198,15,646
199,15,341
200,15,631
201,15,468
202,15,723
203,15,324
204,15,463
205,15,48
206,15,393
207,15,168
208,15,571
209,15,596
210,15,178
211,15,667
212,15,387
213,15,75
214,15,373
215,15,15
216,15,916
217,15,772
218,15,535
219,15,642
220,15,973
221,15,299
222,15,156
223,15,301
224,15,369
225,15,199
226,15,504
227,15,981
228,15,521
229,15,353
230,15,283
231,15,27
232,15,448
233,15,342
234,15,664
235,15,219
236,15,693
237,15,47
238,15,418
239,15,305
240,15,379
241,15,493
242,15,691
243,15,788
244,15,532
245,15,513
246,15,561
247,15,618
248,15,145
249,15,318
250,15,329
251,15,1010
252,15,179
253,15,109
254,15,49
255,15,420
256,15,142
257,15,829
258,15,69
259,15,909
260,15,66
261,15,627
262,15,669
263,15,217
264,15,815
265,15,557
266,15,127
267,15,458
268,15,267
269,15,498
270,15,260
271,15,623
272,15,690
273,15,284
274,15,398
275,15,215
276,15,371
277,15,587
278,15,277
279,15,794
280,15,951
281,15,167
282,15,216
283,15,837
284,15,737
285,15,332
286,15,999
287,15,595
288,15,809
289,15,817
290,15,622
291,15,138
292,15,629
293,15,241
294,15,499
295,15,598
296,15,368
297,15,567
298,15,246
299,15,176
300,15,266
301,15,336
302,15,107
303,15,720
304,15,343
305,15,810
306,15,656
307,15,165
308,15,206
309,15,325
310,15,755
311,15,334
312,15,346
313,15,654
314,15,547
315,15,558
316,15,120
317,15,464
318,15,694
319,15,885
320,15,278
321,15,508
322,15,461
323,15,560
324,15,8
325,15,361
326,15,362
327,15,689
328,15,238
329,15,451
330,15,489
331,15,381
332,15,942
333,15,417
334,15,983
335,15,688
336,15,200
337,15,400
338,15,130
339,15,732
340,15,893
341,15,619
342,15,113
343,15,484
344,15,445
345,15,972
346,15,414
347,15,492
348,15,771
349,15,977
350,15,175
351,15,601
352,15,912
353,15,813
354,15,378
355,15,522
356,15,541
357,15,763
358,15,514
359,15,497
360,15,197
361,15,594
362,15,1004
363,15,692
364,15,440
365,15,1014
366,15,430
367,15,333
368,15,908
369,15,609
370,15,112
371,15,923
372,15,265
373,15,626
374,15,45
375,15,826
376,15,751
377,15,375
378,15,787
379,15,293
380,15,660
381,15,744
382,15,812
383,15,366
384,15,549
385,15,240
386,15,568
387,15,793
388,15,892
389,15,481
390,15,213
391,15,1002
392,15,578
393,15,752
394,15,473
395,15,348
396,15,331
397,15,716
398,15,428
399,15,330
0,16,585
1,16,277
2,16,459
3,16,537
4,16,720
5,16,954
6,16,935
7,16,557
8,16,184
9,16,652
10,16,584
11,16,407
12,16,662
13,16,786
14,16,578
15,16,618
16,16,785
17,16,595
18,16,523
19,16,430
20,16,654
21,16,259
22,16,438
23,16,114
24,16,693
25,16,725
26,16,410
27,16,350
28,16,900
29,16,141
30,16,684
31,16,363
32,16,981
33,16,381
34,16,1004
35,16,336
36,16,491
37,16,701
38,16,568
39,16,621
40,16,938
41,16,751
42,16,730
43,16,210
44,16,458
45,16,524
46,16,499
47,16,445
48,16,688
49,16,767
50,16,207
51,16,364
52,16,526
53,16,486
54,16,901
55,16,819
56,16,428
57,16,266
58,16,175
59,16,978
60,16,400
61,16,442
62,16,482
63,16,848
64,16,775
65,16,873
66,16,434
67,16,587
68,16,522
69,16,749
70,16,441
71,16,424
72,16,653
73,16,690
74,16,231
75,16,377
76,16,615
77,16,145
78,16,1005
79,16,624
80,16,504
81,16,642
82,16,371
83,16,616
84,16,378
85,16,588
86,16,637
87,16,241
88,16,620
89,16,708
90,16,330
91,16,555
92,16,533
93,16,220
94,16,528
95,16,884
96,16,341
97,16,883
98,16,563
99,16,559
100,16,1001
101,16,552
102,16,598
103,16,339
104,16,723
105,16,613
106,16,163
107,16,208
108,16,553
109,16,564
110,16,505
111,16,489
112,16,281
113,16,880
114,16,496
115,16,448
116,16,137
117,16,335
118,16,451
119,16,629
120,16,776
121,16,432
122,16,487
123,16,748
124,16,265
125,16,433
126,16,178
127,16,261
128,16,646
129,16,243
130,16,305
131,16,1012
132,16,122
133,16,518
134,16,650
135,16,396
136,16,1008
137,16,426
138,16,75
139,16,687
140,16,301
141,16,790
142,16,607
143,16,146
144,16,172
145,16,663
146,16,809
147,16,244
148,16,215
149,16,234
150,16,733
151,16,550
152,16,501
153,16,478
154,16,338
155,16,273
156,16,325
157,16,952
158,16,686
159,16,757
160,16,173
161,16,601
162,16,567
163,16,98
164,16,465
165,16,199
166,16,302
167,16,808
168,16,431
169,16,717
170,16,558
171,16,506
172,16,402
173,16,303
174,16,647
175,16,787
176,16,329
177,16,685
178,16,878
179,16,209
180,16,971
181,16,921
182,16,461
183,16,285
184,16,295
185,16,436
186,16,817
187,16,20
188,16,356
189,16,711
190,16,239
191,16,468
192,16,589
193,16,802
194,16,580
195,16,906
196,16,297
197,16,851
198,16,614
199,16,309
200,16,599
201,16,467
202,16,755
203,16,323
204,16,463
205,16,49
206,16,392
207,16,200
208,16,571
209,16,628
210,16,179
211,16,667
212,16,419
213,16,107
214,16,373
215,16,14
216,16,916
217,16,772
218,16,534
219,16,674
220,16,974
221,16,267
222,16,156
223,16,333
224,16,369
225,16,167
226,16,536
227,16,1013
228,16,521
229,16,385
230,16,251
231,16,27
232,16,480
233,16,342
234,16,696
235,16,219
236,16,661
237,16,48
238,16,450
239,16,304
240,16,379
241,16,494
242,16,692
243,16,820
244,16,532
245,16,514
246,16,560
247,16,619
248,16,113
249,16,318
250,16,361
251,16,1011
252,16,211
253,16,110
254,16,50
255,16,388
256,16,174
257,16,861
258,16,37
259,16,941
260,16,34
261,16,626
262,16,668
263,16,218
264,16,847
265,16,525
266,16,127
267,16,457
268,16,235
269,16,498
270,16,260
271,16,655
272,16,691
273,16,252
274,16,399
275,16,183
276,16,370
277,16,586
278,16,278
279,16,795
280,16,919
281,16,135
282,16,216
283,16,869
284,16,705
285,16,332
286,16,967
287,16,596
288,16,810
289,16,816
290,16,623
291,16,170
292,16,597
293,16,240
294,16,531
295,16,566
296,16,367
297,16,535
298,16,245
299,16,144
300,16,298
301,16,368
302,16,106
303,16,721
304,16,375
305,16,778
306,16,657
307,16,197
308,16,238
309,16,324
310,16,754
311,16,366
312,16,347
313,16,622
314,16,579
315,16,590
316,16,119
317,16,464
318,16,695
319,16,886
320,16,310
321,16,507
322,16,493
323,16,592
324,16,8
325,16,393
326,16,362
327,16,689
328,16,237
329,16,483
330,16,490
331,16,349
332,16,943
333,16,449
334,16,951
335,16,656
336,16,201
337,16,401
338,16,131
339,16,700
340,16,925
341,16,651
342,16,112
343,16,484
344,16,413
345,16,973
346,16,414
347,16,460
348,16,739
349,16,976
350,16,176
351,16,569
352,16,912
353,16,812
354,16,346
355,16,554
356,16,573
357,16,763
358,16,546
359,16,497
360,16,229
361,16,562
362,16,972
363,16,660
364,16,472
365,16,982
366,16,462
367,16,334
368,16,907
369,16,609
370,16,80
371,16,922
372,16,233
373,16,625
374,16,45
375,16,826
376,16,752
377,16,374
378,16,788
379,16,292
380,16,659
381,16,743
382,16,811
383,16,398
384,16,581
385,16,272
386,16,600
387,16,794
388,16,892
389,16,513
390,16,214
391,16,1003
392,16,610
393,16,784
394,16,474
395,16,316
396,16,299
397,16,716
398,16,429
399,16,331
0,17,586
1,17,245
2,17,460
3,17,536
4,17,721
5,17,954
6,17,936
7,17,558
8,17,185
9,17,620
10,17,585
11,17,375
12,17,630
13,17,786
14,17,579
15,17,618
16,17,784
17,17,594
18,17,522
19,17,398
20,17,653
21,17,227
22,17,437
23,17,146
24,17,661
25,17,693
26,17,410
27,17,351
28,17,901
29,17,142
30,17,685
31,17,331
32,17,981
33,17,349
34,17,1003
35,17,336
36,17,492
37,17,701
38,17,567
39,17,621
40,17,970
41,17,719
42,17,698
43,17,210
44,17,426
45,17,556
46,17,531
47,17,413
48,17,689
49,17,767
50,17,239
51,17,364
52,17,494
53,17,487
54,17,933
55,17,818
56,17,429
57,17,234
58,17,176
59,17,946
60,17,368
61,17,443
62,17,514
63,17,880
64,17,775
65,17,841
66,17,466
67,17,588
68,17,490
69,17,749
70,17,440
71,17,424
72,17,652
73,17,691
74,17,199
75,17,409
76,17,616
77,17,113
78,17,1004
79,17,656
80,17,505
81,17,674
82,17,371
83,17,584
84,17,346
85,17,589
86,17,669
87,17,209
88,17,619
89,17,709
90,17,362
91,17,523
92,17,565
93,17,220
94,17,529
95,17,885
96,17,309
97,17,883
98,17,562
99,17,527
100,17,1002
101,17,551
102,17,597
103,17,338
104,17,724
105,17,614
106,17,164
107,17,207
108,17,521
109,17,563
110,17,473
111,17,457
112,17,249
113,17,881
114,17,497
115,17,449
116,17,138
117,17,303
118,17,450
119,17,629
120,17,808
121,17,400
122,17,519
123,17,748
124,17,266
125,17,434
126,17,178
127,17,260
128,17,647
129,17,242
130,17,304
131,17,1013
132,17,121
133,17,518
134,17,651
135,17,396
136,17,1007
137,17,394
138,17,107
139,17,688
140,17,269
141,17,758
142,17,607
143,17,147
144,17,173
145,17,695
146,17,809
147,17,243
148,17,216
149,17,202
150,17,765
151,17,550
152,17,502
153,17,477
154,17,306
155,17,305
156,17,293
157,17,952
158,17,687
159,17,725
160,17,141
161,17,569
162,17,535
163,17,98
164,17,433
165,17,167
166,17,301
167,17,807
168,17,463
169,17,717
170,17,526
171,17,474
172,17,370
173,17,302
174,17,679
175,17,788
176,17,330
177,17,686
178,17,878
179,17,208
180,17,939
181,17,921
182,17,493
183,17,284
184,17,294
185,17,468
186,17,816
187,17,20
188,17,388
189,17,710
190,17,240
191,17,467
192,17,557
193,17,834
194,17,581
195,17,938
196,17,329
197,17,852
198,17,615
199,17,310
200,17,600
201,17,499
202,17,787
203,17,355
204,17,464
205,17,50
206,17,392
207,17,168
208,17,571
209,17,627
210,17,211
211,17,667
212,17,451
213,17,106
214,17,341
215,17,13
216,17,916
217,17,772
218,17,566
219,17,706
220,17,1006
221,17,235
222,17,156
223,17,333
224,17,401
225,17,166
226,17,568
227,17,1014
228,17,489
229,17,417
230,17,251
231,17,27
232,17,448
233,17,343
234,17,728
235,17,187
236,17,662
237,17,49
238,17,482
239,17,272
240,17,378
241,17,462
242,17,660
243,17,821
244,17,533
245,17,546
246,17,559
247,17,587
248,17,112
249,17,318
250,17,361
251,17,1012
252,17,212
253,17,78
254,17,51
255,17,387
256,17,175
257,17,893
258,17,5
259,17,940
260,17,34
261,17,658
262,17,700
263,17,219
264,17,848
265,17,524
266,17,127
267,17,458
268,17,203
269,17,498
270,17,292
271,17,654
272,17,692
273,17,253
274,17,431
275,17,215
276,17,369
277,17,554
278,17,279
279,17,796
280,17,920
281,17,135
282,17,184
283,17,869
284,17,673
285,17,332
286,17,966
287,17,595
288,17,842
289,17,815
290,17,624
291,17,170
292,17,596
293,17,241
294,17,532
295,17,598
296,17,366
297,17,534
298,17,244
299,17,145
300,17,297
301,17,367
302,17,74
303,17,722
304,17,376
305,17,746
306,17,657
307,17,229
308,17,238
309,17,356
310,17,755
311,17,334
312,17,315
313,17,622
314,17,580
315,17,590
316,17,119
317,17,432
318,17,696
319,17,887
320,17,342
321,17,506
322,17,525
323,17,560
324,17,8
325,17,393
326,17,363
327,17,690
328,17,236
329,17,515
330,17,491
331,17,317
332,17,944
333,17,481
334,17,919
335,17,655
336,17,200
337,17,402
338,17,132
339,17,732
340,17,957
341,17,683
342,17,144
343,17,483
344,17,381
345,17,1005
346,17,414
347,17,428
348,17,738
349,17,976
350,17,177
351,17,537
352,17,912
353,17,811
354,17,345
355,17,553
356,17,605
357,17,763
358,17,547
359,17,465
360,17,261
361,17,561
362,17,973
363,17,628
364,17,504
365,17,983
366,17,461
367,17,335
368,17,906
369,17,610
370,17,48
371,17,922
372,17,201
373,17,625
374,17,45
375,17,826
376,17,751
377,17,373
378,17,820
379,17,324
380,17,659
381,17,711
382,17,810
383,17,399
384,17,613
385,17,273
386,17,601
387,17,795
388,17,892
389,17,513
390,17,246
391,17,971
392,17,642
393,17,783
394,17,475
395,17,316
396,17,267
397,17,684
398,17,430
399,17,299
0,18,587
1,18,213
2,18,428
3,18,568
4,18,721
5,18,954
6,18,968
7,18,559
8,18,185
9,18,588
10,18,586
11,18,374
12,18,631
13,18,786
14,18,580
15,18,618
16,18,784
17,18,594
18,18,521
19,18,399
20,18,652
21,18,195
22,18,436
23,18,114
24,18,660
25,18,661
26,18,378
27,18,319
28,18,901
29,18,142
30,18,686
31,18,330
32,18,981
33,18,317
34,18,1002
35,18,304
36,18,460
37,18,700
38,18,599
39,18,653
40,18,969
41,18,720
42,18,666
43,18,209
44,18,458
45,18,555
46,18,563
47,18,381
48,18,690
49,18,767
50,18,239
51,18,364
52,18,526
53,18,487
54,18,933
55,18,850
56,18,430
57,18,202
58,18,208
59,18,945
60,18,367
61,18,475
62,18,546
63,18,848
64,18,775
65,18,840
66,18,498
67,18,589
68,18,491
69,18,749
70,18,439
71,18,424
72,18,620
73,18,691
74,18,200
75,18,410
76,18,616
77,18,145
78,18,1003
79,18,655
80,18,504
81,18,706
82,18,370
83,18,552
84,18,347
85,18,590
86,18,701
87,18,177
88,18,651
89,18,710
90,18,394
91,18,522
92,18,597
93,18,220
94,18,561
95,18,886
96,18,310
97,18,883
98,18,562
99,18,528
100,18,1001
101,18,551
102,18,598
103,18,338
104,18,692
105,18,614
106,18,132
107,18,206
108,18,489
109,18,564
110,18,441
111,18,457
112,18,217
113,18,882
114,18,496
115,18,450
116,18,139
117,18,302
118,18,418
119,18,629
120,18,807
121,18,432
122,18,520
123,18,748
124,18,234
125,18,402
126,18,210
127,18,292
128,18,615
129,18,241
130,18,303
131,18,1014
132,18,120
133,18,518
134,18,650
135,18,396
136,18,1006
137,18,426
138,18,106
139,18,656
140,18,237
141,18,757
142,18,607
143,18,115
144,18,173
145,18,694
146,18,841
147,18,242
148,18,216
149,18,201
150,18,797
151,18,550
152,18,502
153,18,445
154,18,274
155,18,306
156,18,261
157,18,951
158,18,688
159,18,724
160,18,140
161,18,537
162,18,503
163,18,98
164,18,465
165,18,166
166,18,269
167,18,806
168,18,462
169,18,685
170,18,558
171,18,473
172,18,369
173,18,301
174,18,678
175,18,820
176,18,298
177,18,687
178,18,878
179,18,207
180,18,971
181,18,921
182,18,525
183,18,316
184,18,294
185,18,469
186,18,815
187,18,20
188,18,356
189,18,711
190,18,272
191,18,466
192,18,557
193,18,866
194,18,581
195,18,938
196,18,361
197,18,884
198,18,583
199,18,311
200,18,601
201,18,531
202,18,819
203,18,387
204,18,464
205,18,51
206,18,392
207,18,167
208,18,571
209,18,659
210,18,212
211,18,667
212,18,483
213,18,105
214,18,340
215,18,12
216,18,916
217,18,772
218,18,565
219,18,738
220,18,974
221,18,203
222,18,156
223,18,333
224,18,433
225,18,165
226,18,567
227,18,982
228,18,490
229,18,449
230,18,283
231,18,27
232,18,448
233,18,344
234,18,760
235,18,219
236,18,630
237,18,50
238,18,514
239,18,273
240,18,377
241,18,494
242,18,628
243,18,822
244,18,534
245,18,578
246,18,527
247,18,619
248,18,112
249,18,318
250,18,362
251,18,1013
252,18,244
253,18,46
254,18,52
255,18,386
256,18,176
257,18,925
258,18,5
259,18,939
260,18,34
261,18,657
262,18,732
263,18,251
264,18,849
265,18,492
266,18,127
267,18,459
268,18,171
269,18,499
270,18,293
271,18,654
272,18,693
273,18,254
274,18,463
275,18,214
276,18,368
277,18,553
278,18,279
279,18,828
280,18,952
281,18,135
282,18,184
283,18,869
284,18,641
285,18,332
286,18,934
287,18,627
288,18,842
289,18,814
290,18,625
291,18,170
292,18,595
293,18,240
294,18,533
295,18,566
296,18,334
297,18,535
298,18,243
299,18,146
300,18,329
301,18,366
302,18,73
303,18,723
304,18,408
305,18,714
306,18,689
307,18,228
308,18,238
309,18,355
310,18,755
311,18,335
312,18,315
313,18,621
314,18,612
315,18,622
316,18,119
317,18,431
318,18,697
319,18,888
320,18,343
321,18,506
322,18,524
323,18,592
324,18,8
325,18,393
326,18,331
327,18,722
328,18,204
329,18,547
330,18,523
331,18,285
332,18,944
333,18,513
334,18,920
335,18,623
336,18,168
337,18,401
338,18,133
339,18,733
340,18,989
341,18,684
342,18,144
343,18,482
344,18,349
345,18,1004
346,18,413
347,18,429
348,18,737
349,18,976
350,18,178
351,18,505
352,18,912
353,18,810
354,18,346
355,18,585
356,18,637
357,18,795
358,18,548
359,18,497
360,18,260
361,18,560
362,18,1005
363,18,596
364,18,536
365,18,984
366,18,493
367,18,336
368,18,905
369,18,610
370,18,47
371,18,922
372,18,233
373,18,626
374,18,45
375,18,826
376,18,751
377,18,405
378,18,852
379,18,323
380,18,658
381,18,679
382,18,809
383,18,400
384,18,645
385,18,305
386,18,569
387,18,796
388,18,892
389,18,545
390,18,278
391,18,972
392,18,674
393,18,782
394,18,507
395,18,348
396,18,235
397,18,716
398,18,398
399,18,267
0,19,587
1,19,181
2,19,429
3,19,567
4,19,722
5,19,954
6,19,1000
7,19,560
8,19,153
9,19,588
10,19,585
11,19,373
12,19,599
13,19,786
14,19,612
15,19,586
16,19,784
17,19,626
18,19,553
19,19,400
20,19,651
21,19,163
22,19,468
23,19,113
24,19,660
25,19,662
26,19,346
27,19,287
28,19,901
29,19,142
30,19,687
31,19,329
32,19,1013
33,19,285
34,19,1001
35,19,272
36,19,492
37,19,701
38,19,598
39,19,685
40,19,968
41,19,720
42,19,665
43,19,208
44,19,459
45,19,554
46,19,595
47,19,349
48,19,691
49,19,767
50,19,238
51,19,396
52,19,558
53,19,487
54,19,932
55,19,849
56,19,431
57,19,234
58,19,240
59,19,944
60,19,367
61,19,476
62,19,578
63,19,847
64,19,775
65,19,840
66,19,497
67,19,621
68,19,523
69,19,749
70,19,438
71,19,424
72,19,652
73,19,723
74,19,201
75,19,442
76,19,616
77,19,144
78,19,1002
79,19,655
80,19,536
81,19,738
82,19,370
83,19,551
84,19,315
85,19,590
86,19,733
87,19,178
88,19,683
89,19,711
90,19,426
91,19,522
92,19,596
93,19,220
94,19,561
95,19,887
96,19,311
97,19,883
98,19,562
99,19,527
100,19,969
101,19,519
102,19,597
103,19,338
104,19,693
105,19,614
106,19,133
107,19,205
108,19,490
109,19,563
110,19,409
111,19,489
112,19,185
113,19,850
114,19,496
115,19,449
116,19,140
117,19,301
118,19,386
119,19,630
120,19,806
121,19,432
122,19,521
123,19,748
124,19,235
125,19,402
126,19,209
127,19,324
128,19,583
129,19,241
130,19,335
131,19,982
132,19,119
133,19,518
134,19,650
135,19,428
136,19,1005
137,19,458
138,19,105
139,19,656
140,19,236
141,19,725
142,19,607
143,19,114
144,19,173
145,19,694
146,19,873
147,19,210
148,19,217
149,19,202
150,19,829
151,19,550
152,19,534
153,19,444
154,19,242
155,19,307
156,19,229
157,19,919
158,19,689
159,19,692
160,19,108
161,19,505
162,19,471
163,19,98
164,19,433
165,19,134
166,19,237
167,19,838
168,19,461
169,19,686
170,19,557
171,19,472
172,19,368
173,19,269
174,19,710
175,19,821
176,19,299
177,19,688
178,19,878
179,19,207
180,19,971
181,19,921
182,19,524
183,19,348
184,19,326
185,19,469
186,19,814
187,19,20
188,19,356
189,19,743
190,19,273
191,19,498
192,19,589
193,19,898
194,19,580
195,19,906
196,19,393
197,19,885
198,19,584
199,19,343
200,19,569
201,19,531
202,19,851
203,19,419
204,19,464
205,19,52
206,19,392
207,19,168
208,19,571
209,19,659
210,19,213
211,19,667
212,19,515
213,19,104
214,19,308
215,19,11
216,19,916
217,19,772
218,19,533
219,19,770
220,19,1006
221,19,171
222,19,156
223,19,332
224,19,434
225,19,197
226,19,566
227,19,983
228,19,491
229,19,481
230,19,251
231,19,27
232,19,448
233,19,312
234,19,792
235,19,219
236,19,631
237,19,51
238,19,546
239,19,305
240,19,376
241,19,494
242,19,629
243,19,823
244,19,535
245,19,610
246,19,526
247,19,618
248,19,112
249,19,318
250,19,330
251,19,1014
252,19,245
253,19,47
254,19,84
255,19,354
256,19,177
257,19,957
258,19,5
259,19,938
260,19,34
261,19,657
262,19,731
263,19,252
264,19,817
265,19,493
266,19,127
267,19,460
268,19,139
269,19,499
270,19,294
271,19,653
272,19,661
273,19,255
274,19,462
275,19,214
276,19,336
277,19,552
278,19,279
279,19,827
280,19,951
281,19,167
282,19,216
283,19,869
284,19,642
285,19,331
286,19,933
287,19,628
288,19,842
289,19,813
290,19,624
291,19,170
292,19,594
293,19,239
294,19,501
295,19,565
296,19,333
297,19,503
298,19,243
299,19,147
300,19,361
301,19,366
302,19,41
303,19,724
304,19,440
305,19,682
306,19,721
307,19,260
308,19,206
309,19,387
310,19,755
311,19,334
312,19,283
313,19,622
314,19,613
315,19,654
316,19,87
317,19,399
318,19,698
319,19,856
320,19,375
321,19,506
322,19,556
323,19,592
324,19,8
325,19,394
326,19,363
327,19,690
328,19,172
329,19,579
330,19,555
331,19,253
332,19,976
333,19,514
334,19,888
335,19,623
336,19,200
337,19,369
338,19,101
339,19,734
340,19,988
341,19,684
342,19,176
343,19,450
344,19,317
345,19,1003
346,19,445
347,19,430
348,19,737
349,19,1008
350,19,179
351,19,473
352,19,912
353,19,809
354,19,345
355,19,617
356,19,669
357,19,796
358,19,549
359,19,465
360,19,292
361,19,528
362,19,973
363,19,564
364,19,568
365,19,985
366,19,525
367,19,304
368,19,905
369,19,609
370,19,15
371,19,922
372,19,233
373,19,625
374,19,45
375,19,826
376,19,751
377,19,404
378,19,852
379,19,355
380,19,658
381,19,678
382,19,808
383,19,401
384,19,677
385,19,306
386,19,537
387,19,828
388,19,892
389,19,513
390,19,310
391,19,1004
392,19,706
393,19,781
394,19,508
395,19,347
396,19,203
397,19,716
398,19,398
399,19,267
0,20,587
1,20,149
2,20,430
3,20,566
4,20,690
5,20,954
6,20,968
7,20,561
8,20,121
9,20,588
10,20,586
11,20,341
12,20,600
13,20,786
14,20,613
15,20,618
16,20,784
17,20,626
18,20,552
19,20,401
20,20,650
21,20,131
22,20,467
23,20,145
24,20,659
25,20,663
26,20,347
27,20,287
28,20,901
29,20,142
30,20,655
31,20,361
32,20,1013
33,20,253
34,20,1000
35,20,240
36,20,460
37,20,700
38,20,630
39,20,717
40,20,967
41,20,721
42,20,665
43,20,207
44,20,458
45,20,553
46,20,627
47,20,317
48,20,692
49,20,767
50,20,237
51,20,364
52,20,590
53,20,487
54,20,900
55,20,881
56,20,432
57,20,266
58,20,241
59,20,943
60,20,366
61,20,476
62,20,610
63,20,847
64,20,775
65,20,808
66,20,529
67,20,653
68,20,524
69,20,749
70,20,437
71,20,424
72,20,651
73,20,755
74,20,202
75,20,474
76,20,615
77,20,176
78,20,1001
79,20,654
80,20,568
81,20,739
82,20,369
83,20,519
84,20,283
85,20,622
86,20,765
87,20,146
88,20,715
89,20,712
90,20,426
91,20,490
92,20,595
93,20,220
94,20,562
95,20,887
96,20,279
97,20,915
98,20,563
99,20,526
100,20,970
101,20,520
102,20,596
103,20,338
104,20,661
105,20,614
106,20,101
107,20,205
108,20,491
109,20,531
110,20,408
111,20,521
112,20,153
113,20,850
114,20,496
115,20,450
116,20,108
117,20,302
118,20,354
119,20,631
120,20,805
121,20,433
122,20,522
123,20,748
124,20,236
125,20,370
126,20,208
127,20,323
128,20,584
129,20,209
130,20,336
131,20,983
132,20,118
133,20,517
134,20,682
135,20,396
136,20,1004
137,20,457
138,20,104
139,20,624
140,20,204
141,20,693
142,20,607
143,20,114
144,20,173
145,20,694
146,20,874
147,20,210
148,20,218
149,20,170
150,20,861
151,20,518
152,20,534
153,20,412
154,20,242
155,20,339
156,20,197
157,20,920
158,20,689
159,20,724
160,20,107
161,20,504
162,20,439
163,20,98
164,20,465
165,20,133
166,20,269
167,20,838
168,20,493
169,20,687
170,20,558
171,20,473
172,20,400
173,20,301
174,20,742
175,20,822
176,20,267
177,20,688
178,20,878
179,20,206
180,20,1003
181,20,921
182,20,556
183,20,380
184,20,325
185,20,501
186,20,813
187,20,20
188,20,324
189,20,743
190,20,274
191,20,497
192,20,589
193,20,930
194,20,612
195,20,906
196,20,394
197,20,886
198,20,585
199,20,311
200,20,537
201,20,499
202,20,883
203,20,451
204,20,463
205,20,84
206,20,392
207,20,200
208,20,571
209,20,691
210,20,214
211,20,667
212,20,547
213,20,103
214,20,276
215,20,10
216,20,916
217,20,772
218,20,533
219,20,802
220,20,1007
221,20,139
222,20,156
223,20,332
224,20,466
225,20,165
226,20,565
227,20,984
228,20,459
229,20,513
230,20,219
231,20,27
232,20,449
233,20,313
234,20,793
235,20,187
236,20,599
237,20,52
238,20,578
239,20,305
240,20,344
241,20,494
242,20,597
243,20,791
244,20,535
245,20,642
246,20,525
247,20,619
248,20,112
249,20,318
250,20,330
251,20,982
252,20,277
253,20,48
254,20,116
255,20,322
256,20,178
257,20,989
258,20,5
259,20,938
260,20,34
261,20,656
262,20,763
263,20,284
264,20,818
265,20,492
266,20,127
267,20,428
268,20,138
269,20,498
270,20,326
271,20,652
272,20,662
273,20,223
274,20,461
275,20,246
276,20,304
277,20,551
278,20,280
279,20,828
280,20,951
281,20,199
282,20,216
283,20,869
284,20,641
285,20,299
286,20,932
287,20,629
288,20,842
289,20,812
290,20,592
291,20,171
292,20,594
293,20,239
294,20,502
295,20,564
296,20,333
297,20,503
298,20,243
299,20,148
300,20,393
301,20,334
302,20,41
303,20,725
304,20,472
305,20,681
306,20,753
307,20,292
308,20,238
309,20,388
310,20,754
311,20,335
312,20,251
313,20,621
314,20,645
315,20,686
316,20,119
317,20,367
318,20,699
319,20,824
320,20,376
321,20,505
322,20,555
323,20,560
324,20,8
325,20,362
326,20,331
327,20,658
328,20,140
329,20,580
330,20,523
331,20,254
332,20,977
333,20,546
334,20,856
335,20,623
336,20,201
337,20,368
338,20,69
339,20,733
340,20,987
341,20,685
342,20,175
343,20,418
344,20,285
345,20,1002
346,20,477
347,20,398
348,20,737
349,20,976
350,20,211
351,20,441
352,20,912
353,20,777
354,20,346
355,20,616
356,20,701
357,20,797
358,20,550
359,20,464
360,20,291
361,20,527
362,20,974
363,20,532
364,20,569
365,20,986
366,20,557
367,20,272
368,20,873
369,20,609
370,20,14
371,20,922
372,20,234
373,20,625
374,20,45
375,20,826
376,20,751
377,20,403
378,20,851
379,20,387
380,20,657
381,20,646
382,20,807
383,20,402
384,20,678
385,20,306
386,20,536
387,20,796
388,20,892
389,20,514
390,20,342
391,20,972
392,20,738
393,20,780
394,20,540
395,20,348
396,20,203
397,20,684
398,20,399
399,20,235
0,21,555
1,21,150
2,21,431
3,21,598
4,21,691
5,21,954
6,21,969
7,21,562
8,21,153
9,21,589
10,21,587
11,21,340
12,21,568
13,21,786
14,21,645
15,21,617
16,21,784
17,21,658
18,21,520
19,21,369
20,21,649
21,21,130
22,21,466
23,21,144
24,21,660
25,21,631
26,21,315
27,21,287
28,21,902
29,21,142
30,21,654
31,21,362
32,21,1013
33,21,221
34,21,999
35,21,208
36,21,428
37,21,701
38,21,629
39,21,717
40,21,967
41,21,722
42,21,665
43,21,206
44,21,426
45,21,552
46,21,659
47,21,285
48,21,693
49,21,767
50,21,236
51,21,332
52,21,590
53,21,486
54,21,901
55,21,880
56,21,433
57,21,266
58,21,242
59,21,942
60,21,398
61,21,476
62,21,642
63,21,847
64,21,775
65,21,809
66,21,561
67,21,685
68,21,492
69,21,749
70,21,436
71,21,423
72,21,651
73,21,787
74,21,203
75,21,506
76,21,616
77,21,176
78,21,1000
79,21,653
80,21,569
81,21,740
82,21,370
83,21,487
84,21,284
85,21,622
86,21,797
87,21,147
88,21,714
89,21,713
90,21,394
91,21,490
92,21,594
93,21,220
94,21,563
95,21,855
96,21,280
97,21,914
98,21,531
99,21,558
100,21,1002
101,21,519
102,21,595
103,21,339
104,21,662
105,21,615
106,21,102
107,21,173
108,21,459
109,21,532
110,21,407
111,21,521
112,21,154
113,21,818
114,21,496
115,21,450
116,21,109
117,21,302
118,21,322
119,21,599
120,21,804
121,21,401
122,21,523
123,21,748
124,21,204
125,21,338
126,21,207
127,21,355
128,21,585
129,21,241
130,21,335
131,21,984
132,21,117
133,21,518
134,21,650
135,21,364
136,21,1003
137,21,489
138,21,103
139,21,592
140,21,205
141,21,725
142,21,607
143,21,114
144,21,172
145,21,694
146,21,875
147,21,178
148,21,219
149,21,138
150,21,893
151,21,550
152,21,502
153,21,413
154,21,210
155,21,371
156,21,165
157,21,952
158,21,657
159,21,692
160,21,107
161,21,504
162,21,440
163,21,98
164,21,497
165,21,101
166,21,237
167,21,838
168,21,525
169,21,688
170,21,559
171,21,505
172,21,368
173,21,269
174,21,741
175,21,854
176,21,235
177,21,689
178,21,878
179,21,174
180,21,971
181,21,921
182,21,588
183,21,412
184,21,293
185,21,501
186,21,845
187,21,20
188,21,323
189,21,743
190,21,306
191,21,529
192,21,557
193,21,931
194,21,613
195,21,938
196,21,393
197,21,887
198,21,586
199,21,310
200,21,538
201,21,467
202,21,915
203,21,483
204,21,464
205,21,85
206,21,424
207,21,201
208,21,571
209,21,723
210,21,215
211,21,668
212,21,579
213,21,135
214,21,244
215,21,42
216,21,916
217,21,772
218,21,534
219,21,834
220,21,1008
221,21,139
222,21,156
223,21,333
224,21,498
225,21,164
226,21,564
227,21,1016
228,21,458
229,21,514
230,21,251
231,21,27
232,21,417
233,21,281
234,21,825
235,21,187
236,21,600
237,21,84
238,21,610
239,21,304
240,21,343
241,21,494
242,21,565
243,21,791
244,21,567
245,21,674
246,21,524
247,21,618
248,21,112
249,21,318
250,21,330
251,21,982
252,21,278
253,21,49
254,21,148
255,21,290
256,21,179
257,21,988
258,21,5
259,21,970
260,21,34
261,21,655
262,21,763
263,21,316
264,21,819
265,21,460
266,21,127
267,21,396
268,21,106
269,21,499
270,21,358
271,21,620
272,21,630
273,21,223
274,21,493
275,21,214
276,21,303
277,21,583
278,21,312
279,21,796
280,21,951
281,21,231
282,21,216
283,21,869
284,21,609
285,21,267
286,21,932
287,21,661
288,21,842
289,21,811
290,21,560
291,21,170
292,21,626
293,21,239
294,21,503
295,21,596
296,21,301
297,21,535
298,21,243
299,21,149
300,21,392
301,21,334
302,21,41
303,21,724
304,21,473
305,21,682
306,21,785
307,21,324
308,21,238
309,21,420
310,21,755
311,21,367
312,21,283
313,21,621
314,21,677
315,21,687
316,21,119
317,21,366
318,21,667
319,21,792
320,21,408
321,21,537
322,21,554
323,21,528
324,21,8
325,21,363
326,21,331
327,21,690
328,21,108
329,21,612
330,21,491
331,21,254
332,21,978
333,21,578
334,21,824
335,21,623
336,21,233
337,21,336
338,21,70
339,21,734
340,21,1019
341,21,686
342,21,175
343,21,386
344,21,253
345,21,1001
346,21,509
347,21,399
348,21,737
349,21,976
350,21,212
351,21,409
352,21,912
353,21,776
354,21,378
355,21,648
356,21,733
357,21,798
358,21,551
359,21,465
360,21,291
361,21,526
362,21,1006
363,21,533
364,21,601
365,21,987
366,21,556
367,21,240
368,21,841
369,21,608
370,21,13
371,21,922
372,21,202
373,21,624
374,21,45
375,21,826
376,21,751
377,21,402
378,21,850
379,21,419
380,21,656
381,21,614
382,21,806
383,21,434
384,21,679
385,21,305
386,21,536
387,21,795
388,21,892
389,21,546
390,21,342
391,21,973
392,21,770
393,21,812
394,21,541
395,21,349
396,21,171
397,21,652
398,21,400
399,21,234
0,22,523
1,22,151
2,22,399
3,22,597
4,22,692
5,22,954
6,22,970
7,22,562
8,22,185
9,22,589
10,22,588
11,22,339
12,22,536
13,22,786
14,22,646
15,22,585
16,22,784
17,22,690
18,22,552
19,22,370
20,22,648
21,22,98
22,22,498
23,22,145
24,22,659
25,22,599
26,22,283
27,22,287
28,22,901
29,22,142
30,22,654
31,22,394
32,22,1013
33,22,189
34,22,967
35,22,209
36,22,429
37,22,669
38,22,661
39,22,716
40,22,935
41,22,723
42,22,665
43,22,174
44,22,458
45,22,584
46,22,691
47,22,253
48,22,694
49,22,767
50,22,237
51,22,364
52,22,622
53,22,485
54,22,933
55,22,879
56,22,434
57,22,266
58,22,274
59,22,941
60,22,430
61,22,476
62,22,674
63,22,847
64,22,775
65,22,777
66,22,561
67,22,717
68,22,493
69,22,749
70,22,468
71,22,422
72,22,652
73,22,819
74,22,204
75,22,507
76,22,617
77,22,144
78,22,968
79,22,685
80,22,601
81,22,741
82,22,338
83,22,486
84,22,316
85,22,623
86,22,829
87,22,148
88,22,746
89,22,714
90,22,426
91,22,490
92,22,626
93,22,188
94,22,595
95,22,887
96,22,281
97,22,915
98,22,563
99,22,590
100,22,1001
101,22,551
102,22,594
103,22,371
104,22,630
105,22,616
106,22,134
107,22,172
108,22,460
109,22,564
110,22,375
111,22,520
112,22,155
113,22,818
114,22,497
115,22,450
116,22,110
117,22,301
118,22,290
119,22,600
120,22,836
121,22,433
122,22,524
123,22,748
124,22,205
125,22,306
126,22,175
127,22,387
128,22,553
129,22,240
130,22,367
131,22,985
132,22,116
133,22,518
134,22,651
135,22,363
136,22,1002
137,22,521
138,22,102
139,22,560
140,22,206
141,22,693
142,22,607
143,22,114
144,22,140
145,22,695
146,22,876
147,22,146
148,22,220
149,22,137
150,22,925
151,22,550
152,22,534
153,22,381
154,22,178
155,22,403
156,22,166
157,22,952
158,22,658
159,22,724
160,22,106
161,22,503
162,22,441
163,22,97
164,22,465
165,22,69
166,22,238
167,22,838
168,22,557
169,22,689
170,22,527
171,22,473
172,22,336
173,22,269
174,22,742
175,22,854
176,22,236
177,22,657
178,22,878
179,22,173
180,22,1003
181,22,921
182,22,620
183,22,444
184,22,261
185,22,502
186,22,845
187,22,20
188,22,322
189,22,743
190,22,307
191,22,529
192,22,558
193,22,932
194,22,581
195,22,939
196,22,393
197,22,888
198,22,587
199,22,309
200,22,506
201,22,467
202,22,947
203,22,515
204,22,432
205,22,86
206,22,423
207,22,200
208,22,571
209,22,755
210,22,216
211,22,700
212,22,579
213,22,135
214,22,243
215,22,41
216,22,916
217,22,772
218,22,566
219,22,866
220,22,1009
221,22,138
222,22,156
223,22,334
224,22,499
225,22,163
226,22,596
227,22,1017
228,22,459
229,22,546
230,22,251
231,22,27
232,22,385
233,22,249
234,22,857
235,22,219
236,22,568
237,22,85
238,22,642
239,22,303
240,22,311
241,22,462
242,22,533
243,22,791
244,22,567
245,22,706
246,22,556
247,22,618
248,22,112
249,22,318
250,22,331
251,22,982
252,22,310
253,22,50
254,22,149
255,22,291
256,22,211
257,22,987
258,22,5
259,22,938
260,22,34
261,22,655
262,22,763
263,22,348
264,22,820
265,22,428
266,22,127
267,22,396
268,22,74
269,22,531
270,22,390
271,22,619
272,22,631
273,22,223
274,22,525
275,22,214
276,22,302
277,22,615
278,22,344
279,22,797
280,22,951
281,22,263
282,22,184
283,22,869
284,22,609
285,22,267
286,22,900
287,22,662
288,22,842
289,22,810
290,22,528
291,22,171
292,22,625
293,22,207
294,22,471
295,22,628
296,22,333
297,22,535
298,22,242
299,22,150
300,22,424
301,22,366
302,22,73
303,22,725
304,22,474
305,22,650
306,22,817
307,22,356
308,22,239
309,22,420
310,22,754
311,22,368
312,22,284
313,22,621
314,22,709
315,22,719
316,22,119
317,22,398
318,22,668
319,22,760
320,22,440
321,22,569
322,22,586
323,22,496
324,22,8
325,22,362
326,22,332
327,22,722
328,22,107
329,22,613
330,22,492
331,22,254
332,22,979
333,22,610
334,22,792
335,22,624
336,22,201
337,22,335
338,22,70
339,22,733
340,22,1018
341,22,687
342,22,176
343,22,354
344,22,221
345,22,969
346,22,541
347,22,400
348,22,737
349,22,976
350,22,244
351,22,408
352,22,912
353,22,744
354,22,410
355,22,647
356,22,765
357,22,799
358,22,583
359,22,466
360,22,323
361,22,494
362,22,1007
363,22,501
364,22,633
365,22,955
366,22,555
367,22,208
368,22,809
369,22,640
370,22,12
371,22,922
372,22,170
373,22,592
374,22,45
375,22,826
376,22,751
377,22,402
378,22,849
379,22,451
380,22,656
381,22,614
382,22,805
383,22,435
384,22,680
385,22,305
386,22,504
387,22,796
388,22,892
389,22,578
390,22,343
391,22,974
392,22,802
393,22,844
394,22,573
395,22,350
396,22,139
397,22,653
398,22,401
399,22,235
0,23,523
1,23,183
2,23,400
3,23,629
4,23,693
5,23,954
6,23,971
7,23,594
8,23,185
9,23,557
10,23,589
11,23,338
12,23,504
13,23,786
14,23,647
15,23,617
16,23,784
17,23,722
18,23,584
19,23,371
20,23,680
21,23,66
22,23,498
23,23,144
24,23,659
25,23,567
26,23,251
27,23,287
28,23,902
29,23,110
30,23,622
31,23,426
32,23,1013
33,23,157
34,23,966
35,23,177
36,23,428
37,23,670
38,23,660
39,23,717
40,23,967
41,23,691
42,23,666
43,23,142
44,23,459
45,23,583
46,23,690
47,23,221
48,23,662
49,23,767
50,23,236
51,23,364
52,23,621
53,23,486
54,23,901
55,23,878
56,23,435
57,23,266
58,23,274
59,23,940
60,23,429
61,23,477
62,23,706
63,23,847
64,23,775
65,23,745
66,23,561
67,23,749
68,23,494
69,23,750
70,23,467
71,23,421
72,23,651
73,23,851
74,23,205
75,23,506
76,23,616
77,23,176
78,23,936
79,23,684
80,23,633
81,23,742
82,23,306
83,23,454
84,23,315
85,23,623
86,23,861
87,23,149
88,23,778
89,23,715
90,23,458
91,23,490
92,23,625
93,23,156
94,23,627
95,23,887
96,23,249
97,23,883
98,23,564
99,23,590
100,23,969
101,23,552
102,23,626
103,23,403
104,23,631
105,23,615
106,23,135
107,23,171
108,23,461
109,23,596
110,23,343
111,23,519
112,23,123
113,23,819
114,23,465
115,23,450
116,23,78
117,23,269
118,23,291
119,23,601
120,23,868
121,23,432
122,23,525
123,23,748
124,23,206
125,23,305
126,23,174
127,23,419
128,23,521
129,23,240
130,23,399
131,23,985
132,23,84
133,23,518
134,23,619
135,23,331
136,23,1001
137,23,520
138,23,101
139,23,528
140,23,207
141,23,725
142,23,607
143,23,114
144,23,141
145,23,694
146,23,877
147,23,146
148,23,188
149,23,136
150,23,957
151,23,550
152,23,533
153,23,382
154,23,178
155,23,404
156,23,167
157,23,952
158,23,658
159,23,723
160,23,105
161,23,471
162,23,409
163,23,98
164,23,433
165,23,37
166,23,238
167,23,838
168,23,556
169,23,689
170,23,527
171,23,473
172,23,335
173,23,237
174,23,710
175,23,854
176,23,204
177,23,657
178,23,910
179,23,172
180,23,1003
181,23,921
182,23,652
183,23,476
184,23,261
185,23,502
186,23,844
187,23,20
188,23,321
189,23,743
190,23,339
191,23,529
192,23,526
193,23,933
194,23,580
195,23,939
196,23,394
197,23,920
198,23,555
199,23,309
200,23,474
201,23,499
202,23,948
203,23,547
204,23,431
205,23,87
206,23,422
207,23,168
208,23,571
209,23,787
210,23,216
211,23,699
212,23,579
213,23,103
214,23,211
215,23,40
216,23,916
217,23,772
218,23,566
219,23,898
220,23,1010
221,23,139
222,23,124
223,23,366
224,23,531
225,23,195
226,23,595
227,23,1016
228,23,491
229,23,578
230,23,219
231,23,27
232,23,353
233,23,217
234,23,857
235,23,187
236,23,536
237,23,86
238,23,674
239,23,302
240,23,310
241,23,463
242,23,501
243,23,792
244,23,535
245,23,738
246,23,588
247,23,586
248,23,112
249,23,317
250,23,332
251,23,982
252,23,342
253,23,51
254,23,150
255,23,259
256,23,212
257,23,986
258,23,5
259,23,938
260,23,34
261,23,654
262,23,763
263,23,380
264,23,821
265,23,460
266,23,127
267,23,396
268,23,42
269,23,563
270,23,390
271,23,587
272,23,599
273,23,223
274,23,493
275,23,214
276,23,301
277,23,614
278,23,376
279,23,798
280,23,951
281,23,295
282,23,184
283,23,869
284,23,609
285,23,267
286,23,932
287,23,630
288,23,842
289,23,809
290,23,496
291,23,203
292,23,624
293,23,175
294,23,439
295,23,628
296,23,334
297,23,534
298,23,241
299,23,151
300,23,423
301,23,398
302,23,41
303,23,724
304,23,475
305,23,618
306,23,818
307,23,388
308,23,239
309,23,420
310,23,755
311,23,369
312,23,283
313,23,620
314,23,708
315,23,751
316,23,119
317,23,430
318,23,668
319,23,728
320,23,472
321,23,568
322,23,585
323,23,497
324,23,8
325,23,361
326,23,333
327,23,721
328,23,106
329,23,645
330,23,492
331,23,253
332,23,980
333,23,642
334,23,793
335,23,592
336,23,200
337,23,303
338,23,70
339,23,701
340,23,1017
341,23,688
342,23,208
343,23,322
344,23,189
345,23,970
346,23,573
347,23,401
348,23,737
349,23,976
350,23,245
351,23,407
352,23,912
353,23,712
354,23,442
355,23,679
356,23,797
357,23,799
358,23,551
359,23,466
360,23,355
361,23,462
362,23,1008
363,23,469
364,23,665
365,23,956
366,23,554
367,23,209
368,23,777
369,23,641
370,23,11
371,23,922
372,23,138
373,23,560
374,23,45
375,23,826
376,23,752
377,23,434
378,23,849
379,23,483
380,23,656
381,23,613
382,23,804
383,23,436
384,23,681
385,23,304
386,23,503
387,23,828
388,23,892
389,23,610
390,23,344
391,23,1006
392,23,834
393,23,876
394,23,605
395,23,318
396,23,107
397,23,653
398,23,402
399,23,235
0,24,523
1,24,215
2,24,401
3,24,597
4,24,661
5,24,954
6,24,972
7,24,626
8,24,153
9,24,557
10,24,621
11,24,306
12,24,505
13,24,786
14,24,648
15,24,617
16,24,784
17,24,754
18,24,552
19,24,339
20,24,679
21,24,65
22,24,497
23,24,176
24,24,691
25,24,535
26,24,219
27,24,287
28,24,901
29,24,78
30,24,590
31,24,426
32,24,1013
33,24,156
34,24,966
35,24,178
36,24,460
37,24,638
38,24,660
39,24,717
40,24,999
41,24,692
42,24,698
43,24,110
44,24,458
45,24,615
46,24,722
47,24,189
48,24,630
49,24,767
50,24,235
51,24,396
52,24,653
53,24,486
54,24,933
55,24,910
56,24,436
57,24,266
58,24,274
59,24,908
60,24,461
61,24,477
62,24,738
63,24,847
64,24,775
65,24,713
66,24,560
67,24,781
68,24,493
69,24,749
70,24,499
71,24,421
72,24,650
73,24,883
74,24,206
75,24,506
76,24,616
77,24,175
78,24,904
79,24,716
80,24,665
81,24,743
82,24,305
83,24,453
84,24,316
85,24,624
86,24,893
87,24,150
88,24,810
89,24,683
90,24,490
91,24,522
92,24,657
93,24,188
94,24,628
95,24,887
96,24,250
97,24,915
98,24,532
99,24,589
100,24,1001
101,24,551
102,24,625
103,24,435
104,24,599
105,24,614
106,24,167
107,24,139
108,24,462
109,24,596
110,24,311
111,24,487
112,24,91
113,24,820
114,24,433
115,24,450
116,24,46
117,24,269
118,24,259
119,24,602
120,24,868
121,24,431
122,24,526
123,24,748
124,24,207
125,24,304
126,24,142
127,24,451
128,24,489
129,24,239
130,24,398
131,24,953
132,24,84
133,24,518
134,24,651
135,24,299
136,24,1000
137,24,520
138,24,133
139,24,529
140,24,208
141,24,693
142,24,607
143,24,114
144,24,173
145,24,694
146,24,878
147,24,146
148,24,220
149,24,135
150,24,956
151,24,550
152,24,533
153,24,350
154,24,210
155,24,405
156,24,168
157,24,952
158,24,659
159,24,723
160,24,104
161,24,472
162,24,377
163,24,98
164,24,434
165,24,36
166,24,237
167,24,838
168,24,588
169,24,690
170,24,527
171,24,473
172,24,335
173,24,236
174,24,742
175,24,854
176,24,205
177,24,658
178,24,942
179,24,171
180,24,1003
181,24,922
182,24,684
183,24,508
184,24,261
185,24,501
186,24,843
187,24,20
188,24,320
189,24,711
190,24,340
191,24,561
192,24,558
193,24,934
194,24,580
195,24,938
196,24,394
197,24,921
198,24,556
199,24,341
200,24,442
201,24,531
202,24,980
203,24,579
204,24,399
205,24,88
206,24,454
207,24,200
208,24,571
209,24,819
210,24,217
211,24,667
212,24,578
213,24,103
214,24,179
215,24,39
216,24,916
217,24,772
218,24,566
219,24,897
220,24,1011
221,24,140
222,24,124
223,24,366
224,24,563
225,24,227
226,24,594
227,24,984
228,24,459
229,24,610
230,24,187
231,24,27
232,24,321
233,24,185
234,24,857
235,24,155
236,24,537
237,24,87
238,24,706
239,24,301
240,24,309
241,24,463
242,24,469
243,24,793
244,24,534
245,24,770
246,24,620
247,24,587
248,24,112
249,24,318
250,24,332
251,24,982
252,24,343
253,24,52
254,24,151
255,24,260
256,24,244
257,24,985
258,24,5
259,24,970
260,24,34
261,24,654
262,24,763
263,24,412
264,24,822
265,24,492
266,24,127
267,24,428
268,24,42
269,24,595
270,24,390
271,24,555
272,24,600
273,24,223
274,24,525
275,24,214
276,24,333
277,24,613
278,24,408
279,24,797
280,24,951
281,24,294
282,24,216
283,24,869
284,24,609
285,24,267
286,24,931
287,24,631
288,24,842
289,24,777
290,24,464
291,24,202
292,24,656
293,24,174
294,24,440
295,24,629
296,24,302
297,24,502
298,24,241
299,24,183
300,24,422
301,24,430
302,24,41
303,24,725
304,24,476
305,24,618
306,24,818
307,24,387
308,24,238
309,24,420
310,24,755
311,24,369
312,24,315
313,24,619
314,24,740
315,24,750
316,24,119
317,24,429
318,24,668
319,24,728
320,24,504
321,24,568
322,24,584
323,24,496
324,24,8
325,24,329
326,24,334
327,24,721
328,24,105
329,24,677
330,24,491
331,24,285
332,24,981
333,24,674
334,24,825
335,24,592
336,24,199
337,24,303
338,24,70
339,24,701
340,24,1016
341,24,689
342,24,240
343,24,290
344,24,157
345,24,971
346,24,605
347,24,402
348,24,737
349,24,976
350,24,277
351,24,375
352,24,912
353,24,680
354,24,441
355,24,678
356,24,829
357,24,799
358,24,583
359,24,498
360,24,355
361,24,494
362,24,1009
363,24,468
364,24,666
365,24,924
366,24,586
367,24,177
368,24,745
369,24,641
370,24,10
371,24,923
372,24,106
373,24,559
374,24,45
375,24,826
376,24,751
377,24,466
378,24,849
379,24,515
380,24,655
381,24,581
382,24,803
383,24,437
384,24,682
385,24,272
386,24,503
387,24,828
388,24,892
389,24,642
390,24,344
391,24,1007
392,24,866
393,24,875
394,24,637
395,24,286
396,24,75
397,24,652
398,24,403
399,24,203
0,25,491
1,25,215
2,25,402
3,25,596
4,25,662
5,25,954
6,25,973
7,25,658
8,25,153
9,25,589
10,25,621
11,25,274
12,25,473
13,25,787
14,25,649
15,25,618
16,25,784
17,25,786
18,25,520
19,25,340
20,25,711
21,25,33
22,25,529
23,25,175
24,25,723
25,25,503
26,25,187
27,25,287
28,25,901
29,25,110
30,25,590
31,25,394
32,25,1013
33,25,124
34,25,934
35,25,146
36,25,428
37,25,606
38,25,692
39,25,717
40,25,998
41,25,693
42,25,697
43,25,109
44,25,426
45,25,647
46,25,754
47,25,157
48,25,631
49,25,767
50,25,234
51,25,364
52,25,685
53,25,518
54,25,933
55,25,909
56,25,435
57,25,266
58,25,242
59,25,876
60,25,493
61,25,445
62,25,770
63,25,847
64,25,775
65,25,681
66,25,560
67,25,813
68,25,494
69,25,749
70,25,531
71,25,422
72,25,650
73,25,915
74,25,207
75,25,506
76,25,616
77,25,174
78,25,872
79,25,715
80,25,666
81,25,744
82,25,304
83,25,421
84,25,315
85,25,625
86,25,925
87,25,151
88,25,809
89,25,684
90,25,522
91,25,523
92,25,689
93,25,220
94,25,629
95,25,887
96,25,251
97,25,914
98,25,532
99,25,588
100,25,1002
101,25,552
102,25,657
103,25,434
104,25,600
105,25,614
106,25,168
107,25,171
108,25,430
109,25,628
110,25,310
111,25,487
112,25,59
113,25,821
114,25,401
115,25,450
116,25,47
117,25,269
118,25,260
119,25,603
120,25,868
121,25,431
122,25,527
123,25,748
124,25,208
125,25,303
126,25,141
127,25,483
128,25,490
129,25,238
130,25,398
131,25,985
132,25,116
133,25,517
134,25,619
135,25,267
136,25,999
137,25,521
138,25,165
139,25,528
140,25,209
141,25,725
142,25,607
143,25,114
144,25,173
145,25,694
146,25,879
147,25,145
148,25,221
149,25,134
150,25,955
151,25,550
152,25,534
153,25,351
154,25,210
155,25,406
156,25,136
157,25,952
158,25,660
159,25,722
160,25,103
161,25,504
162,25,345
163,25,98
164,25,433
165,25,35
166,25,205
167,25,838
168,25,587
169,25,691
170,25,559
171,25,472
172,25,336
173,25,236
174,25,741
175,25,854
176,25,206
177,25,659
178,25,910
179,25,203
180,25,1003
181,25,921
182,25,716
183,25,540
184,25,261
185,25,533
186,25,843
187,25,20
188,25,288
189,25,743
190,25,341
191,25,561
192,25,526
193,25,935
194,25,580
195,25,938
196,25,393
197,25,953
198,25,524
199,25,309
200,25,410
201,25,563
202,25,980
203,25,578
204,25,367
205,25,89
206,25,486
207,25,201
208,25,571
209,25,818
210,25,218
211,25,667
212,25,610
213,25,135
214,25,179
215,25,38
216,25,916
217,25,804
218,25,566
219,25,929
220,25,1012
221,25,108
222,25,92
223,25,366
224,25,595
225,25,259
226,25,626
227,25,1016
228,25,460
229,25,642
230,25,188
231,25,27
232,25,320
233,25,185
234,25,857
235,25,155
236,25,505
237,25,88
238,25,738
239,25,333
240,25,308
241,25,463
242,25,437
243,25,794
244,25,502
245,25,802
246,25,652
247,25,555
248,25,112
249,25,318
250,25,331
251,25,1014
252,25,375
253,25,84
254,25,183
255,25,228
256,25,245
257,25,984
258,25,5
259,25,969
260,25,34
261,25,653
262,25,763
263,25,444
264,25,823
265,25,492
266,25,127
267,25,396
268,25,41
269,25,627
270,25,390
271,25,556
272,25,568
273,25,223
274,25,557
275,25,214
276,25,332
277,25,581
278,25,440
279,25,797
280,25,951
281,25,294
282,25,216
283,25,869
284,25,609
285,25,235
286,25,930
287,25,632
288,25,842
289,25,745
290,25,465
291,25,202
292,25,656
293,25,142
294,25,441
295,25,630
296,25,301
297,25,501
298,25,241
299,25,184
300,25,454
301,25,429
302,25,73
303,25,724
304,25,477
305,25,586
306,25,850
307,25,386
308,25,237
309,25,420
310,25,755
311,25,369
312,25,283
313,25,620
314,25,772
315,25,782
316,25,119
317,25,461
318,25,668
319,25,728
320,25,536
321,25,567
322,25,583
323,25,496
324,25,8
325,25,328
326,25,335
327,25,721
328,25,104
329,25,678
330,25,459
331,25,285
332,25,982
333,25,706
334,25,793
335,25,592
336,25,231
337,25,302
338,25,70
339,25,701
340,25,1017
341,25,690
342,25,272
343,25,291
344,25,156
345,25,972
346,25,637
347,25,403
348,25,737
349,25,976
350,25,278
351,25,374
352,25,912
353,25,679
354,25,442
355,25,710
356,25,861
357,25,799
358,25,551
359,25,499
360,25,387
361,25,462
362,25,1010
363,25,436
364,25,698
365,25,892
366,25,585
367,25,178
368,25,713
369,25,641
370,25,42
371,25,922
372,25,106
373,25,558
374,25,45
375,25,826
376,25,751
377,25,498
378,25,849
379,25,547
380,25,654
381,25,549
382,25,771
383,25,438
384,25,682
385,25,273
386,25,471
387,25,828
388,25,891
389,25,674
390,25,343
391,25,1008
392,25,898
393,25,875
394,25,669
395,25,286
396,25,43
397,25,651
398,25,404
399,25,204
0,26,459
1,26,216
2,26,403
3,26,596
4,26,630
5,26,986
6,26,974
7,26,658
8,26,154
9,26,589
10,26,621
11,26,273
12,26,441
13,26,787
14,26,650
15,26,618
16,26,784
17,26,818
18,26,520
19,26,341
20,26,710
21,26,1
22,26,561
23,26,174
24,26,722
25,26,471
26,26,187
27,26,287
28,26,901
29,26,142
30,26,590
31,26,393
32,26,1014
33,26,123
34,26,933
35,26,147
36,26,429
37,26,574
38,26,691
39,26,716
40,26,997
41,26,694
42,26,665
43,26,77
44,26,394
45,26,646
46,26,786
47,26,156
48,26,599
49,26,767
50,26,266
51,26,364
52,26,717
53,26,519
54,26,932
55,26,941
56,26,467
57,26,267
58,26,243
59,26,844
60,26,525
61,26,477
62,26,802
63,26,847
64,26,775
65,26,649
66,26,559
67,26,845
68,26,494
69,26,749
70,26,563
71,26,423
72,26,682
73,26,947
74,26,208
75,26,507
76,26,616
77,26,173
78,26,840
79,26,747
80,26,698
81,26,776
82,26,303
83,26,420
84,26,283
85,26,657
86,26,957
87,26,183
88,26,841
89,26,685
90,26,521
91,26,522
92,26,688
93,26,219
94,26,629
95,26,887
96,26,252
97,26,915
98,26,531
99,26,587
100,26,1003
101,26,551
102,26,656
103,26,433
104,26,601
105,26,614
106,26,136
107,26,203
108,26,431
109,26,628
110,26,309
111,26,486
112,26,60
113,26,822
114,26,402
115,26,450
116,26,48
117,26,269
118,26,261
119,26,604
120,26,868
121,26,432
122,26,528
123,26,748
124,26,176
125,26,302
126,26,140
127,26,484
128,26,491
129,26,238
130,26,430
131,26,953
132,26,84
133,26,518
134,26,620
135,26,235
136,26,967
137,26,553
138,26,197
139,26,496
140,26,177
141,26,724
142,26,607
143,26,114
144,26,172
145,26,662
146,26,880
147,26,145
148,26,189
149,26,133
150,26,955
151,26,550
152,26,533
153,26,319
154,26,209
155,26,407
156,26,137
157,26,952
158,26,661
159,26,721
160,26,135
161,26,504
162,26,313
163,26,98
164,26,465
165,26,35
166,26,206
167,26,838
168,26,586
169,26,659
170,26,558
171,26,473
172,26,304
173,26,204
174,26,740
175,26,854
176,26,207
177,26,660
178,26,878
179,26,202
180,26,971
181,26,921
182,26,715
183,26,541
184,26,229
185,26,565
186,26,843
187,26,20
188,26,256
189,26,743
190,26,373
191,26,560
192,26,526
193,26,936
194,26,580
195,26,938
196,26,361
197,26,954
198,26,492
199,26,277
200,26,410
201,26,595
202,26,980
203,26,610
204,26,335
205,26,121
206,26,485
207,26,201
208,26,571
209,26,850
210,26,218
211,26,667
212,26,642
213,26,167
214,26,179
215,26,37
216,26,916
217,26,803
218,26,566
219,26,928
220,26,1013
221,26,109
222,26,92
223,26,398
224,26,627
225,26,291
226,26,625
227,26,1016
228,26,428
229,26,674
230,26,220
231,26,27
232,26,288
233,26,153
234,26,857
235,26,155
236,26,506
237,26,89
238,26,770
239,26,332
240,26,307
241,26,463
242,26,438
243,26,794
244,26,534
245,26,834
246,26,684
247,26,523
248,26,112
249,26,318
250,26,363
251,26,982
252,26,376
253,26,85
254,26,215
255,26,227
256,26,246
257,26,984
258,26,5
259,26,968
260,26,34
261,26,652
262,26,763
263,26,476
264,26,824
265,26,460
266,26,127
267,26,396
268,26,9
269,26,626
270,26,390
271,26,555
272,26,569
273,26,223
274,26,556
275,26,214
276,26,331
277,26,549
278,26,440
279,26,797
280,26,951
281,26,294
282,26,217
283,26,869
284,26,609
285,26,236
286,26,929
287,26,633
288,26,842
289,26,744
290,26,466
291,26,234
292,26,624
293,26,141
294,26,442
295,26,598
296,26,333
297,26,502
298,26,241
299,26,185
300,26,454
301,26,461
302,26,73
303,26,692
304,26,478
305,26,554
306,26,851
307,26,386
308,26,237
309,26,388
310,26,723
311,26,401
312,26,284
313,26,588
314,26,804
315,26,781
316,26,119
317,26,493
318,26,668
319,26,728
320,26,568
321,26,567
322,26,615
323,26,464
324,26,8
325,26,327
326,26,336
327,26,689
328,26,103
329,26,679
330,26,458
331,26,285
332,26,983
333,26,707
334,26,792
335,26,592
336,26,230
337,26,301
338,26,70
339,26,700
340,26,985
341,26,690
342,26,272
343,26,292
344,26,124
345,26,1004
346,26,669
347,26,404
348,26,737
349,26,976
350,26,310
351,26,342
352,26,912
353,26,647
354,26,474
355,26,709
356,26,893
357,26,799
358,26,583
359,26,499
360,26,419
361,26,462
362,26,1011
363,26,435
364,26,730
365,26,892
366,26,584
367,26,146
368,26,713
369,26,641
370,26,41
371,26,922
372,26,106
373,26,557
374,26,45
375,26,826
376,26,751
377,26,497
378,26,849
379,26,579
380,26,622
381,26,517
382,26,739
383,26,439
384,26,681
385,26,305
386,26,472
387,26,828
388,26,891
389,26,706
390,26,343
391,26,1009
392,26,930
393,26,875
394,26,701
395,26,286
396,26,43
397,26,619
398,26,405
399,26,205
0,27,459
1,27,215
2,27,404
3,27,628
4,27,631
5,27,954
6,27,1006
7,27,626
8,27,186
9,27,557
10,27,621
11,27,241
12,27,409
13,27,786
14,27,651
15,27,618
16,27,784
17,27,850
18,27,520
19,27,342
20,27,710
21,27,0
22,27,561
23,27,173
24,27,721
25,27,439
26,27,155
27,27,287
28,27,901
29,27,142
30,27,590
31,27,394
32,27,982
33,27,122
34,27,932
35,27,148
36,27,429
37,27,542
38,27,690
39,27,717
40,27,997
41,27,693
42,27,666
43,27,76
44,27,362
45,27,678
46,27,818
47,27,124
48,27,567
49,27,767
50,27,298
51,27,332
52,27,749
53,27,519
54,27,900
55,27,940
56,27,468
57,27,266
58,27,244
59,27,843
60,27,524
61,27,445
62,27,834
63,27,847
64,27,775
65,27,617
66,27,558
67,27,877
68,27,462
69,27,750
70,27,595
71,27,424
72,27,650
73,27,979
74,27,209
75,27,508
76,27,616
77,27,172
78,27,839
79,27,779
80,27,730
81,27,777
82,27,302
83,27,388
84,27,315
85,27,658
86,27,956
87,27,184
88,27,873
89,27,686
90,27,553
91,27,490
92,27,720
93,27,187
94,27,630
95,27,887
96,27,252
97,27,883
98,27,499
99,27,586
100,27,1004
101,27,552
102,27,624
103,27,465
104,27,602
105,27,614
106,27,137
107,27,171
108,27,399
109,27,629
110,27,277
111,27,487
112,27,60
113,27,790
114,27,402
115,27,450
116,27,49
117,27,269
118,27,260
119,27,605
120,27,868
121,27,431
122,27,560
123,27,748
124,27,176
125,27,334
126,27,139
127,27,516
128,27,492
129,27,237
130,27,430
131,27,953
132,27,52
133,27,518
134,27,620
135,27,203
136,27,966
137,27,554
138,27,229
139,27,497
140,27,178
141,27,725
142,27,607
143,27,114
144,27,140
145,27,694
146,27,881
147,27,146
148,27,190
149,27,132
150,27,923
151,27,550
152,27,501
153,27,319
154,27,177
155,27,407
156,27,138
157,27,952
158,27,662
159,27,753
160,27,136
161,27,503
162,27,281
163,27,98
164,27,466
165,27,35
166,27,207
167,27,838
168,27,585
169,27,660
170,27,526
171,27,473
172,27,303
173,27,204
174,27,739
175,27,854
176,27,208
177,27,661
178,27,878
179,27,201
180,27,1003
181,27,921
182,27,714
183,27,573
184,27,261
185,27,597
186,27,811
187,27,20
188,27,257
189,27,711
190,27,374
191,27,559
192,27,494
193,27,968
194,27,580
195,27,938
196,27,393
197,27,955
198,27,460
199,27,278
200,27,410
201,27,594
202,27,980
203,27,642
204,27,336
205,27,121
206,27,486
207,27,200
208,27,571
209,27,882
210,27,218
211,27,667
212,27,674
213,27,135
214,27,179
215,27,36
216,27,916
217,27,771
218,27,566
219,27,929
220,27,1014
221,27,77
222,27,92
223,27,398
224,27,659
225,27,323
226,27,657
227,27,1017
228,27,396
229,27,706
230,27,219
231,27,27
232,27,256
233,27,154
234,27,857
235,27,156
236,27,507
237,27,89
238,27,802
239,27,331
240,27,306
241,27,463
242,27,406
243,27,794
244,27,533
245,27,866
246,27,716
247,27,491
248,27,112
249,27,318
250,27,363
251,27,981
252,27,408
253,27,86
254,27,183
255,27,195
256,27,246
257,27,1016
258,27,5
259,27,967
260,27,34
261,27,652
262,27,763
263,27,477
264,27,825
265,27,428
266,27,127
267,27,364
268,27,9
269,27,627
270,27,390
271,27,587
272,27,537
273,27,223
274,27,555
275,27,214
276,27,330
277,27,548
278,27,472
279,27,797
280,27,951
281,27,294
282,27,216
283,27,869
284,27,610
285,27,236
286,27,930
287,27,665
288,27,842
289,27,743
290,27,434
291,27,202
292,27,623
293,27,141
294,27,443
295,27,598
296,27,333
297,27,534
298,27,240
299,27,153
300,27,454
301,27,493
302,27,41
303,27,692
304,27,479
305,27,522
306,27,819
307,27,386
308,27,205
309,27,387
310,27,724
311,27,433
312,27,283
313,27,589
314,27,805
315,27,813
316,27,119
317,27,525
318,27,668
319,27,728
320,27,600
321,27,568
322,27,647
323,27,496
324,27,8
325,27,326
326,27,304
327,27,689
328,27,102
329,27,680
330,27,426
331,27,285
332,27,984
333,27,708
334,27,792
335,27,592
336,27,230
337,27,301
338,27,70
339,27,700
340,27,985
341,27,722
342,27,272
343,27,293
344,27,123
345,27,1005
346,27,701
347,27,405
348,27,737
349,27,976
350,27,311
351,27,310
352,27,912
353,27,646
354,27,442
355,27,709
356,27,925
357,27,799
358,27,551
359,27,498
360,27,420
361,27,461
362,27,1012
363,27,403
364,27,762
365,27,893
366,27,583
367,27,147
368,27,681
369,27,609
370,27,40
371,27,922
372,27,106
373,27,556
374,27,45
375,27,826
376,27,751
377,27,529
378,27,849
379,27,578
380,27,622
381,27,485
382,27,707
383,27,440
384,27,682
385,27,305
386,27,504
387,27,828
388,27,892
389,27,738
390,27,343
391,27,1010
392,27,931
393,27,875
394,27,733
395,27,286
396,27,43
397,27,619
398,27,373
399,27,206
0,28,459
1,28,183
2,28,405
3,28,660
4,28,599
5,28,954
6,28,1006
7,28,627
8,28,218
9,28,589
10,28,621
11,28,240
12,28,377
13,28,786
14,28,652
15,28,618
16,28,784
17,28,849
18,28,520
19,28,310
20,28,742
21,28,0
22,28,529
23,28,172
24,28,720
25,28,438
26,28,155
27,28,287
28,28,902
29,28,142
30,28,558
31,28,393
32,28,981
33,28,121
34,28,900
35,28,149
36,28,430
37,28,510
38,28,722
39,28,717
40,28,997
41,28,661
42,28,665
43,28,75
44,28,361
45,28,677
46,28,850
47,28,123
48,28,568
49,28,767
50,28,298
51,28,364
52,28,750
53,28,487
54,28,901
55,28,939
56,28,469
57,28,266
58,28,276
59,28,842
60,28,556
61,28,477
62,28,866
63,28,847
64,28,775
65,28,617
66,28,557
67,28,877
68,28,463
69,28,782
70,28,594
71,28,424
72,28,649
73,28,978
74,28,210
75,28,507
76,28,616
77,28,140
78,28,807
79,28,779
80,28,762
81,28,778
82,28,301
83,28,356
84,28,316
85,28,658
86,28,988
87,28,185
88,28,872
89,28,686
90,28,552
91,28,458
92,28,752
93,28,219
94,28,662
95,28,887
96,28,252
97,28,883
98,28,467
99,28,585
100,28,1005
101,28,551
102,28,592
103,28,466
104,28,570
105,28,613
106,28,137
107,28,139
108,28,367
109,28,628
110,28,245
111,28,486
112,28,60
113,28,790
114,28,370
115,28,450
116,28,50
117,28,237
118,28,259
119,28,606
120,28,868
121,28,432
122,28,561
123,28,748
124,28,144
125,28,334
126,28,138
127,28,516
128,28,460
129,28,236
130,28,462
131,28,985
132,28,51
133,28,518
134,28,619
135,28,171
136,28,934
137,28,586
138,28,261
139,28,465
140,28,146
141,28,757
142,28,607
143,28,114
144,28,141
145,28,694
146,28,882
147,28,145
148,28,190
149,28,131
150,28,955
151,28,550
152,28,533
153,28,319
154,28,176
155,28,439
156,28,106
157,28,952
158,28,663
159,28,785
160,28,104
161,28,503
162,28,249
163,28,98
164,28,434
165,28,3
166,28,239
167,28,838
168,28,584
169,28,692
170,28,526
171,28,473
172,28,302
173,28,203
174,28,771
175,28,854
176,28,209
177,28,629
178,28,878
179,28,200
180,28,1003
181,28,921
182,28,746
183,28,605
184,28,260
185,28,597
186,28,843
187,28,20
188,28,256
189,28,710
190,28,406
191,28,527
192,28,494
193,28,969
194,28,580
195,28,938
196,28,392
197,28,956
198,28,428
199,28,277
200,28,410
201,28,626
202,28,980
203,28,674
204,28,336
205,28,153
206,28,485
207,28,168
208,28,571
209,28,914
210,28,217
211,28,667
212,28,706
213,28,135
214,28,179
215,28,35
216,28,916
217,28,772
218,28,566
219,28,929
220,28,982
221,28,77
222,28,124
223,28,398
224,28,691
225,28,355
226,28,689
227,28,1018
228,28,396
229,28,738
230,28,251
231,28,27
232,28,224
233,28,186
234,28,857
235,28,188
236,28,475
237,28,89
238,28,834
239,28,330
240,28,274
241,28,431
242,28,407
243,28,795
244,28,532
245,28,898
246,28,715
247,28,491
248,28,112
249,28,318
250,28,331
251,28,1013
252,28,440
253,28,87
254,28,151
255,28,163
256,28,246
257,28,1017
258,28,5
259,28,966
260,28,34
261,28,620
262,28,763
263,28,509
264,28,826
265,28,429
266,28,127
267,28,363
268,28,9
269,28,659
270,28,390
271,28,555
272,28,505
273,28,223
274,28,554
275,28,214
276,28,329
277,28,547
278,28,504
279,28,797
280,28,951
281,28,294
282,28,216
283,28,869
284,28,609
285,28,204
286,28,930
287,28,697
288,28,810
289,28,711
290,28,402
291,28,202
292,28,624
293,28,109
294,28,444
295,28,630
296,28,332
297,28,535
298,28,208
299,28,154
300,28,454
301,28,525
302,28,41
303,28,693
304,28,511
305,28,490
306,28,820
307,28,386
308,28,206
309,28,388
310,28,725
311,28,433
312,28,315
313,28,590
314,28,837
315,28,813
316,28,119
317,28,524
318,28,668
319,28,728
320,28,632
321,28,600
322,28,679
323,28,496
324,28,8
325,28,325
326,28,305
327,28,690
328,28,101
329,28,712
330,28,394
331,28,285
332,28,1016
333,28,709
334,28,792
335,28,560
336,28,229
337,28,269
338,28,70
339,28,701
340,28,984
341,28,723
342,28,304
343,28,293
344,28,122
345,28,973
346,28,733
347,28,373
348,28,737
349,28,976
350,28,343
351,28,278
352,28,912
353,28,614
354,28,442
355,28,741
356,28,926
357,28,799
358,28,583
359,28,499
360,28,421
361,28,461
362,28,1012
363,28,371
364,28,794
365,28,893
366,28,615
367,28,148
368,28,681
369,28,641
370,28,39
371,28,922
372,28,107
373,28,588
374,28,45
375,28,827
376,28,751
377,28,528
378,28,881
379,28,610
380,28,622
381,28,453
382,28,675
383,28,472
384,28,682
385,28,306
386,28,536
387,28,828
388,28,892
389,28,739
390,28,342
391,28,1011
392,28,932
393,28,875
394,28,765
395,28,286
396,28,43
397,28,587
398,28,374
399,28,207
0,29,459
1,29,183
2,29,373
3,29,692
4,29,600
5,29,954
6,29,974
7,29,628
8,29,250
9,29,590
10,29,620
11,29,239
12,29,378
13,29,786
14,29,653
15,29,650
16,29,784
17,29,881
18,29,520
19,29,311
20,29,742
21,29,0
22,29,528
23,29,171
24,29,719
25,29,406
26,29,123
27,29,287
28,29,902
29,29,142
30,29,558
31,29,393
32,29,1013
33,29,120
34,29,868
35,29,150
36,29,431
37,29,509
38,29,721
39,29,717
40,29,997
41,29,662
42,29,665
43,29,75
44,29,329
45,29,709
46,29,849
47,29,122
48,29,536
49,29,767
50,29,330
51,29,364
52,29,782
53,29,487
54,29,901
55,29,971
56,29,501
57,29,266
58,29,277
59,29,810
60,29,588
61,29,477
62,29,898
63,29,847
64,29,776
65,29,585
66,29,589
67,29,877
68,29,464
69,29,781
70,29,626
71,29,424
72,29,649
73,29,1010
74,29,211
75,29,507
76,29,616
77,29,172
78,29,775
79,29,811
80,29,794
81,29,779
82,29,333
83,29,324
84,29,315
85,29,659
86,29,987
87,29,186
88,29,904
89,29,686
90,29,584
91,29,426
92,29,751
93,29,220
94,29,694
95,29,887
96,29,252
97,29,851
98,29,435
99,29,586
100,29,1006
101,29,552
102,29,560
103,29,498
104,29,538
105,29,645
106,29,136
107,29,107
108,29,335
109,29,660
110,29,244
111,29,485
112,29,60
113,29,790
114,29,371
115,29,450
116,29,51
117,29,236
118,29,227
119,29,606
120,29,836
121,29,432
122,29,562
123,29,748
124,29,176
125,29,334
126,29,137
127,29,516
128,29,428
129,29,235
130,29,430
131,29,953
132,29,19
133,29,518
134,29,619
135,29,139
136,29,933
137,29,618
138,29,293
139,29,466
140,29,147
141,29,757
142,29,607
143,29,114
144,29,173
145,29,693
146,29,883
147,29,146
148,29,190
149,29,130
150,29,955
151,29,550
152,29,534
153,29,319
154,29,175
155,29,439
156,29,74
157,29,952
158,29,631
159,29,785
160,29,104
161,29,471
162,29,217
163,29,98
164,29,433
165,29,35
166,29,207
167,29,838
168,29,583
169,29,691
170,29,494
171,29,473
172,29,301
173,29,202
174,29,803
175,29,854
176,29,177
177,29,630
178,29,878
179,29,199
180,29,1003
181,29,921
182,29,778
183,29,637
184,29,261
185,29,597
186,29,843
187,29,20
188,29,256
189,29,711
190,29,405
191,29,526
192,29,462
193,29,970
194,29,580
195,29,938
196,29,392
197,29,957
198,29,429
199,29,309
200,29,410
201,29,658
202,29,948
203,29,706
204,29,368
205,29,154
206,29,517
207,29,200
208,29,571
209,29,914
210,29,185
211,29,667
212,29,738
213,29,135
214,29,179
215,29,34
216,29,916
217,29,772
218,29,566
219,29,928
220,29,983
221,29,77
222,29,156
223,29,398
224,29,723
225,29,387
226,29,688
227,29,1019
228,29,396
229,29,770
230,29,251
231,29,27
232,29,225
233,29,218
234,29,857
235,29,187
236,29,443
237,29,89
238,29,866
239,29,362
240,29,273
241,29,463
242,29,408
243,29,795
244,29,532
245,29,930
246,29,714
247,29,490
248,29,112
249,29,318
250,29,331
251,29,1014
252,29,472
253,29,88
254,29,151
255,29,162
256,29,245
257,29,985
258,29,5
259,29,965
260,29,2
261,29,652
262,29,763
263,29,508
264,29,827
265,29,461
266,29,127
267,29,363
268,29,9
269,29,627
270,29,390
271,29,556
272,29,506
273,29,223
274,29,553
275,29,214
276,29,328
277,29,546
278,29,503
279,29,797
280,29,951
281,29,294
282,29,216
283,29,869
284,29,610
285,29,204
286,29,929
287,29,697
288,29,809
289,29,679
290,29,370
291,29,234
292,29,656
293,29,108
294,29,476
295,29,598
296,29,332
297,29,567
298,29,240
299,29,155
300,29,454
301,29,524
302,29,41
303,29,661
304,29,511
305,29,458
306,29,821
307,29,386
308,29,238
309,29,388
310,29,725
311,29,465
312,29,283
313,29,622
314,29,837
315,29,813
316,29,119
317,29,523
318,29,668
319,29,728
320,29,664
321,29,632
322,29,678
323,29,496
324,29,8
325,29,325
326,29,306
327,29,690
328,29,133
329,29,744
330,29,394
331,29,285
332,29,1017
333,29,710
334,29,792
335,29,561
336,29,228
337,29,237
338,29,70
339,29,701
340,29,984
341,29,724
342,29,336
343,29,292
344,29,121
345,29,1005
346,29,765
347,29,374
348,29,737
349,29,976
350,29,344
351,29,246
352,29,912
353,29,613
354,29,442
355,29,741
356,29,958
357,29,799
358,29,551
359,29,499
360,29,420
361,29,460
362,29,980
363,29,339
364,29,826
365,29,893
366,29,647
367,29,149
368,29,681
369,29,609
370,29,38
371,29,922
372,29,106
373,29,587
374,29,45
375,29,828
376,29,783
377,29,527
378,29,913
379,29,642
380,29,621
381,29,421
382,29,674
383,29,504
384,29,682
385,29,274
386,29,535
387,29,796
388,29,892
389,29,740
390,29,343
391,29,1012
392,29,900
393,29,875
394,29,766
395,29,286
396,29,43
397,29,555
398,29,375
399,29,208
0,30,460
1,30,151
2,30,374
3,30,691
4,30,568
5,30,954
6,30,1006
7,30,629
8,30,249
9,30,590
10,30,621
11,30,238
12,30,346
13,30,786
14,30,654
15,30,682
16,30,784
17,30,913
18,30,520
19,30,279
20,30,742
21,30,0
22,30,527
23,30,203
24,30,687
25,30,406
26,30,124
27,30,287
28,30,902
29,30,142
30,30,558
31,30,393
32,30,1014
33,30,119
34,30,867
35,30,149
36,30,432
37,30,477
38,30,753
39,30,717
40,30,997
41,30,630
42,30,665
43,30,107
44,30,328
45,30,708
46,30,881
47,30,121
48,30,537
49,30,735
50,30,330
51,30,364
52,30,783
53,30,487
54,30,933
55,30,1003
56,30,501
57,30,266
58,30,278
59,30,778
60,30,620
61,30,476
62,30,930
63,30,847
64,30,775
65,30,553
66,30,588
67,30,877
68,30,464
69,30,749
70,30,625
71,30,424
72,30,649
73,30,1010
74,30,211
75,30,508
76,30,617
77,30,171
78,30,743
79,30,779
80,30,795
81,30,780
82,30,332
83,30,323
84,30,283
85,30,660
86,30,986
87,30,154
88,30,903
89,30,686
90,30,616
91,30,394
92,30,750
93,30,220
94,30,695
95,30,887
96,30,252
97,30,883
98,30,435
99,30,585
100,30,1007
101,30,584
102,30,560
103,30,497
104,30,539
105,30,613
106,30,168
107,30,139
108,30,336
109,30,692
110,30,212
111,30,484
112,30,60
113,30,790
114,30,370
115,30,450
116,30,52
117,30,204
118,30,195
119,30,606
120,30,868
121,30,400
122,30,594
123,30,748
124,30,176
125,30,334
126,30,136
127,30,516
128,30,428
129,30,267
130,30,462
131,30,985
132,30,51
133,30,518
134,30,619
135,30,140
136,30,932
137,30,650
138,30,292
139,30,434
140,30,148
141,30,757
142,30,607
143,30,114
144,30,173
145,30,661
146,30,884
147,30,146
148,30,190
149,30,98
150,30,955
151,30,550
152,30,534
153,30,319
154,30,174
155,30,471
156,30,42
157,30,952
158,30,599
159,30,785
160,30,104
161,30,503
162,30,185
163,30,97
164,30,433
165,30,35
166,30,208
167,30,838
168,30,615
169,30,659
170,30,494
171,30,473
172,30,333
173,30,201
174,30,835
175,30,854
176,30,178
177,30,631
178,30,878
179,30,231
180,30,1002
181,30,921
182,30,777
183,30,669
184,30,261
185,30,597
186,30,843
187,30,20
188,30,256
189,30,679
190,30,437
191,30,525
192,30,461
193,30,970
194,30,580
195,30,938
196,30,392
197,30,957
198,30,430
199,30,309
200,30,410
201,30,690
202,30,980
203,30,738
204,30,367
205,30,155
206,30,549
207,30,200
208,30,571
209,30,914
210,30,153
211,30,667
212,30,770
213,30,135
214,30,179
215,30,66
216,30,916
217,30,772
218,30,565
219,30,929
220,30,951
221,30,77
222,30,156
223,30,398
224,30,755
225,30,419
226,30,720
227,30,1020
228,30,396
229,30,802
230,30,251
231,30,27
232,30,226
233,30,186
234,30,857
235,30,219
236,30,444
237,30,89
238,30,898
239,30,361
240,30,241
241,30,463
242,30,409
243,30,796
244,30,532
245,30,931
246,30,746
247,30,458
248,30,112
249,30,318
250,30,299
251,30,982
252,30,504
253,30,88
254,30,150
255,30,161
256,30,277
257,30,984
258,30,5
259,30,965
260,30,34
261,30,651
262,30,763
263,30,509
264,30,859
265,30,429
266,30,127
267,30,363
268,30,9
269,30,627
270,30,390
271,30,555
272,30,507
273,30,223
274,30,552
275,30,213
276,30,327
277,30,545
278,30,502
279,30,798
280,30,919
281,30,294
282,30,216
283,30,869
284,30,578
285,30,172
286,30,897
287,30,697
288,30,810
289,30,678
290,30,338
291,30,202
292,30,656
293,30,108
294,30,475
295,30,598
296,30,331
297,30,566
298,30,240
299,30,123
300,30,454
301,30,556
302,30,41
303,30,662
304,30,511
305,30,426
306,30,821
307,30,386
308,30,206
309,30,387
310,30,693
311,30,465
312,30,284
313,30,622
314,30,837
315,30,813
316,30,87
317,30,491
318,30,668
319,30,728
320,30,696
321,30,632
322,30,710
323,30,496
324,30,8
325,30,293
326,30,307
327,30,722
328,30,132
329,30,776
330,30,362
331,30,285
332,30,1018
333,30,711
334,30,792
335,30,529
336,30,228
337,30,236
338,30,70
339,30,701
340,30,983
341,30,725
342,30,368
343,30,260
344,30,120
345,30,1005
346,30,797
347,30,375
348,30,737
349,30,976
350,30,345
351,30,214
352,30,912
353,30,581
354,30,442
355,30,709
356,30,990
357,30,799
358,30,551
359,30,499
360,30,388
361,30,492
362,30,1012
363,30,340
364,30,858
365,30,893
366,30,646
367,30,117
368,30,713
369,30,610
370,30,37
371,30,922
372,30,106
373,30,586
374,30,45
375,30,827
376,30,751
377,30,526
378,30,945
379,30,674
380,30,589
381,30,420
382,30,673
383,30,536
384,30,681
385,30,306
386,30,567
387,30,828
388,30,892
389,30,741
390,30,343
391,30,1013
392,30,901
393,30,875
394,30,767
395,30,286
396,30,43
397,30,523
398,30,376
399,30,209
0,31,460
1,31,183
2,31,375
3,31,690
4,31,569
5,31,954
6,31,1006
7,31,630
8,31,281
9,31,589
10,31,621
11,31,206
12,31,347
13,31,786
14,31,655
15,31,681
16,31,816
17,31,945
18,31,520
19,31,280
20,31,741
21,31,0
22,31,559
23,31,202
24,31,686
25,31,374
26,31,123
27,31,287
28,31,934
29,31,110
30,31,558
31,31,392
32,31,982
33,31,118
34,31,835
35,31,150
36,31,433
37,31,445
38,31,785
39,31,717
40,31,997
41,31,631
42,31,665
43,31,107
44,31,327
45,31,740
46,31,913
47,31,120
48,31,538
49,31,767
50,31,331
51,31,396
52,31,783
53,31,487
54,31,933
55,31,1002
56,31,502
57,31,265
58,31,310
59,31,746
60,31,652
61,31,477
62,31,931
63,31,847
64,31,775
65,31,521
66,31,588
67,31,877
68,31,464
69,31,749
70,31,624
71,31,423
72,31,649
73,31,1010
74,31,243
75,31,507
76,31,616
77,31,203
78,31,711
79,31,779
80,31,827
81,31,781
82,31,332
83,31,291
84,31,315
85,31,661
86,31,985
87,31,186
88,31,935
89,31,685
90,31,648
91,31,362
92,31,782
93,31,220
94,31,696
95,31,887
96,31,252
97,31,883
98,31,435
99,31,617
100,31,1008
101,31,584
102,31,560
103,31,529
104,31,539
105,31,614
106,31,136
107,31,171
108,31,304
109,31,691
110,31,211
111,31,483
112,31,60
113,31,790
114,31,370
115,31,450
116,31,84
117,31,172
118,31,163
119,31,606
120,31,868
121,31,432
122,31,595
123,31,748
124,31,176
125,31,334
126,31,135
127,31,516
128,31,429
129,31,266
130,31,494
131,31,953
132,31,50
133,31,518
134,31,619
135,31,108
136,31,900
137,31,682
138,31,324
139,31,402
140,31,149
141,31,758
142,31,607
143,31,114
144,31,173
145,31,693
146,31,852
147,31,145
148,31,190
149,31,97
150,31,955
151,31,550
152,31,533
153,31,319
154,31,142
155,31,503
156,31,10
157,31,920
158,31,600
159,31,784
160,31,104
161,31,504
162,31,153
163,31,65
164,31,465
165,31,35
166,31,209
167,31,838
168,31,647
169,31,627
170,31,526
171,31,473
172,31,333
173,31,200
174,31,834
175,31,854
176,31,146
177,31,663
178,31,878
179,31,263
180,31,1001
181,31,921
182,31,809
183,31,701
184,31,229
185,31,597
186,31,843
187,31,20
188,31,256
189,31,679
190,31,437
191,31,493
192,31,462
193,31,970
194,31,580
195,31,938
196,31,424
197,31,957
198,31,398
199,31,309
200,31,378
201,31,722
202,31,980
203,31,770
204,31,335
205,31,156
206,31,517
207,31,168
208,31,571
209,31,914
210,31,154
211,31,667
212,31,802
213,31,167
214,31,179
215,31,98
216,31,916
217,31,772
218,31,565
219,31,929
220,31,952
221,31,77
222,31,124
223,31,399
224,31,787
225,31,451
226,31,752
227,31,1020
228,31,428
229,31,803
230,31,251
231,31,27
232,31,194
233,31,185
234,31,857
235,31,219
236,31,412
237,31,121
238,31,930
239,31,393
240,31,240
241,31,463
242,31,410
243,31,795
244,31,532
245,31,932
246,31,745
247,31,426
248,31,112
249,31,318
250,31,299
251,31,981
252,31,536
253,31,88
254,31,151
255,31,160
256,31,278
257,31,983
258,31,5
259,31,965
260,31,34
261,31,650
262,31,763
263,31,509
264,31,859
265,31,461
266,31,127
267,31,364
268,31,9
269,31,626
270,31,390
271,31,587
272,31,475
273,31,223
274,31,551
275,31,245
276,31,326
277,31,545
278,31,534
279,31,797
280,31,919
281,31,294
282,31,216
283,31,869
284,31,546
285,31,140
286,31,898
287,31,697
288,31,842
289,31,677
290,31,339
291,31,234
292,31,656
293,31,76
294,31,476
295,31,598
296,31,363
297,31,566
298,31,208
299,31,91
300,31,454
301,31,555
302,31,41
303,31,662
304,31,511
305,31,394
306,31,821
307,31,386
308,31,207
309,31,419
310,31,725
311,31,497
312,31,283
313,31,590
314,31,837
315,31,813
316,31,87
317,31,459
318,31,668
319,31,727
320,31,728
321,31,632
322,31,742
323,31,496
324,31,8
325,31,293
326,31,307
327,31,721
328,31,132
329,31,808
330,31,330
331,31,285
332,31,1019
333,31,712
334,31,792
335,31,528
336,31,228
337,31,236
338,31,70
339,31,700
340,31,951
341,31,757
342,31,400
343,31,261
344,31,119
345,31,1005
346,31,796
347,31,376
348,31,737
349,31,976
350,31,346
351,31,213
352,31,912
353,31,549
354,31,442
355,31,708
356,31,991
357,31,831
358,31,583
359,31,499
360,31,387
361,31,491
362,31,1012
363,31,308
364,31,890
365,31,893
366,31,678
367,31,85
368,31,714
369,31,578
370,31,69
371,31,922
372,31,106
373,31,585
374,31,45
375,31,826
376,31,751
377,31,525
378,31,946
379,31,706
380,31,557
381,31,388
382,31,673
383,31,568
384,31,713
385,31,305
386,31,567
387,31,828
388,31,892
389,31,709
390,31,343
391,31,1014
392,31,902
393,31,875
394,31,799
395,31,286
396,31,43
397,31,523
398,31,377
399,31,210
0,32,460
1,32,215
2,32,376
3,32,689
4,32,537
5,32,954
6,32,1006
7,32,631
8,32,313
9,32,588
10,32,589
11,32,174
12,32,315
13,32,786
14,32,656
15,32,682
16,32,816
17,32,977
18,32,520
19,32,281
20,32,709
21,32,0
22,32,558
23,32,201
24,32,685
25,32,374
26,32,155
27,32,287
28,32,902
29,32,78
30,32,526
31,32,424
32,32,981
33,32,86
34,32,803
35,32,151
36,32,434
37,32,444
38,32,784
39,32,716
40,32,997
41,32,599
42,32,665
43,32,107
44,32,326
45,32,739
46,32,912
47,32,119
48,32,539
49,32,767
50,32,363
51,32,428
52,32,815
53,32,487
54,32,901
55,32,1003
56,32,503
57,32,297
58,32,342
59,32,714
60,32,684
61,32,476
62,32,932
63,32,847
64,32,775
65,32,521
66,32,587
67,32,877
68,32,464
69,32,749
70,32,623
71,32,422
72,32,648
73,32,1010
74,32,244
75,32,506
76,32,616
77,32,235
78,32,743
79,32,779
80,32,859
81,32,782
82,32,331
83,32,259
84,32,283
85,32,662
86,32,984
87,32,186
88,32,967
89,32,717
90,32,680
91,32,330
92,32,814
93,32,220
94,32,728
95,32,887
96,32,252
97,32,883
98,32,435
99,32,617
100,32,1009
101,32,583
102,32,560
103,32,528
104,32,540
105,32,614
106,32,137
107,32,203
108,32,272
109,32,690
110,32,179
111,32,482
112,32,60
113,32,791
114,32,371
115,32,450
116,32,85
117,32,140
118,32,164
119,32,606
120,32,836
121,32,431
122,32,596
123,32,748
124,32,176
125,32,334
126,32,134
127,32,516
128,32,430
129,32,265
130,32,493
131,32,985
132,32,49
133,32,486
134,32,619
135,32,109
136,32,868
137,32,683
138,32,323
139,32,370
140,32,150
141,32,790
142,32,607
143,32,114
144,32,173
145,32,692
146,32,852
147,32,146
148,32,190
149,32,96
150,32,955
151,32,518
152,32,533
153,32,319
154,32,110
155,32,535
156,32,11
157,32,952
158,32,601
159,32,752
160,32,104
161,32,504
162,32,121
163,32,97
164,32,433
165,32,35
166,32,210
167,32,838
168,32,679
169,32,595
170,32,494
171,32,473
172,32,333
173,32,168
174,32,866
175,32,854
176,32,147
177,32,664
178,32,878
179,32,295
180,32,1002
181,32,921
182,32,809
183,32,733
184,32,228
185,32,597
186,32,843
187,32,20
188,32,256
189,32,711
190,32,437
191,32,525
192,32,462
193,32,970
194,32,580
195,32,938
196,32,423
197,32,957
198,32,399
199,32,309
200,32,410
201,32,754
202,32,980
203,32,802
204,32,336
205,32,157
206,32,485
207,32,167
208,32,571
209,32,914
210,32,153
211,32,667
212,32,834
213,32,135
214,32,178
215,32,130
216,32,916
217,32,772
218,32,566
219,32,929
220,32,953
221,32,77
222,32,156
223,32,400
224,32,787
225,32,483
226,32,751
227,32,1021
228,32,429
229,32,804
230,32,251
231,32,27
232,32,162
233,32,184
234,32,857
235,32,219
236,32,413
237,32,122
238,32,931
239,32,392
240,32,239
241,32,463
242,32,409
243,32,794
244,32,532
245,32,933
246,32,777
247,32,394
248,32,112
249,32,318
250,32,299
251,32,1013
252,32,568
253,32,88
254,32,183
255,32,160
256,32,310
257,32,983
258,32,5
259,32,965
260,32,34
261,32,649
262,32,763
263,32,509
264,32,858
265,32,461
266,32,127
267,32,332
268,32,9
269,32,627
270,32,390
271,32,555
272,32,443
273,32,223
274,32,550
275,32,246
276,32,325
277,32,545
278,32,502
279,32,797
280,32,919
281,32,294
282,32,216
283,32,869
284,32,514
285,32,108
286,32,930
287,32,697
288,32,842
289,32,645
290,32,340
291,32,202
292,32,624
293,32,76
294,32,508
295,32,630
296,32,364
297,32,534
298,32,240
299,32,92
300,32,454
301,32,554
302,32,41
303,32,663
304,32,511
305,32,362
306,32,821
307,32,386
308,32,208
309,32,420
310,32,725
311,32,529
312,32,284
313,32,590
314,32,837
315,32,813
316,32,55
317,32,458
318,32,668
319,32,727
320,32,760
321,32,632
322,32,741
323,32,497
324,32,8
325,32,261
326,32,308
327,32,722
328,32,132
329,32,840
330,32,298
331,32,285
332,32,1020
333,32,712
334,32,792
335,32,496
336,32,260
337,32,236
338,32,70
339,32,701
340,32,951
341,32,758
342,32,432
343,32,229
344,32,87
345,32,1005
346,32,828
347,32,377
348,32,737
349,32,976
350,32,346
351,32,181
352,32,911
353,32,517
354,32,442
355,32,707
356,32,991
357,32,830
358,32,551
359,32,499
360,32,419
361,32,459
362,32,1012
363,32,276
364,32,922
365,32,893
366,32,677
367,32,117
368,32,713
369,32,546
370,32,101
371,32,923
372,32,106
373,32,584
374,32,45
375,32,826
376,32,783
377,32,524
378,32,945
379,32,738
380,32,557
381,32,387
382,32,673
383,32,600
384,32,681
385,32,305
386,32,567
387,32,829
388,32,892
389,32,710
390,32,343
391,32,982
392,32,903
393,32,875
394,32,831
395,32,286
396,32,43
397,32,523
398,32,378
399,32,211
0,33,461
1,33,216
2,33,377
3,33,688
4,33,505
5,33,986
6,33,1006
7,33,599
8,33,312
9,33,587
10,33,588
11,33,142
12,33,283
13,33,787
14,33,657
15,33,650
16,33,784
17,33,1009
18,33,520
19,33,249
20,33,710
21,33,0
22,33,557
23,33,200
24,33,684
25,33,374
26,33,155
27,33,287
28,33,901
29,33,77
30,33,494
31,33,423
32,33,1013
33,33,85
34,33,803
35,33,183
36,33,435
37,33,412
38,33,783
39,33,717
40,33,997
41,33,567
42,33,665
43,33,107
44,33,325
45,33,771
46,33,911
47,33,118
48,33,540
49,33,767
50,33,364
51,33,460
52,33,847
53,33,487
54,33,900
55,33,971
56,33,504
57,33,265
58,33,343
59,33,682
60,33,716
61,33,476
62,33,933
63,33,848
64,33,775
65,33,521
66,33,555
67,33,877
68,33,465
69,33,749
70,33,622
71,33,421
72,33,647
73,33,1011
74,33,245
75,33,506
76,33,616
77,33,267
78,33,742
79,33,779
80,33,891
81,33,814
82,33,363
83,33,227
84,33,284
85,33,630
86,33,983
87,33,186
88,33,966
89,33,685
90,33,712
91,33,298
92,33,815
93,33,220
94,33,760
95,33,887
96,33,252
97,33,883
98,33,403
99,33,617
100,33,1010
101,33,615
102,33,560
103,33,527
104,33,541
105,33,614
106,33,137
107,33,235
108,33,240
109,33,689
110,33,178
111,33,450
112,33,60
113,33,823
114,33,370
115,33,449
116,33,117
117,33,108
118,33,132
119,33,606
120,33,868
121,33,431
122,33,597
123,33,748
124,33,176
125,33,334
126,33,102
127,33,516
128,33,398
129,33,264
130,33,525
131,33,985
132,33,48
133,33,518
134,33,619
135,33,110
136,33,867
137,33,715
138,33,355
139,33,338
140,33,151
141,33,791
142,33,607
143,33,114
144,33,173
145,33,691
146,33,852
147,33,145
148,33,190
149,33,96
150,33,955
151,33,550
152,33,533
153,33,319
154,33,78
155,33,535
156,33,11
157,33,952
158,33,602
159,33,753
160,33,104
161,33,472
162,33,120
163,33,98
164,33,433
165,33,35
166,33,211
167,33,838
168,33,678
169,33,563
170,33,462
171,33,473
172,33,301
173,33,167
174,33,865
175,33,854
176,33,115
177,33,663
178,33,878
179,33,294
180,33,1003
181,33,921
182,33,809
183,33,765
184,33,260
185,33,565
186,33,843
187,33,20
188,33,256
189,33,743
190,33,437
191,33,524
192,33,430
193,33,970
194,33,580
195,33,938
196,33,422
197,33,957
198,33,400
199,33,310
200,33,442
201,33,786
202,33,948
203,33,834
204,33,304
205,33,189
206,33,486
207,33,199
208,33,571
209,33,914
210,33,185
211,33,667
212,33,866
213,33,135
214,33,146
215,33,162
216,33,916
217,33,772
218,33,566
219,33,929
220,33,953
221,33,109
222,33,156
223,33,401
224,33,819
225,33,515
226,33,750
227,33,1022
228,33,428
229,33,805
230,33,251
231,33,27
232,33,163
233,33,184
234,33,857
235,33,219
236,33,381
237,33,123
238,33,932
239,33,424
240,33,238
241,33,463
242,33,410
243,33,794
244,33,532
245,33,934
246,33,777
247,33,393
248,33,112
249,33,318
250,33,331
251,33,1012
252,33,600
253,33,88
254,33,215
255,33,160
256,33,342
257,33,982
258,33,5
259,33,965
260,33,34
261,33,648
262,33,763
263,33,510
264,33,859
265,33,429
266,33,127
267,33,333
268,33,9
269,33,627
270,33,390
271,33,523
272,33,444
273,33,223
274,33,549
275,33,214
276,33,324
277,33,545
278,33,503
279,33,797
280,33,919
281,33,326
282,33,217
283,33,869
284,33,482
285,33,76
286,33,930
287,33,697
288,33,842
289,33,613
290,33,308
291,33,202
292,33,656
293,33,75
294,33,509
295,33,598
296,33,332
297,33,534
298,33,241
299,33,93
300,33,454
301,33,586
302,33,41
303,33,662
304,33,511
305,33,330
306,33,821
307,33,386
308,33,209
309,33,388
310,33,725
311,33,528
312,33,316
313,33,558
314,33,837
315,33,813
316,33,23
317,33,426
318,33,668
319,33,728
320,33,792
321,33,633
322,33,740
323,33,498
324,33,8
325,33,229
326,33,309
327,33,690
328,33,100
329,33,872
330,33,299
331,33,285
332,33,1021
333,33,713
334,33,793
335,33,497
336,33,259
337,33,236
338,33,70
339,33,701
340,33,951
341,33,790
342,33,464
343,33,197
344,33,55
345,33,1005
346,33,827
347,33,378
348,33,737
349,33,976
350,33,345
351,33,149
352,33,943
353,33,485
354,33,474
355,33,707
356,33,991
357,33,798
358,33,551
359,33,499
360,33,420
361,33,459
362,33,980
363,33,244
364,33,954
365,33,893
366,33,709
367,33,116
368,33,681
369,33,514
370,33,133
371,33,922
372,33,106
373,33,552
374,33,45
375,33,826
376,33,751
377,33,556
378,33,913
379,33,770
380,33,589
381,33,387
382,33,673
383,33,632
384,33,680
385,33,305
386,33,568
387,33,828
388,33,892
389,33,711
390,33,344
391,33,1014
392,33,935
393,33,875
394,33,830
395,33,286
396,33,43
397,33,491
398,33,346
399,33,212
0,34,429
1,34,215
2,34,378
3,34,687
4,34,506
5,34,1018
6,34,1006
7,34,600
8,34,312
9,34,588
10,34,589
11,34,110
12,34,251
13,34,786
14,34,658
15,34,618
16,34,784
17,34,1008
18,34,520
19,34,217
20,34,742
21,34,0
22,34,557
23,34,199
24,34,716
25,34,342
26,34,155
27,34,287
28,34,901
29,34,109
30,34,462
31,34,423
32,34,1014
33,34,84
34,34,802
35,34,151
36,34,436
37,34,380
38,34,815
39,34,717
40,34,997
41,34,568
42,34,665
43,34,139
44,34,293
45,34,803
46,34,910
47,34,117
48,34,508
49,34,767
50,34,364
51,34,492
52,34,847
53,34,519
54,34,932
55,34,1003
56,34,505
57,34,265
58,34,375
59,34,650
60,34,715
61,34,476
62,34,934
63,34,848
64,34,775
65,34,521
66,34,554
67,34,877
68,34,464
69,34,749
70,34,621
71,34,422
72,34,679
73,34,979
74,34,246
75,34,507
76,34,616
77,34,235
78,34,741
79,34,779
80,34,891
81,34,813
82,34,362
83,34,195
84,34,283
85,34,631
86,34,984
87,34,186
88,34,966
89,34,686
90,34,744
91,34,266
92,34,814
93,34,220
94,34,792
95,34,887
96,34,252
97,34,883
98,34,435
99,34,617
100,34,1011
101,34,614
102,34,560
103,34,559
104,34,540
105,34,613
106,34,137
107,34,234
108,34,239
109,34,688
110,34,177
111,34,449
112,34,60
113,34,822
114,34,402
115,34,448
116,34,85
117,34,76
118,34,100
119,34,606
120,34,868
121,34,431
122,34,598
123,34,748
124,34,176
125,34,334
126,34,102
127,34,516
128,34,399
129,34,264
130,34,524
131,34,985
132,34,16
133,34,518
134,34,619
135,34,78
136,34,835
137,34,747
138,34,387
139,34,306
140,34,150
141,34,823
142,34,607
143,34,114
144,34,173
145,34,723
146,34,852
147,34,146
148,34,190
149,34,96
150,34,955
151,34,550
152,34,534
153,34,319
154,34,77
155,34,567
156,34,11
157,34,952
158,34,603
159,34,785
160,34,104
161,34,504
162,34,120
163,34,98
164,34,465
165,34,35
166,34,243
167,34,838
168,34,710
169,34,531
170,34,430
171,34,473
172,34,333
173,34,166
174,34,865
175,34,854
176,34,115
177,34,663
178,34,878
179,34,326
180,34,1002
181,34,921
182,34,809
183,34,797
184,34,261
185,34,597
186,34,843
187,34,20
188,34,256
189,34,743
190,34,437
191,34,556
192,34,398
193,34,970
194,34,580
195,34,938
196,34,454
197,34,957
198,34,401
199,34,311
200,34,442
201,34,818
202,34,980
203,34,866
204,34,272
205,34,221
206,34,487
207,34,167
208,34,571
209,34,914
210,34,185
211,34,667
212,34,898
213,34,135
214,34,178
215,34,161
216,34,916
217,34,772
218,34,566
219,34,929
220,34,953
221,34,108
222,34,156
223,34,433
224,34,787
225,34,547
226,34,782
227,34,1023
228,34,396
229,34,806
230,34,219
231,34,27
232,34,164
233,34,184
234,34,857
235,34,187
236,34,349
237,34,124
238,34,933
239,34,424
240,34,237
241,34,463
242,34,410
243,34,794
244,34,532
245,34,935
246,34,777
247,34,393
248,34,112
249,34,318
250,34,363
251,34,1013
252,34,601
253,34,88
254,34,183
255,34,160
256,34,343
257,34,981
258,34,5
259,34,965
260,34,34
261,34,647
262,34,763
263,34,509
264,34,858
265,34,428
266,34,127
267,34,332
268,34,9
269,34,627
270,34,390
271,34,522
272,34,412
273,34,223
274,34,549
275,34,214
276,34,292
277,34,545
278,34,503
279,34,798
280,34,951
281,34,325
282,34,216
283,34,869
284,34,450
285,34,75
286,34,930
287,34,697
288,34,842
289,34,581
290,34,276
291,34,202
292,34,656
293,34,107
294,34,541
295,34,630
296,34,331
297,34,535
298,34,241
299,34,93
300,34,486
301,34,585
302,34,41
303,34,662
304,34,511
305,34,298
306,34,821
307,34,386
308,34,210
309,34,420
310,34,725
311,34,527
312,34,315
313,34,526
314,34,837
315,34,781
316,34,55
317,34,394
318,34,668
319,34,728
320,34,793
321,34,632
322,34,739
323,34,498
324,34,8
325,34,197
326,34,310
327,34,690
328,34,99
329,34,904
330,34,267
331,34,285
332,34,1022
333,34,714
334,34,825
335,34,497
336,34,260
337,34,236
338,34,70
339,34,701
340,34,983
341,34,791
342,34,432
343,34,165
344,34,54
345,34,1005
346,34,859
347,34,346
348,34,737
349,34,976
350,34,377
351,34,148
352,34,911
353,34,453
354,34,474
355,34,707
356,34,991
357,34,799
358,34,583
359,34,499
360,34,421
361,34,460
362,34,1012
363,34,212
364,34,986
365,34,893
366,34,708
367,34,116
368,34,713
369,34,482
370,34,132
371,34,922
372,34,106
373,34,551
374,34,45
375,34,826
376,34,751
377,34,555
378,34,881
379,34,769
380,34,590
381,34,388
382,34,673
383,34,664
384,34,681
385,34,305
386,34,536
387,34,828
388,34,892
389,34,712
390,34,344
391,34,982
392,34,936
393,34,875
394,34,862
395,34,286
396,34,43
397,34,523
398,34,347
399,34,213
0,35,428
1,35,216
2,35,346
3,35,686
4,35,507
5,35,1019
6,35,1006
7,35,601
8,35,280
9,35,587
10,35,588
11,35,109
12,35,219
13,35,786
14,35,659
15,35,619
16,35,784
17,35,1008
18,35,520
19,35,185
20,35,741
21,35,0
22,35,589
23,35,231
24,35,716
25,35,310
26,35,155
27,35,287
28,35,901
29,35,141
30,35,430
31,35,422
32,35,982
33,35,52
34,35,770
35,35,183
36,35,437
37,35,380
38,35,815
39,35,717
40,35,997
41,35,600
42,35,665
43,35,139
44,35,261
45,35,802
46,35,911
47,35,116
48,35,540
49,35,767
50,35,332
51,35,524
52,35,847
53,35,487
54,35,933
55,35,1002
56,35,537
57,35,265
58,35,376
59,35,618
60,35,747
61,35,476
62,35,935
63,35,848
64,35,775
65,35,521
66,35,586
67,35,877
68,35,432
69,35,749
70,35,653
71,35,390
72,35,680
73,35,1011
74,35,214
75,35,508
76,35,616
77,35,267
78,35,709
79,35,811
80,35,891
81,35,814
82,35,361
83,35,163
84,35,283
85,35,632
86,35,984
87,35,186
88,35,967
89,35,685
90,35,776
91,35,234
92,35,782
93,35,220
94,35,793
95,35,887
96,35,252
97,35,883
98,35,435
99,35,617
100,35,1012
101,35,614
102,35,560
103,35,558
104,35,539
105,35,613
106,35,137
107,35,235
108,35,239
109,35,687
110,35,145
111,35,481
112,35,60
113,35,790
114,35,434
115,35,449
116,35,86
117,35,44
118,35,101
119,35,606
120,35,868
121,35,431
122,35,599
123,35,748
124,35,176
125,35,334
126,35,102
127,35,516
128,35,400
129,35,264
130,35,556
131,35,985
132,35,16
133,35,518
134,35,620
135,35,46
136,35,803
137,35,779
138,35,419
139,35,274
140,35,151
141,35,791
142,35,607
143,35,114
144,35,173
145,35,723
146,35,852
147,35,178
148,35,190
149,35,96
150,35,955
151,35,550
152,35,534
153,35,319
154,35,76
155,35,566
156,35,11
157,35,952
158,35,635
159,35,785
160,35,104
161,35,504
162,35,120
163,35,98
164,35,466
165,35,35
166,35,243
167,35,838
168,35,742
169,35,531
170,35,429
171,35,473
172,35,333
173,35,134
174,35,865
175,35,854
176,35,115
177,35,663
178,35,878
179,35,294
180,35,1001
181,35,921
182,35,809
183,35,829
184,35,229
185,35,597
186,35,843
187,35,20
188,35,256
189,35,743
190,35,469
191,35,557
192,35,366
193,35,970
194,35,580
195,35,938
196,35,453
197,35,957
198,35,402
199,35,343
200,35,410
201,35,850
202,35,948
203,35,898
204,35,240
205,35,253
206,35,486
207,35,168
208,35,571
209,35,914
210,35,153
211,35,667
212,35,897
213,35,135
214,35,179
215,35,161
216,35,916
217,35,772
218,35,565
219,35,929
220,35,953
221,35,140
222,35,157
223,35,465
224,35,787
225,35,579
226,35,781
227,35,1022
228,35,364
229,35,807
230,35,187
231,35,27
232,35,165
233,35,184
234,35,857
235,35,188
236,35,317
237,35,156
238,35,965
239,35,423
240,35,205
241,35,462
242,35,378
243,35,795
244,35,532
245,35,936
246,35,777
247,35,392
248,35,112
249,35,318
250,35,363
251,35,1014
252,35,633
253,35,88
254,35,215
255,35,160
256,35,344
257,35,949
258,35,5
259,35,966
260,35,34
261,35,646
262,35,763
263,35,509
264,35,826
265,35,460
266,35,127
267,35,331
268,35,9
269,35,627
270,35,358
271,35,523
272,35,413
273,35,223
274,35,517
275,35,213
276,35,260
277,35,545
278,35,503
279,35,797
280,35,919
281,35,326
282,35,217
283,35,869
284,35,418
285,35,107
286,35,930
287,35,697
288,35,842
289,35,549
290,35,244
291,35,202
292,35,656
293,35,108
294,35,541
295,35,630
296,35,330
297,35,535
298,35,241
299,35,93
300,35,454
301,35,584
302,35,41
303,35,662
304,35,511
305,35,299
306,35,821
307,35,386
308,35,242
309,35,388
310,35,725
311,35,527
312,35,315
313,35,494
314,35,837
315,35,813
316,35,87
317,35,393
318,35,668
319,35,728
320,35,825
321,35,664
322,35,771
323,35,498
324,35,8
325,35,197
326,35,311
327,35,658
328,35,100
329,35,905
330,35,266
331,35,285
332,35,990
333,35,715
334,35,824
335,35,497
336,35,228
337,35,236
338,35,70
339,35,701
340,35,951
341,35,792
342,35,433
343,35,166
344,35,54
345,35,1005
346,35,858
347,35,347
348,35,737
349,35,976
350,35,409
351,35,148
352,35,912
353,35,421
354,35,442
355,35,706
356,35,991
357,35,799
358,35,551
359,35,499
360,35,420
361,35,461
362,35,980
363,35,211
364,35,1018
365,35,893
366,35,707
367,35,84
368,35,681
369,35,450
370,35,164
371,35,922
372,35,106
373,35,519
374,35,45
375,35,794
376,35,751
377,35,554
378,35,849
379,35,801
380,35,590
381,35,387
382,35,673
383,35,696
384,35,682
385,35,305
386,35,568
387,35,828
388,35,892
389,35,744
390,35,312
391,35,983
392,35,968
393,35,875
394,35,862
395,35,286
396,35,43
397,35,491
398,35,348
399,35,245
0,36,396
1,36,184
2,36,347
3,36,685
4,36,475
5,36,1018
6,36,1006
7,36,602
8,36,312
9,36,555
10,36,589
11,36,108
12,36,187
13,36,786
14,36,660
15,36,618
16,36,784
17,36,1008
18,36,520
19,36,153
20,36,709
21,36,0
22,36,557
23,36,230
24,36,715
25,36,278
26,36,155
27,36,287
28,36,901
29,36,142
30,36,398
31,36,454
32,36,981
33,36,51
34,36,738
35,36,151
36,36,438
37,36,380
38,36,814
39,36,716
40,36,998
41,36,601
42,36,666
43,36,171
44,36,229
45,36,834
46,36,911
47,36,84
48,36,540
49,36,767
50,36,364
51,36,556
52,36,815
53,36,486
54,36,933
55,36,1003
56,36,537
57,36,265
58,36,377
59,36,586
60,36,746
61,36,476
62,36,936
63,36,847
64,36,775
65,36,521
66,36,585
67,36,877
68,36,400
69,36,749
70,36,652
71,36,358
72,36,648
73,36,1010
74,36,215
75,36,507
76,36,616
77,36,266
78,36,677
79,36,843
80,36,891
81,36,782
82,36,329
83,36,131
84,36,283
85,36,600
86,36,1016
87,36,186
88,36,966
89,36,717
90,36,777
91,36,202
92,36,750
93,36,219
94,36,825
95,36,887
96,36,252
97,36,883
98,36,435
99,36,617
100,36,1013
101,36,646
102,36,560
103,36,590
104,36,539
105,36,614
106,36,137
107,36,235
108,36,239
109,36,686
110,36,113
111,36,449
112,36,60
113,36,822
114,36,434
115,36,450
116,36,87
117,36,44
118,36,101
119,36,606
120,36,868
121,36,431
122,36,631
123,36,748
124,36,176
125,36,302
126,36,102
127,36,516
128,36,401
129,36,264
130,36,588
131,36,985
132,36,16
133,36,518
134,36,619
135,36,47
136,36,771
137,36,811
138,36,451
139,36,242
140,36,150
141,36,790
142,36,607
143,36,114
144,36,173
145,36,723
146,36,852
147,36,210
148,36,190
149,36,96
150,36,955
151,36,550
152,36,534
153,36,319
154,36,75
155,36,598
156,36,11
157,36,952
158,36,635
159,36,785
160,36,104
161,36,504
162,36,120
163,36,98
164,36,465
165,36,35
166,36,244
167,36,838
168,36,741
169,36,531
170,36,430
171,36,473
172,36,332
173,36,133
174,36,865
175,36,854
176,36,115
177,36,663
178,36,878
179,36,293
180,36,1002
181,36,921
182,36,809
183,36,861
184,36,228
185,36,597
186,36,842
187,36,20
188,36,256
189,36,743
190,36,437
191,36,525
192,36,334
193,36,970
194,36,580
195,36,938
196,36,421
197,36,957
198,36,403
199,36,342
200,36,410
201,36,882
202,36,980
203,36,930
204,36,208
205,36,254
206,36,485
207,36,200
208,36,571
209,36,914
210,36,121
211,36,667
212,36,896
213,36,135
214,36,178
215,36,161
216,36,916
217,36,772
218,36,566
219,36,928
220,36,953
221,36,141
222,36,158
223,36,497
224,36,787
225,36,578
226,36,780
227,36,1021
228,36,363
229,36,808
230,36,188
231,36,27
232,36,164
233,36,185
234,36,889
235,36,220
236,36,285
237,36,157
238,36,997
239,36,422
240,36,205
241,36,461
242,36,346
243,36,794
244,36,532
245,36,968
246,36,778
247,36,393
248,36,112
249,36,318
250,36,331
251,36,982
252,36,665
253,36,88
254,36,183
255,36,160
256,36,345
257,36,948
258,36,5
259,36,965
260,36,34
261,36,645
262,36,763
263,36,509
264,36,827
265,36,428
266,36,127
267,36,299
268,36,9
269,36,627
270,36,326
271,36,523
272,36,381
273,36,223
274,36,549
275,36,214
276,36,259
277,36,545
278,36,503
279,36,797
280,36,951
281,36,294
282,36,216
283,36,869
284,36,386
285,36,139
286,36,929
287,36,697
288,36,810
289,36,548
290,36,212
291,36,203
292,36,656
293,36,140
294,36,541
295,36,630
296,36,362
297,36,535
298,36,241
299,36,93
300,36,453
301,36,583
302,36,41
303,36,662
304,36,511
305,36,267
306,36,821
307,36,385
308,36,243
309,36,387
310,36,725
311,36,527
312,36,315
313,36,462
314,36,837
315,36,813
316,36,119
317,36,361
318,36,668
319,36,728
320,36,857
321,36,632
322,36,770
323,36,466
324,36,8
325,36,197
326,36,343
327,36,658
328,36,132
329,36,906
330,36,234
331,36,253
332,36,958
333,36,683
334,36,792
335,36,498
336,36,260
337,36,236
338,36,70
339,36,701
340,36,983
341,36,793
342,36,432
343,36,134
344,36,54
345,36,1005
346,36,858
347,36,348
348,36,737
349,36,976
350,36,441
351,36,116
352,36,912
353,36,420
354,36,442
355,36,707
356,36,991
357,36,799
358,36,552
359,36,499
360,36,388
361,36,460
362,36,1012
363,36,179
364,36,986
365,36,893
366,36,739
367,36,85
368,36,681
369,36,418
370,36,163
371,36,922
372,36,106
373,36,487
374,36,45
375,36,826
376,36,751
377,36,553
378,36,849
379,36,802
380,36,622
381,36,355
382,36,673
383,36,664
384,36,682
385,36,305
386,36,568
387,36,828
388,36,892
389,36,776
390,36,344
391,36,984
392,36,969
393,36,875
394,36,862
395,36,286
396,36,43
397,36,491
398,36,349
399,36,245
0,37,364
1,37,185
2,37,348
3,37,685
4,37,443
5,37,986
6,37,1006
7,37,603
8,37,311
9,37,523
10,37,557
11,37,107
12,37,219
13,37,786
14,37,661
15,37,618
16,37,784
17,37,1008
18,37,520
19,37,121
20,37,710
21,37,0
22,37,556
23,37,230
24,37,714
25,37,246
26,37,155
27,37,255
28,37,901
29,37,142
30,37,399
31,37,422
32,37,1013
33,37,50
34,37,706
35,37,183
36,37,439
37,37,380
38,37,813
39,37,716
40,37,997
41,37,602
42,37,698
43,37,139
44,37,197
45,37,866
46,37,911
47,37,52
48,37,540
49,37,767
50,37,332
51,37,588
52,37,815
53,37,485
54,37,933
55,37,971
56,37,537
57,37,266
58,37,409
59,37,554
60,37,778
61,37,476
62,37,968
63,37,847
64,37,775
65,37,521
66,37,585
67,37,877
68,37,432
69,37,749
70,37,651
71,37,326
72,37,649
73,37,1010
74,37,216
75,37,506
76,37,616
77,37,298
78,37,645
79,37,843
80,37,891
81,37,783
82,37,328
83,37,99
84,37,283
85,37,601
86,37,1017
87,37,186
88,37,966
89,37,717
90,37,809
91,37,170
92,37,782
93,37,220
94,37,857
95,37,887
96,37,252
97,37,883
98,37,435
99,37,617
100,37,1014
101,37,678
102,37,560
103,37,589
104,37,539
105,37,614
106,37,137
107,37,234
108,37,239
109,37,654
110,37,81
111,37,449
112,37,60
113,37,790
114,37,434
115,37,450
116,37,88
117,37,44
118,37,101
119,37,606
120,37,868
121,37,431
122,37,632
123,37,748
124,37,144
125,37,303
126,37,70
127,37,516
128,37,402
129,37,264
130,37,620
131,37,985
132,37,16
133,37,518
134,37,619
135,37,47
136,37,739
137,37,811
138,37,483
139,37,243
140,37,151
141,37,758
142,37,607
143,37,114
144,37,173
145,37,723
146,37,852
147,37,242
148,37,190
149,37,96
150,37,955
151,37,550
152,37,534
153,37,319
154,37,75
155,37,630
156,37,11
157,37,952
158,37,635
159,37,785
160,37,104
161,37,504
162,37,120
163,37,98
164,37,433
165,37,35
166,37,276
167,37,838
168,37,740
169,37,531
170,37,429
171,37,505
172,37,331
173,37,134
174,37,865
175,37,854
176,37,115
177,37,663
178,37,878
179,37,325
180,37,1003
181,37,921
182,37,808
183,37,893
184,37,260
185,37,597
186,37,842
187,37,20
188,37,256
189,37,743
190,37,437
191,37,525
192,37,302
193,37,970
194,37,580
195,37,938
196,37,453
197,37,957
198,37,404
199,37,310
200,37,410
201,37,914
202,37,980
203,37,962
204,37,176
205,37,286
206,37,517
207,37,201
208,37,571
209,37,946
210,37,122
211,37,667
212,37,928
213,37,135
214,37,179
215,37,161
216,37,916
217,37,772
218,37,566
219,37,929
220,37,953
221,37,109
222,37,157
223,37,529
224,37,787
225,37,610
226,37,812
227,37,1020
228,37,362
229,37,840
230,37,187
231,37,27
232,37,132
233,37,153
234,37,889
235,37,188
236,37,253
237,37,189
238,37,996
239,37,421
240,37,205
241,37,493
242,37,347
243,37,795
244,37,532
245,37,969
246,37,777
247,37,392
248,37,112
249,37,318
250,37,363
251,37,981
252,37,666
253,37,56
254,37,215
255,37,160
256,37,345
257,37,947
258,37,5
259,37,965
260,37,34
261,37,646
262,37,763
263,37,509
264,37,827
265,37,428
266,37,127
267,37,267
268,37,9
269,37,627
270,37,294
271,37,491
272,37,382
273,37,223
274,37,549
275,37,214
276,37,227
277,37,545
278,37,503
279,37,797
280,37,951
281,37,293
282,37,184
283,37,869
284,37,354
285,37,140
286,37,930
287,37,697
288,37,810
289,37,547
290,37,213
291,37,203
292,37,656
293,37,108
294,37,541
295,37,629
296,37,394
297,37,535
298,37,241
299,37,93
300,37,454
301,37,615
302,37,41
303,37,662
304,37,511
305,37,235
306,37,821
307,37,385
308,37,244
309,37,419
310,37,725
311,37,527
312,37,315
313,37,430
314,37,837
315,37,781
316,37,119
317,37,393
318,37,668
319,37,728
320,37,858
321,37,633
322,37,802
323,37,465
324,37,8
325,37,165
326,37,375
327,37,658
328,37,133
329,37,907
330,37,202
331,37,254
332,37,926
333,37,684
334,37,792
335,37,466
336,37,259
337,37,236
338,37,38
339,37,701
340,37,982
341,37,794
342,37,464
343,37,102
344,37,54
345,37,1005
346,37,890
347,37,316
348,37,737
349,37,976
350,37,473
351,37,84
352,37,912
353,37,388
354,37,442
355,37,707
356,37,991
357,37,799
358,37,584
359,37,499
360,37,387
361,37,460
362,37,1012
363,37,147
364,37,987
365,37,892
366,37,738
367,37,85
368,37,681
369,37,386
370,37,162
371,37,922
372,37,106
373,37,486
374,37,45
375,37,826
376,37,751
377,37,552
378,37,849
379,37,834
380,37,590
381,37,355
382,37,673
383,37,664
384,37,682
385,37,305
386,37,568
387,37,828
388,37,924
389,37,776
390,37,343
391,37,1016
392,37,1001
393,37,875
394,37,862
395,37,287
396,37,43
397,37,459
398,37,349
399,37,245
0,38,332
1,38,184
2,38,316
3,38,717
4,38,443
5,38,986
6,38,1006
7,38,604
8,38,311
9,38,524
10,38,557
11,38,106
12,38,220
13,38,786
14,38,662
15,38,618
16,38,784
17,38,1008
18,38,520
19,38,153
20,38,742
21,38,0
22,38,555
23,38,230
24,38,713
25,38,278
26,38,155
27,38,287
28,38,901
29,38,142
30,38,367
31,38,454
32,38,1014
33,38,49
34,38,674
35,38,215
36,38,440
37,38,380
38,38,845
39,38,715
40,38,997
41,38,603
42,38,697
43,38,107
44,38,165
45,38,867
46,38,911
47,38,51
48,38,540
49,38,767
50,38,331
51,38,620
52,38,783
53,38,517
54,38,933
55,38,1003
56,38,537
57,38,267
58,38,441
59,38,522
60,38,810
61,38,476
62,38,969
63,38,847
64,38,775
65,38,521
66,38,584
67,38,877
68,38,432
69,38,749
70,38,650
71,38,326
72,38,649
73,38,1010
74,38,217
75,38,507
76,38,616
77,38,297
78,38,613
79,38,811
80,38,891
81,38,751
82,38,327
83,38,99
84,38,283
85,38,602
86,38,985
87,38,186
88,38,966
89,38,716
90,38,841
91,38,138
92,38,814
93,38,188
94,38,889
95,38,887
96,38,252
97,38,883
98,38,435
99,38,617
100,38,982
101,38,710
102,38,560
103,38,621
104,38,539
105,38,614
106,38,137
107,38,266
108,38,239
109,38,654
110,38,81
111,38,449
112,38,60
113,38,790
114,38,402
115,38,450
116,38,89
117,38,44
118,38,101
119,38,606
120,38,868
121,38,431
122,38,633
123,38,748
124,38,145
125,38,302
126,38,38
127,38,516
128,38,403
129,38,264
130,38,652
131,38,953
132,38,16
133,38,518
134,38,619
135,38,47
136,38,707
137,38,812
138,38,482
139,38,243
140,38,183
141,38,757
142,38,607
143,38,114
144,38,173
145,38,723
146,38,852
147,38,242
148,38,190
149,38,96
150,38,955
151,38,550
152,38,534
153,38,319
154,38,75
155,38,630
156,38,11
157,38,952
158,38,635
159,38,785
160,38,104
161,38,504
162,38,120
163,38,98
164,38,433
165,38,35
166,38,277
167,38,838
168,38,739
169,38,531
170,38,430
171,38,506
172,38,299
173,38,166
174,38,865
175,38,854
176,38,115
177,38,631
178,38,878
179,38,325
180,38,1004
181,38,921
182,38,809
183,38,925
184,38,261
185,38,597
186,38,843
187,38,20
188,38,256
189,38,743
190,38,437
191,38,525
192,38,301
193,38,970
194,38,580
195,38,938
196,38,453
197,38,957
198,38,405
199,38,309
200,38,410
201,38,915
202,38,980
203,38,962
204,38,144
205,38,318
206,38,549
207,38,201
208,38,571
209,38,914
210,38,121
211,38,667
212,38,960
213,38,135
214,38,179
215,38,161
216,38,916
217,38,772
218,38,566
219,38,929
220,38,954
221,38,77
222,38,156
223,38,528
224,38,787
225,38,610
226,38,844
227,38,1020
228,38,330
229,38,872
230,38,219
231,38,27
232,38,100
233,38,185
234,38,890
235,38,187
236,38,221
237,38,157
238,38,996
239,38,421
240,38,205
241,38,494
242,38,348
243,38,794
244,38,532
245,38,1001
246,38,777
247,38,393
248,38,112
249,38,317
250,38,364
251,38,1013
252,38,698
253,38,88
254,38,214
255,38,160
256,38,345
257,38,946
258,38,5
259,38,965
260,38,34
261,38,646
262,38,763
263,38,509
264,38,827
265,38,429
266,38,127
267,38,235
268,38,9
269,38,627
270,38,294
271,38,523
272,38,350
273,38,223
274,38,548
275,38,213
276,38,226
277,38,545
278,38,503
279,38,797
280,38,951
281,38,293
282,38,216
283,38,869
284,38,322
285,38,172
286,38,930
287,38,665
288,38,842
289,38,515
290,38,212
291,38,202
292,38,656
293,38,140
294,38,541
295,38,629
296,38,394
297,38,535
298,38,241
299,38,93
300,38,486
301,38,647
302,38,41
303,38,663
304,38,511
305,38,203
306,38,821
307,38,386
308,38,245
309,38,420
310,38,725
311,38,527
312,38,315
313,38,398
314,38,837
315,38,813
316,38,119
317,38,361
318,38,668
319,38,728
320,38,859
321,38,601
322,38,834
323,38,497
324,38,8
325,38,164
326,38,376
327,38,658
328,38,132
329,38,939
330,38,170
331,38,253
332,38,894
333,38,685
334,38,792
335,38,434
336,38,260
337,38,236
338,38,37
339,38,701
340,38,981
341,38,762
342,38,464
343,38,70
344,38,54
345,38,1005
346,38,858
347,38,284
348,38,737
349,38,976
350,38,505
351,38,52
352,38,912
353,38,356
354,38,442
355,38,706
356,38,991
357,38,799
358,38,552
359,38,499
360,38,388
361,38,460
362,38,1012
363,38,147
364,38,1019
365,38,893
366,38,770
367,38,85
368,38,681
369,38,354
370,38,162
371,38,922
372,38,74
373,38,485
374,38,45
375,38,826
376,38,752
377,38,551
378,38,849
379,38,835
380,38,558
381,38,355
382,38,673
383,38,664
384,38,682
385,38,305
386,38,568
387,38,828
388,38,892
389,38,776
390,38,343
391,38,1017
392,38,1002
393,38,875
394,38,862
395,38,286
396,38,43
397,38,491
398,38,349
399,38,246
0,39,333
1,39,183
2,39,284
3,39,716
4,39,443
5,39,954
6,39,1006
7,39,605
8,39,311
9,39,492
10,39,557
11,39,105
12,39,188
13,39,786
14,39,694
15,39,618
16,39,784
17,39,1008
18,39,520
19,39,185
20,39,741
21,39,0
22,39,554
23,39,230
24,39,713
25,39,310
26,39,155
27,39,287
28,39,901
29,39,142
30,39,335
31,39,486
32,39,982
33,39,48
34,39,642
35,39,214
36,39,440
37,39,380
38,39,844
39,39,714
40,39,997
41,39,603
42,39,698
43,39,107
44,39,164
45,39,867
46,39,911
47,39,50
48,39,540
49,39,767
50,39,332
51,39,652
52,39,783
53,39,485
54,39,933
55,39,971
56,39,569
57,39,235
58,39,442
59,39,490
60,39,809
61,39,476
62,39,1001
63,39,847
64,39,775
65,39,521
66,39,584
67,39,877
68,39,432
69,39,749
70,39,650
71,39,294
72,39,649
73,39,1010
74,39,217
75,39,506
76,39,616
77,39,297
78,39,581
79,39,779
80,39,892
81,39,752
82,39,326
83,39,99
84,39,283
85,39,570
86,39,984
87,39,186
88,39,966
89,39,715
90,39,841
91,39,106
92,39,814
93,39,156
94,39,890
95,39,887
96,39,252
97,39,883
98,39,435
99,39,617
100,39,983
101,39,742
102,39,592
103,39,620
104,39,539
105,39,614
106,39,137
107,39,267
108,39,239
109,39,654
110,39,81
111,39,449
112,39,60
113,39,790
114,39,370
115,39,450
116,39,121
117,39,44
118,39,101
119,39,606
120,39,868
121,39,431
122,39,665
123,39,748
124,39,144
125,39,334
126,39,37
127,39,516
128,39,404
129,39,264
130,39,684
131,39,985
132,39,16
133,39,517
134,39,619
135,39,47
136,39,675
137,39,813
138,39,482
139,39,243
140,39,215
141,39,725
142,39,607
143,39,114
144,39,173
145,39,723
146,39,852
147,39,242
148,39,190
149,39,96
150,39,955
151,39,518
152,39,534
153,39,319
154,39,75
155,39,662
156,39,11
157,39,952
158,39,635
159,39,785
160,39,104
161,39,504
162,39,120
163,39,98
164,39,433
165,39,35
166,39,278
167,39,838
168,39,771
169,39,531
170,39,462
171,39,505
172,39,299
173,39,165
174,39,865
175,39,854
176,39,115
177,39,663
178,39,878
179,39,325
180,39,1004
181,39,921
182,39,808
183,39,957
184,39,261
185,39,597
186,39,843
187,39,20
188,39,256
189,39,743
190,39,437
191,39,525
192,39,269
193,39,970
194,39,580
195,39,938
196,39,454
197,39,989
198,39,373
199,39,309
200,39,410
201,39,947
202,39,948
203,39,962
204,39,112
205,39,350
206,39,549
207,39,201
208,39,571
209,39,914
210,39,153
211,39,667
212,39,960
213,39,135
214,39,179
215,39,161
216,39,916
217,39,772
218,39,566
219,39,929
220,39,953
221,39,77
222,39,124
223,39,560
224,39,787
225,39,610
226,39,876
227,39,1020
228,39,298
229,39,873
230,39,251
231,39,27
232,39,68
233,39,184
234,39,858
235,39,219
236,39,189
237,39,157
238,39,996
239,39,421
240,39,205
241,39,494
242,39,316
243,39,794
244,39,532
245,39,1002
246,39,777
247,39,394
248,39,113
249,39,318
250,39,396
251,39,1014
252,39,699
253,39,88
254,39,213
255,39,160
256,39,345
257,39,945
258,39,5
259,39,965
260,39,34
261,39,646
262,39,763
263,39,509
264,39,827
265,39,429
266,39,127
267,39,203
268,39,9
269,39,627
270,39,293
271,39,555
272,39,351
273,39,223
274,39,548
275,39,245
276,39,226
277,39,545
278,39,503
279,39,797
280,39,951
281,39,292
282,39,216
283,39,869
284,39,321
285,39,204
286,39,930
287,39,697
288,39,842
289,39,515
290,39,212
291,39,202
292,39,656
293,39,140
294,39,541
295,39,630
296,39,362
297,39,535
298,39,241
299,39,93
300,39,487
301,39,679
302,39,41
303,39,695
304,39,511
305,39,171
306,39,821
307,39,386
308,39,277
309,39,419
310,39,724
311,39,527
312,39,315
313,39,366
314,39,837
315,39,781
316,39,119
317,39,393
318,39,668
319,39,728
320,39,891
321,39,633
322,39,866
323,39,496
324,39,8
325,39,132
326,39,377
327,39,658
328,39,133
329,39,940
330,39,138
331,39,253
332,39,894
333,39,686
334,39,792
335,39,402
336,39,228
337,39,236
338,39,69
339,39,701
340,39,980
341,39,730
342,39,464
343,39,38
344,39,54
345,39,1005
346,39,857
347,39,285
348,39,737
349,39,976
350,39,537
351,39,51
352,39,912
353,39,324
354,39,474
355,39,707
356,39,991
357,39,799
358,39,552
359,39,499
360,39,420
361,39,460
362,39,1012
363,39,147
364,39,1019
365,39,893
366,39,802
367,39,85
368,39,681
369,39,322
370,39,162
371,39,922
372,39,74
373,39,484
374,39,45
375,39,826
376,39,753
377,39,550
378,39,849
379,39,834
380,39,559
381,39,355
382,39,673
383,39,664
384,39,682
385,39,305
386,39,568
387,39,828
388,39,924
389,39,776
390,39,343
391,39,1018
392,39,1003
393,39,875
394,39,862
395,39,286
396,39,43
397,39,523
398,39,349
399,39,246
0,40,301
1,40,151
2,40,285
3,40,715
4,40,443
5,40,954
6,40,1006
7,40,637
8,40,343
9,40,493
10,40,557
11,40,105
12,40,187
13,40,786
14,40,695
15,40,618
16,40,784
17,40,1008
18,40,520
19,40,153
20,40,709
21,40,0
22,40,554
23,40,230
24,40,713
25,40,311
26,40,155
27,40,287
28,40,901
29,40,142
30,40,336
31,40,487
32,40,981
33,40,48
34,40,642
35,40,213
36,40,440
37,40,380
38,40,876
39,40,714
40,40,997
41,40,603
42,40,697
43,40,75
44,40,132
45,40,867
46,40,911
47,40,49
48,40,540
49,40,767
50,40,364
51,40,684
52,40,783
53,40,485
54,40,933
55,40,970
56,40,601
57,40,234
58,40,474
59,40,458
60,40,841
61,40,476
62,40,1002
63,40,847
64,40,775
65,40,521
66,40,584
67,40,877
68,40,432
69,40,749
70,40,650
71,40,295
72,40,649
73,40,1010
74,40,185
75,40,506
76,40,616
77,40,297
78,40,580
79,40,779
80,40,891
81,40,753
82,40,294
83,40,99
84,40,283
85,40,538
86,40,1016
87,40,186
88,40,966
89,40,683
90,40,873
91,40,107
92,40,814
93,40,188
94,40,890
95,40,887
96,40,252
97,40,883
98,40,435
99,40,617
100,40,984
101,40,741
102,40,624
103,40,652
104,40,539
105,40,614
106,40,137
107,40,266
108,40,239
109,40,654
110,40,81
111,40,449
112,40,60
113,40,790
114,40,402
115,40,450
116,40,122
117,40,44
118,40,100
119,40,606
120,40,868
121,40,431
122,40,666
123,40,748
124,40,176
125,40,302
126,40,38
127,40,516
128,40,405
129,40,264
130,40,716
131,40,985
132,40,16
133,40,518
134,40,619
135,40,47
136,40,643
137,40,845
138,40,482
139,40,243
140,40,216
141,40,724
142,40,607
143,40,114
144,40,173
145,40,723
146,40,852
147,40,242
148,40,191
149,40,96
150,40,955
151,40,550
152,40,534
153,40,319
154,40,43
155,40,694
156,40,11
157,40,952
158,40,635
159,40,785
160,40,104
161,40,504
162,40,120
163,40,98
164,40,433
165,40,35
166,40,310
167,40,838
168,40,803
169,40,531
170,40,462
171,40,473
172,40,267
173,40,165
174,40,865
175,40,854
176,40,115
177,40,662
178,40,878
179,40,326
180,40,972
181,40,921
182,40,809
183,40,989
184,40,261
185,40,597
186,40,843
187,40,20
188,40,256
189,40,743
190,40,437
191,40,525
192,40,237
193,40,969
194,40,612
195,40,938
196,40,486
197,40,990
198,40,374
199,40,309
200,40,410
201,40,948
202,40,980
203,40,962
204,40,80
205,40,382
206,40,581
207,40,201
208,40,571
209,40,914
210,40,121
211,40,667
212,40,960
213,40,135
214,40,179
215,40,161
216,40,916
217,40,772
218,40,566
219,40,929
220,40,953
221,40,77
222,40,156
223,40,592
224,40,787
225,40,610
226,40,908
227,40,1021
228,40,299
229,40,874
230,40,251
231,40,27
232,40,36
233,40,184
234,40,857
235,40,219
236,40,190
237,40,157
238,40,996
239,40,453
240,40,205
241,40,494
242,40,284
243,40,794
244,40,532
245,40,1003
246,40,777
247,40,393
248,40,112
249,40,318
250,40,428
251,40,982
252,40,700
253,40,88
254,40,181
255,40,160
256,40,345
257,40,944
258,40,5
259,40,965
260,40,34
261,40,646
262,40,763
263,40,509
264,40,827
265,40,429
266,40,127
267,40,235
268,40,9
269,40,627
270,40,293
271,40,555
272,40,350
273,40,223
274,40,548
275,40,244
276,40,226
277,40,545
278,40,503
279,40,797
280,40,951
281,40,292
282,40,217
283,40,869
284,40,320
285,40,204
286,40,930
287,40,665
288,40,842
289,40,515
290,40,212
291,40,202
292,40,656
293,40,140
294,40,541
295,40,630
296,40,394
297,40,535
298,40,241
299,40,93
300,40,519
301,40,678
302,40,41
303,40,663
304,40,511
305,40,139
306,40,821
307,40,386
308,40,278
309,40,420
310,40,692
311,40,527
312,40,315
313,40,334
314,40,837
315,40,813
316,40,119
317,40,392
318,40,668
319,40,728
320,40,923
321,40,632
322,40,898
323,40,496
324,40,8
325,40,133
326,40,378
327,40,658
328,40,101
329,40,941
330,40,106
331,40,254
332,40,894
333,40,687
334,40,792
335,40,401
336,40,228
337,40,236
338,40,70
339,40,701
340,40,979
341,40,698
342,40,464
343,40,39
344,40,54
345,40,1005
346,40,856
347,40,253
348,40,737
349,40,976
350,40,569
351,40,51
352,40,912
353,40,325
354,40,475
355,40,707
356,40,991
357,40,799
358,40,552
359,40,499
360,40,421
361,40,460
362,40,1012
363,40,147
364,40,1020
365,40,893
366,40,834
367,40,85
368,40,681
369,40,290
370,40,162
371,40,922
372,40,74
373,40,483
374,40,45
375,40,826
376,40,721
377,40,549
378,40,849
379,40,835
380,40,559
381,40,355
382,40,673
383,40,664
384,40,682
385,40,305
386,40,568
387,40,828
388,40,892
389,40,776
390,40,342
391,40,1019
392,40,1004
393,40,875
394,40,862
395,40,286
396,40,42
397,40,523
398,40,349
399,40,245
0,41,301
1,41,150
2,41,253
3,41,683
4,41,443
5,41,986
6,41,1006
7,41,669
8,41,311
9,41,494
10,41,557
11,41,105
12,41,187
13,41,786
14,41,696
15,41,618
16,41,784
17,41,1008
18,41,520
19,41,185
20,41,709
21,41,0
22,41,554
23,41,230
24,41,713
25,41,310
26,41,155
27,41,287
28,41,901
29,41,142
30,41,304
31,41,519
32,41,1013
33,41,47
34,41,641
35,41,181
36,41,440
37,41,380
38,41,908
39,41,715
40,41,997
41,41,603
42,41,665
43,41,76
44,41,100
45,41,867
46,41,911
47,41,48
48,41,540
49,41,767
50,41,396
51,41,716
52,41,783
53,41,486
54,41,933
55,41,1002
56,41,569
57,41,234
58,41,442
59,41,426
60,41,840
61,41,476
62,41,1003
63,41,847
64,41,775
65,41,521
66,41,584
67,41,909
68,41,432
69,41,749
70,41,650
71,41,327
72,41,649
73,41,1010
74,41,184
75,41,506
76,41,616
77,41,297
78,41,579
79,41,779
80,41,891
81,41,754
82,41,293
83,41,99
84,41,283
85,41,538
86,41,984
87,41,186
88,41,966
89,41,684
90,41,905
91,41,139
92,41,814
93,41,220
94,41,890
95,41,887
96,41,252
97,41,883
98,41,435
99,41,617
100,41,985
101,41,740
102,41,656
103,41,652
104,41,539
105,41,614
106,41,137
107,41,298
108,41,239
109,41,654
110,41,81
111,41,449
112,41,60
113,41,790
114,41,434
115,41,450
116,41,123
117,41,44
118,41,101
119,41,606
120,41,868
121,41,431
122,41,698
123,41,780
124,41,176
125,41,334
126,41,70
127,41,516
128,41,373
129,41,264
130,41,748
131,41,953
132,41,16
133,41,517
134,41,619
135,41,15
136,41,642
137,41,877
138,41,482
139,41,243
140,41,217
141,41,723
142,41,607
143,41,114
144,41,173
145,41,691
146,41,852
147,41,242
148,41,190
149,41,96
150,41,956
151,41,550
152,41,534
153,41,319
154,41,75
155,41,695
156,41,11
157,41,952
158,41,635
159,41,785
160,41,104
161,41,504
162,41,120
163,41,98
164,41,433
165,41,35
166,41,278
167,41,838
168,41,835
169,41,531
170,41,462
171,41,473
172,41,266
173,41,164
174,41,865
175,41,854
176,41,115
177,41,630
178,41,878
179,41,326
180,41,971
181,41,921
182,41,809
183,41,988
184,41,261
185,41,597
186,41,843
187,41,20
188,41,256
189,41,743
190,41,437
191,41,525
192,41,237
193,41,970
194,41,580
195,41,938
196,41,487
197,41,989
198,41,342
199,41,309
200,41,410
201,41,949
202,41,980
203,41,962
204,41,80
205,41,414
206,41,613
207,41,201
208,41,571
209,41,914
210,41,153
211,41,667
212,41,960
213,41,135
214,41,179
215,41,161
216,41,916
217,41,772
218,41,566
219,41,929
220,41,954
221,41,77
222,41,156
223,41,624
224,41,787
225,41,610
226,41,940
227,41,1022
228,41,267
229,41,906
230,41,251
231,41,27
232,41,36
233,41,183
234,41,857
235,41,219
236,41,158
237,41,157
238,41,996
239,41,454
240,41,205
241,41,526
242,41,285
243,41,794
244,41,532
245,41,1004
246,41,777
247,41,392
248,41,112
249,41,318
250,41,429
251,41,982
252,41,700
253,41,88
254,41,149
255,41,160
256,41,345
257,41,944
258,41,5
259,41,965
260,41,34
261,41,646
262,41,763
263,41,509
264,41,827
265,41,461
266,41,127
267,41,235
268,41,9
269,41,627
270,41,325
271,41,555
272,41,350
273,41,223
274,41,547
275,41,245
276,41,226
277,41,545
278,41,503
279,41,797
280,41,951
281,41,292
282,41,249
283,41,869
284,41,288
285,41,204
286,41,930
287,41,666
288,41,842
289,41,515
290,41,213
291,41,202
292,41,655
293,41,108
294,41,541
295,41,598
296,41,393
297,41,535
298,41,241
299,41,93
300,41,518
301,41,710
302,41,41
303,41,662
304,41,511
305,41,140
306,41,821
307,41,386
308,41,279
309,41,420
310,41,724
311,41,527
312,41,315
313,41,333
314,41,837
315,41,813
316,41,119
317,41,424
318,41,668
319,41,728
320,41,955
321,41,632
322,41,897
323,41,496
324,41,8
325,41,165
326,41,379
327,41,658
328,41,133
329,41,942
330,41,107
331,41,254
332,41,894
333,41,688
334,41,792
335,41,369
336,41,228
337,41,236
338,41,69
339,41,701
340,41,947
341,41,699
342,41,464
343,41,39
344,41,54
345,41,973
346,41,856
347,41,221
348,41,737
349,41,976
350,41,570
351,41,51
352,41,912
353,41,324
354,41,474
355,41,707
356,41,991
357,41,799
358,41,552
359,41,499
360,41,453
361,41,460
362,41,1012
363,41,147
364,41,1021
365,41,893
366,41,866
367,41,85
368,41,681
369,41,291
370,41,162
371,41,922
372,41,106
373,41,451
374,41,45
375,41,826
376,41,753
377,41,548
378,41,849
379,41,834
380,41,559
381,41,355
382,41,673
383,41,664
384,41,682
385,41,305
386,41,568
387,41,828
388,41,892
389,41,776
390,41,343
391,41,1020
392,41,1005
393,41,875
394,41,862
395,41,286
396,41,43
397,41,523
398,41,349
399,41,246
0,42,301
1,42,150
2,42,221
3,42,683
4,42,444
5,42,954
6,42,974
7,42,669
8,42,343
9,42,462
10,42,557
11,42,105
12,42,187
13,42,786
14,42,697
15,42,618
16,42,784
17,42,1008
18,42,552
19,42,186
20,42,710
21,42,0
22,42,554
23,42,230
24,42,713
25,42,278
26,42,155
27,42,287
28,42,901
29,42,142
30,42,304
31,42,520
32,42,1013
33,42,15
34,42,642
35,42,149
36,42,440
37,42,412
38,42,907
39,42,716
40,42,997
41,42,603
42,42,665
43,42,75
44,42,68
45,42,866
46,42,911
47,42,47
48,42,540
49,42,767
50,42,428
51,42,748
52,42,783
53,42,487
54,42,933
55,42,1002
56,42,537
57,42,266
58,42,443
59,42,394
60,42,839
61,42,476
62,42,1004
63,42,847
64,42,775
65,42,521
66,42,583
67,42,941
68,42,432
69,42,749
70,42,650
71,42,328
72,42,649
73,42,1010
74,42,183
75,42,506
76,42,616
77,42,297
78,42,579
79,42,811
80,42,891
81,42,755
82,42,325
83,42,99
84,42,283
85,42,538
86,42,983
87,42,154
88,42,966
89,42,685
90,42,905
91,42,138
92,42,814
93,42,220
94,42,890
95,42,887
96,42,252
97,42,883
98,42,435
99,42,617
100,42,986
101,42,739
102,42,655
103,42,652
104,42,539
105,42,614
106,42,137
107,42,299
108,42,239
109,42,654
110,42,81
111,42,449
112,42,60
113,42,790
114,42,434
115,42,450
116,42,91
117,42,44
118,42,101
119,42,606
120,42,868
121,42,431
122,42,730
123,42,779
124,42,176
125,42,334
126,42,102
127,42,516
128,42,374
129,42,264
130,42,780
131,42,985
132,42,16
133,42,518
134,42,619
135,42,14
136,42,610
137,42,909
138,42,482
139,42,243
140,42,249
141,42,724
142,42,607
143,42,114
144,42,173
145,42,723
146,42,852
147,42,242
148,42,190
149,42,96
150,42,988
151,42,550
152,42,534
153,42,319
154,42,43
155,42,695
156,42,11
157,42,952
158,42,635
159,42,785
160,42,104
161,42,504
162,42,120
163,42,98
164,42,433
165,42,35
166,42,277
167,42,838
168,42,867
169,42,531
170,42,461
171,42,473
172,42,298
173,42,165
174,42,864
175,42,854
176,42,115
177,42,662
178,42,878
179,42,294
180,42,1003
181,42,921
182,42,809
183,42,989
184,42,261
185,42,597
186,42,843
187,42,20
188,42,257
189,42,743
190,42,437
191,42,525
192,42,237
193,42,970
194,42,580
195,42,938
196,42,519
197,42,957
198,42,310
199,42,309
200,42,410
201,42,981
202,42,980
203,42,962
204,42,80
205,42,414
206,42,645
207,42,201
208,42,571
209,42,914
210,42,185
211,42,667
212,42,960
213,42,135
214,42,179
215,42,161
216,42,916
217,42,772
218,42,566
219,42,928
220,42,953
221,42,77
222,42,156
223,42,656
224,42,787
225,42,609
226,42,972
227,42,1023
228,42,235
229,42,906
230,42,251
231,42,27
232,42,36
233,42,215
234,42,857
235,42,219
236,42,126
237,42,157
238,42,996
239,42,453
240,42,205
241,42,494
242,42,253
243,42,794
244,42,532
245,42,1005
246,42,777
247,42,393
248,42,112
249,42,318
250,42,430
251,42,982
252,42,700
253,42,88
254,42,148
255,42,160
256,42,345
257,42,944
258,42,5
259,42,965
260,42,34
261,42,646
262,42,763
263,42,509
264,42,827
265,42,429
266,42,127
267,42,203
268,42,9
269,42,627
270,42,326
271,42,555
272,42,350
273,42,223
274,42,546
275,42,246
276,42,226
277,42,545
278,42,503
279,42,797
280,42,951
281,42,293
282,42,250
283,42,869
284,42,256
285,42,204
286,42,930
287,42,698
288,42,842
289,42,515
290,42,213
291,42,202
292,42,623
293,42,76
294,42,541
295,42,630
296,42,361
297,42,535
298,42,241
299,42,93
300,42,486
301,42,742
302,42,41
303,42,663
304,42,511
305,42,108
306,42,821
307,42,386
308,42,311
309,42,420
310,42,725
311,42,527
312,42,315
313,42,333
314,42,837
315,42,813
316,42,119
317,42,424
318,42,668
319,42,728
320,42,956
321,42,632
322,42,929
323,42,496
324,42,8
325,42,197
326,42,380
327,42,658
328,42,132
329,42,943
330,42,107
331,42,254
332,42,894
333,42,689
334,42,792
335,42,369
336,42,228
337,42,236
338,42,70
339,42,701
340,42,947
341,42,699
342,42,464
343,42,39
344,42,54
345,42,973
346,42,856
347,42,189
348,42,737
349,42,976
350,42,570
351,42,51
352,42,912
353,42,324
354,42,442
355,42,707
356,42,991
357,42,799
358,42,584
359,42,499
360,42,421
361,42,460
362,42,1012
363,42,147
364,42,1022
365,42,893
366,42,865
367,42,85
368,42,681
369,42,259
370,42,162
371,42,922
372,42,106
373,42,451
374,42,45
375,42,826
376,42,752
377,42,547
378,42,849
379,42,834
380,42,559
381,42,355
382,42,673
383,42,664
384,42,682
385,42,305
386,42,568
387,42,828
388,42,892
389,42,776
390,42,342
391,42,1021
392,42,1006
393,42,875
394,42,862
395,42,286
396,42,42
397,42,523
398,42,349
399,42,214
0,43,301
1,43,150
2,43,189
3,43,683
4,43,443
5,43,954
6,43,974
7,43,669
8,43,342
9,43,463
10,43,557
11,43,105
12,43,187
13,43,786
14,43,698
15,43,618
16,43,784
17,43,1008
18,43,551
19,43,185
20,43,710
21,43,0
22,43,554
23,43,230
24,43,713
25,43,246
26,43,155
27,43,287
28,43,901
29,43,142
30,43,304
31,43,521
32,43,1013
33,43,47
34,43,643
35,43,149
36,43,440
37,43,380
38,43,906
39,43,717
40,43,997
41,43,603
42,43,665
43,43,107
44,43,67
45,43,898
46,43,911
47,43,46
48,43,540
49,43,767
50,43,460
51,43,780
52,43,783
53,43,487
54,43,933
55,43,1002
56,43,537
57,43,266
58,43,475
59,43,362
60,43,839
61,43,476
62,43,1005
63,43,847
64,43,775
65,43,489
66,43,584
67,43,909
68,43,432
69,43,749
70,43,650
71,43,329
72,43,649
73,43,1010
74,43,215
75,43,506
76,43,616
77,43,297
78,43,547
79,43,779
80,43,891
81,43,755
82,43,357
83,43,99
84,43,283
85,43,538
86,43,983
87,43,186
88,43,966
89,43,686
90,43,905
91,43,170
92,43,814
93,43,220
94,43,890
95,43,887
96,43,252
97,43,883
98,43,435
99,43,617
100,43,987
101,43,771
102,43,656
103,43,652
104,43,539
105,43,614
106,43,137
107,43,267
108,43,239
109,43,654
110,43,81
111,43,449
112,43,60
113,43,790
114,43,434
115,43,450
116,43,92
117,43,44
118,43,101
119,43,606
120,43,868
121,43,431
122,43,730
123,43,747
124,43,176
125,43,334
126,43,102
127,43,516
128,43,375
129,43,264
130,43,812
131,43,985
132,43,16
133,43,518
134,43,619
135,43,15
136,43,578
137,43,910
138,43,482
139,43,243
140,43,250
141,43,724
142,43,607
143,43,114
144,43,173
145,43,723
146,43,852
147,43,242
148,43,191
149,43,96
150,43,956
151,43,550
152,43,534
153,43,319
154,43,75
155,43,695
156,43,11
157,43,952
158,43,635
159,43,785
160,43,104
161,43,504
162,43,120
163,43,98
164,43,433
165,43,35
166,43,277
167,43,838
168,43,866
169,43,531
170,43,462
171,43,473
172,43,298
173,43,165
174,43,896
175,43,854
176,43,115
177,43,663
178,43,878
179,43,326
180,43,1003
181,43,921
182,43,809
183,43,988
184,43,261
185,43,597
186,43,843
187,43,20
188,43,256
189,43,743
190,43,437
191,43,525
192,43,237
193,43,970
194,43,580
195,43,939
196,43,520
197,43,989
198,43,311
199,43,309
200,43,410
201,43,981
202,43,980
203,43,962
204,43,80
205,43,414
206,43,677
207,43,201
208,43,571
209,43,914
210,43,217
211,43,667
212,43,960
213,43,135
214,43,179
215,43,161
216,43,916
217,43,772
218,43,566
219,43,929
220,43,953
221,43,109
222,43,156
223,43,688
224,43,787
225,43,610
226,43,972
227,43,991
228,43,203
229,43,938
230,43,251
231,43,27
232,43,36
233,43,216
234,43,857
235,43,219
236,43,94
237,43,157
238,43,996
239,43,421
240,43,205
241,43,494
242,43,221
243,43,794
244,43,532
245,43,1006
246,43,777
247,43,394
248,43,112
249,43,318
250,43,398
251,43,982
252,43,700
253,43,88
254,43,148
255,43,160
256,43,345
257,43,945
258,43,5
259,43,965
260,43,34
261,43,646
262,43,763
263,43,509
264,43,827
265,43,429
266,43,127
267,43,171
268,43,9
269,43,627
270,43,358
271,43,555
272,43,350
273,43,223
274,43,514
275,43,214
276,43,226
277,43,545
278,43,503
279,43,797
280,43,951
281,43,294
282,43,218
283,43,869
284,43,224
285,43,204
286,43,930
287,43,699
288,43,842
289,43,515
290,43,212
291,43,202
292,43,624
293,43,77
294,43,541
295,43,630
296,43,393
297,43,535
298,43,241
299,43,93
300,43,454
301,43,741
302,43,41
303,43,631
304,43,511
305,43,76
306,43,821
307,43,386
308,43,343
309,43,388
310,43,725
311,43,527
312,43,315
313,43,333
314,43,837
315,43,813
316,43,119
317,43,424
318,43,668
319,43,728
320,43,957
321,43,632
322,43,961
323,43,496
324,43,8
325,43,197
326,43,381
327,43,658
328,43,132
329,43,944
330,43,108
331,43,253
332,43,894
333,43,689
334,43,792
335,43,369
336,43,228
337,43,236
338,43,70
339,43,701
340,43,947
341,43,731
342,43,464
343,43,39
344,43,54
345,43,973
346,43,856
347,43,190
348,43,737
349,43,976
350,43,570
351,43,51
352,43,912
353,43,325
354,43,442
355,43,707
356,43,990
357,43,799
358,43,552
359,43,499
360,43,420
361,43,461
362,43,1012
363,43,147
364,43,1023
365,43,893
366,43,864
367,43,85
368,43,681
369,43,227
370,43,162
371,43,922
372,43,106
373,43,451
374,43,45
375,43,826
376,43,751
377,43,546
378,43,849
379,43,834
380,43,559
381,43,355
382,43,673
383,43,664
384,43,682
385,43,305
386,43,568
387,43,828
388,43,892
389,43,776
390,43,310
391,43,1022
392,43,1007
393,43,875
394,43,862
395,43,286
396,43,43
397,43,523
398,43,349
399,43,213
0,44,301
1,44,150
2,44,190
3,44,683
4,44,443
5,44,954
6,44,974
7,44,669
8,44,343
9,44,463
10,44,557
11,44,105
12,44,187
13,44,786
14,44,730
15,44,618
16,44,784
17,44,1009
18,44,552
19,44,185
20,44,710
21,44,0
22,44,554
23,44,230
24,44,713
25,44,246
26,44,155
27,44,287
28,44,901
29,44,142
30,44,304
31,44,522
32,44,1013
33,44,48
34,44,643
35,44,149
36,44,440
37,44,380
38,44,938
39,44,717
40,44,997
41,44,603
42,44,665
43,44,107
44,44,67
45,44,897
46,44,943
47,44,45
48,44,540
49,44,767
50,44,492
51,44,781
52,44,783
53,44,487
54,44,933
55,44,1002
56,44,537
57,44,266
58,44,474
59,44,362
60,44,839
61,44,476
62,44,1006
63,44,847
64,44,775
65,44,489
66,44,583
67,44,877
68,44,432
69,44,749
70,44,650
71,44,361
72,44,649
73,44,1010
74,44,215
75,44,506
76,44,616
77,44,297
78,44,515
79,44,779
80,44,891
81,44,755
82,44,356
83,44,99
84,44,283
85,44,538
86,44,983
87,44,186
88,44,966
89,44,686
90,44,906
91,44,170
92,44,814
93,44,220
94,44,890
95,44,887
96,44,252
97,44,883
98,44,435
99,44,617
100,44,988
101,44,770
102,44,624
103,44,652
104,44,539
105,44,614
106,44,137
107,44,267
108,44,239
109,44,654
110,44,81
111,44,449
112,44,60
113,44,790
114,44,434
115,44,450
116,44,93
117,44,12
118,44,101
119,44,606
120,44,868
121,44,431
122,44,731
123,44,748
124,44,176
125,44,334
126,44,102
127,44,516
128,44,374
129,44,264
130,44,812
131,44,985
132,44,16
133,44,518
134,44,619
135,44,47
136,44,546
137,44,911
138,44,482
139,44,243
140,44,249
141,44,724
142,44,607
143,44,114
144,44,173
145,44,723
146,44,852
147,44,242
148,44,191
149,44,96
150,44,955
151,44,550
152,44,534
153,44,319
154,44,75
155,44,695
156,44,11
157,44,952
158,44,635
159,44,785
160,44,104
161,44,504
162,44,120
163,44,98
164,44,433
165,44,35
166,44,277
167,44,838
168,44,898
169,44,531
170,44,462
171,44,473
172,44,298
173,44,165
174,44,864
175,44,854
176,44,115
177,44,662
178,44,878
179,44,326
180,44,1003
181,44,921
182,44,809
183,44,989
184,44,261
185,44,597
186,44,843
187,44,20
188,44,256
189,44,743
190,44,437
191,44,525
192,44,237
193,44,970
194,44,580
195,44,971
196,44,521
197,44,957
198,44,312
199,44,309
200,44,410
201,44,981
202,44,980
203,44,962
204,44,80
205,44,414
206,44,709
207,44,201
208,44,571
209,44,914
210,44,218
211,44,667
212,44,960
213,44,135
214,44,179
215,44,161
216,44,916
217,44,772
218,44,566
219,44,929
220,44,953
221,44,77
222,44,156
223,44,720
224,44,787
225,44,610
226,44,972
227,44,1023
228,44,171
229,44,939
230,44,251
231,44,27
232,44,36
233,44,184
234,44,857
235,44,219
236,44,62
237,44,157
238,44,996
239,44,453
240,44,205
241,44,494
242,44,189
243,44,794
244,44,532
245,44,1007
246,44,777
247,44,393
248,44,112
249,44,318
250,44,399
251,44,982
252,44,700
253,44,88
254,44,148
255,44,160
256,44,345
257,44,913
258,44,5
259,44,965
260,44,34
261,44,646
262,44,763
263,44,509
264,44,827
265,44,429
266,44,127
267,44,139
268,44,9
269,44,627
270,44,390
271,44,555
272,44,350
273,44,223
274,44,514
275,44,214
276,44,226
277,44,513
278,44,503
279,44,797
280,44,951
281,44,294
282,44,250
283,44,869
284,44,225
285,44,204
286,44,930
287,44,698
288,44,842
289,44,483
290,44,213
291,44,202
292,44,623
293,44,76
294,44,541
295,44,630
296,44,392
297,44,535
298,44,241
299,44,94
300,44,454
301,44,740
302,44,41
303,44,663
304,44,511
305,44,44
306,44,821
307,44,386
308,44,375
309,44,420
310,44,725
311,44,527
312,44,315
313,44,333
314,44,837
315,44,813
316,44,119
317,44,424
318,44,668
319,44,728
320,44,958
321,44,632
322,44,993
323,44,496
324,44,8
325,44,197
326,44,381
327,44,658
328,44,132
329,44,945
330,44,109
331,44,285
332,44,894
333,44,689
334,44,792
335,44,369
336,44,228
337,44,236
338,44,70
339,44,701
340,44,947
341,44,699
342,44,464
343,44,39
344,44,54
345,44,1005
346,44,856
347,44,158
348,44,737
349,44,976
350,44,570
351,44,51
352,44,912
353,44,325
354,44,442
355,44,707
356,44,991
357,44,799
358,44,584
359,44,499
360,44,421
361,44,460
362,44,1012
363,44,147
364,44,1022
365,44,893
366,44,865
367,44,85
368,44,681
369,44,195
370,44,162
371,44,922
372,44,106
373,44,451
374,44,13
375,44,826
376,44,751
377,44,545
378,44,849
379,44,834
380,44,559
381,44,355
382,44,673
383,44,664
384,44,682
385,44,305
386,44,568
387,44,828
388,44,892
389,44,776
390,44,342
391,44,990
392,44,1008
393,44,875
394,44,862
395,44,286
396,44,43
397,44,523
398,44,349
399,44,245
0,45,301
1,45,150
2,45,158
3,45,683
4,45,443
5,45,954
6,45,1006
7,45,669
8,45,311
9,45,463
10,45,557
11,45,105
12,45,187
13,45,786
14,45,698
15,45,618
16,45,784
17,45,977
18,45,520
19,45,185
20,45,710
21,45,0
22,45,554
23,45,230
24,45,713
25,45,246
26,45,155
27,45,287
28,45,901
29,45,142
30,45,304
31,45,523
32,45,1013
33,45,48
34,45,643
35,45,149
36,45,440
37,45,380
38,45,906
39,45,717
40,45,997
41,45,603
42,45,665
43,45,107
44,45,67
45,45,865
46,45,911
47,45,44
48,45,540
49,45,767
50,45,524
51,45,782
52,45,783
53,45,487
54,45,933
55,45,1002
56,45,537
57,45,266
58,45,474
59,45,330
60,45,839
61,45,476
62,45,1007
63,45,847
64,45,775
65,45,457
66,45,584
67,45,877
68,45,432
69,45,749
70,45,650
71,45,362
72,45,649
73,45,1010
74,45,215
75,45,506
76,45,616
77,45,297
78,45,483
79,45,779
80,45,891
81,45,755
82,45,356
83,45,99
84,45,283
85,45,538
86,45,983
87,45,186
88,45,966
89,45,686
90,45,907
91,45,170
92,45,814
93,45,220
94,45,890
95,45,887
96,45,252
97,45,883
98,45,435
99,45,617
100,45,956
101,45,770
102,45,592
103,45,652
104,45,539
105,45,614
106,45,137
107,45,267
108,45,239
109,45,654
110,45,81
111,45,449
112,45,60
113,45,790
114,45,434
115,45,450
116,45,94
117,45,13
118,45,101
119,45,606
120,45,868
121,45,431
122,45,730
123,45,748
124,45,176
125,45,334
126,45,102
127,45,516
128,45,375
129,45,264
130,45,812
131,45,985
132,45,16
133,45,518
134,45,619
135,45,47
136,45,514
137,45,912
138,45,481
139,45,243
140,45,217
141,45,724
142,45,607
143,45,114
144,45,173
145,45,723
146,45,852
147,45,242
148,45,190
149,45,96
150,45,955
151,45,550
152,45,534
153,45,319
154,45,75
155,45,695
156,45,11
157,45,952
158,45,635
159,45,785
160,45,104
161,45,504
162,45,120
163,45,98
164,45,433
165,45,35
166,45,277
167,45,838
168,45,897
169,45,531
170,45,462
171,45,473
172,45,298
173,45,165
174,45,896
175,45,854
176,45,115
177,45,630
178,45,878
179,45,326
180,45,1003
181,45,921
182,45,809
183,45,988
184,45,261
185,45,597
186,45,843
187,45,20
188,45,256
189,45,743
190,45,437
191,45,525
192,45,237
193,45,970
194,45,580
195,45,939
196,45,489
197,45,957
198,45,313
199,45,309
200,45,410
201,45,981
202,45,980
203,45,962
204,45,80
205,45,414
206,45,709
207,45,201
208,45,571
209,45,914
210,45,218
211,45,667
212,45,960
213,45,135
214,45,179
215,45,161
216,45,916
217,45,772
218,45,566
219,45,929
220,45,953
221,45,77
222,45,124
223,45,752
224,45,787
225,45,610
226,45,972
227,45,1022
228,45,203
229,45,940
230,45,251
231,45,27
232,45,36
233,45,184
234,45,857
235,45,219
236,45,30
237,45,156
238,45,996
239,45,454
240,45,205
241,45,494
242,45,157
243,45,794
244,45,532
245,45,1008
246,45,777
247,45,393
248,45,112
249,45,318
250,45,400
251,45,982
252,45,700
253,45,88
254,45,148
255,45,160
256,45,345
257,45,945
258,45,5
259,45,965
260,45,34
261,45,646
262,45,763
263,45,509
264,45,827
265,45,429
266,45,127
267,45,171
268,45,9
269,45,627
270,45,390
271,45,555
272,45,350
273,45,223
274,45,515
275,45,214
276,45,226
277,45,545
278,45,503
279,45,797
280,45,951
281,45,294
282,45,249
283,45,869
284,45,193
285,45,204
286,45,930
287,45,697
288,45,842
289,45,482
290,45,213
291,45,202
292,45,624
293,45,108
294,45,541
295,45,598
296,45,392
297,45,535
298,45,241
299,45,95
300,45,422
301,45,739
302,45,41
303,45,662
304,45,511
305,45,12
306,45,821
307,45,386
308,45,376
309,45,420
310,45,725
311,45,527
312,45,315
313,45,333
314,45,837
315,45,813
316,45,119
317,45,424
318,45,668
319,45,728
320,45,959
321,45,632
322,45,992
323,45,496
324,45,8
325,45,197
326,45,381
327,45,658
328,45,132
329,45,946
330,45,110
331,45,285
332,45,894
333,45,689
334,45,792
335,45,369
336,45,228
337,45,236
338,45,70
339,45,701
340,45,947
341,45,699
342,45,464
343,45,39
344,45,54
345,45,1005
346,45,856
347,45,126
348,45,737
349,45,976
350,45,570
351,45,51
352,45,913
353,45,325
354,45,442
355,45,707
356,45,991
357,45,799
358,45,552
359,45,499
360,45,453
361,45,460
362,45,1012
363,45,147
364,45,1021
365,45,893
366,45,864
367,45,85
368,45,681
369,45,163
370,45,162
371,45,922
372,45,106
373,45,451
374,45,45
375,45,826
376,45,751
377,45,544
378,45,849
379,45,834
380,45,559
381,45,355
382,45,673
383,45,664
384,45,682
385,45,305
386,45,568
387,45,828
388,45,892
389,45,776
390,45,343
391,45,958
392,45,1009
393,45,875
394,45,862
395,45,286
396,45,43
397,45,491
398,45,349
399,45,245
0,46,301
1,46,150
2,46,126
3,46,683
4,46,443
5,46,954
6,46,1006
7,46,669
8,46,311
9,46,463
10,46,557
11,46,105
12,46,155
13,46,786
14,46,698
15,46,618
16,46,784
17,46,977
18,46,520
19,46,185
20,46,710
21,46,0
22,46,554
23,46,230
24,46,713
25,46,246
26,46,123
27,46,287
28,46,901
29,46,142
30,46,304
31,46,524
32,46,1013
33,46,48
34,46,643
35,46,149
36,46,440
37,46,380
38,46,906
39,46,717
40,46,997
41,46,603
42,46,665
43,46,107
44,46,67
45,46,866
46,46,911
47,46,43
48,46,540
49,46,767
50,46,556
51,46,814
52,46,783
53,46,487
54,46,933
55,46,1002
56,46,537
57,46,266
58,46,474
59,46,362
60,46,839
61,46,476
62,46,1008
63,46,847
64,46,775
65,46,489
66,46,584
67,46,877
68,46,432
69,46,749
70,46,650
71,46,363
72,46,649
73,46,1011
74,46,215
75,46,506
76,46,616
77,46,297
78,46,484
79,46,779
80,46,891
81,46,755
82,46,356
83,46,99
84,46,283
85,46,538
86,46,983
87,46,186
88,46,966
89,46,686
90,46,939
91,46,170
92,46,815
93,46,220
94,46,890
95,46,887
96,46,252
97,46,883
98,46,435
99,46,617
100,46,924
101,46,770
102,46,560
103,46,652
104,46,539
105,46,614
106,46,137
107,46,267
108,46,239
109,46,654
110,46,81
111,46,449
112,46,60
113,46,790
114,46,434
115,46,450
116,46,62
117,46,12
118,46,101
119,46,606
120,46,868
121,46,431
122,46,730
123,46,748
124,46,176
125,46,334
126,46,102
127,46,516
128,46,375
129,46,264
130,46,812
131,46,985
132,46,16
133,46,518
134,46,619
135,46,47
136,46,482
137,46,913
138,46,481
139,46,243
140,46,218
141,46,724
142,46,607
143,46,114
144,46,173
145,46,723
146,46,852
147,46,242
148,46,190
149,46,96
150,46,955
151,46,550
152,46,534
153,46,319
154,46,74
155,46,695
156,46,11
157,46,952
158,46,635
159,46,785
160,46,104
161,46,504
162,46,120
163,46,98
164,46,433
165,46,35
166,46,277
167,46,838
168,46,929
169,46,531
170,46,462
171,46,473
172,46,298
173,46,165
174,46,864
175,46,854
176,46,115
177,46,662
178,46,878
179,46,326
180,46,1003
181,46,921
182,46,809
183,46,988
184,46,261
185,46,597
186,46,843
187,46,20
188,46,256
189,46,743
190,46,437
191,46,525
192,46,237
193,46,970
194,46,580
195,46,938
196,46,490
197,46,957
198,46,313
199,46,309
200,46,410
201,46,981
202,46,980
203,46,962
204,46,80
205,46,414
206,46,709
207,46,201
208,46,571
209,46,914
210,46,219
211,46,667
212,46,960
213,46,135
214,46,179
215,46,161
216,46,916
217,46,772
218,46,566
219,46,928
220,46,953
221,46,77
222,46,124
223,46,753
224,46,787
225,46,610
226,46,972
227,46,1021
228,46,235
229,46,908
230,46,251
231,46,27
232,46,36
233,46,184
234,46,857
235,46,187
236,46,29
237,46,188
238,46,996
239,46,453
240,46,205
241,46,494
242,46,156
243,46,794
244,46,532
245,46,1009
246,46,777
247,46,393
248,46,112
249,46,318
250,46,401
251,46,982
252,46,700
253,46,88
254,46,148
255,46,160
256,46,345
257,46,944
258,46,5
259,46,965
260,46,34
261,46,646
262,46,763
263,46,509
264,46,827
265,46,429
266,46,127
267,46,203
268,46,9
269,46,627
270,46,390
271,46,555
272,46,350
273,46,223
274,46,547
275,46,214
276,46,226
277,46,545
278,46,503
279,46,797
280,46,951
281,46,294
282,46,217
283,46,869
284,46,193
285,46,204
286,46,930
287,46,697
288,46,842
289,46,483
290,46,213
291,46,202
292,46,656
293,46,140
294,46,541
295,46,630
296,46,392
297,46,535
298,46,241
299,46,95
300,46,454
301,46,739
302,46,41
303,46,663
304,46,511
305,46,44
306,46,821
307,46,386
308,46,377
309,46,420
310,46,725
311,46,527
312,46,315
313,46,333
314,46,837
315,46,813
316,46,119
317,46,424
318,46,668
319,46,728
320,46,959
321,46,632
322,46,992
323,46,496
324,46,8
325,46,197
326,46,381
327,46,658
328,46,132
329,46,947
330,46,110
331,46,285
332,46,894
333,46,689
334,46,792
335,46,369
336,46,228
337,46,236
338,46,70
339,46,701
340,46,979
341,46,699
342,46,464
343,46,39
344,46,54
345,46,1005
346,46,856
347,46,94
348,46,737
349,46,976
350,46,570
351,46,51
352,46,881
353,46,325
354,46,442
355,46,707
356,46,991
357,46,799
358,46,552
359,46,499
360,46,421
361,46,460
362,46,1012
363,46,147
364,46,1020
365,46,893
366,46,865
367,46,85
368,46,681
369,46,164
370,46,162
371,46,922
372,46,106
373,46,451
374,46,45
375,46,826
376,46,751
377,46,544
378,46,849
379,46,834
380,46,559
381,46,355
382,46,673
383,46,664
384,46,682
385,46,305
386,46,568
387,46,828
388,46,892
389,46,776
390,46,343
391,46,926
392,46,1010
393,46,875
394,46,862
395,46,286
396,46,75
397,46,523
398,46,349
399,46,245
0,47,301
1,47,150
2,47,94
3,47,683
4,47,443
5,47,954
6,47,1006
7,47,669
8,47,311
9,47,463
10,47,557
11,47,105
12,47,187
13,47,786
14,47,698
15,47,618
16,47,784
17,47,976
18,47,520
19,47,185
20,47,710
21,47,0
22,47,554
23,47,230
24,47,713
25,47,246
26,47,155
27,47,287
28,47,901
29,47,142
30,47,304
31,47,492
32,47,1013
33,47,48
34,47,643
35,47,149
36,47,440
37,47,380
38,47,906
39,47,717
40,47,997
41,47,603
42,47,665
43,47,107
44,47,67
45,47,867
46,47,911
47,47,42
48,47,540
49,47,767
50,47,524
51,47,815
52,47,783
53,47,487
54,47,933
55,47,1002
56,47,537
57,47,266
58,47,474
59,47,362
60,47,839
61,47,476
62,47,1009
63,47,848
64,47,775
65,47,521
66,47,584
67,47,877
68,47,432
69,47,749
70,47,650
71,47,363
72,47,649
73,47,979
74,47,215
75,47,506
76,47,616
77,47,297
78,47,484
79,47,779
80,47,891
81,47,755
82,47,356
83,47,99
84,47,283
85,47,538
86,47,983
87,47,186
88,47,966
89,47,686
90,47,940
91,47,170
92,47,847
93,47,220
94,47,890
95,47,887
96,47,252
97,47,883
98,47,435
99,47,617
100,47,924
101,47,770
102,47,560
103,47,652
104,47,539
105,47,614
106,47,137
107,47,267
108,47,239
109,47,654
110,47,81
111,47,448
112,47,60
113,47,790
114,47,434
115,47,449
116,47,30
117,47,44
118,47,101
119,47,606
120,47,868
121,47,431
122,47,730
123,47,748
124,47,176
125,47,334
126,47,102
127,47,516
128,47,375
129,47,264
130,47,812
131,47,985
132,47,16
133,47,518
134,47,619
135,47,47
136,47,450
137,47,914
138,47,482
139,47,243
140,47,250
141,47,724
142,47,607
143,47,114
144,47,173
145,47,723
146,47,852
147,47,242
148,47,190
149,47,96
150,47,955
151,47,550
152,47,534
153,47,319
154,47,75
155,47,695
156,47,11
157,47,952
158,47,635
159,47,785
160,47,104
161,47,504
162,47,120
163,47,98
164,47,433
165,47,35
166,47,277
167,47,838
168,47,961
169,47,531
170,47,462
171,47,473
172,47,298
173,47,165
174,47,865
175,47,854
176,47,115
177,47,663
178,47,878
179,47,326
180,47,1003
181,47,921
182,47,809
183,47,988
184,47,261
185,47,597
186,47,843
187,47,20
188,47,256
189,47,743
190,47,437
191,47,525
192,47,237
193,47,970
194,47,580
195,47,938
196,47,490
197,47,957
198,47,313
199,47,309
200,47,410
201,47,981
202,47,980
203,47,962
204,47,80
205,47,414
206,47,709
207,47,201
208,47,571
209,47,946
210,47,218
211,47,667
212,47,960
213,47,135
214,47,179
215,47,161
216,47,916
217,47,772
218,47,566
219,47,929
220,47,953
221,47,77
222,47,92
223,47,753
224,47,787
225,47,610
226,47,972
227,47,1020
228,47,234
229,47,908
230,47,251
231,47,27
232,47,36
233,47,184
234,47,857
235,47,219
236,47,29
237,47,189
238,47,996
239,47,421
240,47,205
241,47,494
242,47,124
243,47,794
244,47,532
245,47,1010
246,47,777
247,47,393
248,47,112
249,47,318
250,47,402
251,47,982
252,47,700
253,47,88
254,47,148
255,47,160
256,47,345
257,47,944
258,47,5
259,47,965
260,47,34
261,47,646
262,47,763
263,47,509
264,47,827
265,47,429
266,47,127
267,47,235
268,47,9
269,47,627
270,47,390
271,47,555
272,47,350
273,47,223
274,47,548
275,47,214
276,47,226
277,47,545
278,47,503
279,47,797
280,47,951
281,47,294
282,47,216
283,47,869
284,47,193
285,47,204
286,47,930
287,47,697
288,47,842
289,47,515
290,47,213
291,47,202
292,47,656
293,47,140
294,47,541
295,47,630
296,47,392
297,47,535
298,47,241
299,47,95
300,47,454
301,47,739
302,47,41
303,47,631
304,47,511
305,47,45
306,47,821
307,47,386
308,47,378
309,47,388
310,47,725
311,47,527
312,47,315
313,47,333
314,47,837
315,47,813
316,47,119
317,47,424
318,47,668
319,47,728
320,47,959
321,47,632
322,47,992
323,47,496
324,47,8
325,47,197
326,47,381
327,47,658
328,47,132
329,47,948
330,47,110
331,47,285
332,47,894
333,47,689
334,47,792
335,47,369
336,47,228
337,47,236
338,47,70
339,47,701
340,47,947
341,47,699
342,47,464
343,47,39
344,47,54
345,47,1005
346,47,856
347,47,62
348,47,737
349,47,1008
350,47,570
351,47,51
352,47,913
353,47,325
354,47,442
355,47,707
356,47,991
357,47,799
358,47,552
359,47,499
360,47,420
361,47,460
362,47,1012
363,47,147
364,47,1019
365,47,893
366,47,897
367,47,85
368,47,681
369,47,164
370,47,162
371,47,922
372,47,106
373,47,451
374,47,13
375,47,826
376,47,751
377,47,544
378,47,849
379,47,834
380,47,559
381,47,355
382,47,673
383,47,664
384,47,682
385,47,305
386,47,568
387,47,828
388,47,892
389,47,776
390,47,343
391,47,927
392,47,1011
393,47,875
394,47,862
395,47,286
396,47,43
397,47,523
398,47,349
399,47,245
0,48,301
1,48,150
2,48,62
3,48,683
4,48,443
5,48,954
6,48,1006
7,48,669
8,48,311
9,48,463
10,48,557
11,48,105
12,48,187
13,48,786
14,48,698
15,48,618
16,48,784
17,48,1008
18,48,520
19,48,185
20,48,710
21,48,0
22,48,554
23,48,230
24,48,713
25,48,246
26,48,155
27,48,287
28,48,901
29,48,142
30,48,304
31,48,492
32,48,1013
33,48,48
34,48,643
35,48,149
36,48,440
37,48,380
38,48,906
39,48,717
40,48,997
41,48,603
42,48,665
43,48,107
44,48,67
45,48,867
46,48,911
47,48,41
48,48,540
49,48,767
50,48,524
51,48,847
52,48,783
53,48,487
54,48,933
55,48,1002
56,48,537
57,48,266
58,48,474
59,48,362
60,48,839
61,48,476
62,48,1010
63,48,880
64,48,775
65,48,521
66,48,584
67,48,877
68,48,432
69,48,749
70,48,650
71,48,363
72,48,649
73,48,979
74,48,215
75,48,506
76,48,616
77,48,297
78,48,484
79,48,779
80,48,891
81,48,755
82,48,356
83,48,99
84,48,283
85,48,538
86,48,983
87,48,186
88,48,966
89,48,686
90,48,941
91,48,170
92,48,848
93,48,220
94,48,890
95,48,887
96,48,252
97,48,883
98,48,435
99,48,617
100,48,924
101,48,770
102,48,560
103,48,652
104,48,539
105,48,614
106,48,137
107,48,267
108,48,239
109,48,654
110,48,81
111,48,449
112,48,60
113,48,790
114,48,434
115,48,450
116,48,31
117,48,44
118,48,101
119,48,606
120,48,868
121,48,431
122,48,730
123,48,748
124,48,176
125,48,334
126,48,102
127,48,516
128,48,375
129,48,264
130,48,812
131,48,985
132,48,16
133,48,518
134,48,619
135,48,47
136,48,418
137,48,946
138,48,482
139,48,243
140,48,250
141,48,724
142,48,607
143,48,114
144,48,173
145,48,723
146,48,852
147,48,242
148,48,190
149,48,96
150,48,955
151,48,550
152,48,534
153,48,319
154,48,75
155,48,695
156,48,11
157,48,952
158,48,635
159,48,785
160,48,104
161,48,504
162,48,120
163,48,98
164,48,433
165,48,35
166,48,277
167,48,838
168,48,961
169,48,531
170,48,462
171,48,473
172,48,298
173,48,165
174,48,864
175,48,854
176,48,115
177,48,662
178,48,878
179,48,326
180,48,1003
181,48,921
182,48,809
183,48,988
184,48,261
185,48,597
186,48,843
187,48,20
188,48,256
189,48,743
190,48,437
191,48,525
192,48,237
193,48,970
194,48,580
195,48,938
196,48,490
197,48,957
198,48,313
199,48,309
200,48,410
201,48,981
202,48,948
203,48,962
204,48,80
205,48,414
206,48,709
207,48,201
208,48,571
209,48,978
210,48,218
211,48,667
212,48,960
213,48,135
214,48,179
215,48,161
216,48,916
217,48,772
218,48,566
219,48,929
220,48,953
221,48,77
222,48,91
223,48,753
224,48,787
225,48,610
226,48,972
227,48,1020
228,48,235
229,48,908
230,48,251
231,48,27
232,48,36
233,48,184
234,48,857
235,48,219
236,48,29
237,48,157
238,48,996
239,48,453
240,48,205
241,48,494
242,48,92
243,48,794
244,48,532
245,48,1011
246,48,777
247,48,393
248,48,112
249,48,318
250,48,403
251,48,982
252,48,700
253,48,88
254,48,148
255,48,160
256,48,345
257,48,944
258,48,5
259,48,965
260,48,34
261,48,646
262,48,763
263,48,509
264,48,827
265,48,429
266,48,127
267,48,203
268,48,9
269,48,627
270,48,390
271,48,555
272,48,350
273,48,223
274,48,549
275,48,214
276,48,226
277,48,545
278,48,503
279,48,797
280,48,951
281,48,294
282,48,216
283,48,869
284,48,193
285,48,204
286,48,930
287,48,697
288,48,842
289,48,515
290,48,213
291,48,202
292,48,656
293,48,140
294,48,541
295,48,630
296,48,392
297,48,535
298,48,241
299,48,94
300,48,454
301,48,739
302,48,73
303,48,663
304,48,511
305,48,13
306,48,821
307,48,386
308,48,379
309,48,420
310,48,725
311,48,527
312,48,315
313,48,333
314,48,837
315,48,813
316,48,119
317,48,424
318,48,668
319,48,728
320,48,959
321,48,632
322,48,992
323,48,496
324,48,8
325,48,197
326,48,381
327,48,658
328,48,132
329,48,949
330,48,110
331,48,285
332,48,894
333,48,689
334,48,792
335,48,369
336,48,228
337,48,236
338,48,70
339,48,701
340,48,947
341,48,699
342,48,464
343,48,39
344,48,54
345,48,1005
346,48,856
347,48,30
348,48,737
349,48,1009
350,48,570
351,48,51
352,48,912
353,48,325
354,48,442
355,48,707
356,48,991
357,48,799
358,48,552
359,48,499
360,48,421
361,48,460
362,48,980
363,48,147
364,48,1018
365,48,893
366,48,865
367,48,85
368,48,681
369,48,164
370,48,162
371,48,922
372,48,106
373,48,451
374,48,14
375,48,826
376,48,751
377,48,544
378,48,849
379,48,834
380,48,559
381,48,355
382,48,673
383,48,664
384,48,682
385,48,305
386,48,568
387,48,828
388,48,892
389,48,776
390,48,343
391,48,895
392,48,1012
393,48,875
394,48,862
395,48,286
396,48,43
397,48,523
398,48,349
399,48,245
0,49,301
1,49,150
2,49,61
3,49,683
4,49,443
5,49,954
6,49,1006
7,49,669
8,49,311
9,49,463
10,49,557
11,49,105
12,49,187
13,49,786
14,49,698
15,49,618
16,49,784
17,49,976
18,49,520
19,49,185
20,49,710
21,49,0
22,49,554
23,49,230
24,49,713
25,49,246
26,49,155
27,49,287
28,49,901
29,49,142
30,49,304
31,49,492
32,49,1014
33,49,48
34,49,643
35,49,149
36,49,440
37,49,380
38,49,906
39,49,717
40,49,997
41,49,603
42,49,665
43,49,107
44,49,67
45,49,867
46,49,911
47,49,40
48,49,540
49,49,767
50,49,524
51,49,848
52,49,783
53,49,487
54,49,933
55,49,1002
56,49,537
57,49,266
58,49,474
59,49,362
60,49,839
61,49,476
62,49,1010
63,49,879
64,49,775
65,49,521
66,49,584
67,49,877
68,49,432
69,49,749
70,49,650
71,49,363
72,49,649
73,49,1011
74,49,215
75,49,506
76,49,616
77,49,297
78,49,484
79,49,779
80,49,891
81,49,755
82,49,356
83,49,99
84,49,283
85,49,538
86,49,983
87,49,186
88,49,966
89,49,686
90,49,973
91,49,170
92,49,816
93,49,220
94,49,890
95,49,887
96,49,252
97,49,883
98,49,435
99,49,617
100,49,924
101,49,770
102,49,560
103,49,652
104,49,539
105,49,614
106,49,137
107,49,267
108,49,239
109,49,654
110,49,81
111,49,449
112,49,60
113,49,790
114,49,434
115,49,450
116,49,30
117,49,44
118,49,101
119,49,606
120,49,868
121,49,431
122,49,730
123,49,748
124,49,176
125,49,334
126,49,102
127,49,516
128,49,375
129,49,264
130,49,812
131,49,985
132,49,16
133,49,518
134,49,619
135,49,47
136,49,386
137,49,978
138,49,482
139,49,243
140,49,250
141,49,724
142,49,607
143,49,114
144,49,173
145,49,723
146,49,852
147,49,242
148,49,190
149,49,96
150,49,955
151,49,550
152,49,534
153,49,319
154,49,75
155,49,695
156,49,11
157,49,952
158,49,635
159,49,785
160,49,104
161,49,504
162,49,120
163,49,98
164,49,433
165,49,35
166,49,277
167,49,838
168,49,961
169,49,531
170,49,462
171,49,473
172,49,298
173,49,165
174,49,896
175,49,854
176,49,115
177,49,630
178,49,878
179,49,326
180,49,1003
181,49,921
182,49,809
183,49,988
184,49,261
185,49,597
186,49,843
187,49,20
188,49,256
189,49,743
190,49,437
191,49,525
192,49,237
193,49,970
194,49,580
195,49,938
196,49,490
197,49,957
198,49,313
199,49,309
200,49,410
201,49,980
202,49,948
203,49,962
204,49,80
205,49,414
206,49,709
207,49,201
208,49,571
209,49,977
210,49,218
211,49,667
212,49,960
213,49,135
214,49,179
215,49,161
216,49,916
217,49,772
218,49,566
219,49,929
220,49,953
221,49,77
222,49,123
223,49,753
224,49,787
225,49,610
226,49,972
227,49,1020
228,49,203
229,49,908
230,49,251
231,49,27
232,49,36
233,49,184
234,49,857
235,49,219
236,49,29
237,49,157
238,49,996
239,49,454
240,49,205
241,49,494
242,49,91
243,49,794
244,49,532
245,49,1012
246,49,777
247,49,393
248,49,112
249,49,318
250,49,404
251,49,982
252,49,700
253,49,88
254,49,148
255,49,160
256,49,345
257,49,944
258,49,5
259,49,965
260,49,34
261,49,646
262,49,763
263,49,509
264,49,827
265,49,429
266,49,127
267,49,171
268,49,9
269,49,627
270,49,390
271,49,555
272,49,350
273,49,223
274,49,549
275,49,214
276,49,226
277,49,545
278,49,503
279,49,797
280,49,951
281,49,294
282,49,216
283,49,869
284,49,193
285,49,204
286,49,930
287,49,697
288,49,842
289,49,515
290,49,213
291,49,202
292,49,656
293,49,140
294,49,541
295,49,598
296,49,392
297,49,535
298,49,241
299,49,93
300,49,422
301,49,739
302,49,41
303,49,662
304,49,511
305,49,12
306,49,821
307,49,385
308,49,379
309,49,420
310,49,725
311,49,527
312,49,315
313,49,333
314,49,837
315,49,813
316,49,119
317,49,424
318,49,668
319,49,728
320,49,959
321,49,632
322,49,992
323,49,496
324,49,8
325,49,197
326,49,381
327,49,658
328,49,132
329,49,981
330,49,110
331,49,285
332,49,894
333,49,689
334,49,792
335,49,369
336,49,228
337,49,236
338,49,70
339,49,701
340,49,947
341,49,699
342,49,464
343,49,39
344,49,54
345,49,1005
346,49,856
347,49,62
348,49,737
349,49,1008
350,49,570
351,49,51
352,49,912
353,49,325
354,49,442
355,49,707
356,49,991
357,49,799
358,49,552
359,49,499
360,49,453
361,49,460
362,49,979
363,49,147
364,49,1018
365,49,893
366,49,864
367,49,85
368,49,681
369,49,164
370,49,162
371,49,922
372,49,106
373,49,451
374,49,13
375,49,826
376,49,751
377,49,544
378,49,849
379,49,834
380,49,559
381,49,355
382,49,673
383,49,664
384,49,682
385,49,305
386,49,568
387,49,828
388,49,892
389,49,776
390,49,343
391,49,895
392,49,1013
393,49,875
394,49,862
395,49,286
396,49,43
397,49,523
398,49,349
399,49,245
0,50,301
1,50,150
2,50,29
3,50,683
4,50,443
5,50,954
6,50,1006
7,50,669
8,50,311
9,50,463
10,50,557
11,50,105
12,50,187
13,50,786
14,50,698
15,50,618
16,50,784
17,50,977
18,50,520
19,50,185
20,50,710
21,50,0
22,50,554
23,50,230
24,50,713
25,50,246
26,50,155
27,50,287
28,50,901
29,50,142
30,50,304
31,50,492
32,50,982
33,50,48
34,50,643
35,50,149
36,50,440
37,50,380
38,50,906
39,50,717
40,50,997
41,50,603
42,50,665
43,50,107
44,50,67
45,50,867
46,50,911
47,50,39
48,50,540
49,50,767
50,50,524
51,50,849
52,50,783
53,50,487
54,50,933
55,50,1002
56,50,537
57,50,266
58,50,474
59,50,362
60,50,839
61,50,476
62,50,1011
63,50,847
64,50,775
65,50,521
66,50,584
67,50,877
68,50,432
69,50,749
70,50,650
71,50,363
72,50,649
73,50,979
74,50,215
75,50,506
76,50,616
77,50,297
78,50,484
79,50,779
80,50,891
81,50,755
82,50,356
83,50,99
84,50,283
85,50,538
86,50,983
87,50,186
88,50,966
89,50,686
90,50,973
91,50,170
92,50,815
93,50,220
94,50,890
95,50,887
96,50,252
97,50,883
98,50,435
99,50,617
100,50,924
101,50,770
102,50,560
103,50,652
104,50,539
105,50,614
106,50,137
107,50,267
108,50,239
109,50,654
110,50,81
111,50,449
112,50,60
113,50,790
114,50,434
115,50,450
116,50,31
117,50,44
118,50,101
119,50,606
120,50,868
121,50,431
122,50,730
123,50,748
124,50,176
125,50,334
126,50,102
127,50,516
128,50,375
129,50,264
130,50,812
131,50,985
132,50,16
133,50,518
134,50,619
135,50,47
136,50,354
137,50,1010
138,50,482
139,50,243
140,50,250
141,50,724
142,50,607
143,50,114
144,50,173
145,50,723
146,50,852
147,50,242
148,50,190
149,50,96
150,50,955
151,50,550
152,50,534
153,50,319
154,50,75
155,50,695
156,50,11
157,50,952
158,50,635
159,50,785
160,50,104
161,50,504
162,50,120
163,50,98
164,50,433
165,50,35
166,50,277
167,50,838
168,50,961
169,50,531
170,50,462
171,50,473
172,50,298
173,50,165
174,50,864
175,50,854
176,50,115
177,50,662
178,50,878
179,50,326
180,50,1003
181,50,921
182,50,809
183,50,988
184,50,261
185,50,597
186,50,843
187,50,20
188,50,256
189,50,743
190,50,437
191,50,525
192,50,237
193,50,970
194,50,580
195,50,938
196,50,490
197,50,957
198,50,313
199,50,309
200,50,410
201,50,948
202,50,947
203,50,962
204,50,80
205,50,414
206,50,709
207,50,201
208,50,571
209,50,978
210,50,218
211,50,667
212,50,960
213,50,135
214,50,179
215,50,161
216,50,916
217,50,772
218,50,566
219,50,929
220,50,953
221,50,77
222,50,124
223,50,753
224,50,787
225,50,610
226,50,972
227,50,1020
228,50,171
229,50,908
230,50,251
231,50,27
232,50,36
233,50,184
234,50,857
235,50,219
236,50,28
237,50,157
238,50,996
239,50,453
240,50,205
241,50,494
242,50,59
243,50,794
244,50,532
245,50,1013
246,50,777
247,50,393
248,50,112
249,50,318
250,50,405
251,50,981
252,50,700
253,50,88
254,50,148
255,50,160
256,50,345
257,50,944
258,50,5
259,50,965
260,50,34
261,50,646
262,50,763
263,50,509
264,50,827
265,50,429
266,50,127
267,50,139
268,50,9
269,50,627
270,50,390
271,50,555
272,50,350
273,50,223
274,50,549
275,50,214
276,50,226
277,50,545
278,50,503
279,50,797
280,50,951
281,50,294
282,50,216
283,50,869
284,50,193
285,50,204
286,50,930
287,50,697
288,50,842
289,50,515
290,50,213
291,50,202
292,50,656
293,50,140
294,50,541
295,50,630
296,50,392
297,50,535
298,50,241
299,50,93
300,50,454
301,50,739
302,50,41
303,50,663
304,50,511
305,50,12
306,50,821
307,50,386
308,50,379
309,50,420
310,50,725
311,50,527
312,50,315
313,50,333
314,50,837
315,50,813
316,50,119
317,50,424
318,50,668
319,50,728
320,50,959
321,50,632
322,50,992
323,50,496
324,50,8
325,50,197
326,50,381
327,50,658
328,50,132
329,50,949
330,50,110
331,50,285
332,50,894
333,50,689
334,50,792
335,50,369
336,50,228
337,50,236
338,50,70
339,50,701
340,50,946
341,50,699
342,50,464
343,50,38
344,50,54
345,50,1005
346,50,856
347,50,30
348,50,737
349,50,976
350,50,570
351,50,51
352,50,912
353,50,325
354,50,442
355,50,707
356,50,991
357,50,799
358,50,552
359,50,499
360,50,421
361,50,460
362,50,980
363,50,147
364,50,1018
365,50,893
366,50,865
367,50,85
368,50,681
369,50,164
370,50,162
371,50,922
372,50,106
373,50,451
374,50,45
375,50,826
376,50,751
377,50,544
378,50,881
379,50,834
380,50,559
381,50,355
382,50,673
383,50,664
384,50,682
385,50,305
386,50,568
387,50,828
388,50,892
389,50,776
390,50,343
391,50,895
392,50,1014
393,50,875
394,50,862
395,50,286
396,50,43
397,50,523
398,50,349
399,50,245
0,51,301
1,51,150
2,51,29
3,51,683
4,51,443
5,51,954
6,51,1006
7,51,669
8,51,311
9,51,463
10,51,557
11,51,105
12,51,187
13,51,786
14,51,698
15,51,618
16,51,784
17,51,1009
18,51,520
19,51,185
20,51,710
21,51,0
22,51,554
23,51,230
24,51,713
25,51,246
26,51,155
27,51,287
28,51,901
29,51,142
30,51,304
31,51,492
32,51,981
33,51,48
34,51,643
35,51,149
36,51,440
37,51,380
38,51,906
39,51,717
40,51,997
41,51,603
42,51,665
43,51,107
44,51,67
45,51,867
46,51,911
47,51,38
48,51,540
49,51,767
50,51,524
51,51,881
52,51,783
53,51,487
54,51,933
55,51,1002
56,51,537
57,51,266
58,51,474
59,51,362
60,51,839
61,51,476
62,51,1012
63,51,847
64,51,775
65,51,521
66,51,584
67,51,877
68,51,432
69,51,749
70,51,650
71,51,363
72,51,649
73,51,1011
74,51,215
75,51,506
76,51,616
77,51,297
78,51,484
79,51,779
80,51,891
81,51,755
82,51,356
83,51,99
84,51,283
85,51,538
86,51,983
87,51,186
88,51,966
89,51,686
90,51,973
91,51,170
92,51,814
93,51,220
94,51,890
95,51,887
96,51,252
97,51,883
98,51,435
99,51,617
100,51,924
101,51,770
102,51,560
103,51,652
104,51,539
105,51,614
106,51,137
107,51,267
108,51,239
109,51,654
110,51,81
111,51,449
112,51,60
113,51,790
114,51,434
115,51,450
116,51,30
117,51,44
118,51,101
119,51,606
120,51,868
121,51,431
122,51,730
123,51,748
124,51,176
125,51,334
126,51,102
127,51,516
128,51,375
129,51,264
130,51,812
131,51,985
132,51,16
133,51,518
134,51,619
135,51,47
136,51,322
137,51,978
138,51,482
139,51,243
140,51,250
141,51,724
142,51,607
143,51,114
144,51,173
145,51,723
146,51,852
147,51,242
148,51,190
149,51,96
150,51,955
151,51,550
152,51,534
153,51,319
154,51,75
155,51,695
156,51,11
157,51,952
158,51,635
159,51,785
160,51,104
161,51,504
162,51,120
163,51,98
164,51,433
165,51,35
166,51,277
167,51,838
168,51,961
169,51,531
170,51,462
171,51,473
172,51,298
173,51,165
174,51,865
175,51,854
176,51,115
177,51,663
178,51,878
179,51,326
180,51,1003
181,51,921
182,51,809
183,51,988
184,51,261
185,51,597
186,51,843
187,51,20
188,51,256
189,51,743
190,51,437
191,51,525
192,51,237
193,51,970
194,51,580
195,51,938
196,51,490
197,51,957
198,51,313
199,51,309
200,51,410
201,51,980
202,51,948
203,51,962
204,51,80
205,51,414
206,51,709
207,51,201
208,51,571
209,51,946
210,51,218
211,51,667
212,51,960
213,51,135
214,51,179
215,51,161
216,51,916
217,51,772
218,51,566
219,51,929
220,51,953
221,51,77
222,51,156
223,51,753
224,51,787
225,51,610
226,51,972
227,51,1020
228,51,203
229,51,908
230,51,251
231,51,27
232,51,36
233,51,184
234,51,857
235,51,219
236,51,28
237,51,157
238,51,996
239,51,421
240,51,205
241,51,494
242,51,58
243,51,794
244,51,532
245,51,1014
246,51,777
247,51,393
248,51,112
249,51,318
250,51,373
251,51,1013
252,51,700
253,51,88
254,51,148
255,51,160
256,51,345
257,51,944
258,51,5
259,51,965
260,51,34
261,51,646
262,51,763
263,51,509
264,51,827
265,51,429
266,51,127
267,51,171
268,51,9
269,51,627
270,51,390
271,51,555
272,51,350
273,51,223
274,51,549
275,51,214
276,51,226
277,51,545
278,51,503
279,51,797
280,51,951
281,51,294
282,51,216
283,51,869
284,51,193
285,51,204
286,51,930
287,51,697
288,51,842
289,51,515
290,51,213
291,51,202
292,51,656
293,51,140
294,51,541
295,51,630
296,51,392
297,51,535
298,51,241
299,51,93
300,51,454
301,51,739
302,51,41
303,51,631
304,51,511
305,51,12
306,51,821
307,51,386
308,51,379
309,51,388
310,51,725
311,51,527
312,51,315
313,51,333
314,51,837
315,51,813
316,51,119
317,51,424
318,51,668
319,51,728
320,51,959
321,51,632
322,51,992
323,51,496
324,51,8
325,51,197
326,51,381
327,51,658
328,51,132
329,51,949
330,51,110
331,51,285
332,51,894
333,51,689
334,51,792
335,51,369
336,51,228
337,51,236
338,51,69
339,51,701
340,51,947
341,51,699
342,51,464
343,51,70
344,51,54
345,51,1005
346,51,856
347,51,62
348,51,737
349,51,976
350,51,570
351,51,51
352,51,912
353,51,325
354,51,442
355,51,707
356,51,991
357,51,799
358,51,552
359,51,499
360,51,420
361,51,460
362,51,979
363,51,147
364,51,1018
365,51,893
366,51,897
367,51,85
368,51,681
369,51,164
370,51,162
371,51,922
372,51,106
373,51,451
374,51,45
375,51,826
376,51,751
377,51,544
378,51,913
379,51,834
380,51,559
381,51,355
382,51,673
383,51,664
384,51,682
385,51,305
386,51,568
387,51,828
388,51,892
389,51,776
390,51,343
391,51,895
392,51,982
393,51,875
394,51,862
395,51,286
396,51,43
397,51,523
398,51,349
399,51,245
0,52,301
1,52,150
2,52,29
3,52,683
4,52,443
5,52,954
6,52,1006
7,52,669
8,52,311
9,52,463
10,52,557
11,52,105
12,52,187
13,52,786
14,52,698
15,52,618
16,52,784
17,52,1008
18,52,520
19,52,185
20,52,710
21,52,0
22,52,554
23,52,230
24,52,713
25,52,246
26,52,155
27,52,287
28,52,901
29,52,142
30,52,304
31,52,492
32,52,1013
33,52,48
34,52,643
35,52,149
36,52,440
37,52,380
38,52,906
39,52,717
40,52,997
41,52,603
42,52,665
43,52,107
44,52,67
45,52,867
46,52,911
47,52,6
48,52,540
49,52,767
50,52,524
51,52,882
52,52,783
53,52,487
54,52,933
55,52,1002
56,52,537
57,52,266
58,52,474
59,52,362
60,52,839
61,52,476
62,52,980
63,52,847
64,52,775
65,52,521
66,52,584
67,52,877
68,52,432
69,52,749
70,52,650
71,52,363
72,52,649
73,52,1010
74,52,215
75,52,506
76,52,616
77,52,297
78,52,484
79,52,779
80,52,891
81,52,755
82,52,356
83,52,99
84,52,283
85,52,538
86,52,951
87,52,186
88,52,966
89,52,686
90,52,973
91,52,170
92,52,814
93,52,220
94,52,890
95,52,887
96,52,252
97,52,883
98,52,435
99,52,617
100,52,924
101,52,770
102,52,560
103,52,652
104,52,539
105,52,614
106,52,137
107,52,267
108,52,239
109,52,654
110,52,81
111,52,449
112,52,60
113,52,790
114,52,434
115,52,450
116,52,31
117,52,44
118,52,101
119,52,606
120,52,868
121,52,431
122,52,730
123,52,748
124,52,176
125,52,334
126,52,102
127,52,516
128,52,375
129,52,264
130,52,812
131,52,985
132,52,16
133,52,518
134,52,619
135,52,47
136,52,321
137,52,978
138,52,482
139,52,243
140,52,250
141,52,724
142,52,607
143,52,114
144,52,173
145,52,723
146,52,852
147,52,242
148,52,190
149,52,96
150,52,955
151,52,550
152,52,534
153,52,319
154,52,75
155,52,695
156,52,11
157,52,952
158,52,635
159,52,785
160,52,104
161,52,504
162,52,120
163,52,98
164,52,433
165,52,35
166,52,277
167,52,838
168,52,961
169,52,531
170,52,462
171,52,473
172,52,298
173,52,165
174,52,864
175,52,854
176,52,115
177,52,662
178,52,878
179,52,326
180,52,1003
181,52,921
182,52,809
183,52,988
184,52,261
185,52,597
186,52,843
187,52,20
188,52,256
189,52,743
190,52,437
191,52,525
192,52,237
193,52,970
194,52,580
195,52,938
196,52,490
197,52,957
198,52,313
199,52,309
200,52,410
201,52,948
202,52,949
203,52,962
204,52,80
205,52,414
206,52,709
207,52,201
208,52,571
209,52,914
210,52,218
211,52,667
212,52,960
213,52,135
214,52,179
215,52,161
216,52,916
217,52,772
218,52,566
219,52,929
220,52,953
221,52,77
222,52,156
223,52,753
224,52,787
225,52,610
226,52,972
227,52,1020
228,52,235
229,52,908
230,52,251
231,52,27
232,52,36
233,52,184
234,52,857
235,52,219
236,52,28
237,52,157
238,52,996
239,52,453
240,52,205
241,52,494
242,52,58
243,52,794
244,52,532
245,52,982
246,52,777
247,52,393
248,52,112
249,52,318
250,52,373
251,52,1014
252,52,700
253,52,88
254,52,148
255,52,160
256,52,345
257,52,944
258,52,5
259,52,965
260,52,34
261,52,646
262,52,763
263,52,509
264,52,827
265,52,429
266,52,127
267,52,203
268,52,9
269,52,627
270,52,390
271,52,555
272,52,350
273,52,223
274,52,549
275,52,214
276,52,226
277,52,545
278,52,503
279,52,797
280,52,919
281,52,294
282,52,216
283,52,869
284,52,193
285,52,204
286,52,930
287,52,697
288,52,842
289,52,515
290,52,213
291,52,202
292,52,656
293,52,140
294,52,541
295,52,630
296,52,392
297,52,535
298,52,241
299,52,93
300,52,454
301,52,739
302,52,41
303,52,663
304,52,511
305,52,12
306,52,821
307,52,386
308,52,379
309,52,420
310,52,725
311,52,527
312,52,315
313,52,333
314,52,837
315,52,813
316,52,119
317,52,424
318,52,668
319,52,728
320,52,959
321,52,632
322,52,992
323,52,496
324,52,8
325,52,197
326,52,381
327,52,658
328,52,132
329,52,981
330,52,110
331,52,285
332,52,894
333,52,689
334,52,792
335,52,369
336,52,228
337,52,236
338,52,70
339,52,701
340,52,947
341,52,699
342,52,464
343,52,38
344,52,54
345,52,1005
346,52,856
347,52,30
348,52,737
349,52,976
350,52,570
351,52,51
352,52,912
353,52,325
354,52,442
355,52,707
356,52,991
357,52,799
358,52,552
359,52,499
360,52,421
361,52,460
362,52,1011
363,52,147
364,52,1018
365,52,893
366,52,865
367,52,85
368,52,681
369,52,164
370,52,162
371,52,922
372,52,106
373,52,451
374,52,45
375,52,826
376,52,751
377,52,544
378,52,881
379,52,834
380,52,559
381,52,355
382,52,673
383,52,664
384,52,682
385,52,305
386,52,568
387,52,828
388,52,892
389,52,776
390,52,343
391,52,895
392,52,983
393,52,875
394,52,862
395,52,286
396,52,43
397,52,523
398,52,349
399,52,245
0,53,301
1,53,150
2,53,29
3,53,683
4,53,443
5,53,954
6,53,1006
7,53,669
8,53,311
9,53,463
10,53,557
11,53,105
12,53,187
13,53,786
14,53,698
15,53,618
16,53,784
17,53,1008
18,53,520
19,53,185
20,53,710
21,53,0
22,53,554
23,53,230
24,53,713
25,53,246
26,53,155
27,53,287
28,53,901
29,53,142
30,53,304
31,53,492
32,53,1013
33,53,48
34,53,643
35,53,149
36,53,440
37,53,380
38,53,906
39,53,717
40,53,997
41,53,603
42,53,665
43,53,107
44,53,67
45,53,867
46,53,911
47,53,6
48,53,540
49,53,767
50,53,524
51,53,883
52,53,783
53,53,487
54,53,933
55,53,1002
56,53,537
57,53,266
58,53,474
59,53,362
60,53,839
61,53,476
62,53,981
63,53,847
64,53,775
65,53,521
66,53,584
67,53,877
68,53,432
69,53,749
70,53,650
71,53,363
72,53,649
73,53,1010
74,53,215
75,53,506
76,53,616
77,53,297
78,53,484
79,53,779
80,53,891
81,53,755
82,53,356
83,53,99
84,53,283
85,53,538
86,53,919
87,53,186
88,53,966
89,53,686
90,53,973
91,53,170
92,53,814
93,53,220
94,53,890
95,53,887
96,53,252
97,53,851
98,53,435
99,53,617
100,53,924
101,53,770
102,53,560
103,53,652
104,53,539
105,53,614
106,53,137
107,53,267
108,53,239
109,53,654
110,53,81
111,53,449
112,53,60
113,53,790
114,53,434
115,53,450
116,53,30
117,53,44
118,53,101
119,53,606
120,53,868
121,53,431
122,53,730
123,53,748
124,53,176
125,53,334
126,53,102
127,53,516
128,53,375
129,53,264
130,53,812
131,53,985
132,53,16
133,53,518
134,53,619
135,53,47
136,53,320
137,53,978
138,53,482
139,53,243
140,53,250
141,53,724
142,53,607
143,53,114
144,53,173
145,53,723
146,53,852
147,53,242
148,53,190
149,53,96
150,53,955
151,53,550
152,53,534
153,53,319
154,53,75
155,53,695
156,53,11
157,53,952
158,53,635
159,53,785
160,53,104
161,53,504
162,53,120
163,53,98
164,53,433
165,53,35
166,53,277
167,53,838
168,53,961
169,53,531
170,53,462
171,53,473
172,53,298
173,53,165
174,53,896
175,53,854
176,53,115
177,53,630
178,53,878
179,53,326
180,53,1003
181,53,921
182,53,809
183,53,988
184,53,261
185,53,597
186,53,843
187,53,20
188,53,256
189,53,743
190,53,437
191,53,525
192,53,237
193,53,970
194,53,580
195,53,938
196,53,490
197,53,957
198,53,313
199,53,309
200,53,410
201,53,980
202,53,948
203,53,962
204,53,80
205,53,414
206,53,709
207,53,201
208,53,571
209,53,914
210,53,218
211,53,667
212,53,960
213,53,135
214,53,179
215,53,161
216,53,916
217,53,772
218,53,566
219,53,929
220,53,953
221,53,77
222,53,156
223,53,753
224,53,787
225,53,610
226,53,972
227,53,1020
228,53,234
229,53,908
230,53,251
231,53,27
232,53,36
233,53,184
234,53,857
235,53,219
236,53,28
237,53,157
238,53,996
239,53,454
240,53,205
241,53,494
242,53,58
243,53,794
244,53,532
245,53,983
246,53,777
247,53,393
248,53,112
249,53,318
250,53,373
251,53,1014
252,53,700
253,53,88
254,53,148
255,53,160
256,53,345
257,53,944
258,53,5
259,53,965
260,53,34
261,53,646
262,53,763
263,53,509
264,53,827
265,53,429
266,53,127
267,53,235
268,53,9
269,53,627
270,53,390
271,53,555
272,53,350
273,53,223
274,53,549
275,53,214
276,53,226
277,53,545
278,53,503
279,53,797
280,53,920
281,53,294
282,53,216
283,53,869
284,53,193
285,53,204
286,53,930
287,53,697
288,53,842
289,53,515
290,53,213
291,53,202
292,53,656
293,53,140
294,53,541
295,53,598
296,53,392
297,53,535
298,53,241
299,53,93
300,53,422
301,53,739
302,53,41
303,53,662
304,53,511
305,53,12
306,53,821
307,53,386
308,53,379
309,53,420
310,53,725
311,53,527
312,53,315
313,53,333
314,53,837
315,53,813
316,53,119
317,53,424
318,53,668
319,53,728
320,53,959
321,53,632
322,53,992
323,53,496
324,53,8
325,53,197
326,53,381
327,53,658
328,53,132
329,53,982
330,53,110
331,53,285
332,53,894
333,53,689
334,53,792
335,53,369
336,53,228
337,53,236
338,53,70
339,53,701
340,53,947
341,53,699
342,53,464
343,53,39
344,53,54
345,53,1005
346,53,856
347,53,62
348,53,737
349,53,976
350,53,570
351,53,51
352,53,912
353,53,325
354,53,442
355,53,707
356,53,991
357,53,799
358,53,552
359,53,499
360,53,453
361,53,460
362,53,1012
363,53,147
364,53,1018
365,53,893
366,53,864
367,53,85
368,53,681
369,53,164
370,53,162
371,53,922
372,53,106
373,53,451
374,53,45
375,53,826
376,53,751
377,53,544
378,53,849
379,53,834
380,53,559
381,53,355
382,53,673
383,53,664
384,53,682
385,53,305
386,53,568
387,53,828
388,53,892
389,53,776
390,53,343
391,53,895
392,53,951
393,53,875
394,53,862
395,53,286
396,53,43
397,53,523
398,53,349
399,53,245
0,54,301
1,54,150
2,54,29
3,54,683
4,54,443
5,54,954
6,54,1006
7,54,669
8,54,311
9,54,463
10,54,557
11,54,105
12,54,187
13,54,786
14,54,698
15,54,618
16,54,784
17,54,1008
18,54,520
19,54,185
20,54,710
21,54,0
22,54,554
23,54,230
24,54,713
25,54,246
26,54,155
27,54,287
28,54,901
29,54,142
30,54,304
31,54,492
32,54,1013
33,54,48
34,54,643
35,54,149
36,54,440
37,54,380
38,54,906
39,54,717
40,54,997
41,54,603
42,54,665
43,54,107
44,54,67
45,54,867
46,54,911
47,54,6
48,54,540
49,54,767
50,54,524
51,54,915
52,54,783
53,54,487
54,54,933
55,54,1002
56,54,537
57,54,266
58,54,474
59,54,362
60,54,839
61,54,476
62,54,982
63,54,847
64,54,775
65,54,521
66,54,584
67,54,877
68,54,432
69,54,749
70,54,650
71,54,363
72,54,649
73,54,1010
74,54,215
75,54,506
76,54,616
77,54,297
78,54,484
79,54,779
80,54,891
81,54,755
82,54,356
83,54,99
84,54,283
85,54,538
86,54,920
87,54,186
88,54,966
89,54,686
90,54,973
91,54,170
92,54,814
93,54,220
94,54,890
95,54,887
96,54,252
97,54,883
98,54,435
99,54,617
100,54,924
101,54,770
102,54,560
103,54,652
104,54,539
105,54,614
106,54,137
107,54,267
108,54,239
109,54,654
110,54,81
111,54,449
112,54,60
113,54,790
114,54,434
115,54,450
116,54,31
117,54,44
118,54,101
119,54,606
120,54,868
121,54,431
122,54,730
123,54,748
124,54,176
125,54,334
126,54,102
127,54,516
128,54,375
129,54,264
130,54,812
131,54,985
132,54,16
133,54,518
134,54,619
135,54,47
136,54,288
137,54,978
138,54,482
139,54,243
140,54,250
141,54,724
142,54,607
143,54,114
144,54,173
145,54,723
146,54,852
147,54,242
148,54,190
149,54,96
150,54,955
151,54,550
152,54,534
153,54,319
154,54,75
155,54,695
156,54,11
157,54,951
158,54,635
159,54,785
160,54,104
161,54,504
162,54,120
163,54,98
164,54,433
165,54,35
166,54,277
167,54,838
168,54,961
169,54,531
170,54,462
171,54,473
172,54,298
173,54,165
174,54,864
175,54,854
176,54,115
177,54,662
178,54,878
179,54,326
180,54,1003
181,54,921
182,54,809
183,54,988
184,54,261
185,54,597
186,54,843
187,54,20
188,54,256
189,54,743
190,54,437
191,54,525
192,54,237
193,54,970
194,54,580
195,54,938
196,54,490
197,54,957
198,54,313
199,54,309
200,54,410
201,54,981
202,54,980
203,54,962
204,54,80
205,54,414
206,54,709
207,54,201
208,54,571
209,54,914
210,54,218
211,54,667
212,54,960
213,54,135
214,54,179
215,54,161
216,54,916
217,54,772
218,54,566
219,54,929
220,54,953
221,54,77
222,54,156
223,54,753
224,54,787
225,54,610
226,54,972
227,54,1020
228,54,235
229,54,908
230,54,251
231,54,27
232,54,36
233,54,184
234,54,857
235,54,219
236,54,28
237,54,157
238,54,996
239,54,453
240,54,205
241,54,494
242,54,58
243,54,794
244,54,532
245,54,984
246,54,777
247,54,393
248,54,112
249,54,318
250,54,373
251,54,1014
252,54,700
253,54,88
254,54,148
255,54,160
256,54,345
257,54,944
258,54,5
259,54,965
260,54,34
261,54,646
262,54,763
263,54,509
264,54,827
265,54,429
266,54,127
267,54,203
268,54,9
269,54,627
270,54,390
271,54,555
272,54,350
273,54,223
274,54,549
275,54,214
276,54,226
277,54,545
278,54,503
279,54,797
280,54,952
281,54,294
282,54,216
283,54,869
284,54,193
285,54,204
286,54,930
287,54,697
288,54,842
289,54,515
290,54,213
291,54,202
292,54,656
293,54,140
294,54,541
295,54,630
296,54,392
297,54,535
298,54,241
299,54,93
300,54,454
301,54,739
302,54,41
303,54,663
304,54,511
305,54,12
306,54,821
307,54,386
308,54,379
309,54,420
310,54,725
311,54,527
312,54,315
313,54,333
314,54,837
315,54,813
316,54,119
317,54,424
318,54,668
319,54,728
320,54,959
321,54,632
322,54,992
323,54,496
324,54,8
325,54,197
326,54,381
327,54,658
328,54,132
329,54,983
330,54,110
331,54,285
332,54,894
333,54,689
334,54,792
335,54,369
336,54,228
337,54,236
338,54,70
339,54,701
340,54,947
341,54,699
342,54,464
343,54,39
344,54,54
345,54,1005
346,54,856
347,54,30
348,54,737
349,54,976
350,54,570
351,54,51
352,54,912
353,54,325
354,54,442
355,54,707
356,54,991
357,54,799
358,54,552
359,54,499
360,54,421
361,54,460
362,54,1012
363,54,147
364,54,1018
365,54,893
366,54,865
367,54,85
368,54,681
369,54,164
370,54,162
371,54,922
372,54,106
373,54,451
374,54,45
375,54,826
376,54,751
377,54,544
378,54,849
379,54,834
380,54,559
381,54,355
382,54,673
383,54,664
384,54,682
385,54,305
386,54,568
387,54,828
388,54,892
389,54,776
390,54,343
391,54,895
392,54,919
393,54,875
394,54,862
395,54,286
396,54,43
397,54,523
398,54,349
399,54,245
0,55,301
1,55,150
2,55,29
3,55,683
4,55,443
5,55,986
6,55,1006
7,55,669
8,55,311
9,55,463
10,55,557
11,55,105
12,55,187
13,55,786
14,55,698
15,55,618
16,55,784
17,55,1008
18,55,520
19,55,185
20,55,710
21,55,0
22,55,554
23,55,230
24,55,713
25,55,246
26,55,155
27,55,287
28,55,901
29,55,142
30,55,304
31,55,492
32,55,1013
33,55,48
34,55,643
35,55,149
36,55,440
37,55,380
38,55,906
39,55,717
40,55,997
41,55,603
42,55,665
43,55,107
44,55,67
45,55,867
46,55,911
47,55,6
48,55,540
49,55,767
50,55,524
51,55,915
52,55,783
53,55,487
54,55,933
55,55,1002
56,55,537
57,55,266
58,55,474
59,55,362
60,55,839
61,55,476
62,55,983
63,55,847
64,55,775
65,55,521
66,55,584
67,55,877
68,55,432
69,55,749
70,55,650
71,55,363
72,55,649
73,55,1010
74,55,215
75,55,506
76,55,616
77,55,297
78,55,484
79,55,779
80,55,891
81,55,755
82,55,356
83,55,99
84,55,283
85,55,538
86,55,952
87,55,186
88,55,966
89,55,686
90,55,973
91,55,170
92,55,814
93,55,220
94,55,890
95,55,887
96,55,252
97,55,883
98,55,435
99,55,617
100,55,924
101,55,770
102,55,560
103,55,652
104,55,539
105,55,614
106,55,137
107,55,267
108,55,239
109,55,654
110,55,81
111,55,449
112,55,60
113,55,790
114,55,434
115,55,450
116,55,30
117,55,44
118,55,101
119,55,606
120,55,868
121,55,431
122,55,730
123,55,748
124,55,176
125,55,334
126,55,102
127,55,516
128,55,375
129,55,264
130,55,812
131,55,953
132,55,16
133,55,518
134,55,619
135,55,47
136,55,256
137,55,978
138,55,482
139,55,243
140,55,250
141,55,724
142,55,607
143,55,114
144,55,173
145,55,723
146,55,852
147,55,242
148,55,190
149,55,96
150,55,955
151,55,550
152,55,534
153,55,319
154,55,75
155,55,695
156,55,11
157,55,919
158,55,635
159,55,785
160,55,104
161,55,504
162,55,120
163,55,98
164,55,433
165,55,35
166,55,277
167,55,838
168,55,961
169,55,531
170,55,462
171,55,473
172,55,298
173,55,165
174,55,865
175,55,854
176,55,115
177,55,663
178,55,878
179,55,326
180,55,1003
181,55,921
182,55,809
183,55,988
184,55,261
185,55,597
186,55,843
187,55,20
188,55,257
189,55,743
190,55,437
191,55,525
192,55,237
193,55,970
194,55,580
195,55,938
196,55,490
197,55,957
198,55,313
199,55,309
200,55,410
201,55,981
202,55,980
203,55,962
204,55,80
205,55,414
206,55,709
207,55,201
208,55,571
209,55,914
210,55,218
211,55,667
212,55,960
213,55,135
214,55,179
215,55,161
216,55,916
217,55,772
218,55,566
219,55,929
220,55,954
221,55,77
222,55,156
223,55,753
224,55,787
225,55,610
226,55,972
227,55,1020
228,55,203
229,55,908
230,55,251
231,55,27
232,55,36
233,55,184
234,55,857
235,55,219
236,55,28
237,55,157
238,55,996
239,55,421
240,55,205
241,55,494
242,55,58
243,55,794
244,55,532
245,55,985
246,55,777
247,55,393
248,55,112
249,55,318
250,55,373
251,55,982
252,55,700
253,55,88
254,55,148
255,55,160
256,55,345
257,55,944
258,55,5
259,55,965
260,55,34
261,55,646
262,55,763
263,55,509
264,55,827
265,55,429
266,55,127
267,55,171
268,55,9
269,55,627
270,55,390
271,55,555
272,55,350
273,55,223
274,55,549
275,55,214
276,55,226
277,55,545
278,55,503
279,55,797
280,55,951
281,55,294
282,55,216
283,55,869
284,55,193
285,55,204
286,55,930
287,55,697
288,55,842
289,55,515
290,55,213
291,55,202
292,55,656
293,55,140
294,55,541
295,55,630
296,55,392
297,55,535
298,55,241
299,55,93
300,55,454
301,55,739
302,55,41
303,55,631
304,55,511
305,55,12
306,55,821
307,55,386
308,55,379
309,55,388
310,55,725
311,55,527
312,55,315
313,55,333
314,55,837
315,55,813
316,55,119
317,55,424
318,55,668
319,55,728
320,55,959
321,55,632
322,55,992
323,55,496
324,55,8
325,55,197
326,55,381
327,55,658
328,55,132
329,55,984
330,55,110
331,55,285
332,55,894
333,55,689
334,55,792
335,55,369
336,55,228
337,55,236
338,55,70
339,55,701
340,55,947
341,55,699
342,55,464
343,55,39
344,55,54
345,55,1005
346,55,856
347,55,62
348,55,737
349,55,976
350,55,570
351,55,51
352,55,912
353,55,325
354,55,442
355,55,707
356,55,991
357,55,799
358,55,552
359,55,499
360,55,420
361,55,460
362,55,1012
363,55,147
364,55,1018
365,55,893
366,55,897
367,55,85
368,55,681
369,55,164
370,55,162
371,55,922
372,55,106
373,55,451
374,55,45
375,55,826
376,55,751
377,55,544
378,55,849
379,55,834
380,55,559
381,55,355
382,55,673
383,55,664
384,55,682
385,55,305
386,55,568
387,55,828
388,55,892
389,55,776
390,55,343
391,55,895
392,55,920
393,55,875
394,55,862
395,55,286
396,55,43
397,55,523
398,55,349
399,55,245
0,56,301
1,56,150
2,56,29
3,56,683
4,56,443
5,56,954
6,56,1006
7,56,669
8,56,311
9,56,463
10,56,557
11,56,105
12,56,187
13,56,786
14,56,698
15,56,618
16,56,784
17,56,1008
18,56,520
19,56,185
20,56,710
21,56,0
22,56,554
23,56,230
24,56,713
25,56,246
26,56,155
27,56,287
28,56,901
29,56,142
30,56,304
31,56,492
32,56,1013
33,56,48
34,56,643
35,56,149
36,56,440
37,56,380
38,56,906
39,56,717
40,56,997
41,56,603
42,56,665
43,56,107
44,56,67
45,56,867
46,56,911
47,56,6
48,56,540
49,56,767
50,56,524
51,56,915
52,56,783
53,56,487
54,56,933
55,56,1002
56,56,537
57,56,266
58,56,474
59,56,362
60,56,839
61,56,476
62,56,951
63,56,847
64,56,775
65,56,521
66,56,584
67,56,877
68,56,432
69,56,749
70,56,650
71,56,363
72,56,649
73,56,1010
74,56,215
75,56,506
76,56,616
77,56,297
78,56,484
79,56,779
80,56,891
81,56,755
82,56,356
83,56,99
84,56,283
85,56,538
86,56,984
87,56,186
88,56,966
89,56,686
90,56,973
91,56,170
92,56,814
93,56,220
94,56,890
95,56,887
96,56,252
97,56,883
98,56,435
99,56,617
100,56,924
101,56,770
102,56,560
103,56,652
104,56,539
105,56,614
106,56,137
107,56,267
108,56,239
109,56,654
110,56,81
111,56,449
112,56,60
113,56,790
114,56,434
115,56,450
116,56,31
117,56,44
118,56,101
119,56,606
120,56,868
121,56,431
122,56,730
123,56,748
124,56,176
125,56,334
126,56,102
127,56,516
128,56,375
129,56,264
130,56,812
131,56,985
132,56,16
133,56,518
134,56,619
135,56,47
136,56,224
137,56,978
138,56,482
139,56,243
140,56,250
141,56,724
142,56,607
143,56,114
144,56,173
145,56,723
146,56,852
147,56,242
148,56,190
149,56,96
150,56,955
151,56,550
152,56,534
153,56,319
154,56,75
155,56,695
156,56,11
157,56,920
158,56,635
159,56,785
160,56,104
161,56,504
162,56,120
163,56,98
164,56,433
165,56,35
166,56,277
167,56,838
168,56,961
169,56,531
170,56,462
171,56,473
172,56,298
173,56,165
174,56,864
175,56,854
176,56,115
177,56,662
178,56,878
179,56,326
180,56,1003
181,56,921
182,56,809
183,56,988
184,56,261
185,56,597
186,56,843
187,56,20
188,56,256
189,56,743
190,56,437
191,56,525
192,56,237
193,56,970
194,56,580
195,56,938
196,56,490
197,56,957
198,56,313
199,56,309
200,56,410
201,56,981
202,56,980
203,56,962
204,56,80
205,56,414
206,56,709
207,56,201
208,56,571
209,56,914
210,56,218
211,56,667
212,56,960
213,56,135
214,56,179
215,56,161
216,56,916
217,56,772
218,56,566
219,56,929
220,56,953
221,56,77
222,56,156
223,56,753
224,56,787
225,56,610
226,56,972
227,56,1020
228,56,171
229,56,908
230,56,251
231,56,27
232,56,36
233,56,184
234,56,857
235,56,219
236,56,28
237,56,157
238,56,996
239,56,453
240,56,205
241,56,494
242,56,58
243,56,794
244,56,532
245,56,986
246,56,777
247,56,393
248,56,112
249,56,318
250,56,373
251,56,982
252,56,700
253,56,88
254,56,148
255,56,160
256,56,345
257,56,944
258,56,5
259,56,965
260,56,34
261,56,646
262,56,763
263,56,509
264,56,827
265,56,429
266,56,127
267,56,139
268,56,9
269,56,627
270,56,390
271,56,555
272,56,350
273,56,223
274,56,549
275,56,214
276,56,226
277,56,545
278,56,503
279,56,797
280,56,919
281,56,294
282,56,216
283,56,869
284,56,193
285,56,204
286,56,930
287,56,697
288,56,842
289,56,515
290,56,213
291,56,202
292,56,656
293,56,140
294,56,541
295,56,630
296,56,392
297,56,535
298,56,241
299,56,93
300,56,454
301,56,739
302,56,41
303,56,663
304,56,511
305,56,12
306,56,821
307,56,386
308,56,379
309,56,420
310,56,725
311,56,527
312,56,315
313,56,333
314,56,837
315,56,813
316,56,119
317,56,424
318,56,668
319,56,728
320,56,959
321,56,632
322,56,992
323,56,496
324,56,8
325,56,197
326,56,381
327,56,658
328,56,132
329,56,1016
330,56,110
331,56,285
332,56,894
333,56,689
334,56,792
335,56,369
336,56,228
337,56,236
338,56,70
339,56,701
340,56,947
341,56,699
342,56,464
343,56,39
344,56,54
345,56,1005
346,56,856
347,56,30
348,56,737
349,56,976
350,56,570
351,56,51
352,56,912
353,56,325
354,56,442
355,56,707
356,56,991
357,56,799
358,56,552
359,56,499
360,56,421
361,56,460
362,56,1012
363,56,147
364,56,1018
365,56,893
366,56,865
367,56,85
368,56,681
369,56,164
370,56,162
371,56,922
372,56,106
373,56,451
374,56,45
375,56,826
376,56,751
377,56,544
378,56,849
379,56,834
380,56,559
381,56,355
382,56,673
383,56,664
384,56,682
385,56,305
386,56,568
387,56,828
388,56,892
389,56,776
390,56,343
391,56,895
392,56,888
393,56,875
394,56,862
395,56,286
396,56,43
397,56,523
398,56,349
399,56,245
0,57,301
1,57,150
2,57,29
3,57,683
4,57,443
5,57,954
6,57,1006
7,57,669
8,57,311
9,57,463
10,57,557
11,57,105
12,57,187
13,57,786
14,57,698
15,57,618
16,57,784
17,57,1008
18,57,520
19,57,185
20,57,710
21,57,0
22,57,554
23,57,230
24,57,713
25,57,246
26,57,155
27,57,287
28,57,901
29,57,142
30,57,304
31,57,492
32,57,1013
33,57,48
34,57,643
35,57,149
36,57,440
37,57,380
38,57,906
39,57,717
40,57,997
41,57,603
42,57,665
43,57,107
44,57,67
45,57,867
46,57,911
47,57,6
48,57,540
49,57,767
50,57,524
51,57,915
52,57,783
53,57,487
54,57,933
55,57,1002
56,57,537
57,57,266
58,57,474
59,57,362
60,57,839
61,57,476
62,57,919
63,57,847
64,57,775
65,57,521
66,57,584
67,57,877
68,57,432
69,57,749
70,57,650
71,57,363
72,57,649
73,57,1010
74,57,215
75,57,506
76,57,616
77,57,297
78,57,484
79,57,779
80,57,891
81,57,755
82,57,356
83,57,99
84,57,283
85,57,538
86,57,983
87,57,186
88,57,966
89,57,686
90,57,973
91,57,170
92,57,814
93,57,220
94,57,890
95,57,887
96,57,252
97,57,883
98,57,435
99,57,617
100,57,924
101,57,770
102,57,560
103,57,652
104,57,539
105,57,614
106,57,137
107,57,267
108,57,239
109,57,654
110,57,81
111,57,449
112,57,60
113,57,790
114,57,434
115,57,450
116,57,30
117,57,44
118,57,101
119,57,606
120,57,868
121,57,431
122,57,730
123,57,748
124,57,176
125,57,334
126,57,102
127,57,516
128,57,375
129,57,264
130,57,812
131,57,985
132,57,16
133,57,518
134,57,619
135,57,47
136,57,224
137,57,978
138,57,482
139,57,243
140,57,250
141,57,724
142,57,607
143,57,114
144,57,173
145,57,723
146,57,852
147,57,242
148,57,190
149,57,96
150,57,955
151,57,550
152,57,534
153,57,319
154,57,75
155,57,695
156,57,11
157,57,952
158,57,635
159,57,785
160,57,104
161,57,504
162,57,120
163,57,98
164,57,433
165,57,35
166,57,277
167,57,838
168,57,961
169,57,531
170,57,462
171,57,473
172,57,298
173,57,165
174,57,896
175,57,854
176,57,115
177,57,630
178,57,878
179,57,326
180,57,1003
181,57,921
182,57,809
183,57,988
184,57,261
185,57,597
186,57,843
187,57,20
188,57,256
189,57,743
190,57,437
191,57,525
192,57,237
193,57,970
194,57,580
195,57,938
196,57,490
197,57,957
198,57,313
199,57,309
200,57,410
201,57,981
202,57,980
203,57,962
204,57,80
205,57,414
206,57,709
207,57,201
208,57,571
209,57,914
210,57,218
211,57,667
212,57,960
213,57,135
214,57,179
215,57,161
216,57,916
217,57,772
218,57,566
219,57,929
220,57,953
221,57,77
222,57,156
223,57,753
224,57,787
225,57,610
226,57,972
227,57,1020
228,57,203
229,57,908
230,57,251
231,57,27
232,57,36
233,57,184
234,57,857
235,57,219
236,57,28
237,57,157
238,57,996
239,57,454
240,57,205
241,57,494
242,57,58
243,57,794
244,57,532
245,57,987
246,57,777
247,57,393
248,57,112
249,57,318
250,57,373
251,57,982
252,57,700
253,57,88
254,57,148
255,57,160
256,57,345
257,57,944
258,57,5
259,57,965
260,57,34
261,57,646
262,57,763
263,57,509
264,57,827
265,57,429
266,57,127
267,57,171
268,57,9
269,57,627
270,57,390
271,57,555
272,57,350
273,57,223
274,57,549
275,57,214
276,57,226
277,57,545
278,57,503
279,57,797
280,57,920
281,57,294
282,57,216
283,57,869
284,57,193
285,57,204
286,57,930
287,57,697
288,57,842
289,57,515
290,57,213
291,57,202
292,57,656
293,57,140
294,57,541
295,57,598
296,57,392
297,57,535
298,57,241
299,57,93
300,57,422
301,57,739
302,57,41
303,57,662
304,57,511
305,57,12
306,57,821
307,57,386
308,57,379
309,57,420
310,57,725
311,57,527
312,57,315
313,57,333
314,57,837
315,57,813
316,57,119
317,57,424
318,57,668
319,57,728
320,57,959
321,57,632
322,57,992
323,57,496
324,57,8
325,57,197
326,57,381
327,57,658
328,57,132
329,57,1017
330,57,110
331,57,285
332,57,894
333,57,689
334,57,792
335,57,369
336,57,228
337,57,236
338,57,70
339,57,701
340,57,947
341,57,699
342,57,464
343,57,39
344,57,54
345,57,1005
346,57,856
347,57,62
348,57,737
349,57,976
350,57,570
351,57,51
352,57,912
353,57,325
354,57,442
355,57,707
356,57,991
357,57,799
358,57,552
359,57,499
360,57,453
361,57,460
362,57,1012
363,57,147
364,57,1018
365,57,893
366,57,864
367,57,85
368,57,681
369,57,164
370,57,162
371,57,922
372,57,106
373,57,451
374,57,45
375,57,826
376,57,751
377,57,544
378,57,849
379,57,834
380,57,559
381,57,355
382,57,673
383,57,664
384,57,682
385,57,305
386,57,568
387,57,828
388,57,892
389,57,776
390,57,343
391,57,895
392,57,888
393,57,875
394,57,862
395,57,286
396,57,43
397,57,523
398,57,349
399,57,245
0,58,301
1,58,150
2,58,29
3,58,683
4,58,443
5,58,954
6,58,1006
7,58,669
8,58,311
9,58,463
10,58,557
11,58,105
12,58,187
13,58,786
14,58,698
15,58,618
16,58,784
17,58,1008
18,58,520
19,58,185
20,58,710
21,58,0
22,58,554
23,58,230
24,58,713
25,58,246
26,58,155
27,58,287
28,58,901
29,58,142
30,58,304
31,58,492
32,58,1013
33,58,48
34,58,643
35,58,149
36,58,440
37,58,380
38,58,906
39,58,717
40,58,997
41,58,603
42,58,665
43,58,107
44,58,67
45,58,867
46,58,911
47,58,6
48,58,540
49,58,767
50,58,524
51,58,915
52,58,783
53,58,487
54,58,933
55,58,1002
56,58,537
57,58,266
58,58,474
59,58,362
60,58,839
61,58,476
62,58,951
63,58,847
64,58,775
65,58,521
66,58,584
67,58,877
68,58,432
69,58,749
70,58,650
71,58,363
72,58,649
73,58,1010
74,58,215
75,58,506
76,58,616
77,58,297
78,58,484
79,58,779
80,58,891
81,58,755
82,58,356
83,58,99
84,58,283
85,58,538
86,58,983
87,58,186
88,58,966
89,58,686
90,58,973
91,58,170
92,58,814
93,58,220
94,58,890
95,58,887
96,58,252
97,58,883
98,58,435
99,58,617
100,58,924
101,58,770
102,58,560
103,58,652
104,58,539
105,58,614
106,58,137
107,58,267
108,58,239
109,58,654
110,58,81
111,58,449
112,58,60
113,58,790
114,58,434
115,58,450
116,58,31
117,58,44
118,58,101
119,58,606
120,58,868
121,58,431
122,58,730
123,58,748
124,58,176
125,58,334
126,58,102
127,58,516
128,58,375
129,58,264
130,58,812
131,58,985
132,58,16
133,58,518
134,58,619
135,58,47
136,58,224
137,58,978
138,58,482
139,58,243
140,58,250
141,58,724
142,58,607
143,58,114
144,58,173
145,58,723
146,58,852
147,58,242
148,58,190
149,58,96
150,58,955
151,58,550
152,58,534
153,58,319
154,58,75
155,58,695
156,58,11
157,58,952
158,58,635
159,58,785
160,58,104
161,58,504
162,58,120
163,58,98
164,58,433
165,58,35
166,58,277
167,58,838
168,58,961
169,58,531
170,58,462
171,58,473
172,58,298
173,58,165
174,58,864
175,58,854
176,58,115
177,58,662
178,58,878
179,58,326
180,58,1003
181,58,921
182,58,809
183,58,956
184,58,261
185,58,597
186,58,843
187,58,20
188,58,256
189,58,743
190,58,437
191,58,525
192,58,237
193,58,970
194,58,580
195,58,938
196,58,490
197,58,957
198,58,313
199,58,309
200,58,410
201,58,981
202,58,980
203,58,962
204,58,80
205,58,414
206,58,709
207,58,201
208,58,571
209,58,914
210,58,218
211,58,667
212,58,960
213,58,135
214,58,179
215,58,161
216,58,916
217,58,772
218,58,566
219,58,929
220,58,953
221,58,77
222,58,156
223,58,753
224,58,787
225,58,610
226,58,972
227,58,1020
228,58,235
229,58,908
230,58,251
231,58,27
232,58,36
233,58,184
234,58,857
235,58,219
236,58,28
237,58,157
238,58,996
239,58,453
240,58,205
241,58,494
242,58,58
243,58,794
244,58,532
245,58,988
246,58,777
247,58,393
248,58,112
249,58,318
250,58,373
251,58,982
252,58,700
253,58,88
254,58,148
255,58,160
256,58,345
257,58,944
258,58,5
259,58,965
260,58,34
261,58,646
262,58,763
263,58,509
264,58,827
265,58,429
266,58,127
267,58,203
268,58,9
269,58,627
270,58,390
271,58,555
272,58,350
273,58,223
274,58,549
275,58,214
276,58,226
277,58,545
278,58,503
279,58,797
280,58,919
281,58,294
282,58,216
283,58,869
284,58,193
285,58,204
286,58,930
287,58,697
288,58,842
289,58,515
290,58,213
291,58,202
292,58,656
293,58,140
294,58,541
295,58,630
296,58,392
297,58,535
298,58,241
299,58,93
300,58,454
301,58,739
302,58,41
303,58,663
304,58,511
305,58,12
306,58,821
307,58,386
308,58,379
309,58,420
310,58,725
311,58,527
312,58,315
313,58,333
314,58,837
315,58,813
316,58,119
317,58,424
318,58,668
319,58,728
320,58,959
321,58,632
322,58,992
323,58,496
324,58,8
325,58,197
326,58,381
327,58,658
328,58,132
329,58,1018
330,58,110
331,58,285
332,58,894
333,58,689
334,58,792
335,58,369
336,58,228
337,58,236
338,58,70
339,58,701
340,58,947
341,58,699
342,58,464
343,58,39
344,58,54
345,58,1005
346,58,856
347,58,30
348,58,737
349,58,976
350,58,570
351,58,51
352,58,912
353,58,325
354,58,442
355,58,707
356,58,991
357,58,799
358,58,552
359,58,499
360,58,421
361,58,460
362,58,1012
363,58,147
364,58,986
365,58,893
366,58,865
367,58,85
368,58,681
369,58,164
370,58,162
371,58,922
372,58,106
373,58,451
374,58,45
375,58,826
376,58,751
377,58,544
378,58,849
379,58,834
380,58,559
381,58,355
382,58,673
383,58,664
384,58,682
385,58,305
386,58,568
387,58,828
388,58,892
389,58,776
390,58,343
391,58,895
392,58,920
393,58,875
394,58,862
395,58,286
396,58,43
397,58,523
398,58,349
399,58,245
0,59,301
1,59,150
2,59,29
3,59,683
4,59,443
5,59,954
6,59,1006
7,59,669
8,59,311
9,59,463
10,59,557
11,59,105
12,59,187
13,59,786
14,59,698
15,59,618
16,59,784
17,59,1008
18,59,520
19,59,185
20,59,710
21,59,0
22,59,554
23,59,230
24,59,713
25,59,246
26,59,155
27,59,287
28,59,901
29,59,142
30,59,304
31,59,492
32,59,1013
33,59,48
34,59,643
35,59,149
36,59,440
37,59,380
38,59,906
39,59,717
40,59,997
41,59,603
42,59,665
43,59,107
44,59,67
45,59,867
46,59,911
47,59,6
48,59,540
49,59,767
50,59,524
51,59,915
52,59,783
53,59,487
54,59,933
55,59,1002
56,59,537
57,59,266
58,59,474
59,59,362
60,59,839
61,59,476
62,59,952
63,59,847
64,59,775
65,59,521
66,59,584
67,59,877
68,59,432
69,59,749
70,59,650
71,59,363
72,59,649
73,59,1010
74,59,215
75,59,506
76,59,616
77,59,297
78,59,484
79,59,779
80,59,891
81,59,755
82,59,356
83,59,99
84,59,283
85,59,538
86,59,983
87,59,186
88,59,966
89,59,686
90,59,973
91,59,170
92,59,814
93,59,220
94,59,890
95,59,887
96,59,252
97,59,883
98,59,435
99,59,617
100,59,924
101,59,770
102,59,560
103,59,652
104,59,539
105,59,614
106,59,137
107,59,267
108,59,239
109,59,654
110,59,81
111,59,449
112,59,60
113,59,790
114,59,434
115,59,450
116,59,30
117,59,44
118,59,101
119,59,606
120,59,868
121,59,431
122,59,730
123,59,748
124,59,176
125,59,334
126,59,102
127,59,516
128,59,375
129,59,264
130,59,812
131,59,985
132,59,16
133,59,518
134,59,619
135,59,47
136,59,224
137,59,978
138,59,482
139,59,243
140,59,250
141,59,724
142,59,607
143,59,114
144,59,173
145,59,723
146,59,852
147,59,242
148,59,190
149,59,96
150,59,955
151,59,550
152,59,534
153,59,319
154,59,75
155,59,695
156,59,11
157,59,920
158,59,635
159,59,785
160,59,104
161,59,504
162,59,120
163,59,98
164,59,433
165,59,35
166,59,277
167,59,838
168,59,961
169,59,531
170,59,462
171,59,473
172,59,298
173,59,165
174,59,865
175,59,854
176,59,115
177,59,663
178,59,878
179,59,326
180,59,1003
181,59,921
182,59,809
183,59,988
184,59,261
185,59,597
186,59,843
187,59,20
188,59,256
189,59,743
190,59,437
191,59,525
192,59,237
193,59,970
194,59,580
195,59,938
196,59,490
197,59,957
198,59,313
199,59,309
200,59,410
201,59,981
202,59,980
203,59,962
204,59,80
205,59,414
206,59,709
207,59,201
208,59,571
209,59,914
210,59,218
211,59,667
212,59,960
213,59,135
214,59,179
215,59,161
216,59,916
217,59,772
218,59,566
219,59,929
220,59,953
221,59,77
222,59,156
223,59,753
224,59,787
225,59,610
226,59,972
227,59,1020
228,59,234
229,59,908
230,59,251
231,59,27
232,59,36
233,59,184
234,59,857
235,59,219
236,59,28
237,59,157
238,59,996
239,59,421
240,59,205
241,59,494
242,59,58
243,59,794
244,59,532
245,59,989
246,59,777
247,59,393
248,59,112
249,59,318
250,59,373
251,59,982
252,59,700
253,59,88
254,59,148
255,59,160
256,59,345
257,59,944
258,59,5
259,59,965
260,59,34
261,59,646
262,59,763
263,59,509
264,59,827
265,59,429
266,59,127
267,59,235
268,59,9
269,59,627
270,59,390
271,59,555
272,59,350
273,59,223
274,59,549
275,59,214
276,59,226
277,59,545
278,59,503
279,59,797
280,59,951
281,59,294
282,59,216
283,59,869
284,59,193
285,59,204
286,59,930
287,59,697
288,59,842
289,59,515
290,59,213
291,59,202
292,59,656
293,59,140
294,59,541
295,59,630
296,59,392
297,59,535
298,59,241
299,59,93
300,59,454
301,59,739
302,59,41
303,59,631
304,59,511
305,59,12
306,59,821
307,59,386
308,59,379
309,59,388
310,59,725
311,59,527
312,59,315
313,59,333
314,59,837
315,59,813
316,59,119
317,59,424
318,59,668
319,59,728
320,59,959
321,59,632
322,59,992
323,59,496
324,59,8
325,59,197
326,59,381
327,59,658
328,59,132
329,59,1019
330,59,110
331,59,285
332,59,894
333,59,689
334,59,792
335,59,369
336,59,228
337,59,236
338,59,70
339,59,701
340,59,947
341,59,699
342,59,464
343,59,39
344,59,54
345,59,1005
346,59,856
347,59,62
348,59,737
349,59,976
350,59,570
351,59,51
352,59,912
353,59,325
354,59,442
355,59,707
356,59,991
357,59,799
358,59,552
359,59,499
360,59,420
361,59,460
362,59,1012
363,59,147
364,59,1018
365,59,893
366,59,897
367,59,85
368,59,681
369,59,164
370,59,162
371,59,922
372,59,106
373,59,451
374,59,45
375,59,826
376,59,751
377,59,544
378,59,849
379,59,834
380,59,559
381,59,355
382,59,673
383,59,664
384,59,682
385,59,305
386,59,568
387,59,828
388,59,892
389,59,776
390,59,343
391,59,895
392,59,888
393,59,875
394,59,862
395,59,286
396,59,43
397,59,523
398,59,349
399,59,245
0,60,301
1,60,150
2,60,29
3,60,683
4,60,443
5,60,954
6,60,1006
7,60,669
8,60,311
9,60,463
10,60,557
11,60,105
12,60,187
13,60,786
14,60,698
15,60,618
16,60,784
17,60,1008
18,60,520
19,60,185
20,60,710
21,60,0
22,60,554
23,60,230
24,60,713
25,60,246
26,60,155
27,60,287
28,60,901
29,60,142
30,60,304
31,60,492
32,60,1013
33,60,48
34,60,643
35,60,149
36,60,440
37,60,380
38,60,906
39,60,717
40,60,997
41,60,603
42,60,665
43,60,107
44,60,67
45,60,867
46,60,911
47,60,6
48,60,540
49,60,767
50,60,524
51,60,915
52,60,783
53,60,487
54,60,933
55,60,1002
56,60,537
57,60,266
58,60,474
59,60,362
60,60,839
61,60,476
62,60,920
63,60,847
64,60,775
65,60,521
66,60,584
67,60,877
68,60,432
69,60,749
70,60,650
71,60,363
72,60,649
73,60,1010
74,60,215
75,60,506
76,60,616
77,60,297
78,60,484
79,60,779
80,60,891
81,60,755
82,60,356
83,60,99
84,60,283
85,60,538
86,60,983
87,60,186
88,60,966
89,60,686
90,60,973
91,60,170
92,60,814
93,60,220
94,60,890
95,60,887
96,60,252
97,60,883
98,60,435
99,60,617
100,60,924
101,60,770
102,60,560
103,60,652
104,60,539
105,60,614
106,60,137
107,60,267
108,60,239
109,60,654
110,60,81
111,60,449
112,60,60
113,60,790
114,60,434
115,60,450
116,60,31
117,60,44
118,60,101
119,60,606
120,60,868
121,60,431
122,60,730
123,60,748
124,60,176
125,60,334
126,60,102
127,60,516
128,60,375
129,60,264
130,60,812
131,60,985
132,60,16
133,60,518
134,60,619
135,60,47
136,60,224
137,60,978
138,60,482
139,60,243
140,60,250
141,60,724
142,60,607
143,60,114
144,60,173
145,60,723
146,60,852
147,60,242
148,60,190
149,60,96
150,60,955
151,60,550
152,60,534
153,60,319
154,60,75
155,60,695
156,60,11
157,60,888
158,60,635
159,60,785
160,60,104
161,60,504
162,60,120
163,60,98
164,60,433
165,60,35
166,60,277
167,60,838
168,60,961
169,60,531
170,60,462
171,60,473
172,60,298
173,60,165
174,60,864
175,60,854
176,60,115
177,60,662
178,60,878
179,60,326
180,60,1003
181,60,921
182,60,809
183,60,988
184,60,261
185,60,597
186,60,843
187,60,20
188,60,256
189,60,743
190,60,437
191,60,525
192,60,237
193,60,970
194,60,580
195,60,938
196,60,490
197,60,957
198,60,313
199,60,309
200,60,410
201,60,981
202,60,980
203,60,962
204,60,80
205,60,414
206,60,709
207,60,201
208,60,571
209,60,914
210,60,218
211,60,667
212,60,960
213,60,135
214,60,179
215,60,161
216,60,916
217,60,772
218,60,566
219,60,929
220,60,953
221,60,77
222,60,156
223,60,753
224,60,787
225,60,610
226,60,972
227,60,1021
228,60,235
229,60,908
230,60,251
231,60,27
232,60,36
233,60,184
234,60,857
235,60,219
236,60,28
237,60,157
238,60,996
239,60,453
240,60,205
241,60,494
242,60,58
243,60,794
244,60,532
245,60,989
246,60,777
247,60,393
248,60,112
249,60,318
250,60,373
251,60,982
252,60,700
253,60,88
254,60,148
255,60,160
256,60,345
257,60,944
258,60,5
259,60,965
260,60,34
261,60,646
262,60,763
263,60,509
264,60,827
265,60,429
266,60,127
267,60,203
268,60,9
269,60,627
270,60,390
271,60,555
272,60,350
273,60,223
274,60,549
275,60,214
276,60,226
277,60,545
278,60,503
279,60,797
280,60,951
281,60,294
282,60,216
283,60,869
284,60,193
285,60,204
286,60,930
287,60,697
288,60,842
289,60,515
290,60,213
291,60,202
292,60,656
293,60,140
294,60,541
295,60,630
296,60,392
297,60,535
298,60,241
299,60,93
300,60,454
301,60,739
302,60,41
303,60,663
304,60,511
305,60,12
306,60,821
307,60,386
308,60,379
309,60,420
310,60,725
311,60,527
312,60,315
313,60,333
314,60,837
315,60,813
316,60,119
317,60,424
318,60,668
319,60,728
320,60,959
321,60,632
322,60,992
323,60,496
324,60,8
325,60,197
326,60,381
327,60,658
328,60,132
329,60,1020
330,60,110
331,60,285
332,60,894
333,60,689
334,60,792
335,60,369
336,60,228
337,60,236
338,60,70
339,60,701
340,60,947
341,60,699
342,60,464
343,60,39
344,60,54
345,60,1005
346,60,824
347,60,30
348,60,737
349,60,976
350,60,570
351,60,51
352,60,912
353,60,325
354,60,442
355,60,707
356,60,991
357,60,799
358,60,552
359,60,499
360,60,421
361,60,460
362,60,1012
363,60,147
364,60,1018
365,60,893
366,60,865
367,60,85
368,60,681
369,60,164
370,60,162
371,60,922
372,60,106
373,60,451
374,60,45
375,60,826
376,60,751
377,60,544
378,60,849
379,60,834
380,60,559
381,60,355
382,60,673
383,60,664
384,60,682
385,60,305
386,60,568
387,60,828
388,60,892
389,60,776
390,60,343
391,60,895
392,60,856
393,60,875
394,60,862
395,60,286
396,60,43
397,60,523
398,60,349
399,60,245
0,61,301
1,61,150
2,61,29
3,61,683
4,61,443
5,61,954
6,61,1006
7,61,669
8,61,311
9,61,463
10,61,557
11,61,105
12,61,187
13,61,786
14,61,698
15,61,618
16,61,784
17,61,1008
18,61,520
19,61,185
20,61,710
21,61,0
22,61,554
23,61,230
24,61,713
25,61,246
26,61,155
27,61,287
28,61,901
29,61,142
30,61,304
31,61,492
32,61,1013
33,61,48
34,61,643
35,61,149
36,61,440
37,61,380
38,61,906
39,61,717
40,61,997
41,61,603
42,61,665
43,61,107
44,61,67
45,61,867
46,61,911
47,61,6
48,61,540
49,61,767
50,61,524
51,61,915
52,61,783
53,61,487
54,61,933
55,61,1002
56,61,537
57,61,266
58,61,474
59,61,362
60,61,839
61,61,476
62,61,919
63,61,847
64,61,775
65,61,521
66,61,584
67,61,877
68,61,432
69,61,749
70,61,650
71,61,363
72,61,649
73,61,1010
74,61,215
75,61,506
76,61,616
77,61,297
78,61,484
79,61,779
80,61,891
81,61,755
82,61,356
83,61,99
84,61,283
85,61,538
86,61,983
87,61,186
88,61,966
89,61,686
90,61,973
91,61,170
92,61,814
93,61,220
94,61,890
95,61,887
96,61,252
97,61,883
98,61,435
99,61,617
100,61,924
101,61,770
102,61,560
103,61,652
104,61,539
105,61,614
106,61,137
107,61,267
108,61,239
109,61,654
110,61,81
111,61,449
112,61,60
113,61,790
114,61,434
115,61,450
116,61,30
117,61,44
118,61,101
119,61,606
120,61,868
121,61,431
122,61,730
123,61,748
124,61,176
125,61,334
126,61,102
127,61,516
128,61,375
129,61,264
130,61,812
131,61,985
132,61,16
133,61,518
134,61,619
135,61,47
136,61,224
137,61,978
138,61,482
139,61,243
140,61,250
141,61,724
142,61,607
143,61,114
144,61,173
145,61,723
146,61,852
147,61,242
148,61,190
149,61,96
150,61,955
151,61,550
152,61,534
153,61,319
154,61,75
155,61,695
156,61,11
157,61,920
158,61,635
159,61,785
160,61,104
161,61,504
162,61,120
163,61,98
164,61,433
165,61,35
166,61,277
167,61,838
168,61,961
169,61,531
170,61,462
171,61,473
172,61,298
173,61,165
174,61,896
175,61,854
176,61,115
177,61,630
178,61,878
179,61,326
180,61,1003
181,61,921
182,61,809
183,61,988
184,61,261
185,61,597
186,61,843
187,61,20
188,61,256
189,61,743
190,61,437
191,61,525
192,61,237
193,61,970
194,61,580
195,61,938
196,61,490
197,61,957
198,61,313
199,61,309
200,61,410
201,61,981
202,61,980
203,61,962
204,61,80
205,61,414
206,61,709
207,61,201
208,61,571
209,61,914
210,61,218
211,61,667
212,61,960
213,61,135
214,61,179
215,61,161
216,61,916
217,61,772
218,61,566
219,61,929
220,61,953
221,61,77
222,61,156
223,61,753
224,61,787
225,61,610
226,61,972
227,61,1022
228,61,203
229,61,908
230,61,251
231,61,27
232,61,36
233,61,184
234,61,857
235,61,219
236,61,28
237,61,157
238,61,996
239,61,454
240,61,205
241,61,494
242,61,58
243,61,794
244,61,532
245,61,989
246,61,777
247,61,393
248,61,112
249,61,318
250,61,373
251,61,982
252,61,700
253,61,88
254,61,148
255,61,160
256,61,345
257,61,944
258,61,5
259,61,965
260,61,34
261,61,646
262,61,763
263,61,509
264,61,827
265,61,429
266,61,127
267,61,171
268,61,9
269,61,627
270,61,390
271,61,555
272,61,350
273,61,223
274,61,549
275,61,214
276,61,226
277,61,545
278,61,503
279,61,797
280,61,951
281,61,294
282,61,216
283,61,869
284,61,193
285,61,204
286,61,930
287,61,697
288,61,842
289,61,515
290,61,213
291,61,202
292,61,656
293,61,140
294,61,541
295,61,598
296,61,392
297,61,535
298,61,241
299,61,93
300,61,422
301,61,739
302,61,41
303,61,662
304,61,511
305,61,12
306,61,821
307,61,386
308,61,379
309,61,420
310,61,725
311,61,527
312,61,315
313,61,333
314,61,837
315,61,813
316,61,119
317,61,424
318,61,668
319,61,728
320,61,959
321,61,632
322,61,992
323,61,496
324,61,8
325,61,197
326,61,381
327,61,658
328,61,132
329,61,1021
330,61,110
331,61,285
332,61,894
333,61,689
334,61,792
335,61,369
336,61,228
337,61,236
338,61,70
339,61,701
340,61,947
341,61,699
342,61,464
343,61,39
344,61,54
345,61,1005
346,61,856
347,61,62
348,61,737
349,61,976
350,61,570
351,61,51
352,61,912
353,61,325
354,61,442
355,61,707
356,61,991
357,61,799
358,61,552
359,61,499
360,61,453
361,61,460
362,61,1012
363,61,147
364,61,1018
365,61,893
366,61,864
367,61,85
368,61,681
369,61,164
370,61,162
371,61,922
372,61,106
373,61,451
374,61,45
375,61,826
376,61,751
377,61,544
378,61,849
379,61,834
380,61,559
381,61,355
382,61,673
383,61,664
384,61,682
385,61,305
386,61,568
387,61,828
388,61,892
389,61,776
390,61,343
391,61,895
392,61,888
393,61,875
394,61,862
395,61,286
396,61,43
397,61,523
398,61,349
399,61,245
0,62,301
1,62,150
2,62,29
3,62,683
4,62,443
5,62,954
6,62,1006
7,62,669
8,62,311
9,62,463
10,62,557
11,62,105
12,62,187
13,62,786
14,62,698
15,62,618
16,62,784
17,62,1008
18,62,520
19,62,185
20,62,710
21,62,0
22,62,554
23,62,230
24,62,713
25,62,246
26,62,155
27,62,287
28,62,901
29,62,142
30,62,304
31,62,492
32,62,1013
33,62,48
34,62,643
35,62,149
36,62,440
37,62,380
38,62,906
39,62,717
40,62,997
41,62,603
42,62,665
43,62,107
44,62,67
45,62,867
46,62,911
47,62,6
48,62,540
49,62,767
50,62,524
51,62,915
52,62,783
53,62,487
54,62,933
55,62,1002
56,62,537
57,62,266
58,62,474
59,62,362
60,62,839
61,62,476
62,62,919
63,62,847
64,62,775
65,62,521
66,62,584
67,62,877
68,62,432
69,62,749
70,62,650
71,62,363
72,62,649
73,62,1010
74,62,215
75,62,506
76,62,616
77,62,297
78,62,484
79,62,779
80,62,891
81,62,755
82,62,356
83,62,99
84,62,283
85,62,538
86,62,983
87,62,186
88,62,966
89,62,686
90,62,973
91,62,170
92,62,814
93,62,220
94,62,890
95,62,887
96,62,252
97,62,883
98,62,435
99,62,617
100,62,924
101,62,770
102,62,560
103,62,652
104,62,539
105,62,614
106,62,137
107,62,267
108,62,239
109,62,654
110,62,81
111,62,449
112,62,60
113,62,790
114,62,434
115,62,450
116,62,31
117,62,44
118,62,101
119,62,606
120,62,868
121,62,431
122,62,730
123,62,748
124,62,176
125,62,334
126,62,102
127,62,516
128,62,375
129,62,264
130,62,812
131,62,985
132,62,16
133,62,518
134,62,619
135,62,47
136,62,224
137,62,978
138,62,482
139,62,243
140,62,250
141,62,724
142,62,607
143,62,114
144,62,173
145,62,723
146,62,852
147,62,242
148,62,190
149,62,96
150,62,955
151,62,550
152,62,534
153,62,319
154,62,75
155,62,695
156,62,11
157,62,952
158,62,635
159,62,785
160,62,104
161,62,504
162,62,120
163,62,98
164,62,433
165,62,35
166,62,277
167,62,838
168,62,961
169,62,531
170,62,462
171,62,473
172,62,298
173,62,165
174,62,864
175,62,854
176,62,115
177,62,662
178,62,878
179,62,326
180,62,1003
181,62,921
182,62,809
183,62,988
184,62,261
185,62,597
186,62,843
187,62,20
188,62,256
189,62,743
190,62,437
191,62,525
192,62,237
193,62,970
194,62,580
195,62,938
196,62,490
197,62,957
198,62,313
199,62,309
200,62,410
201,62,981
202,62,980
203,62,962
204,62,80
205,62,414
206,62,709
207,62,201
208,62,571
209,62,914
210,62,218
211,62,667
212,62,960
213,62,135
214,62,179
215,62,161
216,62,916
217,62,772
218,62,566
219,62,929
220,62,953
221,62,77
222,62,156
223,62,753
224,62,787
225,62,610
226,62,972
227,62,1021
228,62,171
229,62,908
230,62,251
231,62,27
232,62,36
233,62,184
234,62,857
235,62,219
236,62,28
237,62,157
238,62,996
239,62,453
240,62,205
241,62,494
242,62,58
243,62,794
244,62,532
245,62,990
246,62,777
247,62,393
248,62,112
249,62,318
250,62,373
251,62,982
252,62,700
253,62,88
254,62,148
255,62,160
256,62,345
257,62,944
258,62,5
259,62,965
260,62,34
261,62,646
262,62,763
263,62,509
264,62,827
265,62,429
266,62,127
267,62,139
268,62,9
269,62,627
270,62,390
271,62,555
272,62,350
273,62,223
274,62,549
275,62,214
276,62,226
277,62,545
278,62,503
279,62,797
280,62,951
281,62,294
282,62,216
283,62,869
284,62,193
285,62,204
286,62,930
287,62,697
288,62,842
289,62,515
290,62,213
291,62,202
292,62,656
293,62,140
294,62,541
295,62,630
296,62,392
297,62,535
298,62,241
299,62,93
300,62,454
301,62,739
302,62,41
303,62,663
304,62,511
305,62,12
306,62,821
307,62,386
308,62,379
309,62,420
310,62,725
311,62,527
312,62,315
313,62,333
314,62,837
315,62,813
316,62,119
317,62,424
318,62,668
319,62,728
320,62,959
321,62,632
322,62,992
323,62,496
324,62,8
325,62,197
326,62,381
327,62,658
328,62,132
329,62,989
330,62,110
331,62,285
332,62,894
333,62,689
334,62,792
335,62,369
336,62,228
337,62,236
338,62,70
339,62,701
340,62,947
341,62,699
342,62,464
343,62,39
344,62,54
345,62,1005
346,62,856
347,62,30
348,62,737
349,62,976
350,62,570
351,62,51
352,62,912
353,62,325
354,62,442
355,62,707
356,62,991
357,62,799
358,62,552
359,62,499
360,62,421
361,62,460
362,62,1012
363,62,147
364,62,1018
365,62,893
366,62,865
367,62,85
368,62,681
369,62,164
370,62,162
371,62,922
372,62,106
373,62,451
374,62,45
375,62,826
376,62,751
377,62,544
378,62,849
379,62,834
380,62,559
381,62,355
382,62,673
383,62,664
384,62,682
385,62,305
386,62,568
387,62,828
388,62,892
389,62,776
390,62,343
391,62,895
392,62,920
393,62,875
394,62,862
395,62,286
396,62,43
397,62,523
398,62,349
399,62,245
0,63,301
1,63,150
2,63,29
3,63,683
4,63,443
5,63,954
6,63,1006
7,63,669
8,63,311
9,63,463
10,63,557
11,63,105
12,63,187
13,63,786
14,63,698
15,63,618
16,63,784
17,63,1008
18,63,520
19,63,185
20,63,710
21,63,0
22,63,554
23,63,230
24,63,713
25,63,246
26,63,155
27,63,287
28,63,901
29,63,142
30,63,304
31,63,492
32,63,1013
33,63,48
34,63,643
35,63,149
36,63,440
37,63,380
38,63,906
39,63,717
40,63,997
41,63,603
42,63,665
43,63,107
44,63,67
45,63,867
46,63,911
47,63,6
48,63,540
49,63,767
50,63,524
51,63,915
52,63,783
53,63,487
54,63,933
55,63,1002
56,63,537
57,63,266
58,63,474
59,63,362
60,63,839
61,63,476
62,63,919
63,63,847
64,63,775
65,63,521
66,63,584
67,63,877
68,63,432
69,63,749
70,63,650
71,63,363
72,63,649
73,63,1010
74,63,215
75,63,506
76,63,616
77,63,297
78,63,484
79,63,779
80,63,891
81,63,755
82,63,356
83,63,99
84,63,283
85,63,538
86,63,983
87,63,186
88,63,966
89,63,686
90,63,973
91,63,170
92,63,814
93,63,220
94,63,890
95,63,887
96,63,252
97,63,883
98,63,435
99,63,617
100,63,924
101,63,770
102,63,560
103,63,652
104,63,539
105,63,614
106,63,137
107,63,267
108,63,239
109,63,654
110,63,81
111,63,449
112,63,60
113,63,790
114,63,434
115,63,450
116,63,30
117,63,44
118,63,101
119,63,606
120,63,868
121,63,431
122,63,730
123,63,748
124,63,176
125,63,334
126,63,102
127,63,516
128,63,375
129,63,264
130,63,812
131,63,985
132,63,16
133,63,518
134,63,619
135,63,47
136,63,224
137,63,978
138,63,482
139,63,243
140,63,250
141,63,724
142,63,607
143,63,114
144,63,173
145,63,723
146,63,852
147,63,242
148,63,190
149,63,96
150,63,955
151,63,550
152,63,534
153,63,319
154,63,75
155,63,695
156,63,11
157,63,952
158,63,635
159,63,785
160,63,104
161,63,504
162,63,120
163,63,98
164,63,433
165,63,35
166,63,277
167,63,838
168,63,961
169,63,531
170,63,462
171,63,473
172,63,298
173,63,165
174,63,865
175,63,854
176,63,115
177,63,663
178,63,878
179,63,326
180,63,1003
181,63,921
182,63,809
183,63,988
184,63,261
185,63,597
186,63,843
187,63,20
188,63,256
189,63,743
190,63,437
191,63,525
192,63,237
193,63,970
194,63,580
195,63,938
196,63,490
197,63,956
198,63,313
199,63,309
200,63,410
201,63,981
202,63,980
203,63,962
204,63,80
205,63,414
206,63,709
207,63,201
208,63,571
209,63,914
210,63,218
211,63,667
212,63,960
213,63,135
214,63,179
215,63,161
216,63,916
217,63,772
218,63,566
219,63,929
220,63,953
221,63,77
222,63,156
223,63,753
224,63,787
225,63,610
226,63,972
227,63,1020
228,63,203
229,63,908
230,63,251
231,63,27
232,63,36
233,63,184
234,63,857
235,63,219
236,63,28
237,63,157
238,63,996
239,63,421
240,63,205
241,63,494
242,63,58
243,63,794
244,63,532
245,63,989
246,63,777
247,63,393
248,63,112
249,63,318
250,63,373
251,63,982
252,63,700
253,63,88
254,63,148
255,63,160
256,63,345
257,63,944
258,63,5
259,63,965
260,63,34
261,63,646
262,63,763
263,63,509
264,63,827
265,63,429
266,63,127
267,63,171
268,63,9
269,63,627
270,63,390
271,63,555
272,63,350
273,63,223
274,63,549
275,63,214
276,63,226
277,63,545
278,63,503
279,63,797
280,63,951
281,63,294
282,63,216
283,63,869
284,63,193
285,63,204
286,63,930
287,63,697
288,63,842
289,63,515
290,63,213
291,63,202
292,63,656
293,63,140
294,63,541
295,63,630
296,63,392
297,63,535
298,63,241
299,63,93
300,63,454
301,63,739
302,63,41
303,63,631
304,63,511
305,63,12
306,63,821
307,63,386
308,63,379
309,63,388
310,63,725
311,63,527
312,63,315
313,63,333
314,63,837
315,63,813
316,63,119
317,63,424
318,63,668
319,63,728
320,63,959
321,63,632
322,63,992
323,63,496
324,63,8
325,63,197
326,63,381
327,63,658
328,63,132
329,63,957
330,63,110
331,63,285
332,63,894
333,63,689
334,63,792
335,63,369
336,63,228
337,63,236
338,63,70
339,63,701
340,63,947
341,63,699
342,63,464
343,63,39
344,63,54
345,63,1005
346,63,856
347,63,62
348,63,737
349,63,976
350,63,570
351,63,51
352,63,912
353,63,325
354,63,442
355,63,707
356,63,991
357,63,799
358,63,552
359,63,499
360,63,420
361,63,460
362,63,1012
363,63,147
364,63,1018
365,63,893
366,63,897
367,63,85
368,63,681
369,63,164
370,63,162
371,63,922
372,63,106
373,63,451
374,63,45
375,63,826
376,63,751
377,63,544
378,63,849
379,63,834
380,63,559
381,63,355
382,63,673
383,63,664
384,63,682
385,63,305
386,63,568
387,63,828
388,63,892
389,63,776
390,63,343
391,63,895
392,63,920
393,63,875
394,63,862
395,63,286
396,63,43
397,63,523
398,63,349
399,63,245
0,64,301
1,64,150
2,64,29
3,64,683
4,64,443
5,64,954
6,64,1006
7,64,669
8,64,311
9,64,463
10,64,557
11,64,105
12,64,187
13,64,786
14,64,698
15,64,618
16,64,784
17,64,1008
18,64,520
19,64,185
20,64,710
21,64,0
22,64,554
23,64,230
24,64,713
25,64,246
26,64,155
27,64,287
28,64,901
29,64,142
30,64,304
31,64,492
32,64,1013
33,64,48
34,64,643
35,64,149
36,64,440
37,64,380
38,64,906
39,64,717
40,64,997
41,64,603
42,64,665
43,64,107
44,64,67
45,64,867
46,64,911
47,64,6
48,64,540
49,64,767
50,64,524
51,64,915
52,64,783
53,64,487
54,64,933
55,64,1002
56,64,537
57,64,266
58,64,474
59,64,362
60,64,839
61,64,476
62,64,919
63,64,847
64,64,775
65,64,521
66,64,584
67,64,877
68,64,432
69,64,749
70,64,650
71,64,363
72,64,649
73,64,1010
74,64,215
75,64,506
76,64,616
77,64,297
78,64,484
79,64,779
80,64,891
81,64,755
82,64,356
83,64,99
84,64,283
85,64,538
86,64,983
87,64,186
88,64,966
89,64,686
90,64,973
91,64,170
92,64,814
93,64,220
94,64,890
95,64,887
96,64,252
97,64,883
98,64,435
99,64,617
100,64,924
101,64,770
102,64,560
103,64,652
104,64,539
105,64,614
106,64,137
107,64,267
108,64,239
109,64,654
110,64,81
111,64,449
112,64,60
113,64,790
114,64,434
115,64,450
116,64,31
117,64,44
118,64,101
119,64,606
120,64,868
121,64,431
122,64,730
123,64,748
124,64,176
125,64,334
126,64,102
127,64,516
128,64,375
129,64,264
130,64,812
131,64,985
132,64,16
133,64,518
134,64,619
135,64,47
136,64,224
137,64,978
138,64,482
139,64,243
140,64,250
141,64,724
142,64,607
143,64,114
144,64,173
145,64,723
146,64,852
147,64,242
148,64,190
149,64,96
150,64,955
151,64,550
152,64,534
153,64,319
154,64,75
155,64,695
156,64,11
157,64,952
158,64,635
159,64,785
160,64,104
161,64,504
162,64,120
163,64,98
164,64,433
165,64,35
166,64,277
167,64,838
168,64,961
169,64,531
170,64,462
171,64,473
172,64,298
173,64,165
174,64,864
175,64,854
176,64,115
177,64,662
178,64,878
179,64,326
180,64,1003
181,64,921
182,64,809
183,64,988
184,64,261
185,64,597
186,64,843
187,64,20
188,64,256
189,64,743
190,64,437
191,64,525
192,64,237
193,64,970
194,64,580
195,64,938
196,64,490
197,64,957
198,64,313
199,64,309
200,64,410
201,64,981
202,64,980
203,64,962
204,64,80
205,64,414
206,64,709
207,64,201
208,64,571
209,64,914
210,64,218
211,64,667
212,64,960
213,64,135
214,64,179
215,64,161
216,64,916
217,64,772
218,64,566
219,64,929
220,64,953
221,64,77
222,64,156
223,64,753
224,64,787
225,64,610
226,64,972
227,64,1020
228,64,235
229,64,908
230,64,251
231,64,27
232,64,36
233,64,184
234,64,857
235,64,219
236,64,28
237,64,157
238,64,996
239,64,453
240,64,205
241,64,494
242,64,58
243,64,794
244,64,532
245,64,989
246,64,777
247,64,393
248,64,112
249,64,318
250,64,373
251,64,982
252,64,700
253,64,88
254,64,148
255,64,160
256,64,345
257,64,944
258,64,5
259,64,965
260,64,34
261,64,646
262,64,763
263,64,509
264,64,827
265,64,429
266,64,127
267,64,203
268,64,9
269,64,627
270,64,390
271,64,555
272,64,350
273,64,223
274,64,549
275,64,214
276,64,226
277,64,545
278,64,503
279,64,797
280,64,951
281,64,294
282,64,216
283,64,869
284,64,193
285,64,204
286,64,930
287,64,697
288,64,842
289,64,515
290,64,213
291,64,202
292,64,656
293,64,140
294,64,541
295,64,630
296,64,392
297,64,535
298,64,241
299,64,93
300,64,454
301,64,739
302,64,41
303,64,663
304,64,511
305,64,12
306,64,821
307,64,386
308,64,379
309,64,420
310,64,725
311,64,527
312,64,315
313,64,333
314,64,837
315,64,813
316,64,119
317,64,424
318,64,668
319,64,728
320,64,959
321,64,632
322,64,992
323,64,496
324,64,8
325,64,197
326,64,381
327,64,658
328,64,132
329,64,925
330,64,110
331,64,285
332,64,894
333,64,689
334,64,792
335,64,369
336,64,228
337,64,236
338,64,70
339,64,701
340,64,947
341,64,699
342,64,464
343,64,39
344,64,54
345,64,1005
346,64,856
347,64,30
348,64,737
349,64,976
350,64,570
351,64,51
352,64,912
353,64,325
354,64,442
355,64,707
356,64,991
357,64,799
358,64,552
359,64,499
360,64,421
361,64,460
362,64,1012
363,64,147
364,64,1018
365,64,893
366,64,865
367,64,85
368,64,681
369,64,164
370,64,162
371,64,922
372,64,106
373,64,451
374,64,45
375,64,826
376,64,751
377,64,544
378,64,849
379,64,834
380,64,559
381,64,355
382,64,673
383,64,664
384,64,682
385,64,305
386,64,568
387,64,828
388,64,892
389,64,776
390,64,343
391,64,895
392,64,920
393,64,875
394,64,862
395,64,286
396,64,43
397,64,523
398,64,349
399,64,245
0,65,301
1,65,150
2,65,28
3,65,683
4,65,443
5,65,954
6,65,1006
7,65,669
8,65,311
9,65,463
10,65,557
11,65,105
12,65,187
13,65,786
14,65,698
15,65,618
16,65,784
17,65,1008
18,65,520
19,65,185
20,65,710
21,65,0
22,65,554
23,65,230
24,65,713
25,65,246
26,65,155
27,65,287
28,65,901
29,65,142
30,65,304
31,65,492
32,65,1013
33,65,48
34,65,643
35,65,149
36,65,440
37,65,380
38,65,906
39,65,717
40,65,997
41,65,603
42,65,665
43,65,107
44,65,67
45,65,867
46,65,911
47,65,6
48,65,540
49,65,767
50,65,524
51,65,915
52,65,783
53,65,487
54,65,933
55,65,1002
56,65,537
57,65,266
58,65,474
59,65,362
60,65,839
61,65,476
62,65,919
63,65,847
64,65,775
65,65,521
66,65,584
67,65,877
68,65,432
69,65,749
70,65,650
71,65,363
72,65,649
73,65,1010
74,65,215
75,65,506
76,65,616
77,65,297
78,65,484
79,65,779
80,65,891
81,65,755
82,65,356
83,65,99
84,65,283
85,65,538
86,65,983
87,65,186
88,65,966
89,65,686
90,65,973
91,65,170
92,65,814
93,65,220
94,65,890
95,65,887
96,65,252
97,65,883
98,65,435
99,65,617
100,65,924
101,65,770
102,65,560
103,65,652
104,65,539
105,65,614
106,65,137
107,65,267
108,65,239
109,65,654
110,65,81
111,65,449
112,65,60
113,65,790
114,65,434
115,65,450
116,65,30
117,65,44
118,65,101
119,65,606
120,65,868
121,65,431
122,65,730
123,65,748
124,65,176
125,65,334
126,65,102
127,65,516
128,65,375
129,65,264
130,65,812
131,65,985
132,65,16
133,65,518
134,65,619
135,65,47
136,65,224
137,65,978
138,65,482
139,65,243
140,65,250
141,65,724
142,65,607
143,65,114
144,65,173
145,65,723
146,65,852
147,65,242
148,65,190
149,65,96
150,65,955
151,65,550
152,65,534
153,65,319
154,65,75
155,65,695
156,65,11
157,65,952
158,65,635
159,65,785
160,65,104
161,65,504
162,65,120
163,65,98
164,65,433
165,65,35
166,65,277
167,65,838
168,65,961
169,65,531
170,65,462
171,65,473
172,65,298
173,65,165
174,65,896
175,65,854
176,65,115
177,65,630
178,65,878
179,65,326
180,65,1003
181,65,921
182,65,809
183,65,988
184,65,261
185,65,597
186,65,843
187,65,20
188,65,256
189,65,743
190,65,437
191,65,525
192,65,237
193,65,970
194,65,580
195,65,938
196,65,490
197,65,957
198,65,313
199,65,309
200,65,410
201,65,981
202,65,980
203,65,962
204,65,80
205,65,414
206,65,709
207,65,201
208,65,571
209,65,914
210,65,218
211,65,667
212,65,960
213,65,135
214,65,179
215,65,161
216,65,916
217,65,772
218,65,566
219,65,929
220,65,953
221,65,77
222,65,156
223,65,753
224,65,787
225,65,610
226,65,972
227,65,1020
228,65,234
229,65,908
230,65,251
231,65,59
232,65,36
233,65,184
234,65,857
235,65,219
236,65,27
237,65,157
238,65,996
239,65,454
240,65,205
241,65,494
242,65,58
243,65,794
244,65,532
245,65,989
246,65,777
247,65,393
248,65,112
249,65,318
250,65,373
251,65,982
252,65,700
253,65,88
254,65,148
255,65,160
256,65,345
257,65,944
258,65,5
259,65,965
260,65,34
261,65,646
262,65,763
263,65,509
264,65,827
265,65,429
266,65,127
267,65,235
268,65,9
269,65,627
270,65,390
271,65,555
272,65,350
273,65,223
274,65,549
275,65,214
276,65,226
277,65,545
278,65,503
279,65,797
280,65,951
281,65,294
282,65,216
283,65,869
284,65,193
285,65,204
286,65,930
287,65,697
288,65,842
289,65,515
290,65,213
291,65,202
292,65,656
293,65,140
294,65,541
295,65,598
296,65,392
297,65,535
298,65,241
299,65,93
300,65,422
301,65,739
302,65,41
303,65,662
304,65,511
305,65,12
306,65,821
307,65,386
308,65,379
309,65,420
310,65,725
311,65,527
312,65,315
313,65,333
314,65,837
315,65,813
316,65,119
317,65,424
318,65,668
319,65,728
320,65,959
321,65,632
322,65,992
323,65,496
324,65,8
325,65,197
326,65,381
327,65,658
328,65,132
329,65,925
330,65,110
331,65,285
332,65,894
333,65,689
334,65,792
335,65,369
336,65,228
337,65,236
338,65,70
339,65,701
340,65,947
341,65,699
342,65,464
343,65,39
344,65,54
345,65,1005
346,65,856
347,65,29
348,65,737
349,65,976
350,65,570
351,65,51
352,65,912
353,65,325
354,65,442
355,65,707
356,65,991
357,65,799
358,65,552
359,65,499
360,65,453
361,65,460
362,65,1012
363,65,147
364,65,1018
365,65,893
366,65,864
367,65,85
368,65,681
369,65,164
370,65,162
371,65,922
372,65,106
373,65,451
374,65,45
375,65,826
376,65,751
377,65,544
378,65,849
379,65,834
380,65,559
381,65,355
382,65,673
383,65,664
384,65,682
385,65,305
386,65,568
387,65,828
388,65,892
389,65,776
390,65,343
391,65,895
392,65,920
393,65,875
394,65,862
395,65,286
396,65,43
397,65,523
398,65,349
399,65,245
0,66,301
1,66,150
2,66,29
3,66,683
4,66,443
5,66,954
6,66,1006
7,66,669
8,66,311
9,66,463
10,66,557
11,66,105
12,66,187
13,66,786
14,66,698
15,66,618
16,66,784
17,66,1008
18,66,520
19,66,185
20,66,710
21,66,0
22,66,554
23,66,230
24,66,713
25,66,246
26,66,155
27,66,287
28,66,901
29,66,142
30,66,304
31,66,492
32,66,1013
33,66,48
34,66,643
35,66,149
36,66,440
37,66,380
38,66,906
39,66,717
40,66,997
41,66,603
42,66,665
43,66,107
44,66,67
45,66,867
46,66,911
47,66,6
48,66,540
49,66,767
50,66,524
51,66,915
52,66,783
53,66,487
54,66,933
55,66,1002
56,66,537
57,66,266
58,66,474
59,66,362
60,66,839
61,66,476
62,66,919
63,66,847
64,66,775
65,66,521
66,66,584
67,66,877
68,66,432
69,66,749
70,66,650
71,66,363
72,66,649
73,66,1010
74,66,215
75,66,506
76,66,616
77,66,297
78,66,484
79,66,779
80,66,891
81,66,755
82,66,356
83,66,99
84,66,283
85,66,538
86,66,983
87,66,186
88,66,966
89,66,686
90,66,973
91,66,170
92,66,814
93,66,220
94,66,890
95,66,887
96,66,252
97,66,883
98,66,435
99,66,617
100,66,924
101,66,770
102,66,560
103,66,652
104,66,539
105,66,614
106,66,137
107,66,267
108,66,239
109,66,654
110,66,81
111,66,449
112,66,60
113,66,790
114,66,434
115,66,450
116,66,62
117,66,44
118,66,101
119,66,606
120,66,868
121,66,431
122,66,730
123,66,748
124,66,176
125,66,334
126,66,102
127,66,516
128,66,375
129,66,264
130,66,812
131,66,985
132,66,16
133,66,518
134,66,619
135,66,47
136,66,224
137,66,978
138,66,482
139,66,243
140,66,250
141,66,724
142,66,607
143,66,114
144,66,173
145,66,723
146,66,852
147,66,242
148,66,190
149,66,96
150,66,955
151,66,550
152,66,534
153,66,319
154,66,75
155,66,695
156,66,11
157,66,952
158,66,635
159,66,785
160,66,104
161,66,504
162,66,120
163,66,98
164,66,433
165,66,35
166,66,277
167,66,838
168,66,961
169,66,531
170,66,462
171,66,473
172,66,298
173,66,165
174,66,864
175,66,854
176,66,115
177,66,662
178,66,878
179,66,326
180,66,1003
181,66,921
182,66,809
183,66,988
184,66,261
185,66,597
186,66,843
187,66,20
188,66,256
189,66,743
190,66,437
191,66,525
192,66,237
193,66,970
194,66,580
195,66,938
196,66,490
197,66,957
198,66,313
199,66,309
200,66,410
201,66,981
202,66,980
203,66,962
204,66,80
205,66,414
206,66,709
207,66,201
208,66,571
209,66,914
210,66,218
211,66,667
212,66,960
213,66,135
214,66,179
215,66,161
216,66,916
217,66,772
218,66,566
219,66,929
220,66,953
221,66,77
222,66,156
223,66,753
224,66,787
225,66,610
226,66,972
227,66,1020
228,66,235
229,66,908
230,66,251
231,66,27
232,66,36
233,66,184
234,66,857
235,66,219
236,66,28
237,66,157
238,66,996
239,66,453
240,66,205
241,66,494
242,66,58
243,66,794
244,66,532
245,66,989
246,66,777
247,66,393
248,66,112
249,66,318
250,66,373
251,66,982
252,66,700
253,66,88
254,66,148
255,66,160
256,66,345
257,66,944
258,66,5
259,66,965
260,66,34
261,66,646
262,66,763
263,66,509
264,66,827
265,66,429
266,66,127
267,66,203
268,66,9
269,66,627
270,66,390
271,66,555
272,66,350
273,66,223
274,66,549
275,66,214
276,66,226
277,66,545
278,66,503
279,66,797
280,66,951
281,66,294
282,66,216
283,66,869
284,66,193
285,66,204
286,66,930
287,66,697
288,66,842
289,66,515
290,66,213
291,66,202
292,66,656
293,66,140
294,66,541
295,66,630
296,66,392
297,66,535
298,66,241
299,66,93
300,66,454
301,66,739
302,66,41
303,66,663
304,66,511
305,66,12
306,66,821
307,66,386
308,66,379
309,66,420
310,66,725
311,66,527
312,66,315
313,66,333
314,66,837
315,66,813
316,66,119
317,66,424
318,66,668
319,66,728
320,66,959
321,66,632
322,66,992
323,66,496
324,66,8
325,66,197
326,66,381
327,66,658
328,66,132
329,66,925
330,66,110
331,66,285
332,66,894
333,66,689
334,66,792
335,66,369
336,66,228
337,66,236
338,66,70
339,66,701
340,66,947
341,66,699
342,66,464
343,66,39
344,66,54
345,66,1005
346,66,856
347,66,30
348,66,737
349,66,976
350,66,570
351,66,51
352,66,912
353,66,325
354,66,442
355,66,707
356,66,991
357,66,799
358,66,552
359,66,499
360,66,421
361,66,460
362,66,1012
363,66,147
364,66,1018
365,66,893
366,66,865
367,66,85
368,66,681
369,66,164
370,66,162
371,66,922
372,66,106
373,66,451
374,66,45
375,66,826
376,66,751
377,66,544
378,66,849
379,66,834
380,66,559
381,66,355
382,66,673
383,66,664
384,66,682
385,66,305
386,66,568
387,66,828
388,66,892
389,66,776
390,66,343
391,66,895
392,66,920
393,66,875
394,66,862
395,66,286
396,66,43
397,66,523
398,66,349
399,66,245
0,67,301
1,67,150
2,67,30
3,67,683
4,67,443
5,67,954
6,67,1006
7,67,669
8,67,311
9,67,463
10,67,557
11,67,105
12,67,187
13,67,786
14,67,698
15,67,618
16,67,784
17,67,1008
18,67,520
19,67,185
20,67,710
21,67,0
22,67,554
23,67,230
24,67,713
25,67,246
26,67,155
27,67,287
28,67,901
29,67,142
30,67,304
31,67,492
32,67,1013
33,67,48
34,67,643
35,67,149
36,67,440
37,67,380
38,67,906
39,67,717
40,67,997
41,67,603
42,67,665
43,67,107
44,67,67
45,67,867
46,67,911
47,67,6
48,67,540
49,67,767
50,67,524
51,67,915
52,67,783
53,67,487
54,67,933
55,67,1002
56,67,537
57,67,266
58,67,474
59,67,362
60,67,839
61,67,476
62,67,919
63,67,847
64,67,775
65,67,521
66,67,584
67,67,877
68,67,432
69,67,749
70,67,650
71,67,363
72,67,649
73,67,1010
74,67,215
75,67,506
76,67,616
77,67,297
78,67,484
79,67,779
80,67,891
81,67,755
82,67,356
83,67,99
84,67,283
85,67,538
86,67,983
87,67,186
88,67,966
89,67,686
90,67,973
91,67,170
92,67,814
93,67,220
94,67,890
95,67,887
96,67,252
97,67,883
98,67,435
99,67,617
100,67,924
101,67,770
102,67,560
103,67,652
104,67,539
105,67,614
106,67,137
107,67,267
108,67,239
109,67,654
110,67,81
111,67,449
112,67,60
113,67,790
114,67,434
115,67,450
116,67,62
117,67,44
118,67,101
119,67,606
120,67,868
121,67,431
122,67,730
123,67,748
124,67,176
125,67,334
126,67,102
127,67,516
128,67,375
129,67,264
130,67,812
131,67,985
132,67,16
133,67,518
134,67,619
135,67,47
136,67,224
137,67,978
138,67,482
139,67,243
140,67,250
141,67,724
142,67,607
143,67,114
144,67,173
145,67,723
146,67,852
147,67,242
148,67,190
149,67,96
150,67,955
151,67,550
152,67,534
153,67,319
154,67,75
155,67,695
156,67,11
157,67,952
158,67,635
159,67,785
160,67,104
161,67,504
162,67,120
163,67,98
164,67,433
165,67,35
166,67,277
167,67,838
168,67,961
169,67,531
170,67,462
171,67,473
172,67,298
173,67,165
174,67,865
175,67,854
176,67,115
177,67,663
178,67,878
179,67,326
180,67,1003
181,67,921
182,67,809
183,67,988
184,67,261
185,67,597
186,67,843
187,67,20
188,67,256
189,67,743
190,67,437
191,67,525
192,67,237
193,67,970
194,67,580
195,67,938
196,67,490
197,67,957
198,67,313
199,67,309
200,67,410
201,67,981
202,67,980
203,67,962
204,67,80
205,67,414
206,67,709
207,67,201
208,67,571
209,67,914
210,67,218
211,67,667
212,67,960
213,67,135
214,67,179
215,67,161
216,67,916
217,67,772
218,67,566
219,67,929
220,67,953
221,67,77
222,67,156
223,67,753
224,67,787
225,67,610
226,67,972
227,67,1020
228,67,203
229,67,908
230,67,251
231,67,27
232,67,36
233,67,184
234,67,857
235,67,219
236,67,29
237,67,157
238,67,996
239,67,421
240,67,205
241,67,494
242,67,58
243,67,794
244,67,532
245,67,989
246,67,777
247,67,393
248,67,112
249,67,318
250,67,373
251,67,982
252,67,700
253,67,88
254,67,148
255,67,160
256,67,345
257,67,944
258,67,5
259,67,965
260,67,34
261,67,646
262,67,763
263,67,509
264,67,827
265,67,429
266,67,127
267,67,171
268,67,9
269,67,627
270,67,390
271,67,555
272,67,350
273,67,223
274,67,549
275,67,214
276,67,226
277,67,545
278,67,503
279,67,797
280,67,951
281,67,294
282,67,216
283,67,869
284,67,193
285,67,204
286,67,930
287,67,697
288,67,842
289,67,515
290,67,213
291,67,202
292,67,656
293,67,140
294,67,541
295,67,630
296,67,392
297,67,535
298,67,241
299,67,93
300,67,454
301,67,739
302,67,41
303,67,631
304,67,511
305,67,12
306,67,821
307,67,386
308,67,379
309,67,388
310,67,725
311,67,527
312,67,315
313,67,333
314,67,837
315,67,813
316,67,119
317,67,424
318,67,668
319,67,728
320,67,959
321,67,632
322,67,992
323,67,496
324,67,8
325,67,197
326,67,381
327,67,658
328,67,132
329,67,925
330,67,110
331,67,285
332,67,894
333,67,689
334,67,792
335,67,369
336,67,228
337,67,236
338,67,70
339,67,701
340,67,947
341,67,699
342,67,464
343,67,39
344,67,54
345,67,1005
346,67,856
347,67,31
348,67,737
349,67,976
350,67,570
351,67,51
352,67,912
353,67,325
354,67,442
355,67,707
356,67,991
357,67,799
358,67,552
359,67,499
360,67,420
361,67,460
362,67,1012
363,67,147
364,67,1018
365,67,893
366,67,897
367,67,85
368,67,681
369,67,164
370,67,162
371,67,922
372,67,106
373,67,451
374,67,45
375,67,826
376,67,751
377,67,544
378,67,849
379,67,834
380,67,559
381,67,355
382,67,673
383,67,664
384,67,682
385,67,305
386,67,568
387,67,828
388,67,892
389,67,776
390,67,343
391,67,895
392,67,920
393,67,875
394,67,862
395,67,286
396,67,43
397,67,523
398,67,349
399,67,245
0,68,301
1,68,150
2,68,30
3,68,683
4,68,443
5,68,954
6,68,1006
7,68,669
8,68,311
9,68,463
10,68,557
11,68,105
12,68,187
13,68,786
14,68,698
15,68,618
16,68,784
17,68,1008
18,68,520
19,68,185
20,68,710
21,68,0
22,68,554
23,68,230
24,68,713
25,68,246
26,68,155
27,68,287
28,68,901
29,68,142
30,68,304
31,68,492
32,68,1013
33,68,48
34,68,643
35,68,149
36,68,440
37,68,380
38,68,906
39,68,717
40,68,997
41,68,603
42,68,665
43,68,107
44,68,67
45,68,867
46,68,911
47,68,6
48,68,540
49,68,767
50,68,524
51,68,915
52,68,783
53,68,487
54,68,933
55,68,1002
56,68,537
57,68,266
58,68,474
59,68,362
60,68,839
61,68,476
62,68,919
63,68,847
64,68,775
65,68,521
66,68,584
67,68,877
68,68,432
69,68,749
70,68,650
71,68,363
72,68,649
73,68,1010
74,68,215
75,68,506
76,68,616
77,68,297
78,68,484
79,68,779
80,68,891
81,68,755
82,68,356
83,68,99
84,68,283
85,68,538
86,68,983
87,68,186
88,68,966
89,68,686
90,68,973
91,68,170
92,68,814
93,68,220
94,68,890
95,68,887
96,68,252
97,68,883
98,68,435
99,68,617
100,68,924
101,68,770
102,68,560
103,68,652
104,68,539
105,68,614
106,68,137
107,68,267
108,68,239
109,68,654
110,68,81
111,68,449
112,68,60
113,68,790
114,68,434
115,68,450
116,68,62
117,68,44
118,68,101
119,68,606
120,68,868
121,68,431
122,68,730
123,68,748
124,68,176
125,68,334
126,68,102
127,68,516
128,68,375
129,68,264
130,68,812
131,68,985
132,68,16
133,68,518
134,68,619
135,68,47
136,68,224
137,68,978
138,68,482
139,68,243
140,68,250
141,68,724
142,68,607
143,68,114
144,68,173
145,68,723
146,68,852
147,68,242
148,68,190
149,68,96
150,68,955
151,68,550
152,68,534
153,68,319
154,68,75
155,68,695
156,68,11
157,68,952
158,68,635
159,68,785
160,68,104
161,68,504
162,68,120
163,68,98
164,68,433
165,68,35
166,68,277
167,68,838
168,68,961
169,68,531
170,68,462
171,68,473
172,68,298
173,68,165
174,68,864
175,68,854
176,68,115
177,68,662
178,68,878
179,68,326
180,68,1003
181,68,921
182,68,809
183,68,988
184,68,261
185,68,597
186,68,843
187,68,20
188,68,256
189,68,743
190,68,437
191,68,525
192,68,237
193,68,970
194,68,580
195,68,938
196,68,490
197,68,957
198,68,313
199,68,309
200,68,410
201,68,981
202,68,980
203,68,962
204,68,80
205,68,414
206,68,709
207,68,201
208,68,571
209,68,914
210,68,218
211,68,667
212,68,960
213,68,135
214,68,179
215,68,161
216,68,916
217,68,772
218,68,566
219,68,929
220,68,953
221,68,77
222,68,156
223,68,753
224,68,787
225,68,610
226,68,972
227,68,1020
228,68,171
229,68,908
230,68,251
231,68,27
232,68,36
233,68,184
234,68,857
235,68,219
236,68,29
237,68,157
238,68,996
239,68,453
240,68,205
241,68,494
242,68,58
243,68,794
244,68,532
245,68,989
246,68,777
247,68,393
248,68,112
249,68,318
250,68,373
251,68,982
252,68,700
253,68,88
254,68,148
255,68,160
256,68,345
257,68,944
258,68,5
259,68,965
260,68,34
261,68,646
262,68,763
263,68,509
264,68,827
265,68,429
266,68,127
267,68,139
268,68,9
269,68,627
270,68,390
271,68,555
272,68,350
273,68,223
274,68,549
275,68,214
276,68,226
277,68,545
278,68,503
279,68,797
280,68,951
281,68,294
282,68,216
283,68,869
284,68,193
285,68,204
286,68,930
287,68,697
288,68,842
289,68,515
290,68,213
291,68,202
292,68,656
293,68,140
294,68,541
295,68,630
296,68,392
297,68,535
298,68,241
299,68,93
300,68,454
301,68,739
302,68,41
303,68,663
304,68,511
305,68,12
306,68,821
307,68,386
308,68,379
309,68,420
310,68,725
311,68,527
312,68,315
313,68,333
314,68,837
315,68,813
316,68,119
317,68,424
318,68,668
319,68,728
320,68,959
321,68,632
322,68,992
323,68,496
324,68,8
325,68,197
326,68,381
327,68,658
328,68,132
329,68,925
330,68,110
331,68,285
332,68,894
333,68,689
334,68,792
335,68,369
336,68,228
337,68,236
338,68,70
339,68,701
340,68,947
341,68,699
342,68,464
343,68,39
344,68,54
345,68,1005
346,68,856
347,68,31
348,68,737
349,68,976
350,68,570
351,68,51
352,68,912
353,68,325
354,68,442
355,68,707
356,68,991
357,68,799
358,68,552
359,68,499
360,68,421
361,68,460
362,68,1012
363,68,147
364,68,1018
365,68,893
366,68,865
367,68,85
368,68,681
369,68,164
370,68,162
371,68,922
372,68,106
373,68,451
374,68,45
375,68,826
376,68,751
377,68,544
378,68,849
379,68,834
380,68,559
381,68,355
382,68,673
383,68,664
384,68,682
385,68,305
386,68,568
387,68,828
388,68,892
389,68,776
390,68,343
391,68,895
392,68,920
393,68,875
394,68,862
395,68,286
396,68,43
397,68,523
398,68,349
399,68,245
0,69,301
1,69,150
2,69,30
3,69,683
4,69,443
5,69,954
6,69,1006
7,69,669
8,69,311
9,69,463
10,69,557
11,69,105
12,69,187
13,69,786
14,69,698
15,69,618
16,69,784
17,69,1008
18,69,520
19,69,185
20,69,710
21,69,0
22,69,554
23,69,230
24,69,713
25,69,246
26,69,155
27,69,287
28,69,901
29,69,142
30,69,304
31,69,492
32,69,1013
33,69,48
34,69,643
35,69,149
36,69,440
37,69,380
38,69,906
39,69,717
40,69,997
41,69,603
42,69,665
43,69,107
44,69,67
45,69,867
46,69,911
47,69,6
48,69,540
49,69,767
50,69,524
51,69,915
52,69,783
53,69,487
54,69,933
55,69,1002
56,69,537
57,69,266
58,69,474
59,69,362
60,69,839
61,69,476
62,69,919
63,69,847
64,69,775
65,69,521
66,69,584
67,69,877
68,69,432
69,69,749
70,69,650
71,69,363
72,69,649
73,69,1010
74,69,215
75,69,506
76,69,616
77,69,297
78,69,484
79,69,779
80,69,891
81,69,755
82,69,356
83,69,99
84,69,283
85,69,538
86,69,983
87,69,186
88,69,966
89,69,686
90,69,973
91,69,170
92,69,814
93,69,220
94,69,890
95,69,887
96,69,252
97,69,883
98,69,435
99,69,617
100,69,924
101,69,770
102,69,560
103,69,652
104,69,539
105,69,614
106,69,137
107,69,267
108,69,239
109,69,654
110,69,81
111,69,449
112,69,60
113,69,790
114,69,434
115,69,450
116,69,62
117,69,44
118,69,101
119,69,606
120,69,868
121,69,431
122,69,730
123,69,748
124,69,176
125,69,334
126,69,102
127,69,516
128,69,375
129,69,264
130,69,812
131,69,985
132,69,16
133,69,518
134,69,619
135,69,47
136,69,224
137,69,978
138,69,482
139,69,243
140,69,250
141,69,724
142,69,607
143,69,114
144,69,173
145,69,723
146,69,852
147,69,242
148,69,190
149,69,96
150,69,955
151,69,550
152,69,534
153,69,319
154,69,75
155,69,695
156,69,11
157,69,952
158,69,635
159,69,785
160,69,104
161,69,504
162,69,120
163,69,98
164,69,433
165,69,35
166,69,277
167,69,838
168,69,961
169,69,531
170,69,462
171,69,473
172,69,298
173,69,165
174,69,896
175,69,854
176,69,115
177,69,630
178,69,878
179,69,326
180,69,1003
181,69,921
182,69,809
183,69,988
184,69,261
185,69,597
186,69,843
187,69,20
188,69,256
189,69,743
190,69,437
191,69,525
192,69,237
193,69,970
194,69,580
195,69,938
196,69,490
197,69,957
198,69,313
199,69,309
200,69,410
201,69,981
202,69,980
203,69,962
204,69,80
205,69,414
206,69,709
207,69,201
208,69,571
209,69,914
210,69,218
211,69,667
212,69,960
213,69,135
214,69,179
215,69,161
216,69,916
217,69,772
218,69,566
219,69,929
220,69,953
221,69,77
222,69,156
223,69,753
224,69,787
225,69,610
226,69,972
227,69,1020
228,69,203
229,69,908
230,69,251
231,69,27
232,69,36
233,69,184
234,69,857
235,69,219
236,69,29
237,69,157
238,69,996
239,69,454
240,69,205
241,69,494
242,69,58
243,69,794
244,69,532
245,69,989
246,69,777
247,69,393
248,69,112
249,69,318
250,69,373
251,69,982
252,69,700
253,69,88
254,69,148
255,69,160
256,69,345
257,69,944
258,69,5
259,69,965
260,69,34
261,69,646
262,69,763
263,69,509
264,69,827
265,69,429
266,69,127
267,69,171
268,69,9
269,69,627
270,69,390
271,69,555
272,69,350
273,69,223
274,69,549
275,69,214
276,69,226
277,69,545
278,69,503
279,69,797
280,69,951
281,69,294
282,69,216
283,69,869
284,69,193
285,69,204
286,69,930
287,69,697
288,69,842
289,69,515
290,69,213
291,69,202
292,69,656
293,69,140
294,69,541
295,69,598
296,69,392
297,69,535
298,69,241
299,69,93
300,69,422
301,69,739
302,69,41
303,69,662
304,69,511
305,69,12
306,69,821
307,69,386
308,69,379
309,69,420
310,69,725
311,69,527
312,69,315
313,69,333
314,69,837
315,69,813
316,69,119
317,69,424
318,69,668
319,69,728
320,69,959
321,69,632
322,69,992
323,69,496
324,69,8
325,69,197
326,69,381
327,69,658
328,69,132
329,69,925
330,69,110
331,69,285
332,69,894
333,69,689
334,69,792
335,69,369
336,69,228
337,69,236
338,69,70
339,69,701
340,69,947
341,69,699
342,69,464
343,69,39
344,69,54
345,69,1005
346,69,856
347,69,31
348,69,737
349,69,976
350,69,570
351,69,51
352,69,912
353,69,325
354,69,442
355,69,707
356,69,991
357,69,799
358,69,552
359,69,499
360,69,453
361,69,460
362,69,1012
363,69,147
364,69,1018
365,69,893
366,69,864
367,69,85
368,69,681
369,69,164
370,69,162
371,69,922
372,69,106
373,69,451
374,69,45
375,69,826
376,69,751
377,69,544
378,69,849
379,69,834
380,69,559
381,69,355
382,69,673
383,69,664
384,69,682
385,69,305
386,69,568
387,69,828
388,69,892
389,69,776
390,69,343
391,69,895
392,69,920
393,69,875
394,69,862
395,69,286
396,69,43
397,69,523
398,69,349
399,69,245
0,70,301
1,70,150
2,70,30
3,70,683
4,70,443
5,70,954
6,70,1006
7,70,669
8,70,311
9,70,463
10,70,557
11,70,105
12,70,187
13,70,786
14,70,698
15,70,618
16,70,784
17,70,1008
18,70,520
19,70,185
20,70,710
21,70,0
22,70,554
23,70,230
24,70,713
25,70,246
26,70,155
27,70,287
28,70,901
29,70,142
30,70,304
31,70,492
32,70,1013
33,70,48
34,70,643
35,70,149
36,70,440
37,70,380
38,70,906
39,70,717
40,70,997
41,70,603
42,70,665
43,70,107
44,70,67
45,70,867
46,70,911
47,70,6
48,70,540
49,70,767
50,70,524
51,70,915
52,70,783
53,70,487
54,70,933
55,70,1002
56,70,537
57,70,266
58,70,474
59,70,362
60,70,839
61,70,476
62,70,919
63,70,847
64,70,775
65,70,521
66,70,584
67,70,877
68,70,432
69,70,749
70,70,650
71,70,363
72,70,649
73,70,1010
74,70,215
75,70,506
76,70,616
77,70,297
78,70,484
79,70,779
80,70,891
81,70,755
82,70,356
83,70,99
84,70,283
85,70,538
86,70,983
87,70,186
88,70,966
89,70,686
90,70,973
91,70,170
92,70,814
93,70,220
94,70,890
95,70,887
96,70,252
97,70,883
98,70,435
99,70,617
100,70,924
101,70,770
102,70,560
103,70,652
104,70,539
105,70,614
106,70,137
107,70,267
108,70,239
109,70,654
110,70,81
111,70,449
112,70,60
113,70,790
114,70,434
115,70,450
116,70,62
117,70,44
118,70,101
119,70,606
120,70,868
121,70,431
122,70,730
123,70,748
124,70,176
125,70,334
126,70,102
127,70,516
128,70,375
129,70,264
130,70,812
131,70,985
132,70,16
133,70,518
134,70,619
135,70,47
136,70,224
137,70,978
138,70,482
139,70,243
140,70,250
141,70,724
142,70,607
143,70,114
144,70,173
145,70,723
146,70,852
147,70,242
148,70,190
149,70,96
150,70,955
151,70,550
152,70,534
153,70,319
154,70,75
155,70,695
156,70,11
157,70,952
158,70,635
159,70,785
160,70,104
161,70,504
162,70,120
163,70,98
164,70,433
165,70,35
166,70,277
167,70,838
168,70,961
169,70,531
170,70,462
171,70,473
172,70,298
173,70,165
174,70,864
175,70,854
176,70,115
177,70,662
178,70,878
179,70,326
180,70,1003
181,70,921
182,70,809
183,70,988
184,70,261
185,70,597
186,70,843
187,70,20
188,70,256
189,70,743
190,70,437
191,70,525
192,70,237
193,70,970
194,70,580
195,70,938
196,70,490
197,70,957
198,70,313
199,70,309
200,70,410
201,70,981
202,70,980
203,70,962
204,70,80
205,70,414
206,70,709
207,70,201
208,70,571
209,70,914
210,70,218
211,70,667
212,70,960
213,70,135
214,70,179
215,70,161
216,70,916
217,70,772
218,70,566
219,70,929
220,70,953
221,70,77
222,70,156
223,70,753
224,70,787
225,70,610
226,70,972
227,70,1020
228,70,235
229,70,908
230,70,251
231,70,27
232,70,36
233,70,184
234,70,857
235,70,219
236,70,29
237,70,157
238,70,996
239,70,453
240,70,205
241,70,494
242,70,58
243,70,794
244,70,532
245,70,989
246,70,777
247,70,393
248,70,112
249,70,318
250,70,373
251,70,982
252,70,700
253,70,88
254,70,148
255,70,160
256,70,345
257,70,944
258,70,5
259,70,965
260,70,34
261,70,646
262,70,763
263,70,509
264,70,827
265,70,429
266,70,127
267,70,203
268,70,9
269,70,627
270,70,390
271,70,555
272,70,350
273,70,223
274,70,549
275,70,214
276,70,226
277,70,545
278,70,503
279,70,797
280,70,951
281,70,294
282,70,216
283,70,869
284,70,193
285,70,204
286,70,930
287,70,697
288,70,842
289,70,515
290,70,213
291,70,202
292,70,656
293,70,140
294,70,541
295,70,630
296,70,392
297,70,535
298,70,241
299,70,93
300,70,454
301,70,739
302,70,41
303,70,663
304,70,511
305,70,12
306,70,821
307,70,386
308,70,379
309,70,420
310,70,725
311,70,527
312,70,315
313,70,333
314,70,837
315,70,813
316,70,119
317,70,424
318,70,668
319,70,728
320,70,959
321,70,632
322,70,992
323,70,496
324,70,8
325,70,197
326,70,381
327,70,658
328,70,132
329,70,925
330,70,110
331,70,285
332,70,894
333,70,689
334,70,792
335,70,369
336,70,228
337,70,236
338,70,70
339,70,701
340,70,947
341,70,699
342,70,464
343,70,39
344,70,54
345,70,1005
346,70,856
347,70,31
348,70,737
349,70,976
350,70,570
351,70,51
352,70,912
353,70,325
354,70,442
355,70,707
356,70,991
357,70,799
358,70,552
359,70,499
360,70,421
361,70,460
362,70,1012
363,70,147
364,70,1018
365,70,893
366,70,865
367,70,85
368,70,681
369,70,164
370,70,162
371,70,922
372,70,106
373,70,451
374,70,45
375,70,826
376,70,751
377,70,544
378,70,849
379,70,834
380,70,559
381,70,355
382,70,673
383,70,664
384,70,682
385,70,305
386,70,568
387,70,828
388,70,892
389,70,776
390,70,343
391,70,895
392,70,920
393,70,875
394,70,862
395,70,286
396,70,43
397,70,523
398,70,349
399,70,245
0,71,301
1,71,150
2,71,30
3,71,683
4,71,443
5,71,954
6,71,1006
7,71,669
8,71,311
9,71,463
10,71,557
11,71,105
12,71,187
13,71,786
14,71,698
15,71,618
16,71,784
17,71,1008
18,71,520
19,71,185
20,71,710
21,71,0
22,71,554
23,71,230
24,71,713
25,71,246
26,71,155
27,71,287
28,71,901
29,71,142
30,71,304
31,71,492
32,71,1013
33,71,48
34,71,643
35,71,149
36,71,440
37,71,380
38,71,906
39,71,717
40,71,997
41,71,603
42,71,665
43,71,107
44,71,67
45,71,867
46,71,911
47,71,6
48,71,540
49,71,767
50,71,524
51,71,915
52,71,783
53,71,487
54,71,933
55,71,1002
56,71,537
57,71,266
58,71,474
59,71,362
60,71,839
61,71,476
62,71,919
63,71,847
64,71,775
65,71,521
66,71,584
67,71,877
68,71,432
69,71,749
70,71,650
71,71,363
72,71,649
73,71,1010
74,71,215
75,71,506
76,71,616
77,71,297
78,71,484
79,71,779
80,71,891
81,71,755
82,71,356
83,71,99
84,71,283
85,71,538
86,71,983
87,71,186
88,71,966
89,71,686
90,71,973
91,71,170
92,71,814
93,71,220
94,71,890
95,71,887
96,71,252
97,71,883
98,71,435
99,71,617
100,71,924
101,71,770
102,71,560
103,71,652
104,71,539
105,71,614
106,71,137
107,71,267
108,71,239
109,71,654
110,71,81
111,71,449
112,71,60
113,71,790
114,71,434
115,71,450
116,71,62
117,71,44
118,71,101
119,71,606
120,71,868
121,71,431
122,71,730
123,71,748
124,71,176
125,71,334
126,71,102
127,71,516
128,71,375
129,71,264
130,71,812
131,71,985
132,71,16
133,71,518
134,71,619
135,71,47
136,71,224
137,71,978
138,71,482
139,71,243
140,71,250
141,71,724
142,71,607
143,71,114
144,71,173
145,71,723
146,71,852
147,71,242
148,71,190
149,71,96
150,71,955
151,71,550
152,71,534
153,71,319
154,71,75
155,71,695
156,71,11
157,71,952
158,71,635
159,71,785
160,71,104
161,71,504
162,71,120
163,71,98
164,71,433
165,71,35
166,71,277
167,71,838
168,71,961
169,71,531
170,71,462
171,71,473
172,71,298
173,71,165
174,71,865
175,71,854
176,71,115
177,71,663
178,71,878
179,71,326
180,71,1003
181,71,921
182,71,809
183,71,988
184,71,261
185,71,597
186,71,843
187,71,20
188,71,256
189,71,743
190,71,437
191,71,525
192,71,237
193,71,970
194,71,580
195,71,938
196,71,490
197,71,957
198,71,313
199,71,309
200,71,410
201,71,981
202,71,980
203,71,962
204,71,80
205,71,414
206,71,709
207,71,201
208,71,571
209,71,914
210,71,218
211,71,667
212,71,960
213,71,135
214,71,179
215,71,161
216,71,916
217,71,772
218,71,566
219,71,929
220,71,953
221,71,77
222,71,156
223,71,753
224,71,787
225,71,610
226,71,972
227,71,1020
228,71,235
229,71,908
230,71,251
231,71,27
232,71,36
233,71,184
234,71,857
235,71,219
236,71,29
237,71,157
238,71,996
239,71,421
240,71,205
241,71,494
242,71,58
243,71,794
244,71,532
245,71,989
246,71,777
247,71,393
248,71,112
249,71,318
250,71,373
251,71,982
252,71,700
253,71,88
254,71,148
255,71,160
256,71,345
257,71,944
258,71,5
259,71,965
260,71,34
261,71,646
262,71,763
263,71,509
264,71,827
265,71,429
266,71,127
267,71,203
268,71,9
269,71,627
270,71,390
271,71,555
272,71,350
273,71,223
274,71,549
275,71,214
276,71,226
277,71,545
278,71,503
279,71,797
280,71,951
281,71,294
282,71,216
283,71,869
284,71,193
285,71,204
286,71,930
287,71,697
288,71,842
289,71,515
290,71,213
291,71,202
292,71,656
293,71,140
294,71,541
295,71,630
296,71,392
297,71,535
298,71,241
299,71,93
300,71,454
301,71,739
302,71,41
303,71,631
304,71,511
305,71,12
306,71,821
307,71,386
308,71,379
309,71,388
310,71,725
311,71,527
312,71,315
313,71,333
314,71,837
315,71,813
316,71,119
317,71,424
318,71,668
319,71,728
320,71,959
321,71,632
322,71,992
323,71,496
324,71,8
325,71,197
326,71,381
327,71,658
328,71,132
329,71,925
330,71,110
331,71,285
332,71,894
333,71,689
334,71,792
335,71,369
336,71,228
337,71,236
338,71,70
339,71,701
340,71,947
341,71,699
342,71,464
343,71,39
344,71,54
345,71,1005
346,71,856
347,71,31
348,71,737
349,71,976
350,71,570
351,71,51
352,71,912
353,71,325
354,71,442
355,71,707
356,71,991
357,71,799
358,71,552
359,71,499
360,71,420
361,71,460
362,71,1012
363,71,147
364,71,1018
365,71,893
366,71,897
367,71,85
368,71,681
369,71,164
370,71,162
371,71,922
372,71,106
373,71,451
374,71,45
375,71,826
376,71,751
377,71,544
378,71,849
379,71,834
380,71,559
381,71,355
382,71,673
383,71,664
384,71,682
385,71,305
386,71,568
387,71,828
388,71,892
389,71,776
390,71,343
391,71,895
392,71,920
393,71,875
394,71,862
395,71,286
396,71,43
397,71,523
398,71,349
399,71,245
0,72,301
1,72,150
2,72,30
3,72,683
4,72,443
5,72,954
6,72,1006
7,72,669
8,72,311
9,72,463
10,72,557
11,72,105
12,72,187
13,72,786
14,72,698
15,72,618
16,72,784
17,72,1008
18,72,520
19,72,185
20,72,710
21,72,0
22,72,554
23,72,230
24,72,713
25,72,246
26,72,155
27,72,287
28,72,901
29,72,142
30,72,304
31,72,492
32,72,1013
33,72,48
34,72,643
35,72,149
36,72,440
37,72,380
38,72,906
39,72,717
40,72,997
41,72,603
42,72,665
43,72,107
44,72,67
45,72,867
46,72,911
47,72,6
48,72,540
49,72,767
50,72,524
51,72,915
52,72,783
53,72,487
54,72,933
55,72,1002
56,72,537
57,72,266
58,72,474
59,72,362
60,72,839
61,72,476
62,72,919
63,72,847
64,72,775
65,72,521
66,72,584
67,72,877
68,72,432
69,72,749
70,72,650
71,72,363
72,72,649
73,72,1010
74,72,215
75,72,506
76,72,616
77,72,297
78,72,484
79,72,779
80,72,891
81,72,755
82,72,356
83,72,99
84,72,283
85,72,538
86,72,983
87,72,186
88,72,966
89,72,686
90,72,973
91,72,170
92,72,814
93,72,220
94,72,890
95,72,887
96,72,252
97,72,883
98,72,435
99,72,617
100,72,924
101,72,770
102,72,560
103,72,652
104,72,539
105,72,614
106,72,137
107,72,267
108,72,239
109,72,654
110,72,81
111,72,449
112,72,60
113,72,790
114,72,434
115,72,450
116,72,62
117,72,44
118,72,101
119,72,606
120,72,868
121,72,431
122,72,730
123,72,748
124,72,176
125,72,334
126,72,102
127,72,516
128,72,375
129,72,264
130,72,812
131,72,985
132,72,16
133,72,518
134,72,619
135,72,47
136,72,224
137,72,978
138,72,482
139,72,243
140,72,250
141,72,724
142,72,607
143,72,114
144,72,173
145,72,723
146,72,852
147,72,242
148,72,190
149,72,96
150,72,955
151,72,550
152,72,534
153,72,319
154,72,75
155,72,695
156,72,11
157,72,952
158,72,635
159,72,785
160,72,104
161,72,504
162,72,120
163,72,98
164,72,433
165,72,35
166,72,277
167,72,838
168,72,961
169,72,531
170,72,462
171,72,473
172,72,298
173,72,165
174,72,864
175,72,854
176,72,115
177,72,662
178,72,878
179,72,326
180,72,1003
181,72,921
182,72,809
183,72,988
184,72,261
185,72,597
186,72,843
187,72,20
188,72,256
189,72,743
190,72,437
191,72,525
192,72,237
193,72,970
194,72,580
195,72,938
196,72,490
197,72,957
198,72,313
199,72,309
200,72,410
201,72,981
202,72,980
203,72,962
204,72,80
205,72,414
206,72,709
207,72,201
208,72,571
209,72,914
210,72,218
211,72,667
212,72,960
213,72,135
214,72,179
215,72,161
216,72,916
217,72,772
218,72,566
219,72,929
220,72,953
221,72,77
222,72,156
223,72,753
224,72,787
225,72,610
226,72,972
227,72,1020
228,72,234
229,72,908
230,72,251
231,72,27
232,72,36
233,72,184
234,72,857
235,72,219
236,72,29
237,72,157
238,72,996
239,72,453
240,72,205
241,72,494
242,72,58
243,72,794
244,72,532
245,72,989
246,72,777
247,72,393
248,72,112
249,72,318
250,72,373
251,72,982
252,72,700
253,72,88
254,72,148
255,72,160
256,72,345
257,72,944
258,72,5
259,72,965
260,72,34
261,72,646
262,72,763
263,72,509
264,72,827
265,72,429
266,72,127
267,72,235
268,72,9
269,72,627
270,72,390
271,72,555
272,72,350
273,72,223
274,72,549
275,72,214
276,72,226
277,72,545
278,72,503
279,72,797
280,72,951
281,72,294
282,72,216
283,72,869
284,72,193
285,72,204
286,72,930
287,72,697
288,72,842
289,72,515
290,72,213
291,72,202
292,72,656
293,72,140
294,72,541
295,72,630
296,72,392
297,72,535
298,72,241
299,72,93
300,72,454
301,72,739
302,72,41
303,72,663
304,72,511
305,72,12
306,72,821
307,72,386
308,72,379
309,72,420
310,72,725
311,72,527
312,72,315
313,72,333
314,72,837
315,72,813
316,72,119
317,72,424
318,72,668
319,72,728
320,72,959
321,72,632
322,72,992
323,72,496
324,72,8
325,72,197
326,72,381
327,72,658
328,72,132
329,72,925
330,72,110
331,72,285
332,72,894
333,72,689
334,72,792
335,72,369
336,72,228
337,72,236
338,72,70
339,72,701
340,72,947
341,72,699
342,72,464
343,72,39
344,72,54
345,72,1005
346,72,856
347,72,31
348,72,737
349,72,976
350,72,570
351,72,51
352,72,912
353,72,325
354,72,442
355,72,707
356,72,991
357,72,799
358,72,552
359,72,499
360,72,421
361,72,460
362,72,1012
363,72,147
364,72,1018
365,72,893
366,72,865
367,72,85
368,72,681
369,72,164
370,72,162
371,72,922
372,72,106
373,72,451
374,72,45
375,72,826
376,72,751
377,72,544
378,72,849
379,72,834
380,72,559
381,72,355
382,72,673
383,72,664
384,72,682
385,72,305
386,72,568
387,72,828
388,72,892
389,72,776
390,72,343
391,72,895
392,72,920
393,72,875
394,72,862
395,72,286
396,72,43
397,72,523
398,72,349
399,72,245
0,73,301
1,73,150
2,73,30
3,73,683
4,73,443
5,73,954
6,73,1006
7,73,669
8,73,311
9,73,463
10,73,557
11,73,105
12,73,187
13,73,786
14,73,698
15,73,618
16,73,784
17,73,1008
18,73,520
19,73,185
20,73,710
21,73,0
22,73,554
23,73,230
24,73,713
25,73,246
26,73,155
27,73,287
28,73,901
29,73,142
30,73,304
31,73,492
32,73,1013
33,73,48
34,73,643
35,73,149
36,73,440
37,73,380
38,73,906
39,73,717
40,73,997
41,73,603
42,73,665
43,73,107
44,73,67
45,73,867
46,73,911
47,73,6
48,73,540
49,73,767
50,73,524
51,73,915
52,73,783
53,73,487
54,73,933
55,73,1002
56,73,537
57,73,266
58,73,474
59,73,362
60,73,839
61,73,476
62,73,919
63,73,847
64,73,775
65,73,521
66,73,584
67,73,877
68,73,432
69,73,749
70,73,650
71,73,363
72,73,649
73,73,1010
74,73,215
75,73,506
76,73,616
77,73,297
78,73,484
79,73,779
80,73,891
81,73,755
82,73,356
83,73,99
84,73,283
85,73,538
86,73,983
87,73,186
88,73,966
89,73,686
90,73,973
91,73,170
92,73,814
93,73,220
94,73,890
95,73,887
96,73,252
97,73,883
98,73,435
99,73,617
100,73,924
101,73,770
102,73,560
103,73,652
104,73,539
105,73,614
106,73,137
107,73,267
108,73,239
109,73,654
110,73,81
111,73,449
112,73,60
113,73,790
114,73,434
115,73,450
116,73,62
117,73,44
118,73,101
119,73,606
120,73,868
121,73,431
122,73,730
123,73,748
124,73,176
125,73,334
126,73,102
127,73,516
128,73,375
129,73,264
130,73,812
131,73,985
132,73,16
133,73,518
134,73,619
135,73,47
136,73,224
137,73,978
138,73,482
139,73,243
140,73,250
141,73,724
142,73,607
143,73,114
144,73,173
145,73,723
146,73,852
147,73,242
148,73,190
149,73,96
150,73,955
151,73,550
152,73,534
153,73,319
154,73,75
155,73,695
156,73,11
157,73,952
158,73,635
159,73,785
160,73,104
161,73,504
162,73,120
163,73,98
164,73,433
165,73,35
166,73,277
167,73,838
168,73,961
169,73,531
170,73,462
171,73,473
172,73,298
173,73,165
174,73,896
175,73,854
176,73,115
177,73,630
178,73,878
179,73,326
180,73,1003
181,73,921
182,73,809
183,73,988
184,73,261
185,73,597
186,73,843
187,73,20
188,73,256
189,73,743
190,73,437
191,73,525
192,73,237
193,73,970
194,73,580
195,73,938
196,73,490
197,73,957
198,73,313
199,73,309
200,73,410
201,73,981
202,73,980
203,73,962
204,73,80
205,73,414
206,73,709
207,73,201
208,73,571
209,73,914
210,73,218
211,73,667
212,73,960
213,73,135
214,73,179
215,73,161
216,73,916
217,73,772
218,73,566
219,73,929
220,73,953
221,73,77
222,73,156
223,73,753
224,73,787
225,73,610
226,73,972
227,73,1020
228,73,235
229,73,908
230,73,251
231,73,27
232,73,36
233,73,184
234,73,857
235,73,219
236,73,29
237,73,157
238,73,996
239,73,454
240,73,205
241,73,494
242,73,58
243,73,794
244,73,532
245,73,989
246,73,777
247,73,393
248,73,112
249,73,318
250,73,373
251,73,982
252,73,700
253,73,88
254,73,148
255,73,160
256,73,345
257,73,944
258,73,5
259,73,965
260,73,34
261,73,646
262,73,763
263,73,509
264,73,827
265,73,429
266,73,127
267,73,203
268,73,9
269,73,627
270,73,390
271,73,555
272,73,350
273,73,223
274,73,549
275,73,214
276,73,226
277,73,545
278,73,503
279,73,797
280,73,951
281,73,294
282,73,216
283,73,869
284,73,193
285,73,204
286,73,930
287,73,697
288,73,842
289,73,515
290,73,213
291,73,202
292,73,656
293,73,140
294,73,541
295,73,598
296,73,392
297,73,535
298,73,241
299,73,93
300,73,422
301,73,739
302,73,41
303,73,662
304,73,511
305,73,12
306,73,821
307,73,386
308,73,379
309,73,420
310,73,725
311,73,527
312,73,315
313,73,333
314,73,837
315,73,813
316,73,119
317,73,424
318,73,668
319,73,728
320,73,959
321,73,632
322,73,992
323,73,496
324,73,8
325,73,197
326,73,381
327,73,658
328,73,132
329,73,925
330,73,110
331,73,285
332,73,894
333,73,689
334,73,792
335,73,369
336,73,228
337,73,236
338,73,70
339,73,701
340,73,947
341,73,699
342,73,464
343,73,39
344,73,54
345,73,1005
346,73,856
347,73,31
348,73,737
349,73,976
350,73,570
351,73,51
352,73,912
353,73,325
354,73,442
355,73,707
356,73,991
357,73,799
358,73,552
359,73,499
360,73,453
361,73,460
362,73,1012
363,73,147
364,73,1018
365,73,893
366,73,864
367,73,85
368,73,681
369,73,164
370,73,162
371,73,922
372,73,106
373,73,451
374,73,45
375,73,826
376,73,751
377,73,544
378,73,849
379,73,834
380,73,559
381,73,355
382,73,673
383,73,664
384,73,682
385,73,305
386,73,568
387,73,828
388,73,892
389,73,776
390,73,343
391,73,895
392,73,920
393,73,875
394,73,862
395,73,286
396,73,43
397,73,523
398,73,349
399,73,245
0,74,301
1,74,150
2,74,30
3,74,683
4,74,443
5,74,954
6,74,1006
7,74,669
8,74,311
9,74,463
10,74,557
11,74,105
12,74,187
13,74,786
14,74,698
15,74,618
16,74,784
17,74,1008
18,74,520
19,74,185
20,74,710
21,74,0
22,74,554
23,74,230
24,74,713
25,74,246
26,74,155
27,74,287
28,74,901
29,74,142
30,74,304
31,74,492
32,74,1013
33,74,48
34,74,643
35,74,149
36,74,440
37,74,380
38,74,906
39,74,717
40,74,997
41,74,603
42,74,665
43,74,107
44,74,67
45,74,867
46,74,911
47,74,6
48,74,540
49,74,767
50,74,524
51,74,915
52,74,783
53,74,487
54,74,933
55,74,1002
56,74,537
57,74,266
58,74,474
59,74,362
60,74,839
61,74,476
62,74,919
63,74,847
64,74,775
65,74,521
66,74,584
67,74,877
68,74,432
69,74,749
70,74,650
71,74,363
72,74,649
73,74,1010
74,74,215
75,74,506
76,74,616
77,74,297
78,74,484
79,74,779
80,74,891
81,74,755
82,74,356
83,74,99
84,74,283
85,74,538
86,74,983
87,74,186
88,74,966
89,74,686
90,74,973
91,74,170
92,74,814
93,74,220
94,74,890
95,74,887
96,74,252
97,74,883
98,74,435
99,74,617
100,74,924
101,74,770
102,74,560
103,74,652
104,74,539
105,74,614
106,74,137
107,74,267
108,74,239
109,74,654
110,74,81
111,74,449
112,74,60
113,74,790
114,74,434
115,74,450
116,74,62
117,74,44
118,74,101
119,74,606
120,74,868
121,74,431
122,74,730
123,74,748
124,74,176
125,74,334
126,74,102
127,74,516
128,74,375
129,74,264
130,74,812
131,74,985
132,74,16
133,74,518
134,74,619
135,74,47
136,74,224
137,74,978
138,74,482
139,74,243
140,74,250
141,74,724
142,74,607
143,74,114
144,74,173
145,74,723
146,74,852
147,74,242
148,74,190
149,74,96
150,74,955
151,74,550
152,74,534
153,74,319
154,74,75
155,74,695
156,74,11
157,74,952
158,74,635
159,74,785
160,74,104
161,74,504
162,74,120
163,74,98
164,74,433
165,74,35
166,74,277
167,74,838
168,74,961
169,74,531
170,74,462
171,74,473
172,74,298
173,74,165
174,74,864
175,74,854
176,74,115
177,74,662
178,74,878
179,74,326
180,74,1003
181,74,921
182,74,809
183,74,988
184,74,261
185,74,597
186,74,843
187,74,20
188,74,256
189,74,743
190,74,437
191,74,525
192,74,237
193,74,970
194,74,580
195,74,938
196,74,490
197,74,957
198,74,313
199,74,309
200,74,410
201,74,981
202,74,980
203,74,962
204,74,80
205,74,414
206,74,709
207,74,201
208,74,571
209,74,914
210,74,218
211,74,667
212,74,960
213,74,135
214,74,179
215,74,161
216,74,916
217,74,772
218,74,566
219,74,929
220,74,953
221,74,77
222,74,156
223,74,753
224,74,787
225,74,610
226,74,972
227,74,1020
228,74,203
229,74,908
230,74,251
231,74,27
232,74,36
233,74,184
234,74,857
235,74,219
236,74,29
237,74,157
238,74,996
239,74,453
240,74,205
241,74,494
242,74,58
243,74,794
244,74,532
245,74,989
246,74,777
247,74,393
248,74,112
249,74,318
250,74,373
251,74,982
252,74,700
253,74,88
254,74,148
255,74,160
256,74,345
257,74,944
258,74,5
259,74,965
260,74,34
261,74,646
262,74,763
263,74,509
264,74,827
265,74,429
266,74,127
267,74,171
268,74,9
269,74,627
270,74,390
271,74,555
272,74,350
273,74,223
274,74,549
275,74,214
276,74,226
277,74,545
278,74,503
279,74,797
280,74,951
281,74,294
282,74,216
283,74,869
284,74,193
285,74,204
286,74,930
287,74,697
288,74,842
289,74,515
290,74,213
291,74,202
292,74,656
293,74,140
294,74,541
295,74,630
296,74,392
297,74,535
298,74,241
299,74,93
300,74,454
301,74,739
302,74,41
303,74,663
304,74,511
305,74,12
306,74,821
307,74,386
308,74,379
309,74,420
310,74,725
311,74,527
312,74,315
313,74,333
314,74,837
315,74,813
316,74,119
317,74,424
318,74,668
319,74,728
320,74,959
321,74,632
322,74,992
323,74,496
324,74,8
325,74,197
326,74,381
327,74,658
328,74,132
329,74,925
330,74,110
331,74,285
332,74,894
333,74,689
334,74,792
335,74,369
336,74,228
337,74,236
338,74,70
339,74,701
340,74,947
341,74,699
342,74,464
343,74,39
344,74,54
345,74,1005
346,74,856
347,74,31
348,74,737
349,74,976
350,74,570
351,74,51
352,74,912
353,74,325
354,74,442
355,74,707
356,74,991
357,74,799
358,74,552
359,74,499
360,74,421
361,74,460
362,74,1012
363,74,147
364,74,1018
365,74,893
366,74,865
367,74,85
368,74,681
369,74,164
370,74,162
371,74,922
372,74,106
373,74,451
374,74,45
375,74,826
376,74,751
377,74,544
378,74,849
379,74,834
380,74,559
381,74,355
382,74,673
383,74,664
384,74,682
385,74,305
386,74,568
387,74,828
388,74,892
389,74,776
390,74,343
391,74,895
392,74,920
393,74,875
394,74,862
395,74,286
396,74,43
397,74,523
398,74,349
399,74,245
0,75,301
1,75,150
2,75,30
3,75,683
4,75,443
5,75,954
6,75,1006
7,75,669
8,75,311
9,75,463
10,75,557
11,75,105
12,75,187
13,75,786
14,75,698
15,75,618
16,75,784
17,75,1008
18,75,520
19,75,185
20,75,710
21,75,0
22,75,554
23,75,230
24,75,713
25,75,246
26,75,155
27,75,287
28,75,901
29,75,142
30,75,304
31,75,492
32,75,1013
33,75,48
34,75,643
35,75,149
36,75,440
37,75,380
38,75,906
39,75,717
40,75,997
41,75,603
42,75,665
43,75,107
44,75,67
45,75,867
46,75,911
47,75,6
48,75,540
49,75,767
50,75,524
51,75,915
52,75,783
53,75,487
54,75,933
55,75,1002
56,75,537
57,75,266
58,75,474
59,75,362
60,75,839
61,75,476
62,75,919
63,75,847
64,75,775
65,75,521
66,75,584
67,75,877
68,75,432
69,75,749
70,75,650
71,75,363
72,75,649
73,75,1010
74,75,215
75,75,506
76,75,616
77,75,297
78,75,484
79,75,779
80,75,891
81,75,755
82,75,356
83,75,99
84,75,283
85,75,538
86,75,983
87,75,186
88,75,966
89,75,686
90,75,973
91,75,170
92,75,814
93,75,220
94,75,890
95,75,887
96,75,252
97,75,883
98,75,435
99,75,617
100,75,924
101,75,770
102,75,560
103,75,652
104,75,539
105,75,614
106,75,137
107,75,267
108,75,239
109,75,654
110,75,81
111,75,449
112,75,60
113,75,790
114,75,434
115,75,450
116,75,62
117,75,44
118,75,101
119,75,606
120,75,868
121,75,431
122,75,730
123,75,748
124,75,176
125,75,334
126,75,102
127,75,516
128,75,375
129,75,264
130,75,812
131,75,985
132,75,16
133,75,518
134,75,619
135,75,47
136,75,224
137,75,978
138,75,482
139,75,243
140,75,250
141,75,724
142,75,607
143,75,114
144,75,173
145,75,723
146,75,852
147,75,242
148,75,190
149,75,96
150,75,955
151,75,550
152,75,534
153,75,319
154,75,75
155,75,695
156,75,11
157,75,952
158,75,635
159,75,785
160,75,104
161,75,504
162,75,120
163,75,98
164,75,433
165,75,35
166,75,277
167,75,838
168,75,961
169,75,531
170,75,462
171,75,473
172,75,298
173,75,165
174,75,865
175,75,854
176,75,115
177,75,663
178,75,878
179,75,326
180,75,1003
181,75,921
182,75,809
183,75,988
184,75,261
185,75,597
186,75,843
187,75,20
188,75,256
189,75,743
190,75,437
191,75,525
192,75,237
193,75,970
194,75,580
195,75,938
196,75,490
197,75,957
198,75,313
199,75,309
200,75,410
201,75,981
202,75,980
203,75,962
204,75,80
205,75,414
206,75,709
207,75,201
208,75,571
209,75,914
210,75,218
211,75,667
212,75,960
213,75,135
214,75,179
215,75,161
216,75,916
217,75,772
218,75,566
219,75,929
220,75,953
221,75,77
222,75,156
223,75,753
224,75,787
225,75,610
226,75,972
227,75,1020
228,75,204
229,75,908
230,75,251
231,75,27
232,75,36
233,75,184
234,75,857
235,75,219
236,75,29
237,75,157
238,75,996
239,75,421
240,75,205
241,75,494
242,75,58
243,75,794
244,75,532
245,75,989
246,75,777
247,75,393
248,75,112
249,75,318
250,75,373
251,75,982
252,75,700
253,75,88
254,75,148
255,75,160
256,75,345
257,75,944
258,75,5
259,75,965
260,75,34
261,75,646
262,75,763
263,75,509
264,75,827
265,75,429
266,75,127
267,75,203
268,75,9
269,75,627
270,75,390
271,75,555
272,75,350
273,75,223
274,75,549
275,75,214
276,75,226
277,75,545
278,75,503
279,75,797
280,75,951
281,75,294
282,75,216
283,75,869
284,75,193
285,75,172
286,75,930
287,75,697
288,75,842
289,75,515
290,75,213
291,75,202
292,75,656
293,75,140
294,75,541
295,75,630
296,75,392
297,75,535
298,75,241
299,75,93
300,75,454
301,75,739
302,75,41
303,75,631
304,75,511
305,75,12
306,75,821
307,75,386
308,75,379
309,75,388
310,75,725
311,75,527
312,75,315
313,75,333
314,75,837
315,75,813
316,75,119
317,75,424
318,75,668
319,75,728
320,75,959
321,75,632
322,75,992
323,75,496
324,75,8
325,75,197
326,75,381
327,75,658
328,75,132
329,75,925
330,75,110
331,75,285
332,75,894
333,75,689
334,75,792
335,75,369
336,75,228
337,75,236
338,75,70
339,75,701
340,75,947
341,75,699
342,75,464
343,75,39
344,75,54
345,75,1005
346,75,856
347,75,31
348,75,737
349,75,976
350,75,570
351,75,51
352,75,912
353,75,325
354,75,442
355,75,707
356,75,991
357,75,799
358,75,552
359,75,499
360,75,420
361,75,460
362,75,1012
363,75,147
364,75,1018
365,75,893
366,75,897
367,75,85
368,75,681
369,75,164
370,75,162
371,75,922
372,75,106
373,75,451
374,75,45
375,75,826
376,75,751
377,75,544
378,75,849
379,75,834
380,75,559
381,75,355
382,75,673
383,75,664
384,75,682
385,75,305
386,75,568
387,75,828
388,75,892
389,75,776
390,75,343
391,75,895
392,75,920
393,75,875
394,75,862
395,75,286
396,75,43
397,75,523
398,75,349
399,75,245
0,76,301
1,76,150
2,76,30
3,76,683
4,76,443
5,76,954
6,76,1006
7,76,669
8,76,311
9,76,463
10,76,557
11,76,105
12,76,187
13,76,786
14,76,698
15,76,618
16,76,784
17,76,1008
18,76,520
19,76,185
20,76,710
21,76,0
22,76,554
23,76,230
24,76,713
25,76,246
26,76,155
27,76,287
28,76,901
29,76,142
30,76,304
31,76,492
32,76,1013
33,76,48
34,76,643
35,76,149
36,76,440
37,76,380
38,76,906
39,76,717
40,76,997
41,76,603
42,76,665
43,76,107
44,76,67
45,76,867
46,76,911
47,76,6
48,76,540
49,76,767
50,76,524
51,76,915
52,76,783
53,76,487
54,76,933
55,76,1002
56,76,537
57,76,266
58,76,474
59,76,362
60,76,839
61,76,476
62,76,919
63,76,847
64,76,775
65,76,521
66,76,584
67,76,877
68,76,432
69,76,749
70,76,650
71,76,363
72,76,649
73,76,1010
74,76,215
75,76,506
76,76,616
77,76,297
78,76,484
79,76,779
80,76,891
81,76,755
82,76,356
83,76,99
84,76,283
85,76,538
86,76,983
87,76,186
88,76,966
89,76,686
90,76,973
91,76,170
92,76,814
93,76,220
94,76,890
95,76,887
96,76,252
97,76,883
98,76,435
99,76,617
100,76,924
101,76,770
102,76,560
103,76,652
104,76,539
105,76,614
106,76,137
107,76,267
108,76,239
109,76,654
110,76,81
111,76,449
112,76,60
113,76,790
114,76,434
115,76,450
116,76,62
117,76,44
118,76,101
119,76,606
120,76,868
121,76,431
122,76,730
123,76,748
124,76,176
125,76,334
126,76,102
127,76,516
128,76,375
129,76,264
130,76,812
131,76,985
132,76,16
133,76,518
134,76,619
135,76,47
136,76,224
137,76,978
138,76,482
139,76,243
140,76,250
141,76,724
142,76,607
143,76,114
144,76,173
145,76,723
146,76,852
147,76,242
148,76,190
149,76,96
150,76,955
151,76,550
152,76,534
153,76,319
154,76,75
155,76,695
156,76,11
157,76,952
158,76,635
159,76,785
160,76,104
161,76,504
162,76,120
163,76,98
164,76,433
165,76,35
166,76,277
167,76,838
168,76,961
169,76,531
170,76,462
171,76,473
172,76,298
173,76,165
174,76,864
175,76,854
176,76,115
177,76,662
178,76,878
179,76,326
180,76,1003
181,76,921
182,76,809
183,76,988
184,76,261
185,76,597
186,76,843
187,76,20
188,76,256
189,76,743
190,76,437
191,76,525
192,76,237
193,76,970
194,76,580
195,76,938
196,76,490
197,76,957
198,76,313
199,76,309
200,76,410
201,76,981
202,76,980
203,76,962
204,76,80
205,76,414
206,76,709
207,76,201
208,76,571
209,76,914
210,76,218
211,76,667
212,76,960
213,76,135
214,76,179
215,76,161
216,76,916
217,76,772
218,76,566
219,76,929
220,76,953
221,76,77
222,76,156
223,76,753
224,76,787
225,76,610
226,76,972
227,76,1020
228,76,203
229,76,908
230,76,251
231,76,27
232,76,36
233,76,184
234,76,857
235,76,219
236,76,29
237,76,157
238,76,996
239,76,453
240,76,205
241,76,494
242,76,58
243,76,794
244,76,532
245,76,989
246,76,777
247,76,393
248,76,112
249,76,318
250,76,373
251,76,982
252,76,700
253,76,88
254,76,148
255,76,160
256,76,345
257,76,944
258,76,5
259,76,965
260,76,34
261,76,646
262,76,763
263,76,509
264,76,827
265,76,429
266,76,127
267,76,235
268,76,9
269,76,627
270,76,390
271,76,555
272,76,350
273,76,223
274,76,549
275,76,214
276,76,226
277,76,545
278,76,503
279,76,797
280,76,951
281,76,294
282,76,216
283,76,869
284,76,193
285,76,204
286,76,930
287,76,697
288,76,842
289,76,515
290,76,213
291,76,202
292,76,656
293,76,140
294,76,541
295,76,630
296,76,392
297,76,535
298,76,241
299,76,93
300,76,454
301,76,739
302,76,41
303,76,663
304,76,511
305,76,12
306,76,821
307,76,386
308,76,379
309,76,420
310,76,725
311,76,527
312,76,315
313,76,333
314,76,837
315,76,813
316,76,119
317,76,424
318,76,668
319,76,728
320,76,959
321,76,632
322,76,992
323,76,496
324,76,8
325,76,197
326,76,381
327,76,658
328,76,132
329,76,925
330,76,110
331,76,285
332,76,894
333,76,689
334,76,792
335,76,369
336,76,228
337,76,236
338,76,70
339,76,701
340,76,947
341,76,699
342,76,464
343,76,39
344,76,54
345,76,1005
346,76,856
347,76,31
348,76,737
349,76,976
350,76,570
351,76,51
352,76,912
353,76,325
354,76,442
355,76,707
356,76,991
357,76,799
358,76,552
359,76,499
360,76,421
361,76,460
362,76,1012
363,76,147
364,76,1018
365,76,893
366,76,865
367,76,85
368,76,681
369,76,164
370,76,162
371,76,922
372,76,106
373,76,451
374,76,45
375,76,826
376,76,751
377,76,544
378,76,849
379,76,834
380,76,559
381,76,355
382,76,673
383,76,664
384,76,682
385,76,305
386,76,568
387,76,828
388,76,892
389,76,776
390,76,343
391,76,895
392,76,920
393,76,875
394,76,862
395,76,286
396,76,43
397,76,523
398,76,349
399,76,245
0,77,301
1,77,150
2,77,30
3,77,683
4,77,443
5,77,954
6,77,1006
7,77,669
8,77,311
9,77,463
10,77,557
11,77,105
12,77,187
13,77,786
14,77,698
15,77,618
16,77,784
17,77,1008
18,77,520
19,77,185
20,77,710
21,77,0
22,77,554
23,77,230
24,77,713
25,77,246
26,77,155
27,77,287
28,77,901
29,77,142
30,77,304
31,77,492
32,77,1013
33,77,48
34,77,643
35,77,149
36,77,440
37,77,380
38,77,906
39,77,717
40,77,997
41,77,603
42,77,665
43,77,107
44,77,67
45,77,867
46,77,911
47,77,6
48,77,540
49,77,767
50,77,524
51,77,915
52,77,783
53,77,487
54,77,933
55,77,1002
56,77,537
57,77,266
58,77,474
59,77,362
60,77,839
61,77,476
62,77,919
63,77,847
64,77,775
65,77,521
66,77,584
67,77,877
68,77,432
69,77,749
70,77,650
71,77,363
72,77,649
73,77,1010
74,77,215
75,77,506
76,77,616
77,77,297
78,77,484
79,77,779
80,77,891
81,77,755
82,77,356
83,77,99
84,77,283
85,77,538
86,77,983
87,77,186
88,77,966
89,77,686
90,77,973
91,77,170
92,77,814
93,77,220
94,77,890
95,77,887
96,77,252
97,77,883
98,77,435
99,77,617
100,77,924
101,77,770
102,77,560
103,77,652
104,77,539
105,77,614
106,77,137
107,77,267
108,77,239
109,77,654
110,77,81
111,77,449
112,77,60
113,77,790
114,77,434
115,77,450
116,77,62
117,77,44
118,77,101
119,77,606
120,77,868
121,77,431
122,77,730
123,77,748
124,77,176
125,77,334
126,77,102
127,77,516
128,77,375
129,77,264
130,77,812
131,77,985
132,77,16
133,77,518
134,77,619
135,77,47
136,77,224
137,77,978
138,77,482
139,77,243
140,77,250
141,77,724
142,77,607
143,77,114
144,77,173
145,77,723
146,77,852
147,77,242
148,77,190
149,77,96
150,77,955
151,77,550
152,77,534
153,77,319
154,77,75
155,77,695
156,77,11
157,77,952
158,77,635
159,77,785
160,77,104
161,77,504
162,77,120
163,77,98
164,77,433
165,77,35
166,77,277
167,77,838
168,77,961
169,77,531
170,77,462
171,77,473
172,77,298
173,77,165
174,77,896
175,77,854
176,77,115
177,77,630
178,77,878
179,77,326
180,77,1003
181,77,921
182,77,809
183,77,988
184,77,261
185,77,597
186,77,843
187,77,20
188,77,256
189,77,743
190,77,437
191,77,525
192,77,237
193,77,970
194,77,580
195,77,938
196,77,490
197,77,957
198,77,313
199,77,309
200,77,410
201,77,981
202,77,980
203,77,962
204,77,80
205,77,414
206,77,709
207,77,201
208,77,571
209,77,914
210,77,218
211,77,667
212,77,960
213,77,135
214,77,179
215,77,161
216,77,916
217,77,772
218,77,566
219,77,929
220,77,953
221,77,77
222,77,156
223,77,753
224,77,787
225,77,610
226,77,972
227,77,1020
228,77,171
229,77,908
230,77,251
231,77,27
232,77,36
233,77,184
234,77,857
235,77,219
236,77,29
237,77,157
238,77,996
239,77,454
240,77,205
241,77,494
242,77,58
243,77,794
244,77,532
245,77,989
246,77,777
247,77,393
248,77,112
249,77,318
250,77,373
251,77,982
252,77,700
253,77,88
254,77,148
255,77,160
256,77,345
257,77,944
258,77,5
259,77,965
260,77,34
261,77,646
262,77,763
263,77,509
264,77,827
265,77,429
266,77,127
267,77,235
268,77,9
269,77,627
270,77,390
271,77,555
272,77,350
273,77,223
274,77,549
275,77,214
276,77,226
277,77,545
278,77,503
279,77,797
280,77,951
281,77,294
282,77,216
283,77,869
284,77,193
285,77,204
286,77,930
287,77,697
288,77,842
289,77,515
290,77,213
291,77,202
292,77,656
293,77,140
294,77,541
295,77,598
296,77,392
297,77,535
298,77,241
299,77,93
300,77,422
301,77,739
302,77,41
303,77,662
304,77,511
305,77,12
306,77,821
307,77,386
308,77,379
309,77,420
310,77,725
311,77,527
312,77,315
313,77,333
314,77,837
315,77,813
316,77,119
317,77,424
318,77,668
319,77,728
320,77,959
321,77,632
322,77,992
323,77,496
324,77,8
325,77,197
326,77,381
327,77,658
328,77,132
329,77,925
330,77,110
331,77,285
332,77,894
333,77,689
334,77,792
335,77,369
336,77,228
337,77,236
338,77,70
339,77,701
340,77,947
341,77,699
342,77,464
343,77,39
344,77,54
345,77,1005
346,77,856
347,77,31
348,77,737
349,77,976
350,77,570
351,77,51
352,77,912
353,77,325
354,77,442
355,77,707
356,77,991
357,77,799
358,77,552
359,77,499
360,77,453
361,77,460
362,77,1012
363,77,147
364,77,1018
365,77,893
366,77,864
367,77,85
368,77,681
369,77,164
370,77,162
371,77,922
372,77,106
373,77,451
374,77,45
375,77,826
376,77,751
377,77,544
378,77,849
379,77,834
380,77,559
381,77,355
382,77,673
383,77,664
384,77,682
385,77,305
386,77,568
387,77,828
388,77,892
389,77,776
390,77,343
391,77,895
392,77,920
393,77,875
394,77,862
395,77,286
396,77,43
397,77,523
398,77,349
399,77,245
0,78,301
1,78,150
2,78,30
3,78,683
4,78,443
5,78,954
6,78,1006
7,78,669
8,78,311
9,78,463
10,78,557
11,78,105
12,78,187
13,78,786
14,78,698
15,78,618
16,78,784
17,78,1008
18,78,520
19,78,185
20,78,710
21,78,0
22,78,554
23,78,230
24,78,713
25,78,246
26,78,155
27,78,287
28,78,901
29,78,142
30,78,304
31,78,492
32,78,1013
33,78,48
34,78,643
35,78,149
36,78,440
37,78,380
38,78,906
39,78,717
40,78,997
41,78,603
42,78,665
43,78,107
44,78,67
45,78,867
46,78,911
47,78,6
48,78,540
49,78,767
50,78,524
51,78,915
52,78,783
53,78,487
54,78,933
55,78,1002
56,78,537
57,78,266
58,78,474
59,78,362
60,78,839
61,78,476
62,78,919
63,78,847
64,78,775
65,78,521
66,78,584
67,78,877
68,78,432
69,78,749
70,78,650
71,78,363
72,78,649
73,78,1010
74,78,215
75,78,506
76,78,616
77,78,297
78,78,484
79,78,779
80,78,891
81,78,755
82,78,356
83,78,99
84,78,283
85,78,538
86,78,983
87,78,186
88,78,966
89,78,686
90,78,973
91,78,170
92,78,814
93,78,220
94,78,890
95,78,887
96,78,252
97,78,883
98,78,435
99,78,617
100,78,924
101,78,770
102,78,560
103,78,652
104,78,539
105,78,614
106,78,137
107,78,267
108,78,239
109,78,654
110,78,81
111,78,449
112,78,60
113,78,790
114,78,434
115,78,450
116,78,62
117,78,44
118,78,101
119,78,606
120,78,868
121,78,431
122,78,730
123,78,748
124,78,176
125,78,334
126,78,102
127,78,516
128,78,375
129,78,264
130,78,812
131,78,985
132,78,16
133,78,518
134,78,619
135,78,47
136,78,224
137,78,978
138,78,482
139,78,243
140,78,250
141,78,724
142,78,607
143,78,114
144,78,173
145,78,723
146,78,852
147,78,242
148,78,190
149,78,96
150,78,955
151,78,550
152,78,534
153,78,319
154,78,75
155,78,695
156,78,11
157,78,952
158,78,635
159,78,785
160,78,104
161,78,504
162,78,120
163,78,98
164,78,433
165,78,35
166,78,277
167,78,838
168,78,961
169,78,531
170,78,462
171,78,473
172,78,298
173,78,165
174,78,864
175,78,854
176,78,115
177,78,662
178,78,878
179,78,326
180,78,1003
181,78,921
182,78,809
183,78,988
184,78,261
185,78,597
186,78,843
187,78,20
188,78,256
189,78,743
190,78,437
191,78,525
192,78,237
193,78,970
194,78,580
195,78,938
196,78,490
197,78,957
198,78,313
199,78,309
200,78,410
201,78,981
202,78,980
203,78,962
204,78,80
205,78,414
206,78,709
207,78,201
208,78,571
209,78,914
210,78,218
211,78,667
212,78,960
213,78,135
214,78,179
215,78,161
216,78,916
217,78,772
218,78,566
219,78,929
220,78,953
221,78,77
222,78,156
223,78,753
224,78,787
225,78,610
226,78,972
227,78,1020
228,78,171
229,78,908
230,78,251
231,78,27
232,78,36
233,78,184
234,78,857
235,78,219
236,78,29
237,78,157
238,78,996
239,78,422
240,78,205
241,78,494
242,78,58
243,78,794
244,78,532
245,78,989
246,78,777
247,78,393
248,78,112
249,78,318
250,78,373
251,78,982
252,78,700
253,78,88
254,78,148
255,78,160
256,78,345
257,78,944
258,78,5
259,78,965
260,78,34
261,78,646
262,78,763
263,78,509
264,78,827
265,78,429
266,78,127
267,78,235
268,78,9
269,78,627
270,78,390
271,78,555
272,78,350
273,78,223
274,78,549
275,78,214
276,78,226
277,78,545
278,78,503
279,78,797
280,78,951
281,78,294
282,78,216
283,78,869
284,78,193
285,78,204
286,78,930
287,78,697
288,78,842
289,78,515
290,78,213
291,78,202
292,78,656
293,78,140
294,78,541
295,78,630
296,78,392
297,78,535
298,78,241
299,78,93
300,78,423
301,78,739
302,78,41
303,78,663
304,78,511
305,78,12
306,78,821
307,78,386
308,78,379
309,78,420
310,78,725
311,78,527
312,78,315
313,78,333
314,78,837
315,78,813
316,78,119
317,78,424
318,78,668
319,78,728
320,78,959
321,78,632
322,78,992
323,78,496
324,78,8
325,78,197
326,78,381
327,78,658
328,78,132
329,78,925
330,78,110
331,78,285
332,78,894
333,78,689
334,78,792
335,78,369
336,78,228
337,78,236
338,78,70
339,78,701
340,78,947
341,78,699
342,78,464
343,78,39
344,78,54
345,78,1005
346,78,856
347,78,31
348,78,737
349,78,976
350,78,570
351,78,51
352,78,912
353,78,325
354,78,442
355,78,707
356,78,991
357,78,799
358,78,552
359,78,499
360,78,453
361,78,460
362,78,1012
363,78,147
364,78,1018
365,78,893
366,78,865
367,78,85
368,78,681
369,78,164
370,78,162
371,78,922
372,78,106
373,78,451
374,78,45
375,78,826
376,78,751
377,78,544
378,78,849
379,78,834
380,78,559
381,78,355
382,78,673
383,78,664
384,78,682
385,78,305
386,78,568
387,78,828
388,78,892
389,78,776
390,78,343
391,78,895
392,78,920
393,78,875
394,78,862
395,78,286
396,78,43
397,78,523
398,78,349
399,78,245
0,79,301
1,79,150
2,79,30
3,79,683
4,79,443
5,79,954
6,79,1006
7,79,669
8,79,311
9,79,463
10,79,557
11,79,105
12,79,187
13,79,786
14,79,698
15,79,618
16,79,784
17,79,1008
18,79,520
19,79,185
20,79,710
21,79,0
22,79,554
23,79,230
24,79,713
25,79,246
26,79,155
27,79,287
28,79,901
29,79,142
30,79,304
31,79,492
32,79,1013
33,79,48
34,79,643
35,79,149
36,79,440
37,79,380
38,79,906
39,79,717
40,79,997
41,79,603
42,79,665
43,79,107
44,79,67
45,79,867
46,79,911
47,79,6
48,79,540
49,79,767
50,79,524
51,79,915
52,79,783
53,79,487
54,79,933
55,79,1002
56,79,537
57,79,266
58,79,474
59,79,362
60,79,839
61,79,476
62,79,919
63,79,847
64,79,775
65,79,521
66,79,584
67,79,877
68,79,432
69,79,749
70,79,650
71,79,363
72,79,649
73,79,1010
74,79,215
75,79,506
76,79,616
77,79,297
78,79,484
79,79,779
80,79,891
81,79,755
82,79,356
83,79,99
84,79,283
85,79,538
86,79,983
87,79,186
88,79,966
89,79,686
90,79,973
91,79,170
92,79,814
93,79,220
94,79,890
95,79,887
96,79,252
97,79,883
98,79,435
99,79,617
100,79,924
101,79,770
102,79,560
103,79,652
104,79,539
105,79,614
106,79,137
107,79,267
108,79,239
109,79,654
110,79,81
111,79,449
112,79,60
113,79,790
114,79,434
115,79,450
116,79,62
117,79,44
118,79,101
119,79,606
120,79,868
121,79,431
122,79,730
123,79,748
124,79,176
125,79,334
126,79,102
127,79,516
128,79,375
129,79,264
130,79,812
131,79,985
132,79,16
133,79,518
134,79,619
135,79,47
136,79,224
137,79,978
138,79,482
139,79,243
140,79,250
141,79,724
142,79,607
143,79,114
144,79,173
145,79,723
146,79,852
147,79,242
148,79,190
149,79,96
150,79,955
151,79,550
152,79,534
153,79,319
154,79,75
155,79,695
156,79,11
157,79,952
158,79,635
159,79,785
160,79,104
161,79,504
162,79,120
163,79,98
164,79,433
165,79,35
166,79,277
167,79,838
168,79,961
169,79,531
170,79,462
171,79,473
172,79,298
173,79,165
174,79,865
175,79,854
176,79,115
177,79,663
178,79,878
179,79,326
180,79,1003
181,79,921
182,79,809
183,79,988
184,79,261
185,79,597
186,79,843
187,79,20
188,79,256
189,79,743
190,79,437
191,79,525
192,79,237
193,79,970
194,79,580
195,79,938
196,79,490
197,79,957
198,79,313
199,79,309
200,79,410
201,79,981
202,79,980
203,79,962
204,79,80
205,79,414
206,79,709
207,79,201
208,79,571
209,79,914
210,79,218
211,79,667
212,79,960
213,79,135
214,79,179
215,79,161
216,79,916
217,79,772
218,79,566
219,79,929
220,79,953
221,79,77
222,79,156
223,79,753
224,79,787
225,79,610
226,79,972
227,79,1020
228,79,171
229,79,908
230,79,251
231,79,27
232,79,36
233,79,184
234,79,857
235,79,219
236,79,29
237,79,157
238,79,996
239,79,421
240,79,205
241,79,494
242,79,58
243,79,794
244,79,532
245,79,989
246,79,777
247,79,393
248,79,112
249,79,318
250,79,373
251,79,982
252,79,700
253,79,88
254,79,148
255,79,160
256,79,345
257,79,944
258,79,5
259,79,965
260,79,34
261,79,646
262,79,763
263,79,509
264,79,827
265,79,429
266,79,127
267,79,235
268,79,9
269,79,627
270,79,390
271,79,555
272,79,350
273,79,223
274,79,549
275,79,214
276,79,226
277,79,545
278,79,503
279,79,797
280,79,951
281,79,294
282,79,216
283,79,869
284,79,193
285,79,204
286,79,930
287,79,697
288,79,842
289,79,515
290,79,213
291,79,202
292,79,656
293,79,140
294,79,541
295,79,630
296,79,392
297,79,535
298,79,241
299,79,93
300,79,422
301,79,739
302,79,41
303,79,631
304,79,511
305,79,12
306,79,821
307,79,386
308,79,379
309,79,420
310,79,725
311,79,527
312,79,315
313,79,333
314,79,837
315,79,813
316,79,119
317,79,424
318,79,668
319,79,728
320,79,959
321,79,632
322,79,992
323,79,496
324,79,8
325,79,197
326,79,381
327,79,658
328,79,132
329,79,925
330,79,110
331,79,285
332,79,894
333,79,689
334,79,792
335,79,369
336,79,228
337,79,236
338,79,70
339,79,701
340,79,947
341,79,699
342,79,464
343,79,39
344,79,54
345,79,1005
346,79,856
347,79,31
348,79,737
349,79,976
350,79,570
351,79,51
352,79,912
353,79,325
354,79,442
355,79,707
356,79,991
357,79,799
358,79,552
359,79,499
360,79,453
361,79,460
362,79,1012
363,79,147
364,79,1018
365,79,893
366,79,897
367,79,85
368,79,681
369,79,164
370,79,162
371,79,922
372,79,106
373,79,451
374,79,45
375,79,826
376,79,751
377,79,544
378,79,849
379,79,834
380,79,559
381,79,355
382,79,673
383,79,664
384,79,682
385,79,305
386,79,568
387,79,828
388,79,892
389,79,776
390,79,343
391,79,895
392,79,920
393,79,875
394,79,862
395,79,286
396,79,43
397,79,523
398,79,349
399,79,245
0,80,301
1,80,150
2,80,30
3,80,683
4,80,443
5,80,954
6,80,1006
7,80,669
8,80,311
9,80,463
10,80,557
11,80,105
12,80,187
13,80,786
14,80,698
15,80,618
16,80,784
17,80,1008
18,80,520
19,80,185
20,80,710
21,80,0
22,80,554
23,80,230
24,80,713
25,80,246
26,80,155
27,80,287
28,80,901
29,80,142
30,80,304
31,80,492
32,80,1013
33,80,48
34,80,643
35,80,149
36,80,440
37,80,380
38,80,906
39,80,717
40,80,997
41,80,603
42,80,665
43,80,107
44,80,67
45,80,867
46,80,911
47,80,6
48,80,540
49,80,767
50,80,524
51,80,915
52,80,783
53,80,487
54,80,933
55,80,1002
56,80,537
57,80,266
58,80,474
59,80,362
60,80,839
61,80,476
62,80,919
63,80,847
64,80,775
65,80,521
66,80,584
67,80,877
68,80,432
69,80,749
70,80,650
71,80,363
72,80,649
73,80,1010
74,80,215
75,80,506
76,80,616
77,80,297
78,80,484
79,80,779
80,80,891
81,80,755
82,80,356
83,80,99
84,80,283
85,80,538
86,80,983
87,80,186
88,80,966
89,80,686
90,80,973
91,80,170
92,80,814
93,80,220
94,80,890
95,80,887
96,80,252
97,80,883
98,80,435
99,80,617
100,80,924
101,80,770
102,80,560
103,80,652
104,80,539
105,80,614
106,80,137
107,80,267
108,80,239
109,80,654
110,80,81
111,80,449
112,80,60
113,80,790
114,80,434
115,80,450
116,80,62
117,80,44
118,80,101
119,80,606
120,80,868
121,80,431
122,80,730
123,80,748
124,80,176
125,80,334
126,80,102
127,80,516
128,80,375
129,80,264
130,80,812
131,80,985
132,80,16
133,80,518
134,80,619
135,80,47
136,80,224
137,80,978
138,80,482
139,80,243
140,80,250
141,80,724
142,80,607
143,80,114
144,80,173
145,80,723
146,80,852
147,80,242
148,80,190
149,80,96
150,80,955
151,80,550
152,80,534
153,80,319
154,80,75
155,80,695
156,80,11
157,80,952
158,80,635
159,80,785
160,80,104
161,80,504
162,80,120
163,80,98
164,80,433
165,80,35
166,80,277
167,80,838
168,80,961
169,80,531
170,80,462
171,80,473
172,80,298
173,80,165
174,80,864
175,80,854
176,80,115
177,80,662
178,80,878
179,80,326
180,80,1003
181,80,921
182,80,809
183,80,988
184,80,261
185,80,597
186,80,843
187,80,20
188,80,256
189,80,743
190,80,437
191,80,525
192,80,237
193,80,970
194,80,580
195,80,938
196,80,490
197,80,957
198,80,313
199,80,309
200,80,410
201,80,981
202,80,980
203,80,962
204,80,80
205,80,414
206,80,709
207,80,201
208,80,571
209,80,914
210,80,218
211,80,667
212,80,960
213,80,135
214,80,179
215,80,161
216,80,916
217,80,772
218,80,566
219,80,929
220,80,953
221,80,77
222,80,156
223,80,753
224,80,787
225,80,610
226,80,972
227,80,1020
228,80,171
229,80,908
230,80,251
231,80,27
232,80,36
233,80,184
234,80,857
235,80,219
236,80,29
237,80,157
238,80,996
239,80,421
240,80,205
241,80,494
242,80,58
243,80,794
244,80,532
245,80,989
246,80,777
247,80,393
248,80,112
249,80,318
250,80,373
251,80,982
252,80,700
253,80,88
254,80,148
255,80,160
256,80,345
257,80,944
258,80,5
259,80,965
260,80,34
261,80,646
262,80,763
263,80,509
264,80,827
265,80,429
266,80,127
267,80,235
268,80,9
269,80,627
270,80,390
271,80,555
272,80,350
273,80,223
274,80,549
275,80,214
276,80,226
277,80,545
278,80,503
279,80,797
280,80,951
281,80,294
282,80,216
283,80,869
284,80,193
285,80,204
286,80,930
287,80,697
288,80,842
289,80,515
290,80,213
291,80,202
292,80,656
293,80,140
294,80,541
295,80,630
296,80,392
297,80,535
298,80,241
299,80,93
300,80,454
301,80,739
302,80,41
303,80,663
304,80,511
305,80,12
306,80,821
307,80,386
308,80,379
309,80,420
310,80,725
311,80,527
312,80,315
313,80,333
314,80,837
315,80,813
316,80,119
317,80,424
318,80,668
319,80,728
320,80,959
321,80,632
322,80,992
323,80,496
324,80,8
325,80,197
326,80,381
327,80,658
328,80,132
329,80,925
330,80,110
331,80,285
332,80,894
333,80,689
334,80,792
335,80,369
336,80,228
337,80,236
338,80,70
339,80,701
340,80,947
341,80,699
342,80,464
343,80,39
344,80,54
345,80,1005
346,80,856
347,80,31
348,80,737
349,80,976
350,80,570
351,80,51
352,80,912
353,80,325
354,80,442
355,80,707
356,80,991
357,80,799
358,80,552
359,80,499
360,80,453
361,80,460
362,80,1012
363,80,147
364,80,1018
365,80,893
366,80,865
367,80,85
368,80,681
369,80,164
370,80,162
371,80,922
372,80,106
373,80,451
374,80,45
375,80,826
376,80,751
377,80,544
378,80,849
379,80,834
380,80,559
381,80,355
382,80,673
383,80,664
384,80,682
385,80,305
386,80,568
387,80,828
388,80,892
389,80,776
390,80,343
391,80,895
392,80,920
393,80,875
394,80,862
395,80,286
396,80,43
397,80,523
398,80,349
399,80,245
0,81,301
1,81,150
2,81,30
3,81,683
4,81,443
5,81,954
6,81,1006
7,81,669
8,81,311
9,81,463
10,81,557
11,81,105
12,81,187
13,81,786
14,81,698
15,81,618
16,81,784
17,81,1008
18,81,520
19,81,185
20,81,710
21,81,0
22,81,554
23,81,230
24,81,713
25,81,246
26,81,155
27,81,287
28,81,901
29,81,142
30,81,304
31,81,492
32,81,1013
33,81,48
34,81,643
35,81,149
36,81,440
37,81,380
38,81,906
39,81,717
40,81,997
41,81,603
42,81,665
43,81,107
44,81,67
45,81,867
46,81,911
47,81,6
48,81,540
49,81,767
50,81,524
51,81,915
52,81,783
53,81,487
54,81,933
55,81,1002
56,81,537
57,81,266
58,81,474
59,81,362
60,81,839
61,81,476
62,81,919
63,81,847
64,81,775
65,81,521
66,81,584
67,81,877
68,81,432
69,81,749
70,81,650
71,81,363
72,81,649
73,81,1010
74,81,215
75,81,506
76,81,616
77,81,297
78,81,484
79,81,779
80,81,891
81,81,755
82,81,356
83,81,99
84,81,283
85,81,538
86,81,983
87,81,186
88,81,966
89,81,686
90,81,973
91,81,170
92,81,814
93,81,220
94,81,890
95,81,887
96,81,252
97,81,883
98,81,435
99,81,617
100,81,924
101,81,770
102,81,560
103,81,652
104,81,539
105,81,614
106,81,137
107,81,267
108,81,239
109,81,654
110,81,81
111,81,449
112,81,60
113,81,790
114,81,434
115,81,450
116,81,62
117,81,44
118,81,101
119,81,606
120,81,868
121,81,431
122,81,730
123,81,748
124,81,176
125,81,334
126,81,102
127,81,516
128,81,375
129,81,264
130,81,812
131,81,985
132,81,16
133,81,518
134,81,619
135,81,47
136,81,224
137,81,978
138,81,482
139,81,243
140,81,250
141,81,724
142,81,607
143,81,114
144,81,173
145,81,723
146,81,852
147,81,242
148,81,190
149,81,96
150,81,955
151,81,550
152,81,534
153,81,319
154,81,75
155,81,695
156,81,11
157,81,952
158,81,635
159,81,785
160,81,104
161,81,504
162,81,120
163,81,98
164,81,433
165,81,35
166,81,277
167,81,838
168,81,961
169,81,531
170,81,462
171,81,473
172,81,298
173,81,165
174,81,865
175,81,854
176,81,115
177,81,630
178,81,878
179,81,326
180,81,1003
181,81,921
182,81,809
183,81,988
184,81,261
185,81,597
186,81,843
187,81,20
188,81,256
189,81,743
190,81,437
191,81,525
192,81,237
193,81,970
194,81,580
195,81,938
196,81,490
197,81,957
198,81,313
199,81,309
200,81,410
201,81,981
202,81,980
203,81,962
204,81,80
205,81,414
206,81,709
207,81,201
208,81,571
209,81,914
210,81,218
211,81,667
212,81,960
213,81,135
214,81,179
215,81,161
216,81,916
217,81,772
218,81,566
219,81,929
220,81,953
221,81,77
222,81,156
223,81,753
224,81,787
225,81,610
226,81,972
227,81,1020
228,81,171
229,81,908
230,81,251
231,81,27
232,81,36
233,81,184
234,81,857
235,81,219
236,81,29
237,81,157
238,81,996
239,81,421
240,81,205
241,81,494
242,81,58
243,81,794
244,81,532
245,81,989
246,81,777
247,81,393
248,81,112
249,81,318
250,81,373
251,81,982
252,81,700
253,81,88
254,81,148
255,81,160
256,81,345
257,81,944
258,81,5
259,81,965
260,81,34
261,81,646
262,81,763
263,81,509
264,81,827
265,81,429
266,81,127
267,81,235
268,81,9
269,81,627
270,81,390
271,81,555
272,81,350
273,81,223
274,81,549
275,81,214
276,81,226
277,81,545
278,81,503
279,81,797
280,81,951
281,81,294
282,81,216
283,81,869
284,81,193
285,81,204
286,81,930
287,81,697
288,81,842
289,81,515
290,81,213
291,81,202
292,81,656
293,81,140
294,81,541
295,81,598
296,81,392
297,81,535
298,81,241
299,81,93
300,81,454
301,81,739
302,81,41
303,81,662
304,81,511
305,81,12
306,81,821
307,81,386
308,81,379
309,81,420
310,81,725
311,81,527
312,81,315
313,81,333
314,81,837
315,81,813
316,81,119
317,81,424
318,81,668
319,81,728
320,81,959
321,81,632
322,81,992
323,81,496
324,81,8
325,81,197
326,81,381
327,81,658
328,81,132
329,81,925
330,81,110
331,81,285
332,81,894
333,81,689
334,81,792
335,81,369
336,81,228
337,81,236
338,81,70
339,81,701
340,81,947
341,81,699
342,81,464
343,81,39
344,81,54
345,81,1005
346,81,856
347,81,31
348,81,737
349,81,976
350,81,570
351,81,51
352,81,912
353,81,325
354,81,442
355,81,707
356,81,991
357,81,799
358,81,552
359,81,499
360,81,453
361,81,460
362,81,1012
363,81,147
364,81,1018
365,81,893
366,81,897
367,81,85
368,81,681
369,81,164
370,81,162
371,81,922
372,81,106
373,81,451
374,81,45
375,81,826
376,81,751
377,81,544
378,81,849
379,81,834
380,81,559
381,81,355
382,81,673
383,81,664
384,81,682
385,81,305
386,81,568
387,81,828
388,81,892
389,81,776
390,81,343
391,81,895
392,81,920
393,81,875
394,81,862
395,81,286
396,81,43
397,81,523
398,81,349
399,81,245
0,82,301
1,82,150
2,82,30
3,82,683
4,82,443
5,82,954
6,82,1006
7,82,669
8,82,311
9,82,463
10,82,557
11,82,105
12,82,187
13,82,786
14,82,698
15,82,618
16,82,784
17,82,1008
18,82,520
19,82,185
20,82,710
21,82,0
22,82,554
23,82,230
24,82,713
25,82,246
26,82,155
27,82,287
28,82,901
29,82,142
30,82,304
31,82,492
32,82,1013
33,82,48
34,82,643
35,82,149
36,82,440
37,82,380
38,82,906
39,82,717
40,82,997
41,82,603
42,82,665
43,82,107
44,82,67
45,82,867
46,82,911
47,82,6
48,82,540
49,82,767
50,82,524
51,82,915
52,82,783
53,82,487
54,82,933
55,82,1002
56,82,537
57,82,266
58,82,474
59,82,362
60,82,839
61,82,476
62,82,919
63,82,847
64,82,775
65,82,521
66,82,584
67,82,877
68,82,432
69,82,749
70,82,650
71,82,363
72,82,649
73,82,1010
74,82,215
75,82,506
76,82,616
77,82,297
78,82,484
79,82,779
80,82,891
81,82,755
82,82,356
83,82,99
84,82,283
85,82,538
86,82,983
87,82,186
88,82,966
89,82,686
90,82,973
91,82,170
92,82,814
93,82,220
94,82,890
95,82,887
96,82,252
97,82,883
98,82,435
99,82,617
100,82,924
101,82,770
102,82,560
103,82,652
104,82,539
105,82,614
106,82,137
107,82,267
108,82,239
109,82,654
110,82,81
111,82,449
112,82,60
113,82,790
114,82,434
115,82,450
116,82,62
117,82,44
118,82,101
119,82,606
120,82,868
121,82,431
122,82,730
123,82,748
124,82,176
125,82,334
126,82,102
127,82,516
128,82,375
129,82,264
130,82,812
131,82,985
132,82,16
133,82,518
134,82,619
135,82,47
136,82,224
137,82,978
138,82,482
139,82,243
140,82,250
141,82,724
142,82,607
143,82,114
144,82,173
145,82,723
146,82,852
147,82,242
148,82,190
149,82,96
150,82,955
151,82,550
152,82,534
153,82,319
154,82,75
155,82,695
156,82,11
157,82,952
158,82,635
159,82,785
160,82,104
161,82,504
162,82,120
163,82,98
164,82,433
165,82,35
166,82,277
167,82,838
168,82,961
169,82,531
170,82,462
171,82,473
172,82,298
173,82,165
174,82,865
175,82,854
176,82,115
177,82,662
178,82,878
179,82,326
180,82,1003
181,82,921
182,82,809
183,82,988
184,82,261
185,82,597
186,82,843
187,82,20
188,82,256
189,82,743
190,82,437
191,82,525
192,82,237
193,82,970
194,82,580
195,82,938
196,82,490
197,82,957
198,82,313
199,82,309
200,82,410
201,82,981
202,82,980
203,82,962
204,82,80
205,82,414
206,82,709
207,82,201
208,82,571
209,82,914
210,82,218
211,82,667
212,82,960
213,82,135
214,82,179
215,82,161
216,82,916
217,82,772
218,82,566
219,82,929
220,82,953
221,82,77
222,82,156
223,82,753
224,82,787
225,82,610
226,82,972
227,82,1020
228,82,171
229,82,908
230,82,251
231,82,27
232,82,36
233,82,184
234,82,857
235,82,219
236,82,29
237,82,157
238,82,996
239,82,421
240,82,205
241,82,494
242,82,58
243,82,794
244,82,532
245,82,989
246,82,777
247,82,393
248,82,112
249,82,318
250,82,373
251,82,982
252,82,700
253,82,88
254,82,148
255,82,160
256,82,345
257,82,944
258,82,5
259,82,965
260,82,34
261,82,646
262,82,763
263,82,509
264,82,827
265,82,429
266,82,127
267,82,235
268,82,9
269,82,627
270,82,390
271,82,555
272,82,350
273,82,223
274,82,549
275,82,214
276,82,226
277,82,545
278,82,503
279,82,797
280,82,951
281,82,294
282,82,216
283,82,869
284,82,193
285,82,204
286,82,930
287,82,697
288,82,842
289,82,515
290,82,213
291,82,202
292,82,656
293,82,140
294,82,541
295,82,630
296,82,392
297,82,535
298,82,241
299,82,93
300,82,454
301,82,739
302,82,41
303,82,663
304,82,511
305,82,12
306,82,821
307,82,386
308,82,379
309,82,420
310,82,725
311,82,527
312,82,315
313,82,333
314,82,837
315,82,813
316,82,119
317,82,424
318,82,668
319,82,728
320,82,959
321,82,632
322,82,992
323,82,496
324,82,8
325,82,197
326,82,381
327,82,658
328,82,132
329,82,925
330,82,110
331,82,285
332,82,894
333,82,689
334,82,792
335,82,369
336,82,228
337,82,236
338,82,70
339,82,701
340,82,947
341,82,699
342,82,464
343,82,39
344,82,54
345,82,1005
346,82,856
347,82,31
348,82,737
349,82,976
350,82,570
351,82,51
352,82,912
353,82,325
354,82,442
355,82,707
356,82,991
357,82,799
358,82,552
359,82,499
360,82,453
361,82,460
362,82,1012
363,82,147
364,82,1018
365,82,893
366,82,896
367,82,85
368,82,681
369,82,164
370,82,162
371,82,922
372,82,106
373,82,451
374,82,45
375,82,826
376,82,751
377,82,544
378,82,849
379,82,834
380,82,559
381,82,355
382,82,673
383,82,664
384,82,682
385,82,305
386,82,568
387,82,828
388,82,892
389,82,776
390,82,343
391,82,895
392,82,920
393,82,875
394,82,862
395,82,286
396,82,43
397,82,523
398,82,349
399,82,245
0,83,301
1,83,150
2,83,30
3,83,683
4,83,443
5,83,954
6,83,1006
7,83,669
8,83,311
9,83,463
10,83,557
11,83,105
12,83,187
13,83,786
14,83,698
15,83,618
16,83,784
17,83,1008
18,83,520
19,83,185
20,83,710
21,83,0
22,83,554
23,83,230
24,83,713
25,83,246
26,83,155
27,83,287
28,83,901
29,83,142
30,83,304
31,83,492
32,83,1013
33,83,48
34,83,643
35,83,149
36,83,440
37,83,380
38,83,906
39,83,717
40,83,997
41,83,603
42,83,665
43,83,107
44,83,67
45,83,867
46,83,911
47,83,6
48,83,540
49,83,767
50,83,524
51,83,915
52,83,783
53,83,487
54,83,933
55,83,1002
56,83,537
57,83,266
58,83,474
59,83,362
60,83,839
61,83,476
62,83,919
63,83,847
64,83,775
65,83,521
66,83,584
67,83,877
68,83,432
69,83,749
70,83,650
71,83,363
72,83,649
73,83,1010
74,83,215
75,83,506
76,83,616
77,83,297
78,83,484
79,83,779
80,83,891
81,83,755
82,83,356
83,83,99
84,83,283
85,83,538
86,83,983
87,83,186
88,83,966
89,83,686
90,83,973
91,83,170
92,83,814
93,83,220
94,83,890
95,83,887
96,83,252
97,83,883
98,83,435
99,83,617
100,83,924
101,83,770
102,83,560
103,83,652
104,83,539
105,83,614
106,83,137
107,83,267
108,83,239
109,83,654
110,83,81
111,83,449
112,83,60
113,83,790
114,83,434
115,83,450
116,83,62
117,83,44
118,83,101
119,83,606
120,83,868
121,83,431
122,83,730
123,83,748
124,83,176
125,83,334
126,83,102
127,83,516
128,83,375
129,83,264
130,83,812
131,83,985
132,83,16
133,83,518
134,83,619
135,83,47
136,83,224
137,83,978
138,83,482
139,83,243
140,83,250
141,83,724
142,83,607
143,83,114
144,83,173
145,83,723
146,83,852
147,83,242
148,83,190
149,83,96
150,83,955
151,83,550
152,83,534
153,83,319
154,83,75
155,83,695
156,83,11
157,83,952
158,83,635
159,83,785
160,83,104
161,83,504
162,83,120
163,83,98
164,83,433
165,83,35
166,83,277
167,83,838
168,83,961
169,83,531
170,83,462
171,83,473
172,83,298
173,83,165
174,83,865
175,83,854
176,83,115
177,83,663
178,83,878
179,83,326
180,83,1003
181,83,921
182,83,809
183,83,988
184,83,261
185,83,597
186,83,843
187,83,20
188,83,256
189,83,743
190,83,437
191,83,525
192,83,237
193,83,970
194,83,580
195,83,938
196,83,490
197,83,957
198,83,313
199,83,309
200,83,410
201,83,981
202,83,980
203,83,962
204,83,80
205,83,414
206,83,709
207,83,201
208,83,571
209,83,914
210,83,218
211,83,667
212,83,960
213,83,135
214,83,179
215,83,161
216,83,916
217,83,772
218,83,566
219,83,929
220,83,953
221,83,77
222,83,156
223,83,753
224,83,787
225,83,610
226,83,972
227,83,1020
228,83,171
229,83,908
230,83,251
231,83,27
232,83,36
233,83,184
234,83,857
235,83,219
236,83,29
237,83,157
238,83,996
239,83,421
240,83,205
241,83,494
242,83,58
243,83,794
244,83,532
245,83,989
246,83,777
247,83,393
248,83,112
249,83,318
250,83,373
251,83,982
252,83,700
253,83,88
254,83,148
255,83,160
256,83,345
257,83,944
258,83,5
259,83,965
260,83,34
261,83,646
262,83,763
263,83,509
264,83,827
265,83,429
266,83,127
267,83,235
268,83,9
269,83,627
270,83,390
271,83,555
272,83,350
273,83,223
274,83,549
275,83,214
276,83,226
277,83,545
278,83,503
279,83,797
280,83,951
281,83,294
282,83,216
283,83,869
284,83,193
285,83,204
286,83,930
287,83,697
288,83,842
289,83,515
290,83,213
291,83,202
292,83,656
293,83,140
294,83,541
295,83,630
296,83,392
297,83,535
298,83,241
299,83,93
300,83,454
301,83,739
302,83,41
303,83,631
304,83,511
305,83,12
306,83,821
307,83,386
308,83,379
309,83,420
310,83,725
311,83,527
312,83,315
313,83,333
314,83,837
315,83,813
316,83,119
317,83,424
318,83,668
319,83,728
320,83,959
321,83,632
322,83,992
323,83,496
324,83,8
325,83,197
326,83,381
327,83,658
328,83,132
329,83,925
330,83,110
331,83,285
332,83,894
333,83,689
334,83,792
335,83,369
336,83,228
337,83,236
338,83,70
339,83,701
340,83,947
341,83,699
342,83,464
343,83,39
344,83,54
345,83,1005
346,83,856
347,83,31
348,83,737
349,83,976
350,83,570
351,83,51
352,83,912
353,83,325
354,83,442
355,83,707
356,83,991
357,83,799
358,83,552
359,83,499
360,83,453
361,83,460
362,83,1012
363,83,147
364,83,1018
365,83,893
366,83,864
367,83,85
368,83,681
369,83,164
370,83,162
371,83,922
372,83,106
373,83,451
374,83,45
375,83,826
376,83,751
377,83,544
378,83,849
379,83,834
380,83,559
381,83,355
382,83,673
383,83,664
384,83,682
385,83,305
386,83,568
387,83,828
388,83,892
389,83,776
390,83,343
391,83,895
392,83,920
393,83,875
394,83,862
395,83,286
396,83,43
397,83,523
398,83,349
399,83,245
0,84,301
1,84,150
2,84,30
3,84,683
4,84,443
5,84,954
6,84,1006
7,84,669
8,84,311
9,84,463
10,84,557
11,84,105
12,84,187
13,84,786
14,84,698
15,84,618
16,84,784
17,84,1008
18,84,520
19,84,185
20,84,710
21,84,0
22,84,554
23,84,230
24,84,713
25,84,246
26,84,155
27,84,287
28,84,901
29,84,142
30,84,304
31,84,492
32,84,1013
33,84,48
34,84,643
35,84,149
36,84,440
37,84,380
38,84,906
39,84,717
40,84,997
41,84,603
42,84,665
43,84,107
44,84,67
45,84,867
46,84,911
47,84,6
48,84,540
49,84,767
50,84,524
51,84,915
52,84,783
53,84,487
54,84,933
55,84,1002
56,84,537
57,84,266
58,84,474
59,84,362
60,84,839
61,84,476
62,84,919
63,84,847
64,84,775
65,84,521
66,84,584
67,84,877
68,84,432
69,84,749
70,84,650
71,84,363
72,84,649
73,84,1010
74,84,215
75,84,506
76,84,616
77,84,297
78,84,484
79,84,779
80,84,891
81,84,755
82,84,356
83,84,99
84,84,283
85,84,538
86,84,983
87,84,186
88,84,966
89,84,686
90,84,973
91,84,170
92,84,814
93,84,220
94,84,890
95,84,887
96,84,252
97,84,883
98,84,435
99,84,617
100,84,924
101,84,770
102,84,560
103,84,652
104,84,539
105,84,614
106,84,137
107,84,267
108,84,239
109,84,654
110,84,81
111,84,449
112,84,60
113,84,790
114,84,434
115,84,450
116,84,62
117,84,44
118,84,101
119,84,606
120,84,868
121,84,431
122,84,730
123,84,748
124,84,176
125,84,334
126,84,102
127,84,516
128,84,375
129,84,264
130,84,812
131,84,985
132,84,16
133,84,518
134,84,619
135,84,47
136,84,224
137,84,978
138,84,482
139,84,243
140,84,250
141,84,724
142,84,607
143,84,114
144,84,173
145,84,723
146,84,852
147,84,242
148,84,190
149,84,96
150,84,955
151,84,550
152,84,534
153,84,319
154,84,75
155,84,695
156,84,11
157,84,952
158,84,635
159,84,785
160,84,104
161,84,504
162,84,120
163,84,98
164,84,433
165,84,35
166,84,277
167,84,838
168,84,961
169,84,531
170,84,462
171,84,473
172,84,298
173,84,165
174,84,865
175,84,854
176,84,115
177,84,663
178,84,878
179,84,326
180,84,1003
181,84,921
182,84,809
183,84,988
184,84,261
185,84,597
186,84,843
187,84,20
188,84,256
189,84,743
190,84,437
191,84,525
192,84,237
193,84,970
194,84,580
195,84,938
196,84,490
197,84,957
198,84,313
199,84,309
200,84,410
201,84,981
202,84,980
203,84,962
204,84,80
205,84,414
206,84,709
207,84,201
208,84,571
209,84,914
210,84,218
211,84,667
212,84,960
213,84,135
214,84,179
215,84,161
216,84,916
217,84,772
218,84,566
219,84,929
220,84,953
221,84,77
222,84,156
223,84,753
224,84,787
225,84,610
226,84,972
227,84,1020
228,84,171
229,84,908
230,84,251
231,84,27
232,84,36
233,84,184
234,84,857
235,84,219
236,84,29
237,84,157
238,84,996
239,84,421
240,84,205
241,84,494
242,84,58
243,84,794
244,84,532
245,84,989
246,84,777
247,84,393
248,84,112
249,84,318
250,84,373
251,84,982
252,84,700
253,84,88
254,84,148
255,84,160
256,84,345
257,84,944
258,84,5
259,84,965
260,84,34
261,84,646
262,84,763
263,84,509
264,84,827
265,84,429
266,84,127
267,84,235
268,84,9
269,84,627
270,84,390
271,84,555
272,84,350
273,84,223
274,84,549
275,84,214
276,84,226
277,84,545
278,84,503
279,84,797
280,84,951
281,84,294
282,84,216
283,84,869
284,84,193
285,84,204
286,84,930
287,84,697
288,84,842
289,84,515
290,84,213
291,84,202
292,84,656
293,84,140
294,84,541
295,84,630
296,84,392
297,84,535
298,84,241
299,84,93
300,84,454
301,84,739
302,84,41
303,84,599
304,84,511
305,84,12
306,84,821
307,84,386
308,84,379
309,84,420
310,84,725
311,84,527
312,84,315
313,84,333
314,84,837
315,84,813
316,84,119
317,84,424
318,84,668
319,84,728
320,84,959
321,84,632
322,84,992
323,84,496
324,84,8
325,84,197
326,84,381
327,84,658
328,84,132
329,84,925
330,84,110
331,84,285
332,84,894
333,84,689
334,84,792
335,84,369
336,84,228
337,84,236
338,84,70
339,84,701
340,84,947
341,84,699
342,84,464
343,84,39
344,84,54
345,84,1005
346,84,856
347,84,31
348,84,737
349,84,976
350,84,570
351,84,51
352,84,912
353,84,325
354,84,442
355,84,707
356,84,991
357,84,799
358,84,552
359,84,499
360,84,453
361,84,460
362,84,1012
363,84,147
364,84,1018
365,84,893
366,84,864
367,84,85
368,84,681
369,84,164
370,84,162
371,84,922
372,84,106
373,84,451
374,84,45
375,84,826
376,84,751
377,84,544
378,84,849
379,84,834
380,84,559
381,84,355
382,84,673
383,84,664
384,84,682
385,84,305
386,84,568
387,84,828
388,84,892
389,84,776
390,84,343
391,84,895
392,84,920
393,84,875
394,84,862
395,84,286
396,84,43
397,84,523
398,84,349
399,84,245
0,85,301
1,85,150
2,85,30
3,85,683
4,85,443
5,85,954
6,85,1006
7,85,669
8,85,311
9,85,463
10,85,557
11,85,105
12,85,187
13,85,786
14,85,698
15,85,618
16,85,784
17,85,1008
18,85,520
19,85,185
20,85,710
21,85,0
22,85,554
23,85,230
24,85,713
25,85,246
26,85,155
27,85,287
28,85,901
29,85,142
30,85,304
31,85,492
32,85,1013
33,85,48
34,85,643
35,85,149
36,85,440
37,85,380
38,85,906
39,85,717
40,85,997
41,85,603
42,85,665
43,85,107
44,85,67
45,85,867
46,85,911
47,85,6
48,85,540
49,85,767
50,85,524
51,85,915
52,85,783
53,85,487
54,85,933
55,85,1002
56,85,537
57,85,266
58,85,474
59,85,362
60,85,839
61,85,476
62,85,919
63,85,847
64,85,775
65,85,521
66,85,584
67,85,877
68,85,432
69,85,749
70,85,650
71,85,363
72,85,649
73,85,1010
74,85,215
75,85,506
76,85,616
77,85,297
78,85,484
79,85,779
80,85,891
81,85,755
82,85,356
83,85,99
84,85,283
85,85,538
86,85,983
87,85,186
88,85,966
89,85,686
90,85,973
91,85,170
92,85,814
93,85,220
94,85,890
95,85,887
96,85,252
97,85,883
98,85,435
99,85,617
100,85,924
101,85,770
102,85,560
103,85,652
104,85,539
105,85,614
106,85,137
107,85,267
108,85,239
109,85,654
110,85,81
111,85,449
112,85,60
113,85,790
114,85,434
115,85,450
116,85,62
117,85,44
118,85,101
119,85,606
120,85,868
121,85,431
122,85,730
123,85,748
124,85,176
125,85,334
126,85,102
127,85,516
128,85,375
129,85,264
130,85,812
131,85,985
132,85,16
133,85,518
134,85,619
135,85,47
136,85,224
137,85,978
138,85,482
139,85,243
140,85,250
141,85,724
142,85,607
143,85,114
144,85,173
145,85,723
146,85,852
147,85,242
148,85,190
149,85,96
150,85,955
151,85,550
152,85,534
153,85,319
154,85,75
155,85,695
156,85,11
157,85,952
158,85,635
159,85,785
160,85,104
161,85,504
162,85,120
163,85,98
164,85,433
165,85,35
166,85,277
167,85,838
168,85,961
169,85,531
170,85,462
171,85,473
172,85,298
173,85,165
174,85,865
175,85,854
176,85,115
177,85,663
178,85,878
179,85,326
180,85,1003
181,85,921
182,85,809
183,85,988
184,85,261
185,85,597
186,85,843
187,85,20
188,85,256
189,85,743
190,85,437
191,85,525
192,85,237
193,85,970
194,85,580
195,85,938
196,85,490
197,85,957
198,85,313
199,85,309
200,85,410
201,85,981
202,85,980
203,85,962
204,85,80
205,85,414
206,85,709
207,85,201
208,85,571
209,85,914
210,85,218
211,85,667
212,85,960
213,85,135
214,85,179
215,85,161
216,85,916
217,85,772
218,85,566
219,85,929
220,85,953
221,85,77
222,85,156
223,85,753
224,85,787
225,85,610
226,85,972
227,85,1020
228,85,171
229,85,908
230,85,251
231,85,27
232,85,36
233,85,184
234,85,857
235,85,219
236,85,29
237,85,157
238,85,996
239,85,421
240,85,205
241,85,494
242,85,58
243,85,794
244,85,532
245,85,989
246,85,777
247,85,393
248,85,112
249,85,318
250,85,373
251,85,982
252,85,700
253,85,88
254,85,148
255,85,160
256,85,345
257,85,944
258,85,5
259,85,965
260,85,34
261,85,646
262,85,763
263,85,509
264,85,827
265,85,429
266,85,127
267,85,235
268,85,9
269,85,627
270,85,390
271,85,555
272,85,350
273,85,223
274,85,549
275,85,214
276,85,226
277,85,545
278,85,503
279,85,797
280,85,951
281,85,294
282,85,216
283,85,869
284,85,193
285,85,204
286,85,930
287,85,697
288,85,842
289,85,515
290,85,213
291,85,202
292,85,656
293,85,140
294,85,541
295,85,630
296,85,392
297,85,535
298,85,241
299,85,93
300,85,454
301,85,739
302,85,41
303,85,598
304,85,511
305,85,12
306,85,821
307,85,386
308,85,379
309,85,420
310,85,725
311,85,527
312,85,315
313,85,333
314,85,837
315,85,813
316,85,119
317,85,424
318,85,668
319,85,728
320,85,959
321,85,632
322,85,992
323,85,496
324,85,8
325,85,197
326,85,381
327,85,658
328,85,132
329,85,925
330,85,110
331,85,285
332,85,894
333,85,689
334,85,792
335,85,369
336,85,228
337,85,236
338,85,70
339,85,701
340,85,947
341,85,699
342,85,464
343,85,39
344,85,54
345,85,1005
346,85,856
347,85,31
348,85,737
349,85,976
350,85,570
351,85,51
352,85,912
353,85,325
354,85,442
355,85,707
356,85,991
357,85,799
358,85,552
359,85,499
360,85,453
361,85,460
362,85,1012
363,85,147
364,85,1018
365,85,893
366,85,864
367,85,85
368,85,681
369,85,164
370,85,162
371,85,922
372,85,106
373,85,451
374,85,45
375,85,826
376,85,751
377,85,544
378,85,849
379,85,834
380,85,559
381,85,355
382,85,673
383,85,664
384,85,682
385,85,305
386,85,568
387,85,828
388,85,892
389,85,776
390,85,343
391,85,895
392,85,920
393,85,875
394,85,862
395,85,286
396,85,43
397,85,523
398,85,349
399,85,245
0,86,301
1,86,150
2,86,30
3,86,683
4,86,443
5,86,954
6,86,1006
7,86,669
8,86,311
9,86,463
10,86,557
11,86,105
12,86,187
13,86,786
14,86,698
15,86,618
16,86,784
17,86,1008
18,86,520
19,86,185
20,86,710
21,86,0
22,86,554
23,86,230
24,86,713
25,86,246
26,86,155
27,86,287
28,86,901
29,86,142
30,86,304
31,86,492
32,86,1013
33,86,48
34,86,643
35,86,149
36,86,440
37,86,380
38,86,906
39,86,717
40,86,997
41,86,603
42,86,665
43,86,107
44,86,67
45,86,867
46,86,911
47,86,6
48,86,540
49,86,767
50,86,524
51,86,915
52,86,783
53,86,487
54,86,933
55,86,1002
56,86,537
57,86,266
58,86,474
59,86,362
60,86,839
61,86,476
62,86,919
63,86,847
64,86,775
65,86,521
66,86,584
67,86,877
68,86,432
69,86,749
70,86,650
71,86,363
72,86,649
73,86,1010
74,86,215
75,86,506
76,86,616
77,86,297
78,86,484
79,86,779
80,86,891
81,86,755
82,86,356
83,86,99
84,86,283
85,86,538
86,86,983
87,86,186
88,86,966
89,86,686
90,86,973
91,86,170
92,86,814
93,86,220
94,86,890
95,86,887
96,86,252
97,86,883
98,86,435
99,86,617
100,86,924
101,86,770
102,86,560
103,86,652
104,86,539
105,86,614
106,86,137
107,86,267
108,86,239
109,86,654
110,86,81
111,86,449
112,86,60
113,86,790
114,86,434
115,86,450
116,86,62
117,86,44
118,86,101
119,86,606
120,86,868
121,86,431
122,86,730
123,86,748
124,86,176
125,86,334
126,86,102
127,86,516
128,86,375
129,86,264
130,86,812
131,86,985
132,86,16
133,86,518
134,86,619
135,86,47
136,86,224
137,86,978
138,86,482
139,86,243
140,86,250
141,86,724
142,86,607
143,86,114
144,86,173
145,86,723
146,86,852
147,86,242
148,86,190
149,86,96
150,86,955
151,86,550
152,86,534
153,86,319
154,86,75
155,86,695
156,86,11
157,86,952
158,86,635
159,86,785
160,86,104
161,86,504
162,86,120
163,86,98
164,86,433
165,86,35
166,86,277
167,86,838
168,86,961
169,86,531
170,86,462
171,86,473
172,86,298
173,86,165
174,86,865
175,86,854
176,86,115
177,86,663
178,86,878
179,86,326
180,86,1003
181,86,921
182,86,809
183,86,988
184,86,261
185,86,597
186,86,843
187,86,20
188,86,256
189,86,743
190,86,437
191,86,525
192,86,237
193,86,970
194,86,580
195,86,938
196,86,490
197,86,957
198,86,313
199,86,309
200,86,410
201,86,981
202,86,980
203,86,962
204,86,80
205,86,414
206,86,709
207,86,201
208,86,571
209,86,914
210,86,218
211,86,667
212,86,960
213,86,135
214,86,179
215,86,161
216,86,916
217,86,772
218,86,566
219,86,929
220,86,953
221,86,77
222,86,156
223,86,753
224,86,787
225,86,610
226,86,972
227,86,1020
228,86,171
229,86,908
230,86,251
231,86,27
232,86,36
233,86,184
234,86,857
235,86,219
236,86,29
237,86,157
238,86,996
239,86,421
240,86,205
241,86,494
242,86,58
243,86,794
244,86,532
245,86,989
246,86,777
247,86,393
248,86,112
249,86,318
250,86,373
251,86,982
252,86,700
253,86,88
254,86,148
255,86,160
256,86,345
257,86,944
258,86,5
259,86,965
260,86,34
261,86,646
262,86,763
263,86,509
264,86,827
265,86,429
266,86,127
267,86,235
268,86,9
269,86,627
270,86,390
271,86,555
272,86,350
273,86,223
274,86,549
275,86,214
276,86,226
277,86,545
278,86,503
279,86,797
280,86,951
281,86,294
282,86,216
283,86,869
284,86,193
285,86,204
286,86,930
287,86,697
288,86,842
289,86,515
290,86,213
291,86,202
292,86,656
293,86,140
294,86,541
295,86,629
296,86,392
297,86,535
298,86,241
299,86,93
300,86,454
301,86,739
302,86,41
303,86,630
304,86,511
305,86,12
306,86,821
307,86,386
308,86,379
309,86,420
310,86,725
311,86,527
312,86,315
313,86,333
314,86,837
315,86,813
316,86,119
317,86,424
318,86,668
319,86,728
320,86,959
321,86,632
322,86,992
323,86,496
324,86,8
325,86,197
326,86,381
327,86,658
328,86,132
329,86,925
330,86,110
331,86,285
332,86,894
333,86,689
334,86,792
335,86,369
336,86,228
337,86,236
338,86,70
339,86,701
340,86,947
341,86,699
342,86,464
343,86,39
344,86,54
345,86,1005
346,86,856
347,86,31
348,86,737
349,86,976
350,86,570
351,86,51
352,86,912
353,86,325
354,86,442
355,86,707
356,86,991
357,86,799
358,86,552
359,86,499
360,86,453
361,86,460
362,86,1012
363,86,147
364,86,1018
365,86,893
366,86,864
367,86,85
368,86,681
369,86,164
370,86,162
371,86,922
372,86,106
373,86,451
374,86,45
375,86,826
376,86,751
377,86,544
378,86,849
379,86,834
380,86,559
381,86,355
382,86,673
383,86,664
384,86,682
385,86,305
386,86,568
387,86,828
388,86,892
389,86,776
390,86,343
391,86,895
392,86,920
393,86,875
394,86,862
395,86,286
396,86,43
397,86,523
398,86,349
399,86,245
0,87,301
1,87,150
2,87,30
3,87,683
4,87,443
5,87,954
6,87,1006
7,87,669
8,87,311
9,87,463
10,87,557
11,87,105
12,87,187
13,87,786
14,87,698
15,87,618
16,87,784
17,87,1008
18,87,520
19,87,185
20,87,710
21,87,0
22,87,554
23,87,230
24,87,713
25,87,246
26,87,155
27,87,287
28,87,901
29,87,142
30,87,304
31,87,492
32,87,1013
33,87,48
34,87,643
35,87,149
36,87,440
37,87,380
38,87,906
39,87,717
40,87,997
41,87,603
42,87,665
43,87,107
44,87,67
45,87,867
46,87,911
47,87,6
48,87,540
49,87,767
50,87,524
51,87,915
52,87,783
53,87,487
54,87,933
55,87,1002
56,87,537
57,87,266
58,87,474
59,87,362
60,87,839
61,87,476
62,87,919
63,87,847
64,87,775
65,87,521
66,87,584
67,87,877
68,87,432
69,87,749
70,87,650
71,87,363
72,87,649
73,87,1010
74,87,215
75,87,506
76,87,616
77,87,297
78,87,484
79,87,779
80,87,891
81,87,755
82,87,356
83,87,99
84,87,283
85,87,538
86,87,983
87,87,186
88,87,966
89,87,686
90,87,973
91,87,170
92,87,814
93,87,220
94,87,890
95,87,887
96,87,252
97,87,883
98,87,435
99,87,617
100,87,924
101,87,770
102,87,560
103,87,652
104,87,539
105,87,614
106,87,137
107,87,267
108,87,239
109,87,654
110,87,81
111,87,449
112,87,60
113,87,790
114,87,434
115,87,450
116,87,62
117,87,44
118,87,101
119,87,606
120,87,868
121,87,431
122,87,730
123,87,748
124,87,176
125,87,334
126,87,102
127,87,516
128,87,375
129,87,264
130,87,812
131,87,985
132,87,16
133,87,518
134,87,619
135,87,47
136,87,224
137,87,978
138,87,482
139,87,243
140,87,250
141,87,724
142,87,607
143,87,114
144,87,173
145,87,723
146,87,852
147,87,242
148,87,190
149,87,96
150,87,955
151,87,550
152,87,534
153,87,319
154,87,75
155,87,695
156,87,11
157,87,952
158,87,635
159,87,785
160,87,104
161,87,504
162,87,120
163,87,98
164,87,433
165,87,35
166,87,277
167,87,838
168,87,961
169,87,531
170,87,462
171,87,473
172,87,298
173,87,165
174,87,865
175,87,854
176,87,115
177,87,663
178,87,878
179,87,326
180,87,1003
181,87,921
182,87,809
183,87,988
184,87,261
185,87,597
186,87,843
187,87,20
188,87,256
189,87,743
190,87,437
191,87,525
192,87,237
193,87,970
194,87,580
195,87,938
196,87,490
197,87,957
198,87,313
199,87,309
200,87,410
201,87,981
202,87,980
203,87,962
204,87,80
205,87,414
206,87,709
207,87,201
208,87,571
209,87,914
210,87,218
211,87,667
212,87,960
213,87,135
214,87,179
215,87,161
216,87,916
217,87,772
218,87,566
219,87,929
220,87,953
221,87,77
222,87,156
223,87,753
224,87,787
225,87,610
226,87,972
227,87,1020
228,87,171
229,87,908
230,87,251
231,87,27
232,87,36
233,87,184
234,87,857
235,87,219
236,87,29
237,87,157
238,87,996
239,87,421
240,87,205
241,87,494
242,87,58
243,87,794
244,87,532
245,87,989
246,87,777
247,87,393
248,87,112
249,87,318
250,87,373
251,87,982
252,87,700
253,87,88
254,87,148
255,87,160
256,87,345
257,87,944
258,87,5
259,87,965
260,87,34
261,87,646
262,87,763
263,87,509
264,87,827
265,87,429
266,87,127
267,87,235
268,87,9
269,87,627
270,87,390
271,87,555
272,87,350
273,87,223
274,87,549
275,87,214
276,87,226
277,87,545
278,87,503
279,87,797
280,87,951
281,87,294
282,87,216
283,87,869
284,87,193
285,87,204
286,87,930
287,87,697
288,87,842
289,87,515
290,87,213
291,87,202
292,87,656
293,87,140
294,87,541
295,87,630
296,87,392
297,87,535
298,87,241
299,87,93
300,87,454
301,87,739
302,87,41
303,87,662
304,87,511
305,87,12
306,87,821
307,87,386
308,87,379
309,87,420
310,87,725
311,87,527
312,87,315
313,87,333
314,87,837
315,87,813
316,87,119
317,87,424
318,87,668
319,87,728
320,87,959
321,87,632
322,87,992
323,87,496
324,87,8
325,87,197
326,87,381
327,87,658
328,87,132
329,87,925
330,87,110
331,87,285
332,87,894
333,87,689
334,87,792
335,87,369
336,87,228
337,87,236
338,87,70
339,87,701
340,87,947
341,87,699
342,87,464
343,87,39
344,87,54
345,87,1005
346,87,856
347,87,31
348,87,737
349,87,976
350,87,570
351,87,51
352,87,912
353,87,325
354,87,442
355,87,707
356,87,991
357,87,799
358,87,552
359,87,499
360,87,453
361,87,460
362,87,1012
363,87,147
364,87,1018
365,87,893
366,87,864
367,87,85
368,87,681
369,87,164
370,87,162
371,87,922
372,87,106
373,87,451
374,87,45
375,87,826
376,87,751
377,87,544
378,87,849
379,87,834
380,87,559
381,87,355
382,87,673
383,87,664
384,87,682
385,87,305
386,87,568
387,87,828
388,87,892
389,87,776
390,87,343
391,87,895
392,87,920
393,87,875
394,87,862
395,87,286
396,87,43
397,87,523
398,87,349
399,87,245
