agent_id,time_step,vertex_index
0,0,768
1,0,630
2,0,708
3,0,219
4,0,935
5,0,858
6,0,800
7,0,417
8,0,20
9,0,819
10,0,324
11,0,855
12,0,910
13,0,686
14,0,97
15,0,550
16,0,690
17,0,470
18,0,374
19,0,811
20,0,569
21,0,645
22,0,123
23,0,221
24,0,698
25,0,973
26,0,790
27,0,635
28,0,972
29,0,115
30,0,901
31,0,164
32,0,880
33,0,829
34,0,981
35,0,527
36,0,547
37,0,987
38,0,155
39,0,241
40,0,888
41,0,934
42,0,787
43,0,214
44,0,528
45,0,375
46,0,349
47,0,831
48,0,771
49,0,666
50,0,54
51,0,12
52,0,333
53,0,228
54,0,816
55,0,637
56,0,581
57,0,272
58,0,99
59,0,959
60,0,212
61,0,213
62,0,131
63,0,687
64,0,622
65,0,915
66,0,381
67,0,459
68,0,517
69,0,770
70,0,127
71,0,579
72,0,689
73,0,371
74,0,449
75,0,149
76,0,418
77,0,220
78,0,955
79,0,573
80,0,183
81,0,194
82,0,542
83,0,780
84,0,728
85,0,805
86,0,191
87,0,327
88,0,469
89,0,961
90,0,42
91,0,817
92,0,250
93,0,309
94,0,266
95,0,843
96,0,363
97,0,988
98,0,911
99,0,534
100,0,740
101,0,463
102,0,767
103,0,308
104,0,872
105,0,623
106,0,225
107,0,342
108,0,801
109,0,414
110,0,893
111,0,460
112,0,562
113,0,810
114,0,748
115,0,546
116,0,355
117,0,563
118,0,707
119,0,552
120,0,755
121,0,567
122,0,163
123,0,916
124,0,288
125,0,565
126,0,251
127,0,46
128,0,960
129,0,286
130,0,22
131,0,969
132,0,317
133,0,386
134,0,782
135,0,616
136,0,1020
137,0,202
138,0,89
139,0,941
140,0,200
141,0,1021
142,0,255
143,0,210
144,0,174
145,0,1017
146,0,514
147,0,254
148,0,204
149,0,373
150,0,315
151,0,483
152,0,367
153,0,794
154,0,594
155,0,75
156,0,673
157,0,723
158,0,835
159,0,505
160,0,499
161,0,891
162,0,758
163,0,291
164,0,443
165,0,492
166,0,523
167,0,558
168,0,211
169,0,868
170,0,653
171,0,695
172,0,477
173,0,401
174,0,560
175,0,493
176,0,353
177,0,867
178,0,716
179,0,124
180,0,976
181,0,796
182,0,376
183,0,21
184,0,331
185,0,235
186,0,730
187,0,121
188,0,710
189,0,877
190,0,102
191,0,476
192,0,785
193,0,352
194,0,587
195,0,744
196,0,69
197,0,809
198,0,994
199,0,399
200,0,884
201,0,274
202,0,538
203,0,108
204,0,720
205,0,101
206,0,423
207,0,356
208,0,627
209,0,380
210,0,170
211,0,665
212,0,265
213,0,87
214,0,508
215,0,23
216,0,1019
217,0,864
218,0,284
219,0,257
220,0,932
221,0,491
222,0,408
223,0,43
224,0,176
225,0,145
226,0,222
227,0,947
228,0,803
229,0,5
230,0,507
231,0,253
232,0,608
233,0,464
234,0,435
235,0,190
236,0,909
237,0,68
238,0,2
239,0,350
240,0,606
241,0,712
242,0,874
243,0,752
244,0,503
245,0,130
246,0,345
247,0,661
248,0,329
249,0,379
250,0,320
251,0,997
252,0,40
253,0,326
254,0,6
255,0,615
256,0,35
257,0,575
258,0,234
259,0,792
260,0,450
261,0,510
262,0,444
263,0,113
264,0,709
265,0,626
266,0,59
267,0,688
268,0,494
269,0,178
270,0,34
271,0,667
272,0,873
273,0,440
274,0,341
275,0,31
276,0,479
277,0,620
278,0,80
279,0,693
280,0,882
281,0,44
282,0,223
283,0,717
284,0,936
285,0,681
286,0,1010
287,0,431
288,0,706
289,0,799
290,0,938
291,0,293
292,0,638
293,0,378
294,0,430
295,0,815
296,0,442
297,0,533
298,0,30
299,0,133
300,0,181
301,0,120
302,0,267
303,0,940
304,0,81
305,0,980
306,0,362
307,0,9
308,0,298
309,0,138
310,0,943
311,0,141
312,0,570
313,0,694
314,0,295
315,0,465
316,0,126
317,0,539
318,0,526
319,0,1004
320,0,201
321,0,158
322,0,377
323,0,714
324,0,105
325,0,305
326,0,322
327,0,841
328,0,338
329,0,70
330,0,680
331,0,735
332,0,965
333,0,1
334,0,1008
335,0,949
336,0,236
337,0,535
338,0,289
339,0,895
340,0,541
341,0,390
342,0,56
343,0,777
344,0,700
345,0,870
346,0,61
347,0,807
348,0,715
349,0,1013
350,0,36
351,0,957
352,0,894
353,0,762
354,0,157
355,0,361
356,0,217
357,0,473
358,0,96
359,0,589
360,0,39
361,0,632
362,0,742
363,0,1014
364,0,208
365,0,1000
366,0,148
367,0,649
368,0,919
369,0,933
370,0,310
371,0,862
372,0,485
373,0,733
374,0,11
375,0,763
376,0,806
377,0,159
378,0,600
379,0,10
380,0,824
381,0,881
382,0,886
383,0,229
384,0,227
385,0,41
386,0,447
387,0,592
388,0,854
389,0,64
390,0,15
391,0,584
392,0,160
393,0,568
394,0,340
395,0,437
396,0,520
397,0,948
398,0,743
399,0,421
0,1,769
1,1,598
2,1,709
3,1,218
4,1,936
5,1,890
6,1,832
7,1,418
8,1,21
9,1,818
10,1,356
11,1,823
12,1,911
13,1,686
14,1,129
15,1,551
16,1,722
17,1,502
18,1,373
19,1,812
20,1,601
21,1,613
22,1,155
23,1,220
24,1,666
25,1,941
26,1,791
27,1,603
28,1,971
29,1,114
30,1,902
31,1,165
32,1,912
33,1,797
34,1,980
35,1,528
36,1,548
37,1,955
38,1,187
39,1,240
40,1,920
41,1,935
42,1,788
43,1,214
44,1,496
45,1,407
46,1,381
47,1,799
48,1,772
49,1,667
50,1,86
51,1,13
52,1,334
53,1,260
54,1,848
55,1,669
56,1,581
57,1,272
58,1,100
59,1,958
60,1,244
61,1,245
62,1,163
63,1,719
64,1,621
65,1,914
66,1,380
67,1,491
68,1,518
69,1,770
70,1,159
71,1,547
72,1,657
73,1,403
74,1,417
75,1,150
76,1,450
77,1,219
78,1,923
79,1,605
80,1,184
81,1,226
82,1,510
83,1,779
84,1,696
85,1,806
86,1,223
87,1,328
88,1,501
89,1,929
90,1,43
91,1,816
92,1,249
93,1,308
94,1,298
95,1,844
96,1,364
97,1,987
98,1,879
99,1,533
100,1,740
101,1,462
102,1,735
103,1,307
104,1,840
105,1,622
106,1,193
107,1,310
108,1,802
109,1,413
110,1,892
111,1,459
112,1,563
113,1,811
114,1,749
115,1,514
116,1,323
117,1,595
118,1,675
119,1,553
120,1,787
121,1,535
122,1,164
123,1,915
124,1,256
125,1,565
126,1,250
127,1,78
128,1,928
129,1,285
130,1,54
131,1,970
132,1,317
133,1,386
134,1,750
135,1,617
136,1,1021
137,1,234
138,1,88
139,1,942
140,1,168
141,1,989
142,1,287
143,1,211
144,1,174
145,1,985
146,1,515
147,1,253
148,1,205
149,1,341
150,1,316
151,1,483
152,1,368
153,1,762
154,1,562
155,1,76
156,1,641
157,1,724
158,1,836
159,1,504
160,1,467
161,1,859
162,1,757
163,1,291
164,1,442
165,1,460
166,1,524
167,1,557
168,1,243
169,1,869
170,1,654
171,1,663
172,1,445
173,1,400
174,1,559
175,1,525
176,1,321
177,1,835
178,1,748
179,1,123
180,1,976
181,1,828
182,1,375
183,1,22
184,1,330
185,1,236
186,1,698
187,1,89
188,1,678
189,1,876
190,1,134
191,1,444
192,1,784
193,1,353
194,1,586
195,1,776
196,1,68
197,1,810
198,1,962
199,1,367
200,1,884
201,1,306
202,1,537
203,1,107
204,1,688
205,1,69
206,1,423
207,1,357
208,1,628
209,1,379
210,1,171
211,1,665
212,1,264
213,1,87
214,1,476
215,1,55
216,1,1018
217,1,865
218,1,284
219,1,289
220,1,933
221,1,492
222,1,409
223,1,75
224,1,208
225,1,177
226,1,254
227,1,979
228,1,771
229,1,5
230,1,475
231,1,221
232,1,609
233,1,465
234,1,436
235,1,189
236,1,910
237,1,36
238,1,3
239,1,382
240,1,574
241,1,680
242,1,875
243,1,753
244,1,471
245,1,130
246,1,377
247,1,660
248,1,297
249,1,347
250,1,320
251,1,998
252,1,8
253,1,327
254,1,38
255,1,614
256,1,35
257,1,607
258,1,235
259,1,824
260,1,449
261,1,509
262,1,412
263,1,145
264,1,741
265,1,625
266,1,91
267,1,687
268,1,493
269,1,210
270,1,66
271,1,668
272,1,841
273,1,408
274,1,342
275,1,30
276,1,511
277,1,619
278,1,112
279,1,694
280,1,883
281,1,44
282,1,222
283,1,716
284,1,904
285,1,681
286,1,978
287,1,432
288,1,738
289,1,798
290,1,906
291,1,293
292,1,606
293,1,346
294,1,431
295,1,783
296,1,441
297,1,532
298,1,29
299,1,133
300,1,213
301,1,119
302,1,266
303,1,908
304,1,113
305,1,948
306,1,394
307,1,41
308,1,299
309,1,137
310,1,944
311,1,173
312,1,538
313,1,662
314,1,294
315,1,433
316,1,94
317,1,507
318,1,527
319,1,972
320,1,233
321,1,190
322,1,376
323,1,715
324,1,105
325,1,273
326,1,322
327,1,809
328,1,338
329,1,102
330,1,648
331,1,734
332,1,997
333,1,33
334,1,1009
335,1,949
336,1,237
337,1,503
338,1,288
339,1,894
340,1,573
341,1,422
342,1,56
343,1,745
344,1,701
345,1,870
346,1,62
347,1,808
348,1,683
349,1,981
350,1,37
351,1,956
352,1,926
353,1,730
354,1,158
355,1,393
356,1,217
357,1,474
358,1,97
359,1,590
360,1,39
361,1,631
362,1,743
363,1,982
364,1,209
365,1,1001
366,1,147
367,1,649
368,1,887
369,1,901
370,1,309
371,1,861
372,1,484
373,1,732
374,1,12
375,1,795
376,1,807
377,1,191
378,1,599
379,1,42
380,1,856
381,1,880
382,1,885
383,1,261
384,1,259
385,1,73
386,1,479
387,1,560
388,1,855
389,1,96
390,1,16
391,1,616
392,1,161
393,1,600
394,1,340
395,1,405
396,1,521
397,1,947
398,1,744
399,1,421
0,2,801
1,2,566
2,2,677
3,2,250
4,2,904
5,2,922
6,2,864
7,2,419
8,2,22
9,2,817
10,2,388
11,2,791
12,2,912
13,2,687
14,2,161
15,2,552
16,2,722
17,2,534
18,2,405
19,2,813
20,2,600
21,2,612
22,2,154
23,2,219
24,2,665
25,2,909
26,2,792
27,2,571
28,2,939
29,2,146
30,2,902
31,2,197
32,2,944
33,2,765
34,2,979
35,2,529
36,2,549
37,2,923
38,2,188
39,2,272
40,2,952
41,2,936
42,2,787
43,2,213
44,2,464
45,2,439
46,2,380
47,2,767
48,2,740
49,2,699
50,2,85
51,2,14
52,2,366
53,2,292
54,2,847
55,2,668
56,2,613
57,2,304
58,2,101
59,2,926
60,2,276
61,2,277
62,2,195
63,2,720
64,2,653
65,2,913
66,2,379
67,2,523
68,2,519
69,2,802
70,2,191
71,2,547
72,2,657
73,2,435
74,2,385
75,2,151
76,2,482
77,2,187
78,2,891
79,2,604
80,2,185
81,2,227
82,2,509
83,2,778
84,2,664
85,2,807
86,2,255
87,2,328
88,2,533
89,2,930
90,2,75
91,2,815
92,2,281
93,2,340
94,2,330
95,2,845
96,2,332
97,2,986
98,2,879
99,2,532
100,2,739
101,2,461
102,2,734
103,2,306
104,2,841
105,2,621
106,2,194
107,2,278
108,2,803
109,2,412
110,2,892
111,2,491
112,2,564
113,2,812
114,2,750
115,2,513
116,2,291
117,2,563
118,2,643
119,2,554
120,2,786
121,2,535
122,2,165
123,2,914
124,2,224
125,2,565
126,2,249
127,2,110
128,2,929
129,2,284
130,2,86
131,2,971
132,2,285
133,2,418
134,2,782
135,2,585
136,2,1020
137,2,266
138,2,87
139,2,910
140,2,136
141,2,957
142,2,319
143,2,211
144,2,173
145,2,953
146,2,516
147,2,252
148,2,206
149,2,309
150,2,348
151,2,515
152,2,369
153,2,730
154,2,561
155,2,77
156,2,609
157,2,724
158,2,837
159,2,503
160,2,466
161,2,827
162,2,725
163,2,259
164,2,441
165,2,428
166,2,525
167,2,589
168,2,242
169,2,870
170,2,622
171,2,663
172,2,477
173,2,399
174,2,558
175,2,557
176,2,289
177,2,836
178,2,780
179,2,122
180,2,976
181,2,828
182,2,407
183,2,54
184,2,329
185,2,237
186,2,666
187,2,89
188,2,646
189,2,875
190,2,135
191,2,445
192,2,783
193,2,354
194,2,586
195,2,744
196,2,100
197,2,811
198,2,963
199,2,368
200,2,852
201,2,338
202,2,536
203,2,106
204,2,656
205,2,70
206,2,423
207,2,358
208,2,629
209,2,378
210,2,172
211,2,633
212,2,263
213,2,119
214,2,476
215,2,55
216,2,1017
217,2,866
218,2,316
219,2,290
220,2,965
221,2,460
222,2,410
223,2,107
224,2,209
225,2,176
226,2,286
227,2,978
228,2,771
229,2,5
230,2,443
231,2,189
232,2,610
233,2,497
234,2,468
235,2,157
236,2,878
237,2,37
238,2,35
239,2,381
240,2,542
241,2,680
242,2,843
243,2,754
244,2,470
245,2,131
246,2,409
247,2,628
248,2,297
249,2,315
250,2,321
251,2,999
252,2,9
253,2,295
254,2,39
255,2,614
256,2,36
257,2,639
258,2,203
259,2,823
260,2,417
261,2,541
262,2,444
263,2,145
264,2,742
265,2,624
266,2,92
267,2,655
268,2,492
269,2,210
270,2,67
271,2,667
272,2,809
273,2,376
274,2,374
275,2,29
276,2,510
277,2,618
278,2,113
279,2,695
280,2,883
281,2,76
282,2,221
283,2,748
284,2,903
285,2,681
286,2,977
287,2,433
288,2,770
289,2,797
290,2,907
291,2,294
292,2,605
293,2,345
294,2,432
295,2,751
296,2,440
297,2,531
298,2,28
299,2,133
300,2,212
301,2,118
302,2,298
303,2,908
304,2,114
305,2,947
306,2,426
307,2,73
308,2,331
309,2,137
310,2,945
311,2,205
312,2,506
313,2,662
314,2,326
315,2,465
316,2,93
317,2,475
318,2,528
319,2,940
320,2,265
321,2,222
322,2,375
323,2,716
324,2,104
325,2,273
326,2,323
327,2,777
328,2,339
329,2,134
330,2,649
331,2,733
332,2,998
333,2,34
334,2,1010
335,2,948
336,2,238
337,2,471
338,2,256
339,2,862
340,2,574
341,2,454
342,2,88
343,2,713
344,2,669
345,2,838
346,2,94
347,2,776
348,2,682
349,2,980
350,2,38
351,2,924
352,2,894
353,2,698
354,2,190
355,2,392
356,2,218
357,2,474
358,2,98
359,2,590
360,2,40
361,2,630
362,2,775
363,2,981
364,2,241
365,2,1002
366,2,179
367,2,617
368,2,855
369,2,869
370,2,308
371,2,893
372,2,483
373,2,731
374,2,13
375,2,794
376,2,808
377,2,223
378,2,631
379,2,74
380,2,824
381,2,848
382,2,884
383,2,293
384,2,260
385,2,105
386,2,511
387,2,560
388,2,856
389,2,97
390,2,48
391,2,648
392,2,193
393,2,599
394,2,341
395,2,406
396,2,489
397,2,946
398,2,745
399,2,422
0,3,802
1,3,598
2,3,678
3,3,249
4,3,872
5,3,954
6,3,896
7,3,420
8,3,23
9,3,817
10,3,388
11,3,792
12,3,880
13,3,688
14,3,193
15,3,552
16,3,754
17,3,566
18,3,404
19,3,814
20,3,632
21,3,580
22,3,186
23,3,187
24,3,633
25,3,877
26,3,793
27,3,539
28,3,971
29,3,145
30,3,903
31,3,229
32,3,912
33,3,733
34,3,978
35,3,497
36,3,550
37,3,955
38,3,220
39,3,304
40,3,984
41,3,968
42,3,787
43,3,212
44,3,463
45,3,471
46,3,379
47,3,766
48,3,741
49,3,700
50,3,84
51,3,15
52,3,366
53,3,324
54,3,848
55,3,667
56,3,614
57,3,305
58,3,133
59,3,894
60,3,308
61,3,278
62,3,227
63,3,752
64,3,685
65,3,881
66,3,378
67,3,522
68,3,520
69,3,803
70,3,223
71,3,515
72,3,656
73,3,467
74,3,353
75,3,183
76,3,514
77,3,155
78,3,859
79,3,603
80,3,185
81,3,259
82,3,508
83,3,779
84,3,664
85,3,808
86,3,287
87,3,329
88,3,532
89,3,898
90,3,107
91,3,783
92,3,280
93,3,341
94,3,362
95,3,845
96,3,333
97,3,985
98,3,847
99,3,564
100,3,740
101,3,460
102,3,734
103,3,338
104,3,842
105,3,620
106,3,162
107,3,246
108,3,804
109,3,444
110,3,891
111,3,523
112,3,565
113,3,813
114,3,751
115,3,481
116,3,291
117,3,562
118,3,642
119,3,555
120,3,785
121,3,534
122,3,197
123,3,882
124,3,224
125,3,533
126,3,217
127,3,109
128,3,930
129,3,252
130,3,85
131,3,972
132,3,253
133,3,450
134,3,781
135,3,553
136,3,1019
137,3,265
138,3,87
139,3,911
140,3,137
141,3,956
142,3,351
143,3,179
144,3,141
145,3,921
146,3,548
147,3,251
148,3,174
149,3,277
150,3,348
151,3,516
152,3,370
153,3,731
154,3,560
155,3,45
156,3,610
157,3,725
158,3,838
159,3,535
160,3,465
161,3,795
162,3,693
163,3,260
164,3,440
165,3,396
166,3,526
167,3,588
168,3,274
169,3,902
170,3,622
171,3,663
172,3,445
173,3,398
174,3,590
175,3,557
176,3,257
177,3,836
178,3,780
179,3,121
180,3,944
181,3,827
182,3,439
183,3,86
184,3,330
185,3,269
186,3,698
187,3,89
188,3,645
189,3,843
190,3,136
191,3,413
192,3,782
193,3,386
194,3,587
195,3,744
196,3,101
197,3,812
198,3,931
199,3,369
200,3,820
201,3,339
202,3,568
203,3,105
204,3,624
205,3,70
206,3,424
207,3,357
208,3,661
209,3,377
210,3,173
211,3,601
212,3,295
213,3,118
214,3,475
215,3,54
216,3,1017
217,3,834
218,3,316
219,3,290
220,3,997
221,3,428
222,3,410
223,3,139
224,3,241
225,3,175
226,3,318
227,3,1010
228,3,739
229,3,37
230,3,443
231,3,157
232,3,578
233,3,498
234,3,468
235,3,156
236,3,879
237,3,38
238,3,67
239,3,380
240,3,510
241,3,681
242,3,811
243,3,755
244,3,469
245,3,163
246,3,441
247,3,627
248,3,298
249,3,315
250,3,322
251,3,1000
252,3,10
253,3,327
254,3,40
255,3,615
256,3,4
257,3,638
258,3,202
259,3,822
260,3,385
261,3,573
262,3,476
263,3,113
264,3,743
265,3,592
266,3,60
267,3,654
268,3,492
269,3,242
270,3,99
271,3,666
272,3,809
273,3,344
274,3,406
275,3,28
276,3,509
277,3,586
278,3,114
279,3,727
280,3,884
281,3,75
282,3,221
283,3,747
284,3,904
285,3,649
286,3,976
287,3,434
288,3,771
289,3,829
290,3,908
291,3,294
292,3,604
293,3,313
294,3,433
295,3,719
296,3,408
297,3,531
298,3,27
299,3,134
300,3,211
301,3,117
302,3,266
303,3,909
304,3,146
305,3,946
306,3,458
307,3,41
308,3,332
309,3,138
310,3,913
311,3,237
312,3,506
313,3,630
314,3,358
315,3,464
316,3,92
317,3,474
318,3,529
319,3,941
320,3,297
321,3,254
322,3,407
323,3,717
324,3,104
325,3,272
326,3,323
327,3,778
328,3,307
329,3,166
330,3,617
331,3,701
332,3,999
333,3,66
334,3,1011
335,3,947
336,3,238
337,3,470
338,3,256
339,3,830
340,3,575
341,3,486
342,3,88
343,3,712
344,3,637
345,3,870
346,3,95
347,3,777
348,3,714
349,3,979
350,3,39
351,3,923
352,3,893
353,3,697
354,3,222
355,3,392
356,3,219
357,3,442
358,3,130
359,3,589
360,3,8
361,3,629
362,3,807
363,3,980
364,3,273
365,3,1003
366,3,178
367,3,585
368,3,823
369,3,837
370,3,340
371,3,892
372,3,451
373,3,699
374,3,13
375,3,826
376,3,776
377,3,255
378,3,631
379,3,106
380,3,824
381,3,816
382,3,916
383,3,325
384,3,292
385,3,73
386,3,511
387,3,559
388,3,857
389,3,98
390,3,49
391,3,680
392,3,225
393,3,599
394,3,342
395,3,438
396,3,490
397,3,945
398,3,746
399,3,423
0,4,803
1,4,599
2,4,679
3,4,281
4,4,873
5,4,954
6,4,928
7,4,421
8,4,24
9,4,817
10,4,420
11,4,760
12,4,881
13,4,720
14,4,194
15,4,552
16,4,753
17,4,598
18,4,403
19,4,815
20,4,631
21,4,579
22,4,218
23,4,187
24,4,632
25,4,845
26,4,794
27,4,539
28,4,970
29,4,144
30,4,904
31,4,261
32,4,913
33,4,732
34,4,977
35,4,465
36,4,551
37,4,923
38,4,252
39,4,303
40,4,983
41,4,1000
42,4,755
43,4,211
44,4,462
45,4,503
46,4,378
47,4,734
48,4,742
49,4,701
50,4,52
51,4,16
52,4,398
53,4,356
54,4,848
55,4,666
56,4,615
57,4,304
58,4,134
59,4,862
60,4,307
61,4,310
62,4,228
63,4,752
64,4,684
65,4,849
66,4,377
67,4,522
68,4,520
69,4,835
70,4,255
71,4,483
72,4,655
73,4,499
74,4,352
75,4,184
76,4,515
77,4,154
78,4,858
79,4,602
80,4,186
81,4,260
82,4,507
83,4,778
84,4,664
85,4,809
86,4,319
87,4,330
88,4,564
89,4,866
90,4,139
91,4,782
92,4,312
93,4,342
94,4,394
95,4,844
96,4,334
97,4,984
98,4,847
99,4,596
100,4,772
101,4,492
102,4,733
103,4,370
104,4,843
105,4,619
106,4,163
107,4,245
108,4,805
109,4,476
110,4,890
111,4,523
112,4,566
113,4,814
114,4,719
115,4,449
116,4,259
117,4,561
118,4,610
119,4,555
120,4,785
121,4,534
122,4,229
123,4,850
124,4,225
125,4,533
126,4,216
127,4,108
128,4,898
129,4,251
130,4,84
131,4,973
132,4,221
133,4,482
134,4,780
135,4,521
136,4,1018
137,4,266
138,4,86
139,4,912
140,4,138
141,4,955
142,4,351
143,4,178
144,4,141
145,4,889
146,4,580
147,4,219
148,4,142
149,4,276
150,4,380
151,4,517
152,4,402
153,4,699
154,4,528
155,4,46
156,4,578
157,4,757
158,4,839
159,4,535
160,4,464
161,4,763
162,4,694
163,4,292
164,4,439
165,4,364
166,4,527
167,4,587
168,4,306
169,4,870
170,4,590
171,4,663
172,4,445
173,4,430
174,4,589
175,4,556
176,4,256
177,4,804
178,4,748
179,4,120
180,4,943
181,4,826
182,4,471
183,4,118
184,4,298
185,4,301
186,4,730
187,4,88
188,4,613
189,4,811
190,4,137
191,4,412
192,4,781
193,4,418
194,4,586
195,4,744
196,4,133
197,4,813
198,4,932
199,4,369
200,4,820
201,4,371
202,4,600
203,4,104
204,4,592
205,4,38
206,4,392
207,4,358
208,4,661
209,4,409
210,4,173
211,4,633
212,4,327
213,4,117
214,4,474
215,4,54
216,4,985
217,4,802
218,4,348
219,4,290
220,4,998
221,4,396
222,4,410
223,4,171
224,4,273
225,4,174
226,4,350
227,4,1011
228,4,707
229,4,69
230,4,444
231,4,158
232,4,546
233,4,497
234,4,469
235,4,155
236,4,880
237,4,39
238,4,99
239,4,379
240,4,509
241,4,682
242,4,812
243,4,723
244,4,501
245,4,195
246,4,473
247,4,626
248,4,297
249,4,316
250,4,322
251,4,1001
252,4,11
253,4,328
254,4,8
255,4,647
256,4,5
257,4,670
258,4,201
259,4,821
260,4,353
261,4,605
262,4,477
263,4,114
264,4,775
265,4,560
266,4,92
267,4,622
268,4,524
269,4,274
270,4,131
271,4,698
272,4,777
273,4,345
274,4,405
275,4,60
276,4,508
277,4,554
278,4,146
279,4,728
280,4,885
281,4,75
282,4,222
283,4,779
284,4,905
285,4,617
286,4,976
287,4,435
288,4,771
289,4,828
290,4,876
291,4,295
292,4,603
293,4,313
294,4,434
295,4,687
296,4,407
297,4,532
298,4,59
299,4,135
300,4,210
301,4,116
302,4,234
303,4,910
304,4,147
305,4,945
306,4,490
307,4,73
308,4,333
309,4,170
310,4,914
311,4,269
312,4,506
313,4,662
314,4,390
315,4,463
316,4,91
317,4,442
318,4,529
319,4,909
320,4,329
321,4,286
322,4,406
323,4,685
324,4,136
325,4,240
326,4,323
327,4,746
328,4,339
329,4,165
330,4,585
331,4,669
332,4,999
333,4,98
334,4,1012
335,4,946
336,4,237
337,4,438
338,4,224
339,4,798
340,4,607
341,4,518
342,4,87
343,4,680
344,4,638
345,4,838
346,4,127
347,4,745
348,4,713
349,4,978
350,4,40
351,4,891
352,4,925
353,4,665
354,4,254
355,4,393
356,4,220
357,4,443
358,4,162
359,4,557
360,4,9
361,4,628
362,4,808
363,4,948
364,4,305
365,4,1004
366,4,177
367,4,553
368,4,822
369,4,836
370,4,308
371,4,924
372,4,419
373,4,667
374,4,45
375,4,825
376,4,776
377,4,287
378,4,630
379,4,105
380,4,792
381,4,784
382,4,915
383,4,326
384,4,324
385,4,74
386,4,510
387,4,559
388,4,857
389,4,130
390,4,81
391,4,681
392,4,257
393,4,567
394,4,374
395,4,437
396,4,491
397,4,944
398,4,747
399,4,424
0,5,803
1,5,598
2,5,680
3,5,280
4,5,874
5,5,954
6,5,960
7,5,453
8,5,56
9,5,785
10,5,421
11,5,728
12,5,849
13,5,721
14,5,195
15,5,553
16,5,753
17,5,630
18,5,402
19,5,816
20,5,631
21,5,547
22,5,217
23,5,219
24,5,664
25,5,813
26,5,795
27,5,539
28,5,969
29,5,176
30,5,905
31,5,293
32,5,913
33,5,700
34,5,976
35,5,466
36,5,552
37,5,891
38,5,284
39,5,303
40,5,982
41,5,1001
42,5,723
43,5,211
44,5,430
45,5,502
46,5,410
47,5,733
48,5,743
49,5,701
50,5,84
51,5,48
52,5,398
53,5,388
54,5,847
55,5,698
56,5,647
57,5,272
58,5,135
59,5,830
60,5,339
61,5,311
62,5,260
63,5,752
64,5,716
65,5,817
66,5,376
67,5,523
68,5,521
69,5,836
70,5,287
71,5,451
72,5,654
73,5,531
74,5,320
75,5,185
76,5,516
77,5,153
78,5,857
79,5,602
80,5,187
81,5,292
82,5,506
83,5,777
84,5,663
85,5,810
86,5,351
87,5,331
88,5,596
89,5,867
90,5,171
91,5,781
92,5,344
93,5,310
94,5,426
95,5,845
96,5,335
97,5,983
98,5,815
99,5,628
100,5,772
101,5,524
102,5,732
103,5,369
104,5,844
105,5,619
106,5,164
107,5,245
108,5,806
109,5,475
110,5,858
111,5,491
112,5,567
113,5,782
114,5,687
115,5,449
116,5,259
117,5,529
118,5,578
119,5,556
120,5,784
121,5,533
122,5,261
123,5,850
124,5,226
125,5,501
126,5,215
127,5,107
128,5,866
129,5,250
130,5,116
131,5,974
132,5,189
133,5,514
134,5,779
135,5,489
136,5,1017
137,5,298
138,5,85
139,5,880
140,5,139
141,5,923
142,5,350
143,5,179
144,5,141
145,5,888
146,5,612
147,5,218
148,5,174
149,5,244
150,5,412
151,5,518
152,5,434
153,5,667
154,5,496
155,5,47
156,5,546
157,5,758
158,5,840
159,5,535
160,5,463
161,5,731
162,5,662
163,5,291
164,5,439
165,5,332
166,5,527
167,5,586
168,5,305
169,5,838
170,5,589
171,5,695
172,5,444
173,5,429
174,5,588
175,5,557
176,5,257
177,5,805
178,5,780
179,5,120
180,5,942
181,5,826
182,5,503
183,5,119
184,5,297
185,5,302
186,5,762
187,5,88
188,5,581
189,5,811
190,5,138
191,5,413
192,5,749
193,5,450
194,5,618
195,5,744
196,5,165
197,5,814
198,5,933
199,5,368
200,5,788
201,5,403
202,5,632
203,5,103
204,5,560
205,5,39
206,5,393
207,5,357
208,5,660
209,5,441
210,5,205
211,5,601
212,5,326
213,5,117
214,5,473
215,5,86
216,5,953
217,5,770
218,5,347
219,5,322
220,5,999
221,5,364
222,5,409
223,5,203
224,5,274
225,5,173
226,5,382
227,5,979
228,5,675
229,5,101
230,5,476
231,5,126
232,5,545
233,5,465
234,5,470
235,5,155
236,5,848
237,5,40
238,5,131
239,5,378
240,5,508
241,5,683
242,5,812
243,5,724
244,5,469
245,5,227
246,5,472
247,5,625
248,5,265
249,5,317
250,5,323
251,5,1002
252,5,12
253,5,327
254,5,9
255,5,646
256,5,37
257,5,669
258,5,200
259,5,820
260,5,321
261,5,604
262,5,477
263,5,146
264,5,776
265,5,528
266,5,93
267,5,590
268,5,525
269,5,306
270,5,163
271,5,697
272,5,745
273,5,346
274,5,404
275,5,59
276,5,507
277,5,522
278,5,178
279,5,696
280,5,886
281,5,76
282,5,221
283,5,778
284,5,873
285,5,617
286,5,1008
287,5,467
288,5,771
289,5,827
290,5,877
291,5,263
292,5,603
293,5,312
294,5,435
295,5,688
296,5,407
297,5,532
298,5,91
299,5,136
300,5,210
301,5,115
302,5,234
303,5,911
304,5,148
305,5,944
306,5,490
307,5,105
308,5,334
309,5,202
310,5,882
311,5,301
312,5,474
313,5,661
314,5,422
315,5,462
316,5,123
317,5,442
318,5,497
319,5,910
320,5,361
321,5,318
322,5,405
323,5,686
324,5,137
325,5,239
326,5,324
327,5,747
328,5,338
329,5,197
330,5,585
331,5,637
332,5,1000
333,5,130
334,5,1013
335,5,945
336,5,236
337,5,438
338,5,225
339,5,766
340,5,639
341,5,550
342,5,87
343,5,648
344,5,606
345,5,837
346,5,159
347,5,746
348,5,712
349,5,977
350,5,41
351,5,859
352,5,957
353,5,633
354,5,286
355,5,394
356,5,252
357,5,443
358,5,194
359,5,558
360,5,10
361,5,627
362,5,807
363,5,916
364,5,273
365,5,1005
366,5,209
367,5,554
368,5,821
369,5,804
370,5,276
371,5,924
372,5,387
373,5,666
374,5,45
375,5,825
376,5,808
377,5,319
378,5,629
379,5,104
380,5,791
381,5,783
382,5,947
383,5,358
384,5,356
385,5,75
386,5,509
387,5,559
388,5,889
389,5,162
390,5,113
391,5,682
392,5,289
393,5,599
394,5,406
395,5,437
396,5,492
397,5,943
398,5,748
399,5,392
0,6,804
1,6,566
2,6,681
3,6,312
4,6,875
5,6,954
6,6,961
7,6,485
8,6,88
9,6,753
10,6,453
11,6,696
12,6,817
13,6,722
14,6,227
15,6,554
16,6,752
17,6,629
18,6,401
19,6,784
20,6,630
21,6,547
22,6,249
23,6,219
24,6,632
25,6,845
26,6,763
27,6,539
28,6,968
29,6,176
30,6,873
31,6,294
32,6,881
33,6,668
34,6,944
35,6,467
36,6,520
37,6,859
38,6,316
39,6,303
40,6,981
41,6,1002
42,6,724
43,6,211
44,6,429
45,6,501
46,6,409
47,6,732
48,6,744
49,6,733
50,6,116
51,6,80
52,6,430
53,6,420
54,6,848
55,6,730
56,6,648
57,6,240
58,6,136
59,6,798
60,6,338
61,6,279
62,6,292
63,6,720
64,6,715
65,6,785
66,6,408
67,6,491
68,6,489
69,6,836
70,6,319
71,6,419
72,6,653
73,6,563
74,6,288
75,6,186
76,6,517
77,6,185
78,6,856
79,6,601
80,6,188
81,6,324
82,6,505
83,6,777
84,6,664
85,6,811
86,6,351
87,6,332
88,6,595
89,6,868
90,6,203
91,6,813
92,6,376
93,6,310
94,6,458
95,6,877
96,6,336
97,6,982
98,6,847
99,6,627
100,6,771
101,6,523
102,6,731
103,6,368
104,6,812
105,6,618
106,6,165
107,6,245
108,6,807
109,6,474
110,6,857
111,6,490
112,6,568
113,6,814
114,6,655
115,6,450
116,6,260
117,6,528
118,6,546
119,6,557
120,6,783
121,6,532
122,6,293
123,6,849
124,6,225
125,6,469
126,6,214
127,6,106
128,6,867
129,6,218
130,6,115
131,6,1006
132,6,157
133,6,515
134,6,778
135,6,457
136,6,985
137,6,330
138,6,84
139,6,880
140,6,140
141,6,891
142,6,382
143,6,178
144,6,142
145,6,887
146,6,613
147,6,217
148,6,175
149,6,212
150,6,412
151,6,550
152,6,466
153,6,635
154,6,464
155,6,48
156,6,514
157,6,758
158,6,841
159,6,567
160,6,462
161,6,699
162,6,662
163,6,291
164,6,471
165,6,364
166,6,527
167,6,586
168,6,304
169,6,806
170,6,590
171,6,663
172,6,444
173,6,428
174,6,587
175,6,589
176,6,257
177,6,837
178,6,781
179,6,119
180,6,974
181,6,858
182,6,535
183,6,151
184,6,265
185,6,334
186,6,794
187,6,87
188,6,580
189,6,779
190,6,139
191,6,445
192,6,717
193,6,482
194,6,617
195,6,776
196,6,197
197,6,815
198,6,934
199,6,367
200,6,820
201,6,435
202,6,631
203,6,135
204,6,560
205,6,40
206,6,392
207,6,357
208,6,660
209,6,473
210,6,206
211,6,569
212,6,358
213,6,117
214,6,472
215,6,118
216,6,921
217,6,770
218,6,346
219,6,354
220,6,1000
221,6,396
222,6,377
223,6,235
224,6,274
225,6,141
226,6,414
227,6,980
228,6,674
229,6,133
230,6,476
231,6,94
232,6,513
233,6,433
234,6,502
235,6,187
236,6,816
237,6,41
238,6,163
239,6,378
240,6,507
241,6,684
242,6,780
243,6,725
244,6,468
245,6,259
246,6,504
247,6,624
248,6,233
249,6,317
250,6,323
251,6,1003
252,6,13
253,6,295
254,6,10
255,6,614
256,6,38
257,6,701
258,6,199
259,6,852
260,6,322
261,6,603
262,6,509
263,6,146
264,6,808
265,6,496
266,6,93
267,6,558
268,6,524
269,6,307
270,6,195
271,6,697
272,6,713
273,6,345
274,6,403
275,6,91
276,6,475
277,6,521
278,6,210
279,6,695
280,6,886
281,6,44
282,6,220
283,6,810
284,6,872
285,6,585
286,6,976
287,6,499
288,6,803
289,6,826
290,6,878
291,6,231
292,6,602
293,6,311
294,6,436
295,6,689
296,6,406
297,6,564
298,6,123
299,6,137
300,6,209
301,6,147
302,6,202
303,6,912
304,6,149
305,6,943
306,6,522
307,6,104
308,6,335
309,6,201
310,6,850
311,6,333
312,6,442
313,6,661
314,6,454
315,6,494
316,6,122
317,6,441
318,6,529
319,6,911
320,6,393
321,6,350
322,6,404
323,6,654
324,6,105
325,6,238
326,6,325
327,6,748
328,6,306
329,6,229
330,6,553
331,6,605
332,6,1001
333,6,162
334,6,1014
335,6,913
336,6,236
337,6,439
338,6,193
339,6,734
340,6,638
341,6,551
342,6,86
343,6,616
344,6,574
345,6,838
346,6,191
347,6,747
348,6,711
349,6,977
350,6,42
351,6,827
352,6,956
353,6,633
354,6,286
355,6,394
356,6,284
357,6,443
358,6,226
359,6,526
360,6,11
361,6,626
362,6,839
363,6,915
364,6,305
365,6,1005
366,6,241
367,6,555
368,6,821
369,6,772
370,6,244
371,6,923
372,6,355
373,6,665
374,6,45
375,6,825
376,6,809
377,6,318
378,6,628
379,6,103
380,6,790
381,6,782
382,6,946
383,6,390
384,6,388
385,6,76
386,6,508
387,6,559
388,6,890
389,6,194
390,6,145
391,6,683
392,6,321
393,6,598
394,6,438
395,6,405
396,6,460
397,6,942
398,6,749
399,6,424
0,7,805
1,7,566
2,7,682
3,7,344
4,7,843
5,7,954
6,7,962
7,7,486
8,7,120
9,7,721
10,7,485
11,7,664
12,7,785
13,7,754
14,7,259
15,7,586
16,7,751
17,7,661
18,7,400
19,7,752
20,7,629
21,7,515
22,7,281
23,7,218
24,7,631
25,7,845
26,7,763
27,7,507
28,7,967
29,7,144
30,7,841
31,7,295
32,7,882
33,7,668
34,7,943
35,7,468
36,7,519
37,7,859
38,7,348
39,7,335
40,7,980
41,7,1003
42,7,692
43,7,210
44,7,428
45,7,533
46,7,441
47,7,731
48,7,745
49,7,765
50,7,148
51,7,112
52,7,462
53,7,421
54,7,849
55,7,762
56,7,649
57,7,239
58,7,137
59,7,766
60,7,370
61,7,280
62,7,324
63,7,720
64,7,747
65,7,784
66,7,407
67,7,491
68,7,457
69,7,837
70,7,318
71,7,387
72,7,652
73,7,595
74,7,256
75,7,185
76,7,518
77,7,184
78,7,855
79,7,600
80,7,220
81,7,356
82,7,504
83,7,776
84,7,632
85,7,811
86,7,351
87,7,333
88,7,627
89,7,900
90,7,202
91,7,812
92,7,375
93,7,311
94,7,490
95,7,878
96,7,304
97,7,981
98,7,815
99,7,626
100,7,803
101,7,522
102,7,699
103,7,367
104,7,780
105,7,617
106,7,166
107,7,244
108,7,775
109,7,473
110,7,825
111,7,489
112,7,569
113,7,814
114,7,656
115,7,450
116,7,228
117,7,496
118,7,545
119,7,558
120,7,783
121,7,532
122,7,294
123,7,850
124,7,193
125,7,437
126,7,213
127,7,106
128,7,835
129,7,217
130,7,147
131,7,1007
132,7,156
133,7,516
134,7,746
135,7,458
136,7,984
137,7,330
138,7,116
139,7,848
140,7,139
141,7,890
142,7,381
143,7,178
144,7,141
145,7,887
146,7,645
147,7,216
148,7,176
149,7,211
150,7,444
151,7,550
152,7,466
153,7,603
154,7,463
155,7,80
156,7,482
157,7,757
158,7,842
159,7,599
160,7,461
161,7,667
162,7,694
163,7,291
164,7,470
165,7,332
166,7,528
167,7,585
168,7,303
169,7,807
170,7,590
171,7,663
172,7,443
173,7,396
174,7,587
175,7,621
176,7,257
177,7,838
178,7,813
179,7,118
180,7,973
181,7,858
182,7,567
183,7,183
184,7,264
185,7,366
186,7,793
187,7,86
188,7,548
189,7,778
190,7,107
191,7,445
192,7,716
193,7,481
194,7,616
195,7,808
196,7,229
197,7,816
198,7,902
199,7,399
200,7,821
201,7,467
202,7,630
203,7,134
204,7,560
205,7,41
206,7,393
207,7,358
208,7,660
209,7,505
210,7,207
211,7,570
212,7,390
213,7,149
214,7,472
215,7,117
216,7,889
217,7,770
218,7,378
219,7,386
220,7,1001
221,7,364
222,7,345
223,7,234
224,7,242
225,7,140
226,7,413
227,7,1012
228,7,642
229,7,165
230,7,476
231,7,62
232,7,513
233,7,401
234,7,534
235,7,187
236,7,817
237,7,42
238,7,195
239,7,377
240,7,475
241,7,685
242,7,781
243,7,725
244,7,469
245,7,260
246,7,536
247,7,623
248,7,201
249,7,317
250,7,323
251,7,1004
252,7,14
253,7,263
254,7,11
255,7,613
256,7,39
257,7,733
258,7,167
259,7,884
260,7,290
261,7,602
262,7,541
263,7,145
264,7,840
265,7,464
266,7,94
267,7,526
268,7,492
269,7,339
270,7,227
271,7,696
272,7,714
273,7,346
274,7,402
275,7,123
276,7,474
277,7,520
278,7,209
279,7,727
280,7,886
281,7,76
282,7,219
283,7,809
284,7,904
285,7,553
286,7,944
287,7,531
288,7,804
289,7,827
290,7,879
291,7,199
292,7,601
293,7,279
294,7,436
295,7,690
296,7,405
297,7,565
298,7,122
299,7,105
300,7,208
301,7,146
302,7,170
303,7,880
304,7,150
305,7,942
306,7,554
307,7,103
308,7,336
309,7,200
310,7,818
311,7,334
312,7,410
313,7,662
314,7,454
315,7,494
316,7,121
317,7,440
318,7,561
319,7,912
320,7,394
321,7,349
322,7,403
323,7,622
324,7,73
325,7,237
326,7,326
327,7,749
328,7,274
329,7,261
330,7,521
331,7,573
332,7,1002
333,7,163
334,7,982
335,7,881
336,7,235
337,7,471
338,7,194
339,7,734
340,7,637
341,7,552
342,7,85
343,7,615
344,7,542
345,7,870
346,7,223
347,7,748
348,7,710
349,7,976
350,7,43
351,7,795
352,7,988
353,7,633
354,7,286
355,7,362
356,7,316
357,7,442
358,7,225
359,7,527
360,7,12
361,7,594
362,7,839
363,7,914
364,7,306
365,7,1006
366,7,240
367,7,523
368,7,822
369,7,771
370,7,243
371,7,923
372,7,355
373,7,665
374,7,45
375,7,826
376,7,777
377,7,350
378,7,628
379,7,135
380,7,758
381,7,782
382,7,945
383,7,422
384,7,420
385,7,77
386,7,540
387,7,559
388,7,922
389,7,226
390,7,177
391,7,684
392,7,353
393,7,597
394,7,439
395,7,373
396,7,460
397,7,941
398,7,750
399,7,392
0,8,806
1,8,534
2,8,683
3,8,376
4,8,811
5,8,954
6,8,963
7,8,518
8,8,119
9,8,689
10,8,485
11,8,632
12,8,753
13,8,754
14,8,260
15,8,618
16,8,783
17,8,660
18,8,432
19,8,720
20,8,628
21,8,483
22,8,280
23,8,218
24,8,630
25,8,813
26,8,731
27,8,507
28,8,935
29,8,144
30,8,809
31,8,295
32,8,850
33,8,668
34,8,942
35,8,468
36,8,520
37,8,827
38,8,347
39,8,334
40,8,979
41,8,1004
42,8,693
43,8,209
44,8,396
45,8,532
46,8,441
47,8,699
48,8,746
49,8,733
50,8,147
51,8,113
52,8,461
53,8,453
54,8,848
55,8,794
56,8,650
57,8,238
58,8,138
59,8,765
60,8,370
61,8,312
62,8,356
63,8,688
64,8,779
65,8,784
66,8,406
67,8,523
68,8,458
69,8,838
70,8,350
71,8,355
72,8,651
73,8,594
74,8,257
75,8,185
76,8,519
77,8,216
78,8,854
79,8,599
80,8,252
81,8,388
82,8,503
83,8,744
84,8,600
85,8,812
86,8,351
87,8,333
88,8,659
89,8,901
90,8,234
91,8,844
92,8,407
93,8,311
94,8,522
95,8,879
96,8,305
97,8,980
98,8,847
99,8,625
100,8,835
101,8,521
102,8,667
103,8,399
104,8,748
105,8,616
106,8,167
107,8,243
108,8,776
109,8,505
110,8,793
111,8,490
112,8,570
113,8,815
114,8,624
115,8,450
116,8,228
117,8,464
118,8,544
119,8,559
120,8,782
121,8,531
122,8,326
123,8,818
124,8,161
125,8,405
126,8,212
127,8,105
128,8,836
129,8,217
130,8,146
131,8,1008
132,8,155
133,8,517
134,8,714
135,8,459
136,8,983
137,8,362
138,8,115
139,8,816
140,8,140
141,8,889
142,8,413
143,8,179
144,8,173
145,8,855
146,8,677
147,8,215
148,8,176
149,8,210
150,8,476
151,8,550
152,8,467
153,8,603
154,8,431
155,8,112
156,8,481
157,8,725
158,8,810
159,8,631
160,8,460
161,8,635
162,8,662
163,8,291
164,8,469
165,8,331
166,8,496
167,8,617
168,8,335
169,8,775
170,8,558
171,8,695
172,8,442
173,8,364
174,8,586
175,8,653
176,8,225
177,8,839
178,8,814
179,8,117
180,8,972
181,8,890
182,8,566
183,8,184
184,8,263
185,8,367
186,8,792
187,8,85
188,8,516
189,8,778
190,8,139
191,8,444
192,8,684
193,8,513
194,8,615
195,8,840
196,8,261
197,8,817
198,8,903
199,8,400
200,8,822
201,8,499
202,8,629
203,8,166
204,8,528
205,8,42
206,8,361
207,8,358
208,8,692
209,8,537
210,8,175
211,8,571
212,8,422
213,8,148
214,8,440
215,8,116
216,8,857
217,8,771
218,8,410
219,8,418
220,8,1002
221,8,332
222,8,345
223,8,266
224,8,274
225,8,108
226,8,412
227,8,1013
228,8,610
229,8,197
230,8,475
231,8,30
232,8,545
233,8,369
234,8,535
235,8,187
236,8,785
237,8,43
238,8,227
239,8,377
240,8,443
241,8,686
242,8,780
243,8,724
244,8,501
245,8,292
246,8,568
247,8,622
248,8,202
249,8,317
250,8,324
251,8,1005
252,8,46
253,8,231
254,8,12
255,8,581
256,8,40
257,8,734
258,8,135
259,8,883
260,8,289
261,8,601
262,8,573
263,8,145
264,8,841
265,8,463
266,8,95
267,8,494
268,8,492
269,8,371
270,8,259
271,8,696
272,8,682
273,8,346
274,8,401
275,8,122
276,8,473
277,8,552
278,8,241
279,8,728
280,8,887
281,8,75
282,8,219
283,8,808
284,8,904
285,8,553
286,8,943
287,8,563
288,8,805
289,8,826
290,8,880
291,8,200
292,8,569
293,8,278
294,8,437
295,8,691
296,8,404
297,8,533
298,8,121
299,8,73
300,8,207
301,8,178
302,8,170
303,8,881
304,8,151
305,8,941
306,8,555
307,8,103
308,8,304
309,8,168
310,8,786
311,8,366
312,8,409
313,8,663
314,8,486
315,8,462
316,8,120
317,8,439
318,8,561
319,8,913
320,8,426
321,8,381
322,8,402
323,8,590
324,8,41
325,8,236
326,8,327
327,8,750
328,8,273
329,8,293
330,8,489
331,8,574
332,8,1003
333,8,164
334,8,982
335,8,849
336,8,267
337,8,470
338,8,162
339,8,735
340,8,669
341,8,584
342,8,84
343,8,614
344,8,510
345,8,902
346,8,222
347,8,749
348,8,709
349,8,976
350,8,44
351,8,763
352,8,987
353,8,633
354,8,318
355,8,394
356,8,348
357,8,474
358,8,226
359,8,527
360,8,13
361,8,562
362,8,807
363,8,882
364,8,307
365,8,1007
366,8,272
367,8,524
368,8,790
369,8,739
370,8,242
371,8,924
372,8,323
373,8,664
374,8,45
375,8,858
376,8,777
377,8,382
378,8,627
379,8,134
380,8,757
381,8,781
382,8,944
383,8,454
384,8,421
385,8,78
386,8,539
387,8,560
388,8,923
389,8,194
390,8,177
391,8,685
392,8,354
393,8,596
394,8,471
395,8,341
396,8,428
397,8,909
398,8,751
399,8,393
0,9,807
1,9,534
2,9,684
3,9,375
4,9,812
5,9,954
6,9,931
7,9,550
8,9,151
9,9,657
10,9,517
11,9,600
12,9,721
13,9,722
14,9,292
15,9,618
16,9,815
17,9,659
18,9,464
19,9,720
20,9,627
21,9,451
22,9,312
23,9,218
24,9,629
25,9,781
26,9,699
27,9,506
28,9,935
29,9,112
30,9,777
31,9,327
32,9,851
33,9,668
34,9,941
35,9,436
36,9,521
37,9,795
38,9,346
39,9,366
40,9,978
41,9,1005
42,9,694
43,9,208
44,9,364
45,9,564
46,9,473
47,9,667
48,9,747
49,9,734
50,9,147
51,9,145
52,9,461
53,9,485
54,9,849
55,9,793
56,9,651
57,9,237
58,9,139
59,9,733
60,9,402
61,9,313
62,9,388
63,9,688
64,9,779
65,9,783
66,9,405
67,9,555
68,9,459
69,9,838
70,9,382
71,9,356
72,9,619
73,9,594
74,9,225
75,9,217
76,9,520
77,9,215
78,9,822
79,9,598
80,9,284
81,9,420
82,9,502
83,9,712
84,9,568
85,9,813
86,9,350
87,9,334
88,9,691
89,9,902
90,9,266
91,9,844
92,9,439
93,9,311
94,9,554
95,9,880
96,9,306
97,9,948
98,9,847
99,9,624
100,9,867
101,9,553
102,9,666
103,9,431
104,9,749
105,9,615
106,9,167
107,9,242
108,9,744
109,9,504
110,9,792
111,9,522
112,9,538
113,9,816
114,9,592
115,9,482
116,9,227
117,9,463
118,9,544
119,9,560
120,9,782
121,9,532
122,9,358
123,9,786
124,9,162
125,9,404
126,9,211
127,9,104
128,9,837
129,9,216
130,9,178
131,9,1009
132,9,123
133,9,516
134,9,682
135,9,460
136,9,982
137,9,394
138,9,114
139,9,784
140,9,141
141,9,857
142,9,445
143,9,179
144,9,173
145,9,823
146,9,678
147,9,214
148,9,144
149,9,209
150,9,508
151,9,551
152,9,467
153,9,571
154,9,430
155,9,113
156,9,449
157,9,724
158,9,811
159,9,631
160,9,428
161,9,603
162,9,630
163,9,323
164,9,468
165,9,299
166,9,497
167,9,649
168,9,367
169,9,776
170,9,526
171,9,696
172,9,441
173,9,332
174,9,585
175,9,685
176,9,193
177,9,839
178,9,814
179,9,116
180,9,971
181,9,922
182,9,565
183,9,185
184,9,231
185,9,399
186,9,791
187,9,85
188,9,484
189,9,810
190,9,140
191,9,443
192,9,652
193,9,545
194,9,614
195,9,841
196,9,261
197,9,818
198,9,904
199,9,368
200,9,790
201,9,531
202,9,628
203,9,165
204,9,496
205,9,43
206,9,329
207,9,390
208,9,660
209,9,569
210,9,176
211,9,539
212,9,454
213,9,148
214,9,408
215,9,115
216,9,856
217,9,772
218,9,409
219,9,450
220,9,1003
221,9,333
222,9,345
223,9,298
224,9,274
225,9,107
226,9,444
227,9,981
228,9,578
229,9,229
230,9,507
231,9,29
232,9,546
233,9,369
234,9,535
235,9,187
236,9,753
237,9,11
238,9,259
239,9,376
240,9,442
241,9,654
242,9,748
243,9,723
244,9,501
245,9,324
246,9,567
247,9,621
248,9,170
249,9,317
250,9,325
251,9,1006
252,9,47
253,9,199
254,9,13
255,9,549
256,9,8
257,9,766
258,9,134
259,9,915
260,9,257
261,9,601
262,9,605
263,9,146
264,9,873
265,9,462
266,9,127
267,9,493
268,9,492
269,9,371
270,9,291
271,9,664
272,9,683
273,9,378
274,9,400
275,9,154
276,9,472
277,9,584
278,9,273
279,9,760
280,9,919
281,9,74
282,9,219
283,9,840
284,9,872
285,9,552
286,9,942
287,9,595
288,9,806
289,9,825
290,9,848
291,9,201
292,9,570
293,9,277
294,9,469
295,9,692
296,9,403
297,9,533
298,9,120
299,9,41
300,9,206
301,9,210
302,9,138
303,9,882
304,9,183
305,9,909
306,9,587
307,9,135
308,9,305
309,9,168
310,9,754
311,9,398
312,9,377
313,9,662
314,9,518
315,9,494
316,9,119
317,9,438
318,9,562
319,9,881
320,9,458
321,9,380
322,9,401
323,9,558
324,9,40
325,9,235
326,9,328
327,9,751
328,9,272
329,9,293
330,9,457
331,9,542
332,9,1004
333,9,164
334,9,1014
335,9,817
336,9,267
337,9,470
338,9,130
339,9,735
340,9,701
341,9,616
342,9,84
343,9,613
344,9,478
345,9,934
346,9,254
347,9,750
348,9,741
349,9,976
350,9,45
351,9,731
352,9,1019
353,9,632
354,9,318
355,9,393
356,9,348
357,9,475
358,9,226
359,9,528
360,9,14
361,9,563
362,9,808
363,9,850
364,9,339
365,9,1008
366,9,304
367,9,525
368,9,758
369,9,707
370,9,241
371,9,923
372,9,355
373,9,663
374,9,46
375,9,826
376,9,778
377,9,381
378,9,626
379,9,166
380,9,725
381,9,780
382,9,943
383,9,486
384,9,453
385,9,78
386,9,540
387,9,561
388,9,891
389,9,195
390,9,177
391,9,686
392,9,386
393,9,596
394,9,503
395,9,342
396,9,396
397,9,877
398,9,752
399,9,361
0,10,808
1,10,502
2,10,685
3,10,374
4,10,813
5,10,954
6,10,932
7,10,551
8,10,183
9,10,625
10,10,516
11,10,568
12,10,689
13,10,754
14,10,324
15,10,650
16,10,816
17,10,691
18,10,496
19,10,721
20,10,626
21,10,419
22,10,311
23,10,217
24,10,628
25,10,781
26,10,667
27,10,507
28,10,934
29,10,112
30,10,745
31,10,328
32,10,852
33,10,668
34,10,940
35,10,468
36,10,522
37,10,763
38,10,345
39,10,398
40,10,977
41,10,1006
42,10,695
43,10,207
44,10,363
45,10,596
46,10,472
47,10,635
48,10,748
49,10,766
50,10,179
51,10,177
52,10,493
53,10,484
54,10,881
55,10,792
56,10,652
57,10,236
58,10,140
59,10,732
60,10,401
61,10,313
62,10,420
63,10,688
64,10,778
65,10,783
66,10,404
67,10,587
68,10,459
69,10,806
70,10,381
71,10,357
72,10,618
73,10,594
74,10,193
75,10,249
76,10,521
77,10,214
78,10,821
79,10,597
80,10,316
81,10,421
82,10,501
83,10,711
84,10,569
85,10,814
86,10,382
87,10,335
88,10,723
89,10,903
90,10,298
91,10,844
92,10,471
93,10,279
94,10,586
95,10,879
96,10,307
97,10,947
98,10,847
99,10,623
100,10,868
101,10,552
102,10,665
103,10,463
104,10,750
105,10,614
106,10,135
107,10,241
108,10,712
109,10,503
110,10,760
111,10,554
112,10,506
113,10,817
114,10,592
115,10,481
116,10,226
117,10,464
118,10,545
119,10,560
120,10,782
121,10,531
122,10,390
123,10,786
124,10,163
125,10,403
126,10,211
127,10,103
128,10,805
129,10,215
130,10,210
131,10,1010
132,10,122
133,10,548
134,10,683
135,10,428
136,10,981
137,10,426
138,10,113
139,10,784
140,10,142
141,10,856
142,10,445
143,10,178
144,10,173
145,10,822
146,10,679
147,10,213
148,10,144
149,10,208
150,10,509
151,10,519
152,10,499
153,10,539
154,10,431
155,10,145
156,10,417
157,10,725
158,10,812
159,10,630
160,10,396
161,10,571
162,10,598
163,10,322
164,10,467
165,10,267
166,10,498
167,10,681
168,10,366
169,10,777
170,10,494
171,10,664
172,10,441
173,10,331
174,10,617
175,10,717
176,10,161
177,10,838
178,10,815
179,10,148
180,10,1003
181,10,921
182,10,564
183,10,186
184,10,230
185,10,367
186,10,823
187,10,84
188,10,483
189,10,809
190,10,141
191,10,442
192,10,620
193,10,546
194,10,613
195,10,873
196,10,293
197,10,819
198,10,872
199,10,369
200,10,791
201,10,563
202,10,660
203,10,197
204,10,497
205,10,44
206,10,361
207,10,422
208,10,661
209,10,601
210,10,176
211,10,538
212,10,486
213,10,147
214,10,376
215,10,114
216,10,855
217,10,772
218,10,409
219,10,482
220,10,1004
221,10,301
222,10,344
223,10,330
224,10,306
225,10,106
226,10,476
227,10,949
228,10,579
229,10,261
230,10,475
231,10,28
232,10,514
233,10,370
234,10,567
235,10,219
236,10,753
237,10,12
238,10,291
239,10,375
240,10,410
241,10,622
242,10,749
243,10,724
244,10,533
245,10,356
246,10,599
247,10,589
248,10,171
249,10,318
250,10,326
251,10,1007
252,10,48
253,10,167
254,10,14
255,10,517
256,10,9
257,10,798
258,10,102
259,10,914
260,10,225
261,10,600
262,10,637
263,10,146
264,10,874
265,10,461
266,10,127
267,10,492
268,10,460
269,10,371
270,10,323
271,10,632
272,10,684
273,10,346
274,10,399
275,10,153
276,10,440
277,10,583
278,10,274
279,10,728
280,10,951
281,10,73
282,10,218
283,10,839
284,10,840
285,10,520
286,10,941
287,10,627
288,10,807
289,10,824
290,10,849
291,10,202
292,10,602
293,10,276
294,10,470
295,10,692
296,10,402
297,10,534
298,10,119
299,10,42
300,10,205
301,10,242
302,10,138
303,10,850
304,10,184
305,10,877
306,10,619
307,10,134
308,10,305
309,10,168
310,10,755
311,10,430
312,10,378
313,10,694
314,10,550
315,10,462
316,10,118
317,10,437
318,10,561
319,10,880
320,10,490
321,10,379
322,10,400
323,10,559
324,10,8
325,10,234
326,10,329
327,10,752
328,10,272
329,10,325
330,10,458
331,10,510
332,10,1005
333,10,165
334,10,982
335,10,785
336,10,266
337,10,438
338,10,98
339,10,734
340,10,733
341,10,648
342,10,116
343,10,612
344,10,477
345,10,966
346,10,286
347,10,751
348,10,740
349,10,976
350,10,46
351,10,699
352,10,1018
353,10,631
354,10,350
355,10,392
356,10,348
357,10,474
358,10,194
359,10,528
360,10,15
361,10,562
362,10,776
363,10,818
364,10,340
365,10,1009
366,10,303
367,10,526
368,10,790
369,10,675
370,10,240
371,10,922
372,10,355
373,10,662
374,10,47
375,10,826
376,10,810
377,10,380
378,10,658
379,10,166
380,10,693
381,10,779
382,10,942
383,10,518
384,10,485
385,10,78
386,10,540
387,10,529
388,10,892
389,10,227
390,10,209
391,10,687
392,10,418
393,10,595
394,10,535
395,10,343
396,10,364
397,10,845
398,10,720
399,10,362
0,11,809
1,11,470
2,11,653
3,11,373
4,11,814
5,11,954
6,11,933
7,11,583
8,11,215
9,11,624
10,11,515
11,11,536
12,11,657
13,11,754
14,11,356
15,11,650
16,11,816
17,11,723
18,11,528
19,11,722
20,11,625
21,11,387
22,11,343
23,11,216
24,11,627
25,11,749
26,11,635
27,11,508
28,11,902
29,11,144
30,11,713
31,11,328
32,11,884
33,11,668
34,11,972
35,11,468
36,11,523
37,11,763
38,11,377
39,11,398
40,11,976
41,11,1007
42,11,695
43,11,206
44,11,331
45,11,628
46,11,504
47,11,603
48,11,748
49,11,767
50,11,178
51,11,209
52,11,525
53,11,485
54,11,849
55,11,824
56,11,652
57,11,235
58,11,141
59,11,731
60,11,433
61,11,313
62,11,421
63,11,687
64,11,777
65,11,782
66,11,403
67,11,619
68,11,459
69,11,807
70,11,380
71,11,358
72,11,617
73,11,626
74,11,161
75,11,281
76,11,553
77,11,213
78,11,820
79,11,597
80,11,316
81,11,453
82,11,469
83,11,679
84,11,570
85,11,815
86,11,414
87,11,336
88,11,755
89,11,904
90,11,330
91,11,812
92,11,503
93,11,280
94,11,618
95,11,880
96,11,308
97,11,915
98,11,848
99,11,622
100,11,869
101,11,551
102,11,664
103,11,463
104,11,751
105,11,614
106,11,136
107,11,240
108,11,680
109,11,502
110,11,728
111,11,554
112,11,506
113,11,818
114,11,560
115,11,482
116,11,194
117,11,432
118,11,545
119,11,561
120,11,781
121,11,532
122,11,422
123,11,785
124,11,164
125,11,402
126,11,211
127,11,102
128,11,806
129,11,214
130,11,242
131,11,1011
132,11,121
133,11,548
134,11,684
135,11,396
136,11,980
137,11,458
138,11,112
139,11,783
140,11,174
141,11,855
142,11,444
143,11,146
144,11,173
145,11,790
146,11,647
147,11,212
148,11,145
149,11,176
150,11,541
151,11,519
152,11,531
153,11,507
154,11,430
155,11,177
156,11,385
157,11,757
158,11,813
159,11,629
160,11,364
161,11,539
162,11,566
163,11,290
164,11,435
165,11,266
166,11,466
167,11,681
168,11,366
169,11,745
170,11,493
171,11,632
172,11,440
173,11,299
174,11,649
175,11,717
176,11,129
177,11,870
178,11,847
179,11,147
180,11,1003
181,11,921
182,11,563
183,11,187
184,11,230
185,11,368
186,11,822
187,11,52
188,11,451
189,11,810
190,11,142
191,11,442
192,11,588
193,11,578
194,11,612
195,11,874
196,11,294
197,11,851
198,11,873
199,11,370
200,11,791
201,11,595
202,11,692
203,11,229
204,11,465
205,11,45
206,11,393
207,11,454
208,11,660
209,11,600
210,11,175
211,11,538
212,11,518
213,11,115
214,11,376
215,11,113
216,11,854
217,11,772
218,11,441
219,11,514
220,11,1005
221,11,269
222,11,345
223,11,362
224,11,338
225,11,105
226,11,475
227,11,981
228,11,547
229,11,293
230,11,474
231,11,27
232,11,513
233,11,371
234,11,568
235,11,219
236,11,721
237,11,13
238,11,323
239,11,407
240,11,409
241,11,590
242,11,750
243,11,725
244,11,533
245,11,388
246,11,598
247,11,557
248,11,172
249,11,350
250,11,327
251,11,1008
252,11,49
253,11,135
254,11,15
255,11,516
256,11,10
257,11,797
258,11,70
259,11,913
260,11,193
261,11,599
262,11,669
263,11,114
264,11,906
265,11,429
266,11,127
267,11,460
268,11,428
269,11,339
270,11,324
271,11,631
272,11,685
273,11,347
274,11,431
275,11,153
276,11,408
277,11,615
278,11,274
279,11,696
280,11,951
281,11,73
282,11,217
283,11,838
284,11,840
285,11,521
286,11,940
287,11,659
288,11,839
289,11,823
290,11,817
291,11,201
292,11,601
293,11,244
294,11,471
295,11,693
296,11,401
297,11,535
298,11,118
299,11,43
300,11,204
301,11,241
302,11,106
303,11,850
304,11,185
305,11,876
306,11,651
307,11,133
308,11,306
309,11,167
310,11,787
311,11,462
312,11,346
313,11,662
314,11,549
315,11,494
316,11,150
317,11,405
318,11,562
319,11,881
320,11,522
321,11,378
322,11,399
323,11,559
324,11,8
325,11,202
326,11,329
327,11,720
328,11,272
329,11,326
330,11,457
331,11,509
332,11,1006
333,11,197
334,11,983
335,11,784
336,11,265
337,11,406
338,11,99
339,11,733
340,11,765
341,11,648
342,11,148
343,11,580
344,11,445
345,11,998
346,11,318
347,11,752
348,11,739
349,11,944
350,11,78
351,11,667
352,11,1017
353,11,630
354,11,382
355,11,424
356,11,348
357,11,473
358,11,195
359,11,529
360,11,47
361,11,594
362,11,808
363,11,786
364,11,341
365,11,1010
366,11,335
367,11,527
368,11,758
369,11,674
370,11,239
371,11,922
372,11,355
373,11,661
374,11,46
375,11,826
376,11,811
377,11,379
378,11,690
379,11,165
380,11,694
381,11,778
382,11,974
383,11,550
384,11,517
385,11,110
386,11,540
387,11,497
388,11,892
389,11,259
390,11,210
391,11,719
392,11,450
393,11,596
394,11,567
395,11,344
396,11,332
397,11,844
398,11,688
399,11,363
0,12,809
1,12,438
2,12,621
3,12,405
4,12,782
5,12,954
6,12,965
7,12,615
8,12,214
9,12,656
10,12,516
11,12,504
12,12,657
13,12,722
14,12,388
15,12,651
16,12,848
17,12,755
18,12,560
19,12,723
20,12,624
21,12,355
22,12,375
23,12,215
24,12,626
25,12,750
26,12,603
27,12,509
28,12,901
29,12,144
30,12,745
31,12,329
32,12,916
33,12,667
34,12,971
35,12,469
36,12,524
37,12,731
38,12,376
39,12,430
40,12,944
41,12,1008
42,12,695
43,12,206
44,12,299
45,12,627
46,12,503
47,12,571
48,12,749
49,12,767
50,12,178
51,12,241
52,12,493
53,12,486
54,12,850
55,12,823
56,12,653
57,12,234
58,12,173
59,12,699
60,12,465
61,12,312
62,12,453
63,12,719
64,12,776
65,12,781
66,12,402
67,12,619
68,12,460
69,12,775
70,12,379
71,12,390
72,12,617
73,12,658
74,12,129
75,12,313
76,12,552
77,12,212
78,12,819
79,12,596
80,12,316
81,12,485
82,12,437
83,12,647
84,12,602
85,12,815
86,12,413
87,12,304
88,12,787
89,12,872
90,12,362
91,12,780
92,12,535
93,12,281
94,12,650
95,12,881
96,12,309
97,12,915
98,12,847
99,12,622
100,12,869
101,12,583
102,12,663
103,12,462
104,12,752
105,12,613
106,12,137
107,12,239
108,12,648
109,12,534
110,12,696
111,12,553
112,12,474
113,12,786
114,12,592
115,12,481
116,12,162
117,12,432
118,12,513
119,12,561
120,12,813
121,12,533
122,12,422
123,12,784
124,12,132
125,12,401
126,12,210
127,12,101
128,12,807
129,12,213
130,12,274
131,12,1012
132,12,89
133,12,548
134,12,652
135,12,364
136,12,979
137,12,490
138,12,80
139,12,783
140,12,175
141,12,854
142,12,476
143,12,114
144,12,205
145,12,791
146,12,646
147,12,211
148,12,145
149,12,208
150,12,573
151,12,518
152,12,532
153,12,539
154,12,431
155,12,209
156,12,353
157,12,758
158,12,814
159,12,661
160,12,332
161,12,538
162,12,566
163,12,289
164,12,435
165,12,265
166,12,434
167,12,713
168,12,366
169,12,746
170,12,461
171,12,632
172,12,439
173,12,298
174,12,681
175,12,717
176,12,97
177,12,902
178,12,879
179,12,146
180,12,1003
181,12,921
182,12,562
183,12,188
184,12,230
185,12,369
186,12,821
187,12,20
188,12,419
189,12,778
190,12,174
191,12,441
192,12,556
193,12,610
194,12,580
195,12,906
196,12,326
197,12,883
198,12,874
199,12,371
200,12,792
201,12,563
202,12,724
203,12,261
204,12,464
205,12,46
206,12,392
207,12,454
208,12,659
209,12,600
210,12,176
211,12,570
212,12,517
213,12,147
214,12,344
215,12,81
216,12,886
217,12,772
218,12,473
219,12,546
220,12,1006
221,12,237
222,12,346
223,12,394
224,12,370
225,12,104
226,12,507
227,12,982
228,12,515
229,12,294
230,12,442
231,12,27
232,12,514
233,12,339
234,12,568
235,12,219
236,12,689
237,12,14
238,12,322
239,12,406
240,12,408
241,12,558
242,12,751
243,12,757
244,12,501
245,12,420
246,12,597
247,12,525
248,12,172
249,12,382
250,12,328
251,12,1009
252,12,50
253,12,136
254,12,16
255,12,484
256,12,11
257,12,829
258,12,69
259,12,912
260,12,194
261,12,598
262,12,668
263,12,115
264,12,907
265,12,429
266,12,127
267,12,428
268,12,396
269,12,338
270,12,325
271,12,631
272,12,686
273,12,348
274,12,463
275,12,185
276,12,407
277,12,614
278,12,306
279,12,664
280,12,952
281,12,105
282,12,216
283,12,870
284,12,839
285,12,489
286,12,939
287,12,691
288,12,838
289,12,822
290,12,785
291,12,233
292,12,601
293,12,243
294,12,472
295,12,692
296,12,400
297,12,567
298,12,117
299,12,44
300,12,236
301,12,240
302,12,74
303,12,818
304,12,186
305,12,844
306,12,683
307,12,165
308,12,307
309,12,166
310,12,788
311,12,494
312,12,347
313,12,630
314,12,581
315,12,526
316,12,118
317,12,404
318,12,594
319,12,849
320,12,554
321,12,410
322,12,398
323,12,527
324,12,8
325,12,201
326,12,330
327,12,721
328,12,272
329,12,358
330,12,458
331,12,477
332,12,1007
333,12,229
334,12,951
335,12,816
336,12,264
337,12,374
338,12,67
339,12,701
340,12,797
341,12,649
342,12,148
343,12,579
344,12,445
345,12,999
346,12,350
347,12,753
348,12,738
349,12,945
350,12,110
351,12,635
352,12,985
353,12,629
354,12,381
355,12,423
356,12,380
357,12,505
358,12,227
359,12,497
360,12,48
361,12,595
362,12,840
363,12,754
364,12,342
365,12,1011
366,12,334
367,12,528
368,12,790
369,12,642
370,12,207
371,12,922
372,12,323
373,12,660
374,12,47
375,12,826
376,12,811
377,12,378
378,12,690
379,12,197
380,12,693
381,12,777
382,12,973
383,12,551
384,12,549
385,12,142
386,12,540
387,12,498
388,12,892
389,12,291
390,12,242
391,12,720
392,12,482
393,12,628
394,12,599
395,12,345
396,12,331
397,12,812
398,12,688
399,12,363
0,13,777
1,13,470
2,13,589
3,13,404
4,13,750
5,13,954
6,13,966
7,13,583
8,13,246
9,13,624
10,13,516
11,13,472
12,13,658
13,13,754
14,13,420
15,13,652
16,13,848
17,13,755
18,13,559
19,13,724
20,13,623
21,13,323
22,13,374
23,13,214
24,13,625
25,13,751
26,13,571
27,13,510
28,13,902
29,13,145
30,13,713
31,13,361
32,13,948
33,13,635
34,13,970
35,13,437
36,13,492
37,13,699
38,13,408
39,13,429
40,13,943
41,13,1009
42,13,696
43,13,238
44,13,267
45,13,627
46,13,502
47,13,539
48,13,749
49,13,767
50,13,177
51,13,242
52,13,493
53,13,487
54,13,849
55,13,822
56,13,653
57,13,234
58,13,205
59,13,667
60,13,464
61,13,313
62,13,485
63,13,719
64,13,808
65,13,781
66,13,401
67,13,651
68,13,428
69,13,743
70,13,378
71,13,422
72,13,649
73,13,626
74,13,97
75,13,345
76,13,552
77,13,244
78,13,818
79,13,595
80,13,348
81,13,517
82,13,436
83,13,615
84,13,570
85,13,816
86,13,445
87,13,305
88,13,819
89,13,873
90,13,394
91,13,748
92,13,567
93,13,281
94,13,682
95,13,882
96,13,310
97,13,883
98,13,847
99,13,621
100,13,901
101,13,584
102,13,662
103,13,494
104,13,720
105,13,614
106,13,105
107,13,239
108,13,616
109,13,533
110,13,664
111,13,521
112,13,442
113,13,787
114,13,560
115,13,449
116,13,130
117,13,431
118,13,481
119,13,529
120,13,845
121,13,532
122,13,454
123,13,783
124,13,133
125,13,400
126,13,209
127,13,100
128,13,775
129,13,212
130,13,273
131,13,980
132,13,88
133,13,548
134,13,620
135,13,363
136,13,978
137,13,522
138,13,48
139,13,782
140,13,176
141,13,854
142,13,508
143,13,114
144,13,237
145,13,791
146,13,647
147,13,210
148,13,146
149,13,207
150,13,605
151,13,550
152,13,531
153,13,507
154,13,399
155,13,241
156,13,352
157,13,758
158,13,815
159,13,629
160,13,332
161,13,538
162,13,534
163,13,257
164,13,434
165,13,264
166,13,402
167,13,712
168,13,398
169,13,747
170,13,462
171,13,632
172,13,438
173,13,266
174,13,680
175,13,717
176,13,65
177,13,903
178,13,878
179,13,178
180,13,1003
181,13,921
182,13,561
183,13,220
184,13,230
185,13,370
186,13,820
187,13,20
188,13,387
189,13,778
190,13,206
191,13,440
192,13,556
193,13,609
194,13,580
195,13,906
196,13,358
197,13,884
198,13,842
199,13,339
200,13,793
201,13,563
202,13,725
203,13,260
204,13,432
205,13,45
206,13,424
207,13,486
208,13,691
209,13,599
210,13,144
211,13,569
212,13,549
213,13,115
214,13,312
215,13,49
216,13,885
217,13,772
218,13,505
219,13,578
220,13,1007
221,13,236
222,13,347
223,13,426
224,13,371
225,13,136
226,13,506
227,13,983
228,13,515
229,13,326
230,13,441
231,13,27
232,13,513
233,13,340
234,13,600
235,13,219
236,13,690
237,13,15
238,13,354
239,13,405
240,13,409
241,13,558
242,13,752
243,13,757
244,13,501
245,13,421
246,13,596
247,13,524
248,13,173
249,13,381
250,13,329
251,13,1010
252,13,51
253,13,137
254,13,16
255,13,484
256,13,12
257,13,828
258,13,37
259,13,911
260,13,162
261,13,597
262,13,700
263,13,116
264,13,908
265,13,461
266,13,127
267,13,396
268,13,364
269,13,338
270,13,357
271,13,630
272,13,654
273,13,349
274,13,463
275,13,184
276,13,406
277,13,646
278,13,307
279,13,663
280,13,984
281,13,104
282,13,216
283,13,869
284,13,838
285,13,490
286,13,938
287,13,692
288,13,870
289,13,821
290,13,785
291,13,201
292,13,601
293,13,211
294,13,473
295,13,693
296,13,368
297,13,566
298,13,117
299,13,44
300,13,235
301,13,272
302,13,42
303,13,786
304,13,187
305,13,812
306,13,715
307,13,197
308,13,308
309,13,165
310,13,788
311,13,526
312,13,315
313,13,598
314,13,613
315,13,525
316,13,119
317,13,403
318,13,562
319,13,817
320,13,586
321,13,410
322,13,430
323,13,528
324,13,8
325,13,200
326,13,331
327,13,689
328,13,304
329,13,390
330,13,458
331,13,509
332,13,1008
333,13,261
334,13,952
335,13,784
336,13,263
337,13,342
338,13,68
339,13,701
340,13,829
341,13,650
342,13,147
343,13,547
344,13,477
345,13,1000
346,13,382
347,13,721
348,13,737
349,13,977
350,13,142
351,13,603
352,13,985
353,13,628
354,13,380
355,13,423
356,13,412
357,13,537
358,13,228
359,13,498
360,13,47
361,13,594
362,13,841
363,13,753
364,13,343
365,13,1012
366,13,366
367,13,496
368,13,790
369,13,610
370,13,175
371,13,922
372,13,324
373,13,659
374,13,46
375,13,826
376,13,811
377,13,377
378,13,722
379,13,229
380,13,661
381,13,776
382,13,972
383,13,551
384,13,581
385,13,174
386,13,540
387,13,499
388,13,892
389,13,292
390,13,243
391,13,688
392,13,483
393,13,660
394,13,631
395,13,346
396,13,299
397,13,780
398,13,687
399,13,362
0,14,778
1,14,438
2,14,557
3,14,403
4,14,751
5,14,954
6,14,967
7,14,615
8,14,278
9,14,592
10,14,516
11,14,440
12,14,659
13,14,755
14,14,421
15,14,652
16,14,847
17,14,787
18,14,558
19,14,725
20,14,622
21,14,322
22,14,406
23,14,213
24,14,624
25,14,752
26,14,539
27,14,478
28,14,870
29,14,144
30,14,681
31,14,393
32,14,980
33,14,603
34,14,969
35,14,469
36,14,493
37,14,667
38,14,407
39,14,461
40,14,942
41,14,1010
42,14,697
43,14,239
44,14,266
45,14,626
46,14,534
47,14,507
48,14,750
49,14,767
50,14,209
51,14,274
52,14,525
53,14,487
54,14,848
55,14,821
56,14,654
57,14,233
58,14,237
59,14,635
60,14,465
61,14,313
62,14,517
63,14,719
64,14,807
65,14,749
66,14,400
67,14,683
68,14,429
69,14,744
70,14,410
71,14,423
72,14,649
73,14,594
74,14,65
75,14,345
76,14,584
77,14,212
78,14,817
79,14,596
80,14,380
81,14,518
82,14,435
83,14,614
84,14,538
85,14,784
86,14,477
87,14,306
88,14,851
89,14,841
90,14,426
91,14,716
92,14,535
93,14,281
94,14,714
95,14,883
96,14,311
97,14,884
98,14,815
99,14,620
100,14,902
101,14,616
102,14,630
103,14,494
104,14,720
105,14,613
106,14,137
107,14,240
108,14,617
109,14,565
110,14,632
111,14,520
112,14,441
113,14,819
114,14,528
115,14,450
116,14,98
117,14,431
118,14,449
119,14,561
120,14,877
121,14,564
122,14,486
123,14,782
124,14,134
125,14,368
126,14,208
127,14,132
128,14,743
129,14,211
130,14,272
131,14,981
132,14,87
133,14,549
134,14,619
135,14,331
136,14,977
137,14,554
138,14,47
139,14,781
140,14,176
141,14,854
142,14,540
143,14,113
144,14,236
145,14,791
146,14,679
147,14,178
148,14,145
149,14,206
150,14,637
151,14,550
152,14,532
153,14,475
154,14,399
155,14,242
156,14,320
157,14,790
158,14,816
159,14,661
160,14,364
161,14,506
162,14,533
163,14,225
164,14,433
165,14,263
166,14,370
167,14,713
168,14,430
169,14,747
170,14,463
171,14,600
172,14,437
173,14,265
174,14,712
175,14,717
176,14,33
177,14,904
178,14,878
179,14,177
180,14,1003
181,14,921
182,14,560
183,14,252
184,14,230
185,14,371
186,14,852
187,14,20
188,14,355
189,14,779
190,14,238
191,14,439
192,14,524
193,14,641
194,14,548
195,14,938
196,14,390
197,14,885
198,14,843
199,14,340
200,14,794
201,14,595
202,14,757
203,14,292
204,14,432
205,14,44
206,14,392
207,14,485
208,14,691
209,14,598
210,14,112
211,14,570
212,14,581
213,14,114
214,14,280
215,14,49
216,14,886
217,14,772
218,14,504
219,14,546
220,14,1008
221,14,204
222,14,315
223,14,458
224,14,339
225,14,135
226,14,505
227,14,951
228,14,514
229,14,358
230,14,409
231,14,27
232,14,481
233,14,341
234,14,599
235,14,218
236,14,658
237,14,16
238,14,386
239,14,404
240,14,377
241,14,590
242,14,753
243,14,758
244,14,501
245,14,453
246,14,628
247,14,492
248,14,173
249,14,349
250,14,330
251,14,1011
252,14,52
253,14,138
254,14,48
255,14,483
256,14,13
257,14,827
258,14,5
259,14,943
260,14,130
261,14,597
262,14,732
263,14,117
264,14,909
265,14,460
266,14,127
267,14,396
268,14,363
269,14,338
270,14,357
271,14,629
272,14,655
273,14,317
274,14,464
275,14,216
276,14,405
277,14,646
278,14,308
279,14,695
280,14,983
281,14,103
282,14,215
283,14,869
284,14,837
285,14,491
286,14,970
287,14,693
288,14,838
289,14,820
290,14,786
291,14,202
292,14,601
293,14,210
294,14,473
295,14,694
296,14,367
297,14,567
298,14,118
299,14,12
300,14,234
301,14,304
302,14,41
303,14,754
304,14,219
305,14,780
306,14,715
307,14,197
308,14,309
309,14,165
310,14,788
311,14,527
312,14,316
313,14,566
314,14,645
315,14,526
316,14,119
317,14,402
318,14,563
319,14,785
320,14,618
321,14,442
322,14,462
323,14,496
324,14,8
325,14,168
326,14,332
327,14,657
328,14,336
329,14,422
330,14,459
331,14,508
332,14,1009
333,14,261
334,14,920
335,14,783
336,14,231
337,14,310
338,14,69
339,14,701
340,14,828
341,14,651
342,14,146
343,14,547
344,14,509
345,14,1001
346,14,414
347,14,689
348,14,737
349,14,976
350,14,174
351,14,571
352,14,984
353,14,660
354,14,412
355,14,424
356,14,444
357,14,537
358,14,260
359,14,499
360,14,46
361,14,562
362,14,842
363,14,721
364,14,375
365,14,1013
366,14,398
367,14,497
368,14,822
369,14,578
370,14,207
371,14,922
372,14,325
373,14,627
374,14,45
375,14,826
376,14,812
377,14,376
378,14,722
379,14,229
380,14,662
381,14,775
382,14,971
383,14,583
384,14,580
385,14,175
386,14,541
387,14,531
388,14,892
389,14,293
390,14,243
391,14,656
392,14,515
393,14,692
394,14,663
395,14,347
396,14,267
397,14,748
398,14,688
399,14,362
0,15,777
1,15,406
2,15,525
3,15,402
4,15,719
5,15,954
6,15,999
7,15,647
8,15,279
9,15,624
10,15,517
11,15,408
12,15,660
13,15,787
14,15,453
15,15,620
16,15,848
17,15,786
18,15,557
19,15,693
20,15,654
21,15,321
22,15,405
23,15,213
24,15,656
25,15,752
26,15,507
27,15,477
28,15,869
29,15,145
30,15,649
31,15,394
32,15,980
33,15,571
34,15,968
35,15,470
36,15,494
37,15,668
38,15,439
39,15,460
40,15,974
41,15,1011
42,15,665
43,15,207
44,15,265
45,15,625
46,15,566
47,15,506
48,15,751
49,15,767
50,15,241
51,15,306
52,15,493
53,15,487
54,15,880
55,15,820
56,15,655
57,15,234
58,15,238
59,15,603
60,15,464
61,15,313
62,15,549
63,15,687
64,15,775
65,15,781
66,15,400
67,15,715
68,15,429
69,15,745
70,15,409
71,15,423
72,15,648
73,15,562
74,15,33
75,15,345
76,15,584
77,15,212
78,15,816
79,15,595
80,15,412
81,15,519
82,15,434
83,15,646
84,15,538
85,15,785
86,15,509
87,15,307
88,15,850
89,15,809
90,15,458
91,15,684
92,15,535
93,15,281
94,15,746
95,15,884
96,15,312
97,15,916
98,15,847
99,15,619
100,15,903
101,15,616
102,15,629
103,15,526
104,15,688
105,15,614
106,15,137
107,15,240
108,15,585
109,15,564
110,15,600
111,15,520
112,15,442
113,15,851
114,15,496
115,15,450
116,15,66
117,15,399
118,15,417
119,15,529
120,15,909
121,15,532
122,15,518
123,15,783
124,15,102
125,15,367
126,15,209
127,15,131
128,15,744
129,15,211
130,15,304
131,15,982
132,15,86
133,15,550
134,15,651
135,15,299
136,15,976
137,15,586
138,15,46
139,15,782
140,15,144
141,15,822
142,15,541
143,15,112
144,15,204
145,15,790
146,15,711
147,15,210
148,15,146
149,15,205
150,15,669
151,15,551
152,15,533
153,15,443
154,15,398
155,15,243
156,15,288
157,15,758
158,15,784
159,15,661
160,15,332
161,15,505
162,15,534
163,15,193
164,15,433
165,15,231
166,15,338
167,15,713
168,15,462
169,15,779
170,15,431
171,15,568
172,15,436
173,15,264
174,15,712
175,15,749
176,15,34
177,15,872
178,15,878
179,15,176
180,15,1003
181,15,921
182,15,592
183,15,284
184,15,229
185,15,370
186,15,852
187,15,19
188,15,323
189,15,778
190,15,239
191,15,438
192,15,492
193,15,673
194,15,580
195,15,938
196,15,422
197,15,886
198,15,844
199,15,308
200,15,795
201,15,594
202,15,725
203,15,324
204,15,432
205,15,44
206,15,392
207,15,486
208,15,692
209,15,599
210,15,80
211,15,602
212,15,613
213,15,113
214,15,280
215,15,81
216,15,854
217,15,772
218,15,536
219,15,514
220,15,1009
221,15,172
222,15,283
223,15,490
224,15,371
225,15,134
226,15,504
227,15,952
228,15,482
229,15,390
230,15,377
231,15,27
232,15,449
233,15,342
234,15,631
235,15,219
236,15,659
237,15,48
238,15,418
239,15,403
240,15,376
241,15,590
242,15,721
243,15,757
244,15,501
245,15,485
246,15,627
247,15,491
248,15,174
249,15,350
250,15,331
251,15,1012
252,15,20
253,15,139
254,15,49
255,15,451
256,15,14
257,15,826
258,15,5
259,15,942
260,15,98
261,15,596
262,15,731
263,15,118
264,15,910
265,15,428
266,15,127
267,15,396
268,15,364
269,15,339
270,15,358
271,15,597
272,15,623
273,15,285
274,15,463
275,15,215
276,15,404
277,15,645
278,15,309
279,15,727
280,15,951
281,15,135
282,15,183
283,15,868
284,15,805
285,15,523
286,15,969
287,15,694
288,15,839
289,15,819
290,15,754
291,15,202
292,15,601
293,15,242
294,15,473
295,15,662
296,15,366
297,15,567
298,15,119
299,15,13
300,15,266
301,15,303
302,15,41
303,15,755
304,15,251
305,15,748
306,15,747
307,15,197
308,15,310
309,15,165
310,15,788
311,15,527
312,15,315
313,15,598
314,15,677
315,15,558
316,15,151
317,15,401
318,15,563
319,15,753
320,15,650
321,15,474
322,15,461
323,15,497
324,15,8
325,15,167
326,15,333
327,15,658
328,15,336
329,15,454
330,15,459
331,15,508
332,15,1010
333,15,293
334,15,888
335,15,815
336,15,230
337,15,278
338,15,70
339,15,701
340,15,827
341,15,683
342,15,178
343,15,547
344,15,510
345,15,1002
346,15,413
347,15,690
348,15,737
349,15,944
350,15,206
351,15,539
352,15,983
353,15,628
354,15,444
355,15,424
356,15,476
357,15,537
358,15,292
359,15,499
360,15,45
361,15,561
362,15,874
363,15,720
364,15,407
365,15,981
366,15,430
367,15,465
368,15,821
369,15,546
370,15,208
371,15,922
372,15,326
373,15,626
374,15,77
375,15,858
376,15,780
377,15,375
378,15,722
379,15,261
380,15,630
381,15,743
382,15,970
383,15,615
384,15,612
385,15,175
386,15,573
387,15,531
388,15,892
389,15,325
390,15,244
391,15,657
392,15,516
393,15,724
394,15,695
395,15,348
396,15,235
397,15,716
398,15,689
399,15,363
0,16,745
1,16,406
2,16,526
3,16,401
4,16,720
5,16,954
6,16,1000
7,16,679
8,16,278
9,16,592
10,16,518
11,16,376
12,16,661
13,16,788
14,16,453
15,16,620
16,16,816
17,16,787
18,16,556
19,16,694
20,16,653
21,16,289
22,16,404
23,16,213
24,16,655
25,16,753
26,16,475
27,16,477
28,16,901
29,16,146
30,16,617
31,16,426
32,16,981
33,16,539
34,16,967
35,16,438
36,16,494
37,16,669
38,16,471
39,16,492
40,16,973
41,16,1012
42,16,665
43,16,175
44,16,264
45,16,624
46,16,565
47,16,474
48,16,752
49,16,767
50,16,273
51,16,307
52,16,525
53,16,487
54,16,912
55,16,852
56,16,687
57,16,266
58,16,239
59,16,602
60,16,463
61,16,345
62,16,581
63,16,719
64,16,775
65,16,780
66,16,399
67,16,714
68,16,461
69,16,746
70,16,441
71,16,423
72,16,649
73,16,563
74,16,33
75,16,377
76,16,616
77,16,212
78,16,815
79,16,594
80,16,444
81,16,551
82,16,433
83,16,614
84,16,506
85,16,817
86,16,541
87,16,308
88,16,882
89,16,809
90,16,490
91,16,652
92,16,567
93,16,313
94,16,778
95,16,885
96,16,280
97,16,884
98,16,847
99,16,619
100,16,904
101,16,648
102,16,628
103,16,558
104,16,656
105,16,615
106,16,137
107,16,272
108,16,553
109,16,596
110,16,568
111,16,519
112,16,410
113,16,819
114,16,497
115,16,451
116,16,34
117,16,398
118,16,385
119,16,529
120,16,908
121,16,533
122,16,550
123,16,782
124,16,103
125,16,368
126,16,210
127,16,163
128,16,712
129,16,211
130,16,303
131,16,983
132,16,85
133,16,549
134,16,651
135,16,267
136,16,944
137,16,618
138,16,78
139,16,750
140,16,145
141,16,790
142,16,542
143,16,113
144,16,205
145,16,791
146,16,743
147,16,242
148,16,147
149,16,173
150,16,701
151,16,552
152,16,534
153,16,442
154,16,366
155,16,244
156,16,256
157,16,758
158,16,785
159,16,629
160,16,364
161,16,504
162,16,502
163,16,194
164,16,432
165,16,199
166,16,306
167,16,713
168,16,462
169,16,747
170,16,430
171,16,569
172,16,435
173,16,263
174,16,711
175,16,749
176,16,35
177,16,873
178,16,878
179,16,208
180,16,971
181,16,921
182,16,560
183,16,316
184,16,261
185,16,370
186,16,851
187,16,20
188,16,291
189,16,777
190,16,240
191,16,437
192,16,493
193,16,705
194,16,580
195,16,938
196,16,454
197,16,887
198,16,845
199,16,309
200,16,763
201,16,562
202,16,725
203,16,323
204,16,464
205,16,45
206,16,392
207,16,485
208,16,693
209,16,598
210,16,112
211,16,601
212,16,645
213,16,81
214,16,279
215,16,80
216,16,886
217,16,772
218,16,535
219,16,513
220,16,1010
221,16,172
222,16,251
223,16,491
224,16,371
225,16,133
226,16,536
227,16,953
228,16,483
229,16,422
230,16,378
231,16,27
232,16,417
233,16,342
234,16,631
235,16,219
236,16,660
237,16,49
238,16,450
239,16,402
240,16,344
241,16,590
242,16,689
243,16,757
244,16,501
245,16,517
246,16,626
247,16,459
248,16,174
249,16,318
250,16,332
251,16,1013
252,16,21
253,16,140
254,16,50
255,16,419
256,16,15
257,16,825
258,16,5
259,16,941
260,16,66
261,16,595
262,16,731
263,16,150
264,16,911
265,16,428
266,16,127
267,16,396
268,16,363
269,16,339
270,16,390
271,16,597
272,16,623
273,16,253
274,16,431
275,16,214
276,16,403
277,16,646
278,16,310
279,16,728
280,16,951
281,16,167
282,16,215
283,16,869
284,16,804
285,16,524
286,16,968
287,16,695
288,16,840
289,16,818
290,16,755
291,16,202
292,16,600
293,16,241
294,16,505
295,16,663
296,16,367
297,16,566
298,16,118
299,16,14
300,16,265
301,16,335
302,16,41
303,16,723
304,16,252
305,16,716
306,16,715
307,16,229
308,16,311
309,16,197
310,16,820
311,16,527
312,16,315
313,16,630
314,16,709
315,16,557
316,16,119
317,16,400
318,16,564
319,16,721
320,16,682
321,16,473
322,16,460
323,16,498
324,16,8
325,16,166
326,16,334
327,16,659
328,16,336
329,16,486
330,16,458
331,16,509
332,16,1011
333,16,325
334,16,856
335,16,783
336,16,230
337,16,246
338,16,70
339,16,733
340,16,826
341,16,683
342,16,177
343,16,546
344,16,478
345,16,1003
346,16,445
347,16,691
348,16,737
349,16,943
350,16,207
351,16,507
352,16,984
353,16,627
354,16,443
355,16,424
356,16,508
357,16,538
358,16,324
359,16,499
360,16,77
361,16,561
362,16,875
363,16,688
364,16,439
365,16,982
366,16,429
367,16,466
368,16,821
369,16,514
370,16,209
371,16,922
372,16,327
373,16,625
374,16,76
375,16,858
376,16,748
377,16,374
378,16,754
379,16,293
380,16,662
381,16,742
382,16,969
383,16,647
384,16,613
385,16,176
386,16,573
387,16,532
388,16,892
389,16,357
390,16,276
391,16,658
392,16,516
393,16,724
394,16,727
395,16,349
396,16,203
397,16,684
398,16,690
399,16,331
0,17,777
1,17,405
2,17,527
3,17,400
4,17,721
5,17,955
6,17,1001
7,17,680
8,17,277
9,17,592
10,17,486
11,17,344
12,17,662
13,17,787
14,17,485
15,17,619
16,17,816
17,17,819
18,17,555
19,17,695
20,17,685
21,17,257
22,17,404
23,17,212
24,17,654
25,17,754
26,17,474
27,17,509
28,17,901
29,17,178
30,17,585
31,17,394
32,17,980
33,17,539
34,17,935
35,17,438
36,17,526
37,17,670
38,17,503
39,17,493
40,17,972
41,17,1013
42,17,665
43,17,174
44,17,263
45,17,623
46,17,564
47,17,442
48,17,720
49,17,767
50,17,305
51,17,339
52,17,525
53,17,519
54,17,944
55,17,884
56,17,688
57,17,266
58,17,240
59,17,601
60,17,464
61,17,377
62,17,613
63,17,719
64,17,775
65,17,780
66,17,431
67,17,746
68,17,429
69,17,747
70,17,473
71,17,422
72,17,649
73,17,531
74,17,34
75,17,409
76,17,615
77,17,211
78,17,783
79,17,594
80,17,476
81,17,552
82,17,434
83,17,646
84,17,507
85,17,785
86,17,573
87,17,309
88,17,914
89,17,809
90,17,522
91,17,620
92,17,599
93,17,345
94,17,779
95,17,886
96,17,281
97,17,883
98,17,815
99,17,618
100,17,905
101,17,616
102,17,628
103,17,557
104,17,657
105,17,614
106,17,137
107,17,304
108,17,521
109,17,595
110,17,600
111,17,518
112,17,378
113,17,820
114,17,465
115,17,450
116,17,35
117,17,398
118,17,353
119,17,561
120,17,908
121,17,501
122,17,551
123,17,781
124,17,135
125,17,336
126,17,209
127,17,195
128,17,713
129,17,210
130,17,303
131,17,984
132,17,84
133,17,550
134,17,651
135,17,235
136,17,943
137,17,650
138,17,110
139,17,751
140,17,146
141,17,822
142,17,574
143,17,114
144,17,173
145,17,791
146,17,744
147,17,242
148,17,148
149,17,141
150,17,733
151,17,520
152,17,566
153,17,443
154,17,366
155,17,245
156,17,224
157,17,790
158,17,753
159,17,629
160,17,332
161,17,504
162,17,470
163,17,162
164,17,433
165,17,167
166,17,307
167,17,745
168,17,494
169,17,748
170,17,462
171,17,537
172,17,435
173,17,231
174,17,711
175,17,750
176,17,36
177,17,841
178,17,878
179,17,207
180,17,1003
181,17,921
182,17,560
183,17,348
184,17,260
185,17,370
186,17,850
187,17,20
188,17,290
189,17,776
190,17,272
191,17,469
192,17,461
193,17,737
194,17,580
195,17,938
196,17,453
197,17,888
198,17,813
199,17,310
200,17,731
201,17,563
202,17,757
203,17,355
204,17,432
205,17,46
206,17,424
207,17,484
208,17,694
209,17,597
210,17,113
211,17,633
212,17,677
213,17,80
214,17,278
215,17,48
216,17,854
217,17,772
218,17,534
219,17,545
220,17,1011
221,17,140
222,17,219
223,17,523
224,17,403
225,17,165
226,17,568
227,17,954
228,17,451
229,17,454
230,17,346
231,17,27
232,17,385
233,17,342
234,17,663
235,17,187
236,17,661
237,17,50
238,17,482
239,17,401
240,17,312
241,17,558
242,17,690
243,17,758
244,17,502
245,17,549
246,17,625
247,17,458
248,17,206
249,17,318
250,17,333
251,17,981
252,17,22
253,17,108
254,17,51
255,17,387
256,17,16
257,17,824
258,17,5
259,17,973
260,17,66
261,17,627
262,17,730
263,17,151
264,17,912
265,17,428
266,17,127
267,17,364
268,17,363
269,17,371
270,17,390
271,17,596
272,17,622
273,17,254
274,17,463
275,17,214
276,17,402
277,17,678
278,17,311
279,17,760
280,17,951
281,17,166
282,17,216
283,17,869
284,17,803
285,17,524
286,17,936
287,17,696
288,17,840
289,17,786
290,17,723
291,17,202
292,17,632
293,17,241
294,17,506
295,17,664
296,17,399
297,17,567
298,17,117
299,17,15
300,17,297
301,17,367
302,17,41
303,17,724
304,17,284
305,17,684
306,17,715
307,17,261
308,17,343
309,17,229
310,17,788
311,17,559
312,17,315
313,17,598
314,17,708
315,17,589
316,17,119
317,17,368
318,17,532
319,17,722
320,17,714
321,17,505
322,17,492
323,17,497
324,17,8
325,17,134
326,17,334
327,17,660
328,17,335
329,17,487
330,17,426
331,17,510
332,17,1012
333,17,326
334,17,856
335,17,784
336,17,230
337,17,246
338,17,70
339,17,732
340,17,825
341,17,683
342,17,177
343,17,514
344,17,478
345,17,1004
346,17,477
347,17,692
348,17,736
349,17,942
350,17,239
351,17,508
352,17,952
353,17,626
354,17,475
355,17,423
356,17,540
357,17,538
358,17,356
359,17,499
360,17,109
361,17,562
362,17,907
363,17,656
364,17,471
365,17,983
366,17,430
367,17,466
368,17,821
369,17,513
370,17,208
371,17,922
372,17,295
373,17,624
374,17,44
375,17,826
376,17,749
377,17,406
378,17,755
379,17,325
380,17,630
381,17,710
382,17,968
383,17,648
384,17,645
385,17,176
386,17,605
387,17,533
388,17,892
389,17,358
390,17,308
391,17,659
392,17,517
393,17,725
394,17,728
395,17,350
396,17,171
397,17,652
398,17,691
399,17,331
0,18,778
1,18,373
2,18,528
3,18,432
4,18,722
5,18,954
6,18,1002
7,18,681
8,18,309
9,18,560
10,18,487
11,18,312
12,18,630
13,18,786
14,18,517
15,18,619
16,18,784
17,18,851
18,18,587
19,18,696
20,18,717
21,18,257
22,18,404
23,18,211
24,18,653
25,18,755
26,18,442
27,18,510
28,18,901
29,18,178
30,18,553
31,18,362
32,18,981
33,18,540
34,18,934
35,18,406
36,18,526
37,18,638
38,18,535
39,18,525
40,18,971
41,18,1014
42,18,664
43,18,142
44,18,231
45,18,622
46,18,564
47,18,441
48,18,721
49,18,767
50,18,306
51,18,371
52,18,557
53,18,520
54,18,943
55,18,883
56,18,688
57,18,266
58,18,241
59,18,569
60,18,463
61,18,377
62,18,645
63,18,720
64,18,775
65,18,779
66,18,431
67,18,747
68,18,461
69,18,748
70,18,505
71,18,423
72,18,617
73,18,531
74,18,35
75,18,409
76,18,616
77,18,179
78,18,782
79,18,562
80,18,508
81,18,584
82,18,402
83,18,614
84,18,506
85,18,753
86,18,574
87,18,310
88,18,946
89,18,809
90,18,554
91,18,588
92,18,598
93,18,346
94,18,811
95,18,887
96,18,249
97,18,882
98,18,783
99,18,618
100,18,906
101,18,648
102,18,627
103,18,589
104,18,689
105,18,615
106,18,137
107,18,272
108,18,489
109,18,594
110,18,601
111,18,486
112,18,379
113,18,819
114,18,466
115,18,450
116,18,36
117,18,366
118,18,321
119,18,529
120,18,907
121,18,501
122,18,583
123,18,780
124,18,136
125,18,336
126,18,208
127,18,227
128,18,714
129,18,210
130,18,302
131,18,985
132,18,84
133,18,550
134,18,651
135,18,203
136,18,942
137,18,682
138,18,109
139,18,719
140,18,147
141,18,790
142,18,575
143,18,114
144,18,173
145,18,791
146,18,745
147,18,242
148,18,149
149,18,140
150,18,765
151,18,552
152,18,534
153,18,444
154,18,334
155,18,246
156,18,225
157,18,758
158,18,754
159,18,597
160,18,331
161,18,504
162,18,438
163,18,130
164,18,465
165,18,135
166,18,308
167,18,777
168,18,493
169,18,749
170,18,430
171,18,536
172,18,467
173,18,199
174,18,710
175,18,751
176,18,37
177,18,842
178,18,878
179,18,206
180,18,1003
181,18,921
182,18,559
183,18,380
184,18,260
185,18,370
186,18,849
187,18,20
188,18,289
189,18,744
190,18,273
191,18,468
192,18,460
193,18,769
194,18,580
195,18,938
196,18,485
197,18,889
198,18,814
199,18,342
200,18,699
201,18,563
202,18,725
203,18,387
204,18,433
205,18,47
206,18,392
207,18,484
208,18,694
209,18,596
210,18,145
211,18,665
212,18,709
213,18,80
214,18,279
215,18,49
216,18,886
217,18,772
218,18,533
219,18,546
220,18,1012
221,18,139
222,18,220
223,18,555
224,18,435
225,18,197
226,18,600
227,18,986
228,18,419
229,18,454
230,18,347
231,18,27
232,18,353
233,18,374
234,18,695
235,18,219
236,18,662
237,18,51
238,18,514
239,18,400
240,18,280
241,18,558
242,18,690
243,18,757
244,18,502
245,18,581
246,18,624
247,18,426
248,18,174
249,18,286
250,18,301
251,18,982
252,18,23
253,18,76
254,18,52
255,18,386
256,18,48
257,18,823
258,18,5
259,18,972
260,18,34
261,18,626
262,18,762
263,18,183
264,18,880
265,18,428
266,18,127
267,18,332
268,18,363
269,18,403
270,18,422
271,18,595
272,18,590
273,18,255
274,18,462
275,18,214
276,18,401
277,18,677
278,18,343
279,18,792
280,18,919
281,18,165
282,18,216
283,18,869
284,18,771
285,18,556
286,18,935
287,18,697
288,18,841
289,18,785
290,18,691
291,18,202
292,18,631
293,18,209
294,18,538
295,18,632
296,18,398
297,18,567
298,18,116
299,18,16
300,18,329
301,18,399
302,18,41
303,18,692
304,18,316
305,18,652
306,18,715
307,18,293
308,18,344
309,18,261
310,18,788
311,18,527
312,18,315
313,18,566
314,18,740
315,18,621
316,18,119
317,18,367
318,18,532
319,18,723
320,18,746
321,18,537
322,18,524
323,18,496
324,18,8
325,18,133
326,18,335
327,18,628
328,18,303
329,18,519
330,18,394
331,18,478
332,18,1013
333,18,358
334,18,856
335,18,752
336,18,229
337,18,278
338,18,70
339,18,733
340,18,824
341,18,684
342,18,177
343,18,513
344,18,477
345,18,1005
346,18,509
347,18,693
348,18,737
349,18,974
350,18,240
351,18,507
352,18,984
353,18,625
354,18,474
355,18,424
356,18,541
357,18,539
358,18,388
359,18,499
360,18,108
361,18,561
362,18,939
363,18,656
364,18,503
365,18,951
366,18,429
367,18,434
368,18,820
369,18,481
370,18,207
371,18,922
372,18,263
373,18,623
374,18,45
375,18,826
376,18,750
377,18,405
378,18,787
379,18,357
380,18,629
381,18,678
382,18,936
383,18,649
384,18,646
385,18,176
386,18,604
387,18,565
388,18,892
389,18,390
390,18,340
391,18,660
392,18,518
393,18,724
394,18,760
395,18,318
396,18,171
397,18,620
398,18,659
399,18,330
0,19,779
1,19,373
2,19,496
3,19,432
4,19,690
5,19,954
6,19,1003
7,19,681
8,19,309
9,19,592
10,19,519
11,19,280
12,19,598
13,19,818
14,19,517
15,19,619
16,19,816
17,19,883
18,19,587
19,19,664
20,19,716
21,19,225
22,19,403
23,19,211
24,19,652
25,19,723
26,19,410
27,19,478
28,19,901
29,19,177
30,19,521
31,19,363
32,19,1013
33,19,508
34,19,902
35,19,374
36,19,527
37,19,606
38,19,567
39,19,557
40,19,970
41,19,982
42,19,665
43,19,141
44,19,199
45,19,622
46,19,596
47,19,440
48,19,689
49,19,767
50,19,338
51,19,371
52,19,589
53,19,520
54,19,942
55,19,882
56,19,720
57,19,266
58,19,242
59,19,601
60,19,463
61,19,409
62,19,677
63,19,752
64,19,775
65,19,747
66,19,431
67,19,715
68,19,429
69,19,748
70,19,537
71,19,423
72,19,585
73,19,532
74,19,36
75,19,441
76,19,648
77,19,178
78,19,781
79,19,563
80,19,509
81,19,616
82,19,401
83,19,646
84,19,474
85,19,721
86,19,575
87,19,310
88,19,945
89,19,777
90,19,586
91,19,556
92,19,597
93,19,346
94,19,812
95,19,887
96,19,250
97,19,881
98,19,815
99,19,618
100,19,907
101,19,647
102,19,626
103,19,621
104,19,688
105,19,614
106,19,138
107,19,273
108,19,457
109,19,562
110,19,600
111,19,485
112,19,347
113,19,851
114,19,434
115,19,450
116,19,37
117,19,366
118,19,289
119,19,561
120,19,908
121,19,501
122,19,615
123,19,780
124,19,137
125,19,304
126,19,207
127,19,259
128,19,682
129,19,209
130,19,334
131,19,985
132,19,85
133,19,549
134,19,651
135,19,171
136,19,941
137,19,650
138,19,108
139,19,687
140,19,147
141,19,822
142,19,607
143,19,114
144,19,173
145,19,791
146,19,746
147,19,210
148,19,150
149,19,139
150,19,797
151,19,552
152,19,533
153,19,444
154,19,333
155,19,214
156,19,193
157,19,790
158,19,722
159,19,629
160,19,299
161,19,505
162,19,406
163,19,98
164,19,465
165,19,134
166,19,276
167,19,776
168,19,525
169,19,749
170,19,462
171,19,504
172,19,466
173,19,167
174,19,711
175,19,783
176,19,38
177,19,843
178,19,878
179,19,205
180,19,1004
181,19,921
182,19,559
183,19,412
184,19,260
185,19,370
186,19,848
187,19,20
188,19,257
189,19,743
190,19,274
191,19,468
192,19,460
193,19,770
194,19,580
195,19,938
196,19,484
197,19,890
198,19,782
199,19,341
200,19,667
201,19,531
202,19,757
203,19,419
204,19,433
205,19,48
206,19,392
207,19,483
208,19,662
209,19,595
210,19,146
211,19,666
212,19,708
213,19,80
214,19,278
215,19,81
216,19,885
217,19,804
218,19,565
219,19,578
220,19,1012
221,19,107
222,19,188
223,19,555
224,19,467
225,19,229
226,19,599
227,19,987
228,19,418
229,19,486
230,19,315
231,19,27
232,19,321
233,19,342
234,19,696
235,19,219
236,19,663
237,19,52
238,19,546
239,19,399
240,19,279
241,19,526
242,19,691
243,19,758
244,19,502
245,19,613
246,19,656
247,19,394
248,19,175
249,19,285
250,19,302
251,19,981
252,19,24
253,19,77
254,19,84
255,19,387
256,19,49
257,19,823
258,19,5
259,19,971
260,19,34
261,19,625
262,19,763
263,19,184
264,19,880
265,19,396
266,19,127
267,19,332
268,19,331
269,19,435
270,19,421
271,19,594
272,19,558
273,19,223
274,19,461
275,19,213
276,19,400
277,19,709
278,19,375
279,19,793
280,19,951
281,19,197
282,19,216
283,19,869
284,19,739
285,19,524
286,19,934
287,19,697
288,19,842
289,19,784
290,19,692
291,19,202
292,19,630
293,19,208
294,19,539
295,19,631
296,19,430
297,19,568
298,19,148
299,19,16
300,19,361
301,19,398
302,19,41
303,19,660
304,19,348
305,19,620
306,19,683
307,19,292
308,19,345
309,19,293
310,19,787
311,19,528
312,19,316
313,19,534
314,19,772
315,19,653
316,19,119
317,19,367
318,19,564
319,19,724
320,19,778
321,19,569
322,19,523
323,19,464
324,19,8
325,19,165
326,19,336
327,19,627
328,19,303
329,19,551
330,19,362
331,19,477
332,19,1014
333,19,390
334,19,856
335,19,751
336,19,228
337,19,246
338,19,70
339,19,701
340,19,824
341,19,685
342,19,176
343,19,481
344,19,445
345,19,1005
346,19,541
347,19,694
348,19,737
349,19,1006
350,19,272
351,19,475
352,19,983
353,19,624
354,19,442
355,19,424
356,19,573
357,19,571
358,19,420
359,19,499
360,19,140
361,19,560
362,19,939
363,19,655
364,19,535
365,19,952
366,19,428
367,19,402
368,19,819
369,19,449
370,19,206
371,19,922
372,19,231
373,19,623
374,19,45
375,19,826
376,19,750
377,19,404
378,19,786
379,19,356
380,19,628
381,19,710
382,19,935
383,19,617
384,19,678
385,19,144
386,19,603
387,19,566
388,19,892
389,19,422
390,19,340
391,19,661
392,19,550
393,19,725
394,19,792
395,19,286
396,19,172
397,19,588
398,19,659
399,19,330
0,20,779
1,20,373
2,20,497
3,20,464
4,20,691
5,20,954
6,20,1004
7,20,682
8,20,308
9,20,592
10,20,520
11,20,279
12,20,597
13,20,786
14,20,549
15,20,619
16,20,816
17,20,915
18,20,586
19,20,632
20,20,716
21,20,193
22,20,402
23,20,211
24,20,684
25,20,724
26,20,378
27,20,478
28,20,900
29,20,178
30,20,489
31,20,362
32,20,981
33,20,507
34,20,901
35,20,342
36,20,526
37,20,574
38,20,566
39,20,589
40,20,969
41,20,983
42,20,665
43,20,109
44,20,167
45,20,621
46,20,595
47,20,408
48,20,690
49,20,767
50,20,338
51,20,339
52,20,590
53,20,521
54,20,941
55,20,914
56,20,721
57,20,266
58,20,274
59,20,600
60,20,462
61,20,441
62,20,709
63,20,784
64,20,807
65,20,746
66,20,463
67,20,747
68,20,430
69,20,749
70,20,569
71,20,423
72,20,585
73,20,531
74,20,37
75,20,473
76,20,680
77,20,210
78,20,780
79,20,564
80,20,510
81,20,648
82,20,433
83,20,614
84,20,442
85,20,722
86,20,607
87,20,310
88,20,944
89,20,745
90,20,618
91,20,524
92,20,596
93,20,347
94,20,813
95,20,887
96,20,251
97,20,882
98,20,815
99,20,617
100,20,908
101,20,646
102,20,625
103,20,620
104,20,689
105,20,613
106,20,137
107,20,241
108,20,458
109,20,561
110,20,568
111,20,486
112,20,315
113,20,852
114,20,435
115,20,450
116,20,38
117,20,334
118,20,257
119,20,560
120,20,909
121,20,533
122,20,647
123,20,748
124,20,105
125,20,336
126,20,206
127,20,291
128,20,683
129,20,208
130,20,333
131,20,985
132,20,84
133,20,550
134,20,651
135,20,172
136,20,940
137,20,650
138,20,107
139,20,655
140,20,146
141,20,823
142,20,639
143,20,114
144,20,173
145,20,791
146,20,778
147,20,242
148,20,151
149,20,138
150,20,829
151,20,552
152,20,534
153,20,445
154,20,301
155,20,214
156,20,161
157,20,822
158,20,723
159,20,628
160,20,267
161,20,506
162,20,374
163,20,98
164,20,465
165,20,102
166,20,277
167,20,775
168,20,557
169,20,717
170,20,494
171,20,505
172,20,434
173,20,166
174,20,710
175,20,782
176,20,39
177,20,844
178,20,878
179,20,204
180,20,972
181,20,921
182,20,559
183,20,444
184,20,260
185,20,371
186,20,880
187,20,19
188,20,256
189,20,743
190,20,306
191,20,468
192,20,428
193,20,802
194,20,580
195,20,938
196,20,485
197,20,922
198,20,750
199,20,309
200,20,635
201,20,563
202,20,758
203,20,418
204,20,432
205,20,49
206,20,392
207,20,484
208,20,663
209,20,594
210,20,145
211,20,667
212,20,707
213,20,112
214,20,246
215,20,80
216,20,884
217,20,803
218,20,565
219,20,610
220,20,1013
221,20,75
222,20,156
223,20,587
224,20,499
225,20,261
226,20,631
227,20,1019
228,20,417
229,20,487
230,20,283
231,20,27
232,20,320
233,20,343
234,20,728
235,20,219
236,20,664
237,20,20
238,20,578
239,20,367
240,20,278
241,20,525
242,20,659
243,20,790
244,20,501
245,20,645
246,20,688
247,20,394
248,20,175
249,20,286
250,20,302
251,20,949
252,20,56
253,20,45
254,20,116
255,20,355
256,20,50
257,20,824
258,20,5
259,20,970
260,20,34
261,20,624
262,20,763
263,20,185
264,20,881
265,20,396
266,20,127
267,20,332
268,20,299
269,20,467
270,20,453
271,20,562
272,20,558
273,20,223
274,20,460
275,20,213
276,20,399
277,20,708
278,20,407
279,20,794
280,20,951
281,20,229
282,20,216
283,20,869
284,20,739
285,20,492
286,20,933
287,20,697
288,20,842
289,20,783
290,20,693
291,20,202
292,20,629
293,20,176
294,20,540
295,20,630
296,20,431
297,20,567
298,20,147
299,20,48
300,20,393
301,20,398
302,20,41
303,20,661
304,20,380
305,20,588
306,20,715
307,20,292
308,20,346
309,20,325
310,20,755
311,20,527
312,20,316
313,20,502
314,20,804
315,20,685
316,20,119
317,20,366
318,20,532
319,20,725
320,20,810
321,20,601
322,20,555
323,20,496
324,20,8
325,20,197
326,20,335
327,20,626
328,20,303
329,20,583
330,20,330
331,20,477
332,20,982
333,20,422
334,20,856
335,20,719
336,20,228
337,20,245
338,20,70
339,20,701
340,20,825
341,20,686
342,20,177
343,20,481
344,20,413
345,20,1005
346,20,573
347,20,695
348,20,737
349,20,1007
350,20,304
351,20,474
352,20,984
353,20,623
354,20,443
355,20,424
356,20,605
357,20,603
358,20,421
359,20,498
360,20,139
361,20,528
362,20,971
363,20,656
364,20,535
365,20,953
366,20,429
367,20,370
368,20,818
369,20,449
370,20,205
371,20,923
372,20,199
373,20,622
374,20,13
375,20,826
376,20,751
377,20,403
378,20,754
379,20,388
380,20,627
381,20,678
382,20,934
383,20,649
384,20,679
385,20,144
386,20,602
387,20,598
388,20,892
389,20,454
390,20,341
391,20,662
392,20,551
393,20,757
394,20,793
395,20,318
396,20,140
397,20,556
398,20,660
399,20,331
0,21,780
1,21,374
2,21,498
3,21,463
4,21,692
5,21,955
6,21,1005
7,21,683
8,21,309
9,21,592
10,21,552
11,21,278
12,21,565
13,21,787
14,21,581
15,21,618
16,21,815
17,21,914
18,21,585
19,21,600
20,21,715
21,21,161
22,21,401
23,21,210
24,21,716
25,21,725
26,21,379
27,21,477
28,21,868
29,21,179
30,21,490
31,21,394
32,21,980
33,21,475
34,21,900
35,21,343
36,21,527
37,21,574
38,21,567
39,21,621
40,21,968
41,21,984
42,21,665
43,21,108
44,21,135
45,21,620
46,21,627
47,21,376
48,21,691
49,21,767
50,21,339
51,21,371
52,21,590
53,21,520
54,21,940
55,21,946
56,21,722
57,21,234
58,21,306
59,21,599
60,21,494
61,21,473
62,21,741
63,21,816
64,21,806
65,21,714
66,21,462
67,21,779
68,21,431
69,21,749
70,21,601
71,21,422
72,21,617
73,21,563
74,21,38
75,21,505
76,21,648
77,21,209
78,21,781
79,21,564
80,21,542
81,21,616
82,21,432
83,21,613
84,21,410
85,21,690
86,21,639
87,21,310
88,21,943
89,21,746
90,21,650
91,21,492
92,21,597
93,21,315
94,21,814
95,21,887
96,21,252
97,21,883
98,21,783
99,21,649
100,21,909
101,21,614
102,21,625
103,21,652
104,21,721
105,21,645
106,21,105
107,21,240
108,21,459
109,21,529
110,21,536
111,21,485
112,21,316
113,21,820
114,21,434
115,21,482
116,21,39
117,21,302
118,21,225
119,21,561
120,21,941
121,21,534
122,21,679
123,21,748
124,21,73
125,21,368
126,21,205
127,21,290
128,21,684
129,21,207
130,21,334
131,21,985
132,21,52
133,21,518
134,21,651
135,21,140
136,21,939
137,21,682
138,21,106
139,21,655
140,21,178
141,21,822
142,21,638
143,21,114
144,21,173
145,21,792
146,21,810
147,21,242
148,21,183
149,21,137
150,21,861
151,21,551
152,21,502
153,21,413
154,21,269
155,21,213
156,21,129
157,21,854
158,21,724
159,21,596
160,21,266
161,21,474
162,21,342
163,21,98
164,21,465
165,21,101
166,21,276
167,21,807
168,21,589
169,21,717
170,21,493
171,21,506
172,21,433
173,21,165
174,21,709
175,21,750
176,21,40
177,21,812
178,21,878
179,21,203
180,21,971
181,21,921
182,21,560
183,21,476
184,21,228
185,21,403
186,21,879
187,21,20
188,21,256
189,21,743
190,21,307
191,21,467
192,21,396
193,21,834
194,21,580
195,21,938
196,21,517
197,21,923
198,21,751
199,21,277
200,21,603
201,21,595
202,21,790
203,21,450
204,21,400
205,21,50
206,21,424
207,21,484
208,21,664
209,21,594
210,21,145
211,21,667
212,21,739
213,21,80
214,21,214
215,21,48
216,21,916
217,21,771
218,21,566
219,21,609
220,21,981
221,21,76
222,21,156
223,21,619
224,21,531
225,21,260
226,21,630
227,21,1020
228,21,385
229,21,519
230,21,251
231,21,27
232,21,288
233,21,311
234,21,760
235,21,219
236,21,632
237,21,21
238,21,610
239,21,367
240,21,246
241,21,526
242,21,660
243,21,791
244,21,533
245,21,677
246,21,656
247,21,393
248,21,174
249,21,318
250,21,303
251,21,949
252,21,88
253,21,13
254,21,148
255,21,323
256,21,51
257,21,823
258,21,5
259,21,969
260,21,34
261,21,623
262,21,763
263,21,186
264,21,882
265,21,364
266,21,127
267,21,333
268,21,267
269,21,435
270,21,453
271,21,562
272,21,559
273,21,223
274,21,428
275,21,245
276,21,398
277,21,707
278,21,439
279,21,795
280,21,951
281,21,261
282,21,216
283,21,869
284,21,738
285,21,460
286,21,932
287,21,697
288,21,843
289,21,782
290,21,693
291,21,202
292,21,628
293,21,175
294,21,541
295,21,629
296,21,399
297,21,535
298,21,146
299,21,49
300,21,392
301,21,430
302,21,41
303,21,662
304,21,412
305,21,556
306,21,747
307,21,291
308,21,378
309,21,357
310,21,723
311,21,528
312,21,284
313,21,501
314,21,805
315,21,685
316,21,119
317,21,366
318,21,532
319,21,757
320,21,842
321,21,633
322,21,554
323,21,464
324,21,8
325,21,197
326,21,336
327,21,658
328,21,304
329,21,615
330,21,329
331,21,445
332,21,983
333,21,454
334,21,856
335,21,687
336,21,229
337,21,244
338,21,70
339,21,701
340,21,824
341,21,686
342,21,177
343,21,449
344,21,381
345,21,1006
346,21,605
347,21,696
348,21,737
349,21,1008
350,21,305
351,21,442
352,21,952
353,21,622
354,21,443
355,21,423
356,21,637
357,21,604
358,21,421
359,21,499
360,21,138
361,21,496
362,21,1003
363,21,624
364,21,503
365,21,954
366,21,461
367,21,338
368,21,817
369,21,417
370,21,204
371,21,891
372,21,167
373,21,654
374,21,12
375,21,826
376,21,719
377,21,402
378,21,786
379,21,420
380,21,626
381,21,646
382,21,902
383,21,681
384,21,680
385,21,176
386,21,570
387,21,598
388,21,892
389,21,486
390,21,341
391,21,663
392,21,583
393,21,758
394,21,794
395,21,319
396,21,139
397,21,555
398,21,661
399,21,332
0,22,748
1,22,374
2,22,466
3,22,464
4,22,693
5,22,923
6,22,1006
7,22,683
8,22,310
9,22,624
10,22,552
11,22,277
12,22,533
13,22,786
14,22,613
15,22,618
16,22,816
17,22,946
18,22,553
19,22,568
20,22,715
21,22,129
22,22,400
23,22,209
24,22,716
25,22,757
26,22,347
27,22,445
28,22,869
29,22,211
30,22,458
31,22,426
32,22,1012
33,22,474
34,22,868
35,22,311
36,22,528
37,22,573
38,22,566
39,22,653
40,22,967
41,22,952
42,22,665
43,22,107
44,22,134
45,22,652
46,22,659
47,22,344
48,22,692
49,22,767
50,22,371
51,22,403
52,22,589
53,22,519
54,22,972
55,22,945
56,22,690
57,22,234
58,22,307
59,22,631
60,22,526
61,22,505
62,22,740
63,22,848
64,22,838
65,22,713
66,22,494
67,22,778
68,22,463
69,22,750
70,22,601
71,22,390
72,22,616
73,22,562
74,22,39
75,22,506
76,22,649
77,22,208
78,22,780
79,22,596
80,22,574
81,22,648
82,22,431
83,22,612
84,22,378
85,22,691
86,22,638
87,22,278
88,22,942
89,22,746
90,22,650
91,22,460
92,22,597
93,22,316
94,22,815
95,22,887
96,22,252
97,22,915
98,22,783
99,22,617
100,22,910
101,22,646
102,22,657
103,22,684
104,22,722
105,22,677
106,22,137
107,22,239
108,22,459
109,22,497
110,22,504
111,22,484
112,22,317
113,22,821
114,22,434
115,22,483
116,22,40
117,22,301
118,22,193
119,22,529
120,22,909
121,22,502
122,22,680
123,22,747
124,22,105
125,22,367
126,22,173
127,22,322
128,22,685
129,22,206
130,22,334
131,22,985
132,22,20
133,22,517
134,22,651
135,22,108
136,22,907
137,22,714
138,22,106
139,22,654
140,22,179
141,22,823
142,22,606
143,22,114
144,22,141
145,22,824
146,22,810
147,22,242
148,22,184
149,22,136
150,22,893
151,22,550
152,22,501
153,22,381
154,22,237
155,22,245
156,22,97
157,22,886
158,22,724
159,22,595
160,22,265
161,22,473
162,22,342
163,22,98
164,22,433
165,22,100
166,22,276
167,22,806
168,22,588
169,22,749
170,22,492
171,22,507
172,22,432
173,22,165
174,22,708
175,22,751
176,22,41
177,22,813
178,22,877
179,22,235
180,22,1003
181,22,921
182,22,592
183,22,508
184,22,229
185,22,435
186,22,878
187,22,19
188,22,224
189,22,743
190,22,308
191,22,499
192,22,364
193,22,835
194,22,580
195,22,938
196,22,549
197,22,924
198,22,752
199,22,309
200,22,571
201,22,627
202,22,822
203,22,482
204,22,368
205,22,51
206,22,423
207,22,516
208,22,632
209,22,594
210,22,146
211,22,667
212,22,738
213,22,48
214,22,213
215,22,47
216,22,916
217,22,772
218,22,565
219,22,641
220,22,982
221,22,77
222,22,156
223,22,619
224,22,563
225,22,259
226,22,598
227,22,1020
228,22,353
229,22,551
230,22,251
231,22,27
232,22,256
233,22,279
234,22,760
235,22,219
236,22,600
237,22,22
238,22,642
239,22,366
240,22,214
241,22,527
242,22,661
243,22,792
244,22,532
245,22,709
246,22,655
247,22,393
248,22,142
249,22,286
250,22,303
251,22,981
252,22,120
253,22,14
254,22,148
255,22,291
256,22,52
257,22,791
258,22,5
259,22,968
260,22,34
261,22,623
262,22,763
263,22,187
264,22,883
265,22,363
266,22,127
267,22,333
268,22,266
269,22,467
270,22,454
271,22,561
272,22,559
273,22,223
274,22,429
275,22,246
276,22,430
277,22,675
278,22,471
279,22,796
280,22,919
281,22,293
282,22,216
283,22,901
284,22,706
285,22,428
286,22,931
287,22,698
288,22,811
289,22,781
290,22,725
291,22,202
292,22,628
293,22,174
294,22,541
295,22,630
296,22,399
297,22,534
298,22,178
299,22,50
300,22,424
301,22,462
302,22,73
303,22,662
304,22,444
305,22,524
306,22,779
307,22,290
308,22,379
309,22,356
310,22,723
311,22,560
312,22,283
313,22,469
314,22,837
315,22,717
316,22,119
317,22,398
318,22,564
319,22,758
320,22,843
321,22,633
322,22,586
323,22,465
324,22,8
325,22,197
326,22,304
327,22,658
328,22,272
329,22,647
330,22,297
331,22,413
332,22,984
333,22,486
334,22,856
335,22,688
336,22,230
337,22,243
338,22,70
339,22,701
340,22,825
341,22,687
342,22,177
343,22,417
344,22,349
345,22,974
346,22,637
347,22,697
348,22,737
349,22,976
350,22,306
351,22,441
352,22,951
353,22,621
354,22,442
355,22,422
356,22,669
357,22,605
358,22,453
359,22,531
360,22,138
361,22,496
362,22,1004
363,22,625
364,22,535
365,22,955
366,22,493
367,22,339
368,22,785
369,22,385
370,22,172
371,22,890
372,22,168
373,22,622
374,22,44
375,22,826
376,22,719
377,22,401
378,22,818
379,22,421
380,22,626
381,22,645
382,22,870
383,22,682
384,22,681
385,22,176
386,22,569
387,22,599
388,22,892
389,22,518
390,22,341
391,22,664
392,22,615
393,22,790
394,22,795
395,22,318
396,22,139
397,22,523
398,22,629
399,22,332
0,23,716
1,23,374
2,23,467
3,23,463
4,23,661
5,23,955
6,23,1007
7,23,684
8,23,311
9,23,656
10,23,553
11,23,245
12,23,534
13,23,786
14,23,645
15,23,650
16,23,784
17,23,945
18,23,521
19,23,536
20,23,714
21,23,97
22,23,399
23,23,208
24,23,715
25,23,725
26,23,315
27,23,413
28,23,901
29,23,210
30,23,458
31,23,426
32,23,1013
33,23,473
34,23,836
35,23,279
36,23,496
37,23,574
38,23,598
39,23,685
40,23,966
41,23,920
42,23,664
43,23,108
44,23,133
45,23,651
46,23,691
47,23,312
48,23,660
49,23,767
50,23,403
51,23,435
52,23,589
53,23,487
54,23,971
55,23,944
56,23,690
57,23,266
58,23,308
59,23,599
60,23,558
61,23,506
62,23,772
63,23,847
64,23,839
65,23,713
66,23,493
67,23,778
68,23,462
69,23,751
70,23,600
71,23,358
72,23,615
73,23,594
74,23,40
75,23,474
76,23,617
77,23,207
78,23,779
79,23,595
80,23,606
81,23,680
82,23,430
83,23,580
84,23,346
85,23,692
86,23,637
87,23,278
88,23,941
89,23,747
90,23,649
91,23,428
92,23,596
93,23,284
94,23,816
95,23,855
96,23,252
97,23,883
98,23,783
99,23,616
100,23,911
101,23,678
102,23,657
103,23,652
104,23,723
105,23,677
106,23,138
107,23,238
108,23,459
109,23,529
110,23,472
111,23,483
112,23,285
113,23,821
114,23,434
115,23,451
116,23,41
117,23,269
118,23,194
119,23,561
120,23,908
121,23,501
122,23,681
123,23,748
124,23,137
125,23,335
126,23,172
127,23,354
128,23,686
129,23,205
130,23,366
131,23,985
132,23,19
133,23,516
134,23,619
135,23,109
136,23,906
137,23,746
138,23,105
139,23,653
140,23,147
141,23,822
142,23,607
143,23,114
144,23,141
145,23,792
146,23,810
147,23,242
148,23,185
149,23,104
150,23,892
151,23,550
152,23,533
153,23,349
154,23,236
155,23,246
156,23,65
157,23,887
158,23,724
159,23,627
160,23,233
161,23,505
162,23,310
163,23,98
164,23,433
165,23,68
166,23,276
167,23,838
168,23,620
169,23,750
170,23,460
171,23,475
172,23,432
173,23,165
174,23,707
175,23,752
176,23,42
177,23,814
178,23,845
179,23,234
180,23,1003
181,23,921
182,23,592
183,23,540
184,23,261
185,23,436
186,23,877
187,23,51
188,23,256
189,23,743
190,23,309
191,23,498
192,23,332
193,23,867
194,23,581
195,23,938
196,23,517
197,23,925
198,23,720
199,23,277
200,23,539
201,23,659
202,23,854
203,23,514
204,23,336
205,23,52
206,23,422
207,23,484
208,23,631
209,23,626
210,23,146
211,23,667
212,23,770
213,23,47
214,23,212
215,23,46
216,23,916
217,23,804
218,23,566
219,23,673
220,23,983
221,23,77
222,23,156
223,23,618
224,23,563
225,23,291
226,23,597
227,23,1020
228,23,321
229,23,583
230,23,251
231,23,27
232,23,257
233,23,280
234,23,760
235,23,220
236,23,568
237,23,23
238,23,674
239,23,367
240,23,213
241,23,526
242,23,629
243,23,793
244,23,532
245,23,708
246,23,654
247,23,393
248,23,174
249,23,287
250,23,304
251,23,982
252,23,121
253,23,15
254,23,148
255,23,292
256,23,20
257,23,823
258,23,5
259,23,967
260,23,34
261,23,623
262,23,763
263,23,219
264,23,884
265,23,364
266,23,127
267,23,334
268,23,267
269,23,499
270,23,486
271,23,562
272,23,560
273,23,223
274,23,461
275,23,214
276,23,429
277,23,643
278,23,471
279,23,797
280,23,919
281,23,294
282,23,216
283,23,900
284,23,706
285,23,396
286,23,930
287,23,697
288,23,843
289,23,780
290,23,693
291,23,202
292,23,628
293,23,173
294,23,541
295,23,662
296,23,431
297,23,535
298,23,177
299,23,50
300,23,423
301,23,494
302,23,73
303,23,663
304,23,476
305,23,492
306,23,811
307,23,322
308,23,379
309,23,388
310,23,755
311,23,528
312,23,283
313,23,437
314,23,837
315,23,749
316,23,119
317,23,398
318,23,564
319,23,757
320,23,875
321,23,632
322,23,585
323,23,497
324,23,8
325,23,197
326,23,305
327,23,658
328,23,240
329,23,648
330,23,265
331,23,381
332,23,952
333,23,518
334,23,856
335,23,689
336,23,229
337,23,211
338,23,70
339,23,700
340,23,824
341,23,688
342,23,209
343,23,385
344,23,317
345,23,1006
346,23,669
347,23,665
348,23,737
349,23,976
350,23,307
351,23,440
352,23,951
353,23,621
354,23,442
355,23,454
356,23,701
357,23,605
358,23,485
359,23,531
360,23,139
361,23,464
362,23,1005
363,23,624
364,23,503
365,23,956
366,23,525
367,23,340
368,23,785
369,23,353
370,23,140
371,23,922
372,23,136
373,23,622
374,23,45
375,23,826
376,23,719
377,23,400
378,23,817
379,23,453
380,23,625
381,23,646
382,23,869
383,23,683
384,23,682
385,23,176
386,23,569
387,23,567
388,23,891
389,23,519
390,23,342
391,23,696
392,23,647
393,23,790
394,23,827
395,23,286
396,23,107
397,23,523
398,23,630
399,23,333
0,24,716
1,24,342
2,24,468
3,24,464
4,24,662
5,24,954
6,24,1008
7,24,685
8,24,311
9,24,624
10,24,554
11,24,244
12,24,535
13,24,786
14,24,646
15,24,618
16,24,816
17,24,944
18,24,520
19,24,504
20,24,713
21,24,65
22,24,367
23,24,207
24,24,714
25,24,693
26,24,283
27,24,381
28,24,933
29,24,209
30,24,458
31,24,426
32,24,1013
33,24,472
34,24,835
35,24,278
36,24,497
37,24,542
38,24,599
39,24,717
40,24,965
41,24,888
42,24,665
43,24,107
44,24,132
45,24,650
46,24,723
47,24,280
48,24,660
49,24,767
50,24,402
51,24,467
52,24,589
53,24,519
54,24,970
55,24,943
56,24,722
57,24,265
58,24,309
59,24,600
60,24,590
61,24,507
62,24,804
63,24,847
64,24,807
65,24,745
66,24,492
67,24,810
68,24,463
69,24,752
70,24,601
71,24,326
72,24,616
73,24,626
74,24,41
75,24,506
76,24,585
77,24,239
78,24,778
79,24,627
80,24,638
81,24,712
82,24,429
83,24,548
84,24,347
85,24,692
86,24,669
87,24,246
88,24,940
89,24,748
90,24,681
91,24,396
92,24,595
93,24,316
94,24,817
95,24,887
96,24,284
97,24,883
98,24,783
99,24,617
100,24,912
101,24,677
102,24,656
103,24,684
104,24,724
105,24,645
106,24,170
107,24,238
108,24,459
109,24,561
110,24,440
111,24,482
112,24,253
113,24,821
114,24,434
115,24,450
116,24,42
117,24,237
118,24,162
119,24,562
120,24,907
121,24,533
122,24,682
123,24,780
124,24,138
125,24,335
126,24,171
127,24,386
128,24,654
129,24,204
130,24,398
131,24,985
132,24,19
133,24,516
134,24,587
135,24,110
136,24,905
137,24,746
138,24,104
139,24,621
140,24,148
141,24,790
142,24,607
143,24,114
144,24,173
145,24,824
146,24,811
147,24,242
148,24,186
149,24,103
150,24,924
151,24,549
152,24,534
153,24,350
154,24,236
155,24,214
156,24,33
157,24,919
158,24,725
159,24,659
160,24,201
161,24,505
162,24,310
163,24,98
164,24,433
165,24,36
166,24,277
167,24,838
168,24,652
169,24,751
170,24,461
171,24,474
172,24,431
173,24,165
174,24,706
175,24,753
176,24,43
177,24,782
178,24,813
179,24,266
180,24,1003
181,24,921
182,24,560
183,24,541
184,24,261
185,24,435
186,24,845
187,24,52
188,24,256
189,24,743
190,24,341
191,24,499
192,24,333
193,24,868
194,24,580
195,24,938
196,24,518
197,24,925
198,24,688
199,24,245
200,24,538
201,24,691
202,24,886
203,24,546
204,24,304
205,24,20
206,24,454
207,24,484
208,24,632
209,24,658
210,24,147
211,24,667
212,24,802
213,24,46
214,24,211
215,24,45
216,24,916
217,24,803
218,24,566
219,24,705
220,24,951
221,24,76
222,24,156
223,24,619
224,24,563
225,24,323
226,24,596
227,24,1020
228,24,320
229,24,615
230,24,252
231,24,27
232,24,225
233,24,279
234,24,792
235,24,221
236,24,536
237,24,55
238,24,673
239,24,366
240,24,212
241,24,494
242,24,597
243,24,794
244,24,564
245,24,740
246,24,653
247,24,393
248,24,175
249,24,319
250,24,305
251,24,982
252,24,153
253,24,16
254,24,116
255,24,260
256,24,21
257,24,822
258,24,5
259,24,966
260,24,34
261,24,623
262,24,763
263,24,220
264,24,885
265,24,332
266,24,127
267,24,302
268,24,235
269,24,531
270,24,487
271,24,594
272,24,528
273,24,223
274,24,462
275,24,213
276,24,428
277,24,642
278,24,471
279,24,797
280,24,920
281,24,294
282,24,216
283,24,901
284,24,674
285,24,364
286,24,930
287,24,697
288,24,842
289,24,779
290,24,661
291,24,202
292,24,628
293,24,172
294,24,573
295,24,630
296,24,430
297,24,567
298,24,177
299,24,51
300,24,422
301,24,493
302,24,73
303,24,663
304,24,477
305,24,460
306,24,812
307,24,354
308,24,379
309,24,420
310,24,755
311,24,527
312,24,251
313,24,405
314,24,837
315,24,781
316,24,119
317,24,399
318,24,565
319,24,757
320,24,876
321,24,664
322,24,584
323,24,498
324,24,8
325,24,197
326,24,306
327,24,690
328,24,240
329,24,680
330,24,233
331,24,349
332,24,953
333,24,550
334,24,856
335,24,657
336,24,228
337,24,210
338,24,70
339,24,700
340,24,823
341,24,689
342,24,241
343,24,353
344,24,285
345,24,1007
346,24,701
347,24,633
348,24,737
349,24,976
350,24,308
351,24,408
352,24,952
353,24,620
354,24,442
355,24,486
356,24,733
357,24,637
358,24,517
359,24,532
360,24,139
361,24,465
362,24,1006
363,24,592
364,24,503
365,24,957
366,24,557
367,24,340
368,24,784
369,24,321
370,24,108
371,24,922
372,24,137
373,24,622
374,24,77
375,24,826
376,24,719
377,24,432
378,24,849
379,24,485
380,24,625
381,24,614
382,24,869
383,24,651
384,24,683
385,24,208
386,24,569
387,24,568
388,24,892
389,24,551
390,24,343
391,24,728
392,24,648
393,24,791
394,24,828
395,24,286
396,24,75
397,24,523
398,24,598
399,24,334
0,25,715
1,25,342
2,25,469
3,25,463
4,25,663
5,25,986
6,25,1009
7,25,686
8,25,312
9,25,592
10,25,554
11,25,243
12,25,536
13,25,786
14,25,678
15,25,650
16,25,816
17,25,976
18,25,520
19,25,472
20,25,745
21,25,64
22,25,366
23,25,206
24,25,714
25,25,694
26,25,315
27,25,349
28,25,933
29,25,208
30,25,458
31,25,426
32,25,1013
33,25,440
34,25,803
35,25,246
36,25,465
37,25,510
38,25,598
39,25,717
40,25,997
41,25,889
42,25,665
43,25,106
44,25,100
45,25,682
46,25,722
47,25,279
48,25,661
49,25,767
50,25,434
51,25,499
52,25,588
53,25,487
54,25,969
55,25,942
56,25,754
57,25,233
58,25,310
59,25,599
60,25,590
61,25,508
62,25,805
63,25,847
64,25,775
65,25,744
66,25,491
67,25,842
68,25,462
69,25,784
70,25,600
71,25,327
72,25,648
73,25,658
74,25,42
75,25,505
76,25,617
77,25,239
78,25,777
79,25,626
80,25,637
81,25,713
82,25,428
83,25,516
84,25,347
85,25,692
86,25,701
87,25,214
88,25,972
89,25,748
90,25,681
91,25,364
92,25,627
93,25,284
94,25,818
95,25,855
96,25,285
97,25,883
98,25,751
99,25,618
100,25,913
101,25,709
102,25,624
103,25,716
104,25,725
105,25,646
106,25,138
107,25,238
108,25,459
109,25,561
110,25,408
111,25,481
112,25,221
113,25,820
114,25,466
115,25,450
116,25,43
117,25,205
118,25,163
119,25,562
120,25,906
121,25,533
122,25,683
123,25,780
124,25,139
125,25,335
126,25,170
127,25,418
128,25,622
129,25,236
130,25,398
131,25,985
132,25,51
133,25,515
134,25,555
135,25,110
136,25,873
137,25,746
138,25,136
139,25,589
140,25,149
141,25,758
142,25,607
143,25,114
144,25,173
145,25,823
146,25,812
147,25,242
148,25,187
149,25,102
150,25,956
151,25,550
152,25,502
153,25,351
154,25,237
155,25,213
156,25,1
157,25,951
158,25,693
159,25,691
160,25,200
161,25,504
162,25,311
163,25,98
164,25,433
165,25,35
166,25,309
167,25,838
168,25,684
169,25,752
170,25,461
171,25,473
172,25,430
173,25,165
174,25,706
175,25,785
176,25,44
177,25,750
178,25,845
179,25,265
180,25,1003
181,25,921
182,25,559
183,25,573
184,25,261
185,25,467
186,25,844
187,25,20
188,25,256
189,25,743
190,25,373
191,25,498
192,25,301
193,25,869
194,25,580
195,25,938
196,25,519
197,25,893
198,25,656
199,25,277
200,25,506
201,25,723
202,25,887
203,25,578
204,25,272
205,25,21
206,25,453
207,25,485
208,25,631
209,25,690
210,25,148
211,25,667
212,25,801
213,25,45
214,25,179
215,25,77
216,25,916
217,25,804
218,25,534
219,25,737
220,25,952
221,25,76
222,25,156
223,25,587
224,25,595
225,25,355
226,25,628
227,25,1020
228,25,288
229,25,647
230,25,251
231,25,27
232,25,193
233,25,278
234,25,793
235,25,220
236,25,537
237,25,56
238,25,705
239,25,334
240,25,211
241,25,526
242,25,565
243,25,794
244,25,532
245,25,772
246,25,685
247,25,393
248,25,175
249,25,318
250,25,306
251,25,982
252,25,185
253,25,48
254,25,116
255,25,228
256,25,22
257,25,821
258,25,5
259,25,965
260,25,34
261,25,623
262,25,763
263,25,252
264,25,886
265,25,333
266,25,127
267,25,303
268,25,203
269,25,563
270,25,486
271,25,594
272,25,496
273,25,223
274,25,494
275,25,245
276,25,396
277,25,610
278,25,503
279,25,797
280,25,919
281,25,294
282,25,216
283,25,901
284,25,642
285,25,332
286,25,930
287,25,697
288,25,843
289,25,778
290,25,629
291,25,202
292,25,660
293,25,140
294,25,605
295,25,630
296,25,429
297,25,567
298,25,177
299,25,52
300,25,422
301,25,492
302,25,41
303,25,664
304,25,478
305,25,460
306,25,813
307,25,386
308,25,379
309,25,420
310,25,755
311,25,527
312,25,283
313,25,404
314,25,837
315,25,781
316,25,119
317,25,399
318,25,564
319,25,757
320,25,908
321,25,632
322,25,616
323,25,497
324,25,8
325,25,197
326,25,307
327,25,689
328,25,240
329,25,712
330,25,234
331,25,317
332,25,954
333,25,551
334,25,824
335,25,657
336,25,229
337,25,209
338,25,70
339,25,700
340,25,822
341,25,688
342,25,273
343,25,321
344,25,253
345,25,1008
346,25,733
347,25,601
348,25,738
349,25,977
350,25,340
351,25,376
352,25,984
353,25,619
354,25,442
355,25,454
356,25,765
357,25,669
358,25,518
359,25,531
360,25,107
361,25,464
362,25,1007
363,25,560
364,25,535
365,25,925
366,25,556
367,25,341
368,25,783
369,25,320
370,25,108
371,25,922
372,25,105
373,25,621
374,25,78
375,25,826
376,25,719
377,25,431
378,25,849
379,25,517
380,25,625
381,25,613
382,25,870
383,25,652
384,25,651
385,25,176
386,25,569
387,25,568
388,25,892
389,25,583
390,25,343
391,25,760
392,25,680
393,25,790
394,25,829
395,25,286
396,25,75
397,25,523
398,25,566
399,25,302
0,26,716
1,26,310
2,26,470
3,26,462
4,26,664
5,26,954
6,26,1009
7,26,654
8,26,312
9,26,560
10,26,554
11,26,242
12,26,537
13,26,787
14,26,679
15,26,682
16,26,784
17,26,1008
18,26,521
19,26,440
20,26,713
21,26,32
22,26,366
23,26,205
24,26,746
25,26,694
26,26,283
27,26,317
28,26,934
29,26,176
30,26,459
31,26,458
32,26,1013
33,26,408
34,26,771
35,26,245
36,26,466
37,26,509
38,26,597
39,26,749
40,26,997
41,26,857
42,26,633
43,26,105
44,26,68
45,26,681
46,26,754
47,26,278
48,26,662
49,26,767
50,26,433
51,26,467
52,26,588
53,26,519
54,26,968
55,26,974
56,26,755
57,26,265
58,26,311
59,26,598
60,26,589
61,26,476
62,26,837
63,26,847
64,26,775
65,26,745
66,26,490
67,26,874
68,26,430
69,26,783
70,26,599
71,26,328
72,26,649
73,26,690
74,26,74
75,26,506
76,26,616
77,26,238
78,26,776
79,26,658
80,26,669
81,26,714
82,26,396
83,26,484
84,26,315
85,26,692
86,26,733
87,26,215
88,26,971
89,26,748
90,26,680
91,26,332
92,26,626
93,26,252
94,26,819
95,26,855
96,26,253
97,26,883
98,26,752
99,26,617
100,26,881
101,26,708
102,26,592
103,26,684
104,26,725
105,26,614
106,26,137
107,26,237
108,26,460
109,26,562
110,26,376
111,26,449
112,26,189
113,26,852
114,26,434
115,26,451
116,26,42
117,26,173
118,26,131
119,26,563
120,26,905
121,26,532
122,26,715
123,26,780
124,26,140
125,26,334
126,26,138
127,26,450
128,26,590
129,26,235
130,26,399
131,26,985
132,26,50
133,26,516
134,26,587
135,26,78
136,26,841
137,26,778
138,26,168
139,26,557
140,26,150
141,26,758
142,26,607
143,26,114
144,26,172
145,26,791
146,26,813
147,26,210
148,26,188
149,26,101
150,26,956
151,26,550
152,26,502
153,26,319
154,26,236
155,26,214
156,26,2
157,26,952
158,26,693
159,26,691
160,26,200
161,26,504
162,26,279
163,26,98
164,26,401
165,26,35
166,26,277
167,26,838
168,26,683
169,26,753
170,26,461
171,26,473
172,26,398
173,26,165
174,26,738
175,26,786
176,26,12
177,26,751
178,26,877
179,26,264
180,26,1003
181,26,921
182,26,558
183,26,605
184,26,261
185,26,468
186,26,843
187,26,19
188,26,224
189,26,743
190,26,405
191,26,498
192,26,269
193,26,901
194,26,580
195,26,938
196,26,520
197,26,892
198,26,624
199,26,276
200,26,474
201,26,724
202,26,919
203,26,610
204,26,240
205,26,22
206,26,485
207,26,517
208,26,631
209,26,722
210,26,149
211,26,667
212,26,800
213,26,45
214,26,179
215,26,76
216,26,916
217,26,805
218,26,535
219,26,736
220,26,953
221,26,75
222,26,156
223,26,619
224,26,627
225,26,354
226,26,660
227,26,1020
228,26,256
229,26,647
230,26,251
231,26,27
232,26,161
233,26,246
234,26,825
235,26,219
236,26,505
237,26,88
238,26,737
239,26,333
240,26,211
241,26,494
242,26,533
243,26,794
244,26,531
245,26,804
246,26,717
247,26,393
248,26,175
249,26,318
250,26,307
251,26,982
252,26,186
253,26,49
254,26,148
255,26,227
256,26,23
257,26,820
258,26,5
259,26,965
260,26,34
261,26,622
262,26,763
263,26,220
264,26,887
265,26,301
266,26,127
267,26,335
268,26,171
269,26,595
270,26,487
271,26,594
272,26,497
273,26,223
274,26,493
275,26,213
276,26,364
277,26,609
278,26,503
279,26,797
280,26,951
281,26,294
282,26,216
283,26,933
284,26,642
285,26,331
286,26,930
287,26,697
288,26,842
289,26,777
290,26,629
291,26,170
292,26,659
293,26,141
294,26,637
295,26,630
296,26,429
297,26,566
298,26,209
299,26,20
300,26,454
301,26,491
302,26,41
303,26,665
304,26,479
305,26,428
306,26,814
307,26,386
308,26,379
309,26,420
310,26,723
311,26,527
312,26,284
313,26,403
314,26,836
315,26,781
316,26,119
317,26,431
318,26,596
319,26,757
320,26,909
321,26,632
322,26,648
323,26,529
324,26,8
325,26,197
326,26,308
327,26,657
328,26,239
329,26,744
330,26,202
331,26,285
332,26,955
333,26,583
334,26,824
335,26,656
336,26,228
337,26,208
338,26,70
339,26,700
340,26,821
341,26,689
342,26,305
343,26,289
344,26,221
345,26,1007
346,26,765
347,26,602
348,26,739
349,26,976
350,26,341
351,26,344
352,26,983
353,26,618
354,26,442
355,26,486
356,26,766
357,26,701
358,26,518
359,26,499
360,26,106
361,26,464
362,26,1006
363,26,528
364,26,567
365,26,893
366,26,555
367,26,309
368,26,782
369,26,288
370,26,107
371,26,922
372,26,73
373,26,620
374,26,77
375,26,826
376,26,719
377,26,463
378,26,849
379,26,549
380,26,625
381,26,612
382,26,869
383,26,653
384,26,650
385,26,177
386,26,568
387,26,600
388,26,891
389,26,615
390,26,343
391,26,792
392,26,712
393,26,822
394,26,830
395,26,286
396,26,43
397,26,523
398,26,534
399,26,303
0,27,684
1,27,278
2,27,438
3,27,494
4,27,632
5,27,954
6,27,1009
7,27,655
8,27,311
9,27,528
10,27,555
11,27,241
12,27,505
13,27,755
14,27,680
15,27,681
16,27,784
17,27,976
18,27,489
19,27,408
20,27,714
21,27,0
22,27,367
23,27,204
24,27,747
25,27,695
26,27,251
27,27,318
28,27,902
29,27,144
30,27,460
31,27,459
32,27,1013
33,27,376
34,27,739
35,27,213
36,27,467
37,27,477
38,27,629
39,27,749
40,27,998
41,27,825
42,27,665
43,27,104
44,27,67
45,27,713
46,27,786
47,27,246
48,27,663
49,27,735
50,27,432
51,27,499
52,27,556
53,27,487
54,27,967
55,27,973
56,27,723
57,27,266
58,27,310
59,27,597
60,27,588
61,27,476
62,27,836
63,27,847
64,27,743
65,27,745
66,27,522
67,27,875
68,27,429
69,27,782
70,27,598
71,27,329
72,27,648
73,27,722
74,27,42
75,27,538
76,27,584
77,27,237
78,27,775
79,27,690
80,27,701
81,27,746
82,27,364
83,27,483
84,27,283
85,27,693
86,27,765
87,27,183
88,27,970
89,27,748
90,27,712
91,27,331
92,27,626
93,27,220
94,27,851
95,27,887
96,27,253
97,27,883
98,27,720
99,27,649
100,27,882
101,27,707
102,27,560
103,27,652
104,27,725
105,27,614
106,27,136
107,27,269
108,27,428
109,27,594
110,27,344
111,27,449
112,27,157
113,27,884
114,27,434
115,27,450
116,27,43
117,27,141
118,27,132
119,27,563
120,27,904
121,27,564
122,27,716
123,27,780
124,27,139
125,27,302
126,27,137
127,27,482
128,27,558
129,27,234
130,27,398
131,27,985
132,27,51
133,27,515
134,27,619
135,27,46
136,27,809
137,27,810
138,27,167
139,27,525
140,27,151
141,27,758
142,27,607
143,27,114
144,27,173
145,27,790
146,27,814
147,27,242
148,27,188
149,27,100
150,27,957
151,27,550
152,27,502
153,27,319
154,27,236
155,27,215
156,27,3
157,27,952
158,27,694
159,27,691
160,27,168
161,27,504
162,27,279
163,27,98
164,27,433
165,27,35
166,27,245
167,27,838
168,27,715
169,27,721
170,27,493
171,27,473
172,27,366
173,27,165
174,27,770
175,27,787
176,27,13
177,27,752
178,27,878
179,27,263
180,27,1003
181,27,921
182,27,557
183,27,637
184,27,261
185,27,468
186,27,843
187,27,20
188,27,224
189,27,742
190,27,437
191,27,497
192,27,301
193,27,933
194,27,548
195,27,938
196,27,521
197,27,924
198,27,592
199,27,308
200,27,442
201,27,692
202,27,951
203,27,642
204,27,208
205,27,54
206,27,517
207,27,516
208,27,631
209,27,754
210,27,150
211,27,667
212,27,832
213,27,77
214,27,179
215,27,75
216,27,916
217,27,806
218,27,567
219,27,768
220,27,953
221,27,74
222,27,156
223,27,651
224,27,628
225,27,386
226,27,659
227,27,1020
228,27,257
229,27,679
230,27,252
231,27,27
232,27,129
233,27,214
234,27,826
235,27,218
236,27,506
237,27,120
238,27,736
239,27,332
240,27,210
241,27,526
242,27,534
243,27,794
244,27,532
245,27,805
246,27,717
247,27,393
248,27,176
249,27,350
250,27,339
251,27,981
252,27,187
253,27,50
254,27,148
255,27,195
256,27,55
257,27,852
258,27,5
259,27,997
260,27,34
261,27,621
262,27,763
263,27,219
264,27,888
265,27,333
266,27,127
267,27,334
268,27,171
269,27,627
270,27,486
271,27,595
272,27,465
273,27,223
274,27,492
275,27,212
276,27,363
277,27,610
278,27,503
279,27,798
280,27,983
281,27,294
282,27,216
283,27,965
284,27,674
285,27,299
286,27,930
287,27,697
288,27,842
289,27,777
290,27,630
291,27,138
292,27,658
293,27,140
294,27,638
295,27,662
296,27,461
297,27,566
298,27,209
299,27,21
300,27,454
301,27,523
302,27,41
303,27,664
304,27,511
305,27,396
306,27,815
307,27,385
308,27,379
309,27,420
310,27,724
311,27,527
312,27,316
313,27,402
314,27,868
315,27,813
316,27,119
317,27,430
318,27,596
319,27,757
320,27,910
321,27,633
322,27,647
323,27,529
324,27,8
325,27,197
326,27,309
327,27,657
328,27,238
329,27,776
330,27,170
331,27,285
332,27,956
333,27,615
334,27,792
335,27,624
336,27,228
337,27,207
338,27,70
339,27,700
340,27,820
341,27,689
342,27,305
343,27,288
344,27,189
345,27,1008
346,27,797
347,27,570
348,27,738
349,27,944
350,27,342
351,27,312
352,27,982
353,27,617
354,27,410
355,27,518
356,27,767
357,27,733
358,27,519
359,27,531
360,27,105
361,27,463
362,27,1007
363,27,496
364,27,599
365,27,893
366,27,587
367,27,277
368,27,781
369,27,256
370,27,106
371,27,922
372,27,73
373,27,620
374,27,76
375,27,827
376,27,751
377,27,462
378,27,849
379,27,581
380,27,625
381,27,580
382,27,869
383,27,654
384,27,682
385,27,177
386,27,568
387,27,600
388,27,892
389,27,616
390,27,343
391,27,793
392,27,744
393,27,821
394,27,862
395,27,286
396,27,11
397,27,524
398,27,535
399,27,304
0,28,652
1,28,246
2,28,406
3,28,493
4,28,600
5,28,954
6,28,1009
7,28,656
8,28,310
9,28,496
10,28,556
11,28,240
12,28,506
13,28,787
14,28,681
15,28,682
16,28,784
17,28,977
18,28,521
19,28,408
20,28,713
21,28,0
22,28,366
23,28,203
24,28,715
25,28,663
26,28,219
27,28,286
28,28,901
29,28,112
30,28,428
31,28,459
32,28,1013
33,28,376
34,28,707
35,28,181
36,28,468
37,28,445
38,28,628
39,28,717
40,28,998
41,28,793
42,28,665
43,28,103
44,28,67
45,28,712
46,28,818
47,28,245
48,28,664
49,28,767
50,28,431
51,28,531
52,28,557
53,28,487
54,28,935
55,28,972
56,28,724
57,28,265
58,28,342
59,28,596
60,28,588
61,28,476
62,28,868
63,28,847
64,28,742
65,28,745
66,28,554
67,28,876
68,28,429
69,28,781
70,28,597
71,28,361
72,28,649
73,28,754
74,28,43
75,28,538
76,28,584
77,28,236
78,28,743
79,28,722
80,28,733
81,28,747
82,28,332
83,28,451
84,28,283
85,28,694
86,28,797
87,28,184
88,28,969
89,28,748
90,28,711
91,28,299
92,28,658
93,28,252
94,28,883
95,28,887
96,28,253
97,28,882
98,28,688
99,28,617
100,28,914
101,28,706
102,28,528
103,28,620
104,28,693
105,28,614
106,28,135
107,28,237
108,28,396
109,28,562
110,28,312
111,28,449
112,28,156
113,28,885
114,28,434
115,28,450
116,28,44
117,28,109
118,28,100
119,28,564
120,28,903
121,28,532
122,28,684
123,28,780
124,28,140
125,28,302
126,28,105
127,28,483
128,28,559
129,28,266
130,28,430
131,28,985
132,28,19
133,28,516
134,28,587
135,28,47
136,28,777
137,28,842
138,28,166
139,28,526
140,28,183
141,28,758
142,28,607
143,28,114
144,28,173
145,28,790
146,28,815
147,28,242
148,28,189
149,28,99
150,28,956
151,28,550
152,28,534
153,28,319
154,28,204
155,28,214
156,28,4
157,28,952
158,28,695
159,28,723
160,28,136
161,28,504
162,28,279
163,28,98
164,28,433
165,28,35
166,28,277
167,28,838
168,28,714
169,28,689
170,28,461
171,28,473
172,28,334
173,28,165
174,28,802
175,28,819
176,28,14
177,28,720
178,28,878
179,28,295
180,28,1003
181,28,921
182,28,589
183,28,669
184,28,261
185,28,469
186,28,811
187,28,20
188,28,225
189,28,710
190,28,437
191,28,529
192,28,269
193,28,965
194,28,580
195,28,938
196,28,522
197,28,925
198,28,560
199,28,308
200,28,410
201,28,692
202,28,983
203,28,641
204,28,176
205,28,86
206,28,549
207,28,484
208,28,632
209,28,786
210,28,151
211,28,667
212,28,864
213,28,76
214,28,179
215,28,107
216,28,916
217,28,805
218,28,568
219,28,800
220,28,953
221,28,75
222,28,155
223,28,651
224,28,627
225,28,418
226,28,691
227,28,1020
228,28,257
229,28,680
230,28,251
231,28,27
232,28,97
233,28,213
234,28,825
235,28,218
236,28,474
237,28,121
238,28,768
239,28,331
240,28,209
241,28,558
242,28,535
243,28,762
244,28,533
245,28,837
246,28,716
247,28,393
248,28,144
249,28,318
250,28,340
251,28,949
252,28,188
253,28,51
254,28,148
255,28,163
256,28,87
257,28,884
258,28,5
259,28,996
260,28,34
261,28,621
262,28,763
263,28,220
264,28,889
265,28,301
266,28,127
267,28,333
268,28,139
269,28,626
270,28,454
271,28,594
272,28,466
273,28,223
274,28,491
275,28,212
276,28,363
277,28,578
278,28,503
279,28,798
280,28,984
281,28,294
282,28,216
283,28,997
284,28,642
285,28,267
286,28,930
287,28,697
288,28,843
289,28,776
290,28,629
291,28,137
292,28,657
293,28,172
294,28,606
295,28,630
296,28,460
297,28,567
298,28,241
299,28,22
300,28,453
301,28,555
302,28,41
303,28,696
304,28,511
305,28,364
306,28,816
307,28,386
308,28,379
309,28,420
310,28,725
311,28,527
312,28,315
313,28,401
314,28,869
315,28,813
316,28,119
317,28,462
318,28,595
319,28,757
320,28,911
321,28,633
322,28,646
323,28,561
324,28,8
325,28,197
326,28,309
327,28,625
328,28,238
329,28,808
330,28,138
331,28,285
332,28,924
333,28,647
334,28,792
335,28,592
336,28,228
337,28,206
338,28,70
339,28,701
340,28,852
341,28,690
342,28,273
343,28,256
344,28,157
345,28,976
346,28,796
347,28,571
348,28,737
349,28,944
350,28,343
351,28,311
352,28,981
353,28,616
354,28,409
355,28,517
356,28,799
357,28,734
358,28,520
359,28,563
360,28,104
361,28,463
362,28,1008
363,28,464
364,28,631
365,28,893
366,28,586
367,28,278
368,28,749
369,28,224
370,28,106
371,28,922
372,28,74
373,28,619
374,28,108
375,28,826
376,28,751
377,28,494
378,28,849
379,28,613
380,28,624
381,28,579
382,28,870
383,28,655
384,28,683
385,28,177
386,28,569
387,28,599
388,28,892
389,28,648
390,28,344
391,28,794
392,28,744
393,28,820
394,28,862
395,28,287
396,28,11
397,28,523
398,28,536
399,28,305
0,29,651
1,29,245
2,29,374
3,29,525
4,29,568
5,29,954
6,29,977
7,29,657
8,29,309
9,29,464
10,29,557
11,29,239
12,29,474
13,29,787
14,29,682
15,29,650
16,29,784
17,29,976
18,29,520
19,29,376
20,29,712
21,29,0
22,29,398
23,29,202
24,29,714
25,29,662
26,29,187
27,29,287
28,29,901
29,29,80
30,29,396
31,29,491
32,29,1013
33,29,344
34,29,675
35,29,149
36,29,469
37,29,413
38,29,627
39,29,717
40,29,998
41,29,794
42,29,633
43,29,103
44,29,67
45,29,711
46,29,850
47,29,213
48,29,665
49,29,767
50,29,430
51,29,532
52,29,589
53,29,487
54,29,934
55,29,971
56,29,725
57,29,297
58,29,310
59,29,595
60,29,587
61,29,476
62,29,900
63,29,847
64,29,741
65,29,745
66,29,553
67,29,877
68,29,428
69,29,781
70,29,596
71,29,362
72,29,649
73,29,786
74,29,44
75,29,506
76,29,616
77,29,236
78,29,742
79,29,754
80,29,765
81,29,748
82,29,332
83,29,419
84,29,283
85,29,695
86,29,829
87,29,185
88,29,968
89,29,716
90,29,743
91,29,267
92,29,658
93,29,253
94,29,884
95,29,887
96,29,254
97,29,883
98,29,688
99,29,617
100,29,882
101,29,738
102,29,527
103,29,652
104,29,694
105,29,614
106,29,135
107,29,205
108,29,364
109,29,594
110,29,311
111,29,449
112,29,124
113,29,886
114,29,434
115,29,451
116,29,45
117,29,108
118,29,101
119,29,564
120,29,902
121,29,533
122,29,685
123,29,780
124,29,141
125,29,334
126,29,104
127,29,515
128,29,560
129,29,265
130,29,429
131,29,985
132,29,51
133,29,517
134,29,619
135,29,47
136,29,776
137,29,874
138,29,165
139,29,494
140,29,184
141,29,758
142,29,607
143,29,114
144,29,173
145,29,790
146,29,816
147,29,242
148,29,190
149,29,98
150,29,955
151,29,550
152,29,534
153,29,319
154,29,172
155,29,246
156,29,5
157,29,952
158,29,696
159,29,722
160,29,168
161,29,504
162,29,278
163,29,97
164,29,433
165,29,35
166,29,276
167,29,838
168,29,713
169,29,690
170,29,460
171,29,473
172,29,333
173,29,197
174,29,834
175,29,851
176,29,15
177,29,721
178,29,878
179,29,327
180,29,1003
181,29,921
182,29,621
183,29,701
184,29,261
185,29,501
186,29,843
187,29,20
188,29,257
189,29,710
190,29,437
191,29,529
192,29,237
193,29,966
194,29,580
195,29,938
196,29,490
197,29,957
198,29,528
199,29,340
200,29,378
201,29,724
202,29,982
203,29,673
204,29,144
205,29,118
206,29,581
207,29,485
208,29,600
209,29,818
210,29,183
211,29,667
212,29,896
213,29,75
214,29,179
215,29,106
216,29,915
217,29,804
218,29,567
219,29,832
220,29,953
221,29,43
222,29,155
223,29,683
224,29,659
225,29,450
226,29,723
227,29,1020
228,29,256
229,29,680
230,29,251
231,29,27
232,29,65
233,29,214
234,29,857
235,29,219
236,29,442
237,29,122
238,29,800
239,29,330
240,29,208
241,29,558
242,29,536
243,29,762
244,29,565
245,29,869
246,29,715
247,29,393
248,29,112
249,29,318
250,29,341
251,29,981
252,29,220
253,29,52
254,29,148
255,29,162
256,29,119
257,29,916
258,29,6
259,29,997
260,29,34
261,29,620
262,29,763
263,29,252
264,29,890
265,29,302
266,29,127
267,29,301
268,29,107
269,29,625
270,29,422
271,29,626
272,29,467
273,29,223
274,29,523
275,29,212
276,29,331
277,29,546
278,29,503
279,29,797
280,29,983
281,29,294
282,29,216
283,29,965
284,29,610
285,29,235
286,29,930
287,29,697
288,29,842
289,29,775
290,29,597
291,29,138
292,29,689
293,29,140
294,29,574
295,29,630
296,29,459
297,29,535
298,29,241
299,29,23
300,29,454
301,29,554
302,29,41
303,29,664
304,29,511
305,29,363
306,29,817
307,29,386
308,29,379
309,29,420
310,29,693
311,29,526
312,29,315
313,29,400
314,29,868
315,29,813
316,29,120
317,29,461
318,29,563
319,29,757
320,29,912
321,29,632
322,29,645
323,29,561
324,29,8
325,29,229
326,29,308
327,29,624
328,29,238
329,29,840
330,29,139
331,29,285
332,29,925
333,29,679
334,29,792
335,29,592
336,29,228
337,29,206
338,29,70
339,29,700
340,29,852
341,29,691
342,29,305
343,29,224
344,29,156
345,29,1008
346,29,828
347,29,539
348,29,737
349,29,944
350,29,375
351,29,279
352,29,980
353,29,615
354,29,410
355,29,549
356,29,798
357,29,766
358,29,552
359,29,531
360,29,136
361,29,462
362,29,1009
363,29,432
364,29,663
365,29,893
366,29,585
367,29,277
368,29,749
369,29,225
370,29,105
371,29,922
372,29,74
373,29,618
374,29,76
375,29,826
376,29,751
377,29,493
378,29,849
379,29,613
380,29,623
381,29,547
382,29,870
383,29,656
384,29,684
385,29,209
386,29,569
387,29,631
388,29,892
389,29,648
390,29,343
391,29,795
392,29,744
393,29,819
394,29,862
395,29,255
396,29,11
397,29,555
398,29,537
399,29,306
0,30,652
1,30,213
2,30,342
3,30,557
4,30,536
5,30,954
6,30,976
7,30,658
8,30,310
9,30,464
10,30,589
11,30,238
12,30,442
13,30,787
14,30,683
15,30,618
16,30,784
17,30,1008
18,30,520
19,30,344
20,30,711
21,30,0
22,30,430
23,30,201
24,30,714
25,30,630
26,30,219
27,30,287
28,30,900
29,30,80
30,30,428
31,30,491
32,30,1013
33,30,312
34,30,643
35,30,149
36,30,470
37,30,381
38,30,626
39,30,685
40,30,997
41,30,762
42,30,632
43,30,102
44,30,67
45,30,710
46,30,849
47,30,212
48,30,633
49,30,767
50,30,462
51,30,564
52,30,621
53,30,487
54,30,934
55,30,1003
56,30,693
57,30,298
58,30,311
59,30,594
60,30,587
61,30,476
62,30,932
63,30,847
64,30,709
65,30,713
66,30,585
67,30,877
68,30,429
69,30,781
70,30,595
71,30,363
72,30,650
73,30,818
74,30,45
75,30,506
76,30,616
77,30,235
78,30,741
79,30,786
80,30,797
81,30,749
82,30,332
83,30,387
84,30,283
85,30,696
86,30,861
87,30,186
88,30,967
89,30,748
90,30,744
91,30,266
92,30,690
93,30,221
94,30,885
95,30,887
96,30,253
97,30,915
98,30,720
99,30,649
100,30,883
101,30,770
102,30,559
103,30,684
104,30,694
105,30,613
106,30,167
107,30,204
108,30,364
109,30,562
110,30,279
111,30,449
112,30,92
113,30,854
114,30,434
115,30,450
116,30,46
117,30,76
118,30,101
119,30,565
120,30,901
121,30,532
122,30,686
123,30,780
124,30,142
125,30,335
126,30,103
127,30,516
128,30,561
129,30,264
130,30,461
131,30,985
132,30,50
133,30,518
134,30,651
135,30,48
136,30,775
137,30,875
138,30,197
139,30,494
140,30,185
141,30,757
142,30,607
143,30,114
144,30,173
145,30,758
146,30,817
147,30,242
148,30,190
149,30,97
150,30,955
151,30,550
152,30,534
153,30,319
154,30,172
155,30,245
156,30,37
157,30,952
158,30,697
159,30,754
160,30,136
161,30,505
162,30,246
163,30,96
164,30,433
165,30,35
166,30,276
167,30,806
168,30,712
169,30,689
170,30,459
171,30,473
172,30,333
173,30,229
174,30,866
175,30,852
176,30,47
177,30,721
178,30,878
179,30,326
180,30,1002
181,30,921
182,30,653
183,30,733
184,30,261
185,30,501
186,30,843
187,30,21
188,30,256
189,30,742
190,30,437
191,30,528
192,30,236
193,30,998
194,30,612
195,30,938
196,30,490
197,30,957
198,30,496
199,30,341
200,30,346
201,30,723
202,30,981
203,30,705
204,30,112
205,30,119
206,30,580
207,30,486
208,30,568
209,30,850
210,30,184
211,30,667
212,30,928
213,30,107
214,30,179
215,30,105
216,30,916
217,30,772
218,30,566
219,30,864
220,30,953
221,30,44
222,30,187
223,30,715
224,30,691
225,30,482
226,30,722
227,30,1020
228,30,224
229,30,648
230,30,251
231,30,27
232,30,33
233,30,215
234,30,857
235,30,218
236,30,410
237,30,123
238,30,832
239,30,329
240,30,207
241,30,526
242,30,504
243,30,730
244,30,533
245,30,870
246,30,747
247,30,393
248,30,113
249,30,318
250,30,373
251,30,949
252,30,252
253,30,20
254,30,148
255,30,161
256,30,120
257,30,948
258,30,5
259,30,965
260,30,34
261,30,619
262,30,763
263,30,284
264,30,858
265,30,334
266,30,127
267,30,269
268,30,106
269,30,624
270,30,390
271,30,625
272,30,468
273,30,223
274,30,555
275,30,211
276,30,299
277,30,545
278,30,503
279,30,829
280,30,951
281,30,294
282,30,216
283,30,933
284,30,578
285,30,203
286,30,930
287,30,665
288,30,842
289,30,743
290,30,597
291,30,170
292,30,688
293,30,108
294,30,542
295,30,598
296,30,458
297,30,535
298,30,273
299,30,55
300,30,454
301,30,553
302,30,41
303,30,664
304,30,511
305,30,331
306,30,785
307,30,386
308,30,379
309,30,420
310,30,661
311,30,527
312,30,315
313,30,399
314,30,869
315,30,813
316,30,121
317,30,460
318,30,563
319,30,725
320,30,880
321,30,631
322,30,677
323,30,529
324,30,8
325,30,230
326,30,309
327,30,656
328,30,237
329,30,872
330,30,140
331,30,285
332,30,893
333,30,680
334,30,792
335,30,560
336,30,228
337,30,205
338,30,70
339,30,701
340,30,884
341,30,692
342,30,304
343,30,225
344,30,155
345,30,1007
346,30,827
347,30,507
348,30,737
349,30,944
350,30,407
351,30,278
352,30,979
353,30,614
354,30,378
355,30,581
356,30,830
357,30,798
358,30,552
359,30,499
360,30,135
361,30,463
362,30,1010
363,30,400
364,30,695
365,30,894
366,30,617
367,30,277
368,30,717
369,30,226
370,30,104
371,30,922
372,30,74
373,30,586
374,30,77
375,30,826
376,30,751
377,30,492
378,30,881
379,30,645
380,30,623
381,30,515
382,30,838
383,30,657
384,30,716
385,30,241
386,30,569
387,30,663
388,30,892
389,30,647
390,30,343
391,30,796
392,30,776
393,30,851
394,30,862
395,30,254
396,30,43
397,30,554
398,30,538
399,30,307
0,31,620
1,31,181
2,31,343
3,31,556
4,31,537
5,31,954
6,31,1008
7,31,659
8,31,342
9,31,463
10,31,557
11,31,237
12,31,410
13,31,786
14,31,684
15,31,650
16,31,784
17,31,1009
18,31,520
19,31,312
20,31,710
21,31,0
22,31,429
23,31,200
24,31,714
25,31,598
26,31,187
27,31,287
28,31,868
29,31,112
30,31,428
31,31,523
32,31,1013
33,31,311
34,31,643
35,31,149
36,31,471
37,31,380
38,31,658
39,31,717
40,31,997
41,31,730
42,31,633
43,31,101
44,31,67
45,31,709
46,31,848
47,31,211
48,31,601
49,31,767
50,31,494
51,31,596
52,31,653
53,31,487
54,31,934
55,31,1002
56,31,661
57,31,298
58,31,279
59,31,562
60,31,586
61,31,476
62,31,933
63,31,847
64,31,741
65,31,713
66,31,617
67,31,877
68,31,461
69,31,749
70,31,594
71,31,363
72,31,649
73,31,850
74,31,44
75,31,507
76,31,615
77,31,234
78,31,740
79,31,785
80,31,829
81,31,750
82,31,331
83,31,355
84,31,283
85,31,664
86,31,893
87,31,186
88,31,966
89,31,748
90,31,776
91,31,266
92,31,722
93,31,220
94,31,886
95,31,887
96,31,252
97,31,883
98,31,688
99,31,648
100,31,884
101,31,770
102,31,559
103,31,652
104,31,694
105,31,612
106,31,135
107,31,236
108,31,332
109,31,563
110,31,278
111,31,449
112,31,60
113,31,822
114,31,434
115,31,450
116,31,47
117,31,77
118,31,69
119,31,566
120,31,900
121,31,531
122,31,687
123,31,780
124,31,174
125,31,334
126,31,102
127,31,516
128,31,561
129,31,264
130,31,493
131,31,985
132,31,49
133,31,518
134,31,619
135,31,80
136,31,743
137,31,907
138,31,229
139,31,526
140,31,217
141,31,757
142,31,607
143,31,114
144,31,173
145,31,758
146,31,818
147,31,242
148,31,190
149,31,98
150,31,955
151,31,550
152,31,534
153,31,319
154,31,140
155,31,277
156,31,38
157,31,952
158,31,665
159,31,753
160,31,136
161,31,504
162,31,245
163,31,97
164,31,433
165,31,3
166,31,276
167,31,838
168,31,712
169,31,690
170,31,459
171,31,473
172,31,333
173,31,261
174,31,865
175,31,820
176,31,48
177,31,689
178,31,878
179,31,326
180,31,1001
181,31,921
182,31,685
183,31,765
184,31,293
185,31,533
186,31,843
187,31,22
188,31,256
189,31,742
190,31,437
191,31,529
192,31,235
193,31,999
194,31,580
195,31,938
196,31,490
197,31,957
198,31,464
199,31,341
200,31,346
201,31,755
202,31,980
203,31,737
204,31,144
205,31,120
206,31,581
207,31,454
208,31,569
209,31,882
210,31,185
211,31,667
212,31,960
213,31,106
214,31,147
215,31,104
216,31,915
217,31,772
218,31,567
219,31,896
220,31,953
221,31,76
222,31,155
223,31,747
224,31,723
225,31,514
226,31,754
227,31,1020
228,31,225
229,31,680
230,31,251
231,31,27
232,31,34
233,31,183
234,31,857
235,31,219
236,31,378
237,31,124
238,31,864
239,31,361
240,31,206
241,31,527
242,31,472
243,31,731
244,31,532
245,31,902
246,31,746
247,31,393
248,31,113
249,31,318
250,31,373
251,31,981
252,31,284
253,31,21
254,31,148
255,31,160
256,31,121
257,31,947
258,31,5
259,31,965
260,31,35
261,31,618
262,31,763
263,31,316
264,31,859
265,31,366
266,31,127
267,31,269
268,31,74
269,31,592
270,31,390
271,31,624
272,31,469
273,31,223
274,31,554
275,31,179
276,31,267
277,31,545
278,31,503
279,31,830
280,31,951
281,31,294
282,31,216
283,31,901
284,31,546
285,31,203
286,31,930
287,31,666
288,31,842
289,31,711
290,31,565
291,31,202
292,31,656
293,31,108
294,31,541
295,31,599
296,31,426
297,31,535
298,31,305
299,31,56
300,31,453
301,31,552
302,31,41
303,31,663
304,31,511
305,31,299
306,31,817
307,31,386
308,31,379
309,31,420
310,31,660
311,31,528
312,31,315
313,31,367
314,31,869
315,31,813
316,31,153
317,31,460
318,31,564
319,31,725
320,31,881
321,31,632
322,31,677
323,31,497
324,31,8
325,31,230
326,31,310
327,31,655
328,31,205
329,31,873
330,31,141
331,31,285
332,31,894
333,31,681
334,31,792
335,31,560
336,31,228
337,31,204
338,31,70
339,31,701
340,31,916
341,31,693
342,31,336
343,31,193
344,31,154
345,31,1006
346,31,826
347,31,475
348,31,738
349,31,976
350,31,439
351,31,246
352,31,978
353,31,613
354,31,377
355,31,549
356,31,862
357,31,799
358,31,584
359,31,499
360,31,134
361,31,462
362,31,1011
363,31,368
364,31,727
365,31,895
366,31,616
367,31,309
368,31,716
369,31,194
370,31,103
371,31,922
372,31,75
373,31,585
374,31,45
375,31,794
376,31,751
377,31,491
378,31,849
379,31,645
380,31,623
381,31,483
382,31,837
383,31,657
384,31,715
385,31,273
386,31,570
387,31,695
388,31,892
389,31,679
390,31,344
391,31,797
392,31,808
393,31,851
394,31,861
395,31,286
396,31,43
397,31,522
398,31,506
399,31,308
0,32,588
1,32,149
2,32,344
3,32,555
4,32,505
5,32,954
6,32,1007
7,32,660
8,32,343
9,32,464
10,32,557
11,32,205
12,32,378
13,32,785
14,32,685
15,32,651
16,32,752
17,32,1008
18,32,520
19,32,313
20,32,710
21,32,0
22,32,461
23,32,199
24,32,714
25,32,598
26,32,155
27,32,287
28,32,869
29,32,144
30,32,429
31,32,524
32,32,1013
33,32,279
34,32,643
35,32,117
36,32,472
37,32,380
38,32,690
39,32,716
40,32,997
41,32,731
42,32,665
43,32,101
44,32,99
45,32,741
46,32,880
47,32,210
48,32,569
49,32,767
50,32,493
51,32,628
52,32,653
53,32,487
54,32,933
55,32,970
56,32,629
57,32,298
58,32,280
59,32,561
60,32,586
61,32,476
62,32,932
63,32,847
64,32,742
65,32,681
66,32,585
67,32,877
68,32,462
69,32,781
70,32,626
71,32,363
72,32,617
73,32,849
74,32,12
75,32,506
76,32,616
77,32,235
78,32,708
79,32,784
80,32,861
81,32,751
82,32,330
83,32,323
84,32,283
85,32,632
86,32,925
87,32,186
88,32,966
89,32,749
90,32,808
91,32,234
92,32,754
93,32,220
94,32,887
95,32,855
96,32,252
97,32,884
98,32,656
99,32,649
100,32,885
101,32,770
102,32,559
103,32,652
104,32,695
105,32,580
106,32,136
107,32,237
108,32,333
109,32,562
110,32,246
111,32,449
112,32,60
113,32,790
114,32,434
115,32,450
116,32,48
117,32,76
118,32,69
119,32,567
120,32,868
121,32,499
122,32,688
123,32,780
124,32,175
125,32,302
126,32,70
127,32,516
128,32,529
129,32,264
130,32,525
131,32,985
132,32,49
133,32,518
134,32,619
135,32,112
136,32,711
137,32,908
138,32,261
139,32,494
140,32,218
141,32,725
142,32,607
143,32,114
144,32,173
145,32,757
146,32,819
147,32,242
148,32,190
149,32,97
150,32,955
151,32,550
152,32,566
153,32,319
154,32,108
155,32,309
156,32,39
157,32,952
158,32,666
159,32,753
160,32,104
161,32,504
162,32,213
163,32,129
164,32,433
165,32,3
166,32,277
167,32,838
168,32,713
169,32,691
170,32,460
171,32,473
172,32,334
173,32,260
174,32,865
175,32,821
176,32,80
177,32,657
178,32,878
179,32,326
180,32,1002
181,32,921
182,32,717
183,32,797
184,32,293
185,32,534
186,32,843
187,32,54
188,32,256
189,32,743
190,32,437
191,32,528
192,32,236
193,32,1000
194,32,579
195,32,938
196,32,490
197,32,957
198,32,465
199,32,341
200,32,346
201,32,787
202,32,980
203,32,769
204,32,176
205,32,121
206,32,613
207,32,422
208,32,570
209,32,914
210,32,217
211,32,667
212,32,960
213,32,105
214,32,179
215,32,103
216,32,883
217,32,772
218,32,535
219,32,928
220,32,953
221,32,44
222,32,123
223,32,748
224,32,755
225,32,546
226,32,786
227,32,1020
228,32,226
229,32,712
230,32,251
231,32,27
232,32,35
233,32,184
234,32,857
235,32,219
236,32,379
237,32,156
238,32,896
239,32,393
240,32,206
241,32,526
242,32,440
243,32,763
244,32,532
245,32,903
246,32,745
247,32,394
248,32,113
249,32,318
250,32,373
251,32,982
252,32,316
253,32,22
254,32,148
255,32,160
256,32,153
257,32,946
258,32,5
259,32,965
260,32,67
261,32,650
262,32,795
263,32,348
264,32,827
265,32,398
266,32,127
267,32,269
268,32,73
269,32,592
270,32,390
271,32,623
272,32,470
273,32,223
274,32,553
275,32,211
276,32,266
277,32,513
278,32,502
279,32,798
280,32,951
281,32,294
282,32,216
283,32,901
284,32,545
285,32,171
286,32,930
287,32,698
288,32,842
289,32,679
290,32,533
291,32,202
292,32,624
293,32,107
294,32,541
295,32,599
296,32,426
297,32,503
298,32,306
299,32,88
300,32,454
301,32,551
302,32,41
303,32,662
304,32,511
305,32,267
306,32,818
307,32,386
308,32,347
309,32,420
310,32,692
311,32,527
312,32,315
313,32,366
314,32,837
315,32,813
316,32,154
317,32,428
318,32,596
319,32,693
320,32,882
321,32,631
322,32,709
323,32,496
324,32,8
325,32,229
326,32,311
327,32,655
328,32,204
329,32,905
330,32,142
331,32,285
332,32,893
333,32,682
334,32,792
335,32,560
336,32,228
337,32,203
338,32,38
339,32,701
340,32,915
341,32,694
342,32,304
343,32,161
344,32,122
345,32,1005
346,32,825
347,32,443
348,32,737
349,32,976
350,32,471
351,32,214
352,32,977
353,32,612
354,32,409
355,32,581
356,32,894
357,32,799
358,32,552
359,32,498
360,32,166
361,32,463
362,32,1012
363,32,336
364,32,728
365,32,895
366,32,648
367,32,308
368,32,715
369,32,162
370,32,102
371,32,922
372,32,74
373,32,584
374,32,45
375,32,826
376,32,719
377,32,523
378,32,881
379,32,677
380,32,622
381,32,451
382,32,805
383,32,658
384,32,683
385,32,305
386,32,602
387,32,727
388,32,892
389,32,680
390,32,376
391,32,829
392,32,840
393,32,850
394,32,862
395,32,286
396,32,43
397,32,522
398,32,474
399,32,276
0,33,556
1,33,150
2,33,345
3,33,587
4,33,506
5,33,954
6,33,1006
7,33,661
8,33,343
9,33,496
10,33,558
11,33,204
12,33,379
13,33,817
14,33,686
15,33,619
16,33,784
17,33,1007
18,33,520
19,33,281
20,33,709
21,33,0
22,33,460
23,33,231
24,33,713
25,33,566
26,33,155
27,33,287
28,33,870
29,33,176
30,33,430
31,33,524
32,33,1013
33,33,278
34,33,643
35,33,149
36,33,440
37,33,381
38,33,722
39,33,748
40,33,997
41,33,699
42,33,665
43,33,69
44,33,67
45,33,741
46,33,879
47,33,209
48,33,570
49,33,767
50,33,525
51,33,660
52,33,685
53,33,487
54,33,965
55,33,1002
56,33,597
57,33,266
58,33,312
59,33,529
60,33,585
61,33,476
62,33,933
63,33,847
64,33,743
65,33,681
66,33,584
67,33,877
68,33,463
69,33,781
70,33,625
71,33,363
72,33,616
73,33,881
74,33,13
75,33,507
76,33,615
77,33,234
78,33,740
79,33,783
80,33,893
81,33,752
82,33,329
83,33,291
84,33,283
85,33,600
86,33,957
87,33,186
88,33,998
89,33,717
90,33,840
91,33,202
92,33,786
93,33,220
94,33,888
95,33,887
96,33,252
97,33,852
98,33,624
99,33,617
100,33,886
101,33,770
102,33,560
103,33,652
104,33,696
105,33,581
106,33,137
107,33,238
108,33,301
109,33,594
110,33,245
111,33,449
112,33,60
113,33,790
114,33,434
115,33,450
116,33,49
117,33,44
118,33,37
119,33,568
120,33,868
121,33,467
122,33,689
123,33,780
124,33,175
125,33,302
126,33,70
127,33,516
128,33,497
129,33,264
130,33,557
131,33,985
132,33,50
133,33,518
134,33,618
135,33,144
136,33,710
137,33,909
138,33,260
139,33,462
140,33,250
141,33,724
142,33,607
143,33,114
144,33,173
145,33,725
146,33,851
147,33,242
148,33,190
149,33,96
150,33,955
151,33,550
152,33,534
153,33,319
154,33,76
155,33,310
156,33,40
157,33,952
158,33,667
159,33,785
160,33,136
161,33,504
162,33,181
163,33,130
164,33,433
165,33,35
166,33,277
167,33,838
168,33,712
169,33,690
170,33,492
171,33,473
172,33,333
173,33,228
174,33,865
175,33,822
176,33,112
177,33,658
178,33,878
179,33,326
180,33,1003
181,33,921
182,33,716
183,33,829
184,33,261
185,33,533
186,33,843
187,33,22
188,33,256
189,33,711
190,33,437
191,33,527
192,33,236
193,33,1001
194,33,579
195,33,938
196,33,490
197,33,956
198,33,466
199,33,309
200,33,378
201,33,788
202,33,980
203,33,801
204,33,177
205,33,122
206,33,645
207,33,390
208,33,571
209,33,914
210,33,218
211,33,635
212,33,960
213,33,104
214,33,179
215,33,102
216,33,884
217,33,772
218,33,567
219,33,929
220,33,953
221,33,45
222,33,124
223,33,749
224,33,787
225,33,578
226,33,818
227,33,1020
228,33,194
229,33,744
230,33,251
231,33,27
232,33,36
233,33,184
234,33,856
235,33,219
236,33,347
237,33,157
238,33,928
239,33,392
240,33,205
241,33,494
242,33,408
243,33,795
244,33,532
245,33,935
246,33,777
247,33,393
248,33,113
249,33,318
250,33,373
251,33,982
252,33,316
253,33,23
254,33,148
255,33,160
256,33,185
257,33,945
258,33,5
259,33,966
260,33,66
261,33,649
262,33,796
263,33,380
264,33,827
265,33,398
266,33,127
267,33,237
268,33,41
269,33,592
270,33,358
271,33,622
272,33,438
273,33,223
274,33,553
275,33,212
276,33,265
277,33,514
278,33,503
279,33,797
280,33,951
281,33,294
282,33,216
283,33,869
284,33,513
285,33,172
286,33,930
287,33,697
288,33,842
289,33,678
290,33,501
291,33,170
292,33,623
293,33,139
294,33,541
295,33,598
296,33,394
297,33,535
298,33,274
299,33,89
300,33,454
301,33,583
302,33,42
303,33,662
304,33,511
305,33,235
306,33,819
307,33,386
308,33,348
309,33,420
310,33,693
311,33,526
312,33,315
313,33,334
314,33,837
315,33,813
316,33,153
317,33,396
318,33,628
319,33,694
320,33,883
321,33,632
322,33,708
323,33,528
324,33,8
325,33,197
326,33,311
327,33,656
328,33,203
329,33,906
330,33,110
331,33,285
332,33,894
333,33,683
334,33,792
335,33,561
336,33,229
337,33,171
338,33,38
339,33,701
340,33,947
341,33,695
342,33,303
343,33,129
344,33,123
345,33,1005
346,33,857
347,33,444
348,33,737
349,33,1008
350,33,472
351,33,213
352,33,976
353,33,580
354,33,441
355,33,613
356,33,895
357,33,799
358,33,551
359,33,498
360,33,165
361,33,464
362,33,1012
363,33,304
364,33,760
365,33,927
366,33,647
367,33,276
368,33,714
369,33,163
370,33,101
371,33,922
372,33,106
373,33,552
374,33,77
375,33,826
376,33,751
377,33,522
378,33,880
379,33,677
380,33,590
381,33,419
382,33,804
383,33,659
384,33,684
385,33,305
386,33,601
387,33,728
388,33,892
389,33,680
390,33,344
391,33,861
392,33,872
393,33,849
394,33,862
395,33,286
396,33,43
397,33,521
398,33,442
399,33,244
0,34,524
1,34,150
2,34,346
3,34,619
4,34,474
5,34,954
6,34,1006
7,34,662
8,34,311
9,34,464
10,34,557
11,34,205
12,34,347
13,34,818
14,34,687
15,34,618
16,34,784
17,34,1008
18,34,520
19,34,249
20,34,710
21,34,0
22,34,459
23,34,230
24,34,713
25,34,534
26,34,155
27,34,287
28,34,869
29,34,144
30,34,398
31,34,492
32,34,1013
33,34,246
34,34,643
35,34,148
36,34,440
37,34,349
38,34,754
39,34,749
40,34,998
41,34,667
42,34,665
43,34,70
44,34,67
45,34,740
46,34,911
47,34,208
48,34,538
49,34,767
50,34,525
51,34,692
52,34,686
53,34,487
54,34,997
55,34,970
56,34,565
57,34,267
58,34,344
59,34,528
60,34,584
61,34,476
62,34,965
63,34,847
64,34,775
65,34,681
66,34,583
67,34,877
68,34,431
69,34,781
70,34,624
71,34,363
72,34,648
73,34,882
74,34,14
75,34,506
76,34,616
77,34,266
78,34,708
79,34,782
80,34,892
81,34,753
82,34,328
83,34,291
84,34,251
85,34,568
86,34,989
87,34,187
88,34,966
89,34,685
90,34,841
91,34,170
92,34,785
93,34,220
94,34,889
95,34,855
96,34,252
97,34,820
98,34,592
99,34,617
100,34,887
101,34,770
102,34,559
103,34,651
104,34,664
105,34,613
106,34,105
107,34,238
108,34,269
109,34,626
110,34,213
111,34,449
112,34,60
113,34,790
114,34,434
115,34,450
116,34,50
117,34,44
118,34,69
119,34,569
120,34,868
121,34,499
122,34,690
123,34,780
124,34,176
125,34,334
126,34,102
127,34,516
128,34,498
129,34,263
130,34,589
131,34,985
132,34,51
133,34,518
134,34,650
135,34,112
136,34,678
137,34,910
138,34,259
139,34,430
140,34,218
141,34,723
142,34,607
143,34,114
144,34,173
145,34,724
146,34,852
147,34,241
148,34,190
149,34,96
150,34,955
151,34,550
152,34,535
153,34,319
154,34,75
155,34,342
156,34,8
157,34,952
158,34,666
159,34,817
160,34,137
161,34,503
162,34,149
163,34,98
164,34,433
165,34,35
166,34,277
167,34,838
168,34,711
169,34,658
170,34,460
171,34,473
172,34,332
173,34,227
174,34,865
175,34,854
176,34,113
177,34,659
178,34,878
179,34,294
180,34,1003
181,34,921
182,34,748
183,34,861
184,34,261
185,34,533
186,34,843
187,34,21
188,34,256
189,34,743
190,34,437
191,34,526
192,34,235
193,34,1002
194,34,578
195,34,938
196,34,490
197,34,957
198,34,467
199,34,309
200,34,378
201,34,788
202,34,980
203,34,800
204,34,145
205,34,123
206,34,677
207,34,358
208,34,571
209,34,914
210,34,186
211,34,635
212,34,960
213,34,136
214,34,179
215,34,101
216,34,916
217,34,772
218,34,566
219,34,897
220,34,953
221,34,77
222,34,156
223,34,750
224,34,787
225,34,610
226,34,850
227,34,1020
228,34,162
229,34,776
230,34,250
231,34,27
232,34,36
233,34,184
234,34,888
235,34,219
236,34,315
237,34,157
238,34,929
239,34,424
240,34,237
241,34,493
242,34,376
243,34,794
244,34,532
245,34,967
246,34,777
247,34,392
248,34,81
249,34,318
250,34,373
251,34,982
252,34,348
253,34,24
254,34,116
255,34,160
256,34,217
257,34,944
258,34,5
259,34,934
260,34,34
261,34,649
262,34,795
263,34,381
264,34,827
265,34,366
266,34,127
267,34,236
268,34,41
269,34,560
270,34,326
271,34,621
272,34,406
273,34,223
274,34,552
275,34,212
276,34,264
277,34,513
278,34,502
279,34,797
280,34,951
281,34,295
282,34,216
283,34,901
284,34,481
285,34,204
286,34,930
287,34,697
288,34,842
289,34,646
290,34,469
291,34,138
292,34,655
293,34,140
294,34,541
295,34,630
296,34,393
297,34,567
298,34,242
299,34,121
300,34,454
301,34,615
302,34,42
303,34,663
304,34,511
305,34,203
306,34,819
307,34,386
308,34,380
309,34,420
310,34,725
311,34,494
312,34,283
313,34,333
314,34,837
315,34,813
316,34,153
317,34,364
318,34,629
319,34,695
320,34,884
321,34,632
322,34,707
323,34,496
324,34,9
325,34,229
326,34,312
327,34,657
328,34,171
329,34,907
330,34,110
331,34,285
332,34,894
333,34,684
334,34,824
335,34,529
336,34,228
337,34,172
338,34,38
339,34,701
340,34,947
341,34,696
342,34,335
343,34,97
344,34,91
345,34,1005
346,34,856
347,34,412
348,34,737
349,34,1009
350,34,504
351,34,181
352,34,976
353,34,579
354,34,442
355,34,645
356,34,927
357,34,799
358,34,519
359,34,466
360,34,197
361,34,463
362,34,1012
363,34,305
364,34,792
365,34,926
366,34,647
367,34,244
368,34,682
369,34,164
370,34,100
371,34,922
372,34,106
373,34,551
374,34,78
375,34,826
376,34,751
377,34,521
378,34,881
379,34,709
380,34,558
381,34,387
382,34,803
383,34,660
384,34,652
385,34,273
386,34,600
387,34,760
388,34,924
389,34,712
390,34,343
391,34,893
392,34,873
393,34,848
394,34,862
395,34,286
396,34,43
397,34,553
398,34,410
399,34,245
0,35,492
1,35,118
2,35,347
3,35,619
4,35,475
5,35,954
6,35,1006
7,35,663
8,35,279
9,35,463
10,35,557
11,35,204
12,35,315
13,35,818
14,35,688
15,35,618
16,35,752
17,35,1007
18,35,552
19,35,217
20,35,742
21,35,0
22,35,458
23,35,230
24,35,713
25,35,502
26,35,155
27,35,287
28,35,901
29,35,176
30,35,366
31,35,460
32,35,1013
33,35,245
34,35,643
35,35,148
36,35,440
37,35,348
38,35,786
39,35,717
40,35,998
41,35,635
42,35,665
43,35,102
44,35,67
45,35,739
46,35,912
47,35,207
48,35,539
49,35,767
50,35,524
51,35,724
52,35,687
53,35,486
54,35,996
55,35,938
56,35,566
57,35,266
58,35,345
59,35,496
60,35,616
61,35,476
62,35,997
63,35,815
64,35,775
65,35,682
66,35,584
67,35,877
68,35,432
69,35,749
70,35,623
71,35,362
72,35,649
73,35,914
74,35,15
75,35,506
76,35,648
77,35,265
78,35,707
79,35,782
80,35,891
81,35,754
82,35,327
83,35,290
84,35,252
85,35,569
86,35,988
87,35,186
88,35,967
89,35,686
90,35,873
91,35,202
92,35,784
93,35,219
94,35,890
95,35,887
96,35,220
97,35,852
98,35,560
99,35,617
100,35,888
101,35,770
102,35,527
103,35,652
104,35,632
105,35,613
106,35,104
107,35,238
108,35,237
109,35,625
110,35,181
111,35,448
112,35,60
113,35,790
114,35,434
115,35,450
116,35,51
117,35,44
118,35,69
119,35,570
120,35,868
121,35,498
122,35,691
123,35,781
124,35,175
125,35,335
126,35,101
127,35,516
128,35,466
129,35,295
130,35,621
131,35,985
132,35,19
133,35,519
134,35,651
135,35,80
136,35,646
137,35,911
138,35,291
139,35,431
140,35,250
141,35,755
142,35,607
143,35,115
144,35,173
145,35,723
146,35,851
147,35,242
148,35,190
149,35,96
150,35,955
151,35,518
152,35,535
153,35,319
154,35,75
155,35,343
156,35,9
157,35,952
158,35,667
159,35,785
160,35,105
161,35,504
162,35,150
163,35,98
164,35,433
165,35,35
166,35,276
167,35,838
168,35,710
169,35,626
170,35,461
171,35,473
172,35,331
173,35,195
174,35,865
175,35,854
176,35,114
177,35,660
178,35,878
179,35,326
180,35,1003
181,35,921
182,35,780
183,35,893
184,35,261
185,35,565
186,35,843
187,35,20
188,35,256
189,35,743
190,35,436
191,35,525
192,35,234
193,35,970
194,35,579
195,35,906
196,35,490
197,35,957
198,35,468
199,35,309
200,35,377
201,35,788
202,35,980
203,35,832
204,35,144
205,35,124
206,35,709
207,35,357
208,35,571
209,35,946
210,35,218
211,35,603
212,35,960
213,35,135
214,35,179
215,35,100
216,35,916
217,35,772
218,35,534
219,35,929
220,35,953
221,35,45
222,35,156
223,35,751
224,35,787
225,35,610
226,35,882
227,35,1020
228,35,163
229,35,808
230,35,249
231,35,27
232,35,36
233,35,184
234,35,889
235,35,187
236,35,283
237,35,157
238,35,930
239,35,423
240,35,205
241,35,494
242,35,344
243,35,794
244,35,532
245,35,999
246,35,777
247,35,393
248,35,113
249,35,318
250,35,373
251,35,982
252,35,380
253,35,56
254,35,116
255,35,160
256,35,216
257,35,943
258,35,5
259,35,966
260,35,34
261,35,681
262,35,763
263,35,381
264,35,827
265,35,334
266,35,127
267,35,235
268,35,41
269,35,561
270,35,358
271,35,620
272,35,374
273,35,223
274,35,551
275,35,213
276,35,263
277,35,545
278,35,503
279,35,797
280,35,951
281,35,294
282,35,215
283,35,900
284,35,449
285,35,203
286,35,962
287,35,698
288,35,842
289,35,645
290,35,437
291,35,138
292,35,656
293,35,140
294,35,541
295,35,631
296,35,394
297,35,567
298,35,243
299,35,122
300,35,454
301,35,614
302,35,42
303,35,695
304,35,511
305,35,171
306,35,820
307,35,386
308,35,379
309,35,420
310,35,725
311,35,526
312,35,251
313,35,333
314,35,837
315,35,813
316,35,121
317,35,363
318,35,630
319,35,696
320,35,885
321,35,600
322,35,706
323,35,464
324,35,10
325,35,228
326,35,313
327,35,658
328,35,170
329,35,908
330,35,110
331,35,285
332,35,926
333,35,685
334,35,824
335,35,497
336,35,260
337,35,172
338,35,70
339,35,701
340,35,947
341,35,697
342,35,367
343,35,65
344,35,123
345,35,1005
346,35,856
347,35,413
348,35,737
349,35,1008
350,35,505
351,35,149
352,35,944
353,35,547
354,35,442
355,35,677
356,35,959
357,35,799
358,35,487
359,35,467
360,35,229
361,35,462
362,35,1012
363,35,273
364,35,793
365,35,925
366,35,647
367,35,212
368,35,650
369,35,164
370,35,132
371,35,922
372,35,106
373,35,550
374,35,77
375,35,826
376,35,719
377,35,520
378,35,849
379,35,708
380,35,559
381,35,355
382,35,771
383,35,661
384,35,684
385,35,241
386,35,568
387,35,792
388,35,892
389,35,744
390,35,311
391,35,894
392,35,905
393,35,847
394,35,862
395,35,286
396,35,43
397,35,521
398,35,378
399,35,277
0,36,460
1,36,119
2,36,315
3,36,651
4,36,443
5,36,954
6,36,1006
7,36,664
8,36,311
9,36,463
10,36,557
11,36,203
12,36,283
13,36,819
14,36,689
15,36,618
16,36,784
17,36,1008
18,36,520
19,36,185
20,36,710
21,36,0
22,36,490
23,36,230
24,36,713
25,36,470
26,36,187
27,36,287
28,36,933
29,36,175
30,36,334
31,36,459
32,36,1013
33,36,244
34,36,643
35,36,147
36,36,440
37,36,348
38,36,818
39,36,717
40,36,966
41,36,603
42,36,665
43,36,103
44,36,67
45,36,771
46,36,880
47,36,206
48,36,540
49,36,767
50,36,524
51,36,723
52,36,719
53,36,486
54,36,997
55,36,970
56,36,534
57,36,266
58,36,377
59,36,464
60,36,648
61,36,476
62,36,998
63,36,847
64,36,775
65,36,681
66,36,584
67,36,877
68,36,433
69,36,749
70,36,622
71,36,330
72,36,650
73,36,946
74,36,16
75,36,474
76,36,649
77,36,297
78,36,708
79,36,781
80,36,891
81,36,754
82,36,326
83,36,322
84,36,284
85,36,570
86,36,987
87,36,218
88,36,967
89,36,654
90,36,905
91,36,170
92,36,783
93,36,220
94,36,890
95,36,887
96,36,252
97,36,851
98,36,561
99,36,617
100,36,889
101,36,770
102,36,528
103,36,684
104,36,600
105,36,612
106,36,136
107,36,239
108,36,238
109,36,624
110,36,149
111,36,449
112,36,60
113,36,790
114,36,434
115,36,450
116,36,52
117,36,44
118,36,101
119,36,602
120,36,868
121,36,497
122,36,692
123,36,780
124,36,207
125,36,335
126,36,102
127,36,516
128,36,467
129,36,263
130,36,653
131,36,985
132,36,51
133,36,518
134,36,652
135,36,48
136,36,614
137,36,912
138,36,290
139,36,399
140,36,249
141,36,787
142,36,607
143,36,116
144,36,173
145,36,755
146,36,850
147,36,210
148,36,190
149,36,96
150,36,955
151,36,550
152,36,503
153,36,319
154,36,75
155,36,375
156,36,10
157,36,952
158,36,635
159,36,785
160,36,104
161,36,505
162,36,118
163,36,98
164,36,401
165,36,35
166,36,277
167,36,838
168,36,709
169,36,594
170,36,429
171,36,473
172,36,299
173,36,163
174,36,865
175,36,854
176,36,115
177,36,661
178,36,878
179,36,325
180,36,1003
181,36,921
182,36,779
183,36,925
184,36,261
185,36,597
186,36,843
187,36,20
188,36,256
189,36,743
190,36,437
191,36,525
192,36,235
193,36,1002
194,36,580
195,36,938
196,36,489
197,36,957
198,36,469
199,36,309
200,36,409
201,36,820
202,36,980
203,36,864
204,36,112
205,36,156
206,36,741
207,36,358
208,36,539
209,36,947
210,36,250
211,36,571
212,36,960
213,36,135
214,36,179
215,36,132
216,36,916
217,36,804
218,36,535
219,36,929
220,36,953
221,36,46
222,36,157
223,36,752
224,36,786
225,36,610
226,36,914
227,36,1020
228,36,131
229,36,840
230,36,281
231,36,27
232,36,36
233,36,184
234,36,857
235,36,186
236,36,251
237,36,189
238,36,931
239,36,422
240,36,205
241,36,494
242,36,345
243,36,794
244,36,532
245,36,1000
246,36,777
247,36,392
248,36,113
249,36,318
250,36,373
251,36,982
252,36,412
253,36,88
254,36,148
255,36,160
256,36,217
257,36,943
258,36,5
259,36,965
260,36,34
261,36,680
262,36,763
263,36,380
264,36,827
265,36,333
266,36,127
267,36,267
268,36,9
269,36,562
270,36,390
271,36,619
272,36,342
273,36,223
274,36,551
275,36,214
276,36,231
277,36,545
278,36,504
279,36,797
280,36,951
281,36,294
282,36,216
283,36,901
284,36,417
285,36,171
286,36,930
287,36,666
288,36,842
289,36,645
290,36,405
291,36,106
292,36,656
293,36,140
294,36,541
295,36,632
296,36,393
297,36,567
298,36,242
299,36,123
300,36,454
301,36,613
302,36,41
303,36,663
304,36,511
305,36,172
306,36,821
307,36,386
308,36,347
309,36,420
310,36,725
311,36,527
312,36,219
313,36,301
314,36,837
315,36,813
316,36,120
317,36,362
318,36,631
319,36,728
320,36,886
321,36,599
322,36,738
323,36,432
324,36,42
325,36,227
326,36,313
327,36,658
328,36,138
329,36,909
330,36,110
331,36,285
332,36,894
333,36,686
334,36,792
335,36,465
336,36,260
337,36,204
338,36,70
339,36,701
340,36,979
341,36,698
342,36,368
343,36,33
344,36,155
345,36,1005
346,36,856
347,36,381
348,36,737
349,36,976
350,36,506
351,36,117
352,36,944
353,36,515
354,36,442
355,36,677
356,36,991
357,36,799
358,36,487
359,36,499
360,36,228
361,36,461
362,36,1012
363,36,274
364,36,825
365,36,926
366,36,646
367,36,213
368,36,682
369,36,165
370,36,164
371,36,922
372,36,105
373,36,549
374,36,45
375,36,826
376,36,751
377,36,519
378,36,849
379,36,740
380,36,559
381,36,355
382,36,772
383,36,662
384,36,683
385,36,273
386,36,568
387,36,793
388,36,892
389,36,776
390,36,343
391,36,895
392,36,906
393,36,879
394,36,862
395,36,286
396,36,43
397,36,522
398,36,379
399,36,245
0,37,428
1,37,151
2,37,316
3,37,683
4,37,443
5,37,954
6,37,1006
7,37,665
8,37,311
9,37,462
10,37,557
11,37,171
12,37,251
13,37,819
14,37,690
15,37,618
16,37,784
17,37,1008
18,37,520
19,37,217
20,37,710
21,37,0
22,37,522
23,37,229
24,37,713
25,37,438
26,37,155
27,37,287
28,37,901
29,37,175
30,37,302
31,37,491
32,37,1013
33,37,243
34,37,643
35,37,148
36,37,440
37,37,348
38,37,850
39,37,717
40,37,998
41,37,571
42,37,697
43,37,104
44,37,67
45,37,770
46,37,879
47,37,174
48,37,508
49,37,767
50,37,524
51,37,755
52,37,751
53,37,487
54,37,965
55,37,1002
56,37,535
57,37,266
58,37,409
59,37,463
60,37,680
61,37,476
62,37,999
63,37,847
64,37,775
65,37,649
66,37,584
67,37,876
68,37,432
69,37,749
70,37,621
71,37,362
72,37,650
73,37,978
74,37,48
75,37,506
76,37,617
77,37,297
78,37,707
79,37,780
80,37,923
81,37,754
82,37,325
83,37,323
84,37,283
85,37,570
86,37,986
87,37,186
88,37,967
89,37,686
90,37,906
91,37,170
92,37,815
93,37,220
94,37,891
95,37,855
96,37,252
97,37,883
98,37,529
99,37,585
100,37,890
101,37,738
102,37,560
103,37,652
104,37,568
105,37,612
106,37,136
107,37,240
108,37,239
109,37,656
110,37,117
111,37,449
112,37,60
113,37,790
114,37,434
115,37,450
116,37,20
117,37,12
118,37,101
119,37,603
120,37,868
121,37,465
122,37,693
123,37,748
124,37,208
125,37,335
126,37,102
127,37,516
128,37,468
129,37,264
130,37,685
131,37,985
132,37,50
133,37,486
134,37,651
135,37,47
136,37,613
137,37,913
138,37,322
139,37,367
140,37,250
141,37,786
142,37,607
143,37,115
144,37,173
145,37,787
146,37,851
147,37,210
148,37,190
149,37,96
150,37,955
151,37,549
152,37,502
153,37,319
154,37,75
155,37,407
156,37,11
157,37,952
158,37,635
159,37,785
160,37,105
161,37,504
162,37,119
163,37,98
164,37,401
165,37,35
166,37,277
167,37,838
168,37,708
169,37,595
170,37,461
171,37,473
172,37,298
173,37,131
174,37,865
175,37,854
176,37,114
177,37,662
178,37,877
179,37,293
180,37,971
181,37,921
182,37,778
183,37,924
184,37,261
185,37,597
186,37,843
187,37,19
188,37,256
189,37,743
190,37,405
191,37,525
192,37,235
193,37,1003
194,37,580
195,37,938
196,37,490
197,37,957
198,37,437
199,37,309
200,37,410
201,37,852
202,37,980
203,37,896
204,37,80
205,37,188
206,37,741
207,37,326
208,37,540
209,37,915
210,37,218
211,37,539
212,37,960
213,37,135
214,37,179
215,37,164
216,37,916
217,37,772
218,37,567
219,37,929
220,37,953
221,37,45
222,37,156
223,37,753
224,37,818
225,37,610
226,37,946
227,37,1020
228,37,132
229,37,841
230,37,281
231,37,27
232,37,36
233,37,184
234,37,857
235,37,185
236,37,219
237,37,157
238,37,932
239,37,421
240,37,205
241,37,494
242,37,346
243,37,795
244,37,532
245,37,1001
246,37,777
247,37,393
248,37,112
249,37,318
250,37,341
251,37,982
252,37,444
253,37,88
254,37,149
255,37,160
256,37,249
257,37,944
258,37,5
259,37,966
260,37,34
261,37,679
262,37,763
263,37,412
264,37,827
265,37,334
266,37,127
267,37,267
268,37,9
269,37,594
270,37,390
271,37,587
272,37,343
273,37,223
274,37,550
275,37,214
276,37,230
277,37,545
278,37,503
279,37,797
280,37,951
281,37,294
282,37,216
283,37,869
284,37,385
285,37,172
286,37,930
287,37,698
288,37,842
289,37,646
290,37,373
291,37,138
292,37,688
293,37,139
294,37,541
295,37,633
296,37,394
297,37,599
298,37,241
299,37,91
300,37,454
301,37,645
302,37,41
303,37,664
304,37,511
305,37,140
306,37,821
307,37,386
308,37,379
309,37,420
310,37,725
311,37,527
312,37,187
313,37,333
314,37,837
315,37,813
316,37,120
317,37,361
318,37,632
319,37,728
320,37,887
321,37,600
322,37,737
323,37,464
324,37,10
325,37,228
326,37,345
327,37,658
328,37,137
329,37,910
330,37,110
331,37,285
332,37,893
333,37,687
334,37,792
335,37,433
336,37,292
337,37,236
338,37,70
339,37,701
340,37,947
341,37,699
342,37,400
343,37,1
344,37,154
345,37,1005
346,37,856
347,37,349
348,37,705
349,37,976
350,37,538
351,37,116
352,37,912
353,37,483
354,37,442
355,37,709
356,37,991
357,37,799
358,37,519
359,37,499
360,37,260
361,37,460
362,37,1012
363,37,242
364,37,826
365,37,894
366,37,678
367,37,181
368,37,681
369,37,165
370,37,163
371,37,922
372,37,106
373,37,548
374,37,44
375,37,858
376,37,750
377,37,518
378,37,849
379,37,739
380,37,559
381,37,355
382,37,740
383,37,663
384,37,682
385,37,305
386,37,569
387,37,794
388,37,892
389,37,776
390,37,375
391,37,895
392,37,907
393,37,878
394,37,862
395,37,286
396,37,43
397,37,523
398,37,380
399,37,245
0,38,396
1,38,150
2,38,284
3,38,683
4,38,443
5,38,954
6,38,1006
7,38,666
8,38,311
9,38,430
10,38,557
11,38,170
12,38,219
13,38,818
14,38,691
15,38,618
16,38,784
17,38,1008
18,38,520
19,38,216
20,38,711
21,38,0
22,38,554
23,38,197
24,38,713
25,38,438
26,38,155
27,38,287
28,38,901
29,38,174
30,38,303
31,38,492
32,38,1013
33,38,211
34,38,643
35,38,147
36,38,440
37,38,316
38,38,882
39,38,716
40,38,997
41,38,603
42,38,665
43,38,105
44,38,67
45,38,802
46,38,879
47,38,173
48,38,540
49,38,767
50,38,524
51,38,787
52,38,783
53,38,487
54,38,965
55,38,970
56,38,536
57,38,266
58,38,441
59,38,462
60,38,712
61,38,508
62,38,1000
63,38,847
64,38,775
65,38,617
66,38,584
67,38,876
68,38,464
69,38,749
70,38,620
71,38,363
72,38,649
73,38,1010
74,38,80
75,38,506
76,38,616
77,38,297
78,38,739
79,38,779
80,38,924
81,38,755
82,38,324
83,38,291
84,38,283
85,38,602
86,38,985
87,38,185
88,38,966
89,38,686
90,38,907
91,38,138
92,38,814
93,38,220
94,38,923
95,38,887
96,38,252
97,38,883
98,38,497
99,38,585
100,38,891
101,38,770
102,38,560
103,38,652
104,38,569
105,38,613
106,38,168
107,38,239
108,38,238
109,38,655
110,38,116
111,38,449
112,38,60
113,38,790
114,38,434
115,38,450
116,38,21
117,38,44
118,38,101
119,38,604
120,38,868
121,38,465
122,38,694
123,38,748
124,38,176
125,38,334
126,38,102
127,38,484
128,38,469
129,38,264
130,38,717
131,38,984
132,38,49
133,38,518
134,38,619
135,38,47
136,38,581
137,38,913
138,38,354
139,38,368
140,38,250
141,38,754
142,38,607
143,38,114
144,38,205
145,38,819
146,38,852
147,38,178
148,38,190
149,38,96
150,38,955
151,38,548
152,38,534
153,38,319
154,38,75
155,38,439
156,38,11
157,38,952
158,38,635
159,38,785
160,38,73
161,38,504
162,38,120
163,38,98
164,38,402
165,38,35
166,38,277
167,38,838
168,38,707
169,38,563
170,38,461
171,38,473
172,38,298
173,38,132
174,38,865
175,38,854
176,38,146
177,38,663
178,38,909
179,38,325
180,38,939
181,38,921
182,38,777
183,38,956
184,38,261
185,38,597
186,38,843
187,38,20
188,38,256
189,38,743
190,38,406
191,38,525
192,38,236
193,38,971
194,38,580
195,38,938
196,38,490
197,38,957
198,38,405
199,38,309
200,38,410
201,38,884
202,38,980
203,38,897
204,38,112
205,38,189
206,38,741
207,38,327
208,38,539
209,38,914
210,38,218
211,38,571
212,38,960
213,38,135
214,38,179
215,38,163
216,38,916
217,38,772
218,38,566
219,38,929
220,38,953
221,38,77
222,38,156
223,38,753
224,38,786
225,38,610
226,38,945
227,38,1020
228,38,133
229,38,873
230,38,280
231,38,27
232,38,36
233,38,184
234,38,857
235,38,217
236,38,187
237,38,157
238,38,933
239,38,421
240,38,204
241,38,494
242,38,347
243,38,763
244,38,532
245,38,1002
246,38,809
247,38,392
248,38,113
249,38,318
250,38,342
251,38,982
252,38,476
253,38,88
254,38,148
255,38,160
256,38,281
257,38,944
258,38,5
259,38,934
260,38,34
261,38,678
262,38,762
263,38,444
264,38,827
265,38,366
266,38,127
267,38,235
268,38,41
269,38,626
270,38,390
271,38,555
272,38,344
273,38,223
274,38,549
275,38,214
276,38,229
277,38,545
278,38,503
279,38,797
280,38,951
281,38,294
282,38,215
283,38,869
284,38,353
285,38,172
286,38,930
287,38,697
288,38,842
289,38,614
290,38,341
291,38,139
292,38,656
293,38,140
294,38,541
295,38,601
296,38,394
297,38,567
298,38,241
299,38,92
300,38,454
301,38,677
302,38,40
303,38,632
304,38,511
305,38,108
306,38,821
307,38,386
308,38,379
309,38,420
310,38,725
311,38,527
312,38,186
313,38,333
314,38,837
315,38,813
316,38,121
317,38,393
318,38,633
319,38,728
320,38,888
321,38,600
322,38,769
323,38,496
324,38,9
325,38,228
326,38,346
327,38,658
328,38,136
329,38,911
330,38,110
331,38,285
332,38,925
333,38,688
334,38,792
335,38,401
336,38,293
337,38,237
338,38,70
339,38,701
340,38,947
341,38,699
342,38,432
343,38,2
344,38,122
345,38,1005
346,38,856
347,38,317
348,38,737
349,38,976
350,38,570
351,38,84
352,38,912
353,38,451
354,38,442
355,38,709
356,38,991
357,38,799
358,38,551
359,38,499
360,38,292
361,38,460
362,38,1012
363,38,210
364,38,858
365,38,893
366,38,710
367,38,149
368,38,681
369,38,164
370,38,162
371,38,922
372,38,106
373,38,516
374,38,45
375,38,859
376,38,751
377,38,517
378,38,849
379,38,738
380,38,559
381,38,355
382,38,708
383,38,664
384,38,682
385,38,305
386,38,537
387,38,795
388,38,892
389,38,776
390,38,343
391,38,895
392,38,908
393,38,877
394,38,862
395,38,286
396,38,43
397,38,523
398,38,348
399,38,245
0,39,364
1,39,150
2,39,252
3,39,683
4,39,443
5,39,954
6,39,1006
7,39,667
8,39,311
9,39,431
10,39,557
11,39,138
12,39,187
13,39,786
14,39,692
15,39,618
16,39,784
17,39,1008
18,39,520
19,39,184
20,39,710
21,39,0
22,39,554
23,39,229
24,39,713
25,39,470
26,39,154
27,39,287
28,39,901
29,39,142
30,39,304
31,39,492
32,39,1013
33,39,179
34,39,643
35,39,148
36,39,440
37,39,348
38,39,914
39,39,717
40,39,997
41,39,604
42,39,666
43,39,105
44,39,67
45,39,834
46,39,911
47,39,141
48,39,539
49,39,767
50,39,524
51,39,819
52,39,783
53,39,487
54,39,966
55,39,1002
56,39,537
57,39,266
58,39,442
59,39,430
60,39,744
61,39,540
62,39,1001
63,39,847
64,39,775
65,39,585
66,39,584
67,39,908
68,39,463
69,39,781
70,39,619
71,39,363
72,39,649
73,39,1010
74,39,81
75,39,506
76,39,616
77,39,297
78,39,740
79,39,779
80,39,923
81,39,755
82,39,356
83,39,259
84,39,283
85,39,570
86,39,984
87,39,186
88,39,998
89,39,686
90,39,907
91,39,106
92,39,814
93,39,188
94,39,891
95,39,887
96,39,220
97,39,883
98,39,465
99,39,586
100,39,892
101,39,769
102,39,560
103,39,652
104,39,569
105,39,645
106,39,136
107,39,238
108,39,206
109,39,654
110,39,115
111,39,449
112,39,60
113,39,790
114,39,435
115,39,450
116,39,22
117,39,44
118,39,101
119,39,605
120,39,868
121,39,433
122,39,695
123,39,748
124,39,176
125,39,334
126,39,102
127,39,484
128,39,437
129,39,264
130,39,749
131,39,1016
132,39,48
133,39,518
134,39,651
135,39,47
136,39,549
137,39,913
138,39,386
139,39,336
140,39,251
141,39,722
142,39,607
143,39,113
144,39,173
145,39,818
146,39,852
147,39,146
148,39,158
149,39,96
150,39,955
151,39,548
152,39,534
153,39,319
154,39,75
155,39,471
156,39,11
157,39,952
158,39,635
159,39,785
160,39,73
161,39,504
162,39,88
163,39,98
164,39,434
165,39,35
166,39,277
167,39,838
168,39,706
169,39,531
170,39,462
171,39,473
172,39,298
173,39,133
174,39,865
175,39,854
176,39,114
177,39,663
178,39,877
179,39,326
180,39,971
181,39,921
182,39,809
183,39,988
184,39,261
185,39,597
186,39,843
187,39,20
188,39,256
189,39,743
190,39,438
191,39,525
192,39,237
193,39,970
194,39,580
195,39,938
196,39,490
197,39,957
198,39,406
199,39,310
200,39,409
201,39,916
202,39,980
203,39,929
204,39,80
205,39,190
206,39,741
207,39,295
208,39,571
209,39,915
210,39,250
211,39,603
212,39,960
213,39,167
214,39,147
215,39,162
216,39,948
217,39,772
218,39,566
219,39,961
220,39,953
221,39,77
222,39,156
223,39,753
224,39,787
225,39,610
226,39,945
227,39,1020
228,39,134
229,39,874
230,39,281
231,39,27
232,39,36
233,39,185
234,39,857
235,39,217
236,39,155
237,39,157
238,39,965
239,39,421
240,39,203
241,39,494
242,39,315
243,39,795
244,39,532
245,39,1003
246,39,808
247,39,393
248,39,112
249,39,318
250,39,374
251,39,982
252,39,508
253,39,89
254,39,149
255,39,160
256,39,313
257,39,976
258,39,5
259,39,933
260,39,34
261,39,646
262,39,763
263,39,445
264,39,828
265,39,398
266,39,127
267,39,235
268,39,9
269,39,627
270,39,390
271,39,555
272,39,345
273,39,223
274,39,550
275,39,214
276,39,228
277,39,545
278,39,503
279,39,797
280,39,951
281,39,294
282,39,216
283,39,869
284,39,321
285,39,204
286,39,930
287,39,697
288,39,842
289,39,613
290,39,309
291,39,171
292,39,656
293,39,140
294,39,541
295,39,600
296,39,426
297,39,535
298,39,241
299,39,93
300,39,454
301,39,677
302,39,41
303,39,664
304,39,511
305,39,76
306,39,821
307,39,385
308,39,379
309,39,420
310,39,725
311,39,527
312,39,218
313,39,333
314,39,837
315,39,813
316,39,120
317,39,394
318,39,665
319,39,728
320,39,889
321,39,632
322,39,801
323,39,496
324,39,8
325,39,227
326,39,347
327,39,658
328,39,135
329,39,912
330,39,110
331,39,284
332,39,926
333,39,689
334,39,792
335,39,369
336,39,292
337,39,205
338,39,70
339,39,701
340,39,947
341,39,699
342,39,464
343,39,3
344,39,121
345,39,1005
346,39,856
347,39,285
348,39,737
349,39,977
350,39,538
351,39,52
352,39,944
353,39,419
354,39,410
355,39,708
356,39,991
357,39,799
358,39,552
359,39,499
360,39,324
361,39,460
362,39,1012
363,39,178
364,39,890
365,39,894
366,39,709
367,39,117
368,39,681
369,39,164
370,39,194
371,39,922
372,39,74
373,39,515
374,39,45
375,39,827
376,39,751
377,39,516
378,39,849
379,39,770
380,39,559
381,39,355
382,39,707
383,39,696
384,39,682
385,39,305
386,39,505
387,39,796
388,39,893
389,39,776
390,39,343
391,39,895
392,39,909
393,39,876
394,39,862
395,39,286
396,39,43
397,39,523
398,39,349
399,39,245
0,40,332
1,40,151
2,40,220
3,40,683
4,40,443
5,40,954
6,40,1006
7,40,668
8,40,311
9,40,463
10,40,557
11,40,137
12,40,187
13,40,785
14,40,693
15,40,617
16,40,784
17,40,1008
18,40,520
19,40,216
20,40,710
21,40,0
22,40,554
23,40,230
24,40,713
25,40,438
26,40,155
27,40,287
28,40,901
29,40,142
30,40,272
31,40,492
32,40,1013
33,40,178
34,40,643
35,40,149
36,40,440
37,40,380
38,40,946
39,40,717
40,40,996
41,40,603
42,40,698
43,40,106
44,40,67
45,40,866
46,40,911
47,40,109
48,40,539
49,40,767
50,40,524
51,40,851
52,40,783
53,40,487
54,40,965
55,40,970
56,40,505
57,40,266
58,40,474
59,40,429
60,40,776
61,40,541
62,40,1002
63,40,847
64,40,775
65,40,553
66,40,584
67,40,909
68,40,464
69,40,782
70,40,651
71,40,363
72,40,649
73,40,1010
74,40,81
75,40,506
76,40,616
77,40,297
78,40,741
79,40,779
80,40,891
81,40,755
82,40,357
83,40,291
84,40,251
85,40,538
86,40,983
87,40,185
88,40,966
89,40,686
90,40,908
91,40,138
92,40,814
93,40,188
94,40,890
95,40,887
96,40,219
97,40,883
98,40,433
99,40,618
100,40,924
101,40,770
102,40,560
103,40,652
104,40,570
105,40,613
106,40,168
107,40,237
108,40,238
109,40,654
110,40,114
111,40,449
112,40,60
113,40,790
114,40,435
115,40,450
116,40,23
117,40,43
118,40,101
119,40,606
120,40,868
121,40,432
122,40,696
123,40,748
124,40,176
125,40,334
126,40,102
127,40,484
128,40,405
129,40,264
130,40,781
131,40,1017
132,40,16
133,40,518
134,40,650
135,40,47
136,40,548
137,40,945
138,40,418
139,40,304
140,40,250
141,40,723
142,40,607
143,40,145
144,40,174
145,40,786
146,40,852
147,40,147
148,40,190
149,40,96
150,40,955
151,40,516
152,40,534
153,40,319
154,40,76
155,40,503
156,40,11
157,40,952
158,40,667
159,40,817
160,40,105
161,40,472
162,40,120
163,40,98
164,40,434
165,40,35
166,40,276
167,40,838
168,40,738
169,40,531
170,40,462
171,40,473
172,40,298
173,40,165
174,40,865
175,40,854
176,40,113
177,40,695
178,40,878
179,40,326
180,40,1003
181,40,920
182,40,810
183,40,988
184,40,261
185,40,597
186,40,843
187,40,20
188,40,256
189,40,743
190,40,437
191,40,525
192,40,269
193,40,938
194,40,580
195,40,939
196,40,490
197,40,957
198,40,374
199,40,309
200,40,410
201,40,948
202,40,980
203,40,961
204,40,80
205,40,222
206,40,742
207,40,263
208,40,571
209,40,914
210,40,218
211,40,635
212,40,960
213,40,167
214,40,179
215,40,161
216,40,947
217,40,772
218,40,566
219,40,962
220,40,953
221,40,77
222,40,124
223,40,753
224,40,787
225,40,610
226,40,944
227,40,1020
228,40,135
229,40,875
230,40,249
231,40,27
232,40,36
233,40,184
234,40,857
235,40,217
236,40,156
237,40,157
238,40,997
239,40,421
240,40,204
241,40,494
242,40,283
243,40,794
244,40,532
245,40,1004
246,40,809
247,40,361
248,40,112
249,40,318
250,40,373
251,40,982
252,40,540
253,40,88
254,40,150
255,40,160
256,40,345
257,40,976
258,40,5
259,40,933
260,40,34
261,40,646
262,40,763
263,40,477
264,40,827
265,40,430
266,40,127
267,40,235
268,40,9
269,40,627
270,40,390
271,40,555
272,40,346
273,40,223
274,40,549
275,40,214
276,40,227
277,40,545
278,40,535
279,40,797
280,40,951
281,40,294
282,40,215
283,40,869
284,40,289
285,40,205
286,40,930
287,40,697
288,40,842
289,40,612
290,40,277
291,40,203
292,40,656
293,40,140
294,40,509
295,40,599
296,40,394
297,40,536
298,40,241
299,40,93
300,40,454
301,40,709
302,40,41
303,40,663
304,40,511
305,40,44
306,40,821
307,40,386
308,40,379
309,40,420
310,40,725
311,40,527
312,40,186
313,40,333
314,40,837
315,40,813
316,40,119
317,40,393
318,40,666
319,40,728
320,40,921
321,40,632
322,40,800
323,40,497
324,40,8
325,40,259
326,40,348
327,40,658
328,40,136
329,40,913
330,40,110
331,40,285
332,40,894
333,40,689
334,40,792
335,40,369
336,40,260
337,40,173
338,40,70
339,40,701
340,40,979
341,40,699
342,40,496
343,40,4
344,40,89
345,40,1005
346,40,856
347,40,253
348,40,737
349,40,977
350,40,537
351,40,51
352,40,912
353,40,387
354,40,442
355,40,707
356,40,991
357,40,799
358,40,552
359,40,499
360,40,356
361,40,460
362,40,1012
363,40,146
364,40,922
365,40,893
366,40,708
367,40,85
368,40,681
369,40,164
370,40,162
371,40,923
372,40,74
373,40,483
374,40,45
375,40,826
376,40,751
377,40,515
378,40,849
379,40,802
380,40,559
381,40,355
382,40,675
383,40,664
384,40,682
385,40,305
386,40,504
387,40,828
388,40,892
389,40,777
390,40,343
391,40,895
392,40,910
393,40,876
394,40,862
395,40,286
396,40,75
397,40,523
398,40,349
399,40,245
0,41,333
1,41,150
2,41,188
3,41,683
4,41,443
5,41,953
6,41,974
7,41,669
8,41,311
9,41,463
10,41,557
11,41,105
12,41,187
13,41,786
14,41,694
15,41,616
16,41,784
17,41,1008
18,41,520
19,41,184
20,41,711
21,41,0
22,41,554
23,41,230
24,41,713
25,41,406
26,41,155
27,41,287
28,41,901
29,41,142
30,41,240
31,41,492
32,41,981
33,41,177
34,41,643
35,41,117
36,41,440
37,41,381
38,41,945
39,41,717
40,41,997
41,41,603
42,41,666
43,41,107
44,41,67
45,41,867
46,41,912
47,41,108
48,41,540
49,41,767
50,41,524
51,41,883
52,41,783
53,41,487
54,41,933
55,41,1002
56,41,537
57,41,266
58,41,474
59,41,428
60,41,808
61,41,509
62,41,1003
63,41,847
64,41,775
65,41,521
66,41,584
67,41,877
68,41,432
69,41,750
70,41,650
71,41,363
72,41,649
73,41,1010
74,41,81
75,41,505
76,41,648
77,41,297
78,41,742
79,41,779
80,41,891
81,41,755
82,41,356
83,41,259
84,41,250
85,41,506
86,41,983
87,41,186
88,41,966
89,41,686
90,41,909
91,41,170
92,41,814
93,41,156
94,41,890
95,41,887
96,41,220
97,41,884
98,41,434
99,41,617
100,41,924
101,41,802
102,41,560
103,41,652
104,41,571
105,41,614
106,41,200
107,41,236
108,41,239
109,41,654
110,41,113
111,41,449
112,41,60
113,41,790
114,41,435
115,41,451
116,41,55
117,41,44
118,41,101
119,41,606
120,41,868
121,41,431
122,41,697
123,41,748
124,41,176
125,41,366
126,41,102
127,41,516
128,41,373
129,41,264
130,41,780
131,41,1017
132,41,16
133,41,518
134,41,618
135,41,47
136,41,547
137,41,977
138,41,450
139,41,272
140,41,249
141,41,724
142,41,607
143,41,146
144,41,174
145,41,787
146,41,852
147,41,179
148,41,190
149,41,96
150,41,955
151,41,517
152,41,534
153,41,319
154,41,75
155,41,535
156,41,11
157,41,952
158,41,699
159,41,785
160,41,104
161,41,504
162,41,119
163,41,98
164,41,466
165,41,35
166,41,277
167,41,838
168,41,770
169,41,531
170,41,462
171,41,473
172,41,298
173,41,165
174,41,865
175,41,854
176,41,145
177,41,663
178,41,878
179,41,326
180,41,1004
181,41,921
182,41,809
183,41,988
184,41,261
185,41,597
186,41,843
187,41,20
188,41,256
189,41,743
190,41,437
191,41,525
192,41,237
193,41,970
194,41,581
195,41,938
196,41,490
197,41,957
198,41,342
199,41,309
200,41,410
201,41,980
202,41,1012
203,41,962
204,41,80
205,41,254
206,41,710
207,41,231
208,41,539
209,41,915
210,41,219
211,41,635
212,41,960
213,41,135
214,41,178
215,41,161
216,41,948
217,41,772
218,41,566
219,41,930
220,41,985
221,41,77
222,41,92
223,41,753
224,41,819
225,41,610
226,41,943
227,41,1020
228,41,136
229,41,876
230,41,281
231,41,27
232,41,36
233,41,183
234,41,857
235,41,217
236,41,124
237,41,157
238,41,998
239,41,421
240,41,205
241,41,494
242,41,251
243,41,794
244,41,532
245,41,1005
246,41,777
247,41,361
248,41,112
249,41,318
250,41,341
251,41,982
252,41,541
253,41,120
254,41,149
255,41,160
256,41,345
257,41,944
258,41,37
259,41,934
260,41,34
261,41,646
262,41,763
263,41,477
264,41,827
265,41,429
266,41,127
267,41,235
268,41,9
269,41,627
270,41,390
271,41,555
272,41,347
273,41,223
274,41,549
275,41,214
276,41,226
277,41,545
278,41,567
279,41,797
280,41,951
281,41,294
282,41,216
283,41,869
284,41,257
285,41,173
286,41,929
287,41,665
288,41,842
289,41,580
290,41,245
291,41,202
292,41,656
293,41,140
294,41,510
295,41,631
296,41,393
297,41,568
298,41,241
299,41,93
300,41,454
301,41,741
302,41,41
303,41,662
304,41,511
305,41,12
306,41,821
307,41,386
308,41,379
309,41,420
310,41,725
311,41,527
312,41,218
313,41,334
314,41,837
315,41,813
316,41,151
317,41,392
318,41,667
319,41,728
320,41,922
321,41,632
322,41,832
323,41,496
324,41,8
325,41,260
326,41,380
327,41,658
328,41,168
329,41,914
330,41,110
331,41,285
332,41,894
333,41,689
334,41,792
335,41,369
336,41,228
337,41,172
338,41,70
339,41,701
340,41,947
341,41,731
342,41,464
343,41,5
344,41,88
345,41,1006
346,41,856
347,41,221
348,41,737
349,41,976
350,41,538
351,41,51
352,41,880
353,41,355
354,41,442
355,41,675
356,41,991
357,41,799
358,41,552
359,41,499
360,41,388
361,41,460
362,41,1013
363,41,147
364,41,954
365,41,893
366,41,707
367,41,85
368,41,681
369,41,164
370,41,162
371,41,923
372,41,106
373,41,483
374,41,45
375,41,826
376,41,751
377,41,514
378,41,849
379,41,834
380,41,559
381,41,354
382,41,674
383,41,664
384,41,682
385,41,305
386,41,536
387,41,828
388,41,892
389,41,776
390,41,343
391,41,895
392,41,911
393,41,908
394,41,862
395,41,286
396,41,43
397,41,523
398,41,349
399,41,244
0,42,301
1,42,150
2,42,156
3,42,683
4,42,443
5,42,952
6,42,973
7,42,669
8,42,279
9,42,463
10,42,557
11,42,105
12,42,187
13,42,786
14,42,695
15,42,617
16,42,784
17,42,1008
18,42,520
19,42,184
20,42,711
21,42,0
22,42,554
23,42,230
24,42,713
25,42,406
26,42,155
27,42,287
28,42,901
29,42,142
30,42,272
31,42,492
32,42,1013
33,42,145
34,42,643
35,42,149
36,42,440
37,42,413
38,42,944
39,42,717
40,42,996
41,42,603
42,42,665
43,42,106
44,42,67
45,42,867
46,42,880
47,42,107
48,42,541
49,42,767
50,42,524
51,42,883
52,42,783
53,42,487
54,42,933
55,42,1002
56,42,537
57,42,266
58,42,474
59,42,396
60,42,807
61,42,508
62,42,1004
63,42,847
64,42,775
65,42,521
66,42,584
67,42,877
68,42,432
69,42,749
70,42,650
71,42,363
72,42,649
73,42,1010
74,42,80
75,42,506
76,42,616
77,42,297
78,42,710
79,42,779
80,42,891
81,42,723
82,42,356
83,42,227
84,42,251
85,42,538
86,42,983
87,42,186
88,42,967
89,42,686
90,42,941
91,42,170
92,42,814
93,42,124
94,42,890
95,42,887
96,42,252
97,42,884
98,42,435
99,42,585
100,42,924
101,42,801
102,42,560
103,42,652
104,42,539
105,42,614
106,42,168
107,42,235
108,42,239
109,42,654
110,42,81
111,42,449
112,42,61
113,42,790
114,42,436
115,42,450
116,42,87
117,42,44
118,42,101
119,42,606
120,42,868
121,42,431
122,42,698
123,42,748
124,42,176
125,42,334
126,42,102
127,42,516
128,42,374
129,42,264
130,42,812
131,42,985
132,42,16
133,42,550
134,42,619
135,42,47
136,42,546
137,42,978
138,42,482
139,42,273
140,42,217
141,42,724
142,42,607
143,42,114
144,42,173
145,42,755
146,42,852
147,42,211
148,42,190
149,42,96
150,42,955
151,42,518
152,42,534
153,42,319
154,42,75
155,42,567
156,42,11
157,42,951
158,42,699
159,42,785
160,42,104
161,42,504
162,42,120
163,42,98
164,42,434
165,42,35
166,42,277
167,42,838
168,42,802
169,42,531
170,42,462
171,42,473
172,42,298
173,42,165
174,42,865
175,42,854
176,42,146
177,42,663
178,42,878
179,42,326
180,42,972
181,42,921
182,42,809
183,42,988
184,42,293
185,42,597
186,42,843
187,42,20
188,42,256
189,42,743
190,42,437
191,42,525
192,42,237
193,42,970
194,42,580
195,42,938
196,42,490
197,42,957
198,42,343
199,42,309
200,42,410
201,42,981
202,42,980
203,42,962
204,42,112
205,42,286
206,42,709
207,42,199
208,42,540
209,42,916
210,42,218
211,42,667
212,42,960
213,42,135
214,42,179
215,42,161
216,42,948
217,42,772
218,42,566
219,42,929
220,42,953
221,42,77
222,42,60
223,42,753
224,42,787
225,42,610
226,42,942
227,42,1020
228,42,137
229,42,908
230,42,249
231,42,27
232,42,36
233,42,183
234,42,857
235,42,185
236,42,92
237,42,157
238,42,997
239,42,453
240,42,206
241,42,494
242,42,219
243,42,794
244,42,532
245,42,1006
246,42,777
247,42,393
248,42,113
249,42,318
250,42,373
251,42,982
252,42,542
253,42,88
254,42,148
255,42,160
256,42,345
257,42,976
258,42,69
259,42,966
260,42,34
261,42,646
262,42,763
263,42,509
264,42,827
265,42,429
266,42,127
267,42,203
268,42,9
269,42,627
270,42,390
271,42,555
272,42,348
273,42,223
274,42,549
275,42,214
276,42,226
277,42,545
278,42,599
279,42,797
280,42,919
281,42,294
282,42,216
283,42,869
284,42,225
285,42,205
286,42,961
287,42,697
288,42,842
289,42,579
290,42,213
291,42,202
292,42,656
293,42,140
294,42,510
295,42,630
296,42,392
297,42,600
298,42,241
299,42,93
300,42,454
301,42,740
302,42,41
303,42,662
304,42,511
305,42,12
306,42,821
307,42,386
308,42,379
309,42,421
310,42,725
311,42,527
312,42,250
313,42,333
314,42,837
315,42,813
316,42,119
317,42,424
318,42,668
319,42,728
320,42,954
321,42,632
322,42,864
323,42,496
324,42,8
325,42,261
326,42,381
327,42,658
328,42,136
329,42,915
330,42,110
331,42,253
332,42,894
333,42,689
334,42,792
335,42,369
336,42,228
337,42,204
338,42,70
339,42,701
340,42,947
341,42,731
342,42,464
343,42,37
344,42,56
345,42,974
346,42,856
347,42,189
348,42,737
349,42,977
350,42,570
351,42,51
352,42,879
353,42,323
354,42,442
355,42,707
356,42,991
357,42,799
358,42,552
359,42,499
360,42,420
361,42,460
362,42,1012
363,42,147
364,42,986
365,42,893
366,42,706
367,42,85
368,42,681
369,42,164
370,42,162
371,42,922
372,42,138
373,42,451
374,42,45
375,42,826
376,42,751
377,42,513
378,42,849
379,42,834
380,42,559
381,42,355
382,42,673
383,42,664
384,42,682
385,42,305
386,42,568
387,42,828
388,42,892
389,42,776
390,42,311
391,42,895
392,42,912
393,42,907
394,42,862
395,42,285
396,42,43
397,42,523
398,42,349
399,42,245
0,43,301
1,43,150
2,43,157
3,43,683
4,43,443
5,43,953
6,43,974
7,43,669
8,43,311
9,43,463
10,43,557
11,43,105
12,43,155
13,43,786
14,43,696
15,43,618
16,43,784
17,43,1008
18,43,520
19,43,185
20,43,710
21,43,0
22,43,554
23,43,230
24,43,713
25,43,374
26,43,123
27,43,287
28,43,901
29,43,142
30,43,304
31,43,492
32,43,1013
33,43,144
34,43,643
35,43,149
36,43,440
37,43,412
38,43,943
39,43,717
40,43,997
41,43,603
42,43,665
43,43,138
44,43,67
45,43,867
46,43,912
47,43,106
48,43,540
49,43,767
50,43,524
51,43,851
52,43,783
53,43,487
54,43,933
55,43,1002
56,43,537
57,43,266
58,43,474
59,43,364
60,43,839
61,43,476
62,43,1005
63,43,847
64,43,775
65,43,521
66,43,584
67,43,877
68,43,432
69,43,749
70,43,650
71,43,363
72,43,649
73,43,1010
74,43,81
75,43,506
76,43,616
77,43,297
78,43,678
79,43,779
80,43,891
81,43,722
82,43,356
83,43,195
84,43,283
85,43,570
86,43,983
87,43,186
88,43,967
89,43,686
90,43,973
91,43,170
92,43,814
93,43,156
94,43,890
95,43,887
96,43,252
97,43,884
98,43,403
99,43,617
100,43,924
101,43,802
102,43,560
103,43,652
104,43,538
105,43,614
106,43,136
107,43,267
108,43,239
109,43,654
110,43,49
111,43,449
112,43,61
113,43,790
114,43,435
115,43,450
116,43,88
117,43,44
118,43,101
119,43,606
120,43,868
121,43,431
122,43,730
123,43,748
124,43,176
125,43,334
126,43,102
127,43,516
128,43,375
129,43,264
130,43,812
131,43,985
132,43,16
133,43,551
134,43,619
135,43,47
136,43,545
137,43,978
138,43,482
139,43,274
140,43,249
141,43,724
142,43,607
143,43,115
144,43,173
145,43,723
146,43,852
147,43,243
148,43,158
149,43,96
150,43,987
151,43,550
152,43,534
153,43,319
154,43,75
155,43,599
156,43,11
157,43,952
158,43,667
159,43,785
160,43,104
161,43,504
162,43,120
163,43,98
164,43,433
165,43,35
166,43,277
167,43,838
168,43,834
169,43,531
170,43,462
171,43,473
172,43,298
173,43,165
174,43,865
175,43,854
176,43,114
177,43,663
178,43,878
179,43,326
180,43,971
181,43,921
182,43,809
183,43,988
184,43,261
185,43,597
186,43,843
187,43,20
188,43,256
189,43,743
190,43,437
191,43,525
192,43,237
193,43,970
194,43,580
195,43,938
196,43,490
197,43,957
198,43,344
199,43,309
200,43,410
201,43,981
202,43,980
203,43,962
204,43,80
205,43,318
206,43,709
207,43,200
208,43,539
209,43,915
210,43,218
211,43,666
212,43,960
213,43,167
214,43,179
215,43,161
216,43,916
217,43,772
218,43,566
219,43,897
220,43,954
221,43,77
222,43,59
223,43,753
224,43,787
225,43,610
226,43,941
227,43,1020
228,43,137
229,43,908
230,43,250
231,43,27
232,43,36
233,43,184
234,43,857
235,43,217
236,43,60
237,43,189
238,43,965
239,43,453
240,43,205
241,43,494
242,43,187
243,43,794
244,43,532
245,43,1007
246,43,777
247,43,393
248,43,112
249,43,317
250,43,373
251,43,982
252,43,574
253,43,89
254,43,148
255,43,160
256,43,345
257,43,944
258,43,37
259,43,966
260,43,34
261,43,646
262,43,763
263,43,477
264,43,827
265,43,429
266,43,127
267,43,235
268,43,9
269,43,627
270,43,390
271,43,555
272,43,349
273,43,223
274,43,549
275,43,214
276,43,226
277,43,544
278,43,598
279,43,797
280,43,951
281,43,294
282,43,216
283,43,869
284,43,193
285,43,204
286,43,929
287,43,697
288,43,842
289,43,547
290,43,213
291,43,202
292,43,656
293,43,140
294,43,509
295,43,630
296,43,392
297,43,568
298,43,241
299,43,93
300,43,454
301,43,739
302,43,41
303,43,662
304,43,511
305,43,12
306,43,821
307,43,386
308,43,379
309,43,422
310,43,725
311,43,527
312,43,251
313,43,333
314,43,837
315,43,813
316,43,119
317,43,424
318,43,668
319,43,728
320,43,955
321,43,632
322,43,896
323,43,496
324,43,8
325,43,229
326,43,381
327,43,658
328,43,135
329,43,883
330,43,110
331,43,285
332,43,894
333,43,689
334,43,792
335,43,369
336,43,228
337,43,236
338,43,70
339,43,701
340,43,947
341,43,699
342,43,464
343,43,38
344,43,55
345,43,1006
346,43,856
347,43,190
348,43,737
349,43,976
350,43,602
351,43,51
352,43,880
353,43,324
354,43,442
355,43,707
356,43,991
357,43,799
358,43,552
359,43,499
360,43,421
361,43,460
362,43,1012
363,43,147
364,43,1018
365,43,893
366,43,705
367,43,85
368,43,681
369,43,164
370,43,162
371,43,922
372,43,139
373,43,451
374,43,45
375,43,826
376,43,751
377,43,513
378,43,849
379,43,835
380,43,559
381,43,355
382,43,673
383,43,664
384,43,682
385,43,305
386,43,569
387,43,828
388,43,892
389,43,776
390,43,343
391,43,895
392,43,913
393,43,875
394,43,862
395,43,286
396,43,43
397,43,523
398,43,350
399,43,245
0,44,301
1,44,150
2,44,157
3,44,683
4,44,443
5,44,954
6,44,974
7,44,669
8,44,311
9,44,463
10,44,557
11,44,73
12,44,154
13,44,786
14,44,697
15,44,618
16,44,784
17,44,1009
18,44,520
19,44,217
20,44,710
21,44,0
22,44,554
23,44,230
24,44,713
25,44,342
26,44,123
27,44,287
28,44,901
29,44,142
30,44,304
31,44,492
32,44,1013
33,44,112
34,44,643
35,44,149
36,44,440
37,44,380
38,44,942
39,44,717
40,44,998
41,44,603
42,44,633
43,44,106
44,44,67
45,44,867
46,44,911
47,44,105
48,44,540
49,44,767
50,44,524
51,44,883
52,44,783
53,44,487
54,44,933
55,44,1002
56,44,537
57,44,266
58,44,474
59,44,363
60,44,839
61,44,476
62,44,1006
63,44,847
64,44,775
65,44,521
66,44,584
67,44,877
68,44,432
69,44,749
70,44,650
71,44,362
72,44,649
73,44,1010
74,44,81
75,44,506
76,44,616
77,44,297
78,44,646
79,44,779
80,44,891
81,44,754
82,44,356
83,44,163
84,44,315
85,44,538
86,44,983
87,44,185
88,44,966
89,44,686
90,44,1005
91,44,170
92,44,814
93,44,188
94,44,890
95,44,887
96,44,252
97,44,885
98,44,435
99,44,617
100,44,924
101,44,770
102,44,560
103,44,652
104,44,539
105,44,614
106,44,137
107,44,267
108,44,239
109,44,654
110,44,49
111,44,449
112,44,62
113,44,790
114,44,434
115,44,450
116,44,89
117,44,44
118,44,101
119,44,606
120,44,868
121,44,431
122,44,730
123,44,748
124,44,176
125,44,334
126,44,102
127,44,516
128,44,375
129,44,264
130,44,812
131,44,985
132,44,16
133,44,519
134,44,619
135,44,47
136,44,513
137,44,978
138,44,482
139,44,242
140,44,250
141,44,724
142,44,607
143,44,116
144,44,173
145,44,723
146,44,852
147,44,243
148,44,126
149,44,96
150,44,987
151,44,550
152,44,534
153,44,319
154,44,75
155,44,631
156,44,11
157,44,952
158,44,635
159,44,785
160,44,104
161,44,504
162,44,120
163,44,98
164,44,433
165,44,35
166,44,277
167,44,838
168,44,866
169,44,531
170,44,462
171,44,473
172,44,298
173,44,165
174,44,865
175,44,854
176,44,115
177,44,663
178,44,878
179,44,326
180,44,1003
181,44,921
182,44,809
183,44,988
184,44,261
185,44,597
186,44,843
187,44,20
188,44,256
189,44,743
190,44,437
191,44,525
192,44,237
193,44,970
194,44,580
195,44,938
196,44,490
197,44,957
198,44,345
199,44,309
200,44,410
201,44,981
202,44,980
203,44,962
204,44,80
205,44,317
206,44,709
207,44,201
208,44,571
209,44,914
210,44,186
211,44,667
212,44,960
213,44,135
214,44,179
215,44,161
216,44,916
217,44,772
218,44,566
219,44,929
220,44,955
221,44,77
222,44,91
223,44,753
224,44,787
225,44,610
226,44,973
227,44,1020
228,44,138
229,44,908
230,44,251
231,44,27
232,44,36
233,44,184
234,44,857
235,44,218
236,44,61
237,44,189
238,44,997
239,44,485
240,44,205
241,44,494
242,44,155
243,44,794
244,44,532
245,44,1008
246,44,777
247,44,393
248,44,113
249,44,349
250,44,373
251,44,982
252,44,575
253,44,121
254,44,148
255,44,160
256,44,313
257,44,944
258,44,5
259,44,965
260,44,34
261,44,645
262,44,763
263,44,509
264,44,827
265,44,429
266,44,127
267,44,235
268,44,9
269,44,627
270,44,390
271,44,555
272,44,350
273,44,223
274,44,549
275,44,214
276,44,226
277,44,545
278,44,599
279,44,797
280,44,951
281,44,294
282,44,216
283,44,869
284,44,193
285,44,204
286,44,930
287,44,665
288,44,842
289,44,515
290,44,213
291,44,202
292,44,656
293,44,140
294,44,541
295,44,630
296,44,392
297,44,536
298,44,241
299,44,93
300,44,454
301,44,739
302,44,41
303,44,662
304,44,511
305,44,12
306,44,821
307,44,386
308,44,379
309,44,421
310,44,725
311,44,527
312,44,283
313,44,333
314,44,837
315,44,813
316,44,119
317,44,424
318,44,668
319,44,728
320,44,956
321,44,632
322,44,928
323,44,496
324,44,8
325,44,197
326,44,381
327,44,658
328,44,134
329,44,884
330,44,110
331,44,285
332,44,894
333,44,689
334,44,792
335,44,369
336,44,228
337,44,236
338,44,70
339,44,701
340,44,947
341,44,699
342,44,464
343,44,39
344,44,54
345,44,1007
346,44,856
347,44,158
348,44,738
349,44,976
350,44,570
351,44,51
352,44,912
353,44,325
354,44,442
355,44,707
356,44,991
357,44,799
358,44,552
359,44,499
360,44,453
361,44,460
362,44,1012
363,44,147
364,44,1018
365,44,893
366,44,737
367,44,85
368,44,681
369,44,164
370,44,162
371,44,922
372,44,107
373,44,451
374,44,45
375,44,826
376,44,751
377,44,514
378,44,849
379,44,834
380,44,559
381,44,355
382,44,673
383,44,664
384,44,682
385,44,305
386,44,568
387,44,828
388,44,892
389,44,776
390,44,343
391,44,895
392,44,881
393,44,875
394,44,862
395,44,286
396,44,43
397,44,523
398,44,318
399,44,245
0,45,301
1,45,150
2,45,158
3,45,683
4,45,443
5,45,922
6,45,1006
7,45,669
8,45,311
9,45,463
10,45,557
11,45,105
12,45,155
13,45,786
14,45,698
15,45,618
16,45,784
17,45,1010
18,45,520
19,45,185
20,45,710
21,45,0
22,45,554
23,45,230
24,45,713
25,45,310
26,45,124
27,45,287
28,45,901
29,45,142
30,45,304
31,45,492
32,45,1013
33,45,80
34,45,643
35,45,149
36,45,440
37,45,380
38,45,941
39,45,717
40,45,997
41,45,603
42,45,665
43,45,74
44,45,67
45,45,867
46,45,911
47,45,104
48,45,540
49,45,767
50,45,524
51,45,915
52,45,783
53,45,487
54,45,933
55,45,1002
56,45,537
57,45,266
58,45,474
59,45,362
60,45,839
61,45,476
62,45,1007
63,45,847
64,45,775
65,45,521
66,45,584
67,45,877
68,45,432
69,45,749
70,45,650
71,45,394
72,45,649
73,45,978
74,45,113
75,45,506
76,45,616
77,45,297
78,45,614
79,45,779
80,45,891
81,45,755
82,45,356
83,45,131
84,45,316
85,45,538
86,45,983
87,45,186
88,45,966
89,45,686
90,45,973
91,45,170
92,45,814
93,45,220
94,45,890
95,45,887
96,45,252
97,45,886
98,45,435
99,45,617
100,45,924
101,45,770
102,45,560
103,45,652
104,45,539
105,45,613
106,45,137
107,45,267
108,45,239
109,45,654
110,45,81
111,45,449
112,45,61
113,45,790
114,45,434
115,45,450
116,45,121
117,45,44
118,45,101
119,45,606
120,45,868
121,45,431
122,45,730
123,45,748
124,45,176
125,45,334
126,45,102
127,45,516
128,45,375
129,45,264
130,45,812
131,45,985
132,45,16
133,45,518
134,45,619
135,45,47
136,45,481
137,45,977
138,45,482
139,45,243
140,45,250
141,45,724
142,45,639
143,45,115
144,45,173
145,45,723
146,45,852
147,45,211
148,45,94
149,45,96
150,45,955
151,45,550
152,45,534
153,45,319
154,45,75
155,45,663
156,45,11
157,45,952
158,45,635
159,45,785
160,45,136
161,45,504
162,45,119
163,45,98
164,45,433
165,45,35
166,45,277
167,45,838
168,45,865
169,45,531
170,45,462
171,45,473
172,45,298
173,45,165
174,45,864
175,45,854
176,45,147
177,45,695
178,45,878
179,45,326
180,45,1003
181,45,921
182,45,809
183,45,988
184,45,261
185,45,597
186,45,843
187,45,20
188,45,256
189,45,743
190,45,437
191,45,525
192,45,237
193,45,970
194,45,580
195,45,938
196,45,490
197,45,925
198,45,313
199,45,309
200,45,410
201,45,981
202,45,980
203,45,962
204,45,48
205,45,318
206,45,709
207,45,201
208,45,571
209,45,914
210,45,218
211,45,667
212,45,961
213,45,135
214,45,178
215,45,161
216,45,916
217,45,772
218,45,566
219,45,929
220,45,954
221,45,77
222,45,92
223,45,753
224,45,787
225,45,610
226,45,972
227,45,1020
228,45,139
229,45,908
230,45,251
231,45,27
232,45,36
233,45,184
234,45,857
235,45,219
236,45,29
237,45,157
238,45,996
239,45,453
240,45,205
241,45,494
242,45,123
243,45,794
244,45,532
245,45,1009
246,45,777
247,45,393
248,45,112
249,45,317
250,45,373
251,45,982
252,45,607
253,45,120
254,45,148
255,45,160
256,45,312
257,45,944
258,45,5
259,45,965
260,45,34
261,45,646
262,45,763
263,45,509
264,45,827
265,45,429
266,45,127
267,45,235
268,45,9
269,45,627
270,45,390
271,45,555
272,45,349
273,45,223
274,45,549
275,45,214
276,45,226
277,45,545
278,45,567
279,45,797
280,45,951
281,45,294
282,45,216
283,45,869
284,45,193
285,45,204
286,45,930
287,45,697
288,45,842
289,45,515
290,45,213
291,45,202
292,45,656
293,45,140
294,45,541
295,45,630
296,45,392
297,45,535
298,45,241
299,45,93
300,45,486
301,45,739
302,45,41
303,45,662
304,45,511
305,45,12
306,45,821
307,45,386
308,45,379
309,45,420
310,45,725
311,45,527
312,45,315
313,45,333
314,45,837
315,45,813
316,45,87
317,45,424
318,45,668
319,45,728
320,45,957
321,45,632
322,45,960
323,45,496
324,45,8
325,45,197
326,45,381
327,45,658
328,45,133
329,45,885
330,45,110
331,45,285
332,45,894
333,45,689
334,45,792
335,45,369
336,45,228
337,45,236
338,45,70
339,45,701
340,45,947
341,45,699
342,45,464
343,45,39
344,45,54
345,45,1008
346,45,856
347,45,126
348,45,737
349,45,976
350,45,570
351,45,51
352,45,912
353,45,325
354,45,442
355,45,707
356,45,991
357,45,799
358,45,552
359,45,499
360,45,454
361,45,460
362,45,1012
363,45,179
364,45,1018
365,45,893
366,45,769
367,45,85
368,45,681
369,45,164
370,45,162
371,45,923
372,45,106
373,45,451
374,45,45
375,45,826
376,45,751
377,45,546
378,45,849
379,45,834
380,45,559
381,45,355
382,45,673
383,45,664
384,45,682
385,45,305
386,45,568
387,45,828
388,45,892
389,45,776
390,45,343
391,45,895
392,45,882
393,45,875
394,45,862
395,45,286
396,45,43
397,45,523
398,45,350
399,45,245
0,46,301
1,46,150
2,46,159
3,46,683
4,46,443
5,46,954
6,46,1006
7,46,669
8,46,311
9,46,463
10,46,557
11,46,105
12,46,187
13,46,786
14,46,698
15,46,618
16,46,784
17,46,1011
18,46,520
19,46,185
20,46,710
21,46,0
22,46,554
23,46,230
24,46,713
25,46,278
26,46,156
27,46,287
28,46,901
29,46,142
30,46,304
31,46,492
32,46,1013
33,46,48
34,46,643
35,46,149
36,46,440
37,46,380
38,46,940
39,46,717
40,46,997
41,46,603
42,46,665
43,46,75
44,46,67
45,46,867
46,46,911
47,46,103
48,46,540
49,46,767
50,46,524
51,46,915
52,46,783
53,46,487
54,46,933
55,46,1002
56,46,537
57,46,266
58,46,474
59,46,361
60,46,839
61,46,476
62,46,1008
63,46,847
64,46,775
65,46,521
66,46,584
67,46,877
68,46,432
69,46,749
70,46,650
71,46,362
72,46,649
73,46,946
74,46,145
75,46,506
76,46,616
77,46,297
78,46,613
79,46,779
80,46,891
81,46,755
82,46,356
83,46,99
84,46,315
85,46,538
86,46,983
87,46,186
88,46,966
89,46,686
90,46,973
91,46,170
92,46,814
93,46,220
94,46,890
95,46,887
96,46,252
97,46,854
98,46,435
99,46,617
100,46,924
101,46,770
102,46,560
103,46,652
104,46,539
105,46,581
106,46,137
107,46,267
108,46,239
109,46,654
110,46,81
111,46,448
112,46,60
113,46,790
114,46,434
115,46,450
116,46,122
117,46,44
118,46,101
119,46,606
120,46,868
121,46,431
122,46,730
123,46,748
124,46,176
125,46,334
126,46,102
127,46,516
128,46,375
129,46,264
130,46,812
131,46,985
132,46,15
133,46,518
134,46,619
135,46,47
136,46,449
137,46,978
138,46,482
139,46,243
140,46,250
141,46,724
142,46,638
143,46,114
144,46,173
145,46,723
146,46,852
147,46,210
148,46,95
149,46,96
150,46,955
151,46,550
152,46,534
153,46,319
154,46,76
155,46,695
156,46,11
157,46,952
158,46,635
159,46,785
160,46,104
161,46,504
162,46,120
163,46,98
164,46,433
165,46,35
166,46,277
167,46,838
168,46,897
169,46,531
170,46,462
171,46,473
172,46,298
173,46,165
174,46,865
175,46,822
176,46,115
177,46,694
178,46,878
179,46,326
180,46,1003
181,46,921
182,46,809
183,46,988
184,46,261
185,46,597
186,46,843
187,46,20
188,46,256
189,46,743
190,46,437
191,46,525
192,46,237
193,46,970
194,46,580
195,46,938
196,46,490
197,46,957
198,46,281
199,46,309
200,46,410
201,46,981
202,46,980
203,46,962
204,46,16
205,46,350
206,46,709
207,46,201
208,46,571
209,46,914
210,46,218
211,46,667
212,46,960
213,46,135
214,46,179
215,46,161
216,46,916
217,46,772
218,46,566
219,46,929
220,46,953
221,46,77
222,46,124
223,46,753
224,46,787
225,46,610
226,46,972
227,46,1020
228,46,171
229,46,908
230,46,251
231,46,27
232,46,36
233,46,184
234,46,857
235,46,219
236,46,29
237,46,157
238,46,996
239,46,421
240,46,205
241,46,494
242,46,91
243,46,794
244,46,532
245,46,1010
246,46,777
247,46,393
248,46,112
249,46,318
250,46,373
251,46,982
252,46,639
253,46,88
254,46,148
255,46,160
256,46,313
257,46,944
258,46,5
259,46,965
260,46,34
261,46,646
262,46,763
263,46,509
264,46,827
265,46,429
266,46,127
267,46,235
268,46,9
269,46,627
270,46,390
271,46,555
272,46,317
273,46,223
274,46,549
275,46,214
276,46,226
277,46,544
278,46,535
279,46,797
280,46,951
281,46,294
282,46,216
283,46,869
284,46,193
285,46,204
286,46,930
287,46,697
288,46,842
289,46,515
290,46,213
291,46,202
292,46,656
293,46,140
294,46,541
295,46,630
296,46,392
297,46,503
298,46,241
299,46,93
300,46,454
301,46,739
302,46,41
303,46,662
304,46,511
305,46,12
306,46,821
307,46,386
308,46,379
309,46,420
310,46,725
311,46,527
312,46,283
313,46,333
314,46,837
315,46,813
316,46,119
317,46,424
318,46,668
319,46,728
320,46,958
321,46,632
322,46,992
323,46,496
324,46,8
325,46,197
326,46,381
327,46,658
328,46,132
329,46,886
330,46,110
331,46,285
332,46,894
333,46,689
334,46,792
335,46,369
336,46,228
337,46,236
338,46,70
339,46,701
340,46,947
341,46,699
342,46,464
343,46,39
344,46,54
345,46,1009
346,46,856
347,46,94
348,46,737
349,46,976
350,46,570
351,46,51
352,46,912
353,46,325
354,46,442
355,46,707
356,46,991
357,46,799
358,46,552
359,46,499
360,46,453
361,46,460
362,46,1012
363,46,147
364,46,1018
365,46,893
366,46,801
367,46,85
368,46,681
369,46,164
370,46,162
371,46,922
372,46,106
373,46,451
374,46,45
375,46,826
376,46,751
377,46,545
378,46,849
379,46,834
380,46,559
381,46,355
382,46,673
383,46,664
384,46,682
385,46,305
386,46,568
387,46,828
388,46,892
389,46,776
390,46,343
391,46,895
392,46,883
393,46,875
394,46,862
395,46,286
396,46,43
397,46,523
398,46,349
399,46,245
0,47,301
1,47,150
2,47,127
3,47,683
4,47,443
5,47,954
6,47,1006
7,47,669
8,47,311
9,47,463
10,47,557
11,47,105
12,47,187
13,47,786
14,47,698
15,47,618
16,47,784
17,47,979
18,47,520
19,47,185
20,47,710
21,47,0
22,47,554
23,47,230
24,47,713
25,47,246
26,47,155
27,47,287
28,47,901
29,47,142
30,47,304
31,47,492
32,47,1013
33,47,47
34,47,643
35,47,149
36,47,440
37,47,379
38,47,939
39,47,717
40,47,997
41,47,603
42,47,665
43,47,107
44,47,67
45,47,867
46,47,911
47,47,102
48,47,540
49,47,767
50,47,524
51,47,915
52,47,783
53,47,487
54,47,933
55,47,1002
56,47,537
57,47,266
58,47,474
59,47,362
60,47,839
61,47,476
62,47,1009
63,47,847
64,47,775
65,47,521
66,47,584
67,47,877
68,47,432
69,47,749
70,47,650
71,47,363
72,47,649
73,47,978
74,47,146
75,47,506
76,47,616
77,47,297
78,47,581
79,47,779
80,47,891
81,47,755
82,47,356
83,47,99
84,47,283
85,47,538
86,47,983
87,47,186
88,47,966
89,47,686
90,47,973
91,47,170
92,47,814
93,47,252
94,47,890
95,47,855
96,47,284
97,47,886
98,47,435
99,47,617
100,47,924
101,47,770
102,47,560
103,47,652
104,47,539
105,47,580
106,47,137
107,47,267
108,47,239
109,47,654
110,47,81
111,47,449
112,47,60
113,47,790
114,47,434
115,47,450
116,47,123
117,47,44
118,47,101
119,47,574
120,47,868
121,47,431
122,47,730
123,47,748
124,47,176
125,47,334
126,47,70
127,47,516
128,47,375
129,47,264
130,47,812
131,47,985
132,47,16
133,47,518
134,47,619
135,47,15
136,47,417
137,47,1010
138,47,482
139,47,243
140,47,250
141,47,724
142,47,606
143,47,114
144,47,173
145,47,723
146,47,852
147,47,242
148,47,94
149,47,96
150,47,955
151,47,550
152,47,534
153,47,319
154,47,75
155,47,695
156,47,11
157,47,952
158,47,635
159,47,785
160,47,104
161,47,504
162,47,120
163,47,98
164,47,433
165,47,35
166,47,277
167,47,838
168,47,929
169,47,531
170,47,462
171,47,473
172,47,298
173,47,165
174,47,865
175,47,854
176,47,115
177,47,662
178,47,878
179,47,326
180,47,1003
181,47,921
182,47,809
183,47,988
184,47,261
185,47,597
186,47,843
187,47,20
188,47,256
189,47,743
190,47,437
191,47,525
192,47,237
193,47,970
194,47,548
195,47,938
196,47,490
197,47,957
198,47,313
199,47,309
200,47,410
201,47,981
202,47,980
203,47,963
204,47,48
205,47,382
206,47,709
207,47,201
208,47,571
209,47,914
210,47,218
211,47,667
212,47,960
213,47,135
214,47,179
215,47,161
216,47,916
217,47,772
218,47,566
219,47,930
220,47,953
221,47,77
222,47,156
223,47,753
224,47,787
225,47,610
226,47,972
227,47,1020
228,47,171
229,47,908
230,47,219
231,47,27
232,47,36
233,47,184
234,47,857
235,47,220
236,47,29
237,47,157
238,47,996
239,47,421
240,47,205
241,47,494
242,47,59
243,47,794
244,47,532
245,47,1011
246,47,777
247,47,393
248,47,112
249,47,318
250,47,373
251,47,982
252,47,638
253,47,88
254,47,148
255,47,160
256,47,345
257,47,944
258,47,5
259,47,965
260,47,34
261,47,646
262,47,763
263,47,509
264,47,827
265,47,429
266,47,95
267,47,235
268,47,9
269,47,627
270,47,390
271,47,555
272,47,349
273,47,223
274,47,549
275,47,214
276,47,226
277,47,545
278,47,503
279,47,797
280,47,951
281,47,294
282,47,216
283,47,869
284,47,193
285,47,204
286,47,962
287,47,697
288,47,842
289,47,515
290,47,213
291,47,202
292,47,656
293,47,140
294,47,541
295,47,631
296,47,392
297,47,471
298,47,241
299,47,93
300,47,454
301,47,739
302,47,41
303,47,630
304,47,511
305,47,12
306,47,821
307,47,386
308,47,378
309,47,420
310,47,725
311,47,527
312,47,251
313,47,333
314,47,837
315,47,813
316,47,119
317,47,424
318,47,668
319,47,728
320,47,959
321,47,632
322,47,992
323,47,496
324,47,8
325,47,197
326,47,380
327,47,658
328,47,132
329,47,887
330,47,110
331,47,285
332,47,894
333,47,689
334,47,792
335,47,369
336,47,228
337,47,236
338,47,69
339,47,701
340,47,947
341,47,699
342,47,464
343,47,39
344,47,54
345,47,977
346,47,856
347,47,62
348,47,737
349,47,976
350,47,570
351,47,51
352,47,912
353,47,325
354,47,442
355,47,707
356,47,991
357,47,799
358,47,552
359,47,499
360,47,453
361,47,460
362,47,1012
363,47,147
364,47,1018
365,47,893
366,47,800
367,47,85
368,47,681
369,47,164
370,47,162
371,47,922
372,47,106
373,47,451
374,47,45
375,47,826
376,47,751
377,47,546
378,47,849
379,47,834
380,47,559
381,47,355
382,47,673
383,47,664
384,47,682
385,47,305
386,47,568
387,47,828
388,47,892
389,47,776
390,47,343
391,47,895
392,47,884
393,47,875
394,47,862
395,47,286
396,47,43
397,47,523
398,47,381
399,47,245
0,48,301
1,48,150
2,48,95
3,48,683
4,48,443
5,48,954
6,48,1006
7,48,669
8,48,311
9,48,463
10,48,557
11,48,105
12,48,187
13,48,786
14,48,698
15,48,618
16,48,784
17,48,1011
18,48,520
19,48,185
20,48,710
21,48,0
22,48,554
23,48,230
24,48,713
25,48,246
26,48,155
27,48,287
28,48,901
29,48,142
30,48,304
31,48,492
32,48,981
33,48,48
34,48,643
35,48,149
36,48,440
37,48,380
38,48,938
39,48,717
40,48,997
41,48,603
42,48,665
43,48,107
44,48,67
45,48,867
46,48,911
47,48,70
48,48,540
49,48,767
50,48,524
51,48,915
52,48,783
53,48,487
54,48,933
55,48,1002
56,48,537
57,48,266
58,48,474
59,48,362
60,48,839
61,48,476
62,48,1010
63,48,847
64,48,775
65,48,521
66,48,584
67,48,877
68,48,432
69,48,749
70,48,650
71,48,363
72,48,649
73,48,946
74,48,147
75,48,506
76,48,616
77,48,297
78,48,549
79,48,779
80,48,891
81,48,755
82,48,356
83,48,99
84,48,284
85,48,538
86,48,983
87,48,186
88,48,966
89,48,686
90,48,973
91,48,170
92,48,814
93,48,220
94,48,890
95,48,887
96,48,252
97,48,886
98,48,435
99,48,617
100,48,924
101,48,770
102,48,560
103,48,652
104,48,539
105,48,581
106,48,137
107,48,267
108,48,239
109,48,654
110,48,81
111,48,449
112,48,60
113,48,790
114,48,434
115,48,450
116,48,124
117,48,44
118,48,101
119,48,606
120,48,868
121,48,431
122,48,730
123,48,748
124,48,176
125,48,334
126,48,69
127,48,516
128,48,375
129,48,264
130,48,812
131,48,985
132,48,16
133,48,518
134,48,619
135,48,47
136,48,385
137,48,978
138,48,482
139,48,243
140,48,250
141,48,724
142,48,607
143,48,146
144,48,173
145,48,723
146,48,852
147,48,242
148,48,126
149,48,96
150,48,955
151,48,550
152,48,534
153,48,319
154,48,75
155,48,695
156,48,11
157,48,952
158,48,635
159,48,785
160,48,104
161,48,504
162,48,120
163,48,98
164,48,433
165,48,35
166,48,277
167,48,838
168,48,961
169,48,531
170,48,462
171,48,473
172,48,298
173,48,165
174,48,865
175,48,854
176,48,114
177,48,663
178,48,878
179,48,326
180,48,1003
181,48,921
182,48,809
183,48,988
184,48,261
185,48,597
186,48,843
187,48,20
188,48,256
189,48,743
190,48,437
191,48,525
192,48,237
193,48,969
194,48,580
195,48,970
196,48,490
197,48,957
198,48,313
199,48,309
200,48,410
201,48,982
202,48,980
203,48,962
204,48,80
205,48,414
206,48,709
207,48,201
208,48,571
209,48,914
210,48,218
211,48,667
212,48,960
213,48,135
214,48,179
215,48,161
216,48,916
217,48,772
218,48,566
219,48,929
220,48,953
221,48,77
222,48,156
223,48,753
224,48,787
225,48,610
226,48,972
227,48,1020
228,48,171
229,48,908
230,48,251
231,48,27
232,48,36
233,48,184
234,48,857
235,48,219
236,48,29
237,48,157
238,48,996
239,48,421
240,48,205
241,48,494
242,48,58
243,48,794
244,48,532
245,48,1012
246,48,777
247,48,393
248,48,112
249,48,318
250,48,373
251,48,1014
252,48,670
253,48,88
254,48,148
255,48,160
256,48,345
257,48,944
258,48,5
259,48,965
260,48,34
261,48,646
262,48,763
263,48,509
264,48,827
265,48,429
266,48,94
267,48,235
268,48,9
269,48,627
270,48,390
271,48,555
272,48,350
273,48,223
274,48,517
275,48,214
276,48,226
277,48,544
278,48,535
279,48,797
280,48,951
281,48,294
282,48,216
283,48,869
284,48,193
285,48,204
286,48,930
287,48,697
288,48,842
289,48,515
290,48,213
291,48,202
292,48,656
293,48,140
294,48,541
295,48,630
296,48,392
297,48,503
298,48,241
299,48,93
300,48,454
301,48,739
302,48,41
303,48,662
304,48,511
305,48,12
306,48,821
307,48,386
308,48,379
309,48,420
310,48,725
311,48,527
312,48,283
313,48,333
314,48,837
315,48,813
316,48,119
317,48,424
318,48,668
319,48,728
320,48,959
321,48,632
322,48,992
323,48,496
324,48,8
325,48,197
326,48,381
327,48,658
328,48,132
329,48,888
330,48,110
331,48,285
332,48,894
333,48,689
334,48,792
335,48,369
336,48,228
337,48,236
338,48,37
339,48,701
340,48,947
341,48,699
342,48,464
343,48,39
344,48,54
345,48,1009
346,48,856
347,48,30
348,48,737
349,48,976
350,48,570
351,48,51
352,48,912
353,48,325
354,48,442
355,48,707
356,48,991
357,48,799
358,48,552
359,48,499
360,48,453
361,48,460
362,48,1013
363,48,115
364,48,1018
365,48,893
366,48,832
367,48,85
368,48,681
369,48,164
370,48,162
371,48,922
372,48,106
373,48,451
374,48,45
375,48,826
376,48,751
377,48,545
378,48,849
379,48,834
380,48,559
381,48,355
382,48,673
383,48,664
384,48,682
385,48,305
386,48,568
387,48,828
388,48,892
389,48,776
390,48,343
391,48,895
392,48,885
393,48,875
394,48,862
395,48,286
396,48,43
397,48,523
398,48,349
399,48,245
0,49,301
1,49,151
2,49,94
3,49,683
4,49,443
5,49,954
6,49,1006
7,49,637
8,49,311
9,49,463
10,49,557
11,49,105
12,49,187
13,49,786
14,49,698
15,49,618
16,49,784
17,49,979
18,49,520
19,49,185
20,49,710
21,49,0
22,49,554
23,49,230
24,49,713
25,49,246
26,49,155
27,49,287
28,49,901
29,49,142
30,49,304
31,49,492
32,49,980
33,49,48
34,49,643
35,49,150
36,49,440
37,49,380
38,49,906
39,49,717
40,49,997
41,49,603
42,49,665
43,49,107
44,49,67
45,49,867
46,49,911
47,49,38
48,49,540
49,49,767
50,49,524
51,49,915
52,49,783
53,49,487
54,49,933
55,49,1002
56,49,537
57,49,266
58,49,474
59,49,362
60,49,839
61,49,476
62,49,1011
63,49,847
64,49,775
65,49,521
66,49,584
67,49,877
68,49,432
69,49,749
70,49,650
71,49,363
72,49,649
73,49,978
74,49,148
75,49,506
76,49,616
77,49,297
78,49,548
79,49,779
80,49,891
81,49,755
82,49,356
83,49,99
84,49,283
85,49,538
86,49,983
87,49,186
88,49,966
89,49,686
90,49,973
91,49,170
92,49,814
93,49,220
94,49,890
95,49,887
96,49,252
97,49,854
98,49,435
99,49,617
100,49,924
101,49,770
102,49,560
103,49,652
104,49,539
105,49,613
106,49,137
107,49,267
108,49,239
109,49,654
110,49,81
111,49,449
112,49,60
113,49,790
114,49,434
115,49,450
116,49,92
117,49,44
118,49,101
119,49,606
120,49,868
121,49,431
122,49,730
123,49,748
124,49,176
125,49,334
126,49,70
127,49,516
128,49,375
129,49,264
130,49,812
131,49,985
132,49,16
133,49,518
134,49,619
135,49,47
136,49,353
137,49,977
138,49,482
139,49,243
140,49,250
141,49,724
142,49,607
143,49,114
144,49,173
145,49,723
146,49,852
147,49,242
148,49,158
149,49,96
150,49,955
151,49,550
152,49,533
153,49,319
154,49,75
155,49,695
156,49,11
157,49,952
158,49,635
159,49,785
160,49,104
161,49,504
162,49,120
163,49,98
164,49,433
165,49,35
166,49,277
167,49,838
168,49,961
169,49,531
170,49,462
171,49,473
172,49,298
173,49,165
174,49,865
175,49,855
176,49,115
177,49,663
178,49,878
179,49,326
180,49,1003
181,49,921
182,49,809
183,49,988
184,49,261
185,49,597
186,49,843
187,49,20
188,49,256
189,49,743
190,49,437
191,49,525
192,49,237
193,49,970
194,49,580
195,49,938
196,49,490
197,49,957
198,49,313
199,49,309
200,49,410
201,49,981
202,49,1012
203,49,962
204,49,80
205,49,414
206,49,709
207,49,201
208,49,571
209,49,914
210,49,218
211,49,667
212,49,960
213,49,135
214,49,179
215,49,161
216,49,916
217,49,772
218,49,566
219,49,929
220,49,953
221,49,77
222,49,156
223,49,753
224,49,787
225,49,610
226,49,972
227,49,1020
228,49,171
229,49,908
230,49,251
231,49,27
232,49,36
233,49,184
234,49,857
235,49,219
236,49,29
237,49,157
238,49,996
239,49,421
240,49,205
241,49,494
242,49,58
243,49,794
244,49,532
245,49,1013
246,49,777
247,49,393
248,49,112
249,49,318
250,49,373
251,49,982
252,49,669
253,49,88
254,49,149
255,49,160
256,49,345
257,49,944
258,49,5
259,49,965
260,49,34
261,49,646
262,49,763
263,49,509
264,49,827
265,49,429
266,49,126
267,49,235
268,49,9
269,49,627
270,49,390
271,49,555
272,49,350
273,49,223
274,49,549
275,49,214
276,49,226
277,49,545
278,49,534
279,49,797
280,49,951
281,49,294
282,49,216
283,49,869
284,49,193
285,49,204
286,49,930
287,49,697
288,49,842
289,49,515
290,49,213
291,49,202
292,49,656
293,49,140
294,49,541
295,49,630
296,49,392
297,49,535
298,49,241
299,49,93
300,49,454
301,49,739
302,49,41
303,49,662
304,49,511
305,49,12
306,49,821
307,49,386
308,49,379
309,49,420
310,49,725
311,49,527
312,49,315
313,49,333
314,49,837
315,49,813
316,49,119
317,49,424
318,49,668
319,49,728
320,49,959
321,49,632
322,49,992
323,49,496
324,49,8
325,49,197
326,49,381
327,49,658
328,49,132
329,49,889
330,49,110
331,49,285
332,49,894
333,49,689
334,49,792
335,49,369
336,49,228
337,49,236
338,49,69
339,49,701
340,49,947
341,49,699
342,49,464
343,49,39
344,49,54
345,49,1008
346,49,856
347,49,31
348,49,737
349,49,976
350,49,570
351,49,51
352,49,912
353,49,325
354,49,442
355,49,707
356,49,991
357,49,799
358,49,552
359,49,499
360,49,453
361,49,460
362,49,1014
363,49,147
364,49,1018
365,49,893
366,49,864
367,49,85
368,49,681
369,49,164
370,49,162
371,49,922
372,49,106
373,49,451
374,49,45
375,49,826
376,49,751
377,49,546
378,49,849
379,49,834
380,49,559
381,49,355
382,49,673
383,49,664
384,49,682
385,49,305
386,49,568
387,49,828
388,49,892
389,49,776
390,49,343
391,49,895
392,49,886
393,49,875
394,49,862
395,49,286
396,49,43
397,49,523
398,49,349
399,49,245
0,50,301
1,50,151
2,50,62
3,50,683
4,50,443
5,50,954
6,50,1006
7,50,669
8,50,311
9,50,463
10,50,557
11,50,105
12,50,187
13,50,786
14,50,698
15,50,618
16,50,784
17,50,1011
18,50,520
19,50,185
20,50,710
21,50,0
22,50,554
23,50,230
24,50,713
25,50,246
26,50,155
27,50,287
28,50,901
29,50,142
30,50,304
31,50,492
32,50,979
33,50,48
34,50,643
35,50,118
36,50,440
37,50,380
38,50,906
39,50,717
40,50,997
41,50,603
42,50,665
43,50,107
44,50,67
45,50,867
46,50,911
47,50,6
48,50,540
49,50,767
50,50,524
51,50,915
52,50,783
53,50,487
54,50,933
55,50,1002
56,50,537
57,50,266
58,50,474
59,50,362
60,50,839
61,50,476
62,50,1012
63,50,847
64,50,775
65,50,521
66,50,584
67,50,877
68,50,432
69,50,749
70,50,650
71,50,363
72,50,649
73,50,1010
74,50,149
75,50,506
76,50,616
77,50,297
78,50,516
79,50,779
80,50,891
81,50,755
82,50,356
83,50,99
84,50,283
85,50,538
86,50,983
87,50,186
88,50,966
89,50,686
90,50,973
91,50,170
92,50,814
93,50,220
94,50,890
95,50,888
96,50,252
97,50,886
98,50,435
99,50,617
100,50,924
101,50,770
102,50,560
103,50,652
104,50,539
105,50,614
106,50,137
107,50,267
108,50,239
109,50,654
110,50,81
111,50,449
112,50,60
113,50,790
114,50,434
115,50,450
116,50,93
117,50,44
118,50,101
119,50,606
120,50,868
121,50,431
122,50,730
123,50,748
124,50,176
125,50,334
126,50,102
127,50,517
128,50,375
129,50,264
130,50,812
131,50,985
132,50,16
133,50,518
134,50,619
135,50,47
136,50,321
137,50,978
138,50,482
139,50,243
140,50,250
141,50,724
142,50,607
143,50,114
144,50,173
145,50,723
146,50,852
147,50,242
148,50,190
149,50,96
150,50,955
151,50,550
152,50,534
153,50,319
154,50,75
155,50,695
156,50,11
157,50,952
158,50,635
159,50,785
160,50,104
161,50,504
162,50,120
163,50,98
164,50,433
165,50,35
166,50,277
167,50,838
168,50,961
169,50,531
170,50,462
171,50,473
172,50,298
173,50,165
174,50,865
175,50,854
176,50,115
177,50,663
178,50,878
179,50,326
180,50,1003
181,50,920
182,50,809
183,50,988
184,50,261
185,50,597
186,50,843
187,50,20
188,50,256
189,50,743
190,50,437
191,50,525
192,50,237
193,50,970
194,50,580
195,50,938
196,50,490
197,50,957
198,50,313
199,50,309
200,50,410
201,50,949
202,50,980
203,50,962
204,50,80
205,50,414
206,50,709
207,50,201
208,50,571
209,50,914
210,50,218
211,50,699
212,50,960
213,50,135
214,50,179
215,50,161
216,50,916
217,50,772
218,50,566
219,50,929
220,50,953
221,50,77
222,50,156
223,50,753
224,50,787
225,50,610
226,50,972
227,50,1020
228,50,171
229,50,908
230,50,251
231,50,27
232,50,36
233,50,184
234,50,857
235,50,219
236,50,29
237,50,157
238,50,996
239,50,421
240,50,205
241,50,494
242,50,58
243,50,794
244,50,532
245,50,981
246,50,777
247,50,393
248,50,112
249,50,318
250,50,373
251,50,982
252,50,668
253,50,88
254,50,150
255,50,160
256,50,345
257,50,944
258,50,5
259,50,965
260,50,34
261,50,646
262,50,763
263,50,509
264,50,827
265,50,429
266,50,127
267,50,235
268,50,9
269,50,627
270,50,390
271,50,555
272,50,350
273,50,223
274,50,549
275,50,214
276,50,226
277,50,544
278,50,535
279,50,797
280,50,951
281,50,294
282,50,216
283,50,869
284,50,193
285,50,204
286,50,930
287,50,697
288,50,842
289,50,515
290,50,213
291,50,202
292,50,656
293,50,140
294,50,541
295,50,630
296,50,392
297,50,567
298,50,241
299,50,94
300,50,454
301,50,739
302,50,41
303,50,662
304,50,511
305,50,12
306,50,821
307,50,386
308,50,379
309,50,420
310,50,725
311,50,527
312,50,315
313,50,333
314,50,837
315,50,813
316,50,119
317,50,424
318,50,667
319,50,728
320,50,959
321,50,632
322,50,992
323,50,496
324,50,8
325,50,197
326,50,381
327,50,658
328,50,132
329,50,921
330,50,110
331,50,285
332,50,894
333,50,689
334,50,792
335,50,369
336,50,228
337,50,236
338,50,70
339,50,701
340,50,947
341,50,700
342,50,464
343,50,39
344,50,54
345,50,1007
346,50,856
347,50,31
348,50,737
349,50,976
350,50,570
351,50,51
352,50,912
353,50,325
354,50,442
355,50,707
356,50,991
357,50,799
358,50,552
359,50,499
360,50,453
361,50,460
362,50,1013
363,50,147
364,50,1018
365,50,893
366,50,864
367,50,85
368,50,681
369,50,164
370,50,162
371,50,922
372,50,106
373,50,451
374,50,45
375,50,826
376,50,751
377,50,545
378,50,849
379,50,834
380,50,559
381,50,355
382,50,673
383,50,664
384,50,682
385,50,305
386,50,568
387,50,828
388,50,892
389,50,776
390,50,343
391,50,895
392,50,887
393,50,875
394,50,862
395,50,286
396,50,43
397,50,523
398,50,349
399,50,245
0,51,301
1,51,151
2,51,30
3,51,683
4,51,443
5,51,954
6,51,974
7,51,669
8,51,311
9,51,463
10,51,557
11,51,105
12,51,187
13,51,786
14,51,698
15,51,618
16,51,784
17,51,1010
18,51,520
19,51,185
20,51,710
21,51,0
22,51,554
23,51,230
24,51,713
25,51,246
26,51,155
27,51,287
28,51,901
29,51,142
30,51,304
31,51,492
32,51,1011
33,51,48
34,51,643
35,51,117
36,51,440
37,51,380
38,51,906
39,51,717
40,51,997
41,51,603
42,51,665
43,51,107
44,51,67
45,51,867
46,51,911
47,51,6
48,51,540
49,51,767
50,51,524
51,51,915
52,51,783
53,51,487
54,51,933
55,51,1002
56,51,537
57,51,266
58,51,474
59,51,362
60,51,839
61,51,476
62,51,1013
63,51,847
64,51,775
65,51,521
66,51,584
67,51,877
68,51,432
69,51,749
70,51,650
71,51,363
72,51,649
73,51,1009
74,51,150
75,51,506
76,51,616
77,51,297
78,51,484
79,51,779
80,51,859
81,51,755
82,51,356
83,51,99
84,51,283
85,51,538
86,51,984
87,51,186
88,51,966
89,51,686
90,51,973
91,51,170
92,51,814
93,51,220
94,51,891
95,51,887
96,51,252
97,51,885
98,51,435
99,51,617
100,51,924
101,51,770
102,51,560
103,51,652
104,51,539
105,51,614
106,51,137
107,51,267
108,51,239
109,51,654
110,51,81
111,51,449
112,51,60
113,51,790
114,51,434
115,51,450
116,51,94
117,51,44
118,51,101
119,51,606
120,51,868
121,51,431
122,51,730
123,51,748
124,51,176
125,51,334
126,51,102
127,51,516
128,51,375
129,51,264
130,51,812
131,51,985
132,51,16
133,51,518
134,51,619
135,51,47
136,51,320
137,51,978
138,51,482
139,51,243
140,51,250
141,51,724
142,51,607
143,51,114
144,51,173
145,51,723
146,51,852
147,51,242
148,51,190
149,51,96
150,51,955
151,51,550
152,51,534
153,51,319
154,51,75
155,51,695
156,51,11
157,51,952
158,51,635
159,51,785
160,51,104
161,51,504
162,51,120
163,51,98
164,51,433
165,51,35
166,51,277
167,51,838
168,51,961
169,51,531
170,51,462
171,51,473
172,51,298
173,51,165
174,51,865
175,51,854
176,51,115
177,51,663
178,51,878
179,51,326
180,51,1003
181,51,921
182,51,809
183,51,988
184,51,261
185,51,597
186,51,843
187,51,20
188,51,256
189,51,743
190,51,437
191,51,525
192,51,237
193,51,970
194,51,580
195,51,938
196,51,490
197,51,957
198,51,313
199,51,309
200,51,410
201,51,949
202,51,980
203,51,962
204,51,80
205,51,414
206,51,709
207,51,201
208,51,571
209,51,914
210,51,218
211,51,667
212,51,960
213,51,135
214,51,179
215,51,161
216,51,916
217,51,772
218,51,566
219,51,929
220,51,953
221,51,77
222,51,156
223,51,753
224,51,787
225,51,610
226,51,972
227,51,1020
228,51,171
229,51,908
230,51,251
231,51,27
232,51,36
233,51,184
234,51,857
235,51,219
236,51,29
237,51,157
238,51,996
239,51,421
240,51,205
241,51,494
242,51,58
243,51,794
244,51,532
245,51,982
246,51,777
247,51,393
248,51,112
249,51,318
250,51,373
251,51,983
252,51,700
253,51,88
254,51,118
255,51,160
256,51,345
257,51,944
258,51,5
259,51,965
260,51,34
261,51,646
262,51,763
263,51,509
264,51,827
265,51,429
266,51,127
267,51,235
268,51,9
269,51,627
270,51,390
271,51,555
272,51,350
273,51,223
274,51,549
275,51,214
276,51,226
277,51,545
278,51,503
279,51,797
280,51,951
281,51,294
282,51,216
283,51,869
284,51,193
285,51,204
286,51,930
287,51,697
288,51,842
289,51,515
290,51,213
291,51,202
292,51,656
293,51,140
294,51,541
295,51,630
296,51,392
297,51,535
298,51,241
299,51,126
300,51,454
301,51,739
302,51,41
303,51,662
304,51,511
305,51,12
306,51,821
307,51,386
308,51,379
309,51,420
310,51,725
311,51,527
312,51,315
313,51,333
314,51,837
315,51,813
316,51,119
317,51,424
318,51,668
319,51,728
320,51,959
321,51,632
322,51,992
323,51,496
324,51,8
325,51,197
326,51,381
327,51,658
328,51,132
329,51,922
330,51,110
331,51,285
332,51,894
333,51,689
334,51,792
335,51,369
336,51,228
337,51,236
338,51,70
339,51,701
340,51,947
341,51,699
342,51,464
343,51,39
344,51,54
345,51,1006
346,51,856
347,51,31
348,51,737
349,51,976
350,51,570
351,51,51
352,51,912
353,51,325
354,51,442
355,51,707
356,51,991
357,51,799
358,51,552
359,51,499
360,51,453
361,51,460
362,51,981
363,51,147
364,51,1018
365,51,893
366,51,864
367,51,85
368,51,681
369,51,164
370,51,162
371,51,890
372,51,106
373,51,451
374,51,45
375,51,826
376,51,751
377,51,546
378,51,849
379,51,834
380,51,559
381,51,355
382,51,673
383,51,664
384,51,682
385,51,305
386,51,568
387,51,828
388,51,892
389,51,776
390,51,343
391,51,895
392,51,919
393,51,875
394,51,862
395,51,286
396,51,43
397,51,523
398,51,349
399,51,245
0,52,301
1,52,183
2,52,30
3,52,683
4,52,443
5,52,954
6,52,1006
7,52,669
8,52,311
9,52,463
10,52,557
11,52,105
12,52,187
13,52,786
14,52,698
15,52,618
16,52,784
17,52,1009
18,52,520
19,52,185
20,52,710
21,52,0
22,52,554
23,52,230
24,52,713
25,52,246
26,52,155
27,52,287
28,52,901
29,52,142
30,52,304
31,52,492
32,52,1012
33,52,48
34,52,643
35,52,149
36,52,440
37,52,380
38,52,906
39,52,717
40,52,997
41,52,603
42,52,665
43,52,107
44,52,67
45,52,867
46,52,911
47,52,6
48,52,540
49,52,767
50,52,524
51,52,915
52,52,783
53,52,487
54,52,933
55,52,1002
56,52,537
57,52,266
58,52,474
59,52,362
60,52,839
61,52,476
62,52,1014
63,52,847
64,52,775
65,52,521
66,52,584
67,52,877
68,52,432
69,52,749
70,52,650
71,52,363
72,52,649
73,52,1008
74,52,151
75,52,506
76,52,616
77,52,297
78,52,484
79,52,779
80,52,891
81,52,755
82,52,356
83,52,99
84,52,283
85,52,538
86,52,984
87,52,186
88,52,966
89,52,686
90,52,973
91,52,170
92,52,814
93,52,220
94,52,890
95,52,887
96,52,252
97,52,884
98,52,435
99,52,617
100,52,924
101,52,770
102,52,560
103,52,652
104,52,539
105,52,614
106,52,137
107,52,267
108,52,239
109,52,654
110,52,81
111,52,449
112,52,60
113,52,790
114,52,434
115,52,450
116,52,62
117,52,44
118,52,101
119,52,606
120,52,868
121,52,431
122,52,730
123,52,748
124,52,176
125,52,334
126,52,102
127,52,516
128,52,375
129,52,264
130,52,812
131,52,985
132,52,16
133,52,518
134,52,619
135,52,47
136,52,288
137,52,978
138,52,482
139,52,243
140,52,250
141,52,724
142,52,607
143,52,114
144,52,173
145,52,723
146,52,852
147,52,242
148,52,190
149,52,96
150,52,955
151,52,550
152,52,534
153,52,319
154,52,75
155,52,695
156,52,11
157,52,952
158,52,635
159,52,785
160,52,104
161,52,504
162,52,120
163,52,98
164,52,433
165,52,35
166,52,277
167,52,838
168,52,961
169,52,531
170,52,462
171,52,473
172,52,298
173,52,165
174,52,865
175,52,854
176,52,115
177,52,663
178,52,878
179,52,326
180,52,1003
181,52,921
182,52,809
183,52,988
184,52,261
185,52,597
186,52,843
187,52,20
188,52,256
189,52,743
190,52,437
191,52,525
192,52,237
193,52,970
194,52,580
195,52,938
196,52,490
197,52,957
198,52,313
199,52,309
200,52,410
201,52,981
202,52,948
203,52,962
204,52,80
205,52,414
206,52,709
207,52,201
208,52,571
209,52,914
210,52,218
211,52,667
212,52,960
213,52,135
214,52,179
215,52,161
216,52,916
217,52,772
218,52,566
219,52,929
220,52,953
221,52,77
222,52,156
223,52,753
224,52,787
225,52,610
226,52,972
227,52,1020
228,52,171
229,52,908
230,52,251
231,52,27
232,52,36
233,52,184
234,52,857
235,52,219
236,52,29
237,52,157
238,52,996
239,52,421
240,52,205
241,52,494
242,52,58
243,52,794
244,52,532
245,52,983
246,52,777
247,52,393
248,52,112
249,52,318
250,52,373
251,52,951
252,52,700
253,52,88
254,52,150
255,52,160
256,52,345
257,52,944
258,52,5
259,52,965
260,52,34
261,52,646
262,52,763
263,52,509
264,52,827
265,52,429
266,52,127
267,52,235
268,52,9
269,52,627
270,52,390
271,52,555
272,52,350
273,52,223
274,52,549
275,52,214
276,52,226
277,52,513
278,52,503
279,52,797
280,52,919
281,52,294
282,52,216
283,52,869
284,52,193
285,52,204
286,52,930
287,52,697
288,52,842
289,52,515
290,52,213
291,52,202
292,52,656
293,52,140
294,52,541
295,52,630
296,52,392
297,52,535
298,52,241
299,52,94
300,52,454
301,52,739
302,52,41
303,52,662
304,52,511
305,52,12
306,52,821
307,52,386
308,52,379
309,52,420
310,52,725
311,52,527
312,52,315
313,52,333
314,52,837
315,52,813
316,52,119
317,52,424
318,52,668
319,52,728
320,52,959
321,52,632
322,52,992
323,52,496
324,52,8
325,52,197
326,52,381
327,52,658
328,52,132
329,52,923
330,52,110
331,52,285
332,52,894
333,52,689
334,52,792
335,52,369
336,52,228
337,52,236
338,52,70
339,52,701
340,52,947
341,52,699
342,52,464
343,52,39
344,52,54
345,52,1005
346,52,856
347,52,31
348,52,737
349,52,976
350,52,570
351,52,51
352,52,912
353,52,325
354,52,442
355,52,707
356,52,991
357,52,799
358,52,552
359,52,499
360,52,453
361,52,460
362,52,980
363,52,147
364,52,1018
365,52,893
366,52,864
367,52,85
368,52,681
369,52,164
370,52,162
371,52,922
372,52,106
373,52,451
374,52,45
375,52,826
376,52,751
377,52,545
378,52,849
379,52,834
380,52,559
381,52,355
382,52,673
383,52,664
384,52,682
385,52,305
386,52,568
387,52,828
388,52,892
389,52,776
390,52,343
391,52,895
392,52,920
393,52,875
394,52,862
395,52,286
396,52,43
397,52,523
398,52,349
399,52,245
0,53,301
1,53,184
2,53,30
3,53,683
4,53,443
5,53,954
6,53,1006
7,53,669
8,53,311
9,53,463
10,53,557
11,53,105
12,53,187
13,53,786
14,53,698
15,53,618
16,53,784
17,53,1008
18,53,520
19,53,185
20,53,710
21,53,0
22,53,554
23,53,230
24,53,713
25,53,246
26,53,155
27,53,287
28,53,901
29,53,142
30,53,304
31,53,492
32,53,1013
33,53,48
34,53,643
35,53,148
36,53,440
37,53,380
38,53,906
39,53,717
40,53,997
41,53,603
42,53,665
43,53,107
44,53,67
45,53,867
46,53,911
47,53,6
48,53,540
49,53,767
50,53,524
51,53,915
52,53,783
53,53,487
54,53,933
55,53,1002
56,53,537
57,53,266
58,53,474
59,53,362
60,53,839
61,53,476
62,53,982
63,53,847
64,53,775
65,53,521
66,53,584
67,53,877
68,53,432
69,53,749
70,53,650
71,53,363
72,53,649
73,53,976
74,53,183
75,53,506
76,53,616
77,53,297
78,53,484
79,53,779
80,53,891
81,53,755
82,53,356
83,53,99
84,53,283
85,53,538
86,53,985
87,53,186
88,53,966
89,53,686
90,53,973
91,53,170
92,53,814
93,53,220
94,53,890
95,53,887
96,53,252
97,53,883
98,53,435
99,53,617
100,53,925
101,53,770
102,53,560
103,53,652
104,53,539
105,53,614
106,53,137
107,53,267
108,53,239
109,53,654
110,53,81
111,53,449
112,53,60
113,53,790
114,53,434
115,53,450
116,53,62
117,53,44
118,53,101
119,53,606
120,53,868
121,53,431
122,53,730
123,53,748
124,53,176
125,53,334
126,53,102
127,53,516
128,53,375
129,53,264
130,53,812
131,53,1017
132,53,16
133,53,518
134,53,619
135,53,47
136,53,256
137,53,978
138,53,482
139,53,243
140,53,250
141,53,724
142,53,607
143,53,114
144,53,173
145,53,723
146,53,852
147,53,242
148,53,190
149,53,96
150,53,955
151,53,550
152,53,534
153,53,319
154,53,75
155,53,695
156,53,11
157,53,952
158,53,635
159,53,785
160,53,104
161,53,504
162,53,120
163,53,98
164,53,433
165,53,35
166,53,277
167,53,838
168,53,961
169,53,531
170,53,462
171,53,473
172,53,298
173,53,165
174,53,865
175,53,854
176,53,115
177,53,663
178,53,878
179,53,326
180,53,1003
181,53,921
182,53,809
183,53,988
184,53,261
185,53,597
186,53,843
187,53,20
188,53,257
189,53,743
190,53,437
191,53,525
192,53,237
193,53,970
194,53,580
195,53,938
196,53,490
197,53,957
198,53,313
199,53,309
200,53,410
201,53,981
202,53,980
203,53,962
204,53,80
205,53,414
206,53,709
207,53,201
208,53,571
209,53,914
210,53,218
211,53,667
212,53,960
213,53,135
214,53,179
215,53,161
216,53,916
217,53,772
218,53,566
219,53,929
220,53,953
221,53,77
222,53,156
223,53,753
224,53,787
225,53,610
226,53,972
227,53,1020
228,53,171
229,53,908
230,53,251
231,53,27
232,53,36
233,53,216
234,53,857
235,53,219
236,53,29
237,53,157
238,53,996
239,53,421
240,53,205
241,53,494
242,53,58
243,53,794
244,53,532
245,53,984
246,53,777
247,53,393
248,53,112
249,53,318
250,53,373
251,53,983
252,53,700
253,53,88
254,53,149
255,53,160
256,53,345
257,53,944
258,53,5
259,53,965
260,53,34
261,53,646
262,53,763
263,53,509
264,53,827
265,53,429
266,53,127
267,53,235
268,53,9
269,53,627
270,53,390
271,53,555
272,53,350
273,53,223
274,53,549
275,53,214
276,53,226
277,53,545
278,53,503
279,53,797
280,53,951
281,53,294
282,53,215
283,53,869
284,53,193
285,53,204
286,53,930
287,53,697
288,53,842
289,53,515
290,53,213
291,53,202
292,53,656
293,53,140
294,53,541
295,53,630
296,53,392
297,53,535
298,53,241
299,53,93
300,53,454
301,53,739
302,53,41
303,53,662
304,53,511
305,53,12
306,53,821
307,53,386
308,53,379
309,53,420
310,53,725
311,53,527
312,53,315
313,53,333
314,53,837
315,53,813
316,53,119
317,53,424
318,53,668
319,53,728
320,53,959
321,53,632
322,53,992
323,53,496
324,53,8
325,53,197
326,53,381
327,53,658
328,53,132
329,53,924
330,53,110
331,53,285
332,53,894
333,53,689
334,53,792
335,53,369
336,53,228
337,53,236
338,53,70
339,53,701
340,53,947
341,53,699
342,53,464
343,53,39
344,53,54
345,53,1005
346,53,856
347,53,31
348,53,737
349,53,977
350,53,570
351,53,51
352,53,912
353,53,325
354,53,442
355,53,707
356,53,991
357,53,799
358,53,552
359,53,499
360,53,453
361,53,460
362,53,1012
363,53,147
364,53,1018
365,53,893
366,53,864
367,53,85
368,53,681
369,53,164
370,53,162
371,53,922
372,53,106
373,53,451
374,53,45
375,53,826
376,53,751
377,53,544
378,53,849
379,53,834
380,53,559
381,53,355
382,53,673
383,53,664
384,53,682
385,53,305
386,53,568
387,53,828
388,53,892
389,53,776
390,53,343
391,53,895
392,53,920
393,53,875
394,53,862
395,53,286
396,53,43
397,53,523
398,53,349
399,53,245
0,54,301
1,54,183
2,54,30
3,54,683
4,54,443
5,54,922
6,54,1006
7,54,669
8,54,311
9,54,463
10,54,557
11,54,105
12,54,187
13,54,786
14,54,698
15,54,618
16,54,784
17,54,1008
18,54,520
19,54,185
20,54,710
21,54,0
22,54,554
23,54,230
24,54,713
25,54,246
26,54,155
27,54,287
28,54,901
29,54,142
30,54,304
31,54,492
32,54,1013
33,54,48
34,54,643
35,54,116
36,54,440
37,54,380
38,54,906
39,54,717
40,54,997
41,54,603
42,54,665
43,54,107
44,54,67
45,54,867
46,54,911
47,54,6
48,54,540
49,54,767
50,54,524
51,54,915
52,54,783
53,54,487
54,54,933
55,54,1002
56,54,537
57,54,266
58,54,474
59,54,362
60,54,839
61,54,476
62,54,983
63,54,847
64,54,775
65,54,521
66,54,584
67,54,877
68,54,432
69,54,749
70,54,650
71,54,363
72,54,649
73,54,977
74,54,215
75,54,506
76,54,616
77,54,297
78,54,484
79,54,779
80,54,891
81,54,755
82,54,356
83,54,99
84,54,283
85,54,538
86,54,953
87,54,186
88,54,966
89,54,686
90,54,973
91,54,170
92,54,814
93,54,220
94,54,890
95,54,887
96,54,252
97,54,883
98,54,435
99,54,617
100,54,957
101,54,770
102,54,560
103,54,652
104,54,539
105,54,614
106,54,137
107,54,267
108,54,239
109,54,654
110,54,81
111,54,449
112,54,60
113,54,790
114,54,434
115,54,450
116,54,62
117,54,44
118,54,101
119,54,606
120,54,868
121,54,431
122,54,730
123,54,748
124,54,176
125,54,334
126,54,102
127,54,516
128,54,375
129,54,264
130,54,812
131,54,1017
132,54,16
133,54,518
134,54,619
135,54,47
136,54,224
137,54,979
138,54,482
139,54,243
140,54,250
141,54,724
142,54,607
143,54,114
144,54,173
145,54,723
146,54,852
147,54,242
148,54,190
149,54,96
150,54,955
151,54,550
152,54,534
153,54,319
154,54,75
155,54,695
156,54,11
157,54,952
158,54,635
159,54,785
160,54,104
161,54,504
162,54,120
163,54,98
164,54,433
165,54,35
166,54,277
167,54,838
168,54,961
169,54,531
170,54,462
171,54,473
172,54,298
173,54,165
174,54,865
175,54,854
176,54,115
177,54,663
178,54,878
179,54,326
180,54,1003
181,54,921
182,54,809
183,54,988
184,54,261
185,54,597
186,54,843
187,54,20
188,54,256
189,54,743
190,54,437
191,54,525
192,54,237
193,54,970
194,54,580
195,54,938
196,54,490
197,54,956
198,54,313
199,54,309
200,54,410
201,54,981
202,54,980
203,54,962
204,54,80
205,54,414
206,54,709
207,54,201
208,54,571
209,54,914
210,54,218
211,54,667
212,54,960
213,54,135
214,54,179
215,54,161
216,54,916
217,54,772
218,54,566
219,54,929
220,54,954
221,54,77
222,54,156
223,54,753
224,54,787
225,54,610
226,54,972
227,54,1020
228,54,171
229,54,908
230,54,251
231,54,27
232,54,36
233,54,184
234,54,857
235,54,219
236,54,29
237,54,157
238,54,996
239,54,421
240,54,205
241,54,494
242,54,58
243,54,794
244,54,532
245,54,985
246,54,777
247,54,393
248,54,112
249,54,318
250,54,373
251,54,984
252,54,700
253,54,88
254,54,148
255,54,160
256,54,345
257,54,944
258,54,5
259,54,965
260,54,34
261,54,646
262,54,763
263,54,509
264,54,827
265,54,429
266,54,127
267,54,235
268,54,9
269,54,627
270,54,390
271,54,555
272,54,350
273,54,223
274,54,549
275,54,214
276,54,226
277,54,545
278,54,503
279,54,797
280,54,951
281,54,294
282,54,216
283,54,869
284,54,193
285,54,204
286,54,930
287,54,697
288,54,842
289,54,515
290,54,213
291,54,202
292,54,656
293,54,140
294,54,541
295,54,630
296,54,392
297,54,535
298,54,241
299,54,93
300,54,454
301,54,739
302,54,41
303,54,662
304,54,511
305,54,12
306,54,821
307,54,386
308,54,379
309,54,420
310,54,725
311,54,527
312,54,315
313,54,333
314,54,837
315,54,813
316,54,119
317,54,424
318,54,668
319,54,728
320,54,959
321,54,632
322,54,992
323,54,496
324,54,8
325,54,197
326,54,381
327,54,658
328,54,132
329,54,925
330,54,110
331,54,285
332,54,894
333,54,689
334,54,792
335,54,369
336,54,228
337,54,236
338,54,70
339,54,701
340,54,947
341,54,699
342,54,464
343,54,39
344,54,54
345,54,1005
346,54,856
347,54,31
348,54,737
349,54,978
350,54,570
351,54,51
352,54,912
353,54,325
354,54,442
355,54,707
356,54,991
357,54,799
358,54,552
359,54,499
360,54,453
361,54,460
362,54,1012
363,54,147
364,54,1018
365,54,893
366,54,864
367,54,85
368,54,681
369,54,164
370,54,162
371,54,923
372,54,106
373,54,451
374,54,45
375,54,826
376,54,751
377,54,544
378,54,849
379,54,834
380,54,559
381,54,355
382,54,673
383,54,664
384,54,682
385,54,305
386,54,568
387,54,828
388,54,892
389,54,776
390,54,343
391,54,895
392,54,920
393,54,875
394,54,862
395,54,286
396,54,43
397,54,523
398,54,349
399,54,245
0,55,301
1,55,151
2,55,30
3,55,683
4,55,443
5,55,954
6,55,1006
7,55,669
8,55,311
9,55,463
10,55,557
11,55,105
12,55,187
13,55,786
14,55,698
15,55,618
16,55,784
17,55,1008
18,55,520
19,55,185
20,55,710
21,55,0
22,55,554
23,55,230
24,55,713
25,55,246
26,55,155
27,55,287
28,55,901
29,55,142
30,55,304
31,55,492
32,55,1013
33,55,48
34,55,643
35,55,148
36,55,440
37,55,380
38,55,906
39,55,717
40,55,997
41,55,603
42,55,665
43,55,107
44,55,67
45,55,867
46,55,911
47,55,6
48,55,540
49,55,767
50,55,524
51,55,915
52,55,783
53,55,487
54,55,933
55,55,1002
56,55,537
57,55,266
58,55,474
59,55,362
60,55,839
61,55,476
62,55,951
63,55,847
64,55,775
65,55,521
66,55,584
67,55,877
68,55,432
69,55,749
70,55,650
71,55,363
72,55,649
73,55,1009
74,55,215
75,55,506
76,55,616
77,55,297
78,55,484
79,55,779
80,55,891
81,55,755
82,55,356
83,55,99
84,55,283
85,55,538
86,55,985
87,55,186
88,55,966
89,55,686
90,55,973
91,55,170
92,55,814
93,55,220
94,55,890
95,55,887
96,55,252
97,55,883
98,55,435
99,55,617
100,55,956
101,55,770
102,55,560
103,55,652
104,55,539
105,55,614
106,55,137
107,55,267
108,55,239
109,55,654
110,55,81
111,55,449
112,55,60
113,55,790
114,55,434
115,55,450
116,55,62
117,55,44
118,55,101
119,55,606
120,55,868
121,55,431
122,55,730
123,55,748
124,55,176
125,55,334
126,55,102
127,55,516
128,55,375
129,55,264
130,55,812
131,55,1017
132,55,16
133,55,518
134,55,619
135,55,47
136,55,224
137,55,978
138,55,482
139,55,243
140,55,250
141,55,724
142,55,607
143,55,114
144,55,173
145,55,723
146,55,852
147,55,242
148,55,190
149,55,96
150,55,955
151,55,550
152,55,534
153,55,319
154,55,75
155,55,695
156,55,11
157,55,952
158,55,635
159,55,785
160,55,104
161,55,504
162,55,120
163,55,98
164,55,433
165,55,35
166,55,277
167,55,838
168,55,961
169,55,531
170,55,462
171,55,473
172,55,298
173,55,165
174,55,865
175,55,854
176,55,115
177,55,663
178,55,878
179,55,326
180,55,1003
181,55,921
182,55,809
183,55,988
184,55,261
185,55,597
186,55,843
187,55,20
188,55,256
189,55,743
190,55,437
191,55,525
192,55,237
193,55,970
194,55,580
195,55,938
196,55,490
197,55,924
198,55,313
199,55,309
200,55,410
201,55,981
202,55,980
203,55,962
204,55,80
205,55,414
206,55,709
207,55,201
208,55,571
209,55,914
210,55,218
211,55,667
212,55,960
213,55,135
214,55,179
215,55,161
216,55,916
217,55,772
218,55,566
219,55,929
220,55,953
221,55,77
222,55,156
223,55,753
224,55,787
225,55,610
226,55,972
227,55,1020
228,55,171
229,55,908
230,55,251
231,55,27
232,55,36
233,55,184
234,55,857
235,55,219
236,55,29
237,55,157
238,55,996
239,55,421
240,55,205
241,55,494
242,55,58
243,55,794
244,55,532
245,55,986
246,55,777
247,55,393
248,55,112
249,55,318
250,55,373
251,55,983
252,55,700
253,55,88
254,55,149
255,55,160
256,55,345
257,55,944
258,55,5
259,55,965
260,55,34
261,55,646
262,55,763
263,55,509
264,55,827
265,55,429
266,55,127
267,55,235
268,55,9
269,55,627
270,55,390
271,55,555
272,55,350
273,55,223
274,55,549
275,55,214
276,55,226
277,55,545
278,55,503
279,55,797
280,55,919
281,55,294
282,55,216
283,55,869
284,55,193
285,55,204
286,55,930
287,55,697
288,55,842
289,55,515
290,55,213
291,55,202
292,55,656
293,55,140
294,55,541
295,55,630
296,55,392
297,55,535
298,55,241
299,55,93
300,55,454
301,55,739
302,55,41
303,55,662
304,55,511
305,55,12
306,55,821
307,55,386
308,55,379
309,55,420
310,55,725
311,55,527
312,55,315
313,55,333
314,55,837
315,55,813
316,55,119
317,55,424
318,55,668
319,55,728
320,55,959
321,55,632
322,55,992
323,55,496
324,55,8
325,55,197
326,55,381
327,55,658
328,55,132
329,55,925
330,55,110
331,55,285
332,55,894
333,55,689
334,55,792
335,55,369
336,55,228
337,55,236
338,55,70
339,55,701
340,55,947
341,55,699
342,55,464
343,55,39
344,55,54
345,55,1005
346,55,856
347,55,31
348,55,737
349,55,977
350,55,570
351,55,51
352,55,912
353,55,325
354,55,442
355,55,707
356,55,991
357,55,799
358,55,552
359,55,499
360,55,453
361,55,460
362,55,1012
363,55,147
364,55,1018
365,55,893
366,55,864
367,55,85
368,55,681
369,55,164
370,55,162
371,55,922
372,55,106
373,55,451
374,55,45
375,55,826
376,55,751
377,55,544
378,55,849
379,55,834
380,55,559
381,55,355
382,55,673
383,55,664
384,55,682
385,55,305
386,55,568
387,55,828
388,55,892
389,55,776
390,55,343
391,55,895
392,55,920
393,55,875
394,55,862
395,55,286
396,55,43
397,55,523
398,55,349
399,55,245
0,56,301
1,56,150
2,56,30
3,56,683
4,56,443
5,56,954
6,56,1006
7,56,669
8,56,311
9,56,463
10,56,557
11,56,105
12,56,187
13,56,786
14,56,698
15,56,618
16,56,784
17,56,1008
18,56,520
19,56,185
20,56,710
21,56,0
22,56,554
23,56,230
24,56,713
25,56,246
26,56,155
27,56,287
28,56,901
29,56,142
30,56,304
31,56,492
32,56,1013
33,56,48
34,56,643
35,56,149
36,56,440
37,56,380
38,56,906
39,56,717
40,56,997
41,56,603
42,56,665
43,56,107
44,56,67
45,56,867
46,56,911
47,56,6
48,56,540
49,56,767
50,56,524
51,56,915
52,56,783
53,56,487
54,56,933
55,56,1002
56,56,537
57,56,266
58,56,474
59,56,362
60,56,839
61,56,476
62,56,919
63,56,847
64,56,775
65,56,521
66,56,584
67,56,877
68,56,432
69,56,749
70,56,650
71,56,363
72,56,649
73,56,1010
74,56,215
75,56,506
76,56,616
77,56,297
78,56,484
79,56,779
80,56,891
81,56,755
82,56,356
83,56,99
84,56,283
85,56,538
86,56,984
87,56,186
88,56,966
89,56,686
90,56,973
91,56,170
92,56,814
93,56,220
94,56,890
95,56,855
96,56,252
97,56,883
98,56,435
99,56,617
100,56,924
101,56,770
102,56,560
103,56,652
104,56,539
105,56,614
106,56,137
107,56,267
108,56,239
109,56,654
110,56,81
111,56,449
112,56,60
113,56,790
114,56,434
115,56,450
116,56,62
117,56,44
118,56,101
119,56,606
120,56,868
121,56,431
122,56,730
123,56,748
124,56,176
125,56,334
126,56,102
127,56,516
128,56,375
129,56,264
130,56,812
131,56,985
132,56,16
133,56,518
134,56,619
135,56,47
136,56,224
137,56,978
138,56,482
139,56,243
140,56,250
141,56,724
142,56,607
143,56,114
144,56,173
145,56,723
146,56,852
147,56,242
148,56,190
149,56,96
150,56,955
151,56,550
152,56,534
153,56,319
154,56,75
155,56,695
156,56,11
157,56,952
158,56,635
159,56,785
160,56,104
161,56,504
162,56,120
163,56,98
164,56,433
165,56,35
166,56,277
167,56,838
168,56,961
169,56,531
170,56,462
171,56,473
172,56,298
173,56,165
174,56,865
175,56,854
176,56,115
177,56,663
178,56,878
179,56,326
180,56,1003
181,56,921
182,56,809
183,56,988
184,56,261
185,56,597
186,56,843
187,56,20
188,56,256
189,56,743
190,56,437
191,56,525
192,56,237
193,56,970
194,56,580
195,56,938
196,56,490
197,56,925
198,56,313
199,56,309
200,56,410
201,56,981
202,56,980
203,56,962
204,56,80
205,56,414
206,56,709
207,56,201
208,56,571
209,56,914
210,56,218
211,56,667
212,56,960
213,56,135
214,56,179
215,56,161
216,56,916
217,56,772
218,56,566
219,56,929
220,56,953
221,56,77
222,56,156
223,56,753
224,56,787
225,56,610
226,56,972
227,56,1020
228,56,171
229,56,908
230,56,251
231,56,27
232,56,36
233,56,184
234,56,857
235,56,219
236,56,29
237,56,157
238,56,996
239,56,421
240,56,205
241,56,494
242,56,58
243,56,794
244,56,532
245,56,987
246,56,777
247,56,393
248,56,112
249,56,318
250,56,373
251,56,982
252,56,700
253,56,88
254,56,117
255,56,160
256,56,345
257,56,944
258,56,5
259,56,965
260,56,34
261,56,646
262,56,763
263,56,509
264,56,827
265,56,429
266,56,127
267,56,235
268,56,9
269,56,627
270,56,390
271,56,555
272,56,350
273,56,223
274,56,549
275,56,214
276,56,226
277,56,545
278,56,503
279,56,797
280,56,887
281,56,294
282,56,216
283,56,869
284,56,193
285,56,204
286,56,930
287,56,697
288,56,842
289,56,515
290,56,213
291,56,202
292,56,656
293,56,140
294,56,541
295,56,630
296,56,392
297,56,535
298,56,241
299,56,93
300,56,454
301,56,739
302,56,41
303,56,662
304,56,511
305,56,12
306,56,821
307,56,386
308,56,379
309,56,420
310,56,725
311,56,527
312,56,315
313,56,333
314,56,837
315,56,813
316,56,119
317,56,424
318,56,668
319,56,728
320,56,959
321,56,632
322,56,992
323,56,496
324,56,8
325,56,197
326,56,381
327,56,658
328,56,132
329,56,957
330,56,110
331,56,285
332,56,894
333,56,689
334,56,792
335,56,369
336,56,228
337,56,236
338,56,70
339,56,701
340,56,947
341,56,699
342,56,464
343,56,39
344,56,54
345,56,1005
346,56,856
347,56,31
348,56,737
349,56,976
350,56,570
351,56,51
352,56,912
353,56,325
354,56,442
355,56,707
356,56,991
357,56,799
358,56,552
359,56,499
360,56,453
361,56,460
362,56,1012
363,56,147
364,56,1018
365,56,893
366,56,864
367,56,85
368,56,681
369,56,164
370,56,162
371,56,922
372,56,106
373,56,451
374,56,45
375,56,826
376,56,751
377,56,544
378,56,849
379,56,834
380,56,559
381,56,355
382,56,673
383,56,664
384,56,682
385,56,305
386,56,568
387,56,828
388,56,892
389,56,776
390,56,343
391,56,895
392,56,920
393,56,875
394,56,862
395,56,286
396,56,43
397,56,523
398,56,349
399,56,245
0,57,301
1,57,150
2,57,30
3,57,683
4,57,443
5,57,954
6,57,1006
7,57,669
8,57,311
9,57,463
10,57,557
11,57,105
12,57,187
13,57,786
14,57,698
15,57,618
16,57,784
17,57,1008
18,57,520
19,57,185
20,57,710
21,57,0
22,57,554
23,57,230
24,57,713
25,57,246
26,57,155
27,57,287
28,57,901
29,57,142
30,57,304
31,57,492
32,57,1013
33,57,48
34,57,643
35,57,148
36,57,440
37,57,380
38,57,906
39,57,717
40,57,997
41,57,603
42,57,665
43,57,107
44,57,67
45,57,867
46,57,911
47,57,6
48,57,540
49,57,767
50,57,524
51,57,915
52,57,783
53,57,487
54,57,933
55,57,1002
56,57,537
57,57,266
58,57,474
59,57,362
60,57,839
61,57,476
62,57,951
63,57,847
64,57,775
65,57,521
66,57,584
67,57,877
68,57,432
69,57,749
70,57,650
71,57,363
72,57,649
73,57,1010
74,57,215
75,57,506
76,57,616
77,57,297
78,57,484
79,57,779
80,57,891
81,57,755
82,57,356
83,57,99
84,57,283
85,57,538
86,57,983
87,57,186
88,57,966
89,57,686
90,57,973
91,57,170
92,57,814
93,57,220
94,57,890
95,57,887
96,57,252
97,57,883
98,57,435
99,57,617
100,57,924
101,57,770
102,57,560
103,57,652
104,57,539
105,57,614
106,57,137
107,57,267
108,57,239
109,57,654
110,57,81
111,57,449
112,57,60
113,57,790
114,57,434
115,57,450
116,57,62
117,57,44
118,57,101
119,57,606
120,57,868
121,57,431
122,57,730
123,57,748
124,57,176
125,57,334
126,57,102
127,57,516
128,57,375
129,57,264
130,57,812
131,57,985
132,57,16
133,57,518
134,57,619
135,57,47
136,57,224
137,57,978
138,57,482
139,57,243
140,57,250
141,57,724
142,57,607
143,57,114
144,57,173
145,57,723
146,57,852
147,57,242
148,57,190
149,57,96
150,57,955
151,57,550
152,57,534
153,57,319
154,57,75
155,57,695
156,57,11
157,57,952
158,57,635
159,57,785
160,57,104
161,57,504
162,57,120
163,57,98
164,57,433
165,57,35
166,57,277
167,57,838
168,57,961
169,57,531
170,57,462
171,57,473
172,57,298
173,57,165
174,57,865
175,57,854
176,57,115
177,57,663
178,57,878
179,57,326
180,57,1003
181,57,921
182,57,809
183,57,1020
184,57,261
185,57,597
186,57,843
187,57,20
188,57,256
189,57,743
190,57,437
191,57,525
192,57,237
193,57,970
194,57,580
195,57,938
196,57,490
197,57,957
198,57,313
199,57,309
200,57,410
201,57,981
202,57,980
203,57,962
204,57,80
205,57,414
206,57,709
207,57,201
208,57,571
209,57,914
210,57,218
211,57,667
212,57,960
213,57,135
214,57,179
215,57,161
216,57,916
217,57,772
218,57,566
219,57,929
220,57,953
221,57,77
222,57,156
223,57,753
224,57,787
225,57,610
226,57,972
227,57,1019
228,57,171
229,57,908
230,57,251
231,57,27
232,57,36
233,57,184
234,57,857
235,57,219
236,57,29
237,57,157
238,57,996
239,57,421
240,57,205
241,57,494
242,57,58
243,57,794
244,57,532
245,57,988
246,57,777
247,57,393
248,57,112
249,57,318
250,57,373
251,57,982
252,57,700
253,57,88
254,57,149
255,57,160
256,57,345
257,57,944
258,57,5
259,57,965
260,57,34
261,57,646
262,57,763
263,57,509
264,57,827
265,57,429
266,57,127
267,57,235
268,57,9
269,57,627
270,57,390
271,57,555
272,57,350
273,57,223
274,57,549
275,57,214
276,57,226
277,57,545
278,57,503
279,57,797
280,57,919
281,57,294
282,57,216
283,57,869
284,57,193
285,57,204
286,57,930
287,57,697
288,57,842
289,57,515
290,57,213
291,57,202
292,57,656
293,57,140
294,57,541
295,57,630
296,57,392
297,57,535
298,57,241
299,57,93
300,57,454
301,57,739
302,57,41
303,57,662
304,57,511
305,57,12
306,57,821
307,57,386
308,57,379
309,57,420
310,57,725
311,57,527
312,57,315
313,57,333
314,57,837
315,57,813
316,57,119
317,57,424
318,57,668
319,57,728
320,57,959
321,57,632
322,57,992
323,57,496
324,57,8
325,57,197
326,57,381
327,57,658
328,57,132
329,57,989
330,57,110
331,57,285
332,57,894
333,57,689
334,57,792
335,57,369
336,57,228
337,57,236
338,57,70
339,57,701
340,57,947
341,57,699
342,57,464
343,57,39
344,57,54
345,57,1005
346,57,856
347,57,31
348,57,737
349,57,976
350,57,570
351,57,51
352,57,912
353,57,325
354,57,442
355,57,707
356,57,991
357,57,799
358,57,552
359,57,499
360,57,453
361,57,460
362,57,1012
363,57,147
364,57,1018
365,57,893
366,57,864
367,57,85
368,57,681
369,57,164
370,57,162
371,57,922
372,57,106
373,57,451
374,57,45
375,57,826
376,57,751
377,57,544
378,57,849
379,57,834
380,57,559
381,57,355
382,57,673
383,57,664
384,57,682
385,57,305
386,57,568
387,57,828
388,57,892
389,57,776
390,57,343
391,57,895
392,57,920
393,57,875
394,57,862
395,57,286
396,57,43
397,57,523
398,57,349
399,57,245
0,58,301
1,58,150
2,58,30
3,58,683
4,58,443
5,58,954
6,58,1006
7,58,669
8,58,311
9,58,463
10,58,557
11,58,105
12,58,187
13,58,786
14,58,698
15,58,618
16,58,784
17,58,1008
18,58,520
19,58,185
20,58,710
21,58,0
22,58,554
23,58,230
24,58,713
25,58,246
26,58,155
27,58,287
28,58,901
29,58,142
30,58,304
31,58,492
32,58,1013
33,58,48
34,58,643
35,58,116
36,58,440
37,58,380
38,58,906
39,58,717
40,58,997
41,58,603
42,58,665
43,58,107
44,58,67
45,58,867
46,58,911
47,58,6
48,58,540
49,58,767
50,58,524
51,58,915
52,58,783
53,58,487
54,58,933
55,58,1002
56,58,537
57,58,266
58,58,474
59,58,362
60,58,839
61,58,476
62,58,952
63,58,847
64,58,775
65,58,521
66,58,584
67,58,877
68,58,432
69,58,749
70,58,650
71,58,363
72,58,649
73,58,1010
74,58,215
75,58,506
76,58,616
77,58,297
78,58,484
79,58,779
80,58,891
81,58,755
82,58,356
83,58,99
84,58,283
85,58,538
86,58,983
87,58,186
88,58,966
89,58,686
90,58,973
91,58,170
92,58,814
93,58,220
94,58,890
95,58,887
96,58,252
97,58,883
98,58,435
99,58,617
100,58,924
101,58,770
102,58,560
103,58,652
104,58,539
105,58,614
106,58,137
107,58,267
108,58,239
109,58,654
110,58,81
111,58,449
112,58,60
113,58,790
114,58,434
115,58,450
116,58,62
117,58,44
118,58,101
119,58,606
120,58,868
121,58,431
122,58,730
123,58,748
124,58,176
125,58,334
126,58,102
127,58,516
128,58,375
129,58,264
130,58,812
131,58,985
132,58,16
133,58,518
134,58,619
135,58,47
136,58,224
137,58,978
138,58,482
139,58,243
140,58,250
141,58,724
142,58,607
143,58,114
144,58,173
145,58,723
146,58,852
147,58,242
148,58,190
149,58,96
150,58,955
151,58,550
152,58,534
153,58,319
154,58,75
155,58,695
156,58,11
157,58,920
158,58,635
159,58,785
160,58,104
161,58,504
162,58,120
163,58,98
164,58,433
165,58,35
166,58,277
167,58,838
168,58,961
169,58,531
170,58,462
171,58,473
172,58,298
173,58,165
174,58,865
175,58,854
176,58,115
177,58,663
178,58,878
179,58,326
180,58,1003
181,58,889
182,58,809
183,58,988
184,58,261
185,58,597
186,58,843
187,58,20
188,58,256
189,58,743
190,58,437
191,58,525
192,58,237
193,58,970
194,58,580
195,58,938
196,58,490
197,58,956
198,58,313
199,58,309
200,58,410
201,58,981
202,58,980
203,58,962
204,58,80
205,58,414
206,58,709
207,58,201
208,58,571
209,58,914
210,58,218
211,58,667
212,58,960
213,58,135
214,58,179
215,58,161
216,58,916
217,58,772
218,58,566
219,58,929
220,58,953
221,58,77
222,58,156
223,58,753
224,58,787
225,58,610
226,58,972
227,58,1020
228,58,171
229,58,908
230,58,251
231,58,27
232,58,36
233,58,184
234,58,857
235,58,219
236,58,29
237,58,157
238,58,996
239,58,421
240,58,205
241,58,494
242,58,58
243,58,794
244,58,532
245,58,989
246,58,777
247,58,393
248,58,112
249,58,318
250,58,373
251,58,982
252,58,700
253,58,88
254,58,148
255,58,160
256,58,345
257,58,944
258,58,5
259,58,965
260,58,34
261,58,646
262,58,763
263,58,509
264,58,827
265,58,429
266,58,127
267,58,235
268,58,9
269,58,627
270,58,390
271,58,555
272,58,350
273,58,223
274,58,549
275,58,214
276,58,226
277,58,545
278,58,503
279,58,797
280,58,951
281,58,294
282,58,216
283,58,869
284,58,193
285,58,204
286,58,930
287,58,697
288,58,842
289,58,515
290,58,213
291,58,202
292,58,656
293,58,140
294,58,541
295,58,630
296,58,392
297,58,535
298,58,241
299,58,93
300,58,454
301,58,739
302,58,41
303,58,662
304,58,511
305,58,12
306,58,821
307,58,386
308,58,379
309,58,420
310,58,725
311,58,527
312,58,315
313,58,333
314,58,837
315,58,813
316,58,119
317,58,424
318,58,668
319,58,728
320,58,959
321,58,632
322,58,992
323,58,496
324,58,8
325,58,197
326,58,381
327,58,658
328,58,132
329,58,957
330,58,110
331,58,285
332,58,894
333,58,689
334,58,792
335,58,369
336,58,228
337,58,236
338,58,70
339,58,701
340,58,947
341,58,699
342,58,464
343,58,39
344,58,54
345,58,1005
346,58,856
347,58,31
348,58,737
349,58,976
350,58,570
351,58,51
352,58,912
353,58,325
354,58,442
355,58,707
356,58,991
357,58,799
358,58,552
359,58,499
360,58,453
361,58,460
362,58,1012
363,58,147
364,58,1018
365,58,893
366,58,864
367,58,85
368,58,681
369,58,164
370,58,162
371,58,922
372,58,106
373,58,451
374,58,45
375,58,826
376,58,751
377,58,544
378,58,849
379,58,834
380,58,559
381,58,355
382,58,673
383,58,664
384,58,682
385,58,305
386,58,568
387,58,828
388,58,892
389,58,776
390,58,343
391,58,895
392,58,921
393,58,875
394,58,862
395,58,286
396,58,43
397,58,523
398,58,349
399,58,245
0,59,301
1,59,150
2,59,30
3,59,683
4,59,443
5,59,954
6,59,1006
7,59,669
8,59,311
9,59,463
10,59,557
11,59,105
12,59,187
13,59,786
14,59,698
15,59,618
16,59,784
17,59,1008
18,59,520
19,59,185
20,59,710
21,59,0
22,59,554
23,59,230
24,59,713
25,59,246
26,59,155
27,59,287
28,59,901
29,59,142
30,59,304
31,59,492
32,59,1013
33,59,48
34,59,643
35,59,148
36,59,440
37,59,380
38,59,906
39,59,717
40,59,997
41,59,603
42,59,665
43,59,107
44,59,67
45,59,867
46,59,911
47,59,6
48,59,540
49,59,767
50,59,524
51,59,915
52,59,783
53,59,487
54,59,933
55,59,1002
56,59,537
57,59,266
58,59,474
59,59,362
60,59,839
61,59,476
62,59,951
63,59,847
64,59,775
65,59,521
66,59,584
67,59,877
68,59,432
69,59,749
70,59,650
71,59,363
72,59,649
73,59,1010
74,59,215
75,59,506
76,59,616
77,59,297
78,59,484
79,59,779
80,59,891
81,59,755
82,59,356
83,59,99
84,59,283
85,59,538
86,59,984
87,59,186
88,59,966
89,59,686
90,59,973
91,59,170
92,59,814
93,59,220
94,59,890
95,59,887
96,59,252
97,59,883
98,59,435
99,59,617
100,59,924
101,59,770
102,59,560
103,59,652
104,59,539
105,59,614
106,59,137
107,59,267
108,59,239
109,59,654
110,59,81
111,59,449
112,59,60
113,59,790
114,59,434
115,59,450
116,59,62
117,59,44
118,59,101
119,59,606
120,59,868
121,59,431
122,59,730
123,59,748
124,59,176
125,59,334
126,59,102
127,59,516
128,59,375
129,59,264
130,59,812
131,59,985
132,59,16
133,59,518
134,59,619
135,59,47
136,59,224
137,59,978
138,59,482
139,59,243
140,59,250
141,59,724
142,59,607
143,59,114
144,59,173
145,59,723
146,59,852
147,59,242
148,59,190
149,59,96
150,59,955
151,59,550
152,59,534
153,59,319
154,59,75
155,59,695
156,59,11
157,59,952
158,59,635
159,59,785
160,59,104
161,59,504
162,59,120
163,59,98
164,59,433
165,59,35
166,59,277
167,59,838
168,59,961
169,59,531
170,59,462
171,59,473
172,59,298
173,59,165
174,59,865
175,59,854
176,59,115
177,59,663
178,59,878
179,59,326
180,59,1003
181,59,921
182,59,809
183,59,988
184,59,261
185,59,597
186,59,843
187,59,20
188,59,256
189,59,743
190,59,437
191,59,525
192,59,237
193,59,970
194,59,580
195,59,938
196,59,490
197,59,957
198,59,313
199,59,309
200,59,410
201,59,981
202,59,980
203,59,962
204,59,80
205,59,414
206,59,709
207,59,201
208,59,571
209,59,914
210,59,218
211,59,667
212,59,960
213,59,135
214,59,211
215,59,161
216,59,916
217,59,772
218,59,566
219,59,929
220,59,953
221,59,77
222,59,156
223,59,753
224,59,787
225,59,610
226,59,972
227,59,1020
228,59,171
229,59,908
230,59,251
231,59,27
232,59,36
233,59,184
234,59,857
235,59,219
236,59,29
237,59,157
238,59,996
239,59,421
240,59,205
241,59,494
242,59,58
243,59,794
244,59,532
245,59,989
246,59,777
247,59,393
248,59,112
249,59,318
250,59,373
251,59,982
252,59,700
253,59,88
254,59,147
255,59,160
256,59,345
257,59,944
258,59,5
259,59,965
260,59,34
261,59,646
262,59,763
263,59,509
264,59,827
265,59,429
266,59,127
267,59,235
268,59,9
269,59,627
270,59,390
271,59,555
272,59,350
273,59,223
274,59,549
275,59,214
276,59,226
277,59,545
278,59,503
279,59,797
280,59,983
281,59,294
282,59,216
283,59,869
284,59,193
285,59,204
286,59,930
287,59,697
288,59,842
289,59,515
290,59,213
291,59,202
292,59,656
293,59,140
294,59,541
295,59,630
296,59,392
297,59,535
298,59,241
299,59,93
300,59,454
301,59,739
302,59,41
303,59,662
304,59,511
305,59,12
306,59,821
307,59,386
308,59,379
309,59,420
310,59,725
311,59,527
312,59,315
313,59,333
314,59,837
315,59,813
316,59,119
317,59,424
318,59,668
319,59,728
320,59,959
321,59,632
322,59,992
323,59,496
324,59,8
325,59,197
326,59,381
327,59,658
328,59,132
329,59,925
330,59,110
331,59,285
332,59,894
333,59,689
334,59,792
335,59,369
336,59,228
337,59,236
338,59,70
339,59,701
340,59,947
341,59,699
342,59,464
343,59,39
344,59,54
345,59,1005
346,59,856
347,59,31
348,59,737
349,59,976
350,59,570
351,59,51
352,59,912
353,59,325
354,59,442
355,59,707
356,59,991
357,59,799
358,59,552
359,59,499
360,59,453
361,59,460
362,59,1012
363,59,179
364,59,1018
365,59,893
366,59,864
367,59,85
368,59,681
369,59,164
370,59,162
371,59,922
372,59,106
373,59,451
374,59,45
375,59,826
376,59,751
377,59,544
378,59,849
379,59,834
380,59,559
381,59,355
382,59,673
383,59,664
384,59,682
385,59,305
386,59,568
387,59,828
388,59,892
389,59,776
390,59,343
391,59,895
392,59,920
393,59,875
394,59,862
395,59,286
396,59,43
397,59,523
398,59,349
399,59,245
0,60,301
1,60,150
2,60,30
3,60,683
4,60,443
5,60,954
6,60,1006
7,60,669
8,60,311
9,60,463
10,60,557
11,60,105
12,60,187
13,60,786
14,60,698
15,60,618
16,60,784
17,60,1008
18,60,520
19,60,185
20,60,710
21,60,0
22,60,554
23,60,230
24,60,713
25,60,246
26,60,155
27,60,287
28,60,901
29,60,142
30,60,304
31,60,492
32,60,1013
33,60,48
34,60,643
35,60,149
36,60,440
37,60,380
38,60,906
39,60,717
40,60,997
41,60,603
42,60,665
43,60,107
44,60,67
45,60,867
46,60,911
47,60,6
48,60,540
49,60,767
50,60,524
51,60,915
52,60,783
53,60,487
54,60,933
55,60,1002
56,60,537
57,60,266
58,60,474
59,60,362
60,60,839
61,60,476
62,60,919
63,60,847
64,60,775
65,60,521
66,60,584
67,60,877
68,60,432
69,60,749
70,60,650
71,60,363
72,60,649
73,60,1010
74,60,215
75,60,506
76,60,616
77,60,297
78,60,484
79,60,779
80,60,891
81,60,755
82,60,356
83,60,99
84,60,283
85,60,538
86,60,983
87,60,186
88,60,966
89,60,686
90,60,973
91,60,170
92,60,814
93,60,220
94,60,890
95,60,887
96,60,252
97,60,883
98,60,435
99,60,617
100,60,924
101,60,770
102,60,560
103,60,652
104,60,539
105,60,614
106,60,137
107,60,267
108,60,239
109,60,654
110,60,81
111,60,449
112,60,60
113,60,790
114,60,434
115,60,450
116,60,62
117,60,44
118,60,101
119,60,606
120,60,868
121,60,431
122,60,730
123,60,748
124,60,176
125,60,334
126,60,102
127,60,516
128,60,375
129,60,264
130,60,812
131,60,985
132,60,16
133,60,518
134,60,619
135,60,47
136,60,224
137,60,978
138,60,482
139,60,243
140,60,250
141,60,724
142,60,607
143,60,114
144,60,173
145,60,723
146,60,852
147,60,242
148,60,190
149,60,96
150,60,955
151,60,550
152,60,534
153,60,319
154,60,75
155,60,695
156,60,11
157,60,952
158,60,635
159,60,785
160,60,104
161,60,504
162,60,120
163,60,98
164,60,433
165,60,35
166,60,277
167,60,838
168,60,961
169,60,531
170,60,462
171,60,473
172,60,298
173,60,165
174,60,865
175,60,854
176,60,115
177,60,663
178,60,878
179,60,326
180,60,1003
181,60,921
182,60,809
183,60,988
184,60,261
185,60,597
186,60,843
187,60,20
188,60,256
189,60,743
190,60,437
191,60,525
192,60,237
193,60,970
194,60,580
195,60,938
196,60,490
197,60,957
198,60,313
199,60,309
200,60,410
201,60,981
202,60,980
203,60,962
204,60,80
205,60,414
206,60,709
207,60,201
208,60,571
209,60,914
210,60,218
211,60,667
212,60,960
213,60,135
214,60,179
215,60,161
216,60,916
217,60,772
218,60,566
219,60,929
220,60,953
221,60,77
222,60,156
223,60,753
224,60,787
225,60,610
226,60,972
227,60,1020
228,60,171
229,60,908
230,60,251
231,60,27
232,60,36
233,60,184
234,60,857
235,60,219
236,60,29
237,60,157
238,60,996
239,60,421
240,60,205
241,60,494
242,60,58
243,60,794
244,60,532
245,60,989
246,60,777
247,60,393
248,60,112
249,60,318
250,60,373
251,60,982
252,60,700
253,60,88
254,60,148
255,60,160
256,60,345
257,60,944
258,60,5
259,60,965
260,60,34
261,60,646
262,60,763
263,60,509
264,60,827
265,60,429
266,60,127
267,60,235
268,60,9
269,60,627
270,60,390
271,60,555
272,60,350
273,60,223
274,60,549
275,60,214
276,60,226
277,60,545
278,60,503
279,60,797
280,60,951
281,60,294
282,60,216
283,60,869
284,60,193
285,60,204
286,60,930
287,60,697
288,60,842
289,60,515
290,60,213
291,60,202
292,60,656
293,60,140
294,60,541
295,60,630
296,60,392
297,60,535
298,60,241
299,60,93
300,60,454
301,60,739
302,60,41
303,60,662
304,60,511
305,60,12
306,60,821
307,60,386
308,60,379
309,60,420
310,60,725
311,60,527
312,60,315
313,60,333
314,60,837
315,60,813
316,60,119
317,60,424
318,60,668
319,60,728
320,60,959
321,60,632
322,60,992
323,60,496
324,60,8
325,60,197
326,60,381
327,60,658
328,60,132
329,60,925
330,60,110
331,60,285
332,60,894
333,60,689
334,60,792
335,60,369
336,60,228
337,60,236
338,60,70
339,60,701
340,60,947
341,60,699
342,60,464
343,60,39
344,60,54
345,60,1005
346,60,856
347,60,31
348,60,737
349,60,976
350,60,570
351,60,51
352,60,912
353,60,325
354,60,442
355,60,707
356,60,991
357,60,799
358,60,552
359,60,499
360,60,453
361,60,460
362,60,1012
363,60,147
364,60,1018
365,60,893
366,60,864
367,60,85
368,60,681
369,60,164
370,60,162
371,60,922
372,60,106
373,60,451
374,60,45
375,60,826
376,60,751
377,60,544
378,60,849
379,60,834
380,60,559
381,60,355
382,60,673
383,60,664
384,60,682
385,60,305
386,60,568
387,60,828
388,60,892
389,60,776
390,60,343
391,60,895
392,60,920
393,60,875
394,60,862
395,60,286
396,60,43
397,60,523
398,60,349
399,60,245
