agent_id,time_step,vertex_index
0,0,768
1,0,630
2,0,708
3,0,219
4,0,935
5,0,858
6,0,800
7,0,417
8,0,20
9,0,819
10,0,324
11,0,855
12,0,910
13,0,686
14,0,97
15,0,550
16,0,690
17,0,470
18,0,374
19,0,811
20,0,569
21,0,645
22,0,123
23,0,221
24,0,698
25,0,973
26,0,790
27,0,635
28,0,972
29,0,115
30,0,901
31,0,164
32,0,880
33,0,829
34,0,981
35,0,527
36,0,547
37,0,987
38,0,155
39,0,241
40,0,888
41,0,934
42,0,787
43,0,214
44,0,528
45,0,375
46,0,349
47,0,831
48,0,771
49,0,666
50,0,54
51,0,12
52,0,333
53,0,228
54,0,816
55,0,637
56,0,581
57,0,272
58,0,99
59,0,959
60,0,212
61,0,213
62,0,131
63,0,687
64,0,622
65,0,915
66,0,381
67,0,459
68,0,517
69,0,770
70,0,127
71,0,579
72,0,689
73,0,371
74,0,449
75,0,149
76,0,418
77,0,220
78,0,955
79,0,573
80,0,183
81,0,194
82,0,542
83,0,780
84,0,728
85,0,805
86,0,191
87,0,327
88,0,469
89,0,961
90,0,42
91,0,817
92,0,250
93,0,309
94,0,266
95,0,843
96,0,363
97,0,988
98,0,911
99,0,534
100,0,740
101,0,463
102,0,767
103,0,308
104,0,872
105,0,623
106,0,225
107,0,342
108,0,801
109,0,414
110,0,893
111,0,460
112,0,562
113,0,810
114,0,748
115,0,546
116,0,355
117,0,563
118,0,707
119,0,552
120,0,755
121,0,567
122,0,163
123,0,916
124,0,288
125,0,565
126,0,251
127,0,46
128,0,960
129,0,286
130,0,22
131,0,969
132,0,317
133,0,386
134,0,782
135,0,616
136,0,1020
137,0,202
138,0,89
139,0,941
140,0,200
141,0,1021
142,0,255
143,0,210
144,0,174
145,0,1017
146,0,514
147,0,254
148,0,204
149,0,373
150,0,315
151,0,483
152,0,367
153,0,794
154,0,594
155,0,75
156,0,673
157,0,723
158,0,835
159,0,505
160,0,499
161,0,891
162,0,758
163,0,291
164,0,443
165,0,492
166,0,523
167,0,558
168,0,211
169,0,868
170,0,653
171,0,695
172,0,477
173,0,401
174,0,560
175,0,493
176,0,353
177,0,867
178,0,716
179,0,124
180,0,976
181,0,796
182,0,376
183,0,21
184,0,331
185,0,235
186,0,730
187,0,121
188,0,710
189,0,877
190,0,102
191,0,476
192,0,785
193,0,352
194,0,587
195,0,744
196,0,69
197,0,809
198,0,994
199,0,399
200,0,884
201,0,274
202,0,538
203,0,108
204,0,720
205,0,101
206,0,423
207,0,356
208,0,627
209,0,380
210,0,170
211,0,665
212,0,265
213,0,87
214,0,508
215,0,23
216,0,1019
217,0,864
218,0,284
219,0,257
220,0,932
221,0,491
222,0,408
223,0,43
224,0,176
225,0,145
226,0,222
227,0,947
228,0,803
229,0,5
230,0,507
231,0,253
232,0,608
233,0,464
234,0,435
235,0,190
236,0,909
237,0,68
238,0,2
239,0,350
240,0,606
241,0,712
242,0,874
243,0,752
244,0,503
245,0,130
246,0,345
247,0,661
248,0,329
249,0,379
250,0,320
251,0,997
252,0,40
253,0,326
254,0,6
255,0,615
256,0,35
257,0,575
258,0,234
259,0,792
260,0,450
261,0,510
262,0,444
263,0,113
264,0,709
265,0,626
266,0,59
267,0,688
268,0,494
269,0,178
270,0,34
271,0,667
272,0,873
273,0,440
274,0,341
275,0,31
276,0,479
277,0,620
278,0,80
279,0,693
280,0,882
281,0,44
282,0,223
283,0,717
284,0,936
285,0,681
286,0,1010
287,0,431
288,0,706
289,0,799
290,0,938
291,0,293
292,0,638
293,0,378
294,0,430
295,0,815
296,0,442
297,0,533
298,0,30
299,0,133
300,0,181
301,0,120
302,0,267
303,0,940
304,0,81
305,0,980
306,0,362
307,0,9
308,0,298
309,0,138
310,0,943
311,0,141
312,0,570
313,0,694
314,0,295
315,0,465
316,0,126
317,0,539
318,0,526
319,0,1004
320,0,201
321,0,158
322,0,377
323,0,714
324,0,105
325,0,305
326,0,322
327,0,841
328,0,338
329,0,70
330,0,680
331,0,735
332,0,965
333,0,1
334,0,1008
335,0,949
336,0,236
337,0,535
338,0,289
339,0,895
340,0,541
341,0,390
342,0,56
343,0,777
344,0,700
345,0,870
346,0,61
347,0,807
348,0,715
349,0,1013
350,0,36
351,0,957
352,0,894
353,0,762
354,0,157
355,0,361
356,0,217
357,0,473
358,0,96
359,0,589
360,0,39
361,0,632
362,0,742
363,0,1014
364,0,208
365,0,1000
366,0,148
367,0,649
368,0,919
369,0,933
370,0,310
371,0,862
372,0,485
373,0,733
374,0,11
375,0,763
376,0,806
377,0,159
378,0,600
379,0,10
380,0,824
381,0,881
382,0,886
383,0,229
384,0,227
385,0,41
386,0,447
387,0,592
388,0,854
389,0,64
390,0,15
391,0,584
392,0,160
393,0,568
394,0,340
395,0,437
396,0,520
397,0,948
398,0,743
399,0,421
0,1,736
1,1,598
2,1,709
3,1,251
4,1,936
5,1,858
6,1,832
7,1,449
8,1,52
9,1,818
10,1,356
11,1,823
12,1,911
13,1,686
14,1,98
15,1,551
16,1,689
17,1,469
18,1,406
19,1,779
20,1,568
21,1,613
22,1,155
23,1,189
24,1,697
25,1,974
26,1,791
27,1,603
28,1,971
29,1,115
30,1,869
31,1,165
32,1,848
33,1,797
34,1,980
35,1,526
36,1,548
37,1,955
38,1,187
39,1,273
40,1,887
41,1,935
42,1,786
43,1,215
44,1,527
45,1,407
46,1,381
47,1,799
48,1,739
49,1,698
50,1,86
51,1,13
52,1,334
53,1,260
54,1,815
55,1,669
56,1,549
57,1,240
58,1,100
59,1,958
60,1,244
61,1,214
62,1,163
63,1,719
64,1,621
65,1,914
66,1,380
67,1,491
68,1,518
69,1,770
70,1,159
71,1,547
72,1,657
73,1,403
74,1,450
75,1,181
76,1,419
77,1,219
78,1,923
79,1,605
80,1,184
81,1,226
82,1,510
83,1,748
84,1,696
85,1,806
86,1,223
87,1,295
88,1,501
89,1,929
90,1,74
91,1,785
92,1,249
93,1,277
94,1,298
95,1,844
96,1,364
97,1,987
98,1,912
99,1,566
100,1,772
101,1,462
102,1,735
103,1,307
104,1,840
105,1,622
106,1,193
107,1,310
108,1,769
109,1,413
110,1,861
111,1,459
112,1,563
113,1,811
114,1,716
115,1,545
116,1,323
117,1,531
118,1,675
119,1,553
120,1,787
121,1,535
122,1,195
123,1,884
124,1,256
125,1,564
126,1,250
127,1,78
128,1,928
129,1,285
130,1,54
131,1,970
132,1,316
133,1,387
134,1,781
135,1,617
136,1,1021
137,1,234
138,1,88
139,1,909
140,1,201
141,1,989
142,1,287
143,1,178
144,1,174
145,1,985
146,1,546
147,1,253
148,1,205
149,1,341
150,1,347
151,1,484
152,1,399
153,1,762
154,1,562
155,1,76
156,1,641
157,1,724
158,1,836
159,1,537
160,1,467
161,1,890
162,1,757
163,1,291
164,1,442
165,1,460
166,1,524
167,1,590
168,1,210
169,1,868
170,1,654
171,1,663
172,1,445
173,1,400
174,1,559
175,1,525
176,1,321
177,1,867
178,1,717
179,1,123
180,1,944
181,1,828
182,1,408
183,1,22
184,1,331
185,1,236
186,1,731
187,1,120
188,1,678
189,1,876
190,1,103
191,1,476
192,1,753
193,1,353
194,1,586
195,1,776
196,1,70
197,1,810
198,1,962
199,1,398
200,1,852
201,1,306
202,1,570
203,1,107
204,1,688
205,1,69
206,1,423
207,1,357
208,1,628
209,1,412
210,1,171
211,1,665
212,1,297
213,1,87
214,1,507
215,1,23
216,1,1018
217,1,865
218,1,283
219,1,289
220,1,900
221,1,492
222,1,440
223,1,75
224,1,208
225,1,144
226,1,254
227,1,915
228,1,771
229,1,4
230,1,475
231,1,221
232,1,609
233,1,465
234,1,436
235,1,222
236,1,910
237,1,68
238,1,34
239,1,349
240,1,574
241,1,680
242,1,875
243,1,784
244,1,502
245,1,130
246,1,377
247,1,660
248,1,330
249,1,379
250,1,320
251,1,998
252,1,41
253,1,327
254,1,6
255,1,583
256,1,36
257,1,607
258,1,233
259,1,824
260,1,418
261,1,509
262,1,443
263,1,114
264,1,710
265,1,625
266,1,60
267,1,687
268,1,493
269,1,179
270,1,66
271,1,666
272,1,874
273,1,441
274,1,340
275,1,30
276,1,478
277,1,619
278,1,112
279,1,725
280,1,883
281,1,43
282,1,255
283,1,749
284,1,904
285,1,649
286,1,1009
287,1,432
288,1,738
289,1,798
290,1,939
291,1,293
292,1,606
293,1,346
294,1,431
295,1,783
296,1,410
297,1,534
298,1,29
299,1,134
300,1,213
301,1,119
302,1,235
303,1,941
304,1,113
305,1,979
306,1,394
307,1,8
308,1,299
309,1,137
310,1,943
311,1,173
312,1,571
313,1,693
314,1,294
315,1,497
316,1,94
317,1,538
318,1,558
319,1,972
320,1,202
321,1,190
322,1,409
323,1,682
324,1,73
325,1,304
326,1,322
327,1,842
328,1,338
329,1,38
330,1,648
331,1,734
332,1,966
333,1,33
334,1,976
335,1,948
336,1,204
337,1,503
338,1,288
339,1,894
340,1,573
341,1,422
342,1,55
343,1,745
344,1,668
345,1,902
346,1,62
347,1,775
348,1,714
349,1,1012
350,1,37
351,1,925
352,1,926
353,1,730
354,1,157
355,1,393
356,1,218
357,1,505
358,1,97
359,1,557
360,1,39
361,1,600
362,1,743
363,1,982
364,1,209
365,1,1001
366,1,147
367,1,650
368,1,951
369,1,932
370,1,278
371,1,862
372,1,453
373,1,732
374,1,12
375,1,795
376,1,807
377,1,158
378,1,599
379,1,9
380,1,825
381,1,880
382,1,885
383,1,261
384,1,259
385,1,42
386,1,479
387,1,624
388,1,855
389,1,96
390,1,16
391,1,616
392,1,161
393,1,567
394,1,308
395,1,405
396,1,521
397,1,947
398,1,711
399,1,421
0,2,736
1,2,597
2,2,677
3,2,283
4,2,904
5,2,890
6,2,864
7,2,481
8,2,84
9,2,818
10,2,388
11,2,791
12,2,912
13,2,685
14,2,99
15,2,552
16,2,688
17,2,501
18,2,405
19,2,780
20,2,567
21,2,581
22,2,187
23,2,188
24,2,696
25,2,942
26,2,792
27,2,571
28,2,939
29,2,147
30,2,870
31,2,166
32,2,849
33,2,765
34,2,979
35,2,494
36,2,549
37,2,923
38,2,219
39,2,305
40,2,886
41,2,936
42,2,754
43,2,183
44,2,526
45,2,406
46,2,413
47,2,767
48,2,740
49,2,699
50,2,85
51,2,14
52,2,366
53,2,292
54,2,814
55,2,668
56,2,550
57,2,239
58,2,101
59,2,957
60,2,276
61,2,215
62,2,195
63,2,719
64,2,653
65,2,914
66,2,379
67,2,523
68,2,519
69,2,771
70,2,191
71,2,515
72,2,689
73,2,403
74,2,418
75,2,213
76,2,451
77,2,218
78,2,922
79,2,604
80,2,185
81,2,226
82,2,509
83,2,747
84,2,695
85,2,807
86,2,255
87,2,263
88,2,533
89,2,897
90,2,74
91,2,784
92,2,281
93,2,245
94,2,330
95,2,845
96,2,332
97,2,986
98,2,913
99,2,565
100,2,804
101,2,461
102,2,734
103,2,306
104,2,841
105,2,621
106,2,194
107,2,278
108,2,737
109,2,445
110,2,829
111,2,491
112,2,564
113,2,812
114,2,717
115,2,513
116,2,291
117,2,499
118,2,643
119,2,554
120,2,786
121,2,503
122,2,227
123,2,883
124,2,224
125,2,532
126,2,249
127,2,110
128,2,896
129,2,253
130,2,86
131,2,971
132,2,284
133,2,419
134,2,781
135,2,585
136,2,1020
137,2,266
138,2,87
139,2,877
140,2,202
141,2,988
142,2,319
143,2,146
144,2,173
145,2,953
146,2,578
147,2,252
148,2,206
149,2,309
150,2,346
151,2,485
152,2,400
153,2,730
154,2,561
155,2,77
156,2,609
157,2,692
158,2,837
159,2,569
160,2,435
161,2,889
162,2,725
163,2,259
164,2,410
165,2,428
166,2,525
167,2,589
168,2,242
169,2,869
170,2,622
171,2,631
172,2,444
173,2,368
174,2,558
175,2,557
176,2,289
177,2,868
178,2,749
179,2,122
180,2,976
181,2,827
182,2,440
183,2,23
184,2,363
185,2,237
186,2,763
187,2,88
188,2,646
189,2,844
190,2,104
191,2,476
192,2,752
193,2,385
194,2,586
195,2,777
196,2,102
197,2,811
198,2,963
199,2,399
200,2,820
201,2,338
202,2,602
203,2,106
204,2,656
205,2,70
206,2,423
207,2,325
208,2,629
209,2,412
210,2,172
211,2,664
212,2,329
213,2,119
214,2,475
215,2,55
216,2,1017
217,2,866
218,2,315
219,2,290
220,2,901
221,2,460
222,2,439
223,2,107
224,2,240
225,2,176
226,2,286
227,2,947
228,2,739
229,2,3
230,2,474
231,2,220
232,2,610
233,2,466
234,2,468
235,2,221
236,2,911
237,2,69
238,2,66
239,2,348
240,2,542
241,2,680
242,2,843
243,2,816
244,2,534
245,2,162
246,2,376
247,2,659
248,2,331
249,2,347
250,2,321
251,2,999
252,2,42
253,2,295
254,2,6
255,2,551
256,2,37
257,2,639
258,2,201
259,2,823
260,2,386
261,2,508
262,2,443
263,2,115
264,2,711
265,2,657
266,2,61
267,2,686
268,2,492
269,2,211
270,2,98
271,2,665
272,2,875
273,2,442
274,2,339
275,2,29
276,2,477
277,2,587
278,2,113
279,2,724
280,2,915
281,2,75
282,2,254
283,2,748
284,2,903
285,2,617
286,2,1008
287,2,433
288,2,770
289,2,830
290,2,907
291,2,294
292,2,606
293,2,345
294,2,432
295,2,751
296,2,409
297,2,535
298,2,28
299,2,135
300,2,212
301,2,118
302,2,234
303,2,909
304,2,114
305,2,978
306,2,426
307,2,8
308,2,299
309,2,136
310,2,944
311,2,205
312,2,539
313,2,661
314,2,326
315,2,529
316,2,93
317,2,506
318,2,590
319,2,973
320,2,203
321,2,222
322,2,441
323,2,683
324,2,73
325,2,272
326,2,323
327,2,810
328,2,370
329,2,39
330,2,649
331,2,733
332,2,967
333,2,65
334,2,977
335,2,916
336,2,204
337,2,471
338,2,256
339,2,862
340,2,605
341,2,454
342,2,54
343,2,713
344,2,667
345,2,934
346,2,94
347,2,743
348,2,746
349,2,1011
350,2,38
351,2,893
352,2,958
353,2,698
354,2,189
355,2,392
356,2,250
357,2,537
358,2,129
359,2,556
360,2,40
361,2,568
362,2,744
363,2,983
364,2,210
365,2,1002
366,2,179
367,2,618
368,2,951
369,2,900
370,2,246
371,2,861
372,2,421
373,2,700
374,2,13
375,2,794
376,2,808
377,2,157
378,2,598
379,2,41
380,2,793
381,2,879
382,2,884
383,2,293
384,2,260
385,2,43
386,2,511
387,2,625
388,2,856
389,2,97
390,2,48
391,2,648
392,2,193
393,2,566
394,2,340
395,2,373
396,2,489
397,2,946
398,2,679
399,2,422
0,3,737
1,3,598
2,3,645
3,3,315
4,3,905
5,3,922
6,3,865
7,3,482
8,3,116
9,3,786
10,3,420
11,3,792
12,3,913
13,3,717
14,3,100
15,3,584
16,3,688
17,3,501
18,3,404
19,3,781
20,3,566
21,3,549
22,3,219
23,3,187
24,3,695
25,3,943
26,3,760
27,3,539
28,3,938
29,3,146
30,3,870
31,3,167
32,3,850
33,3,733
34,3,978
35,3,462
36,3,550
37,3,891
38,3,251
39,3,304
40,3,885
41,3,904
42,3,722
43,3,151
44,3,525
45,3,405
46,3,412
47,3,735
48,3,741
49,3,731
50,3,84
51,3,15
52,3,398
53,3,324
54,3,814
55,3,700
56,3,551
57,3,239
58,3,102
59,3,956
60,3,308
61,3,216
62,3,227
63,3,687
64,3,652
65,3,914
66,3,378
67,3,524
68,3,520
69,3,739
70,3,223
71,3,516
72,3,657
73,3,402
74,3,386
75,3,214
76,3,483
77,3,218
78,3,921
79,3,603
80,3,186
81,3,226
82,3,508
83,3,746
84,3,727
85,3,808
86,3,287
87,3,264
88,3,532
89,3,898
90,3,106
91,3,783
92,3,280
93,3,213
94,3,362
95,3,844
96,3,333
97,3,985
98,3,881
99,3,597
100,3,805
101,3,460
102,3,734
103,3,305
104,3,842
105,3,620
106,3,195
107,3,246
108,3,705
109,3,444
110,3,797
111,3,523
112,3,565
113,3,813
114,3,716
115,3,481
116,3,291
117,3,467
118,3,642
119,3,555
120,3,785
121,3,471
122,3,259
123,3,882
124,3,224
125,3,531
126,3,217
127,3,109
128,3,864
129,3,252
130,3,85
131,3,972
132,3,283
133,3,451
134,3,749
135,3,553
136,3,1019
137,3,298
138,3,87
139,3,845
140,3,203
141,3,987
142,3,351
143,3,114
144,3,141
145,3,953
146,3,579
147,3,220
148,3,207
149,3,277
150,3,346
151,3,517
152,3,401
153,3,698
154,3,529
155,3,78
156,3,610
157,3,724
158,3,838
159,3,568
160,3,403
161,3,857
162,3,693
163,3,260
164,3,409
165,3,396
166,3,493
167,3,621
168,3,274
169,3,837
170,3,654
171,3,599
172,3,443
173,3,336
174,3,557
175,3,589
176,3,257
177,3,869
178,3,750
179,3,121
180,3,1008
181,3,859
182,3,472
183,3,55
184,3,363
185,3,238
186,3,762
187,3,56
188,3,614
189,3,876
190,3,104
191,3,476
192,3,720
193,3,417
194,3,585
195,3,777
196,3,134
197,3,812
198,3,931
199,3,400
200,3,821
201,3,370
202,3,601
203,3,105
204,3,624
205,3,38
206,3,424
207,3,326
208,3,629
209,3,380
210,3,173
211,3,663
212,3,361
213,3,118
214,3,474
215,3,54
216,3,1016
217,3,867
218,3,347
219,3,290
220,3,901
221,3,428
222,3,407
223,3,139
224,3,272
225,3,175
226,3,318
227,3,948
228,3,740
229,3,35
230,3,442
231,3,188
232,3,578
233,3,466
234,3,469
235,3,222
236,3,912
237,3,70
238,3,98
239,3,316
240,3,510
241,3,681
242,3,811
243,3,817
244,3,533
245,3,194
246,3,375
247,3,658
248,3,332
249,3,348
250,3,322
251,3,1000
252,3,43
253,3,263
254,3,6
255,3,519
256,3,37
257,3,671
258,3,200
259,3,822
260,3,354
261,3,507
262,3,475
263,3,147
264,3,712
265,3,656
266,3,62
267,3,685
268,3,491
269,3,212
270,3,130
271,3,664
272,3,843
273,3,410
274,3,371
275,3,28
276,3,445
277,3,587
278,3,145
279,3,725
280,3,947
281,3,107
282,3,253
283,3,747
284,3,902
285,3,618
286,3,1007
287,3,434
288,3,802
289,3,830
290,3,875
291,3,295
292,3,605
293,3,344
294,3,433
295,3,719
296,3,408
297,3,535
298,3,60
299,3,136
300,3,244
301,3,150
302,3,202
303,3,910
304,3,115
305,3,946
306,3,458
307,3,9
308,3,331
309,3,168
310,3,944
311,3,237
312,3,540
313,3,660
314,3,358
315,3,528
316,3,92
317,3,505
318,3,622
319,3,974
320,3,204
321,3,254
322,3,473
323,3,684
324,3,74
325,3,273
326,3,323
327,3,778
328,3,369
329,3,40
330,3,617
331,3,701
332,3,968
333,3,97
334,3,977
335,3,915
336,3,236
337,3,439
338,3,256
339,3,862
340,3,637
341,3,486
342,3,86
343,3,713
344,3,635
345,3,966
346,3,126
347,3,711
348,3,745
349,3,1010
350,3,39
351,3,861
352,3,957
353,3,697
354,3,221
355,3,392
356,3,250
357,3,569
358,3,161
359,3,556
360,3,8
361,3,536
362,3,776
363,3,984
364,3,242
365,3,1003
366,3,211
367,3,586
368,3,983
369,3,868
370,3,245
371,3,829
372,3,422
373,3,699
374,3,45
375,3,826
376,3,809
377,3,156
378,3,630
379,3,73
380,3,793
381,3,878
382,3,916
383,3,325
384,3,292
385,3,44
386,3,511
387,3,626
388,3,888
389,3,129
390,3,80
391,3,680
392,3,225
393,3,534
394,3,341
395,3,374
396,3,490
397,3,945
398,3,647
399,3,423
0,4,705
1,4,597
2,4,646
3,4,347
4,4,906
5,4,954
6,4,897
7,4,514
8,4,148
9,4,754
10,4,421
11,4,760
12,4,881
13,4,749
14,4,101
15,4,616
16,4,720
17,4,533
18,4,403
19,4,782
20,4,598
21,4,517
22,4,251
23,4,186
24,4,694
25,4,944
26,4,728
27,4,540
28,4,970
29,4,178
30,4,838
31,4,168
32,4,851
33,4,701
34,4,946
35,4,463
36,4,551
37,4,859
38,4,283
39,4,336
40,4,884
41,4,905
42,4,690
43,4,150
44,4,493
45,4,404
46,4,444
47,4,734
48,4,742
49,4,731
50,4,116
51,4,16
52,4,430
53,4,356
54,4,815
55,4,732
56,4,552
57,4,207
58,4,103
59,4,924
60,4,340
61,4,216
62,4,259
63,4,688
64,4,684
65,4,882
66,4,377
67,4,525
68,4,520
69,4,740
70,4,255
71,4,484
72,4,656
73,4,434
74,4,354
75,4,246
76,4,515
77,4,217
78,4,889
79,4,602
80,4,218
81,4,227
82,4,507
83,4,745
84,4,695
85,4,809
86,4,319
87,4,265
88,4,564
89,4,866
90,4,138
91,4,751
92,4,279
93,4,214
94,4,394
95,4,845
96,4,334
97,4,984
98,4,849
99,4,596
100,4,806
101,4,459
102,4,733
103,4,305
104,4,842
105,4,619
106,4,163
107,4,278
108,4,673
109,4,476
110,4,765
111,4,522
112,4,566
113,4,814
114,4,717
115,4,482
116,4,292
117,4,466
118,4,610
119,4,587
120,4,784
121,4,470
122,4,291
123,4,850
124,4,225
125,4,499
126,4,185
127,4,108
128,4,832
129,4,220
130,4,84
131,4,973
132,4,284
133,4,483
134,4,748
135,4,521
136,4,1018
137,4,330
138,4,86
139,4,813
140,4,204
141,4,955
142,4,351
143,4,114
144,4,141
145,4,921
146,4,580
147,4,219
148,4,208
149,4,245
150,4,345
151,4,518
152,4,433
153,4,666
154,4,497
155,4,110
156,4,578
157,4,725
158,4,839
159,4,567
160,4,371
161,4,825
162,4,661
163,4,228
164,4,409
165,4,364
166,4,494
167,4,620
168,4,306
169,4,837
170,4,622
171,4,600
172,4,443
173,4,335
174,4,556
175,4,590
176,4,256
177,4,870
178,4,750
179,4,120
180,4,1007
181,4,858
182,4,471
183,4,87
184,4,362
185,4,239
186,4,794
187,4,55
188,4,613
189,4,875
190,4,136
191,4,475
192,4,719
193,4,449
194,4,584
195,4,778
196,4,135
197,4,812
198,4,932
199,4,401
200,4,820
201,4,402
202,4,633
203,4,104
204,4,592
205,4,39
206,4,424
207,4,327
208,4,629
209,4,412
210,4,173
211,4,631
212,4,393
213,4,117
214,4,442
215,4,22
216,4,1016
217,4,835
218,4,346
219,4,290
220,4,933
221,4,396
222,4,408
223,4,171
224,4,304
225,4,174
226,4,350
227,4,949
228,4,741
229,4,67
230,4,410
231,4,156
232,4,546
233,4,498
234,4,501
235,4,221
236,4,913
237,4,70
238,4,130
239,4,315
240,4,509
241,4,682
242,4,779
243,4,818
244,4,532
245,4,226
246,4,407
247,4,657
248,4,333
249,4,349
250,4,323
251,4,1001
252,4,44
253,4,231
254,4,6
255,4,519
256,4,38
257,4,670
258,4,199
259,4,821
260,4,322
261,4,506
262,4,474
263,4,179
264,4,713
265,4,655
266,4,94
267,4,653
268,4,491
269,4,212
270,4,162
271,4,663
272,4,811
273,4,378
274,4,370
275,4,60
276,4,413
277,4,586
278,4,146
279,4,757
280,4,948
281,4,106
282,4,252
283,4,747
284,4,901
285,4,618
286,4,1006
287,4,435
288,4,803
289,4,830
290,4,843
291,4,263
292,4,604
293,4,343
294,4,465
295,4,687
296,4,440
297,4,503
298,4,59
299,4,137
300,4,276
301,4,149
302,4,170
303,4,911
304,4,147
305,4,914
306,4,490
307,4,9
308,4,332
309,4,200
310,4,945
311,4,269
312,4,508
313,4,628
314,4,390
315,4,527
316,4,91
317,4,504
318,4,623
319,4,942
320,4,205
321,4,286
322,4,505
323,4,685
324,4,42
325,4,241
326,4,355
327,4,746
328,4,368
329,4,41
330,4,585
331,4,669
332,4,969
333,4,129
334,4,978
335,4,883
336,4,235
337,4,439
338,4,224
339,4,862
340,4,637
341,4,487
342,4,85
343,4,681
344,4,603
345,4,998
346,4,158
347,4,679
348,4,744
349,4,1009
350,4,40
351,4,829
352,4,956
353,4,665
354,4,253
355,4,392
356,4,250
357,4,601
358,4,193
359,4,524
360,4,8
361,4,535
362,4,808
363,4,952
364,4,243
365,4,1004
366,4,210
367,4,554
368,4,982
369,4,867
370,4,244
371,4,828
372,4,422
373,4,698
374,4,45
375,4,826
376,4,810
377,4,155
378,4,662
379,4,105
380,4,792
381,4,877
382,4,915
383,4,357
384,4,324
385,4,76
386,4,510
387,4,627
388,4,920
389,4,161
390,4,112
391,4,712
392,4,257
393,4,534
394,4,342
395,4,375
396,4,489
397,4,977
398,4,615
399,4,423
0,5,673
1,5,565
2,5,614
3,5,346
4,5,907
5,5,986
6,5,898
7,5,546
8,5,116
9,5,722
10,5,453
11,5,728
12,5,849
13,5,717
14,5,102
15,5,617
16,5,752
17,5,532
18,5,402
19,5,783
20,5,597
21,5,485
22,5,283
23,5,185
24,5,693
25,5,945
26,5,696
27,5,540
28,5,1002
29,5,177
30,5,839
31,5,168
32,5,852
33,5,669
34,5,914
35,5,431
36,5,552
37,5,827
38,5,315
39,5,368
40,5,916
41,5,906
42,5,691
43,5,149
44,5,461
45,5,403
46,5,476
47,5,733
48,5,743
49,5,730
50,5,115
51,5,48
52,5,430
53,5,388
54,5,814
55,5,731
56,5,553
57,5,239
58,5,135
59,5,923
60,5,339
61,5,184
62,5,291
63,5,720
64,5,716
65,5,883
66,5,409
67,5,557
68,5,520
69,5,741
70,5,287
71,5,484
72,5,655
73,5,466
74,5,322
75,5,278
76,5,547
77,5,216
78,5,888
79,5,601
80,5,219
81,5,259
82,5,506
83,5,744
84,5,663
85,5,810
86,5,351
87,5,233
88,5,563
89,5,867
90,5,170
91,5,750
92,5,311
93,5,215
94,5,426
95,5,877
96,5,335
97,5,983
98,5,850
99,5,595
100,5,807
101,5,458
102,5,732
103,5,304
104,5,843
105,5,651
106,5,164
107,5,277
108,5,641
109,5,508
110,5,765
111,5,521
112,5,567
113,5,782
114,5,685
115,5,450
116,5,260
117,5,465
118,5,578
119,5,588
120,5,784
121,5,469
122,5,323
123,5,818
124,5,226
125,5,467
126,5,153
127,5,107
128,5,800
129,5,220
130,5,52
131,5,974
132,5,252
133,5,515
134,5,748
135,5,489
136,5,1017
137,5,362
138,5,85
139,5,781
140,5,236
141,5,954
142,5,350
143,5,114
144,5,141
145,5,889
146,5,612
147,5,187
148,5,209
149,5,245
150,5,377
151,5,550
152,5,401
153,5,667
154,5,496
155,5,142
156,5,579
157,5,757
158,5,840
159,5,599
160,5,371
161,5,824
162,5,629
163,5,228
164,5,408
165,5,363
166,5,462
167,5,619
168,5,305
169,5,837
170,5,621
171,5,568
172,5,442
173,5,303
174,5,555
175,5,622
176,5,257
177,5,838
178,5,749
179,5,119
180,5,1006
181,5,890
182,5,503
183,5,88
184,5,361
185,5,240
186,5,793
187,5,23
188,5,581
189,5,874
190,5,137
191,5,474
192,5,687
193,5,481
194,5,616
195,5,777
196,5,167
197,5,813
198,5,900
199,5,369
200,5,788
201,5,434
202,5,665
203,5,136
204,5,560
205,5,40
206,5,423
207,5,328
208,5,630
209,5,444
210,5,205
211,5,632
212,5,392
213,5,117
214,5,441
215,5,21
216,5,984
217,5,836
218,5,378
219,5,290
220,5,934
221,5,364
222,5,376
223,5,203
224,5,336
225,5,173
226,5,382
227,5,949
228,5,709
229,5,99
230,5,410
231,5,124
232,5,545
233,5,499
234,5,533
235,5,221
236,5,881
237,5,38
238,5,162
239,5,347
240,5,477
241,5,683
242,5,780
243,5,819
244,5,564
245,5,227
246,5,439
247,5,656
248,5,301
249,5,317
250,5,324
251,5,969
252,5,45
253,5,199
254,5,6
255,5,518
256,5,39
257,5,670
258,5,200
259,5,820
260,5,321
261,5,538
262,5,473
263,5,211
264,5,714
265,5,654
266,5,126
267,5,652
268,5,459
269,5,213
270,5,194
271,5,662
272,5,779
273,5,379
274,5,370
275,5,59
276,5,381
277,5,554
278,5,178
279,5,758
280,5,980
281,5,105
282,5,253
283,5,715
284,5,869
285,5,618
286,5,1005
287,5,436
288,5,804
289,5,829
290,5,811
291,5,264
292,5,603
293,5,375
294,5,433
295,5,688
296,5,440
297,5,535
298,5,91
299,5,138
300,5,308
301,5,148
302,5,171
303,5,912
304,5,147
305,5,882
306,5,491
307,5,9
308,5,333
309,5,201
310,5,946
311,5,269
312,5,509
313,5,596
314,5,390
315,5,526
316,5,123
317,5,472
318,5,624
319,5,943
320,5,206
321,5,318
322,5,537
323,5,686
324,5,10
325,5,241
326,5,355
327,5,747
328,5,367
329,5,42
330,5,586
331,5,637
332,5,970
333,5,161
334,5,979
335,5,851
336,5,267
337,5,438
338,5,224
339,5,830
340,5,638
341,5,519
342,5,84
343,5,680
344,5,571
345,5,999
346,5,190
347,5,647
348,5,712
349,5,977
350,5,41
351,5,797
352,5,955
353,5,664
354,5,285
355,5,424
356,5,251
357,5,633
358,5,225
359,5,525
360,5,8
361,5,534
362,5,809
363,5,920
364,5,244
365,5,972
366,5,242
367,5,522
368,5,981
369,5,835
370,5,212
371,5,828
372,5,421
373,5,697
374,5,13
375,5,826
376,5,778
377,5,154
378,5,661
379,5,104
380,5,760
381,5,876
382,5,915
383,5,358
384,5,356
385,5,77
386,5,542
387,5,628
388,5,921
389,5,193
390,5,113
391,5,713
392,5,289
393,5,566
394,5,343
395,5,407
396,5,490
397,5,976
398,5,583
399,5,422
0,6,641
1,6,533
2,6,614
3,6,378
4,6,875
5,6,986
6,6,930
7,6,578
8,6,148
9,6,690
10,6,454
11,6,696
12,6,850
13,6,717
14,6,103
15,6,617
16,6,753
17,6,531
18,6,401
19,6,751
20,6,596
21,6,453
22,6,315
23,6,184
24,6,692
25,6,946
26,6,664
27,6,540
28,6,1001
29,6,176
30,6,807
31,6,200
32,6,884
33,6,637
34,6,913
35,6,399
36,6,552
37,6,795
38,6,347
39,6,400
40,6,916
41,6,907
42,6,659
43,6,117
44,6,429
45,6,402
46,6,508
47,6,701
48,6,744
49,6,731
50,6,114
51,6,80
52,6,462
53,6,420
54,6,815
55,6,763
56,6,554
57,6,238
58,6,167
59,6,922
60,6,371
61,6,216
62,6,323
63,6,752
64,6,684
65,6,883
66,6,408
67,6,557
68,6,521
69,6,742
70,6,319
71,6,485
72,6,687
73,6,498
74,6,290
75,6,279
76,6,548
77,6,215
78,6,856
79,6,601
80,6,220
81,6,291
82,6,474
83,6,712
84,6,631
85,6,811
86,6,350
87,6,234
88,6,562
89,6,835
90,6,202
91,6,782
92,6,310
93,6,183
94,6,458
95,6,878
96,6,303
97,6,982
98,6,818
99,6,594
100,6,808
101,6,490
102,6,700
103,6,336
104,6,843
105,6,650
106,6,165
107,6,245
108,6,609
109,6,507
110,6,733
111,6,553
112,6,568
113,6,783
114,6,653
115,6,450
116,6,228
117,6,464
118,6,579
119,6,589
120,6,784
121,6,437
122,6,355
123,6,786
124,6,227
125,6,435
126,6,121
127,6,139
128,6,768
129,6,252
130,6,51
131,6,942
132,6,251
133,6,516
134,6,716
135,6,457
136,6,1016
137,6,394
138,6,84
139,6,749
140,6,237
141,6,953
142,6,382
143,6,146
144,6,173
145,6,857
146,6,613
147,6,186
148,6,210
149,6,213
150,6,377
151,6,550
152,6,433
153,6,635
154,6,496
155,6,174
156,6,547
157,6,758
158,6,841
159,6,598
160,6,370
161,6,824
162,6,597
163,6,229
164,6,407
165,6,362
166,6,463
167,6,651
168,6,304
169,6,838
170,6,621
171,6,600
172,6,442
173,6,302
174,6,555
175,6,623
176,6,256
177,6,839
178,6,750
179,6,118
180,6,1005
181,6,889
182,6,535
183,6,89
184,6,361
185,6,241
186,6,792
187,6,22
188,6,549
189,6,873
190,6,138
191,6,473
192,6,686
193,6,513
194,6,616
195,6,809
196,6,168
197,6,814
198,6,868
199,6,369
200,6,787
201,6,466
202,6,666
203,6,135
204,6,528
205,6,41
206,6,424
207,6,329
208,6,630
209,6,476
210,6,206
211,6,632
212,6,393
213,6,85
214,6,441
215,6,20
216,6,983
217,6,804
218,6,410
219,6,289
220,6,935
221,6,363
222,6,376
223,6,235
224,6,368
225,6,172
226,6,414
227,6,981
228,6,677
229,6,131
230,6,409
231,6,92
232,6,545
233,6,467
234,6,534
235,6,189
236,6,849
237,6,39
238,6,194
239,6,346
240,6,445
241,6,683
242,6,781
243,6,851
244,6,532
245,6,259
246,6,471
247,6,655
248,6,333
249,6,285
250,6,325
251,6,970
252,6,46
253,6,231
254,6,38
255,6,486
256,6,40
257,6,669
258,6,199
259,6,819
260,6,320
261,6,570
262,6,505
263,6,243
264,6,715
265,6,622
266,6,127
267,6,620
268,6,460
269,6,212
270,6,226
271,6,661
272,6,780
273,6,380
274,6,338
275,6,91
276,6,349
277,6,586
278,6,179
279,6,790
280,6,948
281,6,104
282,6,221
283,6,747
284,6,837
285,6,618
286,6,1004
287,6,468
288,6,805
289,6,828
290,6,779
291,6,265
292,6,602
293,6,343
294,6,434
295,6,689
296,6,439
297,6,536
298,6,123
299,6,106
300,6,307
301,6,147
302,6,170
303,6,880
304,6,115
305,6,882
306,6,492
307,6,9
308,6,334
309,6,233
310,6,914
311,6,301
312,6,477
313,6,564
314,6,422
315,6,558
316,6,122
317,6,440
318,6,625
319,6,911
320,6,207
321,6,317
322,6,569
323,6,654
324,6,10
325,6,209
326,6,356
327,6,748
328,6,335
329,6,43
330,6,587
331,6,605
332,6,971
333,6,193
334,6,947
335,6,852
336,6,266
337,6,406
338,6,224
339,6,798
340,6,670
341,6,520
342,6,116
343,6,648
344,6,539
345,6,1000
346,6,222
347,6,615
348,6,711
349,6,976
350,6,42
351,6,765
352,6,954
353,6,663
354,6,284
355,6,392
356,6,283
357,6,633
358,6,257
359,6,526
360,6,8
361,6,502
362,6,810
363,6,888
364,6,276
365,6,973
366,6,274
367,6,523
368,6,980
369,6,803
370,6,211
371,6,827
372,6,421
373,6,665
374,6,45
375,6,826
376,6,746
377,6,153
378,6,693
379,6,136
380,6,728
381,6,844
382,6,915
383,6,390
384,6,388
385,6,78
386,6,541
387,6,629
388,6,921
389,6,225
390,6,145
391,6,714
392,6,321
393,6,565
394,6,344
395,6,375
396,6,489
397,6,944
398,6,584
399,6,423
0,7,609
1,7,501
2,7,615
3,7,377
4,7,843
5,7,987
6,7,931
7,7,579
8,7,149
9,7,658
10,7,486
11,7,695
12,7,818
13,7,716
14,7,104
15,7,617
16,7,752
17,7,563
18,7,433
19,7,719
20,7,595
21,7,421
22,7,347
23,7,183
24,7,691
25,7,914
26,7,632
27,7,541
28,7,969
29,7,176
30,7,775
31,7,201
32,7,884
33,7,605
34,7,912
35,7,367
36,7,553
37,7,763
38,7,346
39,7,432
40,7,916
41,7,875
42,7,659
43,7,116
44,7,428
45,7,401
46,7,507
47,7,669
48,7,745
49,7,732
50,7,113
51,7,112
52,7,494
53,7,419
54,7,847
55,7,762
56,7,586
57,7,206
58,7,168
59,7,921
60,7,370
61,7,217
62,7,355
63,7,784
64,7,683
65,7,883
66,7,407
67,7,557
68,7,489
69,7,743
70,7,351
71,7,453
72,7,686
73,7,497
74,7,290
75,7,280
76,7,580
77,7,214
78,7,855
79,7,633
80,7,252
81,7,323
82,7,473
83,7,680
84,7,599
85,7,779
86,7,382
87,7,235
88,7,594
89,7,803
90,7,234
91,7,750
92,7,342
93,7,215
94,7,459
95,7,878
96,7,304
97,7,981
98,7,786
99,7,626
100,7,840
101,7,522
102,7,699
103,7,368
104,7,811
105,7,649
106,7,166
107,7,245
108,7,610
109,7,506
110,7,701
111,7,521
112,7,536
113,7,751
114,7,621
115,7,450
116,7,229
117,7,463
118,7,547
119,7,590
120,7,783
121,7,436
122,7,387
123,7,785
124,7,195
125,7,403
126,7,120
127,7,138
128,7,736
129,7,251
130,7,50
131,7,910
132,7,250
133,7,516
134,7,684
135,7,458
136,7,984
137,7,426
138,7,52
139,7,717
140,7,238
141,7,953
142,7,414
143,7,114
144,7,173
145,7,825
146,7,614
147,7,185
148,7,178
149,7,181
150,7,409
151,7,550
152,7,434
153,7,635
154,7,464
155,7,175
156,7,515
157,7,790
158,7,842
159,7,597
160,7,338
161,7,792
162,7,565
163,7,197
164,7,406
165,7,361
166,7,431
167,7,650
168,7,336
169,7,839
170,7,589
171,7,568
172,7,441
173,7,301
174,7,554
175,7,624
176,7,256
177,7,807
178,7,749
179,7,117
180,7,1004
181,7,890
182,7,567
183,7,89
184,7,329
185,7,242
186,7,791
187,7,21
188,7,517
189,7,841
190,7,170
191,7,472
192,7,654
193,7,545
194,7,584
195,7,809
196,7,200
197,7,815
198,7,836
199,7,369
200,7,755
201,7,498
202,7,698
203,7,134
204,7,496
205,7,42
206,7,424
207,7,297
208,7,598
209,7,508
210,7,207
211,7,631
212,7,393
213,7,84
214,7,440
215,7,19
216,7,982
217,7,772
218,7,442
219,7,321
220,7,936
221,7,331
222,7,408
223,7,267
224,7,400
225,7,171
226,7,413
227,7,1013
228,7,645
229,7,163
230,7,410
231,7,60
232,7,546
233,7,468
234,7,566
235,7,188
236,7,850
237,7,40
238,7,226
239,7,345
240,7,444
241,7,651
242,7,782
243,7,852
244,7,531
245,7,291
246,7,503
247,7,623
248,7,334
249,7,286
250,7,326
251,7,971
252,7,47
253,7,199
254,7,39
255,7,485
256,7,41
257,7,668
258,7,167
259,7,851
260,7,288
261,7,602
262,7,537
263,7,244
264,7,747
265,7,622
266,7,127
267,7,588
268,7,460
269,7,212
270,7,227
271,7,660
272,7,781
273,7,348
274,7,339
275,7,123
276,7,317
277,7,585
278,7,211
279,7,822
280,7,949
281,7,136
282,7,220
283,7,746
284,7,805
285,7,618
286,7,1003
287,7,469
288,7,806
289,7,827
290,7,780
291,7,266
292,7,603
293,7,311
294,7,435
295,7,690
296,7,438
297,7,535
298,7,122
299,7,74
300,7,307
301,7,179
302,7,202
303,7,848
304,7,147
305,7,882
306,7,493
307,7,9
308,7,335
309,7,265
310,7,915
311,7,333
312,7,445
313,7,532
314,7,454
315,7,558
316,7,154
317,7,439
318,7,657
319,7,879
320,7,208
321,7,316
322,7,601
323,7,655
324,7,10
325,7,177
326,7,357
327,7,748
328,7,303
329,7,44
330,7,555
331,7,573
332,7,972
333,7,225
334,7,948
335,7,820
336,7,298
337,7,374
338,7,224
339,7,766
340,7,670
341,7,520
342,7,115
343,7,616
344,7,540
345,7,1001
346,7,254
347,7,583
348,7,710
349,7,976
350,7,43
351,7,733
352,7,986
353,7,662
354,7,283
355,7,392
356,7,315
357,7,665
358,7,289
359,7,527
360,7,8
361,7,470
362,7,810
363,7,856
364,7,277
365,7,974
366,7,306
367,7,524
368,7,979
369,7,771
370,7,210
371,7,859
372,7,420
373,7,664
374,7,45
375,7,826
376,7,778
377,7,121
378,7,692
379,7,135
380,7,727
381,7,812
382,7,947
383,7,422
384,7,388
385,7,110
386,7,509
387,7,630
388,7,889
389,7,257
390,7,146
391,7,715
392,7,353
393,7,564
394,7,376
395,7,343
396,7,490
397,7,943
398,7,552
399,7,423
0,8,610
1,8,501
2,8,583
3,8,409
4,8,811
5,8,955
6,8,932
7,8,580
8,8,148
9,8,657
10,8,487
11,8,663
12,8,786
13,8,717
14,8,105
15,8,617
16,8,751
17,8,562
18,8,465
19,8,720
20,8,594
21,8,421
22,8,346
23,8,151
24,8,690
25,8,914
26,8,632
27,8,509
28,8,968
29,8,208
30,8,743
31,8,233
32,8,884
33,8,573
34,8,911
35,8,335
36,8,554
37,8,731
38,8,378
39,8,464
40,8,915
41,8,876
42,8,627
43,8,115
44,8,396
45,8,433
46,8,506
47,8,637
48,8,746
49,8,733
50,8,145
51,8,144
52,8,526
53,8,420
54,8,879
55,8,794
56,8,587
57,8,205
58,8,136
59,8,889
60,8,402
61,8,249
62,8,387
63,8,752
64,8,682
65,8,882
66,8,406
67,8,556
68,8,457
69,8,744
70,8,350
71,8,453
72,8,686
73,8,529
74,8,291
75,8,312
76,8,612
77,8,213
78,8,854
79,8,665
80,8,284
81,8,355
82,8,472
83,8,648
84,8,600
85,8,780
86,8,414
87,8,236
88,8,626
89,8,771
90,8,266
91,8,750
92,8,374
93,8,216
94,8,491
95,8,878
96,8,272
97,8,980
98,8,754
99,8,625
100,8,841
101,8,521
102,8,698
103,8,400
104,8,779
105,8,681
106,8,166
107,8,245
108,8,578
109,8,538
110,8,669
111,8,520
112,8,537
113,8,719
114,8,589
115,8,450
116,8,197
117,8,431
118,8,515
119,8,622
120,8,815
121,8,404
122,8,419
123,8,784
124,8,194
125,8,403
126,8,88
127,8,138
128,8,737
129,8,250
130,8,49
131,8,910
132,8,218
133,8,484
134,8,652
135,8,459
136,8,983
137,8,458
138,8,51
139,8,685
140,8,239
141,8,921
142,8,413
143,8,146
144,8,173
145,8,793
146,8,646
147,8,184
148,8,178
149,8,149
150,8,441
151,8,550
152,8,435
153,8,603
154,8,463
155,8,176
156,8,483
157,8,822
158,8,843
159,8,629
160,8,338
161,8,760
162,8,533
163,8,165
164,8,405
165,8,329
166,8,399
167,8,649
168,8,368
169,8,840
170,8,557
171,8,568
172,8,440
173,8,269
174,8,586
175,8,656
176,8,256
177,8,775
178,8,781
179,8,116
180,8,1003
181,8,922
182,8,566
183,8,121
184,8,328
185,8,243
186,8,790
187,8,20
188,8,516
189,8,809
190,8,202
191,8,471
192,8,654
193,8,546
194,8,616
195,8,808
196,8,201
197,8,816
198,8,804
199,8,370
200,8,723
201,8,499
202,8,730
203,8,133
204,8,496
205,8,43
206,8,423
207,8,297
208,8,599
209,8,507
210,8,207
211,8,631
212,8,392
213,8,52
214,8,408
215,8,19
216,8,981
217,8,772
218,8,474
219,8,353
220,8,904
221,8,331
222,8,376
223,8,299
224,8,432
225,8,170
226,8,445
227,8,1014
228,8,613
229,8,195
230,8,410
231,8,28
232,8,514
233,8,469
234,8,598
235,8,187
236,8,851
237,8,41
238,8,225
239,8,344
240,8,443
241,8,619
242,8,783
243,8,820
244,8,531
245,8,323
246,8,535
247,8,623
248,8,366
249,8,318
250,8,327
251,8,972
252,8,48
253,8,167
254,8,39
255,8,485
256,8,42
257,8,700
258,8,168
259,8,883
260,8,288
261,8,601
262,8,569
263,8,276
264,8,747
265,8,621
266,8,127
267,8,588
268,8,428
269,8,244
270,8,259
271,8,659
272,8,782
273,8,349
274,8,371
275,8,155
276,8,285
277,8,585
278,8,212
279,8,823
280,8,949
281,8,135
282,8,219
283,8,778
284,8,805
285,8,618
286,8,1002
287,8,470
288,8,807
289,8,826
290,8,748
291,8,265
292,8,602
293,8,310
294,8,436
295,8,658
296,8,437
297,8,536
298,8,122
299,8,75
300,8,306
301,8,211
302,8,203
303,8,849
304,8,179
305,8,850
306,8,494
307,8,8
308,8,336
309,8,264
310,8,947
311,8,334
312,8,444
313,8,532
314,8,486
315,8,590
316,8,153
317,8,438
318,8,689
319,8,880
320,8,209
321,8,348
322,8,633
323,8,655
324,8,9
325,8,177
326,8,325
327,8,749
328,8,302
329,8,45
330,8,523
331,8,541
332,8,973
333,8,257
334,8,916
335,8,788
336,8,298
337,8,373
338,8,224
339,8,734
340,8,670
341,8,552
342,8,114
343,8,615
344,8,540
345,8,1001
346,8,286
347,8,584
348,8,709
349,8,976
350,8,44
351,8,701
352,8,985
353,8,661
354,8,315
355,8,424
356,8,316
357,8,666
358,8,321
359,8,528
360,8,40
361,8,502
362,8,842
363,8,824
364,8,278
365,8,942
366,8,305
367,8,525
368,8,978
369,8,739
370,8,210
371,8,891
372,8,388
373,8,664
374,8,13
375,8,858
376,8,810
377,8,120
378,8,691
379,8,134
380,8,695
381,8,812
382,8,946
383,8,454
384,8,356
385,8,142
386,8,508
387,8,662
388,8,890
389,8,289
390,8,147
391,8,716
392,8,385
393,8,563
394,8,377
395,8,343
396,8,490
397,8,943
398,8,553
399,8,422
0,9,578
1,9,502
2,9,584
3,9,441
4,9,812
5,9,954
6,9,933
7,9,612
8,9,116
9,9,658
10,9,519
11,9,631
12,9,754
13,9,716
14,9,106
15,9,649
16,9,752
17,9,594
18,9,464
19,9,721
20,9,626
21,9,420
22,9,345
23,9,150
24,9,689
25,9,882
26,9,600
27,9,508
28,9,936
29,9,209
30,9,711
31,9,234
32,9,883
33,9,541
34,9,910
35,9,336
36,9,522
37,9,699
38,9,410
39,9,463
40,9,914
41,9,877
42,9,628
43,9,114
44,9,364
45,9,465
46,9,538
47,9,605
48,9,714
49,9,734
50,9,144
51,9,176
52,9,558
53,9,388
54,9,879
55,9,826
56,9,588
57,9,204
58,9,137
59,9,857
60,9,434
61,9,217
62,9,419
63,9,784
64,9,682
65,9,881
66,9,405
67,9,557
68,9,458
69,9,745
70,9,382
71,9,421
72,9,685
73,9,561
74,9,259
75,9,344
76,9,613
77,9,245
78,9,822
79,9,664
80,9,316
81,9,387
82,9,440
83,9,616
84,9,568
85,9,781
86,9,413
87,9,237
88,9,625
89,9,739
90,9,298
91,9,749
92,9,406
93,9,216
94,9,523
95,9,878
96,9,273
97,9,979
98,9,722
99,9,624
100,9,842
101,9,521
102,9,697
103,9,432
104,9,780
105,9,680
106,9,167
107,9,246
108,9,546
109,9,570
110,9,637
111,9,520
112,9,505
113,9,720
114,9,589
115,9,450
116,9,197
117,9,399
118,9,483
119,9,623
120,9,814
121,9,436
122,9,451
123,9,783
124,9,162
125,9,402
126,9,87
127,9,170
128,9,705
129,9,249
130,9,81
131,9,942
132,9,186
133,9,516
134,9,651
135,9,460
136,9,982
137,9,490
138,9,50
139,9,653
140,9,240
141,9,889
142,9,445
143,9,146
144,9,173
145,9,793
146,9,678
147,9,183
148,9,179
149,9,148
150,9,473
151,9,550
152,9,467
153,9,571
154,9,431
155,9,177
156,9,482
157,9,823
158,9,811
159,9,661
160,9,306
161,9,728
162,9,501
163,9,164
164,9,404
165,9,361
166,9,367
167,9,681
168,9,400
169,9,841
170,9,525
171,9,536
172,9,408
173,9,269
174,9,618
175,9,688
176,9,224
177,9,776
178,9,813
179,9,115
180,9,1003
181,9,921
182,9,565
183,9,122
184,9,329
185,9,244
186,9,790
187,9,20
188,9,515
189,9,809
190,9,203
191,9,472
192,9,622
193,9,547
194,9,615
195,9,840
196,9,201
197,9,816
198,9,772
199,9,338
200,9,691
201,9,531
202,9,762
203,9,165
204,9,496
205,9,44
206,9,422
207,9,265
208,9,598
209,9,506
210,9,208
211,9,599
212,9,424
213,9,52
214,9,376
215,9,51
216,9,980
217,9,771
218,9,474
219,9,385
220,9,905
221,9,330
222,9,377
223,9,331
224,9,433
225,9,202
226,9,477
227,9,1014
228,9,581
229,9,227
230,9,409
231,9,27
232,9,513
233,9,470
234,9,630
235,9,219
236,9,852
237,9,42
238,9,257
239,9,343
240,9,442
241,9,620
242,9,751
243,9,821
244,9,532
245,9,355
246,9,567
247,9,655
248,9,398
249,9,319
250,9,328
251,9,973
252,9,49
253,9,135
254,9,38
255,9,453
256,9,43
257,9,732
258,9,136
259,9,915
260,9,256
261,9,633
262,9,569
263,9,277
264,9,779
265,9,621
266,9,127
267,9,556
268,9,396
269,9,276
270,9,260
271,9,627
272,9,750
273,9,350
274,9,370
275,9,187
276,9,253
277,9,553
278,9,212
279,9,824
280,9,981
281,9,134
282,9,218
283,9,777
284,9,804
285,9,617
286,9,1001
287,9,471
288,9,808
289,9,825
290,9,747
291,9,233
292,9,601
293,9,278
294,9,437
295,9,659
296,9,469
297,9,535
298,9,154
299,9,76
300,9,305
301,9,243
302,9,171
303,9,817
304,9,211
305,9,849
306,9,494
307,9,40
308,9,368
309,9,263
310,9,947
311,9,366
312,9,412
313,9,533
314,9,487
315,9,590
316,9,121
317,9,438
318,9,657
319,9,848
320,9,210
321,9,380
322,9,632
323,9,656
324,9,8
325,9,145
326,9,326
327,9,717
328,9,301
329,9,46
330,9,524
331,9,509
332,9,974
333,9,289
334,9,884
335,9,787
336,9,297
337,9,341
338,9,225
339,9,735
340,9,670
341,9,552
342,9,113
343,9,583
344,9,539
345,9,969
346,9,318
347,9,585
348,9,708
349,9,976
350,9,45
351,9,669
352,9,984
353,9,660
354,9,347
355,9,423
356,9,348
357,9,698
358,9,353
359,9,529
360,9,39
361,9,503
362,9,843
363,9,792
364,9,279
365,9,943
366,9,304
367,9,526
368,9,977
369,9,707
370,9,178
371,9,923
372,9,356
373,9,663
374,9,13
375,9,858
376,9,778
377,9,88
378,9,690
379,9,166
380,9,695
381,9,844
382,9,945
383,9,486
384,9,357
385,9,174
386,9,540
387,9,694
388,9,891
389,9,321
390,9,147
391,9,748
392,9,417
393,9,562
394,9,378
395,9,375
396,9,489
397,9,911
398,9,554
399,9,390
0,10,546
1,10,470
2,10,585
3,10,440
4,10,813
5,10,954
6,10,934
7,10,613
8,10,117
9,10,658
10,10,551
11,10,599
12,10,722
13,10,748
14,10,107
15,10,617
16,10,752
17,10,594
18,10,463
19,10,753
20,10,625
21,10,388
22,10,377
23,10,149
24,10,688
25,10,850
26,10,568
27,10,476
28,10,935
29,10,177
30,10,679
31,10,266
32,10,884
33,10,540
34,10,909
35,10,335
36,10,523
37,10,667
38,10,442
39,10,462
40,10,946
41,10,878
42,10,629
43,10,115
44,10,332
45,10,464
46,10,570
47,10,573
48,10,682
49,10,735
50,10,176
51,10,208
52,10,526
53,10,356
54,10,911
55,10,858
56,10,556
57,10,236
58,10,138
59,10,825
60,10,433
61,10,218
62,10,451
63,10,784
64,10,681
65,10,880
66,10,404
67,10,558
68,10,459
69,10,746
70,10,414
71,10,420
72,10,684
73,10,561
74,10,260
75,10,345
76,10,614
77,10,213
78,10,822
79,10,663
80,10,348
81,10,419
82,10,408
83,10,584
84,10,536
85,10,782
86,10,445
87,10,238
88,10,657
89,10,707
90,10,330
91,10,717
92,10,438
93,10,217
94,10,555
95,10,879
96,10,241
97,10,947
98,10,690
99,10,623
100,10,874
101,10,520
102,10,665
103,10,431
104,10,781
105,10,648
106,10,135
107,10,245
108,10,514
109,10,602
110,10,605
111,10,552
112,10,473
113,10,721
114,10,557
115,10,449
116,10,229
117,10,367
118,10,482
119,10,655
120,10,814
121,10,435
122,10,483
123,10,783
124,10,130
125,10,401
126,10,86
127,10,202
128,10,706
129,10,281
130,10,113
131,10,943
132,10,185
133,10,517
134,10,619
135,10,428
136,10,981
137,10,491
138,10,51
139,10,621
140,10,240
141,10,857
142,10,477
143,10,114
144,10,173
145,10,793
146,10,710
147,10,151
148,10,179
149,10,116
150,10,474
151,10,550
152,10,499
153,10,571
154,10,399
155,10,178
156,10,450
157,10,855
158,10,812
159,10,693
160,10,274
161,10,696
162,10,502
163,10,163
164,10,436
165,10,361
166,10,368
167,10,713
168,10,432
169,10,842
170,10,525
171,10,537
172,10,407
173,10,237
174,10,650
175,10,720
176,10,225
177,10,777
178,10,845
179,10,147
180,10,1003
181,10,921
182,10,564
183,10,154
184,10,297
185,10,276
186,10,790
187,10,20
188,10,515
189,10,808
190,10,204
191,10,472
192,10,622
193,10,579
194,10,615
195,10,872
196,10,233
197,10,817
198,10,740
199,10,339
200,10,692
201,10,563
202,10,794
203,10,197
204,10,496
205,10,45
206,10,454
207,10,264
208,10,598
209,10,538
210,10,209
211,10,600
212,10,423
213,10,52
214,10,344
215,10,19
216,10,948
217,10,772
218,10,506
219,10,417
220,10,906
221,10,331
222,10,378
223,10,363
224,10,465
225,10,201
226,10,509
227,10,982
228,10,549
229,10,259
230,10,409
231,10,27
232,10,481
233,10,471
234,10,631
235,10,219
236,10,820
237,10,43
238,10,289
239,10,342
240,10,441
241,10,588
242,10,719
243,10,821
244,10,532
245,10,387
246,10,566
247,10,654
248,10,430
249,10,318
250,10,329
251,10,974
252,10,50
253,10,136
254,10,6
255,10,421
256,10,44
257,10,731
258,10,104
259,10,914
260,10,224
261,10,632
262,10,601
263,10,278
264,10,780
265,10,589
266,10,127
267,10,524
268,10,364
269,10,308
270,10,292
271,10,626
272,10,751
273,10,351
274,10,402
275,10,186
276,10,221
277,10,521
278,10,244
279,10,792
280,10,949
281,10,166
282,10,250
283,10,809
284,10,803
285,10,618
286,10,1000
287,10,503
288,10,840
289,10,824
290,10,715
291,10,234
292,10,633
293,10,246
294,10,469
295,10,627
296,10,468
297,10,535
298,10,153
299,10,77
300,10,304
301,10,242
302,10,139
303,10,785
304,10,212
305,10,848
306,10,493
307,10,39
308,10,369
309,10,295
310,10,915
311,10,398
312,10,413
313,10,501
314,10,519
315,10,590
316,10,120
317,10,437
318,10,656
319,10,816
320,10,211
321,10,412
322,10,664
323,10,624
324,10,8
325,10,144
326,10,327
327,10,685
328,10,269
329,10,47
330,10,492
331,10,508
332,10,942
333,10,321
334,10,885
335,10,755
336,10,265
337,10,309
338,10,193
339,10,767
340,10,669
341,10,553
342,10,145
343,10,583
344,10,507
345,10,970
346,10,350
347,10,586
348,10,708
349,10,976
350,10,46
351,10,637
352,10,983
353,10,659
354,10,346
355,10,422
356,10,380
357,10,730
358,10,385
359,10,497
360,10,38
361,10,504
362,10,875
363,10,760
364,10,311
365,10,944
366,10,336
367,10,494
368,10,945
369,10,675
370,10,146
371,10,922
372,10,357
373,10,662
374,10,13
375,10,890
376,10,779
377,10,87
378,10,689
379,10,165
380,10,727
381,10,843
382,10,913
383,10,487
384,10,358
385,10,175
386,10,539
387,10,695
388,10,892
389,10,353
390,10,148
391,10,749
392,10,418
393,10,562
394,10,410
395,10,376
396,10,457
397,10,910
398,10,522
399,10,390
0,11,547
1,11,469
2,11,586
3,11,472
4,11,814
5,11,954
6,11,966
7,11,645
8,11,118
9,11,626
10,11,552
11,11,567
12,11,690
13,11,748
14,11,108
15,11,617
16,11,752
17,11,595
18,11,462
19,11,754
20,11,624
21,11,356
22,11,409
23,11,117
24,11,687
25,11,818
26,11,569
27,11,444
28,11,903
29,11,176
30,11,647
31,11,298
32,11,884
33,11,508
34,11,908
35,11,336
36,11,524
37,11,635
38,11,474
39,11,494
40,11,946
41,11,879
42,11,629
43,11,115
44,11,331
45,11,463
46,11,602
47,11,541
48,11,683
49,11,767
50,11,208
51,11,240
52,11,558
53,11,357
54,11,910
55,11,890
56,11,588
57,11,235
58,11,139
59,11,793
60,11,432
61,11,250
62,11,483
63,11,785
64,11,713
65,11,848
66,11,436
67,11,590
68,11,459
69,11,747
70,11,413
71,11,388
72,11,652
73,11,561
74,11,228
75,11,377
76,11,646
77,11,245
78,11,790
79,11,662
80,11,348
81,11,451
82,11,407
83,11,583
84,11,504
85,11,783
86,11,477
87,11,239
88,11,656
89,11,708
90,11,362
91,11,685
92,11,470
93,11,218
94,11,587
95,11,880
96,11,209
97,11,915
98,11,658
99,11,623
100,11,875
101,11,521
102,11,664
103,11,430
104,11,749
105,11,616
106,11,136
107,11,246
108,11,482
109,11,601
110,11,573
111,11,520
112,11,441
113,11,722
114,11,525
115,11,448
116,11,230
117,11,335
118,11,450
119,11,655
120,11,782
121,11,434
122,11,515
123,11,751
124,11,98
125,11,400
126,11,85
127,11,201
128,11,707
129,11,280
130,11,145
131,11,944
132,11,153
133,11,518
134,11,619
135,11,396
136,11,980
137,11,491
138,11,19
139,11,589
140,11,272
141,11,825
142,11,509
143,11,113
144,11,173
145,11,792
146,11,711
147,11,150
148,11,147
149,11,116
150,11,506
151,11,550
152,11,531
153,11,539
154,11,367
155,11,179
156,11,418
157,11,856
158,11,813
159,11,725
160,11,242
161,11,697
162,11,503
163,11,131
164,11,435
165,11,329
166,11,369
167,11,745
168,11,431
169,11,810
170,11,493
171,11,537
172,11,406
173,11,236
174,11,682
175,11,721
176,11,193
177,11,778
178,11,877
179,11,146
180,11,1003
181,11,921
182,11,563
183,11,186
184,11,297
185,11,277
186,11,791
187,11,52
188,11,514
189,11,776
190,11,205
191,11,471
192,11,621
193,11,578
194,11,614
195,11,873
196,11,265
197,11,817
198,11,741
199,11,307
200,11,693
201,11,562
202,11,826
203,11,229
204,11,464
205,11,46
206,11,453
207,11,263
208,11,630
209,11,570
210,11,210
211,11,600
212,11,422
213,11,84
214,11,312
215,11,20
216,11,916
217,11,772
218,11,538
219,11,449
220,11,938
221,11,299
222,11,379
223,11,364
224,11,497
225,11,233
226,11,510
227,11,1014
228,11,517
229,11,291
230,11,410
231,11,27
232,11,481
233,11,439
234,11,599
235,11,219
236,11,821
237,11,44
238,11,321
239,11,341
240,11,440
241,11,620
242,11,720
243,11,822
244,11,532
245,11,419
246,11,598
247,11,653
248,11,398
249,11,318
250,11,330
251,11,942
252,11,51
253,11,137
254,11,6
255,11,420
256,11,45
257,11,763
258,11,103
259,11,914
260,11,225
261,11,631
262,11,633
263,11,279
264,11,781
265,11,557
266,11,127
267,11,556
268,11,332
269,11,340
270,11,324
271,11,625
272,11,719
273,11,319
274,11,401
275,11,185
276,11,189
277,11,553
278,11,276
279,11,824
280,11,981
281,11,167
282,11,249
283,11,808
284,11,771
285,11,618
286,11,999
287,11,535
288,11,841
289,11,823
290,11,716
291,11,202
292,11,632
293,11,214
294,11,501
295,11,628
296,11,467
297,11,536
298,11,121
299,11,78
300,11,303
301,11,241
302,11,107
303,11,753
304,11,244
305,11,847
306,11,492
307,11,38
308,11,370
309,11,294
310,11,883
311,11,399
312,11,381
313,11,502
314,11,551
315,11,622
316,11,119
317,11,437
318,11,688
319,11,784
320,11,212
321,11,412
322,11,663
323,11,592
324,11,8
325,11,112
326,11,328
327,11,686
328,11,237
329,11,48
330,11,460
331,11,476
332,11,943
333,11,353
334,11,886
335,11,723
336,11,264
337,11,308
338,11,161
339,11,766
340,11,701
341,11,585
342,11,177
343,11,615
344,11,475
345,11,971
346,11,382
347,11,554
348,11,740
349,11,976
350,11,47
351,11,605
352,11,982
353,11,659
354,11,378
355,11,454
356,11,380
357,11,731
358,11,386
359,11,498
360,11,37
361,11,505
362,11,907
363,11,728
364,11,343
365,11,945
366,11,368
367,11,526
368,11,913
369,11,643
370,11,114
371,11,922
372,11,325
373,11,661
374,11,13
375,11,891
376,11,780
377,11,86
378,11,689
379,11,197
380,11,695
381,11,842
382,11,912
383,11,519
384,11,326
385,11,207
386,11,540
387,11,696
388,11,892
389,11,385
390,11,148
391,11,750
392,11,417
393,11,594
394,11,442
395,11,344
396,11,458
397,11,909
398,11,523
399,11,358
0,12,548
1,12,437
2,12,554
3,12,471
4,12,782
5,12,954
6,12,967
7,12,646
8,12,117
9,12,594
10,12,553
11,12,535
12,12,658
13,12,780
14,12,140
15,12,617
16,12,753
17,12,627
18,12,494
19,12,755
20,12,623
21,12,324
22,12,441
23,12,116
24,12,686
25,12,786
26,12,570
27,12,412
28,12,902
29,12,175
30,12,615
31,12,298
32,12,916
33,12,476
34,12,940
35,12,336
36,12,525
37,12,603
38,12,506
39,12,526
40,12,914
41,12,880
42,12,629
43,12,114
44,12,330
45,12,463
46,12,601
47,12,509
48,12,684
49,12,767
50,12,240
51,12,272
52,12,558
53,12,358
54,12,909
55,12,889
56,12,589
57,12,267
58,12,171
59,12,792
60,12,464
61,12,250
62,12,515
63,12,817
64,12,745
65,12,847
66,12,435
67,12,590
68,12,459
69,12,748
70,12,445
71,12,356
72,12,651
73,12,561
74,12,228
75,12,409
76,12,647
77,12,245
78,12,758
79,12,661
80,12,348
81,12,483
82,12,406
83,12,551
84,12,472
85,12,784
86,12,478
87,12,207
88,12,688
89,12,709
90,12,394
91,12,653
92,12,502
93,12,219
94,12,588
95,12,881
96,12,210
97,12,883
98,12,626
99,12,655
100,12,907
101,12,489
102,12,663
103,12,462
104,12,750
105,12,616
106,12,137
107,12,246
108,12,450
109,12,600
110,12,541
111,12,521
112,12,442
113,12,723
114,12,493
115,12,448
116,12,231
117,12,303
118,12,418
119,12,656
120,12,781
121,12,433
122,12,547
123,12,783
124,12,99
125,12,399
126,12,84
127,12,201
128,12,708
129,12,279
130,12,177
131,12,945
132,12,121
133,12,486
134,12,619
135,12,428
136,12,979
137,12,523
138,12,51
139,12,557
140,12,304
141,12,793
142,12,510
143,12,145
144,12,173
145,12,791
146,12,712
147,12,150
148,12,148
149,12,115
150,12,538
151,12,550
152,12,532
153,12,507
154,12,335
155,12,179
156,12,386
157,12,888
158,12,814
159,12,724
160,12,241
161,12,665
162,12,503
163,12,130
164,12,434
165,12,297
166,12,370
167,12,777
168,12,430
169,12,811
170,12,461
171,12,505
172,12,405
173,12,235
174,12,714
175,12,722
176,12,161
177,12,779
178,12,878
179,12,178
180,12,1003
181,12,921
182,12,595
183,12,218
184,12,265
185,12,309
186,12,790
187,12,20
188,12,482
189,12,744
190,12,206
191,12,470
192,12,622
193,12,610
194,12,613
195,12,874
196,12,266
197,12,818
198,12,742
199,12,306
200,12,694
201,12,563
202,12,858
203,12,261
204,12,465
205,12,47
206,12,485
207,12,263
208,12,598
209,12,602
210,12,211
211,12,632
212,12,454
213,12,52
214,12,280
215,12,19
216,12,915
217,12,772
218,12,537
219,12,481
220,12,939
221,12,299
222,12,347
223,12,396
224,12,529
225,12,233
226,12,542
227,12,982
228,12,518
229,12,323
230,12,410
231,12,27
232,12,480
233,12,407
234,12,599
235,12,251
236,12,822
237,12,45
238,12,353
239,12,340
240,12,408
241,12,620
242,12,721
243,12,823
244,12,564
245,12,451
246,12,597
247,12,621
248,12,366
249,12,318
250,12,362
251,12,943
252,12,50
253,12,138
254,12,38
255,12,388
256,12,46
257,12,762
258,12,102
259,12,913
260,12,193
261,12,630
262,12,633
263,12,311
264,12,813
265,12,556
266,12,127
267,12,555
268,12,331
269,12,339
270,12,325
271,12,624
272,12,720
273,12,287
274,12,401
275,12,184
276,12,157
277,12,585
278,12,277
279,12,825
280,12,949
281,12,199
282,12,217
283,12,807
284,12,739
285,12,618
286,12,998
287,12,536
288,12,809
289,12,855
290,12,717
291,12,202
292,12,631
293,12,213
294,12,533
295,12,628
296,12,466
297,12,504
298,12,120
299,12,78
300,12,302
301,12,273
302,12,75
303,12,754
304,12,276
305,12,815
306,12,492
307,12,37
308,12,371
309,12,295
310,12,851
311,12,431
312,12,349
313,12,501
314,12,552
315,12,654
316,12,119
317,12,436
318,12,689
319,12,752
320,12,244
321,12,413
322,12,662
323,12,560
324,12,8
325,12,80
326,12,329
327,12,685
328,12,205
329,12,49
330,12,460
331,12,444
332,12,944
333,12,385
334,12,854
335,12,691
336,12,264
337,12,307
338,12,129
339,12,734
340,12,733
341,12,586
342,12,209
343,12,583
344,12,443
345,12,972
346,12,414
347,12,522
348,12,740
349,12,976
350,12,48
351,12,573
352,12,981
353,12,659
354,12,378
355,12,453
356,12,380
357,12,732
358,12,387
359,12,499
360,12,36
361,12,473
362,12,908
363,12,696
364,12,375
365,12,946
366,12,400
367,12,527
368,12,912
369,12,642
370,12,113
371,12,922
372,12,293
373,12,660
374,12,13
375,12,890
376,12,812
377,12,85
378,12,690
379,12,229
380,12,695
381,12,841
382,12,911
383,12,520
384,12,294
385,12,208
386,12,539
387,12,697
388,12,892
389,12,417
390,12,149
391,12,751
392,12,449
393,12,562
394,12,474
395,12,345
396,12,426
397,12,877
398,12,524
399,12,326
0,13,516
1,13,437
2,13,522
3,13,470
4,13,750
5,13,954
6,13,968
7,13,647
8,13,149
9,13,562
10,13,554
11,13,503
12,13,659
13,13,781
14,13,141
15,13,585
16,13,785
17,13,626
18,13,493
19,13,755
20,13,655
21,13,292
22,13,440
23,13,115
24,13,654
25,13,754
26,13,571
27,13,380
28,13,901
29,13,175
30,13,616
31,13,299
32,13,948
33,13,476
34,13,939
35,13,335
36,13,526
37,13,603
38,13,538
39,13,558
40,13,913
41,13,881
42,13,630
43,13,113
44,13,298
45,13,463
46,13,633
47,13,477
48,13,684
49,13,767
50,13,272
51,13,304
52,13,590
53,13,390
54,13,941
55,13,888
56,13,621
57,13,266
58,13,172
59,13,760
60,13,496
61,13,251
62,13,547
63,13,849
64,13,777
65,13,879
66,13,434
67,13,589
68,13,459
69,13,749
70,13,444
71,13,357
72,13,650
73,13,560
74,13,229
75,13,441
76,13,615
77,13,244
78,13,757
79,13,693
80,13,348
81,13,515
82,13,405
83,13,519
84,13,504
85,13,784
86,13,510
87,13,208
88,13,687
89,13,710
90,13,426
91,13,652
92,13,534
93,13,220
94,13,587
95,13,882
96,13,210
97,13,883
98,13,594
99,13,656
100,13,908
101,13,521
102,13,663
103,13,494
104,13,751
105,13,584
106,13,137
107,13,245
108,13,418
109,13,568
110,13,509
111,13,520
112,13,410
113,13,724
114,13,461
115,13,448
116,13,199
117,13,302
118,13,386
119,13,657
120,13,813
121,13,401
122,13,548
123,13,782
124,13,100
125,13,367
126,13,116
127,13,201
128,13,709
129,13,279
130,13,209
131,13,946
132,13,120
133,13,487
134,13,619
135,13,396
136,13,947
137,13,555
138,13,19
139,13,557
140,13,336
141,13,792
142,13,542
143,13,146
144,13,174
145,13,790
146,13,744
147,13,150
148,13,148
149,13,114
150,13,570
151,13,550
152,13,532
153,13,475
154,13,303
155,13,211
156,13,354
157,13,920
158,13,815
159,13,692
160,13,240
161,13,664
162,13,471
163,13,98
164,13,433
165,13,297
166,13,370
167,13,809
168,13,462
169,13,779
170,13,460
171,13,473
172,13,404
173,13,234
174,13,746
175,13,723
176,13,129
177,13,780
178,13,878
179,13,177
180,13,1003
181,13,921
182,13,595
183,13,250
184,13,264
185,13,341
186,13,822
187,13,52
188,13,450
189,13,776
190,13,207
191,13,469
192,13,622
193,13,609
194,13,581
195,13,906
196,13,265
197,13,819
198,13,743
199,13,338
200,13,662
201,13,563
202,13,890
203,13,293
204,13,464
205,13,48
206,13,517
207,13,231
208,13,599
209,13,601
210,13,212
211,13,600
212,13,453
213,13,84
214,13,280
215,13,20
216,13,916
217,13,772
218,13,569
219,13,513
220,13,907
221,13,267
222,13,315
223,13,364
224,13,529
225,13,233
226,13,574
227,13,983
228,13,486
229,13,355
230,13,378
231,13,27
232,13,480
233,13,408
234,13,631
235,13,219
236,13,823
237,13,46
238,13,385
239,13,339
240,13,376
241,13,588
242,13,689
243,13,791
244,13,564
245,13,483
246,13,629
247,13,620
248,13,334
249,13,318
250,13,363
251,13,944
252,13,51
253,13,106
254,13,39
255,13,356
256,13,47
257,13,794
258,13,70
259,13,912
260,13,161
261,13,598
262,13,665
263,13,343
264,13,814
265,13,524
266,13,127
267,13,556
268,13,331
269,13,371
270,13,325
271,13,623
272,13,721
273,13,255
274,13,400
275,13,183
276,13,156
277,13,553
278,13,278
279,13,826
280,13,981
281,13,167
282,13,216
283,13,806
284,13,707
285,13,617
286,13,966
287,13,537
288,13,810
289,13,854
290,13,685
291,13,202
292,13,632
293,13,213
294,13,533
295,13,628
296,13,465
297,13,536
298,13,119
299,13,78
300,13,301
301,13,305
302,13,74
303,13,753
304,13,277
305,13,783
306,13,492
307,13,36
308,13,403
309,13,295
310,13,851
311,13,430
312,13,317
313,13,501
314,13,551
315,13,653
316,13,87
317,13,435
318,13,690
319,13,720
320,13,276
321,13,445
322,13,661
323,13,528
324,13,8
325,13,80
326,13,330
327,13,686
328,13,173
329,13,50
330,13,428
331,13,412
332,13,945
333,13,417
334,13,886
335,13,691
336,13,263
337,13,306
338,13,97
339,13,734
340,13,765
341,13,618
342,13,241
343,13,583
344,13,443
345,13,973
346,13,413
347,13,523
348,13,739
349,13,976
350,13,49
351,13,541
352,13,980
353,13,627
354,13,377
355,13,485
356,13,381
357,13,733
358,13,419
359,13,499
360,13,35
361,13,472
362,13,909
363,13,695
364,13,407
365,13,978
366,13,432
367,13,527
368,13,911
369,13,610
370,13,81
371,13,922
372,13,294
373,13,660
374,13,45
375,13,891
376,13,812
377,13,117
378,13,722
379,13,261
380,13,694
381,13,840
382,13,910
383,13,552
384,13,326
385,13,176
386,13,539
387,13,698
388,13,892
389,13,449
390,13,181
391,13,752
392,13,481
393,13,561
394,13,506
395,13,346
396,13,458
397,13,876
398,13,525
399,13,327
0,14,484
1,14,405
2,14,523
3,14,502
4,14,750
5,14,954
6,14,969
7,14,648
8,14,150
9,14,563
10,14,522
11,14,471
12,14,660
13,14,782
14,14,173
15,14,586
16,14,817
17,14,625
18,14,492
19,14,723
20,14,687
21,14,260
22,14,472
23,14,114
24,14,655
25,14,755
26,14,539
27,14,348
28,14,901
29,14,174
30,14,617
31,14,298
32,14,949
33,14,476
34,14,938
35,14,303
36,14,494
37,14,571
38,14,570
39,14,559
40,14,912
41,14,882
42,14,598
43,14,81
44,14,266
45,14,462
46,14,632
47,14,445
48,14,685
49,14,767
50,14,272
51,14,336
52,14,589
53,14,422
54,14,940
55,14,888
56,14,622
57,14,265
58,14,204
59,14,728
60,14,528
61,14,283
62,14,579
63,14,848
64,14,777
65,14,878
66,14,433
67,14,557
68,14,459
69,14,749
70,14,443
71,14,358
72,14,649
73,14,592
74,14,230
75,14,441
76,14,616
77,14,243
78,14,725
79,14,692
80,14,349
81,14,547
82,14,404
83,14,518
84,14,505
85,14,785
86,14,542
87,14,209
88,14,686
89,14,678
90,14,458
91,14,651
92,14,566
93,14,220
94,14,588
95,14,883
96,14,211
97,14,851
98,14,562
99,14,624
100,14,909
101,14,553
102,14,662
103,14,493
104,14,719
105,14,583
106,14,137
107,14,244
108,14,386
109,14,567
110,14,477
111,14,519
112,14,378
113,14,724
114,14,429
115,14,448
116,14,167
117,14,301
118,14,354
119,14,657
120,14,812
121,14,400
122,14,549
123,14,814
124,14,101
125,14,335
126,14,115
127,14,201
128,14,677
129,14,311
130,14,241
131,14,947
132,14,88
133,14,486
134,14,620
135,14,396
136,14,915
137,14,587
138,14,19
139,14,558
140,14,368
141,14,793
142,14,574
143,14,146
144,14,206
145,14,758
146,14,776
147,14,118
148,14,148
149,14,113
150,14,602
151,14,550
152,14,533
153,14,475
154,14,302
155,14,212
156,14,322
157,14,952
158,14,816
159,14,691
160,14,240
161,14,664
162,14,439
163,14,98
164,14,432
165,14,329
166,14,371
167,14,808
168,14,461
169,14,780
170,14,460
171,14,474
172,14,403
173,14,202
174,14,778
175,14,722
176,14,97
177,14,781
178,14,877
179,14,176
180,14,1003
181,14,921
182,14,594
183,14,251
184,14,263
185,14,373
186,14,821
187,14,20
188,14,418
189,14,775
190,14,239
191,14,468
192,14,590
193,14,641
194,14,580
195,14,906
196,14,297
197,14,820
198,14,711
199,14,306
200,14,630
201,14,595
202,14,889
203,14,325
204,14,463
205,14,49
206,14,516
207,14,199
208,14,600
209,14,633
210,14,213
211,14,601
212,14,485
213,14,84
214,14,280
215,14,21
216,14,916
217,14,772
218,14,568
219,14,514
220,14,908
221,14,235
222,14,316
223,14,364
224,14,561
225,14,233
226,14,606
227,14,984
228,14,454
229,14,387
230,14,379
231,14,27
232,14,480
233,14,376
234,14,663
235,14,219
236,14,791
237,14,14
238,14,417
239,14,338
240,14,344
241,14,556
242,14,690
243,14,792
244,14,532
245,14,515
246,14,661
247,14,652
248,14,334
249,14,318
250,14,363
251,14,945
252,14,52
253,14,74
254,14,40
255,14,324
256,14,47
257,14,826
258,14,38
259,14,911
260,14,129
261,14,597
262,14,666
263,14,375
264,14,815
265,14,525
266,14,127
267,14,555
268,14,299
269,14,339
270,14,357
271,14,623
272,14,689
273,14,223
274,14,399
275,14,215
276,14,155
277,14,554
278,14,279
279,14,827
280,14,982
281,14,166
282,14,216
283,14,805
284,14,675
285,14,585
286,14,934
287,14,569
288,14,842
289,14,886
290,14,653
291,14,170
292,14,631
293,14,181
294,14,534
295,14,629
296,14,464
297,14,535
298,14,151
299,14,46
300,14,333
301,14,304
302,14,73
303,14,753
304,14,278
305,14,751
306,14,491
307,14,35
308,14,435
309,14,327
310,14,819
311,14,430
312,14,317
313,14,469
314,14,552
315,14,621
316,14,119
317,14,434
318,14,658
319,14,721
320,14,277
321,14,444
322,14,693
323,14,529
324,14,8
325,14,48
326,14,331
327,14,654
328,14,172
329,14,51
330,14,428
331,14,380
332,14,946
333,14,449
334,14,887
335,14,659
336,14,231
337,14,274
338,14,65
339,14,735
340,14,797
341,14,619
342,14,273
343,14,551
344,14,442
345,14,1005
346,14,412
347,14,524
348,14,738
349,14,976
350,14,50
351,14,509
352,14,948
353,14,626
354,14,409
355,14,517
356,14,413
357,14,734
358,14,451
359,14,499
360,14,34
361,14,473
362,14,910
363,14,695
364,14,408
365,14,979
366,14,431
367,14,527
368,14,879
369,14,578
370,14,80
371,14,922
372,14,295
373,14,628
374,14,45
375,14,890
376,14,811
377,14,116
378,14,754
379,14,293
380,14,694
381,14,839
382,14,942
383,14,584
384,14,326
385,14,208
386,14,540
387,14,730
388,14,892
389,14,481
390,14,149
391,14,784
392,14,513
393,14,560
394,14,538
395,14,347
396,14,457
397,14,875
398,14,526
399,14,328
0,15,485
1,15,406
2,15,524
3,15,534
4,15,751
5,15,954
6,15,970
7,15,649
8,15,151
9,15,531
10,15,521
11,15,439
12,15,661
13,15,783
14,15,174
15,15,618
16,15,849
17,15,626
18,15,491
19,15,722
20,15,686
21,15,259
22,15,471
23,15,113
24,15,687
25,15,755
26,15,507
27,15,349
28,15,901
29,15,142
30,15,617
31,15,330
32,15,981
33,15,475
34,15,906
35,15,303
36,15,526
37,15,539
38,15,602
39,15,559
40,15,912
41,15,850
42,15,597
43,15,80
44,15,234
45,15,494
46,15,664
47,15,413
48,15,653
49,15,766
50,15,304
51,15,368
52,15,590
53,15,423
54,15,939
55,15,887
56,15,654
57,15,266
58,15,205
59,15,727
60,15,560
61,15,315
62,15,578
63,15,847
64,15,809
65,15,877
66,15,432
67,15,556
68,15,459
69,15,749
70,15,442
71,15,390
72,15,681
73,15,624
74,15,231
75,15,473
76,15,616
77,15,242
78,15,724
79,15,691
80,15,381
81,15,548
82,15,403
83,15,486
84,15,506
85,15,753
86,15,574
87,15,210
88,15,685
89,15,678
90,15,490
91,15,650
92,15,598
93,15,220
94,15,620
95,15,884
96,15,212
97,15,883
98,15,563
99,15,623
100,15,910
101,15,552
102,15,630
103,15,492
104,15,720
105,15,615
106,15,137
107,15,243
108,15,354
109,15,566
110,15,445
111,15,518
112,15,379
113,15,723
114,15,429
115,15,448
116,15,135
117,15,269
118,15,322
119,15,625
120,15,811
121,15,399
122,15,550
123,15,813
124,15,102
125,15,334
126,15,114
127,15,233
128,15,645
129,15,310
130,15,273
131,15,948
132,15,87
133,15,487
134,15,619
135,15,364
136,15,914
137,15,586
138,15,19
139,15,557
140,15,369
141,15,794
142,15,575
143,15,146
144,15,206
145,15,757
146,15,777
147,15,117
148,15,148
149,15,81
150,15,603
151,15,551
152,15,533
153,15,443
154,15,301
155,15,244
156,15,290
157,15,952
158,15,817
159,15,690
160,15,208
161,15,663
162,15,407
163,15,98
164,15,464
165,15,297
166,15,339
167,15,807
168,15,460
169,15,781
170,15,428
171,15,474
172,15,402
173,15,201
174,15,810
175,15,754
176,15,65
177,15,782
178,15,845
179,15,175
180,15,1003
181,15,920
182,15,562
183,15,283
184,15,295
185,15,405
186,15,822
187,15,20
188,15,386
189,15,743
190,15,240
191,15,467
192,15,558
193,15,673
194,15,580
195,15,907
196,15,298
197,15,821
198,15,679
199,15,307
200,15,631
201,15,595
202,15,921
203,15,324
204,15,431
205,15,50
206,15,516
207,15,200
208,15,568
209,15,632
210,15,214
211,15,633
212,15,517
213,15,116
214,15,280
215,15,21
216,15,915
217,15,772
218,15,567
219,15,546
220,15,909
221,15,203
222,15,284
223,15,363
224,15,561
225,15,265
226,15,638
227,15,985
228,15,422
229,15,419
230,15,347
231,15,27
232,15,480
233,15,344
234,15,695
235,15,219
236,15,792
237,15,14
238,15,449
239,15,306
240,15,343
241,15,588
242,15,658
243,15,793
244,15,532
245,15,547
246,15,693
247,15,652
248,15,302
249,15,318
250,15,331
251,15,946
252,15,84
253,15,42
254,15,41
255,15,292
256,15,15
257,15,825
258,15,6
259,15,943
260,15,97
261,15,596
262,15,698
263,15,376
264,15,816
265,15,493
266,15,127
267,15,554
268,15,267
269,15,340
270,15,357
271,15,622
272,15,657
273,15,223
274,15,398
275,15,215
276,15,154
277,15,522
278,15,311
279,15,828
280,15,983
281,15,167
282,15,216
283,15,837
284,15,643
285,15,553
286,15,933
287,15,601
288,15,842
289,15,885
290,15,621
291,15,202
292,15,599
293,15,149
294,15,535
295,15,629
296,15,463
297,15,503
298,15,119
299,15,46
300,15,333
301,15,336
302,15,73
303,15,721
304,15,279
305,15,719
306,15,523
307,15,34
308,15,436
309,15,326
310,15,787
311,15,462
312,15,316
313,15,468
314,15,584
315,15,589
316,15,118
317,15,433
318,15,659
319,15,689
320,15,278
321,15,476
322,15,692
323,15,497
324,15,8
325,15,47
326,15,332
327,15,655
328,15,140
329,15,52
330,15,396
331,15,380
332,15,947
333,15,481
334,15,855
335,15,627
336,15,263
337,15,274
338,15,66
339,15,767
340,15,829
341,15,651
342,15,305
343,15,519
344,15,410
345,15,1005
346,15,444
347,15,525
348,15,737
349,15,976
350,15,51
351,15,477
352,15,916
353,15,594
354,15,441
355,15,549
356,15,412
357,15,735
358,15,483
359,15,499
360,15,33
361,15,472
362,15,911
363,15,694
364,15,409
365,15,980
366,15,430
367,15,528
368,15,878
369,15,610
370,15,48
371,15,922
372,15,294
373,15,660
374,15,45
375,15,858
376,15,779
377,15,115
378,15,786
379,15,325
380,15,662
381,15,838
382,15,941
383,15,585
384,15,358
385,15,209
386,15,540
387,15,762
388,15,892
389,15,513
390,15,150
391,15,785
392,15,514
393,15,592
394,15,570
395,15,348
396,15,458
397,15,843
398,15,527
399,15,329
0,16,453
1,16,374
2,16,525
3,16,566
4,16,719
5,16,954
6,16,971
7,16,650
8,16,151
9,16,499
10,16,553
11,16,407
12,16,662
13,16,784
14,16,175
15,16,617
16,16,848
17,16,594
18,16,523
19,16,723
20,16,685
21,16,227
22,16,470
23,16,81
24,16,686
25,16,755
26,16,475
27,16,350
28,16,901
29,16,142
30,16,585
31,16,362
32,16,1013
33,16,443
34,16,905
35,16,303
36,16,494
37,16,507
38,16,601
39,16,558
40,16,944
41,16,851
42,16,565
43,16,48
44,16,233
45,16,493
46,16,663
47,16,381
48,16,653
49,16,734
50,16,336
51,16,400
52,16,622
53,16,424
54,16,938
55,16,886
56,16,655
57,16,266
58,16,206
59,16,695
60,16,559
61,16,347
62,16,610
63,16,847
64,16,777
65,16,876
66,16,464
67,16,588
68,16,491
69,16,749
70,16,441
71,16,422
72,16,649
73,16,624
74,16,199
75,16,505
76,16,615
77,16,242
78,16,692
79,16,690
80,16,380
81,16,580
82,16,402
83,16,454
84,16,474
85,16,721
86,16,606
87,16,211
88,16,684
89,16,679
90,16,522
91,16,618
92,16,597
93,16,220
94,16,621
95,16,852
96,16,213
97,16,883
98,16,531
99,16,623
100,16,911
101,16,584
102,16,629
103,16,524
104,16,688
105,16,614
106,16,137
107,16,243
108,16,322
109,16,567
110,16,413
111,16,517
112,16,379
113,16,724
114,16,429
115,16,449
116,16,136
117,16,237
118,16,290
119,16,625
120,16,810
121,16,367
122,16,551
123,16,781
124,16,103
125,16,334
126,16,113
127,16,265
128,16,646
129,16,278
130,16,305
131,16,949
132,16,86
133,16,486
134,16,619
135,16,332
136,16,913
137,16,587
138,16,51
139,16,556
140,16,369
141,16,762
142,16,607
143,16,146
144,16,174
145,16,757
146,16,778
147,16,117
148,16,116
149,16,80
150,16,635
151,16,583
152,16,534
153,16,444
154,16,269
155,16,276
156,16,289
157,16,952
158,16,817
159,16,722
160,16,176
161,16,631
162,16,375
163,16,98
164,16,465
165,16,329
166,16,340
167,16,806
168,16,459
169,16,782
170,16,460
171,16,473
172,16,370
173,16,200
174,16,809
175,16,754
176,16,33
177,16,783
178,16,845
179,16,207
180,16,1003
181,16,921
182,16,561
183,16,315
184,16,327
185,16,405
186,16,790
187,16,19
188,16,354
189,16,743
190,16,241
191,16,466
192,16,557
193,16,705
194,16,581
195,16,939
196,16,298
197,16,822
198,16,647
199,16,308
200,16,599
201,16,627
202,16,953
203,16,356
204,16,399
205,16,50
206,16,548
207,16,168
208,16,569
209,16,664
210,16,215
211,16,665
212,16,516
213,16,115
214,16,280
215,16,20
216,16,914
217,16,772
218,16,568
219,16,578
220,16,910
221,16,171
222,16,252
223,16,364
224,16,560
225,16,297
226,16,670
227,16,986
228,16,423
229,16,451
230,16,346
231,16,27
232,16,448
233,16,312
234,16,696
235,16,219
236,16,793
237,16,15
238,16,481
239,16,306
240,16,342
241,16,620
242,16,659
243,16,794
244,16,532
245,16,579
246,16,725
247,16,652
248,16,302
249,16,318
250,16,331
251,16,947
252,16,85
253,16,43
254,16,42
255,16,260
256,16,47
257,16,824
258,16,5
259,16,942
260,16,65
261,16,595
262,16,730
263,16,408
264,16,816
265,16,461
266,16,127
267,16,554
268,16,235
269,16,341
270,16,358
271,16,654
272,16,658
273,16,223
274,16,430
275,16,183
276,16,153
277,16,521
278,16,343
279,16,829
280,16,951
281,16,167
282,16,216
283,16,869
284,16,642
285,16,552
286,16,932
287,16,633
288,16,842
289,16,884
290,16,589
291,16,202
292,16,598
293,16,148
294,16,536
295,16,661
296,16,431
297,16,535
298,16,118
299,16,14
300,16,301
301,16,368
302,16,41
303,16,689
304,16,311
305,16,687
306,16,555
307,16,66
308,16,437
309,16,325
310,16,787
311,16,463
312,16,316
313,16,436
314,16,616
315,16,590
316,16,150
317,16,432
318,16,660
319,16,657
320,16,279
321,16,508
322,16,691
323,16,497
324,16,8
325,16,46
326,16,333
327,16,656
328,16,139
329,16,84
330,16,396
331,16,348
332,16,948
333,16,513
334,16,823
335,16,626
336,16,231
337,16,273
338,16,67
339,16,766
340,16,861
341,16,651
342,16,304
343,16,518
344,16,378
345,16,1005
346,16,476
347,16,526
348,16,737
349,16,976
350,16,52
351,16,445
352,16,915
353,16,562
354,16,409
355,16,549
356,16,412
357,16,767
358,16,515
359,16,498
360,16,34
361,16,471
362,16,912
363,16,693
364,16,410
365,16,981
366,16,462
367,16,496
368,16,877
369,16,609
370,16,16
371,16,922
372,16,295
373,16,628
374,16,45
375,16,826
376,16,780
377,16,114
378,16,818
379,16,324
380,16,630
381,16,837
382,16,940
383,16,586
384,16,390
385,16,209
386,16,539
387,16,763
388,16,892
389,16,514
390,16,149
391,16,786
392,16,546
393,16,592
394,16,602
395,16,349
396,16,426
397,16,811
398,16,528
399,16,330
0,17,421
1,17,342
2,17,526
3,17,565
4,17,720
5,17,954
6,17,972
7,17,651
8,17,183
9,17,498
10,17,552
11,17,375
12,17,663
13,17,785
14,17,176
15,17,617
16,17,816
17,17,562
18,17,491
19,17,691
20,17,684
21,17,195
22,17,469
23,17,80
24,17,685
25,17,723
26,17,443
27,17,351
28,17,901
29,17,142
30,17,553
31,17,362
32,17,1013
33,17,444
34,17,904
35,17,303
36,17,462
37,17,475
38,17,633
39,17,558
40,17,943
41,17,852
42,17,564
43,17,47
44,17,201
45,17,492
46,17,695
47,17,349
48,17,621
49,17,735
50,17,368
51,17,432
52,17,654
53,17,392
54,17,970
55,17,885
56,17,623
57,17,266
58,17,207
59,17,694
60,17,559
61,17,348
62,17,642
63,17,847
64,17,776
65,17,875
66,17,496
67,17,587
68,17,459
69,17,749
70,17,440
71,17,423
72,17,649
73,17,656
74,17,200
75,17,506
76,17,614
77,17,241
78,17,692
79,17,722
80,17,379
81,17,581
82,17,401
83,17,422
84,17,474
85,17,689
86,17,638
87,17,212
88,17,716
89,17,680
90,17,523
91,17,586
92,17,596
93,17,221
94,17,589
95,17,884
96,17,214
97,17,915
98,17,499
99,17,622
100,17,879
101,17,616
102,17,597
103,17,524
104,17,687
105,17,646
106,17,138
107,17,242
108,17,290
109,17,566
110,17,381
111,17,485
112,17,378
113,17,724
114,17,430
115,17,450
116,17,137
117,17,205
118,17,291
119,17,625
120,17,809
121,17,335
122,17,583
123,17,780
124,17,104
125,17,302
126,17,81
127,17,297
128,17,647
129,17,246
130,17,304
131,17,981
132,17,54
133,17,518
134,17,618
135,17,331
136,17,912
137,17,619
138,17,50
139,17,556
140,17,369
141,17,730
142,17,607
143,17,146
144,17,173
145,17,757
146,17,779
147,17,149
148,17,117
149,17,48
150,17,667
151,17,584
152,17,534
153,17,412
154,17,237
155,17,277
156,17,257
157,17,920
158,17,818
159,17,754
160,17,144
161,17,632
162,17,376
163,17,97
164,17,433
165,17,328
166,17,308
167,17,838
168,17,458
169,17,783
170,17,460
171,17,473
172,17,370
173,17,168
174,17,808
175,17,786
176,17,1
177,17,784
178,17,877
179,17,239
180,17,1003
181,17,921
182,17,560
183,17,347
184,17,326
185,17,406
186,17,822
187,17,51
188,17,322
189,17,743
190,17,273
191,17,467
192,17,525
193,17,737
194,17,549
195,17,938
196,17,299
197,17,854
198,17,648
199,17,309
200,17,600
201,17,659
202,17,952
203,17,388
204,17,367
205,17,49
206,17,547
207,17,167
208,17,570
209,17,696
210,17,216
211,17,666
212,17,516
213,17,114
214,17,281
215,17,19
216,17,913
217,17,772
218,17,567
219,17,610
220,17,911
221,17,172
222,17,220
223,17,396
224,17,592
225,17,329
226,17,669
227,17,987
228,17,424
229,17,483
230,17,345
231,17,27
232,17,449
233,17,313
234,17,728
235,17,219
236,17,794
237,17,14
238,17,513
239,17,305
240,17,341
241,17,588
242,17,660
243,17,795
244,17,532
245,17,580
246,17,725
247,17,620
248,17,301
249,17,318
250,17,363
251,17,948
252,17,86
253,17,44
254,17,43
255,17,259
256,17,15
257,17,823
258,17,5
259,17,941
260,17,33
261,17,595
262,17,731
263,17,409
264,17,817
265,17,429
266,17,127
267,17,522
268,17,203
269,17,373
270,17,358
271,17,653
272,17,626
273,17,223
274,17,431
275,17,215
276,17,121
277,17,521
278,17,343
279,17,797
280,17,951
281,17,199
282,17,217
283,17,869
284,17,641
285,17,520
286,17,931
287,17,665
288,17,842
289,17,883
290,17,557
291,17,202
292,17,599
293,17,147
294,17,537
295,17,629
296,17,399
297,17,535
298,17,150
299,17,46
300,17,333
301,17,400
302,17,41
303,17,688
304,17,312
305,17,655
306,17,555
307,17,98
308,17,405
309,17,324
310,17,755
311,17,463
312,17,315
313,17,404
314,17,615
315,17,590
316,17,151
317,17,464
318,17,661
319,17,658
320,17,280
321,17,540
322,17,690
323,17,465
324,17,8
325,17,78
326,17,334
327,17,657
328,17,139
329,17,85
330,17,428
331,17,316
332,17,916
333,17,514
334,17,791
335,17,594
336,17,230
337,17,272
338,17,68
339,17,734
340,17,893
341,17,652
342,17,336
343,17,519
344,17,346
345,17,1005
346,17,508
347,17,494
348,17,738
349,17,976
350,17,84
351,17,413
352,17,914
353,17,561
354,17,410
355,17,548
356,17,380
357,17,799
358,17,515
359,17,466
360,17,66
361,17,470
362,17,944
363,17,693
364,17,442
365,17,982
366,17,461
367,17,497
368,17,876
369,17,609
370,17,16
371,17,922
372,17,263
373,17,627
374,17,45
375,17,826
376,17,748
377,17,113
378,17,850
379,17,356
380,17,598
381,17,836
382,17,939
383,17,554
384,17,390
385,17,209
386,17,538
387,17,763
388,17,892
389,17,546
390,17,181
391,17,787
392,17,578
393,17,624
394,17,603
395,17,350
396,17,394
397,17,811
398,17,529
399,17,298
0,18,422
1,18,310
2,18,527
3,18,597
4,18,721
5,18,954
6,18,1004
7,18,652
8,18,184
9,18,466
10,18,553
11,18,343
12,18,664
13,18,785
14,18,208
15,18,618
16,18,816
17,18,563
18,18,523
19,18,659
20,18,716
21,18,163
22,18,468
23,18,48
24,18,684
25,18,724
26,18,442
27,18,319
28,18,901
29,18,142
30,18,521
31,18,363
32,18,1013
33,18,444
34,18,903
35,18,335
36,18,463
37,18,443
38,18,632
39,18,557
40,18,942
41,18,820
42,18,564
43,18,46
44,18,233
45,18,491
46,18,694
47,18,317
48,18,622
49,18,767
50,18,400
51,18,433
52,18,655
53,18,393
54,18,969
55,18,884
56,18,624
57,18,265
58,18,239
59,18,693
60,18,559
61,18,380
62,18,674
63,18,847
64,18,775
65,18,874
66,18,496
67,18,587
68,18,459
69,18,781
70,18,472
71,18,424
72,18,617
73,18,688
74,18,201
75,18,506
76,18,614
77,18,240
78,18,691
79,18,754
80,18,347
81,18,613
82,18,369
83,18,390
84,18,475
85,18,690
86,18,670
87,18,213
88,18,715
89,18,681
90,18,555
91,18,585
92,18,628
93,18,220
94,18,590
95,18,916
96,18,215
97,18,883
98,18,531
99,18,654
100,18,880
101,18,615
102,18,596
103,18,492
104,18,687
105,18,646
106,18,106
107,18,210
108,18,291
109,18,565
110,18,349
111,18,484
112,18,379
113,18,725
114,18,430
115,18,450
116,18,138
117,18,173
118,18,259
119,18,625
120,18,808
121,18,367
122,18,584
123,18,748
124,18,105
125,18,334
126,18,80
127,18,329
128,18,648
129,18,245
130,18,303
131,18,982
132,18,22
133,18,486
134,18,619
135,18,299
136,18,911
137,18,651
138,18,50
139,18,524
140,18,370
141,18,698
142,18,607
143,18,114
144,18,141
145,18,758
146,18,780
147,18,148
148,18,118
149,18,47
150,18,699
151,18,552
152,18,534
153,18,413
154,18,205
155,18,278
156,18,225
157,18,952
158,18,819
159,18,786
160,18,112
161,18,600
162,18,376
163,18,97
164,18,465
165,18,327
166,18,276
167,18,838
168,18,457
169,18,784
170,18,460
171,18,473
172,18,402
173,18,167
174,18,807
175,18,787
176,18,2
177,18,752
178,18,878
179,18,238
180,18,1003
181,18,921
182,18,528
183,18,348
184,18,325
185,18,438
186,18,821
187,18,52
188,18,290
189,18,743
190,18,274
191,18,499
192,18,526
193,18,705
194,18,549
195,18,906
196,18,298
197,18,855
198,18,649
199,18,309
200,18,601
201,18,658
202,18,951
203,18,420
204,18,368
205,18,49
206,18,548
207,18,199
208,18,571
209,18,695
210,18,217
211,18,667
212,18,516
213,18,113
214,18,280
215,18,51
216,18,881
217,18,772
218,18,566
219,18,609
220,18,943
221,18,140
222,18,188
223,18,428
224,18,592
225,18,361
226,18,668
227,18,1019
228,18,392
229,18,515
230,18,313
231,18,27
232,18,417
233,18,281
234,18,760
235,18,219
236,18,762
237,18,13
238,18,514
239,18,304
240,18,340
241,18,589
242,18,661
243,18,794
244,18,532
245,18,581
246,18,757
247,18,588
248,18,269
249,18,286
250,18,364
251,18,980
252,18,87
253,18,45
254,18,44
255,18,227
256,18,15
257,18,822
258,18,5
259,18,940
260,18,34
261,18,595
262,18,763
263,18,410
264,18,818
265,18,461
266,18,127
267,18,490
268,18,171
269,18,405
270,18,326
271,18,621
272,18,594
273,18,223
274,18,431
275,18,183
276,18,120
277,18,520
278,18,342
279,18,797
280,18,919
281,18,231
282,18,185
283,18,869
284,18,641
285,18,519
286,18,930
287,18,697
288,18,842
289,18,882
290,18,525
291,18,202
292,18,631
293,18,146
294,18,538
295,18,630
296,18,398
297,18,535
298,18,149
299,18,14
300,18,332
301,18,399
302,18,41
303,18,689
304,18,344
305,18,623
306,18,556
307,18,130
308,18,406
309,18,356
310,18,723
311,18,464
312,18,315
313,18,403
314,18,647
315,18,558
316,18,119
317,18,432
318,18,662
319,18,626
320,18,312
321,18,539
322,18,722
323,18,497
324,18,8
325,18,78
326,18,366
327,18,657
328,18,139
329,18,86
330,18,429
331,18,284
332,18,948
333,18,546
334,18,792
335,18,562
336,18,229
337,18,272
338,18,69
339,18,733
340,18,925
341,18,653
342,18,336
343,18,518
344,18,345
345,18,1005
346,18,509
347,18,462
348,18,737
349,18,976
350,18,85
351,18,381
352,18,913
353,18,560
354,18,378
355,18,580
356,18,412
357,18,799
358,18,547
359,18,467
360,18,98
361,18,469
362,18,945
363,18,692
364,18,474
365,18,983
366,18,493
367,18,498
368,18,875
369,18,608
370,18,16
371,18,922
372,18,263
373,18,627
374,18,77
375,18,826
376,18,749
377,18,81
378,18,849
379,18,388
380,18,598
381,18,835
382,18,938
383,18,586
384,18,358
385,18,241
386,18,570
387,18,795
388,18,892
389,18,578
390,18,181
391,18,788
392,18,610
393,18,656
394,18,635
395,18,318
396,18,362
397,18,779
398,18,529
399,18,266
0,19,422
1,19,278
2,19,526
3,19,596
4,19,722
5,19,954
6,19,1005
7,19,652
8,19,185
9,19,434
10,19,554
11,19,342
12,19,665
13,19,784
14,19,240
15,19,617
16,19,816
17,19,562
18,19,522
19,19,659
20,19,715
21,19,131
22,19,467
23,19,47
24,19,716
25,19,725
26,19,410
27,19,287
28,19,901
29,19,142
30,19,521
31,19,364
32,19,1013
33,19,445
34,19,902
35,19,303
36,19,464
37,19,443
38,19,664
39,19,556
40,19,941
41,19,821
42,19,565
43,19,78
44,19,201
45,19,523
46,19,693
47,19,285
48,19,654
49,19,767
50,19,368
51,19,432
52,19,687
53,19,392
54,19,968
55,19,916
56,19,656
57,19,266
58,19,207
59,19,692
60,19,559
61,19,412
62,19,706
63,19,847
64,19,775
65,19,873
66,19,528
67,19,619
68,19,459
69,19,749
70,19,471
71,19,423
72,19,585
73,19,720
74,19,202
75,19,538
76,19,646
77,19,239
78,19,723
79,19,786
80,19,348
81,19,645
82,19,369
83,19,358
84,19,476
85,19,691
86,19,669
87,19,214
88,19,747
89,19,682
90,19,555
91,19,553
92,19,628
93,19,220
94,19,590
95,19,915
96,19,216
97,19,883
98,19,531
99,19,653
100,19,880
101,19,614
102,19,564
103,19,524
104,19,688
105,19,678
106,19,138
107,19,209
108,19,292
109,19,597
110,19,317
111,19,483
112,19,347
113,19,757
114,19,398
115,19,450
116,19,139
117,19,141
118,19,227
119,19,625
120,19,807
121,19,399
122,19,616
123,19,748
124,19,106
125,19,334
126,19,48
127,19,361
128,19,649
129,19,244
130,19,302
131,19,982
132,19,21
133,19,518
134,19,618
135,19,267
136,19,910
137,19,683
138,19,49
139,19,525
140,19,371
141,19,697
142,19,607
143,19,114
144,19,140
145,19,790
146,19,781
147,19,147
148,19,118
149,19,46
150,19,698
151,19,551
152,19,534
153,19,381
154,19,173
155,19,279
156,19,226
157,19,952
158,19,819
159,19,785
160,19,112
161,19,568
162,19,377
163,19,98
164,19,433
165,19,295
166,19,277
167,19,838
168,19,489
169,19,752
170,19,461
171,19,473
172,19,401
173,19,166
174,19,806
175,19,788
176,19,3
177,19,753
178,19,878
179,19,237
180,19,1003
181,19,921
182,19,527
183,19,380
184,19,293
185,19,470
186,19,822
187,19,20
188,19,289
189,19,743
190,19,306
191,19,498
192,19,494
193,19,737
194,19,581
195,19,907
196,19,298
197,19,856
198,19,650
199,19,309
200,19,569
201,19,690
202,19,983
203,19,419
204,19,336
205,19,81
206,19,580
207,19,200
208,19,603
209,19,694
210,19,218
211,19,699
212,19,515
213,19,113
214,19,280
215,19,50
216,19,913
217,19,772
218,19,566
219,19,608
220,19,944
221,19,108
222,19,156
223,19,460
224,19,624
225,19,393
226,19,700
227,19,1020
228,19,424
229,19,547
230,19,281
231,19,27
232,19,385
233,19,249
234,19,792
235,19,219
236,19,763
237,19,12
238,19,546
239,19,304
240,19,339
241,19,557
242,19,662
243,19,794
244,19,532
245,19,613
246,19,758
247,19,587
248,19,269
249,19,254
250,19,332
251,19,981
252,19,88
253,19,13
254,19,44
255,19,195
256,19,15
257,19,854
258,19,5
259,19,939
260,19,34
261,19,627
262,19,731
263,19,378
264,19,818
265,19,429
266,19,127
267,19,458
268,19,170
269,19,437
270,19,325
271,19,589
272,19,595
273,19,223
274,19,430
275,19,215
276,19,119
277,19,552
278,19,374
279,19,797
280,19,951
281,19,230
282,19,217
283,19,869
284,19,609
285,19,487
286,19,930
287,19,696
288,19,842
289,19,881
290,19,493
291,19,203
292,19,630
293,19,145
294,19,539
295,19,629
296,19,366
297,19,535
298,19,148
299,19,14
300,19,331
301,19,431
302,19,41
303,19,689
304,19,376
305,19,622
306,19,588
307,19,162
308,19,407
309,19,388
310,19,724
311,19,496
312,19,315
313,19,402
314,19,679
315,19,558
316,19,151
317,19,400
318,19,663
319,19,658
320,19,344
321,19,571
322,19,754
323,19,465
324,19,8
325,19,77
326,19,367
327,19,657
328,19,107
329,19,87
330,19,428
331,19,284
332,19,980
333,19,578
334,19,793
335,19,561
336,19,228
337,19,272
338,19,70
339,19,701
340,19,957
341,19,621
342,19,335
343,19,519
344,19,313
345,19,973
346,19,541
347,19,463
348,19,738
349,19,976
350,19,86
351,19,349
352,19,912
353,19,560
354,19,379
355,19,579
356,19,444
357,19,799
358,19,548
359,19,499
360,19,130
361,19,468
362,19,946
363,19,660
364,19,506
365,19,984
366,19,492
367,19,466
368,19,874
369,19,640
370,19,16
371,19,922
372,19,231
373,19,626
374,19,45
375,19,826
376,19,750
377,19,80
378,19,849
379,19,420
380,19,598
381,19,803
382,19,906
383,19,586
384,19,326
385,19,273
386,19,570
387,19,796
388,19,892
389,19,610
390,19,213
391,19,820
392,19,642
393,19,655
394,19,667
395,19,286
396,19,330
397,19,779
398,19,497
399,19,234
0,20,390
1,20,246
2,20,494
3,20,628
4,20,723
5,20,954
6,20,1006
7,20,653
8,20,185
9,20,433
10,20,555
11,20,341
12,20,633
13,20,816
14,20,241
15,20,649
16,20,817
17,20,594
18,20,554
19,20,660
20,20,714
21,20,130
22,20,499
23,20,46
24,20,716
25,20,693
26,20,378
27,20,255
28,20,901
29,20,142
30,20,522
31,20,364
32,20,1013
33,20,413
34,20,870
35,20,302
36,20,465
37,20,443
38,20,696
39,20,556
40,20,940
41,20,822
42,20,566
43,20,77
44,20,200
45,20,523
46,20,692
47,20,253
48,20,655
49,20,767
50,20,367
51,20,400
52,20,719
53,20,424
54,20,967
55,20,915
56,20,688
57,20,266
58,20,208
59,20,691
60,20,527
61,20,444
62,20,707
63,20,847
64,20,775
65,20,841
66,20,560
67,20,620
68,20,460
69,20,749
70,20,470
71,20,422
72,20,585
73,20,752
74,20,203
75,20,506
76,20,647
77,20,238
78,20,755
79,20,785
80,20,380
81,20,677
82,20,369
83,20,357
84,20,477
85,20,659
86,20,701
87,20,215
88,20,779
89,20,683
90,20,587
91,20,553
92,20,627
93,20,220
94,20,589
95,20,883
96,20,184
97,20,851
98,20,532
99,20,621
100,20,912
101,20,646
102,20,563
103,20,524
104,20,689
105,20,678
106,20,137
107,20,209
108,20,293
109,20,629
110,20,285
111,20,482
112,20,315
113,20,725
114,20,398
115,20,450
116,20,140
117,20,109
118,20,226
119,20,657
120,20,806
121,20,431
122,20,617
123,20,748
124,20,107
125,20,335
126,20,47
127,20,393
128,20,650
129,20,243
130,20,334
131,20,983
132,20,20
133,20,486
134,20,619
135,20,235
136,20,909
137,20,715
138,20,49
139,20,526
140,20,339
141,20,665
142,20,607
143,20,114
144,20,141
145,20,758
146,20,813
147,20,146
148,20,119
149,20,78
150,20,730
151,20,550
152,20,534
153,20,349
154,20,172
155,20,311
156,20,194
157,20,920
158,20,820
159,20,784
160,20,80
161,20,536
162,20,345
163,20,98
164,20,432
165,20,263
166,20,277
167,20,838
168,20,521
169,20,753
170,20,462
171,20,473
172,20,401
173,20,165
174,20,805
175,20,788
176,20,4
177,20,754
178,20,878
179,20,236
180,20,1003
181,20,921
182,20,528
183,20,412
184,20,261
185,20,502
186,20,790
187,20,19
188,20,257
189,20,743
190,20,307
191,20,466
192,20,493
193,20,705
194,20,613
195,20,939
196,20,297
197,20,857
198,20,651
199,20,309
200,20,537
201,20,722
202,20,951
203,20,451
204,20,304
205,20,113
206,20,581
207,20,168
208,20,604
209,20,694
210,20,218
211,20,667
212,20,515
213,20,112
214,20,279
215,20,50
216,20,914
217,20,772
218,20,567
219,20,609
220,20,945
221,20,108
222,20,156
223,20,492
224,20,656
225,20,392
226,20,699
227,20,1020
228,20,423
229,20,548
230,20,249
231,20,27
232,20,353
233,20,217
234,20,824
235,20,219
236,20,731
237,20,13
238,20,578
239,20,303
240,20,338
241,20,558
242,20,663
243,20,794
244,20,564
245,20,645
246,20,757
247,20,586
248,20,237
249,20,286
250,20,333
251,20,982
252,20,89
253,20,45
254,20,12
255,20,195
256,20,15
257,20,886
258,20,5
259,20,971
260,20,34
261,20,626
262,20,732
263,20,379
264,20,819
265,20,461
266,20,127
267,20,426
268,20,138
269,20,469
270,20,326
271,20,557
272,20,596
273,20,223
274,20,429
275,20,183
276,20,151
277,20,551
278,20,406
279,20,797
280,20,952
281,20,229
282,20,216
283,20,869
284,20,610
285,20,487
286,20,930
287,20,697
288,20,842
289,20,880
290,20,525
291,20,171
292,20,662
293,20,144
294,20,540
295,20,630
296,20,366
297,20,535
298,20,147
299,20,14
300,20,330
301,20,430
302,20,41
303,20,721
304,20,408
305,20,590
306,20,588
307,20,163
308,20,375
309,20,420
310,20,724
311,20,496
312,20,316
313,20,370
314,20,711
315,20,559
316,20,150
317,20,368
318,20,664
319,20,690
320,20,376
321,20,603
322,20,786
323,20,497
324,20,8
325,20,76
326,20,399
327,20,658
328,20,139
329,20,88
330,20,396
331,20,284
332,20,981
333,20,579
334,20,792
335,20,529
336,20,228
337,20,240
338,20,70
339,20,700
340,20,956
341,20,622
342,20,336
343,20,518
344,20,281
345,20,1005
346,20,573
347,20,464
348,20,737
349,20,976
350,20,87
351,20,317
352,20,913
353,20,561
354,20,347
355,20,547
356,20,476
357,20,799
358,20,549
359,20,531
360,20,162
361,20,467
362,20,978
363,20,661
364,20,507
365,20,985
366,20,491
367,20,434
368,20,873
369,20,608
370,20,16
371,20,922
372,20,199
373,20,625
374,20,44
375,20,826
376,20,751
377,20,48
378,20,849
379,20,419
380,20,597
381,20,771
382,20,905
383,20,618
384,20,358
385,20,305
386,20,569
387,20,828
388,20,892
389,20,642
390,20,214
391,20,821
392,20,674
393,20,687
394,20,668
395,20,287
396,20,298
397,20,778
398,20,498
399,20,202
0,21,358
1,21,245
2,21,462
3,21,627
4,21,691
5,21,954
6,21,1006
7,21,654
8,21,186
9,21,434
10,21,556
11,21,340
12,21,601
13,21,817
14,21,273
15,21,648
16,21,785
17,21,594
18,21,522
19,21,661
20,21,713
21,21,129
22,21,467
23,21,78
24,21,715
25,21,693
26,21,379
27,21,287
28,21,901
29,21,142
30,21,490
31,21,363
32,21,1013
33,21,381
34,21,869
35,21,301
36,21,466
37,21,443
38,21,695
39,21,588
40,21,939
41,21,823
42,21,598
43,21,76
44,21,168
45,21,555
46,21,724
47,21,221
48,21,656
49,21,767
50,21,399
51,21,432
52,21,751
53,21,423
54,21,966
55,21,914
56,21,689
57,21,265
58,21,240
59,21,690
60,21,559
61,21,476
62,21,739
63,21,847
64,21,775
65,21,809
66,21,592
67,21,619
68,21,428
69,21,749
70,21,502
71,21,421
72,21,617
73,21,753
74,21,204
75,21,506
76,21,615
77,21,237
78,21,787
79,21,784
80,21,412
81,21,678
82,21,368
83,21,325
84,21,445
85,21,660
86,21,700
87,21,216
88,21,811
89,21,684
90,21,587
91,21,554
92,21,626
93,21,220
94,21,621
95,21,884
96,21,184
97,21,883
98,21,531
99,21,620
100,21,880
101,21,645
102,21,562
103,21,525
104,21,657
105,21,646
106,21,137
107,21,208
108,21,294
109,21,628
110,21,253
111,21,450
112,21,283
113,21,757
114,21,398
115,21,449
116,21,108
117,21,110
118,21,226
119,21,658
120,21,805
121,21,431
122,21,649
123,21,748
124,21,139
125,21,334
126,21,46
127,21,392
128,21,651
129,21,242
130,21,366
131,21,984
132,21,19
133,21,485
134,21,618
135,21,203
136,21,908
137,21,747
138,21,48
139,21,494
140,21,371
141,21,697
142,21,607
143,21,146
144,21,173
145,21,790
146,21,814
147,21,178
148,21,120
149,21,77
150,21,762
151,21,551
152,21,534
153,21,350
154,21,140
155,21,343
156,21,162
157,21,952
158,21,820
159,21,816
160,21,80
161,21,504
162,21,313
163,21,98
164,21,433
165,21,231
166,21,277
167,21,838
168,21,553
169,21,721
170,21,430
171,21,473
172,21,369
173,21,165
174,21,804
175,21,788
176,21,5
177,21,755
178,21,878
179,21,235
180,21,1003
181,21,921
182,21,527
183,21,444
184,21,260
185,21,501
186,21,822
187,21,51
188,21,256
189,21,744
190,21,339
191,21,498
192,21,492
193,21,737
194,21,612
195,21,938
196,21,298
197,21,858
198,21,652
199,21,309
200,21,505
201,21,754
202,21,983
203,21,483
204,21,272
205,21,114
206,21,613
207,21,167
208,21,603
209,21,694
210,21,218
211,21,667
212,21,547
213,21,112
214,21,278
215,21,49
216,21,913
217,21,772
218,21,566
219,21,641
220,21,946
221,21,109
222,21,156
223,21,524
224,21,688
225,21,424
226,21,731
227,21,1020
228,21,422
229,21,549
230,21,250
231,21,27
232,21,321
233,21,185
234,21,825
235,21,219
236,21,732
237,21,45
238,21,610
239,21,302
240,21,306
241,21,526
242,21,664
243,21,794
244,21,532
245,21,677
246,21,758
247,21,586
248,21,205
249,21,318
250,21,333
251,21,1014
252,21,121
253,21,44
254,21,13
255,21,194
256,21,15
257,21,885
258,21,37
259,21,970
260,21,34
261,21,625
262,21,733
263,21,380
264,21,819
265,21,460
266,21,127
267,21,394
268,21,106
269,21,469
270,21,327
271,21,557
272,21,564
273,21,223
274,21,461
275,21,215
276,21,150
277,21,519
278,21,438
279,21,797
280,21,951
281,21,261
282,21,217
283,21,837
284,21,609
285,21,486
286,21,930
287,21,696
288,21,842
289,21,879
290,21,493
291,21,170
292,21,662
293,21,176
294,21,541
295,21,630
296,21,367
297,21,535
298,21,179
299,21,14
300,21,329
301,21,429
302,21,41
303,21,720
304,21,409
305,21,558
306,21,589
307,21,195
308,21,376
309,21,420
310,21,725
311,21,528
312,21,315
313,21,370
314,21,743
315,21,560
316,21,118
317,21,336
318,21,665
319,21,722
320,21,408
321,21,602
322,21,818
323,21,496
324,21,8
325,21,75
326,21,400
327,21,659
328,21,138
329,21,89
330,21,364
331,21,284
332,21,982
333,21,580
334,21,792
335,21,497
336,21,228
337,21,239
338,21,70
339,21,699
340,21,955
341,21,623
342,21,335
343,21,518
344,21,249
345,21,1005
346,21,605
347,21,465
348,21,738
349,21,976
350,21,88
351,21,285
352,21,912
353,21,529
354,21,346
355,21,579
356,21,508
357,21,799
358,21,550
359,21,563
360,21,163
361,21,435
362,21,1010
363,21,629
364,21,539
365,21,986
366,21,523
367,21,402
368,21,841
369,21,608
370,21,16
371,21,922
372,21,200
373,21,624
374,21,12
375,21,826
376,21,750
377,21,47
378,21,849
379,21,451
380,21,596
381,21,770
382,21,904
383,21,650
384,21,326
385,21,305
386,21,568
387,21,828
388,21,892
389,21,674
390,21,246
391,21,821
392,21,706
393,21,719
394,21,668
395,21,286
396,21,266
397,21,746
398,21,499
399,21,202
0,22,326
1,22,213
2,22,463
3,22,659
4,22,692
5,22,986
6,22,1006
7,22,654
8,22,218
9,22,435
10,22,588
11,22,339
12,22,569
13,22,785
14,22,274
15,22,648
16,22,784
17,22,594
18,22,521
19,22,629
20,22,712
21,22,97
22,22,499
23,22,77
24,22,715
25,22,661
26,22,347
27,22,287
28,22,901
29,22,141
30,22,491
31,22,364
32,22,1013
33,22,349
34,22,868
35,22,269
36,22,467
37,22,443
38,22,694
39,22,589
40,22,971
41,22,824
42,22,599
43,22,108
44,22,167
45,22,554
46,22,723
47,22,189
48,22,656
49,22,767
50,22,431
51,22,433
52,22,750
53,22,422
54,22,934
55,22,913
56,22,657
57,22,266
58,22,241
59,22,689
60,22,558
61,22,477
62,22,771
63,22,847
64,22,776
65,22,777
66,22,592
67,22,618
68,22,396
69,22,749
70,22,501
71,22,421
72,22,649
73,22,753
74,22,205
75,22,506
76,22,616
77,22,236
78,22,786
79,22,783
80,22,444
81,22,679
82,22,367
83,22,293
84,22,413
85,22,628
86,22,699
87,22,184
88,22,810
89,22,685
90,22,619
91,22,522
92,22,625
93,22,220
94,22,622
95,22,916
96,22,185
97,22,883
98,22,531
99,22,620
100,22,881
101,22,677
102,22,561
103,22,557
104,22,658
105,22,614
106,22,136
107,22,207
108,22,295
109,22,627
110,22,221
111,22,449
112,22,251
113,22,725
114,22,399
115,22,481
116,22,109
117,22,142
118,22,194
119,22,626
120,22,837
121,22,430
122,22,650
123,22,748
124,22,107
125,22,302
126,22,78
127,22,424
128,22,652
129,22,210
130,22,398
131,22,985
132,22,51
133,22,486
134,22,617
135,22,171
136,22,907
137,22,779
138,22,47
139,22,462
140,22,403
141,22,696
142,22,607
143,22,114
144,22,173
145,22,758
146,22,815
147,22,146
148,22,120
149,22,76
150,22,794
151,22,583
152,22,534
153,22,351
154,22,139
155,22,375
156,22,130
157,22,920
158,22,821
159,22,816
160,22,80
161,22,504
162,22,281
163,22,98
164,22,434
165,22,231
166,22,277
167,22,838
168,22,552
169,22,722
170,22,429
171,22,441
172,22,368
173,22,165
174,22,836
175,22,788
176,22,6
177,22,755
178,22,910
179,22,234
180,22,1003
181,22,921
182,22,559
183,22,476
184,22,260
185,22,533
186,22,790
187,22,52
188,22,256
189,22,743
190,22,371
191,22,497
192,22,460
193,22,769
194,22,580
195,22,938
196,22,330
197,22,859
198,22,653
199,22,309
200,22,473
201,22,754
202,22,951
203,22,515
204,22,240
205,22,115
206,22,645
207,22,199
208,22,603
209,22,693
210,22,219
211,22,667
212,22,579
213,22,112
214,22,246
215,22,49
216,22,945
217,22,772
218,22,566
219,22,673
220,22,947
221,22,110
222,22,156
223,22,524
224,22,720
225,22,423
226,22,763
227,22,1020
228,22,390
229,22,550
230,22,250
231,22,27
232,22,289
233,22,186
234,22,857
235,22,187
236,22,700
237,22,45
238,22,609
239,22,301
240,22,305
241,22,525
242,22,632
243,22,795
244,22,532
245,22,678
246,22,757
247,22,586
248,22,206
249,22,318
250,22,334
251,22,982
252,22,122
253,22,44
254,22,14
255,22,162
256,22,16
257,22,884
258,22,5
259,22,969
260,22,34
261,22,624
262,22,732
263,22,412
264,22,820
265,22,428
266,22,127
267,22,362
268,22,74
269,22,469
270,22,327
271,22,556
272,22,565
273,22,223
274,22,493
275,22,215
276,22,149
277,22,518
278,22,470
279,22,797
280,22,952
281,22,261
282,22,216
283,22,869
284,22,608
285,22,454
286,22,930
287,22,728
288,22,842
289,22,878
290,22,494
291,22,202
292,22,662
293,22,175
294,22,541
295,22,630
296,22,366
297,22,535
298,22,178
299,22,15
300,22,361
301,22,461
302,22,41
303,22,721
304,22,410
305,22,526
306,22,621
307,22,227
308,22,377
309,22,420
310,22,724
311,22,527
312,22,315
313,22,369
314,22,775
315,22,560
316,22,119
317,22,335
318,22,666
319,22,690
320,22,409
321,22,601
322,22,817
323,22,496
324,22,8
325,22,75
326,22,401
327,22,691
328,22,137
329,22,121
330,22,332
331,22,285
332,22,983
333,22,581
334,22,792
335,22,465
336,22,228
337,22,238
338,22,70
339,22,731
340,22,954
341,22,655
342,22,303
343,22,517
344,22,217
345,22,1005
346,22,637
347,22,466
348,22,737
349,22,976
350,22,89
351,22,253
352,22,912
353,22,528
354,22,378
355,22,578
356,22,509
357,22,799
358,22,551
359,22,563
360,22,195
361,22,436
362,22,1011
363,22,597
364,22,571
365,22,987
366,22,555
367,22,370
368,22,809
369,22,640
370,22,48
371,22,922
372,22,168
373,22,623
374,22,13
375,22,826
376,22,782
377,22,46
378,22,849
379,22,483
380,22,595
381,22,738
382,22,903
383,22,651
384,22,325
385,22,273
386,22,568
387,22,828
388,22,892
389,22,706
390,22,214
391,22,822
392,22,707
393,22,751
394,22,668
395,22,286
396,22,267
397,22,714
398,22,498
399,22,203
0,23,327
1,23,181
2,23,464
3,23,691
4,23,660
5,23,954
6,23,1006
7,23,655
8,23,217
9,23,434
10,23,588
11,23,338
12,23,537
13,23,817
14,23,306
15,23,616
16,23,752
17,23,562
18,23,520
19,23,597
20,23,712
21,23,65
22,23,498
23,23,76
24,23,714
25,23,629
26,23,315
27,23,287
28,23,901
29,23,109
30,23,459
31,23,364
32,23,1013
33,23,317
34,23,867
35,23,269
36,23,468
37,23,443
38,23,693
39,23,621
40,23,970
41,23,825
42,23,631
43,23,140
44,23,166
45,23,553
46,23,755
47,23,157
48,23,657
49,23,767
50,23,463
51,23,465
52,23,751
53,23,454
54,23,933
55,23,912
56,23,658
57,23,265
58,23,273
59,23,688
60,23,590
61,23,477
62,23,803
63,23,879
64,23,775
65,23,745
66,23,560
67,23,650
68,23,396
69,23,749
70,23,501
71,23,421
72,23,649
73,23,753
74,23,206
75,23,506
76,23,615
77,23,235
78,23,785
79,23,782
80,23,476
81,23,711
82,23,366
83,23,261
84,23,381
85,23,596
86,23,731
87,23,184
88,23,842
89,23,686
90,23,619
91,23,490
92,23,625
93,23,220
94,23,623
95,23,915
96,23,186
97,23,883
98,23,499
99,23,620
100,23,882
101,23,709
102,23,561
103,23,589
104,23,626
105,23,614
106,23,135
107,23,239
108,23,263
109,23,659
110,23,189
111,23,417
112,23,219
113,23,725
114,23,400
115,23,449
116,23,110
117,23,141
118,23,162
119,23,594
120,23,836
121,23,431
122,23,651
123,23,748
124,23,108
125,23,301
126,23,77
127,23,423
128,23,653
129,23,209
130,23,398
131,23,985
132,23,50
133,23,518
134,23,618
135,23,139
136,23,906
137,23,811
138,23,46
139,23,430
140,23,404
141,23,695
142,23,607
143,23,114
144,23,173
145,23,790
146,23,847
147,23,178
148,23,120
149,23,75
150,23,826
151,23,583
152,23,534
153,23,319
154,23,107
155,23,407
156,23,98
157,23,952
158,23,822
159,23,784
160,23,80
161,23,504
162,23,249
163,23,97
164,23,433
165,23,199
166,23,277
167,23,838
168,23,584
169,23,723
170,23,461
171,23,473
172,23,367
173,23,165
174,23,835
175,23,820
176,23,38
177,23,754
178,23,878
179,23,266
180,23,1003
181,23,921
182,23,558
183,23,508
184,23,259
185,23,532
186,23,791
187,23,20
188,23,256
189,23,743
190,23,403
191,23,529
192,23,428
193,23,768
194,23,580
195,23,938
196,23,329
197,23,891
198,23,654
199,23,309
200,23,474
201,23,786
202,23,983
203,23,547
204,23,208
205,23,116
206,23,677
207,23,200
208,23,604
209,23,692
210,23,218
211,23,699
212,23,578
213,23,112
214,23,245
215,23,49
216,23,913
217,23,772
218,23,566
219,23,705
220,23,948
221,23,142
222,23,156
223,23,556
224,23,721
225,23,422
226,23,795
227,23,1020
228,23,358
229,23,551
230,23,251
231,23,27
232,23,257
233,23,187
234,23,857
235,23,155
236,23,668
237,23,45
238,23,641
239,23,333
240,23,304
241,23,525
242,23,600
243,23,794
244,23,564
245,23,679
246,23,758
247,23,586
248,23,207
249,23,318
250,23,335
251,23,982
252,23,154
253,23,44
254,23,15
255,23,161
256,23,48
257,23,916
258,23,5
259,23,968
260,23,34
261,23,592
262,23,733
263,23,444
264,23,821
265,23,429
266,23,127
267,23,330
268,23,42
269,23,469
270,23,295
271,23,555
272,23,533
273,23,223
274,23,492
275,23,214
276,23,148
277,23,517
278,23,471
279,23,797
280,23,951
281,23,260
282,23,216
283,23,869
284,23,609
285,23,453
286,23,930
287,23,696
288,23,841
289,23,877
290,23,462
291,23,202
292,23,661
293,23,174
294,23,542
295,23,630
296,23,334
297,23,535
298,23,177
299,23,16
300,23,393
301,23,493
302,23,41
303,23,689
304,23,442
305,23,494
306,23,622
307,23,227
308,23,378
309,23,420
310,23,724
311,23,526
312,23,316
313,23,368
314,23,807
315,23,559
316,23,119
317,23,303
318,23,667
319,23,722
320,23,441
321,23,633
322,23,816
323,23,496
324,23,8
325,23,74
326,23,402
327,23,690
328,23,136
329,23,122
330,23,331
331,23,285
332,23,984
333,23,613
334,23,792
335,23,497
336,23,228
337,23,237
338,23,70
339,23,732
340,23,953
341,23,656
342,23,302
343,23,516
344,23,185
345,23,1005
346,23,637
347,23,467
348,23,737
349,23,976
350,23,121
351,23,221
352,23,880
353,23,527
354,23,410
355,23,610
356,23,541
357,23,799
358,23,552
359,23,531
360,23,195
361,23,435
362,23,1012
363,23,565
364,23,603
365,23,988
366,23,554
367,23,371
368,23,777
369,23,608
370,23,47
371,23,922
372,23,168
373,23,624
374,23,13
375,23,858
376,23,750
377,23,78
378,23,849
379,23,515
380,23,595
381,23,706
382,23,902
383,23,652
384,23,326
385,23,305
386,23,568
387,23,828
388,23,892
389,23,707
390,23,246
391,23,823
392,23,739
393,23,783
394,23,669
395,23,286
396,23,267
397,23,682
398,23,466
399,23,204
0,24,328
1,24,149
2,24,465
3,24,690
4,24,661
5,24,954
6,24,1006
7,24,656
8,24,216
9,24,433
10,24,589
11,24,306
12,24,505
13,24,817
14,24,307
15,24,617
16,24,752
17,24,562
18,24,520
19,24,565
20,24,744
21,24,33
22,24,466
23,24,75
24,24,714
25,24,629
26,24,283
27,24,287
28,24,901
29,24,110
30,24,460
31,24,363
32,24,1013
33,24,285
34,24,866
35,24,237
36,24,469
37,24,444
38,24,692
39,24,620
40,24,969
41,24,793
42,24,663
43,24,108
44,24,134
45,24,552
46,24,787
47,24,156
48,24,658
49,24,767
50,24,463
51,24,497
52,24,783
53,24,486
54,24,933
55,24,911
56,24,626
57,24,297
58,24,274
59,24,687
60,24,622
61,24,477
62,24,835
63,24,847
64,24,775
65,24,713
66,24,559
67,24,649
68,24,364
69,24,749
70,24,533
71,24,420
72,24,648
73,24,785
74,24,207
75,24,506
76,24,616
77,24,234
78,24,784
79,24,781
80,24,508
81,24,712
82,24,334
83,24,260
84,24,349
85,24,597
86,24,763
87,24,185
88,24,841
89,24,686
90,24,651
91,24,458
92,24,625
93,24,221
94,24,624
95,24,916
96,24,218
97,24,915
98,24,499
99,24,619
100,24,883
101,24,741
102,24,561
103,24,621
104,24,594
105,24,614
106,24,103
107,24,238
108,24,264
109,24,659
110,24,157
111,24,449
112,24,220
113,24,757
114,24,401
115,24,450
116,24,78
117,24,141
118,24,130
119,24,595
120,24,868
121,24,431
122,24,652
123,24,748
124,24,109
125,24,269
126,24,76
127,24,422
128,24,654
129,24,241
130,24,366
131,24,986
132,24,50
133,24,518
134,24,618
135,24,140
136,24,905
137,24,843
138,24,45
139,24,398
140,24,405
141,24,694
142,24,607
143,24,114
144,24,172
145,24,822
146,24,848
147,24,210
148,24,121
149,24,74
150,24,858
151,24,551
152,24,535
153,24,319
154,24,107
155,24,439
156,24,99
157,24,920
158,24,823
159,24,816
160,24,80
161,24,504
162,24,217
163,24,98
164,24,432
165,24,167
166,24,277
167,24,838
168,24,583
169,24,724
170,24,461
171,24,474
172,24,368
173,24,165
174,24,867
175,24,820
176,24,39
177,24,755
178,24,878
179,24,265
180,24,1003
181,24,921
182,24,590
183,24,509
184,24,291
185,24,532
186,24,791
187,24,20
188,24,256
189,24,743
190,24,404
191,24,528
192,24,396
193,24,800
194,24,580
195,24,938
196,24,361
197,24,923
198,24,655
199,24,309
200,24,442
201,24,818
202,24,982
203,24,579
204,24,176
205,24,117
206,24,709
207,24,201
208,24,603
209,24,691
210,24,219
211,24,667
212,24,610
213,24,112
214,24,244
215,24,81
216,24,914
217,24,772
218,24,566
219,24,737
220,24,980
221,24,142
222,24,124
223,24,588
224,24,753
225,24,454
226,24,794
227,24,1020
228,24,326
229,24,519
230,24,251
231,24,27
232,24,225
233,24,186
234,24,857
235,24,187
236,24,669
237,24,13
238,24,673
239,24,332
240,24,272
241,24,493
242,24,601
243,24,826
244,24,596
245,24,711
246,24,790
247,24,554
248,24,208
249,24,318
250,24,367
251,24,1014
252,24,155
253,24,44
254,24,16
255,24,160
256,24,49
257,24,948
258,24,5
259,24,967
260,24,34
261,24,560
262,24,732
263,24,476
264,24,821
265,24,429
266,24,127
267,24,298
268,24,10
269,24,501
270,24,294
271,24,555
272,24,534
273,24,223
274,24,491
275,24,214
276,24,147
277,24,516
278,24,471
279,24,797
280,24,951
281,24,292
282,24,184
283,24,869
284,24,609
285,24,421
286,24,930
287,24,697
288,24,840
289,24,876
290,24,430
291,24,202
292,24,693
293,24,173
294,24,541
295,24,630
296,24,333
297,24,503
298,24,209
299,24,48
300,24,392
301,24,492
302,24,41
303,24,689
304,24,443
305,24,462
306,24,623
307,24,259
308,24,379
309,24,419
310,24,725
311,24,525
312,24,315
313,24,336
314,24,806
315,24,558
316,24,119
317,24,302
318,24,668
319,24,723
320,24,473
321,24,632
322,24,815
323,24,496
324,24,8
325,24,73
326,24,403
327,24,722
328,24,135
329,24,154
330,24,299
331,24,284
332,24,985
333,24,645
334,24,792
335,24,498
336,24,228
337,24,236
338,24,70
339,24,700
340,24,952
341,24,657
342,24,301
343,24,515
344,24,153
345,24,1005
346,24,637
347,24,468
348,24,738
349,24,976
350,24,122
351,24,189
352,24,912
353,24,526
354,24,410
355,24,642
356,24,573
357,24,799
358,24,584
359,24,531
360,24,227
361,24,434
362,24,1012
363,24,564
364,24,635
365,24,989
366,24,553
367,24,339
368,24,745
369,24,608
370,24,46
371,24,922
372,24,136
373,24,592
374,24,14
375,24,890
376,24,751
377,24,77
378,24,849
379,24,547
380,24,563
381,24,674
382,24,870
383,24,653
384,24,325
385,24,305
386,24,568
387,24,828
388,24,892
389,24,708
390,24,278
391,24,824
392,24,771
393,24,782
394,24,701
395,24,286
396,24,235
397,24,650
398,24,467
399,24,205
0,25,329
1,25,150
2,25,466
3,25,689
4,25,662
5,25,954
6,25,1006
7,25,657
8,25,217
9,25,432
10,25,557
11,25,274
12,25,506
13,25,818
14,25,339
15,25,617
16,25,752
17,25,562
18,25,520
19,25,533
20,25,743
21,25,1
22,25,498
23,25,74
24,25,714
25,25,597
26,25,251
27,25,287
28,25,901
29,25,142
30,25,461
31,25,362
32,25,1012
33,25,253
34,25,834
35,25,238
36,25,470
37,25,412
38,25,691
39,25,652
40,25,1001
41,25,794
42,25,664
43,25,107
44,25,133
45,25,584
46,25,819
47,25,124
48,25,626
49,25,767
50,25,463
51,25,529
52,25,782
53,25,487
54,25,933
55,25,910
56,25,594
57,25,298
58,25,242
59,25,686
60,25,621
61,25,445
62,25,836
63,25,847
64,25,775
65,25,681
66,25,558
67,25,648
68,25,363
69,25,749
70,25,532
71,25,419
72,25,680
73,25,817
74,25,208
75,25,538
76,25,616
77,25,233
78,25,783
79,25,780
80,25,540
81,25,744
82,25,333
83,25,259
84,25,317
85,25,598
86,25,795
87,25,186
88,25,841
89,25,685
90,25,683
91,25,426
92,25,625
93,25,220
94,25,624
95,25,916
96,25,250
97,25,883
98,25,467
99,25,618
100,25,884
101,25,740
102,25,560
103,25,620
104,25,595
105,25,614
106,25,135
107,25,206
108,25,265
109,25,659
110,25,156
111,25,449
112,25,188
113,25,758
114,25,402
115,25,450
116,25,46
117,25,109
118,25,131
119,25,596
120,25,868
121,25,431
122,25,653
123,25,748
124,25,110
125,25,237
126,25,75
127,25,454
128,25,655
129,25,241
130,25,366
131,25,1018
132,25,50
133,25,518
134,25,650
135,25,108
136,25,873
137,25,844
138,25,44
139,25,399
140,25,373
141,25,693
142,25,607
143,25,114
144,25,171
145,25,821
146,25,849
147,25,210
148,25,122
149,25,73
150,25,859
151,25,550
152,25,567
153,25,319
154,25,106
155,25,471
156,25,100
157,25,952
158,25,824
159,25,784
160,25,48
161,25,536
162,25,185
163,25,98
164,25,400
165,25,166
166,25,277
167,25,838
168,25,615
169,25,692
170,25,462
171,25,473
172,25,336
173,25,165
174,25,866
175,25,788
176,25,40
177,25,723
178,25,878
179,25,297
180,25,1003
181,25,921
182,25,589
183,25,510
184,25,292
185,25,531
186,25,790
187,25,20
188,25,256
189,25,711
190,25,405
191,25,527
192,25,364
193,25,832
194,25,580
195,25,938
196,25,393
197,25,955
198,25,656
199,25,309
200,25,410
201,25,850
202,25,1014
203,25,578
204,25,144
205,25,118
206,25,710
207,25,201
208,25,571
209,25,690
210,25,218
211,25,699
212,25,609
213,25,112
214,25,212
215,25,80
216,25,915
217,25,772
218,25,566
219,25,769
220,25,981
221,25,141
222,25,92
223,25,588
224,25,754
225,25,453
226,25,826
227,25,1020
228,25,327
229,25,551
230,25,252
231,25,27
232,25,193
233,25,154
234,25,857
235,25,219
236,25,670
237,25,14
238,25,705
239,25,331
240,25,240
241,25,494
242,25,602
243,25,858
244,25,564
245,25,712
246,25,822
247,25,522
248,25,176
249,25,318
250,25,368
251,25,1013
252,25,187
253,25,12
254,25,16
255,25,160
256,25,81
257,25,947
258,25,5
259,25,966
260,25,34
261,25,559
262,25,731
263,25,477
264,25,820
265,25,429
266,25,127
267,25,266
268,25,9
269,25,501
270,25,326
271,25,555
272,25,535
273,25,223
274,25,523
275,25,214
276,25,146
277,25,548
278,25,503
279,25,797
280,25,919
281,25,293
282,25,216
283,25,837
284,25,608
285,25,420
286,25,930
287,25,697
288,25,840
289,25,875
290,25,398
291,25,202
292,25,661
293,25,172
294,25,541
295,25,630
296,25,332
297,25,504
298,25,209
299,25,49
300,25,424
301,25,491
302,25,41
303,25,721
304,25,444
305,25,430
306,25,623
307,25,291
308,25,379
309,25,418
310,25,725
311,25,493
312,25,315
313,25,335
314,25,805
315,25,590
316,25,119
317,25,301
318,25,668
319,25,724
320,25,505
321,25,632
322,25,814
323,25,496
324,25,8
325,25,105
326,25,404
327,25,722
328,25,134
329,25,155
330,25,267
331,25,285
332,25,986
333,25,646
334,25,792
335,25,497
336,25,228
337,25,236
338,25,70
339,25,701
340,25,951
341,25,658
342,25,269
343,25,483
344,25,121
345,25,1005
346,25,669
347,25,436
348,25,737
349,25,976
350,25,123
351,25,157
352,25,912
353,25,525
354,25,409
355,25,641
356,25,605
357,25,799
358,25,583
359,25,499
360,25,227
361,25,433
362,25,1011
363,25,565
364,25,667
365,25,957
366,25,552
367,25,340
368,25,713
369,25,640
370,25,45
371,25,922
372,25,137
373,25,592
374,25,15
375,25,890
376,25,751
377,25,76
378,25,881
379,25,579
380,25,563
381,25,642
382,25,869
383,25,654
384,25,324
385,25,305
386,25,568
387,25,828
388,25,892
389,25,709
390,25,310
391,25,825
392,25,803
393,25,781
394,25,733
395,25,286
396,25,203
397,25,651
398,25,468
399,25,205
0,26,328
1,26,150
2,26,434
3,26,688
4,26,663
5,26,954
6,26,1006
7,26,658
8,26,249
9,26,464
10,26,589
11,26,273
12,26,538
13,26,786
14,26,371
15,26,616
16,26,784
17,26,562
18,26,520
19,26,501
20,26,742
21,26,0
22,26,497
23,26,106
24,26,713
25,26,598
26,26,219
27,26,287
28,26,901
29,26,174
30,26,429
31,26,362
32,26,980
33,26,221
34,26,802
35,26,237
36,26,438
37,26,380
38,26,690
39,26,684
40,26,1000
41,26,762
42,26,665
43,26,108
44,26,132
45,26,583
46,26,818
47,26,123
48,26,594
49,26,767
50,26,462
51,26,561
52,26,814
53,26,487
54,26,933
55,26,909
56,26,595
57,26,266
58,26,274
59,26,685
60,26,620
61,26,477
62,26,837
63,26,847
64,26,775
65,26,649
66,26,557
67,26,680
68,26,363
69,26,749
70,26,564
71,26,387
72,26,712
73,26,849
74,26,209
75,26,539
76,26,615
77,26,234
78,26,782
79,26,779
80,26,541
81,26,745
82,26,332
83,26,227
84,26,316
85,26,599
86,26,827
87,26,185
88,26,840
89,26,653
90,26,715
91,26,394
92,26,626
93,26,220
94,26,625
95,26,884
96,26,251
97,26,883
98,26,435
99,26,617
100,26,885
101,26,739
102,26,560
103,26,652
104,26,596
105,26,646
106,26,136
107,26,238
108,26,233
109,26,691
110,26,124
111,26,449
112,26,156
113,26,790
114,26,402
115,26,450
116,26,47
117,26,77
118,26,99
119,26,597
120,26,867
121,26,431
122,26,654
123,26,748
124,26,142
125,26,269
126,26,74
127,26,453
128,26,656
129,26,240
130,26,366
131,26,986
132,26,51
133,26,518
134,26,651
135,26,76
136,26,841
137,26,876
138,26,43
139,26,367
140,26,374
141,26,725
142,26,607
143,26,114
144,26,172
145,26,820
146,26,850
147,26,242
148,26,154
149,26,105
150,26,891
151,26,550
152,26,566
153,26,319
154,26,107
155,26,471
156,26,101
157,26,952
158,26,792
159,26,785
160,26,80
161,26,504
162,26,153
163,26,98
164,26,401
165,26,134
166,26,277
167,26,838
168,26,614
169,26,660
170,26,461
171,26,473
172,26,335
173,26,165
174,26,865
175,26,787
176,26,41
177,26,724
178,26,878
179,26,329
180,26,1003
181,26,921
182,26,621
183,26,542
184,26,260
185,26,532
186,26,822
187,26,20
188,26,256
189,26,743
190,26,437
191,26,527
192,26,364
193,26,864
194,26,580
195,26,938
196,26,393
197,26,956
198,26,657
199,26,309
200,26,378
201,26,882
202,26,1013
203,26,610
204,26,176
205,26,119
206,26,678
207,26,201
208,26,571
209,26,722
210,26,250
211,26,700
212,26,641
213,26,144
214,26,211
215,26,81
216,26,916
217,26,772
218,26,534
219,26,768
220,26,982
221,26,109
222,26,92
223,26,588
224,26,755
225,26,485
226,26,825
227,26,1020
228,26,295
229,26,552
230,26,252
231,26,27
232,26,161
233,26,186
234,26,858
235,26,218
236,26,671
237,26,15
238,26,737
239,26,330
240,26,239
241,26,526
242,26,570
243,26,826
244,26,565
245,26,744
246,26,821
247,26,490
248,26,177
249,26,318
250,26,369
251,26,981
252,26,188
253,26,13
254,26,48
255,26,160
256,26,113
257,26,946
258,26,5
259,26,965
260,26,34
261,26,558
262,26,763
263,26,509
264,26,788
265,26,428
266,26,127
267,26,267
268,26,9
269,26,469
270,26,358
271,26,555
272,26,536
273,26,223
274,26,522
275,26,214
276,26,145
277,26,547
278,26,502
279,26,797
280,26,951
281,26,294
282,26,216
283,26,869
284,26,609
285,26,388
286,26,930
287,26,697
288,26,872
289,26,874
290,26,399
291,26,202
292,26,661
293,26,140
294,26,573
295,26,630
296,26,331
297,26,503
298,26,241
299,26,50
300,26,423
301,26,523
302,26,73
303,26,689
304,26,476
305,26,398
306,26,623
307,26,323
308,26,379
309,26,419
310,26,757
311,26,494
312,26,315
313,26,334
314,26,805
315,26,622
316,26,120
317,26,333
318,26,667
319,26,692
320,26,506
321,26,632
322,26,813
323,26,496
324,26,8
325,26,104
326,26,405
327,26,721
328,26,133
329,26,187
330,26,235
331,26,285
332,26,987
333,26,647
334,26,793
335,26,465
336,26,228
337,26,236
338,26,70
339,26,701
340,26,983
341,26,659
342,26,301
343,26,451
344,26,89
345,26,1005
346,26,668
347,26,404
348,26,738
349,26,976
350,26,155
351,26,157
352,26,912
353,26,493
354,26,410
355,26,673
356,26,637
357,26,799
358,26,551
359,26,499
360,26,226
361,26,432
362,26,1012
363,26,533
364,26,699
365,26,925
366,26,584
367,26,308
368,26,681
369,26,608
370,26,44
371,26,922
372,26,138
373,26,624
374,26,16
375,26,890
376,26,751
377,26,75
378,26,881
379,26,578
380,26,563
381,26,642
382,26,868
383,26,655
384,26,356
385,26,305
386,26,568
387,26,828
388,26,892
389,26,710
390,26,342
391,26,857
392,26,835
393,26,780
394,26,734
395,26,286
396,26,171
397,26,619
398,26,436
399,26,206
0,27,327
1,27,150
2,27,402
3,27,687
4,27,631
5,27,954
6,27,1006
7,27,659
8,27,281
9,27,464
10,27,590
11,27,272
12,27,539
13,27,786
14,27,403
15,27,617
16,27,784
17,27,594
18,27,520
19,27,469
20,27,742
21,27,0
22,27,529
23,27,138
24,27,714
25,27,566
26,27,219
27,27,287
28,27,901
29,27,206
30,27,430
31,27,394
32,27,981
33,27,221
34,27,770
35,27,205
36,27,439
37,27,380
38,27,722
39,27,716
40,27,999
41,27,763
42,27,665
43,27,108
44,27,100
45,27,615
46,27,817
47,27,122
48,27,595
49,27,767
50,27,494
51,27,562
52,27,782
53,27,487
54,27,933
55,27,941
56,27,563
57,27,265
58,27,306
59,27,653
60,27,652
61,27,445
62,27,838
63,27,847
64,27,775
65,27,649
66,27,589
67,27,712
68,27,363
69,27,749
70,27,596
71,27,355
72,27,713
73,27,881
74,27,210
75,27,540
76,27,616
77,27,266
78,27,781
79,27,811
80,27,573
81,27,777
82,27,331
83,27,195
84,27,284
85,27,600
86,27,859
87,27,153
88,27,872
89,27,654
90,27,747
91,27,393
92,27,627
93,27,220
94,27,626
95,27,885
96,27,252
97,27,883
98,27,435
99,27,585
100,27,886
101,27,738
102,27,560
103,27,651
104,27,597
105,27,678
106,27,137
107,27,237
108,27,234
109,27,690
110,27,123
111,27,449
112,27,124
113,27,790
114,27,370
115,27,450
116,27,48
117,27,45
118,27,99
119,27,598
120,27,866
121,27,463
122,27,655
123,27,748
124,27,174
125,27,301
126,27,73
127,27,485
128,27,657
129,27,239
130,27,398
131,27,985
132,27,19
133,27,518
134,27,619
135,27,77
136,27,809
137,27,908
138,27,75
139,27,368
140,27,342
141,27,724
142,27,607
143,27,146
144,27,173
145,27,788
146,27,851
147,27,242
148,27,155
149,27,104
150,27,923
151,27,550
152,27,534
153,27,319
154,27,107
155,27,503
156,27,102
157,27,953
158,27,793
159,27,785
160,27,81
161,27,504
162,27,121
163,27,98
164,27,433
165,27,133
166,27,277
167,27,806
168,27,646
169,27,628
170,27,462
171,27,473
172,27,334
173,27,165
174,27,865
175,27,819
176,27,42
177,27,692
178,27,878
179,27,328
180,27,1003
181,27,921
182,27,620
183,27,574
184,27,261
185,27,532
186,27,821
187,27,20
188,27,256
189,27,743
190,27,437
191,27,527
192,27,364
193,27,896
194,27,580
195,27,938
196,27,361
197,27,957
198,27,658
199,27,309
200,27,410
201,27,914
202,27,1012
203,27,609
204,27,144
205,27,120
206,27,710
207,27,201
208,27,571
209,27,754
210,27,218
211,27,699
212,27,673
213,27,145
214,27,179
215,27,49
216,27,916
217,27,772
218,27,533
219,27,800
220,27,983
221,27,109
222,27,92
223,27,588
224,27,755
225,27,484
226,27,824
227,27,1020
228,27,263
229,27,584
230,27,253
231,27,27
232,27,129
233,27,185
234,27,890
235,27,186
236,27,639
237,27,47
238,27,769
239,27,362
240,27,238
241,27,525
242,27,538
243,27,794
244,27,565
245,27,745
246,27,820
247,27,458
248,27,176
249,27,318
250,27,401
251,27,982
252,27,189
253,27,14
254,27,80
255,27,160
256,27,114
257,27,945
258,27,5
259,27,965
260,27,34
261,27,557
262,27,795
263,27,509
264,27,787
265,27,429
266,27,127
267,27,235
268,27,9
269,27,470
270,27,390
271,27,556
272,27,537
273,27,223
274,27,554
275,27,214
276,27,177
277,27,546
278,27,502
279,27,797
280,27,952
281,27,294
282,27,216
283,27,869
284,27,608
285,27,387
286,27,930
287,27,697
288,27,904
289,27,873
290,27,367
291,27,202
292,27,661
293,27,140
294,27,605
295,27,630
296,27,330
297,27,535
298,27,241
299,27,51
300,27,422
301,27,555
302,27,41
303,27,689
304,27,477
305,27,399
306,27,622
307,27,322
308,27,379
309,27,420
310,27,725
311,27,526
312,27,315
313,27,333
314,27,837
315,27,621
316,27,88
317,27,332
318,27,668
319,27,693
320,27,507
321,27,632
322,27,845
323,27,496
324,27,8
325,27,136
326,27,406
327,27,721
328,27,132
329,27,188
330,27,203
331,27,285
332,27,988
333,27,648
334,27,825
335,27,465
336,27,228
337,27,236
338,27,70
339,27,701
340,27,951
341,27,660
342,27,302
343,27,419
344,27,89
345,27,1005
346,27,700
347,27,405
348,27,737
349,27,976
350,27,187
351,27,156
352,27,912
353,27,461
354,27,442
355,27,705
356,27,669
357,27,799
358,27,552
359,27,499
360,27,227
361,27,431
362,27,1011
363,27,501
364,27,731
365,27,893
366,27,583
367,27,276
368,27,681
369,27,640
370,27,43
371,27,922
372,27,139
373,27,623
374,27,15
375,27,891
376,27,751
377,27,74
378,27,880
379,27,610
380,27,564
381,27,642
382,27,867
383,27,656
384,27,388
385,27,305
386,27,568
387,27,828
388,27,892
389,27,711
390,27,343
391,27,858
392,27,836
393,27,779
394,27,766
395,27,286
396,27,171
397,27,587
398,27,404
399,27,207
0,28,295
1,28,150
2,28,403
3,28,687
4,28,599
5,28,954
6,28,1006
7,28,660
8,28,280
9,28,432
10,28,558
11,28,240
12,28,540
13,28,785
14,28,404
15,28,618
16,28,784
17,28,594
18,28,520
19,28,437
20,28,710
21,28,0
22,28,528
23,28,137
24,28,713
25,28,534
26,28,218
27,28,287
28,28,901
29,28,174
30,28,431
31,28,426
32,28,1013
33,28,220
34,28,738
35,28,206
36,28,440
37,28,380
38,28,754
39,28,717
40,28,998
41,28,762
42,28,665
43,28,108
44,28,68
45,28,647
46,28,816
47,28,121
48,28,563
49,28,767
50,28,493
51,28,562
52,28,783
53,28,487
54,28,933
55,28,940
56,28,564
57,28,297
58,28,338
59,28,621
60,28,684
61,28,477
62,28,839
63,28,847
64,28,775
65,28,617
66,28,588
67,28,744
68,28,364
69,28,749
70,28,595
71,28,323
72,28,681
73,28,913
74,28,211
75,28,541
76,28,648
77,28,265
78,28,780
79,28,843
80,28,605
81,28,778
82,28,330
83,28,163
84,28,283
85,28,601
86,28,891
87,28,185
88,28,904
89,28,686
90,28,779
91,28,394
92,28,659
93,28,188
94,28,627
95,28,886
96,28,284
97,28,883
98,28,435
99,28,585
100,28,887
101,28,737
102,28,560
103,28,651
104,28,598
105,28,677
106,28,136
107,28,236
108,28,235
109,28,689
110,28,122
111,28,449
112,28,92
113,28,790
114,28,370
115,28,450
116,28,49
117,28,44
118,28,100
119,28,630
120,28,867
121,28,464
122,28,656
123,28,748
124,28,175
125,28,302
126,28,105
127,28,484
128,28,658
129,28,238
130,28,430
131,28,985
132,28,51
133,28,518
134,28,619
135,28,45
136,28,808
137,28,909
138,28,74
139,28,369
140,28,310
141,28,724
142,28,575
143,28,114
144,28,173
145,28,820
146,28,852
147,28,242
148,28,156
149,28,104
150,28,955
151,28,550
152,28,533
153,28,319
154,28,107
155,28,535
156,28,103
157,28,952
158,28,794
159,28,817
160,28,80
161,28,504
162,28,120
163,28,98
164,28,434
165,28,101
166,28,277
167,28,838
168,28,678
169,28,628
170,28,462
171,28,473
172,28,333
173,28,165
174,28,865
175,28,851
176,28,43
177,28,692
178,28,878
179,28,327
180,28,1003
181,28,921
182,28,652
183,28,606
184,28,261
185,28,532
186,28,821
187,28,20
188,28,256
189,28,743
190,28,436
191,28,526
192,28,332
193,28,897
194,28,580
195,28,938
196,28,393
197,28,957
198,28,626
199,28,309
200,28,410
201,28,946
202,28,980
203,28,641
204,28,145
205,28,88
206,28,709
207,28,201
208,28,571
209,28,786
210,28,250
211,28,667
212,28,705
213,28,177
214,28,179
215,28,81
216,28,916
217,28,772
218,28,565
219,28,832
220,28,984
221,28,77
222,28,91
223,28,620
224,28,787
225,28,516
226,28,823
227,28,1020
228,28,264
229,28,616
230,28,252
231,28,27
232,28,97
233,28,184
234,28,858
235,28,187
236,28,607
237,28,48
238,28,801
239,28,361
240,28,237
241,28,525
242,28,539
243,28,795
244,28,597
245,28,777
246,28,819
247,28,458
248,28,144
249,28,318
250,28,402
251,28,982
252,28,221
253,28,15
254,28,112
255,28,160
256,28,115
257,28,944
258,28,5
259,28,965
260,28,34
261,28,556
262,28,796
263,28,509
264,28,788
265,28,428
266,28,127
267,28,203
268,28,9
269,28,502
270,28,390
271,28,555
272,28,538
273,28,223
274,28,553
275,28,214
276,28,176
277,28,545
278,28,503
279,28,797
280,28,951
281,28,294
282,28,216
283,28,869
284,28,609
285,28,355
286,28,930
287,28,697
288,28,905
289,28,841
290,28,368
291,28,202
292,28,693
293,28,140
294,28,637
295,28,629
296,28,362
297,28,536
298,28,241
299,28,52
300,28,454
301,28,554
302,28,41
303,28,721
304,28,478
305,28,367
306,28,654
307,28,354
308,28,379
309,28,419
310,28,725
311,28,494
312,28,315
313,28,301
314,28,805
315,28,589
316,28,87
317,28,331
318,28,668
319,28,694
320,28,508
321,28,632
322,28,877
323,28,496
324,28,8
325,28,135
326,28,407
327,28,722
328,28,132
329,28,189
330,28,171
331,28,285
332,28,989
333,28,649
334,28,793
335,28,433
336,28,228
337,28,204
338,28,70
339,28,700
340,28,983
341,28,661
342,28,303
343,28,387
344,28,89
345,28,1005
346,28,732
347,28,373
348,28,769
349,28,976
350,28,219
351,28,124
352,28,912
353,28,429
354,28,442
355,28,706
356,28,701
357,28,799
358,28,552
359,28,499
360,28,259
361,28,463
362,28,1012
363,28,469
364,28,763
365,28,893
366,28,615
367,28,244
368,28,680
369,28,608
370,28,75
371,28,922
372,28,138
373,28,622
374,28,47
375,28,890
376,28,751
377,28,106
378,28,848
379,28,642
380,28,596
381,28,643
382,28,835
383,28,657
384,28,420
385,28,305
386,28,568
387,28,828
388,28,892
389,28,712
390,28,343
391,28,859
392,28,837
393,28,811
394,28,798
395,28,286
396,28,139
397,28,587
398,28,405
399,28,208
0,29,327
1,29,150
2,29,404
3,29,686
4,29,600
5,29,954
6,29,1006
7,29,661
8,29,279
9,29,431
10,29,557
11,29,239
12,29,508
13,29,753
14,29,436
15,29,618
16,29,784
17,29,562
18,29,520
19,29,405
20,29,709
21,29,0
22,29,527
23,29,136
24,29,713
25,29,502
26,29,186
27,29,287
28,29,901
29,29,142
30,29,399
31,29,426
32,29,1013
33,29,188
34,29,706
35,29,174
36,29,440
37,29,380
38,29,786
39,29,717
40,29,997
41,29,763
42,29,665
43,29,108
44,29,67
45,29,679
46,29,848
47,29,120
48,29,564
49,29,767
50,29,492
51,29,563
52,29,783
53,29,487
54,29,933
55,29,939
56,29,565
57,29,298
58,29,370
59,29,589
60,29,716
61,29,476
62,29,840
63,29,847
64,29,775
65,29,617
66,29,587
67,29,745
68,29,396
69,29,749
70,29,627
71,29,324
72,29,649
73,29,945
74,29,212
75,29,541
76,29,680
77,29,297
78,29,779
79,29,842
80,29,637
81,29,778
82,29,329
83,29,131
84,29,283
85,29,569
86,29,923
87,29,185
88,29,936
89,29,654
90,29,811
91,29,362
92,29,691
93,29,189
94,29,628
95,29,887
96,29,252
97,29,882
98,29,435
99,29,585
100,29,888
101,29,769
102,29,560
103,29,651
104,29,599
105,29,678
106,29,135
107,29,204
108,29,236
109,29,688
110,29,122
111,29,449
112,29,60
113,29,790
114,29,402
115,29,450
116,29,50
117,29,12
118,29,101
119,29,631
120,29,868
121,29,432
122,29,657
123,29,748
124,29,207
125,29,334
126,29,73
127,29,516
128,29,626
129,29,237
130,29,462
131,29,986
132,29,51
133,29,518
134,29,619
135,29,45
136,29,776
137,29,910
138,29,106
139,29,401
140,29,278
141,29,724
142,29,574
143,29,114
144,29,173
145,29,852
146,29,884
147,29,242
148,29,157
149,29,105
150,29,955
151,29,550
152,29,534
153,29,319
154,29,75
155,29,567
156,29,104
157,29,952
158,29,762
159,29,785
160,29,48
161,29,504
162,29,88
163,29,98
164,29,434
165,29,69
166,29,277
167,29,806
168,29,710
169,29,596
170,29,461
171,29,473
172,29,332
173,29,165
174,29,865
175,29,883
176,29,44
177,29,693
178,29,878
179,29,326
180,29,1003
181,29,921
182,29,684
183,29,638
184,29,261
185,29,533
186,29,821
187,29,20
188,29,256
189,29,743
190,29,437
191,29,525
192,29,331
193,29,898
194,29,580
195,29,938
196,29,394
197,29,957
198,29,594
199,29,309
200,29,410
201,29,947
202,29,980
203,29,673
204,29,113
205,29,89
206,29,708
207,29,201
208,29,571
209,29,818
210,29,250
211,29,667
212,29,737
213,29,176
214,29,179
215,29,80
216,29,916
217,29,772
218,29,566
219,29,864
220,29,985
221,29,77
222,29,92
223,29,652
224,29,787
225,29,548
226,29,822
227,29,1020
228,29,265
229,29,648
230,29,251
231,29,27
232,29,65
233,29,184
234,29,857
235,29,219
236,29,575
237,29,49
238,29,802
239,29,393
240,29,205
241,29,493
242,29,540
243,29,794
244,29,597
245,29,809
246,29,819
247,29,458
248,29,145
249,29,318
250,29,403
251,29,1014
252,29,253
253,29,47
254,29,144
255,29,160
256,29,116
257,29,944
258,29,5
259,29,965
260,29,34
261,29,555
262,29,796
263,29,510
264,29,820
265,29,460
266,29,127
267,29,235
268,29,9
269,29,501
270,29,390
271,29,554
272,29,539
273,29,223
274,29,552
275,29,214
276,29,175
277,29,545
278,29,503
279,29,797
280,29,951
281,29,294
282,29,216
283,29,869
284,29,610
285,29,323
286,29,930
287,29,697
288,29,873
289,29,841
290,29,369
291,29,202
292,29,694
293,29,140
294,29,669
295,29,630
296,29,361
297,29,535
298,29,241
299,29,84
300,29,454
301,29,553
302,29,41
303,29,722
304,29,479
305,29,335
306,29,655
307,29,386
308,29,379
309,29,420
310,29,725
311,29,526
312,29,315
313,29,333
314,29,837
315,29,590
316,29,119
317,29,330
318,29,668
319,29,695
320,29,509
321,29,632
322,29,876
323,29,496
324,29,8
325,29,134
326,29,408
327,29,690
328,29,132
329,29,221
330,29,139
331,29,285
332,29,990
333,29,650
334,29,792
335,29,433
336,29,228
337,29,203
338,29,70
339,29,701
340,29,982
341,29,662
342,29,304
343,29,355
344,29,121
345,29,1005
346,29,731
347,29,374
348,29,768
349,29,976
350,29,218
351,29,123
352,29,912
353,29,428
354,29,442
355,29,707
356,29,733
357,29,799
358,29,584
359,29,499
360,29,291
361,29,463
362,29,1012
363,29,468
364,29,795
365,29,893
366,29,647
367,29,245
368,29,681
369,29,609
370,29,74
371,29,922
372,29,137
373,29,621
374,29,46
375,29,858
376,29,751
377,29,138
378,29,849
379,29,674
380,29,595
381,29,642
382,29,803
383,29,658
384,29,421
385,29,305
386,29,568
387,29,828
388,29,892
389,29,744
390,29,343
391,29,891
392,29,838
393,29,843
394,29,830
395,29,286
396,29,107
397,29,586
398,29,406
399,29,209
0,30,327
1,30,150
2,30,405
3,30,685
4,30,601
5,30,954
6,30,1006
7,30,662
8,30,311
9,30,463
10,30,557
11,30,207
12,30,476
13,30,754
14,30,468
15,30,618
16,30,784
17,30,594
18,30,520
19,30,373
20,30,708
21,30,0
22,30,526
23,30,168
24,30,713
25,30,470
26,30,154
27,30,287
28,30,901
29,30,142
30,30,367
31,30,394
32,30,1013
33,30,156
34,30,738
35,30,206
36,30,440
37,30,380
38,30,818
39,30,717
40,30,997
41,30,731
42,30,665
43,30,107
44,30,67
45,30,711
46,30,847
47,30,119
48,30,565
49,30,767
50,30,524
51,30,562
52,30,783
53,30,487
54,30,933
55,30,971
56,30,533
57,30,266
58,30,402
59,30,588
60,30,715
61,30,477
62,30,872
63,30,879
64,30,775
65,30,616
66,30,586
67,30,777
68,30,364
69,30,749
70,30,659
71,30,325
72,30,649
73,30,946
74,30,213
75,30,509
76,30,712
77,30,297
78,30,778
79,30,874
80,30,669
81,30,810
82,30,328
83,30,99
84,30,283
85,30,537
86,30,955
87,30,186
88,30,968
89,30,686
90,30,843
91,30,330
92,30,723
93,30,221
94,30,629
95,30,887
96,30,252
97,30,883
98,30,435
99,30,617
100,30,889
101,30,770
102,30,560
103,30,652
104,30,600
105,30,646
106,30,136
107,30,203
108,30,237
109,30,656
110,30,121
111,30,449
112,30,60
113,30,790
114,30,434
115,30,450
116,30,51
117,30,44
118,30,101
119,30,632
120,30,868
121,30,431
122,30,658
123,30,748
124,30,208
125,30,334
126,30,73
127,30,516
128,30,627
129,30,205
130,30,494
131,30,985
132,30,19
133,30,518
134,30,619
135,30,46
136,30,744
137,30,911
138,30,138
139,30,369
140,30,279
141,30,724
142,30,606
143,30,114
144,30,173
145,30,851
146,30,852
147,30,242
148,30,158
149,30,104
150,30,956
151,30,550
152,30,534
153,30,319
154,30,74
155,30,599
156,30,103
157,30,952
158,30,763
159,30,785
160,30,47
161,30,504
162,30,88
163,30,98
164,30,433
165,30,68
166,30,277
167,30,838
168,30,709
169,30,564
170,30,429
171,30,473
172,30,331
173,30,165
174,30,865
175,30,884
176,30,45
177,30,694
178,30,878
179,30,326
180,30,1003
181,30,921
182,30,716
183,30,670
184,30,261
185,30,532
186,30,820
187,30,20
188,30,256
189,30,743
190,30,437
191,30,525
192,30,299
193,30,930
194,30,580
195,30,938
196,30,362
197,30,957
198,30,595
199,30,309
200,30,410
201,30,948
202,30,980
203,30,705
204,30,81
205,30,89
206,30,740
207,30,201
208,30,571
209,30,850
210,30,218
211,30,667
212,30,769
213,30,175
214,30,179
215,30,48
216,30,916
217,30,772
218,30,566
219,30,896
220,30,953
221,30,77
222,30,124
223,30,653
224,30,787
225,30,547
226,30,821
227,30,1020
228,30,233
229,30,680
230,30,251
231,30,27
232,30,33
233,30,184
234,30,857
235,30,187
236,30,574
237,30,50
238,30,834
239,30,392
240,30,204
241,30,493
242,30,508
243,30,794
244,30,596
245,30,841
246,30,819
247,30,426
248,30,113
249,30,318
250,30,404
251,30,982
252,30,285
253,30,15
254,30,145
255,30,160
256,30,117
257,30,944
258,30,5
259,30,965
260,30,34
261,30,554
262,30,795
263,30,511
264,30,788
265,30,461
266,30,127
267,30,236
268,30,9
269,30,501
270,30,390
271,30,553
272,30,540
273,30,223
274,30,551
275,30,214
276,30,174
277,30,545
278,30,503
279,30,797
280,30,951
281,30,294
282,30,216
283,30,869
284,30,578
285,30,291
286,30,962
287,30,697
288,30,873
289,30,840
290,30,370
291,30,202
292,30,695
293,30,108
294,30,668
295,30,630
296,30,393
297,30,535
298,30,241
299,30,85
300,30,454
301,30,552
302,30,41
303,30,722
304,30,479
305,30,303
306,30,687
307,30,386
308,30,379
309,30,420
310,30,725
311,30,558
312,30,315
313,30,333
314,30,837
315,30,589
316,30,151
317,30,329
318,30,700
319,30,696
320,30,510
321,30,664
322,30,875
323,30,496
324,30,8
325,30,166
326,30,409
327,30,689
328,30,132
329,30,253
330,30,140
331,30,284
332,30,958
333,30,651
334,30,792
335,30,401
336,30,228
337,30,235
338,30,70
339,30,701
340,30,981
341,30,663
342,30,336
343,30,323
344,30,120
345,30,1005
346,30,730
347,30,375
348,30,736
349,30,976
350,30,219
351,30,122
352,30,912
353,30,396
354,30,442
355,30,707
356,30,765
357,30,799
358,30,584
359,30,499
360,30,292
361,30,462
362,30,1012
363,30,467
364,30,827
365,30,893
366,30,679
367,30,245
368,30,681
369,30,609
370,30,106
371,30,922
372,30,105
373,30,620
374,30,14
375,30,826
376,30,751
377,30,137
378,30,849
379,30,706
380,30,563
381,30,610
382,30,771
383,30,690
384,30,453
385,30,305
386,30,568
387,30,828
388,30,892
389,30,745
390,30,343
391,30,923
392,30,839
393,30,842
394,30,862
395,30,286
396,30,75
397,30,585
398,30,407
399,30,210
0,31,295
1,31,150
2,31,373
3,31,685
4,31,602
5,31,954
6,31,1006
7,31,663
8,31,311
9,31,463
10,31,557
11,31,206
12,31,444
13,31,786
14,31,469
15,31,618
16,31,784
17,31,626
18,31,520
19,31,374
20,31,740
21,31,0
22,31,558
23,31,167
24,31,745
25,31,438
26,31,155
27,31,287
28,31,901
29,31,142
30,31,335
31,31,362
32,31,1013
33,31,124
34,31,739
35,31,174
36,31,440
37,31,380
38,31,817
39,31,717
40,31,997
41,31,699
42,31,665
43,31,107
44,31,66
45,31,743
46,31,879
47,31,118
48,31,597
49,31,767
50,31,524
51,31,594
52,31,783
53,31,487
54,31,933
55,31,970
56,31,534
57,31,266
58,31,403
59,31,556
60,31,747
61,31,477
62,31,904
63,31,880
64,31,775
65,31,617
66,31,554
67,31,809
68,31,332
69,31,749
70,31,691
71,31,326
72,31,648
73,31,978
74,31,214
75,31,509
76,31,680
77,31,297
78,31,746
79,31,842
80,31,668
81,31,811
82,31,327
83,31,99
84,31,283
85,31,538
86,31,987
87,31,186
88,31,967
89,31,686
90,31,875
91,31,298
92,31,722
93,31,220
94,31,630
95,31,887
96,31,252
97,31,883
98,31,436
99,31,649
100,31,890
101,31,769
102,31,560
103,31,684
104,31,601
105,31,614
106,31,135
107,31,235
108,31,238
109,31,655
110,31,120
111,31,449
112,31,60
113,31,790
114,31,434
115,31,450
116,31,52
117,31,44
118,31,101
119,31,600
120,31,868
121,31,431
122,31,659
123,31,748
124,31,176
125,31,334
126,31,73
127,31,516
128,31,595
129,31,204
130,31,526
131,31,985
132,31,19
133,31,518
134,31,651
135,31,14
136,31,712
137,31,912
138,31,137
139,31,370
140,31,280
141,31,724
142,31,607
143,31,114
144,31,141
145,31,850
146,31,852
147,31,242
148,31,190
149,31,105
150,31,955
151,31,549
152,31,566
153,31,319
154,31,75
155,31,599
156,31,104
157,31,952
158,31,731
159,31,785
160,31,46
161,31,504
162,31,56
163,31,98
164,31,433
165,31,67
166,31,277
167,31,838
168,31,708
169,31,532
170,31,430
171,31,473
172,31,330
173,31,164
174,31,865
175,31,885
176,31,45
177,31,695
178,31,878
179,31,294
180,31,1003
181,31,921
182,31,715
183,31,669
184,31,261
185,31,533
186,31,819
187,31,20
188,31,256
189,31,744
190,31,437
191,31,525
192,31,267
193,31,931
194,31,580
195,31,938
196,31,363
197,31,957
198,31,596
199,31,309
200,31,410
201,31,949
202,31,948
203,31,737
204,31,80
205,31,89
206,31,741
207,31,201
208,31,571
209,31,882
210,31,250
211,31,667
212,31,768
213,31,175
214,31,179
215,31,47
216,31,916
217,31,772
218,31,565
219,31,897
220,31,953
221,31,77
222,31,92
223,31,654
224,31,787
225,31,579
226,31,820
227,31,1020
228,31,234
229,31,681
230,31,251
231,31,27
232,31,1
233,31,184
234,31,857
235,31,219
236,31,574
237,31,51
238,31,866
239,31,424
240,31,172
241,31,494
242,31,476
243,31,794
244,31,564
245,31,873
246,31,818
247,31,394
248,31,112
249,31,318
250,31,405
251,31,982
252,31,317
253,31,16
254,31,146
255,31,160
256,31,149
257,31,944
258,31,5
259,31,965
260,31,34
261,31,553
262,31,763
263,31,510
264,31,788
265,31,429
266,31,127
267,31,237
268,31,9
269,31,501
270,31,390
271,31,585
272,31,508
273,31,223
274,31,550
275,31,246
276,31,173
277,31,545
278,31,503
279,31,798
280,31,951
281,31,293
282,31,216
283,31,869
284,31,546
285,31,292
286,31,930
287,31,697
288,31,874
289,31,808
290,31,371
291,31,202
292,31,727
293,31,76
294,31,700
295,31,631
296,31,392
297,31,535
298,31,241
299,31,86
300,31,454
301,31,584
302,31,41
303,31,690
304,31,511
305,31,304
306,31,719
307,31,386
308,31,379
309,31,420
310,31,725
311,31,559
312,31,315
313,31,333
314,31,837
315,31,621
316,31,119
317,31,361
318,31,732
319,31,728
320,31,542
321,31,632
322,31,907
323,31,496
324,31,8
325,31,165
326,31,377
327,31,657
328,31,132
329,31,285
330,31,108
331,31,284
332,31,926
333,31,652
334,31,792
335,31,369
336,31,228
337,31,236
338,31,70
339,31,701
340,31,980
341,31,664
342,31,368
343,31,291
344,31,88
345,31,1005
346,31,762
347,31,376
348,31,736
349,31,976
350,31,218
351,31,121
352,31,913
353,31,364
354,31,442
355,31,707
356,31,797
357,31,799
358,31,583
359,31,499
360,31,324
361,31,461
362,31,1012
363,31,435
364,31,859
365,31,893
366,31,678
367,31,213
368,31,713
369,31,610
370,31,138
371,31,922
372,31,106
373,31,619
374,31,13
375,31,826
376,31,751
377,31,136
378,31,849
379,31,738
380,31,562
381,31,578
382,31,770
383,31,658
384,31,485
385,31,305
386,31,568
387,31,828
388,31,892
389,31,777
390,31,343
391,31,924
392,31,840
393,31,843
394,31,862
395,31,286
396,31,43
397,31,586
398,31,408
399,31,211
0,32,327
1,32,150
2,32,374
3,32,684
4,32,570
5,32,954
6,32,1006
7,32,664
8,32,311
9,32,463
10,32,589
11,32,205
12,32,412
13,32,786
14,32,501
15,32,650
16,32,784
17,32,625
18,32,520
19,32,342
20,32,741
21,32,0
22,32,557
23,32,199
24,32,713
25,32,406
26,32,155
27,32,287
28,32,901
29,32,142
30,32,303
31,32,394
32,32,1013
33,32,123
34,32,707
35,32,206
36,32,440
37,32,380
38,32,816
39,32,717
40,32,997
41,32,731
42,32,633
43,32,107
44,32,67
45,32,775
46,32,911
47,32,117
48,32,598
49,32,767
50,32,523
51,32,626
52,32,783
53,32,487
54,32,933
55,32,1002
56,32,535
57,32,265
58,32,404
59,32,524
60,32,779
61,32,477
62,32,904
63,32,848
64,32,807
65,32,585
66,32,586
67,32,810
68,32,333
69,32,749
70,32,690
71,32,325
72,32,649
73,32,1010
74,32,215
75,32,508
76,32,648
77,32,297
78,32,745
79,32,843
80,32,667
81,32,812
82,32,326
83,32,99
84,32,283
85,32,538
86,32,986
87,32,186
88,32,966
89,32,687
90,32,907
91,32,298
92,32,754
93,32,220
94,32,631
95,32,887
96,32,252
97,32,883
98,32,435
99,32,617
100,32,922
101,32,770
102,32,560
103,32,652
104,32,602
105,32,614
106,32,134
107,32,267
108,32,239
109,32,654
110,32,119
111,32,449
112,32,60
113,32,790
114,32,434
115,32,450
116,32,84
117,32,44
118,32,101
119,32,601
120,32,868
121,32,431
122,32,660
123,32,748
124,32,176
125,32,334
126,32,73
127,32,516
128,32,596
129,32,203
130,32,558
131,32,985
132,32,51
133,32,518
134,32,619
135,32,15
136,32,680
137,32,913
138,32,136
139,32,338
140,32,281
141,32,724
142,32,607
143,32,114
144,32,173
145,32,850
146,32,852
147,32,242
148,32,190
149,32,137
150,32,955
151,32,548
152,32,534
153,32,319
154,32,75
155,32,600
156,32,105
157,32,952
158,32,732
159,32,785
160,32,78
161,32,504
162,32,55
163,32,98
164,32,433
165,32,35
166,32,277
167,32,838
168,32,740
169,32,531
170,32,462
171,32,473
172,32,330
173,32,165
174,32,865
175,32,886
176,32,45
177,32,663
178,32,878
179,32,295
180,32,1003
181,32,921
182,32,747
183,32,701
184,32,261
185,32,565
186,32,818
187,32,20
188,32,256
189,32,743
190,32,437
191,32,525
192,32,266
193,32,932
194,32,580
195,32,938
196,32,362
197,32,957
198,32,564
199,32,309
200,32,410
201,32,981
202,32,949
203,32,769
204,32,80
205,32,121
206,32,709
207,32,201
208,32,571
209,32,914
210,32,218
211,32,699
212,32,800
213,32,174
214,32,179
215,32,46
216,32,916
217,32,772
218,32,566
219,32,929
220,32,953
221,32,77
222,32,124
223,32,686
224,32,787
225,32,578
226,32,819
227,32,1020
228,32,235
229,32,682
230,32,251
231,32,27
232,32,2
233,32,184
234,32,857
235,32,187
236,32,575
237,32,52
238,32,867
239,32,423
240,32,204
241,32,494
242,32,444
243,32,795
244,32,532
245,32,905
246,32,817
247,32,393
248,32,112
249,32,318
250,32,373
251,32,982
252,32,349
253,32,48
254,32,147
255,32,160
256,32,181
257,32,944
258,32,5
259,32,965
260,32,34
261,32,552
262,32,763
263,32,509
264,32,820
265,32,429
266,32,127
267,32,237
268,32,9
269,32,533
270,32,390
271,32,553
272,32,476
273,32,223
274,32,549
275,32,214
276,32,172
277,32,545
278,32,503
279,32,797
280,32,951
281,32,294
282,32,216
283,32,869
284,32,514
285,32,293
286,32,930
287,32,697
288,32,842
289,32,776
290,32,339
291,32,202
292,32,695
293,32,108
294,32,668
295,32,599
296,32,392
297,32,536
298,32,241
299,32,87
300,32,454
301,32,583
302,32,41
303,32,658
304,32,511
305,32,272
306,32,720
307,32,386
308,32,379
309,32,420
310,32,725
311,32,527
312,32,315
313,32,301
314,32,837
315,32,621
316,32,151
317,32,361
318,32,733
319,32,728
320,32,574
321,32,632
322,32,906
323,32,496
324,32,8
325,32,197
326,32,378
327,32,657
328,32,132
329,32,317
330,32,109
331,32,285
332,32,894
333,32,653
334,32,792
335,32,369
336,32,228
337,32,236
338,32,70
339,32,700
340,32,948
341,32,665
342,32,400
343,32,259
344,32,56
345,32,1005
346,32,794
347,32,377
348,32,736
349,32,976
350,32,219
351,32,120
352,32,945
353,32,363
354,32,442
355,32,706
356,32,829
357,32,799
358,32,551
359,32,499
360,32,356
361,32,460
362,32,1012
363,32,403
364,32,891
365,32,893
366,32,710
367,32,213
368,32,681
369,32,610
370,32,138
371,32,923
372,32,106
373,32,618
374,32,13
375,32,826
376,32,751
377,32,135
378,32,849
379,32,737
380,32,561
381,32,546
382,32,738
383,32,659
384,32,517
385,32,305
386,32,568
387,32,828
388,32,892
389,32,777
390,32,343
391,32,925
392,32,841
393,32,875
394,32,862
395,32,286
396,32,43
397,32,587
398,32,409
399,32,212
0,33,328
1,33,150
2,33,375
3,33,683
4,33,538
5,33,954
6,33,1006
7,33,632
8,33,311
9,33,463
10,33,557
11,33,173
12,33,413
13,33,785
14,33,533
15,33,618
16,33,752
17,33,657
18,33,520
19,33,310
20,33,709
21,33,0
22,33,556
23,33,231
24,33,713
25,33,374
26,33,155
27,33,287
28,33,901
29,33,142
30,33,304
31,33,426
32,33,1013
33,33,122
34,33,675
35,33,207
36,33,440
37,33,380
38,33,815
39,33,717
40,33,997
41,33,699
42,33,665
43,33,107
44,33,67
45,33,807
46,33,911
47,33,116
48,33,599
49,33,767
50,33,524
51,33,658
52,33,783
53,33,487
54,33,934
55,33,1002
56,33,536
57,33,265
58,33,436
59,33,492
60,33,778
61,33,476
62,33,872
63,33,847
64,33,806
65,33,553
66,33,586
67,33,811
68,33,334
69,33,749
70,33,689
71,33,324
72,33,649
73,33,1010
74,33,215
75,33,507
76,33,616
77,33,297
78,33,744
79,33,843
80,33,668
81,33,813
82,33,325
83,33,99
84,33,283
85,33,506
86,33,985
87,33,186
88,33,966
89,33,719
90,33,939
91,33,266
92,33,786
93,33,220
94,33,663
95,33,887
96,33,284
97,33,883
98,33,435
99,33,585
100,33,890
101,33,770
102,33,528
103,33,652
104,33,570
105,33,614
106,33,135
107,33,235
108,33,239
109,33,622
110,33,118
111,33,449
112,33,60
113,33,790
114,33,434
115,33,450
116,33,85
117,33,44
118,33,101
119,33,602
120,33,900
121,33,431
122,33,661
123,33,748
124,33,176
125,33,366
126,33,74
127,33,516
128,33,596
129,33,202
130,33,590
131,33,984
132,33,50
133,33,518
134,33,619
135,33,47
136,33,679
137,33,945
138,33,168
139,33,306
140,33,249
141,33,724
142,33,607
143,33,114
144,33,141
145,33,850
146,33,852
147,33,242
148,33,190
149,33,136
150,33,955
151,33,547
152,33,534
153,33,319
154,33,75
155,33,600
156,33,73
157,33,952
158,33,731
159,33,784
160,33,77
161,33,503
162,33,23
163,33,98
164,33,433
165,33,35
166,33,277
167,33,838
168,33,739
169,33,531
170,33,462
171,33,473
172,33,298
173,33,165
174,33,865
175,33,854
176,33,13
177,33,695
178,33,878
179,33,327
180,33,1003
181,33,921
182,33,746
183,33,733
184,33,261
185,33,597
186,33,817
187,33,20
188,33,256
189,33,743
190,33,437
191,33,525
192,33,267
193,33,933
194,33,580
195,33,938
196,33,394
197,33,957
198,33,565
199,33,309
200,33,410
201,33,981
202,33,948
203,33,768
204,33,80
205,33,153
206,33,708
207,33,201
208,33,571
209,33,914
210,33,218
211,33,667
212,33,832
213,33,174
214,33,179
215,33,45
216,33,916
217,33,772
218,33,566
219,33,929
220,33,953
221,33,76
222,33,156
223,33,687
224,33,787
225,33,610
226,33,818
227,33,1020
228,33,203
229,33,714
230,33,252
231,33,27
232,33,3
233,33,184
234,33,857
235,33,219
236,33,574
237,33,84
238,33,868
239,33,422
240,33,205
241,33,494
242,33,412
243,33,794
244,33,564
245,33,873
246,33,816
247,33,392
248,33,112
249,33,318
250,33,373
251,33,982
252,33,381
253,33,49
254,33,148
255,33,160
256,33,213
257,33,976
258,33,5
259,33,965
260,33,34
261,33,584
262,33,763
263,33,509
264,33,821
265,33,429
266,33,127
267,33,236
268,33,9
269,33,532
270,33,390
271,33,554
272,33,444
273,33,223
274,33,548
275,33,214
276,33,171
277,33,545
278,33,471
279,33,797
280,33,951
281,33,295
282,33,216
283,33,869
284,33,482
285,33,294
286,33,930
287,33,697
288,33,874
289,33,776
290,33,307
291,33,234
292,33,694
293,33,140
294,33,669
295,33,631
296,33,424
297,33,504
298,33,241
299,33,87
300,33,454
301,33,615
302,33,41
303,33,659
304,33,511
305,33,240
306,33,721
307,33,386
308,33,347
309,33,420
310,33,725
311,33,527
312,33,315
313,33,333
314,33,837
315,33,653
316,33,119
317,33,393
318,33,732
319,33,728
320,33,573
321,33,633
322,33,905
323,33,496
324,33,8
325,33,197
326,33,379
327,33,656
328,33,132
329,33,349
330,33,110
331,33,285
332,33,894
333,33,654
334,33,792
335,33,369
336,33,228
337,33,204
338,33,70
339,33,701
340,33,947
341,33,666
342,33,432
343,33,227
344,33,55
345,33,1005
346,33,793
347,33,378
348,33,737
349,33,977
350,33,251
351,33,88
352,33,944
353,33,362
354,33,442
355,33,707
356,33,861
357,33,799
358,33,552
359,33,499
360,33,388
361,33,460
362,33,1012
363,33,371
364,33,923
365,33,893
366,33,742
367,33,212
368,33,681
369,33,642
370,33,137
371,33,922
372,33,106
373,33,617
374,33,14
375,33,826
376,33,751
377,33,167
378,33,849
379,33,769
380,33,560
381,33,514
382,33,706
383,33,660
384,33,549
385,33,305
386,33,568
387,33,828
388,33,892
389,33,777
390,33,343
391,33,926
392,33,842
393,33,875
394,33,862
395,33,286
396,33,43
397,33,555
398,33,377
399,33,244
0,34,329
1,34,150
2,34,376
3,34,683
4,34,539
5,34,954
6,34,1006
7,34,633
8,34,311
9,34,463
10,34,557
11,34,172
12,34,412
13,34,786
14,34,534
15,34,618
16,34,784
17,34,689
18,34,520
19,34,278
20,34,710
21,34,0
22,34,555
23,34,230
24,34,713
25,34,342
26,34,155
27,34,287
28,34,901
29,34,142
30,34,304
31,34,458
32,34,1013
33,34,121
34,34,643
35,34,175
36,34,440
37,34,348
38,34,814
39,34,717
40,34,997
41,34,667
42,34,665
43,34,107
44,34,67
45,34,806
46,34,911
47,34,115
48,34,600
49,34,767
50,34,524
51,34,690
52,34,783
53,34,487
54,34,902
55,34,1002
56,34,537
57,34,265
58,34,468
59,34,460
60,34,810
61,34,476
62,34,873
63,34,847
64,34,805
65,34,521
66,34,585
67,34,812
68,34,335
69,34,749
70,34,688
71,34,323
72,34,649
73,34,1010
74,34,215
75,34,506
76,34,615
77,34,297
78,34,712
79,34,811
80,34,700
81,34,781
82,34,324
83,34,99
84,34,284
85,34,505
86,34,984
87,34,186
88,34,966
89,34,720
90,34,940
91,34,234
92,34,818
93,34,220
94,34,695
95,34,887
96,34,252
97,34,883
98,34,435
99,34,617
100,34,922
101,34,770
102,34,560
103,34,652
104,34,538
105,34,614
106,34,134
107,34,267
108,34,239
109,34,654
110,34,117
111,34,417
112,34,60
113,34,790
114,34,434
115,34,449
116,34,86
117,34,12
118,34,101
119,34,603
120,34,932
121,34,431
122,34,662
123,34,748
124,34,176
125,34,334
126,34,106
127,34,516
128,34,564
129,34,201
130,34,589
131,34,1016
132,34,51
133,34,518
134,34,619
135,34,47
136,34,678
137,34,946
138,34,167
139,34,274
140,34,250
141,34,724
142,34,607
143,34,114
144,34,141
145,34,850
146,34,852
147,34,242
148,34,190
149,34,135
150,34,956
151,34,548
152,34,502
153,34,319
154,34,75
155,34,632
156,34,74
157,34,952
158,34,699
159,34,785
160,34,76
161,34,471
162,34,55
163,34,98
164,34,433
165,34,35
166,34,277
167,34,838
168,34,771
169,34,563
170,34,462
171,34,473
172,34,298
173,34,165
174,34,865
175,34,854
176,34,14
177,34,727
178,34,878
179,34,326
180,34,1003
181,34,921
182,34,745
183,34,765
184,34,261
185,34,597
186,34,816
187,34,20
188,34,256
189,34,743
190,34,437
191,34,525
192,34,266
193,34,934
194,34,580
195,34,938
196,34,426
197,34,957
198,34,533
199,34,309
200,34,410
201,34,981
202,34,980
203,34,800
204,34,80
205,34,154
206,34,709
207,34,233
208,34,571
209,34,914
210,34,218
211,34,668
212,34,864
213,34,173
214,34,179
215,34,44
216,34,916
217,34,772
218,34,566
219,34,929
220,34,953
221,34,108
222,34,156
223,34,719
224,34,787
225,34,609
226,34,817
227,34,1020
228,34,235
229,34,746
230,34,251
231,34,27
232,34,4
233,34,184
234,34,857
235,34,219
236,34,542
237,34,85
238,34,900
239,34,421
240,34,205
241,34,494
242,34,380
243,34,794
244,34,532
245,34,874
246,34,815
247,34,393
248,34,112
249,34,318
250,34,373
251,34,982
252,34,413
253,34,50
254,34,148
255,34,160
256,34,214
257,34,944
258,34,5
259,34,965
260,34,34
261,34,583
262,34,763
263,34,509
264,34,822
265,34,429
266,34,127
267,34,236
268,34,9
269,34,531
270,34,390
271,34,554
272,34,445
273,34,223
274,34,549
275,34,246
276,34,203
277,34,545
278,34,472
279,34,797
280,34,951
281,34,263
282,34,216
283,34,869
284,34,450
285,34,295
286,34,930
287,34,697
288,34,842
289,34,744
290,34,308
291,34,202
292,34,693
293,34,140
294,34,637
295,34,630
296,34,392
297,34,503
298,34,241
299,34,88
300,34,454
301,34,647
302,34,41
303,34,660
304,34,511
305,34,208
306,34,753
307,34,386
308,34,346
309,34,419
310,34,725
311,34,527
312,34,315
313,34,333
314,34,837
315,34,685
316,34,119
317,34,394
318,34,732
319,34,728
320,34,605
321,34,601
322,34,904
323,34,496
324,34,8
325,34,197
326,34,347
327,34,657
328,34,132
329,34,381
330,34,110
331,34,285
332,34,894
333,34,655
334,34,792
335,34,369
336,34,228
337,34,204
338,34,70
339,34,701
340,34,947
341,34,698
342,34,464
343,34,195
344,34,54
345,34,1005
346,34,825
347,34,379
348,34,737
349,34,976
350,34,283
351,34,56
352,34,912
353,34,361
354,34,442
355,34,707
356,34,893
357,34,799
358,34,552
359,34,499
360,34,420
361,34,459
362,34,1012
363,34,339
364,34,955
365,34,892
366,34,741
367,34,213
368,34,681
369,34,610
370,34,136
371,34,923
372,34,138
373,34,616
374,34,46
375,34,826
376,34,751
377,34,199
378,34,849
379,34,801
380,34,559
381,34,482
382,34,674
383,34,661
384,34,581
385,34,305
386,34,568
387,34,828
388,34,891
389,34,776
390,34,343
391,34,927
392,34,843
393,34,875
394,34,862
395,34,286
396,34,43
397,34,523
398,34,378
399,34,245
0,35,330
1,35,150
2,35,377
3,35,683
4,35,507
5,35,954
6,35,1006
7,35,601
8,35,311
9,35,463
10,35,557
11,35,171
12,35,412
13,35,787
14,35,566
15,35,618
16,35,784
17,35,721
18,35,520
19,35,279
20,35,710
21,35,0
22,35,554
23,35,230
24,35,713
25,35,310
26,35,123
27,35,287
28,35,902
29,35,142
30,35,304
31,35,459
32,35,1013
33,35,120
34,35,643
35,35,175
36,35,440
37,35,316
38,35,813
39,35,716
40,35,997
41,35,635
42,35,665
43,35,107
44,35,67
45,35,805
46,35,911
47,35,114
48,35,568
49,35,767
50,35,524
51,35,722
52,35,783
53,35,487
54,35,934
55,35,1002
56,35,537
57,35,266
58,35,469
59,35,428
60,35,842
61,35,476
62,35,874
63,35,847
64,35,837
65,35,521
66,35,585
67,35,812
68,35,367
69,35,749
70,35,687
71,35,324
72,35,649
73,35,1010
74,35,215
75,35,538
76,35,583
77,35,297
78,35,711
79,35,779
80,35,732
81,35,782
82,35,356
83,35,99
84,35,285
85,35,506
86,35,983
87,35,186
88,35,966
89,35,688
90,35,941
91,35,235
92,35,817
93,35,220
94,35,727
95,35,887
96,35,252
97,35,883
98,35,435
99,35,617
100,35,923
101,35,770
102,35,560
103,35,652
104,35,539
105,35,614
106,35,166
107,35,299
108,35,239
109,35,654
110,35,116
111,35,449
112,35,60
113,35,790
114,35,434
115,35,481
116,35,118
117,35,44
118,35,101
119,35,604
120,35,900
121,35,431
122,35,663
123,35,748
124,35,177
125,35,334
126,35,105
127,35,516
128,35,532
129,35,233
130,35,621
131,35,984
132,35,19
133,35,518
134,35,619
135,35,47
136,35,646
137,35,978
138,35,199
139,35,242
140,35,250
141,35,724
142,35,607
143,35,113
144,35,173
145,35,818
146,35,852
147,35,241
148,35,190
149,35,134
150,35,955
151,35,549
152,35,534
153,35,319
154,35,74
155,35,631
156,35,42
157,35,952
158,35,667
159,35,786
160,35,75
161,35,503
162,35,87
163,35,98
164,35,433
165,35,35
166,35,277
167,35,838
168,35,803
169,35,564
170,35,462
171,35,473
172,35,298
173,35,165
174,35,865
175,35,854
176,35,15
177,35,728
178,35,878
179,35,326
180,35,1003
181,35,921
182,35,777
183,35,797
184,35,261
185,35,597
186,35,815
187,35,20
188,35,256
189,35,743
190,35,437
191,35,525
192,35,267
193,35,935
194,35,580
195,35,938
196,35,458
197,35,957
198,35,501
199,35,309
200,35,410
201,35,981
202,35,980
203,35,832
204,35,80
205,35,155
206,35,709
207,35,265
208,35,571
209,35,914
210,35,218
211,35,668
212,35,896
213,35,172
214,35,179
215,35,43
216,35,916
217,35,772
218,35,565
219,35,929
220,35,953
221,35,76
222,35,156
223,35,720
224,35,788
225,35,610
226,35,816
227,35,1020
228,35,203
229,35,778
230,35,251
231,35,27
232,35,36
233,35,184
234,35,857
235,35,219
236,35,510
237,35,86
238,35,901
239,35,422
240,35,205
241,35,494
242,35,348
243,35,794
244,35,531
245,35,875
246,35,814
247,35,361
248,35,112
249,35,318
250,35,373
251,35,982
252,35,445
253,35,51
254,35,148
255,35,160
256,35,246
257,35,944
258,35,5
259,35,965
260,35,34
261,35,584
262,35,763
263,35,509
264,35,823
265,35,429
266,35,127
267,35,236
268,35,9
269,35,563
270,35,390
271,35,553
272,35,444
273,35,223
274,35,581
275,35,278
276,35,202
277,35,545
278,35,471
279,35,829
280,35,951
281,35,264
282,35,216
283,35,869
284,35,418
285,35,263
286,35,930
287,35,697
288,35,841
289,35,712
290,35,276
291,35,234
292,35,692
293,35,140
294,35,638
295,35,630
296,35,392
297,35,535
298,35,209
299,35,89
300,35,454
301,35,679
302,35,41
303,35,661
304,35,511
305,35,176
306,35,785
307,35,386
308,35,378
309,35,420
310,35,725
311,35,527
312,35,315
313,35,333
314,35,836
315,35,717
316,35,119
317,35,393
318,35,733
319,35,696
320,35,637
321,35,600
322,35,903
323,35,496
324,35,8
325,35,197
326,35,347
327,35,658
328,35,132
329,35,413
330,35,110
331,35,253
332,35,894
333,35,656
334,35,792
335,35,369
336,35,228
337,35,204
338,35,70
339,35,701
340,35,947
341,35,699
342,35,464
343,35,163
344,35,54
345,35,1005
346,35,824
347,35,380
348,35,737
349,35,976
350,35,284
351,35,55
352,35,912
353,35,329
354,35,442
355,35,707
356,35,925
357,35,799
358,35,552
359,35,499
360,35,421
361,35,460
362,35,1012
363,35,307
364,35,987
365,35,893
366,35,740
367,35,181
368,35,681
369,35,578
370,35,135
371,35,891
372,35,106
373,35,615
374,35,45
375,35,826
376,35,751
377,35,231
378,35,849
379,35,802
380,35,559
381,35,450
382,35,673
383,35,662
384,35,613
385,35,305
386,35,567
387,35,828
388,35,892
389,35,776
390,35,343
391,35,895
392,35,844
393,35,907
394,35,862
395,35,286
396,35,11
397,35,523
398,35,379
399,35,245
0,36,331
1,36,150
2,36,378
3,36,683
4,36,475
5,36,954
6,36,1006
7,36,602
8,36,311
9,36,463
10,36,557
11,36,139
12,36,413
13,36,755
14,36,567
15,36,618
16,36,784
17,36,753
18,36,520
19,36,280
20,36,742
21,36,0
22,36,586
23,36,229
24,36,713
25,36,278
26,36,155
27,36,287
28,36,901
29,36,142
30,36,304
31,36,491
32,36,1013
33,36,88
34,36,643
35,36,176
36,36,440
37,36,317
38,36,812
39,36,717
40,36,997
41,36,603
42,36,665
43,36,107
44,36,67
45,36,837
46,36,911
47,36,113
48,36,569
49,36,767
50,36,524
51,36,754
52,36,751
53,36,487
54,36,934
55,36,1002
56,36,537
57,36,266
58,36,470
59,36,396
60,36,841
61,36,476
62,36,875
63,36,847
64,36,838
65,36,521
66,36,585
67,36,844
68,36,368
69,36,781
70,36,686
71,36,325
72,36,649
73,36,1010
74,36,215
75,36,539
76,36,584
77,36,297
78,36,710
79,36,779
80,36,731
81,36,783
82,36,356
83,36,99
84,36,285
85,36,538
86,36,983
87,36,186
88,36,966
89,36,687
90,36,973
91,36,203
92,36,816
93,36,220
94,36,728
95,36,887
96,36,252
97,36,883
98,36,435
99,36,617
100,36,924
101,36,770
102,36,560
103,36,652
104,36,540
105,36,615
106,36,167
107,36,267
108,36,239
109,36,654
110,36,115
111,36,450
112,36,60
113,36,790
114,36,434
115,36,449
116,36,119
117,36,44
118,36,101
119,36,605
120,36,868
121,36,431
122,36,664
123,36,748
124,36,177
125,36,334
126,36,104
127,36,516
128,36,533
129,36,265
130,36,653
131,36,985
132,36,20
133,36,518
134,36,619
135,36,48
136,36,614
137,36,978
138,36,231
139,36,243
140,36,250
141,36,724
142,36,607
143,36,145
144,36,173
145,36,819
146,36,852
147,36,242
148,36,190
149,36,133
150,36,955
151,36,550
152,36,534
153,36,319
154,36,73
155,36,631
156,36,10
157,36,952
158,36,635
159,36,818
160,36,74
161,36,504
162,36,55
163,36,98
164,36,433
165,36,35
166,36,277
167,36,806
168,36,835
169,36,532
170,36,462
171,36,473
172,36,298
173,36,165
174,36,865
175,36,854
176,36,47
177,36,696
178,36,878
179,36,326
180,36,1003
181,36,921
182,36,809
183,36,829
184,36,261
185,36,597
186,36,814
187,36,21
188,36,256
189,36,743
190,36,437
191,36,525
192,36,235
193,36,967
194,36,580
195,36,938
196,36,490
197,36,989
198,36,469
199,36,309
200,36,410
201,36,981
202,36,980
203,36,864
204,36,80
205,36,156
206,36,709
207,36,264
208,36,571
209,36,914
210,36,218
211,36,667
212,36,928
213,36,140
214,36,179
215,36,42
216,36,916
217,36,772
218,36,566
219,36,929
220,36,953
221,36,77
222,36,188
223,36,752
224,36,787
225,36,610
226,36,848
227,36,1020
228,36,171
229,36,810
230,36,251
231,36,27
232,36,36
233,36,184
234,36,857
235,36,219
236,36,478
237,36,87
238,36,933
239,36,421
240,36,205
241,36,494
242,36,316
243,36,794
244,36,531
245,36,876
246,36,813
247,36,361
248,36,112
249,36,318
250,36,373
251,36,982
252,36,477
253,36,19
254,36,148
255,36,160
256,36,214
257,36,944
258,36,5
259,36,965
260,36,34
261,36,616
262,36,763
263,36,509
264,36,824
265,36,429
266,36,127
267,36,236
268,36,9
269,36,595
270,36,390
271,36,554
272,36,412
273,36,223
274,36,549
275,36,246
276,36,201
277,36,545
278,36,503
279,36,830
280,36,951
281,36,263
282,36,216
283,36,869
284,36,386
285,36,295
286,36,930
287,36,697
288,36,840
289,36,711
290,36,244
291,36,202
292,36,691
293,36,108
294,36,637
295,36,630
296,36,393
297,36,535
298,36,241
299,36,121
300,36,454
301,36,678
302,36,41
303,36,662
304,36,511
305,36,144
306,36,786
307,36,387
308,36,379
309,36,420
310,36,725
311,36,527
312,36,315
313,36,333
314,36,836
315,36,749
316,36,151
317,36,394
318,36,732
319,36,695
320,36,669
321,36,632
322,36,902
323,36,496
324,36,8
325,36,197
326,36,348
327,36,658
328,36,132
329,36,445
330,36,110
331,36,253
332,36,894
333,36,657
334,36,792
335,36,369
336,36,228
337,36,204
338,36,70
339,36,701
340,36,947
341,36,699
342,36,464
343,36,131
344,36,54
345,36,1005
346,36,856
347,36,381
348,36,737
349,36,976
350,36,284
351,36,23
352,36,912
353,36,328
354,36,442
355,36,707
356,36,957
357,36,799
358,36,552
359,36,499
360,36,453
361,36,460
362,36,1012
363,36,306
364,36,1019
365,36,893
366,36,739
367,36,149
368,36,681
369,36,546
370,36,134
371,36,890
372,36,106
373,36,583
374,36,45
375,36,826
376,36,719
377,36,230
378,36,849
379,36,834
380,36,559
381,36,418
382,36,673
383,36,663
384,36,645
385,36,305
386,36,568
387,36,828
388,36,892
389,36,776
390,36,343
391,36,895
392,36,845
393,36,907
394,36,862
395,36,286
396,36,43
397,36,523
398,36,380
399,36,245
0,37,332
1,37,150
2,37,379
3,37,683
4,37,443
5,37,954
6,37,1006
7,37,603
8,37,311
9,37,463
10,37,557
11,37,138
12,37,381
13,37,754
14,37,599
15,37,618
16,37,752
17,37,785
18,37,520
19,37,281
20,37,742
21,37,0
22,37,554
23,37,228
24,37,713
25,37,246
26,37,155
27,37,287
28,37,900
29,37,142
30,37,304
31,37,492
32,37,1013
33,37,56
34,37,643
35,37,144
36,37,440
37,37,316
38,37,811
39,37,717
40,37,997
41,37,604
42,37,633
43,37,107
44,37,68
45,37,836
46,37,911
47,37,81
48,37,570
49,37,767
50,37,524
51,37,786
52,37,783
53,37,487
54,37,933
55,37,1002
56,37,537
57,37,266
58,37,471
59,37,364
60,37,840
61,37,476
62,37,876
63,37,847
64,37,806
65,37,521
66,37,584
67,37,844
68,37,400
69,37,780
70,37,685
71,37,326
72,37,649
73,37,1010
74,37,215
75,37,538
76,37,616
77,37,329
78,37,709
79,37,779
80,37,763
81,37,784
82,37,356
83,37,67
84,37,317
85,37,506
86,37,983
87,37,186
88,37,934
89,37,686
90,37,973
91,37,171
92,37,815
93,37,220
94,37,760
95,37,887
96,37,252
97,37,883
98,37,435
99,37,617
100,37,924
101,37,770
102,37,560
103,37,651
104,37,539
105,37,614
106,37,168
107,37,267
108,37,239
109,37,654
110,37,114
111,37,418
112,37,60
113,37,790
114,37,434
115,37,450
116,37,120
117,37,44
118,37,100
119,37,606
120,37,868
121,37,431
122,37,665
123,37,748
124,37,176
125,37,334
126,37,103
127,37,516
128,37,501
129,37,297
130,37,652
131,37,985
132,37,52
133,37,518
134,37,619
135,37,16
136,37,613
137,37,978
138,37,230
139,37,243
140,37,250
141,37,724
142,37,607
143,37,146
144,37,173
145,37,818
146,37,852
147,37,242
148,37,190
149,37,101
150,37,955
151,37,550
152,37,534
153,37,319
154,37,74
155,37,663
156,37,11
157,37,952
158,37,635
159,37,817
160,37,106
161,37,504
162,37,87
163,37,98
164,37,433
165,37,35
166,37,277
167,37,805
168,37,834
169,37,531
170,37,462
171,37,473
172,37,298
173,37,165
174,37,865
175,37,854
176,37,48
177,37,695
178,37,878
179,37,358
180,37,1003
181,37,921
182,37,809
183,37,861
184,37,261
185,37,597
186,37,813
187,37,21
188,37,256
189,37,743
190,37,436
191,37,525
192,37,236
193,37,968
194,37,580
195,37,938
196,37,490
197,37,1021
198,37,437
199,37,309
200,37,410
201,37,981
202,37,980
203,37,896
204,37,80
205,37,188
206,37,741
207,37,265
208,37,571
209,37,914
210,37,218
211,37,667
212,37,960
213,37,139
214,37,179
215,37,41
216,37,916
217,37,772
218,37,566
219,37,929
220,37,953
221,37,77
222,37,189
223,37,753
224,37,788
225,37,610
226,37,880
227,37,1020
228,37,172
229,37,842
230,37,251
231,37,27
232,37,36
233,37,184
234,37,857
235,37,219
236,37,478
237,37,88
238,37,965
239,37,421
240,37,205
241,37,494
242,37,284
243,37,794
244,37,563
245,37,877
246,37,812
247,37,362
248,37,113
249,37,318
250,37,373
251,37,982
252,37,509
253,37,20
254,37,148
255,37,160
256,37,213
257,37,944
258,37,5
259,37,966
260,37,34
261,37,648
262,37,762
263,37,510
264,37,825
265,37,429
266,37,127
267,37,204
268,37,9
269,37,627
270,37,390
271,37,555
272,37,413
273,37,223
274,37,549
275,37,214
276,37,200
277,37,545
278,37,503
279,37,829
280,37,951
281,37,264
282,37,216
283,37,869
284,37,354
285,37,263
286,37,930
287,37,697
288,37,872
289,37,679
290,37,212
291,37,202
292,37,690
293,37,140
294,37,605
295,37,630
296,37,361
297,37,535
298,37,241
299,37,122
300,37,454
301,37,710
302,37,73
303,37,662
304,37,511
305,37,112
306,37,787
307,37,387
308,37,347
309,37,420
310,37,725
311,37,527
312,37,315
313,37,333
314,37,804
315,37,781
316,37,119
317,37,393
318,37,732
319,37,727
320,37,701
321,37,632
322,37,901
323,37,496
324,37,8
325,37,197
326,37,348
327,37,658
328,37,132
329,37,477
330,37,110
331,37,253
332,37,894
333,37,689
334,37,792
335,37,369
336,37,227
337,37,203
338,37,70
339,37,700
340,37,947
341,37,699
342,37,464
343,37,99
344,37,54
345,37,1005
346,37,856
347,37,349
348,37,737
349,37,976
350,37,285
351,37,22
352,37,912
353,37,327
354,37,442
355,37,707
356,37,989
357,37,799
358,37,552
359,37,499
360,37,453
361,37,460
362,37,1012
363,37,274
364,37,1018
365,37,893
366,37,738
367,37,117
368,37,681
369,37,514
370,37,133
371,37,922
372,37,105
373,37,551
374,37,45
375,37,826
376,37,751
377,37,229
378,37,849
379,37,866
380,37,559
381,37,386
382,37,673
383,37,664
384,37,646
385,37,305
386,37,568
387,37,828
388,37,892
389,37,776
390,37,343
391,37,895
392,37,845
393,37,875
394,37,862
395,37,286
396,37,43
397,37,523
398,37,380
399,37,245
0,38,333
1,38,150
2,38,380
3,38,715
4,38,443
5,38,954
6,38,1006
7,38,604
8,38,311
9,38,463
10,38,557
11,38,106
12,38,382
13,38,786
14,38,631
15,38,618
16,38,753
17,38,817
18,38,520
19,38,249
20,38,741
21,38,0
22,38,554
23,38,228
24,38,713
25,38,278
26,38,155
27,38,287
28,38,932
29,38,142
30,38,304
31,38,492
32,38,1013
33,38,55
34,38,643
35,38,144
36,38,440
37,38,348
38,38,810
39,38,717
40,38,998
41,38,605
42,38,665
43,38,107
44,38,69
45,38,868
46,38,911
47,38,80
48,38,538
49,38,767
50,38,524
51,38,818
52,38,783
53,38,487
54,38,933
55,38,1002
56,38,537
57,38,266
58,38,472
59,38,363
60,38,839
61,38,476
62,38,876
63,38,847
64,38,807
65,38,521
66,38,584
67,38,844
68,38,432
69,38,781
70,38,684
71,38,294
72,38,649
73,38,1010
74,38,215
75,38,506
76,38,616
77,38,297
78,38,677
79,38,779
80,38,795
81,38,752
82,38,356
83,38,68
84,38,316
85,38,507
86,38,983
87,38,186
88,38,966
89,38,686
90,38,973
91,38,170
92,38,814
93,38,220
94,38,792
95,38,887
96,38,253
97,38,883
98,38,435
99,38,617
100,38,924
101,38,770
102,38,560
103,38,683
104,38,539
105,38,614
106,38,136
107,38,267
108,38,239
109,38,654
110,38,113
111,38,450
112,38,60
113,38,790
114,38,434
115,38,449
116,38,121
117,38,44
118,38,101
119,38,606
120,38,867
121,38,431
122,38,666
123,38,748
124,38,176
125,38,334
126,38,103
127,38,516
128,38,469
129,38,265
130,38,651
131,38,985
132,38,51
133,38,518
134,38,619
135,38,15
136,38,581
137,38,978
138,38,229
139,38,243
140,38,250
141,38,724
142,38,607
143,38,114
144,38,173
145,38,819
146,38,852
147,38,241
148,38,190
149,38,102
150,38,955
151,38,549
152,38,534
153,38,319
154,38,75
155,38,695
156,38,11
157,38,952
158,38,635
159,38,816
160,38,105
161,38,504
162,38,88
163,38,98
164,38,433
165,38,35
166,38,277
167,38,806
168,38,866
169,38,531
170,38,462
171,38,473
172,38,298
173,38,165
174,38,865
175,38,854
176,38,49
177,38,727
178,38,879
179,38,358
180,38,1003
181,38,921
182,38,809
183,38,893
184,38,260
185,38,597
186,38,845
187,38,20
188,38,256
189,38,743
190,38,437
191,38,525
192,38,237
193,38,969
194,38,580
195,38,938
196,38,490
197,38,989
198,38,438
199,38,309
200,38,410
201,38,981
202,38,980
203,38,897
204,38,48
205,38,189
206,38,709
207,38,233
208,38,571
209,38,914
210,38,218
211,38,667
212,38,960
213,38,138
214,38,179
215,38,40
216,38,916
217,38,772
218,38,566
219,38,929
220,38,953
221,38,77
222,38,157
223,38,754
224,38,820
225,38,610
226,38,880
227,38,1020
228,38,171
229,38,874
230,38,251
231,38,27
232,38,36
233,38,184
234,38,857
235,38,219
236,38,477
237,38,89
238,38,997
239,38,421
240,38,205
241,38,494
242,38,252
243,38,794
244,38,564
245,38,878
246,38,811
247,38,361
248,38,145
249,38,318
250,38,373
251,38,982
252,38,541
253,38,19
254,38,148
255,38,160
256,38,214
257,38,944
258,38,5
259,38,965
260,38,34
261,38,647
262,38,763
263,38,510
264,38,826
265,38,429
266,38,127
267,38,203
268,38,9
269,38,627
270,38,390
271,38,555
272,38,414
273,38,223
274,38,548
275,38,246
276,38,199
277,38,545
278,38,503
279,38,797
280,38,951
281,38,264
282,38,216
283,38,869
284,38,322
285,38,231
286,38,930
287,38,697
288,38,840
289,38,678
290,38,213
291,38,202
292,38,689
293,38,140
294,38,573
295,38,630
296,38,393
297,38,535
298,38,209
299,38,123
300,38,454
301,38,742
302,38,41
303,38,662
304,38,511
305,38,112
306,38,788
307,38,386
308,38,379
309,38,420
310,38,725
311,38,527
312,38,315
313,38,301
314,38,805
315,38,813
316,38,119
317,38,392
318,38,700
319,38,728
320,38,733
321,38,632
322,38,900
323,38,496
324,38,8
325,38,197
326,38,349
327,38,658
328,38,131
329,38,509
330,38,110
331,38,285
332,38,894
333,38,721
334,38,824
335,38,369
336,38,227
337,38,235
338,38,70
339,38,701
340,38,947
341,38,699
342,38,464
343,38,67
344,38,54
345,38,1005
346,38,856
347,38,317
348,38,705
349,38,976
350,38,284
351,38,21
352,38,912
353,38,326
354,38,442
355,38,707
356,38,990
357,38,799
358,38,552
359,38,499
360,38,453
361,38,460
362,38,1012
363,38,242
364,38,1018
365,38,892
366,38,737
367,38,85
368,38,681
369,38,482
370,38,132
371,38,922
372,38,73
373,38,550
374,38,45
375,38,858
376,38,751
377,38,261
378,38,849
379,38,898
380,38,559
381,38,354
382,38,673
383,38,664
384,38,646
385,38,305
386,38,568
387,38,828
388,38,891
389,38,776
390,38,343
391,38,895
392,38,877
393,38,875
394,38,862
395,38,286
396,38,43
397,38,523
398,38,381
399,38,245
0,39,301
1,39,150
2,39,381
3,39,715
4,39,443
5,39,954
6,39,1006
7,39,603
8,39,311
9,39,463
10,39,557
11,39,105
12,39,382
13,39,786
14,39,663
15,39,618
16,39,785
17,39,849
18,39,520
19,39,217
20,39,709
21,39,0
22,39,554
23,39,229
24,39,713
25,39,279
26,39,155
27,39,287
28,39,933
29,39,142
30,39,304
31,39,492
32,39,1013
33,39,23
34,39,643
35,39,145
36,39,440
37,39,380
38,39,842
39,39,717
40,39,997
41,39,604
42,39,665
43,39,107
44,39,37
45,39,867
46,39,911
47,39,48
48,39,539
49,39,767
50,39,524
51,39,850
52,39,783
53,39,487
54,39,934
55,39,1002
56,39,537
57,39,266
58,39,473
59,39,362
60,39,839
61,39,476
62,39,877
63,39,847
64,39,775
65,39,521
66,39,584
67,39,876
68,39,432
69,39,749
70,39,683
71,39,295
72,39,649
73,39,1010
74,39,215
75,39,538
76,39,616
77,39,297
78,39,645
79,39,779
80,39,827
81,39,753
82,39,356
83,39,69
84,39,315
85,39,506
86,39,983
87,39,186
88,39,966
89,39,686
90,39,973
91,39,170
92,39,814
93,39,221
94,39,824
95,39,887
96,39,252
97,39,883
98,39,435
99,39,617
100,39,924
101,39,770
102,39,560
103,39,651
104,39,540
105,39,614
106,39,136
107,39,267
108,39,239
109,39,654
110,39,113
111,39,449
112,39,60
113,39,790
114,39,434
115,39,481
116,39,122
117,39,44
118,39,100
119,39,606
120,39,835
121,39,431
122,39,698
123,39,748
124,39,176
125,39,334
126,39,102
127,39,516
128,39,437
129,39,265
130,39,652
131,39,985
132,39,50
133,39,518
134,39,619
135,39,47
136,39,580
137,39,978
138,39,261
139,39,243
140,39,250
141,39,724
142,39,607
143,39,114
144,39,173
145,39,787
146,39,852
147,39,242
148,39,191
149,39,101
150,39,955
151,39,581
152,39,534
153,39,319
154,39,75
155,39,696
156,39,11
157,39,952
158,39,635
159,39,817
160,39,104
161,39,504
162,39,120
163,39,98
164,39,433
165,39,35
166,39,277
167,39,838
168,39,898
169,39,531
170,39,462
171,39,505
172,39,298
173,39,165
174,39,865
175,39,854
176,39,81
177,39,695
178,39,880
179,39,326
180,39,1003
181,39,921
182,39,809
183,39,925
184,39,259
185,39,597
186,39,844
187,39,19
188,39,256
189,39,743
190,39,436
191,39,525
192,39,237
193,39,970
194,39,579
195,39,938
196,39,490
197,39,957
198,39,439
199,39,309
200,39,410
201,39,981
202,39,980
203,39,929
204,39,49
205,39,190
206,39,708
207,39,201
208,39,571
209,39,914
210,39,218
211,39,667
212,39,960
213,39,137
214,39,179
215,39,39
216,39,916
217,39,772
218,39,566
219,39,928
220,39,953
221,39,77
222,39,156
223,39,754
224,39,819
225,39,610
226,39,912
227,39,1020
228,39,171
229,39,906
230,39,251
231,39,27
232,39,36
233,39,184
234,39,857
235,39,219
236,39,445
237,39,121
238,39,996
239,39,421
240,39,205
241,39,494
242,39,220
243,39,794
244,39,532
245,39,879
246,39,810
247,39,393
248,39,177
249,39,318
250,39,373
251,39,982
252,39,573
253,39,51
254,39,148
255,39,160
256,39,246
257,39,944
258,39,5
259,39,965
260,39,34
261,39,679
262,39,763
263,39,509
264,39,826
265,39,429
266,39,127
267,39,235
268,39,9
269,39,627
270,39,390
271,39,555
272,39,414
273,39,223
274,39,548
275,39,278
276,39,231
277,39,545
278,39,503
279,39,797
280,39,951
281,39,264
282,39,216
283,39,869
284,39,321
285,39,263
286,39,930
287,39,697
288,39,841
289,39,646
290,39,213
291,39,202
292,39,688
293,39,140
294,39,605
295,39,630
296,39,392
297,39,535
298,39,241
299,39,91
300,39,454
301,39,741
302,39,41
303,39,662
304,39,511
305,39,80
306,39,820
307,39,386
308,39,379
309,39,420
310,39,725
311,39,527
312,39,347
313,39,302
314,39,837
315,39,813
316,39,119
317,39,424
318,39,668
319,39,728
320,39,765
321,39,632
322,39,932
323,39,496
324,39,8
325,39,197
326,39,350
327,39,658
328,39,130
329,39,541
330,39,110
331,39,253
332,39,894
333,39,689
334,39,825
335,39,369
336,39,228
337,39,236
338,39,70
339,39,701
340,39,947
341,39,699
342,39,464
343,39,68
344,39,54
345,39,1005
346,39,856
347,39,285
348,39,737
349,39,976
350,39,316
351,39,20
352,39,913
353,39,325
354,39,442
355,39,707
356,39,991
357,39,799
358,39,552
359,39,499
360,39,453
361,39,460
362,39,1012
363,39,210
364,39,1018
365,39,893
366,39,736
367,39,85
368,39,681
369,39,450
370,39,131
371,39,922
372,39,74
373,39,549
374,39,45
375,39,858
376,39,751
377,39,260
378,39,848
379,39,897
380,39,559
381,39,355
382,39,673
383,39,664
384,39,647
385,39,305
386,39,568
387,39,828
388,39,892
389,39,776
390,39,343
391,39,895
392,39,878
393,39,875
394,39,862
395,39,286
396,39,43
397,39,523
398,39,349
399,39,245
0,40,269
1,40,150
2,40,349
3,40,683
4,40,443
5,40,954
6,40,1006
7,40,603
8,40,311
9,40,463
10,40,557
11,40,105
12,40,381
13,40,786
14,40,664
15,40,618
16,40,784
17,40,849
18,40,520
19,40,185
20,40,710
21,40,0
22,40,554
23,40,229
24,40,713
25,40,280
26,40,155
27,40,287
28,40,901
29,40,142
30,40,304
31,40,492
32,40,1013
33,40,22
34,40,643
35,40,146
36,40,440
37,40,380
38,40,874
39,40,717
40,40,997
41,40,604
42,40,665
43,40,107
44,40,36
45,40,868
46,40,910
47,40,16
48,40,540
49,40,767
50,40,524
51,40,882
52,40,783
53,40,487
54,40,933
55,40,1002
56,40,537
57,40,266
58,40,474
59,40,362
60,40,839
61,40,476
62,40,878
63,40,847
64,40,775
65,40,521
66,40,584
67,40,877
68,40,432
69,40,749
70,40,682
71,40,327
72,40,649
73,40,1010
74,40,215
75,40,539
76,40,616
77,40,297
78,40,613
79,40,779
80,40,859
81,40,754
82,40,356
83,40,37
84,40,283
85,40,538
86,40,983
87,40,186
88,40,966
89,40,686
90,40,973
91,40,170
92,40,814
93,40,220
94,40,825
95,40,887
96,40,252
97,40,883
98,40,435
99,40,617
100,40,924
101,40,770
102,40,560
103,40,652
104,40,508
105,40,615
106,40,168
107,40,267
108,40,239
109,40,654
110,40,81
111,40,450
112,40,60
113,40,790
114,40,434
115,40,449
116,40,123
117,40,44
118,40,101
119,40,606
120,40,867
121,40,431
122,40,730
123,40,748
124,40,176
125,40,334
126,40,134
127,40,516
128,40,438
129,40,264
130,40,684
131,40,985
132,40,50
133,40,518
134,40,619
135,40,47
136,40,579
137,40,978
138,40,260
139,40,243
140,40,250
141,40,724
142,40,607
143,40,114
144,40,173
145,40,755
146,40,852
147,40,242
148,40,190
149,40,102
150,40,955
151,40,549
152,40,534
153,40,319
154,40,75
155,40,695
156,40,11
157,40,952
158,40,635
159,40,785
160,40,104
161,40,504
162,40,120
163,40,98
164,40,433
165,40,35
166,40,277
167,40,838
168,40,897
169,40,531
170,40,462
171,40,473
172,40,298
173,40,165
174,40,864
175,40,854
176,40,80
177,40,663
178,40,881
179,40,326
180,40,1003
181,40,921
182,40,809
183,40,957
184,40,259
185,40,597
186,40,843
187,40,51
188,40,256
189,40,743
190,40,437
191,40,525
192,40,237
193,40,970
194,40,578
195,40,938
196,40,490
197,40,989
198,40,407
199,40,309
200,40,410
201,40,981
202,40,980
203,40,961
204,40,49
205,40,222
206,40,709
207,40,201
208,40,571
209,40,914
210,40,218
211,40,667
212,40,960
213,40,136
214,40,179
215,40,38
216,40,916
217,40,772
218,40,566
219,40,929
220,40,953
221,40,77
222,40,156
223,40,722
224,40,787
225,40,610
226,40,911
227,40,1020
228,40,171
229,40,907
230,40,251
231,40,27
232,40,4
233,40,184
234,40,857
235,40,219
236,40,413
237,40,122
238,40,996
239,40,421
240,40,205
241,40,494
242,40,188
243,40,794
244,40,532
245,40,880
246,40,778
247,40,393
248,40,145
249,40,318
250,40,373
251,40,982
252,40,605
253,40,52
254,40,148
255,40,160
256,40,278
257,40,944
258,40,5
259,40,965
260,40,34
261,40,678
262,40,763
263,40,509
264,40,827
265,40,429
266,40,127
267,40,235
268,40,9
269,40,627
270,40,390
271,40,555
272,40,382
273,40,223
274,40,547
275,40,279
276,40,230
277,40,545
278,40,503
279,40,829
280,40,951
281,40,263
282,40,216
283,40,869
284,40,289
285,40,231
286,40,930
287,40,697
288,40,842
289,40,614
290,40,213
291,40,202
292,40,656
293,40,140
294,40,637
295,40,630
296,40,392
297,40,535
298,40,241
299,40,92
300,40,454
301,40,740
302,40,41
303,40,662
304,40,511
305,40,48
306,40,821
307,40,386
308,40,379
309,40,420
310,40,725
311,40,527
312,40,315
313,40,301
314,40,837
315,40,813
316,40,119
317,40,424
318,40,668
319,40,728
320,40,797
321,40,632
322,40,931
323,40,496
324,40,8
325,40,197
326,40,350
327,40,658
328,40,129
329,40,573
330,40,110
331,40,221
332,40,894
333,40,689
334,40,793
335,40,369
336,40,228
337,40,236
338,40,70
339,40,701
340,40,947
341,40,699
342,40,464
343,40,69
344,40,54
345,40,1005
346,40,856
347,40,253
348,40,737
349,40,976
350,40,348
351,40,19
352,40,912
353,40,325
354,40,442
355,40,707
356,40,991
357,40,799
358,40,552
359,40,499
360,40,453
361,40,460
362,40,1012
363,40,178
364,40,1018
365,40,893
366,40,768
367,40,85
368,40,681
369,40,418
370,40,130
371,40,922
372,40,106
373,40,548
374,40,45
375,40,826
376,40,751
377,40,292
378,40,848
379,40,865
380,40,559
381,40,355
382,40,673
383,40,696
384,40,679
385,40,305
386,40,568
387,40,828
388,40,892
389,40,776
390,40,343
391,40,895
392,40,879
393,40,875
394,40,862
395,40,286
396,40,43
397,40,523
398,40,317
399,40,245
0,41,301
1,41,150
2,41,317
3,41,683
4,41,443
5,41,954
6,41,1006
7,41,603
8,41,311
9,41,463
10,41,557
11,41,105
12,41,349
13,41,786
14,41,665
15,41,618
16,41,784
17,41,881
18,41,520
19,41,185
20,41,710
21,41,0
22,41,554
23,41,228
24,41,713
25,41,312
26,41,155
27,41,287
28,41,901
29,41,142
30,41,304
31,41,492
32,41,1013
33,41,21
34,41,643
35,41,147
36,41,440
37,41,380
38,41,906
39,41,717
40,41,997
41,41,604
42,41,633
43,41,107
44,41,68
45,41,836
46,41,942
47,41,15
48,41,541
49,41,767
50,41,524
51,41,914
52,41,783
53,41,487
54,41,933
55,41,1002
56,41,537
57,41,266
58,41,474
59,41,362
60,41,839
61,41,476
62,41,879
63,41,815
64,41,775
65,41,521
66,41,584
67,41,877
68,41,432
69,41,749
70,41,650
71,41,328
72,41,649
73,41,1010
74,41,215
75,41,538
76,41,616
77,41,297
78,41,581
79,41,779
80,41,891
81,41,755
82,41,356
83,41,36
84,41,283
85,41,570
86,41,983
87,41,186
88,41,966
89,41,686
90,41,973
91,41,170
92,41,814
93,41,220
94,41,826
95,41,887
96,41,252
97,41,883
98,41,435
99,41,617
100,41,924
101,41,770
102,41,560
103,41,652
104,41,540
105,41,614
106,41,136
107,41,267
108,41,239
109,41,654
110,41,80
111,41,418
112,41,60
113,41,790
114,41,434
115,41,450
116,41,91
117,41,44
118,41,69
119,41,606
120,41,868
121,41,431
122,41,730
123,41,748
124,41,176
125,41,334
126,41,102
127,41,517
128,41,406
129,41,264
130,41,716
131,41,985
132,41,49
133,41,518
134,41,619
135,41,47
136,41,547
137,41,978
138,41,292
139,41,243
140,41,250
141,41,724
142,41,607
143,41,114
144,41,173
145,41,723
146,41,852
147,41,242
148,41,190
149,41,101
150,41,955
151,41,550
152,41,534
153,41,319
154,41,75
155,41,695
156,41,11
157,41,952
158,41,635
159,41,785
160,41,104
161,41,504
162,41,120
163,41,98
164,41,433
165,41,35
166,41,277
167,41,838
168,41,929
169,41,531
170,41,462
171,41,473
172,41,298
173,41,165
174,41,865
175,41,854
176,41,112
177,41,663
178,41,880
179,41,326
180,41,1003
181,41,921
182,41,809
183,41,956
184,41,260
185,41,597
186,41,843
187,41,52
188,41,256
189,41,743
190,41,437
191,41,525
192,41,237
193,41,970
194,41,579
195,41,938
196,41,490
197,41,957
198,41,408
199,41,309
200,41,410
201,41,981
202,41,980
203,41,962
204,41,81
205,41,254
206,41,709
207,41,201
208,41,571
209,41,913
210,41,218
211,41,667
212,41,960
213,41,135
214,41,179
215,41,6
216,41,916
217,41,772
218,41,566
219,41,928
220,41,953
221,41,77
222,41,157
223,41,721
224,41,787
225,41,610
226,41,910
227,41,1020
228,41,171
229,41,908
230,41,251
231,41,27
232,41,4
233,41,184
234,41,857
235,41,219
236,41,381
237,41,154
238,41,996
239,41,421
240,41,205
241,41,494
242,41,156
243,41,794
244,41,532
245,41,848
246,41,777
247,41,393
248,41,144
249,41,318
250,41,373
251,41,982
252,41,637
253,41,20
254,41,148
255,41,160
256,41,279
257,41,944
258,41,5
259,41,965
260,41,34
261,41,646
262,41,763
263,41,509
264,41,827
265,41,429
266,41,127
267,41,235
268,41,9
269,41,627
270,41,390
271,41,555
272,41,350
273,41,223
274,41,548
275,41,280
276,41,229
277,41,545
278,41,503
279,41,830
280,41,951
281,41,295
282,41,216
283,41,869
284,41,257
285,41,199
286,41,930
287,41,697
288,41,842
289,41,613
290,41,213
291,41,202
292,41,656
293,41,140
294,41,638
295,41,630
296,41,392
297,41,535
298,41,241
299,41,93
300,41,454
301,41,739
302,41,41
303,41,662
304,41,511
305,41,16
306,41,821
307,41,354
308,41,379
309,41,420
310,41,725
311,41,527
312,41,315
313,41,333
314,41,837
315,41,813
316,41,119
317,41,424
318,41,668
319,41,728
320,41,829
321,41,632
322,41,963
323,41,496
324,41,8
325,41,197
326,41,351
327,41,658
328,41,130
329,41,605
330,41,110
331,41,222
332,41,894
333,41,689
334,41,792
335,41,369
336,41,227
337,41,236
338,41,70
339,41,701
340,41,947
341,41,699
342,41,464
343,41,37
344,41,54
345,41,1005
346,41,856
347,41,221
348,41,737
349,41,976
350,41,347
351,41,51
352,41,912
353,41,325
354,41,442
355,41,707
356,41,991
357,41,799
358,41,552
359,41,499
360,41,453
361,41,460
362,41,1012
363,41,146
364,41,1018
365,41,893
366,41,800
367,41,85
368,41,681
369,41,386
370,41,162
371,41,922
372,41,106
373,41,516
374,41,45
375,41,858
376,41,751
377,41,291
378,41,849
379,41,866
380,41,559
381,41,355
382,41,673
383,41,664
384,41,680
385,41,305
386,41,568
387,41,828
388,41,892
389,41,776
390,41,343
391,41,895
392,41,847
393,41,875
394,41,862
395,41,286
396,41,43
397,41,523
398,41,316
399,41,245
0,42,301
1,42,150
2,42,285
3,42,683
4,42,443
5,42,954
6,42,1006
7,42,604
8,42,343
9,42,463
10,42,557
11,42,105
12,42,317
13,42,786
14,42,666
15,42,618
16,42,784
17,42,913
18,42,520
19,42,185
20,42,710
21,42,0
22,42,554
23,42,227
24,42,745
25,42,311
26,42,156
27,42,287
28,42,901
29,42,142
30,42,304
31,42,492
32,42,1013
33,42,20
34,42,643
35,42,148
36,42,440
37,42,380
38,42,906
39,42,717
40,42,997
41,42,605
42,42,665
43,42,107
44,42,67
45,42,835
46,42,910
47,42,14
48,42,540
49,42,767
50,42,524
51,42,915
52,42,783
53,42,487
54,42,933
55,42,1002
56,42,537
57,42,266
58,42,474
59,42,362
60,42,839
61,42,476
62,42,880
63,42,847
64,42,775
65,42,521
66,42,584
67,42,877
68,42,432
69,42,749
70,42,650
71,42,329
72,42,649
73,42,1010
74,42,215
75,42,506
76,42,616
77,42,297
78,42,549
79,42,779
80,42,891
81,42,755
82,42,356
83,42,37
84,42,283
85,42,538
86,42,983
87,42,186
88,42,966
89,42,686
90,42,973
91,42,170
92,42,814
93,42,220
94,42,858
95,42,887
96,42,252
97,42,883
98,42,435
99,42,617
100,42,924
101,42,770
102,42,560
103,42,652
104,42,539
105,42,614
106,42,137
107,42,267
108,42,239
109,42,654
110,42,112
111,42,417
112,42,60
113,42,790
114,42,434
115,42,450
116,42,92
117,42,44
118,42,68
119,42,574
120,42,868
121,42,431
122,42,730
123,42,780
124,42,176
125,42,334
126,42,102
127,42,516
128,42,407
129,42,264
130,42,748
131,42,985
132,42,48
133,42,518
134,42,619
135,42,47
136,42,515
137,42,978
138,42,291
139,42,243
140,42,250
141,42,724
142,42,607
143,42,114
144,42,173
145,42,723
146,42,852
147,42,242
148,42,190
149,42,69
150,42,955
151,42,550
152,42,534
153,42,351
154,42,75
155,42,695
156,42,11
157,42,952
158,42,635
159,42,785
160,42,104
161,42,504
162,42,120
163,42,98
164,42,433
165,42,35
166,42,277
167,42,838
168,42,961
169,42,531
170,42,462
171,42,473
172,42,298
173,42,165
174,42,865
175,42,854
176,42,144
177,42,663
178,42,881
179,42,326
180,42,1003
181,42,921
182,42,809
183,42,988
184,42,261
185,42,597
186,42,843
187,42,52
188,42,256
189,42,743
190,42,437
191,42,525
192,42,237
193,42,970
194,42,580
195,42,938
196,42,490
197,42,957
198,42,376
199,42,309
200,42,410
201,42,981
202,42,980
203,42,994
204,42,80
205,42,286
206,42,709
207,42,201
208,42,571
209,42,914
210,42,218
211,42,667
212,42,960
213,42,135
214,42,179
215,42,5
216,42,916
217,42,772
218,42,566
219,42,929
220,42,953
221,42,77
222,42,157
223,42,753
224,42,787
225,42,610
226,42,909
227,42,1020
228,42,171
229,42,908
230,42,251
231,42,27
232,42,36
233,42,184
234,42,857
235,42,219
236,42,349
237,42,155
238,42,996
239,42,421
240,42,205
241,42,494
242,42,124
243,42,794
244,42,532
245,42,816
246,42,777
247,42,393
248,42,145
249,42,319
250,42,373
251,42,982
252,42,669
253,42,19
254,42,116
255,42,160
256,42,280
257,42,944
258,42,4
259,42,965
260,42,34
261,42,646
262,42,763
263,42,509
264,42,827
265,42,429
266,42,127
267,42,235
268,42,9
269,42,627
270,42,390
271,42,555
272,42,382
273,42,223
274,42,548
275,42,312
276,42,228
277,42,545
278,42,503
279,42,798
280,42,951
281,42,294
282,42,216
283,42,869
284,42,225
285,42,200
286,42,930
287,42,697
288,42,842
289,42,581
290,42,213
291,42,202
292,42,656
293,42,140
294,42,606
295,42,630
296,42,392
297,42,535
298,42,241
299,42,93
300,42,454
301,42,739
302,42,41
303,42,662
304,42,511
305,42,15
306,42,821
307,42,322
308,42,379
309,42,420
310,42,725
311,42,527
312,42,315
313,42,333
314,42,837
315,42,813
316,42,119
317,42,424
318,42,668
319,42,728
320,42,861
321,42,632
322,42,962
323,42,496
324,42,8
325,42,197
326,42,350
327,42,658
328,42,131
329,42,637
330,42,110
331,42,221
332,42,894
333,42,689
334,42,792
335,42,369
336,42,226
337,42,236
338,42,70
339,42,701
340,42,947
341,42,699
342,42,464
343,42,38
344,42,54
345,42,1005
346,42,856
347,42,189
348,42,737
349,42,976
350,42,346
351,42,51
352,42,912
353,42,325
354,42,442
355,42,707
356,42,991
357,42,799
358,42,552
359,42,499
360,42,453
361,42,460
362,42,1012
363,42,147
364,42,1018
365,42,893
366,42,832
367,42,85
368,42,713
369,42,354
370,42,162
371,42,922
372,42,106
373,42,484
374,42,45
375,42,859
376,42,751
377,42,290
378,42,849
379,42,834
380,42,559
381,42,355
382,42,673
383,42,664
384,42,681
385,42,305
386,42,568
387,42,828
388,42,892
389,42,776
390,42,342
391,42,895
392,42,848
393,42,875
394,42,862
395,42,318
396,42,43
397,42,523
398,42,348
399,42,245
0,43,301
1,43,150
2,43,253
3,43,683
4,43,443
5,43,954
6,43,1006
7,43,605
8,43,343
9,43,463
10,43,557
11,43,105
12,43,285
13,43,786
14,43,698
15,43,618
16,43,784
17,43,945
18,43,520
19,43,185
20,43,710
21,43,0
22,43,554
23,43,226
24,43,713
25,43,279
26,43,155
27,43,287
28,43,901
29,43,142
30,43,304
31,43,492
32,43,1013
33,43,52
34,43,643
35,43,149
36,43,440
37,43,380
38,43,906
39,43,717
40,43,997
41,43,637
42,43,665
43,43,107
44,43,67
45,43,867
46,43,911
47,43,13
48,43,540
49,43,767
50,43,524
51,43,915
52,43,783
53,43,487
54,43,933
55,43,1002
56,43,537
57,43,266
58,43,474
59,43,362
60,43,839
61,43,476
62,43,881
63,43,847
64,43,775
65,43,521
66,43,584
67,43,877
68,43,432
69,43,749
70,43,650
71,43,361
72,43,649
73,43,1010
74,43,215
75,43,506
76,43,616
77,43,297
78,43,517
79,43,779
80,43,891
81,43,755
82,43,356
83,43,36
84,43,283
85,43,538
86,43,983
87,43,186
88,43,966
89,43,686
90,43,973
91,43,170
92,43,814
93,43,220
94,43,890
95,43,887
96,43,252
97,43,883
98,43,435
99,43,617
100,43,924
101,43,770
102,43,560
103,43,652
104,43,539
105,43,614
106,43,137
107,43,267
108,43,239
109,43,654
110,43,80
111,43,449
112,43,60
113,43,790
114,43,434
115,43,450
116,43,93
117,43,44
118,43,100
119,43,575
120,43,868
121,43,431
122,43,730
123,43,812
124,43,176
125,43,334
126,43,102
127,43,516
128,43,375
129,43,264
130,43,780
131,43,985
132,43,16
133,43,518
134,43,619
135,43,47
136,43,514
137,43,978
138,43,290
139,43,243
140,43,250
141,43,724
142,43,607
143,43,114
144,43,173
145,43,723
146,43,852
147,43,242
148,43,190
149,43,68
150,43,955
151,43,550
152,43,534
153,43,350
154,43,75
155,43,695
156,43,11
157,43,952
158,43,635
159,43,785
160,43,104
161,43,504
162,43,120
163,43,98
164,43,433
165,43,34
166,43,277
167,43,838
168,43,993
169,43,531
170,43,462
171,43,473
172,43,298
173,43,165
174,43,865
175,43,854
176,43,145
177,43,663
178,43,913
179,43,326
180,43,1003
181,43,921
182,43,809
183,43,988
184,43,261
185,43,597
186,43,843
187,43,51
188,43,256
189,43,743
190,43,437
191,43,525
192,43,237
193,43,970
194,43,580
195,43,938
196,43,490
197,43,957
198,43,344
199,43,309
200,43,410
201,43,981
202,43,980
203,43,962
204,43,81
205,43,318
206,43,709
207,43,233
208,43,571
209,43,914
210,43,218
211,43,667
212,43,960
213,43,135
214,43,179
215,43,4
216,43,916
217,43,772
218,43,566
219,43,929
220,43,953
221,43,77
222,43,156
223,43,753
224,43,787
225,43,610
226,43,908
227,43,1020
228,43,171
229,43,907
230,43,251
231,43,27
232,43,35
233,43,184
234,43,857
235,43,219
236,43,317
237,43,187
238,43,996
239,43,421
240,43,205
241,43,494
242,43,92
243,43,794
244,43,532
245,43,817
246,43,777
247,43,393
248,43,113
249,43,351
250,43,373
251,43,982
252,43,701
253,43,20
254,43,148
255,43,160
256,43,312
257,43,944
258,43,3
259,43,965
260,43,33
261,43,646
262,43,763
263,43,509
264,43,827
265,43,429
266,43,127
267,43,235
268,43,9
269,43,627
270,43,390
271,43,555
272,43,381
273,43,223
274,43,548
275,43,311
276,43,227
277,43,545
278,43,503
279,43,797
280,43,951
281,43,294
282,43,216
283,43,869
284,43,193
285,43,201
286,43,930
287,43,697
288,43,842
289,43,549
290,43,213
291,43,202
292,43,656
293,43,140
294,43,574
295,43,630
296,43,392
297,43,535
298,43,241
299,43,61
300,43,454
301,43,739
302,43,41
303,43,662
304,43,511
305,43,14
306,43,821
307,43,354
308,43,379
309,43,420
310,43,725
311,43,527
312,43,315
313,43,333
314,43,837
315,43,813
316,43,119
317,43,424
318,43,668
319,43,728
320,43,893
321,43,632
322,43,961
323,43,496
324,43,8
325,43,197
326,43,382
327,43,658
328,43,132
329,43,669
330,43,110
331,43,221
332,43,895
333,43,689
334,43,792
335,43,369
336,43,194
337,43,236
338,43,70
339,43,700
340,43,947
341,43,699
342,43,464
343,43,39
344,43,54
345,43,1005
346,43,856
347,43,157
348,43,737
349,43,976
350,43,378
351,43,50
352,43,912
353,43,325
354,43,442
355,43,707
356,43,991
357,43,799
358,43,552
359,43,499
360,43,453
361,43,460
362,43,1012
363,43,147
364,43,1018
365,43,894
366,43,864
367,43,85
368,43,681
369,43,355
370,43,162
371,43,922
372,43,106
373,43,483
374,43,45
375,43,858
376,43,751
377,43,322
378,43,849
379,43,834
380,43,559
381,43,323
382,43,673
383,43,664
384,43,682
385,43,305
386,43,568
387,43,828
388,43,892
389,43,776
390,43,342
391,43,927
392,43,816
393,43,875
394,43,862
395,43,319
396,43,43
397,43,523
398,43,349
399,43,245
0,44,301
1,44,150
2,44,221
3,44,683
4,44,443
5,44,954
6,44,1006
7,44,637
8,44,311
9,44,463
10,44,557
11,44,105
12,44,253
13,44,786
14,44,698
15,44,618
16,44,784
17,44,977
18,44,520
19,44,185
20,44,710
21,44,0
22,44,554
23,44,194
24,44,713
25,44,278
26,44,155
27,44,287
28,44,901
29,44,142
30,44,304
31,44,492
32,44,1013
33,44,51
34,44,643
35,44,149
36,44,440
37,44,380
38,44,906
39,44,717
40,44,997
41,44,638
42,44,665
43,44,107
44,44,68
45,44,867
46,44,911
47,44,12
48,44,540
49,44,767
50,44,524
51,44,915
52,44,783
53,44,487
54,44,933
55,44,1002
56,44,537
57,44,266
58,44,474
59,44,330
60,44,839
61,44,476
62,44,882
63,44,847
64,44,775
65,44,521
66,44,584
67,44,877
68,44,432
69,44,749
70,44,650
71,44,362
72,44,649
73,44,1010
74,44,215
75,44,506
76,44,616
77,44,297
78,44,485
79,44,779
80,44,891
81,44,755
82,44,356
83,44,4
84,44,283
85,44,538
86,44,983
87,44,186
88,44,966
89,44,686
90,44,973
91,44,170
92,44,814
93,44,220
94,44,890
95,44,887
96,44,252
97,44,883
98,44,435
99,44,617
100,44,924
101,44,770
102,44,560
103,44,652
104,44,539
105,44,614
106,44,137
107,44,267
108,44,239
109,44,654
110,44,81
111,44,449
112,44,60
113,44,790
114,44,434
115,44,450
116,44,94
117,44,44
118,44,101
119,44,574
120,44,868
121,44,431
122,44,730
123,44,844
124,44,176
125,44,334
126,44,102
127,44,516
128,44,375
129,44,264
130,44,812
131,44,985
132,44,16
133,44,518
134,44,619
135,44,47
136,44,482
137,44,978
138,44,322
139,44,243
140,44,250
141,44,724
142,44,607
143,44,114
144,44,173
145,44,723
146,44,852
147,44,242
148,44,190
149,44,36
150,44,955
151,44,550
152,44,534
153,44,351
154,44,75
155,44,695
156,44,11
157,44,952
158,44,635
159,44,785
160,44,104
161,44,504
162,44,120
163,44,98
164,44,433
165,44,35
166,44,277
167,44,838
168,44,992
169,44,531
170,44,462
171,44,473
172,44,298
173,44,165
174,44,865
175,44,854
176,44,146
177,44,663
178,44,881
179,44,326
180,44,1003
181,44,921
182,44,809
183,44,988
184,44,261
185,44,597
186,44,843
187,44,19
188,44,256
189,44,743
190,44,437
191,44,525
192,44,237
193,44,970
194,44,612
195,44,938
196,44,490
197,44,957
198,44,312
199,44,309
200,44,410
201,44,981
202,44,980
203,44,962
204,44,113
205,44,350
206,44,709
207,44,201
208,44,571
209,44,914
210,44,218
211,44,667
212,44,960
213,44,135
214,44,179
215,44,3
216,44,916
217,44,772
218,44,566
219,44,929
220,44,953
221,44,77
222,44,156
223,44,753
224,44,787
225,44,610
226,44,940
227,44,1020
228,44,171
229,44,908
230,44,251
231,44,27
232,44,67
233,44,184
234,44,857
235,44,219
236,44,285
237,44,188
238,44,996
239,44,421
240,44,205
241,44,494
242,44,91
243,44,794
244,44,532
245,44,818
246,44,777
247,44,393
248,44,112
249,44,319
250,44,373
251,44,982
252,44,700
253,44,21
254,44,148
255,44,160
256,44,280
257,44,944
258,44,2
259,44,965
260,44,34
261,44,646
262,44,763
263,44,509
264,44,827
265,44,429
266,44,127
267,44,235
268,44,9
269,44,627
270,44,390
271,44,555
272,44,349
273,44,223
274,44,580
275,44,279
276,44,226
277,44,545
278,44,503
279,44,797
280,44,951
281,44,294
282,44,216
283,44,869
284,44,193
285,44,202
286,44,930
287,44,697
288,44,842
289,44,548
290,44,213
291,44,203
292,44,656
293,44,140
294,44,573
295,44,630
296,44,392
297,44,535
298,44,241
299,44,93
300,44,454
301,44,739
302,44,41
303,44,662
304,44,511
305,44,13
306,44,821
307,44,386
308,44,379
309,44,420
310,44,725
311,44,527
312,44,315
313,44,333
314,44,837
315,44,813
316,44,119
317,44,424
318,44,668
319,44,728
320,44,925
321,44,632
322,44,993
323,44,496
324,44,8
325,44,197
326,44,381
327,44,658
328,44,132
329,44,701
330,44,110
331,44,222
332,44,894
333,44,689
334,44,792
335,44,369
336,44,195
337,44,236
338,44,70
339,44,732
340,44,947
341,44,699
342,44,464
343,44,39
344,44,54
345,44,1005
346,44,856
347,44,158
348,44,737
349,44,976
350,44,377
351,44,50
352,44,912
353,44,325
354,44,442
355,44,707
356,44,991
357,44,799
358,44,552
359,44,499
360,44,453
361,44,460
362,44,1012
363,44,147
364,44,1018
365,44,893
366,44,864
367,44,85
368,44,681
369,44,323
370,44,162
371,44,922
372,44,106
373,44,451
374,44,45
375,44,826
376,44,751
377,44,321
378,44,849
379,44,834
380,44,559
381,44,291
382,44,673
383,44,664
384,44,682
385,44,305
386,44,568
387,44,828
388,44,892
389,44,776
390,44,343
391,44,895
392,44,817
393,44,875
394,44,862
395,44,318
396,44,43
397,44,523
398,44,317
399,44,245
0,45,301
1,45,150
2,45,189
3,45,683
4,45,443
5,45,954
6,45,1006
7,45,669
8,45,311
9,45,463
10,45,557
11,45,105
12,45,221
13,45,786
14,45,698
15,45,618
16,45,784
17,45,976
18,45,520
19,45,185
20,45,710
21,45,0
22,45,554
23,45,226
24,45,713
25,45,246
26,45,155
27,45,287
28,45,901
29,45,142
30,45,304
31,45,492
32,45,1013
33,45,50
34,45,643
35,45,149
36,45,440
37,45,380
38,45,906
39,45,717
40,45,997
41,45,637
42,45,665
43,45,107
44,45,36
45,45,867
46,45,911
47,45,11
48,45,540
49,45,767
50,45,524
51,45,915
52,45,783
53,45,487
54,45,933
55,45,1002
56,45,537
57,45,266
58,45,474
59,45,362
60,45,839
61,45,476
62,45,883
63,45,847
64,45,775
65,45,521
66,45,584
67,45,877
68,45,432
69,45,749
70,45,650
71,45,363
72,45,649
73,45,1010
74,45,215
75,45,506
76,45,616
77,45,297
78,45,484
79,45,779
80,45,891
81,45,755
82,45,356
83,45,3
84,45,283
85,45,538
86,45,983
87,45,186
88,45,966
89,45,686
90,45,973
91,45,170
92,45,814
93,45,220
94,45,890
95,45,887
96,45,252
97,45,851
98,45,435
99,45,617
100,45,924
101,45,770
102,45,560
103,45,652
104,45,539
105,45,614
106,45,137
107,45,267
108,45,239
109,45,654
110,45,80
111,45,449
112,45,60
113,45,790
114,45,434
115,45,418
116,45,62
117,45,44
118,45,101
119,45,606
120,45,868
121,45,431
122,45,730
123,45,812
124,45,176
125,45,334
126,45,102
127,45,516
128,45,375
129,45,264
130,45,811
131,45,985
132,45,16
133,45,518
134,45,619
135,45,47
136,45,450
137,45,978
138,45,354
139,45,243
140,45,250
141,45,724
142,45,607
143,45,114
144,45,173
145,45,723
146,45,852
147,45,242
148,45,190
149,45,4
150,45,955
151,45,550
152,45,534
153,45,319
154,45,75
155,45,695
156,45,10
157,45,952
158,45,635
159,45,785
160,45,104
161,45,504
162,45,120
163,45,98
164,45,433
165,45,35
166,45,277
167,45,838
168,45,960
169,45,531
170,45,462
171,45,473
172,45,298
173,45,165
174,45,865
175,45,854
176,45,147
177,45,663
178,45,880
179,45,326
180,45,1003
181,45,921
182,45,809
183,45,988
184,45,261
185,45,597
186,45,843
187,45,20
188,45,256
189,45,743
190,45,437
191,45,525
192,45,237
193,45,970
194,45,580
195,45,938
196,45,490
197,45,956
198,45,313
199,45,309
200,45,410
201,45,981
202,45,980
203,45,962
204,45,81
205,45,382
206,45,709
207,45,201
208,45,571
209,45,914
210,45,218
211,45,667
212,45,961
213,45,135
214,45,179
215,45,2
216,45,916
217,45,772
218,45,566
219,45,929
220,45,953
221,45,77
222,45,156
223,45,753
224,45,787
225,45,610
226,45,972
227,45,1020
228,45,171
229,45,908
230,45,251
231,45,27
232,45,68
233,45,184
234,45,857
235,45,219
236,45,253
237,45,188
238,45,996
239,45,421
240,45,205
241,45,494
242,45,59
243,45,794
244,45,532
245,45,819
246,45,777
247,45,393
248,45,112
249,45,318
250,45,373
251,45,982
252,45,701
253,45,22
254,45,148
255,45,160
256,45,312
257,45,944
258,45,1
259,45,965
260,45,34
261,45,646
262,45,763
263,45,509
264,45,827
265,45,429
266,45,127
267,45,236
268,45,9
269,45,627
270,45,390
271,45,555
272,45,350
273,45,223
274,45,581
275,45,278
276,45,225
277,45,545
278,45,503
279,45,797
280,45,951
281,45,294
282,45,216
283,45,869
284,45,193
285,45,203
286,45,930
287,45,697
288,45,842
289,45,547
290,45,213
291,45,235
292,45,656
293,45,140
294,45,541
295,45,630
296,45,392
297,45,535
298,45,241
299,45,93
300,45,454
301,45,739
302,45,41
303,45,662
304,45,511
305,45,12
306,45,821
307,45,386
308,45,379
309,45,420
310,45,725
311,45,527
312,45,315
313,45,333
314,45,837
315,45,813
316,45,119
317,45,424
318,45,668
319,45,728
320,45,957
321,45,632
322,45,992
323,45,496
324,45,8
325,45,197
326,45,381
327,45,658
328,45,132
329,45,733
330,45,110
331,45,254
332,45,894
333,45,689
334,45,792
335,45,369
336,45,227
337,45,204
338,45,70
339,45,700
340,45,947
341,45,699
342,45,464
343,45,39
344,45,54
345,45,1005
346,45,856
347,45,126
348,45,737
349,45,1008
350,45,409
351,45,49
352,45,912
353,45,325
354,45,442
355,45,707
356,45,991
357,45,799
358,45,552
359,45,499
360,45,453
361,45,460
362,45,1012
363,45,115
364,45,1018
365,45,893
366,45,864
367,45,85
368,45,681
369,45,291
370,45,162
371,45,922
372,45,106
373,45,451
374,45,45
375,45,826
376,45,751
377,45,353
378,45,849
379,45,834
380,45,559
381,45,290
382,45,673
383,45,664
384,45,682
385,45,305
386,45,568
387,45,828
388,45,892
389,45,776
390,45,343
391,45,895
392,45,818
393,45,875
394,45,862
395,45,286
396,45,43
397,45,523
398,45,349
399,45,245
0,46,301
1,46,150
2,46,157
3,46,683
4,46,443
5,46,954
6,46,1006
7,46,669
8,46,311
9,46,463
10,46,557
11,46,105
12,46,189
13,46,786
14,46,698
15,46,618
16,46,784
17,46,1008
18,46,520
19,46,185
20,46,710
21,46,32
22,46,554
23,46,227
24,46,713
25,46,214
26,46,155
27,46,287
28,46,901
29,46,142
30,46,304
31,46,492
32,46,1013
33,46,49
34,46,643
35,46,149
36,46,440
37,46,380
38,46,906
39,46,717
40,46,997
41,46,605
42,46,665
43,46,107
44,46,4
45,46,867
46,46,911
47,46,10
48,46,540
49,46,767
50,46,524
51,46,915
52,46,783
53,46,487
54,46,933
55,46,1002
56,46,537
57,46,266
58,46,474
59,46,362
60,46,839
61,46,476
62,46,884
63,46,847
64,46,775
65,46,521
66,46,584
67,46,877
68,46,432
69,46,749
70,46,650
71,46,363
72,46,649
73,46,1010
74,46,215
75,46,506
76,46,616
77,46,297
78,46,484
79,46,779
80,46,891
81,46,755
82,46,356
83,46,35
84,46,283
85,46,538
86,46,983
87,46,186
88,46,966
89,46,686
90,46,973
91,46,170
92,46,814
93,46,220
94,46,890
95,46,887
96,46,252
97,46,883
98,46,435
99,46,617
100,46,924
101,46,770
102,46,560
103,46,652
104,46,539
105,46,614
106,46,137
107,46,267
108,46,239
109,46,654
110,46,112
111,46,449
112,46,60
113,46,790
114,46,434
115,46,419
116,46,62
117,46,44
118,46,101
119,46,606
120,46,868
121,46,431
122,46,730
123,46,780
124,46,176
125,46,334
126,46,102
127,46,516
128,46,375
129,46,264
130,46,812
131,46,985
132,46,16
133,46,518
134,46,619
135,46,47
136,46,418
137,46,978
138,46,386
139,46,243
140,46,250
141,46,724
142,46,607
143,46,146
144,46,173
145,46,723
146,46,852
147,46,242
148,46,190
149,46,3
150,46,955
151,46,550
152,46,534
153,46,319
154,46,75
155,46,695
156,46,42
157,46,952
158,46,635
159,46,785
160,46,104
161,46,504
162,46,120
163,46,98
164,46,433
165,46,34
166,46,277
167,46,838
168,46,961
169,46,531
170,46,462
171,46,473
172,46,298
173,46,165
174,46,865
175,46,854
176,46,115
177,46,663
178,46,879
179,46,326
180,46,1003
181,46,921
182,46,809
183,46,988
184,46,261
185,46,597
186,46,843
187,46,20
188,46,256
189,46,743
190,46,437
191,46,525
192,46,237
193,46,970
194,46,580
195,46,938
196,46,490
197,46,957
198,46,313
199,46,309
200,46,410
201,46,981
202,46,980
203,46,962
204,46,80
205,46,414
206,46,709
207,46,201
208,46,571
209,46,914
210,46,218
211,46,667
212,46,993
213,46,135
214,46,179
215,46,1
216,46,916
217,46,772
218,46,566
219,46,929
220,46,953
221,46,77
222,46,156
223,46,753
224,46,787
225,46,610
226,46,972
227,46,1020
228,46,171
229,46,908
230,46,251
231,46,27
232,46,36
233,46,184
234,46,857
235,46,219
236,46,221
237,46,188
238,46,996
239,46,421
240,46,205
241,46,494
242,46,58
243,46,794
244,46,532
245,46,820
246,46,777
247,46,393
248,46,144
249,46,318
250,46,373
251,46,982
252,46,733
253,46,23
254,46,148
255,46,160
256,46,344
257,46,944
258,46,0
259,46,965
260,46,33
261,46,646
262,46,763
263,46,509
264,46,827
265,46,429
266,46,127
267,46,235
268,46,9
269,46,627
270,46,390
271,46,555
272,46,350
273,46,223
274,46,549
275,46,246
276,46,226
277,46,545
278,46,503
279,46,797
280,46,951
281,46,294
282,46,216
283,46,869
284,46,193
285,46,204
286,46,930
287,46,697
288,46,842
289,46,515
290,46,213
291,46,234
292,46,656
293,46,140
294,46,541
295,46,630
296,46,392
297,46,535
298,46,241
299,46,93
300,46,454
301,46,739
302,46,41
303,46,662
304,46,511
305,46,12
306,46,821
307,46,387
308,46,379
309,46,420
310,46,725
311,46,527
312,46,315
313,46,333
314,46,837
315,46,813
316,46,119
317,46,424
318,46,668
319,46,728
320,46,958
321,46,632
322,46,992
323,46,496
324,46,8
325,46,197
326,46,381
327,46,658
328,46,132
329,46,765
330,46,110
331,46,253
332,46,894
333,46,689
334,46,792
335,46,369
336,46,228
337,46,236
338,46,70
339,46,701
340,46,947
341,46,699
342,46,464
343,46,39
344,46,54
345,46,1005
346,46,856
347,46,94
348,46,737
349,46,1009
350,46,441
351,46,81
352,46,912
353,46,325
354,46,442
355,46,707
356,46,991
357,46,799
358,46,552
359,46,499
360,46,453
361,46,460
362,46,1012
363,46,114
364,46,1018
365,46,893
366,46,864
367,46,85
368,46,681
369,46,259
370,46,162
371,46,922
372,46,106
373,46,451
374,46,45
375,46,826
376,46,751
377,46,385
378,46,849
379,46,834
380,46,559
381,46,291
382,46,673
383,46,664
384,46,682
385,46,305
386,46,568
387,46,828
388,46,892
389,46,776
390,46,343
391,46,895
392,46,819
393,46,875
394,46,862
395,46,286
396,46,43
397,46,523
398,46,349
399,46,245
0,47,301
1,47,150
2,47,158
3,47,683
4,47,443
5,47,954
6,47,1006
7,47,669
8,47,311
9,47,463
10,47,557
11,47,105
12,47,188
13,47,786
14,47,698
15,47,618
16,47,784
17,47,1008
18,47,520
19,47,185
20,47,710
21,47,0
22,47,554
23,47,228
24,47,713
25,47,213
26,47,155
27,47,287
28,47,901
29,47,142
30,47,304
31,47,492
32,47,1013
33,47,48
34,47,643
35,47,149
36,47,440
37,47,380
38,47,906
39,47,717
40,47,997
41,47,604
42,47,665
43,47,107
44,47,4
45,47,867
46,47,911
47,47,42
48,47,540
49,47,767
50,47,524
51,47,915
52,47,783
53,47,487
54,47,933
55,47,1002
56,47,537
57,47,266
58,47,474
59,47,362
60,47,839
61,47,476
62,47,885
63,47,847
64,47,775
65,47,521
66,47,584
67,47,877
68,47,432
69,47,749
70,47,650
71,47,363
72,47,649
73,47,1010
74,47,215
75,47,506
76,47,616
77,47,297
78,47,484
79,47,779
80,47,891
81,47,755
82,47,356
83,47,3
84,47,283
85,47,538
86,47,983
87,47,186
88,47,966
89,47,686
90,47,973
91,47,170
92,47,814
93,47,220
94,47,890
95,47,887
96,47,252
97,47,883
98,47,435
99,47,617
100,47,924
101,47,770
102,47,560
103,47,652
104,47,539
105,47,614
106,47,137
107,47,267
108,47,239
109,47,654
110,47,80
111,47,449
112,47,60
113,47,790
114,47,434
115,47,418
116,47,61
117,47,44
118,47,101
119,47,606
120,47,868
121,47,431
122,47,730
123,47,748
124,47,176
125,47,334
126,47,102
127,47,516
128,47,375
129,47,264
130,47,812
131,47,985
132,47,16
133,47,518
134,47,619
135,47,47
136,47,386
137,47,978
138,47,387
139,47,243
140,47,250
141,47,724
142,47,607
143,47,145
144,47,173
145,47,723
146,47,852
147,47,242
148,47,190
149,47,2
150,47,955
151,47,550
152,47,534
153,47,319
154,47,75
155,47,695
156,47,43
157,47,952
158,47,635
159,47,785
160,47,104
161,47,504
162,47,120
163,47,98
164,47,433
165,47,35
166,47,277
167,47,838
168,47,962
169,47,531
170,47,462
171,47,472
172,47,298
173,47,165
174,47,865
175,47,854
176,47,115
177,47,663
178,47,878
179,47,326
180,47,1003
181,47,921
182,47,809
183,47,988
184,47,261
185,47,597
186,47,843
187,47,20
188,47,256
189,47,743
190,47,437
191,47,525
192,47,237
193,47,970
194,47,580
195,47,938
196,47,490
197,47,957
198,47,313
199,47,309
200,47,410
201,47,981
202,47,980
203,47,963
204,47,81
205,47,414
206,47,709
207,47,201
208,47,571
209,47,914
210,47,218
211,47,667
212,47,961
213,47,135
214,47,179
215,47,33
216,47,916
217,47,772
218,47,566
219,47,929
220,47,953
221,47,77
222,47,157
223,47,753
224,47,787
225,47,610
226,47,972
227,47,1020
228,47,171
229,47,908
230,47,251
231,47,27
232,47,36
233,47,184
234,47,857
235,47,219
236,47,189
237,47,156
238,47,996
239,47,421
240,47,205
241,47,494
242,47,58
243,47,794
244,47,532
245,47,821
246,47,777
247,47,393
248,47,112
249,47,318
250,47,373
251,47,982
252,47,732
253,47,24
254,47,148
255,47,160
256,47,345
257,47,944
258,47,1
259,47,965
260,47,34
261,47,646
262,47,763
263,47,509
264,47,827
265,47,429
266,47,127
267,47,235
268,47,9
269,47,627
270,47,390
271,47,555
272,47,350
273,47,223
274,47,549
275,47,214
276,47,226
277,47,545
278,47,503
279,47,798
280,47,951
281,47,294
282,47,216
283,47,869
284,47,193
285,47,204
286,47,930
287,47,697
288,47,842
289,47,515
290,47,212
291,47,202
292,47,656
293,47,140
294,47,541
295,47,630
296,47,392
297,47,535
298,47,241
299,47,93
300,47,454
301,47,739
302,47,41
303,47,662
304,47,511
305,47,12
306,47,822
307,47,388
308,47,379
309,47,420
310,47,725
311,47,527
312,47,315
313,47,333
314,47,837
315,47,813
316,47,119
317,47,424
318,47,668
319,47,728
320,47,959
321,47,632
322,47,992
323,47,496
324,47,8
325,47,197
326,47,381
327,47,658
328,47,132
329,47,797
330,47,110
331,47,285
332,47,894
333,47,689
334,47,792
335,47,369
336,47,260
337,47,236
338,47,70
339,47,701
340,47,947
341,47,699
342,47,464
343,47,39
344,47,54
345,47,1005
346,47,856
347,47,62
348,47,737
349,47,977
350,47,473
351,47,49
352,47,912
353,47,325
354,47,442
355,47,707
356,47,991
357,47,799
358,47,552
359,47,499
360,47,453
361,47,460
362,47,1012
363,47,146
364,47,1018
365,47,893
366,47,864
367,47,85
368,47,681
369,47,227
370,47,162
371,47,922
372,47,106
373,47,451
374,47,45
375,47,826
376,47,751
377,47,417
378,47,849
379,47,834
380,47,559
381,47,323
382,47,673
383,47,664
384,47,682
385,47,305
386,47,568
387,47,828
388,47,892
389,47,776
390,47,343
391,47,895
392,47,820
393,47,875
394,47,862
395,47,286
396,47,11
397,47,523
398,47,349
399,47,245
0,48,301
1,48,150
2,48,126
3,48,683
4,48,443
5,48,954
6,48,1006
7,48,669
8,48,311
9,48,463
10,48,557
11,48,105
12,48,187
13,48,786
14,48,698
15,48,618
16,48,784
17,48,1008
18,48,520
19,48,185
20,48,710
21,48,0
22,48,554
23,48,229
24,48,713
25,48,214
26,48,155
27,48,287
28,48,901
29,48,142
30,48,304
31,48,492
32,48,1013
33,48,48
34,48,643
35,48,149
36,48,440
37,48,380
38,48,906
39,48,717
40,48,997
41,48,603
42,48,665
43,48,107
44,48,36
45,48,867
46,48,911
47,48,41
48,48,540
49,48,767
50,48,524
51,48,915
52,48,783
53,48,487
54,48,933
55,48,1002
56,48,537
57,48,266
58,48,474
59,48,362
60,48,839
61,48,476
62,48,885
63,48,847
64,48,775
65,48,521
66,48,584
67,48,877
68,48,432
69,48,749
70,48,650
71,48,363
72,48,649
73,48,1010
74,48,215
75,48,506
76,48,616
77,48,297
78,48,484
79,48,779
80,48,891
81,48,755
82,48,356
83,48,4
84,48,283
85,48,538
86,48,983
87,48,186
88,48,966
89,48,686
90,48,973
91,48,170
92,48,814
93,48,220
94,48,890
95,48,887
96,48,252
97,48,883
98,48,435
99,48,617
100,48,924
101,48,770
102,48,560
103,48,652
104,48,539
105,48,614
106,48,137
107,48,267
108,48,239
109,48,654
110,48,81
111,48,481
112,48,60
113,48,790
114,48,434
115,48,450
116,48,62
117,48,44
118,48,101
119,48,606
120,48,868
121,48,431
122,48,730
123,48,748
124,48,176
125,48,334
126,48,102
127,48,516
128,48,375
129,48,264
130,48,812
131,48,985
132,48,16
133,48,518
134,48,619
135,48,47
136,48,354
137,48,978
138,48,419
139,48,243
140,48,250
141,48,724
142,48,607
143,48,146
144,48,173
145,48,723
146,48,852
147,48,242
148,48,190
149,48,1
150,48,955
151,48,550
152,48,534
153,48,319
154,48,75
155,48,695
156,48,11
157,48,952
158,48,635
159,48,785
160,48,104
161,48,504
162,48,120
163,48,98
164,48,433
165,48,35
166,48,277
167,48,838
168,48,961
169,48,531
170,48,462
171,48,473
172,48,298
173,48,165
174,48,865
175,48,886
176,48,115
177,48,663
178,48,878
179,48,326
180,48,1003
181,48,921
182,48,809
183,48,988
184,48,261
185,48,597
186,48,843
187,48,20
188,48,256
189,48,743
190,48,437
191,48,525
192,48,237
193,48,970
194,48,580
195,48,938
196,48,490
197,48,957
198,48,313
199,48,309
200,48,410
201,48,981
202,48,980
203,48,962
204,48,49
205,48,414
206,48,709
207,48,201
208,48,571
209,48,914
210,48,218
211,48,667
212,48,960
213,48,135
214,48,179
215,48,65
216,48,916
217,48,772
218,48,566
219,48,929
220,48,953
221,48,77
222,48,189
223,48,753
224,48,787
225,48,610
226,48,972
227,48,1020
228,48,171
229,48,908
230,48,251
231,48,27
232,48,68
233,48,184
234,48,857
235,48,219
236,48,188
237,48,157
238,48,996
239,48,421
240,48,205
241,48,494
242,48,58
243,48,794
244,48,532
245,48,822
246,48,777
247,48,393
248,48,112
249,48,318
250,48,373
251,48,982
252,48,700
253,48,56
254,48,148
255,48,160
256,48,345
257,48,944
258,48,33
259,48,965
260,48,34
261,48,646
262,48,763
263,48,509
264,48,827
265,48,429
266,48,127
267,48,235
268,48,9
269,48,627
270,48,390
271,48,555
272,48,350
273,48,223
274,48,549
275,48,246
276,48,226
277,48,545
278,48,503
279,48,797
280,48,951
281,48,294
282,48,216
283,48,869
284,48,193
285,48,204
286,48,930
287,48,697
288,48,842
289,48,515
290,48,213
291,48,202
292,48,656
293,48,140
294,48,541
295,48,630
296,48,392
297,48,535
298,48,241
299,48,93
300,48,454
301,48,739
302,48,73
303,48,662
304,48,511
305,48,12
306,48,854
307,48,387
308,48,379
309,48,420
310,48,725
311,48,527
312,48,315
313,48,333
314,48,837
315,48,813
316,48,119
317,48,424
318,48,668
319,48,728
320,48,959
321,48,632
322,48,992
323,48,496
324,48,8
325,48,197
326,48,381
327,48,658
328,48,132
329,48,829
330,48,110
331,48,285
332,48,894
333,48,689
334,48,792
335,48,369
336,48,228
337,48,236
338,48,70
339,48,701
340,48,947
341,48,699
342,48,464
343,48,39
344,48,54
345,48,1005
346,48,856
347,48,30
348,48,737
349,48,976
350,48,505
351,48,50
352,48,912
353,48,325
354,48,442
355,48,707
356,48,991
357,48,799
358,48,552
359,48,499
360,48,453
361,48,460
362,48,1012
363,48,147
364,48,1018
365,48,893
366,48,864
367,48,85
368,48,681
369,48,195
370,48,162
371,48,922
372,48,106
373,48,451
374,48,45
375,48,826
376,48,751
377,48,449
378,48,849
379,48,834
380,48,559
381,48,355
382,48,673
383,48,664
384,48,682
385,48,305
386,48,568
387,48,828
388,48,892
389,48,776
390,48,343
391,48,895
392,48,821
393,48,875
394,48,862
395,48,286
396,48,10
397,48,523
398,48,349
399,48,245
0,49,301
1,49,150
2,49,94
3,49,683
4,49,443
5,49,954
6,49,1006
7,49,669
8,49,311
9,49,463
10,49,557
11,49,105
12,49,187
13,49,786
14,49,698
15,49,618
16,49,784
17,49,1008
18,49,520
19,49,185
20,49,710
21,49,0
22,49,554
23,49,230
24,49,713
25,49,246
26,49,155
27,49,287
28,49,901
29,49,142
30,49,304
31,49,492
32,49,1013
33,49,48
34,49,643
35,49,149
36,49,440
37,49,380
38,49,906
39,49,717
40,49,997
41,49,603
42,49,665
43,49,107
44,49,35
45,49,867
46,49,911
47,49,40
48,49,540
49,49,767
50,49,524
51,49,915
52,49,783
53,49,487
54,49,933
55,49,1002
56,49,536
57,49,266
58,49,474
59,49,362
60,49,839
61,49,476
62,49,886
63,49,847
64,49,775
65,49,521
66,49,584
67,49,877
68,49,432
69,49,749
70,49,650
71,49,363
72,49,649
73,49,1010
74,49,215
75,49,506
76,49,616
77,49,297
78,49,484
79,49,779
80,49,891
81,49,755
82,49,356
83,49,36
84,49,283
85,49,538
86,49,983
87,49,186
88,49,966
89,49,686
90,49,973
91,49,170
92,49,814
93,49,220
94,49,890
95,49,887
96,49,252
97,49,883
98,49,435
99,49,617
100,49,924
101,49,770
102,49,560
103,49,652
104,49,539
105,49,614
106,49,137
107,49,267
108,49,239
109,49,654
110,49,80
111,49,480
112,49,60
113,49,790
114,49,434
115,49,450
116,49,62
117,49,44
118,49,101
119,49,606
120,49,868
121,49,431
122,49,730
123,49,748
124,49,176
125,49,334
126,49,102
127,49,516
128,49,375
129,49,264
130,49,812
131,49,985
132,49,16
133,49,518
134,49,619
135,49,47
136,49,322
137,49,978
138,49,451
139,49,243
140,49,250
141,49,724
142,49,607
143,49,114
144,49,173
145,49,723
146,49,852
147,49,242
148,49,190
149,49,33
150,49,955
151,49,550
152,49,534
153,49,319
154,49,75
155,49,695
156,49,12
157,49,952
158,49,635
159,49,785
160,49,104
161,49,504
162,49,120
163,49,98
164,49,433
165,49,3
166,49,277
167,49,838
168,49,961
169,49,531
170,49,462
171,49,473
172,49,298
173,49,165
174,49,865
175,49,854
176,49,115
177,49,663
178,49,878
179,49,326
180,49,1003
181,49,921
182,49,809
183,49,988
184,49,261
185,49,597
186,49,843
187,49,20
188,49,256
189,49,743
190,49,437
191,49,525
192,49,237
193,49,970
194,49,580
195,49,938
196,49,490
197,49,957
198,49,313
199,49,309
200,49,410
201,49,981
202,49,980
203,49,962
204,49,81
205,49,414
206,49,709
207,49,201
208,49,571
209,49,914
210,49,218
211,49,667
212,49,960
213,49,135
214,49,179
215,49,97
216,49,916
217,49,772
218,49,566
219,49,929
220,49,953
221,49,77
222,49,157
223,49,753
224,49,787
225,49,610
226,49,972
227,49,1020
228,49,171
229,49,908
230,49,251
231,49,27
232,49,68
233,49,184
234,49,857
235,49,219
236,49,189
237,49,158
238,49,996
239,49,421
240,49,205
241,49,494
242,49,58
243,49,794
244,49,532
245,49,823
246,49,777
247,49,393
248,49,112
249,49,318
250,49,373
251,49,982
252,49,700
253,49,88
254,49,148
255,49,160
256,49,345
257,49,944
258,49,34
259,49,965
260,49,2
261,49,646
262,49,763
263,49,509
264,49,827
265,49,429
266,49,127
267,49,235
268,49,9
269,49,627
270,49,390
271,49,555
272,49,350
273,49,223
274,49,549
275,49,245
276,49,226
277,49,545
278,49,503
279,49,797
280,49,951
281,49,294
282,49,216
283,49,869
284,49,193
285,49,204
286,49,930
287,49,697
288,49,842
289,49,515
290,49,213
291,49,202
292,49,656
293,49,140
294,49,541
295,49,630
296,49,392
297,49,535
298,49,241
299,49,93
300,49,454
301,49,739
302,49,41
303,49,662
304,49,511
305,49,13
306,49,855
307,49,386
308,49,379
309,49,420
310,49,725
311,49,527
312,49,315
313,49,333
314,49,837
315,49,813
316,49,119
317,49,424
318,49,668
319,49,728
320,49,959
321,49,632
322,49,992
323,49,496
324,49,8
325,49,197
326,49,381
327,49,658
328,49,132
329,49,861
330,49,110
331,49,285
332,49,894
333,49,689
334,49,792
335,49,369
336,49,228
337,49,236
338,49,70
339,49,701
340,49,947
341,49,699
342,49,464
343,49,39
344,49,54
345,49,1005
346,49,856
347,49,31
348,49,737
349,49,976
350,49,537
351,49,51
352,49,912
353,49,325
354,49,442
355,49,707
356,49,991
357,49,799
358,49,552
359,49,499
360,49,453
361,49,460
362,49,1012
363,49,147
364,49,1018
365,49,893
366,49,864
367,49,85
368,49,681
369,49,163
370,49,162
371,49,922
372,49,106
373,49,483
374,49,45
375,49,826
376,49,751
377,49,481
378,49,849
379,49,834
380,49,559
381,49,355
382,49,673
383,49,664
384,49,682
385,49,305
386,49,568
387,49,828
388,49,892
389,49,776
390,49,343
391,49,895
392,49,822
393,49,875
394,49,862
395,49,286
396,49,11
397,49,523
398,49,349
399,49,244
0,50,301
1,50,150
2,50,62
3,50,683
4,50,443
5,50,954
6,50,1006
7,50,669
8,50,311
9,50,463
10,50,557
11,50,105
12,50,187
13,50,786
14,50,698
15,50,618
16,50,784
17,50,1008
18,50,520
19,50,185
20,50,710
21,50,0
22,50,554
23,50,230
24,50,713
25,50,278
26,50,155
27,50,287
28,50,901
29,50,142
30,50,304
31,50,492
32,50,1013
33,50,16
34,50,643
35,50,149
36,50,440
37,50,380
38,50,906
39,50,717
40,50,997
41,50,603
42,50,665
43,50,107
44,50,67
45,50,867
46,50,911
47,50,39
48,50,540
49,50,767
50,50,524
51,50,915
52,50,783
53,50,487
54,50,933
55,50,1002
56,50,537
57,50,266
58,50,474
59,50,362
60,50,839
61,50,476
62,50,887
63,50,847
64,50,775
65,50,521
66,50,584
67,50,877
68,50,432
69,50,749
70,50,650
71,50,363
72,50,649
73,50,1010
74,50,215
75,50,506
76,50,616
77,50,297
78,50,484
79,50,779
80,50,859
81,50,755
82,50,356
83,50,68
84,50,283
85,50,538
86,50,983
87,50,186
88,50,966
89,50,686
90,50,973
91,50,170
92,50,814
93,50,220
94,50,890
95,50,888
96,50,252
97,50,883
98,50,435
99,50,617
100,50,924
101,50,770
102,50,560
103,50,652
104,50,539
105,50,614
106,50,137
107,50,267
108,50,239
109,50,654
110,50,48
111,50,448
112,50,60
113,50,790
114,50,434
115,50,450
116,50,61
117,50,44
118,50,101
119,50,606
120,50,868
121,50,431
122,50,730
123,50,748
124,50,176
125,50,334
126,50,102
127,50,516
128,50,375
129,50,264
130,50,812
131,50,985
132,50,15
133,50,518
134,50,619
135,50,47
136,50,290
137,50,978
138,50,483
139,50,243
140,50,250
141,50,724
142,50,607
143,50,114
144,50,173
145,50,723
146,50,852
147,50,242
148,50,222
149,50,32
150,50,955
151,50,550
152,50,534
153,50,319
154,50,75
155,50,695
156,50,11
157,50,952
158,50,635
159,50,785
160,50,104
161,50,504
162,50,120
163,50,98
164,50,433
165,50,35
166,50,277
167,50,838
168,50,961
169,50,531
170,50,462
171,50,473
172,50,298
173,50,165
174,50,865
175,50,822
176,50,115
177,50,663
178,50,878
179,50,326
180,50,1003
181,50,921
182,50,809
183,50,988
184,50,261
185,50,597
186,50,843
187,50,20
188,50,256
189,50,743
190,50,437
191,50,525
192,50,237
193,50,970
194,50,580
195,50,938
196,50,490
197,50,957
198,50,313
199,50,309
200,50,410
201,50,981
202,50,980
203,50,962
204,50,80
205,50,414
206,50,709
207,50,201
208,50,571
209,50,914
210,50,218
211,50,667
212,50,960
213,50,135
214,50,179
215,50,129
216,50,916
217,50,772
218,50,566
219,50,929
220,50,953
221,50,77
222,50,156
223,50,753
224,50,787
225,50,610
226,50,972
227,50,1020
228,50,171
229,50,908
230,50,251
231,50,27
232,50,69
233,50,184
234,50,857
235,50,219
236,50,190
237,50,157
238,50,996
239,50,421
240,50,205
241,50,494
242,50,58
243,50,794
244,50,532
245,50,824
246,50,777
247,50,393
248,50,112
249,50,318
250,50,373
251,50,982
252,50,700
253,50,88
254,50,148
255,50,160
256,50,345
257,50,944
258,50,2
259,50,965
260,50,1
261,50,646
262,50,763
263,50,509
264,50,827
265,50,429
266,50,127
267,50,235
268,50,9
269,50,627
270,50,390
271,50,555
272,50,350
273,50,223
274,50,549
275,50,246
276,50,226
277,50,545
278,50,503
279,50,797
280,50,951
281,50,294
282,50,216
283,50,869
284,50,193
285,50,204
286,50,930
287,50,697
288,50,842
289,50,515
290,50,213
291,50,202
292,50,656
293,50,140
294,50,541
295,50,630
296,50,392
297,50,535
298,50,241
299,50,93
300,50,454
301,50,739
302,50,41
303,50,662
304,50,511
305,50,12
306,50,854
307,50,386
308,50,379
309,50,420
310,50,725
311,50,527
312,50,315
313,50,333
314,50,837
315,50,813
316,50,119
317,50,424
318,50,668
319,50,728
320,50,959
321,50,632
322,50,992
323,50,496
324,50,8
325,50,197
326,50,381
327,50,658
328,50,132
329,50,893
330,50,110
331,50,285
332,50,894
333,50,689
334,50,792
335,50,369
336,50,228
337,50,236
338,50,70
339,50,701
340,50,947
341,50,699
342,50,464
343,50,38
344,50,54
345,50,1005
346,50,856
347,50,31
348,50,737
349,50,976
350,50,569
351,50,51
352,50,912
353,50,325
354,50,442
355,50,707
356,50,991
357,50,799
358,50,552
359,50,499
360,50,453
361,50,460
362,50,1012
363,50,147
364,50,1018
365,50,892
366,50,864
367,50,85
368,50,681
369,50,164
370,50,162
371,50,922
372,50,106
373,50,482
374,50,45
375,50,826
376,50,751
377,50,513
378,50,849
379,50,834
380,50,559
381,50,355
382,50,673
383,50,664
384,50,682
385,50,305
386,50,568
387,50,828
388,50,891
389,50,776
390,50,343
391,50,895
392,50,823
393,50,875
394,50,862
395,50,286
396,50,43
397,50,523
398,50,349
399,50,245
0,51,301
1,51,150
2,51,30
3,51,683
4,51,443
5,51,954
6,51,1006
7,51,669
8,51,311
9,51,463
10,51,557
11,51,105
12,51,187
13,51,786
14,51,698
15,51,618
16,51,784
17,51,1008
18,51,520
19,51,185
20,51,710
21,51,0
22,51,554
23,51,230
24,51,713
25,51,246
26,51,155
27,51,287
28,51,901
29,51,142
30,51,304
31,51,492
32,51,1013
33,51,48
34,51,643
35,51,149
36,51,440
37,51,380
38,51,906
39,51,717
40,51,997
41,51,603
42,51,665
43,51,107
44,51,67
45,51,867
46,51,911
47,51,38
48,51,540
49,51,767
50,51,524
51,51,915
52,51,783
53,51,487
54,51,933
55,51,1002
56,51,537
57,51,266
58,51,474
59,51,362
60,51,839
61,51,476
62,51,919
63,51,847
64,51,775
65,51,521
66,51,584
67,51,877
68,51,432
69,51,749
70,51,650
71,51,363
72,51,649
73,51,1010
74,51,215
75,51,506
76,51,616
77,51,297
78,51,484
79,51,779
80,51,891
81,51,755
82,51,356
83,51,100
84,51,283
85,51,538
86,51,983
87,51,186
88,51,966
89,51,686
90,51,973
91,51,170
92,51,814
93,51,220
94,51,890
95,51,887
96,51,252
97,51,883
98,51,435
99,51,617
100,51,924
101,51,770
102,51,560
103,51,652
104,51,539
105,51,614
106,51,137
107,51,267
108,51,239
109,51,654
110,51,49
111,51,449
112,51,60
113,51,790
114,51,434
115,51,418
116,51,62
117,51,44
118,51,101
119,51,606
120,51,868
121,51,431
122,51,730
123,51,748
124,51,176
125,51,334
126,51,102
127,51,516
128,51,375
129,51,264
130,51,812
131,51,985
132,51,16
133,51,518
134,51,619
135,51,47
136,51,289
137,51,978
138,51,482
139,51,243
140,51,250
141,51,724
142,51,607
143,51,114
144,51,173
145,51,723
146,51,852
147,51,242
148,51,190
149,51,64
150,51,955
151,51,550
152,51,534
153,51,319
154,51,75
155,51,695
156,51,11
157,51,952
158,51,635
159,51,785
160,51,104
161,51,504
162,51,120
163,51,98
164,51,433
165,51,35
166,51,277
167,51,838
168,51,961
169,51,531
170,51,462
171,51,473
172,51,298
173,51,165
174,51,865
175,51,823
176,51,115
177,51,663
178,51,878
179,51,326
180,51,1003
181,51,921
182,51,809
183,51,988
184,51,261
185,51,597
186,51,843
187,51,20
188,51,256
189,51,743
190,51,437
191,51,525
192,51,237
193,51,970
194,51,580
195,51,938
196,51,490
197,51,957
198,51,313
199,51,309
200,51,410
201,51,981
202,51,980
203,51,962
204,51,80
205,51,414
206,51,709
207,51,201
208,51,571
209,51,914
210,51,218
211,51,667
212,51,960
213,51,135
214,51,179
215,51,161
216,51,916
217,51,772
218,51,566
219,51,929
220,51,953
221,51,77
222,51,156
223,51,753
224,51,787
225,51,610
226,51,972
227,51,1020
228,51,171
229,51,908
230,51,251
231,51,27
232,51,68
233,51,184
234,51,857
235,51,219
236,51,158
237,51,157
238,51,996
239,51,421
240,51,205
241,51,494
242,51,58
243,51,794
244,51,532
245,51,825
246,51,777
247,51,393
248,51,112
249,51,318
250,51,373
251,51,982
252,51,700
253,51,88
254,51,148
255,51,160
256,51,345
257,51,944
258,51,3
259,51,965
260,51,2
261,51,646
262,51,763
263,51,509
264,51,827
265,51,429
266,51,127
267,51,235
268,51,9
269,51,627
270,51,390
271,51,555
272,51,350
273,51,223
274,51,549
275,51,214
276,51,226
277,51,546
278,51,503
279,51,797
280,51,951
281,51,294
282,51,216
283,51,869
284,51,193
285,51,204
286,51,930
287,51,697
288,51,842
289,51,515
290,51,213
291,51,202
292,51,656
293,51,140
294,51,541
295,51,630
296,51,392
297,51,535
298,51,241
299,51,93
300,51,454
301,51,739
302,51,41
303,51,662
304,51,511
305,51,12
306,51,822
307,51,386
308,51,379
309,51,420
310,51,725
311,51,527
312,51,315
313,51,333
314,51,837
315,51,813
316,51,119
317,51,424
318,51,668
319,51,728
320,51,959
321,51,632
322,51,992
323,51,496
324,51,8
325,51,197
326,51,381
327,51,658
328,51,132
329,51,925
330,51,110
331,51,285
332,51,894
333,51,689
334,51,792
335,51,369
336,51,228
337,51,236
338,51,70
339,51,701
340,51,947
341,51,699
342,51,464
343,51,37
344,51,54
345,51,1005
346,51,856
347,51,31
348,51,737
349,51,976
350,51,570
351,51,51
352,51,912
353,51,325
354,51,442
355,51,707
356,51,991
357,51,799
358,51,552
359,51,499
360,51,453
361,51,460
362,51,1012
363,51,147
364,51,1018
365,51,893
366,51,864
367,51,85
368,51,681
369,51,164
370,51,162
371,51,922
372,51,106
373,51,450
374,51,45
375,51,826
376,51,751
377,51,545
378,51,849
379,51,834
380,51,559
381,51,355
382,51,673
383,51,664
384,51,682
385,51,305
386,51,568
387,51,828
388,51,892
389,51,776
390,51,343
391,51,895
392,51,824
393,51,875
394,51,862
395,51,286
396,51,43
397,51,523
398,51,349
399,51,245
0,52,301
1,52,150
2,52,30
3,52,683
4,52,443
5,52,954
6,52,1006
7,52,669
8,52,311
9,52,463
10,52,557
11,52,105
12,52,187
13,52,786
14,52,698
15,52,618
16,52,784
17,52,1008
18,52,520
19,52,185
20,52,710
21,52,0
22,52,554
23,52,230
24,52,713
25,52,246
26,52,155
27,52,287
28,52,901
29,52,142
30,52,304
31,52,492
32,52,1013
33,52,48
34,52,643
35,52,149
36,52,440
37,52,380
38,52,906
39,52,717
40,52,997
41,52,603
42,52,665
43,52,107
44,52,67
45,52,867
46,52,911
47,52,6
48,52,540
49,52,767
50,52,524
51,52,915
52,52,783
53,52,487
54,52,933
55,52,1002
56,52,537
57,52,266
58,52,474
59,52,362
60,52,839
61,52,476
62,52,919
63,52,847
64,52,775
65,52,521
66,52,584
67,52,877
68,52,432
69,52,749
70,52,650
71,52,363
72,52,649
73,52,1010
74,52,215
75,52,506
76,52,616
77,52,297
78,52,484
79,52,779
80,52,891
81,52,755
82,52,356
83,52,99
84,52,283
85,52,538
86,52,983
87,52,186
88,52,966
89,52,686
90,52,973
91,52,170
92,52,814
93,52,220
94,52,890
95,52,887
96,52,252
97,52,883
98,52,435
99,52,617
100,52,924
101,52,770
102,52,560
103,52,652
104,52,539
105,52,614
106,52,137
107,52,267
108,52,239
109,52,654
110,52,81
111,52,449
112,52,60
113,52,790
114,52,434
115,52,450
116,52,62
117,52,44
118,52,101
119,52,606
120,52,868
121,52,431
122,52,730
123,52,748
124,52,176
125,52,334
126,52,102
127,52,516
128,52,375
129,52,264
130,52,812
131,52,985
132,52,16
133,52,518
134,52,619
135,52,47
136,52,257
137,52,978
138,52,482
139,52,243
140,52,250
141,52,724
142,52,607
143,52,114
144,52,173
145,52,723
146,52,852
147,52,242
148,52,190
149,52,96
150,52,955
151,52,550
152,52,534
153,52,319
154,52,75
155,52,695
156,52,11
157,52,952
158,52,635
159,52,785
160,52,104
161,52,504
162,52,120
163,52,98
164,52,433
165,52,35
166,52,277
167,52,838
168,52,961
169,52,531
170,52,462
171,52,473
172,52,298
173,52,165
174,52,865
175,52,855
176,52,115
177,52,663
178,52,878
179,52,326
180,52,1003
181,52,921
182,52,809
183,52,988
184,52,261
185,52,597
186,52,843
187,52,20
188,52,256
189,52,743
190,52,437
191,52,525
192,52,237
193,52,970
194,52,580
195,52,938
196,52,490
197,52,957
198,52,313
199,52,309
200,52,410
201,52,981
202,52,980
203,52,962
204,52,80
205,52,414
206,52,709
207,52,201
208,52,571
209,52,914
210,52,218
211,52,667
212,52,960
213,52,135
214,52,179
215,52,161
216,52,916
217,52,772
218,52,566
219,52,929
220,52,953
221,52,77
222,52,156
223,52,753
224,52,787
225,52,610
226,52,972
227,52,1020
228,52,171
229,52,908
230,52,251
231,52,27
232,52,36
233,52,184
234,52,858
235,52,219
236,52,126
237,52,157
238,52,996
239,52,421
240,52,205
241,52,494
242,52,58
243,52,794
244,52,532
245,52,857
246,52,777
247,52,393
248,52,112
249,52,318
250,52,373
251,52,982
252,52,700
253,52,88
254,52,148
255,52,160
256,52,345
257,52,944
258,52,4
259,52,965
260,52,34
261,52,646
262,52,763
263,52,509
264,52,827
265,52,429
266,52,127
267,52,235
268,52,9
269,52,627
270,52,390
271,52,555
272,52,350
273,52,223
274,52,549
275,52,214
276,52,226
277,52,545
278,52,503
279,52,797
280,52,951
281,52,294
282,52,216
283,52,869
284,52,193
285,52,204
286,52,930
287,52,697
288,52,842
289,52,515
290,52,213
291,52,202
292,52,656
293,52,140
294,52,541
295,52,630
296,52,392
297,52,535
298,52,241
299,52,93
300,52,454
301,52,739
302,52,41
303,52,662
304,52,511
305,52,12
306,52,821
307,52,386
308,52,379
309,52,420
310,52,725
311,52,527
312,52,315
313,52,333
314,52,837
315,52,813
316,52,119
317,52,424
318,52,668
319,52,728
320,52,959
321,52,632
322,52,992
323,52,496
324,52,8
325,52,197
326,52,381
327,52,658
328,52,132
329,52,925
330,52,110
331,52,285
332,52,894
333,52,689
334,52,792
335,52,369
336,52,228
337,52,236
338,52,70
339,52,701
340,52,947
341,52,699
342,52,464
343,52,38
344,52,54
345,52,1005
346,52,888
347,52,31
348,52,737
349,52,976
350,52,570
351,52,51
352,52,912
353,52,325
354,52,442
355,52,707
356,52,991
357,52,799
358,52,552
359,52,499
360,52,453
361,52,460
362,52,1012
363,52,147
364,52,1018
365,52,893
366,52,864
367,52,85
368,52,681
369,52,164
370,52,162
371,52,922
372,52,106
373,52,451
374,52,45
375,52,826
376,52,751
377,52,544
378,52,849
379,52,834
380,52,559
381,52,355
382,52,673
383,52,664
384,52,682
385,52,305
386,52,568
387,52,828
388,52,892
389,52,776
390,52,343
391,52,895
392,52,856
393,52,875
394,52,862
395,52,286
396,52,43
397,52,523
398,52,349
399,52,245
0,53,301
1,53,150
2,53,30
3,53,683
4,53,443
5,53,954
6,53,1006
7,53,669
8,53,311
9,53,463
10,53,557
11,53,105
12,53,187
13,53,786
14,53,698
15,53,618
16,53,784
17,53,1008
18,53,520
19,53,185
20,53,710
21,53,0
22,53,554
23,53,230
24,53,713
25,53,246
26,53,155
27,53,287
28,53,901
29,53,142
30,53,304
31,53,492
32,53,1013
33,53,48
34,53,643
35,53,149
36,53,440
37,53,380
38,53,906
39,53,717
40,53,997
41,53,603
42,53,665
43,53,107
44,53,67
45,53,867
46,53,911
47,53,6
48,53,540
49,53,767
50,53,524
51,53,915
52,53,783
53,53,487
54,53,933
55,53,1002
56,53,537
57,53,266
58,53,474
59,53,362
60,53,839
61,53,476
62,53,919
63,53,847
64,53,775
65,53,521
66,53,584
67,53,877
68,53,432
69,53,749
70,53,650
71,53,363
72,53,649
73,53,1010
74,53,215
75,53,506
76,53,616
77,53,297
78,53,484
79,53,779
80,53,891
81,53,755
82,53,356
83,53,99
84,53,283
85,53,538
86,53,983
87,53,186
88,53,966
89,53,686
90,53,973
91,53,170
92,53,814
93,53,220
94,53,890
95,53,887
96,53,252
97,53,883
98,53,435
99,53,617
100,53,924
101,53,770
102,53,560
103,53,652
104,53,539
105,53,614
106,53,137
107,53,267
108,53,239
109,53,654
110,53,81
111,53,449
112,53,60
113,53,790
114,53,434
115,53,450
116,53,62
117,53,44
118,53,101
119,53,606
120,53,868
121,53,431
122,53,730
123,53,748
124,53,176
125,53,334
126,53,102
127,53,516
128,53,375
129,53,264
130,53,812
131,53,985
132,53,16
133,53,518
134,53,619
135,53,47
136,53,225
137,53,978
138,53,482
139,53,243
140,53,250
141,53,724
142,53,607
143,53,114
144,53,173
145,53,723
146,53,852
147,53,242
148,53,190
149,53,96
150,53,955
151,53,550
152,53,534
153,53,319
154,53,75
155,53,695
156,53,11
157,53,952
158,53,635
159,53,785
160,53,104
161,53,504
162,53,120
163,53,98
164,53,433
165,53,35
166,53,277
167,53,838
168,53,961
169,53,531
170,53,462
171,53,473
172,53,298
173,53,165
174,53,865
175,53,854
176,53,115
177,53,663
178,53,878
179,53,326
180,53,1003
181,53,921
182,53,809
183,53,988
184,53,261
185,53,597
186,53,843
187,53,20
188,53,256
189,53,743
190,53,437
191,53,525
192,53,237
193,53,970
194,53,580
195,53,938
196,53,490
197,53,957
198,53,313
199,53,309
200,53,410
201,53,981
202,53,980
203,53,962
204,53,80
205,53,414
206,53,709
207,53,201
208,53,571
209,53,914
210,53,218
211,53,667
212,53,960
213,53,135
214,53,179
215,53,161
216,53,916
217,53,772
218,53,566
219,53,929
220,53,953
221,53,77
222,53,156
223,53,753
224,53,787
225,53,610
226,53,972
227,53,1020
228,53,171
229,53,908
230,53,251
231,53,27
232,53,36
233,53,184
234,53,859
235,53,219
236,53,94
237,53,157
238,53,996
239,53,421
240,53,205
241,53,494
242,53,58
243,53,794
244,53,532
245,53,858
246,53,777
247,53,393
248,53,112
249,53,318
250,53,373
251,53,982
252,53,700
253,53,88
254,53,148
255,53,160
256,53,345
257,53,944
258,53,5
259,53,965
260,53,34
261,53,646
262,53,763
263,53,509
264,53,827
265,53,429
266,53,127
267,53,235
268,53,9
269,53,627
270,53,390
271,53,555
272,53,350
273,53,223
274,53,549
275,53,214
276,53,226
277,53,545
278,53,503
279,53,797
280,53,951
281,53,294
282,53,216
283,53,869
284,53,193
285,53,204
286,53,930
287,53,697
288,53,842
289,53,515
290,53,213
291,53,202
292,53,656
293,53,140
294,53,541
295,53,630
296,53,392
297,53,535
298,53,241
299,53,93
300,53,454
301,53,739
302,53,41
303,53,662
304,53,511
305,53,12
306,53,821
307,53,386
308,53,379
309,53,420
310,53,725
311,53,527
312,53,315
313,53,333
314,53,837
315,53,813
316,53,119
317,53,424
318,53,668
319,53,728
320,53,959
321,53,632
322,53,992
323,53,496
324,53,8
325,53,197
326,53,381
327,53,658
328,53,132
329,53,925
330,53,110
331,53,285
332,53,894
333,53,689
334,53,792
335,53,369
336,53,228
337,53,236
338,53,70
339,53,701
340,53,947
341,53,699
342,53,464
343,53,39
344,53,54
345,53,1005
346,53,889
347,53,31
348,53,737
349,53,976
350,53,570
351,53,51
352,53,912
353,53,325
354,53,442
355,53,707
356,53,991
357,53,799
358,53,552
359,53,499
360,53,453
361,53,460
362,53,1012
363,53,147
364,53,1018
365,53,893
366,53,864
367,53,85
368,53,681
369,53,164
370,53,162
371,53,922
372,53,106
373,53,451
374,53,45
375,53,826
376,53,751
377,53,544
378,53,849
379,53,834
380,53,559
381,53,355
382,53,673
383,53,664
384,53,682
385,53,305
386,53,568
387,53,828
388,53,892
389,53,776
390,53,343
391,53,895
392,53,888
393,53,875
394,53,862
395,53,286
396,53,43
397,53,523
398,53,349
399,53,245
0,54,301
1,54,150
2,54,30
3,54,683
4,54,443
5,54,954
6,54,1006
7,54,669
8,54,311
9,54,463
10,54,557
11,54,105
12,54,187
13,54,786
14,54,698
15,54,618
16,54,784
17,54,1008
18,54,520
19,54,185
20,54,710
21,54,0
22,54,554
23,54,230
24,54,713
25,54,246
26,54,155
27,54,287
28,54,901
29,54,142
30,54,304
31,54,492
32,54,1013
33,54,48
34,54,643
35,54,149
36,54,440
37,54,380
38,54,906
39,54,717
40,54,997
41,54,603
42,54,665
43,54,107
44,54,67
45,54,867
46,54,911
47,54,6
48,54,540
49,54,767
50,54,524
51,54,915
52,54,783
53,54,487
54,54,933
55,54,1002
56,54,537
57,54,266
58,54,474
59,54,362
60,54,839
61,54,476
62,54,919
63,54,847
64,54,775
65,54,521
66,54,584
67,54,877
68,54,432
69,54,749
70,54,650
71,54,363
72,54,649
73,54,1010
74,54,215
75,54,506
76,54,616
77,54,297
78,54,484
79,54,779
80,54,891
81,54,755
82,54,356
83,54,99
84,54,283
85,54,538
86,54,983
87,54,186
88,54,966
89,54,686
90,54,973
91,54,170
92,54,814
93,54,220
94,54,890
95,54,887
96,54,252
97,54,883
98,54,435
99,54,617
100,54,924
101,54,770
102,54,560
103,54,652
104,54,539
105,54,614
106,54,137
107,54,267
108,54,239
109,54,654
110,54,81
111,54,449
112,54,60
113,54,790
114,54,434
115,54,450
116,54,62
117,54,44
118,54,101
119,54,606
120,54,868
121,54,431
122,54,730
123,54,748
124,54,176
125,54,334
126,54,102
127,54,516
128,54,375
129,54,264
130,54,812
131,54,985
132,54,16
133,54,518
134,54,619
135,54,47
136,54,224
137,54,978
138,54,482
139,54,243
140,54,250
141,54,724
142,54,607
143,54,114
144,54,173
145,54,723
146,54,852
147,54,242
148,54,190
149,54,96
150,54,955
151,54,550
152,54,534
153,54,319
154,54,75
155,54,695
156,54,11
157,54,952
158,54,635
159,54,785
160,54,104
161,54,504
162,54,120
163,54,98
164,54,433
165,54,35
166,54,277
167,54,838
168,54,961
169,54,531
170,54,462
171,54,473
172,54,298
173,54,165
174,54,865
175,54,854
176,54,115
177,54,663
178,54,878
179,54,326
180,54,1003
181,54,921
182,54,809
183,54,988
184,54,261
185,54,597
186,54,843
187,54,20
188,54,256
189,54,743
190,54,437
191,54,525
192,54,237
193,54,970
194,54,580
195,54,938
196,54,490
197,54,957
198,54,313
199,54,309
200,54,410
201,54,981
202,54,980
203,54,962
204,54,80
205,54,414
206,54,709
207,54,201
208,54,571
209,54,914
210,54,218
211,54,667
212,54,960
213,54,135
214,54,179
215,54,161
216,54,916
217,54,772
218,54,566
219,54,929
220,54,953
221,54,77
222,54,156
223,54,753
224,54,787
225,54,610
226,54,972
227,54,1020
228,54,171
229,54,908
230,54,251
231,54,27
232,54,36
233,54,184
234,54,827
235,54,219
236,54,93
237,54,157
238,54,996
239,54,421
240,54,205
241,54,494
242,54,58
243,54,794
244,54,532
245,54,859
246,54,777
247,54,393
248,54,112
249,54,318
250,54,373
251,54,982
252,54,700
253,54,88
254,54,148
255,54,160
256,54,345
257,54,944
258,54,5
259,54,965
260,54,34
261,54,646
262,54,763
263,54,509
264,54,828
265,54,429
266,54,127
267,54,235
268,54,9
269,54,627
270,54,390
271,54,555
272,54,350
273,54,223
274,54,549
275,54,214
276,54,226
277,54,545
278,54,503
279,54,797
280,54,951
281,54,294
282,54,216
283,54,869
284,54,193
285,54,204
286,54,930
287,54,697
288,54,842
289,54,515
290,54,213
291,54,202
292,54,656
293,54,140
294,54,541
295,54,630
296,54,392
297,54,535
298,54,241
299,54,92
300,54,454
301,54,739
302,54,41
303,54,662
304,54,511
305,54,12
306,54,821
307,54,386
308,54,379
309,54,420
310,54,725
311,54,527
312,54,315
313,54,333
314,54,837
315,54,813
316,54,119
317,54,424
318,54,668
319,54,728
320,54,959
321,54,632
322,54,992
323,54,496
324,54,8
325,54,197
326,54,381
327,54,658
328,54,132
329,54,925
330,54,110
331,54,285
332,54,894
333,54,689
334,54,792
335,54,369
336,54,228
337,54,236
338,54,70
339,54,701
340,54,947
341,54,699
342,54,464
343,54,39
344,54,54
345,54,1005
346,54,888
347,54,31
348,54,737
349,54,976
350,54,570
351,54,51
352,54,912
353,54,325
354,54,442
355,54,707
356,54,991
357,54,799
358,54,552
359,54,499
360,54,453
361,54,460
362,54,1012
363,54,147
364,54,1018
365,54,893
366,54,864
367,54,85
368,54,681
369,54,164
370,54,162
371,54,922
372,54,106
373,54,451
374,54,45
375,54,826
376,54,751
377,54,544
378,54,849
379,54,834
380,54,559
381,54,355
382,54,673
383,54,664
384,54,682
385,54,305
386,54,568
387,54,829
388,54,892
389,54,776
390,54,343
391,54,895
392,54,920
393,54,875
394,54,862
395,54,286
396,54,43
397,54,523
398,54,349
399,54,245
0,55,301
1,55,150
2,55,30
3,55,683
4,55,443
5,55,954
6,55,1006
7,55,669
8,55,311
9,55,463
10,55,557
11,55,105
12,55,187
13,55,786
14,55,698
15,55,618
16,55,784
17,55,1008
18,55,520
19,55,185
20,55,710
21,55,0
22,55,554
23,55,230
24,55,713
25,55,246
26,55,155
27,55,287
28,55,901
29,55,142
30,55,304
31,55,492
32,55,1013
33,55,48
34,55,643
35,55,149
36,55,440
37,55,380
38,55,906
39,55,717
40,55,997
41,55,603
42,55,665
43,55,107
44,55,67
45,55,867
46,55,911
47,55,6
48,55,540
49,55,767
50,55,524
51,55,915
52,55,783
53,55,487
54,55,933
55,55,1002
56,55,537
57,55,266
58,55,474
59,55,362
60,55,839
61,55,476
62,55,919
63,55,847
64,55,775
65,55,521
66,55,584
67,55,877
68,55,432
69,55,749
70,55,650
71,55,363
72,55,649
73,55,1010
74,55,215
75,55,506
76,55,616
77,55,297
78,55,484
79,55,779
80,55,923
81,55,755
82,55,356
83,55,99
84,55,283
85,55,538
86,55,983
87,55,186
88,55,966
89,55,686
90,55,973
91,55,170
92,55,814
93,55,220
94,55,890
95,55,887
96,55,252
97,55,883
98,55,435
99,55,617
100,55,924
101,55,770
102,55,560
103,55,652
104,55,539
105,55,614
106,55,137
107,55,267
108,55,239
109,55,654
110,55,81
111,55,449
112,55,60
113,55,790
114,55,434
115,55,450
116,55,62
117,55,44
118,55,101
119,55,606
120,55,868
121,55,431
122,55,730
123,55,748
124,55,176
125,55,334
126,55,102
127,55,516
128,55,375
129,55,264
130,55,812
131,55,985
132,55,16
133,55,518
134,55,619
135,55,47
136,55,224
137,55,978
138,55,482
139,55,243
140,55,250
141,55,724
142,55,607
143,55,114
144,55,173
145,55,723
146,55,852
147,55,242
148,55,190
149,55,96
150,55,955
151,55,550
152,55,534
153,55,319
154,55,75
155,55,695
156,55,11
157,55,952
158,55,635
159,55,785
160,55,104
161,55,504
162,55,120
163,55,98
164,55,433
165,55,35
166,55,277
167,55,838
168,55,961
169,55,531
170,55,462
171,55,473
172,55,298
173,55,165
174,55,865
175,55,854
176,55,115
177,55,663
178,55,878
179,55,326
180,55,1003
181,55,921
182,55,809
183,55,988
184,55,261
185,55,597
186,55,843
187,55,20
188,55,256
189,55,743
190,55,437
191,55,525
192,55,237
193,55,970
194,55,580
195,55,938
196,55,490
197,55,957
198,55,313
199,55,309
200,55,410
201,55,981
202,55,980
203,55,962
204,55,80
205,55,414
206,55,709
207,55,201
208,55,571
209,55,914
210,55,218
211,55,667
212,55,960
213,55,135
214,55,179
215,55,161
216,55,916
217,55,772
218,55,566
219,55,929
220,55,953
221,55,77
222,55,156
223,55,753
224,55,787
225,55,610
226,55,972
227,55,1020
228,55,171
229,55,908
230,55,251
231,55,27
232,55,36
233,55,184
234,55,859
235,55,219
236,55,61
237,55,157
238,55,996
239,55,421
240,55,205
241,55,494
242,55,58
243,55,794
244,55,532
245,55,891
246,55,777
247,55,393
248,55,112
249,55,318
250,55,373
251,55,982
252,55,700
253,55,88
254,55,148
255,55,160
256,55,345
257,55,944
258,55,5
259,55,965
260,55,34
261,55,646
262,55,763
263,55,509
264,55,827
265,55,429
266,55,127
267,55,235
268,55,9
269,55,627
270,55,390
271,55,555
272,55,350
273,55,223
274,55,549
275,55,214
276,55,226
277,55,545
278,55,503
279,55,797
280,55,951
281,55,294
282,55,216
283,55,869
284,55,193
285,55,204
286,55,930
287,55,697
288,55,842
289,55,515
290,55,213
291,55,202
292,55,656
293,55,140
294,55,541
295,55,630
296,55,392
297,55,535
298,55,241
299,55,93
300,55,454
301,55,739
302,55,41
303,55,662
304,55,511
305,55,12
306,55,821
307,55,386
308,55,379
309,55,420
310,55,725
311,55,527
312,55,315
313,55,333
314,55,837
315,55,813
316,55,119
317,55,424
318,55,668
319,55,728
320,55,959
321,55,632
322,55,992
323,55,496
324,55,8
325,55,197
326,55,381
327,55,658
328,55,132
329,55,925
330,55,110
331,55,285
332,55,894
333,55,689
334,55,792
335,55,369
336,55,228
337,55,236
338,55,70
339,55,701
340,55,947
341,55,699
342,55,464
343,55,39
344,55,54
345,55,1005
346,55,856
347,55,31
348,55,737
349,55,976
350,55,570
351,55,51
352,55,912
353,55,325
354,55,442
355,55,707
356,55,991
357,55,799
358,55,552
359,55,499
360,55,453
361,55,460
362,55,1012
363,55,147
364,55,1018
365,55,893
366,55,864
367,55,85
368,55,681
369,55,164
370,55,162
371,55,922
372,55,106
373,55,451
374,55,45
375,55,826
376,55,751
377,55,544
378,55,849
379,55,834
380,55,559
381,55,355
382,55,673
383,55,664
384,55,682
385,55,305
386,55,568
387,55,828
388,55,892
389,55,776
390,55,343
391,55,895
392,55,920
393,55,875
394,55,862
395,55,286
396,55,43
397,55,523
398,55,349
399,55,245
0,56,301
1,56,150
2,56,30
3,56,683
4,56,443
5,56,954
6,56,1006
7,56,669
8,56,311
9,56,463
10,56,557
11,56,105
12,56,187
13,56,786
14,56,698
15,56,618
16,56,784
17,56,1008
18,56,520
19,56,185
20,56,710
21,56,0
22,56,554
23,56,230
24,56,713
25,56,246
26,56,155
27,56,287
28,56,901
29,56,142
30,56,304
31,56,492
32,56,1013
33,56,48
34,56,643
35,56,149
36,56,440
37,56,380
38,56,906
39,56,717
40,56,997
41,56,603
42,56,665
43,56,107
44,56,67
45,56,867
46,56,911
47,56,6
48,56,540
49,56,767
50,56,524
51,56,915
52,56,783
53,56,487
54,56,933
55,56,1002
56,56,537
57,56,266
58,56,474
59,56,362
60,56,839
61,56,476
62,56,919
63,56,847
64,56,775
65,56,521
66,56,584
67,56,877
68,56,432
69,56,749
70,56,650
71,56,363
72,56,649
73,56,1010
74,56,215
75,56,506
76,56,616
77,56,297
78,56,484
79,56,779
80,56,924
81,56,755
82,56,356
83,56,99
84,56,283
85,56,538
86,56,983
87,56,186
88,56,966
89,56,686
90,56,973
91,56,170
92,56,814
93,56,220
94,56,890
95,56,887
96,56,252
97,56,883
98,56,435
99,56,617
100,56,956
101,56,770
102,56,560
103,56,652
104,56,539
105,56,614
106,56,137
107,56,267
108,56,239
109,56,654
110,56,81
111,56,449
112,56,60
113,56,790
114,56,434
115,56,450
116,56,62
117,56,44
118,56,101
119,56,606
120,56,868
121,56,431
122,56,730
123,56,748
124,56,176
125,56,334
126,56,102
127,56,516
128,56,375
129,56,264
130,56,812
131,56,985
132,56,16
133,56,518
134,56,619
135,56,47
136,56,224
137,56,978
138,56,482
139,56,243
140,56,250
141,56,724
142,56,607
143,56,114
144,56,173
145,56,723
146,56,852
147,56,242
148,56,190
149,56,96
150,56,955
151,56,550
152,56,534
153,56,319
154,56,75
155,56,695
156,56,11
157,56,952
158,56,635
159,56,785
160,56,104
161,56,504
162,56,120
163,56,98
164,56,433
165,56,35
166,56,277
167,56,838
168,56,961
169,56,531
170,56,462
171,56,473
172,56,298
173,56,165
174,56,865
175,56,854
176,56,115
177,56,663
178,56,878
179,56,326
180,56,1003
181,56,921
182,56,809
183,56,988
184,56,261
185,56,597
186,56,843
187,56,20
188,56,256
189,56,743
190,56,437
191,56,525
192,56,237
193,56,970
194,56,580
195,56,938
196,56,490
197,56,957
198,56,313
199,56,309
200,56,410
201,56,981
202,56,980
203,56,962
204,56,80
205,56,414
206,56,709
207,56,201
208,56,571
209,56,914
210,56,218
211,56,667
212,56,960
213,56,135
214,56,179
215,56,161
216,56,916
217,56,772
218,56,566
219,56,929
220,56,953
221,56,77
222,56,156
223,56,753
224,56,787
225,56,610
226,56,972
227,56,1020
228,56,171
229,56,908
230,56,251
231,56,27
232,56,36
233,56,184
234,56,858
235,56,219
236,56,29
237,56,157
238,56,996
239,56,421
240,56,205
241,56,494
242,56,58
243,56,794
244,56,532
245,56,923
246,56,777
247,56,393
248,56,112
249,56,318
250,56,373
251,56,982
252,56,700
253,56,88
254,56,148
255,56,160
256,56,345
257,56,944
258,56,5
259,56,965
260,56,34
261,56,646
262,56,763
263,56,509
264,56,827
265,56,429
266,56,127
267,56,235
268,56,9
269,56,627
270,56,390
271,56,555
272,56,350
273,56,223
274,56,549
275,56,214
276,56,226
277,56,545
278,56,503
279,56,797
280,56,951
281,56,294
282,56,216
283,56,869
284,56,193
285,56,204
286,56,930
287,56,697
288,56,842
289,56,515
290,56,213
291,56,202
292,56,656
293,56,140
294,56,541
295,56,630
296,56,392
297,56,535
298,56,241
299,56,93
300,56,454
301,56,739
302,56,41
303,56,662
304,56,511
305,56,12
306,56,821
307,56,386
308,56,379
309,56,420
310,56,725
311,56,527
312,56,315
313,56,333
314,56,837
315,56,813
316,56,119
317,56,424
318,56,668
319,56,728
320,56,959
321,56,632
322,56,992
323,56,496
324,56,8
325,56,197
326,56,381
327,56,658
328,56,132
329,56,925
330,56,110
331,56,285
332,56,894
333,56,689
334,56,792
335,56,369
336,56,228
337,56,236
338,56,70
339,56,701
340,56,947
341,56,699
342,56,464
343,56,39
344,56,54
345,56,1005
346,56,856
347,56,31
348,56,737
349,56,976
350,56,570
351,56,51
352,56,912
353,56,325
354,56,442
355,56,707
356,56,991
357,56,799
358,56,552
359,56,499
360,56,453
361,56,460
362,56,1012
363,56,147
364,56,1018
365,56,893
366,56,864
367,56,85
368,56,681
369,56,164
370,56,162
371,56,922
372,56,106
373,56,451
374,56,45
375,56,826
376,56,751
377,56,544
378,56,849
379,56,834
380,56,559
381,56,355
382,56,673
383,56,664
384,56,682
385,56,305
386,56,568
387,56,828
388,56,892
389,56,776
390,56,343
391,56,895
392,56,920
393,56,875
394,56,862
395,56,286
396,56,43
397,56,523
398,56,349
399,56,245
0,57,301
1,57,150
2,57,30
3,57,683
4,57,443
5,57,954
6,57,1006
7,57,669
8,57,311
9,57,463
10,57,557
11,57,105
12,57,187
13,57,786
14,57,698
15,57,618
16,57,784
17,57,1008
18,57,520
19,57,185
20,57,710
21,57,0
22,57,554
23,57,230
24,57,713
25,57,246
26,57,155
27,57,287
28,57,901
29,57,142
30,57,304
31,57,492
32,57,1013
33,57,48
34,57,643
35,57,149
36,57,440
37,57,380
38,57,906
39,57,717
40,57,997
41,57,603
42,57,665
43,57,107
44,57,67
45,57,867
46,57,911
47,57,6
48,57,540
49,57,767
50,57,524
51,57,915
52,57,783
53,57,487
54,57,933
55,57,1002
56,57,537
57,57,266
58,57,474
59,57,362
60,57,839
61,57,476
62,57,919
63,57,847
64,57,775
65,57,521
66,57,584
67,57,877
68,57,432
69,57,749
70,57,650
71,57,363
72,57,649
73,57,1010
74,57,215
75,57,506
76,57,616
77,57,297
78,57,484
79,57,779
80,57,892
81,57,755
82,57,356
83,57,99
84,57,283
85,57,538
86,57,983
87,57,186
88,57,966
89,57,686
90,57,973
91,57,170
92,57,814
93,57,220
94,57,890
95,57,887
96,57,252
97,57,883
98,57,435
99,57,617
100,57,956
101,57,770
102,57,560
103,57,652
104,57,539
105,57,614
106,57,137
107,57,267
108,57,239
109,57,654
110,57,81
111,57,449
112,57,60
113,57,790
114,57,434
115,57,450
116,57,62
117,57,44
118,57,101
119,57,606
120,57,868
121,57,431
122,57,730
123,57,748
124,57,176
125,57,334
126,57,102
127,57,516
128,57,375
129,57,264
130,57,812
131,57,985
132,57,16
133,57,518
134,57,619
135,57,47
136,57,224
137,57,978
138,57,482
139,57,243
140,57,250
141,57,724
142,57,607
143,57,114
144,57,173
145,57,723
146,57,852
147,57,242
148,57,190
149,57,96
150,57,955
151,57,550
152,57,534
153,57,319
154,57,75
155,57,695
156,57,11
157,57,952
158,57,635
159,57,785
160,57,104
161,57,504
162,57,120
163,57,98
164,57,433
165,57,35
166,57,277
167,57,838
168,57,961
169,57,531
170,57,462
171,57,473
172,57,298
173,57,165
174,57,865
175,57,854
176,57,115
177,57,663
178,57,878
179,57,326
180,57,1003
181,57,921
182,57,809
183,57,988
184,57,261
185,57,597
186,57,843
187,57,20
188,57,256
189,57,743
190,57,437
191,57,525
192,57,237
193,57,970
194,57,580
195,57,938
196,57,490
197,57,957
198,57,313
199,57,309
200,57,410
201,57,981
202,57,980
203,57,962
204,57,80
205,57,414
206,57,709
207,57,201
208,57,571
209,57,914
210,57,218
211,57,667
212,57,960
213,57,135
214,57,179
215,57,161
216,57,916
217,57,772
218,57,566
219,57,929
220,57,953
221,57,77
222,57,156
223,57,753
224,57,787
225,57,610
226,57,972
227,57,1020
228,57,171
229,57,908
230,57,251
231,57,27
232,57,36
233,57,184
234,57,857
235,57,219
236,57,29
237,57,157
238,57,996
239,57,421
240,57,205
241,57,494
242,57,58
243,57,794
244,57,532
245,57,924
246,57,777
247,57,393
248,57,112
249,57,318
250,57,373
251,57,982
252,57,700
253,57,88
254,57,148
255,57,160
256,57,345
257,57,944
258,57,5
259,57,965
260,57,34
261,57,646
262,57,763
263,57,509
264,57,827
265,57,429
266,57,127
267,57,235
268,57,9
269,57,627
270,57,390
271,57,555
272,57,350
273,57,223
274,57,549
275,57,214
276,57,226
277,57,545
278,57,503
279,57,797
280,57,951
281,57,294
282,57,216
283,57,869
284,57,193
285,57,204
286,57,930
287,57,697
288,57,842
289,57,515
290,57,213
291,57,202
292,57,656
293,57,140
294,57,541
295,57,630
296,57,392
297,57,535
298,57,241
299,57,93
300,57,454
301,57,739
302,57,41
303,57,662
304,57,511
305,57,12
306,57,821
307,57,386
308,57,379
309,57,420
310,57,725
311,57,527
312,57,315
313,57,333
314,57,837
315,57,813
316,57,119
317,57,424
318,57,668
319,57,728
320,57,959
321,57,632
322,57,992
323,57,496
324,57,8
325,57,197
326,57,381
327,57,658
328,57,132
329,57,925
330,57,110
331,57,285
332,57,894
333,57,689
334,57,792
335,57,369
336,57,228
337,57,236
338,57,70
339,57,701
340,57,947
341,57,699
342,57,464
343,57,39
344,57,54
345,57,1005
346,57,856
347,57,31
348,57,737
349,57,976
350,57,570
351,57,51
352,57,912
353,57,325
354,57,442
355,57,707
356,57,991
357,57,799
358,57,552
359,57,499
360,57,453
361,57,460
362,57,1012
363,57,147
364,57,1018
365,57,893
366,57,864
367,57,85
368,57,681
369,57,164
370,57,162
371,57,922
372,57,106
373,57,451
374,57,45
375,57,826
376,57,751
377,57,544
378,57,849
379,57,834
380,57,559
381,57,355
382,57,673
383,57,664
384,57,682
385,57,305
386,57,568
387,57,828
388,57,891
389,57,776
390,57,343
391,57,895
392,57,920
393,57,875
394,57,862
395,57,286
396,57,43
397,57,523
398,57,349
399,57,245
0,58,301
1,58,150
2,58,30
3,58,683
4,58,443
5,58,954
6,58,1006
7,58,669
8,58,311
9,58,463
10,58,557
11,58,105
12,58,187
13,58,786
14,58,698
15,58,618
16,58,784
17,58,1008
18,58,520
19,58,185
20,58,710
21,58,0
22,58,554
23,58,230
24,58,713
25,58,246
26,58,155
27,58,287
28,58,901
29,58,142
30,58,304
31,58,492
32,58,1013
33,58,48
34,58,643
35,58,149
36,58,440
37,58,380
38,58,906
39,58,717
40,58,997
41,58,603
42,58,665
43,58,107
44,58,67
45,58,867
46,58,911
47,58,6
48,58,540
49,58,767
50,58,524
51,58,915
52,58,783
53,58,487
54,58,933
55,58,1002
56,58,537
57,58,266
58,58,474
59,58,362
60,58,839
61,58,476
62,58,919
63,58,847
64,58,775
65,58,521
66,58,584
67,58,877
68,58,432
69,58,749
70,58,650
71,58,363
72,58,649
73,58,1010
74,58,215
75,58,506
76,58,616
77,58,297
78,58,484
79,58,779
80,58,891
81,58,755
82,58,356
83,58,99
84,58,283
85,58,538
86,58,983
87,58,186
88,58,966
89,58,686
90,58,973
91,58,170
92,58,814
93,58,220
94,58,890
95,58,887
96,58,252
97,58,883
98,58,435
99,58,617
100,58,924
101,58,770
102,58,560
103,58,652
104,58,539
105,58,614
106,58,137
107,58,267
108,58,239
109,58,654
110,58,81
111,58,449
112,58,60
113,58,790
114,58,434
115,58,450
116,58,62
117,58,44
118,58,101
119,58,606
120,58,868
121,58,431
122,58,730
123,58,748
124,58,176
125,58,334
126,58,102
127,58,516
128,58,375
129,58,264
130,58,812
131,58,985
132,58,16
133,58,518
134,58,619
135,58,47
136,58,224
137,58,978
138,58,482
139,58,243
140,58,250
141,58,724
142,58,607
143,58,114
144,58,173
145,58,723
146,58,852
147,58,242
148,58,190
149,58,96
150,58,955
151,58,550
152,58,534
153,58,319
154,58,75
155,58,695
156,58,11
157,58,952
158,58,635
159,58,785
160,58,104
161,58,504
162,58,120
163,58,98
164,58,433
165,58,35
166,58,277
167,58,838
168,58,961
169,58,531
170,58,462
171,58,473
172,58,298
173,58,165
174,58,865
175,58,854
176,58,115
177,58,663
178,58,878
179,58,326
180,58,1003
181,58,921
182,58,809
183,58,988
184,58,261
185,58,597
186,58,843
187,58,20
188,58,256
189,58,743
190,58,437
191,58,525
192,58,237
193,58,970
194,58,580
195,58,938
196,58,490
197,58,957
198,58,313
199,58,309
200,58,410
201,58,981
202,58,980
203,58,962
204,58,80
205,58,414
206,58,709
207,58,201
208,58,571
209,58,914
210,58,218
211,58,667
212,58,960
213,58,135
214,58,179
215,58,161
216,58,916
217,58,772
218,58,566
219,58,929
220,58,953
221,58,77
222,58,156
223,58,753
224,58,787
225,58,610
226,58,972
227,58,1020
228,58,171
229,58,908
230,58,251
231,58,27
232,58,36
233,58,184
234,58,857
235,58,219
236,58,29
237,58,157
238,58,996
239,58,421
240,58,205
241,58,494
242,58,58
243,58,794
244,58,532
245,58,925
246,58,777
247,58,393
248,58,112
249,58,318
250,58,373
251,58,982
252,58,700
253,58,88
254,58,148
255,58,160
256,58,345
257,58,944
258,58,5
259,58,965
260,58,34
261,58,646
262,58,763
263,58,509
264,58,827
265,58,429
266,58,127
267,58,235
268,58,9
269,58,627
270,58,390
271,58,555
272,58,350
273,58,223
274,58,549
275,58,214
276,58,226
277,58,545
278,58,503
279,58,797
280,58,951
281,58,294
282,58,216
283,58,869
284,58,193
285,58,204
286,58,930
287,58,697
288,58,842
289,58,515
290,58,213
291,58,202
292,58,656
293,58,140
294,58,541
295,58,630
296,58,392
297,58,535
298,58,241
299,58,93
300,58,454
301,58,739
302,58,41
303,58,662
304,58,511
305,58,12
306,58,821
307,58,386
308,58,379
309,58,420
310,58,725
311,58,527
312,58,315
313,58,333
314,58,837
315,58,813
316,58,119
317,58,424
318,58,668
319,58,728
320,58,959
321,58,632
322,58,992
323,58,496
324,58,8
325,58,197
326,58,381
327,58,658
328,58,132
329,58,926
330,58,110
331,58,285
332,58,894
333,58,689
334,58,792
335,58,369
336,58,228
337,58,236
338,58,70
339,58,701
340,58,947
341,58,699
342,58,464
343,58,39
344,58,54
345,58,1005
346,58,856
347,58,31
348,58,737
349,58,976
350,58,570
351,58,51
352,58,912
353,58,325
354,58,442
355,58,707
356,58,991
357,58,799
358,58,552
359,58,499
360,58,453
361,58,460
362,58,1012
363,58,147
364,58,1018
365,58,893
366,58,864
367,58,85
368,58,681
369,58,164
370,58,162
371,58,922
372,58,106
373,58,451
374,58,45
375,58,826
376,58,751
377,58,544
378,58,849
379,58,834
380,58,559
381,58,355
382,58,673
383,58,664
384,58,682
385,58,305
386,58,568
387,58,828
388,58,859
389,58,776
390,58,343
391,58,895
392,58,920
393,58,875
394,58,862
395,58,286
396,58,43
397,58,523
398,58,349
399,58,245
0,59,301
1,59,150
2,59,30
3,59,683
4,59,443
5,59,954
6,59,1006
7,59,669
8,59,311
9,59,463
10,59,557
11,59,105
12,59,187
13,59,786
14,59,698
15,59,618
16,59,784
17,59,1008
18,59,520
19,59,185
20,59,710
21,59,0
22,59,554
23,59,230
24,59,713
25,59,246
26,59,155
27,59,287
28,59,901
29,59,142
30,59,304
31,59,492
32,59,1013
33,59,48
34,59,643
35,59,149
36,59,440
37,59,380
38,59,906
39,59,717
40,59,997
41,59,603
42,59,665
43,59,107
44,59,67
45,59,867
46,59,911
47,59,6
48,59,540
49,59,767
50,59,524
51,59,915
52,59,783
53,59,487
54,59,933
55,59,1002
56,59,537
57,59,266
58,59,474
59,59,362
60,59,839
61,59,476
62,59,919
63,59,847
64,59,775
65,59,521
66,59,584
67,59,877
68,59,432
69,59,749
70,59,650
71,59,363
72,59,649
73,59,1010
74,59,215
75,59,506
76,59,616
77,59,297
78,59,484
79,59,779
80,59,923
81,59,755
82,59,356
83,59,99
84,59,283
85,59,538
86,59,983
87,59,186
88,59,966
89,59,686
90,59,973
91,59,170
92,59,814
93,59,220
94,59,890
95,59,887
96,59,252
97,59,883
98,59,435
99,59,617
100,59,924
101,59,770
102,59,560
103,59,652
104,59,539
105,59,614
106,59,137
107,59,267
108,59,239
109,59,654
110,59,81
111,59,449
112,59,60
113,59,790
114,59,434
115,59,450
116,59,62
117,59,44
118,59,101
119,59,606
120,59,868
121,59,431
122,59,730
123,59,748
124,59,176
125,59,334
126,59,102
127,59,516
128,59,375
129,59,264
130,59,812
131,59,985
132,59,16
133,59,518
134,59,619
135,59,47
136,59,224
137,59,978
138,59,482
139,59,243
140,59,250
141,59,724
142,59,607
143,59,114
144,59,173
145,59,723
146,59,852
147,59,242
148,59,190
149,59,96
150,59,955
151,59,550
152,59,534
153,59,319
154,59,75
155,59,695
156,59,11
157,59,952
158,59,635
159,59,785
160,59,104
161,59,504
162,59,120
163,59,98
164,59,433
165,59,35
166,59,277
167,59,838
168,59,961
169,59,531
170,59,462
171,59,473
172,59,298
173,59,165
174,59,865
175,59,854
176,59,115
177,59,663
178,59,878
179,59,326
180,59,1003
181,59,921
182,59,809
183,59,988
184,59,261
185,59,597
186,59,843
187,59,20
188,59,256
189,59,743
190,59,437
191,59,525
192,59,237
193,59,970
194,59,580
195,59,938
196,59,490
197,59,956
198,59,313
199,59,309
200,59,410
201,59,981
202,59,980
203,59,962
204,59,80
205,59,414
206,59,709
207,59,201
208,59,571
209,59,914
210,59,218
211,59,667
212,59,960
213,59,135
214,59,179
215,59,161
216,59,916
217,59,772
218,59,566
219,59,929
220,59,953
221,59,77
222,59,156
223,59,753
224,59,787
225,59,610
226,59,972
227,59,1020
228,59,171
229,59,908
230,59,251
231,59,27
232,59,36
233,59,184
234,59,857
235,59,219
236,59,29
237,59,157
238,59,996
239,59,421
240,59,205
241,59,494
242,59,58
243,59,794
244,59,532
245,59,957
246,59,777
247,59,393
248,59,112
249,59,318
250,59,373
251,59,982
252,59,700
253,59,88
254,59,148
255,59,160
256,59,345
257,59,944
258,59,5
259,59,965
260,59,34
261,59,646
262,59,763
263,59,509
264,59,827
265,59,429
266,59,127
267,59,235
268,59,9
269,59,627
270,59,390
271,59,555
272,59,350
273,59,223
274,59,549
275,59,214
276,59,226
277,59,545
278,59,503
279,59,797
280,59,951
281,59,294
282,59,216
283,59,869
284,59,193
285,59,204
286,59,930
287,59,697
288,59,842
289,59,515
290,59,213
291,59,202
292,59,656
293,59,140
294,59,541
295,59,630
296,59,392
297,59,535
298,59,241
299,59,93
300,59,454
301,59,739
302,59,41
303,59,662
304,59,511
305,59,12
306,59,821
307,59,386
308,59,379
309,59,420
310,59,725
311,59,527
312,59,315
313,59,333
314,59,837
315,59,813
316,59,119
317,59,424
318,59,668
319,59,728
320,59,959
321,59,632
322,59,992
323,59,496
324,59,8
325,59,197
326,59,381
327,59,658
328,59,132
329,59,925
330,59,110
331,59,285
332,59,894
333,59,689
334,59,792
335,59,369
336,59,228
337,59,236
338,59,70
339,59,701
340,59,947
341,59,699
342,59,464
343,59,39
344,59,54
345,59,1005
346,59,856
347,59,31
348,59,737
349,59,976
350,59,570
351,59,51
352,59,912
353,59,325
354,59,442
355,59,707
356,59,991
357,59,799
358,59,552
359,59,499
360,59,453
361,59,460
362,59,1012
363,59,147
364,59,1018
365,59,893
366,59,864
367,59,85
368,59,681
369,59,164
370,59,162
371,59,922
372,59,106
373,59,451
374,59,45
375,59,826
376,59,751
377,59,544
378,59,849
379,59,834
380,59,559
381,59,355
382,59,673
383,59,664
384,59,682
385,59,305
386,59,568
387,59,828
388,59,891
389,59,776
390,59,343
391,59,895
392,59,920
393,59,875
394,59,862
395,59,286
396,59,43
397,59,523
398,59,349
399,59,245
0,60,301
1,60,150
2,60,30
3,60,683
4,60,443
5,60,954
6,60,1006
7,60,669
8,60,311
9,60,463
10,60,557
11,60,105
12,60,187
13,60,786
14,60,698
15,60,618
16,60,784
17,60,1008
18,60,520
19,60,185
20,60,710
21,60,0
22,60,554
23,60,230
24,60,713
25,60,246
26,60,155
27,60,287
28,60,901
29,60,142
30,60,304
31,60,492
32,60,1013
33,60,48
34,60,643
35,60,149
36,60,440
37,60,380
38,60,906
39,60,717
40,60,997
41,60,603
42,60,665
43,60,107
44,60,67
45,60,867
46,60,911
47,60,6
48,60,540
49,60,767
50,60,524
51,60,915
52,60,783
53,60,487
54,60,933
55,60,1002
56,60,537
57,60,266
58,60,474
59,60,362
60,60,839
61,60,476
62,60,919
63,60,847
64,60,775
65,60,521
66,60,584
67,60,877
68,60,432
69,60,749
70,60,650
71,60,363
72,60,649
73,60,1010
74,60,215
75,60,506
76,60,616
77,60,297
78,60,484
79,60,779
80,60,891
81,60,755
82,60,356
83,60,99
84,60,283
85,60,538
86,60,983
87,60,186
88,60,966
89,60,686
90,60,973
91,60,170
92,60,814
93,60,220
94,60,890
95,60,887
96,60,252
97,60,883
98,60,435
99,60,617
100,60,924
101,60,770
102,60,560
103,60,652
104,60,539
105,60,614
106,60,137
107,60,267
108,60,239
109,60,654
110,60,81
111,60,449
112,60,60
113,60,790
114,60,434
115,60,450
116,60,62
117,60,44
118,60,101
119,60,606
120,60,868
121,60,431
122,60,730
123,60,748
124,60,176
125,60,334
126,60,102
127,60,516
128,60,375
129,60,264
130,60,812
131,60,985
132,60,16
133,60,518
134,60,619
135,60,47
136,60,224
137,60,978
138,60,482
139,60,243
140,60,250
141,60,724
142,60,607
143,60,114
144,60,173
145,60,723
146,60,852
147,60,242
148,60,190
149,60,96
150,60,955
151,60,550
152,60,534
153,60,319
154,60,75
155,60,695
156,60,11
157,60,952
158,60,635
159,60,785
160,60,104
161,60,504
162,60,120
163,60,98
164,60,433
165,60,35
166,60,277
167,60,838
168,60,961
169,60,531
170,60,462
171,60,473
172,60,298
173,60,165
174,60,865
175,60,854
176,60,115
177,60,663
178,60,878
179,60,326
180,60,1003
181,60,921
182,60,809
183,60,988
184,60,261
185,60,597
186,60,843
187,60,20
188,60,256
189,60,743
190,60,437
191,60,525
192,60,237
193,60,970
194,60,580
195,60,938
196,60,490
197,60,957
198,60,313
199,60,309
200,60,410
201,60,981
202,60,980
203,60,962
204,60,80
205,60,414
206,60,709
207,60,201
208,60,571
209,60,914
210,60,218
211,60,667
212,60,960
213,60,135
214,60,179
215,60,161
216,60,916
217,60,772
218,60,566
219,60,929
220,60,953
221,60,77
222,60,156
223,60,753
224,60,787
225,60,610
226,60,972
227,60,1020
228,60,171
229,60,908
230,60,251
231,60,27
232,60,36
233,60,184
234,60,857
235,60,219
236,60,29
237,60,157
238,60,996
239,60,421
240,60,205
241,60,494
242,60,58
243,60,794
244,60,532
245,60,989
246,60,777
247,60,393
248,60,112
249,60,318
250,60,373
251,60,982
252,60,700
253,60,88
254,60,148
255,60,160
256,60,345
257,60,944
258,60,5
259,60,965
260,60,34
261,60,646
262,60,763
263,60,509
264,60,827
265,60,429
266,60,127
267,60,235
268,60,9
269,60,627
270,60,390
271,60,555
272,60,350
273,60,223
274,60,549
275,60,214
276,60,226
277,60,545
278,60,503
279,60,797
280,60,951
281,60,294
282,60,216
283,60,869
284,60,193
285,60,204
286,60,930
287,60,697
288,60,842
289,60,515
290,60,213
291,60,202
292,60,656
293,60,140
294,60,541
295,60,630
296,60,392
297,60,535
298,60,241
299,60,93
300,60,454
301,60,739
302,60,41
303,60,662
304,60,511
305,60,12
306,60,821
307,60,386
308,60,379
309,60,420
310,60,725
311,60,527
312,60,315
313,60,333
314,60,837
315,60,813
316,60,119
317,60,424
318,60,668
319,60,728
320,60,959
321,60,632
322,60,992
323,60,496
324,60,8
325,60,197
326,60,381
327,60,658
328,60,132
329,60,925
330,60,110
331,60,285
332,60,894
333,60,689
334,60,792
335,60,369
336,60,228
337,60,236
338,60,70
339,60,701
340,60,947
341,60,699
342,60,464
343,60,39
344,60,54
345,60,1005
346,60,856
347,60,31
348,60,737
349,60,976
350,60,570
351,60,51
352,60,912
353,60,325
354,60,442
355,60,707
356,60,991
357,60,799
358,60,552
359,60,499
360,60,453
361,60,460
362,60,1012
363,60,147
364,60,1018
365,60,893
366,60,864
367,60,85
368,60,681
369,60,164
370,60,162
371,60,922
372,60,106
373,60,451
374,60,45
375,60,826
376,60,751
377,60,544
378,60,849
379,60,834
380,60,559
381,60,355
382,60,673
383,60,664
384,60,682
385,60,305
386,60,568
387,60,828
388,60,892
389,60,776
390,60,343
391,60,895
392,60,920
393,60,875
394,60,862
395,60,286
396,60,43
397,60,523
398,60,349
399,60,245
