agent_id,time_step,vertex_index
0,0,768
1,0,630
2,0,708
3,0,219
4,0,935
5,0,858
6,0,800
7,0,417
8,0,20
9,0,819
10,0,324
11,0,855
12,0,910
13,0,686
14,0,97
15,0,550
16,0,690
17,0,470
18,0,374
19,0,811
20,0,569
21,0,645
22,0,123
23,0,221
24,0,698
25,0,973
26,0,790
27,0,635
28,0,972
29,0,115
30,0,901
31,0,164
32,0,880
33,0,829
34,0,981
35,0,527
36,0,547
37,0,987
38,0,155
39,0,241
40,0,888
41,0,934
42,0,787
43,0,214
44,0,528
45,0,375
46,0,349
47,0,831
48,0,771
49,0,666
50,0,54
51,0,12
52,0,333
53,0,228
54,0,816
55,0,637
56,0,581
57,0,272
58,0,99
59,0,959
60,0,212
61,0,213
62,0,131
63,0,687
64,0,622
65,0,915
66,0,381
67,0,459
68,0,517
69,0,770
70,0,127
71,0,579
72,0,689
73,0,371
74,0,449
75,0,149
76,0,418
77,0,220
78,0,955
79,0,573
80,0,183
81,0,194
82,0,542
83,0,780
84,0,728
85,0,805
86,0,191
87,0,327
88,0,469
89,0,961
90,0,42
91,0,817
92,0,250
93,0,309
94,0,266
95,0,843
96,0,363
97,0,988
98,0,911
99,0,534
100,0,740
101,0,463
102,0,767
103,0,308
104,0,872
105,0,623
106,0,225
107,0,342
108,0,801
109,0,414
110,0,893
111,0,460
112,0,562
113,0,810
114,0,748
115,0,546
116,0,355
117,0,563
118,0,707
119,0,552
120,0,755
121,0,567
122,0,163
123,0,916
124,0,288
125,0,565
126,0,251
127,0,46
128,0,960
129,0,286
130,0,22
131,0,969
132,0,317
133,0,386
134,0,782
135,0,616
136,0,1020
137,0,202
138,0,89
139,0,941
140,0,200
141,0,1021
142,0,255
143,0,210
144,0,174
145,0,1017
146,0,514
147,0,254
148,0,204
149,0,373
150,0,315
151,0,483
152,0,367
153,0,794
154,0,594
155,0,75
156,0,673
157,0,723
158,0,835
159,0,505
160,0,499
161,0,891
162,0,758
163,0,291
164,0,443
165,0,492
166,0,523
167,0,558
168,0,211
169,0,868
170,0,653
171,0,695
172,0,477
173,0,401
174,0,560
175,0,493
176,0,353
177,0,867
178,0,716
179,0,124
180,0,976
181,0,796
182,0,376
183,0,21
184,0,331
185,0,235
186,0,730
187,0,121
188,0,710
189,0,877
190,0,102
191,0,476
192,0,785
193,0,352
194,0,587
195,0,744
196,0,69
197,0,809
198,0,994
199,0,399
200,0,884
201,0,274
202,0,538
203,0,108
204,0,720
205,0,101
206,0,423
207,0,356
208,0,627
209,0,380
210,0,170
211,0,665
212,0,265
213,0,87
214,0,508
215,0,23
216,0,1019
217,0,864
218,0,284
219,0,257
220,0,932
221,0,491
222,0,408
223,0,43
224,0,176
225,0,145
226,0,222
227,0,947
228,0,803
229,0,5
230,0,507
231,0,253
232,0,608
233,0,464
234,0,435
235,0,190
236,0,909
237,0,68
238,0,2
239,0,350
240,0,606
241,0,712
242,0,874
243,0,752
244,0,503
245,0,130
246,0,345
247,0,661
248,0,329
249,0,379
250,0,320
251,0,997
252,0,40
253,0,326
254,0,6
255,0,615
256,0,35
257,0,575
258,0,234
259,0,792
260,0,450
261,0,510
262,0,444
263,0,113
264,0,709
265,0,626
266,0,59
267,0,688
268,0,494
269,0,178
270,0,34
271,0,667
272,0,873
273,0,440
274,0,341
275,0,31
276,0,479
277,0,620
278,0,80
279,0,693
280,0,882
281,0,44
282,0,223
283,0,717
284,0,936
285,0,681
286,0,1010
287,0,431
288,0,706
289,0,799
290,0,938
291,0,293
292,0,638
293,0,378
294,0,430
295,0,815
296,0,442
297,0,533
298,0,30
299,0,133
300,0,181
301,0,120
302,0,267
303,0,940
304,0,81
305,0,980
306,0,362
307,0,9
308,0,298
309,0,138
310,0,943
311,0,141
312,0,570
313,0,694
314,0,295
315,0,465
316,0,126
317,0,539
318,0,526
319,0,1004
320,0,201
321,0,158
322,0,377
323,0,714
324,0,105
325,0,305
326,0,322
327,0,841
328,0,338
329,0,70
330,0,680
331,0,735
332,0,965
333,0,1
334,0,1008
335,0,949
336,0,236
337,0,535
338,0,289
339,0,895
340,0,541
341,0,390
342,0,56
343,0,777
344,0,700
345,0,870
346,0,61
347,0,807
348,0,715
349,0,1013
350,0,36
351,0,957
352,0,894
353,0,762
354,0,157
355,0,361
356,0,217
357,0,473
358,0,96
359,0,589
360,0,39
361,0,632
362,0,742
363,0,1014
364,0,208
365,0,1000
366,0,148
367,0,649
368,0,919
369,0,933
370,0,310
371,0,862
372,0,485
373,0,733
374,0,11
375,0,763
376,0,806
377,0,159
378,0,600
379,0,10
380,0,824
381,0,881
382,0,886
383,0,229
384,0,227
385,0,41
386,0,447
387,0,592
388,0,854
389,0,64
390,0,15
391,0,584
392,0,160
393,0,568
394,0,340
395,0,437
396,0,520
397,0,948
398,0,743
399,0,421
0,1,769
1,1,598
2,1,709
3,1,251
4,1,967
5,1,890
6,1,832
7,1,418
8,1,52
9,1,787
10,1,292
11,1,856
12,1,878
13,1,687
14,1,98
15,1,551
16,1,722
17,1,469
18,1,406
19,1,812
20,1,601
21,1,613
22,1,155
23,1,220
24,1,697
25,1,941
26,1,758
27,1,603
28,1,971
29,1,114
30,1,902
31,1,165
32,1,879
33,1,797
34,1,980
35,1,528
36,1,548
37,1,955
38,1,156
39,1,273
40,1,887
41,1,966
42,1,755
43,1,214
44,1,496
45,1,407
46,1,381
47,1,830
48,1,772
49,1,698
50,1,86
51,1,44
52,1,334
53,1,260
54,1,815
55,1,669
56,1,581
57,1,240
58,1,100
59,1,991
60,1,244
61,1,245
62,1,163
63,1,719
64,1,654
65,1,914
66,1,380
67,1,491
68,1,518
69,1,770
70,1,159
71,1,547
72,1,657
73,1,403
74,1,417
75,1,181
76,1,419
77,1,219
78,1,923
79,1,605
80,1,184
81,1,226
82,1,574
83,1,779
84,1,696
85,1,806
86,1,223
87,1,328
88,1,501
89,1,929
90,1,74
91,1,816
92,1,249
93,1,277
94,1,267
95,1,844
96,1,364
97,1,956
98,1,912
99,1,566
100,1,740
101,1,462
102,1,766
103,1,307
104,1,873
105,1,622
106,1,193
107,1,310
108,1,802
109,1,413
110,1,892
111,1,459
112,1,563
113,1,811
114,1,716
115,1,514
116,1,356
117,1,531
118,1,675
119,1,584
120,1,754
121,1,535
122,1,195
123,1,915
124,1,256
125,1,533
126,1,250
127,1,45
128,1,961
129,1,285
130,1,54
131,1,970
132,1,317
133,1,387
134,1,781
135,1,617
136,1,1021
137,1,234
138,1,88
139,1,909
140,1,168
141,1,1022
142,1,287
143,1,178
144,1,174
145,1,985
146,1,515
147,1,253
148,1,172
149,1,341
150,1,316
151,1,483
152,1,368
153,1,795
154,1,562
155,1,76
156,1,641
157,1,723
158,1,867
159,1,504
160,1,467
161,1,859
162,1,757
163,1,290
164,1,442
165,1,460
166,1,524
167,1,557
168,1,210
169,1,900
170,1,621
171,1,663
172,1,476
173,1,400
174,1,559
175,1,525
176,1,321
177,1,868
178,1,717
179,1,123
180,1,944
181,1,828
182,1,375
183,1,22
184,1,330
185,1,236
186,1,762
187,1,89
188,1,678
189,1,845
190,1,103
191,1,475
192,1,784
193,1,353
194,1,586
195,1,776
196,1,101
197,1,810
198,1,962
199,1,367
200,1,852
201,1,306
202,1,537
203,1,140
204,1,688
205,1,133
206,1,423
207,1,324
208,1,595
209,1,379
210,1,171
211,1,666
212,1,264
213,1,87
214,1,507
215,1,55
216,1,1018
217,1,865
218,1,284
219,1,289
220,1,933
221,1,492
222,1,376
223,1,75
224,1,208
225,1,144
226,1,254
227,1,979
228,1,771
229,1,37
230,1,506
231,1,221
232,1,609
233,1,465
234,1,436
235,1,222
236,1,910
237,1,69
238,1,34
239,1,382
240,1,606
241,1,680
242,1,842
243,1,753
244,1,502
245,1,130
246,1,377
247,1,629
248,1,297
249,1,347
250,1,320
251,1,998
252,1,8
253,1,327
254,1,38
255,1,614
256,1,36
257,1,607
258,1,266
259,1,824
260,1,449
261,1,509
262,1,444
263,1,145
264,1,741
265,1,594
266,1,60
267,1,656
268,1,493
269,1,177
270,1,66
271,1,635
272,1,874
273,1,408
274,1,342
275,1,30
276,1,478
277,1,619
278,1,81
279,1,694
280,1,883
281,1,43
282,1,255
283,1,685
284,1,904
285,1,649
286,1,978
287,1,432
288,1,707
289,1,798
290,1,906
291,1,293
292,1,637
293,1,346
294,1,431
295,1,783
296,1,441
297,1,532
298,1,29
299,1,134
300,1,213
301,1,119
302,1,235
303,1,908
304,1,113
305,1,948
306,1,394
307,1,41
308,1,299
309,1,137
310,1,911
311,1,173
312,1,570
313,1,662
314,1,294
315,1,433
316,1,126
317,1,538
318,1,558
319,1,1005
320,1,233
321,1,190
322,1,409
323,1,715
324,1,73
325,1,304
326,1,323
327,1,841
328,1,338
329,1,102
330,1,648
331,1,734
332,1,997
333,1,2
334,1,1009
335,1,949
336,1,204
337,1,534
338,1,288
339,1,894
340,1,573
341,1,422
342,1,56
343,1,745
344,1,699
345,1,870
346,1,62
347,1,808
348,1,683
349,1,1012
350,1,68
351,1,958
352,1,893
353,1,794
354,1,189
355,1,393
356,1,218
357,1,505
358,1,97
359,1,590
360,1,39
361,1,631
362,1,743
363,1,982
364,1,209
365,1,1001
366,1,116
367,1,650
368,1,919
369,1,901
370,1,309
371,1,861
372,1,484
373,1,732
374,1,12
375,1,763
376,1,807
377,1,158
378,1,599
379,1,9
380,1,823
381,1,880
382,1,885
383,1,261
384,1,259
385,1,42
386,1,479
387,1,624
388,1,855
389,1,65
390,1,16
391,1,616
392,1,161
393,1,600
394,1,340
395,1,438
396,1,521
397,1,947
398,1,744
399,1,421
0,2,770
1,2,566
2,2,677
3,2,250
4,2,968
5,2,922
6,2,864
7,2,419
8,2,84
9,2,755
10,2,292
11,2,824
12,2,878
13,2,719
14,2,130
15,2,583
16,2,754
17,2,501
18,2,405
19,2,780
20,2,600
21,2,612
22,2,156
23,2,220
24,2,665
25,2,909
26,2,757
27,2,571
28,2,972
29,2,146
30,2,903
31,2,197
32,2,880
33,2,765
34,2,948
35,2,496
36,2,549
37,2,923
38,2,188
39,2,305
40,2,886
41,2,967
42,2,723
43,2,214
44,2,464
45,2,439
46,2,380
47,2,829
48,2,804
49,2,730
50,2,85
51,2,76
52,2,366
53,2,260
54,2,847
55,2,701
56,2,613
57,2,239
58,2,100
59,2,990
60,2,243
61,2,246
62,2,195
63,2,720
64,2,686
65,2,913
66,2,379
67,2,523
68,2,519
69,2,802
70,2,191
71,2,547
72,2,657
73,2,403
74,2,385
75,2,213
76,2,420
77,2,251
78,2,891
79,2,604
80,2,185
81,2,226
82,2,606
83,2,778
84,2,664
85,2,807
86,2,255
87,2,329
88,2,533
89,2,897
90,2,106
91,2,784
92,2,281
93,2,278
94,2,299
95,2,876
96,2,332
97,2,955
98,2,912
99,2,565
100,2,772
101,2,494
102,2,798
103,2,339
104,2,874
105,2,621
106,2,194
107,2,310
108,2,803
109,2,412
110,2,892
111,2,458
112,2,563
113,2,812
114,2,684
115,2,482
116,2,357
117,2,499
118,2,643
119,2,584
120,2,786
121,2,534
122,2,227
123,2,914
124,2,224
125,2,532
126,2,249
127,2,44
128,2,962
129,2,253
130,2,54
131,2,971
132,2,285
133,2,388
134,2,781
135,2,585
136,2,1020
137,2,266
138,2,87
139,2,910
140,2,136
141,2,1021
142,2,319
143,2,178
144,2,174
145,2,953
146,2,516
147,2,252
148,2,173
149,2,309
150,2,348
151,2,515
152,2,369
153,2,763
154,2,561
155,2,108
156,2,609
157,2,722
158,2,868
159,2,503
160,2,435
161,2,827
162,2,725
163,2,291
164,2,442
165,2,428
166,2,525
167,2,589
168,2,242
169,2,901
170,2,653
171,2,663
172,2,444
173,2,399
174,2,558
175,2,557
176,2,289
177,2,836
178,2,749
179,2,155
180,2,943
181,2,828
182,2,374
183,2,23
184,2,330
185,2,237
186,2,794
187,2,89
188,2,646
189,2,844
190,2,104
191,2,443
192,2,783
193,2,354
194,2,586
195,2,777
196,2,133
197,2,842
198,2,930
199,2,368
200,2,820
201,2,307
202,2,536
203,2,139
204,2,656
205,2,134
206,2,423
207,2,325
208,2,596
209,2,378
210,2,172
211,2,666
212,2,263
213,2,86
214,2,475
215,2,55
216,2,1017
217,2,866
218,2,316
219,2,290
220,2,965
221,2,460
222,2,377
223,2,74
224,2,209
225,2,176
226,2,286
227,2,980
228,2,739
229,2,37
230,2,474
231,2,189
232,2,610
233,2,466
234,2,437
235,2,221
236,2,911
237,2,70
238,2,66
239,2,381
240,2,638
241,2,648
242,2,843
243,2,785
244,2,470
245,2,162
246,2,409
247,2,628
248,2,298
249,2,315
250,2,321
251,2,999
252,2,9
253,2,328
254,2,39
255,2,614
256,2,68
257,2,607
258,2,267
259,2,823
260,2,417
261,2,541
262,2,445
263,2,145
264,2,742
265,2,562
266,2,61
267,2,624
268,2,461
269,2,177
270,2,67
271,2,603
272,2,875
273,2,376
274,2,342
275,2,29
276,2,477
277,2,619
278,2,113
279,2,695
280,2,915
281,2,75
282,2,254
283,2,717
284,2,872
285,2,649
286,2,977
287,2,433
288,2,708
289,2,797
290,2,907
291,2,294
292,2,637
293,2,345
294,2,432
295,2,751
296,2,440
297,2,564
298,2,28
299,2,102
300,2,212
301,2,118
302,2,235
303,2,908
304,2,114
305,2,947
306,2,426
307,2,73
308,2,331
309,2,137
310,2,879
311,2,205
312,2,538
313,2,662
314,2,326
315,2,465
316,2,158
317,2,506
318,2,526
319,2,1006
320,2,265
321,2,222
322,2,441
323,2,683
324,2,105
325,2,272
326,2,324
327,2,841
328,2,306
329,2,101
330,2,616
331,2,733
332,2,998
333,2,3
334,2,1010
335,2,949
336,2,203
337,2,502
338,2,256
339,2,862
340,2,605
341,2,454
342,2,88
343,2,713
344,2,667
345,2,902
346,2,94
347,2,776
348,2,682
349,2,1011
350,2,69
351,2,926
352,2,893
353,2,793
354,2,190
355,2,392
356,2,219
357,2,505
358,2,98
359,2,590
360,2,40
361,2,630
362,2,775
363,2,983
364,2,241
365,2,1002
366,2,115
367,2,618
368,2,887
369,2,869
370,2,277
371,2,861
372,2,483
373,2,700
374,2,13
375,2,762
376,2,808
377,2,157
378,2,631
379,2,41
380,2,822
381,2,848
382,2,884
383,2,293
384,2,259
385,2,43
386,2,511
387,2,625
388,2,856
389,2,65
390,2,48
391,2,617
392,2,161
393,2,599
394,2,341
395,2,406
396,2,489
397,2,946
398,2,712
399,2,422
0,3,771
1,3,534
2,3,678
3,3,249
4,3,1000
5,3,922
6,3,896
7,3,420
8,3,116
9,3,754
10,3,292
11,3,792
12,3,879
13,3,720
14,3,131
15,3,584
16,3,786
17,3,533
18,3,405
19,3,748
20,3,599
21,3,580
22,3,188
23,3,219
24,3,633
25,3,910
26,3,725
27,3,539
28,3,1004
29,3,178
30,3,904
31,3,229
32,3,881
33,3,733
34,3,947
35,3,497
36,3,550
37,3,923
38,3,220
39,3,304
40,3,885
41,3,968
42,3,691
43,3,213
44,3,463
45,3,471
46,3,379
47,3,797
48,3,805
49,3,730
50,3,84
51,3,108
52,3,366
53,3,260
54,3,848
55,3,700
56,3,645
57,3,238
58,3,132
59,3,1022
60,3,242
61,3,246
62,3,227
63,3,752
64,3,686
65,3,913
66,3,378
67,3,555
68,3,520
69,3,803
70,3,223
71,3,515
72,3,656
73,3,404
74,3,353
75,3,245
76,3,421
77,3,250
78,3,859
79,3,603
80,3,186
81,3,226
82,3,605
83,3,746
84,3,632
85,3,808
86,3,287
87,3,330
88,3,532
89,3,865
90,3,106
91,3,783
92,3,280
93,3,279
94,3,331
95,3,877
96,3,333
97,3,954
98,3,880
99,3,597
100,3,772
101,3,493
102,3,798
103,3,371
104,3,875
105,3,653
106,3,195
107,3,278
108,3,804
109,3,444
110,3,891
111,3,490
112,3,564
113,3,813
114,3,652
115,3,450
116,3,325
117,3,467
118,3,642
119,3,585
120,3,785
121,3,535
122,3,259
123,3,882
124,3,225
125,3,531
126,3,217
127,3,43
128,3,930
129,3,252
130,3,54
131,3,972
132,3,253
133,3,388
134,3,780
135,3,553
136,3,1019
137,3,298
138,3,86
139,3,911
140,3,104
141,3,1020
142,3,351
143,3,177
144,3,142
145,3,921
146,3,548
147,3,284
148,3,174
149,3,277
150,3,348
151,3,516
152,3,370
153,3,731
154,3,529
155,3,140
156,3,610
157,3,723
158,3,869
159,3,502
160,3,403
161,3,795
162,3,693
163,3,290
164,3,410
165,3,396
166,3,526
167,3,621
168,3,274
169,3,902
170,3,685
171,3,664
172,3,443
173,3,398
174,3,557
175,3,589
176,3,257
177,3,836
178,3,781
179,3,154
180,3,942
181,3,827
182,3,373
183,3,24
184,3,362
185,3,269
186,3,793
187,3,88
188,3,614
189,3,812
190,3,105
191,3,475
192,3,782
193,3,386
194,3,586
195,3,778
196,3,165
197,3,874
198,3,898
199,3,369
200,3,821
201,3,339
202,3,568
203,3,138
204,3,624
205,3,102
206,3,424
207,3,326
208,3,596
209,3,377
210,3,173
211,3,667
212,3,231
213,3,85
214,3,507
215,3,87
216,3,985
217,3,867
218,3,316
219,3,322
220,3,997
221,3,428
222,3,345
223,3,74
224,3,241
225,3,175
226,3,318
227,3,981
228,3,707
229,3,69
230,3,442
231,3,157
232,3,578
233,3,465
234,3,438
235,3,221
236,3,912
237,3,70
238,3,67
239,3,380
240,3,606
241,3,616
242,3,844
243,3,753
244,3,469
245,3,163
246,3,441
247,3,627
248,3,299
249,3,315
250,3,321
251,3,967
252,3,10
253,3,329
254,3,38
255,3,613
256,3,100
257,3,607
258,3,235
259,3,855
260,3,385
261,3,573
262,3,477
263,3,145
264,3,743
265,3,561
266,3,62
267,3,592
268,3,429
269,3,209
270,3,68
271,3,602
272,3,907
273,3,344
274,3,374
275,3,61
276,3,476
277,3,620
278,3,113
279,3,696
280,3,915
281,3,107
282,3,286
283,3,716
284,3,840
285,3,649
286,3,976
287,3,434
288,3,740
289,3,796
290,3,908
291,3,295
292,3,637
293,3,313
294,3,433
295,3,719
296,3,439
297,3,565
298,3,60
299,3,103
300,3,211
301,3,117
302,3,203
303,3,909
304,3,146
305,3,946
306,3,458
307,3,41
308,3,332
309,3,136
310,3,847
311,3,237
312,3,538
313,3,630
314,3,358
315,3,464
316,3,158
317,3,474
318,3,558
319,3,1007
320,3,266
321,3,254
322,3,473
323,3,651
324,3,73
325,3,240
326,3,324
327,3,842
328,3,305
329,3,133
330,3,617
331,3,701
332,3,999
333,3,35
334,3,1011
335,3,948
336,3,202
337,3,470
338,3,224
339,3,830
340,3,604
341,3,486
342,3,120
343,3,712
344,3,635
345,3,934
346,3,95
347,3,744
348,3,681
349,3,979
350,3,101
351,3,894
352,3,892
353,3,825
354,3,222
355,3,392
356,3,251
357,3,506
358,3,99
359,3,590
360,3,39
361,3,629
362,3,807
363,3,951
364,3,273
365,3,1003
366,3,114
367,3,619
368,3,887
369,3,837
370,3,276
371,3,893
372,3,451
373,3,699
374,3,45
375,3,794
376,3,809
377,3,156
378,3,631
379,3,40
380,3,790
381,3,816
382,3,883
383,3,293
384,3,291
385,3,75
386,3,510
387,3,626
388,3,857
389,3,66
390,3,49
391,3,618
392,3,162
393,3,598
394,3,342
395,3,407
396,3,457
397,3,945
398,3,680
399,3,423
0,4,739
1,4,535
2,4,679
3,4,281
4,4,1001
5,4,923
6,4,928
7,4,421
8,4,148
9,4,753
10,4,324
11,4,760
12,4,879
13,4,721
14,4,131
15,4,583
16,4,786
17,4,532
18,4,404
19,4,716
20,4,598
21,4,579
22,4,220
23,4,219
24,4,632
25,4,911
26,4,693
27,4,539
28,4,972
29,4,177
30,4,905
31,4,261
32,4,849
33,4,732
34,4,946
35,4,465
36,4,551
37,4,891
38,4,252
39,4,303
40,4,884
41,4,1000
42,4,692
43,4,212
44,4,462
45,4,503
46,4,378
47,4,796
48,4,806
49,4,730
50,4,52
51,4,140
52,4,398
53,4,292
54,4,847
55,4,699
56,4,646
57,4,238
58,4,133
59,4,1021
60,4,241
61,4,246
62,4,259
63,4,751
64,4,685
65,4,913
66,4,377
67,4,587
68,4,520
69,4,803
70,4,255
71,4,483
72,4,655
73,4,403
74,4,321
75,4,277
76,4,453
77,4,249
78,4,827
79,4,602
80,4,218
81,4,227
82,4,604
83,4,714
84,4,600
85,4,809
86,4,319
87,4,331
88,4,564
89,4,865
90,4,138
91,4,782
92,4,312
93,4,280
94,4,332
95,4,878
96,4,301
97,4,922
98,4,848
99,4,596
100,4,772
101,4,492
102,4,797
103,4,370
104,4,843
105,4,621
106,4,194
107,4,278
108,4,805
109,4,476
110,4,859
111,4,522
112,4,565
113,4,814
114,4,653
115,4,450
116,4,326
117,4,435
118,4,610
119,4,586
120,4,785
121,4,536
122,4,260
123,4,881
124,4,226
125,4,499
126,4,216
127,4,75
128,4,931
129,4,251
130,4,86
131,4,973
132,4,221
133,4,420
134,4,748
135,4,521
136,4,1018
137,4,330
138,4,85
139,4,912
140,4,104
141,4,1019
142,4,351
143,4,176
144,4,142
145,4,920
146,4,580
147,4,284
148,4,173
149,4,276
150,4,380
151,4,517
152,4,338
153,4,731
154,4,497
155,4,141
156,4,578
157,4,755
158,4,901
159,4,534
160,4,402
161,4,763
162,4,694
163,4,289
164,4,409
165,4,364
166,4,527
167,4,622
168,4,273
169,4,903
170,4,684
171,4,664
172,4,442
173,4,430
174,4,556
175,4,590
176,4,225
177,4,804
178,4,813
179,4,153
180,4,941
181,4,826
182,4,405
183,4,56
184,4,361
185,4,269
186,4,792
187,4,88
188,4,613
189,4,811
190,4,105
191,4,443
192,4,781
193,4,418
194,4,618
195,4,778
196,4,197
197,4,875
198,4,866
199,4,369
200,4,822
201,4,371
202,4,567
203,4,137
204,4,592
205,4,70
206,4,392
207,4,294
208,4,595
209,4,376
210,4,205
211,4,667
212,4,230
213,4,84
214,4,507
215,4,87
216,4,984
217,4,835
218,4,348
219,4,354
220,4,998
221,4,396
222,4,346
223,4,106
224,4,209
225,4,174
226,4,350
227,4,982
228,4,675
229,4,101
230,4,410
231,4,156
232,4,546
233,4,433
234,4,470
235,4,222
236,4,880
237,4,38
238,4,99
239,4,379
240,4,574
241,4,584
242,4,845
243,4,752
244,4,501
245,4,195
246,4,440
247,4,626
248,4,267
249,4,316
250,4,322
251,4,968
252,4,11
253,4,329
254,4,39
255,4,581
256,4,132
257,4,606
258,4,203
259,4,887
260,4,353
261,4,605
262,4,477
263,4,145
264,4,775
265,4,529
266,4,94
267,4,560
268,4,428
269,4,208
270,4,100
271,4,601
272,4,908
273,4,345
274,4,373
275,4,60
276,4,475
277,4,652
278,4,113
279,4,728
280,4,947
281,4,139
282,4,285
283,4,715
284,4,808
285,4,617
286,4,976
287,4,466
288,4,740
289,4,795
290,4,876
291,4,263
292,4,637
293,4,313
294,4,434
295,4,687
296,4,438
297,4,566
298,4,59
299,4,103
300,4,210
301,4,116
302,4,171
303,4,910
304,4,147
305,4,945
306,4,490
307,4,73
308,4,333
309,4,135
310,4,815
311,4,237
312,4,538
313,4,630
314,4,390
315,4,463
316,4,157
317,4,473
318,4,559
319,4,1008
320,4,298
321,4,286
322,4,505
323,4,619
324,4,74
325,4,239
326,4,325
327,4,842
328,4,304
329,4,165
330,4,585
331,4,669
332,4,999
333,4,67
334,4,1012
335,4,948
336,4,201
337,4,469
338,4,224
339,4,831
340,4,603
341,4,487
342,4,119
343,4,711
344,4,635
345,4,966
346,4,127
347,4,712
348,4,680
349,4,978
350,4,102
351,4,862
352,4,892
353,4,824
354,4,254
355,4,393
356,4,283
357,4,506
358,4,98
359,4,558
360,4,40
361,4,628
362,4,839
363,4,919
364,4,305
365,4,1004
366,4,146
367,4,620
368,4,886
369,4,836
370,4,244
371,4,925
372,4,419
373,4,698
374,4,45
375,4,794
376,4,810
377,4,155
378,4,631
379,4,8
380,4,758
381,4,784
382,4,915
383,4,293
384,4,323
385,4,76
386,4,509
387,4,658
388,4,889
389,4,66
390,4,81
391,4,650
392,4,163
393,4,597
394,4,343
395,4,375
396,4,458
397,4,944
398,4,648
399,4,424
0,5,740
1,5,534
2,5,680
3,5,280
4,5,1002
5,5,955
6,5,929
7,5,453
8,5,149
9,5,752
10,5,356
11,5,728
12,5,880
13,5,722
14,5,163
15,5,583
16,5,785
17,5,564
18,5,403
19,5,684
20,5,597
21,5,547
22,5,252
23,5,218
24,5,631
25,5,879
26,5,694
27,5,539
28,5,971
29,5,176
30,5,873
31,5,293
32,5,850
33,5,700
34,5,945
35,5,433
36,5,552
37,5,891
38,5,284
39,5,335
40,5,883
41,5,1001
42,5,693
43,5,211
44,5,461
45,5,535
46,5,377
47,5,795
48,5,807
49,5,730
50,5,51
51,5,141
52,5,430
53,5,324
54,5,847
55,5,698
56,5,647
57,5,237
58,5,165
59,5,1020
60,5,240
61,5,278
62,5,291
63,5,751
64,5,717
65,5,913
66,5,376
67,5,619
68,5,520
69,5,804
70,5,287
71,5,451
72,5,654
73,5,435
74,5,289
75,5,309
76,5,485
77,5,217
78,5,826
79,5,601
80,5,250
81,5,259
82,5,603
83,5,714
84,5,568
85,5,810
86,5,318
87,5,332
88,5,596
89,5,866
90,5,170
91,5,781
92,5,311
93,5,312
94,5,333
95,5,878
96,5,302
97,5,921
98,5,816
99,5,595
100,5,772
101,5,491
102,5,829
103,5,369
104,5,843
105,5,589
106,5,162
107,5,277
108,5,806
109,5,508
110,5,859
111,5,521
112,5,566
113,5,814
114,5,652
115,5,449
116,5,327
117,5,434
118,5,578
119,5,587
120,5,784
121,5,536
122,5,292
123,5,849
124,5,194
125,5,499
126,5,215
127,5,74
128,5,932
129,5,219
130,5,85
131,5,974
132,5,189
133,5,421
134,5,716
135,5,489
136,5,986
137,5,362
138,5,84
139,5,912
140,5,104
141,5,1018
142,5,350
143,5,175
144,5,142
145,5,919
146,5,612
147,5,283
148,5,174
149,5,244
150,5,412
151,5,518
152,5,339
153,5,699
154,5,498
155,5,173
156,5,546
157,5,787
158,5,902
159,5,533
160,5,370
161,5,731
162,5,662
163,5,257
164,5,409
165,5,363
166,5,527
167,5,621
168,5,305
169,5,904
170,5,685
171,5,632
172,5,441
173,5,429
174,5,555
175,5,622
176,5,193
177,5,805
178,5,812
179,5,185
180,5,940
181,5,858
182,5,404
183,5,88
184,5,329
185,5,301
186,5,824
187,5,87
188,5,581
189,5,811
190,5,106
191,5,442
192,5,780
193,5,450
194,5,617
195,5,779
196,5,229
197,5,907
198,5,867
199,5,368
200,5,790
201,5,371
202,5,599
203,5,136
204,5,560
205,5,70
206,5,393
207,5,295
208,5,563
209,5,408
210,5,205
211,5,667
212,5,230
213,5,52
214,5,475
215,5,86
216,5,984
217,5,803
218,5,380
219,5,386
220,5,999
221,5,364
222,5,347
223,5,138
224,5,241
225,5,206
226,5,382
227,5,983
228,5,643
229,5,133
230,5,410
231,5,124
232,5,514
233,5,401
234,5,502
235,5,221
236,5,848
237,5,37
238,5,131
239,5,378
240,5,542
241,5,584
242,5,813
243,5,720
244,5,501
245,5,227
246,5,472
247,5,594
248,5,235
249,5,317
250,5,323
251,5,969
252,5,12
253,5,330
254,5,38
255,5,549
256,5,164
257,5,605
258,5,202
259,5,886
260,5,321
261,5,604
262,5,509
263,5,144
264,5,775
265,5,497
266,5,126
267,5,528
268,5,396
269,5,208
270,5,132
271,5,600
272,5,909
273,5,346
274,5,405
275,5,59
276,5,443
277,5,651
278,5,113
279,5,727
280,5,948
281,5,171
282,5,253
283,5,747
284,5,776
285,5,585
286,5,976
287,5,467
288,5,708
289,5,827
290,5,844
291,5,231
292,5,638
293,5,281
294,5,466
295,5,688
296,5,437
297,5,567
298,5,91
299,5,135
300,5,209
301,5,148
302,5,172
303,5,911
304,5,147
305,5,944
306,5,522
307,5,105
308,5,334
309,5,167
310,5,815
311,5,269
312,5,506
313,5,598
314,5,422
315,5,462
316,5,156
317,5,473
318,5,559
319,5,1009
320,5,299
321,5,286
322,5,504
323,5,620
324,5,73
325,5,238
326,5,326
327,5,842
328,5,272
329,5,197
330,5,553
331,5,637
332,5,1000
333,5,99
334,5,1013
335,5,916
336,5,200
337,5,469
338,5,225
339,5,799
340,5,602
341,5,519
342,5,118
343,5,679
344,5,635
345,5,967
346,5,159
347,5,713
348,5,712
349,5,977
350,5,103
351,5,830
352,5,892
353,5,823
354,5,254
355,5,361
356,5,315
357,5,507
358,5,130
359,5,526
360,5,39
361,5,627
362,5,838
363,5,887
364,5,306
365,5,1005
366,5,145
367,5,588
368,5,854
369,5,835
370,5,212
371,5,924
372,5,387
373,5,697
374,5,45
375,5,794
376,5,778
377,5,154
378,5,630
379,5,40
380,5,757
381,5,783
382,5,947
383,5,325
384,5,355
385,5,108
386,5,541
387,5,690
388,5,890
389,5,98
390,5,81
391,5,682
392,5,195
393,5,629
394,5,344
395,5,343
396,5,459
397,5,943
398,5,616
399,5,392
0,6,708
1,6,502
2,6,680
3,6,279
4,6,1003
5,6,955
6,6,930
7,6,485
8,6,181
9,6,720
10,6,388
11,6,696
12,6,848
13,6,754
14,6,195
15,6,583
16,6,785
17,6,563
18,6,402
19,6,685
20,6,596
21,6,515
22,6,284
23,6,217
24,6,631
25,6,880
26,6,695
27,6,571
28,6,971
29,6,208
30,6,874
31,6,325
32,6,882
33,6,668
34,6,944
35,6,401
36,6,520
37,6,859
38,6,316
39,6,367
40,6,915
41,6,1002
42,6,694
43,6,210
44,6,429
45,6,567
46,6,409
47,6,763
48,6,808
49,6,731
50,6,52
51,6,173
52,6,462
53,6,356
54,6,847
55,6,730
56,6,648
57,6,236
58,6,166
59,6,1019
60,6,272
61,6,310
62,6,323
63,6,751
64,6,749
65,6,945
66,6,375
67,6,651
68,6,521
69,6,805
70,6,319
71,6,451
72,6,686
73,6,435
74,6,257
75,6,341
76,6,517
77,6,216
78,6,825
79,6,600
80,6,251
81,6,291
82,6,602
83,6,713
84,6,536
85,6,811
86,6,350
87,6,333
88,6,628
89,6,834
90,6,202
91,6,780
92,6,343
93,6,313
94,6,334
95,6,878
96,6,303
97,6,889
98,6,784
99,6,594
100,6,804
101,6,523
102,6,828
103,6,368
104,6,844
105,6,621
106,6,194
107,6,245
108,6,807
109,6,507
110,6,827
111,6,489
112,6,534
113,6,815
114,6,652
115,6,450
116,6,328
117,6,434
118,6,546
119,6,588
120,6,783
121,6,535
122,6,292
123,6,817
124,6,226
125,6,498
126,6,183
127,6,106
128,6,900
129,6,218
130,6,84
131,6,974
132,6,157
133,6,453
134,6,684
135,6,490
136,6,954
137,6,394
138,6,116
139,6,912
140,6,105
141,6,1017
142,6,382
143,6,176
144,6,141
145,6,887
146,6,613
147,6,283
148,6,175
149,6,243
150,6,444
151,6,550
152,6,339
153,6,667
154,6,466
155,6,174
156,6,547
157,6,788
158,6,903
159,6,565
160,6,370
161,6,699
162,6,630
163,6,225
164,6,408
165,6,363
166,6,527
167,6,620
168,6,304
169,6,872
170,6,653
171,6,632
172,6,440
173,6,428
174,6,587
175,6,654
176,6,161
177,6,806
178,6,813
179,6,184
180,6,972
181,6,890
182,6,403
183,6,120
184,6,297
185,6,302
186,6,823
187,6,86
188,6,580
189,6,843
190,6,107
191,6,441
192,6,748
193,6,482
194,6,649
195,6,747
196,6,261
197,6,908
198,6,868
199,6,336
200,6,758
201,6,371
202,6,598
203,6,135
204,6,528
205,6,70
206,6,361
207,6,263
208,6,531
209,6,376
210,6,204
211,6,666
212,6,230
213,6,20
214,6,443
215,6,85
216,6,985
217,6,771
218,6,380
219,6,418
220,6,1000
221,6,332
222,6,379
223,6,170
224,6,241
225,6,205
226,6,381
227,6,984
228,6,642
229,6,165
230,6,378
231,6,92
232,6,513
233,6,369
234,6,470
235,6,220
236,6,849
237,6,36
238,6,163
239,6,377
240,6,541
241,6,584
242,6,814
243,6,721
244,6,533
245,6,259
246,6,504
247,6,562
248,6,235
249,6,317
250,6,324
251,6,970
252,6,13
253,6,330
254,6,37
255,6,548
256,6,164
257,6,604
258,6,201
259,6,885
260,6,289
261,6,603
262,6,509
263,6,145
264,6,776
265,6,465
266,6,127
267,6,496
268,6,364
269,6,240
270,6,133
271,6,568
272,6,910
273,6,346
274,6,404
275,6,91
276,6,442
277,6,650
278,6,113
279,6,728
280,6,949
281,6,203
282,6,252
283,6,746
284,6,744
285,6,585
286,6,976
287,6,468
288,6,709
289,6,826
290,6,812
291,6,231
292,6,606
293,6,280
294,6,467
295,6,689
296,6,436
297,6,599
298,6,123
299,6,103
300,6,209
301,6,147
302,6,171
303,6,879
304,6,146
305,6,943
306,6,554
307,6,137
308,6,335
309,6,167
310,6,816
311,6,301
312,6,474
313,6,566
314,6,454
315,6,461
316,6,155
317,6,472
318,6,560
319,6,1010
320,6,331
321,6,318
322,6,503
323,6,619
324,6,41
325,6,237
326,6,327
327,6,842
328,6,273
329,6,229
330,6,553
331,6,638
332,6,1001
333,6,131
334,6,1014
335,6,948
336,6,199
337,6,437
338,6,193
339,6,767
340,6,601
341,6,551
342,6,117
343,6,647
344,6,635
345,6,968
346,6,191
347,6,681
348,6,711
349,6,977
350,6,104
351,6,798
352,6,891
353,6,822
354,6,286
355,6,329
356,6,347
357,6,539
358,6,162
359,6,526
360,6,38
361,6,595
362,6,870
363,6,855
364,6,338
365,6,1006
366,6,177
367,6,556
368,6,854
369,6,803
370,6,211
371,6,923
372,6,419
373,6,665
374,6,45
375,6,794
376,6,779
377,6,153
378,6,629
379,6,39
380,6,725
381,6,782
382,6,946
383,6,357
384,6,387
385,6,109
386,6,540
387,6,691
388,6,922
389,6,99
390,6,81
391,6,714
392,6,227
393,6,597
394,6,345
395,6,344
396,6,460
397,6,942
398,6,617
399,6,393
0,7,709
1,7,470
2,7,681
3,7,311
4,7,1004
5,7,954
6,7,931
7,7,486
8,7,213
9,7,688
10,7,420
11,7,664
12,7,848
13,7,786
14,7,227
15,7,584
16,7,785
17,7,562
18,7,401
19,7,686
20,7,595
21,7,483
22,7,284
23,7,216
24,7,630
25,7,881
26,7,663
27,7,571
28,7,972
29,7,207
30,7,842
31,7,357
32,7,914
33,7,667
34,7,943
35,7,369
36,7,521
37,7,859
38,7,316
39,7,399
40,7,947
41,7,1003
42,7,695
43,7,210
44,7,428
45,7,568
46,7,409
47,7,731
48,7,809
49,7,732
50,7,52
51,7,205
52,7,494
53,7,356
54,7,847
55,7,762
56,7,680
57,7,235
58,7,167
59,7,1018
60,7,304
61,7,310
62,7,324
63,7,751
64,7,749
65,7,944
66,7,374
67,7,683
68,7,522
69,7,806
70,7,318
71,7,419
72,7,654
73,7,467
74,7,225
75,7,342
76,7,518
77,7,215
78,7,824
79,7,599
80,7,252
81,7,323
82,7,601
83,7,712
84,7,504
85,7,812
86,7,382
87,7,334
88,7,627
89,7,802
90,7,234
91,7,748
92,7,375
93,7,281
94,7,366
95,7,878
96,7,335
97,7,888
98,7,752
99,7,594
100,7,805
101,7,555
102,7,827
103,7,400
104,7,845
105,7,621
106,7,194
107,7,244
108,7,808
109,7,539
110,7,795
111,7,489
112,7,534
113,7,783
114,7,684
115,7,482
116,7,329
117,7,434
118,7,545
119,7,589
120,7,782
121,7,535
122,7,292
123,7,816
124,7,226
125,7,497
126,7,151
127,7,138
128,7,901
129,7,217
130,7,116
131,7,1006
132,7,156
133,7,485
134,7,685
135,7,458
136,7,922
137,7,426
138,7,115
139,7,880
140,7,106
141,7,985
142,7,414
143,7,177
144,7,173
145,7,855
146,7,645
147,7,251
148,7,176
149,7,242
150,7,476
151,7,550
152,7,371
153,7,635
154,7,466
155,7,175
156,7,515
157,7,820
158,7,904
159,7,564
160,7,338
161,7,699
162,7,598
163,7,193
164,7,407
165,7,331
166,7,528
167,7,652
168,7,336
169,7,873
170,7,653
171,7,632
172,7,439
173,7,396
174,7,619
175,7,655
176,7,129
177,7,807
178,7,813
179,7,183
180,7,940
181,7,889
182,7,402
183,7,120
184,7,265
185,7,303
186,7,822
187,7,54
188,7,579
189,7,811
190,7,108
191,7,440
192,7,716
193,7,514
194,7,648
195,7,746
196,7,293
197,7,909
198,7,836
199,7,368
200,7,757
201,7,403
202,7,597
203,7,134
204,7,496
205,7,70
206,7,393
207,7,295
208,7,532
209,7,408
210,7,172
211,7,666
212,7,229
213,7,19
214,7,442
215,7,84
216,7,984
217,7,772
218,7,379
219,7,450
220,7,1001
221,7,364
222,7,347
223,7,170
224,7,273
225,7,237
226,7,380
227,7,952
228,7,610
229,7,197
230,7,378
231,7,60
232,7,481
233,7,370
234,7,471
235,7,219
236,7,817
237,7,68
238,7,195
239,7,376
240,7,509
241,7,585
242,7,815
243,7,753
244,7,533
245,7,260
246,7,503
247,7,561
248,7,203
249,7,317
250,7,325
251,7,971
252,7,14
253,7,330
254,7,36
255,7,547
256,7,165
257,7,604
258,7,200
259,7,884
260,7,257
261,7,602
262,7,510
263,7,145
264,7,777
265,7,433
266,7,127
267,7,464
268,7,363
269,7,241
270,7,133
271,7,536
272,7,911
273,7,346
274,7,404
275,7,123
276,7,441
277,7,649
278,7,113
279,7,760
280,7,981
281,7,202
282,7,220
283,7,778
284,7,743
285,7,553
286,7,976
287,7,469
288,7,710
289,7,825
290,7,780
291,7,263
292,7,605
293,7,279
294,7,468
295,7,690
296,7,435
297,7,567
298,7,122
299,7,102
300,7,208
301,7,146
302,7,139
303,7,879
304,7,178
305,7,942
306,7,586
307,7,136
308,7,367
309,7,135
310,7,784
311,7,333
312,7,474
313,7,566
314,7,454
315,7,493
316,7,154
317,7,472
318,7,560
319,7,1011
320,7,332
321,7,350
322,7,502
323,7,620
324,7,9
325,7,236
326,7,328
327,7,843
328,7,272
329,7,261
330,7,554
331,7,606
332,7,1002
333,7,163
334,7,982
335,7,948
336,7,231
337,7,405
338,7,161
339,7,735
340,7,600
341,7,583
342,7,117
343,7,615
344,7,603
345,7,969
346,7,223
347,7,682
348,7,711
349,7,977
350,7,105
351,7,766
352,7,891
353,7,790
354,7,286
355,7,361
356,7,348
357,7,540
358,7,162
359,7,527
360,7,37
361,7,563
362,7,902
363,7,823
364,7,339
365,7,1007
366,7,209
367,7,524
368,7,854
369,7,771
370,7,211
371,7,923
372,7,387
373,7,633
374,7,45
375,7,826
376,7,747
377,7,121
378,7,661
379,7,38
380,7,693
381,7,781
382,7,945
383,7,358
384,7,388
385,7,110
386,7,508
387,7,692
388,7,890
389,7,131
390,7,81
391,7,715
392,7,259
393,7,596
394,7,377
395,7,345
396,7,460
397,7,941
398,7,618
399,7,392
0,8,677
1,8,470
2,8,682
3,8,343
4,8,1005
5,8,954
6,8,932
7,8,518
8,8,245
9,8,656
10,8,421
11,8,632
12,8,816
13,8,786
14,8,259
15,8,585
16,8,784
17,8,561
18,8,400
19,8,654
20,8,594
21,8,451
22,8,316
23,8,184
24,8,629
25,8,849
26,8,664
27,8,539
28,8,940
29,8,175
30,8,843
31,8,358
32,8,915
33,8,635
34,8,942
35,8,370
36,8,522
37,8,827
38,8,348
39,8,431
40,8,946
41,8,1004
42,8,696
43,8,209
44,8,396
45,8,600
46,8,441
47,8,699
48,8,810
49,8,733
50,8,20
51,8,237
52,8,526
53,8,388
54,8,879
55,8,794
56,8,681
57,8,267
58,8,168
59,8,1017
60,8,336
61,8,311
62,8,356
63,8,751
64,8,749
65,8,943
66,8,373
67,8,684
68,8,523
69,8,807
70,8,350
71,8,419
72,8,653
73,8,499
74,8,193
75,8,374
76,8,550
77,8,214
78,8,792
79,8,598
80,8,284
81,8,355
82,8,601
83,8,711
84,8,472
85,8,813
86,8,381
87,8,335
88,8,659
89,8,770
90,8,266
91,8,716
92,8,407
93,8,249
94,8,367
95,8,878
96,8,303
97,8,887
98,8,720
99,8,562
100,8,837
101,8,556
102,8,826
103,8,432
104,8,844
105,8,620
106,8,226
107,8,243
108,8,776
109,8,538
110,8,763
111,8,489
112,8,535
113,8,782
114,8,652
115,8,481
116,8,330
117,8,402
118,8,513
119,8,590
120,8,781
121,8,536
122,8,324
123,8,815
124,8,225
125,8,465
126,8,150
127,8,170
128,8,902
129,8,216
130,8,115
131,8,1007
132,8,155
133,8,517
134,8,685
135,8,490
136,8,921
137,8,458
138,8,147
139,8,848
140,8,74
141,8,953
142,8,413
143,8,177
144,8,174
145,8,823
146,8,646
147,8,219
148,8,144
149,8,210
150,8,476
151,8,549
152,8,403
153,8,603
154,8,466
155,8,176
156,8,483
157,8,820
158,8,905
159,8,564
160,8,306
161,8,667
162,8,566
163,8,161
164,8,406
165,8,299
166,8,496
167,8,651
168,8,368
169,8,874
170,8,621
171,8,631
172,8,438
173,8,364
174,8,587
175,8,687
176,8,97
177,8,808
178,8,845
179,8,215
180,8,939
181,8,888
182,8,401
183,8,119
184,8,264
185,8,304
186,8,821
187,8,22
188,8,579
189,8,811
190,8,140
191,8,439
192,8,717
193,8,546
194,8,647
195,8,778
196,8,325
197,8,910
198,8,804
199,8,369
200,8,725
201,8,435
202,8,596
203,8,166
204,8,464
205,8,38
206,8,394
207,8,263
208,8,533
209,8,409
210,8,173
211,8,666
212,8,261
213,8,51
214,8,442
215,8,52
216,8,1016
217,8,772
218,8,378
219,8,482
220,8,1002
221,8,363
222,8,315
223,8,202
224,8,305
225,8,236
226,8,412
227,8,984
228,8,578
229,8,229
230,8,346
231,8,59
232,8,449
233,8,371
234,8,503
235,8,220
236,8,785
237,8,36
238,8,227
239,8,408
240,8,508
241,8,586
242,8,783
243,8,754
244,8,501
245,8,292
246,8,502
247,8,560
248,8,204
249,8,317
250,8,326
251,8,972
252,8,46
253,8,331
254,8,35
255,8,547
256,8,197
257,8,604
258,8,199
259,8,916
260,8,257
261,8,602
262,8,509
263,8,146
264,8,809
265,8,433
266,8,127
267,8,463
268,8,362
269,8,273
270,8,165
271,8,568
272,8,912
273,8,347
274,8,404
275,8,122
276,8,440
277,8,648
278,8,145
279,8,760
280,8,982
281,8,234
282,8,188
283,8,779
284,8,743
285,8,521
286,8,976
287,8,437
288,8,742
289,8,824
290,8,748
291,8,231
292,8,605
293,8,278
294,8,469
295,8,691
296,8,434
297,8,567
298,8,121
299,8,70
300,8,207
301,8,178
302,8,107
303,8,880
304,8,179
305,8,941
306,8,618
307,8,135
308,8,399
309,8,167
310,8,752
311,8,334
312,8,474
313,8,565
314,8,486
315,8,493
316,8,153
317,8,471
318,8,528
319,8,1012
320,8,333
321,8,382
322,8,534
323,8,588
324,8,8
325,8,235
326,8,329
327,8,875
328,8,240
329,8,293
330,8,555
331,8,574
332,8,1003
333,8,195
334,8,983
335,8,947
336,8,230
337,8,405
338,8,129
339,8,735
340,8,599
341,8,615
342,8,116
343,8,614
344,8,571
345,8,1001
346,8,255
347,8,683
348,8,710
349,8,977
350,8,106
351,8,734
352,8,890
353,8,758
354,8,318
355,8,361
356,8,380
357,8,541
358,8,194
359,8,527
360,8,69
361,8,563
362,8,934
363,8,791
364,8,340
365,8,1008
366,8,241
367,8,525
368,8,822
369,8,739
370,8,211
371,8,922
372,8,387
373,8,633
374,8,45
375,8,858
376,8,746
377,8,120
378,8,660
379,8,37
380,8,661
381,8,780
382,8,944
383,8,390
384,8,420
385,8,142
386,8,507
387,8,693
388,8,889
389,8,163
390,8,113
391,8,747
392,8,291
393,8,628
394,8,377
395,8,345
396,8,428
397,8,909
398,8,619
399,8,393
0,9,677
1,9,438
2,9,683
3,9,375
4,9,1006
5,9,954
6,9,933
7,9,550
8,9,277
9,9,624
10,9,453
11,9,600
12,9,815
13,9,787
14,9,260
15,9,617
16,9,785
17,9,562
18,9,399
19,9,622
20,9,626
21,9,483
22,9,348
23,9,216
24,9,629
25,9,817
26,9,664
27,9,507
28,9,972
29,9,175
30,9,844
31,9,390
32,9,947
33,9,603
34,9,941
35,9,338
36,9,523
37,9,795
38,9,347
39,9,463
40,9,945
41,9,1005
42,9,697
43,9,208
44,9,364
45,9,599
46,9,473
47,9,667
48,9,811
49,9,765
50,9,52
51,9,269
52,9,558
53,9,420
54,9,878
55,9,826
56,9,682
57,9,266
58,9,200
59,9,985
60,9,335
61,9,343
62,9,388
63,9,751
64,9,749
65,9,942
66,9,373
67,9,716
68,9,524
69,9,808
70,9,349
71,9,451
72,9,654
73,9,499
74,9,161
75,9,342
76,9,551
77,9,213
78,9,791
79,9,597
80,9,316
81,9,387
82,9,633
83,9,679
84,9,440
85,9,781
86,9,413
87,9,303
88,9,691
89,9,738
90,9,298
91,9,715
92,9,406
93,9,250
94,9,368
95,9,877
96,9,304
97,9,886
98,9,688
99,9,563
100,9,869
101,9,588
102,9,825
103,9,464
104,9,812
105,9,652
106,9,225
107,9,242
108,9,744
109,9,537
110,9,731
111,9,457
112,9,503
113,9,814
114,9,651
115,9,449
116,9,331
117,9,370
118,9,481
119,9,590
120,9,780
121,9,536
122,9,356
123,9,783
124,9,193
125,9,466
126,9,149
127,9,170
128,9,903
129,9,215
130,9,147
131,9,1008
132,9,154
133,9,518
134,9,653
135,9,491
136,9,889
137,9,490
138,9,179
139,9,816
140,9,42
141,9,921
142,9,445
143,9,145
144,9,142
145,9,822
146,9,678
147,9,218
148,9,176
149,9,209
150,9,477
151,9,549
152,9,435
153,9,571
154,9,434
155,9,177
156,9,482
157,9,852
158,9,906
159,9,596
160,9,305
161,9,635
162,9,567
163,9,129
164,9,374
165,9,267
166,9,497
167,9,650
168,9,400
169,9,842
170,9,621
171,9,631
172,9,437
173,9,363
174,9,586
175,9,719
176,9,65
177,9,809
178,9,845
179,9,214
180,9,971
181,9,920
182,9,401
183,9,151
184,9,263
185,9,336
186,9,820
187,9,21
188,9,547
189,9,843
190,9,172
191,9,471
192,9,685
193,9,578
194,9,646
195,9,810
196,9,326
197,9,910
198,9,805
199,9,369
200,9,693
201,9,467
202,9,628
203,9,165
204,9,465
205,9,39
206,9,393
207,9,231
208,9,565
209,9,441
210,9,174
211,9,666
212,9,293
213,9,50
214,9,442
215,9,51
216,9,1016
217,9,772
218,9,410
219,9,514
220,9,1003
221,9,362
222,9,283
223,9,202
224,9,273
225,9,235
226,9,444
227,9,984
228,9,579
229,9,261
230,9,378
231,9,27
232,9,417
233,9,339
234,9,502
235,9,219
236,9,753
237,9,4
238,9,259
239,9,407
240,9,476
241,9,554
242,9,784
243,9,786
244,9,469
245,9,324
246,9,501
247,9,559
248,9,205
249,9,318
250,9,327
251,9,973
252,9,78
253,9,332
254,9,35
255,9,546
256,9,229
257,9,604
258,9,167
259,9,948
260,9,257
261,9,601
262,9,541
263,9,146
264,9,841
265,9,432
266,9,127
267,9,462
268,9,394
269,9,274
270,9,197
271,9,568
272,9,880
273,9,315
274,9,403
275,9,122
276,9,439
277,9,616
278,9,144
279,9,760
280,9,983
281,9,233
282,9,187
283,9,778
284,9,711
285,9,489
286,9,944
287,9,405
288,9,743
289,9,792
290,9,748
291,9,199
292,9,605
293,9,246
294,9,470
295,9,692
296,9,433
297,9,535
298,9,153
299,9,38
300,9,206
301,9,210
302,9,75
303,9,848
304,9,178
305,9,909
306,9,619
307,9,134
308,9,367
309,9,166
310,9,720
311,9,366
312,9,474
313,9,566
314,9,487
315,9,525
316,9,185
317,9,472
318,9,560
319,9,1013
320,9,334
321,9,414
322,9,533
323,9,589
324,9,8
325,9,234
326,9,330
327,9,876
328,9,239
329,9,325
330,9,556
331,9,542
332,9,1004
333,9,227
334,9,951
335,9,946
336,9,230
337,9,404
338,9,97
339,9,734
340,9,598
341,9,647
342,9,115
343,9,613
344,9,539
345,9,1002
346,9,287
347,9,684
348,9,709
349,9,976
350,9,107
351,9,733
352,9,891
353,9,757
354,9,350
355,9,329
356,9,412
357,9,573
358,9,226
359,9,528
360,9,101
361,9,531
362,9,966
363,9,790
364,9,341
365,9,1009
366,9,240
367,9,526
368,9,821
369,9,707
370,9,211
371,9,922
372,9,419
373,9,632
374,9,45
375,9,858
376,9,746
377,9,119
378,9,659
379,9,36
380,9,660
381,9,779
382,9,943
383,9,422
384,9,421
385,9,141
386,9,506
387,9,694
388,9,890
389,9,195
390,9,114
391,9,747
392,9,323
393,9,627
394,9,409
395,9,346
396,9,396
397,9,908
398,9,620
399,9,361
0,10,677
1,10,439
2,10,684
3,10,374
4,10,1007
5,10,954
6,10,965
7,10,551
8,10,278
9,10,592
10,10,485
11,10,568
12,10,783
13,10,819
14,10,261
15,10,617
16,10,786
17,10,594
18,10,398
19,10,590
20,10,625
21,10,451
22,10,347
23,10,215
24,10,628
25,10,785
26,10,664
27,10,475
28,10,971
29,10,176
30,10,812
31,10,422
32,10,979
33,10,571
34,10,940
35,10,306
36,10,524
37,10,763
38,10,379
39,10,462
40,10,944
41,10,1006
42,10,665
43,10,207
44,10,363
45,10,631
46,10,473
47,10,635
48,10,811
49,10,766
50,10,84
51,10,301
52,10,557
53,10,421
54,10,878
55,10,858
56,10,682
57,10,298
58,10,201
59,10,953
60,10,367
61,10,375
62,10,420
63,10,751
64,10,750
65,10,941
66,10,405
67,10,717
68,10,525
69,10,808
70,10,348
71,10,450
72,10,654
73,10,531
74,10,129
75,10,343
76,10,583
77,10,212
78,10,790
79,10,596
80,10,316
81,10,419
82,10,633
83,10,678
84,10,408
85,10,749
86,10,445
87,10,304
88,10,723
89,10,739
90,10,330
91,10,683
92,10,438
93,10,250
94,10,369
95,10,877
96,10,305
97,10,885
98,10,656
99,10,562
100,10,870
101,10,587
102,10,824
103,10,463
104,10,813
105,10,651
106,10,193
107,10,241
108,10,712
109,10,505
110,10,699
111,10,489
112,10,504
113,10,815
114,10,619
115,10,448
116,10,332
117,10,338
118,10,449
119,10,558
120,10,779
121,10,537
122,10,357
123,10,782
124,10,161
125,10,466
126,10,117
127,10,202
128,10,904
129,10,214
130,10,179
131,10,1009
132,10,122
133,10,518
134,10,621
135,10,459
136,10,888
137,10,522
138,10,178
139,10,784
140,10,43
141,10,920
142,10,477
143,10,113
144,10,174
145,10,822
146,10,710
147,10,218
148,10,144
149,10,208
150,10,509
151,10,550
152,10,467
153,10,539
154,10,434
155,10,177
156,10,483
157,10,884
158,10,907
159,10,595
160,10,273
161,10,603
162,10,535
163,10,130
164,10,373
165,10,266
166,10,465
167,10,650
168,10,399
169,10,843
170,10,620
171,10,632
172,10,436
173,10,362
174,10,585
175,10,720
176,10,33
177,10,809
178,10,845
179,10,213
180,10,970
181,10,919
182,10,400
183,10,183
184,10,263
185,10,336
186,10,852
187,10,20
188,10,546
189,10,875
190,10,173
191,10,472
192,10,653
193,10,610
194,10,614
195,10,842
196,10,358
197,10,910
198,10,806
199,10,370
200,10,661
201,10,499
202,10,660
203,10,197
204,10,433
205,10,40
206,10,392
207,10,199
208,10,566
209,10,441
210,10,175
211,10,667
212,10,292
213,10,49
214,10,442
215,10,50
216,10,984
217,10,772
218,10,410
219,10,514
220,10,1004
221,10,394
222,10,251
223,10,234
224,10,274
225,10,267
226,10,476
227,10,985
228,10,547
229,10,293
230,10,378
231,10,27
232,10,385
233,10,307
234,10,503
235,10,220
236,10,721
237,10,36
238,10,260
239,10,406
240,10,508
241,10,555
242,10,752
243,10,787
244,10,501
245,10,356
246,10,533
247,10,559
248,10,204
249,10,318
250,10,328
251,10,974
252,10,110
253,10,333
254,10,3
255,10,545
256,10,230
257,10,604
258,10,166
259,10,947
260,10,225
261,10,601
262,10,573
263,10,147
264,10,841
265,10,431
266,10,127
267,10,461
268,10,426
269,10,242
270,10,229
271,10,567
272,10,848
273,10,283
274,10,402
275,10,121
276,10,407
277,10,615
278,10,145
279,10,792
280,10,951
281,10,265
282,10,219
283,10,810
284,10,679
285,10,490
286,10,943
287,10,437
288,10,744
289,10,791
290,10,716
291,10,200
292,10,605
293,10,245
294,10,471
295,10,693
296,10,432
297,10,536
298,10,185
299,10,39
300,10,205
301,10,209
302,10,74
303,10,816
304,10,146
305,10,908
306,10,618
307,10,133
308,10,368
309,10,165
310,10,688
311,10,366
312,10,474
313,10,534
314,10,519
315,10,493
316,10,217
317,10,440
318,10,561
319,10,1014
320,10,335
321,10,413
322,10,565
323,10,589
324,10,8
325,10,233
326,10,331
327,10,844
328,10,238
329,10,326
330,10,556
331,10,510
332,10,1005
333,10,259
334,10,952
335,10,945
336,10,231
337,10,403
338,10,65
339,10,733
340,10,597
341,10,648
342,10,115
343,10,612
344,10,507
345,10,1003
346,10,319
347,10,652
348,10,708
349,10,976
350,10,139
351,10,701
352,10,890
353,10,725
354,10,382
355,10,297
356,10,444
357,10,574
358,10,226
359,10,496
360,10,101
361,10,563
362,10,967
363,10,758
364,10,342
365,10,1010
366,10,272
367,10,527
368,10,820
369,10,675
370,10,210
371,10,921
372,10,418
373,10,600
374,10,45
375,10,859
376,10,747
377,10,118
378,10,691
379,10,35
380,10,659
381,10,778
382,10,942
383,10,454
384,10,453
385,10,142
386,10,538
387,10,695
388,10,922
389,10,227
390,10,114
391,10,748
392,10,322
393,10,626
394,10,409
395,10,346
396,10,364
397,10,876
398,10,588
399,10,329
0,11,677
1,11,438
2,11,652
3,11,373
4,11,1008
5,11,954
6,11,997
7,11,583
8,11,310
9,11,560
10,11,517
11,11,536
12,11,751
13,11,818
14,11,293
15,11,618
16,11,785
17,11,626
18,11,399
19,11,622
20,11,657
21,11,419
22,11,379
23,11,214
24,11,628
25,11,753
26,11,664
27,11,476
28,11,970
29,11,144
30,11,780
31,11,422
32,11,980
33,11,570
34,11,939
35,11,274
36,11,525
37,11,731
38,11,378
39,11,494
40,11,943
41,11,1007
42,11,665
43,11,175
44,11,331
45,11,630
46,11,505
47,11,603
48,11,812
49,11,767
50,11,84
51,11,302
52,11,558
53,11,453
54,11,910
55,11,857
56,11,683
57,11,298
58,11,233
59,11,921
60,11,366
61,11,407
62,11,421
63,11,750
64,11,782
65,11,940
66,11,404
67,11,685
68,11,526
69,11,808
70,11,380
71,11,418
72,11,654
73,11,563
74,11,97
75,11,375
76,11,615
77,11,211
78,11,758
79,11,595
80,11,348
81,11,420
82,11,633
83,11,646
84,11,376
85,11,717
86,11,477
87,11,303
88,11,755
89,11,740
90,11,362
91,11,651
92,11,470
93,11,251
94,11,370
95,11,878
96,11,305
97,11,886
98,11,624
99,11,561
100,11,902
101,11,586
102,11,823
103,11,462
104,11,814
105,11,650
106,11,194
107,11,240
108,11,680
109,11,537
110,11,667
111,11,521
112,11,504
113,11,815
114,11,587
115,11,449
116,11,333
117,11,306
118,11,417
119,11,590
120,11,778
121,11,569
122,11,357
123,11,781
124,11,162
125,11,434
126,11,116
127,11,202
128,11,905
129,11,213
130,11,178
131,11,1010
132,11,121
133,11,518
134,11,621
135,11,458
136,11,887
137,11,554
138,11,210
139,11,752
140,11,44
141,11,888
142,11,509
143,11,114
144,11,173
145,11,822
146,11,742
147,11,217
148,11,145
149,11,207
150,11,541
151,11,550
152,11,468
153,11,539
154,11,402
155,11,209
156,11,451
157,11,885
158,11,908
159,11,594
160,11,272
161,11,571
162,11,503
163,11,98
164,11,341
165,11,265
166,11,465
167,11,682
168,11,431
169,11,843
170,11,588
171,11,631
172,11,435
173,11,363
174,11,584
175,11,721
176,11,1
177,11,810
178,11,877
179,11,212
180,11,1002
181,11,919
182,11,432
183,11,215
184,11,295
185,11,368
186,11,851
187,11,20
188,11,545
189,11,875
190,11,205
191,11,440
192,11,653
193,11,642
194,11,613
195,11,874
196,11,390
197,11,942
198,11,807
199,11,338
200,11,662
201,11,531
202,11,659
203,11,229
204,11,433
205,11,8
206,11,424
207,11,200
208,11,567
209,11,473
210,11,176
211,11,668
212,11,291
213,11,48
214,11,442
215,11,49
216,11,983
217,11,772
218,11,409
219,11,546
220,11,1004
221,11,393
222,11,219
223,11,266
224,11,273
225,11,267
226,11,508
227,11,986
228,11,515
229,11,325
230,11,346
231,11,27
232,11,353
233,11,308
234,11,471
235,11,220
236,11,689
237,11,37
238,11,292
239,11,405
240,11,507
241,11,556
242,11,720
243,11,788
244,11,501
245,11,388
246,11,532
247,11,559
248,11,172
249,11,317
250,11,329
251,11,1006
252,11,109
253,11,301
254,11,4
255,11,513
256,11,231
257,11,604
258,11,134
259,11,946
260,11,226
261,11,600
262,11,573
263,11,148
264,11,809
265,11,430
266,11,127
267,11,460
268,11,394
269,11,241
270,11,261
271,11,599
272,11,816
273,11,284
274,11,401
275,11,153
276,11,406
277,11,614
278,11,177
279,11,793
280,11,951
281,11,264
282,11,218
283,11,842
284,11,678
285,11,490
286,11,911
287,11,469
288,11,745
289,11,790
290,11,684
291,11,201
292,11,605
293,11,244
294,11,472
295,11,694
296,11,464
297,11,535
298,11,184
299,11,40
300,11,204
301,11,208
302,11,42
303,11,784
304,11,147
305,11,876
306,11,619
307,11,165
308,11,369
309,11,197
310,11,688
311,11,398
312,11,474
313,11,533
314,11,551
315,11,493
316,11,185
317,11,439
318,11,529
319,11,982
320,11,336
321,11,445
322,11,597
323,11,557
324,11,9
325,11,234
326,11,332
327,11,845
328,11,206
329,11,358
330,11,524
331,11,478
332,11,1005
333,11,259
334,11,920
335,11,913
336,11,263
337,11,371
338,11,66
339,11,701
340,11,596
341,11,649
342,11,115
343,11,580
344,11,475
345,11,1003
346,11,318
347,11,620
348,11,707
349,11,976
350,11,140
351,11,669
352,11,889
353,11,693
354,11,381
355,11,297
356,11,444
357,11,575
358,11,227
359,11,497
360,11,133
361,11,562
362,11,968
363,11,757
364,11,374
365,11,1011
366,11,304
367,11,528
368,11,819
369,11,674
370,11,242
371,11,922
372,11,386
373,11,632
374,11,45
375,11,827
376,11,748
377,11,117
378,11,723
379,11,67
380,11,627
381,11,777
382,11,974
383,11,486
384,11,454
385,11,174
386,11,538
387,11,696
388,11,890
389,11,228
390,11,146
391,11,749
392,11,354
393,11,658
394,11,441
395,11,347
396,11,364
397,11,844
398,11,589
399,11,330
0,12,678
1,12,406
2,12,620
3,12,373
4,12,1009
5,12,954
6,12,998
7,12,584
8,12,311
9,12,528
10,12,517
11,12,504
12,12,719
13,12,786
14,12,325
15,12,617
16,12,785
17,12,658
18,12,399
19,12,623
20,12,656
21,12,418
22,12,378
23,12,213
24,12,627
25,12,721
26,12,664
27,12,475
28,12,970
29,12,144
30,12,748
31,12,454
32,12,981
33,12,538
34,12,971
35,12,242
36,12,526
37,12,699
38,12,377
39,12,493
40,12,942
41,12,1008
42,12,665
43,12,176
44,12,299
45,12,629
46,12,537
47,12,602
48,12,813
49,12,767
50,12,84
51,12,334
52,12,557
53,12,485
54,12,910
55,12,857
56,12,684
57,12,297
58,12,265
59,12,889
60,12,398
61,12,408
62,12,453
63,12,782
64,12,781
65,12,939
66,12,403
67,12,653
68,12,527
69,12,809
70,12,379
71,12,417
72,12,655
73,12,563
74,12,65
75,12,376
76,12,615
77,12,243
78,12,757
79,12,595
80,12,380
81,12,421
82,12,632
83,12,614
84,12,344
85,12,685
86,12,477
87,12,302
88,12,787
89,12,741
90,12,394
91,12,619
92,12,469
93,12,219
94,12,402
95,12,879
96,12,304
97,12,885
98,12,592
99,12,560
100,12,903
101,12,585
102,12,822
103,12,494
104,12,815
105,12,618
106,12,195
107,12,239
108,12,648
109,12,536
110,12,635
111,12,520
112,12,505
113,12,816
114,12,555
115,12,450
116,12,301
117,12,305
118,12,385
119,12,622
120,12,777
121,12,568
122,12,358
123,12,780
124,12,163
125,12,433
126,12,115
127,12,234
128,12,873
129,12,212
130,12,179
131,12,1011
132,12,120
133,12,519
134,12,621
135,12,426
136,12,886
137,12,586
138,12,178
139,12,720
140,12,45
141,12,856
142,12,541
143,12,113
144,12,174
145,12,790
146,12,743
147,12,249
148,12,146
149,12,206
150,12,542
151,12,550
152,12,468
153,12,539
154,12,434
155,12,241
156,12,419
157,12,884
158,12,909
159,12,594
160,12,240
161,12,570
162,12,471
163,12,98
164,12,340
165,12,264
166,12,465
167,12,714
168,12,463
169,12,843
170,12,589
171,12,599
172,12,435
173,12,363
174,12,616
175,12,722
176,12,2
177,12,811
178,12,878
179,12,211
180,12,1003
181,12,920
182,12,431
183,12,216
184,12,294
185,12,369
186,12,850
187,12,20
188,12,513
189,12,874
190,12,237
191,12,439
192,12,654
193,12,641
194,12,581
195,12,906
196,12,422
197,12,974
198,12,808
199,12,338
200,12,663
201,12,531
202,12,691
203,12,228
204,12,432
205,12,9
206,12,423
207,12,201
208,12,567
209,12,473
210,12,177
211,12,667
212,12,323
213,12,47
214,12,442
215,12,48
216,12,951
217,12,772
218,12,409
219,12,578
220,12,1005
221,12,361
222,12,187
223,12,298
224,12,274
225,12,266
226,12,509
227,12,987
228,12,483
229,12,357
230,12,347
231,12,27
232,12,321
233,12,276
234,12,472
235,12,220
236,12,690
237,12,38
238,12,324
239,12,404
240,12,507
241,12,524
242,12,688
243,12,820
244,12,502
245,12,420
246,12,564
247,12,558
248,12,173
249,12,318
250,12,330
251,12,1007
252,12,141
253,12,269
254,12,5
255,12,481
256,12,199
257,12,603
258,12,102
259,12,945
260,12,194
261,12,600
262,12,605
263,12,149
264,12,810
265,12,429
266,12,127
267,12,428
268,12,393
269,12,273
270,12,293
271,12,598
272,12,784
273,12,252
274,12,400
275,12,185
276,12,405
277,12,613
278,12,209
279,12,794
280,12,919
281,12,263
282,12,218
283,12,841
284,12,646
285,12,458
286,12,943
287,12,437
288,12,746
289,12,758
290,12,652
291,12,202
292,12,604
293,12,244
294,12,440
295,12,662
296,12,464
297,12,535
298,12,183
299,12,8
300,12,203
301,12,207
302,12,41
303,12,752
304,12,148
305,12,844
306,12,587
307,12,197
308,12,370
309,12,229
310,12,689
311,12,430
312,12,474
313,12,501
314,12,583
315,12,461
316,12,217
317,12,438
318,12,561
319,12,983
320,12,368
321,12,445
322,12,596
323,12,525
324,12,10
325,12,233
326,12,333
327,12,845
328,12,205
329,12,390
330,12,492
331,12,478
332,12,1006
333,12,291
334,12,952
335,12,881
336,12,231
337,12,339
338,12,67
339,12,701
340,12,628
341,12,650
342,12,147
343,12,548
344,12,443
345,12,1004
346,12,350
347,12,588
348,12,706
349,12,976
350,12,172
351,12,670
352,12,888
353,12,661
354,12,413
355,12,329
356,12,476
357,12,607
358,12,259
359,12,498
360,12,165
361,12,562
362,12,969
363,12,725
364,12,375
365,12,1012
366,12,303
367,12,529
368,12,818
369,12,642
370,12,210
371,12,922
372,12,387
373,12,631
374,12,77
375,12,826
376,12,749
377,12,116
378,12,755
379,12,99
380,12,626
381,12,745
382,12,973
383,12,518
384,12,486
385,12,175
386,12,506
387,12,697
388,12,891
389,12,260
390,12,114
391,12,750
392,12,386
393,12,657
394,12,441
395,12,348
396,12,332
397,12,812
398,12,590
399,12,331
0,13,679
1,13,374
2,13,621
3,13,405
4,13,1010
5,13,954
6,13,999
7,13,585
8,13,311
9,13,496
10,13,518
11,13,472
12,13,687
13,13,787
14,13,357
15,13,618
16,13,784
17,13,658
18,13,398
19,13,624
20,13,655
21,13,417
22,13,377
23,13,212
24,13,626
25,13,722
26,13,632
27,13,476
28,13,969
29,13,176
30,13,749
31,13,486
32,13,981
33,13,537
34,13,970
35,13,274
36,13,527
37,13,667
38,13,409
39,13,525
40,13,941
41,13,1009
42,13,665
43,13,175
44,13,267
45,13,661
46,13,536
47,13,570
48,13,814
49,13,767
50,13,116
51,13,366
52,13,558
53,13,485
54,13,942
55,13,856
56,13,684
57,13,298
58,13,297
59,13,888
60,13,430
61,13,407
62,13,454
63,13,783
64,13,781
65,13,907
66,13,402
67,13,685
68,13,528
69,13,810
70,13,378
71,13,385
72,13,654
73,13,531
74,13,33
75,13,408
76,13,647
77,13,242
78,13,725
79,13,627
80,13,412
81,13,453
82,13,631
83,13,613
84,13,345
85,13,686
86,13,509
87,13,303
88,13,819
89,13,742
90,13,426
91,13,587
92,13,501
93,13,220
94,13,434
95,13,879
96,13,336
97,13,884
98,13,592
99,13,559
100,13,904
101,13,617
102,13,790
103,13,526
104,13,816
105,13,619
106,13,163
107,13,238
108,13,616
109,13,535
110,13,603
111,13,519
112,13,506
113,13,817
114,13,523
115,13,450
116,13,302
117,13,304
118,13,353
119,13,623
120,13,777
121,13,600
122,13,390
123,13,748
124,13,164
125,13,401
126,13,114
127,13,266
128,13,874
129,13,211
130,13,178
131,13,1012
132,13,88
133,13,551
134,13,589
135,13,458
136,13,885
137,13,586
138,13,177
139,13,688
140,13,45
141,13,824
142,13,542
143,13,113
144,13,142
145,13,758
146,13,744
147,13,249
148,13,147
149,13,205
150,13,574
151,13,549
152,13,468
153,13,539
154,13,435
155,13,273
156,13,387
157,13,852
158,13,910
159,13,562
160,13,239
161,13,538
162,13,439
163,13,98
164,13,340
165,13,263
166,13,433
167,13,746
168,13,462
169,13,844
170,13,557
171,13,567
172,13,467
173,13,363
174,13,615
175,13,754
176,13,3
177,13,779
178,13,878
179,13,210
180,13,1003
181,13,921
182,13,463
183,13,217
184,13,293
185,13,370
186,13,849
187,13,20
188,13,481
189,13,842
190,13,269
191,13,438
192,13,653
193,13,642
194,13,580
195,13,938
196,13,423
197,13,974
198,13,776
199,13,339
200,13,664
201,13,499
202,13,723
203,13,260
204,13,400
205,13,10
206,13,424
207,13,200
208,13,568
209,13,505
210,13,145
211,13,668
212,13,322
213,13,46
214,13,443
215,13,47
216,13,952
217,13,772
218,13,441
219,13,578
220,13,1006
221,13,362
222,13,188
223,13,330
224,13,306
225,13,265
226,13,541
227,13,1019
228,13,451
229,13,358
230,13,315
231,13,27
232,13,320
233,13,244
234,13,471
235,13,221
236,13,691
237,13,39
238,13,356
239,13,403
240,13,507
241,13,492
242,13,689
243,13,821
244,13,502
245,13,421
246,13,563
247,13,590
248,13,174
249,13,318
250,13,331
251,13,1008
252,13,173
253,13,301
254,13,6
255,13,449
256,13,231
257,13,602
258,13,70
259,13,944
260,13,162
261,13,599
262,13,637
263,13,150
264,13,811
265,13,429
266,13,127
267,13,396
268,13,394
269,13,305
270,13,325
271,13,597
272,13,752
273,13,253
274,13,399
275,13,184
276,13,404
277,13,581
278,13,241
279,13,795
280,13,919
281,13,295
282,13,218
283,13,840
284,13,614
285,13,459
286,13,943
287,13,469
288,13,778
289,13,757
290,13,620
291,13,202
292,13,604
293,13,243
294,13,440
295,13,662
296,13,432
297,13,534
298,13,215
299,13,9
300,13,235
301,13,206
302,13,41
303,13,720
304,13,149
305,13,812
306,13,555
307,13,229
308,13,338
309,13,261
310,13,690
311,13,431
312,13,442
313,13,533
314,13,583
315,13,493
316,13,185
317,13,437
318,13,560
319,13,951
320,13,369
321,13,477
322,13,595
323,13,524
324,13,11
325,13,201
326,13,334
327,13,813
328,13,204
329,13,422
330,13,460
331,13,478
332,13,1007
333,13,323
334,13,920
335,13,880
336,13,230
337,13,307
338,13,68
339,13,701
340,13,628
341,13,651
342,13,179
343,13,516
344,13,475
345,13,1005
346,13,382
347,13,556
348,13,738
349,13,976
350,13,172
351,13,638
352,13,887
353,13,660
354,13,445
355,13,361
356,13,508
357,13,639
358,13,291
359,13,498
360,13,197
361,13,561
362,13,1001
363,13,693
364,13,376
365,13,1013
366,13,335
367,13,497
368,13,786
369,13,610
370,13,209
371,13,922
372,13,355
373,13,630
374,13,77
375,13,826
376,13,750
377,13,115
378,13,755
379,13,131
380,13,594
381,13,713
382,13,972
383,13,550
384,13,487
385,13,207
386,13,474
387,13,698
388,13,892
389,13,292
390,13,146
391,13,751
392,13,418
393,13,657
394,13,473
395,13,316
396,13,364
397,13,780
398,13,622
399,13,332
0,14,680
1,14,342
2,14,622
3,14,404
4,14,1011
5,14,954
6,14,1000
7,14,586
8,14,311
9,14,464
10,14,519
11,14,471
12,14,688
13,14,786
14,14,358
15,14,619
16,14,784
17,14,690
18,14,430
19,14,592
20,14,654
21,14,385
22,14,376
23,14,212
24,14,658
25,14,723
26,14,600
27,14,476
28,14,968
29,14,175
30,14,750
31,14,518
32,14,981
33,14,505
34,14,969
35,14,274
36,14,528
37,14,635
38,14,441
39,14,557
40,14,973
41,14,1010
42,14,665
43,14,174
44,14,267
45,14,693
46,14,535
47,14,538
48,14,782
49,14,767
50,14,115
51,14,398
52,14,590
53,14,486
54,14,974
55,14,855
56,14,684
57,14,266
58,14,298
59,14,856
60,14,429
61,14,406
62,14,454
63,14,815
64,14,749
65,14,875
66,14,401
67,14,717
68,14,496
69,14,809
70,14,377
71,14,386
72,14,653
73,14,563
74,14,34
75,14,409
76,14,648
77,14,241
78,14,724
79,14,626
80,14,444
81,14,485
82,14,630
83,14,612
84,14,346
85,14,687
86,14,541
87,14,304
88,14,851
89,14,743
90,14,458
91,14,588
92,14,533
93,14,188
94,14,435
95,14,880
96,14,336
97,14,883
98,14,560
99,14,559
100,14,905
101,14,649
102,14,758
103,14,526
104,14,817
105,14,587
106,14,164
107,14,237
108,14,617
109,14,567
110,14,571
111,14,520
112,14,507
113,14,818
114,14,523
115,14,449
116,14,303
117,14,272
118,14,321
119,14,624
120,14,776
121,14,599
122,14,390
123,14,716
124,14,132
125,14,400
126,14,113
127,14,265
128,14,842
129,14,211
130,14,177
131,14,1013
132,14,87
133,14,552
134,14,621
135,14,457
136,14,884
137,14,618
138,14,209
139,14,656
140,14,44
141,14,823
142,14,574
143,14,81
144,14,141
145,14,757
146,14,745
147,14,250
148,14,148
149,14,204
150,14,575
151,14,550
152,14,469
153,14,539
154,14,436
155,14,305
156,14,387
157,14,820
158,14,911
159,14,562
160,14,207
161,14,537
162,14,407
163,14,98
164,14,341
165,14,295
166,14,433
167,14,778
168,14,461
169,14,812
170,14,558
171,14,568
172,14,466
173,14,331
174,14,647
175,14,754
176,14,4
177,14,747
178,14,878
179,14,210
180,14,1003
181,14,921
182,14,462
183,14,249
184,14,261
185,14,371
186,14,849
187,14,20
188,14,481
189,14,841
190,14,301
191,14,438
192,14,685
193,14,674
194,14,580
195,14,938
196,14,423
197,14,1006
198,14,744
199,14,340
200,14,632
201,14,531
202,14,755
203,14,292
204,14,368
205,14,11
206,14,424
207,14,168
208,14,569
209,14,473
210,14,146
211,14,667
212,14,354
213,14,45
214,14,442
215,14,46
216,14,984
217,14,772
218,14,440
219,14,579
220,14,1007
221,14,363
222,14,156
223,14,362
224,14,338
225,14,264
226,14,573
227,14,1020
228,14,419
229,14,326
230,14,283
231,14,27
232,14,288
233,14,245
234,14,503
235,14,220
236,14,692
237,14,40
238,14,388
239,14,402
240,14,475
241,14,492
242,14,689
243,14,822
244,14,501
245,14,453
246,14,595
247,14,589
248,14,142
249,14,318
250,14,332
251,14,1009
252,14,173
253,14,302
254,14,38
255,14,417
256,14,263
257,14,601
258,14,69
259,14,943
260,14,130
261,14,598
262,14,669
263,14,151
264,14,811
265,14,428
266,14,127
267,14,396
268,14,394
269,14,306
270,14,357
271,14,597
272,14,720
273,14,254
274,14,431
275,14,216
276,14,403
277,14,549
278,14,240
279,14,796
280,14,951
281,14,294
282,14,217
283,14,839
284,14,613
285,14,459
286,14,942
287,14,470
288,14,810
289,14,725
290,14,620
291,14,202
292,14,603
293,14,242
294,14,472
295,14,662
296,14,432
297,14,534
298,14,214
299,14,10
300,14,234
301,14,205
302,14,41
303,14,721
304,14,150
305,14,780
306,14,555
307,14,228
308,14,339
309,14,260
310,14,691
311,14,463
312,14,410
313,14,532
314,14,615
315,14,493
316,14,153
317,14,437
318,14,561
319,14,952
320,14,370
321,14,477
322,14,627
323,14,525
324,14,43
325,14,200
326,14,335
327,14,781
328,14,203
329,14,422
330,14,460
331,14,478
332,14,1008
333,14,355
334,14,888
335,14,848
336,14,230
337,14,307
338,14,68
339,14,701
340,14,596
341,14,652
342,14,178
343,14,515
344,14,443
345,14,1005
346,14,414
347,14,524
348,14,737
349,14,976
350,14,172
351,14,606
352,14,886
353,14,628
354,14,445
355,14,393
356,14,509
357,14,671
358,14,323
359,14,499
360,14,229
361,14,529
362,14,1002
363,14,694
364,14,408
365,14,1014
366,14,367
367,14,465
368,14,785
369,14,578
370,14,208
371,14,922
372,14,356
373,14,629
374,14,77
375,14,826
376,14,751
377,14,114
378,14,787
379,14,163
380,14,594
381,14,712
382,14,971
383,14,551
384,14,487
385,14,206
386,14,506
387,14,730
388,14,892
389,14,293
390,14,147
391,14,752
392,14,450
393,14,657
394,14,474
395,14,284
396,14,364
397,14,748
398,14,623
399,14,333
0,15,648
1,15,310
2,15,622
3,15,404
4,15,1012
5,15,954
6,15,1001
7,15,587
8,15,311
9,15,463
10,15,520
11,15,439
12,15,656
13,15,786
14,15,390
15,15,618
16,15,783
17,15,722
18,15,429
19,15,560
20,15,686
21,15,353
22,15,408
23,15,212
24,15,657
25,15,691
26,15,568
27,15,477
28,15,936
29,15,174
30,15,751
31,15,518
32,15,1013
33,15,473
34,15,968
35,15,274
36,15,496
37,15,603
38,15,409
39,15,589
40,15,972
41,15,1011
42,15,665
43,15,142
44,15,266
45,15,725
46,15,567
47,15,506
48,15,750
49,15,767
50,15,147
51,15,430
52,15,590
53,15,487
54,15,973
55,15,887
56,15,685
57,15,234
58,15,330
59,15,855
60,15,461
61,15,407
62,15,486
63,15,847
64,15,781
65,15,874
66,15,400
67,15,749
68,15,464
69,15,810
70,15,376
71,15,354
72,15,652
73,15,595
74,15,35
75,15,410
76,15,616
77,15,242
78,15,723
79,15,658
80,15,476
81,15,517
82,15,629
83,15,580
84,15,347
85,15,687
86,15,573
87,15,305
88,15,883
89,15,744
90,15,490
91,15,556
92,15,565
93,15,220
94,15,467
95,15,881
96,15,304
97,15,882
98,15,528
99,15,559
100,15,906
101,15,649
102,15,758
103,15,558
104,15,785
105,15,619
106,15,132
107,15,236
108,15,585
109,15,566
110,15,539
111,15,552
112,15,508
113,15,818
114,15,524
115,15,450
116,15,303
117,15,240
118,15,289
119,15,625
120,15,775
121,15,598
122,15,422
123,15,715
124,15,100
125,15,368
126,15,112
127,15,297
128,15,843
129,15,211
130,15,209
131,15,1014
132,15,86
133,15,551
134,15,621
135,15,458
136,15,852
137,15,650
138,15,208
139,15,624
140,15,43
141,15,791
142,15,575
143,15,81
144,15,141
145,15,757
146,15,746
147,15,218
148,15,149
149,15,203
150,15,607
151,15,550
152,15,470
153,15,507
154,15,435
155,15,306
156,15,386
157,15,821
158,15,879
159,15,563
160,15,175
161,15,537
162,15,375
163,15,66
164,15,373
165,15,327
166,15,465
167,15,777
168,15,493
169,15,813
170,15,557
171,15,536
172,15,434
173,15,299
174,15,646
175,15,755
176,15,5
177,15,747
178,15,878
179,15,210
180,15,971
181,15,921
182,15,462
183,15,250
184,15,293
185,15,403
186,15,848
187,15,20
188,15,449
189,15,840
190,15,301
191,15,437
192,15,653
193,15,706
194,15,579
195,15,938
196,15,423
197,15,1007
198,15,745
199,15,308
200,15,632
201,15,531
202,15,787
203,15,291
204,15,336
205,15,12
206,15,424
207,15,136
208,15,570
209,15,474
210,15,146
211,15,667
212,15,355
213,15,44
214,15,441
215,15,45
216,15,983
217,15,772
218,15,472
219,15,578
220,15,1008
221,15,331
222,15,156
223,15,394
224,15,339
225,15,263
226,15,605
227,15,1020
228,15,387
229,15,326
230,15,251
231,15,27
232,15,256
233,15,246
234,15,535
235,15,219
236,15,693
237,15,41
238,15,420
239,15,401
240,15,443
241,15,492
242,15,690
243,15,823
244,15,501
245,15,485
246,15,594
247,15,588
248,15,110
249,15,318
250,15,333
251,15,1010
252,15,205
253,15,302
254,15,39
255,15,385
256,15,295
257,15,600
258,15,37
259,15,942
260,15,98
261,15,630
262,15,668
263,15,119
264,15,812
265,15,396
266,15,127
267,15,364
268,15,426
269,15,338
270,15,358
271,15,597
272,15,688
273,15,222
274,15,432
275,15,215
276,15,402
277,15,548
278,15,241
279,15,797
280,15,951
281,15,294
282,15,216
283,15,838
284,15,612
285,15,459
286,15,941
287,15,502
288,15,842
289,15,724
290,15,620
291,15,170
292,15,602
293,15,243
294,15,504
295,15,662
296,15,433
297,15,534
298,15,213
299,15,11
300,15,233
301,15,204
302,15,42
303,15,721
304,15,151
305,15,748
306,15,555
307,15,260
308,15,340
309,15,292
310,15,692
311,15,431
312,15,378
313,15,533
314,15,647
315,15,494
316,15,121
317,15,436
318,15,561
319,15,920
320,15,371
321,15,509
322,15,659
323,15,526
324,15,75
325,15,168
326,15,335
327,15,782
328,15,202
329,15,454
330,15,428
331,15,478
332,15,1009
333,15,356
334,15,856
335,15,816
336,15,229
337,15,307
338,15,69
339,15,701
340,15,596
341,15,684
342,15,177
343,15,483
344,15,442
345,15,1005
346,15,413
347,15,525
348,15,737
349,15,976
350,15,173
351,15,574
352,15,885
353,15,627
354,15,444
355,15,392
356,15,541
357,15,670
358,15,324
359,15,499
360,15,261
361,15,497
362,15,1003
363,15,695
364,15,440
365,15,982
366,15,399
367,15,466
368,15,784
369,15,546
370,15,207
371,15,922
372,15,357
373,15,628
374,15,77
375,15,826
376,15,752
377,15,113
378,15,819
379,15,195
380,15,562
381,15,711
382,15,970
383,15,583
384,15,519
385,15,238
386,15,505
387,15,762
388,15,892
389,15,325
390,15,148
391,15,753
392,15,482
393,15,689
394,15,475
395,15,285
396,15,363
397,15,716
398,15,623
399,15,334
0,16,649
1,16,278
2,16,590
3,16,404
4,16,1013
5,16,954
6,16,1002
7,16,587
8,16,311
9,16,463
10,16,521
11,16,438
12,16,624
13,16,787
14,16,422
15,16,586
16,16,815
17,16,754
18,16,461
19,16,528
20,16,654
21,16,321
22,16,407
23,16,212
24,16,656
25,16,692
26,16,569
27,16,509
28,16,935
29,16,142
30,16,719
31,16,519
32,16,1014
33,16,472
34,16,936
35,16,274
36,16,496
37,16,571
38,16,441
39,16,621
40,16,971
41,16,1012
42,16,665
43,16,110
44,16,265
45,16,725
46,16,566
47,16,474
48,16,751
49,16,767
50,16,179
51,16,462
52,16,589
53,16,487
54,16,972
55,16,886
56,16,686
57,16,266
58,16,331
59,16,854
60,16,460
61,16,439
62,16,518
63,16,879
64,16,780
65,16,873
66,16,399
67,16,781
68,16,464
69,16,810
70,16,375
71,16,322
72,16,651
73,16,594
74,16,36
75,16,409
76,16,616
77,16,210
78,16,722
79,16,658
80,16,508
81,16,549
82,16,628
83,16,548
84,16,315
85,16,688
86,16,605
87,16,306
88,16,915
89,16,712
90,16,522
91,16,524
92,16,565
93,16,220
94,16,468
95,16,882
96,16,305
97,16,883
98,16,529
99,16,559
100,16,907
101,16,650
102,16,758
103,16,558
104,16,786
105,16,618
106,16,133
107,16,235
108,16,553
109,16,598
110,16,538
111,16,520
112,16,507
113,16,817
114,16,525
115,16,450
116,16,304
117,16,208
118,16,257
119,16,657
120,16,807
121,16,597
122,16,454
123,16,747
124,16,101
125,16,367
126,16,80
127,16,329
128,16,811
129,16,211
130,16,241
131,16,982
132,16,85
133,16,583
134,16,620
135,16,490
136,16,851
137,16,682
138,16,207
139,16,592
140,16,75
141,16,790
142,16,607
143,16,113
144,16,173
145,16,757
146,16,778
147,16,217
148,16,150
149,16,202
150,16,639
151,16,550
152,16,502
153,16,475
154,16,434
155,16,338
156,16,385
157,16,822
158,16,880
159,16,564
160,16,175
161,16,536
162,16,343
163,16,67
164,16,405
165,16,328
166,16,497
167,16,776
168,16,492
169,16,814
170,16,557
171,16,504
172,16,433
173,16,298
174,16,678
175,16,755
176,16,37
177,16,748
178,16,878
179,16,209
180,16,1003
181,16,921
182,16,494
183,16,251
184,16,294
185,16,435
186,16,847
187,16,20
188,16,417
189,16,808
190,16,301
191,16,437
192,16,652
193,16,738
194,16,579
195,16,938
196,16,423
197,16,1008
198,16,713
199,16,309
200,16,600
201,16,563
202,16,819
203,16,323
204,16,336
205,16,13
206,16,424
207,16,168
208,16,570
209,16,473
210,16,147
211,16,667
212,16,354
213,16,43
214,16,440
215,16,77
216,16,951
217,16,772
218,16,471
219,16,610
220,16,1009
221,16,299
222,16,156
223,16,426
224,16,371
225,16,231
226,16,637
227,16,1020
228,16,355
229,16,358
230,16,283
231,16,27
232,16,224
233,16,214
234,16,567
235,16,219
236,16,694
237,16,42
238,16,421
239,16,400
240,16,442
241,16,491
242,16,690
243,16,791
244,16,469
245,16,517
246,16,562
247,16,556
248,16,109
249,16,318
250,16,334
251,16,1011
252,16,237
253,16,302
254,16,40
255,16,353
256,16,327
257,16,599
258,16,38
259,16,941
260,16,66
261,16,629
262,16,700
263,16,120
264,16,813
265,16,364
266,16,127
267,16,363
268,16,458
269,16,339
270,16,390
271,16,596
272,16,689
273,16,223
274,16,431
275,16,215
276,16,401
277,16,547
278,16,242
279,16,797
280,16,952
281,16,295
282,16,216
283,16,870
284,16,580
285,16,459
286,16,940
287,16,534
288,16,842
289,16,723
290,16,588
291,16,170
292,16,601
293,16,243
294,16,505
295,16,630
296,16,432
297,16,535
298,16,213
299,16,12
300,16,233
301,16,203
302,16,74
303,16,753
304,16,183
305,16,716
306,16,555
307,16,292
308,16,341
309,16,324
310,16,724
311,16,430
312,16,346
313,16,501
314,16,679
315,16,493
316,16,121
317,16,436
318,16,560
319,16,888
320,16,403
321,16,541
322,16,691
323,16,527
324,16,107
325,16,167
326,16,303
327,16,750
328,16,201
329,16,486
330,16,396
331,16,477
332,16,1010
333,16,388
334,16,824
335,16,784
336,16,228
337,16,307
338,16,70
339,16,701
340,16,595
341,16,685
342,16,177
343,16,482
344,16,410
345,16,1005
346,16,445
347,16,526
348,16,737
349,16,976
350,16,174
351,16,542
352,16,884
353,16,626
354,16,444
355,16,392
356,16,573
357,16,669
358,16,325
359,16,499
360,16,293
361,16,498
362,16,1004
363,16,696
364,16,408
365,16,983
366,16,398
367,16,465
368,16,783
369,16,545
370,16,206
371,16,922
372,16,357
373,16,627
374,16,76
375,16,826
376,16,752
377,16,112
378,16,818
379,16,227
380,16,561
381,16,710
382,16,969
383,16,584
384,16,551
385,16,239
386,16,537
387,16,794
388,16,892
389,16,326
390,16,149
391,16,785
392,16,514
393,16,721
394,16,443
395,16,286
396,16,362
397,16,684
398,16,622
399,16,335
0,17,617
1,17,246
2,17,558
3,17,403
4,17,1014
5,17,954
6,17,1003
7,17,588
8,17,310
9,17,463
10,17,522
11,17,406
12,17,624
13,17,788
14,17,454
15,17,586
16,17,783
17,17,786
18,17,461
19,17,496
20,17,653
21,17,289
22,17,407
23,17,211
24,17,655
25,17,693
26,17,570
27,17,508
28,17,934
29,17,142
30,17,687
31,17,520
32,17,982
33,17,440
34,17,904
35,17,274
36,17,497
37,17,539
38,17,473
39,17,621
40,17,970
41,17,1013
42,17,665
43,17,109
44,17,264
45,17,724
46,17,598
47,17,442
48,17,752
49,17,767
50,17,178
51,17,494
52,17,589
53,17,487
54,17,971
55,17,885
56,17,654
57,17,234
58,17,332
59,17,822
60,17,460
61,17,471
62,17,550
63,17,878
64,17,780
65,17,841
66,17,431
67,17,813
68,17,464
69,17,811
70,17,374
71,17,323
72,17,650
73,17,626
74,17,37
75,17,377
76,17,616
77,17,209
78,17,721
79,17,658
80,17,540
81,17,581
82,17,628
83,17,516
84,17,283
85,17,689
86,17,637
87,17,307
88,17,947
89,17,680
90,17,554
91,17,492
92,17,565
93,17,220
94,17,469
95,17,882
96,17,306
97,17,851
98,17,529
99,17,560
100,17,908
101,17,649
102,17,757
103,17,559
104,17,787
105,17,618
106,17,134
107,17,235
108,17,521
109,17,597
110,17,537
111,17,552
112,17,475
113,17,816
114,17,525
115,17,450
116,17,305
117,17,176
118,17,225
119,17,657
120,17,839
121,17,596
122,17,486
123,17,748
124,17,102
125,17,366
126,17,48
127,17,330
128,17,779
129,17,210
130,17,240
131,17,983
132,17,117
133,17,615
134,17,619
135,17,490
136,17,819
137,17,714
138,17,206
139,17,592
140,17,76
141,17,758
142,17,607
143,17,114
144,17,173
145,17,725
146,17,810
147,17,185
148,17,151
149,17,201
150,17,671
151,17,551
152,17,534
153,17,443
154,17,402
155,17,339
156,17,353
157,17,823
158,17,881
159,17,564
160,17,207
161,17,504
162,17,311
163,17,66
164,17,404
165,17,329
166,17,465
167,17,775
168,17,491
169,17,815
170,17,557
171,17,472
172,17,401
173,17,266
174,17,677
175,17,755
176,17,38
177,17,749
178,17,910
179,17,208
180,17,1004
181,17,921
182,17,526
183,17,252
184,17,293
185,17,467
186,17,879
187,17,20
188,17,385
189,17,807
190,17,302
191,17,437
192,17,620
193,17,770
194,17,580
195,17,938
196,17,423
197,17,1009
198,17,681
199,17,309
200,17,601
201,17,531
202,17,820
203,17,355
204,17,368
205,17,14
206,17,424
207,17,168
208,17,571
209,17,505
210,17,148
211,17,667
212,17,386
213,17,75
214,17,408
215,17,45
216,17,951
217,17,772
218,17,470
219,17,609
220,17,1010
221,17,267
222,17,156
223,17,394
224,17,370
225,17,230
226,17,669
227,17,1020
228,17,356
229,17,390
230,17,251
231,17,27
232,17,224
233,17,215
234,17,567
235,17,219
236,17,662
237,17,43
238,17,453
239,17,399
240,17,441
241,17,459
242,17,691
243,17,791
244,17,501
245,17,549
246,17,594
247,17,524
248,17,141
249,17,318
250,17,335
251,17,1012
252,17,269
253,17,303
254,17,41
255,17,321
256,17,328
257,17,599
258,17,6
259,17,973
260,17,34
261,17,629
262,17,732
263,17,121
264,17,814
265,17,363
266,17,127
267,17,331
268,17,426
269,17,371
270,17,422
271,17,595
272,17,690
273,17,223
274,17,430
275,17,216
276,17,400
277,17,547
278,17,241
279,17,797
280,17,952
281,17,294
282,17,217
283,17,869
284,17,548
285,17,458
286,17,972
287,17,566
288,17,842
289,17,722
290,17,556
291,17,170
292,17,633
293,17,242
294,17,506
295,17,630
296,17,432
297,17,535
298,17,212
299,17,13
300,17,265
301,17,202
302,17,73
303,17,754
304,17,184
305,17,684
306,17,587
307,17,291
308,17,342
309,17,324
310,17,692
311,17,462
312,17,347
313,17,533
314,17,711
315,17,493
316,17,122
317,17,436
318,17,561
319,17,856
320,17,435
321,17,573
322,17,723
323,17,528
324,17,106
325,17,166
326,17,304
327,17,751
328,17,200
329,17,518
330,17,364
331,17,509
332,17,1011
333,17,420
334,17,792
335,17,784
336,17,228
337,17,308
338,17,70
339,17,700
340,17,563
341,17,686
342,17,177
343,17,481
344,17,378
345,17,1006
346,17,477
347,17,527
348,17,737
349,17,976
350,17,175
351,17,510
352,17,883
353,17,625
354,17,445
355,17,392
356,17,605
357,17,701
358,17,326
359,17,499
360,17,292
361,17,466
362,17,1005
363,17,664
364,17,409
365,17,984
366,17,398
367,17,433
368,17,782
369,17,513
370,17,205
371,17,922
372,17,325
373,17,627
374,17,77
375,17,826
376,17,753
377,17,144
378,17,817
379,17,259
380,17,562
381,17,678
382,17,968
383,17,585
384,17,583
385,17,239
386,17,569
387,17,795
388,17,892
389,17,358
390,17,181
391,17,785
392,17,546
393,17,720
394,17,444
395,17,286
396,17,362
397,17,652
398,17,590
399,17,336
0,18,585
1,18,214
2,18,559
3,18,402
4,18,982
5,18,954
6,18,1004
7,18,589
8,18,311
9,18,463
10,18,554
11,18,407
12,18,656
13,18,788
14,18,486
15,18,618
16,18,783
17,18,754
18,18,493
19,18,464
20,18,685
21,18,257
22,18,408
23,18,211
24,18,623
25,18,661
26,18,538
27,18,476
28,18,933
29,18,174
30,18,688
31,18,521
32,18,981
33,18,440
34,18,872
35,18,242
36,18,498
37,18,507
38,18,505
39,18,653
40,18,969
41,18,1014
42,18,665
43,18,109
44,18,263
45,18,723
46,18,597
47,18,410
48,18,753
49,18,767
50,18,210
51,18,526
52,18,621
53,18,487
54,18,970
55,18,884
56,18,655
57,18,234
58,18,333
59,18,790
60,18,459
61,18,472
62,18,551
63,18,877
64,18,780
65,18,809
66,18,430
67,18,845
68,18,432
69,18,779
70,18,373
71,18,324
72,18,650
73,18,658
74,18,38
75,18,409
76,18,616
77,18,177
78,18,720
79,18,690
80,18,541
81,18,613
82,18,627
83,18,515
84,18,283
85,18,689
86,18,669
87,18,308
88,18,946
89,18,681
90,18,586
91,18,460
92,18,565
93,18,220
94,18,470
95,18,883
96,18,307
97,18,851
98,18,497
99,18,592
100,18,909
101,18,648
102,18,725
103,18,560
104,18,786
105,18,617
106,18,135
107,18,235
108,18,522
109,18,596
110,18,536
111,18,520
112,18,474
113,18,848
114,18,524
115,18,450
116,18,306
117,18,175
118,18,226
119,18,657
120,18,838
121,18,564
122,18,518
123,18,748
124,18,134
125,18,366
126,18,47
127,18,330
128,18,747
129,18,209
130,18,272
131,18,984
132,18,116
133,18,614
134,18,651
135,18,490
136,18,818
137,18,746
138,18,205
139,18,624
140,18,108
141,18,757
142,18,607
143,18,114
144,18,172
145,18,693
146,18,811
147,18,217
148,18,119
149,18,200
150,18,670
151,18,583
152,18,534
153,18,475
154,18,370
155,18,339
156,18,321
157,18,855
158,18,882
159,18,563
160,18,206
161,18,504
162,18,279
163,18,98
164,18,404
165,18,297
166,18,433
167,18,807
168,18,523
169,18,816
170,18,557
171,18,473
172,18,400
173,18,266
174,18,709
175,18,787
176,18,39
177,18,750
178,18,910
179,18,208
180,18,1005
181,18,921
182,18,525
183,18,284
184,18,261
185,18,467
186,18,878
187,18,20
188,18,353
189,18,808
190,18,334
191,18,438
192,18,588
193,18,802
194,18,580
195,18,938
196,18,423
197,18,1010
198,18,649
199,18,309
200,18,602
201,18,531
202,18,852
203,18,354
204,18,369
205,18,46
206,18,424
207,18,168
208,18,571
209,18,537
210,18,149
211,18,667
212,18,418
213,18,74
214,18,376
215,18,77
216,18,983
217,18,772
218,18,502
219,18,641
220,18,1011
221,18,267
222,18,156
223,18,426
224,18,371
225,18,229
226,18,701
227,18,1020
228,18,357
229,18,422
230,18,251
231,18,27
232,18,225
233,18,183
234,18,599
235,18,219
236,18,630
237,18,44
238,18,485
239,18,367
240,18,442
241,18,491
242,18,692
243,18,792
244,18,469
245,18,581
246,18,562
247,18,492
248,18,142
249,18,318
250,18,336
251,18,1013
252,18,301
253,18,304
254,18,73
255,18,289
256,18,329
257,18,598
258,18,5
259,18,972
260,18,34
261,18,628
262,18,731
263,18,153
264,18,815
265,18,364
266,18,127
267,18,299
268,18,458
269,18,403
270,18,454
271,18,594
272,18,691
273,18,223
274,18,429
275,18,215
276,18,399
277,18,546
278,18,240
279,18,797
280,18,951
281,18,294
282,18,216
283,18,869
284,18,516
285,18,457
286,18,971
287,18,567
288,18,842
289,18,721
290,18,556
291,18,202
292,18,633
293,18,241
294,18,506
295,18,631
296,18,431
297,18,535
298,18,212
299,18,14
300,18,265
301,18,201
302,18,105
303,18,722
304,18,185
305,18,652
306,18,619
307,18,323
308,18,343
309,18,356
310,18,724
311,18,462
312,18,315
313,18,501
314,18,743
315,18,494
316,18,121
317,18,437
318,18,529
319,18,824
320,18,436
321,18,605
322,18,755
323,18,496
324,18,106
325,18,165
326,18,305
327,18,719
328,18,199
329,18,519
330,18,332
331,18,510
332,18,1012
333,18,421
334,18,793
335,18,784
336,18,228
337,18,340
338,18,70
339,18,700
340,18,595
341,18,687
342,18,178
343,18,449
344,18,346
345,18,1007
346,18,509
347,18,528
348,18,737
349,18,976
350,18,207
351,18,478
352,18,915
353,18,625
354,18,444
355,18,392
356,18,637
357,18,733
358,18,358
359,18,499
360,18,292
361,18,465
362,18,1006
363,18,632
364,18,441
365,18,985
366,18,398
367,18,401
368,18,781
369,18,481
370,18,173
371,18,922
372,18,326
373,18,626
374,18,76
375,18,826
376,18,785
377,18,176
378,18,849
379,18,291
380,18,561
381,18,646
382,18,936
383,18,584
384,18,615
385,18,239
386,18,568
387,18,796
388,18,892
389,18,390
390,18,213
391,18,817
392,18,578
393,18,752
394,18,443
395,18,286
396,18,363
397,18,620
398,18,558
399,18,368
0,19,553
1,19,246
2,19,560
3,19,402
4,19,983
5,19,954
6,19,1005
7,19,621
8,19,311
9,19,464
10,19,554
11,19,375
12,19,655
13,19,788
14,19,487
15,19,619
16,19,783
17,19,754
18,19,494
19,19,432
20,19,684
21,19,225
22,19,407
23,19,210
24,19,622
25,19,661
26,19,506
27,19,444
28,19,901
29,19,142
30,19,656
31,19,489
32,19,949
33,19,408
34,19,840
35,19,274
36,19,466
37,19,508
38,19,504
39,19,685
40,19,968
41,19,982
42,19,665
43,19,77
44,19,231
45,19,722
46,19,596
47,19,378
48,19,721
49,19,767
50,19,242
51,19,558
52,19,653
53,19,519
54,19,969
55,19,883
56,19,623
57,19,266
58,19,334
59,19,758
60,19,491
61,19,440
62,19,583
63,19,876
64,19,779
65,19,777
66,19,429
67,19,845
68,19,433
69,19,747
70,19,405
71,19,356
72,19,650
73,19,659
74,19,39
75,19,409
76,19,648
77,19,176
78,19,719
79,19,689
80,19,573
81,19,645
82,19,628
83,19,514
84,19,283
85,19,657
86,19,701
87,19,309
88,19,945
89,19,682
90,19,618
91,19,428
92,19,565
93,19,220
94,19,471
95,19,915
96,19,308
97,19,851
98,19,498
99,19,624
100,19,910
101,19,649
102,19,724
103,19,592
104,19,785
105,19,616
106,19,136
107,19,234
108,19,523
109,19,595
110,19,536
111,19,520
112,19,442
113,19,849
114,19,525
115,19,451
116,19,307
117,19,175
118,19,194
119,19,658
120,19,837
121,19,532
122,19,550
123,19,748
124,19,135
125,19,367
126,19,15
127,19,331
128,19,715
129,19,177
130,19,304
131,19,985
132,19,115
133,19,614
134,19,652
135,19,490
136,19,786
137,19,778
138,19,204
139,19,625
140,19,109
141,19,757
142,19,607
143,19,114
144,19,173
145,19,725
146,19,812
147,19,217
148,19,120
149,19,199
150,19,670
151,19,615
152,19,533
153,19,476
154,19,338
155,19,340
156,19,289
157,19,887
158,19,850
159,19,562
160,19,174
161,19,503
162,19,280
163,19,98
164,19,404
165,19,298
166,19,401
167,19,806
168,19,555
169,19,817
170,19,557
171,19,472
172,19,400
173,19,265
174,19,708
175,19,819
176,19,40
177,19,750
178,19,878
179,19,207
180,19,973
181,19,921
182,19,526
183,19,316
184,19,261
185,19,467
186,19,877
187,19,20
188,19,352
189,19,776
190,19,366
191,19,437
192,19,556
193,19,834
194,19,580
195,19,938
196,19,423
197,19,1011
198,19,617
199,19,310
200,19,570
201,19,531
202,19,884
203,19,386
204,19,368
205,19,47
206,19,424
207,19,200
208,19,571
209,19,569
210,19,150
211,19,667
212,19,450
213,19,106
214,19,376
215,19,76
216,19,984
217,19,772
218,19,534
219,19,673
220,19,1012
221,19,235
222,19,156
223,19,458
224,19,403
225,19,228
226,19,700
227,19,1020
228,19,325
229,19,454
230,19,251
231,19,27
232,19,193
233,19,184
234,19,631
235,19,219
236,19,598
237,19,45
238,19,517
239,19,399
240,19,441
241,19,492
242,19,693
243,19,793
244,19,470
245,19,613
246,19,561
247,19,493
248,19,110
249,19,318
250,19,335
251,19,981
252,19,302
253,19,305
254,19,41
255,19,257
256,19,330
257,19,597
258,19,5
259,19,971
260,19,34
261,19,629
262,19,763
263,19,185
264,19,847
265,19,396
266,19,127
267,19,267
268,19,459
269,19,435
270,19,486
271,19,594
272,19,691
273,19,223
274,19,461
275,19,215
276,19,398
277,19,545
278,19,241
279,19,797
280,19,951
281,19,294
282,19,216
283,19,869
284,19,515
285,19,457
286,19,970
287,19,599
288,19,842
289,19,720
290,19,524
291,19,202
292,19,632
293,19,209
294,19,507
295,19,630
296,19,431
297,19,535
298,19,211
299,19,46
300,19,297
301,19,233
302,19,73
303,19,690
304,19,186
305,19,620
306,19,651
307,19,322
308,19,344
309,19,388
310,19,692
311,19,463
312,19,315
313,19,469
314,19,775
315,19,462
316,19,121
317,19,436
318,19,528
319,19,792
320,19,468
321,19,604
322,19,787
323,19,497
324,19,105
325,19,197
326,19,306
327,19,687
328,19,167
329,19,551
330,19,332
331,19,478
332,19,1013
333,19,453
334,19,794
335,19,752
336,19,227
337,19,341
338,19,70
339,19,668
340,19,563
341,19,688
342,19,178
343,19,417
344,19,345
345,19,1008
346,19,541
347,19,496
348,19,737
349,19,976
350,19,239
351,19,477
352,19,914
353,19,626
354,19,443
355,19,392
356,19,669
357,19,765
358,19,390
359,19,499
360,19,324
361,19,465
362,19,1007
363,19,600
364,19,473
365,19,986
366,19,430
367,19,369
368,19,780
369,19,449
370,19,141
371,19,922
372,19,327
373,19,627
374,19,44
375,19,826
376,19,784
377,19,208
378,19,881
379,19,290
380,19,529
381,19,646
382,19,935
383,19,585
384,19,647
385,19,240
386,19,568
387,19,828
388,19,892
389,19,422
390,19,214
391,19,818
392,19,610
393,19,751
394,19,475
395,19,286
396,19,363
397,19,588
398,19,559
399,19,336
0,20,521
1,20,245
2,20,528
3,20,401
4,20,951
5,20,954
6,20,1006
7,20,622
8,20,311
9,20,463
10,20,554
11,20,376
12,20,656
13,20,787
14,20,519
15,20,618
16,20,784
17,20,786
18,20,493
19,20,433
20,20,684
21,20,193
22,20,406
23,20,210
24,20,654
25,20,629
26,20,474
27,20,412
28,20,933
29,20,141
30,20,688
31,20,457
32,20,981
33,20,408
34,20,839
35,20,242
36,20,466
37,20,476
38,20,503
39,20,717
40,20,967
41,20,983
42,20,665
43,20,109
44,20,199
45,20,754
46,20,597
47,20,346
48,20,722
49,20,767
50,20,241
51,20,557
52,20,685
53,20,518
54,20,968
55,20,882
56,20,655
57,20,234
58,20,366
59,20,757
60,20,523
61,20,439
62,20,615
63,20,908
64,20,747
65,20,745
66,20,428
67,20,877
68,20,465
69,20,748
70,20,404
71,20,357
72,20,649
73,20,660
74,20,40
75,20,441
76,20,616
77,20,175
78,20,687
79,20,721
80,20,605
81,20,677
82,20,596
83,20,513
84,20,283
85,20,658
86,20,733
87,20,310
88,20,944
89,20,682
90,20,650
91,20,396
92,20,565
93,20,220
94,20,472
95,20,915
96,20,309
97,20,883
98,20,498
99,20,623
100,20,911
101,20,681
102,20,692
103,20,592
104,20,753
105,20,617
106,20,137
107,20,235
108,20,522
109,20,627
110,20,504
111,20,520
112,20,410
113,20,850
114,20,526
115,20,450
116,20,308
117,20,174
118,20,195
119,20,659
120,20,869
121,20,532
122,20,551
123,20,749
124,20,136
125,20,368
126,20,14
127,20,332
128,20,716
129,20,209
130,20,336
131,20,985
132,20,114
133,20,613
134,20,651
135,20,489
136,20,785
137,20,779
138,20,203
139,20,624
140,20,110
141,20,725
142,20,607
143,20,113
144,20,172
145,20,724
146,20,813
147,20,216
148,20,121
149,20,167
150,20,669
151,20,647
152,20,534
153,20,444
154,20,338
155,20,341
156,20,257
157,20,919
158,20,851
159,20,594
160,20,173
161,20,471
162,20,281
163,20,98
164,20,403
165,20,266
166,20,400
167,20,838
168,20,587
169,20,817
170,20,589
171,20,473
172,20,399
173,20,264
174,20,740
175,20,820
176,20,41
177,20,751
178,20,878
179,20,206
180,20,972
181,20,921
182,20,558
183,20,348
184,20,261
185,20,499
186,20,876
187,20,20
188,20,320
189,20,744
190,20,367
191,20,436
192,20,555
193,20,835
194,20,580
195,20,938
196,20,423
197,20,1012
198,20,585
199,20,342
200,20,538
201,20,563
202,20,916
203,20,418
204,20,369
205,20,48
206,20,424
207,20,201
208,20,571
209,20,601
210,20,151
211,20,667
212,20,482
213,20,138
214,20,344
215,20,75
216,20,984
217,20,772
218,20,566
219,20,705
220,20,1013
221,20,267
222,20,156
223,20,490
224,20,371
225,20,260
226,20,699
227,20,1020
228,20,326
229,20,486
230,20,251
231,20,27
232,20,161
233,20,184
234,20,663
235,20,219
236,20,599
237,20,46
238,20,549
239,20,431
240,20,440
241,20,524
242,20,661
243,20,794
244,20,502
245,20,645
246,20,562
247,20,492
248,20,142
249,20,318
250,20,334
251,20,982
252,20,303
253,20,306
254,20,42
255,20,225
256,20,331
257,20,598
258,20,5
259,20,970
260,20,34
261,20,628
262,20,763
263,20,186
264,20,848
265,20,364
266,20,127
267,20,299
268,20,459
269,20,467
270,20,487
271,20,595
272,20,691
273,20,223
274,20,460
275,20,214
276,20,430
277,20,545
278,20,273
279,20,797
280,20,952
281,20,294
282,20,215
283,20,901
284,20,483
285,20,458
286,20,969
287,20,631
288,20,842
289,20,719
290,20,525
291,20,202
292,20,632
293,20,208
294,20,539
295,20,630
296,20,432
297,20,535
298,20,211
299,20,47
300,20,329
301,20,265
302,20,74
303,20,690
304,20,218
305,20,588
306,20,683
307,20,354
308,20,345
309,20,420
310,20,693
311,20,462
312,20,315
313,20,437
314,20,807
315,20,494
316,20,153
317,20,435
318,20,529
319,20,760
320,20,469
321,20,603
322,20,819
323,20,496
324,20,73
325,20,197
326,20,307
327,20,686
328,20,166
329,20,552
330,20,333
331,20,477
332,20,1014
333,20,485
334,20,795
335,20,720
336,20,228
337,20,373
338,20,70
339,20,700
340,20,564
341,20,689
342,20,177
343,20,385
344,20,313
345,20,976
346,20,573
347,20,464
348,20,737
349,20,977
350,20,240
351,20,445
352,20,913
353,20,625
354,20,442
355,20,392
356,20,701
357,20,766
358,20,422
359,20,531
360,20,356
361,20,497
362,20,1008
363,20,568
364,20,505
365,20,987
366,20,429
367,20,370
368,20,780
369,20,417
370,20,140
371,20,922
372,20,295
373,20,626
374,20,45
375,20,826
376,20,752
377,20,207
378,20,849
379,20,322
380,20,561
381,20,614
382,20,934
383,20,586
384,20,648
385,20,272
386,20,567
387,20,828
388,20,892
389,20,454
390,20,246
391,20,818
392,20,642
393,20,783
394,20,507
395,20,286
396,20,363
397,20,556
398,20,560
399,20,335
0,21,521
1,21,213
2,21,529
3,21,400
4,21,952
5,21,954
6,21,1006
7,21,622
8,21,343
9,21,463
10,21,586
11,21,376
12,21,624
13,21,787
14,21,551
15,21,618
16,21,816
17,21,754
18,21,493
19,21,401
20,21,683
21,21,161
22,21,405
23,21,209
24,21,653
25,21,597
26,21,442
27,21,412
28,21,901
29,21,142
30,21,656
31,21,489
32,21,1013
33,21,408
34,21,838
35,21,242
36,21,467
37,21,444
38,21,502
39,21,717
40,21,966
41,21,984
42,21,665
43,21,108
44,21,167
45,21,753
46,21,596
47,21,345
48,21,690
49,21,767
50,21,273
51,21,589
52,21,685
53,21,519
54,21,936
55,21,914
56,21,654
57,21,266
58,21,334
59,21,725
60,21,555
61,21,471
62,21,647
63,21,876
64,21,746
65,21,713
66,21,460
67,21,877
68,21,433
69,21,749
70,21,403
71,21,358
72,21,650
73,21,659
74,21,41
75,21,440
76,21,584
77,21,175
78,21,655
79,21,720
80,21,637
81,21,709
82,21,564
83,21,481
84,21,283
85,21,658
86,21,765
87,21,311
88,21,943
89,21,714
90,21,682
91,21,428
92,21,565
93,21,220
94,21,473
95,21,883
96,21,310
97,21,882
98,21,466
99,21,623
100,21,912
101,21,680
102,21,660
103,21,592
104,21,721
105,21,616
106,21,136
107,21,267
108,21,523
109,21,628
110,21,472
111,21,520
112,21,378
113,21,851
114,21,527
115,21,451
116,21,309
117,21,173
118,21,163
119,21,627
120,21,868
121,21,533
122,21,583
123,21,781
124,21,168
125,21,367
126,21,13
127,21,364
128,21,684
129,21,208
130,21,368
131,21,1017
132,21,113
133,21,612
134,21,651
135,21,490
136,21,784
137,21,811
138,21,235
139,21,625
140,21,78
141,21,724
142,21,607
143,21,81
144,21,172
145,21,723
146,21,814
147,21,215
148,21,122
149,21,166
150,21,701
151,21,679
152,21,534
153,21,445
154,21,306
155,21,342
156,21,225
157,21,920
158,21,852
159,21,595
160,21,141
161,21,503
162,21,249
163,21,98
164,21,402
165,21,265
166,21,399
167,21,837
168,21,619
169,21,785
170,21,588
171,21,441
172,21,398
173,21,263
174,21,739
175,21,821
176,21,42
177,21,751
178,21,878
179,21,205
180,21,1004
181,21,921
182,21,590
183,21,380
184,21,261
185,21,498
186,21,844
187,21,20
188,21,288
189,21,743
190,21,366
191,21,468
192,21,554
193,21,836
194,21,580
195,21,938
196,21,422
197,21,1012
198,21,585
199,21,374
200,21,538
201,21,531
202,21,948
203,21,450
204,21,369
205,21,49
206,21,423
207,21,201
208,21,571
209,21,633
210,21,183
211,21,667
212,21,514
213,21,137
214,21,312
215,21,74
216,21,985
217,21,772
218,21,566
219,21,737
220,21,1014
221,21,299
222,21,156
223,21,522
224,21,371
225,21,259
226,21,698
227,21,1020
228,21,294
229,21,518
230,21,251
231,21,27
232,21,129
233,21,184
234,21,695
235,21,219
236,21,600
237,21,47
238,21,581
239,21,430
240,21,439
241,21,492
242,21,662
243,21,793
244,21,501
245,21,677
246,21,562
247,21,491
248,21,174
249,21,318
250,21,302
251,21,981
252,21,335
253,21,274
254,21,10
255,21,193
256,21,332
257,21,598
258,21,5
259,21,969
260,21,34
261,21,629
262,21,763
263,21,187
264,21,849
265,21,396
266,21,127
267,21,331
268,21,458
269,21,435
270,21,487
271,21,563
272,21,692
273,21,223
274,21,459
275,21,246
276,21,429
277,21,545
278,21,305
279,21,797
280,21,953
281,21,293
282,21,214
283,21,869
284,21,483
285,21,426
286,21,968
287,21,663
288,21,842
289,21,687
290,21,526
291,21,202
292,21,631
293,21,207
294,21,540
295,21,630
296,21,431
297,21,535
298,21,210
299,21,48
300,21,361
301,21,297
302,21,73
303,21,691
304,21,250
305,21,556
306,21,715
307,21,386
308,21,344
309,21,420
310,21,693
311,21,462
312,21,315
313,21,436
314,21,839
315,21,494
316,21,121
317,21,434
318,21,561
319,21,728
320,21,470
321,21,602
322,21,818
323,21,496
324,21,105
325,21,197
326,21,308
327,21,686
328,21,165
329,21,553
330,21,333
331,21,477
332,21,982
333,21,517
334,21,794
335,21,688
336,21,228
337,21,373
338,21,70
339,21,700
340,21,532
341,21,689
342,21,177
343,21,353
344,21,281
345,21,1008
346,21,605
347,21,432
348,21,738
349,21,976
350,21,272
351,21,413
352,21,913
353,21,626
354,21,443
355,21,424
356,21,733
357,21,798
358,21,454
359,21,499
360,21,388
361,21,465
362,21,1009
363,21,536
364,21,537
365,21,955
366,21,461
367,21,338
368,21,779
369,21,385
370,21,139
371,21,922
372,21,295
373,21,594
374,21,45
375,21,826
376,21,752
377,21,206
378,21,881
379,21,354
380,21,560
381,21,613
382,21,933
383,21,587
384,21,649
385,21,304
386,21,568
387,21,828
388,21,892
389,21,486
390,21,278
391,21,786
392,21,674
393,21,815
394,21,506
395,21,286
396,21,363
397,21,524
398,21,528
399,21,336
0,22,521
1,22,181
2,22,497
3,22,399
4,22,953
5,22,954
6,22,1006
7,22,623
8,22,375
9,22,463
10,22,586
11,22,344
12,22,592
13,22,788
14,22,583
15,22,617
16,22,784
17,22,786
18,22,494
19,22,369
20,22,682
21,22,129
22,22,404
23,22,208
24,22,653
25,22,565
26,22,410
27,22,413
28,22,902
29,22,142
30,22,656
31,22,489
32,22,981
33,22,376
34,22,837
35,22,210
36,22,468
37,22,444
38,22,534
39,22,717
40,22,998
41,22,952
42,22,665
43,22,107
44,22,166
45,22,752
46,22,628
47,22,313
48,22,691
49,22,767
50,22,241
51,22,621
52,22,686
53,22,487
54,22,935
55,22,913
56,22,622
57,22,234
58,22,366
59,22,693
60,22,587
61,22,472
62,22,679
63,22,877
64,22,745
65,22,681
66,22,492
67,22,909
68,22,432
69,22,749
70,22,402
71,22,326
72,22,618
73,22,658
74,22,40
75,22,441
76,22,584
77,22,174
78,22,654
79,22,719
80,22,669
81,22,741
82,22,596
83,22,449
84,22,283
85,22,690
86,22,797
87,22,312
88,22,942
89,22,715
90,22,714
91,22,396
92,22,566
93,22,220
94,22,505
95,22,884
96,22,311
97,22,883
98,22,434
99,22,624
100,22,911
101,22,648
102,22,661
103,22,560
104,22,722
105,22,616
106,22,135
107,22,266
108,22,555
109,22,660
110,22,440
111,22,520
112,22,346
113,22,819
114,22,528
115,22,450
116,22,310
117,22,141
118,22,164
119,22,627
120,22,900
121,22,532
122,22,615
123,22,780
124,22,168
125,22,335
126,22,45
127,22,363
128,22,685
129,22,207
130,22,368
131,22,1017
132,22,81
133,22,580
134,22,652
135,22,458
136,22,783
137,22,812
138,22,267
139,22,657
140,22,46
141,22,724
142,22,607
143,22,80
144,22,172
145,22,723
146,22,815
147,22,214
148,22,154
149,22,165
150,22,733
151,22,680
152,22,533
153,22,445
154,22,274
155,22,343
156,22,193
157,22,920
158,22,820
159,22,595
160,22,109
161,22,503
162,22,217
163,22,98
164,22,401
165,22,264
166,22,367
167,22,836
168,22,651
169,22,753
170,22,589
171,22,473
172,22,430
173,22,231
174,22,771
175,22,822
176,22,10
177,22,750
178,22,878
179,22,204
180,22,1003
181,22,921
182,22,590
183,22,412
184,22,261
185,22,498
186,22,843
187,22,20
188,22,256
189,22,743
190,22,398
191,22,436
192,22,522
193,22,868
194,22,548
195,22,938
196,22,422
197,22,1013
198,22,553
199,22,373
200,22,539
201,22,563
202,22,980
203,22,482
204,22,370
205,22,50
206,22,423
207,22,201
208,22,571
209,22,633
210,22,184
211,22,667
212,22,546
213,22,136
214,22,280
215,22,106
216,22,984
217,22,772
218,22,598
219,22,769
220,22,982
221,22,298
222,22,156
223,22,490
224,22,403
225,22,291
226,22,730
227,22,1020
228,22,295
229,22,519
230,22,252
231,22,27
232,22,97
233,22,185
234,22,696
235,22,219
236,22,568
237,22,48
238,22,613
239,22,429
240,22,407
241,22,493
242,22,630
243,22,825
244,22,501
245,22,709
246,22,594
247,22,491
248,22,173
249,22,318
250,22,303
251,22,949
252,22,336
253,22,242
254,22,11
255,22,161
256,22,333
257,22,597
258,22,5
259,22,968
260,22,34
261,22,629
262,22,763
263,22,188
264,22,881
265,22,364
266,22,127
267,22,299
268,22,426
269,22,467
270,22,486
271,22,562
272,22,692
273,22,223
274,22,459
275,22,245
276,22,428
277,22,545
278,22,306
279,22,829
280,22,985
281,22,294
282,22,246
283,22,869
284,22,451
285,22,394
286,22,967
287,22,664
288,22,842
289,22,655
290,22,527
291,22,202
292,22,632
293,22,206
294,22,541
295,22,631
296,22,431
297,22,535
298,22,209
299,22,49
300,22,393
301,22,329
302,22,41
303,22,659
304,22,251
305,22,524
306,22,747
307,22,418
308,22,345
309,22,421
310,22,694
311,22,462
312,22,315
313,22,435
314,22,838
315,22,526
316,22,120
317,22,433
318,22,561
319,22,728
320,22,471
321,22,601
322,22,850
323,22,496
324,22,73
325,22,197
326,22,309
327,22,687
328,22,133
329,22,554
330,22,301
331,22,477
332,22,983
333,22,549
334,22,793
335,22,688
336,22,228
337,22,405
338,22,70
339,22,701
340,22,531
341,22,689
342,22,177
343,22,352
344,22,249
345,22,1007
346,22,637
347,22,400
348,22,737
349,22,976
350,22,273
351,22,381
352,22,912
353,22,625
354,22,442
355,22,424
356,22,734
357,22,799
358,22,454
359,22,499
360,22,420
361,22,464
362,22,1010
363,22,504
364,22,569
365,22,956
366,22,460
367,22,338
368,22,778
369,22,353
370,22,138
371,22,922
372,22,263
373,22,626
374,22,44
375,22,826
376,22,751
377,22,205
378,22,882
379,22,386
380,22,559
381,22,612
382,22,901
383,22,588
384,22,650
385,22,305
386,22,567
387,22,828
388,22,892
389,22,518
390,22,279
391,22,787
392,22,706
393,22,847
394,22,538
395,22,286
396,22,331
397,22,523
398,22,529
399,22,304
0,23,521
1,23,149
2,23,498
3,23,399
4,23,954
5,23,922
6,23,974
7,23,655
8,23,374
9,23,431
10,23,587
11,23,344
12,23,560
13,23,820
14,23,615
15,23,585
16,23,784
17,23,818
18,23,493
19,23,370
20,23,714
21,23,97
22,23,403
23,23,207
24,23,652
25,23,533
26,23,378
27,23,381
28,23,901
29,23,142
30,23,657
31,23,489
32,23,982
33,23,376
34,23,836
35,23,178
36,23,469
37,23,443
38,23,535
39,23,717
40,23,997
41,23,953
42,23,665
43,23,107
44,23,134
45,23,751
46,23,596
47,23,312
48,23,692
49,23,767
50,23,240
51,23,621
52,23,687
53,23,487
54,23,934
55,23,945
56,23,622
57,23,235
58,23,366
59,23,661
60,23,619
61,23,473
62,23,711
63,23,878
64,23,744
65,23,649
66,23,460
67,23,877
68,23,400
69,23,749
70,23,402
71,23,327
72,23,617
73,23,658
74,23,8
75,23,440
76,23,584
77,23,173
78,23,653
79,23,720
80,23,701
81,23,742
82,23,564
83,23,417
84,23,284
85,23,691
86,23,829
87,23,280
88,23,941
89,23,716
90,23,746
91,23,364
92,23,565
93,23,220
94,23,537
95,23,885
96,23,343
97,23,883
98,23,466
99,23,623
100,23,912
101,23,648
102,23,629
103,23,559
104,23,723
105,23,616
106,23,167
107,23,234
108,23,556
109,23,660
110,23,408
111,23,520
112,23,347
113,23,819
114,23,496
115,23,451
116,23,310
117,23,109
118,23,164
119,23,627
120,23,932
121,23,532
122,23,647
123,23,780
124,23,136
125,23,334
126,23,44
127,23,362
128,23,686
129,23,206
130,23,367
131,23,1018
132,23,80
133,23,548
134,23,651
135,23,426
136,23,782
137,23,844
138,23,266
139,23,689
140,23,47
141,23,725
142,23,607
143,23,112
144,23,172
145,23,724
146,23,816
147,23,213
148,23,186
149,23,133
150,23,765
151,23,679
152,23,534
153,23,413
154,23,306
155,23,375
156,23,161
157,23,952
158,23,821
159,23,594
160,23,77
161,23,504
162,23,185
163,23,130
164,23,433
165,23,264
166,23,335
167,23,835
168,23,650
169,23,721
170,23,557
171,23,441
172,23,429
173,23,199
174,23,770
175,23,854
176,23,11
177,23,750
178,23,910
179,23,203
180,23,1003
181,23,921
182,23,590
183,23,444
184,23,261
185,23,499
186,23,843
187,23,20
188,23,256
189,23,743
190,23,398
191,23,468
192,23,523
193,23,900
194,23,549
195,23,938
196,23,454
197,23,981
198,23,554
199,23,341
200,23,538
201,23,595
202,23,980
203,23,514
204,23,338
205,23,51
206,23,422
207,23,201
208,23,571
209,23,632
210,23,216
211,23,667
212,23,578
213,23,135
214,23,279
215,23,105
216,23,985
217,23,772
218,23,566
219,23,768
220,23,983
221,23,298
222,23,156
223,23,522
224,23,435
225,23,323
226,23,762
227,23,1020
228,23,263
229,23,551
230,23,251
231,23,27
232,23,98
233,23,184
234,23,728
235,23,219
236,23,569
237,23,49
238,23,645
239,23,428
240,23,407
241,23,461
242,23,598
243,23,793
244,23,501
245,23,741
246,23,626
247,23,490
248,23,141
249,23,318
250,23,304
251,23,949
252,23,368
253,23,210
254,23,12
255,23,160
256,23,301
257,23,597
258,23,5
259,23,967
260,23,34
261,23,628
262,23,763
263,23,189
264,23,849
265,23,363
266,23,127
267,23,267
268,23,394
269,23,467
270,23,518
271,23,561
272,23,693
273,23,223
274,23,491
275,23,246
276,23,396
277,23,545
278,23,307
279,23,861
280,23,1017
281,23,294
282,23,214
283,23,837
284,23,419
285,23,393
286,23,966
287,23,696
288,23,842
289,23,654
290,23,528
291,23,202
292,23,631
293,23,205
294,23,541
295,23,630
296,23,430
297,23,567
298,23,241
299,23,50
300,23,392
301,23,361
302,23,9
303,23,659
304,23,283
305,23,492
306,23,748
307,23,450
308,23,346
309,23,453
310,23,694
311,23,494
312,23,315
313,23,434
314,23,838
315,23,525
316,23,119
317,23,432
318,23,529
319,23,727
320,23,503
321,23,600
322,23,882
323,23,464
324,23,41
325,23,197
326,23,309
327,23,688
328,23,132
329,23,586
330,23,269
331,23,445
332,23,984
333,23,550
334,23,792
335,23,656
336,23,228
337,23,404
338,23,70
339,23,700
340,23,563
341,23,690
342,23,209
343,23,320
344,23,217
345,23,1006
346,23,669
347,23,401
348,23,737
349,23,976
350,23,274
351,23,349
352,23,913
353,23,624
354,23,442
355,23,423
356,23,766
357,23,799
358,23,486
359,23,531
360,23,421
361,23,463
362,23,1011
363,23,472
364,23,601
365,23,957
366,23,459
367,23,339
368,23,777
369,23,321
370,23,137
371,23,890
372,23,231
373,23,625
374,23,76
375,23,826
376,23,719
377,23,237
378,23,881
379,23,418
380,23,558
381,23,580
382,23,869
383,23,589
384,23,682
385,23,273
386,23,568
387,23,828
388,23,892
389,23,519
390,23,311
391,23,788
392,23,738
393,23,879
394,23,570
395,23,286
396,23,299
397,23,524
398,23,497
399,23,305
0,24,553
1,24,150
2,24,466
3,24,398
4,24,922
5,24,921
6,24,1006
7,24,656
8,24,375
9,24,463
10,24,555
11,24,312
12,24,561
13,24,819
14,24,647
15,24,586
16,24,784
17,24,817
18,24,492
19,24,371
20,24,713
21,24,65
22,24,402
23,24,206
24,24,651
25,24,501
26,24,379
27,24,349
28,24,902
29,24,110
30,24,657
31,24,490
32,24,1014
33,24,377
34,24,804
35,24,146
36,24,470
37,24,444
38,24,534
39,24,685
40,24,997
41,24,954
42,24,665
43,24,107
44,24,102
45,24,783
46,24,595
47,24,311
48,24,693
49,24,767
50,24,272
51,24,621
52,24,719
53,24,487
54,24,933
55,24,944
56,24,590
57,24,267
58,24,367
59,24,660
60,24,618
61,24,474
62,24,712
63,24,910
64,24,776
65,24,617
66,24,459
67,24,877
68,24,400
69,24,717
70,24,401
71,24,328
72,24,616
73,24,690
74,24,9
75,24,472
76,24,584
77,24,172
78,24,652
79,24,752
80,24,733
81,24,743
82,24,596
83,24,385
84,24,283
85,24,692
86,24,861
87,24,281
88,24,973
89,24,684
90,24,778
91,24,332
92,24,597
93,24,220
94,24,505
95,24,886
96,24,344
97,24,883
98,24,434
99,24,622
100,24,913
101,24,649
102,24,630
103,24,527
104,24,724
105,24,615
106,24,135
107,24,234
108,24,557
109,24,628
110,24,376
111,24,520
112,24,347
113,24,818
114,24,464
115,24,451
116,24,310
117,24,108
118,24,164
119,24,659
120,24,900
121,24,533
122,24,648
123,24,748
124,24,168
125,24,334
126,24,43
127,24,361
128,24,654
129,24,205
130,24,399
131,24,1017
132,24,48
133,24,549
134,24,619
135,24,426
136,24,781
137,24,845
138,24,265
139,24,688
140,24,47
141,24,757
142,24,607
143,24,113
144,24,171
145,24,725
146,24,848
147,24,212
148,24,187
149,24,132
150,24,797
151,24,679
152,24,566
153,24,381
154,24,305
155,24,407
156,24,129
157,24,951
158,24,822
159,24,626
160,24,76
161,24,504
162,24,153
163,24,98
164,24,432
165,24,263
166,24,303
167,24,836
168,24,650
169,24,689
170,24,558
171,24,473
172,24,428
173,24,167
174,24,802
175,24,854
176,24,12
177,24,750
178,24,911
179,24,235
180,24,1003
181,24,953
182,24,589
183,24,476
184,24,261
185,24,531
186,24,843
187,24,20
188,24,256
189,24,711
190,24,366
191,24,468
192,24,524
193,24,901
194,24,581
195,24,938
196,24,486
197,24,982
198,24,522
199,24,341
200,24,506
201,24,594
202,24,980
203,24,546
204,24,338
205,24,52
206,24,454
207,24,201
208,24,571
209,24,632
210,24,217
211,24,667
212,24,610
213,24,103
214,24,278
215,24,104
216,24,985
217,24,772
218,24,567
219,24,800
220,24,984
221,24,298
222,24,156
223,24,521
224,24,467
225,24,355
226,24,794
227,24,1020
228,24,231
229,24,583
230,24,251
231,24,27
232,24,66
233,24,184
234,24,760
235,24,219
236,24,537
237,24,50
238,24,677
239,24,396
240,24,408
241,24,493
242,24,598
243,24,793
244,24,502
245,24,742
246,24,658
247,24,458
248,24,142
249,24,318
250,24,304
251,24,981
252,24,368
253,24,178
254,24,13
255,24,160
256,24,302
257,24,629
258,24,5
259,24,966
260,24,34
261,24,627
262,24,763
263,24,190
264,24,850
265,24,363
266,24,127
267,24,266
268,24,362
269,24,499
270,24,517
271,24,529
272,24,694
273,24,223
274,24,523
275,24,214
276,24,364
277,24,545
278,24,308
279,24,862
280,24,1016
281,24,294
282,24,215
283,24,805
284,24,387
285,24,394
286,24,934
287,24,697
288,24,842
289,24,653
290,24,496
291,24,202
292,24,663
293,24,204
294,24,541
295,24,631
296,24,429
297,24,599
298,24,242
299,24,51
300,24,424
301,24,393
302,24,41
303,24,691
304,24,315
305,24,460
306,24,749
307,24,482
308,24,378
309,24,485
310,24,662
311,24,526
312,24,316
313,24,433
314,24,838
315,24,525
316,24,119
317,24,431
318,24,497
319,24,728
320,24,535
321,24,600
322,24,881
323,24,465
324,24,40
325,24,197
326,24,309
327,24,687
328,24,100
329,24,587
330,24,237
331,24,413
332,24,952
333,24,551
334,24,792
335,24,624
336,24,228
337,24,403
338,24,70
339,24,700
340,24,563
341,24,722
342,24,241
343,24,288
344,24,185
345,24,1005
346,24,701
347,24,369
348,24,737
349,24,976
350,24,306
351,24,317
352,24,914
353,24,623
354,24,442
355,24,422
356,24,798
357,24,799
358,24,518
359,24,532
360,24,453
361,24,462
362,24,1012
363,24,471
364,24,633
365,24,925
366,24,491
367,24,307
368,24,745
369,24,320
370,24,136
371,24,890
372,24,199
373,24,625
374,24,44
375,24,826
376,24,751
377,24,236
378,24,849
379,24,450
380,24,559
381,24,548
382,24,837
383,24,588
384,24,682
385,24,274
386,24,568
387,24,828
388,24,892
389,24,519
390,24,343
391,24,820
392,24,770
393,24,878
394,24,602
395,24,286
396,24,299
397,24,556
398,24,498
399,24,273
0,25,554
1,25,150
2,25,434
3,25,399
4,25,890
5,25,920
6,25,1006
7,25,657
8,25,375
9,25,463
10,25,556
11,25,311
12,25,529
13,25,787
14,25,648
15,25,618
16,25,816
17,25,818
18,25,491
19,25,371
20,25,745
21,25,64
22,25,402
23,25,206
24,25,683
25,25,469
26,25,379
27,25,350
28,25,870
29,25,142
30,25,625
31,25,490
32,25,1013
33,25,345
34,25,803
35,25,147
36,25,438
37,25,412
38,25,533
39,25,717
40,25,997
41,25,922
42,25,666
43,25,107
44,25,70
45,25,815
46,25,627
47,25,310
48,25,694
49,25,767
50,25,272
51,25,653
52,25,687
53,25,487
54,25,932
55,25,943
56,25,558
57,25,266
58,25,368
59,25,659
60,25,650
61,25,475
62,25,713
63,25,911
64,25,775
65,25,585
66,25,460
67,25,876
68,25,432
69,25,749
70,25,400
71,25,328
72,25,617
73,25,722
74,25,10
75,25,473
76,25,616
77,25,171
78,25,651
79,25,784
80,25,765
81,25,744
82,25,628
83,25,353
84,25,283
85,25,693
86,25,893
87,25,249
88,25,972
89,25,685
90,25,810
91,25,331
92,25,596
93,25,220
94,25,537
95,25,887
96,25,312
97,25,883
98,25,435
99,25,590
100,25,945
101,25,681
102,25,598
103,25,559
104,25,725
105,25,614
106,25,134
107,25,233
108,25,525
109,25,660
110,25,344
111,25,520
112,25,346
113,25,819
114,25,465
115,25,450
116,25,342
117,25,76
118,25,132
119,25,691
120,25,900
121,25,532
122,25,680
123,25,748
124,25,168
125,25,334
126,25,42
127,25,329
128,25,622
129,25,204
130,25,431
131,25,1016
132,25,16
133,25,550
134,25,619
135,25,394
136,25,780
137,25,877
138,25,264
139,25,656
140,25,48
141,25,758
142,25,607
143,25,114
144,25,170
145,25,757
146,25,849
147,25,211
148,25,188
149,25,100
150,25,829
151,25,647
152,25,534
153,25,349
154,25,273
155,25,439
156,25,97
157,25,952
158,25,823
159,25,658
160,25,75
161,25,504
162,25,121
163,25,98
164,25,433
165,25,231
166,25,304
167,25,868
168,25,649
169,25,689
170,25,526
171,25,441
172,25,396
173,25,166
174,25,834
175,25,854
176,25,13
177,25,751
178,25,879
179,25,267
180,25,1003
181,25,921
182,25,621
183,25,508
184,25,261
185,25,563
186,25,843
187,25,19
188,25,257
189,25,711
190,25,367
191,25,468
192,25,492
193,25,902
194,25,580
195,25,938
196,25,518
197,25,983
198,25,523
199,25,341
200,25,474
201,25,594
202,25,980
203,25,578
204,25,338
205,25,20
206,25,486
207,25,201
208,25,571
209,25,631
210,25,218
211,25,667
212,25,609
213,25,103
214,25,277
215,25,136
216,25,1017
217,25,772
218,25,566
219,25,832
220,25,985
221,25,298
222,25,156
223,25,522
224,25,467
225,25,354
226,25,826
227,25,1020
228,25,199
229,25,615
230,25,251
231,25,27
232,25,67
233,25,216
234,25,792
235,25,219
236,25,538
237,25,51
238,25,709
239,25,364
240,25,376
241,25,494
242,25,599
243,25,794
244,25,501
245,25,743
246,25,690
247,25,426
248,25,174
249,25,318
250,25,305
251,25,982
252,25,369
253,25,179
254,25,14
255,25,160
256,25,303
257,25,629
258,25,5
259,25,965
260,25,34
261,25,626
262,25,763
263,25,222
264,25,882
265,25,363
266,25,127
267,25,234
268,25,330
269,25,499
270,25,485
271,25,528
272,25,662
273,25,223
274,25,555
275,25,214
276,25,332
277,25,545
278,25,308
279,25,861
280,25,984
281,25,294
282,25,215
283,25,805
284,25,355
285,25,362
286,25,933
287,25,697
288,25,842
289,25,652
290,25,464
291,25,202
292,25,663
293,25,172
294,25,541
295,25,630
296,25,429
297,25,600
298,25,241
299,25,52
300,25,423
301,25,392
302,25,41
303,25,692
304,25,347
305,25,428
306,25,750
307,25,514
308,25,378
309,25,453
310,25,661
311,25,527
312,25,315
313,25,401
314,25,837
315,25,493
316,25,119
317,25,430
318,25,498
319,25,728
320,25,567
321,25,632
322,25,913
323,25,497
324,25,8
325,25,197
326,25,309
327,25,688
328,25,68
329,25,588
330,25,205
331,25,381
332,25,953
333,25,552
334,25,791
335,25,592
336,25,228
337,25,403
338,25,38
339,25,668
340,25,595
341,25,723
342,25,240
343,25,256
344,25,184
345,25,1005
346,25,700
347,25,370
348,25,737
349,25,976
350,25,307
351,25,285
352,25,914
353,25,623
354,25,442
355,25,421
356,25,830
357,25,799
358,25,519
359,25,531
360,25,454
361,25,461
362,25,1012
363,25,470
364,25,665
365,25,925
366,25,459
367,25,339
368,25,746
369,25,288
370,25,135
371,25,889
372,25,200
373,25,624
374,25,45
375,25,858
376,25,719
377,25,235
378,25,881
379,25,482
380,25,560
381,25,516
382,25,836
383,25,589
384,25,682
385,25,306
386,25,568
387,25,828
388,25,892
389,25,551
390,25,343
391,25,821
392,25,802
393,25,878
394,25,601
395,25,286
396,25,299
397,25,524
398,25,466
399,25,274
0,26,555
1,26,150
2,26,402
3,26,431
4,26,891
5,26,952
6,26,1006
7,26,657
8,26,375
9,26,462
10,26,557
11,26,279
12,26,497
13,26,786
14,26,680
15,26,618
16,26,784
17,26,818
18,26,490
19,26,339
20,26,713
21,26,32
22,26,401
23,26,205
24,26,715
25,26,437
26,26,379
27,26,351
28,26,902
29,26,142
30,26,625
31,26,522
32,26,1013
33,26,344
34,26,771
35,26,148
36,26,439
37,26,380
38,26,565
39,26,717
40,26,997
41,26,923
42,26,665
43,26,107
44,26,69
45,26,847
46,26,659
47,26,278
48,26,695
49,26,767
50,26,272
51,26,685
52,26,719
53,26,487
54,26,931
55,26,942
56,26,590
57,26,265
58,26,369
59,26,658
60,26,682
61,26,476
62,26,714
63,26,879
64,26,776
65,26,553
66,26,459
67,26,876
68,26,464
69,26,749
70,26,432
71,26,327
72,26,617
73,26,754
74,26,11
75,26,474
76,26,616
77,26,203
78,26,650
79,26,783
80,26,797
81,26,745
82,26,628
83,26,321
84,26,283
85,26,694
86,26,925
87,26,217
88,26,971
89,26,686
90,26,842
91,26,299
92,26,596
93,26,220
94,26,537
95,26,887
96,26,280
97,26,851
98,26,435
99,26,622
100,26,977
101,26,649
102,26,597
103,26,558
104,26,693
105,26,614
106,26,166
107,26,233
108,26,493
109,26,692
110,26,312
111,26,520
112,26,347
113,26,820
114,26,466
115,26,450
116,26,343
117,26,44
118,26,133
119,26,723
120,26,868
121,26,532
122,26,681
123,26,748
124,26,136
125,26,334
126,26,74
127,26,328
128,26,623
129,26,204
130,26,463
131,26,1017
132,26,16
133,26,550
134,26,619
135,26,362
136,26,779
137,26,909
138,26,263
139,26,656
140,26,49
141,26,757
142,26,607
143,26,114
144,26,171
145,26,725
146,26,850
147,26,210
148,26,189
149,26,99
150,26,861
151,26,646
152,26,534
153,26,317
154,26,241
155,26,471
156,26,65
157,26,984
158,26,824
159,26,690
160,26,75
161,26,504
162,26,120
163,26,98
164,26,433
165,26,199
166,26,336
167,26,869
168,26,648
169,26,689
170,26,527
171,26,473
172,26,364
173,26,165
174,26,866
175,26,854
176,26,14
177,26,752
178,26,878
179,26,266
180,26,1003
181,26,920
182,26,653
183,26,540
184,26,261
185,26,595
186,26,875
187,26,20
188,26,289
189,26,743
190,26,368
191,26,468
192,26,460
193,26,903
194,26,580
195,26,938
196,26,519
197,26,951
198,26,524
199,26,341
200,26,442
201,26,594
202,26,980
203,26,610
204,26,306
205,26,21
206,26,518
207,26,201
208,26,571
209,26,630
210,26,218
211,26,667
212,26,641
213,26,103
214,26,245
215,26,135
216,26,985
217,26,772
218,26,566
219,26,864
220,26,953
221,26,297
222,26,156
223,26,554
224,26,499
225,26,386
226,26,858
227,26,1020
228,26,200
229,26,647
230,26,251
231,26,27
232,26,35
233,26,184
234,26,793
235,26,219
236,26,506
237,26,19
238,26,741
239,26,363
240,26,376
241,26,526
242,26,600
243,26,794
244,26,533
245,26,775
246,26,722
247,26,394
248,26,175
249,26,318
250,26,273
251,26,982
252,26,370
253,26,147
254,26,46
255,26,160
256,26,304
257,26,661
258,26,5
259,26,965
260,26,34
261,26,626
262,26,763
263,26,254
264,26,883
265,26,331
266,26,127
267,26,202
268,26,298
269,26,531
270,26,486
271,26,528
272,26,663
273,26,223
274,26,523
275,26,214
276,26,332
277,26,545
278,26,309
279,26,893
280,26,983
281,26,294
282,26,216
283,26,837
284,26,354
285,26,330
286,26,932
287,26,696
288,26,843
289,26,651
290,26,465
291,26,170
292,26,631
293,26,140
294,26,541
295,26,662
296,26,428
297,26,568
298,26,209
299,26,52
300,26,422
301,26,424
302,26,41
303,26,691
304,26,348
305,26,396
306,26,751
307,26,515
308,26,378
309,26,485
310,26,660
311,26,559
312,26,315
313,26,400
314,26,836
315,26,494
316,26,119
317,26,429
318,26,498
319,26,728
320,26,599
321,26,632
322,26,945
323,26,496
324,26,8
325,26,197
326,26,310
327,26,688
328,26,100
329,26,589
330,26,173
331,26,349
332,26,954
333,26,584
334,26,792
335,26,560
336,26,228
337,26,371
338,26,70
339,26,700
340,26,627
341,26,724
342,26,240
343,26,257
344,26,183
345,26,1005
346,26,699
347,26,338
348,26,737
349,26,976
350,26,308
351,26,253
352,26,913
353,26,655
354,26,441
355,26,453
356,26,862
357,26,799
358,26,551
359,26,563
360,26,454
361,26,461
362,26,1012
363,26,438
364,26,697
365,26,926
366,26,491
367,26,307
368,26,746
369,26,256
370,26,134
371,26,921
372,26,168
373,26,624
374,26,45
375,26,890
376,26,720
377,26,234
378,26,849
379,26,514
380,26,561
381,26,484
382,26,835
383,26,621
384,26,683
385,26,305
386,26,569
387,26,828
388,26,892
389,26,583
390,26,311
391,26,822
392,26,803
393,26,877
394,26,633
395,26,286
396,26,267
397,26,492
398,26,467
399,26,242
0,27,556
1,27,150
2,27,370
3,27,463
4,27,859
5,27,953
6,27,1006
7,27,658
8,27,375
9,27,461
10,27,557
11,27,278
12,27,465
13,27,785
14,27,681
15,27,618
16,27,784
17,27,850
18,27,489
19,27,307
20,27,712
21,27,0
22,27,400
23,27,237
24,27,715
25,27,405
26,27,347
27,27,319
28,27,901
29,27,142
30,27,657
31,27,490
32,27,1013
33,27,312
34,27,739
35,27,149
36,27,440
37,27,381
38,27,564
39,27,749
40,27,997
41,27,923
42,27,697
43,27,107
44,27,68
45,27,879
46,27,691
47,27,277
48,27,663
49,27,767
50,27,304
51,27,717
52,27,751
53,27,487
54,27,963
55,27,974
56,27,622
57,27,266
58,27,369
59,27,626
60,27,714
61,27,476
62,27,746
63,27,878
64,27,775
65,27,521
66,27,491
67,27,875
68,27,432
69,27,781
70,27,431
71,27,295
72,27,617
73,27,786
74,27,12
75,27,475
76,27,616
77,27,171
78,27,649
79,27,782
80,27,829
81,27,777
82,27,627
83,27,289
84,27,284
85,27,695
86,27,957
87,27,218
88,27,970
89,27,686
90,27,874
91,27,267
92,27,595
93,27,220
94,27,569
95,27,887
96,27,281
97,27,883
98,27,435
99,27,623
100,27,978
101,27,648
102,27,596
103,27,590
104,27,694
105,27,613
106,27,166
107,27,265
108,27,492
109,27,660
110,27,280
111,27,520
112,27,315
113,27,821
114,27,466
115,27,450
116,27,344
117,27,44
118,27,101
119,27,724
120,27,868
121,27,533
122,27,682
123,27,748
124,27,137
125,27,334
126,27,106
127,27,327
128,27,624
129,27,204
130,27,462
131,27,1017
132,27,16
133,27,551
134,27,619
135,27,330
136,27,778
137,27,910
138,27,231
139,27,656
140,27,50
141,27,758
142,27,607
143,27,114
144,27,172
145,27,757
146,27,851
147,27,242
148,27,190
149,27,98
150,27,893
151,27,614
152,27,502
153,27,317
154,27,240
155,27,503
156,27,33
157,27,983
158,27,792
159,27,722
160,27,74
161,27,504
162,27,120
163,27,66
164,27,434
165,27,167
166,27,336
167,27,870
168,27,647
169,27,690
170,27,526
171,27,473
172,27,332
173,27,165
174,27,865
175,27,854
176,27,15
177,27,720
178,27,877
179,27,234
180,27,1003
181,27,921
182,27,685
183,27,541
184,27,261
185,27,594
186,27,843
187,27,52
188,27,288
189,27,743
190,27,368
191,27,436
192,27,428
193,27,904
194,27,580
195,27,938
196,27,519
197,27,952
198,27,525
199,27,341
200,27,410
201,27,562
202,27,980
203,27,642
204,27,274
205,27,22
206,27,550
207,27,202
208,27,571
209,27,629
210,27,250
211,27,667
212,27,673
213,27,135
214,27,213
215,27,134
216,27,984
217,27,772
218,27,566
219,27,896
220,27,985
221,27,297
222,27,156
223,27,586
224,27,531
225,27,418
226,27,890
227,27,1020
228,27,201
229,27,679
230,27,251
231,27,27
232,27,36
233,27,184
234,27,825
235,27,219
236,27,474
237,27,20
238,27,740
239,27,362
240,27,376
241,27,494
242,27,601
243,27,794
244,27,534
245,27,807
246,27,754
247,27,393
248,27,176
249,27,350
250,27,241
251,27,982
252,27,371
253,27,148
254,27,47
255,27,160
256,27,305
257,27,693
258,27,5
259,27,965
260,27,34
261,27,625
262,27,763
263,27,286
264,27,884
265,27,363
266,27,127
267,27,203
268,27,299
269,27,532
270,27,486
271,27,527
272,27,664
273,27,223
274,27,522
275,27,214
276,27,331
277,27,545
278,27,310
279,27,892
280,27,951
281,27,294
282,27,216
283,27,869
284,27,353
285,27,298
286,27,931
287,27,696
288,27,842
289,27,650
290,27,433
291,27,170
292,27,630
293,27,140
294,27,573
295,27,662
296,27,396
297,27,536
298,27,209
299,27,51
300,27,454
301,27,423
302,27,41
303,27,692
304,27,380
305,27,364
306,27,752
307,27,514
308,27,379
309,27,517
310,27,661
311,27,559
312,27,283
313,27,399
314,27,837
315,27,493
316,27,119
317,27,429
318,27,499
319,27,728
320,27,631
321,27,632
322,27,944
323,27,496
324,27,8
325,27,197
326,27,311
327,27,689
328,27,132
329,27,621
330,27,174
331,27,349
332,27,955
333,27,585
334,27,791
335,27,528
336,27,228
337,27,403
338,27,70
339,27,701
340,27,659
341,27,725
342,27,272
343,27,225
344,27,151
345,27,1005
346,27,731
347,27,339
348,27,737
349,27,976
350,27,309
351,27,221
352,27,912
353,27,654
354,27,442
355,27,485
356,27,894
357,27,799
358,27,552
359,27,563
360,27,453
361,27,460
362,27,1012
363,27,406
364,27,698
365,27,925
366,27,523
367,27,306
368,27,745
369,27,257
370,27,133
371,27,922
372,27,136
373,27,592
374,27,45
375,27,891
376,27,719
377,27,233
378,27,849
379,27,546
380,27,560
381,27,483
382,27,803
383,27,653
384,27,683
385,27,273
386,27,568
387,27,828
388,27,924
389,27,615
390,27,343
391,27,823
392,27,804
393,27,876
394,27,665
395,27,318
396,27,235
397,27,524
398,27,468
399,27,243
0,28,524
1,28,150
2,28,371
3,28,463
4,28,827
5,28,954
6,28,1006
7,28,659
8,28,343
9,28,460
10,28,557
11,28,246
12,28,466
13,28,786
14,28,682
15,28,617
16,28,784
17,28,882
18,28,489
19,28,308
20,28,712
21,28,0
22,28,432
23,28,236
24,28,715
25,28,406
26,28,315
27,28,287
28,28,901
29,28,110
30,28,656
31,28,490
32,28,1013
33,28,280
34,28,707
35,28,117
36,28,440
37,28,380
38,28,596
39,28,750
40,28,997
41,28,891
42,28,665
43,28,107
44,28,67
45,28,878
46,28,723
47,28,245
48,28,664
49,28,767
50,28,336
51,28,749
52,28,783
53,28,487
54,28,931
55,28,973
56,28,654
57,28,298
58,28,370
59,28,594
60,28,714
61,28,476
62,28,747
63,28,877
64,28,775
65,28,553
66,28,491
67,28,874
68,28,431
69,28,813
70,28,430
71,28,327
72,28,649
73,28,818
74,28,13
75,28,507
76,28,616
77,28,170
78,28,648
79,28,781
80,28,861
81,28,778
82,28,626
83,28,257
84,28,252
85,28,696
86,28,989
87,28,186
88,28,969
89,28,686
90,28,906
91,28,235
92,28,627
93,28,220
94,28,601
95,28,887
96,28,249
97,28,883
98,28,435
99,28,623
100,28,979
101,28,647
102,28,595
103,28,590
104,28,695
105,28,612
106,28,167
107,28,266
108,28,492
109,28,628
110,28,279
111,28,552
112,28,283
113,28,822
114,28,434
115,28,449
116,28,345
117,28,44
118,28,101
119,28,725
120,28,868
121,28,532
122,28,683
123,28,748
124,28,137
125,28,334
126,28,105
127,28,326
128,28,592
129,28,204
130,28,461
131,28,985
132,28,16
133,28,519
134,28,619
135,28,330
136,28,746
137,28,911
138,28,230
139,28,624
140,28,51
141,28,758
142,28,607
143,28,114
144,28,173
145,28,757
146,28,852
147,28,243
148,28,190
149,28,97
150,28,892
151,28,613
152,28,534
153,28,317
154,28,239
155,28,535
156,28,1
157,28,951
158,28,793
159,28,754
160,28,73
161,28,504
162,28,121
163,28,98
164,28,433
165,28,135
166,28,368
167,28,838
168,28,646
169,28,658
170,28,494
171,28,473
172,28,331
173,28,165
174,28,865
175,28,854
176,28,47
177,28,688
178,28,876
179,28,233
180,28,1003
181,28,921
182,28,684
183,28,573
184,28,261
185,28,562
186,28,843
187,28,20
188,28,256
189,28,743
190,28,369
191,28,468
192,28,396
193,28,905
194,28,580
195,28,938
196,28,520
197,28,953
198,28,526
199,28,309
200,28,410
201,28,563
202,28,980
203,28,674
204,28,273
205,28,23
206,28,549
207,28,201
208,28,571
209,28,661
210,28,218
211,28,667
212,28,705
213,28,134
214,28,212
215,28,133
216,28,983
217,28,804
218,28,566
219,28,897
220,28,984
221,28,329
222,28,156
223,28,618
224,28,499
225,28,450
226,28,889
227,28,1020
228,28,200
229,28,711
230,28,251
231,28,27
232,28,36
233,28,184
234,28,857
235,28,219
236,28,442
237,28,21
238,28,772
239,28,361
240,28,344
241,28,462
242,28,602
243,28,794
244,28,533
245,28,839
246,28,753
247,28,393
248,28,144
249,28,350
250,28,242
251,28,982
252,28,403
253,28,149
254,28,48
255,28,160
256,28,306
257,28,692
258,28,5
259,28,965
260,28,34
261,28,625
262,28,762
263,28,318
264,28,885
265,28,363
266,28,127
267,28,202
268,28,267
269,28,564
270,28,454
271,28,528
272,28,632
273,28,223
274,28,521
275,28,214
276,28,299
277,28,545
278,28,342
279,28,924
280,28,952
281,28,294
282,28,216
283,28,869
284,28,321
285,28,297
286,28,930
287,28,697
288,28,842
289,28,650
290,28,401
291,28,138
292,28,629
293,28,140
294,28,574
295,28,630
296,28,364
297,28,536
298,28,241
299,28,52
300,28,453
301,28,422
302,28,41
303,28,660
304,28,412
305,28,332
306,28,752
307,28,482
308,28,379
309,28,516
310,28,662
311,28,527
312,28,284
313,28,367
314,28,837
315,28,525
316,28,120
317,28,429
318,28,467
319,28,728
320,28,663
321,28,633
322,28,943
323,28,464
324,28,8
325,28,197
326,28,312
327,28,690
328,28,131
329,28,622
330,28,142
331,28,349
332,28,956
333,28,586
334,28,792
335,28,496
336,28,228
337,28,402
338,28,70
339,28,701
340,28,691
341,28,693
342,28,304
343,28,193
344,28,119
345,28,1005
346,28,763
347,28,340
348,28,737
349,28,976
350,28,310
351,28,189
352,28,912
353,28,653
354,28,443
355,28,517
356,28,926
357,28,799
358,28,551
359,28,531
360,28,421
361,28,428
362,28,1012
363,28,374
364,28,730
365,28,893
366,28,555
367,28,274
368,28,713
369,28,225
370,28,132
371,28,922
372,28,104
373,28,560
374,28,45
375,28,890
376,28,751
377,28,265
378,28,849
379,28,578
380,28,559
381,28,451
382,28,771
383,28,652
384,28,651
385,28,305
386,28,568
387,28,828
388,28,923
389,28,615
390,28,311
391,28,824
392,28,805
393,28,875
394,28,666
395,28,319
396,28,203
397,28,523
398,28,469
399,28,244
0,29,556
1,29,118
2,29,339
3,29,462
4,29,795
5,29,986
6,29,1006
7,29,660
8,29,311
9,29,461
10,29,589
11,29,214
12,29,467
13,29,787
14,29,683
15,29,618
16,29,784
17,29,881
18,29,521
19,29,309
20,29,711
21,29,0
22,29,464
23,29,236
24,29,715
25,29,406
26,29,315
27,29,286
28,29,901
29,29,109
30,29,688
31,29,491
32,29,1013
33,29,279
34,29,675
35,29,149
36,29,440
37,29,380
38,29,628
39,29,749
40,29,997
41,29,859
42,29,697
43,29,107
44,29,67
45,29,877
46,29,722
47,29,244
48,29,632
49,29,767
50,29,368
51,29,781
52,29,783
53,29,487
54,29,932
55,29,972
56,29,655
57,29,266
58,29,371
59,29,562
60,29,714
61,29,476
62,29,779
63,29,909
64,29,776
65,29,553
66,29,523
67,29,875
68,29,431
69,29,813
70,29,429
71,29,328
72,29,617
73,29,850
74,29,14
75,29,506
76,29,616
77,29,202
78,29,647
79,29,780
80,29,893
81,29,746
82,29,625
83,29,225
84,29,284
85,29,664
86,29,1021
87,29,186
88,29,968
89,29,686
90,29,907
91,29,203
92,29,659
93,29,220
94,29,633
95,29,887
96,29,250
97,29,883
98,29,434
99,29,623
100,29,980
101,29,646
102,29,594
103,29,622
104,29,696
105,29,612
106,29,135
107,29,267
108,29,492
109,29,627
110,29,278
111,29,551
112,29,251
113,29,790
114,29,433
115,29,450
116,29,313
117,29,44
118,29,101
119,29,725
120,29,868
121,29,533
122,29,684
123,29,748
124,29,138
125,29,334
126,29,104
127,29,358
128,29,624
129,29,204
130,29,493
131,29,1017
132,29,16
133,29,518
134,29,619
135,29,298
136,29,745
137,29,912
138,29,229
139,29,656
140,29,19
141,29,758
142,29,607
143,29,114
144,29,173
145,29,757
146,29,852
147,29,243
148,29,190
149,29,96
150,29,924
151,29,613
152,29,534
153,29,318
154,29,238
155,29,567
156,29,2
157,29,952
158,29,794
159,29,786
160,29,105
161,29,504
162,29,120
163,29,98
164,29,432
165,29,134
166,29,367
167,29,870
168,29,678
169,29,626
170,29,526
171,29,473
172,29,330
173,29,165
174,29,865
175,29,854
176,29,48
177,29,689
178,29,844
179,29,265
180,29,1003
181,29,921
182,29,716
183,29,574
184,29,261
185,29,563
186,29,843
187,29,21
188,29,256
189,29,775
190,29,369
191,29,436
192,29,364
193,29,906
194,29,580
195,29,938
196,29,552
197,29,954
198,29,527
199,29,277
200,29,378
201,29,595
202,29,948
203,29,706
204,29,272
205,29,55
206,29,581
207,29,233
208,29,571
209,29,693
210,29,218
211,29,667
212,29,737
213,29,102
214,29,211
215,29,132
216,29,982
217,29,803
218,29,566
219,29,929
220,29,985
221,29,329
222,29,156
223,29,650
224,29,531
225,29,482
226,29,888
227,29,1020
228,29,201
229,29,743
230,29,252
231,29,27
232,29,36
233,29,184
234,29,857
235,29,219
236,29,410
237,29,22
238,29,804
239,29,393
240,29,376
241,29,494
242,29,570
243,29,826
244,29,565
245,29,840
246,29,785
247,29,392
248,29,112
249,29,349
250,29,241
251,29,981
252,29,435
253,29,150
254,29,49
255,29,160
256,29,338
257,29,724
258,29,5
259,29,965
260,29,34
261,29,657
262,29,763
263,29,350
264,29,886
265,29,362
266,29,127
267,29,234
268,29,235
269,29,596
270,29,422
271,29,528
272,29,600
273,29,223
274,29,520
275,29,215
276,29,299
277,29,545
278,29,374
279,29,923
280,29,984
281,29,294
282,29,216
283,29,869
284,29,289
285,29,297
286,29,930
287,29,698
288,29,842
289,29,649
290,29,402
291,29,170
292,29,629
293,29,140
294,29,542
295,29,630
296,29,363
297,29,535
298,29,240
299,29,20
300,29,454
301,29,421
302,29,41
303,29,661
304,29,444
305,29,331
306,29,753
307,29,514
308,29,379
309,29,515
310,29,662
311,29,559
312,29,283
313,29,366
314,29,838
315,29,557
316,29,119
317,29,428
318,29,468
319,29,728
320,29,695
321,29,665
322,29,942
323,29,496
324,29,8
325,29,197
326,29,344
327,29,658
328,29,130
329,29,654
330,29,110
331,29,317
332,29,957
333,29,586
334,29,792
335,29,497
336,29,228
337,29,370
338,29,70
339,29,701
340,29,723
341,29,694
342,29,336
343,29,161
344,29,87
345,29,1005
346,29,731
347,29,341
348,29,738
349,29,976
350,29,342
351,29,157
352,29,880
353,29,652
354,29,442
355,29,549
356,29,958
357,29,799
358,29,519
359,29,532
360,29,453
361,29,460
362,29,1012
363,29,373
364,29,762
365,29,925
366,29,587
367,29,242
368,29,681
369,29,226
370,29,131
371,29,922
372,29,136
373,29,592
374,29,45
375,29,858
376,29,751
377,29,264
378,29,849
379,29,610
380,29,560
381,29,419
382,29,739
383,29,620
384,29,651
385,29,305
386,29,568
387,29,828
388,29,891
389,29,615
390,29,312
391,29,825
392,29,837
393,29,876
394,29,666
395,29,287
396,29,171
397,29,524
398,29,470
399,29,212
0,30,524
1,30,119
2,30,340
3,30,463
4,30,763
5,30,954
6,30,1006
7,30,661
8,30,343
9,30,462
10,30,590
11,30,213
12,30,468
13,30,787
14,30,684
15,30,586
16,30,816
17,30,913
18,30,520
19,30,310
20,30,710
21,30,0
22,30,464
23,30,236
24,30,714
25,30,407
26,30,283
27,30,318
28,30,901
29,30,110
30,30,656
31,30,492
32,30,1013
33,30,278
34,30,643
35,30,149
36,30,440
37,30,380
38,30,660
39,30,717
40,30,997
41,30,827
42,30,698
43,30,107
44,30,67
45,30,876
46,30,754
47,30,243
48,30,600
49,30,767
50,30,400
51,30,782
52,30,783
53,30,487
54,30,933
55,30,971
56,30,687
57,30,267
58,30,403
59,30,561
60,30,746
61,30,477
62,30,780
63,30,877
64,30,775
65,30,521
66,30,522
67,30,907
68,30,432
69,30,813
70,30,428
71,30,329
72,30,618
73,30,882
74,30,46
75,30,506
76,30,616
77,30,234
78,30,646
79,30,781
80,30,892
81,30,747
82,30,625
83,30,193
84,30,285
85,30,632
86,30,1020
87,30,187
88,30,967
89,30,686
90,30,908
91,30,202
92,30,691
93,30,220
94,30,665
95,30,855
96,30,251
97,30,883
98,30,402
99,30,622
100,30,981
101,30,645
102,30,562
103,30,621
104,30,664
105,30,612
106,30,136
107,30,235
108,30,460
109,30,626
110,30,246
111,30,519
112,30,219
113,30,790
114,30,434
115,30,450
116,30,281
117,30,44
118,30,101
119,30,724
120,30,868
121,30,532
122,30,685
123,30,748
124,30,170
125,30,302
126,30,103
127,30,358
128,30,624
129,30,204
130,30,525
131,30,985
132,30,16
133,30,486
134,30,620
135,30,266
136,30,713
137,30,944
138,30,261
139,30,657
140,30,20
141,30,758
142,30,607
143,30,114
144,30,173
145,30,757
146,30,852
147,30,242
148,30,190
149,30,96
150,30,923
151,30,614
152,30,534
153,30,319
154,30,206
155,30,599
156,30,3
157,30,952
158,30,795
159,30,786
160,30,104
161,30,504
162,30,88
163,30,97
164,30,433
165,30,102
166,30,367
167,30,838
168,30,677
169,30,594
170,30,494
171,30,473
172,30,330
173,30,165
174,30,865
175,30,822
176,30,80
177,30,690
178,30,845
179,30,264
180,30,1003
181,30,921
182,30,715
183,30,575
184,30,293
185,30,564
186,30,843
187,30,22
188,30,256
189,30,743
190,30,369
191,30,435
192,30,332
193,30,938
194,30,580
195,30,970
196,30,553
197,30,955
198,30,528
199,30,309
200,30,346
201,30,627
202,30,980
203,30,738
204,30,240
205,30,56
206,30,613
207,30,201
208,30,571
209,30,725
210,30,186
211,30,667
212,30,769
213,30,70
214,30,179
215,30,131
216,30,1014
217,30,771
218,30,566
219,30,929
220,30,953
221,30,297
222,30,188
223,30,682
224,30,563
225,30,514
226,30,887
227,30,988
228,30,200
229,30,744
230,30,252
231,30,27
232,30,36
233,30,184
234,30,858
235,30,218
236,30,378
237,30,23
238,30,836
239,30,392
240,30,344
241,30,493
242,30,538
243,30,825
244,30,533
245,30,841
246,30,784
247,30,424
248,30,112
249,30,350
250,30,273
251,30,982
252,30,467
253,30,118
254,30,81
255,30,160
256,30,339
257,30,723
258,30,5
259,30,965
260,30,34
261,30,689
262,30,762
263,30,382
264,30,854
265,30,361
266,30,127
267,30,233
268,30,203
269,30,595
270,30,390
271,30,560
272,30,601
273,30,223
274,30,552
275,30,214
276,30,298
277,30,545
278,30,406
279,30,891
280,30,983
281,30,294
282,30,216
283,30,869
284,30,257
285,30,265
286,30,930
287,30,730
288,30,842
289,30,617
290,30,370
291,30,171
292,30,628
293,30,140
294,30,541
295,30,630
296,30,362
297,30,535
298,30,241
299,30,21
300,30,422
301,30,453
302,30,41
303,30,662
304,30,476
305,30,299
306,30,785
307,30,513
308,30,379
309,30,483
310,30,694
311,30,527
312,30,284
313,30,334
314,30,837
315,30,589
316,30,120
317,30,396
318,30,469
319,30,728
320,30,696
321,30,697
322,30,941
323,30,496
324,30,8
325,30,197
326,30,345
327,30,658
328,30,98
329,30,655
330,30,142
331,30,317
332,30,958
333,30,587
334,30,792
335,30,465
336,30,228
337,30,338
338,30,69
339,30,701
340,30,755
341,30,695
342,30,368
343,30,129
344,30,55
345,30,1005
346,30,731
347,30,342
348,30,737
349,30,976
350,30,374
351,30,156
352,30,912
353,30,651
354,30,442
355,30,581
356,30,990
357,30,799
358,30,518
359,30,531
360,30,454
361,30,461
362,30,1012
363,30,341
364,30,794
365,30,893
366,30,619
367,30,210
368,30,681
369,30,194
370,30,130
371,30,922
372,30,137
373,30,592
374,30,45
375,30,826
376,30,751
377,30,263
378,30,849
379,30,642
380,30,559
381,30,387
382,30,707
383,30,652
384,30,650
385,30,305
386,30,568
387,30,828
388,30,859
389,30,647
390,30,311
391,30,857
392,30,805
393,30,875
394,30,666
395,30,286
396,30,139
397,30,523
398,30,438
399,30,244
0,31,492
1,31,118
2,31,341
3,31,431
4,31,731
5,31,954
6,31,1006
7,31,662
8,31,311
9,31,463
10,31,589
11,31,212
12,31,436
13,31,819
14,31,685
15,31,618
16,31,784
17,31,913
18,31,552
19,31,309
20,31,710
21,31,0
22,31,464
23,31,236
24,31,713
25,31,408
26,31,251
27,31,286
28,31,901
29,31,142
30,31,624
31,31,491
32,31,1012
33,31,278
34,31,643
35,31,149
36,31,440
37,31,380
38,31,659
39,31,717
40,31,997
41,31,795
42,31,697
43,31,108
44,31,67
45,31,844
46,31,786
47,31,242
48,31,568
49,31,767
50,31,432
51,31,814
52,31,782
53,31,487
54,31,933
55,31,970
56,31,688
57,31,266
58,31,404
59,31,561
60,31,778
61,31,509
62,31,781
63,31,878
64,31,775
65,31,520
66,31,521
67,31,875
68,31,433
69,31,845
70,31,460
71,31,330
72,31,617
73,31,914
74,31,47
75,31,505
76,31,584
77,31,233
78,31,614
79,31,813
80,31,893
81,31,748
82,31,625
83,31,161
84,31,284
85,31,600
86,31,1019
87,31,186
88,31,966
89,31,687
90,31,909
91,31,170
92,31,690
93,31,220
94,31,666
95,31,887
96,31,252
97,31,883
98,31,434
99,31,590
100,31,982
101,31,677
102,31,562
103,31,620
104,31,632
105,31,612
106,31,137
107,31,235
108,31,461
109,31,627
110,31,245
111,31,518
112,31,187
113,31,790
114,31,466
115,31,450
116,31,249
117,31,44
118,31,69
119,31,692
120,31,867
121,31,531
122,31,686
123,31,780
124,31,171
125,31,302
126,31,102
127,31,390
128,31,592
129,31,205
130,31,557
131,31,985
132,31,16
133,31,486
134,31,619
135,31,234
136,31,712
137,31,945
138,31,260
139,31,658
140,31,21
141,31,757
142,31,639
143,31,114
144,31,173
145,31,725
146,31,852
147,31,210
148,31,190
149,31,96
150,31,955
151,31,615
152,31,534
153,31,319
154,31,174
155,31,631
156,31,4
157,31,952
158,31,763
159,31,785
160,31,104
161,31,504
162,31,120
163,31,98
164,31,401
165,31,101
166,31,368
167,31,870
168,31,709
169,31,595
170,31,494
171,31,473
172,31,298
173,31,165
174,31,865
175,31,854
176,31,112
177,31,689
178,31,877
179,31,263
180,31,1003
181,31,921
182,31,747
183,31,607
184,31,261
185,31,565
186,31,843
187,31,23
188,31,256
189,31,743
190,31,370
191,31,467
192,31,333
193,31,939
194,31,580
195,31,938
196,31,554
197,31,956
198,31,529
199,31,277
200,31,345
201,31,628
202,31,981
203,31,737
204,31,208
205,31,88
206,31,645
207,31,202
208,31,571
209,31,724
210,31,218
211,31,635
212,31,801
213,31,38
214,31,179
215,31,163
216,31,1013
217,31,772
218,31,566
219,31,929
220,31,953
221,31,329
222,31,156
223,31,714
224,31,564
225,31,546
226,31,886
227,31,1020
228,31,201
229,31,745
230,31,253
231,31,27
232,31,36
233,31,184
234,31,859
235,31,219
236,31,346
237,31,55
238,31,868
239,31,424
240,31,312
241,31,493
242,31,506
243,31,793
244,31,532
245,31,842
246,31,783
247,31,423
248,31,113
249,31,318
250,31,305
251,31,1014
252,31,468
253,31,86
254,31,81
255,31,160
256,31,340
257,31,755
258,31,5
259,31,965
260,31,34
261,31,657
262,31,762
263,31,414
264,31,855
265,31,393
266,31,127
267,31,265
268,31,204
269,31,563
270,31,422
271,31,559
272,31,602
273,31,223
274,31,551
275,31,214
276,31,297
277,31,545
278,31,407
279,31,892
280,31,951
281,31,294
282,31,216
283,31,869
284,31,225
285,31,264
286,31,930
287,31,698
288,31,810
289,31,616
290,31,371
291,31,203
292,31,596
293,31,140
294,31,541
295,31,630
296,31,361
297,31,535
298,31,241
299,31,22
300,31,454
301,31,485
302,31,41
303,31,694
304,31,477
305,31,267
306,31,753
307,31,481
308,31,379
309,31,451
310,31,693
311,31,527
312,31,283
313,31,334
314,31,838
315,31,621
316,31,119
317,31,364
318,31,470
319,31,760
320,31,728
321,31,696
322,31,940
323,31,496
324,31,8
325,31,197
326,31,344
327,31,626
328,31,130
329,31,656
330,31,141
331,31,285
332,31,926
333,31,588
334,31,792
335,31,465
336,31,228
337,31,338
338,31,70
339,31,701
340,31,787
341,31,695
342,31,400
343,31,97
344,31,54
345,31,1005
346,31,730
347,31,343
348,31,705
349,31,976
350,31,375
351,31,155
352,31,912
353,31,650
354,31,442
355,31,613
356,31,991
357,31,799
358,31,550
359,31,499
360,31,453
361,31,462
362,31,980
363,31,342
364,31,826
365,31,861
366,31,651
367,31,178
368,31,681
369,31,195
370,31,162
371,31,922
372,31,105
373,31,560
374,31,45
375,31,825
376,31,751
377,31,231
378,31,849
379,31,674
380,31,558
381,31,355
382,31,675
383,31,653
384,31,682
385,31,306
386,31,567
387,31,828
388,31,891
389,31,679
390,31,310
391,31,858
392,31,837
393,31,874
394,31,667
395,31,287
396,31,107
397,31,523
398,31,406
399,31,244
0,32,493
1,32,150
2,32,342
3,32,430
4,32,699
5,32,954
6,32,1006
7,32,663
8,32,279
9,32,431
10,32,557
11,32,211
12,32,404
13,32,851
14,32,686
15,32,586
16,32,784
17,32,945
18,32,520
19,32,341
20,32,710
21,32,0
22,32,463
23,32,236
24,32,713
25,32,376
26,32,219
27,32,287
28,32,933
29,32,141
30,32,592
31,32,491
32,32,1013
33,32,277
34,32,643
35,32,149
36,32,440
37,32,380
38,32,691
39,32,717
40,32,997
41,32,763
42,32,665
43,32,107
44,32,67
45,32,812
46,32,818
47,32,241
48,32,569
49,32,767
50,32,464
51,32,815
52,32,750
53,32,487
54,32,934
55,32,1002
56,32,689
57,32,267
58,32,405
59,32,529
60,32,778
61,32,508
62,32,813
63,32,879
64,32,775
65,32,521
66,32,553
67,32,876
68,32,432
69,32,845
70,32,492
71,32,331
72,32,649
73,32,914
74,32,48
75,32,506
76,32,616
77,32,265
78,32,613
79,32,814
80,32,892
81,32,749
82,32,624
83,32,129
84,32,283
85,32,601
86,32,1018
87,32,186
88,32,966
89,32,719
90,32,941
91,32,170
92,32,722
93,32,220
94,32,698
95,32,887
96,32,284
97,32,883
98,32,435
99,32,589
100,32,983
101,32,709
102,32,561
103,32,652
104,32,600
105,32,612
106,32,137
107,32,234
108,32,460
109,32,627
110,32,244
111,32,518
112,32,155
113,32,790
114,32,434
115,32,450
116,32,217
117,32,44
118,32,101
119,32,693
120,32,868
121,32,499
122,32,687
123,32,748
124,32,171
125,32,334
126,32,102
127,32,390
128,32,560
129,32,204
130,32,525
131,32,985
132,32,16
133,32,486
134,32,619
135,32,202
136,32,711
137,32,946
138,32,292
139,32,626
140,32,22
141,32,757
142,32,671
143,32,146
144,32,173
145,32,724
146,32,852
147,32,242
148,32,190
149,32,64
150,32,955
151,32,583
152,32,534
153,32,319
154,32,142
155,32,631
156,32,5
157,32,952
158,32,731
159,32,785
160,32,104
161,32,504
162,32,120
163,32,98
164,32,401
165,32,100
166,32,369
167,32,838
168,32,708
169,32,563
170,32,462
171,32,473
172,32,298
173,32,165
174,32,865
175,32,854
176,32,113
177,32,690
178,32,878
179,32,295
180,32,1003
181,32,921
182,32,779
183,32,639
184,32,261
185,32,597
186,32,844
187,32,24
188,32,256
189,32,743
190,32,371
191,32,466
192,32,301
193,32,971
194,32,580
195,32,938
196,32,522
197,32,957
198,32,497
199,32,309
200,32,346
201,32,660
202,32,980
203,32,769
204,32,176
205,32,89
206,32,677
207,32,201
208,32,571
209,32,723
210,32,218
211,32,667
212,32,800
213,32,70
214,32,147
215,32,162
216,32,981
217,32,772
218,32,566
219,32,929
220,32,953
221,32,330
222,32,156
223,32,746
224,32,596
225,32,578
226,32,885
227,32,1020
228,32,233
229,32,777
230,32,252
231,32,27
232,32,36
233,32,184
234,32,859
235,32,187
236,32,347
237,32,87
238,32,869
239,32,423
240,32,280
241,32,494
242,32,474
243,32,794
244,32,532
245,32,843
246,32,782
247,32,422
248,32,114
249,32,318
250,32,306
251,32,982
252,32,469
253,32,86
254,32,81
255,32,160
256,32,340
257,32,787
258,32,6
259,32,965
260,32,34
261,32,625
262,32,762
263,32,413
264,32,856
265,32,394
266,32,127
267,32,266
268,32,172
269,32,562
270,32,454
271,32,558
272,32,570
273,32,223
274,32,550
275,32,214
276,32,297
277,32,545
278,32,439
279,32,891
280,32,951
281,32,294
282,32,216
283,32,901
284,32,193
285,32,264
286,32,930
287,32,697
288,32,842
289,32,615
290,32,339
291,32,203
292,32,595
293,32,140
294,32,541
295,32,630
296,32,393
297,32,535
298,32,209
299,32,23
300,32,453
301,32,517
302,32,41
303,32,662
304,32,478
305,32,235
306,32,754
307,32,449
308,32,379
309,32,419
310,32,725
311,32,527
312,32,315
313,32,333
314,32,837
315,32,653
316,32,119
317,32,363
318,32,502
319,32,792
320,32,760
321,32,664
322,32,972
323,32,496
324,32,8
325,32,197
326,32,345
327,32,594
328,32,131
329,32,657
330,32,109
331,32,285
332,32,894
333,32,588
334,32,793
335,32,433
336,32,228
337,32,338
338,32,69
339,32,701
340,32,819
341,32,696
342,32,400
343,32,96
344,32,54
345,32,1005
346,32,730
347,32,344
348,32,737
349,32,976
350,32,407
351,32,154
352,32,912
353,32,618
354,32,442
355,32,645
356,32,991
357,32,799
358,32,549
359,32,498
360,32,485
361,32,461
362,32,1012
363,32,310
364,32,858
365,32,893
366,32,650
367,32,179
368,32,681
369,32,163
370,32,161
371,32,922
372,32,106
373,32,559
374,32,45
375,32,826
376,32,751
377,32,230
378,32,849
379,32,706
380,32,590
381,32,355
382,32,674
383,32,654
384,32,682
385,32,274
386,32,568
387,32,828
388,32,923
389,32,679
390,32,311
391,32,890
392,32,836
393,32,875
394,32,666
395,32,255
396,32,75
397,32,523
398,32,374
399,32,243
0,33,461
1,33,150
2,33,343
3,33,429
4,33,667
5,33,954
6,33,1006
7,33,664
8,33,311
9,33,431
10,33,558
11,33,210
12,33,405
13,33,852
14,33,687
15,33,618
16,33,784
17,33,977
18,33,520
19,33,309
20,33,710
21,33,0
22,33,462
23,33,236
24,33,713
25,33,375
26,33,187
27,33,287
28,33,932
29,33,109
30,33,560
31,33,459
32,33,1013
33,33,245
34,33,643
35,33,149
36,33,440
37,33,380
38,33,723
39,33,717
40,33,997
41,33,731
42,33,633
43,33,107
44,33,67
45,33,811
46,33,850
47,33,240
48,33,570
49,33,767
50,33,463
51,33,847
52,33,751
53,33,487
54,33,933
55,33,1002
56,33,690
57,33,299
58,33,406
59,33,497
60,33,810
61,33,476
62,33,814
63,33,879
64,33,775
65,33,521
66,33,552
67,33,877
68,33,433
69,33,813
70,33,491
71,33,363
72,33,649
73,33,946
74,33,49
75,33,506
76,33,616
77,33,264
78,33,581
79,33,782
80,33,924
81,33,750
82,33,623
83,33,97
84,33,283
85,33,602
86,33,1017
87,33,186
88,33,966
89,33,719
90,33,973
91,33,171
92,33,721
93,33,220
94,33,730
95,33,887
96,33,252
97,33,883
98,33,435
99,33,557
100,33,951
101,33,708
102,33,561
103,33,652
104,33,601
105,33,613
106,33,137
107,33,235
108,33,428
109,33,626
110,33,212
111,33,517
112,33,156
113,33,790
114,33,434
115,33,450
116,33,185
117,33,44
118,33,101
119,33,661
120,33,869
121,33,467
122,33,688
123,33,748
124,33,172
125,33,334
126,33,103
127,33,390
128,33,528
129,33,204
130,33,525
131,33,985
132,33,16
133,33,486
134,33,619
135,33,170
136,33,679
137,33,978
138,33,291
139,33,594
140,33,23
141,33,725
142,33,639
143,33,178
144,33,173
145,33,724
146,33,820
147,33,242
148,33,190
149,33,65
150,33,955
151,33,551
152,33,534
153,33,319
154,33,141
155,33,663
156,33,6
157,33,920
158,33,699
159,33,785
160,33,104
161,33,504
162,33,120
163,33,98
164,33,402
165,33,68
166,33,369
167,33,838
168,33,707
169,33,531
170,33,430
171,33,473
172,33,298
173,33,165
174,33,865
175,33,854
176,33,114
177,33,691
178,33,878
179,33,327
180,33,1003
181,33,921
182,33,779
183,33,638
184,33,261
185,33,597
186,33,876
187,33,25
188,33,256
189,33,743
190,33,403
191,33,465
192,33,269
193,33,970
194,33,580
195,33,938
196,33,490
197,33,957
198,33,498
199,33,308
200,33,378
201,33,692
202,33,948
203,33,768
204,33,144
205,33,121
206,33,709
207,33,201
208,33,571
209,33,722
210,33,218
211,33,666
212,33,832
213,33,102
214,33,115
215,33,161
216,33,980
217,33,772
218,33,566
219,33,929
220,33,953
221,33,331
222,33,124
223,33,747
224,33,595
225,33,610
226,33,884
227,33,1020
228,33,234
229,33,778
230,33,251
231,33,27
232,33,36
233,33,184
234,33,858
235,33,155
236,33,348
237,33,119
238,33,901
239,33,422
240,33,279
241,33,494
242,33,442
243,33,794
244,33,532
245,33,844
246,33,781
247,33,421
248,33,146
249,33,318
250,33,338
251,33,982
252,33,470
253,33,87
254,33,113
255,33,160
256,33,341
257,33,819
258,33,38
259,33,965
260,33,34
261,33,624
262,33,763
263,33,445
264,33,857
265,33,426
266,33,127
267,33,267
268,33,140
269,33,563
270,33,454
271,33,559
272,33,538
273,33,223
274,33,518
275,33,214
276,33,265
277,33,545
278,33,471
279,33,892
280,33,952
281,33,294
282,33,216
283,33,902
284,33,193
285,33,263
286,33,930
287,33,665
288,33,842
289,33,614
290,33,340
291,33,202
292,33,627
293,33,108
294,33,541
295,33,630
296,33,392
297,33,535
298,33,241
299,33,24
300,33,453
301,33,549
302,33,41
303,33,662
304,33,510
305,33,203
306,33,786
307,33,417
308,33,379
309,33,420
310,33,693
311,33,526
312,33,315
313,33,333
314,33,837
315,33,685
316,33,118
317,33,362
318,33,503
319,33,791
320,33,792
321,33,632
322,33,971
323,33,496
324,33,8
325,33,197
326,33,346
327,33,562
328,33,132
329,33,658
330,33,110
331,33,285
332,33,894
333,33,589
334,33,793
335,33,401
336,33,228
337,33,370
338,33,70
339,33,701
340,33,851
341,33,697
342,33,432
343,33,64
344,33,54
345,33,1005
346,33,762
347,33,345
348,33,737
349,33,976
350,33,439
351,33,122
352,33,912
353,33,617
354,33,410
355,33,677
356,33,991
357,33,799
358,33,550
359,33,499
360,33,485
361,33,460
362,33,1012
363,33,278
364,33,890
365,33,893
366,33,682
367,33,147
368,33,681
369,33,164
370,33,129
371,33,922
372,33,106
373,33,527
374,33,45
375,33,826
376,33,783
377,33,229
378,33,849
379,33,738
380,33,590
381,33,355
382,33,673
383,33,655
384,33,683
385,33,306
386,33,568
387,33,828
388,33,923
389,33,680
390,33,312
391,33,891
392,33,868
393,33,875
394,33,698
395,33,254
396,33,43
397,33,523
398,33,342
399,33,244
0,34,460
1,34,150
2,34,344
3,34,428
4,34,635
5,34,955
6,34,1006
7,34,665
8,34,279
9,34,463
10,34,557
11,34,209
12,34,373
13,34,820
14,34,688
15,34,618
16,34,784
17,34,1009
18,34,520
19,34,310
20,34,710
21,34,0
22,34,461
23,34,236
24,34,713
25,34,374
26,34,155
27,34,287
28,34,900
29,34,110
30,34,560
31,34,491
32,34,1013
33,34,213
34,34,643
35,34,149
36,34,441
37,34,380
38,34,755
39,34,749
40,34,997
41,34,699
42,34,633
43,34,139
44,34,67
45,34,810
46,34,849
47,34,208
48,34,538
49,34,767
50,34,462
51,34,848
52,34,783
53,34,487
54,34,934
55,34,1002
56,34,691
57,34,298
58,34,438
59,34,465
60,34,809
61,34,476
62,34,815
63,34,847
64,34,775
65,34,521
66,34,552
67,34,877
68,34,432
69,34,813
70,34,523
71,34,363
72,34,649
73,34,978
74,34,81
75,34,507
76,34,584
77,34,263
78,34,580
79,34,781
80,34,924
81,34,751
82,34,622
83,34,98
84,34,283
85,34,570
86,34,985
87,34,186
88,34,966
89,34,687
90,34,973
91,34,170
92,34,720
93,34,220
94,34,762
95,34,887
96,34,252
97,34,884
98,34,434
99,34,556
100,34,952
101,34,707
102,34,561
103,34,652
104,34,569
105,34,645
106,34,137
107,34,267
108,34,396
109,34,625
110,34,211
111,34,516
112,34,124
113,34,790
114,34,402
115,34,450
116,34,185
117,34,44
118,34,101
119,34,662
120,34,870
121,34,467
122,34,689
123,34,716
124,34,173
125,34,334
126,34,104
127,34,422
128,34,496
129,34,203
130,34,525
131,34,986
132,34,16
133,34,518
134,34,619
135,34,138
136,34,678
137,34,1010
138,34,323
139,34,562
140,34,24
141,34,725
142,34,607
143,34,146
144,34,174
145,34,723
146,34,819
147,34,242
148,34,190
149,34,97
150,34,956
151,34,519
152,34,533
153,34,319
154,34,140
155,34,695
156,34,38
157,34,921
158,34,667
159,34,785
160,34,136
161,34,504
162,34,88
163,34,130
164,34,401
165,34,36
166,34,370
167,34,838
168,34,706
169,34,531
170,34,430
171,34,473
172,34,297
173,34,165
174,34,865
175,34,854
176,34,115
177,34,692
178,34,878
179,34,326
180,34,1003
181,34,953
182,34,811
183,34,670
184,34,293
185,34,597
186,34,875
187,34,25
188,34,256
189,34,743
190,34,435
191,34,433
192,34,237
193,34,969
194,34,612
195,34,938
196,34,490
197,34,957
198,34,466
199,34,309
200,34,378
201,34,724
202,34,947
203,34,800
204,34,112
205,34,153
206,34,741
207,34,201
208,34,571
209,34,754
210,34,218
211,34,666
212,34,864
213,34,103
214,34,147
215,34,162
216,34,948
217,34,772
218,34,566
219,34,929
220,34,954
221,34,331
222,34,92
223,34,748
224,34,627
225,34,610
226,34,916
227,34,1020
228,34,235
229,34,778
230,34,251
231,34,27
232,34,35
233,34,184
234,34,859
235,34,123
236,34,316
237,34,120
238,34,933
239,34,421
240,34,278
241,34,494
242,34,410
243,34,826
244,34,532
245,34,876
246,34,780
247,34,420
248,34,114
249,34,318
250,34,339
251,34,982
252,34,502
253,34,87
254,34,145
255,34,160
256,34,342
257,34,818
258,34,37
259,34,965
260,34,34
261,34,623
262,34,795
263,34,477
264,34,858
265,34,458
266,34,127
267,34,299
268,34,108
269,34,595
270,34,454
271,34,559
272,34,506
273,34,223
274,34,550
275,34,214
276,34,264
277,34,545
278,34,503
279,34,893
280,34,920
281,34,294
282,34,216
283,34,901
284,34,193
285,34,231
286,34,930
287,34,697
288,34,842
289,34,613
290,34,341
291,34,202
292,34,626
293,34,107
294,34,541
295,34,631
296,34,392
297,34,534
298,34,241
299,34,56
300,34,453
301,34,581
302,34,41
303,34,630
304,34,511
305,34,171
306,34,787
307,34,385
308,34,379
309,34,419
310,34,693
311,34,527
312,34,315
313,34,333
314,34,837
315,34,717
316,34,119
317,34,361
318,34,535
319,34,792
320,34,793
321,34,632
322,34,970
323,34,464
324,34,8
325,34,197
326,34,347
327,34,563
328,34,132
329,34,690
330,34,142
331,34,285
332,34,894
333,34,590
334,34,794
335,34,369
336,34,228
337,34,338
338,34,70
339,34,701
340,34,883
341,34,698
342,34,431
343,34,32
344,34,54
345,34,1005
346,34,763
347,34,346
348,34,737
349,34,976
350,34,440
351,34,121
352,34,912
353,34,616
354,34,409
355,34,709
356,34,991
357,34,799
358,34,551
359,34,499
360,34,485
361,34,492
362,34,1012
363,34,277
364,34,922
365,34,925
366,34,714
367,34,148
368,34,681
369,34,164
370,34,161
371,34,923
372,34,106
373,34,528
374,34,45
375,34,825
376,34,782
377,34,261
378,34,881
379,34,770
380,34,558
381,34,355
382,34,673
383,34,656
384,34,682
385,34,305
386,34,568
387,34,828
388,34,891
389,34,712
390,34,311
391,34,892
392,34,869
393,34,907
394,34,730
395,34,286
396,34,43
397,34,555
398,34,343
399,34,245
0,35,461
1,35,150
2,35,345
3,35,460
4,35,603
5,35,987
6,35,1006
7,35,666
8,35,280
9,35,463
10,35,556
11,35,208
12,35,374
13,35,788
14,35,689
15,35,618
16,35,784
17,35,1008
18,35,520
19,35,311
20,35,710
21,35,1
22,35,462
23,35,235
24,35,745
25,35,342
26,35,187
27,35,287
28,35,901
29,35,109
30,35,561
31,35,491
32,35,1013
33,35,212
34,35,643
35,35,149
36,35,473
37,35,380
38,35,754
39,35,717
40,35,997
41,35,699
42,35,665
43,35,107
44,35,67
45,35,809
46,35,817
47,35,207
48,35,539
49,35,767
50,35,494
51,35,849
52,35,783
53,35,487
54,35,933
55,35,1002
56,35,692
57,35,298
58,35,439
59,35,464
60,35,808
61,35,476
62,35,847
63,35,848
64,35,775
65,35,521
66,35,584
67,35,877
68,35,400
69,35,781
70,35,555
71,35,363
72,35,649
73,35,1010
74,35,113
75,35,506
76,35,616
77,35,231
78,35,548
79,35,780
80,35,892
81,35,752
82,35,621
83,35,99
84,35,283
85,35,538
86,35,984
87,35,186
88,35,998
89,35,686
90,35,973
91,35,138
92,35,719
93,35,220
94,35,762
95,35,887
96,35,252
97,35,884
98,35,434
99,35,524
100,35,952
101,35,739
102,35,529
103,35,652
104,35,570
105,35,645
106,35,137
107,35,266
108,35,364
109,35,624
110,35,210
111,35,515
112,35,92
113,35,790
114,35,402
115,35,450
116,35,153
117,35,44
118,35,101
119,35,663
120,35,838
121,35,435
122,35,690
123,35,748
124,35,174
125,35,334
126,35,103
127,35,454
128,35,497
129,35,202
130,35,557
131,35,985
132,35,16
133,35,518
134,35,619
135,35,106
136,35,646
137,35,1011
138,35,322
139,35,562
140,35,56
141,35,724
142,35,607
143,35,114
144,35,142
145,35,755
146,35,820
147,35,242
148,35,190
149,35,96
150,35,955
151,35,551
152,35,533
153,35,319
154,35,140
155,35,695
156,35,39
157,35,920
158,35,635
159,35,785
160,35,104
161,35,504
162,35,120
163,35,98
164,35,433
165,35,35
166,35,338
167,35,839
168,35,705
169,35,531
170,35,430
171,35,505
172,35,297
173,35,165
174,35,865
175,35,854
176,35,147
177,35,660
178,35,878
179,35,326
180,35,1003
181,35,921
182,35,811
183,35,669
184,35,261
185,35,597
186,35,843
187,35,24
188,35,256
189,35,743
190,35,436
191,35,465
192,35,237
193,35,968
194,35,580
195,35,938
196,35,490
197,35,957
198,35,467
199,35,310
200,35,377
201,35,723
202,35,948
203,35,832
204,35,80
205,35,154
206,35,709
207,35,201
208,35,571
209,35,786
210,35,218
211,35,667
212,35,896
213,35,135
214,35,179
215,35,163
216,35,916
217,35,772
218,35,566
219,35,929
220,35,953
221,35,299
222,35,93
223,35,749
224,35,659
225,35,610
226,35,915
227,35,1020
228,35,203
229,35,810
230,35,251
231,35,27
232,35,3
233,35,184
234,35,891
235,35,155
236,35,284
237,35,121
238,35,965
239,35,422
240,35,246
241,35,493
242,35,378
243,35,794
244,35,532
245,35,908
246,35,779
247,35,421
248,35,115
249,35,318
250,35,340
251,35,982
252,35,534
253,35,87
254,35,146
255,35,160
256,35,343
257,35,850
258,35,5
259,35,966
260,35,34
261,35,655
262,35,796
263,35,509
264,35,859
265,35,459
266,35,127
267,35,267
268,35,76
269,35,627
270,35,486
271,35,558
272,35,474
273,35,223
274,35,549
275,35,214
276,35,263
277,35,545
278,35,503
279,35,861
280,35,919
281,35,294
282,35,216
283,35,869
284,35,193
285,35,199
286,35,930
287,35,697
288,35,842
289,35,612
290,35,309
291,35,170
292,35,658
293,35,108
294,35,541
295,35,630
296,35,392
297,35,535
298,35,241
299,35,88
300,35,453
301,35,613
302,35,41
303,35,662
304,35,511
305,35,139
306,35,819
307,35,386
308,35,379
309,35,420
310,35,725
311,35,527
312,35,315
313,35,333
314,35,837
315,35,716
316,35,119
317,35,393
318,35,567
319,35,760
320,35,825
321,35,632
322,35,969
323,35,496
324,35,8
325,35,197
326,35,348
327,35,595
328,35,132
329,35,691
330,35,110
331,35,285
332,35,894
333,35,622
334,35,793
335,35,369
336,35,228
337,35,306
338,35,70
339,35,701
340,35,883
341,35,698
342,35,432
343,35,0
344,35,54
345,35,1005
346,35,795
347,35,347
348,35,737
349,35,976
350,35,441
351,35,89
352,35,912
353,35,615
354,35,410
355,35,708
356,35,991
357,35,799
358,35,552
359,35,499
360,35,485
361,35,492
362,35,1012
363,35,276
364,35,954
365,35,925
366,35,713
367,35,116
368,35,681
369,35,164
370,35,162
371,35,922
372,35,105
373,35,560
374,35,45
375,35,826
376,35,750
377,35,260
378,35,881
379,35,802
380,35,526
381,35,355
382,35,673
383,35,657
384,35,682
385,35,305
386,35,568
387,35,828
388,35,923
389,35,744
390,35,279
391,35,893
392,35,870
393,35,875
394,35,730
395,35,286
396,35,43
397,35,554
398,35,344
399,35,245
0,36,460
1,36,150
2,36,346
3,36,492
4,36,571
5,36,955
6,36,1006
7,36,667
8,36,279
9,36,462
10,36,588
11,36,207
12,36,342
13,36,788
14,36,690
15,36,618
16,36,784
17,36,1008
18,36,520
19,36,312
20,36,710
21,36,2
22,36,461
23,36,234
24,36,713
25,36,310
26,36,188
27,36,287
28,36,901
29,36,141
30,36,560
31,36,459
32,36,1013
33,36,211
34,36,643
35,36,149
36,36,472
37,36,381
38,36,786
39,36,717
40,36,998
41,36,699
42,36,665
43,36,106
44,36,99
45,36,808
46,36,816
47,36,206
48,36,540
49,36,767
50,36,526
51,36,850
52,36,783
53,36,487
54,36,933
55,36,1002
56,36,693
57,36,266
58,36,440
59,36,463
60,36,807
61,36,476
62,36,848
63,36,849
64,36,775
65,36,521
66,36,584
67,36,877
68,36,400
69,36,781
70,36,587
71,36,363
72,36,649
73,36,1010
74,36,114
75,36,506
76,36,616
77,36,199
78,36,516
79,36,779
80,36,891
81,36,753
82,36,620
83,36,100
84,36,251
85,36,537
86,36,983
87,36,218
88,36,966
89,36,686
90,36,973
91,36,170
92,36,751
93,36,219
94,36,794
95,36,887
96,36,220
97,36,883
98,36,402
99,36,556
100,36,953
101,36,771
102,36,529
103,36,652
104,36,538
105,36,613
106,36,137
107,36,265
108,36,332
109,36,623
110,36,178
111,36,514
112,36,60
113,36,790
114,36,370
115,36,450
116,36,154
117,36,44
118,36,101
119,36,664
120,36,837
121,36,434
122,36,691
123,36,749
124,36,175
125,36,334
126,36,102
127,36,453
128,36,465
129,36,201
130,36,589
131,36,985
132,36,16
133,36,518
134,36,619
135,36,74
136,36,645
137,36,979
138,36,354
139,36,561
140,36,56
141,36,724
142,36,607
143,36,115
144,36,174
145,36,787
146,36,852
147,36,242
148,36,190
149,36,96
150,36,923
151,36,550
152,36,534
153,36,319
154,36,139
155,36,695
156,36,40
157,36,952
158,36,635
159,36,785
160,36,104
161,36,504
162,36,121
163,36,98
164,36,433
165,36,67
166,36,339
167,36,838
168,36,737
169,36,531
170,36,430
171,36,505
172,36,298
173,36,165
174,36,865
175,36,854
176,36,148
177,36,661
178,36,878
179,36,326
180,36,1003
181,36,921
182,36,810
183,36,701
184,36,261
185,36,597
186,36,843
187,36,23
188,36,256
189,36,743
190,36,437
191,36,464
192,36,237
193,36,1000
194,36,581
195,36,938
196,36,490
197,36,957
198,36,468
199,36,309
200,36,409
201,36,755
202,36,980
203,36,864
204,36,80
205,36,186
206,36,709
207,36,233
208,36,570
209,36,818
210,36,250
211,36,668
212,36,928
213,36,135
214,36,179
215,36,162
216,36,916
217,36,772
218,36,567
219,36,929
220,36,954
221,36,267
222,36,92
223,36,750
224,36,659
225,36,610
226,36,914
227,36,1020
228,36,171
229,36,842
230,36,252
231,36,27
232,36,35
233,36,184
234,36,890
235,36,187
236,36,285
237,36,122
238,36,997
239,36,390
240,36,245
241,36,494
242,36,379
243,36,793
244,36,532
245,36,909
246,36,778
247,36,422
248,36,116
249,36,318
250,36,341
251,36,982
252,36,566
253,36,87
254,36,147
255,36,160
256,36,344
257,36,882
258,36,5
259,36,965
260,36,34
261,36,655
262,36,795
263,36,509
264,36,859
265,36,458
266,36,127
267,36,235
268,36,75
269,36,628
270,36,454
271,36,557
272,36,442
273,36,223
274,36,549
275,36,214
276,36,231
277,36,545
278,36,503
279,36,829
280,36,951
281,36,294
282,36,216
283,36,868
284,36,193
285,36,200
286,36,930
287,36,697
288,36,874
289,36,580
290,36,277
291,36,202
292,36,626
293,36,140
294,36,541
295,36,630
296,36,393
297,36,535
298,36,241
299,36,120
300,36,421
301,36,612
302,36,41
303,36,662
304,36,511
305,36,107
306,36,820
307,36,386
308,36,347
309,36,420
310,36,725
311,36,528
312,36,283
313,36,333
314,36,869
315,36,748
316,36,119
317,36,394
318,36,599
319,36,728
320,36,826
321,36,632
322,36,968
323,36,496
324,36,8
325,36,197
326,36,380
327,36,627
328,36,132
329,36,692
330,36,110
331,36,317
332,36,862
333,36,654
334,36,792
335,36,369
336,36,228
337,36,305
338,36,70
339,36,733
340,36,915
341,36,698
342,36,432
343,36,1
344,36,54
345,36,1005
346,36,827
347,36,315
348,36,738
349,36,976
350,36,473
351,36,88
352,36,912
353,36,614
354,36,410
355,36,707
356,36,991
357,36,799
358,36,552
359,36,499
360,36,485
361,36,491
362,36,1012
363,36,244
364,36,986
365,36,893
366,36,712
367,36,84
368,36,681
369,36,164
370,36,161
371,36,922
372,36,105
373,36,559
374,36,45
375,36,858
376,36,782
377,36,259
378,36,881
379,36,834
380,36,527
381,36,355
382,36,673
383,36,658
384,36,682
385,36,304
386,36,568
387,36,828
388,36,924
389,36,776
390,36,311
391,36,894
392,36,902
393,36,875
394,36,762
395,36,286
396,36,43
397,36,522
398,36,345
399,36,213
0,37,428
1,37,118
2,37,347
3,37,491
4,37,539
5,37,955
6,37,1006
7,37,668
8,37,279
9,37,461
10,37,589
11,37,206
12,37,343
13,37,820
14,37,691
15,37,650
16,37,816
17,37,1008
18,37,520
19,37,280
20,37,710
21,37,3
22,37,460
23,37,266
24,37,713
25,37,278
26,37,156
27,37,287
28,37,933
29,37,142
30,37,528
31,37,458
32,37,1013
33,37,210
34,37,643
35,37,150
36,37,440
37,37,382
38,37,818
39,37,717
40,37,998
41,37,667
42,37,666
43,37,138
44,37,67
45,37,840
46,37,815
47,37,205
48,37,540
49,37,767
50,37,525
51,37,882
52,37,784
53,37,487
54,37,965
55,37,1002
56,37,694
57,37,267
58,37,439
59,37,462
60,37,839
61,37,476
62,37,880
63,37,848
64,37,775
65,37,521
66,37,584
67,37,877
68,37,432
69,37,782
70,37,619
71,37,363
72,37,649
73,37,1010
74,37,115
75,37,506
76,37,616
77,37,200
78,37,484
79,37,779
80,37,892
81,37,754
82,37,620
83,37,99
84,37,283
85,37,537
86,37,983
87,37,186
88,37,966
89,37,686
90,37,973
91,37,170
92,37,783
93,37,220
94,37,826
95,37,887
96,37,252
97,37,883
98,37,434
99,37,555
100,37,954
101,37,770
102,37,497
103,37,652
104,37,538
105,37,614
106,37,137
107,37,265
108,37,333
109,37,622
110,37,146
111,37,482
112,37,60
113,37,790
114,37,402
115,37,450
116,37,122
117,37,44
118,37,101
119,37,665
120,37,869
121,37,433
122,37,692
123,37,781
124,37,176
125,37,334
126,37,102
127,37,485
128,37,466
129,37,233
130,37,621
131,37,985
132,37,16
133,37,518
134,37,618
135,37,42
136,37,613
137,37,978
138,37,386
139,37,529
140,37,88
141,37,724
142,37,607
143,37,116
144,37,173
145,37,788
146,37,852
147,37,242
148,37,190
149,37,96
150,37,923
151,37,550
152,37,534
153,37,319
154,37,107
155,37,695
156,37,8
157,37,952
158,37,635
159,37,785
160,37,104
161,37,472
162,37,120
163,37,98
164,37,465
165,37,35
166,37,307
167,37,838
168,37,769
169,37,531
170,37,430
171,37,504
172,37,298
173,37,165
174,37,897
175,37,854
176,37,149
177,37,662
178,37,878
179,37,326
180,37,1003
181,37,921
182,37,809
183,37,733
184,37,261
185,37,597
186,37,843
187,37,22
188,37,256
189,37,743
190,37,437
191,37,463
192,37,237
193,37,1001
194,37,580
195,37,938
196,37,522
197,37,957
198,37,436
199,37,309
200,37,441
201,37,787
202,37,980
203,37,865
204,37,80
205,37,187
206,37,709
207,37,234
208,37,571
209,37,850
210,37,218
211,37,669
212,37,960
213,37,135
214,37,179
215,37,161
216,37,916
217,37,772
218,37,566
219,37,929
220,37,986
221,37,235
222,37,124
223,37,751
224,37,627
225,37,610
226,37,946
227,37,1020
228,37,171
229,37,874
230,37,251
231,37,27
232,37,36
233,37,184
234,37,889
235,37,219
236,37,253
237,37,121
238,37,996
239,37,390
240,37,213
241,37,494
242,37,378
243,37,794
244,37,532
245,37,910
246,37,777
247,37,423
248,37,117
249,37,318
250,37,373
251,37,982
252,37,598
253,37,86
254,37,148
255,37,160
256,37,345
257,37,881
258,37,5
259,37,997
260,37,34
261,37,687
262,37,795
263,37,509
264,37,891
265,37,490
266,37,127
267,37,236
268,37,74
269,37,628
270,37,422
271,37,556
272,37,410
273,37,223
274,37,549
275,37,214
276,37,230
277,37,545
278,37,503
279,37,797
280,37,951
281,37,294
282,37,216
283,37,868
284,37,193
285,37,201
286,37,930
287,37,697
288,37,906
289,37,548
290,37,245
291,37,202
292,37,658
293,37,140
294,37,541
295,37,629
296,37,361
297,37,535
298,37,241
299,37,119
300,37,453
301,37,612
302,37,41
303,37,630
304,37,511
305,37,75
306,37,821
307,37,418
308,37,379
309,37,420
310,37,725
311,37,527
312,37,315
313,37,301
314,37,901
315,37,749
316,37,151
317,37,393
318,37,631
319,37,728
320,37,858
321,37,632
322,37,967
323,37,496
324,37,9
325,37,197
326,37,381
327,37,626
328,37,132
329,37,693
330,37,110
331,37,285
332,37,894
333,37,655
334,37,792
335,37,369
336,37,228
337,37,273
338,37,70
339,37,732
340,37,947
341,37,699
342,37,464
343,37,2
344,37,54
345,37,1005
346,37,859
347,37,316
348,37,737
349,37,976
350,37,505
351,37,87
352,37,912
353,37,615
354,37,409
355,37,707
356,37,991
357,37,799
358,37,552
359,37,499
360,37,486
361,37,459
362,37,1012
363,37,243
364,37,1018
365,37,893
366,37,711
367,37,85
368,37,681
369,37,164
370,37,129
371,37,922
372,37,106
373,37,558
374,37,45
375,37,890
376,37,750
377,37,291
378,37,849
379,37,834
380,37,559
381,37,355
382,37,673
383,37,659
384,37,682
385,37,305
386,37,568
387,37,828
388,37,924
389,37,776
390,37,311
391,37,895
392,37,934
393,37,875
394,37,763
395,37,286
396,37,43
397,37,523
398,37,346
399,37,212
0,38,396
1,38,118
2,38,315
3,38,523
4,38,507
5,38,954
6,38,1006
7,38,669
8,38,311
9,38,429
10,38,557
11,38,205
12,38,344
13,38,788
14,38,692
15,38,649
16,38,784
17,38,1008
18,38,520
19,38,281
20,38,710
21,38,35
22,38,492
23,38,298
24,38,713
25,38,246
26,38,155
27,38,287
28,38,901
29,38,142
30,38,496
31,38,459
32,38,1013
33,38,178
34,38,643
35,38,150
36,38,441
37,38,381
38,38,850
39,38,717
40,38,997
41,38,635
42,38,667
43,38,139
44,38,66
45,38,839
46,38,847
47,38,173
48,38,540
49,38,767
50,38,524
51,38,914
52,38,783
53,38,487
54,38,933
55,38,1002
56,38,695
57,38,267
58,38,440
59,38,461
60,38,807
61,38,476
62,38,881
63,38,848
64,38,776
65,38,521
66,38,584
67,38,877
68,38,431
69,38,750
70,38,618
71,38,363
72,38,648
73,38,1010
74,38,147
75,38,506
76,38,616
77,38,201
78,38,484
79,38,779
80,38,893
81,38,755
82,38,619
83,38,99
84,38,283
85,38,538
86,38,983
87,38,186
88,38,967
89,38,654
90,38,973
91,38,170
92,38,815
93,38,220
94,38,858
95,38,887
96,38,252
97,38,883
98,38,435
99,38,587
100,38,922
101,38,770
102,38,498
103,38,652
104,38,539
105,38,646
106,38,137
107,38,266
108,38,301
109,38,622
110,38,145
111,38,481
112,38,60
113,38,790
114,38,434
115,38,450
116,38,123
117,38,44
118,38,101
119,38,666
120,38,868
121,38,432
122,38,693
123,38,780
124,38,176
125,38,334
126,38,102
127,38,517
128,38,467
129,38,265
130,38,653
131,38,1017
132,38,16
133,38,518
134,38,650
135,38,10
136,38,581
137,38,978
138,38,418
139,38,497
140,38,89
141,38,724
142,38,607
143,38,115
144,38,174
145,38,787
146,38,852
147,38,242
148,38,190
149,38,96
150,38,955
151,38,550
152,38,534
153,38,319
154,38,75
155,38,663
156,38,9
157,38,952
158,38,603
159,38,785
160,38,104
161,38,504
162,38,88
163,38,98
164,38,433
165,38,67
166,38,308
167,38,838
168,38,801
169,38,531
170,38,430
171,38,505
172,38,297
173,38,165
174,38,865
175,38,854
176,38,149
177,38,661
178,38,878
179,38,326
180,38,1003
181,38,921
182,38,808
183,38,765
184,38,261
185,38,597
186,38,843
187,38,21
188,38,256
189,38,775
190,38,438
191,38,462
192,38,237
193,38,969
194,38,580
195,38,938
196,38,490
197,38,957
198,38,437
199,38,309
200,38,409
201,38,819
202,38,980
203,38,866
204,38,80
205,38,188
206,38,709
207,38,233
208,38,571
209,38,882
210,38,218
211,38,701
212,38,960
213,38,135
214,38,179
215,38,193
216,38,916
217,38,772
218,38,566
219,38,929
220,38,985
221,38,203
222,38,156
223,38,752
224,38,659
225,38,610
226,38,945
227,38,1020
228,38,171
229,38,906
230,38,251
231,38,27
232,38,36
233,38,184
234,38,857
235,38,219
236,38,221
237,38,153
238,38,996
239,38,422
240,38,212
241,38,494
242,38,379
243,38,794
244,38,532
245,38,911
246,38,809
247,38,424
248,38,116
249,38,318
250,38,373
251,38,982
252,38,630
253,38,85
254,38,148
255,38,160
256,38,345
257,38,913
258,38,5
259,38,965
260,38,34
261,38,686
262,38,827
263,38,509
264,38,891
265,38,458
266,38,127
267,38,235
268,38,74
269,38,627
270,38,421
271,38,555
272,38,378
273,38,223
274,38,549
275,38,214
276,38,229
277,38,545
278,38,503
279,38,797
280,38,951
281,38,294
282,38,216
283,38,867
284,38,225
285,38,202
286,38,930
287,38,697
288,38,905
289,38,547
290,38,213
291,38,234
292,38,657
293,38,140
294,38,541
295,38,629
296,38,393
297,38,535
298,38,241
299,38,120
300,38,454
301,38,613
302,38,73
303,38,662
304,38,511
305,38,43
306,38,821
307,38,419
308,38,347
309,38,420
310,38,725
311,38,527
312,38,316
313,38,302
314,38,869
315,38,781
316,38,119
317,38,392
318,38,632
319,38,728
320,38,890
321,38,633
322,38,935
323,38,464
324,38,41
325,38,197
326,38,349
327,38,658
328,38,132
329,38,694
330,38,110
331,38,285
332,38,862
333,38,687
334,38,792
335,38,369
336,38,228
337,38,272
338,38,70
339,38,700
340,38,947
341,38,699
342,38,463
343,38,3
344,38,54
345,38,1005
346,38,859
347,38,284
348,38,737
349,38,976
350,38,537
351,38,86
352,38,912
353,38,614
354,38,410
355,38,707
356,38,991
357,38,799
358,38,552
359,38,499
360,38,485
361,38,460
362,38,1012
363,38,211
364,38,1018
365,38,894
366,38,743
367,38,117
368,38,681
369,38,164
370,38,161
371,38,923
372,38,106
373,38,590
374,38,45
375,38,889
376,38,751
377,38,290
378,38,849
379,38,834
380,38,559
381,38,355
382,38,673
383,38,660
384,38,682
385,38,305
386,38,568
387,38,828
388,38,892
389,38,777
390,38,343
391,38,895
392,38,966
393,38,875
394,38,795
395,38,286
396,38,42
397,38,522
398,38,346
399,38,244
0,39,364
1,39,118
2,39,316
3,39,555
4,39,475
5,39,954
6,39,1006
7,39,668
8,39,311
9,39,430
10,39,557
11,39,173
12,39,344
13,39,787
14,39,693
15,39,617
16,39,784
17,39,1008
18,39,520
19,39,249
20,39,710
21,39,34
22,39,524
23,39,297
24,39,713
25,39,246
26,39,155
27,39,287
28,39,901
29,39,142
30,39,464
31,39,491
32,39,1013
33,39,146
34,39,643
35,39,150
36,39,473
37,39,380
38,39,850
39,39,717
40,39,997
41,39,603
42,39,699
43,39,107
44,39,67
45,39,838
46,39,879
47,39,141
48,39,540
49,39,767
50,39,523
51,39,915
52,39,783
53,39,487
54,39,933
55,39,1002
56,39,663
57,39,299
58,39,441
59,39,460
60,39,839
61,39,476
62,39,882
63,39,847
64,39,775
65,39,521
66,39,584
67,39,877
68,39,432
69,39,749
70,39,650
71,39,363
72,39,649
73,39,1010
74,39,148
75,39,506
76,39,616
77,39,233
78,39,484
79,39,779
80,39,892
81,39,723
82,39,618
83,39,99
84,39,283
85,39,539
86,39,983
87,39,186
88,39,935
89,39,686
90,39,973
91,39,170
92,39,814
93,39,220
94,39,890
95,39,887
96,39,252
97,39,883
98,39,435
99,39,586
100,39,923
101,39,770
102,39,497
103,39,652
104,39,507
105,39,614
106,39,137
107,39,267
108,39,269
109,39,654
110,39,113
111,39,449
112,39,60
113,39,790
114,39,402
115,39,451
116,39,124
117,39,44
118,39,101
119,39,667
120,39,869
121,39,433
122,39,694
123,39,748
124,39,176
125,39,366
126,39,102
127,39,516
128,39,468
129,39,264
130,39,685
131,39,985
132,39,16
133,39,518
134,39,651
135,39,42
136,39,549
137,39,978
138,39,450
139,39,465
140,39,89
141,39,724
142,39,607
143,39,114
144,39,174
145,39,755
146,39,852
147,39,242
148,39,190
149,39,96
150,39,955
151,39,551
152,39,534
153,39,319
154,39,75
155,39,664
156,39,10
157,39,952
158,39,602
159,39,785
160,39,104
161,39,504
162,39,120
163,39,98
164,39,434
165,39,35
166,39,276
167,39,806
168,39,800
169,39,531
170,39,462
171,39,505
172,39,329
173,39,165
174,39,865
175,39,854
176,39,181
177,39,629
178,39,878
179,39,326
180,39,1003
181,39,921
182,39,809
183,39,797
184,39,261
185,39,597
186,39,843
187,39,20
188,39,256
189,39,743
190,39,437
191,39,461
192,39,237
193,39,970
194,39,580
195,39,938
196,39,490
197,39,957
198,39,405
199,39,309
200,39,410
201,39,851
202,39,980
203,39,898
204,39,80
205,39,189
206,39,709
207,39,234
208,39,571
209,39,914
210,39,218
211,39,669
212,39,960
213,39,135
214,39,147
215,39,161
216,39,916
217,39,772
218,39,566
219,39,929
220,39,953
221,39,204
222,39,156
223,39,753
224,39,691
225,39,610
226,39,945
227,39,1020
228,39,171
229,39,907
230,39,251
231,39,27
232,39,36
233,39,184
234,39,825
235,39,219
236,39,222
237,39,185
238,39,996
239,39,390
240,39,211
241,39,494
242,39,347
243,39,794
244,39,532
245,39,912
246,39,777
247,39,392
248,39,115
249,39,318
250,39,373
251,39,982
252,39,662
253,39,117
254,39,149
255,39,160
256,39,377
257,39,913
258,39,5
259,39,965
260,39,66
261,39,687
262,39,826
263,39,509
264,39,859
265,39,458
266,39,127
267,39,235
268,39,73
269,39,627
270,39,422
271,39,556
272,39,379
273,39,223
274,39,550
275,39,214
276,39,228
277,39,545
278,39,503
279,39,829
280,39,951
281,39,294
282,39,216
283,39,868
284,39,193
285,39,203
286,39,930
287,39,697
288,39,906
289,39,515
290,39,213
291,39,202
292,39,656
293,39,140
294,39,541
295,39,630
296,39,361
297,39,535
298,39,241
299,39,121
300,39,454
301,39,645
302,39,41
303,39,661
304,39,511
305,39,11
306,39,821
307,39,387
308,39,346
309,39,420
310,39,725
311,39,527
312,39,348
313,39,334
314,39,837
315,39,813
316,39,119
317,39,393
318,39,633
319,39,728
320,39,922
321,39,665
322,39,934
323,39,463
324,39,40
325,39,197
326,39,381
327,39,658
328,39,132
329,39,695
330,39,110
331,39,286
332,39,894
333,39,688
334,39,792
335,39,369
336,39,227
337,39,240
338,39,70
339,39,701
340,39,947
341,39,700
342,39,431
343,39,4
344,39,54
345,39,1005
346,39,858
347,39,285
348,39,737
349,39,976
350,39,538
351,39,85
352,39,944
353,39,613
354,39,442
355,39,707
356,39,991
357,39,799
358,39,552
359,39,499
360,39,453
361,39,459
362,39,1012
363,39,179
364,39,1018
365,39,893
366,39,742
367,39,116
368,39,681
369,39,164
370,39,162
371,39,924
372,39,106
373,39,622
374,39,45
375,39,857
376,39,751
377,39,322
378,39,849
379,39,834
380,39,559
381,39,355
382,39,673
383,39,660
384,39,682
385,39,305
386,39,568
387,39,828
388,39,891
389,39,776
390,39,343
391,39,895
392,39,967
393,39,875
394,39,827
395,39,254
396,39,43
397,39,522
398,39,345
399,39,245
0,40,332
1,40,117
2,40,317
3,40,587
4,40,443
5,40,953
6,40,1006
7,40,669
8,40,311
9,40,462
10,40,557
11,40,172
12,40,345
13,40,786
14,40,694
15,40,585
16,40,784
17,40,1008
18,40,520
19,40,217
20,40,710
21,40,33
22,40,523
23,40,265
24,40,713
25,40,246
26,40,155
27,40,287
28,40,901
29,40,142
30,40,432
31,40,492
32,40,1013
33,40,145
34,40,643
35,40,118
36,40,472
37,40,412
38,40,882
39,40,716
40,40,997
41,40,635
42,40,667
43,40,107
44,40,67
45,40,837
46,40,911
47,40,140
48,40,540
49,40,767
50,40,522
51,40,915
52,40,783
53,40,487
54,40,932
55,40,1002
56,40,631
57,40,298
58,40,473
59,40,428
60,40,839
61,40,476
62,40,883
63,40,847
64,40,775
65,40,521
66,40,584
67,40,877
68,40,431
69,40,749
70,40,650
71,40,363
72,40,649
73,40,1010
74,40,149
75,40,506
76,40,616
77,40,233
78,40,484
79,40,779
80,40,891
81,40,755
82,40,617
83,40,99
84,40,283
85,40,538
86,40,984
87,40,187
88,40,967
89,40,654
90,40,973
91,40,170
92,40,814
93,40,220
94,40,889
95,40,887
96,40,252
97,40,884
98,40,435
99,40,618
100,40,924
101,40,770
102,40,529
103,40,652
104,40,539
105,40,614
106,40,137
107,40,267
108,40,237
109,40,653
110,40,81
111,40,449
112,40,60
113,40,790
114,40,402
115,40,450
116,40,92
117,40,45
118,40,101
119,40,668
120,40,870
121,40,434
122,40,695
123,40,748
124,40,176
125,40,334
126,40,102
127,40,516
128,40,469
129,40,264
130,40,717
131,40,985
132,40,16
133,40,518
134,40,619
135,40,43
136,40,548
137,40,978
138,40,482
139,40,433
140,40,121
141,40,724
142,40,607
143,40,146
144,40,173
145,40,754
146,40,820
147,40,242
148,40,158
149,40,96
150,40,955
151,40,550
152,40,534
153,40,319
154,40,75
155,40,632
156,40,11
157,40,951
158,40,603
159,40,785
160,40,104
161,40,504
162,40,120
163,40,98
164,40,466
165,40,35
166,40,277
167,40,838
168,40,832
169,40,531
170,40,494
171,40,505
172,40,330
173,40,165
174,40,865
175,40,854
176,40,181
177,40,630
178,40,878
179,40,326
180,40,1003
181,40,921
182,40,809
183,40,829
184,40,261
185,40,597
186,40,843
187,40,20
188,40,256
189,40,743
190,40,437
191,40,493
192,40,238
193,40,970
194,40,580
195,40,938
196,40,458
197,40,957
198,40,406
199,40,309
200,40,410
201,40,852
202,40,980
203,40,930
204,40,80
205,40,221
206,40,709
207,40,202
208,40,571
209,40,914
210,40,218
211,40,637
212,40,960
213,40,135
214,40,115
215,40,161
216,40,916
217,40,772
218,40,566
219,40,928
220,40,952
221,40,205
222,40,156
223,40,753
224,40,723
225,40,610
226,40,944
227,40,1020
228,40,171
229,40,908
230,40,251
231,40,27
232,40,36
233,40,184
234,40,793
235,40,219
236,40,190
237,40,186
238,40,996
239,40,422
240,40,210
241,40,526
242,40,315
243,40,795
244,40,532
245,40,913
246,40,777
247,40,393
248,40,114
249,40,318
250,40,373
251,40,982
252,40,663
253,40,85
254,40,150
255,40,160
256,40,377
257,40,945
258,40,37
259,40,965
260,40,34
261,40,686
262,40,794
263,40,509
264,40,859
265,40,459
266,40,127
267,40,235
268,40,41
269,40,627
270,40,423
271,40,555
272,40,380
273,40,223
274,40,549
275,40,214
276,40,227
277,40,545
278,40,503
279,40,828
280,40,983
281,40,294
282,40,216
283,40,869
284,40,193
285,40,204
286,40,929
287,40,697
288,40,874
289,40,515
290,40,213
291,40,201
292,40,656
293,40,108
294,40,541
295,40,598
296,40,361
297,40,535
298,40,241
299,40,122
300,40,454
301,40,677
302,40,40
303,40,662
304,40,511
305,40,12
306,40,821
307,40,386
308,40,378
309,40,420
310,40,725
311,40,527
312,40,347
313,40,333
314,40,805
315,40,813
316,40,119
317,40,394
318,40,665
319,40,728
320,40,954
321,40,664
322,40,933
323,40,464
324,40,8
325,40,197
326,40,381
327,40,658
328,40,132
329,40,696
330,40,110
331,40,285
332,40,894
333,40,689
334,40,792
335,40,369
336,40,259
337,40,239
338,40,70
339,40,701
340,40,947
341,40,699
342,40,463
343,40,5
344,40,54
345,40,1005
346,40,857
347,40,253
348,40,737
349,40,976
350,40,570
351,40,84
352,40,912
353,40,612
354,40,442
355,40,707
356,40,991
357,40,799
358,40,552
359,40,499
360,40,453
361,40,460
362,40,1012
363,40,147
364,40,1018
365,40,893
366,40,741
367,40,116
368,40,681
369,40,164
370,40,162
371,40,925
372,40,106
373,40,621
374,40,77
375,40,825
376,40,751
377,40,354
378,40,849
379,40,834
380,40,559
381,40,355
382,40,673
383,40,661
384,40,682
385,40,305
386,40,568
387,40,796
388,40,890
389,40,776
390,40,343
391,40,895
392,40,968
393,40,875
394,40,827
395,40,286
396,40,44
397,40,490
398,40,346
399,40,245
0,41,333
1,41,149
2,41,285
3,41,619
4,41,443
5,41,954
6,41,1006
7,41,701
8,41,311
9,41,463
10,41,557
11,41,171
12,41,346
13,41,786
14,41,695
15,41,586
16,41,784
17,41,1008
18,41,520
19,41,185
20,41,710
21,41,1
22,41,522
23,41,264
24,41,713
25,41,246
26,41,155
27,41,287
28,41,901
29,41,142
30,41,400
31,41,491
32,41,1013
33,41,113
34,41,643
35,41,117
36,41,440
37,41,380
38,41,914
39,41,717
40,41,997
41,41,603
42,41,667
43,41,107
44,41,67
45,41,836
46,41,911
47,41,139
48,41,540
49,41,767
50,41,554
51,41,916
52,41,783
53,41,487
54,41,931
55,41,1002
56,41,599
57,41,266
58,41,474
59,41,396
60,41,839
61,41,476
62,41,851
63,41,847
64,41,775
65,41,521
66,41,584
67,41,877
68,41,432
69,41,781
70,41,650
71,41,363
72,41,649
73,41,1010
74,41,150
75,41,505
76,41,615
77,41,265
78,41,484
79,41,779
80,41,923
81,41,787
82,41,616
83,41,99
84,41,284
85,41,506
86,41,983
87,41,188
88,41,966
89,41,686
90,41,973
91,41,138
92,41,814
93,41,220
94,41,890
95,41,887
96,41,252
97,41,883
98,41,435
99,41,617
100,41,892
101,41,770
102,41,528
103,41,652
104,41,539
105,41,614
106,41,137
107,41,267
108,41,238
109,41,654
110,41,81
111,41,449
112,41,61
113,41,790
114,41,434
115,41,450
116,41,60
117,41,45
118,41,101
119,41,669
120,41,869
121,41,433
122,41,696
123,41,748
124,41,176
125,41,302
126,41,102
127,41,516
128,41,437
129,41,263
130,41,749
131,41,985
132,41,16
133,41,518
134,41,618
135,41,44
136,41,547
137,41,978
138,41,482
139,41,401
140,41,122
141,41,724
142,41,607
143,41,146
144,41,174
145,41,722
146,41,820
147,41,242
148,41,159
149,41,96
150,41,956
151,41,550
152,41,534
153,41,319
154,41,75
155,41,631
156,41,11
157,41,952
158,41,571
159,41,785
160,41,104
161,41,504
162,41,120
163,41,98
164,41,465
165,41,35
166,41,277
167,41,838
168,41,864
169,41,531
170,41,462
171,41,473
172,41,298
173,41,165
174,41,865
175,41,854
176,41,181
177,41,630
178,41,878
179,41,326
180,41,1003
181,41,921
182,41,809
183,41,861
184,41,261
185,41,597
186,41,843
187,41,20
188,41,256
189,41,743
190,41,436
191,41,525
192,41,239
193,41,970
194,41,579
195,41,938
196,41,458
197,41,957
198,41,374
199,41,309
200,41,410
201,41,852
202,41,980
203,41,962
204,41,80
205,41,222
206,41,741
207,41,201
208,41,570
209,41,915
210,41,218
211,41,637
212,41,960
213,41,135
214,41,147
215,41,161
216,41,884
217,41,772
218,41,566
219,41,929
220,41,953
221,41,173
222,41,156
223,41,753
224,41,755
225,41,610
226,41,943
227,41,1020
228,41,170
229,41,908
230,41,251
231,41,27
232,41,36
233,41,184
234,41,825
235,41,219
236,41,158
237,41,187
238,41,996
239,41,421
240,41,209
241,41,494
242,41,283
243,41,794
244,41,532
245,41,945
246,41,777
247,41,392
248,41,114
249,41,318
250,41,373
251,41,982
252,41,664
253,41,86
254,41,118
255,41,160
256,41,345
257,41,944
258,41,5
259,41,965
260,41,34
261,41,685
262,41,762
263,41,509
264,41,827
265,41,460
266,41,127
267,41,235
268,41,9
269,41,627
270,41,422
271,41,555
272,41,348
273,41,223
274,41,549
275,41,214
276,41,226
277,41,545
278,41,503
279,41,829
280,41,951
281,41,294
282,41,216
283,41,837
284,41,193
285,41,204
286,41,930
287,41,698
288,41,842
289,41,515
290,41,213
291,41,200
292,41,656
293,41,140
294,41,541
295,41,598
296,41,361
297,41,535
298,41,241
299,41,123
300,41,454
301,41,709
302,41,41
303,41,663
304,41,511
305,41,12
306,41,821
307,41,385
308,41,379
309,41,420
310,41,725
311,41,527
312,41,315
313,41,334
314,41,805
315,41,813
316,41,119
317,41,393
318,41,666
319,41,728
320,41,955
321,41,632
322,41,932
323,41,496
324,41,8
325,41,197
326,41,381
327,41,658
328,41,132
329,41,697
330,41,110
331,41,286
332,41,894
333,41,689
334,41,792
335,41,369
336,41,227
337,41,207
338,41,70
339,41,700
340,41,947
341,41,699
342,41,464
343,41,6
344,41,54
345,41,1005
346,41,856
347,41,221
348,41,737
349,41,976
350,41,538
351,41,52
352,41,912
353,41,580
354,41,442
355,41,707
356,41,991
357,41,799
358,41,552
359,41,499
360,41,453
361,41,492
362,41,1012
363,41,148
364,41,1018
365,41,893
366,41,740
367,41,84
368,41,681
369,41,164
370,41,162
371,41,924
372,41,106
373,41,620
374,41,77
375,41,826
376,41,751
377,41,386
378,41,849
379,41,834
380,41,559
381,41,355
382,41,673
383,41,662
384,41,682
385,41,305
386,41,568
387,41,796
388,41,891
389,41,776
390,41,343
391,41,895
392,41,969
393,41,875
394,41,828
395,41,254
396,41,76
397,41,490
398,41,347
399,41,245
0,42,301
1,42,150
2,42,253
3,42,651
4,42,443
5,42,954
6,42,1006
7,42,669
8,42,311
9,42,463
10,42,557
11,42,139
12,42,347
13,42,786
14,42,696
15,42,618
16,42,784
17,42,1008
18,42,520
19,42,185
20,42,710
21,42,0
22,42,554
23,42,263
24,42,713
25,42,246
26,42,155
27,42,287
28,42,901
29,42,142
30,42,368
31,42,492
32,42,1013
33,42,81
34,42,643
35,42,117
36,42,440
37,42,380
38,42,882
39,42,717
40,42,997
41,42,602
42,42,668
43,42,106
44,42,67
45,42,835
46,42,911
47,42,138
48,42,540
49,42,767
50,42,555
51,42,915
52,42,783
53,42,487
54,42,963
55,42,1002
56,42,567
57,42,266
58,42,474
59,42,364
60,42,839
61,42,476
62,42,883
63,42,847
64,42,775
65,42,521
66,42,584
67,42,877
68,42,464
69,42,749
70,42,649
71,42,363
72,42,681
73,42,1010
74,42,151
75,42,506
76,42,614
77,42,297
78,42,484
79,42,779
80,42,891
81,42,788
82,42,615
83,42,99
84,42,283
85,42,538
86,42,983
87,42,156
88,42,966
89,42,686
90,42,973
91,42,170
92,42,814
93,42,220
94,42,890
95,42,887
96,42,252
97,42,884
98,42,435
99,42,617
100,42,924
101,42,770
102,42,560
103,42,652
104,42,539
105,42,613
106,42,137
107,42,267
108,42,239
109,42,654
110,42,49
111,42,449
112,42,93
113,42,790
114,42,434
115,42,450
116,42,61
117,42,13
118,42,101
119,42,637
120,42,868
121,42,432
122,42,697
123,42,780
124,42,176
125,42,334
126,42,102
127,42,516
128,42,438
129,42,231
130,42,748
131,42,985
132,42,16
133,42,518
134,42,650
135,42,45
136,42,546
137,42,978
138,42,482
139,42,369
140,42,154
141,42,724
142,42,607
143,42,114
144,42,173
145,42,723
146,42,820
147,42,242
148,42,158
149,42,96
150,42,988
151,42,550
152,42,534
153,42,319
154,42,107
155,42,631
156,42,11
157,42,952
158,42,603
159,42,785
160,42,104
161,42,504
162,42,120
163,42,98
164,42,433
165,42,35
166,42,277
167,42,838
168,42,896
169,42,531
170,42,462
171,42,473
172,42,298
173,42,165
174,42,865
175,42,854
176,42,149
177,42,662
178,42,878
179,42,326
180,42,1003
181,42,921
182,42,809
183,42,893
184,42,261
185,42,597
186,42,843
187,42,20
188,42,256
189,42,743
190,42,437
191,42,525
192,42,240
193,42,938
194,42,580
195,42,939
196,42,490
197,42,957
198,42,342
199,42,309
200,42,410
201,42,852
202,42,980
203,42,962
204,42,80
205,42,254
206,42,740
207,42,233
208,42,571
209,42,914
210,42,218
211,42,605
212,42,960
213,42,135
214,42,179
215,42,161
216,42,916
217,42,772
218,42,566
219,42,929
220,42,953
221,42,141
222,42,124
223,42,753
224,42,787
225,42,610
226,42,942
227,42,1020
228,42,171
229,42,908
230,42,219
231,42,27
232,42,36
233,42,184
234,42,857
235,42,187
236,42,126
237,42,188
238,42,996
239,42,421
240,42,208
241,42,494
242,42,251
243,42,794
244,42,532
245,42,977
246,42,777
247,42,393
248,42,113
249,42,318
250,42,373
251,42,982
252,42,665
253,42,87
254,42,118
255,42,160
256,42,345
257,42,944
258,42,5
259,42,965
260,42,34
261,42,684
262,42,763
263,42,509
264,42,827
265,42,461
266,42,127
267,42,235
268,42,9
269,42,627
270,42,390
271,42,556
272,42,349
273,42,223
274,42,549
275,42,214
276,42,226
277,42,545
278,42,503
279,42,797
280,42,951
281,42,294
282,42,216
283,42,869
284,42,193
285,42,204
286,42,930
287,42,730
288,42,842
289,42,515
290,42,213
291,42,201
292,42,656
293,42,140
294,42,541
295,42,630
296,42,329
297,42,535
298,42,241
299,42,91
300,42,454
301,42,741
302,42,41
303,42,695
304,42,511
305,42,12
306,42,821
307,42,386
308,42,379
309,42,420
310,42,725
311,42,527
312,42,315
313,42,333
314,42,837
315,42,813
316,42,119
317,42,361
318,42,667
319,42,728
320,42,956
321,42,632
322,42,931
323,42,496
324,42,8
325,42,197
326,42,381
327,42,658
328,42,132
329,42,698
330,42,110
331,42,285
332,42,862
333,42,689
334,42,792
335,42,370
336,42,228
337,42,206
338,42,70
339,42,701
340,42,947
341,42,699
342,42,465
343,42,38
344,42,54
345,42,1005
346,42,856
347,42,222
348,42,737
349,42,976
350,42,570
351,42,51
352,42,912
353,42,548
354,42,442
355,42,707
356,42,991
357,42,799
358,42,552
359,42,499
360,42,453
361,42,460
362,42,1012
363,42,147
364,42,1018
365,42,894
366,42,739
367,42,85
368,42,680
369,42,164
370,42,162
371,42,923
372,42,74
373,42,619
374,42,77
375,42,826
376,42,751
377,42,418
378,42,849
379,42,834
380,42,559
381,42,355
382,42,673
383,42,663
384,42,682
385,42,305
386,42,568
387,42,828
388,42,892
389,42,776
390,42,343
391,42,895
392,42,970
393,42,875
394,42,829
395,42,286
396,42,75
397,42,522
398,42,348
399,42,245
0,43,301
1,43,150
2,43,221
3,43,683
4,43,443
5,43,954
6,43,1006
7,43,669
8,43,311
9,43,463
10,43,557
11,43,138
12,43,315
13,43,786
14,43,697
15,43,586
16,43,784
17,43,1008
18,43,520
19,43,185
20,43,710
21,43,0
22,43,554
23,43,231
24,43,712
25,43,246
26,43,155
27,43,287
28,43,901
29,43,142
30,43,336
31,43,492
32,43,1013
33,43,80
34,43,643
35,43,149
36,43,440
37,43,380
38,43,881
39,43,717
40,43,997
41,43,603
42,43,700
43,43,107
44,43,67
45,43,867
46,43,911
47,43,137
48,43,540
49,43,767
50,43,556
51,43,915
52,43,783
53,43,487
54,43,962
55,43,1003
56,43,535
57,43,266
58,43,474
59,43,363
60,43,839
61,43,476
62,43,884
63,43,847
64,43,775
65,43,521
66,43,584
67,43,877
68,43,432
69,43,749
70,43,649
71,43,362
72,43,713
73,43,1010
74,43,183
75,43,506
76,43,646
77,43,297
78,43,484
79,43,778
80,43,891
81,43,787
82,43,614
83,43,99
84,43,283
85,43,538
86,43,983
87,43,188
88,43,966
89,43,686
90,43,973
91,43,170
92,43,814
93,43,220
94,43,890
95,43,887
96,43,252
97,43,916
98,43,435
99,43,617
100,43,924
101,43,770
102,43,560
103,43,651
104,43,539
105,43,613
106,43,105
107,43,267
108,43,238
109,43,654
110,43,81
111,43,481
112,43,61
113,43,790
114,43,434
115,43,449
116,43,62
117,43,12
118,43,101
119,43,638
120,43,868
121,43,431
122,43,698
123,43,779
124,43,176
125,43,334
126,43,102
127,43,515
128,43,406
129,43,230
130,43,780
131,43,985
132,43,16
133,43,518
134,43,650
135,43,46
136,43,514
137,43,979
138,43,482
139,43,370
140,43,154
141,43,724
142,43,607
143,43,114
144,43,173
145,43,723
146,43,820
147,43,242
148,43,158
149,43,96
150,43,987
151,43,550
152,43,533
153,43,319
154,43,75
155,43,631
156,43,10
157,43,952
158,43,635
159,43,785
160,43,104
161,43,504
162,43,120
163,43,98
164,43,433
165,43,35
166,43,277
167,43,838
168,43,928
169,43,531
170,43,462
171,43,473
172,43,298
173,43,165
174,43,865
175,43,854
176,43,148
177,43,663
178,43,878
179,43,326
180,43,971
181,43,921
182,43,809
183,43,925
184,43,261
185,43,597
186,43,843
187,43,20
188,43,256
189,43,743
190,43,437
191,43,525
192,43,239
193,43,970
194,43,580
195,43,938
196,43,490
197,43,989
198,43,310
199,43,309
200,43,410
201,43,852
202,43,980
203,43,961
204,43,48
205,43,286
206,43,708
207,43,201
208,43,571
209,43,914
210,43,186
211,43,637
212,43,960
213,43,135
214,43,179
215,43,161
216,43,948
217,43,772
218,43,566
219,43,929
220,43,953
221,43,109
222,43,156
223,43,753
224,43,755
225,43,610
226,43,974
227,43,1020
228,43,171
229,43,908
230,43,218
231,43,27
232,43,36
233,43,184
234,43,857
235,43,187
236,43,94
237,43,189
238,43,996
239,43,421
240,43,207
241,43,494
242,43,219
243,43,794
244,43,532
245,43,978
246,43,777
247,43,392
248,43,112
249,43,318
250,43,373
251,43,982
252,43,666
253,43,88
254,43,117
255,43,160
256,43,345
257,43,944
258,43,5
259,43,965
260,43,34
261,43,652
262,43,763
263,43,509
264,43,827
265,43,429
266,43,127
267,43,235
268,43,9
269,43,627
270,43,390
271,43,588
272,43,350
273,43,223
274,43,549
275,43,214
276,43,226
277,43,545
278,43,503
279,43,797
280,43,951
281,43,294
282,43,216
283,43,869
284,43,193
285,43,204
286,43,930
287,43,762
288,43,842
289,43,483
290,43,213
291,43,202
292,43,656
293,43,140
294,43,541
295,43,630
296,43,361
297,43,534
298,43,241
299,43,92
300,43,454
301,43,740
302,43,41
303,43,694
304,43,511
305,43,11
306,43,821
307,43,386
308,43,379
309,43,420
310,43,725
311,43,527
312,43,316
313,43,333
314,43,837
315,43,813
316,43,119
317,43,393
318,43,668
319,43,728
320,43,957
321,43,632
322,43,963
323,43,496
324,43,8
325,43,197
326,43,381
327,43,658
328,43,132
329,43,730
330,43,110
331,43,284
332,43,894
333,43,689
334,43,792
335,43,371
336,43,228
337,43,205
338,43,70
339,43,701
340,43,947
341,43,699
342,43,464
343,43,39
344,43,54
345,43,1005
346,43,856
347,43,190
348,43,737
349,43,976
350,43,570
351,43,51
352,43,912
353,43,516
354,43,442
355,43,707
356,43,991
357,43,799
358,43,552
359,43,499
360,43,453
361,43,460
362,43,1012
363,43,147
364,43,1018
365,43,893
366,43,738
367,43,85
368,43,681
369,43,164
370,43,162
371,43,922
372,43,106
373,43,618
374,43,45
375,43,826
376,43,751
377,43,450
378,43,849
379,43,834
380,43,559
381,43,355
382,43,673
383,43,664
384,43,682
385,43,305
386,43,568
387,43,828
388,43,892
389,43,776
390,43,343
391,43,895
392,43,1002
393,43,875
394,43,830
395,43,285
396,43,43
397,43,523
398,43,349
399,43,245
0,44,301
1,44,150
2,44,189
3,44,683
4,44,443
5,44,954
6,44,1006
7,44,668
8,44,279
9,44,463
10,44,557
11,44,137
12,44,283
13,44,786
14,44,698
15,44,586
16,44,784
17,44,1008
18,44,520
19,44,185
20,44,710
21,44,0
22,44,554
23,44,263
24,44,713
25,44,246
26,44,156
27,44,287
28,44,901
29,44,142
30,44,304
31,44,492
32,44,1013
33,44,48
34,44,643
35,44,149
36,44,440
37,44,380
38,44,880
39,44,717
40,44,997
41,44,603
42,44,699
43,44,107
44,44,67
45,44,867
46,44,911
47,44,136
48,44,540
49,44,767
50,44,524
51,44,947
52,44,783
53,44,487
54,44,930
55,44,971
56,44,536
57,44,266
58,44,474
59,44,362
60,44,839
61,44,476
62,44,883
63,44,847
64,44,775
65,44,521
66,44,584
67,44,877
68,44,432
69,44,749
70,44,650
71,44,330
72,44,681
73,44,1010
74,44,215
75,44,506
76,44,647
77,44,297
78,44,483
79,44,779
80,44,891
81,44,755
82,44,613
83,44,99
84,44,251
85,44,538
86,44,983
87,44,220
88,44,966
89,44,686
90,44,1005
91,44,170
92,44,814
93,44,221
94,44,890
95,44,887
96,44,252
97,44,915
98,44,435
99,44,585
100,44,924
101,44,770
102,44,560
103,44,619
104,44,539
105,44,612
106,44,105
107,44,267
108,44,237
109,44,654
110,44,81
111,44,449
112,44,60
113,44,790
114,44,434
115,44,450
116,44,61
117,44,44
118,44,101
119,44,606
120,44,868
121,44,431
122,44,730
123,44,780
124,44,176
125,44,334
126,44,102
127,44,516
128,44,374
129,44,231
130,44,812
131,44,985
132,44,16
133,44,518
134,44,618
135,44,46
136,44,482
137,44,1011
138,44,481
139,44,338
140,44,186
141,44,724
142,44,607
143,44,114
144,44,173
145,44,723
146,44,852
147,44,242
148,44,126
149,44,96
150,44,955
151,44,550
152,44,534
153,44,351
154,44,75
155,44,663
156,44,11
157,44,952
158,44,635
159,44,785
160,44,104
161,44,504
162,44,120
163,44,98
164,44,433
165,44,35
166,44,277
167,44,838
168,44,960
169,44,531
170,44,462
171,44,473
172,44,298
173,44,165
174,44,865
175,44,854
176,44,147
177,44,695
178,44,878
179,44,326
180,44,939
181,44,921
182,44,809
183,44,957
184,44,261
185,44,597
186,44,843
187,44,20
188,44,256
189,44,743
190,44,437
191,44,525
192,44,238
193,44,970
194,44,580
195,44,938
196,44,490
197,44,989
198,44,311
199,44,309
200,44,410
201,44,884
202,44,980
203,44,993
204,44,47
205,44,318
206,44,709
207,44,201
208,44,571
209,44,914
210,44,218
211,44,669
212,44,961
213,44,135
214,44,179
215,44,161
216,44,916
217,44,772
218,44,566
219,44,929
220,44,953
221,44,77
222,44,188
223,44,753
224,44,754
225,44,610
226,44,973
227,44,1020
228,44,171
229,44,908
230,44,219
231,44,27
232,44,36
233,44,184
234,44,857
235,44,155
236,44,62
237,44,157
238,44,996
239,44,421
240,44,206
241,44,494
242,44,187
243,44,794
244,44,532
245,44,979
246,44,777
247,44,393
248,44,112
249,44,319
250,44,373
251,44,982
252,44,667
253,44,88
254,44,116
255,44,160
256,44,345
257,44,944
258,44,5
259,44,965
260,44,34
261,44,651
262,44,795
263,44,509
264,44,827
265,44,429
266,44,127
267,44,235
268,44,9
269,44,627
270,44,390
271,44,556
272,44,350
273,44,223
274,44,549
275,44,214
276,44,226
277,44,545
278,44,503
279,44,797
280,44,951
281,44,294
282,44,216
283,44,869
284,44,193
285,44,236
286,44,931
287,44,763
288,44,842
289,44,515
290,44,213
291,44,202
292,44,656
293,44,140
294,44,541
295,44,630
296,44,361
297,44,535
298,44,241
299,44,93
300,44,454
301,44,739
302,44,41
303,44,662
304,44,511
305,44,12
306,44,821
307,44,386
308,44,379
309,44,420
310,44,725
311,44,527
312,44,315
313,44,333
314,44,837
315,44,813
316,44,119
317,44,394
318,44,700
319,44,728
320,44,958
321,44,632
322,44,962
323,44,496
324,44,8
325,44,197
326,44,381
327,44,658
328,44,132
329,44,762
330,44,110
331,44,285
332,44,894
333,44,689
334,44,792
335,44,370
336,44,228
337,44,204
338,44,70
339,44,701
340,44,948
341,44,731
342,44,464
343,44,39
344,44,54
345,44,1004
346,44,856
347,44,158
348,44,769
349,44,976
350,44,570
351,44,51
352,44,912
353,44,484
354,44,442
355,44,707
356,44,991
357,44,799
358,44,552
359,44,499
360,44,453
361,44,460
362,44,1012
363,44,146
364,44,1018
365,44,893
366,44,737
367,44,85
368,44,680
369,44,164
370,44,162
371,44,922
372,44,106
373,44,617
374,44,45
375,44,826
376,44,751
377,44,418
378,44,849
379,44,834
380,44,559
381,44,355
382,44,673
383,44,664
384,44,682
385,44,305
386,44,568
387,44,828
388,44,892
389,44,776
390,44,343
391,44,895
392,44,1003
393,44,875
394,44,862
395,44,286
396,44,43
397,44,523
398,44,349
399,44,245
0,45,301
1,45,150
2,45,190
3,45,715
4,45,443
5,45,954
6,45,1006
7,45,669
8,45,311
9,45,463
10,45,557
11,45,105
12,45,251
13,45,785
14,45,730
15,45,618
16,45,752
17,45,1008
18,45,520
19,45,185
20,45,710
21,45,0
22,45,554
23,45,231
24,45,713
25,45,246
26,45,124
27,45,287
28,45,901
29,45,142
30,45,304
31,45,492
32,45,1013
33,45,16
34,45,643
35,45,149
36,45,440
37,45,380
38,45,879
39,45,717
40,45,997
41,45,603
42,45,698
43,45,107
44,45,67
45,45,867
46,45,911
47,45,135
48,45,540
49,45,767
50,45,524
51,45,915
52,45,783
53,45,487
54,45,931
55,45,1003
56,45,537
57,45,266
58,45,474
59,45,362
60,45,839
61,45,476
62,45,884
63,45,847
64,45,775
65,45,521
66,45,584
67,45,877
68,45,432
69,45,749
70,45,682
71,45,331
72,45,649
73,45,978
74,45,215
75,45,506
76,45,648
77,45,297
78,45,451
79,45,779
80,45,891
81,45,755
82,45,581
83,45,99
84,45,219
85,45,538
86,45,983
87,45,188
88,45,966
89,45,686
90,45,973
91,45,170
92,45,814
93,45,221
94,45,890
95,45,887
96,45,252
97,45,883
98,45,435
99,45,617
100,45,924
101,45,770
102,45,560
103,45,651
104,45,539
105,45,613
106,45,73
107,45,267
108,45,269
109,45,654
110,45,81
111,45,417
112,45,60
113,45,790
114,45,434
115,45,482
116,45,62
117,45,44
118,45,101
119,45,606
120,45,868
121,45,431
122,45,762
123,45,748
124,45,176
125,45,334
126,45,102
127,45,516
128,45,375
129,45,230
130,45,812
131,45,985
132,45,15
133,45,518
134,45,619
135,45,47
136,45,481
137,45,1010
138,45,449
139,45,306
140,45,218
141,45,724
142,45,607
143,45,114
144,45,173
145,45,723
146,45,820
147,45,242
148,45,127
149,45,96
150,45,955
151,45,550
152,45,534
153,45,319
154,45,75
155,45,695
156,45,11
157,45,952
158,45,635
159,45,784
160,45,104
161,45,504
162,45,120
163,45,98
164,45,433
165,45,35
166,45,277
167,45,838
168,45,961
169,45,531
170,45,462
171,45,473
172,45,298
173,45,165
174,45,865
175,45,854
176,45,115
177,45,727
178,45,878
179,45,326
180,45,971
181,45,921
182,45,809
183,45,956
184,45,261
185,45,597
186,45,843
187,45,20
188,45,256
189,45,743
190,45,437
191,45,525
192,45,237
193,45,970
194,45,580
195,45,938
196,45,490
197,45,957
198,45,312
199,45,309
200,45,410
201,45,852
202,45,948
203,45,993
204,45,48
205,45,350
206,45,709
207,45,201
208,45,571
209,45,914
210,45,250
211,45,701
212,45,929
213,45,167
214,45,179
215,45,161
216,45,916
217,45,772
218,45,566
219,45,930
220,45,953
221,45,77
222,45,156
223,45,753
224,45,786
225,45,610
226,45,972
227,45,1020
228,45,171
229,45,908
230,45,220
231,45,27
232,45,36
233,45,184
234,45,857
235,45,154
236,45,30
237,45,157
238,45,996
239,45,421
240,45,205
241,45,494
242,45,155
243,45,794
244,45,532
245,45,980
246,45,777
247,45,392
248,45,112
249,45,318
250,45,373
251,45,982
252,45,668
253,45,88
254,45,148
255,45,160
256,45,345
257,45,944
258,45,5
259,45,965
260,45,34
261,45,650
262,45,795
263,45,509
264,45,827
265,45,429
266,45,159
267,45,234
268,45,9
269,45,627
270,45,390
271,45,555
272,45,349
273,45,223
274,45,549
275,45,214
276,45,226
277,45,545
278,45,503
279,45,797
280,45,951
281,45,294
282,45,216
283,45,869
284,45,193
285,45,235
286,45,932
287,45,731
288,45,842
289,45,515
290,45,213
291,45,202
292,45,656
293,45,140
294,45,541
295,45,630
296,45,361
297,45,535
298,45,241
299,45,93
300,45,454
301,45,739
302,45,41
303,45,662
304,45,511
305,45,12
306,45,821
307,45,386
308,45,379
309,45,420
310,45,725
311,45,527
312,45,315
313,45,333
314,45,837
315,45,813
316,45,119
317,45,393
318,45,700
319,45,728
320,45,959
321,45,632
322,45,994
323,45,496
324,45,8
325,45,197
326,45,381
327,45,658
328,45,132
329,45,763
330,45,110
331,45,285
332,45,894
333,45,689
334,45,792
335,45,369
336,45,228
337,45,236
338,45,70
339,45,733
340,45,947
341,45,699
342,45,464
343,45,39
344,45,54
345,45,1005
346,45,856
347,45,126
348,45,737
349,45,976
350,45,570
351,45,51
352,45,912
353,45,483
354,45,442
355,45,707
356,45,991
357,45,799
358,45,552
359,45,499
360,45,453
361,45,460
362,45,1012
363,45,147
364,45,1018
365,45,893
366,45,736
367,45,85
368,45,681
369,45,164
370,45,162
371,45,922
372,45,106
373,45,616
374,45,45
375,45,826
376,45,751
377,45,450
378,45,849
379,45,834
380,45,559
381,45,355
382,45,673
383,45,664
384,45,683
385,45,305
386,45,568
387,45,828
388,45,892
389,45,776
390,45,343
391,45,895
392,45,1004
393,45,875
394,45,862
395,45,286
396,45,43
397,45,523
398,45,317
399,45,245
0,46,301
1,46,150
2,46,158
3,46,683
4,46,443
5,46,954
6,46,974
7,46,670
8,46,311
9,46,463
10,46,557
11,46,104
12,46,219
13,46,786
14,46,698
15,46,618
16,46,784
17,46,1008
18,46,520
19,46,185
20,46,710
21,46,0
22,46,554
23,46,199
24,46,745
25,46,246
26,46,156
27,46,287
28,46,901
29,46,142
30,46,304
31,46,492
32,46,1013
33,46,48
34,46,643
35,46,149
36,46,440
37,46,380
38,46,911
39,46,717
40,46,997
41,46,603
42,46,697
43,46,107
44,46,67
45,46,867
46,46,912
47,46,103
48,46,540
49,46,767
50,46,524
51,46,915
52,46,783
53,46,487
54,46,932
55,46,1002
56,46,537
57,46,266
58,46,474
59,46,363
60,46,839
61,46,476
62,46,883
63,46,847
64,46,775
65,46,521
66,46,584
67,46,877
68,46,432
69,46,749
70,46,650
71,46,331
72,46,681
73,46,946
74,46,215
75,46,506
76,46,616
77,46,297
78,46,419
79,46,779
80,46,891
81,46,755
82,46,549
83,46,99
84,46,218
85,46,538
86,46,983
87,46,187
88,46,966
89,46,686
90,46,973
91,46,170
92,46,814
93,46,220
94,46,890
95,46,887
96,46,251
97,46,851
98,46,435
99,46,617
100,46,924
101,46,770
102,46,560
103,46,652
104,46,539
105,46,614
106,46,105
107,46,267
108,46,237
109,46,654
110,46,81
111,46,417
112,46,60
113,46,790
114,46,434
115,46,483
116,46,62
117,46,44
118,46,101
119,46,606
120,46,868
121,46,431
122,46,762
123,46,748
124,46,176
125,46,334
126,46,102
127,46,516
128,46,375
129,46,231
130,46,812
131,46,985
132,46,16
133,46,518
134,46,619
135,46,47
136,46,449
137,46,978
138,46,450
139,46,274
140,46,250
141,46,724
142,46,607
143,46,114
144,46,172
145,46,723
146,46,852
147,46,242
148,46,126
149,46,96
150,46,955
151,46,550
152,46,534
153,46,319
154,46,75
155,46,663
156,46,11
157,46,952
158,46,635
159,46,785
160,46,136
161,46,504
162,46,120
163,46,98
164,46,433
165,46,35
166,46,277
167,46,838
168,46,929
169,46,531
170,46,462
171,46,473
172,46,298
173,46,165
174,46,865
175,46,854
176,46,115
177,46,695
178,46,878
179,46,326
180,46,1003
181,46,921
182,46,809
183,46,988
184,46,261
185,46,597
186,46,843
187,46,20
188,46,256
189,46,743
190,46,437
191,46,525
192,46,205
193,46,970
194,46,580
195,46,938
196,46,490
197,46,957
198,46,313
199,46,309
200,46,410
201,46,884
202,46,980
203,46,961
204,46,80
205,46,382
206,46,709
207,46,201
208,46,571
209,46,914
210,46,249
211,46,669
212,46,928
213,46,135
214,46,179
215,46,161
216,46,916
217,46,772
218,46,566
219,46,930
220,46,953
221,46,77
222,46,188
223,46,753
224,46,787
225,46,610
226,46,972
227,46,1020
228,46,171
229,46,908
230,46,252
231,46,27
232,46,36
233,46,184
234,46,857
235,46,155
236,46,29
237,46,157
238,46,996
239,46,421
240,46,173
241,46,494
242,46,123
243,46,794
244,46,532
245,46,981
246,46,777
247,46,393
248,46,112
249,46,318
250,46,373
251,46,982
252,46,700
253,46,88
254,46,148
255,46,160
256,46,345
257,46,945
258,46,5
259,46,965
260,46,34
261,46,649
262,46,827
263,46,509
264,46,859
265,46,429
266,46,127
267,46,235
268,46,9
269,46,627
270,46,390
271,46,555
272,46,350
273,46,223
274,46,548
275,46,214
276,46,226
277,46,545
278,46,503
279,46,797
280,46,951
281,46,294
282,46,216
283,46,869
284,46,193
285,46,203
286,46,933
287,46,730
288,46,842
289,46,515
290,46,213
291,46,202
292,46,656
293,46,140
294,46,541
295,46,630
296,46,362
297,46,535
298,46,241
299,46,93
300,46,454
301,46,739
302,46,41
303,46,662
304,46,511
305,46,12
306,46,821
307,46,386
308,46,379
309,46,420
310,46,725
311,46,527
312,46,315
313,46,333
314,46,837
315,46,813
316,46,119
317,46,361
318,46,699
319,46,728
320,46,959
321,46,632
322,46,993
323,46,496
324,46,8
325,46,197
326,46,381
327,46,658
328,46,132
329,46,795
330,46,110
331,46,285
332,46,894
333,46,689
334,46,792
335,46,369
336,46,228
337,46,236
338,46,70
339,46,701
340,46,947
341,46,667
342,46,464
343,46,39
344,46,54
345,46,1006
346,46,856
347,46,94
348,46,737
349,46,976
350,46,570
351,46,51
352,46,944
353,46,451
354,46,442
355,46,707
356,46,991
357,46,799
358,46,552
359,46,499
360,46,453
361,46,460
362,46,1012
363,46,147
364,46,1018
365,46,893
366,46,768
367,46,85
368,46,713
369,46,164
370,46,162
371,46,922
372,46,106
373,46,615
374,46,45
375,46,826
376,46,751
377,46,482
378,46,849
379,46,834
380,46,559
381,46,355
382,46,673
383,46,664
384,46,682
385,46,305
386,46,568
387,46,828
388,46,892
389,46,776
390,46,343
391,46,895
392,46,1005
393,46,875
394,46,862
395,46,286
396,46,43
397,46,523
398,46,349
399,46,245
0,47,301
1,47,150
2,47,126
3,47,683
4,47,443
5,47,954
6,47,942
7,47,669
8,47,311
9,47,463
10,47,557
11,47,105
12,47,187
13,47,786
14,47,666
15,47,618
16,47,784
17,47,1008
18,47,520
19,47,185
20,47,710
21,47,0
22,47,554
23,47,231
24,47,713
25,47,246
26,47,156
27,47,287
28,47,901
29,47,142
30,47,304
31,47,492
32,47,1013
33,47,48
34,47,643
35,47,149
36,47,440
37,47,380
38,47,910
39,47,717
40,47,997
41,47,571
42,47,665
43,47,107
44,47,67
45,47,867
46,47,911
47,47,102
48,47,541
49,47,767
50,47,524
51,47,915
52,47,783
53,47,487
54,47,933
55,47,1002
56,47,537
57,47,266
58,47,474
59,47,362
60,47,839
61,47,476
62,47,884
63,47,847
64,47,775
65,47,521
66,47,584
67,47,877
68,47,432
69,47,749
70,47,650
71,47,363
72,47,649
73,47,978
74,47,215
75,47,506
76,47,616
77,47,297
78,47,420
79,47,779
80,47,891
81,47,755
82,47,548
83,47,99
84,47,250
85,47,538
86,47,984
87,47,186
88,47,966
89,47,686
90,47,973
91,47,170
92,47,814
93,47,220
94,47,890
95,47,887
96,47,219
97,47,883
98,47,435
99,47,617
100,47,924
101,47,770
102,47,560
103,47,652
104,47,540
105,47,613
106,47,137
107,47,267
108,47,238
109,47,654
110,47,81
111,47,418
112,47,60
113,47,790
114,47,434
115,47,451
116,47,61
117,47,44
118,47,101
119,47,606
120,47,868
121,47,431
122,47,730
123,47,748
124,47,176
125,47,334
126,47,70
127,47,484
128,47,375
129,47,263
130,47,812
131,47,985
132,47,16
133,47,518
134,47,619
135,47,47
136,47,417
137,47,979
138,47,482
139,47,242
140,47,249
141,47,724
142,47,607
143,47,114
144,47,173
145,47,723
146,47,852
147,47,243
148,47,94
149,47,96
150,47,955
151,47,550
152,47,534
153,47,319
154,47,75
155,47,664
156,47,11
157,47,952
158,47,603
159,47,785
160,47,104
161,47,504
162,47,120
163,47,98
164,47,433
165,47,35
166,47,277
167,47,838
168,47,961
169,47,531
170,47,462
171,47,473
172,47,298
173,47,165
174,47,865
175,47,854
176,47,115
177,47,663
178,47,878
179,47,326
180,47,1003
181,47,921
182,47,809
183,47,988
184,47,261
185,47,597
186,47,843
187,47,20
188,47,256
189,47,743
190,47,437
191,47,525
192,47,237
193,47,970
194,47,580
195,47,938
196,47,490
197,47,957
198,47,313
199,47,309
200,47,410
201,47,916
202,47,980
203,47,962
204,47,80
205,47,414
206,47,709
207,47,201
208,47,539
209,47,914
210,47,217
211,47,668
212,47,960
213,47,135
214,47,179
215,47,161
216,47,948
217,47,772
218,47,566
219,47,929
220,47,953
221,47,77
222,47,188
223,47,753
224,47,787
225,47,610
226,47,972
227,47,1020
228,47,171
229,47,908
230,47,251
231,47,27
232,47,36
233,47,184
234,47,857
235,47,155
236,47,29
237,47,157
238,47,996
239,47,453
240,47,205
241,47,494
242,47,91
243,47,794
244,47,532
245,47,982
246,47,777
247,47,392
248,47,112
249,47,318
250,47,373
251,47,983
252,47,700
253,47,88
254,47,148
255,47,160
256,47,345
257,47,944
258,47,5
259,47,965
260,47,34
261,47,648
262,47,795
263,47,509
264,47,827
265,47,429
266,47,127
267,47,235
268,47,9
269,47,627
270,47,390
271,47,555
272,47,350
273,47,223
274,47,516
275,47,214
276,47,226
277,47,545
278,47,503
279,47,797
280,47,951
281,47,294
282,47,216
283,47,869
284,47,193
285,47,204
286,47,934
287,47,698
288,47,842
289,47,515
290,47,213
291,47,202
292,47,656
293,47,140
294,47,542
295,47,630
296,47,394
297,47,535
298,47,241
299,47,93
300,47,454
301,47,739
302,47,41
303,47,662
304,47,511
305,47,12
306,47,821
307,47,386
308,47,379
309,47,421
310,47,725
311,47,527
312,47,315
313,47,333
314,47,837
315,47,813
316,47,119
317,47,393
318,47,667
319,47,728
320,47,959
321,47,631
322,47,992
323,47,496
324,47,8
325,47,197
326,47,381
327,47,658
328,47,132
329,47,796
330,47,110
331,47,285
332,47,894
333,47,689
334,47,792
335,47,369
336,47,228
337,47,236
338,47,38
339,47,701
340,47,947
341,47,635
342,47,464
343,47,39
344,47,54
345,47,974
346,47,856
347,47,62
348,47,737
349,47,976
350,47,570
351,47,51
352,47,912
353,47,419
354,47,442
355,47,707
356,47,991
357,47,799
358,47,552
359,47,499
360,47,485
361,47,460
362,47,1012
363,47,147
364,47,1018
365,47,893
366,47,800
367,47,85
368,47,681
369,47,164
370,47,162
371,47,922
372,47,106
373,47,614
374,47,45
375,47,826
376,47,751
377,47,514
378,47,849
379,47,834
380,47,559
381,47,355
382,47,673
383,47,632
384,47,682
385,47,305
386,47,568
387,47,828
388,47,892
389,47,776
390,47,343
391,47,895
392,47,1006
393,47,875
394,47,862
395,47,286
396,47,43
397,47,523
398,47,349
399,47,245
0,48,301
1,48,150
2,48,94
3,48,683
4,48,443
5,48,954
6,48,974
7,48,669
8,48,311
9,48,463
10,48,557
11,48,105
12,48,188
13,48,786
14,48,698
15,48,618
16,48,784
17,48,1008
18,48,520
19,48,185
20,48,710
21,48,0
22,48,554
23,48,230
24,48,713
25,48,246
26,48,155
27,48,287
28,48,901
29,48,142
30,48,304
31,48,492
32,48,1013
33,48,48
34,48,643
35,48,149
36,48,440
37,48,380
38,48,942
39,48,717
40,48,997
41,48,603
42,48,665
43,48,107
44,48,67
45,48,867
46,48,911
47,48,70
48,48,540
49,48,767
50,48,524
51,48,915
52,48,783
53,48,487
54,48,932
55,48,1002
56,48,537
57,48,266
58,48,474
59,48,362
60,48,839
61,48,476
62,48,883
63,48,847
64,48,775
65,48,521
66,48,584
67,48,877
68,48,432
69,48,749
70,48,650
71,48,363
72,48,649
73,48,1010
74,48,215
75,48,506
76,48,616
77,48,297
78,48,419
79,48,779
80,48,891
81,48,755
82,48,516
83,48,99
84,48,251
85,48,538
86,48,1016
87,48,186
88,48,966
89,48,686
90,48,1005
91,48,170
92,48,814
93,48,252
94,48,890
95,48,887
96,48,220
97,48,882
98,48,435
99,48,617
100,48,924
101,48,770
102,48,560
103,48,652
104,48,539
105,48,645
106,48,137
107,48,267
108,48,239
109,48,654
110,48,81
111,48,450
112,48,60
113,48,790
114,48,434
115,48,451
116,48,62
117,48,44
118,48,101
119,48,606
120,48,868
121,48,431
122,48,730
123,48,748
124,48,176
125,48,334
126,48,38
127,48,484
128,48,375
129,48,264
130,48,812
131,48,985
132,48,16
133,48,518
134,48,619
135,48,47
136,48,385
137,48,978
138,48,482
139,48,243
140,48,250
141,48,724
142,48,607
143,48,114
144,48,173
145,48,723
146,48,852
147,48,211
148,48,95
149,48,96
150,48,955
151,48,550
152,48,534
153,48,319
154,48,75
155,48,663
156,48,11
157,48,952
158,48,604
159,48,785
160,48,104
161,48,504
162,48,120
163,48,98
164,48,433
165,48,35
166,48,277
167,48,838
168,48,961
169,48,531
170,48,462
171,48,473
172,48,298
173,48,165
174,48,865
175,48,854
176,48,115
177,48,631
178,48,878
179,48,326
180,48,1003
181,48,921
182,48,809
183,48,988
184,48,261
185,48,597
186,48,843
187,48,20
188,48,256
189,48,743
190,48,437
191,48,525
192,48,237
193,48,970
194,48,580
195,48,938
196,48,490
197,48,957
198,48,313
199,48,309
200,48,410
201,48,948
202,48,980
203,48,962
204,48,80
205,48,414
206,48,709
207,48,201
208,48,571
209,48,914
210,48,218
211,48,667
212,48,960
213,48,135
214,48,179
215,48,161
216,48,947
217,48,772
218,48,566
219,48,929
220,48,953
221,48,77
222,48,156
223,48,753
224,48,787
225,48,610
226,48,972
227,48,1020
228,48,171
229,48,908
230,48,219
231,48,27
232,48,36
233,48,184
234,48,857
235,48,187
236,48,29
237,48,157
238,48,996
239,48,421
240,48,205
241,48,494
242,48,59
243,48,794
244,48,532
245,48,983
246,48,777
247,48,393
248,48,112
249,48,318
250,48,373
251,48,984
252,48,700
253,48,88
254,48,148
255,48,160
256,48,345
257,48,944
258,48,5
259,48,965
260,48,34
261,48,647
262,48,763
263,48,509
264,48,827
265,48,429
266,48,127
267,48,235
268,48,9
269,48,627
270,48,390
271,48,555
272,48,350
273,48,223
274,48,517
275,48,214
276,48,226
277,48,545
278,48,503
279,48,797
280,48,951
281,48,294
282,48,216
283,48,869
284,48,193
285,48,204
286,48,933
287,48,697
288,48,842
289,48,515
290,48,213
291,48,202
292,48,656
293,48,140
294,48,541
295,48,630
296,48,394
297,48,535
298,48,241
299,48,93
300,48,454
301,48,739
302,48,41
303,48,662
304,48,511
305,48,12
306,48,821
307,48,386
308,48,379
309,48,420
310,48,725
311,48,527
312,48,315
313,48,333
314,48,837
315,48,813
316,48,119
317,48,361
318,48,666
319,48,728
320,48,959
321,48,632
322,48,992
323,48,496
324,48,8
325,48,197
326,48,381
327,48,658
328,48,132
329,48,828
330,48,110
331,48,285
332,48,894
333,48,689
334,48,792
335,48,369
336,48,228
337,48,236
338,48,37
339,48,701
340,48,946
341,48,635
342,48,464
343,48,39
344,48,54
345,48,973
346,48,856
347,48,30
348,48,737
349,48,976
350,48,570
351,48,51
352,48,912
353,48,387
354,48,442
355,48,707
356,48,991
357,48,799
358,48,552
359,48,499
360,48,453
361,48,460
362,48,1012
363,48,147
364,48,1018
365,48,893
366,48,832
367,48,85
368,48,681
369,48,164
370,48,162
371,48,922
372,48,106
373,48,613
374,48,45
375,48,826
376,48,751
377,48,513
378,48,849
379,48,834
380,48,559
381,48,355
382,48,673
383,48,664
384,48,682
385,48,305
386,48,568
387,48,829
388,48,892
389,48,776
390,48,343
391,48,895
392,48,1007
393,48,875
394,48,862
395,48,286
396,48,43
397,48,523
398,48,349
399,48,245
0,49,301
1,49,150
2,49,62
3,49,683
4,49,443
5,49,954
6,49,1006
7,49,669
8,49,311
9,49,463
10,49,557
11,49,105
12,49,187
13,49,786
14,49,698
15,49,618
16,49,784
17,49,976
18,49,520
19,49,185
20,49,710
21,49,0
22,49,554
23,49,230
24,49,713
25,49,246
26,49,155
27,49,287
28,49,901
29,49,142
30,49,304
31,49,492
32,49,1013
33,49,48
34,49,643
35,49,149
36,49,440
37,49,380
38,49,941
39,49,717
40,49,997
41,49,602
42,49,665
43,49,107
44,49,67
45,49,867
46,49,911
47,49,38
48,49,540
49,49,767
50,49,524
51,49,915
52,49,783
53,49,487
54,49,931
55,49,1002
56,49,537
57,49,266
58,49,474
59,49,361
60,49,839
61,49,476
62,49,884
63,49,847
64,49,775
65,49,521
66,49,584
67,49,877
68,49,432
69,49,749
70,49,650
71,49,363
72,49,649
73,49,1010
74,49,215
75,49,506
76,49,616
77,49,297
78,49,451
79,49,779
80,49,891
81,49,755
82,49,515
83,49,99
84,49,283
85,49,538
86,49,1016
87,49,186
88,49,966
89,49,686
90,49,1004
91,49,170
92,49,814
93,49,253
94,49,890
95,49,887
96,49,252
97,49,883
98,49,435
99,49,617
100,49,924
101,49,770
102,49,560
103,49,652
104,49,539
105,49,613
106,49,137
107,49,267
108,49,239
109,49,654
110,49,81
111,49,449
112,49,60
113,49,790
114,49,434
115,49,450
116,49,30
117,49,44
118,49,101
119,49,606
120,49,868
121,49,431
122,49,730
123,49,748
124,49,176
125,49,334
126,49,39
127,49,516
128,49,375
129,49,264
130,49,812
131,49,986
132,49,16
133,49,518
134,49,619
135,49,47
136,49,353
137,49,978
138,49,482
139,49,243
140,49,250
141,49,724
142,49,607
143,49,114
144,49,173
145,49,723
146,49,852
147,49,210
148,49,127
149,49,96
150,49,955
151,49,550
152,49,534
153,49,319
154,49,75
155,49,695
156,49,11
157,49,953
158,49,603
159,49,785
160,49,104
161,49,504
162,49,120
163,49,98
164,49,433
165,49,35
166,49,277
167,49,838
168,49,961
169,49,531
170,49,462
171,49,473
172,49,298
173,49,165
174,49,865
175,49,854
176,49,115
177,49,663
178,49,878
179,49,326
180,49,1003
181,49,921
182,49,809
183,49,988
184,49,261
185,49,597
186,49,843
187,49,20
188,49,256
189,49,743
190,49,437
191,49,525
192,49,237
193,49,970
194,49,580
195,49,938
196,49,490
197,49,957
198,49,313
199,49,309
200,49,410
201,49,949
202,49,980
203,49,962
204,49,80
205,49,414
206,49,709
207,49,201
208,49,571
209,49,914
210,49,218
211,49,668
212,49,960
213,49,135
214,49,179
215,49,161
216,49,948
217,49,772
218,49,566
219,49,929
220,49,985
221,49,77
222,49,156
223,49,753
224,49,787
225,49,610
226,49,972
227,49,1020
228,49,171
229,49,908
230,49,251
231,49,27
232,49,36
233,49,184
234,49,857
235,49,219
236,49,29
237,49,157
238,49,996
239,49,421
240,49,205
241,49,494
242,49,58
243,49,794
244,49,532
245,49,984
246,49,777
247,49,394
248,49,112
249,49,318
250,49,373
251,49,952
252,49,700
253,49,88
254,49,148
255,49,160
256,49,345
257,49,944
258,49,5
259,49,965
260,49,34
261,49,646
262,49,763
263,49,509
264,49,827
265,49,429
266,49,126
267,49,235
268,49,9
269,49,627
270,49,390
271,49,555
272,49,350
273,49,223
274,49,549
275,49,214
276,49,226
277,49,546
278,49,503
279,49,798
280,49,951
281,49,294
282,49,216
283,49,869
284,49,193
285,49,204
286,49,932
287,49,697
288,49,842
289,49,514
290,49,213
291,49,202
292,49,656
293,49,140
294,49,541
295,49,630
296,49,362
297,49,535
298,49,241
299,49,93
300,49,454
301,49,739
302,49,41
303,49,662
304,49,511
305,49,12
306,49,821
307,49,386
308,49,379
309,49,420
310,49,725
311,49,527
312,49,315
313,49,333
314,49,837
315,49,813
316,49,119
317,49,393
318,49,667
319,49,728
320,49,959
321,49,632
322,49,992
323,49,496
324,49,8
325,49,197
326,49,381
327,49,658
328,49,132
329,49,829
330,49,110
331,49,285
332,49,894
333,49,689
334,49,792
335,49,369
336,49,228
337,49,236
338,49,69
339,49,701
340,49,947
341,49,635
342,49,464
343,49,40
344,49,54
345,49,1005
346,49,856
347,49,31
348,49,737
349,49,977
350,49,570
351,49,51
352,49,912
353,49,355
354,49,442
355,49,707
356,49,991
357,49,799
358,49,552
359,49,499
360,49,453
361,49,460
362,49,1012
363,49,147
364,49,1018
365,49,893
366,49,864
367,49,85
368,49,681
369,49,164
370,49,162
371,49,922
372,49,106
373,49,612
374,49,45
375,49,826
376,49,751
377,49,545
378,49,849
379,49,834
380,49,559
381,49,323
382,49,673
383,49,664
384,49,682
385,49,305
386,49,568
387,49,797
388,49,892
389,49,776
390,49,343
391,49,895
392,49,1008
393,49,875
394,49,862
395,49,286
396,49,43
397,49,523
398,49,349
399,49,245
0,50,301
1,50,150
2,50,94
3,50,683
4,50,443
5,50,954
6,50,1007
7,50,669
8,50,311
9,50,463
10,50,557
11,50,105
12,50,187
13,50,786
14,50,698
15,50,618
16,50,784
17,50,1008
18,50,520
19,50,185
20,50,710
21,50,0
22,50,554
23,50,230
24,50,713
25,50,246
26,50,155
27,50,287
28,50,901
29,50,142
30,50,304
31,50,492
32,50,1013
33,50,48
34,50,643
35,50,149
36,50,440
37,50,380
38,50,940
39,50,717
40,50,997
41,50,603
42,50,665
43,50,107
44,50,67
45,50,867
46,50,911
47,50,6
48,50,540
49,50,767
50,50,524
51,50,915
52,50,783
53,50,487
54,50,963
55,50,1002
56,50,537
57,50,266
58,50,474
59,50,362
60,50,839
61,50,476
62,50,916
63,50,847
64,50,775
65,50,521
66,50,584
67,50,877
68,50,432
69,50,749
70,50,650
71,50,363
72,50,649
73,50,1010
74,50,215
75,50,506
76,50,616
77,50,297
78,50,451
79,50,779
80,50,891
81,50,755
82,50,483
83,50,99
84,50,283
85,50,538
86,50,984
87,50,186
88,50,966
89,50,686
90,50,1005
91,50,170
92,50,814
93,50,252
94,50,890
95,50,887
96,50,284
97,50,883
98,50,435
99,50,617
100,50,924
101,50,770
102,50,560
103,50,652
104,50,539
105,50,614
106,50,137
107,50,267
108,50,239
109,50,654
110,50,81
111,50,449
112,50,60
113,50,790
114,50,434
115,50,450
116,50,62
117,50,44
118,50,101
119,50,606
120,50,868
121,50,431
122,50,730
123,50,748
124,50,176
125,50,334
126,50,38
127,50,516
128,50,375
129,50,264
130,50,812
131,50,986
132,50,16
133,50,518
134,50,619
135,50,47
136,50,321
137,50,978
138,50,482
139,50,243
140,50,250
141,50,724
142,50,607
143,50,114
144,50,173
145,50,723
146,50,852
147,50,242
148,50,126
149,50,96
150,50,955
151,50,550
152,50,534
153,50,319
154,50,75
155,50,695
156,50,11
157,50,952
158,50,635
159,50,785
160,50,104
161,50,504
162,50,120
163,50,98
164,50,433
165,50,35
166,50,277
167,50,838
168,50,961
169,50,531
170,50,462
171,50,473
172,50,298
173,50,165
174,50,865
175,50,854
176,50,115
177,50,663
178,50,878
179,50,326
180,50,1003
181,50,921
182,50,809
183,50,988
184,50,261
185,50,597
186,50,843
187,50,20
188,50,256
189,50,743
190,50,437
191,50,525
192,50,237
193,50,970
194,50,548
195,50,938
196,50,490
197,50,957
198,50,313
199,50,309
200,50,410
201,50,981
202,50,980
203,50,962
204,50,80
205,50,414
206,50,709
207,50,201
208,50,571
209,50,914
210,50,218
211,50,700
212,50,960
213,50,135
214,50,179
215,50,161
216,50,948
217,50,772
218,50,566
219,50,929
220,50,953
221,50,77
222,50,156
223,50,753
224,50,787
225,50,610
226,50,972
227,50,1020
228,50,171
229,50,908
230,50,251
231,50,27
232,50,36
233,50,184
234,50,857
235,50,219
236,50,29
237,50,157
238,50,996
239,50,421
240,50,205
241,50,494
242,50,58
243,50,794
244,50,532
245,50,985
246,50,777
247,50,393
248,50,112
249,50,318
250,50,373
251,50,951
252,50,699
253,50,88
254,50,148
255,50,160
256,50,345
257,50,944
258,50,5
259,50,965
260,50,34
261,50,646
262,50,763
263,50,509
264,50,827
265,50,429
266,50,158
267,50,235
268,50,9
269,50,627
270,50,390
271,50,555
272,50,350
273,50,223
274,50,549
275,50,214
276,50,226
277,50,545
278,50,503
279,50,797
280,50,983
281,50,294
282,50,216
283,50,869
284,50,193
285,50,204
286,50,931
287,50,697
288,50,842
289,50,515
290,50,213
291,50,202
292,50,656
293,50,140
294,50,541
295,50,630
296,50,394
297,50,535
298,50,241
299,50,93
300,50,454
301,50,739
302,50,41
303,50,662
304,50,511
305,50,12
306,50,821
307,50,386
308,50,379
309,50,420
310,50,725
311,50,527
312,50,315
313,50,333
314,50,837
315,50,813
316,50,119
317,50,392
318,50,668
319,50,728
320,50,959
321,50,632
322,50,992
323,50,496
324,50,8
325,50,197
326,50,381
327,50,658
328,50,132
329,50,861
330,50,110
331,50,285
332,50,894
333,50,689
334,50,792
335,50,369
336,50,228
337,50,236
338,50,70
339,50,701
340,50,947
341,50,667
342,50,464
343,50,39
344,50,54
345,50,1006
346,50,856
347,50,31
348,50,737
349,50,976
350,50,570
351,50,51
352,50,912
353,50,356
354,50,442
355,50,707
356,50,991
357,50,799
358,50,552
359,50,499
360,50,453
361,50,460
362,50,1012
363,50,147
364,50,1018
365,50,893
366,50,864
367,50,85
368,50,681
369,50,164
370,50,162
371,50,922
372,50,106
373,50,580
374,50,45
375,50,826
376,50,751
377,50,544
378,50,849
379,50,834
380,50,559
381,50,355
382,50,673
383,50,664
384,50,682
385,50,305
386,50,568
387,50,829
388,50,892
389,50,776
390,50,343
391,50,895
392,50,1009
393,50,875
394,50,862
395,50,286
396,50,43
397,50,523
398,50,349
399,50,245
0,51,301
1,51,150
2,51,62
3,51,683
4,51,443
5,51,954
6,51,1006
7,51,669
8,51,311
9,51,463
10,51,557
11,51,105
12,51,187
13,51,786
14,51,698
15,51,618
16,51,784
17,51,1008
18,51,520
19,51,185
20,51,710
21,51,0
22,51,554
23,51,230
24,51,713
25,51,246
26,51,155
27,51,287
28,51,901
29,51,142
30,51,304
31,51,492
32,51,1013
33,51,48
34,51,643
35,51,149
36,51,440
37,51,380
38,51,939
39,51,717
40,51,997
41,51,603
42,51,665
43,51,107
44,51,67
45,51,867
46,51,911
47,51,6
48,51,540
49,51,767
50,51,524
51,51,915
52,51,783
53,51,487
54,51,931
55,51,1002
56,51,537
57,51,266
58,51,474
59,51,362
60,51,839
61,51,476
62,51,948
63,51,847
64,51,775
65,51,521
66,51,584
67,51,877
68,51,432
69,51,749
70,51,650
71,51,363
72,51,649
73,51,1011
74,51,215
75,51,506
76,51,616
77,51,297
78,51,419
79,51,779
80,51,891
81,51,755
82,51,451
83,51,99
84,51,283
85,51,538
86,51,983
87,51,186
88,51,966
89,51,686
90,51,973
91,51,170
92,51,814
93,51,220
94,51,890
95,51,887
96,51,252
97,51,883
98,51,435
99,51,617
100,51,925
101,51,770
102,51,560
103,51,652
104,51,539
105,51,614
106,51,137
107,51,267
108,51,239
109,51,654
110,51,81
111,51,449
112,51,60
113,51,790
114,51,434
115,51,450
116,51,30
117,51,44
118,51,101
119,51,606
120,51,868
121,51,431
122,51,730
123,51,748
124,51,176
125,51,334
126,51,70
127,51,516
128,51,375
129,51,264
130,51,812
131,51,987
132,51,16
133,51,518
134,51,619
135,51,47
136,51,320
137,51,978
138,51,482
139,51,243
140,51,250
141,51,724
142,51,607
143,51,114
144,51,173
145,51,723
146,51,852
147,51,242
148,51,158
149,51,96
150,51,955
151,51,550
152,51,534
153,51,319
154,51,75
155,51,695
156,51,11
157,51,952
158,51,635
159,51,785
160,51,104
161,51,504
162,51,120
163,51,98
164,51,433
165,51,35
166,51,277
167,51,838
168,51,961
169,51,531
170,51,462
171,51,473
172,51,298
173,51,165
174,51,865
175,51,854
176,51,115
177,51,663
178,51,878
179,51,326
180,51,1003
181,51,921
182,51,809
183,51,988
184,51,261
185,51,597
186,51,843
187,51,20
188,51,256
189,51,743
190,51,437
191,51,525
192,51,237
193,51,970
194,51,580
195,51,938
196,51,490
197,51,957
198,51,313
199,51,309
200,51,410
201,51,981
202,51,980
203,51,962
204,51,80
205,51,414
206,51,709
207,51,201
208,51,571
209,51,914
210,51,218
211,51,668
212,51,960
213,51,135
214,51,179
215,51,161
216,51,947
217,51,772
218,51,566
219,51,929
220,51,953
221,51,77
222,51,156
223,51,753
224,51,787
225,51,610
226,51,972
227,51,1020
228,51,171
229,51,908
230,51,251
231,51,27
232,51,36
233,51,184
234,51,857
235,51,219
236,51,29
237,51,157
238,51,996
239,51,421
240,51,205
241,51,494
242,51,58
243,51,794
244,51,532
245,51,986
246,51,777
247,51,392
248,51,112
249,51,318
250,51,373
251,51,919
252,51,700
253,51,88
254,51,148
255,51,160
256,51,345
257,51,944
258,51,5
259,51,965
260,51,34
261,51,646
262,51,763
263,51,509
264,51,827
265,51,429
266,51,159
267,51,235
268,51,9
269,51,627
270,51,390
271,51,555
272,51,350
273,51,223
274,51,549
275,51,214
276,51,226
277,51,545
278,51,503
279,51,797
280,51,951
281,51,294
282,51,216
283,51,869
284,51,193
285,51,204
286,51,930
287,51,697
288,51,842
289,51,515
290,51,213
291,51,202
292,51,656
293,51,140
294,51,541
295,51,630
296,51,393
297,51,535
298,51,241
299,51,93
300,51,454
301,51,739
302,51,41
303,51,662
304,51,511
305,51,12
306,51,821
307,51,386
308,51,379
309,51,420
310,51,725
311,51,527
312,51,315
313,51,333
314,51,837
315,51,813
316,51,119
317,51,424
318,51,667
319,51,728
320,51,959
321,51,632
322,51,992
323,51,496
324,51,8
325,51,197
326,51,381
327,51,658
328,51,132
329,51,893
330,51,110
331,51,285
332,51,894
333,51,689
334,51,792
335,51,369
336,51,228
337,51,236
338,51,102
339,51,701
340,51,979
341,51,699
342,51,464
343,51,39
344,51,54
345,51,1005
346,51,856
347,51,31
348,51,737
349,51,976
350,51,570
351,51,51
352,51,912
353,51,357
354,51,442
355,51,707
356,51,991
357,51,799
358,51,552
359,51,499
360,51,453
361,51,460
362,51,1012
363,51,147
364,51,1018
365,51,892
366,51,864
367,51,85
368,51,681
369,51,164
370,51,162
371,51,922
372,51,106
373,51,579
374,51,45
375,51,826
376,51,751
377,51,544
378,51,849
379,51,834
380,51,559
381,51,355
382,51,673
383,51,664
384,51,682
385,51,305
386,51,568
387,51,828
388,51,924
389,51,776
390,51,343
391,51,895
392,51,1010
393,51,875
394,51,862
395,51,286
396,51,43
397,51,523
398,51,349
399,51,245
0,52,301
1,52,150
2,52,61
3,52,683
4,52,443
5,52,954
6,52,1006
7,52,669
8,52,311
9,52,463
10,52,557
11,52,105
12,52,187
13,52,786
14,52,698
15,52,618
16,52,784
17,52,1008
18,52,520
19,52,185
20,52,710
21,52,0
22,52,554
23,52,230
24,52,713
25,52,246
26,52,155
27,52,287
28,52,901
29,52,142
30,52,304
31,52,492
32,52,1014
33,52,48
34,52,643
35,52,149
36,52,440
37,52,380
38,52,907
39,52,717
40,52,997
41,52,603
42,52,665
43,52,107
44,52,67
45,52,867
46,52,911
47,52,6
48,52,540
49,52,767
50,52,524
51,52,883
52,52,783
53,52,487
54,52,932
55,52,1002
56,52,537
57,52,266
58,52,474
59,52,362
60,52,839
61,52,476
62,52,949
63,52,847
64,52,775
65,52,521
66,52,584
67,52,877
68,52,432
69,52,749
70,52,650
71,52,363
72,52,649
73,52,1012
74,52,215
75,52,506
76,52,616
77,52,297
78,52,418
79,52,779
80,52,891
81,52,755
82,52,419
83,52,99
84,52,283
85,52,538
86,52,982
87,52,186
88,52,966
89,52,686
90,52,973
91,52,170
92,52,814
93,52,220
94,52,890
95,52,887
96,52,252
97,52,882
98,52,435
99,52,617
100,52,924
101,52,770
102,52,560
103,52,652
104,52,539
105,52,614
106,52,137
107,52,267
108,52,239
109,52,654
110,52,81
111,52,449
112,52,60
113,52,790
114,52,434
115,52,450
116,52,62
117,52,44
118,52,101
119,52,606
120,52,868
121,52,431
122,52,730
123,52,748
124,52,176
125,52,334
126,52,102
127,52,516
128,52,375
129,52,264
130,52,812
131,52,1019
132,52,16
133,52,518
134,52,619
135,52,47
136,52,288
137,52,978
138,52,482
139,52,243
140,52,250
141,52,724
142,52,607
143,52,114
144,52,173
145,52,723
146,52,852
147,52,242
148,52,190
149,52,96
150,52,955
151,52,550
152,52,534
153,52,319
154,52,75
155,52,695
156,52,11
157,52,952
158,52,635
159,52,785
160,52,104
161,52,504
162,52,120
163,52,98
164,52,433
165,52,35
166,52,277
167,52,838
168,52,961
169,52,531
170,52,462
171,52,473
172,52,298
173,52,165
174,52,865
175,52,854
176,52,115
177,52,663
178,52,878
179,52,326
180,52,1003
181,52,921
182,52,809
183,52,988
184,52,261
185,52,597
186,52,843
187,52,20
188,52,256
189,52,743
190,52,437
191,52,525
192,52,237
193,52,970
194,52,580
195,52,938
196,52,490
197,52,957
198,52,313
199,52,309
200,52,410
201,52,981
202,52,980
203,52,962
204,52,80
205,52,414
206,52,709
207,52,201
208,52,571
209,52,914
210,52,218
211,52,667
212,52,960
213,52,135
214,52,179
215,52,161
216,52,915
217,52,772
218,52,566
219,52,929
220,52,953
221,52,77
222,52,156
223,52,753
224,52,787
225,52,610
226,52,972
227,52,1020
228,52,171
229,52,908
230,52,251
231,52,27
232,52,36
233,52,184
234,52,857
235,52,219
236,52,29
237,52,157
238,52,996
239,52,421
240,52,205
241,52,494
242,52,58
243,52,794
244,52,532
245,52,987
246,52,777
247,52,393
248,52,112
249,52,318
250,52,373
251,52,951
252,52,700
253,52,88
254,52,148
255,52,160
256,52,345
257,52,944
258,52,5
259,52,965
260,52,34
261,52,646
262,52,763
263,52,509
264,52,827
265,52,429
266,52,127
267,52,235
268,52,9
269,52,627
270,52,390
271,52,555
272,52,350
273,52,223
274,52,549
275,52,214
276,52,226
277,52,545
278,52,503
279,52,797
280,52,983
281,52,294
282,52,216
283,52,869
284,52,193
285,52,204
286,52,930
287,52,697
288,52,842
289,52,515
290,52,213
291,52,202
292,52,656
293,52,140
294,52,541
295,52,630
296,52,394
297,52,535
298,52,241
299,52,93
300,52,454
301,52,739
302,52,41
303,52,662
304,52,511
305,52,12
306,52,821
307,52,386
308,52,379
309,52,420
310,52,725
311,52,527
312,52,315
313,52,333
314,52,837
315,52,813
316,52,119
317,52,424
318,52,666
319,52,728
320,52,959
321,52,632
322,52,992
323,52,496
324,52,8
325,52,197
326,52,381
327,52,658
328,52,132
329,52,925
330,52,110
331,52,285
332,52,894
333,52,689
334,52,792
335,52,369
336,52,228
337,52,236
338,52,103
339,52,701
340,52,947
341,52,699
342,52,464
343,52,39
344,52,54
345,52,1005
346,52,856
347,52,31
348,52,737
349,52,976
350,52,570
351,52,51
352,52,912
353,52,325
354,52,442
355,52,707
356,52,991
357,52,799
358,52,552
359,52,499
360,52,453
361,52,460
362,52,1013
363,52,147
364,52,1018
365,52,893
366,52,864
367,52,85
368,52,681
369,52,164
370,52,162
371,52,922
372,52,106
373,52,547
374,52,45
375,52,826
376,52,751
377,52,544
378,52,849
379,52,834
380,52,559
381,52,355
382,52,673
383,52,664
384,52,682
385,52,305
386,52,568
387,52,828
388,52,892
389,52,776
390,52,343
391,52,895
392,52,1011
393,52,875
394,52,862
395,52,286
396,52,43
397,52,523
398,52,349
399,52,245
0,53,301
1,53,150
2,53,29
3,53,683
4,53,443
5,53,954
6,53,1006
7,53,669
8,53,311
9,53,463
10,53,557
11,53,105
12,53,187
13,53,786
14,53,730
15,53,618
16,53,784
17,53,1008
18,53,520
19,53,185
20,53,710
21,53,0
22,53,554
23,53,230
24,53,713
25,53,246
26,53,155
27,53,287
28,53,901
29,53,142
30,53,304
31,53,492
32,53,1014
33,53,48
34,53,643
35,53,149
36,53,440
37,53,380
38,53,906
39,53,717
40,53,997
41,53,603
42,53,665
43,53,107
44,53,67
45,53,867
46,53,911
47,53,6
48,53,540
49,53,767
50,53,524
51,53,915
52,53,783
53,53,487
54,53,933
55,53,1002
56,53,537
57,53,266
58,53,474
59,53,362
60,53,839
61,53,476
62,53,981
63,53,847
64,53,775
65,53,521
66,53,584
67,53,877
68,53,432
69,53,749
70,53,650
71,53,363
72,53,649
73,53,980
74,53,215
75,53,506
76,53,616
77,53,297
78,53,450
79,53,779
80,53,891
81,53,755
82,53,387
83,53,99
84,53,283
85,53,538
86,53,983
87,53,186
88,53,966
89,53,686
90,53,973
91,53,170
92,53,814
93,53,220
94,53,890
95,53,887
96,53,252
97,53,883
98,53,435
99,53,617
100,53,924
101,53,770
102,53,560
103,53,652
104,53,539
105,53,614
106,53,137
107,53,267
108,53,239
109,53,654
110,53,81
111,53,417
112,53,60
113,53,790
114,53,434
115,53,449
116,53,62
117,53,44
118,53,101
119,53,606
120,53,868
121,53,431
122,53,731
123,53,748
124,53,176
125,53,334
126,53,70
127,53,516
128,53,375
129,53,264
130,53,812
131,53,1018
132,53,16
133,53,518
134,53,619
135,53,47
136,53,256
137,53,978
138,53,482
139,53,243
140,53,250
141,53,724
142,53,607
143,53,114
144,53,173
145,53,723
146,53,852
147,53,242
148,53,190
149,53,96
150,53,955
151,53,550
152,53,534
153,53,319
154,53,75
155,53,695
156,53,11
157,53,952
158,53,635
159,53,785
160,53,104
161,53,504
162,53,120
163,53,98
164,53,433
165,53,35
166,53,277
167,53,838
168,53,961
169,53,531
170,53,462
171,53,473
172,53,298
173,53,165
174,53,865
175,53,854
176,53,115
177,53,663
178,53,878
179,53,326
180,53,1003
181,53,921
182,53,809
183,53,956
184,53,261
185,53,597
186,53,843
187,53,20
188,53,224
189,53,743
190,53,437
191,53,525
192,53,237
193,53,970
194,53,580
195,53,938
196,53,490
197,53,957
198,53,313
199,53,309
200,53,410
201,53,982
202,53,948
203,53,962
204,53,80
205,53,414
206,53,709
207,53,201
208,53,571
209,53,914
210,53,218
211,53,699
212,53,960
213,53,135
214,53,179
215,53,161
216,53,916
217,53,772
218,53,566
219,53,929
220,53,953
221,53,77
222,53,156
223,53,753
224,53,787
225,53,610
226,53,972
227,53,1020
228,53,171
229,53,908
230,53,251
231,53,27
232,53,36
233,53,184
234,53,857
235,53,219
236,53,30
237,53,157
238,53,996
239,53,421
240,53,205
241,53,494
242,53,58
243,53,794
244,53,532
245,53,988
246,53,777
247,53,361
248,53,112
249,53,318
250,53,373
251,53,919
252,53,700
253,53,88
254,53,148
255,53,160
256,53,345
257,53,944
258,53,5
259,53,965
260,53,34
261,53,646
262,53,763
263,53,509
264,53,827
265,53,429
266,53,127
267,53,235
268,53,9
269,53,627
270,53,390
271,53,555
272,53,350
273,53,223
274,53,549
275,53,214
276,53,226
277,53,545
278,53,503
279,53,797
280,53,951
281,53,294
282,53,216
283,53,869
284,53,193
285,53,204
286,53,930
287,53,697
288,53,842
289,53,514
290,53,213
291,53,202
292,53,656
293,53,140
294,53,541
295,53,630
296,53,393
297,53,535
298,53,241
299,53,93
300,53,454
301,53,739
302,53,41
303,53,662
304,53,511
305,53,12
306,53,821
307,53,386
308,53,379
309,53,420
310,53,725
311,53,527
312,53,315
313,53,333
314,53,837
315,53,813
316,53,119
317,53,424
318,53,667
319,53,728
320,53,959
321,53,632
322,53,992
323,53,496
324,53,8
325,53,197
326,53,381
327,53,658
328,53,132
329,53,925
330,53,110
331,53,285
332,53,894
333,53,689
334,53,792
335,53,369
336,53,228
337,53,236
338,53,102
339,53,701
340,53,947
341,53,698
342,53,464
343,53,39
344,53,54
345,53,1005
346,53,856
347,53,31
348,53,737
349,53,976
350,53,570
351,53,51
352,53,912
353,53,325
354,53,442
355,53,707
356,53,991
357,53,799
358,53,552
359,53,499
360,53,453
361,53,460
362,53,1013
363,53,147
364,53,1017
365,53,893
366,53,864
367,53,85
368,53,681
369,53,164
370,53,162
371,53,922
372,53,106
373,53,515
374,53,45
375,53,826
376,53,751
377,53,544
378,53,849
379,53,834
380,53,559
381,53,355
382,53,673
383,53,664
384,53,682
385,53,305
386,53,568
387,53,828
388,53,892
389,53,776
390,53,343
391,53,895
392,53,1012
393,53,875
394,53,862
395,53,286
396,53,43
397,53,523
398,53,349
399,53,245
0,54,301
1,54,150
2,54,61
3,54,683
4,54,443
5,54,954
6,54,1006
7,54,669
8,54,311
9,54,463
10,54,557
11,54,105
12,54,187
13,54,786
14,54,698
15,54,618
16,54,784
17,54,1008
18,54,520
19,54,185
20,54,710
21,54,0
22,54,554
23,54,230
24,54,713
25,54,246
26,54,155
27,54,287
28,54,901
29,54,142
30,54,304
31,54,492
32,54,1014
33,54,48
34,54,643
35,54,149
36,54,440
37,54,380
38,54,906
39,54,717
40,54,997
41,54,603
42,54,665
43,54,107
44,54,67
45,54,867
46,54,911
47,54,6
48,54,540
49,54,767
50,54,524
51,54,915
52,54,783
53,54,487
54,54,933
55,54,1002
56,54,537
57,54,266
58,54,474
59,54,362
60,54,839
61,54,476
62,54,982
63,54,847
64,54,775
65,54,521
66,54,584
67,54,877
68,54,432
69,54,749
70,54,650
71,54,363
72,54,649
73,54,1012
74,54,215
75,54,506
76,54,616
77,54,297
78,54,451
79,54,779
80,54,891
81,54,755
82,54,355
83,54,99
84,54,283
85,54,538
86,54,951
87,54,186
88,54,966
89,54,686
90,54,973
91,54,170
92,54,814
93,54,220
94,54,890
95,54,887
96,54,252
97,54,883
98,54,435
99,54,617
100,54,924
101,54,770
102,54,560
103,54,652
104,54,539
105,54,614
106,54,137
107,54,267
108,54,239
109,54,654
110,54,81
111,54,449
112,54,60
113,54,790
114,54,434
115,54,450
116,54,62
117,54,44
118,54,101
119,54,606
120,54,868
121,54,431
122,54,730
123,54,748
124,54,176
125,54,334
126,54,38
127,54,516
128,54,375
129,54,264
130,54,812
131,54,1017
132,54,16
133,54,518
134,54,619
135,54,47
136,54,257
137,54,978
138,54,482
139,54,243
140,54,250
141,54,724
142,54,607
143,54,114
144,54,173
145,54,723
146,54,852
147,54,242
148,54,190
149,54,96
150,54,955
151,54,550
152,54,534
153,54,319
154,54,75
155,54,695
156,54,11
157,54,953
158,54,635
159,54,785
160,54,104
161,54,504
162,54,120
163,54,98
164,54,433
165,54,35
166,54,277
167,54,838
168,54,961
169,54,531
170,54,462
171,54,473
172,54,298
173,54,165
174,54,865
175,54,854
176,54,115
177,54,663
178,54,878
179,54,326
180,54,1003
181,54,889
182,54,809
183,54,988
184,54,261
185,54,597
186,54,843
187,54,20
188,54,256
189,54,743
190,54,437
191,54,525
192,54,237
193,54,970
194,54,580
195,54,938
196,54,490
197,54,957
198,54,313
199,54,309
200,54,410
201,54,983
202,54,980
203,54,962
204,54,80
205,54,414
206,54,709
207,54,201
208,54,571
209,54,914
210,54,218
211,54,667
212,54,960
213,54,135
214,54,179
215,54,161
216,54,916
217,54,772
218,54,566
219,54,929
220,54,921
221,54,77
222,54,156
223,54,753
224,54,787
225,54,610
226,54,972
227,54,1020
228,54,171
229,54,908
230,54,251
231,54,27
232,54,36
233,54,184
234,54,857
235,54,219
236,54,29
237,54,157
238,54,996
239,54,421
240,54,205
241,54,494
242,54,58
243,54,794
244,54,532
245,54,989
246,54,777
247,54,393
248,54,112
249,54,318
250,54,373
251,54,919
252,54,700
253,54,88
254,54,148
255,54,160
256,54,345
257,54,944
258,54,5
259,54,965
260,54,34
261,54,646
262,54,763
263,54,509
264,54,827
265,54,429
266,54,127
267,54,235
268,54,9
269,54,627
270,54,390
271,54,555
272,54,350
273,54,223
274,54,549
275,54,214
276,54,226
277,54,545
278,54,503
279,54,797
280,54,952
281,54,294
282,54,216
283,54,869
284,54,193
285,54,204
286,54,930
287,54,697
288,54,842
289,54,515
290,54,213
291,54,202
292,54,656
293,54,140
294,54,541
295,54,630
296,54,392
297,54,535
298,54,241
299,54,93
300,54,454
301,54,739
302,54,41
303,54,662
304,54,511
305,54,12
306,54,821
307,54,386
308,54,379
309,54,420
310,54,725
311,54,527
312,54,315
313,54,333
314,54,837
315,54,813
316,54,119
317,54,424
318,54,668
319,54,728
320,54,959
321,54,632
322,54,992
323,54,496
324,54,8
325,54,197
326,54,381
327,54,658
328,54,132
329,54,925
330,54,110
331,54,285
332,54,894
333,54,689
334,54,792
335,54,369
336,54,228
337,54,236
338,54,70
339,54,701
340,54,947
341,54,699
342,54,464
343,54,39
344,54,54
345,54,1005
346,54,856
347,54,31
348,54,737
349,54,976
350,54,570
351,54,51
352,54,912
353,54,325
354,54,442
355,54,707
356,54,991
357,54,799
358,54,552
359,54,499
360,54,453
361,54,460
362,54,981
363,54,147
364,54,985
365,54,893
366,54,864
367,54,85
368,54,681
369,54,164
370,54,162
371,54,922
372,54,106
373,54,483
374,54,45
375,54,826
376,54,751
377,54,544
378,54,849
379,54,834
380,54,559
381,54,323
382,54,673
383,54,664
384,54,682
385,54,305
386,54,568
387,54,828
388,54,892
389,54,776
390,54,343
391,54,895
392,54,1013
393,54,875
394,54,862
395,54,286
396,54,43
397,54,523
398,54,349
399,54,245
0,55,301
1,55,150
2,55,62
3,55,683
4,55,443
5,55,954
6,55,1006
7,55,669
8,55,311
9,55,463
10,55,557
11,55,105
12,55,187
13,55,786
14,55,698
15,55,618
16,55,784
17,55,1008
18,55,520
19,55,185
20,55,710
21,55,0
22,55,554
23,55,230
24,55,713
25,55,246
26,55,155
27,55,287
28,55,901
29,55,142
30,55,304
31,55,492
32,55,1013
33,55,48
34,55,643
35,55,149
36,55,440
37,55,380
38,55,906
39,55,717
40,55,997
41,55,603
42,55,665
43,55,107
44,55,67
45,55,867
46,55,911
47,55,6
48,55,540
49,55,767
50,55,524
51,55,915
52,55,783
53,55,487
54,55,933
55,55,1002
56,55,537
57,55,266
58,55,474
59,55,362
60,55,839
61,55,476
62,55,983
63,55,847
64,55,775
65,55,521
66,55,584
67,55,877
68,55,432
69,55,749
70,55,650
71,55,363
72,55,649
73,55,1011
74,55,215
75,55,506
76,55,616
77,55,297
78,55,419
79,55,779
80,55,891
81,55,755
82,55,356
83,55,99
84,55,283
85,55,538
86,55,919
87,55,186
88,55,966
89,55,686
90,55,973
91,55,170
92,55,814
93,55,220
94,55,890
95,55,888
96,55,252
97,55,883
98,55,435
99,55,617
100,55,924
101,55,770
102,55,560
103,55,652
104,55,539
105,55,614
106,55,137
107,55,267
108,55,239
109,55,654
110,55,81
111,55,449
112,55,60
113,55,790
114,55,434
115,55,450
116,55,94
117,55,44
118,55,101
119,55,606
120,55,868
121,55,431
122,55,730
123,55,748
124,55,176
125,55,334
126,55,70
127,55,516
128,55,375
129,55,264
130,55,812
131,55,985
132,55,16
133,55,518
134,55,619
135,55,47
136,55,256
137,55,978
138,55,482
139,55,243
140,55,250
141,55,724
142,55,607
143,55,114
144,55,173
145,55,723
146,55,852
147,55,242
148,55,190
149,55,96
150,55,955
151,55,550
152,55,534
153,55,319
154,55,75
155,55,695
156,55,11
157,55,952
158,55,635
159,55,785
160,55,104
161,55,504
162,55,120
163,55,98
164,55,433
165,55,35
166,55,277
167,55,838
168,55,961
169,55,531
170,55,462
171,55,473
172,55,298
173,55,165
174,55,865
175,55,854
176,55,115
177,55,663
178,55,878
179,55,326
180,55,1003
181,55,921
182,55,809
183,55,988
184,55,261
185,55,597
186,55,843
187,55,20
188,55,224
189,55,743
190,55,437
191,55,525
192,55,237
193,55,970
194,55,580
195,55,938
196,55,490
197,55,957
198,55,313
199,55,309
200,55,410
201,55,951
202,55,979
203,55,962
204,55,80
205,55,414
206,55,709
207,55,201
208,55,571
209,55,914
210,55,218
211,55,667
212,55,960
213,55,135
214,55,179
215,55,161
216,55,916
217,55,772
218,55,566
219,55,929
220,55,953
221,55,77
222,55,156
223,55,753
224,55,787
225,55,610
226,55,972
227,55,1020
228,55,171
229,55,908
230,55,251
231,55,27
232,55,36
233,55,184
234,55,857
235,55,219
236,55,29
237,55,157
238,55,996
239,55,421
240,55,205
241,55,494
242,55,58
243,55,794
244,55,532
245,55,989
246,55,777
247,55,393
248,55,112
249,55,318
250,55,373
251,55,887
252,55,700
253,55,88
254,55,148
255,55,160
256,55,345
257,55,944
258,55,5
259,55,965
260,55,34
261,55,646
262,55,763
263,55,509
264,55,827
265,55,429
266,55,127
267,55,235
268,55,9
269,55,627
270,55,390
271,55,555
272,55,350
273,55,223
274,55,549
275,55,214
276,55,226
277,55,545
278,55,503
279,55,797
280,55,984
281,55,294
282,55,216
283,55,869
284,55,193
285,55,204
286,55,930
287,55,697
288,55,842
289,55,515
290,55,213
291,55,202
292,55,656
293,55,140
294,55,541
295,55,630
296,55,392
297,55,535
298,55,241
299,55,93
300,55,454
301,55,739
302,55,41
303,55,662
304,55,511
305,55,12
306,55,821
307,55,386
308,55,379
309,55,420
310,55,725
311,55,527
312,55,315
313,55,333
314,55,837
315,55,813
316,55,119
317,55,424
318,55,668
319,55,728
320,55,959
321,55,632
322,55,992
323,55,496
324,55,8
325,55,197
326,55,381
327,55,658
328,55,132
329,55,925
330,55,110
331,55,285
332,55,894
333,55,689
334,55,792
335,55,369
336,55,228
337,55,236
338,55,69
339,55,701
340,55,947
341,55,699
342,55,464
343,55,39
344,55,54
345,55,1005
346,55,856
347,55,31
348,55,737
349,55,976
350,55,570
351,55,51
352,55,912
353,55,325
354,55,442
355,55,707
356,55,991
357,55,799
358,55,552
359,55,499
360,55,453
361,55,460
362,55,980
363,55,147
364,55,986
365,55,893
366,55,864
367,55,85
368,55,681
369,55,164
370,55,162
371,55,922
372,55,106
373,55,451
374,55,45
375,55,826
376,55,751
377,55,544
378,55,849
379,55,834
380,55,559
381,55,355
382,55,673
383,55,664
384,55,682
385,55,305
386,55,568
387,55,828
388,55,892
389,55,776
390,55,343
391,55,895
392,55,981
393,55,875
394,55,862
395,55,286
396,55,43
397,55,523
398,55,349
399,55,245
0,56,301
1,56,150
2,56,30
3,56,683
4,56,443
5,56,954
6,56,1006
7,56,669
8,56,311
9,56,463
10,56,557
11,56,105
12,56,187
13,56,786
14,56,698
15,56,618
16,56,784
17,56,1008
18,56,520
19,56,185
20,56,710
21,56,0
22,56,554
23,56,230
24,56,713
25,56,246
26,56,155
27,56,287
28,56,901
29,56,142
30,56,304
31,56,492
32,56,1013
33,56,48
34,56,643
35,56,149
36,56,440
37,56,380
38,56,906
39,56,717
40,56,997
41,56,603
42,56,665
43,56,107
44,56,67
45,56,867
46,56,911
47,56,6
48,56,540
49,56,767
50,56,524
51,56,915
52,56,783
53,56,487
54,56,933
55,56,1002
56,56,537
57,56,266
58,56,474
59,56,362
60,56,839
61,56,476
62,56,951
63,56,847
64,56,775
65,56,521
66,56,584
67,56,877
68,56,432
69,56,749
70,56,650
71,56,363
72,56,649
73,56,1010
74,56,215
75,56,506
76,56,616
77,56,297
78,56,451
79,56,779
80,56,891
81,56,755
82,56,356
83,56,99
84,56,283
85,56,538
86,56,919
87,56,186
88,56,966
89,56,686
90,56,973
91,56,170
92,56,814
93,56,220
94,56,890
95,56,888
96,56,252
97,56,883
98,56,435
99,56,617
100,56,924
101,56,770
102,56,560
103,56,652
104,56,539
105,56,614
106,56,137
107,56,267
108,56,239
109,56,654
110,56,81
111,56,449
112,56,60
113,56,790
114,56,434
115,56,418
116,56,62
117,56,44
118,56,101
119,56,606
120,56,868
121,56,431
122,56,730
123,56,748
124,56,176
125,56,334
126,56,102
127,56,516
128,56,375
129,56,264
130,56,812
131,56,985
132,56,16
133,56,518
134,56,619
135,56,47
136,56,257
137,56,978
138,56,482
139,56,243
140,56,250
141,56,724
142,56,607
143,56,114
144,56,173
145,56,723
146,56,852
147,56,242
148,56,190
149,56,96
150,56,955
151,56,550
152,56,534
153,56,319
154,56,75
155,56,695
156,56,11
157,56,953
158,56,635
159,56,785
160,56,104
161,56,504
162,56,120
163,56,98
164,56,433
165,56,35
166,56,277
167,56,838
168,56,961
169,56,531
170,56,462
171,56,473
172,56,298
173,56,165
174,56,865
175,56,854
176,56,115
177,56,663
178,56,878
179,56,326
180,56,1003
181,56,920
182,56,809
183,56,988
184,56,261
185,56,597
186,56,843
187,56,20
188,56,256
189,56,743
190,56,437
191,56,525
192,56,237
193,56,970
194,56,580
195,56,938
196,56,490
197,56,957
198,56,313
199,56,309
200,56,410
201,56,952
202,56,980
203,56,962
204,56,80
205,56,414
206,56,709
207,56,201
208,56,571
209,56,914
210,56,218
211,56,667
212,56,960
213,56,135
214,56,179
215,56,161
216,56,916
217,56,772
218,56,566
219,56,929
220,56,921
221,56,77
222,56,156
223,56,753
224,56,787
225,56,610
226,56,972
227,56,1020
228,56,171
229,56,908
230,56,251
231,56,27
232,56,36
233,56,184
234,56,857
235,56,219
236,56,29
237,56,157
238,56,996
239,56,421
240,56,205
241,56,494
242,56,58
243,56,794
244,56,532
245,56,989
246,56,777
247,56,393
248,56,112
249,56,318
250,56,373
251,56,887
252,56,700
253,56,88
254,56,148
255,56,160
256,56,345
257,56,944
258,56,5
259,56,965
260,56,34
261,56,646
262,56,763
263,56,509
264,56,827
265,56,429
266,56,127
267,56,235
268,56,9
269,56,627
270,56,390
271,56,555
272,56,350
273,56,223
274,56,549
275,56,214
276,56,226
277,56,545
278,56,503
279,56,797
280,56,983
281,56,294
282,56,216
283,56,869
284,56,193
285,56,204
286,56,930
287,56,697
288,56,842
289,56,515
290,56,213
291,56,202
292,56,656
293,56,140
294,56,541
295,56,630
296,56,392
297,56,535
298,56,241
299,56,93
300,56,454
301,56,739
302,56,41
303,56,662
304,56,511
305,56,12
306,56,821
307,56,386
308,56,379
309,56,420
310,56,725
311,56,527
312,56,315
313,56,333
314,56,837
315,56,813
316,56,119
317,56,424
318,56,668
319,56,728
320,56,959
321,56,632
322,56,992
323,56,496
324,56,8
325,56,197
326,56,381
327,56,658
328,56,132
329,56,925
330,56,110
331,56,285
332,56,894
333,56,689
334,56,792
335,56,369
336,56,228
337,56,236
338,56,70
339,56,701
340,56,947
341,56,699
342,56,464
343,56,39
344,56,54
345,56,1005
346,56,856
347,56,31
348,56,737
349,56,976
350,56,570
351,56,51
352,56,912
353,56,325
354,56,442
355,56,707
356,56,991
357,56,799
358,56,552
359,56,499
360,56,453
361,56,460
362,56,1012
363,56,147
364,56,1018
365,56,893
366,56,864
367,56,85
368,56,681
369,56,164
370,56,162
371,56,922
372,56,106
373,56,450
374,56,45
375,56,826
376,56,751
377,56,544
378,56,849
379,56,834
380,56,559
381,56,355
382,56,673
383,56,664
384,56,682
385,56,305
386,56,568
387,56,828
388,56,892
389,56,776
390,56,343
391,56,895
392,56,982
393,56,875
394,56,862
395,56,286
396,56,43
397,56,523
398,56,349
399,56,245
0,57,301
1,57,150
2,57,30
3,57,683
4,57,443
5,57,954
6,57,1006
7,57,669
8,57,311
9,57,463
10,57,557
11,57,105
12,57,187
13,57,786
14,57,698
15,57,618
16,57,784
17,57,1008
18,57,520
19,57,185
20,57,710
21,57,0
22,57,554
23,57,230
24,57,713
25,57,246
26,57,155
27,57,287
28,57,901
29,57,142
30,57,304
31,57,492
32,57,1013
33,57,48
34,57,643
35,57,149
36,57,440
37,57,380
38,57,906
39,57,717
40,57,997
41,57,603
42,57,665
43,57,107
44,57,67
45,57,867
46,57,911
47,57,6
48,57,540
49,57,767
50,57,524
51,57,915
52,57,783
53,57,487
54,57,933
55,57,1002
56,57,537
57,57,266
58,57,474
59,57,362
60,57,839
61,57,476
62,57,919
63,57,847
64,57,775
65,57,521
66,57,584
67,57,877
68,57,432
69,57,749
70,57,650
71,57,363
72,57,649
73,57,1010
74,57,215
75,57,506
76,57,616
77,57,297
78,57,483
79,57,779
80,57,891
81,57,755
82,57,356
83,57,99
84,57,283
85,57,538
86,57,920
87,57,186
88,57,966
89,57,686
90,57,973
91,57,170
92,57,814
93,57,220
94,57,890
95,57,888
96,57,252
97,57,883
98,57,435
99,57,617
100,57,924
101,57,770
102,57,560
103,57,652
104,57,539
105,57,614
106,57,137
107,57,267
108,57,239
109,57,654
110,57,81
111,57,449
112,57,60
113,57,790
114,57,434
115,57,450
116,57,62
117,57,44
118,57,101
119,57,606
120,57,868
121,57,431
122,57,730
123,57,748
124,57,176
125,57,334
126,57,102
127,57,516
128,57,375
129,57,264
130,57,812
131,57,985
132,57,16
133,57,518
134,57,619
135,57,47
136,57,256
137,57,978
138,57,482
139,57,243
140,57,250
141,57,724
142,57,607
143,57,114
144,57,173
145,57,723
146,57,852
147,57,242
148,57,190
149,57,96
150,57,955
151,57,550
152,57,534
153,57,319
154,57,75
155,57,695
156,57,11
157,57,952
158,57,635
159,57,785
160,57,104
161,57,504
162,57,120
163,57,98
164,57,433
165,57,35
166,57,277
167,57,838
168,57,961
169,57,531
170,57,462
171,57,473
172,57,298
173,57,165
174,57,865
175,57,854
176,57,115
177,57,663
178,57,878
179,57,326
180,57,1003
181,57,921
182,57,809
183,57,988
184,57,261
185,57,597
186,57,843
187,57,20
188,57,288
189,57,743
190,57,437
191,57,525
192,57,237
193,57,970
194,57,580
195,57,938
196,57,490
197,57,957
198,57,313
199,57,309
200,57,410
201,57,984
202,57,980
203,57,962
204,57,80
205,57,414
206,57,709
207,57,201
208,57,571
209,57,914
210,57,218
211,57,667
212,57,960
213,57,135
214,57,179
215,57,161
216,57,916
217,57,772
218,57,566
219,57,929
220,57,953
221,57,77
222,57,156
223,57,753
224,57,787
225,57,610
226,57,972
227,57,1020
228,57,171
229,57,908
230,57,251
231,57,27
232,57,36
233,57,184
234,57,857
235,57,219
236,57,29
237,57,157
238,57,996
239,57,421
240,57,205
241,57,494
242,57,58
243,57,794
244,57,532
245,57,989
246,57,777
247,57,393
248,57,112
249,57,318
250,57,373
251,57,887
252,57,700
253,57,88
254,57,148
255,57,160
256,57,345
257,57,944
258,57,5
259,57,965
260,57,34
261,57,646
262,57,763
263,57,509
264,57,827
265,57,429
266,57,127
267,57,235
268,57,9
269,57,627
270,57,390
271,57,555
272,57,350
273,57,223
274,57,549
275,57,214
276,57,226
277,57,545
278,57,503
279,57,797
280,57,951
281,57,294
282,57,216
283,57,869
284,57,193
285,57,204
286,57,930
287,57,697
288,57,842
289,57,515
290,57,213
291,57,202
292,57,656
293,57,140
294,57,541
295,57,630
296,57,392
297,57,535
298,57,241
299,57,93
300,57,454
301,57,739
302,57,41
303,57,662
304,57,511
305,57,12
306,57,821
307,57,386
308,57,379
309,57,420
310,57,725
311,57,527
312,57,315
313,57,333
314,57,837
315,57,813
316,57,119
317,57,424
318,57,668
319,57,728
320,57,959
321,57,632
322,57,992
323,57,496
324,57,8
325,57,197
326,57,381
327,57,658
328,57,132
329,57,925
330,57,110
331,57,285
332,57,894
333,57,689
334,57,792
335,57,369
336,57,228
337,57,236
338,57,70
339,57,701
340,57,947
341,57,699
342,57,464
343,57,39
344,57,54
345,57,1005
346,57,856
347,57,31
348,57,737
349,57,976
350,57,570
351,57,51
352,57,912
353,57,325
354,57,442
355,57,707
356,57,991
357,57,799
358,57,552
359,57,499
360,57,453
361,57,460
362,57,1012
363,57,147
364,57,1018
365,57,893
366,57,864
367,57,85
368,57,681
369,57,164
370,57,162
371,57,922
372,57,106
373,57,451
374,57,45
375,57,826
376,57,751
377,57,544
378,57,849
379,57,834
380,57,559
381,57,355
382,57,673
383,57,664
384,57,682
385,57,305
386,57,568
387,57,828
388,57,892
389,57,776
390,57,343
391,57,895
392,57,983
393,57,875
394,57,862
395,57,286
396,57,43
397,57,523
398,57,349
399,57,245
0,58,301
1,58,150
2,58,30
3,58,683
4,58,443
5,58,986
6,58,1006
7,58,669
8,58,311
9,58,463
10,58,557
11,58,105
12,58,187
13,58,786
14,58,698
15,58,618
16,58,784
17,58,1008
18,58,520
19,58,185
20,58,710
21,58,0
22,58,554
23,58,230
24,58,713
25,58,246
26,58,155
27,58,287
28,58,901
29,58,142
30,58,304
31,58,492
32,58,1013
33,58,48
34,58,643
35,58,149
36,58,440
37,58,380
38,58,906
39,58,717
40,58,997
41,58,603
42,58,665
43,58,107
44,58,67
45,58,867
46,58,911
47,58,6
48,58,540
49,58,767
50,58,524
51,58,915
52,58,783
53,58,487
54,58,933
55,58,1002
56,58,537
57,58,266
58,58,474
59,58,362
60,58,839
61,58,476
62,58,887
63,58,847
64,58,775
65,58,521
66,58,584
67,58,877
68,58,432
69,58,749
70,58,650
71,58,363
72,58,649
73,58,1010
74,58,215
75,58,506
76,58,616
77,58,297
78,58,484
79,58,779
80,58,891
81,58,755
82,58,356
83,58,99
84,58,283
85,58,538
86,58,952
87,58,186
88,58,966
89,58,686
90,58,973
91,58,170
92,58,814
93,58,220
94,58,890
95,58,920
96,58,252
97,58,883
98,58,435
99,58,617
100,58,924
101,58,770
102,58,560
103,58,652
104,58,539
105,58,614
106,58,137
107,58,267
108,58,239
109,58,654
110,58,81
111,58,449
112,58,60
113,58,790
114,58,434
115,58,450
116,58,62
117,58,44
118,58,101
119,58,606
120,58,868
121,58,431
122,58,730
123,58,748
124,58,176
125,58,334
126,58,102
127,58,516
128,58,375
129,58,264
130,58,812
131,58,985
132,58,16
133,58,518
134,58,619
135,58,47
136,58,224
137,58,978
138,58,482
139,58,243
140,58,250
141,58,724
142,58,607
143,58,114
144,58,173
145,58,723
146,58,852
147,58,242
148,58,190
149,58,96
150,58,955
151,58,550
152,58,534
153,58,319
154,58,75
155,58,695
156,58,11
157,58,953
158,58,635
159,58,785
160,58,104
161,58,504
162,58,120
163,58,98
164,58,433
165,58,35
166,58,277
167,58,838
168,58,961
169,58,531
170,58,462
171,58,473
172,58,298
173,58,165
174,58,865
175,58,854
176,58,115
177,58,663
178,58,878
179,58,326
180,58,1003
181,58,921
182,58,809
183,58,988
184,58,261
185,58,597
186,58,843
187,58,20
188,58,256
189,58,743
190,58,437
191,58,525
192,58,237
193,58,970
194,58,580
195,58,938
196,58,490
197,58,957
198,58,313
199,58,309
200,58,410
201,58,983
202,58,980
203,58,962
204,58,80
205,58,414
206,58,709
207,58,201
208,58,571
209,58,914
210,58,218
211,58,667
212,58,960
213,58,135
214,58,179
215,58,161
216,58,916
217,58,772
218,58,566
219,58,929
220,58,954
221,58,77
222,58,156
223,58,753
224,58,787
225,58,610
226,58,972
227,58,1020
228,58,171
229,58,908
230,58,251
231,58,27
232,58,36
233,58,184
234,58,857
235,58,219
236,58,29
237,58,157
238,58,996
239,58,421
240,58,205
241,58,494
242,58,58
243,58,794
244,58,532
245,58,989
246,58,777
247,58,393
248,58,112
249,58,318
250,58,373
251,58,888
252,58,700
253,58,88
254,58,148
255,58,160
256,58,345
257,58,944
258,58,5
259,58,965
260,58,34
261,58,646
262,58,763
263,58,509
264,58,827
265,58,429
266,58,127
267,58,235
268,58,9
269,58,627
270,58,390
271,58,555
272,58,350
273,58,223
274,58,549
275,58,214
276,58,226
277,58,545
278,58,503
279,58,797
280,58,919
281,58,294
282,58,216
283,58,869
284,58,193
285,58,204
286,58,930
287,58,697
288,58,842
289,58,515
290,58,213
291,58,202
292,58,656
293,58,140
294,58,541
295,58,630
296,58,392
297,58,535
298,58,241
299,58,93
300,58,454
301,58,739
302,58,41
303,58,662
304,58,511
305,58,12
306,58,821
307,58,386
308,58,379
309,58,420
310,58,725
311,58,527
312,58,315
313,58,333
314,58,837
315,58,813
316,58,119
317,58,424
318,58,668
319,58,728
320,58,959
321,58,632
322,58,992
323,58,496
324,58,8
325,58,197
326,58,381
327,58,658
328,58,132
329,58,925
330,58,110
331,58,285
332,58,894
333,58,689
334,58,792
335,58,369
336,58,228
337,58,236
338,58,70
339,58,701
340,58,947
341,58,699
342,58,464
343,58,39
344,58,54
345,58,1005
346,58,856
347,58,31
348,58,737
349,58,976
350,58,570
351,58,51
352,58,912
353,58,325
354,58,442
355,58,707
356,58,991
357,58,799
358,58,552
359,58,499
360,58,453
361,58,460
362,58,1012
363,58,147
364,58,1018
365,58,893
366,58,864
367,58,85
368,58,681
369,58,164
370,58,162
371,58,922
372,58,106
373,58,451
374,58,45
375,58,826
376,58,751
377,58,544
378,58,849
379,58,834
380,58,559
381,58,355
382,58,673
383,58,664
384,58,682
385,58,305
386,58,568
387,58,828
388,58,892
389,58,776
390,58,343
391,58,895
392,58,951
393,58,875
394,58,862
395,58,286
396,58,43
397,58,523
398,58,349
399,58,245
0,59,301
1,59,150
2,59,30
3,59,683
4,59,443
5,59,954
6,59,1006
7,59,669
8,59,311
9,59,463
10,59,557
11,59,105
12,59,187
13,59,786
14,59,698
15,59,618
16,59,784
17,59,1008
18,59,520
19,59,185
20,59,710
21,59,0
22,59,554
23,59,230
24,59,713
25,59,246
26,59,155
27,59,287
28,59,901
29,59,142
30,59,304
31,59,492
32,59,1013
33,59,48
34,59,643
35,59,149
36,59,440
37,59,380
38,59,906
39,59,717
40,59,997
41,59,603
42,59,665
43,59,107
44,59,67
45,59,867
46,59,911
47,59,6
48,59,540
49,59,767
50,59,524
51,59,915
52,59,783
53,59,487
54,59,933
55,59,1002
56,59,537
57,59,266
58,59,474
59,59,362
60,59,839
61,59,476
62,59,886
63,59,847
64,59,775
65,59,521
66,59,584
67,59,877
68,59,432
69,59,749
70,59,650
71,59,363
72,59,649
73,59,1010
74,59,215
75,59,506
76,59,616
77,59,297
78,59,484
79,59,779
80,59,891
81,59,755
82,59,356
83,59,99
84,59,283
85,59,538
86,59,951
87,59,186
88,59,966
89,59,686
90,59,973
91,59,170
92,59,814
93,59,220
94,59,890
95,59,888
96,59,252
97,59,883
98,59,435
99,59,617
100,59,924
101,59,770
102,59,560
103,59,652
104,59,539
105,59,614
106,59,137
107,59,267
108,59,239
109,59,654
110,59,81
111,59,449
112,59,60
113,59,790
114,59,434
115,59,450
116,59,62
117,59,44
118,59,101
119,59,606
120,59,868
121,59,431
122,59,730
123,59,748
124,59,176
125,59,334
126,59,102
127,59,516
128,59,375
129,59,264
130,59,812
131,59,985
132,59,16
133,59,518
134,59,619
135,59,47
136,59,224
137,59,978
138,59,482
139,59,243
140,59,250
141,59,724
142,59,607
143,59,114
144,59,173
145,59,723
146,59,852
147,59,242
148,59,190
149,59,96
150,59,955
151,59,550
152,59,534
153,59,319
154,59,75
155,59,695
156,59,11
157,59,952
158,59,635
159,59,785
160,59,104
161,59,504
162,59,120
163,59,98
164,59,433
165,59,35
166,59,277
167,59,838
168,59,961
169,59,531
170,59,462
171,59,473
172,59,298
173,59,165
174,59,865
175,59,854
176,59,115
177,59,663
178,59,878
179,59,326
180,59,1003
181,59,921
182,59,809
183,59,988
184,59,261
185,59,597
186,59,843
187,59,20
188,59,256
189,59,743
190,59,437
191,59,525
192,59,237
193,59,970
194,59,580
195,59,938
196,59,490
197,59,957
198,59,313
199,59,309
200,59,410
201,59,982
202,59,980
203,59,962
204,59,80
205,59,414
206,59,709
207,59,201
208,59,571
209,59,914
210,59,218
211,59,667
212,59,960
213,59,135
214,59,179
215,59,161
216,59,916
217,59,772
218,59,566
219,59,929
220,59,953
221,59,77
222,59,156
223,59,753
224,59,787
225,59,610
226,59,972
227,59,1020
228,59,171
229,59,908
230,59,251
231,59,27
232,59,36
233,59,184
234,59,857
235,59,219
236,59,29
237,59,157
238,59,996
239,59,421
240,59,205
241,59,494
242,59,58
243,59,794
244,59,532
245,59,989
246,59,777
247,59,393
248,59,112
249,59,318
250,59,373
251,59,887
252,59,700
253,59,88
254,59,148
255,59,160
256,59,345
257,59,944
258,59,5
259,59,965
260,59,34
261,59,646
262,59,763
263,59,509
264,59,827
265,59,429
266,59,127
267,59,235
268,59,9
269,59,627
270,59,390
271,59,555
272,59,350
273,59,223
274,59,549
275,59,214
276,59,226
277,59,545
278,59,503
279,59,797
280,59,920
281,59,294
282,59,216
283,59,869
284,59,193
285,59,204
286,59,930
287,59,697
288,59,842
289,59,515
290,59,213
291,59,202
292,59,656
293,59,140
294,59,541
295,59,630
296,59,392
297,59,535
298,59,241
299,59,93
300,59,454
301,59,739
302,59,41
303,59,662
304,59,511
305,59,12
306,59,821
307,59,386
308,59,379
309,59,420
310,59,725
311,59,527
312,59,315
313,59,333
314,59,837
315,59,813
316,59,119
317,59,424
318,59,668
319,59,728
320,59,959
321,59,632
322,59,992
323,59,496
324,59,8
325,59,197
326,59,381
327,59,658
328,59,132
329,59,925
330,59,110
331,59,285
332,59,894
333,59,689
334,59,792
335,59,369
336,59,228
337,59,236
338,59,70
339,59,701
340,59,947
341,59,699
342,59,464
343,59,39
344,59,54
345,59,1005
346,59,856
347,59,31
348,59,737
349,59,976
350,59,570
351,59,51
352,59,912
353,59,325
354,59,442
355,59,707
356,59,991
357,59,799
358,59,552
359,59,499
360,59,453
361,59,460
362,59,1012
363,59,147
364,59,1018
365,59,893
366,59,864
367,59,85
368,59,681
369,59,164
370,59,162
371,59,922
372,59,106
373,59,451
374,59,45
375,59,826
376,59,751
377,59,544
378,59,849
379,59,834
380,59,559
381,59,355
382,59,673
383,59,664
384,59,682
385,59,305
386,59,568
387,59,828
388,59,892
389,59,776
390,59,343
391,59,895
392,59,919
393,59,875
394,59,862
395,59,286
396,59,43
397,59,523
398,59,349
399,59,245
0,60,301
1,60,150
2,60,30
3,60,683
4,60,443
5,60,954
6,60,1006
7,60,669
8,60,311
9,60,463
10,60,557
11,60,105
12,60,187
13,60,786
14,60,698
15,60,618
16,60,784
17,60,1008
18,60,520
19,60,185
20,60,710
21,60,0
22,60,554
23,60,230
24,60,713
25,60,246
26,60,155
27,60,287
28,60,901
29,60,142
30,60,304
31,60,492
32,60,1013
33,60,48
34,60,643
35,60,149
36,60,440
37,60,380
38,60,906
39,60,717
40,60,997
41,60,603
42,60,665
43,60,107
44,60,67
45,60,867
46,60,911
47,60,6
48,60,540
49,60,767
50,60,524
51,60,915
52,60,783
53,60,487
54,60,933
55,60,1002
56,60,537
57,60,266
58,60,474
59,60,362
60,60,839
61,60,476
62,60,886
63,60,847
64,60,775
65,60,521
66,60,584
67,60,877
68,60,432
69,60,749
70,60,650
71,60,363
72,60,649
73,60,1010
74,60,215
75,60,506
76,60,616
77,60,297
78,60,484
79,60,779
80,60,891
81,60,755
82,60,356
83,60,99
84,60,283
85,60,538
86,60,983
87,60,186
88,60,966
89,60,686
90,60,973
91,60,170
92,60,814
93,60,220
94,60,890
95,60,887
96,60,252
97,60,883
98,60,435
99,60,617
100,60,924
101,60,770
102,60,560
103,60,652
104,60,539
105,60,614
106,60,137
107,60,267
108,60,239
109,60,654
110,60,81
111,60,449
112,60,60
113,60,790
114,60,434
115,60,450
116,60,62
117,60,44
118,60,101
119,60,606
120,60,868
121,60,431
122,60,730
123,60,748
124,60,176
125,60,334
126,60,102
127,60,516
128,60,375
129,60,264
130,60,812
131,60,985
132,60,16
133,60,518
134,60,619
135,60,47
136,60,224
137,60,978
138,60,482
139,60,243
140,60,250
141,60,724
142,60,607
143,60,114
144,60,173
145,60,723
146,60,852
147,60,242
148,60,190
149,60,96
150,60,955
151,60,550
152,60,534
153,60,319
154,60,75
155,60,695
156,60,11
157,60,984
158,60,635
159,60,785
160,60,104
161,60,504
162,60,120
163,60,98
164,60,433
165,60,35
166,60,277
167,60,838
168,60,961
169,60,531
170,60,462
171,60,473
172,60,298
173,60,165
174,60,865
175,60,854
176,60,115
177,60,663
178,60,878
179,60,326
180,60,1003
181,60,921
182,60,809
183,60,988
184,60,261
185,60,597
186,60,843
187,60,20
188,60,256
189,60,743
190,60,437
191,60,525
192,60,237
193,60,970
194,60,580
195,60,938
196,60,490
197,60,957
198,60,313
199,60,309
200,60,410
201,60,981
202,60,980
203,60,962
204,60,80
205,60,414
206,60,709
207,60,201
208,60,571
209,60,914
210,60,218
211,60,667
212,60,960
213,60,135
214,60,179
215,60,161
216,60,916
217,60,772
218,60,566
219,60,929
220,60,953
221,60,77
222,60,156
223,60,753
224,60,787
225,60,610
226,60,972
227,60,1020
228,60,171
229,60,908
230,60,251
231,60,27
232,60,36
233,60,184
234,60,857
235,60,219
236,60,29
237,60,157
238,60,996
239,60,421
240,60,205
241,60,494
242,60,58
243,60,794
244,60,532
245,60,989
246,60,777
247,60,393
248,60,112
249,60,318
250,60,373
251,60,919
252,60,700
253,60,88
254,60,148
255,60,160
256,60,345
257,60,944
258,60,5
259,60,965
260,60,34
261,60,646
262,60,763
263,60,509
264,60,827
265,60,429
266,60,127
267,60,235
268,60,9
269,60,627
270,60,390
271,60,555
272,60,350
273,60,223
274,60,549
275,60,214
276,60,226
277,60,545
278,60,503
279,60,797
280,60,952
281,60,294
282,60,216
283,60,869
284,60,193
285,60,204
286,60,930
287,60,697
288,60,842
289,60,515
290,60,213
291,60,202
292,60,656
293,60,140
294,60,541
295,60,630
296,60,392
297,60,535
298,60,241
299,60,93
300,60,454
301,60,739
302,60,41
303,60,662
304,60,511
305,60,12
306,60,821
307,60,386
308,60,379
309,60,420
310,60,725
311,60,527
312,60,315
313,60,333
314,60,837
315,60,813
316,60,119
317,60,424
318,60,668
319,60,728
320,60,959
321,60,632
322,60,992
323,60,496
324,60,8
325,60,197
326,60,381
327,60,658
328,60,132
329,60,925
330,60,110
331,60,285
332,60,894
333,60,689
334,60,792
335,60,369
336,60,228
337,60,236
338,60,70
339,60,701
340,60,947
341,60,699
342,60,464
343,60,39
344,60,54
345,60,1005
346,60,856
347,60,31
348,60,737
349,60,976
350,60,570
351,60,51
352,60,912
353,60,325
354,60,442
355,60,707
356,60,991
357,60,799
358,60,552
359,60,499
360,60,453
361,60,460
362,60,1012
363,60,147
364,60,1018
365,60,893
366,60,864
367,60,85
368,60,681
369,60,164
370,60,162
371,60,922
372,60,106
373,60,451
374,60,45
375,60,826
376,60,751
377,60,544
378,60,849
379,60,834
380,60,559
381,60,355
382,60,673
383,60,664
384,60,682
385,60,305
386,60,568
387,60,828
388,60,892
389,60,776
390,60,343
391,60,895
392,60,920
393,60,875
394,60,862
395,60,286
396,60,43
397,60,523
398,60,349
399,60,245
0,61,301
1,61,150
2,61,30
3,61,683
4,61,443
5,61,954
6,61,1006
7,61,669
8,61,311
9,61,463
10,61,557
11,61,105
12,61,187
13,61,786
14,61,698
15,61,618
16,61,784
17,61,1008
18,61,520
19,61,185
20,61,710
21,61,0
22,61,554
23,61,230
24,61,713
25,61,246
26,61,155
27,61,287
28,61,901
29,61,142
30,61,304
31,61,492
32,61,1013
33,61,48
34,61,643
35,61,149
36,61,440
37,61,380
38,61,906
39,61,717
40,61,997
41,61,603
42,61,665
43,61,107
44,61,67
45,61,867
46,61,911
47,61,6
48,61,540
49,61,767
50,61,524
51,61,915
52,61,783
53,61,487
54,61,933
55,61,1002
56,61,537
57,61,266
58,61,474
59,61,362
60,61,839
61,61,476
62,61,887
63,61,847
64,61,775
65,61,521
66,61,584
67,61,877
68,61,432
69,61,749
70,61,650
71,61,363
72,61,649
73,61,1010
74,61,215
75,61,506
76,61,616
77,61,297
78,61,484
79,61,779
80,61,891
81,61,755
82,61,356
83,61,99
84,61,283
85,61,538
86,61,983
87,61,186
88,61,966
89,61,686
90,61,973
91,61,170
92,61,814
93,61,220
94,61,890
95,61,919
96,61,252
97,61,883
98,61,435
99,61,617
100,61,924
101,61,770
102,61,560
103,61,652
104,61,539
105,61,614
106,61,137
107,61,267
108,61,239
109,61,654
110,61,81
111,61,449
112,61,60
113,61,790
114,61,434
115,61,450
116,61,62
117,61,44
118,61,101
119,61,606
120,61,868
121,61,431
122,61,730
123,61,748
124,61,176
125,61,334
126,61,102
127,61,516
128,61,375
129,61,264
130,61,812
131,61,985
132,61,16
133,61,518
134,61,619
135,61,47
136,61,224
137,61,978
138,61,482
139,61,243
140,61,250
141,61,724
142,61,607
143,61,114
144,61,173
145,61,723
146,61,852
147,61,242
148,61,190
149,61,96
150,61,955
151,61,550
152,61,534
153,61,319
154,61,75
155,61,695
156,61,11
157,61,984
158,61,635
159,61,785
160,61,104
161,61,504
162,61,120
163,61,98
164,61,433
165,61,35
166,61,277
167,61,838
168,61,961
169,61,531
170,61,462
171,61,473
172,61,298
173,61,165
174,61,865
175,61,854
176,61,115
177,61,663
178,61,878
179,61,326
180,61,1003
181,61,921
182,61,809
183,61,988
184,61,261
185,61,597
186,61,843
187,61,20
188,61,256
189,61,743
190,61,437
191,61,525
192,61,237
193,61,970
194,61,580
195,61,938
196,61,490
197,61,957
198,61,313
199,61,309
200,61,410
201,61,981
202,61,980
203,61,962
204,61,80
205,61,414
206,61,709
207,61,201
208,61,571
209,61,914
210,61,218
211,61,667
212,61,960
213,61,135
214,61,179
215,61,161
216,61,916
217,61,772
218,61,566
219,61,929
220,61,953
221,61,77
222,61,156
223,61,753
224,61,787
225,61,610
226,61,972
227,61,1020
228,61,171
229,61,908
230,61,251
231,61,27
232,61,36
233,61,184
234,61,857
235,61,219
236,61,29
237,61,157
238,61,996
239,61,421
240,61,205
241,61,494
242,61,58
243,61,794
244,61,532
245,61,989
246,61,777
247,61,393
248,61,112
249,61,318
250,61,373
251,61,951
252,61,700
253,61,88
254,61,148
255,61,160
256,61,345
257,61,944
258,61,5
259,61,965
260,61,34
261,61,646
262,61,763
263,61,509
264,61,827
265,61,429
266,61,127
267,61,235
268,61,9
269,61,627
270,61,390
271,61,555
272,61,350
273,61,223
274,61,549
275,61,214
276,61,226
277,61,545
278,61,503
279,61,797
280,61,952
281,61,294
282,61,216
283,61,869
284,61,193
285,61,204
286,61,930
287,61,697
288,61,842
289,61,515
290,61,213
291,61,202
292,61,656
293,61,140
294,61,541
295,61,630
296,61,392
297,61,535
298,61,241
299,61,93
300,61,454
301,61,739
302,61,41
303,61,662
304,61,511
305,61,12
306,61,821
307,61,386
308,61,379
309,61,420
310,61,725
311,61,527
312,61,315
313,61,333
314,61,837
315,61,813
316,61,119
317,61,424
318,61,668
319,61,728
320,61,959
321,61,632
322,61,992
323,61,496
324,61,8
325,61,197
326,61,381
327,61,658
328,61,132
329,61,925
330,61,110
331,61,285
332,61,894
333,61,689
334,61,792
335,61,369
336,61,228
337,61,236
338,61,70
339,61,701
340,61,947
341,61,699
342,61,464
343,61,39
344,61,54
345,61,1005
346,61,856
347,61,31
348,61,737
349,61,976
350,61,570
351,61,51
352,61,912
353,61,325
354,61,442
355,61,707
356,61,991
357,61,799
358,61,552
359,61,499
360,61,453
361,61,460
362,61,1012
363,61,147
364,61,1018
365,61,893
366,61,864
367,61,85
368,61,681
369,61,164
370,61,162
371,61,922
372,61,106
373,61,451
374,61,45
375,61,826
376,61,751
377,61,544
378,61,849
379,61,834
380,61,559
381,61,355
382,61,673
383,61,664
384,61,682
385,61,305
386,61,568
387,61,828
388,61,892
389,61,776
390,61,343
391,61,895
392,61,920
393,61,875
394,61,862
395,61,286
396,61,43
397,61,523
398,61,349
399,61,245
0,62,301
1,62,150
2,62,30
3,62,683
4,62,443
5,62,954
6,62,1006
7,62,669
8,62,311
9,62,463
10,62,557
11,62,105
12,62,187
13,62,786
14,62,698
15,62,618
16,62,784
17,62,1008
18,62,520
19,62,185
20,62,710
21,62,0
22,62,554
23,62,230
24,62,713
25,62,246
26,62,155
27,62,287
28,62,901
29,62,142
30,62,304
31,62,492
32,62,1013
33,62,48
34,62,643
35,62,149
36,62,440
37,62,380
38,62,906
39,62,717
40,62,997
41,62,603
42,62,665
43,62,107
44,62,67
45,62,867
46,62,911
47,62,6
48,62,540
49,62,767
50,62,524
51,62,915
52,62,783
53,62,487
54,62,933
55,62,1002
56,62,537
57,62,266
58,62,474
59,62,362
60,62,839
61,62,476
62,62,919
63,62,847
64,62,775
65,62,521
66,62,584
67,62,877
68,62,432
69,62,749
70,62,650
71,62,363
72,62,649
73,62,1010
74,62,215
75,62,506
76,62,616
77,62,297
78,62,484
79,62,779
80,62,891
81,62,755
82,62,356
83,62,99
84,62,283
85,62,538
86,62,982
87,62,186
88,62,966
89,62,686
90,62,973
91,62,170
92,62,814
93,62,220
94,62,890
95,62,920
96,62,252
97,62,883
98,62,435
99,62,617
100,62,924
101,62,770
102,62,560
103,62,652
104,62,539
105,62,614
106,62,137
107,62,267
108,62,239
109,62,654
110,62,81
111,62,449
112,62,60
113,62,790
114,62,434
115,62,450
116,62,62
117,62,44
118,62,101
119,62,606
120,62,868
121,62,431
122,62,730
123,62,748
124,62,176
125,62,334
126,62,102
127,62,516
128,62,375
129,62,264
130,62,812
131,62,985
132,62,16
133,62,518
134,62,619
135,62,47
136,62,224
137,62,978
138,62,482
139,62,243
140,62,250
141,62,724
142,62,607
143,62,114
144,62,173
145,62,723
146,62,852
147,62,242
148,62,190
149,62,96
150,62,955
151,62,550
152,62,534
153,62,319
154,62,75
155,62,695
156,62,11
157,62,952
158,62,635
159,62,785
160,62,104
161,62,504
162,62,120
163,62,98
164,62,433
165,62,35
166,62,277
167,62,838
168,62,961
169,62,531
170,62,462
171,62,473
172,62,298
173,62,165
174,62,865
175,62,854
176,62,115
177,62,663
178,62,878
179,62,326
180,62,1003
181,62,921
182,62,809
183,62,988
184,62,261
185,62,597
186,62,843
187,62,20
188,62,256
189,62,743
190,62,437
191,62,525
192,62,237
193,62,970
194,62,580
195,62,938
196,62,490
197,62,957
198,62,313
199,62,309
200,62,410
201,62,981
202,62,980
203,62,962
204,62,80
205,62,414
206,62,709
207,62,201
208,62,571
209,62,914
210,62,218
211,62,667
212,62,960
213,62,135
214,62,179
215,62,161
216,62,916
217,62,772
218,62,566
219,62,929
220,62,953
221,62,77
222,62,156
223,62,753
224,62,787
225,62,610
226,62,972
227,62,1020
228,62,171
229,62,908
230,62,251
231,62,27
232,62,36
233,62,184
234,62,857
235,62,219
236,62,29
237,62,157
238,62,996
239,62,421
240,62,205
241,62,494
242,62,58
243,62,794
244,62,532
245,62,989
246,62,777
247,62,393
248,62,112
249,62,318
250,62,373
251,62,983
252,62,700
253,62,88
254,62,148
255,62,160
256,62,345
257,62,944
258,62,5
259,62,965
260,62,34
261,62,646
262,62,763
263,62,509
264,62,827
265,62,429
266,62,127
267,62,235
268,62,9
269,62,627
270,62,390
271,62,555
272,62,350
273,62,223
274,62,549
275,62,214
276,62,226
277,62,545
278,62,503
279,62,797
280,62,951
281,62,294
282,62,216
283,62,869
284,62,193
285,62,204
286,62,930
287,62,697
288,62,842
289,62,515
290,62,213
291,62,202
292,62,656
293,62,140
294,62,541
295,62,630
296,62,392
297,62,535
298,62,241
299,62,93
300,62,454
301,62,739
302,62,41
303,62,662
304,62,511
305,62,12
306,62,821
307,62,386
308,62,379
309,62,420
310,62,725
311,62,527
312,62,315
313,62,333
314,62,837
315,62,813
316,62,119
317,62,424
318,62,668
319,62,728
320,62,959
321,62,632
322,62,992
323,62,496
324,62,8
325,62,197
326,62,381
327,62,658
328,62,132
329,62,925
330,62,110
331,62,285
332,62,894
333,62,689
334,62,792
335,62,369
336,62,228
337,62,236
338,62,70
339,62,701
340,62,947
341,62,699
342,62,464
343,62,39
344,62,54
345,62,1005
346,62,856
347,62,31
348,62,737
349,62,976
350,62,570
351,62,51
352,62,912
353,62,325
354,62,442
355,62,707
356,62,991
357,62,799
358,62,552
359,62,499
360,62,453
361,62,460
362,62,1012
363,62,147
364,62,1018
365,62,893
366,62,864
367,62,85
368,62,681
369,62,164
370,62,162
371,62,922
372,62,106
373,62,451
374,62,45
375,62,826
376,62,751
377,62,544
378,62,849
379,62,834
380,62,559
381,62,355
382,62,673
383,62,664
384,62,682
385,62,305
386,62,568
387,62,828
388,62,892
389,62,776
390,62,343
391,62,895
392,62,888
393,62,875
394,62,862
395,62,286
396,62,43
397,62,523
398,62,349
399,62,245
0,63,301
1,63,150
2,63,30
3,63,683
4,63,443
5,63,954
6,63,1006
7,63,669
8,63,311
9,63,463
10,63,557
11,63,105
12,63,187
13,63,786
14,63,698
15,63,618
16,63,784
17,63,1008
18,63,520
19,63,185
20,63,710
21,63,0
22,63,554
23,63,230
24,63,713
25,63,246
26,63,155
27,63,287
28,63,901
29,63,142
30,63,304
31,63,492
32,63,1013
33,63,48
34,63,643
35,63,149
36,63,440
37,63,380
38,63,906
39,63,717
40,63,997
41,63,603
42,63,665
43,63,107
44,63,67
45,63,867
46,63,911
47,63,6
48,63,540
49,63,767
50,63,524
51,63,915
52,63,783
53,63,487
54,63,933
55,63,1002
56,63,537
57,63,266
58,63,474
59,63,362
60,63,839
61,63,476
62,63,919
63,63,847
64,63,775
65,63,521
66,63,584
67,63,877
68,63,432
69,63,749
70,63,650
71,63,363
72,63,649
73,63,1010
74,63,215
75,63,506
76,63,616
77,63,297
78,63,484
79,63,779
80,63,891
81,63,755
82,63,356
83,63,99
84,63,283
85,63,538
86,63,981
87,63,186
88,63,966
89,63,686
90,63,973
91,63,170
92,63,814
93,63,220
94,63,890
95,63,888
96,63,252
97,63,883
98,63,435
99,63,617
100,63,924
101,63,770
102,63,560
103,63,652
104,63,539
105,63,614
106,63,137
107,63,267
108,63,239
109,63,654
110,63,81
111,63,449
112,63,60
113,63,790
114,63,434
115,63,450
116,63,62
117,63,44
118,63,101
119,63,606
120,63,868
121,63,431
122,63,730
123,63,748
124,63,176
125,63,334
126,63,102
127,63,516
128,63,375
129,63,264
130,63,812
131,63,985
132,63,16
133,63,518
134,63,619
135,63,47
136,63,224
137,63,978
138,63,482
139,63,243
140,63,250
141,63,724
142,63,607
143,63,114
144,63,173
145,63,723
146,63,852
147,63,242
148,63,190
149,63,96
150,63,955
151,63,550
152,63,534
153,63,319
154,63,75
155,63,695
156,63,11
157,63,952
158,63,635
159,63,785
160,63,104
161,63,504
162,63,120
163,63,98
164,63,433
165,63,35
166,63,277
167,63,838
168,63,961
169,63,531
170,63,462
171,63,473
172,63,298
173,63,165
174,63,865
175,63,854
176,63,115
177,63,663
178,63,878
179,63,326
180,63,1003
181,63,921
182,63,809
183,63,988
184,63,261
185,63,597
186,63,843
187,63,20
188,63,256
189,63,743
190,63,437
191,63,525
192,63,237
193,63,970
194,63,580
195,63,938
196,63,490
197,63,957
198,63,313
199,63,309
200,63,410
201,63,980
202,63,948
203,63,962
204,63,80
205,63,414
206,63,709
207,63,201
208,63,571
209,63,914
210,63,218
211,63,667
212,63,960
213,63,135
214,63,179
215,63,161
216,63,916
217,63,772
218,63,566
219,63,929
220,63,953
221,63,77
222,63,156
223,63,753
224,63,787
225,63,610
226,63,972
227,63,1020
228,63,171
229,63,908
230,63,251
231,63,27
232,63,36
233,63,184
234,63,858
235,63,219
236,63,29
237,63,157
238,63,996
239,63,421
240,63,205
241,63,494
242,63,58
243,63,794
244,63,532
245,63,989
246,63,777
247,63,393
248,63,112
249,63,318
250,63,373
251,63,982
252,63,700
253,63,88
254,63,148
255,63,160
256,63,345
257,63,944
258,63,5
259,63,965
260,63,34
261,63,646
262,63,763
263,63,509
264,63,827
265,63,429
266,63,127
267,63,235
268,63,9
269,63,627
270,63,390
271,63,555
272,63,350
273,63,223
274,63,549
275,63,214
276,63,226
277,63,545
278,63,503
279,63,797
280,63,951
281,63,294
282,63,216
283,63,869
284,63,193
285,63,204
286,63,930
287,63,697
288,63,842
289,63,515
290,63,213
291,63,202
292,63,656
293,63,140
294,63,541
295,63,630
296,63,392
297,63,535
298,63,241
299,63,93
300,63,454
301,63,739
302,63,41
303,63,662
304,63,511
305,63,12
306,63,821
307,63,386
308,63,379
309,63,420
310,63,725
311,63,527
312,63,315
313,63,333
314,63,837
315,63,813
316,63,119
317,63,424
318,63,668
319,63,728
320,63,959
321,63,632
322,63,992
323,63,496
324,63,8
325,63,197
326,63,381
327,63,658
328,63,132
329,63,925
330,63,110
331,63,285
332,63,894
333,63,689
334,63,792
335,63,369
336,63,228
337,63,236
338,63,70
339,63,701
340,63,947
341,63,699
342,63,464
343,63,39
344,63,54
345,63,1005
346,63,857
347,63,31
348,63,737
349,63,976
350,63,570
351,63,51
352,63,912
353,63,325
354,63,442
355,63,707
356,63,991
357,63,799
358,63,552
359,63,499
360,63,453
361,63,460
362,63,1012
363,63,147
364,63,1018
365,63,893
366,63,864
367,63,85
368,63,681
369,63,164
370,63,162
371,63,922
372,63,106
373,63,451
374,63,45
375,63,826
376,63,751
377,63,544
378,63,849
379,63,834
380,63,559
381,63,355
382,63,673
383,63,664
384,63,682
385,63,305
386,63,568
387,63,828
388,63,892
389,63,776
390,63,343
391,63,895
392,63,856
393,63,875
394,63,862
395,63,286
396,63,43
397,63,523
398,63,349
399,63,245
0,64,301
1,64,150
2,64,30
3,64,683
4,64,443
5,64,954
6,64,1006
7,64,669
8,64,311
9,64,463
10,64,557
11,64,105
12,64,187
13,64,786
14,64,698
15,64,618
16,64,784
17,64,1008
18,64,520
19,64,185
20,64,710
21,64,0
22,64,554
23,64,230
24,64,713
25,64,246
26,64,155
27,64,287
28,64,901
29,64,142
30,64,304
31,64,492
32,64,1013
33,64,48
34,64,643
35,64,149
36,64,440
37,64,380
38,64,906
39,64,717
40,64,997
41,64,603
42,64,665
43,64,107
44,64,67
45,64,867
46,64,911
47,64,6
48,64,540
49,64,767
50,64,524
51,64,915
52,64,783
53,64,487
54,64,933
55,64,1002
56,64,537
57,64,266
58,64,474
59,64,362
60,64,839
61,64,476
62,64,919
63,64,847
64,64,775
65,64,521
66,64,584
67,64,877
68,64,432
69,64,749
70,64,650
71,64,363
72,64,649
73,64,1010
74,64,215
75,64,506
76,64,616
77,64,297
78,64,484
79,64,779
80,64,891
81,64,755
82,64,356
83,64,99
84,64,283
85,64,538
86,64,982
87,64,186
88,64,966
89,64,686
90,64,973
91,64,170
92,64,814
93,64,220
94,64,890
95,64,887
96,64,252
97,64,883
98,64,435
99,64,617
100,64,924
101,64,770
102,64,560
103,64,652
104,64,539
105,64,614
106,64,137
107,64,267
108,64,239
109,64,654
110,64,81
111,64,449
112,64,60
113,64,790
114,64,434
115,64,450
116,64,62
117,64,44
118,64,101
119,64,606
120,64,868
121,64,431
122,64,730
123,64,748
124,64,176
125,64,334
126,64,102
127,64,516
128,64,375
129,64,264
130,64,812
131,64,985
132,64,16
133,64,518
134,64,619
135,64,47
136,64,224
137,64,978
138,64,482
139,64,243
140,64,250
141,64,724
142,64,607
143,64,114
144,64,173
145,64,723
146,64,852
147,64,242
148,64,190
149,64,96
150,64,955
151,64,550
152,64,534
153,64,319
154,64,75
155,64,695
156,64,11
157,64,952
158,64,635
159,64,785
160,64,104
161,64,504
162,64,120
163,64,98
164,64,433
165,64,35
166,64,277
167,64,838
168,64,961
169,64,531
170,64,462
171,64,473
172,64,298
173,64,165
174,64,865
175,64,854
176,64,115
177,64,663
178,64,878
179,64,326
180,64,1003
181,64,921
182,64,809
183,64,988
184,64,261
185,64,597
186,64,843
187,64,20
188,64,256
189,64,743
190,64,437
191,64,525
192,64,237
193,64,970
194,64,580
195,64,938
196,64,490
197,64,957
198,64,313
199,64,309
200,64,410
201,64,981
202,64,980
203,64,962
204,64,80
205,64,414
206,64,709
207,64,201
208,64,571
209,64,914
210,64,218
211,64,667
212,64,960
213,64,135
214,64,179
215,64,161
216,64,916
217,64,772
218,64,566
219,64,929
220,64,953
221,64,77
222,64,156
223,64,753
224,64,787
225,64,610
226,64,972
227,64,1020
228,64,171
229,64,908
230,64,251
231,64,27
232,64,36
233,64,184
234,64,857
235,64,219
236,64,29
237,64,157
238,64,996
239,64,421
240,64,205
241,64,494
242,64,58
243,64,794
244,64,532
245,64,989
246,64,777
247,64,393
248,64,112
249,64,318
250,64,373
251,64,983
252,64,700
253,64,88
254,64,148
255,64,160
256,64,345
257,64,944
258,64,5
259,64,965
260,64,34
261,64,646
262,64,763
263,64,509
264,64,827
265,64,429
266,64,127
267,64,235
268,64,9
269,64,627
270,64,390
271,64,555
272,64,350
273,64,223
274,64,549
275,64,214
276,64,226
277,64,545
278,64,503
279,64,797
280,64,951
281,64,294
282,64,216
283,64,869
284,64,193
285,64,204
286,64,930
287,64,697
288,64,842
289,64,515
290,64,213
291,64,202
292,64,656
293,64,140
294,64,541
295,64,630
296,64,392
297,64,535
298,64,241
299,64,93
300,64,454
301,64,739
302,64,41
303,64,662
304,64,511
305,64,12
306,64,821
307,64,386
308,64,379
309,64,420
310,64,725
311,64,527
312,64,315
313,64,333
314,64,837
315,64,813
316,64,119
317,64,424
318,64,668
319,64,728
320,64,959
321,64,632
322,64,992
323,64,496
324,64,8
325,64,197
326,64,381
327,64,658
328,64,132
329,64,925
330,64,110
331,64,285
332,64,894
333,64,689
334,64,792
335,64,369
336,64,228
337,64,236
338,64,70
339,64,701
340,64,947
341,64,699
342,64,464
343,64,39
344,64,54
345,64,1005
346,64,856
347,64,31
348,64,737
349,64,976
350,64,570
351,64,51
352,64,912
353,64,325
354,64,442
355,64,707
356,64,991
357,64,799
358,64,552
359,64,499
360,64,453
361,64,460
362,64,1012
363,64,147
364,64,1018
365,64,893
366,64,864
367,64,85
368,64,681
369,64,164
370,64,162
371,64,922
372,64,106
373,64,451
374,64,45
375,64,826
376,64,751
377,64,544
378,64,849
379,64,834
380,64,559
381,64,355
382,64,673
383,64,664
384,64,682
385,64,305
386,64,568
387,64,828
388,64,892
389,64,776
390,64,343
391,64,895
392,64,888
393,64,875
394,64,862
395,64,286
396,64,43
397,64,523
398,64,349
399,64,245
0,65,301
1,65,150
2,65,30
3,65,683
4,65,443
5,65,954
6,65,1006
7,65,669
8,65,311
9,65,463
10,65,557
11,65,105
12,65,187
13,65,786
14,65,698
15,65,618
16,65,784
17,65,1008
18,65,520
19,65,185
20,65,710
21,65,0
22,65,554
23,65,230
24,65,713
25,65,246
26,65,155
27,65,287
28,65,901
29,65,142
30,65,304
31,65,492
32,65,1013
33,65,48
34,65,643
35,65,149
36,65,440
37,65,380
38,65,906
39,65,717
40,65,997
41,65,603
42,65,665
43,65,107
44,65,67
45,65,867
46,65,911
47,65,6
48,65,540
49,65,767
50,65,524
51,65,915
52,65,783
53,65,487
54,65,933
55,65,1002
56,65,537
57,65,266
58,65,474
59,65,362
60,65,839
61,65,476
62,65,919
63,65,847
64,65,775
65,65,521
66,65,584
67,65,877
68,65,432
69,65,749
70,65,650
71,65,363
72,65,649
73,65,1010
74,65,215
75,65,506
76,65,616
77,65,297
78,65,484
79,65,779
80,65,891
81,65,755
82,65,356
83,65,99
84,65,283
85,65,538
86,65,983
87,65,186
88,65,966
89,65,686
90,65,973
91,65,170
92,65,814
93,65,220
94,65,890
95,65,887
96,65,252
97,65,883
98,65,435
99,65,617
100,65,924
101,65,770
102,65,560
103,65,652
104,65,539
105,65,614
106,65,137
107,65,267
108,65,239
109,65,654
110,65,81
111,65,449
112,65,60
113,65,790
114,65,434
115,65,450
116,65,62
117,65,44
118,65,101
119,65,606
120,65,868
121,65,431
122,65,730
123,65,748
124,65,176
125,65,334
126,65,102
127,65,516
128,65,375
129,65,264
130,65,812
131,65,985
132,65,16
133,65,518
134,65,619
135,65,47
136,65,224
137,65,978
138,65,482
139,65,243
140,65,250
141,65,724
142,65,607
143,65,114
144,65,173
145,65,723
146,65,852
147,65,242
148,65,190
149,65,96
150,65,955
151,65,550
152,65,534
153,65,319
154,65,75
155,65,695
156,65,11
157,65,984
158,65,635
159,65,785
160,65,104
161,65,504
162,65,120
163,65,98
164,65,433
165,65,35
166,65,277
167,65,838
168,65,961
169,65,531
170,65,462
171,65,473
172,65,298
173,65,165
174,65,865
175,65,854
176,65,115
177,65,663
178,65,878
179,65,326
180,65,1003
181,65,921
182,65,809
183,65,988
184,65,261
185,65,597
186,65,843
187,65,20
188,65,256
189,65,743
190,65,437
191,65,525
192,65,237
193,65,970
194,65,580
195,65,938
196,65,490
197,65,957
198,65,313
199,65,309
200,65,410
201,65,981
202,65,980
203,65,962
204,65,80
205,65,414
206,65,709
207,65,201
208,65,571
209,65,914
210,65,218
211,65,667
212,65,960
213,65,135
214,65,179
215,65,161
216,65,916
217,65,772
218,65,566
219,65,929
220,65,953
221,65,77
222,65,156
223,65,753
224,65,787
225,65,610
226,65,972
227,65,1020
228,65,171
229,65,908
230,65,251
231,65,27
232,65,36
233,65,184
234,65,857
235,65,219
236,65,29
237,65,157
238,65,996
239,65,421
240,65,205
241,65,494
242,65,58
243,65,794
244,65,532
245,65,989
246,65,777
247,65,393
248,65,112
249,65,318
250,65,373
251,65,951
252,65,700
253,65,88
254,65,148
255,65,160
256,65,345
257,65,944
258,65,5
259,65,965
260,65,34
261,65,646
262,65,763
263,65,509
264,65,827
265,65,429
266,65,127
267,65,235
268,65,9
269,65,627
270,65,390
271,65,555
272,65,350
273,65,223
274,65,549
275,65,214
276,65,226
277,65,545
278,65,503
279,65,797
280,65,952
281,65,294
282,65,216
283,65,869
284,65,193
285,65,204
286,65,930
287,65,697
288,65,842
289,65,515
290,65,213
291,65,202
292,65,656
293,65,140
294,65,541
295,65,630
296,65,392
297,65,535
298,65,241
299,65,93
300,65,454
301,65,739
302,65,41
303,65,662
304,65,511
305,65,12
306,65,821
307,65,386
308,65,379
309,65,420
310,65,725
311,65,527
312,65,315
313,65,333
314,65,837
315,65,813
316,65,119
317,65,424
318,65,668
319,65,728
320,65,959
321,65,632
322,65,992
323,65,496
324,65,8
325,65,197
326,65,381
327,65,658
328,65,132
329,65,925
330,65,110
331,65,285
332,65,894
333,65,689
334,65,792
335,65,369
336,65,228
337,65,236
338,65,70
339,65,701
340,65,947
341,65,699
342,65,464
343,65,39
344,65,54
345,65,1005
346,65,856
347,65,31
348,65,737
349,65,976
350,65,570
351,65,51
352,65,912
353,65,325
354,65,442
355,65,707
356,65,991
357,65,799
358,65,552
359,65,499
360,65,453
361,65,460
362,65,1012
363,65,147
364,65,1018
365,65,893
366,65,864
367,65,85
368,65,681
369,65,164
370,65,162
371,65,922
372,65,106
373,65,451
374,65,45
375,65,826
376,65,751
377,65,544
378,65,849
379,65,834
380,65,559
381,65,355
382,65,673
383,65,664
384,65,682
385,65,305
386,65,568
387,65,828
388,65,892
389,65,776
390,65,343
391,65,895
392,65,920
393,65,875
394,65,862
395,65,286
396,65,43
397,65,523
398,65,349
399,65,245
0,66,301
1,66,150
2,66,30
3,66,683
4,66,443
5,66,954
6,66,1006
7,66,669
8,66,311
9,66,463
10,66,557
11,66,105
12,66,187
13,66,786
14,66,698
15,66,618
16,66,784
17,66,1008
18,66,520
19,66,185
20,66,710
21,66,0
22,66,554
23,66,230
24,66,713
25,66,246
26,66,155
27,66,287
28,66,901
29,66,142
30,66,304
31,66,492
32,66,1013
33,66,48
34,66,643
35,66,149
36,66,440
37,66,380
38,66,906
39,66,717
40,66,997
41,66,603
42,66,665
43,66,107
44,66,67
45,66,867
46,66,911
47,66,6
48,66,540
49,66,767
50,66,524
51,66,915
52,66,783
53,66,487
54,66,933
55,66,1002
56,66,537
57,66,266
58,66,474
59,66,362
60,66,839
61,66,476
62,66,919
63,66,847
64,66,775
65,66,521
66,66,584
67,66,877
68,66,432
69,66,749
70,66,650
71,66,363
72,66,649
73,66,1010
74,66,215
75,66,506
76,66,616
77,66,297
78,66,484
79,66,779
80,66,891
81,66,755
82,66,356
83,66,99
84,66,283
85,66,538
86,66,982
87,66,186
88,66,966
89,66,686
90,66,973
91,66,170
92,66,814
93,66,220
94,66,890
95,66,887
96,66,252
97,66,883
98,66,435
99,66,617
100,66,924
101,66,770
102,66,560
103,66,652
104,66,539
105,66,614
106,66,137
107,66,267
108,66,239
109,66,654
110,66,81
111,66,449
112,66,60
113,66,790
114,66,434
115,66,450
116,66,62
117,66,44
118,66,101
119,66,606
120,66,868
121,66,431
122,66,730
123,66,748
124,66,176
125,66,334
126,66,102
127,66,516
128,66,375
129,66,264
130,66,812
131,66,985
132,66,16
133,66,518
134,66,619
135,66,47
136,66,224
137,66,978
138,66,482
139,66,243
140,66,250
141,66,724
142,66,607
143,66,114
144,66,173
145,66,723
146,66,852
147,66,242
148,66,190
149,66,96
150,66,955
151,66,550
152,66,534
153,66,319
154,66,75
155,66,695
156,66,11
157,66,952
158,66,635
159,66,785
160,66,104
161,66,504
162,66,120
163,66,98
164,66,433
165,66,35
166,66,277
167,66,838
168,66,961
169,66,531
170,66,462
171,66,473
172,66,298
173,66,165
174,66,865
175,66,854
176,66,115
177,66,663
178,66,878
179,66,326
180,66,1003
181,66,921
182,66,809
183,66,988
184,66,261
185,66,597
186,66,843
187,66,20
188,66,256
189,66,743
190,66,437
191,66,525
192,66,237
193,66,970
194,66,580
195,66,938
196,66,490
197,66,957
198,66,313
199,66,309
200,66,410
201,66,981
202,66,980
203,66,962
204,66,80
205,66,414
206,66,709
207,66,201
208,66,571
209,66,914
210,66,218
211,66,667
212,66,960
213,66,135
214,66,179
215,66,161
216,66,916
217,66,772
218,66,566
219,66,929
220,66,953
221,66,77
222,66,156
223,66,753
224,66,787
225,66,610
226,66,972
227,66,1020
228,66,171
229,66,908
230,66,251
231,66,27
232,66,36
233,66,184
234,66,857
235,66,219
236,66,29
237,66,157
238,66,996
239,66,421
240,66,205
241,66,494
242,66,58
243,66,794
244,66,532
245,66,989
246,66,777
247,66,393
248,66,112
249,66,318
250,66,373
251,66,983
252,66,700
253,66,88
254,66,148
255,66,160
256,66,345
257,66,944
258,66,5
259,66,965
260,66,34
261,66,646
262,66,763
263,66,509
264,66,827
265,66,429
266,66,127
267,66,235
268,66,9
269,66,627
270,66,390
271,66,555
272,66,350
273,66,223
274,66,549
275,66,214
276,66,226
277,66,545
278,66,503
279,66,797
280,66,951
281,66,294
282,66,216
283,66,869
284,66,193
285,66,204
286,66,930
287,66,697
288,66,842
289,66,515
290,66,213
291,66,202
292,66,656
293,66,140
294,66,541
295,66,630
296,66,392
297,66,535
298,66,241
299,66,93
300,66,454
301,66,739
302,66,41
303,66,662
304,66,511
305,66,12
306,66,821
307,66,386
308,66,379
309,66,420
310,66,725
311,66,527
312,66,315
313,66,333
314,66,837
315,66,813
316,66,119
317,66,424
318,66,668
319,66,728
320,66,959
321,66,632
322,66,992
323,66,496
324,66,8
325,66,197
326,66,381
327,66,658
328,66,132
329,66,925
330,66,110
331,66,285
332,66,894
333,66,689
334,66,792
335,66,369
336,66,228
337,66,236
338,66,70
339,66,701
340,66,947
341,66,699
342,66,464
343,66,39
344,66,54
345,66,1005
346,66,856
347,66,31
348,66,737
349,66,976
350,66,570
351,66,51
352,66,912
353,66,325
354,66,442
355,66,707
356,66,991
357,66,799
358,66,552
359,66,499
360,66,453
361,66,460
362,66,1012
363,66,147
364,66,1018
365,66,893
366,66,864
367,66,85
368,66,681
369,66,164
370,66,162
371,66,922
372,66,106
373,66,451
374,66,45
375,66,826
376,66,751
377,66,544
378,66,849
379,66,834
380,66,559
381,66,355
382,66,673
383,66,664
384,66,682
385,66,305
386,66,568
387,66,828
388,66,892
389,66,776
390,66,343
391,66,895
392,66,920
393,66,875
394,66,862
395,66,286
396,66,43
397,66,523
398,66,349
399,66,245
0,67,301
1,67,150
2,67,30
3,67,683
4,67,443
5,67,954
6,67,1006
7,67,669
8,67,311
9,67,463
10,67,557
11,67,105
12,67,187
13,67,786
14,67,698
15,67,618
16,67,784
17,67,1008
18,67,520
19,67,185
20,67,710
21,67,0
22,67,554
23,67,230
24,67,713
25,67,246
26,67,155
27,67,287
28,67,901
29,67,142
30,67,304
31,67,492
32,67,1013
33,67,48
34,67,643
35,67,149
36,67,440
37,67,380
38,67,906
39,67,717
40,67,997
41,67,603
42,67,665
43,67,107
44,67,67
45,67,867
46,67,911
47,67,6
48,67,540
49,67,767
50,67,524
51,67,915
52,67,783
53,67,487
54,67,933
55,67,1002
56,67,537
57,67,266
58,67,474
59,67,362
60,67,839
61,67,476
62,67,919
63,67,847
64,67,775
65,67,521
66,67,584
67,67,877
68,67,432
69,67,749
70,67,650
71,67,363
72,67,649
73,67,1010
74,67,215
75,67,506
76,67,616
77,67,297
78,67,484
79,67,779
80,67,891
81,67,755
82,67,356
83,67,99
84,67,283
85,67,538
86,67,1014
87,67,186
88,67,966
89,67,686
90,67,973
91,67,170
92,67,814
93,67,220
94,67,890
95,67,887
96,67,252
97,67,883
98,67,435
99,67,617
100,67,924
101,67,770
102,67,560
103,67,652
104,67,539
105,67,614
106,67,137
107,67,267
108,67,239
109,67,654
110,67,81
111,67,449
112,67,60
113,67,790
114,67,434
115,67,450
116,67,62
117,67,44
118,67,101
119,67,606
120,67,868
121,67,431
122,67,730
123,67,748
124,67,176
125,67,334
126,67,102
127,67,516
128,67,375
129,67,264
130,67,812
131,67,985
132,67,16
133,67,518
134,67,619
135,67,47
136,67,224
137,67,978
138,67,482
139,67,243
140,67,250
141,67,724
142,67,607
143,67,114
144,67,173
145,67,723
146,67,852
147,67,242
148,67,190
149,67,96
150,67,955
151,67,550
152,67,534
153,67,319
154,67,75
155,67,695
156,67,11
157,67,952
158,67,635
159,67,785
160,67,104
161,67,504
162,67,120
163,67,98
164,67,433
165,67,35
166,67,277
167,67,838
168,67,961
169,67,531
170,67,462
171,67,473
172,67,298
173,67,165
174,67,865
175,67,854
176,67,115
177,67,663
178,67,878
179,67,326
180,67,1003
181,67,921
182,67,809
183,67,988
184,67,261
185,67,597
186,67,843
187,67,20
188,67,256
189,67,743
190,67,437
191,67,525
192,67,237
193,67,970
194,67,580
195,67,938
196,67,490
197,67,957
198,67,313
199,67,309
200,67,410
201,67,981
202,67,980
203,67,962
204,67,80
205,67,414
206,67,709
207,67,201
208,67,571
209,67,914
210,67,218
211,67,667
212,67,960
213,67,135
214,67,179
215,67,161
216,67,916
217,67,772
218,67,566
219,67,929
220,67,953
221,67,77
222,67,156
223,67,753
224,67,787
225,67,610
226,67,972
227,67,1020
228,67,171
229,67,908
230,67,251
231,67,27
232,67,36
233,67,184
234,67,857
235,67,219
236,67,29
237,67,157
238,67,996
239,67,421
240,67,205
241,67,494
242,67,58
243,67,794
244,67,532
245,67,989
246,67,777
247,67,393
248,67,112
249,67,318
250,67,373
251,67,982
252,67,700
253,67,88
254,67,148
255,67,160
256,67,345
257,67,944
258,67,5
259,67,965
260,67,34
261,67,646
262,67,763
263,67,509
264,67,827
265,67,429
266,67,127
267,67,235
268,67,9
269,67,627
270,67,390
271,67,555
272,67,350
273,67,223
274,67,549
275,67,214
276,67,226
277,67,545
278,67,503
279,67,797
280,67,951
281,67,294
282,67,216
283,67,869
284,67,193
285,67,204
286,67,930
287,67,697
288,67,842
289,67,515
290,67,213
291,67,202
292,67,656
293,67,140
294,67,541
295,67,630
296,67,392
297,67,535
298,67,241
299,67,93
300,67,454
301,67,739
302,67,41
303,67,662
304,67,511
305,67,12
306,67,821
307,67,386
308,67,379
309,67,420
310,67,725
311,67,527
312,67,315
313,67,333
314,67,837
315,67,813
316,67,119
317,67,424
318,67,668
319,67,728
320,67,959
321,67,632
322,67,992
323,67,496
324,67,8
325,67,197
326,67,381
327,67,658
328,67,132
329,67,925
330,67,110
331,67,285
332,67,894
333,67,689
334,67,792
335,67,369
336,67,228
337,67,236
338,67,70
339,67,701
340,67,947
341,67,699
342,67,464
343,67,39
344,67,54
345,67,1005
346,67,856
347,67,31
348,67,737
349,67,976
350,67,570
351,67,51
352,67,912
353,67,325
354,67,442
355,67,707
356,67,991
357,67,799
358,67,552
359,67,499
360,67,453
361,67,460
362,67,1012
363,67,147
364,67,1018
365,67,893
366,67,864
367,67,85
368,67,681
369,67,164
370,67,162
371,67,922
372,67,106
373,67,451
374,67,45
375,67,826
376,67,751
377,67,544
378,67,849
379,67,834
380,67,559
381,67,355
382,67,673
383,67,664
384,67,682
385,67,305
386,67,568
387,67,828
388,67,892
389,67,776
390,67,343
391,67,895
392,67,920
393,67,875
394,67,862
395,67,286
396,67,43
397,67,523
398,67,349
399,67,245
0,68,301
1,68,150
2,68,30
3,68,683
4,68,443
5,68,954
6,68,1006
7,68,669
8,68,311
9,68,463
10,68,557
11,68,105
12,68,187
13,68,786
14,68,698
15,68,618
16,68,784
17,68,1008
18,68,520
19,68,185
20,68,710
21,68,0
22,68,554
23,68,230
24,68,713
25,68,246
26,68,155
27,68,287
28,68,901
29,68,142
30,68,304
31,68,492
32,68,1013
33,68,48
34,68,643
35,68,149
36,68,440
37,68,380
38,68,906
39,68,717
40,68,997
41,68,603
42,68,665
43,68,107
44,68,67
45,68,867
46,68,911
47,68,6
48,68,540
49,68,767
50,68,524
51,68,915
52,68,783
53,68,487
54,68,933
55,68,1002
56,68,537
57,68,266
58,68,474
59,68,362
60,68,839
61,68,476
62,68,919
63,68,847
64,68,775
65,68,521
66,68,584
67,68,877
68,68,432
69,68,749
70,68,650
71,68,363
72,68,649
73,68,1010
74,68,215
75,68,506
76,68,616
77,68,297
78,68,484
79,68,779
80,68,891
81,68,755
82,68,356
83,68,99
84,68,283
85,68,538
86,68,982
87,68,186
88,68,966
89,68,686
90,68,973
91,68,170
92,68,814
93,68,220
94,68,890
95,68,887
96,68,252
97,68,883
98,68,435
99,68,617
100,68,924
101,68,770
102,68,560
103,68,652
104,68,539
105,68,614
106,68,137
107,68,267
108,68,239
109,68,654
110,68,81
111,68,449
112,68,60
113,68,790
114,68,434
115,68,450
116,68,62
117,68,44
118,68,101
119,68,606
120,68,868
121,68,431
122,68,730
123,68,748
124,68,176
125,68,334
126,68,102
127,68,516
128,68,375
129,68,264
130,68,812
131,68,985
132,68,16
133,68,518
134,68,619
135,68,47
136,68,224
137,68,978
138,68,482
139,68,243
140,68,250
141,68,724
142,68,607
143,68,114
144,68,173
145,68,723
146,68,852
147,68,242
148,68,190
149,68,96
150,68,955
151,68,550
152,68,534
153,68,319
154,68,75
155,68,695
156,68,11
157,68,952
158,68,635
159,68,785
160,68,104
161,68,504
162,68,120
163,68,98
164,68,433
165,68,35
166,68,277
167,68,838
168,68,961
169,68,531
170,68,462
171,68,473
172,68,298
173,68,165
174,68,865
175,68,854
176,68,115
177,68,663
178,68,878
179,68,326
180,68,1003
181,68,921
182,68,809
183,68,988
184,68,261
185,68,597
186,68,843
187,68,20
188,68,256
189,68,743
190,68,437
191,68,525
192,68,237
193,68,970
194,68,580
195,68,938
196,68,490
197,68,957
198,68,313
199,68,309
200,68,410
201,68,980
202,68,979
203,68,962
204,68,80
205,68,414
206,68,709
207,68,201
208,68,571
209,68,914
210,68,218
211,68,667
212,68,960
213,68,135
214,68,179
215,68,161
216,68,916
217,68,772
218,68,566
219,68,929
220,68,953
221,68,77
222,68,156
223,68,753
224,68,787
225,68,610
226,68,972
227,68,1020
228,68,171
229,68,908
230,68,251
231,68,27
232,68,36
233,68,184
234,68,857
235,68,219
236,68,29
237,68,157
238,68,996
239,68,421
240,68,205
241,68,494
242,68,58
243,68,794
244,68,532
245,68,989
246,68,777
247,68,393
248,68,112
249,68,318
250,68,373
251,68,981
252,68,700
253,68,88
254,68,148
255,68,160
256,68,345
257,68,944
258,68,5
259,68,965
260,68,34
261,68,646
262,68,763
263,68,509
264,68,827
265,68,429
266,68,127
267,68,235
268,68,9
269,68,627
270,68,390
271,68,555
272,68,350
273,68,223
274,68,549
275,68,214
276,68,226
277,68,545
278,68,503
279,68,797
280,68,951
281,68,294
282,68,216
283,68,869
284,68,193
285,68,204
286,68,930
287,68,697
288,68,842
289,68,515
290,68,213
291,68,202
292,68,656
293,68,140
294,68,541
295,68,630
296,68,392
297,68,535
298,68,241
299,68,93
300,68,454
301,68,739
302,68,41
303,68,662
304,68,511
305,68,12
306,68,821
307,68,386
308,68,379
309,68,420
310,68,725
311,68,527
312,68,315
313,68,333
314,68,837
315,68,813
316,68,119
317,68,424
318,68,668
319,68,728
320,68,959
321,68,632
322,68,992
323,68,496
324,68,8
325,68,197
326,68,381
327,68,658
328,68,132
329,68,925
330,68,110
331,68,285
332,68,894
333,68,689
334,68,792
335,68,369
336,68,228
337,68,236
338,68,70
339,68,701
340,68,947
341,68,699
342,68,464
343,68,39
344,68,54
345,68,1005
346,68,856
347,68,31
348,68,737
349,68,976
350,68,570
351,68,51
352,68,912
353,68,325
354,68,442
355,68,707
356,68,991
357,68,799
358,68,552
359,68,499
360,68,453
361,68,460
362,68,1012
363,68,147
364,68,1018
365,68,893
366,68,864
367,68,85
368,68,681
369,68,164
370,68,162
371,68,922
372,68,106
373,68,451
374,68,45
375,68,826
376,68,751
377,68,544
378,68,849
379,68,834
380,68,559
381,68,355
382,68,673
383,68,664
384,68,682
385,68,305
386,68,568
387,68,828
388,68,892
389,68,776
390,68,343
391,68,895
392,68,920
393,68,875
394,68,862
395,68,286
396,68,43
397,68,523
398,68,349
399,68,245
0,69,301
1,69,150
2,69,30
3,69,683
4,69,443
5,69,954
6,69,1006
7,69,669
8,69,311
9,69,463
10,69,557
11,69,105
12,69,187
13,69,786
14,69,698
15,69,618
16,69,784
17,69,1008
18,69,520
19,69,185
20,69,710
21,69,0
22,69,554
23,69,230
24,69,713
25,69,246
26,69,155
27,69,287
28,69,901
29,69,142
30,69,304
31,69,492
32,69,1013
33,69,48
34,69,643
35,69,149
36,69,440
37,69,380
38,69,906
39,69,717
40,69,997
41,69,603
42,69,665
43,69,107
44,69,67
45,69,867
46,69,911
47,69,6
48,69,540
49,69,767
50,69,524
51,69,915
52,69,783
53,69,487
54,69,933
55,69,1002
56,69,537
57,69,266
58,69,474
59,69,362
60,69,839
61,69,476
62,69,919
63,69,847
64,69,775
65,69,521
66,69,584
67,69,877
68,69,432
69,69,749
70,69,650
71,69,363
72,69,649
73,69,1010
74,69,215
75,69,506
76,69,616
77,69,297
78,69,484
79,69,779
80,69,891
81,69,755
82,69,356
83,69,99
84,69,283
85,69,538
86,69,983
87,69,186
88,69,966
89,69,686
90,69,973
91,69,170
92,69,814
93,69,220
94,69,890
95,69,887
96,69,252
97,69,883
98,69,435
99,69,617
100,69,924
101,69,770
102,69,560
103,69,652
104,69,539
105,69,614
106,69,137
107,69,267
108,69,239
109,69,654
110,69,81
111,69,449
112,69,60
113,69,790
114,69,434
115,69,450
116,69,62
117,69,44
118,69,101
119,69,606
120,69,868
121,69,431
122,69,730
123,69,748
124,69,176
125,69,334
126,69,102
127,69,516
128,69,375
129,69,264
130,69,812
131,69,985
132,69,16
133,69,518
134,69,619
135,69,47
136,69,224
137,69,978
138,69,482
139,69,243
140,69,250
141,69,724
142,69,607
143,69,114
144,69,173
145,69,723
146,69,852
147,69,242
148,69,190
149,69,96
150,69,955
151,69,550
152,69,534
153,69,319
154,69,75
155,69,695
156,69,11
157,69,952
158,69,635
159,69,785
160,69,104
161,69,504
162,69,120
163,69,98
164,69,433
165,69,35
166,69,277
167,69,838
168,69,961
169,69,531
170,69,462
171,69,473
172,69,298
173,69,165
174,69,865
175,69,854
176,69,115
177,69,663
178,69,878
179,69,326
180,69,1003
181,69,921
182,69,809
183,69,988
184,69,261
185,69,597
186,69,843
187,69,20
188,69,256
189,69,743
190,69,437
191,69,525
192,69,237
193,69,970
194,69,580
195,69,938
196,69,490
197,69,957
198,69,313
199,69,309
200,69,410
201,69,981
202,69,980
203,69,962
204,69,80
205,69,414
206,69,709
207,69,201
208,69,571
209,69,914
210,69,218
211,69,667
212,69,960
213,69,135
214,69,179
215,69,161
216,69,916
217,69,772
218,69,566
219,69,929
220,69,953
221,69,77
222,69,156
223,69,753
224,69,787
225,69,610
226,69,972
227,69,1020
228,69,171
229,69,908
230,69,251
231,69,27
232,69,36
233,69,184
234,69,857
235,69,219
236,69,29
237,69,157
238,69,996
239,69,421
240,69,205
241,69,494
242,69,58
243,69,794
244,69,532
245,69,989
246,69,777
247,69,393
248,69,112
249,69,318
250,69,373
251,69,982
252,69,700
253,69,88
254,69,148
255,69,160
256,69,345
257,69,944
258,69,5
259,69,965
260,69,34
261,69,646
262,69,763
263,69,509
264,69,827
265,69,429
266,69,127
267,69,235
268,69,9
269,69,627
270,69,390
271,69,555
272,69,350
273,69,223
274,69,549
275,69,214
276,69,226
277,69,545
278,69,503
279,69,797
280,69,951
281,69,294
282,69,216
283,69,869
284,69,193
285,69,204
286,69,930
287,69,697
288,69,842
289,69,515
290,69,213
291,69,202
292,69,656
293,69,140
294,69,541
295,69,630
296,69,392
297,69,535
298,69,241
299,69,93
300,69,454
301,69,739
302,69,41
303,69,662
304,69,511
305,69,12
306,69,821
307,69,386
308,69,379
309,69,420
310,69,725
311,69,527
312,69,315
313,69,333
314,69,837
315,69,813
316,69,119
317,69,424
318,69,668
319,69,728
320,69,959
321,69,632
322,69,992
323,69,496
324,69,8
325,69,197
326,69,381
327,69,658
328,69,132
329,69,925
330,69,110
331,69,285
332,69,894
333,69,689
334,69,792
335,69,369
336,69,228
337,69,236
338,69,70
339,69,701
340,69,947
341,69,699
342,69,464
343,69,39
344,69,54
345,69,1005
346,69,856
347,69,31
348,69,737
349,69,976
350,69,570
351,69,51
352,69,912
353,69,325
354,69,442
355,69,707
356,69,991
357,69,799
358,69,552
359,69,499
360,69,453
361,69,460
362,69,1012
363,69,147
364,69,1018
365,69,893
366,69,864
367,69,85
368,69,681
369,69,164
370,69,162
371,69,922
372,69,106
373,69,451
374,69,45
375,69,826
376,69,751
377,69,544
378,69,849
379,69,834
380,69,559
381,69,355
382,69,673
383,69,664
384,69,682
385,69,305
386,69,568
387,69,828
388,69,892
389,69,776
390,69,343
391,69,895
392,69,920
393,69,875
394,69,862
395,69,286
396,69,43
397,69,523
398,69,349
399,69,245
