agent_id,time_step,vertex_index
0,0,768
1,0,630
2,0,708
3,0,219
4,0,935
5,0,858
6,0,800
7,0,417
8,0,20
9,0,819
10,0,324
11,0,855
12,0,910
13,0,686
14,0,97
15,0,550
16,0,690
17,0,470
18,0,374
19,0,811
20,0,569
21,0,645
22,0,123
23,0,221
24,0,698
25,0,973
26,0,790
27,0,635
28,0,972
29,0,115
30,0,901
31,0,164
32,0,880
33,0,829
34,0,981
35,0,527
36,0,547
37,0,987
38,0,155
39,0,241
40,0,888
41,0,934
42,0,787
43,0,214
44,0,528
45,0,375
46,0,349
47,0,831
48,0,771
49,0,666
50,0,54
51,0,12
52,0,333
53,0,228
54,0,816
55,0,637
56,0,581
57,0,272
58,0,99
59,0,959
60,0,212
61,0,213
62,0,131
63,0,687
64,0,622
65,0,915
66,0,381
67,0,459
68,0,517
69,0,770
70,0,127
71,0,579
72,0,689
73,0,371
74,0,449
75,0,149
76,0,418
77,0,220
78,0,955
79,0,573
80,0,183
81,0,194
82,0,542
83,0,780
84,0,728
85,0,805
86,0,191
87,0,327
88,0,469
89,0,961
90,0,42
91,0,817
92,0,250
93,0,309
94,0,266
95,0,843
96,0,363
97,0,988
98,0,911
99,0,534
100,0,740
101,0,463
102,0,767
103,0,308
104,0,872
105,0,623
106,0,225
107,0,342
108,0,801
109,0,414
110,0,893
111,0,460
112,0,562
113,0,810
114,0,748
115,0,546
116,0,355
117,0,563
118,0,707
119,0,552
120,0,755
121,0,567
122,0,163
123,0,916
124,0,288
125,0,565
126,0,251
127,0,46
128,0,960
129,0,286
130,0,22
131,0,969
132,0,317
133,0,386
134,0,782
135,0,616
136,0,1020
137,0,202
138,0,89
139,0,941
140,0,200
141,0,1021
142,0,255
143,0,210
144,0,174
145,0,1017
146,0,514
147,0,254
148,0,204
149,0,373
150,0,315
151,0,483
152,0,367
153,0,794
154,0,594
155,0,75
156,0,673
157,0,723
158,0,835
159,0,505
160,0,499
161,0,891
162,0,758
163,0,291
164,0,443
165,0,492
166,0,523
167,0,558
168,0,211
169,0,868
170,0,653
171,0,695
172,0,477
173,0,401
174,0,560
175,0,493
176,0,353
177,0,867
178,0,716
179,0,124
180,0,976
181,0,796
182,0,376
183,0,21
184,0,331
185,0,235
186,0,730
187,0,121
188,0,710
189,0,877
190,0,102
191,0,476
192,0,785
193,0,352
194,0,587
195,0,744
196,0,69
197,0,809
198,0,994
199,0,399
200,0,884
201,0,274
202,0,538
203,0,108
204,0,720
205,0,101
206,0,423
207,0,356
208,0,627
209,0,380
210,0,170
211,0,665
212,0,265
213,0,87
214,0,508
215,0,23
216,0,1019
217,0,864
218,0,284
219,0,257
220,0,932
221,0,491
222,0,408
223,0,43
224,0,176
225,0,145
226,0,222
227,0,947
228,0,803
229,0,5
230,0,507
231,0,253
232,0,608
233,0,464
234,0,435
235,0,190
236,0,909
237,0,68
238,0,2
239,0,350
240,0,606
241,0,712
242,0,874
243,0,752
244,0,503
245,0,130
246,0,345
247,0,661
248,0,329
249,0,379
250,0,320
251,0,997
252,0,40
253,0,326
254,0,6
255,0,615
256,0,35
257,0,575
258,0,234
259,0,792
260,0,450
261,0,510
262,0,444
263,0,113
264,0,709
265,0,626
266,0,59
267,0,688
268,0,494
269,0,178
270,0,34
271,0,667
272,0,873
273,0,440
274,0,341
275,0,31
276,0,479
277,0,620
278,0,80
279,0,693
280,0,882
281,0,44
282,0,223
283,0,717
284,0,936
285,0,681
286,0,1010
287,0,431
288,0,706
289,0,799
290,0,938
291,0,293
292,0,638
293,0,378
294,0,430
295,0,815
296,0,442
297,0,533
298,0,30
299,0,133
300,0,181
301,0,120
302,0,267
303,0,940
304,0,81
305,0,980
306,0,362
307,0,9
308,0,298
309,0,138
310,0,943
311,0,141
312,0,570
313,0,694
314,0,295
315,0,465
316,0,126
317,0,539
318,0,526
319,0,1004
320,0,201
321,0,158
322,0,377
323,0,714
324,0,105
325,0,305
326,0,322
327,0,841
328,0,338
329,0,70
330,0,680
331,0,735
332,0,965
333,0,1
334,0,1008
335,0,949
336,0,236
337,0,535
338,0,289
339,0,895
340,0,541
341,0,390
342,0,56
343,0,777
344,0,700
345,0,870
346,0,61
347,0,807
348,0,715
349,0,1013
350,0,36
351,0,957
352,0,894
353,0,762
354,0,157
355,0,361
356,0,217
357,0,473
358,0,96
359,0,589
360,0,39
361,0,632
362,0,742
363,0,1014
364,0,208
365,0,1000
366,0,148
367,0,649
368,0,919
369,0,933
370,0,310
371,0,862
372,0,485
373,0,733
374,0,11
375,0,763
376,0,806
377,0,159
378,0,600
379,0,10
380,0,824
381,0,881
382,0,886
383,0,229
384,0,227
385,0,41
386,0,447
387,0,592
388,0,854
389,0,64
390,0,15
391,0,584
392,0,160
393,0,568
394,0,340
395,0,437
396,0,520
397,0,948
398,0,743
399,0,421
0,1,736
1,1,598
2,1,709
3,1,251
4,1,936
5,1,890
6,1,801
7,1,418
8,1,52
9,1,787
10,1,325
11,1,856
12,1,878
13,1,686
14,1,98
15,1,551
16,1,722
17,1,502
18,1,406
19,1,779
20,1,601
21,1,613
22,1,155
23,1,189
24,1,697
25,1,974
26,1,791
27,1,603
28,1,971
29,1,114
30,1,902
31,1,165
32,1,880
33,1,797
34,1,949
35,1,526
36,1,548
37,1,955
38,1,156
39,1,273
40,1,887
41,1,935
42,1,755
43,1,215
44,1,527
45,1,407
46,1,348
47,1,799
48,1,772
49,1,698
50,1,86
51,1,44
52,1,334
53,1,260
54,1,815
55,1,669
56,1,549
57,1,272
58,1,100
59,1,958
60,1,244
61,1,214
62,1,163
63,1,719
64,1,654
65,1,914
66,1,380
67,1,491
68,1,518
69,1,770
70,1,126
71,1,580
72,1,657
73,1,403
74,1,417
75,1,150
76,1,450
77,1,219
78,1,954
79,1,605
80,1,184
81,1,226
82,1,541
83,1,748
84,1,696
85,1,806
86,1,223
87,1,295
88,1,501
89,1,929
90,1,74
91,1,816
92,1,249
93,1,277
94,1,298
95,1,844
96,1,364
97,1,956
98,1,912
99,1,533
100,1,740
101,1,462
102,1,766
103,1,307
104,1,873
105,1,622
106,1,193
107,1,310
108,1,802
109,1,413
110,1,861
111,1,459
112,1,563
113,1,811
114,1,716
115,1,545
116,1,356
117,1,531
118,1,706
119,1,553
120,1,754
121,1,566
122,1,164
123,1,884
124,1,256
125,1,564
126,1,250
127,1,78
128,1,961
129,1,286
130,1,54
131,1,970
132,1,285
133,1,387
134,1,750
135,1,617
136,1,1019
137,1,234
138,1,88
139,1,909
140,1,168
141,1,1020
142,1,287
143,1,211
144,1,174
145,1,985
146,1,546
147,1,253
148,1,172
149,1,341
150,1,347
151,1,515
152,1,368
153,1,795
154,1,562
155,1,107
156,1,674
157,1,724
158,1,867
159,1,505
160,1,467
161,1,859
162,1,757
163,1,291
164,1,443
165,1,460
166,1,524
167,1,557
168,1,243
169,1,869
170,1,621
171,1,663
172,1,476
173,1,400
174,1,559
175,1,525
176,1,321
177,1,866
178,1,715
179,1,123
180,1,944
181,1,828
182,1,408
183,1,22
184,1,331
185,1,236
186,1,731
187,1,120
188,1,678
189,1,876
190,1,134
191,1,475
192,1,753
193,1,353
194,1,586
195,1,744
196,1,101
197,1,810
198,1,993
199,1,399
200,1,852
201,1,306
202,1,570
203,1,140
204,1,688
205,1,133
206,1,423
207,1,324
208,1,595
209,1,412
210,1,171
211,1,665
212,1,297
213,1,87
214,1,507
215,1,23
216,1,1018
217,1,865
218,1,316
219,1,289
220,1,900
221,1,490
222,1,440
223,1,75
224,1,208
225,1,177
226,1,254
227,1,915
228,1,771
229,1,37
230,1,506
231,1,221
232,1,609
233,1,465
234,1,436
235,1,190
236,1,910
237,1,69
238,1,34
239,1,349
240,1,574
241,1,713
242,1,875
243,1,784
244,1,504
245,1,131
246,1,344
247,1,660
248,1,330
249,1,379
250,1,320
251,1,998
252,1,41
253,1,294
254,1,38
255,1,583
256,1,36
257,1,607
258,1,233
259,1,824
260,1,449
261,1,542
262,1,444
263,1,145
264,1,741
265,1,625
266,1,91
267,1,687
268,1,494
269,1,210
270,1,66
271,1,666
272,1,841
273,1,441
274,1,340
275,1,30
276,1,478
277,1,588
278,1,81
279,1,694
280,1,883
281,1,76
282,1,222
283,1,749
284,1,904
285,1,681
286,1,1009
287,1,463
288,1,738
289,1,798
290,1,939
291,1,293
292,1,670
293,1,346
294,1,431
295,1,783
296,1,442
297,1,565
298,1,29
299,1,132
300,1,213
301,1,119
302,1,235
303,1,941
304,1,49
305,1,979
306,1,394
307,1,8
308,1,299
309,1,137
310,1,911
311,1,173
312,1,569
313,1,662
314,1,263
315,1,497
316,1,94
317,1,538
318,1,558
319,1,972
320,1,202
321,1,158
322,1,376
323,1,682
324,1,73
325,1,304
326,1,323
327,1,842
328,1,338
329,1,102
330,1,648
331,1,734
332,1,966
333,1,33
334,1,976
335,1,948
336,1,204
337,1,503
338,1,288
339,1,894
340,1,573
341,1,422
342,1,55
343,1,776
344,1,668
345,1,870
346,1,62
347,1,808
348,1,714
349,1,1012
350,1,68
351,1,925
352,1,893
353,1,730
354,1,157
355,1,393
356,1,218
357,1,474
358,1,97
359,1,590
360,1,39
361,1,600
362,1,743
363,1,982
364,1,240
365,1,968
366,1,147
367,1,649
368,1,919
369,1,932
370,1,309
371,1,862
372,1,486
373,1,732
374,1,43
375,1,762
376,1,807
377,1,191
378,1,599
379,1,9
380,1,823
381,1,849
382,1,885
383,1,230
384,1,259
385,1,42
386,1,479
387,1,624
388,1,855
389,1,65
390,1,16
391,1,616
392,1,161
393,1,567
394,1,308
395,1,405
396,1,521
397,1,947
398,1,711
399,1,421
0,2,737
1,2,598
2,2,710
3,2,250
4,2,904
5,2,922
6,2,802
7,2,419
8,2,84
9,2,755
10,2,357
11,2,824
12,2,878
13,2,685
14,2,99
15,2,552
16,2,754
17,2,534
18,2,438
19,2,747
20,2,600
21,2,581
22,2,154
23,2,188
24,2,696
25,2,1006
26,2,792
27,2,571
28,2,1003
29,2,114
30,2,870
31,2,166
32,2,881
33,2,765
34,2,948
35,2,525
36,2,549
37,2,956
38,2,157
39,2,305
40,2,886
41,2,903
42,2,723
43,2,216
44,2,526
45,2,439
46,2,347
47,2,798
48,2,740
49,2,699
50,2,54
51,2,76
52,2,366
53,2,292
54,2,814
55,2,701
56,2,550
57,2,273
58,2,101
59,2,957
60,2,276
61,2,215
62,2,195
63,2,719
64,2,653
65,2,913
66,2,379
67,2,523
68,2,519
69,2,771
70,2,158
71,2,548
72,2,657
73,2,403
74,2,418
75,2,151
76,2,482
77,2,187
78,2,953
79,2,604
80,2,185
81,2,226
82,2,540
83,2,716
84,2,664
85,2,807
86,2,255
87,2,263
88,2,533
89,2,897
90,2,106
91,2,784
92,2,281
93,2,278
94,2,330
95,2,812
96,2,332
97,2,924
98,2,880
99,2,532
100,2,741
101,2,461
102,2,766
103,2,307
104,2,874
105,2,621
106,2,225
107,2,310
108,2,803
109,2,445
110,2,829
111,2,459
112,2,531
113,2,779
114,2,717
115,2,513
116,2,324
117,2,499
118,2,674
119,2,554
120,2,753
121,2,565
122,2,165
123,2,883
124,2,288
125,2,564
126,2,249
127,2,77
128,2,962
129,2,318
130,2,22
131,2,971
132,2,253
133,2,388
134,2,749
135,2,618
136,2,987
137,2,235
138,2,56
139,2,877
140,2,136
141,2,988
142,2,319
143,2,211
144,2,174
145,2,985
146,2,547
147,2,252
148,2,173
149,2,309
150,2,346
151,2,516
152,2,400
153,2,763
154,2,561
155,2,139
156,2,642
157,2,724
158,2,868
159,2,504
160,2,435
161,2,827
162,2,725
163,2,290
164,2,442
165,2,428
166,2,492
167,2,589
168,2,242
169,2,837
170,2,620
171,2,663
172,2,508
173,2,399
174,2,558
175,2,493
176,2,320
177,2,834
178,2,715
179,2,122
180,2,943
181,2,828
182,2,440
183,2,23
184,2,299
185,2,237
186,2,730
187,2,119
188,2,677
189,2,844
190,2,135
191,2,476
192,2,721
193,2,385
194,2,585
195,2,712
196,2,133
197,2,811
198,2,961
199,2,431
200,2,820
201,2,338
202,2,569
203,2,172
204,2,656
205,2,132
206,2,423
207,2,325
208,2,563
209,2,444
210,2,171
211,2,697
212,2,329
213,2,86
214,2,507
215,2,55
216,2,1017
217,2,866
218,2,315
219,2,321
220,2,901
221,2,458
222,2,441
223,2,107
224,2,240
225,2,209
226,2,286
227,2,947
228,2,739
229,2,37
230,2,474
231,2,220
232,2,610
233,2,433
234,2,437
235,2,222
236,2,911
237,2,70
238,2,66
239,2,348
240,2,542
241,2,681
242,2,876
243,2,785
244,2,536
245,2,130
246,2,343
247,2,628
248,2,331
249,2,378
250,2,352
251,2,999
252,2,9
253,2,295
254,2,38
255,2,551
256,2,36
257,2,639
258,2,201
259,2,823
260,2,417
261,2,541
262,2,443
263,2,177
264,2,742
265,2,626
266,2,92
267,2,686
268,2,494
269,2,210
270,2,98
271,2,665
272,2,842
273,2,409
274,2,339
275,2,29
276,2,477
277,2,587
278,2,113
279,2,695
280,2,915
281,2,75
282,2,221
283,2,781
284,2,872
285,2,649
286,2,1008
287,2,464
288,2,770
289,2,830
290,2,940
291,2,294
292,2,670
293,2,345
294,2,432
295,2,751
296,2,410
297,2,597
298,2,28
299,2,164
300,2,212
301,2,118
302,2,236
303,2,942
304,2,50
305,2,978
306,2,426
307,2,40
308,2,267
309,2,137
310,2,879
311,2,205
312,2,537
313,2,630
314,2,264
315,2,529
316,2,93
317,2,506
318,2,557
319,2,972
320,2,203
321,2,190
322,2,375
323,2,683
324,2,41
325,2,272
326,2,323
327,2,810
328,2,370
329,2,134
330,2,647
331,2,733
332,2,967
333,2,65
334,2,944
335,2,916
336,2,204
337,2,502
338,2,289
339,2,862
340,2,605
341,2,454
342,2,87
343,2,744
344,2,669
345,2,869
346,2,94
347,2,809
348,2,713
349,2,980
350,2,69
351,2,893
352,2,892
353,2,698
354,2,189
355,2,392
356,2,219
357,2,475
358,2,129
359,2,590
360,2,39
361,2,599
362,2,775
363,2,983
364,2,241
365,2,936
366,2,179
367,2,617
368,2,887
369,2,900
370,2,277
371,2,861
372,2,486
373,2,700
374,2,44
375,2,794
376,2,808
377,2,223
378,2,631
379,2,8
380,2,822
381,2,817
382,2,884
383,2,231
384,2,291
385,2,43
386,2,478
387,2,625
388,2,856
389,2,97
390,2,48
391,2,648
392,2,193
393,2,566
394,2,340
395,2,406
396,2,489
397,2,946
398,2,679
399,2,422
0,3,705
1,3,597
2,3,678
3,3,249
4,3,872
5,3,954
6,3,803
7,3,451
8,3,116
9,3,754
10,3,356
11,3,792
12,3,878
13,3,686
14,3,100
15,3,552
16,3,722
17,3,566
18,3,437
19,3,748
20,3,632
21,3,549
22,3,153
23,3,156
24,3,695
25,3,1007
26,3,793
27,3,571
28,3,1002
29,3,115
30,3,838
31,3,166
32,3,913
33,3,733
34,3,916
35,3,557
36,3,517
37,3,924
38,3,158
39,3,304
40,3,885
41,3,904
42,3,691
43,3,184
44,3,525
45,3,471
46,3,346
47,3,797
48,3,741
49,3,731
50,3,86
51,3,108
52,3,398
53,3,292
54,3,813
55,3,700
56,3,551
57,3,272
58,3,102
59,3,956
60,3,308
61,3,216
62,3,227
63,3,687
64,3,652
65,3,912
66,3,347
67,3,523
68,3,520
69,3,772
70,3,190
71,3,516
72,3,656
73,3,371
74,3,386
75,3,183
76,3,514
77,3,219
78,3,952
79,3,603
80,3,186
81,3,226
82,3,539
83,3,715
84,3,696
85,3,808
86,3,254
87,3,264
88,3,532
89,3,865
90,3,138
91,3,752
92,3,280
93,3,279
94,3,362
95,3,812
96,3,333
97,3,923
98,3,848
99,3,531
100,3,742
101,3,460
102,3,798
103,3,339
104,3,875
105,3,620
106,3,257
107,3,278
108,3,771
109,3,477
110,3,828
111,3,491
112,3,499
113,3,780
114,3,685
115,3,481
116,3,325
117,3,467
118,3,642
119,3,555
120,3,753
121,3,564
122,3,133
123,3,882
124,3,289
125,3,596
126,3,217
127,3,76
128,3,963
129,3,286
130,3,22
131,3,972
132,3,252
133,3,420
134,3,749
135,3,586
136,3,986
137,3,267
138,3,24
139,3,845
140,3,137
141,3,987
142,3,318
143,3,179
144,3,142
145,3,953
146,3,579
147,3,284
148,3,174
149,3,309
150,3,378
151,3,515
152,3,400
153,3,763
154,3,529
155,3,140
156,3,610
157,3,725
158,3,869
159,3,503
160,3,403
161,3,826
162,3,693
163,3,291
164,3,441
165,3,396
166,3,493
167,3,621
168,3,274
169,3,805
170,3,588
171,3,662
172,3,508
173,3,367
174,3,590
175,3,494
176,3,288
177,3,802
178,3,747
179,3,121
180,3,944
181,3,827
182,3,472
183,3,55
184,3,331
185,3,269
186,3,762
187,3,119
188,3,645
189,3,844
190,3,167
191,3,475
192,3,689
193,3,417
194,3,584
195,3,711
196,3,132
197,3,843
198,3,929
199,3,399
200,3,819
201,3,370
202,3,601
203,3,171
204,3,624
205,3,131
206,3,424
207,3,293
208,3,563
209,3,444
210,3,203
211,3,665
212,3,328
213,3,85
214,3,506
215,3,54
216,3,1016
217,3,834
218,3,315
219,3,321
220,3,933
221,3,459
222,3,409
223,3,139
224,3,239
225,3,208
226,3,285
227,3,979
228,3,707
229,3,69
230,3,474
231,3,188
232,3,578
233,3,401
234,3,469
235,3,221
236,3,879
237,3,70
238,3,98
239,3,348
240,3,510
241,3,649
242,3,877
243,3,786
244,3,535
245,3,129
246,3,342
247,3,628
248,3,330
249,3,379
250,3,353
251,3,1000
252,3,10
253,3,295
254,3,37
255,3,519
256,3,36
257,3,638
258,3,200
259,3,822
260,3,418
261,3,540
262,3,443
263,3,209
264,3,743
265,3,627
266,3,60
267,3,654
268,3,462
269,3,242
270,3,130
271,3,664
272,3,842
273,3,377
274,3,338
275,3,28
276,3,476
277,3,587
278,3,114
279,3,727
280,3,915
281,3,74
282,3,220
283,3,781
284,3,840
285,3,617
286,3,1008
287,3,465
288,3,770
289,3,830
290,3,941
291,3,294
292,3,669
293,3,344
294,3,433
295,3,719
296,3,442
297,3,629
298,3,27
299,3,165
300,3,211
301,3,150
302,3,235
303,3,943
304,3,51
305,3,977
306,3,458
307,3,39
308,3,299
309,3,105
310,3,847
311,3,237
312,3,538
313,3,598
314,3,265
315,3,528
316,3,92
317,3,505
318,3,558
319,3,940
320,3,204
321,3,222
322,3,374
323,3,651
324,3,9
325,3,240
326,3,324
327,3,811
328,3,402
329,3,135
330,3,615
331,3,701
332,3,999
333,3,97
334,3,976
335,3,884
336,3,172
337,3,470
338,3,290
339,3,862
340,3,606
341,3,486
342,3,87
343,3,744
344,3,637
345,3,901
346,3,126
347,3,810
348,3,712
349,3,980
350,3,101
351,3,861
352,3,891
353,3,666
354,3,189
355,3,392
356,3,251
357,3,507
358,3,161
359,3,622
360,3,38
361,3,567
362,3,807
363,3,951
364,3,273
365,3,936
366,3,178
367,3,585
368,3,886
369,3,868
370,3,276
371,3,829
372,3,487
373,3,699
374,3,45
375,3,794
376,3,809
377,3,255
378,3,663
379,3,40
380,3,821
381,3,785
382,3,883
383,3,263
384,3,323
385,3,44
386,3,478
387,3,626
388,3,857
389,3,96
390,3,80
391,3,680
392,3,225
393,3,565
394,3,341
395,3,407
396,3,457
397,3,945
398,3,647
399,3,423
0,4,673
1,4,565
2,4,646
3,4,281
4,4,873
5,4,922
6,4,835
7,4,483
8,4,117
9,4,753
10,4,388
11,4,760
12,4,879
13,4,687
14,4,132
15,4,584
16,4,754
17,4,598
18,4,436
19,4,716
20,4,631
21,4,517
22,4,185
23,4,155
24,4,694
25,4,1008
26,4,794
27,4,571
28,4,970
29,4,114
30,4,806
31,4,167
32,4,914
33,4,701
34,4,915
35,4,525
36,4,485
37,4,925
38,4,190
39,4,303
40,4,884
41,4,872
42,4,692
43,4,183
44,4,524
45,4,503
46,4,345
47,4,796
48,4,709
49,4,732
50,4,118
51,4,140
52,4,399
53,4,324
54,4,812
55,4,699
56,4,552
57,4,272
58,4,103
59,4,924
60,4,307
61,4,184
62,4,259
63,4,719
64,4,651
65,4,912
66,4,379
67,4,555
68,4,521
69,4,740
70,4,222
71,4,484
72,4,655
73,4,339
74,4,354
75,4,215
76,4,515
77,4,218
78,4,951
79,4,602
80,4,187
81,4,225
82,4,538
83,4,683
84,4,664
85,4,809
86,4,286
87,4,265
88,4,564
89,4,866
90,4,170
91,4,751
92,4,279
93,4,311
94,4,394
95,4,844
96,4,334
97,4,923
98,4,816
99,4,499
100,4,741
101,4,492
102,4,797
103,4,338
104,4,876
105,4,620
106,4,257
107,4,277
108,4,772
109,4,509
110,4,828
111,4,523
112,4,467
113,4,781
114,4,685
115,4,482
116,4,293
117,4,435
118,4,610
119,4,556
120,4,752
121,4,563
122,4,134
123,4,850
124,4,290
125,4,595
126,4,216
127,4,75
128,4,931
129,4,287
130,4,54
131,4,973
132,4,251
133,4,421
134,4,748
135,4,554
136,4,954
137,4,299
138,4,23
139,4,813
140,4,138
141,4,955
142,4,350
143,4,178
144,4,174
145,4,952
146,4,580
147,4,252
148,4,175
149,4,308
150,4,410
151,4,516
152,4,432
153,4,731
154,4,497
155,4,172
156,4,578
157,4,757
158,4,870
159,4,502
160,4,371
161,4,825
162,4,661
163,4,292
164,4,440
165,4,364
166,4,461
167,4,653
168,4,273
169,4,805
170,4,589
171,4,630
172,4,508
173,4,335
174,4,622
175,4,526
176,4,256
177,4,770
178,4,747
179,4,120
180,4,943
181,4,859
182,4,472
183,4,56
184,4,330
185,4,301
186,4,762
187,4,87
188,4,613
189,4,845
190,4,168
191,4,474
192,4,657
193,4,449
194,4,616
195,4,743
196,4,164
197,4,875
198,4,897
199,4,400
200,4,787
201,4,402
202,4,601
203,4,203
204,4,592
205,4,99
206,4,392
207,4,261
208,4,531
209,4,476
210,4,204
211,4,633
212,4,327
213,4,84
214,4,505
215,4,55
216,4,984
217,4,802
218,4,315
219,4,320
220,4,965
221,4,459
222,4,408
223,4,139
224,4,240
225,4,207
226,4,317
227,4,980
228,4,706
229,4,101
230,4,442
231,4,156
232,4,546
233,4,369
234,4,501
235,4,220
236,4,880
237,4,70
238,4,130
239,4,347
240,4,478
241,4,617
242,4,878
243,4,818
244,4,534
245,4,161
246,4,341
247,4,596
248,4,298
249,4,380
250,4,321
251,4,1001
252,4,11
253,4,263
254,4,36
255,4,518
256,4,4
257,4,637
258,4,200
259,4,821
260,4,417
261,4,539
262,4,443
263,4,209
264,4,744
265,4,659
266,4,92
267,4,654
268,4,430
269,4,274
270,4,131
271,4,663
272,4,843
273,4,378
274,4,370
275,4,27
276,4,475
277,4,587
278,4,146
279,4,728
280,4,883
281,4,73
282,4,219
283,4,749
284,4,839
285,4,585
286,4,1009
287,4,466
288,4,771
289,4,862
290,4,942
291,4,295
292,4,668
293,4,343
294,4,434
295,4,720
296,4,441
297,4,629
298,4,59
299,4,166
300,4,211
301,4,149
302,4,235
303,4,911
304,4,52
305,4,976
306,4,490
307,4,38
308,4,331
309,4,137
310,4,815
311,4,269
312,4,506
313,4,597
314,4,297
315,4,560
316,4,91
317,4,504
318,4,559
319,4,908
320,4,205
321,4,221
322,4,406
323,4,619
324,4,8
325,4,208
326,4,325
327,4,779
328,4,401
329,4,136
330,4,583
331,4,669
332,4,1000
333,4,98
334,4,944
335,4,852
336,4,171
337,4,438
338,4,291
339,4,861
340,4,638
341,4,487
342,4,86
343,4,745
344,4,605
345,4,902
346,4,158
347,4,811
348,4,711
349,4,948
350,4,102
351,4,829
352,4,890
353,4,665
354,4,189
355,4,393
356,4,283
357,4,507
358,4,162
359,4,623
360,4,37
361,4,566
362,4,808
363,4,919
364,4,305
365,4,904
366,4,210
367,4,586
368,4,854
369,4,867
370,4,244
371,4,830
372,4,519
373,4,698
374,4,45
375,4,826
376,4,810
377,4,254
378,4,662
379,4,39
380,4,820
381,4,784
382,4,882
383,4,264
384,4,355
385,4,76
386,4,477
387,4,627
388,4,858
389,4,97
390,4,81
391,4,712
392,4,224
393,4,533
394,4,373
395,4,375
396,4,458
397,4,913
398,4,615
399,4,424
0,5,641
1,5,566
2,5,647
3,5,280
4,5,841
5,5,921
6,5,867
7,5,484
8,5,149
9,5,752
10,5,420
11,5,728
12,5,847
13,5,687
14,5,133
15,5,584
16,5,786
17,5,599
18,5,436
19,5,684
20,5,630
21,5,516
22,5,184
23,5,154
24,5,693
25,5,1009
26,5,762
27,5,570
28,5,970
29,5,114
30,5,807
31,5,167
32,5,946
33,5,669
34,5,914
35,5,526
36,5,486
37,5,925
38,5,222
39,5,304
40,5,883
41,5,840
42,5,660
43,5,183
44,5,492
45,5,535
46,5,377
47,5,795
48,5,710
49,5,733
50,5,150
51,5,172
52,5,431
53,5,356
54,5,844
55,5,731
56,5,553
57,5,240
58,5,104
59,5,892
60,5,339
61,5,216
62,5,291
63,5,720
64,5,650
65,5,913
66,5,378
67,5,555
68,5,489
69,5,741
70,5,254
71,5,485
72,5,655
73,5,371
74,5,322
75,5,214
76,5,547
77,5,217
78,5,983
79,5,601
80,5,188
81,5,226
82,5,506
83,5,682
84,5,632
85,5,810
86,5,318
87,5,266
88,5,596
89,5,834
90,5,202
91,5,719
92,5,278
93,5,312
94,5,426
95,5,845
96,5,335
97,5,891
98,5,784
99,5,499
100,5,709
101,5,491
102,5,796
103,5,338
104,5,876
105,5,652
106,5,225
107,5,245
108,5,740
109,5,509
110,5,829
111,5,523
112,5,468
113,5,782
114,5,685
115,5,450
116,5,294
117,5,403
118,5,578
119,5,557
120,5,751
121,5,562
122,5,135
123,5,849
124,5,290
125,5,563
126,5,215
127,5,74
128,5,932
129,5,255
130,5,86
131,5,974
132,5,219
133,5,453
134,5,716
135,5,522
136,5,922
137,5,331
138,5,22
139,5,781
140,5,139
141,5,923
142,5,382
143,5,146
144,5,174
145,5,920
146,5,612
147,5,220
148,5,176
149,5,307
150,5,442
151,5,515
152,5,433
153,5,732
154,5,465
155,5,173
156,5,546
157,5,758
158,5,902
159,5,470
160,5,370
161,5,793
162,5,629
163,5,260
164,5,439
165,5,363
166,5,429
167,5,621
168,5,272
169,5,806
170,5,589
171,5,598
172,5,507
173,5,303
174,5,654
175,5,527
176,5,257
177,5,738
178,5,748
179,5,119
180,5,911
181,5,858
182,5,504
183,5,88
184,5,330
185,5,302
186,5,763
187,5,55
188,5,581
189,5,877
190,5,200
191,5,473
192,5,656
193,5,481
194,5,648
195,5,775
196,5,165
197,5,907
198,5,865
199,5,432
200,5,755
201,5,434
202,5,633
203,5,235
204,5,560
205,5,100
206,5,393
207,5,229
208,5,531
209,5,508
210,5,205
211,5,665
212,5,326
213,5,116
214,5,537
215,5,54
216,5,984
217,5,770
218,5,347
219,5,352
220,5,966
221,5,459
222,5,408
223,5,171
224,5,208
225,5,239
226,5,316
227,5,981
228,5,674
229,5,101
230,5,443
231,5,124
232,5,514
233,5,368
234,5,502
235,5,221
236,5,848
237,5,70
238,5,131
239,5,346
240,5,477
241,5,618
242,5,879
243,5,819
244,5,533
245,5,193
246,5,340
247,5,595
248,5,298
249,5,381
250,5,321
251,5,969
252,5,12
253,5,231
254,5,35
255,5,517
256,5,36
257,5,638
258,5,199
259,5,820
260,5,385
261,5,571
262,5,475
263,5,209
264,5,745
265,5,658
266,5,93
267,5,653
268,5,398
269,5,274
270,5,132
271,5,662
272,5,811
273,5,410
274,5,369
275,5,59
276,5,474
277,5,619
278,5,147
279,5,727
280,5,915
281,5,105
282,5,218
283,5,749
284,5,839
285,5,585
286,5,1010
287,5,467
288,5,772
289,5,861
290,5,943
291,5,263
292,5,667
293,5,311
294,5,435
295,5,721
296,5,440
297,5,597
298,5,91
299,5,134
300,5,210
301,5,148
302,5,234
303,5,912
304,5,84
305,5,944
306,5,490
307,5,37
308,5,332
309,5,136
310,5,816
311,5,301
312,5,505
313,5,565
314,5,329
315,5,559
316,5,123
317,5,503
318,5,558
319,5,909
320,5,206
321,5,253
322,5,405
323,5,620
324,5,8
325,5,207
326,5,325
327,5,747
328,5,400
329,5,168
330,5,551
331,5,637
332,5,1001
333,5,130
334,5,945
335,5,852
336,5,170
337,5,406
338,5,323
339,5,893
340,5,670
341,5,519
342,5,85
343,5,777
344,5,573
345,5,934
346,5,190
347,5,812
348,5,711
349,5,947
350,5,103
351,5,797
352,5,889
353,5,664
354,5,189
355,5,394
356,5,284
357,5,539
358,5,194
359,5,624
360,5,69
361,5,534
362,5,809
363,5,887
364,5,306
365,5,905
366,5,242
367,5,587
368,5,822
369,5,866
370,5,243
371,5,862
372,5,518
373,5,697
374,5,45
375,5,826
376,5,778
377,5,286
378,5,661
379,5,38
380,5,788
381,5,783
382,5,882
383,5,265
384,5,387
385,5,77
386,5,476
387,5,628
388,5,890
389,5,129
390,5,113
391,5,744
392,5,256
393,5,532
394,5,374
395,5,376
396,5,458
397,5,881
398,5,616
399,5,392
0,6,609
1,6,598
2,6,648
3,6,312
4,6,809
5,6,953
6,6,868
7,6,485
8,6,181
9,6,720
10,6,420
11,6,727
12,6,848
13,6,686
14,6,165
15,6,585
16,6,785
17,6,631
18,6,435
19,6,652
20,6,629
21,6,515
22,6,183
23,6,153
24,6,692
25,6,977
26,6,730
27,6,570
28,6,938
29,6,115
30,6,775
31,6,166
32,6,947
33,6,670
34,6,913
35,6,526
36,6,487
37,6,893
38,6,254
39,6,336
40,6,882
41,6,808
42,6,660
43,6,215
44,6,460
45,6,567
46,6,376
47,6,763
48,6,711
49,6,734
50,6,149
51,6,204
52,6,432
53,6,388
54,6,843
55,6,731
56,6,554
57,6,239
58,6,105
59,6,891
60,6,371
61,6,184
62,6,323
63,6,719
64,6,649
65,6,912
66,6,377
67,6,556
68,6,457
69,6,742
70,6,253
71,6,453
72,6,654
73,6,403
74,6,290
75,6,246
76,6,548
77,6,216
78,6,982
79,6,600
80,6,188
81,6,226
82,6,505
83,6,650
84,6,632
85,6,811
86,6,350
87,6,267
88,6,595
89,6,802
90,6,203
91,6,687
92,6,310
93,6,313
94,6,458
95,6,845
96,6,303
97,6,890
98,6,752
99,6,498
100,6,708
101,6,523
102,6,795
103,6,306
104,6,844
105,6,651
106,6,224
107,6,244
108,6,741
109,6,508
110,6,797
111,6,522
112,6,469
113,6,814
114,6,685
115,6,450
116,6,295
117,6,402
118,6,578
119,6,558
120,6,750
121,6,561
122,6,136
123,6,850
124,6,291
125,6,564
126,6,214
127,6,73
128,6,933
129,6,223
130,6,118
131,6,1006
132,6,218
133,6,421
134,6,684
135,6,490
136,6,921
137,6,363
138,6,21
139,6,749
140,6,107
141,6,922
142,6,414
143,6,146
144,6,173
145,6,888
146,6,613
147,6,219
148,6,177
149,6,339
150,6,474
151,6,514
152,6,434
153,6,733
154,6,433
155,6,205
156,6,547
157,6,790
158,6,903
159,6,470
160,6,338
161,6,793
162,6,597
163,6,259
164,6,438
165,6,362
166,6,430
167,6,620
168,6,304
169,6,806
170,6,557
171,6,599
172,6,506
173,6,302
174,6,653
175,6,527
176,6,257
177,6,739
178,6,780
179,6,119
180,6,911
181,6,826
182,6,536
183,6,89
184,6,329
185,6,334
186,6,762
187,6,23
188,6,549
189,6,876
190,6,201
191,6,472
192,6,624
193,6,482
194,6,616
195,6,743
196,6,197
197,6,939
198,6,864
199,6,464
200,6,723
201,6,466
202,6,665
203,6,234
204,6,528
205,6,101
206,6,361
207,6,230
208,6,499
209,6,540
210,6,206
211,6,666
212,6,358
213,6,84
214,6,538
215,6,22
216,6,983
217,6,771
218,6,379
219,6,353
220,6,967
221,6,491
222,6,407
223,6,171
224,6,240
225,6,238
226,6,348
227,6,981
228,6,642
229,6,133
230,6,444
231,6,92
232,6,546
233,6,400
234,6,534
235,6,220
236,6,816
237,6,102
238,6,163
239,6,345
240,6,476
241,6,586
242,6,880
243,6,818
244,6,532
245,6,225
246,6,340
247,6,563
248,6,298
249,6,349
250,6,322
251,6,970
252,6,13
253,6,199
254,6,36
255,6,518
256,6,37
257,6,637
258,6,167
259,6,819
260,6,385
261,6,603
262,6,507
263,6,208
264,6,746
265,6,657
266,6,94
267,6,621
268,6,366
269,6,274
270,6,164
271,6,661
272,6,812
273,6,378
274,6,368
275,6,91
276,6,473
277,6,618
278,6,179
279,6,695
280,6,916
281,6,137
282,6,217
283,6,748
284,6,807
285,6,553
286,6,1009
287,6,468
288,6,804
289,6,829
290,6,942
291,6,264
292,6,667
293,6,279
294,6,467
295,6,722
296,6,439
297,6,565
298,6,123
299,6,135
300,6,209
301,6,147
302,6,202
303,6,944
304,6,85
305,6,943
306,6,489
307,6,69
308,6,333
309,6,168
310,6,784
311,6,301
312,6,537
313,6,566
314,6,328
315,6,560
316,6,122
317,6,502
318,6,559
319,6,910
320,6,207
321,6,221
322,6,437
323,6,588
324,6,8
325,6,175
326,6,326
327,6,715
328,6,399
329,6,200
330,6,550
331,6,605
332,6,1002
333,6,162
334,6,946
335,6,820
336,6,170
337,6,405
338,6,324
339,6,861
340,6,671
341,6,520
342,6,117
343,6,745
344,6,541
345,6,966
346,6,222
347,6,813
348,6,712
349,6,979
350,6,104
351,6,765
352,6,889
353,6,663
354,6,189
355,6,394
356,6,316
357,6,571
358,6,195
359,6,592
360,6,68
361,6,533
362,6,810
363,6,855
364,6,307
365,6,906
366,6,241
367,6,555
368,6,821
369,6,834
370,6,242
371,6,894
372,6,486
373,6,696
374,6,45
375,6,794
376,6,779
377,6,285
378,6,693
379,6,70
380,6,787
381,6,782
382,6,881
383,6,266
384,6,419
385,6,109
386,6,475
387,6,628
388,6,858
389,6,161
390,6,114
391,6,776
392,6,288
393,6,531
394,6,406
395,6,408
396,6,459
397,6,849
398,6,617
399,6,393
0,7,609
1,7,566
2,7,649
3,7,344
4,7,777
5,7,954
6,7,900
7,7,486
8,7,181
9,7,688
10,7,421
11,7,695
12,7,849
13,7,687
14,7,197
15,7,586
16,7,784
17,7,630
18,7,434
19,7,620
20,7,628
21,7,483
22,7,215
23,7,153
24,7,692
25,7,945
26,7,698
27,7,571
28,7,938
29,7,147
30,7,743
31,7,134
32,7,948
33,7,671
34,7,912
35,7,526
36,7,519
37,7,861
38,7,286
39,7,368
40,7,914
41,7,809
42,7,661
43,7,214
44,7,428
45,7,599
46,7,408
47,7,731
48,7,712
49,7,735
50,7,148
51,7,236
52,7,464
53,7,420
54,7,842
55,7,699
56,7,555
57,7,238
58,7,106
59,7,859
60,7,370
61,7,185
62,7,355
63,7,751
64,7,681
65,7,911
66,7,376
67,7,556
68,7,457
69,7,742
70,7,252
71,7,485
72,7,653
73,7,435
74,7,291
75,7,246
76,7,580
77,7,216
78,7,1014
79,7,632
80,7,220
81,7,225
82,7,504
83,7,618
84,7,631
85,7,812
86,7,382
87,7,299
88,7,627
89,7,770
90,7,235
91,7,655
92,7,342
93,7,281
94,7,490
95,7,877
96,7,304
97,7,922
98,7,720
99,7,497
100,7,740
101,7,522
102,7,794
103,7,307
104,7,845
105,7,650
106,7,224
107,7,243
108,7,709
109,7,508
110,7,765
111,7,521
112,7,501
113,7,815
114,7,686
115,7,450
116,7,263
117,7,402
118,7,579
119,7,559
120,7,749
121,7,529
122,7,137
123,7,851
124,7,292
125,7,596
126,7,213
127,7,73
128,7,934
129,7,222
130,7,117
131,7,1007
132,7,186
133,7,453
134,7,652
135,7,491
136,7,889
137,7,364
138,7,20
139,7,717
140,7,75
141,7,921
142,7,413
143,7,114
144,7,173
145,7,887
146,7,645
147,7,218
148,7,178
149,7,338
150,7,506
151,7,546
152,7,433
153,7,701
154,7,401
155,7,206
156,7,515
157,7,822
158,7,904
159,7,469
160,7,306
161,7,793
162,7,565
163,7,259
164,7,437
165,7,361
166,7,431
167,7,619
168,7,336
169,7,807
170,7,525
171,7,600
172,7,505
173,7,301
174,7,685
175,7,527
176,7,256
177,7,707
178,7,779
179,7,118
180,7,943
181,7,858
182,7,568
183,7,121
184,7,329
185,7,335
186,7,762
187,7,22
188,7,548
189,7,875
190,7,202
191,7,471
192,7,624
193,7,514
194,7,615
195,7,711
196,7,229
197,7,971
198,7,832
199,7,465
200,7,691
201,7,498
202,7,664
203,7,266
204,7,496
205,7,102
206,7,393
207,7,231
208,7,531
209,7,539
210,7,207
211,7,665
212,7,357
213,7,52
214,7,538
215,7,21
216,7,983
217,7,772
218,7,378
219,7,385
220,7,968
221,7,459
222,7,375
223,7,203
224,7,272
225,7,237
226,7,347
227,7,982
228,7,610
229,7,165
230,7,412
231,7,60
232,7,578
233,7,400
234,7,535
235,7,219
236,7,817
237,7,70
238,7,195
239,7,345
240,7,475
241,7,587
242,7,881
243,7,786
244,7,564
245,7,257
246,7,339
247,7,562
248,7,298
249,7,350
250,7,323
251,7,970
252,7,14
253,7,167
254,7,37
255,7,517
256,7,38
257,7,669
258,7,166
259,7,818
260,7,417
261,7,602
262,7,507
263,7,209
264,7,747
265,7,656
266,7,95
267,7,589
268,7,366
269,7,274
270,7,164
271,7,629
272,7,813
273,7,346
274,7,367
275,7,123
276,7,472
277,7,617
278,7,211
279,7,696
280,7,884
281,7,105
282,7,217
283,7,780
284,7,775
285,7,553
286,7,1008
287,7,468
288,7,805
289,7,828
290,7,910
291,7,265
292,7,666
293,7,278
294,7,467
295,7,690
296,7,439
297,7,533
298,7,122
299,7,136
300,7,241
301,7,146
302,7,170
303,7,944
304,7,86
305,7,942
306,7,489
307,7,68
308,7,334
309,7,168
310,7,752
311,7,333
312,7,537
313,7,534
314,7,328
315,7,528
316,7,154
317,7,470
318,7,560
319,7,878
320,7,208
321,7,253
322,7,436
323,7,588
324,7,8
325,7,174
326,7,327
327,7,716
328,7,398
329,7,201
330,7,518
331,7,573
332,7,1003
333,7,194
334,7,947
335,7,819
336,7,171
337,7,404
338,7,324
339,7,862
340,7,639
341,7,552
342,7,116
343,7,745
344,7,509
345,7,998
346,7,254
347,7,814
348,7,744
349,7,978
350,7,104
351,7,733
352,7,888
353,7,662
354,7,221
355,7,426
356,7,348
357,7,603
358,7,227
359,7,592
360,7,100
361,7,532
362,7,811
363,7,823
364,7,308
365,7,907
366,7,273
367,7,523
368,7,820
369,7,802
370,7,242
371,7,926
372,7,454
373,7,697
374,7,45
375,7,826
376,7,778
377,7,284
378,7,693
379,7,69
380,7,787
381,7,781
382,7,913
383,7,267
384,7,451
385,7,141
386,7,474
387,7,660
388,7,890
389,7,162
390,7,115
391,7,808
392,7,320
393,7,563
394,7,438
395,7,409
396,7,458
397,7,850
398,7,585
399,7,394
0,8,610
1,8,566
2,8,650
3,8,343
4,8,745
5,8,954
6,8,932
7,8,518
8,8,181
9,8,656
10,8,421
11,8,663
12,8,850
13,8,719
14,8,229
15,8,586
16,8,784
17,8,662
18,8,433
19,8,588
20,8,627
21,8,451
22,8,214
23,8,121
24,8,691
25,8,913
26,8,666
27,8,571
28,8,970
29,8,146
30,8,711
31,8,166
32,8,980
33,8,639
34,8,911
35,8,527
36,8,551
37,8,829
38,8,318
39,8,400
40,8,914
41,8,810
42,8,693
43,8,213
44,8,428
45,8,631
46,8,440
47,8,730
48,8,713
49,8,767
50,8,147
51,8,235
52,8,432
53,8,420
54,8,874
55,8,731
56,8,523
57,8,237
58,8,107
59,8,858
60,8,402
61,8,186
62,8,387
63,8,783
64,8,680
65,8,910
66,8,375
67,8,555
68,8,457
69,8,742
70,8,251
71,8,453
72,8,652
73,8,467
74,8,292
75,8,278
76,8,581
77,8,215
78,8,1013
79,8,664
80,8,221
81,8,257
82,8,503
83,8,617
84,8,632
85,8,813
86,8,381
87,8,331
88,8,626
89,8,771
90,8,267
91,8,654
92,8,341
93,8,249
94,8,522
95,8,877
96,8,336
97,8,921
98,8,688
99,8,496
100,8,772
101,8,554
102,8,793
103,8,339
104,8,845
105,8,618
106,8,225
107,8,244
108,8,677
109,8,507
110,8,733
111,8,520
112,8,502
113,8,816
114,8,686
115,8,482
116,8,264
117,8,403
118,8,580
119,8,560
120,8,749
121,8,497
122,8,138
123,8,851
124,8,260
125,8,564
126,8,212
127,8,73
128,8,935
129,8,190
130,8,149
131,8,1008
132,8,154
133,8,454
134,8,620
135,8,492
136,8,857
137,8,396
138,8,52
139,8,685
140,8,43
141,8,889
142,8,445
143,8,113
144,8,172
145,8,855
146,8,646
147,8,217
148,8,179
149,8,306
150,8,505
151,8,547
152,8,465
153,8,669
154,8,369
155,8,207
156,8,483
157,8,854
158,8,905
159,8,501
160,8,274
161,8,825
162,8,533
163,8,259
164,8,436
165,8,361
166,8,399
167,8,651
168,8,368
169,8,775
170,8,493
171,8,568
172,8,504
173,8,269
174,8,684
175,8,528
176,8,224
177,8,708
178,8,811
179,8,117
180,8,943
181,8,890
182,8,567
183,8,122
184,8,297
185,8,367
186,8,794
187,8,21
188,8,516
189,8,875
190,8,202
191,8,470
192,8,624
193,8,546
194,8,614
195,8,710
196,8,261
197,8,972
198,8,800
199,8,466
200,8,659
201,8,499
202,8,696
203,8,298
204,8,464
205,8,103
206,8,392
207,8,199
208,8,563
209,8,538
210,8,208
211,8,633
212,8,356
213,8,51
214,8,506
215,8,20
216,8,951
217,8,804
218,8,377
219,8,417
220,8,969
221,8,458
222,8,374
223,8,203
224,8,304
225,8,236
226,8,379
227,8,983
228,8,578
229,8,197
230,8,412
231,8,59
232,8,579
233,8,401
234,8,536
235,8,219
236,8,785
237,8,38
238,8,227
239,8,344
240,8,474
241,8,587
242,8,849
243,8,754
244,8,532
245,8,289
246,8,338
247,8,562
248,8,330
249,8,350
250,8,324
251,8,971
252,8,15
253,8,135
254,8,37
255,8,485
256,8,39
257,8,668
258,8,165
259,8,817
260,8,418
261,8,601
262,8,539
263,8,210
264,8,748
265,8,655
266,8,127
267,8,557
268,8,334
269,8,242
270,8,164
271,8,597
272,8,781
273,8,347
274,8,366
275,8,155
276,8,471
277,8,585
278,8,243
279,8,728
280,8,885
281,8,137
282,8,216
283,8,779
284,8,743
285,8,521
286,8,976
287,8,469
288,8,806
289,8,827
290,8,942
291,8,266
292,8,665
293,8,277
294,8,468
295,8,690
296,8,407
297,8,534
298,8,123
299,8,136
300,8,240
301,8,178
302,8,170
303,8,945
304,8,118
305,8,941
306,8,490
307,8,100
308,8,302
309,8,167
310,8,753
311,8,333
312,8,537
313,8,535
314,8,329
315,8,529
316,8,153
317,8,438
318,8,561
319,8,879
320,8,209
321,8,285
322,8,435
323,8,556
324,8,8
325,8,173
326,8,328
327,8,717
328,8,398
329,8,233
330,8,519
331,8,541
332,8,1004
333,8,193
334,8,915
335,8,787
336,8,171
337,8,404
338,8,325
339,8,830
340,8,638
341,8,584
342,8,115
343,8,744
344,8,477
345,8,999
346,8,286
347,8,782
348,8,712
349,8,977
350,8,105
351,8,701
352,8,887
353,8,661
354,8,253
355,8,394
356,8,380
357,8,635
358,8,228
359,8,592
360,8,99
361,8,531
362,8,843
363,8,822
364,8,309
365,8,908
366,8,305
367,8,524
368,8,819
369,8,770
370,8,241
371,8,925
372,8,422
373,8,697
374,8,45
375,8,826
376,8,778
377,8,316
378,8,692
379,8,68
380,8,786
381,8,780
382,8,881
383,8,299
384,8,450
385,8,142
386,8,473
387,8,628
388,8,891
389,8,194
390,8,114
391,8,840
392,8,321
393,8,595
394,8,439
395,8,410
396,8,426
397,8,818
398,8,553
399,8,362
0,9,610
1,9,566
2,9,651
3,9,342
4,9,713
5,9,954
6,9,933
7,9,550
8,9,213
9,9,624
10,9,422
11,9,631
12,9,851
13,9,751
14,9,261
15,9,618
16,9,752
17,9,661
18,9,465
19,9,589
20,9,626
21,9,450
22,9,246
23,9,120
24,9,690
25,9,914
26,9,667
27,9,539
28,9,971
29,9,114
30,9,679
31,9,167
32,9,981
33,9,607
34,9,910
35,9,527
36,9,519
37,9,797
38,9,350
39,9,399
40,9,882
41,9,811
42,9,694
43,9,212
44,9,460
45,9,630
46,9,472
47,9,698
48,9,714
49,9,767
50,9,146
51,9,267
52,9,431
53,9,420
54,9,873
55,9,763
56,9,555
57,9,236
58,9,108
59,9,857
60,9,402
61,9,218
62,9,419
63,9,815
64,9,712
65,9,909
66,9,374
67,9,587
68,9,458
69,9,741
70,9,283
71,9,421
72,9,653
73,9,499
74,9,292
75,9,310
76,9,613
77,9,214
78,9,1012
79,9,663
80,9,253
81,9,289
82,9,471
83,9,585
84,9,632
85,9,781
86,9,413
87,9,332
88,9,658
89,9,739
90,9,266
91,9,622
92,9,373
93,9,250
94,9,554
95,9,845
96,9,335
97,9,920
98,9,656
99,9,528
100,9,804
101,9,553
102,9,792
103,9,338
104,9,813
105,9,617
106,9,224
107,9,243
108,9,645
109,9,507
110,9,732
111,9,520
112,9,502
113,9,784
114,9,654
115,9,483
116,9,264
117,9,371
118,9,580
119,9,561
120,9,748
121,9,496
122,9,139
123,9,819
124,9,228
125,9,565
126,9,244
127,9,73
128,9,967
129,9,189
130,9,181
131,9,1009
132,9,153
133,9,486
134,9,619
135,9,491
136,9,825
137,9,428
138,9,51
139,9,685
140,9,44
141,9,889
142,9,477
143,9,113
144,9,173
145,9,823
146,9,678
147,9,216
148,9,179
149,9,305
150,9,506
151,9,548
152,9,466
153,9,637
154,9,369
155,9,208
156,9,451
157,9,855
158,9,906
159,9,533
160,9,273
161,9,826
162,9,534
163,9,260
164,9,435
165,9,329
166,9,367
167,9,652
168,9,400
169,9,776
170,9,494
171,9,569
172,9,504
173,9,237
174,9,683
175,9,529
176,9,256
177,9,709
178,9,812
179,9,116
180,9,944
181,9,922
182,9,599
183,9,123
184,9,297
185,9,368
186,9,793
187,9,20
188,9,484
189,9,843
190,9,202
191,9,469
192,9,592
193,9,578
194,9,614
195,9,710
196,9,293
197,9,973
198,9,768
199,9,467
200,9,627
201,9,531
202,9,728
203,9,330
204,9,432
205,9,104
206,9,424
207,9,200
208,9,595
209,9,537
210,9,209
211,9,665
212,9,388
213,9,50
214,9,474
215,9,19
216,9,983
217,9,805
218,9,409
219,9,449
220,9,970
221,9,426
222,9,406
223,9,203
224,9,336
225,9,235
226,9,378
227,9,984
228,9,579
229,9,229
230,9,444
231,9,27
232,9,547
233,9,401
234,9,568
235,9,219
236,9,753
237,9,39
238,9,259
239,9,343
240,9,473
241,9,588
242,9,817
243,9,755
244,9,564
245,9,321
246,9,370
247,9,563
248,9,362
249,9,382
250,9,325
251,9,972
252,9,16
253,9,136
254,9,38
255,9,453
256,9,40
257,9,668
258,9,133
259,9,816
260,9,386
261,9,600
262,9,540
263,9,211
264,9,780
265,9,623
266,9,127
267,9,525
268,9,302
269,9,274
270,9,165
271,9,596
272,9,749
273,9,348
274,9,398
275,9,187
276,9,470
277,9,584
278,9,242
279,9,760
280,9,885
281,9,105
282,9,184
283,9,778
284,9,742
285,9,489
286,9,1008
287,9,501
288,9,838
289,9,827
290,9,943
291,9,234
292,9,664
293,9,245
294,9,436
295,9,689
296,9,439
297,9,535
298,9,91
299,9,137
300,9,239
301,9,178
302,9,138
303,9,946
304,9,119
305,9,940
306,9,522
307,9,132
308,9,303
309,9,135
310,9,721
311,9,334
312,9,536
313,9,503
314,9,328
315,9,497
316,9,121
317,9,437
318,9,562
319,9,847
320,9,210
321,9,317
322,9,434
323,9,557
324,9,8
325,9,141
326,9,327
327,9,717
328,9,430
329,9,265
330,9,487
331,9,509
332,9,1005
333,9,225
334,9,883
335,9,787
336,9,170
337,9,403
338,9,326
339,9,798
340,9,670
341,9,583
342,9,147
343,9,743
344,9,476
345,9,1000
346,9,285
347,9,783
348,9,711
349,9,976
350,9,106
351,9,700
352,9,886
353,9,629
354,9,252
355,9,393
356,9,412
357,9,635
358,9,227
359,9,560
360,9,131
361,9,532
362,9,844
363,9,790
364,9,341
365,9,908
366,9,304
367,9,492
368,9,818
369,9,738
370,9,240
371,9,924
372,9,390
373,9,696
374,9,45
375,9,858
376,9,746
377,9,315
378,9,691
379,9,67
380,9,754
381,9,779
382,9,880
383,9,331
384,9,482
385,9,174
386,9,505
387,9,628
388,9,892
389,9,195
390,9,115
391,9,872
392,9,322
393,9,594
394,9,440
395,9,410
396,9,394
397,9,786
398,9,521
399,9,361
0,10,642
1,10,534
2,10,619
3,10,374
4,10,714
5,10,954
6,10,965
7,10,551
8,10,245
9,10,592
10,10,454
11,10,599
12,10,852
13,10,752
14,10,293
15,10,650
16,10,784
17,10,660
18,10,465
19,10,590
20,10,658
21,10,418
22,10,278
23,10,88
24,10,689
25,10,882
26,10,635
27,10,507
28,10,970
29,10,113
30,10,680
31,10,199
32,10,1013
33,10,575
34,10,909
35,10,559
36,10,520
37,10,765
38,10,382
39,10,431
40,10,881
41,10,812
42,10,694
43,10,212
44,10,461
45,10,629
46,10,504
47,10,666
48,10,715
49,10,767
50,10,178
51,10,299
52,10,463
53,10,421
54,10,905
55,10,795
56,10,556
57,10,204
58,10,109
59,10,856
60,10,434
61,10,219
62,10,451
63,10,815
64,10,712
65,10,908
66,10,406
67,10,587
68,10,459
69,10,741
70,10,315
71,10,422
72,10,652
73,10,499
74,10,292
75,10,310
76,10,614
77,10,214
78,10,1011
79,10,662
80,10,285
81,10,321
82,10,470
83,10,584
84,10,632
85,10,782
86,10,445
87,10,333
88,10,690
89,10,707
90,10,298
91,10,621
92,10,405
93,10,250
94,10,586
95,10,813
96,10,336
97,10,888
98,10,624
99,10,527
100,10,836
101,10,585
102,10,791
103,10,338
104,10,814
105,10,616
106,10,225
107,10,242
108,10,613
109,10,506
110,10,731
111,10,521
112,10,502
113,10,816
114,10,622
115,10,482
116,10,265
117,10,370
118,10,548
119,10,561
120,10,780
121,10,496
122,10,140
123,10,851
124,10,229
125,10,597
126,10,276
127,10,73
128,10,968
129,10,188
130,10,213
131,10,977
132,10,121
133,10,518
134,10,618
135,10,492
136,10,824
137,10,460
138,10,50
139,10,653
140,10,12
141,10,857
142,10,478
143,10,81
144,10,173
145,10,822
146,10,679
147,10,215
148,10,179
149,10,273
150,10,538
151,10,549
152,10,466
153,10,638
154,10,369
155,10,240
156,10,483
157,10,887
158,10,907
159,10,565
160,10,272
161,10,794
162,10,533
163,10,259
164,10,403
165,10,361
166,10,367
167,10,651
168,10,432
169,10,744
170,10,494
171,10,569
172,10,503
173,10,236
174,10,682
175,10,529
176,10,224
177,10,709
178,10,844
179,10,115
180,10,976
181,10,921
182,10,598
183,10,155
184,10,329
185,10,400
186,10,825
187,10,20
188,10,484
189,10,842
190,10,203
191,10,468
192,10,560
193,10,610
194,10,615
195,10,711
196,10,294
197,10,1005
198,10,736
199,10,467
200,10,595
201,10,531
202,10,760
203,10,362
204,10,464
205,10,105
206,10,423
207,10,201
208,10,563
209,10,536
210,10,209
211,10,665
212,10,420
213,10,49
214,10,474
215,10,51
216,10,982
217,10,804
218,10,408
219,10,481
220,10,938
221,10,426
222,10,407
223,10,235
224,10,368
225,10,234
226,10,410
227,10,1016
228,10,578
229,10,261
230,10,443
231,10,27
232,10,515
233,10,401
234,10,568
235,10,251
236,10,721
237,10,40
238,10,291
239,10,311
240,10,472
241,10,589
242,10,818
243,10,787
244,10,564
245,10,353
246,10,402
247,10,562
248,10,363
249,10,414
250,10,326
251,10,973
252,10,48
253,10,104
254,10,39
255,10,453
256,10,41
257,10,669
258,10,101
259,10,848
260,10,385
261,10,600
262,10,539
263,10,243
264,10,781
265,10,623
266,10,127
267,10,524
268,10,301
269,10,306
270,10,197
271,10,596
272,10,750
273,10,316
274,10,430
275,10,186
276,10,469
277,10,552
278,10,241
279,10,792
280,10,885
281,10,137
282,10,216
283,10,777
284,10,710
285,10,490
286,10,1007
287,10,501
288,10,839
289,10,826
290,10,944
291,10,202
292,10,663
293,10,244
294,10,435
295,10,688
296,10,438
297,10,567
298,10,123
299,10,138
300,10,207
301,10,210
302,10,106
303,10,947
304,10,120
305,10,939
306,10,554
307,10,164
308,10,335
309,10,167
310,10,722
311,10,366
312,10,535
313,10,471
314,10,328
315,10,497
316,10,122
317,10,436
318,10,594
319,10,847
320,10,211
321,10,349
322,10,433
323,10,525
324,10,8
325,10,141
326,10,327
327,10,685
328,10,462
329,10,297
330,10,486
331,10,477
332,10,1006
333,10,257
334,10,884
335,10,786
336,10,170
337,10,404
338,10,358
339,10,766
340,10,670
341,10,583
342,10,146
343,10,742
344,10,476
345,10,1001
346,10,317
347,10,751
348,10,743
349,10,1008
350,10,107
351,10,668
352,10,886
353,10,628
354,10,284
355,10,392
356,10,444
357,10,603
358,10,228
359,10,528
360,10,163
361,10,532
362,10,845
363,10,758
364,10,342
365,10,876
366,10,303
367,10,493
368,10,819
369,10,706
370,10,239
371,10,923
372,10,390
373,10,695
374,10,45
375,10,858
376,10,778
377,10,347
378,10,723
379,10,66
380,10,753
381,10,747
382,10,879
383,10,332
384,10,514
385,10,206
386,10,537
387,10,627
388,10,892
389,10,227
390,10,147
391,10,873
392,10,354
393,10,626
394,10,441
395,10,442
396,10,394
397,10,785
398,10,522
399,10,393
0,11,643
1,11,534
2,11,620
3,11,373
4,11,682
5,11,954
6,11,997
7,11,552
8,11,277
9,11,592
10,11,422
11,11,567
12,11,820
13,11,784
14,11,325
15,11,649
16,11,816
17,11,692
18,11,465
19,11,558
20,11,657
21,11,418
22,11,310
23,11,87
24,11,688
25,11,850
26,11,603
27,11,508
28,11,970
29,11,112
30,11,648
31,11,231
32,11,1013
33,11,574
34,11,909
35,11,527
36,11,521
37,11,733
38,11,414
39,11,399
40,11,913
41,11,813
42,11,695
43,11,213
44,11,429
45,11,661
46,11,503
47,11,665
48,11,716
49,11,767
50,11,210
51,11,331
52,11,463
53,11,420
54,11,904
55,11,827
56,11,556
57,11,236
58,11,110
59,11,855
60,11,466
61,11,220
62,11,483
63,11,847
64,11,744
65,11,876
66,11,406
67,11,619
68,11,459
69,11,741
70,11,347
71,11,423
72,11,651
73,11,499
74,11,292
75,11,311
76,11,613
77,11,214
78,11,1010
79,11,694
80,11,317
81,11,322
82,11,470
83,11,616
84,11,632
85,11,783
86,11,477
87,11,301
88,11,722
89,11,708
90,11,330
91,11,589
92,11,405
93,11,251
94,11,587
95,11,814
96,11,304
97,11,888
98,11,624
99,11,526
100,11,868
101,11,617
102,11,790
103,11,339
104,11,815
105,11,615
106,11,193
107,11,241
108,11,612
109,11,505
110,11,699
111,11,522
112,11,502
113,11,817
114,11,590
115,11,450
116,11,266
117,11,338
118,11,516
119,11,562
120,11,779
121,11,528
122,11,141
123,11,851
124,11,230
125,11,565
126,11,244
127,11,73
128,11,969
129,11,188
130,11,245
131,11,978
132,11,89
133,11,518
134,11,618
135,11,460
136,11,792
137,11,461
138,11,49
139,11,621
140,11,13
141,11,856
142,11,510
143,11,81
144,11,173
145,11,822
146,11,711
147,11,215
148,11,147
149,11,273
150,11,570
151,11,550
152,11,467
153,11,606
154,11,368
155,11,208
156,11,484
157,11,919
158,11,908
159,11,566
160,11,272
161,11,762
162,11,533
163,11,291
164,11,371
165,11,329
166,11,367
167,11,650
168,11,464
169,11,745
170,11,462
171,11,601
172,11,471
173,11,235
174,11,681
175,11,561
176,11,225
177,11,709
178,11,844
179,11,114
180,11,977
181,11,921
182,11,597
183,11,187
184,11,328
185,11,401
186,11,824
187,11,20
188,11,485
189,11,841
190,11,204
191,11,469
192,11,560
193,11,642
194,11,614
195,11,743
196,11,295
197,11,1006
198,11,737
199,11,435
200,11,596
201,11,563
202,11,760
203,11,394
204,11,496
205,11,106
206,11,424
207,11,201
208,11,564
209,11,568
210,11,209
211,11,633
212,11,419
213,11,48
214,11,442
215,11,50
216,11,981
217,11,772
218,11,407
219,11,513
220,11,939
221,11,426
222,11,375
223,11,267
224,11,400
225,11,233
226,11,409
227,11,1017
228,11,546
229,11,293
230,11,475
231,11,27
232,11,514
233,11,402
234,11,600
235,11,219
236,11,689
237,11,41
238,11,323
239,11,279
240,11,440
241,11,557
242,11,786
243,11,788
244,11,532
245,11,385
246,11,434
247,11,594
248,11,362
249,11,413
250,11,358
251,11,974
252,11,80
253,11,105
254,11,40
255,11,421
256,11,9
257,11,668
258,11,69
259,11,880
260,11,417
261,11,599
262,11,539
263,11,211
264,11,782
265,11,622
266,11,127
267,11,492
268,11,269
269,11,307
270,11,229
271,11,628
272,11,751
273,11,284
274,11,431
275,11,185
276,11,437
277,11,584
278,11,240
279,11,793
280,11,886
281,11,136
282,11,216
283,11,776
284,11,678
285,11,458
286,11,1008
287,11,501
288,11,840
289,11,825
290,11,945
291,11,234
292,11,662
293,11,243
294,11,436
295,11,720
296,11,438
297,11,535
298,11,122
299,11,139
300,11,206
301,11,242
302,11,74
303,11,915
304,11,121
305,11,907
306,11,586
307,11,163
308,11,336
309,11,166
310,11,723
311,11,398
312,11,536
313,11,439
314,11,327
315,11,497
316,11,154
317,11,468
318,11,595
319,11,848
320,11,212
321,11,348
322,11,432
323,11,525
324,11,8
325,11,142
326,11,326
327,11,686
328,11,430
329,11,298
330,11,454
331,11,476
332,11,1007
333,11,289
334,11,885
335,11,754
336,11,202
337,11,403
338,11,357
339,11,765
340,11,669
341,11,583
342,11,145
343,11,710
344,11,444
345,11,1002
346,11,349
347,11,719
348,11,742
349,11,976
350,11,108
351,11,667
352,11,887
353,11,627
354,11,285
355,11,392
356,11,445
357,11,571
358,11,260
359,11,529
360,11,195
361,11,531
362,11,845
363,11,757
364,11,343
365,11,877
366,11,302
367,11,494
368,11,818
369,11,674
370,11,207
371,11,922
372,11,390
373,11,663
374,11,45
375,11,826
376,11,778
377,11,346
378,11,755
379,11,98
380,11,721
381,11,746
382,11,878
383,11,364
384,11,482
385,11,238
386,11,569
387,11,626
388,11,892
389,11,259
390,11,148
391,11,874
392,11,386
393,11,625
394,11,473
395,11,443
396,11,393
397,11,753
398,11,490
399,11,361
0,12,675
1,12,566
2,12,588
3,12,341
4,12,683
5,12,954
6,12,998
7,12,553
8,12,278
9,12,560
10,12,421
11,12,535
12,12,821
13,12,785
14,12,357
15,12,617
16,12,784
17,12,691
18,12,433
19,12,526
20,12,656
21,12,419
22,12,309
23,12,86
24,12,687
25,12,818
26,12,571
27,12,476
28,12,938
29,12,80
30,12,648
31,12,263
32,12,1013
33,12,573
34,12,877
35,12,527
36,12,489
37,12,733
38,12,413
39,12,400
40,12,912
41,12,814
42,12,663
43,12,181
44,12,429
45,12,693
46,12,502
47,12,633
48,12,684
49,12,767
50,12,178
51,12,332
52,12,462
53,12,388
54,12,903
55,12,859
56,12,555
57,12,235
58,12,110
59,12,854
60,12,465
61,12,252
62,12,515
63,12,847
64,12,776
65,12,844
66,12,438
67,12,651
68,12,460
69,12,742
70,12,346
71,12,423
72,12,650
73,12,531
74,12,293
75,12,312
76,12,614
77,12,213
78,12,1009
79,12,694
80,12,349
81,12,354
82,12,469
83,12,584
84,12,600
85,12,751
86,12,509
87,12,269
88,12,721
89,12,708
90,12,362
91,12,557
92,12,373
93,12,219
94,12,619
95,12,815
96,12,305
97,12,888
98,12,592
99,12,525
100,12,869
101,12,616
102,12,758
103,12,338
104,12,783
105,12,615
106,12,161
107,12,240
108,12,613
109,12,504
110,12,698
111,12,521
112,12,501
113,12,849
114,12,558
115,12,450
116,12,234
117,12,306
118,12,484
119,12,562
120,12,778
121,12,496
122,12,142
123,12,850
124,12,231
125,12,565
126,12,243
127,12,105
128,12,970
129,12,189
130,12,277
131,12,979
132,12,88
133,12,518
134,12,618
135,12,428
136,12,760
137,12,493
138,12,48
139,12,622
140,12,14
141,12,855
142,12,542
143,12,113
144,12,173
145,12,790
146,12,743
147,12,214
148,12,148
149,12,241
150,12,602
151,12,550
152,12,499
153,12,574
154,12,336
155,12,209
156,12,483
157,12,951
158,12,909
159,12,567
160,12,273
161,12,730
162,12,534
163,12,292
164,12,370
165,12,297
166,12,368
167,12,649
168,12,463
169,12,746
170,12,461
171,12,601
172,12,439
173,12,203
174,12,713
175,12,561
176,12,226
177,12,677
178,12,843
179,12,146
180,12,945
181,12,921
182,12,629
183,12,188
184,12,329
185,12,402
186,12,823
187,12,20
188,12,485
189,12,809
190,12,205
191,12,468
192,12,528
193,12,643
194,12,646
195,12,744
196,12,295
197,12,1007
198,12,738
199,12,435
200,12,597
201,12,595
202,12,728
203,12,426
204,12,464
205,12,107
206,12,424
207,12,200
208,12,564
209,12,568
210,12,210
211,12,632
212,12,451
213,12,47
214,12,410
215,12,49
216,12,980
217,12,772
218,12,406
219,12,545
220,12,940
221,12,458
222,12,343
223,12,299
224,12,432
225,12,265
226,12,441
227,12,1018
228,12,514
229,12,294
230,12,475
231,12,27
232,12,482
233,12,403
234,12,599
235,12,187
236,12,657
237,12,42
238,12,322
239,12,311
240,12,408
241,12,556
242,12,787
243,12,820
244,12,532
245,12,417
246,12,466
247,12,594
248,12,363
249,12,381
250,12,326
251,12,942
252,12,81
253,12,106
254,12,41
255,12,420
256,12,10
257,12,700
258,12,37
259,12,879
260,12,449
261,12,598
262,12,539
263,12,212
264,12,782
265,12,590
266,12,127
267,12,492
268,12,237
269,12,339
270,12,261
271,12,627
272,12,719
273,12,285
274,12,430
275,12,217
276,12,405
277,12,583
278,12,272
279,12,794
280,12,887
281,12,135
282,12,216
283,12,775
284,12,678
285,12,459
286,12,976
287,12,533
288,12,841
289,12,824
290,12,913
291,12,202
292,12,661
293,12,242
294,12,436
295,12,688
296,12,437
297,12,536
298,12,121
299,12,139
300,12,206
301,12,274
302,12,73
303,12,883
304,12,153
305,12,875
306,12,586
307,12,195
308,12,304
309,12,165
310,12,724
311,12,399
312,12,537
313,12,407
314,12,328
315,12,497
316,12,122
317,12,467
318,12,596
319,12,848
320,12,244
321,12,380
322,12,431
323,12,524
324,12,8
325,12,174
326,12,327
327,12,654
328,12,398
329,12,330
330,12,422
331,12,444
332,12,1008
333,12,321
334,12,886
335,12,722
336,12,201
337,12,404
338,12,356
339,12,765
340,12,701
341,12,551
342,12,177
343,12,709
344,12,412
345,12,1003
346,12,348
347,12,720
348,12,710
349,12,944
350,12,140
351,12,635
352,12,919
353,12,626
354,12,317
355,12,392
356,12,477
357,12,570
358,12,260
359,12,529
360,12,227
361,12,563
362,12,845
363,12,725
364,12,344
365,12,878
366,12,334
367,12,494
368,12,817
369,12,642
370,12,207
371,12,922
372,12,358
373,12,662
374,12,45
375,12,826
376,12,777
377,12,378
378,12,754
379,12,97
380,12,689
381,12,714
382,12,910
383,12,396
384,12,481
385,12,239
386,12,569
387,12,625
388,12,892
389,12,291
390,12,149
391,12,906
392,12,418
393,12,624
394,12,505
395,12,443
396,12,394
397,12,752
398,12,491
399,12,361
0,13,674
1,13,566
2,13,556
3,13,340
4,13,651
5,13,954
6,13,999
7,13,585
8,13,279
9,13,561
10,13,453
11,13,503
12,13,821
13,13,817
14,13,358
15,13,617
16,13,785
17,13,690
18,13,433
19,13,558
20,13,655
21,13,387
22,13,341
23,13,85
24,13,686
25,13,786
26,13,539
27,13,476
28,13,970
29,13,80
30,13,647
31,13,263
32,13,1013
33,13,541
34,13,876
35,13,527
36,13,490
37,13,765
38,13,445
39,13,399
40,13,912
41,13,815
42,13,663
43,13,213
44,13,428
45,13,725
46,13,534
47,13,632
48,13,685
49,13,767
50,13,178
51,13,332
52,13,494
53,13,356
54,13,935
55,13,891
56,13,555
57,13,267
58,13,142
59,13,822
60,13,497
61,13,284
62,13,547
63,13,848
64,13,775
65,13,843
66,13,437
67,13,652
68,13,459
69,13,743
70,13,345
71,13,423
72,13,649
73,13,499
74,13,293
75,13,344
76,13,615
77,13,212
78,13,1008
79,13,693
80,13,381
81,13,386
82,13,468
83,13,552
84,13,601
85,13,752
86,13,510
87,13,301
88,13,753
89,13,709
90,13,394
91,13,589
92,13,405
93,13,220
94,13,620
95,13,847
96,13,273
97,13,888
98,13,560
99,13,557
100,13,870
101,13,648
102,13,757
103,13,370
104,13,784
105,13,616
106,13,162
107,13,208
108,13,614
109,13,536
110,13,697
111,13,520
112,13,502
113,13,850
114,13,559
115,13,451
116,13,235
117,13,307
118,13,484
119,13,563
120,13,777
121,13,464
122,13,174
123,13,882
124,13,199
125,13,564
126,13,242
127,13,104
128,13,971
129,13,221
130,13,309
131,13,980
132,13,87
133,13,518
134,13,619
135,13,396
136,13,728
137,13,493
138,13,16
139,13,622
140,13,15
141,13,854
142,13,542
143,13,114
144,13,141
145,13,758
146,13,744
147,13,246
148,13,116
149,13,209
150,13,602
151,13,550
152,13,498
153,13,574
154,13,336
155,13,210
156,13,515
157,13,952
158,13,910
159,13,599
160,13,272
161,13,698
162,13,533
163,13,291
164,13,369
165,13,265
166,13,368
167,13,681
168,13,462
169,13,747
170,13,461
171,13,569
172,13,439
173,13,202
174,13,745
175,13,562
176,13,194
177,13,678
178,13,875
179,13,145
180,13,945
181,13,921
182,13,628
183,13,189
184,13,297
185,13,402
186,13,855
187,13,20
188,13,485
189,13,808
190,13,237
191,13,467
192,13,496
193,13,675
194,13,645
195,13,776
196,13,295
197,13,1007
198,13,739
199,13,434
200,13,598
201,13,627
202,13,696
203,13,458
204,13,432
205,13,108
206,13,424
207,13,168
208,13,596
209,13,600
210,13,211
211,13,664
212,13,483
213,13,46
214,13,409
215,13,48
216,13,948
217,13,772
218,13,438
219,13,546
220,13,941
221,13,457
222,13,311
223,13,299
224,13,431
225,13,264
226,13,473
227,13,1019
228,13,482
229,13,294
230,13,475
231,13,27
232,13,481
233,13,371
234,13,631
235,13,219
236,13,658
237,13,43
238,13,354
239,13,310
240,13,407
241,13,524
242,13,755
243,13,820
244,13,532
245,13,449
246,13,465
247,13,594
248,13,362
249,13,382
250,13,327
251,13,943
252,13,113
253,13,106
254,13,42
255,13,388
256,13,11
257,13,732
258,13,5
259,13,911
260,13,450
261,13,630
262,13,507
263,13,244
264,13,783
265,13,590
266,13,127
267,13,460
268,13,269
269,13,339
270,13,261
271,13,626
272,13,687
273,13,253
274,13,429
275,13,216
276,13,404
277,13,584
278,13,304
279,13,795
280,13,919
281,13,167
282,13,184
283,13,807
284,13,646
285,13,491
286,13,977
287,13,565
288,13,842
289,13,823
290,13,881
291,13,170
292,13,660
293,13,241
294,13,435
295,13,688
296,13,436
297,13,535
298,13,120
299,13,107
300,13,205
301,13,306
302,13,41
303,13,851
304,13,185
305,13,874
306,13,618
307,13,227
308,13,305
309,13,197
310,13,723
311,13,367
312,13,538
313,13,406
314,13,329
315,13,529
316,13,121
317,13,466
318,13,597
319,13,849
320,13,276
321,13,412
322,13,430
323,13,525
324,13,8
325,13,173
326,13,328
327,13,654
328,13,398
329,13,331
330,13,422
331,13,444
332,13,976
333,13,322
334,13,887
335,13,722
336,13,200
337,13,403
338,13,324
339,13,766
340,13,733
341,13,583
342,13,176
343,13,677
344,13,413
345,13,1004
346,13,380
347,13,721
348,13,742
349,13,944
350,13,172
351,13,603
352,13,920
353,13,625
354,13,316
355,13,392
356,13,509
357,13,571
358,13,292
359,13,528
360,13,259
361,13,531
362,13,877
363,13,724
364,13,376
365,13,879
366,13,366
367,13,526
368,13,816
369,13,610
370,13,206
371,13,922
372,13,326
373,13,661
374,13,45
375,13,826
376,13,809
377,13,377
378,13,754
379,13,129
380,13,689
381,13,713
382,13,878
383,13,364
384,13,513
385,13,240
386,13,568
387,13,657
388,13,892
389,13,323
390,13,181
391,13,907
392,13,418
393,13,656
394,13,537
395,13,443
396,13,393
397,13,720
398,13,492
399,13,361
0,14,642
1,14,534
2,14,557
3,14,339
4,14,652
5,14,954
6,14,1000
7,14,586
8,14,278
9,14,560
10,14,454
11,14,502
12,14,820
13,14,817
14,14,390
15,14,618
16,14,786
17,14,691
18,14,433
19,14,559
20,14,654
21,14,355
22,14,340
23,14,84
24,14,685
25,14,787
26,14,507
27,14,476
28,14,969
29,14,80
30,14,648
31,14,231
32,14,1013
33,14,509
34,14,875
35,14,528
36,14,491
37,14,797
38,14,477
39,14,367
40,14,912
41,14,783
42,14,664
43,14,212
44,14,460
45,14,725
46,14,533
47,14,600
48,14,717
49,14,767
50,14,210
51,14,364
52,14,462
53,14,357
54,14,934
55,14,890
56,14,556
57,14,266
58,14,174
59,14,821
60,14,497
61,14,316
62,14,579
63,14,816
64,14,775
65,14,811
66,14,469
67,14,684
68,14,458
69,14,744
70,14,344
71,14,424
72,14,649
73,14,467
74,14,294
75,14,312
76,14,616
77,14,211
78,14,1007
79,14,693
80,14,413
81,14,418
82,14,468
83,14,520
84,14,601
85,14,751
86,14,542
87,14,302
88,14,752
89,14,710
90,14,426
91,14,590
92,14,437
93,14,252
94,14,621
95,14,848
96,14,274
97,14,887
98,14,592
99,14,589
100,14,902
101,14,680
102,14,757
103,14,338
104,14,785
105,14,617
106,14,130
107,14,207
108,14,615
109,14,535
110,14,665
111,14,519
112,14,501
113,14,818
114,14,527
115,14,451
116,14,236
117,14,306
118,14,484
119,14,564
120,14,809
121,14,432
122,14,206
123,14,881
124,14,200
125,14,532
126,14,241
127,14,103
128,14,972
129,14,220
130,14,308
131,14,981
132,14,86
133,14,518
134,14,619
135,14,428
136,14,696
137,14,525
138,14,15
139,14,622
140,14,47
141,14,886
142,14,574
143,14,114
144,14,142
145,14,758
146,14,776
147,14,245
148,14,117
149,14,208
150,14,603
151,14,550
152,14,498
153,14,575
154,14,335
155,14,242
156,14,547
157,14,952
158,14,911
159,14,598
160,14,304
161,14,666
162,14,565
163,14,323
164,14,401
165,14,233
166,14,369
167,14,682
168,14,461
169,14,748
170,14,429
171,14,568
172,14,438
173,14,202
174,14,777
175,14,563
176,14,195
177,14,679
178,14,874
179,14,177
180,14,945
181,14,921
182,14,627
183,14,221
184,14,297
185,14,434
186,14,854
187,14,20
188,14,485
189,14,807
190,14,269
191,14,466
192,14,496
193,14,674
194,14,613
195,14,808
196,14,295
197,14,1006
198,14,740
199,14,435
200,14,630
201,14,595
202,14,695
203,14,490
204,14,400
205,14,109
206,14,392
207,14,168
208,14,596
209,14,599
210,14,179
211,14,632
212,14,515
213,14,78
214,14,377
215,14,48
216,14,916
217,14,772
218,14,470
219,14,546
220,14,942
221,14,457
222,14,279
223,14,331
224,14,463
225,14,263
226,14,472
227,14,1020
228,14,483
229,14,326
230,14,475
231,14,27
232,14,482
233,14,370
234,14,663
235,14,219
236,14,626
237,14,44
238,14,386
239,14,309
240,14,375
241,14,524
242,14,723
243,14,819
244,14,531
245,14,481
246,14,464
247,14,562
248,14,394
249,14,350
250,14,328
251,14,944
252,14,145
253,14,107
254,14,43
255,14,356
256,14,12
257,14,731
258,14,5
259,14,943
260,14,449
261,14,629
262,14,508
263,14,276
264,14,784
265,14,558
266,14,127
267,14,492
268,14,301
269,14,371
270,14,261
271,14,594
272,14,655
273,14,254
274,14,430
275,14,215
276,14,403
277,14,552
278,14,336
279,14,796
280,14,951
281,14,199
282,14,216
283,14,839
284,14,645
285,14,459
286,14,1009
287,14,566
288,14,843
289,14,822
290,14,849
291,14,170
292,14,659
293,14,240
294,14,436
295,14,689
296,14,404
297,14,503
298,14,119
299,14,108
300,14,237
301,14,305
302,14,41
303,14,851
304,14,186
305,14,842
306,14,650
307,14,259
308,14,273
309,14,229
310,14,724
311,14,366
312,14,506
313,14,405
314,14,330
315,14,561
316,14,120
317,14,465
318,14,597
319,14,850
320,14,277
321,14,444
322,14,431
323,14,526
324,14,8
325,14,141
326,14,329
327,14,686
328,14,399
329,14,332
330,14,423
331,14,445
332,14,977
333,14,354
334,14,855
335,14,690
336,14,201
337,14,402
338,14,292
339,14,734
340,14,765
341,14,584
342,14,176
343,14,677
344,14,414
345,14,1005
346,14,412
347,14,722
348,14,741
349,14,976
350,14,173
351,14,571
352,14,919
353,14,624
354,14,348
355,14,393
356,14,510
357,14,539
358,14,293
359,14,529
360,14,291
361,14,499
362,14,909
363,14,692
364,14,408
365,14,880
366,14,398
367,14,494
368,14,815
369,14,578
370,14,205
371,14,922
372,14,327
373,14,660
374,14,45
375,14,826
376,14,810
377,14,376
378,14,754
379,14,161
380,14,657
381,14,681
382,14,877
383,14,396
384,14,514
385,14,272
386,14,567
387,14,625
388,14,892
389,14,324
390,14,213
391,14,908
392,14,450
393,14,688
394,14,569
395,14,443
396,14,361
397,14,719
398,14,493
399,14,362
0,15,610
1,15,502
2,15,558
3,15,371
4,15,653
5,15,953
6,15,1001
7,15,587
8,15,310
9,15,592
10,15,486
11,15,501
12,15,819
13,15,785
14,15,422
15,15,618
16,15,818
17,15,690
18,15,432
19,15,559
20,15,654
21,15,323
22,15,339
23,15,52
24,15,684
25,15,755
26,15,475
27,15,508
28,15,968
29,15,48
30,15,648
31,15,231
32,15,1013
33,15,477
34,15,874
35,15,496
36,15,492
37,15,796
38,15,478
39,15,366
40,15,913
41,15,784
42,15,664
43,15,212
44,15,428
45,15,725
46,15,565
47,15,568
48,15,685
49,15,767
50,15,242
51,15,332
52,15,494
53,15,325
54,15,933
55,15,922
56,15,556
57,15,266
58,15,175
59,15,820
60,15,529
61,15,348
62,15,578
63,15,815
64,15,776
65,15,779
66,15,468
67,15,716
68,15,459
69,15,745
70,15,376
71,15,392
72,15,681
73,15,467
74,15,295
75,15,344
76,15,617
77,15,210
78,15,1006
79,15,694
80,15,413
81,15,450
82,15,436
83,15,519
84,15,600
85,15,719
86,15,574
87,15,303
88,15,751
89,15,711
90,15,458
91,15,589
92,15,469
93,15,220
94,15,622
95,15,848
96,15,274
97,15,886
98,15,624
99,15,588
100,15,903
101,15,679
102,15,757
103,15,338
104,15,753
105,15,649
106,15,131
107,15,206
108,15,616
109,15,534
110,15,633
111,15,518
112,15,533
113,15,850
114,15,528
115,15,419
116,15,237
117,15,306
118,15,483
119,15,563
120,15,808
121,15,431
122,15,238
123,15,849
124,15,168
125,15,532
126,15,209
127,15,102
128,15,973
129,15,221
130,15,307
131,15,982
132,15,85
133,15,550
134,15,619
135,15,396
136,15,695
137,15,557
138,15,14
139,15,590
140,15,15
141,15,854
142,15,575
143,15,114
144,15,142
145,15,758
146,15,777
147,15,244
148,15,117
149,15,207
150,15,635
151,15,549
152,15,466
153,15,607
154,15,336
155,15,243
156,15,579
157,15,952
158,15,912
159,15,597
160,15,272
161,15,665
162,15,564
163,15,291
164,15,433
165,15,201
166,15,369
167,15,714
168,15,460
169,15,749
170,15,429
171,15,569
172,15,406
173,15,202
174,15,809
175,15,531
176,15,163
177,15,678
178,15,842
179,15,176
180,15,946
181,15,921
182,15,659
183,15,253
184,15,297
185,15,434
186,15,822
187,15,20
188,15,484
189,15,775
190,15,301
191,15,465
192,15,464
193,15,706
194,15,612
195,15,840
196,15,327
197,15,1005
198,15,741
199,15,435
200,15,631
201,15,595
202,15,727
203,15,522
204,15,400
205,15,141
206,15,393
207,15,167
208,15,596
209,15,598
210,15,211
211,15,632
212,15,547
213,15,77
214,15,345
215,15,47
216,15,916
217,15,772
218,15,470
219,15,514
220,15,941
221,15,457
222,15,280
223,15,363
224,15,462
225,15,263
226,15,504
227,15,1020
228,15,451
229,15,358
230,15,476
231,15,27
232,15,481
233,15,370
234,15,663
235,15,219
236,15,627
237,15,45
238,15,418
239,15,308
240,15,343
241,15,525
242,15,691
243,15,787
244,15,499
245,15,513
246,15,463
247,15,562
248,15,362
249,15,318
250,15,328
251,15,945
252,15,177
253,15,108
254,15,44
255,15,357
256,15,13
257,15,763
258,15,5
259,15,942
260,15,417
261,15,628
262,15,507
263,15,277
264,15,752
265,15,526
266,15,127
267,15,524
268,15,302
269,15,403
270,15,293
271,15,594
272,15,656
273,15,255
274,15,398
275,15,215
276,15,402
277,15,551
278,15,368
279,15,795
280,15,951
281,15,199
282,15,216
283,15,838
284,15,613
285,15,491
286,15,1008
287,15,567
288,15,843
289,15,821
290,15,817
291,15,170
292,15,660
293,15,239
294,15,437
295,15,689
296,15,404
297,15,503
298,15,118
299,15,109
300,15,269
301,15,304
302,15,41
303,15,883
304,15,187
305,15,810
306,15,682
307,15,259
308,15,305
309,15,261
310,15,724
311,15,334
312,15,474
313,15,405
314,15,331
315,15,560
316,15,119
317,15,497
318,15,629
319,15,851
320,15,278
321,15,443
322,15,430
323,15,527
324,15,8
325,15,140
326,15,330
327,15,686
328,15,367
329,15,333
330,15,424
331,15,445
332,15,978
333,15,386
334,15,823
335,15,658
336,15,200
337,15,401
338,15,260
339,15,733
340,15,797
341,15,585
342,15,208
343,15,645
344,15,382
345,15,1004
346,15,444
347,15,723
348,15,742
349,15,976
350,15,174
351,15,539
352,15,887
353,15,623
354,15,380
355,15,394
356,15,509
357,15,538
358,15,294
359,15,561
360,15,292
361,15,498
362,15,910
363,15,693
364,15,440
365,15,881
366,15,399
367,15,493
368,15,814
369,15,546
370,15,204
371,15,954
372,15,326
373,15,692
374,15,46
375,15,826
376,15,811
377,15,408
378,15,786
379,15,193
380,15,625
381,15,680
382,15,876
383,15,364
384,15,515
385,15,273
386,15,535
387,15,626
388,15,892
389,15,356
390,15,214
391,15,909
392,15,482
393,15,720
394,15,601
395,15,442
396,15,329
397,15,687
398,15,461
399,15,361
0,16,642
1,16,470
2,16,559
3,16,403
4,16,654
5,16,954
6,16,1002
7,16,588
8,16,311
9,16,592
10,16,518
11,16,469
12,16,787
13,16,786
14,16,454
15,16,650
16,16,817
17,16,722
18,16,400
19,16,527
20,16,622
21,16,291
22,16,371
23,16,51
24,16,684
25,16,723
26,16,475
27,16,508
28,16,936
29,16,48
30,16,616
31,16,199
32,16,1013
33,16,476
34,16,873
35,16,496
36,16,491
37,16,797
38,16,510
39,16,398
40,16,881
41,16,752
42,16,665
43,16,213
44,16,396
45,16,757
46,16,597
47,16,536
48,16,686
49,16,767
50,16,241
51,16,331
52,16,526
53,16,293
54,16,933
55,16,921
56,16,557
57,16,266
58,16,176
59,16,819
60,16,561
61,16,380
62,16,610
63,16,847
64,16,775
65,16,747
66,16,468
67,16,715
68,16,460
69,16,745
70,16,375
71,16,424
72,16,649
73,16,467
74,16,263
75,16,376
76,16,618
77,16,209
78,16,1005
79,16,693
80,16,445
81,16,482
82,16,404
83,16,487
84,16,600
85,16,751
86,16,606
87,16,304
88,16,750
89,16,712
90,16,490
91,16,621
92,16,437
93,16,220
94,16,623
95,16,880
96,16,242
97,16,885
98,16,625
99,16,620
100,16,904
101,16,711
102,16,758
103,16,339
104,16,721
105,16,617
106,16,132
107,16,238
108,16,584
109,16,566
110,16,601
111,16,517
112,16,501
113,16,850
114,16,529
115,16,420
116,16,205
117,16,274
118,16,451
119,16,564
120,16,807
121,16,463
122,16,239
123,16,848
124,16,136
125,16,533
126,16,208
127,16,134
128,16,974
129,16,189
130,16,306
131,16,983
132,16,84
133,16,549
134,16,619
135,16,364
136,16,694
137,16,589
138,16,46
139,16,558
140,16,16
141,16,822
142,16,574
143,16,114
144,16,174
145,16,790
146,16,777
147,16,276
148,16,85
149,16,206
150,16,667
151,16,548
152,16,466
153,16,575
154,16,335
155,16,244
156,16,580
157,16,952
158,16,913
159,16,596
160,16,272
161,16,633
162,16,532
163,16,259
164,16,434
165,16,201
166,16,370
167,16,746
168,16,492
169,16,717
170,16,428
171,16,537
172,16,374
173,16,202
174,16,808
175,16,531
176,16,164
177,16,679
178,16,874
179,16,177
180,16,914
181,16,920
182,16,658
183,16,285
184,16,265
185,16,402
186,16,821
187,16,20
188,16,483
189,16,743
190,16,302
191,16,465
192,16,432
193,16,738
194,16,612
195,16,872
196,16,328
197,16,973
198,16,742
199,16,436
200,16,632
201,16,594
202,16,728
203,16,554
204,16,368
205,16,173
206,16,392
207,16,167
208,16,628
209,16,598
210,16,212
211,16,664
212,16,579
213,16,76
214,16,313
215,16,47
216,16,916
217,16,772
218,16,471
219,16,546
220,16,940
221,16,458
222,16,281
223,16,363
224,16,494
225,16,231
226,16,503
227,16,1020
228,16,419
229,16,390
230,16,444
231,16,27
232,16,449
233,16,338
234,16,695
235,16,219
236,16,595
237,16,13
238,16,450
239,16,307
240,16,342
241,16,493
242,16,659
243,16,788
244,16,499
245,16,545
246,16,464
247,16,563
248,16,394
249,16,318
250,16,329
251,16,946
252,16,178
253,16,109
254,16,44
255,16,325
256,16,14
257,16,795
258,16,5
259,16,941
260,16,385
261,16,629
262,16,539
263,16,309
264,16,753
265,16,525
266,16,127
267,16,524
268,16,303
269,16,435
270,16,292
271,16,626
272,16,624
273,16,223
274,16,430
275,16,214
276,16,401
277,16,550
278,16,369
279,16,796
280,16,951
281,16,200
282,16,216
283,16,837
284,16,581
285,16,459
286,16,1007
287,16,568
288,16,842
289,16,820
290,16,785
291,16,170
292,16,660
293,16,207
294,16,438
295,16,689
296,16,405
297,16,535
298,16,117
299,16,110
300,16,237
301,16,336
302,16,41
303,16,851
304,16,188
305,16,778
306,16,683
307,16,227
308,16,305
309,16,260
310,16,725
311,16,366
312,16,474
313,16,406
314,16,330
315,16,560
316,16,119
317,16,497
318,16,630
319,16,852
320,16,279
321,16,442
322,16,462
323,16,528
324,16,8
325,16,139
326,16,362
327,16,687
328,16,367
329,16,334
330,16,423
331,16,477
332,16,1010
333,16,418
334,16,824
335,16,690
336,16,168
337,16,433
338,16,228
339,16,701
340,16,829
341,16,586
342,16,240
343,16,613
344,16,350
345,16,1004
346,16,443
347,16,724
348,16,710
349,16,976
350,16,175
351,16,538
352,16,886
353,16,655
354,16,379
355,16,393
356,16,541
357,16,570
358,16,326
359,16,562
360,16,324
361,16,498
362,16,911
363,16,661
364,16,441
365,16,882
366,16,431
367,16,461
368,16,813
369,16,547
370,16,203
371,16,922
372,16,327
373,16,691
374,16,45
375,16,826
376,16,812
377,16,407
378,16,818
379,16,225
380,16,657
381,16,648
382,16,875
383,16,332
384,16,516
385,16,273
386,16,567
387,16,627
388,16,892
389,16,388
390,16,246
391,16,910
392,16,514
393,16,719
394,16,569
395,16,410
396,16,297
397,16,688
398,16,429
399,16,361
0,17,643
1,17,438
2,17,527
3,17,402
4,17,655
5,17,954
6,17,1003
7,17,589
8,17,311
9,17,560
10,17,519
11,17,468
12,17,788
13,17,786
14,17,486
15,17,649
16,17,785
17,17,723
18,17,400
19,17,526
20,17,654
21,17,290
22,17,371
23,17,50
24,17,683
25,17,724
26,17,476
27,17,508
28,17,935
29,17,47
30,17,617
31,17,231
32,17,1013
33,17,444
34,17,872
35,17,496
36,17,459
37,17,765
38,17,542
39,17,366
40,17,913
41,17,752
42,17,697
43,17,181
44,17,396
45,17,758
46,17,598
47,17,504
48,17,687
49,17,767
50,17,241
51,17,363
52,17,558
53,17,294
54,17,933
55,17,920
56,17,557
57,17,266
58,17,177
59,17,818
60,17,561
61,17,380
62,17,642
63,17,847
64,17,775
65,17,748
66,17,467
67,17,747
68,17,460
69,17,713
70,17,407
71,17,424
72,17,648
73,17,499
74,17,264
75,17,377
76,17,650
77,17,208
78,17,1004
79,17,692
80,17,477
81,17,483
82,17,403
83,17,487
84,17,568
85,17,751
86,17,605
87,17,303
88,17,749
89,17,712
90,17,522
91,17,653
92,17,437
93,17,221
94,17,624
95,17,848
96,17,243
97,17,884
98,17,626
99,17,619
100,17,905
101,17,710
102,17,790
103,17,339
104,17,722
105,17,618
106,17,133
107,17,237
108,17,552
109,17,565
110,17,569
111,17,485
112,17,469
113,17,851
114,17,529
115,17,388
116,17,206
117,17,242
118,17,419
119,17,564
120,17,839
121,17,462
122,17,240
123,17,816
124,17,137
125,17,501
126,17,207
127,17,166
128,17,942
129,17,188
130,17,305
131,17,983
132,17,52
133,17,517
134,17,651
135,17,332
136,17,693
137,17,621
138,17,45
139,17,590
140,17,48
141,17,823
142,17,606
143,17,114
144,17,173
145,17,791
146,17,778
147,17,277
148,17,86
149,17,174
150,17,699
151,17,548
152,17,498
153,17,574
154,17,336
155,17,276
156,17,581
157,17,984
158,17,914
159,17,597
160,17,304
161,17,601
162,17,533
163,17,291
164,17,433
165,17,200
166,17,338
167,17,745
168,17,524
169,17,685
170,17,428
171,17,505
172,17,373
173,17,201
174,17,807
175,17,532
176,17,165
177,17,680
178,17,873
179,17,178
180,17,946
181,17,952
182,17,657
183,17,317
184,17,297
185,17,434
186,17,822
187,17,20
188,17,451
189,17,744
190,17,334
191,17,466
192,17,464
193,17,770
194,17,580
195,17,904
196,17,328
197,17,1005
198,17,743
199,17,436
200,17,600
201,17,595
202,17,760
203,17,586
204,17,369
205,17,205
206,17,392
207,17,135
208,17,596
209,17,630
210,17,213
211,17,665
212,17,579
213,17,75
214,17,312
215,17,46
216,17,916
217,17,772
218,17,503
219,17,578
220,17,939
221,17,426
222,17,249
223,17,364
224,17,494
225,17,263
226,17,502
227,17,1020
228,17,420
229,17,422
230,17,412
231,17,27
232,17,417
233,17,306
234,17,727
235,17,219
236,17,563
237,17,14
238,17,482
239,17,307
240,17,341
241,17,492
242,17,660
243,17,820
244,17,531
245,17,546
246,17,463
247,17,562
248,17,394
249,17,318
250,17,361
251,17,978
252,17,210
253,17,110
254,17,44
255,17,293
256,17,15
257,17,827
258,17,5
259,17,940
260,17,353
261,17,628
262,17,539
263,17,310
264,17,754
265,17,493
266,17,127
267,17,525
268,17,302
269,17,435
270,17,324
271,17,658
272,17,592
273,17,223
274,17,398
275,17,214
276,17,401
277,17,550
278,17,370
279,17,797
280,17,951
281,17,199
282,17,216
283,17,869
284,17,549
285,17,458
286,17,1006
287,17,567
288,17,842
289,17,821
290,17,753
291,17,170
292,17,661
293,17,175
294,17,439
295,17,689
296,17,404
297,17,536
298,17,116
299,17,78
300,17,236
301,17,368
302,17,41
303,17,819
304,17,220
305,17,746
306,17,715
307,17,259
308,17,273
309,17,292
310,17,757
311,17,367
312,17,474
313,17,405
314,17,329
315,17,559
316,17,119
317,17,465
318,17,631
319,17,852
320,17,280
321,17,442
322,17,461
323,17,528
324,17,8
325,17,138
326,17,330
327,17,688
328,17,399
329,17,335
330,17,423
331,17,509
332,17,1011
333,17,450
334,17,792
335,17,690
336,17,167
337,17,432
338,17,227
339,17,701
340,17,861
341,17,587
342,17,272
343,17,612
344,17,349
345,17,972
346,17,475
347,17,725
348,17,742
349,17,976
350,17,176
351,17,506
352,17,885
353,17,623
354,17,379
355,17,393
356,17,573
357,17,571
358,17,358
359,17,594
360,17,356
361,17,497
362,17,912
363,17,629
364,17,473
365,17,883
366,17,431
367,17,429
368,17,781
369,17,547
370,17,202
371,17,922
372,17,295
373,17,659
374,17,77
375,17,826
376,17,813
377,17,406
378,17,850
379,17,224
380,17,625
381,17,647
382,17,874
383,17,331
384,17,516
385,17,274
386,17,535
387,17,627
388,17,892
389,17,387
390,17,278
391,17,911
392,17,515
393,17,719
394,17,537
395,17,378
396,17,298
397,17,656
398,17,430
399,17,362
0,18,675
1,18,437
2,18,528
3,18,434
4,18,623
5,18,954
6,18,1002
7,18,621
8,18,343
9,18,592
10,18,551
11,18,467
12,18,820
13,18,818
14,18,518
15,18,648
16,18,785
17,18,755
18,18,399
19,18,558
20,18,654
21,18,289
22,18,370
23,18,49
24,18,682
25,18,724
26,18,444
27,18,476
28,18,934
29,18,47
30,18,585
31,18,263
32,18,1013
33,18,412
34,18,904
35,18,497
36,18,459
37,18,733
38,18,574
39,18,334
40,18,945
41,18,753
42,18,665
43,18,213
44,18,396
45,18,757
46,18,630
47,18,503
48,18,688
49,18,767
50,18,209
51,18,364
52,18,559
53,18,326
54,18,933
55,18,952
56,18,557
57,18,234
58,18,178
59,18,817
60,18,560
61,18,379
62,18,643
63,18,847
64,18,775
65,18,716
66,18,466
67,18,779
68,18,428
69,18,713
70,18,406
71,18,392
72,18,616
73,18,531
74,18,265
75,18,409
76,18,649
77,18,207
78,18,1003
79,18,691
80,18,509
81,18,515
82,18,402
83,18,486
84,18,536
85,18,752
86,18,637
87,18,303
88,18,748
89,18,680
90,18,554
91,18,652
92,18,469
93,18,220
94,18,656
95,18,848
96,18,244
97,18,852
98,18,594
99,18,619
100,18,906
101,18,709
102,18,758
103,18,371
104,18,723
105,18,617
106,18,133
107,18,236
108,18,553
109,18,597
110,18,537
111,18,485
112,18,470
113,18,819
114,18,529
115,18,420
116,18,174
117,18,243
118,18,387
119,18,565
120,18,838
121,18,494
122,18,241
123,18,784
124,18,138
125,18,501
126,18,175
127,18,134
128,18,943
129,18,187
130,18,306
131,18,984
132,18,51
133,18,517
134,18,651
135,18,333
136,18,692
137,18,653
138,18,44
139,18,590
140,18,48
141,18,791
142,18,607
143,18,114
144,18,173
145,18,790
146,18,810
147,18,245
148,18,87
149,18,142
150,18,731
151,18,516
152,18,499
153,18,575
154,18,304
155,18,277
156,18,580
157,18,985
158,18,915
159,18,629
160,18,272
161,18,569
162,18,533
163,18,290
164,18,433
165,18,168
166,18,339
167,18,777
168,18,556
169,18,686
170,18,429
171,18,473
172,18,405
173,18,200
174,18,806
175,18,532
176,18,166
177,18,681
178,18,874
179,18,210
180,18,946
181,18,953
182,18,657
183,18,349
184,18,329
185,18,435
186,18,823
187,18,20
188,18,419
189,18,745
190,18,335
191,18,498
192,18,432
193,18,771
194,18,612
195,18,905
196,18,327
197,18,1006
198,18,744
199,18,468
200,18,601
201,18,595
202,18,792
203,18,618
204,18,368
205,18,206
206,18,393
207,18,136
208,18,596
209,18,662
210,18,214
211,18,666
212,18,579
213,18,74
214,18,311
215,18,45
216,18,916
217,18,772
218,18,502
219,18,610
220,18,971
221,18,426
222,18,217
223,18,332
224,18,526
225,18,295
226,18,534
227,18,1020
228,18,421
229,18,454
230,18,380
231,18,27
232,18,385
233,18,307
234,18,728
235,18,219
236,18,564
237,18,46
238,18,514
239,18,308
240,18,309
241,18,493
242,18,628
243,18,821
244,18,563
245,18,578
246,18,462
247,18,561
248,18,394
249,18,318
250,18,362
251,18,979
252,18,242
253,18,110
254,18,43
255,18,261
256,18,16
257,18,859
258,18,5
259,18,939
260,18,321
261,18,627
262,18,571
263,18,342
264,18,786
265,18,525
266,18,127
267,18,524
268,18,301
269,18,403
270,18,325
271,18,626
272,18,624
273,18,223
274,18,430
275,18,215
276,18,369
277,18,549
278,18,338
279,18,797
280,18,951
281,18,231
282,18,216
283,18,869
284,18,548
285,18,458
286,18,1007
287,18,599
288,18,843
289,18,822
290,18,721
291,18,202
292,18,660
293,18,176
294,18,440
295,18,690
296,18,436
297,18,535
298,18,115
299,18,78
300,18,235
301,18,367
302,18,41
303,18,787
304,18,252
305,18,714
306,18,747
307,18,291
308,18,305
309,18,324
310,18,725
311,18,366
312,18,475
313,18,404
314,18,328
315,18,527
316,18,119
317,18,464
318,18,632
319,18,851
320,18,312
321,18,474
322,18,460
323,18,496
324,18,8
325,18,106
326,18,331
327,18,689
328,18,398
329,18,336
330,18,424
331,18,508
332,18,1012
333,18,451
334,18,824
335,18,722
336,18,199
337,18,400
338,18,195
339,18,701
340,18,893
341,18,588
342,18,273
343,18,613
344,18,348
345,18,973
346,18,507
347,18,693
348,18,741
349,18,976
350,18,177
351,18,505
352,18,885
353,18,622
354,18,378
355,18,361
356,18,605
357,18,603
358,18,390
359,18,562
360,18,356
361,18,465
362,18,913
363,18,661
364,18,441
365,18,884
366,18,463
367,18,461
368,18,780
369,18,546
370,18,201
371,18,922
372,18,294
373,18,658
374,18,77
375,18,826
376,18,814
377,18,438
378,18,849
379,18,256
380,18,625
381,18,615
382,18,842
383,18,363
384,18,484
385,18,274
386,18,567
387,18,659
388,18,892
389,18,388
390,18,310
391,18,912
392,18,547
393,18,751
394,18,538
395,18,410
396,18,266
397,18,655
398,18,431
399,18,330
0,19,674
1,19,438
2,19,529
3,19,402
4,19,623
5,19,954
6,19,1003
7,19,622
8,19,311
9,19,560
10,19,552
11,19,466
12,19,821
13,19,786
14,19,550
15,19,649
16,19,785
17,19,755
18,19,431
19,19,526
20,19,655
21,19,257
22,19,370
23,19,50
24,19,681
25,19,692
26,19,412
27,19,444
28,19,933
29,19,15
30,19,553
31,19,295
32,19,1014
33,19,380
34,19,903
35,19,498
36,19,491
37,19,701
38,19,606
39,19,335
40,19,946
41,19,754
42,19,665
43,19,212
44,19,428
45,19,725
46,19,598
47,19,471
48,19,689
49,19,767
50,19,241
51,19,396
52,19,559
53,19,358
54,19,901
55,19,951
56,19,557
57,19,266
58,19,179
59,19,816
60,19,561
61,19,379
62,19,675
63,19,847
64,19,775
65,19,715
66,19,434
67,19,811
68,19,429
69,19,745
70,19,405
71,19,393
72,19,648
73,19,563
74,19,233
75,19,409
76,19,617
77,19,206
78,19,971
79,19,723
80,19,510
81,19,515
82,19,401
83,19,485
84,19,504
85,19,752
86,19,669
87,19,304
88,19,780
89,19,680
90,19,555
91,19,653
92,19,437
93,19,220
94,19,688
95,19,849
96,19,245
97,19,884
98,19,595
99,19,618
100,19,907
101,19,708
102,19,757
103,19,371
104,19,722
105,19,616
106,19,101
107,19,235
108,19,521
109,19,596
110,19,505
111,19,453
112,19,502
113,19,820
114,19,497
115,19,419
116,19,175
117,19,211
118,19,355
119,19,565
120,19,870
121,19,493
122,19,242
123,19,784
124,19,170
125,19,469
126,19,207
127,19,133
128,19,944
129,19,186
130,19,338
131,19,985
132,19,51
133,19,518
134,19,619
135,19,301
136,19,691
137,19,685
138,19,43
139,19,558
140,19,49
141,19,790
142,19,607
143,19,113
144,19,173
145,19,758
146,19,810
147,19,213
148,19,88
149,19,110
150,19,763
151,19,517
152,19,531
153,19,574
154,19,272
155,19,309
156,19,579
157,19,953
158,19,883
159,19,661
160,19,240
161,19,537
162,19,501
163,19,291
164,19,465
165,19,136
166,19,307
167,19,809
168,19,588
169,19,654
170,19,430
171,19,441
172,19,404
173,19,199
174,19,805
175,19,533
176,19,167
177,19,713
178,19,875
179,19,209
180,19,914
181,19,921
182,19,656
183,19,381
184,19,329
185,19,436
186,19,791
187,19,20
188,19,387
189,19,744
190,19,336
191,19,499
192,19,433
193,19,803
194,19,580
195,19,906
196,19,327
197,19,1007
198,19,712
199,19,467
200,19,569
201,19,627
202,19,824
203,19,650
204,19,400
205,19,238
206,19,394
207,19,104
208,19,628
209,19,630
210,19,215
211,19,667
212,19,578
213,19,73
214,19,310
215,19,44
216,19,916
217,19,772
218,19,534
219,19,609
220,19,939
221,19,426
222,19,185
223,19,333
224,19,527
225,19,294
226,19,566
227,19,1020
228,19,421
229,19,486
230,19,348
231,19,27
232,19,353
233,19,308
234,19,760
235,19,219
236,19,532
237,19,47
238,19,546
239,19,276
240,19,341
241,19,492
242,19,629
243,19,822
244,19,564
245,19,610
246,19,494
247,19,562
248,19,362
249,19,318
250,19,330
251,19,980
252,19,243
253,19,78
254,19,75
255,19,229
256,19,48
257,19,858
258,19,5
259,19,938
260,19,289
261,19,626
262,19,603
263,19,374
264,19,787
265,19,525
266,19,127
267,19,524
268,19,269
269,19,435
270,19,357
271,19,625
272,19,592
273,19,223
274,19,398
275,19,216
276,19,369
277,19,549
278,19,339
279,19,797
280,19,919
281,19,263
282,19,184
283,19,869
284,19,516
285,19,458
286,19,1008
287,19,631
288,19,842
289,19,854
290,19,753
291,19,202
292,19,660
293,19,176
294,19,440
295,19,658
296,19,468
297,19,535
298,19,114
299,19,46
300,19,234
301,19,367
302,19,41
303,19,788
304,19,284
305,19,682
306,19,748
307,19,323
308,19,306
309,19,356
310,19,724
311,19,334
312,19,443
313,19,403
314,19,328
315,19,528
316,19,119
317,19,463
318,19,664
319,19,852
320,19,344
321,19,506
322,19,459
323,19,496
324,19,8
325,19,105
326,19,332
327,19,721
328,19,366
329,19,368
330,19,392
331,19,509
332,19,1013
333,19,483
334,19,823
335,19,690
336,19,231
337,19,399
338,19,163
339,19,700
340,19,892
341,19,620
342,19,305
343,19,581
344,19,316
345,19,1005
346,19,539
347,19,694
348,19,740
349,19,976
350,19,178
351,19,473
352,19,886
353,19,590
354,19,377
355,19,361
356,19,637
357,19,635
358,19,422
359,19,594
360,19,388
361,19,464
362,19,945
363,19,662
364,19,442
365,19,885
366,19,462
367,19,461
368,19,779
369,19,547
370,19,200
371,19,922
372,19,326
373,19,657
374,19,45
375,19,826
376,19,782
377,19,406
378,19,817
379,19,288
380,19,624
381,19,583
382,19,841
383,19,364
384,19,484
385,19,273
386,19,568
387,19,659
388,19,891
389,19,420
390,19,342
391,19,913
392,19,548
393,19,783
394,19,570
395,19,378
396,19,267
397,19,687
398,19,432
399,19,298
0,20,673
1,20,437
2,20,497
3,20,401
4,20,624
5,20,954
6,20,1004
7,20,623
8,20,311
9,20,528
10,20,553
11,20,466
12,20,822
13,20,786
14,20,551
15,20,617
16,20,785
17,20,787
18,20,430
19,20,525
20,20,687
21,20,225
22,20,338
23,20,49
24,20,649
25,20,693
26,20,380
27,20,445
28,20,901
29,20,14
30,20,521
31,20,263
32,20,982
33,20,348
34,20,902
35,20,498
36,20,492
37,20,700
38,20,605
39,20,335
40,20,914
41,20,754
42,20,666
43,20,213
44,20,396
45,20,724
46,20,630
47,20,439
48,20,657
49,20,767
50,20,240
51,20,364
52,20,558
53,20,326
54,20,900
55,20,983
56,20,589
57,20,265
58,20,211
59,20,815
60,20,561
61,20,379
62,20,707
63,20,847
64,20,775
65,20,683
66,20,434
67,20,843
68,20,428
69,20,746
70,20,405
71,20,361
72,20,648
73,20,531
74,20,201
75,20,410
76,20,616
77,20,205
78,20,939
79,20,691
80,20,542
81,20,516
82,20,369
83,20,453
84,20,504
85,20,753
86,20,701
87,20,305
88,20,812
89,20,680
90,20,587
91,20,653
92,20,469
93,20,220
94,20,689
95,20,850
96,20,246
97,20,852
98,20,563
99,20,618
100,20,908
101,20,708
102,20,725
103,20,371
104,20,723
105,20,615
106,20,102
107,20,234
108,20,522
109,20,595
110,20,473
111,20,454
112,20,503
113,20,821
114,20,465
115,20,418
116,20,176
117,20,212
118,20,323
119,20,566
120,20,869
121,20,461
122,20,243
123,20,784
124,20,171
125,20,468
126,20,175
127,20,165
128,20,945
129,20,185
130,20,306
131,20,985
132,20,50
133,20,550
134,20,619
135,20,269
136,20,690
137,20,717
138,20,42
139,20,526
140,20,81
141,20,758
142,20,607
143,20,114
144,20,173
145,20,757
146,20,811
147,20,245
148,20,89
149,20,109
150,20,795
151,20,517
152,20,532
153,20,574
154,20,304
155,20,310
156,20,547
157,20,952
158,20,884
159,20,661
160,20,239
161,20,505
162,20,501
163,20,259
164,20,433
165,20,135
166,20,308
167,20,808
168,20,620
169,20,655
170,20,462
171,20,409
172,20,403
173,20,167
174,20,804
175,20,565
176,20,168
177,20,681
178,20,876
179,20,177
180,20,913
181,20,921
182,20,688
183,20,413
184,20,328
185,20,404
186,20,790
187,20,20
188,20,386
189,20,743
190,20,336
191,20,499
192,20,432
193,20,835
194,20,579
195,20,938
196,20,295
197,20,1008
198,20,713
199,20,467
200,20,537
201,20,627
202,20,856
203,20,651
204,20,399
205,20,206
206,20,394
207,20,136
208,20,596
209,20,629
210,20,216
211,20,668
212,20,610
213,20,105
214,20,278
215,20,43
216,20,916
217,20,772
218,20,534
219,20,641
220,20,940
221,20,426
222,20,217
223,20,301
224,20,559
225,20,293
226,20,598
227,20,1020
228,20,422
229,20,518
230,20,316
231,20,27
232,20,321
233,20,309
234,20,792
235,20,219
236,20,533
237,20,48
238,20,578
239,20,276
240,20,340
241,20,524
242,20,597
243,20,823
244,20,564
245,20,642
246,20,493
247,20,562
248,20,330
249,20,318
250,20,331
251,20,981
252,20,244
253,20,46
254,20,76
255,20,228
256,20,80
257,20,890
258,20,5
259,20,970
260,20,257
261,20,626
262,20,635
263,20,375
264,20,819
265,20,557
266,20,127
267,20,556
268,20,237
269,20,435
270,20,358
271,20,625
272,20,560
273,20,223
274,20,398
275,20,184
276,20,370
277,20,581
278,20,339
279,20,797
280,20,951
281,20,231
282,20,183
283,20,837
284,20,484
285,20,458
286,20,976
287,20,663
288,20,842
289,20,854
290,20,721
291,20,202
292,20,628
293,20,144
294,20,440
295,20,659
296,20,436
297,20,535
298,20,146
299,20,47
300,20,266
301,20,368
302,20,41
303,20,788
304,20,285
305,20,650
306,20,749
307,20,322
308,20,307
309,20,388
310,20,692
311,20,302
312,20,442
313,20,402
314,20,327
315,20,527
316,20,119
317,20,463
318,20,665
319,20,820
320,20,376
321,20,538
322,20,491
323,20,496
324,20,8
325,20,137
326,20,333
327,20,722
328,20,334
329,20,400
330,20,393
331,20,477
332,20,1014
333,20,483
334,20,791
335,20,658
336,20,230
337,20,367
338,20,131
339,20,699
340,20,893
341,20,621
342,20,273
343,20,580
344,20,315
345,20,1005
346,20,571
347,20,695
348,20,739
349,20,944
350,20,210
351,20,441
352,20,887
353,20,590
354,20,377
355,20,362
356,20,669
357,20,667
358,20,390
359,20,594
360,20,420
361,20,464
362,20,946
363,20,662
364,20,474
365,20,886
366,20,494
367,20,429
368,20,747
369,20,515
370,20,199
371,20,922
372,20,294
373,20,656
374,20,45
375,20,826
376,20,750
377,20,438
378,20,849
379,20,320
380,20,592
381,20,583
382,20,840
383,20,332
384,20,485
385,20,272
386,20,568
387,20,660
388,20,892
389,20,421
390,20,343
391,20,881
392,20,549
393,20,783
394,20,602
395,20,378
396,20,235
397,20,686
398,20,431
399,20,299
0,21,641
1,21,405
2,21,497
3,21,433
4,21,625
5,21,954
6,21,1005
7,21,623
8,21,311
9,21,528
10,21,554
11,21,498
12,21,790
13,21,818
14,21,583
15,21,616
16,21,785
17,21,786
18,21,462
19,21,524
20,21,686
21,21,193
22,21,339
23,21,49
24,21,649
25,21,694
26,21,348
27,21,444
28,21,869
29,21,46
30,21,522
31,21,263
32,21,1014
33,21,316
34,21,901
35,21,499
36,21,460
37,21,668
38,21,637
39,21,334
40,21,914
41,21,754
42,21,698
43,21,212
44,21,428
45,21,723
46,21,630
47,21,407
48,21,656
49,21,767
50,21,272
51,21,396
52,21,590
53,21,327
54,21,932
55,21,982
56,21,557
57,21,233
58,21,243
59,21,783
60,21,562
61,21,380
62,21,739
63,21,847
64,21,775
65,21,651
66,21,402
67,21,875
68,21,429
69,21,747
70,21,373
71,21,362
72,21,648
73,21,531
74,21,202
75,21,442
76,21,584
77,21,204
78,21,938
79,21,691
80,21,574
81,21,517
82,21,368
83,21,454
84,21,505
85,21,753
86,21,733
87,21,273
88,21,844
89,21,680
90,21,619
91,21,621
92,21,470
93,21,220
94,21,721
95,21,850
96,21,278
97,21,851
98,21,563
99,21,617
100,21,909
101,21,707
102,21,724
103,21,370
104,21,755
105,21,614
106,21,134
107,21,266
108,21,490
109,21,596
110,21,472
111,21,486
112,21,504
113,21,821
114,21,466
115,21,450
116,21,177
117,21,211
118,21,291
119,21,567
120,21,868
121,21,493
122,21,244
123,21,784
124,21,172
125,21,468
126,21,174
127,21,197
128,21,913
129,21,184
130,21,338
131,21,985
132,21,50
133,21,551
134,21,620
135,21,237
136,21,689
137,21,749
138,21,41
139,21,527
140,21,81
141,21,757
142,21,607
143,21,114
144,21,173
145,21,725
146,21,812
147,21,245
148,21,121
149,21,108
150,21,827
151,21,518
152,21,533
153,21,606
154,21,305
155,21,342
156,21,515
157,21,952
158,21,885
159,21,693
160,21,238
161,21,473
162,21,469
163,21,259
164,21,465
165,21,103
166,21,309
167,21,807
168,21,652
169,21,655
170,21,461
171,21,377
172,21,371
173,21,166
174,21,803
175,21,565
176,21,136
177,21,682
178,21,877
179,21,209
180,21,912
181,21,921
182,21,687
183,21,445
184,21,328
185,21,404
186,21,758
187,21,20
188,21,385
189,21,743
190,21,336
191,21,467
192,21,432
193,21,836
194,21,579
195,21,970
196,21,294
197,21,1009
198,21,681
199,21,435
200,21,538
201,21,659
202,21,856
203,21,650
204,21,367
205,21,207
206,21,393
207,21,135
208,21,564
209,21,628
210,21,217
211,21,667
212,21,609
213,21,137
214,21,277
215,21,42
216,21,916
217,21,772
218,21,566
219,21,640
220,21,941
221,21,426
222,21,218
223,21,333
224,21,560
225,21,292
226,21,597
227,21,1020
228,21,390
229,21,550
230,21,284
231,21,27
232,21,322
233,21,310
234,21,824
235,21,219
236,21,501
237,21,80
238,21,610
239,21,308
240,21,341
241,21,556
242,21,629
243,21,823
244,21,532
245,21,643
246,21,492
247,21,594
248,21,298
249,21,318
250,21,331
251,21,981
252,21,276
253,21,47
254,21,44
255,21,227
256,21,112
257,21,889
258,21,5
259,21,969
260,21,225
261,21,658
262,21,635
263,21,376
264,21,820
265,21,525
266,21,127
267,21,555
268,21,205
269,21,434
270,21,326
271,21,626
272,21,561
273,21,223
274,21,398
275,21,216
276,21,369
277,21,580
278,21,340
279,21,797
280,21,951
281,21,231
282,21,215
283,21,837
284,21,516
285,21,458
286,21,1008
287,21,664
288,21,842
289,21,822
290,21,722
291,21,203
292,21,627
293,21,176
294,21,441
295,21,660
296,21,436
297,21,535
298,21,145
299,21,48
300,21,265
301,21,400
302,21,40
303,21,787
304,21,317
305,21,618
306,21,781
307,21,354
308,21,307
309,21,420
310,21,692
311,21,301
312,21,443
313,21,403
314,21,295
315,21,559
316,21,119
317,21,463
318,21,666
319,21,852
320,21,408
321,21,539
322,21,523
323,21,496
324,21,8
325,21,138
326,21,332
327,21,690
328,21,302
329,21,401
330,21,361
331,21,477
332,21,1013
333,21,484
334,21,792
335,21,657
336,21,229
337,21,335
338,21,132
339,21,700
340,21,925
341,21,622
342,21,274
343,21,548
344,21,283
345,21,973
346,21,603
347,21,663
348,21,738
349,21,976
350,21,242
351,21,409
352,21,855
353,21,589
354,21,378
355,21,394
356,21,701
357,21,699
358,21,358
359,21,595
360,21,421
361,21,464
362,21,947
363,21,662
364,21,506
365,21,887
366,21,526
367,21,430
368,21,715
369,21,483
370,21,167
371,21,922
372,21,293
373,21,624
374,21,45
375,21,826
376,21,750
377,21,437
378,21,849
379,21,321
380,21,592
381,21,615
382,21,839
383,21,364
384,21,485
385,21,304
386,21,568
387,21,661
388,21,892
389,21,453
390,21,343
391,21,882
392,21,581
393,21,751
394,21,601
395,21,379
396,21,235
397,21,654
398,21,399
399,21,267
0,22,640
1,22,406
2,22,465
3,22,432
4,22,626
5,22,954
6,22,1006
7,22,624
8,22,311
9,22,527
10,22,554
11,22,497
12,22,791
13,22,817
14,22,615
15,22,617
16,22,785
17,22,818
18,22,430
19,22,492
20,22,685
21,22,161
22,22,339
23,22,48
24,22,681
25,22,694
26,22,316
27,22,445
28,22,870
29,22,78
30,22,523
31,22,295
32,22,982
33,22,284
34,22,869
35,22,498
36,22,459
37,22,700
38,22,669
39,22,302
40,22,913
41,22,754
42,22,697
43,22,212
44,22,460
45,22,722
46,22,662
47,22,375
48,22,656
49,22,767
50,22,304
51,22,428
52,22,622
53,22,327
54,22,933
55,22,981
56,22,558
57,22,265
58,22,211
59,22,782
60,22,561
61,22,412
62,22,771
63,22,847
64,22,775
65,22,650
66,22,434
67,22,875
68,22,429
69,22,748
70,22,405
71,22,363
72,22,648
73,22,532
74,22,201
75,22,474
76,22,616
77,22,203
78,22,906
79,22,691
80,22,575
81,22,516
82,22,367
83,22,422
84,22,473
85,22,753
86,22,734
87,22,274
88,22,876
89,22,680
90,22,651
91,22,589
92,22,502
93,22,220
94,22,721
95,22,851
96,22,279
97,22,883
98,22,531
99,22,618
100,22,910
101,22,739
102,22,723
103,22,369
104,22,755
105,22,614
106,22,135
107,22,267
108,22,458
109,22,595
110,22,440
111,22,486
112,22,504
113,22,820
114,22,467
115,22,450
116,22,178
117,22,210
118,22,259
119,22,568
120,22,900
121,22,461
122,22,276
123,22,784
124,22,172
125,22,468
126,22,173
127,22,229
128,22,881
129,22,183
130,22,338
131,22,985
132,22,50
133,22,519
134,22,619
135,22,205
136,22,688
137,22,781
138,22,40
139,22,526
140,22,49
141,22,757
142,22,607
143,22,114
144,22,141
145,22,725
146,22,812
147,22,244
148,22,153
149,22,107
150,22,859
151,22,550
152,22,534
153,22,574
154,22,273
155,22,374
156,22,483
157,22,952
158,22,886
159,22,692
160,22,206
161,22,472
162,22,437
163,22,227
164,22,433
165,22,102
166,22,309
167,22,806
168,22,684
169,22,655
170,22,462
171,22,378
172,22,370
173,22,165
174,22,802
175,22,597
176,22,104
177,22,683
178,22,878
179,22,177
180,22,944
181,22,953
182,22,686
183,22,477
184,22,328
185,22,404
186,22,790
187,22,20
188,22,385
189,22,743
190,22,336
191,22,499
192,22,400
193,22,868
194,22,580
195,22,938
196,22,293
197,22,1010
198,22,682
199,22,403
200,22,506
201,22,660
202,22,855
203,22,649
204,22,335
205,22,208
206,22,392
207,22,167
208,22,565
209,22,627
210,22,218
211,22,668
212,22,641
213,22,136
214,22,245
215,22,41
216,22,916
217,22,772
218,22,566
219,22,672
220,22,942
221,22,394
222,22,186
223,22,334
224,22,528
225,22,291
226,22,629
227,22,1020
228,22,358
229,22,551
230,22,283
231,22,27
232,22,323
233,22,278
234,22,825
235,22,219
236,22,469
237,22,81
238,22,642
239,22,307
240,22,340
241,22,524
242,22,630
243,22,824
244,22,564
245,22,675
246,22,491
247,22,562
248,22,266
249,22,318
250,22,332
251,22,980
252,22,277
253,22,15
254,22,45
255,22,226
256,22,113
257,22,921
258,22,5
259,22,968
260,22,193
261,22,657
262,22,667
263,22,408
264,22,788
265,22,493
266,22,127
267,22,556
268,22,204
269,22,466
270,22,325
271,22,594
272,22,529
273,22,223
274,22,366
275,22,215
276,22,368
277,22,548
278,22,308
279,22,797
280,22,951
281,22,263
282,22,214
283,22,837
284,22,515
285,22,426
286,22,1007
287,22,665
288,22,842
289,22,821
290,22,690
291,22,202
292,22,659
293,22,175
294,22,442
295,22,628
296,22,435
297,22,535
298,22,145
299,22,47
300,22,297
301,22,399
302,22,8
303,22,787
304,22,349
305,22,586
306,22,813
307,22,386
308,22,306
309,22,420
310,22,724
311,22,269
312,22,443
313,22,371
314,22,294
315,22,559
316,22,119
317,22,463
318,22,666
319,22,852
320,22,409
321,22,538
322,22,555
323,22,496
324,22,9
325,22,137
326,22,333
327,22,658
328,22,301
329,22,402
330,22,329
331,22,478
332,22,1014
333,22,485
334,22,792
335,22,625
336,22,228
337,22,303
338,22,100
339,22,701
340,22,957
341,22,654
342,22,242
343,22,547
344,22,251
345,22,1005
346,22,635
347,22,664
348,22,737
349,22,976
350,22,243
351,22,377
352,22,887
353,22,588
354,22,410
355,22,393
356,22,733
357,22,731
358,22,326
359,22,563
360,22,421
361,22,464
362,22,979
363,22,661
364,22,505
365,22,888
366,22,525
367,22,398
368,22,714
369,22,451
370,22,166
371,22,922
372,22,261
373,22,592
374,22,46
375,22,826
376,22,751
377,22,436
378,22,849
379,22,353
380,22,560
381,22,647
382,22,838
383,22,396
384,22,517
385,22,305
386,22,536
387,22,693
388,22,892
389,22,453
390,22,343
391,22,914
392,22,613
393,22,783
394,22,633
395,22,380
396,22,234
397,22,653
398,22,431
399,22,235
0,23,641
1,23,407
2,23,466
3,23,432
4,23,594
5,23,954
6,23,1005
7,23,625
8,23,311
9,23,527
10,23,555
11,23,496
12,23,792
13,23,785
14,23,616
15,23,618
16,23,784
17,23,818
18,23,429
19,23,493
20,23,653
21,23,129
22,23,339
23,23,16
24,23,713
25,23,693
26,23,284
27,23,413
28,23,902
29,23,110
30,23,523
31,23,295
32,23,981
33,23,252
34,23,837
35,23,499
36,23,491
37,23,701
38,23,668
39,23,334
40,23,912
41,23,786
42,23,698
43,23,211
44,23,459
45,23,754
46,23,694
47,23,343
48,23,624
49,23,767
50,23,272
51,23,460
52,23,654
53,23,327
54,23,933
55,23,980
56,23,590
57,23,266
58,23,243
59,23,750
60,23,560
61,23,412
62,23,803
63,23,847
64,23,775
65,23,651
66,23,433
67,23,876
68,23,428
69,23,749
70,23,404
71,23,363
72,23,649
73,23,564
74,23,202
75,23,473
76,23,617
77,23,235
78,23,905
79,23,691
80,23,607
81,23,548
82,23,335
83,23,421
84,23,505
85,23,721
86,23,766
87,23,242
88,23,908
89,23,680
90,23,683
91,23,557
92,23,534
93,23,220
94,23,722
95,23,883
96,23,280
97,23,884
98,23,531
99,23,650
100,23,911
101,23,738
102,23,723
103,23,401
104,23,755
105,23,615
106,23,103
107,23,299
108,23,458
109,23,595
110,23,408
111,23,454
112,23,472
113,23,819
114,23,435
115,23,450
116,23,179
117,23,178
118,23,260
119,23,569
120,23,868
121,23,462
122,23,277
123,23,783
124,23,171
125,23,469
126,23,172
127,23,261
128,23,849
129,23,151
130,23,338
131,23,985
132,23,49
133,23,518
134,23,619
135,23,173
136,23,687
137,23,813
138,23,39
139,23,494
140,23,81
141,23,758
142,23,606
143,23,114
144,23,141
145,23,757
146,23,812
147,23,245
148,23,154
149,23,106
150,23,891
151,23,550
152,23,533
153,23,542
154,23,241
155,23,406
156,23,451
157,23,952
158,23,854
159,23,692
160,23,205
161,23,440
162,23,405
163,23,195
164,23,465
165,23,70
166,23,310
167,23,807
168,23,716
169,23,623
170,23,430
171,23,377
172,23,369
173,23,164
174,23,834
175,23,629
176,23,105
177,23,684
178,23,878
179,23,176
180,23,944
181,23,921
182,23,685
183,23,509
184,23,328
185,23,403
186,23,822
187,23,20
188,23,386
189,23,743
190,23,304
191,23,467
192,23,368
193,23,869
194,23,580
195,23,938
196,23,325
197,23,1011
198,23,682
199,23,371
200,23,474
201,23,659
202,23,887
203,23,681
204,23,303
205,23,209
206,23,424
207,23,199
208,23,566
209,23,627
210,23,218
211,23,667
212,23,673
213,23,135
214,23,213
215,23,40
216,23,916
217,23,772
218,23,567
219,23,672
220,23,943
221,23,362
222,23,187
223,23,333
224,23,528
225,23,323
226,23,661
227,23,1020
228,23,357
229,23,552
230,23,251
231,23,27
232,23,324
233,23,246
234,23,857
235,23,219
236,23,470
237,23,113
238,23,674
239,23,306
240,23,308
241,23,492
242,23,631
243,23,825
244,23,596
245,23,707
246,23,490
247,23,561
248,23,267
249,23,318
250,23,332
251,23,948
252,23,278
253,23,47
254,23,46
255,23,194
256,23,145
257,23,920
258,23,5
259,23,967
260,23,161
261,23,656
262,23,699
263,23,409
264,23,788
265,23,461
266,23,127
267,23,556
268,23,204
269,23,498
270,23,326
271,23,562
272,23,497
273,23,223
274,23,367
275,23,215
276,23,336
277,23,547
278,23,309
279,23,797
280,23,951
281,23,263
282,23,214
283,23,838
284,23,483
285,23,394
286,23,1006
287,23,697
288,23,842
289,23,820
290,23,690
291,23,170
292,23,658
293,23,174
294,23,443
295,23,628
296,23,436
297,23,535
298,23,177
299,23,48
300,23,329
301,23,398
302,23,9
303,23,787
304,23,381
305,23,554
306,23,814
307,23,354
308,23,305
309,23,420
310,23,724
311,23,237
312,23,444
313,23,370
314,23,294
315,23,558
316,23,119
317,23,431
318,23,666
319,23,852
320,23,441
321,23,538
322,23,587
323,23,464
324,23,41
325,23,136
326,23,301
327,23,657
328,23,269
329,23,434
330,23,330
331,23,477
332,23,982
333,23,486
334,23,824
335,23,626
336,23,228
337,23,302
338,23,101
339,23,669
340,23,989
341,23,655
342,23,210
343,23,546
344,23,250
345,23,1004
346,23,635
347,23,665
348,23,737
349,23,976
350,23,244
351,23,345
352,23,886
353,23,588
354,23,442
355,23,392
356,23,765
357,23,732
358,23,358
359,23,563
360,23,453
361,23,463
362,23,979
363,23,660
364,23,537
365,23,889
366,23,524
367,23,366
368,23,714
369,23,419
370,23,165
371,23,922
372,23,293
373,23,592
374,23,14
375,23,826
376,23,751
377,23,468
378,23,850
379,23,385
380,23,559
381,23,647
382,23,806
383,23,396
384,23,549
385,23,273
386,23,568
387,23,725
388,23,892
389,23,485
390,23,342
391,23,946
392,23,614
393,23,815
394,23,633
395,23,348
396,23,234
397,23,621
398,23,399
399,23,236
0,24,609
1,24,375
2,24,467
3,24,464
4,24,562
5,24,954
6,24,973
7,24,626
8,24,311
9,24,527
10,24,523
11,24,528
12,24,760
13,24,786
14,24,648
15,24,650
16,24,784
17,24,850
18,24,428
19,24,461
20,24,652
21,24,97
22,24,338
23,24,15
24,24,681
25,24,694
26,24,252
27,24,414
28,24,901
29,24,110
30,24,524
31,24,327
32,24,1013
33,24,220
34,24,805
35,24,498
36,24,490
37,24,669
38,24,700
39,24,366
40,24,944
41,24,754
42,24,697
43,24,211
44,24,491
45,24,753
46,24,662
47,24,342
48,24,625
49,24,767
50,24,240
51,24,492
52,24,654
53,24,328
54,24,933
55,24,979
56,24,558
57,24,234
58,24,244
59,24,749
60,24,592
61,24,444
62,24,804
63,24,879
64,24,775
65,24,651
66,24,432
67,24,877
68,24,460
69,24,781
70,24,403
71,24,363
72,24,617
73,24,596
74,24,170
75,24,474
76,24,616
77,24,267
78,24,873
79,24,690
80,24,639
81,24,580
82,24,334
83,24,420
84,24,506
85,24,722
86,24,798
87,24,243
88,24,940
89,24,679
90,24,683
91,24,525
92,24,533
93,24,188
94,24,723
95,24,884
96,24,281
97,24,916
98,24,531
99,24,649
100,24,912
101,24,770
102,24,691
103,24,401
104,24,755
105,24,614
106,24,104
107,24,299
108,24,459
109,24,627
110,24,376
111,24,453
112,24,440
113,24,818
114,24,434
115,24,450
116,24,147
117,24,146
118,24,261
119,24,570
120,24,868
121,24,463
122,24,278
123,24,782
124,24,172
125,24,437
126,24,140
127,24,293
128,24,817
129,24,150
130,24,370
131,24,985
132,24,81
133,24,519
134,24,618
135,24,141
136,24,686
137,24,845
138,24,38
139,24,494
140,24,113
141,24,790
142,24,607
143,24,115
144,24,109
145,24,758
146,24,813
147,24,246
148,24,155
149,24,105
150,24,923
151,24,550
152,24,501
153,24,510
154,24,241
155,24,406
156,24,419
157,24,953
158,24,855
159,24,724
160,24,173
161,24,408
162,24,373
163,24,194
164,24,433
165,24,69
166,24,309
167,24,839
168,24,715
169,24,655
170,24,462
171,24,409
172,24,369
173,24,163
174,24,866
175,24,629
176,24,73
177,24,685
178,24,878
179,24,175
180,24,943
181,24,921
182,24,717
183,24,541
184,24,329
185,24,402
186,24,821
187,24,20
188,24,354
189,24,743
190,24,272
191,24,499
192,24,336
193,24,870
194,24,579
195,24,938
196,24,326
197,24,1012
198,24,682
199,24,339
200,24,442
201,24,660
202,24,886
203,24,680
204,24,304
205,24,210
206,24,423
207,24,200
208,24,567
209,24,659
210,24,217
211,24,668
212,24,705
213,24,103
214,24,212
215,24,39
216,24,915
217,24,772
218,24,568
219,24,673
220,24,942
221,24,330
222,24,187
223,24,332
224,24,560
225,24,355
226,24,693
227,24,1020
228,24,325
229,24,584
230,24,251
231,24,27
232,24,323
233,24,214
234,24,857
235,24,219
236,24,438
237,24,114
238,24,706
239,24,305
240,24,307
241,24,493
242,24,631
243,24,793
244,24,595
245,24,739
246,24,489
247,24,529
248,24,266
249,24,318
250,24,364
251,24,980
252,24,279
253,24,48
254,24,47
255,24,193
256,24,177
257,24,952
258,24,5
259,24,966
260,24,129
261,24,688
262,24,731
263,24,410
264,24,820
265,24,429
266,24,127
267,24,555
268,24,205
269,24,497
270,24,358
271,24,561
272,24,465
273,24,223
274,24,368
275,24,183
276,24,335
277,24,546
278,24,341
279,24,829
280,24,951
281,24,263
282,24,215
283,24,837
284,24,451
285,24,362
286,24,1005
287,24,696
288,24,842
289,24,819
290,24,658
291,24,171
292,24,657
293,24,142
294,24,475
295,24,628
296,24,435
297,24,535
298,24,209
299,24,49
300,24,361
301,24,430
302,24,41
303,24,787
304,24,413
305,24,522
306,24,815
307,24,322
308,24,273
309,24,388
310,24,725
311,24,269
312,24,476
313,24,371
314,24,295
315,24,557
316,24,119
317,24,399
318,24,666
319,24,852
320,24,473
321,24,537
322,24,619
323,24,496
324,24,40
325,24,135
326,24,302
327,24,689
328,24,301
329,24,466
330,24,298
331,24,445
332,24,983
333,24,518
334,24,792
335,24,594
336,24,228
337,24,303
338,24,102
339,24,670
340,24,988
341,24,656
342,24,242
343,24,545
344,24,218
345,24,1004
346,24,667
347,24,633
348,24,737
349,24,976
350,24,245
351,24,313
352,24,885
353,24,587
354,24,443
355,24,424
356,24,797
357,24,733
358,24,390
359,24,563
360,24,485
361,24,431
362,24,1011
363,24,661
364,24,569
365,24,890
366,24,556
367,24,367
368,24,713
369,24,387
370,24,164
371,24,922
372,24,294
373,24,624
374,24,46
375,24,826
376,24,751
377,24,436
378,24,849
379,24,417
380,24,559
381,24,615
382,24,806
383,24,396
384,24,581
385,24,274
386,24,536
387,24,757
388,24,892
389,24,517
390,24,310
391,24,978
392,24,646
393,24,847
394,24,632
395,24,349
396,24,202
397,24,589
398,24,400
399,24,237
0,25,610
1,25,343
2,25,468
3,25,432
4,25,563
5,25,954
6,25,974
7,25,627
8,25,312
9,25,527
10,25,555
11,25,496
12,25,728
13,25,786
14,25,649
15,25,618
16,25,784
17,25,849
18,25,460
19,25,429
20,25,684
21,25,96
22,25,339
23,25,14
24,25,680
25,25,693
26,25,220
27,25,382
28,25,901
29,25,110
30,25,525
31,25,328
32,25,1014
33,25,188
34,25,804
35,25,497
36,25,491
37,25,637
38,25,699
39,25,366
40,25,912
41,25,754
42,25,665
43,25,179
44,25,492
45,25,752
46,25,694
47,25,310
48,25,625
49,25,767
50,25,272
51,25,524
52,25,655
53,25,329
54,25,933
55,25,1011
56,25,559
57,25,233
58,25,276
59,25,748
60,25,624
61,25,444
62,25,836
63,25,847
64,25,775
65,25,650
66,25,400
67,25,878
68,25,461
69,25,749
70,25,371
71,25,362
72,25,616
73,25,595
74,25,171
75,25,506
76,25,584
77,25,299
78,25,841
79,25,722
80,25,638
81,25,581
82,25,333
83,25,388
84,25,507
85,25,723
86,25,830
87,25,244
88,25,972
89,25,711
90,25,715
91,25,493
92,25,532
93,25,156
94,25,724
95,25,883
96,25,249
97,25,915
98,25,499
99,25,617
100,25,913
101,25,770
102,25,691
103,25,402
104,25,755
105,25,614
106,25,136
107,25,298
108,25,459
109,25,659
110,25,344
111,25,485
112,25,408
113,25,850
114,25,433
115,25,482
116,25,115
117,25,145
118,25,229
119,25,571
120,25,868
121,25,431
122,25,278
123,25,781
124,25,173
125,25,436
126,25,139
127,25,292
128,25,785
129,25,149
130,25,338
131,25,985
132,25,80
133,25,551
134,25,619
135,25,109
136,25,654
137,25,877
138,25,6
139,25,526
140,25,81
141,25,822
142,25,607
143,25,114
144,25,77
145,25,790
146,25,814
147,25,245
148,25,155
149,25,104
150,25,955
151,25,550
152,25,533
153,25,509
154,25,240
155,25,405
156,25,420
157,25,953
158,25,856
159,25,692
160,25,141
161,25,376
162,25,341
163,25,162
164,25,401
165,25,68
166,25,309
167,25,838
168,25,747
169,25,656
170,25,463
171,25,409
172,25,369
173,25,131
174,25,865
175,25,597
176,25,74
177,25,686
178,25,879
179,25,174
180,25,911
181,25,921
182,25,716
183,25,573
184,25,361
185,25,403
186,25,821
187,25,20
188,25,353
189,25,743
190,25,304
191,25,498
192,25,336
193,25,902
194,25,580
195,25,938
196,25,326
197,25,1013
198,25,682
199,25,307
200,25,441
201,25,660
202,25,885
203,25,679
204,25,305
205,25,211
206,25,423
207,25,201
208,25,599
209,25,658
210,25,218
211,25,668
212,25,737
213,25,135
214,25,212
215,25,38
216,25,947
217,25,772
218,25,567
219,25,705
220,25,943
221,25,331
222,25,187
223,25,364
224,25,592
225,25,387
226,25,725
227,25,1020
228,25,293
229,25,585
230,25,251
231,25,27
232,25,291
233,25,215
234,25,857
235,25,219
236,25,406
237,25,146
238,25,738
239,25,273
240,25,306
241,25,494
242,25,632
243,25,794
244,25,594
245,25,771
246,25,521
247,25,528
248,25,234
249,25,318
250,25,363
251,25,981
252,25,279
253,25,49
254,25,48
255,25,161
256,25,209
257,25,984
258,25,5
259,25,965
260,25,97
261,25,687
262,25,763
263,25,442
264,25,820
265,25,428
266,25,127
267,25,556
268,25,205
269,25,529
270,25,390
271,25,561
272,25,466
273,25,223
274,25,367
275,25,183
276,25,334
277,25,545
278,25,342
279,25,861
280,25,952
281,25,263
282,25,216
283,25,869
284,25,450
285,25,330
286,25,1004
287,25,697
288,25,842
289,25,818
290,25,626
291,25,203
292,25,689
293,25,142
294,25,476
295,25,628
296,25,434
297,25,535
298,25,241
299,25,50
300,25,393
301,25,462
302,25,41
303,25,787
304,25,445
305,25,490
306,25,816
307,25,354
308,25,274
309,25,356
310,25,757
311,25,237
312,25,508
313,25,370
314,25,327
315,25,558
316,25,119
317,25,398
318,25,666
319,25,852
320,25,474
321,25,536
322,25,651
323,25,464
324,25,8
325,25,134
326,25,302
327,25,690
328,25,269
329,25,467
330,25,266
331,25,477
332,25,951
333,25,519
334,25,792
335,25,562
336,25,228
337,25,303
338,25,70
339,25,669
340,25,987
341,25,657
342,25,210
343,25,513
344,25,186
345,25,1003
346,25,667
347,25,601
348,25,769
349,25,976
350,25,277
351,25,281
352,25,884
353,25,586
354,25,443
355,25,424
356,25,829
357,25,765
358,25,422
359,25,531
360,25,486
361,25,430
362,25,1012
363,25,629
364,25,569
365,25,891
366,25,588
367,25,335
368,25,681
369,25,419
370,25,163
371,25,922
372,25,295
373,25,623
374,25,45
375,25,826
376,25,751
377,25,435
378,25,881
379,25,449
380,25,560
381,25,583
382,25,805
383,25,396
384,25,613
385,25,242
386,25,568
387,25,758
388,25,892
389,25,518
390,25,311
391,25,979
392,25,678
393,25,815
394,25,664
395,25,350
396,25,170
397,25,557
398,25,368
399,25,238
0,26,578
1,26,342
2,26,469
3,26,432
4,26,564
5,26,954
6,26,1006
7,26,628
8,26,280
9,26,526
10,26,555
11,26,496
12,26,696
13,26,786
14,26,649
15,26,586
16,26,784
17,26,881
18,26,492
19,26,430
20,26,684
21,26,64
22,26,371
23,26,46
24,26,681
25,26,661
26,26,220
27,26,350
28,26,901
29,26,110
30,26,525
31,26,329
32,26,982
33,26,187
34,26,772
35,26,465
36,26,459
37,26,637
38,26,731
39,26,334
40,26,911
41,26,754
42,26,697
43,26,211
44,26,491
45,26,751
46,26,693
47,26,278
48,26,626
49,26,767
50,26,240
51,26,556
52,26,656
53,26,297
54,26,933
55,26,1010
56,26,527
57,26,265
58,26,276
59,26,716
60,26,623
61,26,476
62,26,837
63,26,879
64,26,775
65,26,618
66,26,399
67,26,877
68,26,429
69,26,749
70,26,370
71,26,363
72,26,648
73,26,627
74,26,172
75,26,505
76,26,616
77,26,298
78,26,809
79,26,721
80,26,670
81,26,613
82,26,332
83,26,356
84,26,506
85,26,691
86,26,862
87,26,245
88,26,971
89,26,712
90,26,747
91,26,461
92,26,531
93,26,188
94,26,723
95,26,915
96,26,250
97,26,914
98,26,498
99,26,617
100,26,945
101,26,802
102,26,692
103,26,403
104,26,755
105,26,615
106,26,137
107,26,266
108,26,460
109,26,658
110,26,312
111,26,484
112,26,376
113,26,851
114,26,401
115,26,482
116,26,116
117,26,113
118,26,197
119,26,603
120,26,868
121,26,431
122,26,279
123,26,780
124,26,141
125,26,435
126,26,138
127,26,324
128,26,753
129,26,148
130,26,338
131,26,985
132,26,48
133,26,550
134,26,619
135,26,77
136,26,653
137,26,909
138,26,5
139,26,558
140,26,81
141,26,790
142,26,607
143,26,114
144,26,78
145,26,758
146,26,815
147,26,277
148,26,156
149,26,103
150,26,955
151,26,549
152,26,534
153,26,509
154,26,239
155,26,406
156,26,388
157,26,953
158,26,857
159,26,660
160,26,109
161,26,375
162,26,341
163,26,130
164,26,400
165,26,36
166,26,308
167,26,838
168,26,746
169,26,624
170,26,463
171,26,377
172,26,369
173,26,132
174,26,865
175,26,565
176,26,75
177,26,687
178,26,878
179,26,173
180,26,943
181,26,921
182,26,715
183,26,605
184,26,361
185,26,404
186,26,822
187,26,20
188,26,321
189,26,743
190,26,336
191,26,497
192,26,335
193,26,934
194,26,580
195,26,938
196,26,358
197,26,1014
198,26,650
199,26,307
200,26,409
201,26,659
202,26,884
203,26,711
204,26,304
205,26,212
206,26,422
207,26,201
208,26,567
209,26,690
210,26,218
211,26,668
212,26,769
213,26,135
214,26,244
215,26,37
216,26,948
217,26,771
218,26,566
219,26,737
220,26,944
221,26,299
222,26,155
223,26,364
224,26,592
225,26,419
226,26,724
227,26,1020
228,26,261
229,26,584
230,26,251
231,26,27
232,26,259
233,26,216
234,26,858
235,26,219
236,26,407
237,26,147
238,26,770
239,26,272
240,26,305
241,26,493
242,26,600
243,26,794
244,26,562
245,26,803
246,26,553
247,26,528
248,26,235
249,26,286
250,26,331
251,26,981
252,26,311
253,26,50
254,26,49
255,26,160
256,26,241
257,26,983
258,26,4
259,26,965
260,26,65
261,26,655
262,26,763
263,26,443
264,26,821
265,26,428
266,26,127
267,26,588
268,26,204
269,26,529
270,26,390
271,26,560
272,26,467
273,26,223
274,26,366
275,26,215
276,26,333
277,26,545
278,26,374
279,26,893
280,26,920
281,26,264
282,26,217
283,26,869
284,26,450
285,26,330
286,26,1003
287,26,698
288,26,842
289,26,817
290,26,594
291,26,202
292,26,688
293,26,142
294,26,508
295,26,629
296,26,433
297,26,535
298,26,242
299,26,51
300,26,392
301,26,494
302,26,41
303,26,787
304,26,477
305,26,458
306,26,816
307,26,386
308,26,306
309,26,357
310,26,725
311,26,205
312,26,507
313,26,402
314,26,326
315,26,590
316,26,119
317,26,398
318,26,667
319,26,820
320,26,475
321,26,568
322,26,683
323,26,464
324,26,8
325,26,133
326,26,301
327,26,722
328,26,237
329,26,499
330,26,234
331,26,478
332,26,952
333,26,520
334,26,792
335,26,561
336,26,228
337,26,302
338,26,70
339,26,701
340,26,986
341,26,657
342,26,209
343,26,513
344,26,154
345,26,1002
346,26,699
347,26,602
348,26,801
349,26,976
350,26,309
351,26,249
352,26,883
353,26,585
354,26,444
355,26,423
356,26,861
357,26,766
358,26,454
359,26,563
360,26,485
361,26,462
362,26,1012
363,26,597
364,26,601
365,26,892
366,26,587
367,26,303
368,26,682
369,26,418
370,26,162
371,26,922
372,26,263
373,26,622
374,26,45
375,26,826
376,26,750
377,26,434
378,26,880
379,26,481
380,26,559
381,26,551
382,26,804
383,26,396
384,26,614
385,26,274
386,26,569
387,26,757
388,26,924
389,26,519
390,26,343
391,26,980
392,26,710
393,26,847
394,26,665
395,26,318
396,26,171
397,26,557
398,26,368
399,26,238
0,27,579
1,27,310
2,27,437
3,27,431
4,27,565
5,27,954
6,27,1006
7,27,629
8,27,279
9,27,527
10,27,555
11,27,464
12,27,664
13,27,786
14,27,650
15,27,618
16,27,784
17,27,913
18,27,491
19,27,398
20,27,683
21,27,32
22,27,371
23,27,45
24,27,713
25,27,661
26,27,188
27,27,351
28,27,901
29,27,142
30,27,493
31,27,361
32,27,1014
33,27,186
34,27,740
35,27,497
36,27,458
37,27,669
38,27,730
39,27,334
40,27,943
41,27,722
42,27,665
43,27,210
44,27,459
45,27,783
46,27,693
47,27,246
48,27,658
49,27,767
50,27,272
51,27,588
52,27,624
53,27,329
54,27,933
55,27,1009
56,27,528
57,27,265
58,27,308
59,27,684
60,27,655
61,27,477
62,27,838
63,27,880
64,27,807
65,27,617
66,27,367
67,27,877
68,27,430
69,27,749
70,27,402
71,27,363
72,27,649
73,27,627
74,27,173
75,27,505
76,27,615
77,27,297
78,27,777
79,27,720
80,27,670
81,27,645
82,27,331
83,27,324
84,27,474
85,27,692
86,27,894
87,27,245
88,27,970
89,27,680
90,27,779
91,27,460
92,27,563
93,27,187
94,27,755
95,27,883
96,27,251
97,27,915
98,27,499
99,27,616
100,27,977
101,27,803
102,27,660
103,27,435
104,27,787
105,27,614
106,27,136
107,27,266
108,27,428
109,27,657
110,27,280
111,27,483
112,27,344
113,27,852
114,27,433
115,27,482
116,27,117
117,27,112
118,27,165
119,27,604
120,27,868
121,27,463
122,27,311
123,27,748
124,27,109
125,27,434
126,27,137
127,27,323
128,27,754
129,27,147
130,27,370
131,27,1017
132,27,16
133,27,518
134,27,619
135,27,78
136,27,621
137,27,941
138,27,4
139,27,557
140,27,49
141,27,791
142,27,607
143,27,114
144,27,110
145,27,790
146,27,847
147,27,276
148,27,157
149,27,102
150,27,955
151,27,549
152,27,534
153,27,509
154,27,238
155,27,438
156,27,356
157,27,921
158,27,858
159,27,628
160,27,108
161,27,376
162,27,341
163,27,98
164,27,400
165,27,35
166,27,340
167,27,806
168,27,778
169,27,623
170,27,462
171,27,409
172,27,369
173,27,164
174,27,865
175,27,597
176,27,76
177,27,688
178,27,878
179,27,205
180,27,942
181,27,922
182,27,714
183,27,637
184,27,393
185,27,405
186,27,854
187,27,20
188,27,320
189,27,775
190,27,336
191,27,496
192,27,335
193,27,935
194,27,580
195,27,938
196,27,390
197,27,1013
198,27,651
199,27,339
200,27,410
201,27,659
202,27,916
203,27,743
204,27,303
205,27,213
206,27,454
207,27,201
208,27,567
209,27,691
210,27,218
211,27,700
212,27,768
213,27,135
214,27,212
215,27,5
216,27,948
217,27,771
218,27,566
219,27,769
220,27,945
221,27,267
222,27,156
223,27,364
224,27,592
225,27,418
226,27,723
227,27,1020
228,27,229
229,27,584
230,27,283
231,27,27
232,27,227
233,27,184
234,27,826
235,27,219
236,27,375
237,27,115
238,27,802
239,27,304
240,27,305
241,27,494
242,27,568
243,27,794
244,27,594
245,27,804
246,27,553
247,27,560
248,27,235
249,27,285
250,27,330
251,27,982
252,27,343
253,27,51
254,27,48
255,27,160
256,27,273
257,27,983
258,27,36
259,27,965
260,27,66
261,27,654
262,27,763
263,27,475
264,27,822
265,27,429
266,27,127
267,27,587
268,27,172
269,27,529
270,27,422
271,27,559
272,27,468
273,27,223
274,27,366
275,27,214
276,27,332
277,27,545
278,27,406
279,27,892
280,27,919
281,27,263
282,27,216
283,27,869
284,27,450
285,27,298
286,27,1002
287,27,697
288,27,842
289,27,816
290,27,595
291,27,203
292,27,656
293,27,141
294,27,540
295,27,630
296,27,432
297,27,535
298,27,241
299,27,19
300,27,424
301,27,526
302,27,41
303,27,788
304,27,478
305,27,426
306,27,815
307,27,385
308,27,307
309,27,357
310,27,725
311,27,237
312,27,506
313,27,401
314,27,358
315,27,590
316,27,119
317,27,399
318,27,668
319,27,821
320,27,476
321,27,536
322,27,715
323,27,465
324,27,8
325,27,133
326,27,333
327,27,690
328,27,236
329,27,531
330,27,202
331,27,510
332,27,953
333,27,521
334,27,792
335,27,561
336,27,228
337,27,301
338,27,70
339,27,701
340,27,985
341,27,625
342,27,208
343,27,514
344,27,153
345,27,1001
346,27,731
347,27,603
348,27,801
349,27,976
350,27,309
351,27,217
352,27,882
353,27,585
354,27,443
355,27,423
356,27,893
357,27,798
358,27,486
359,27,562
360,27,453
361,27,461
362,27,1012
363,27,596
364,27,633
365,27,891
366,27,586
367,27,302
368,27,681
369,27,386
370,27,162
371,27,923
372,27,231
373,27,622
374,27,77
375,27,827
376,27,751
377,27,466
378,27,881
379,27,513
380,27,558
381,27,550
382,27,772
383,27,396
384,27,646
385,27,306
386,27,569
387,27,758
388,27,924
389,27,551
390,27,342
391,27,981
392,27,742
393,27,879
394,27,666
395,27,286
396,27,139
397,27,556
398,27,368
399,27,206
0,28,547
1,28,278
2,28,405
3,28,463
4,28,533
5,28,955
6,28,1006
7,28,630
8,28,279
9,28,528
10,28,556
11,28,432
12,28,632
13,28,786
14,28,651
15,28,650
16,28,784
17,28,945
18,28,523
19,28,366
20,28,682
21,28,0
22,28,370
23,28,44
24,28,713
25,28,661
26,28,187
27,28,319
28,28,901
29,28,141
30,28,494
31,28,393
32,28,1013
33,28,186
34,28,708
35,28,529
36,28,458
37,28,668
38,28,762
39,28,333
40,28,942
41,28,690
42,28,666
43,28,209
44,28,459
45,28,782
46,28,692
47,28,214
48,28,659
49,28,767
50,28,304
51,28,589
52,28,656
53,28,328
54,28,933
55,28,1008
56,28,560
57,28,266
58,28,309
59,28,684
60,28,654
61,28,478
62,28,839
63,28,879
64,28,807
65,28,618
66,28,399
67,28,845
68,28,430
69,28,749
70,28,434
71,28,331
72,28,648
73,28,627
74,28,174
75,28,506
76,28,615
77,28,297
78,28,745
79,28,752
80,28,670
81,28,677
82,28,330
83,28,292
84,28,442
85,28,660
86,28,926
87,28,246
88,28,969
89,28,681
90,28,811
91,28,428
92,28,595
93,28,219
94,28,787
95,28,884
96,28,252
97,28,883
98,28,467
99,28,617
100,28,978
101,28,802
102,28,628
103,28,435
104,28,788
105,28,614
106,28,168
107,28,267
108,28,396
109,28,657
110,28,280
111,28,483
112,28,312
113,28,852
114,28,465
115,28,450
116,28,118
117,28,80
118,28,133
119,28,605
120,28,868
121,28,462
122,28,311
123,28,748
124,28,110
125,28,433
126,28,136
127,28,355
128,28,722
129,28,146
130,28,402
131,28,1017
132,28,16
133,28,486
134,28,619
135,28,46
136,28,620
137,28,973
138,28,3
139,28,558
140,28,50
141,28,792
142,28,607
143,28,114
144,28,142
145,28,791
146,28,848
147,28,244
148,28,189
149,28,101
150,28,956
151,28,550
152,28,534
153,28,508
154,28,206
155,28,470
156,28,324
157,28,920
158,28,859
159,28,629
160,28,107
161,28,408
162,28,341
163,28,98
164,28,401
165,28,35
166,28,340
167,28,838
168,28,810
169,28,623
170,28,461
171,28,441
172,28,368
173,28,165
174,28,865
175,28,597
176,28,77
177,28,689
178,28,877
179,28,204
180,28,974
181,28,921
182,28,746
183,28,669
184,28,392
185,28,404
186,28,854
187,28,52
188,28,288
189,28,776
190,28,336
191,28,496
192,28,334
193,28,967
194,28,580
195,28,938
196,28,390
197,28,981
198,28,652
199,28,307
200,28,410
201,28,691
202,28,948
203,28,775
204,28,335
205,28,213
206,28,453
207,28,201
208,28,567
209,28,723
210,28,218
211,28,699
212,28,800
213,28,135
214,28,211
215,28,4
216,28,949
217,28,739
218,28,566
219,28,768
220,28,946
221,28,235
222,28,156
223,28,363
224,28,624
225,28,417
226,28,755
227,28,1020
228,28,230
229,28,616
230,28,283
231,28,27
232,28,195
233,28,184
234,28,858
235,28,251
236,28,343
237,28,116
238,28,834
239,28,303
240,28,273
241,28,526
242,28,569
243,28,794
244,28,594
245,28,805
246,28,553
247,28,592
248,28,203
249,28,317
250,28,362
251,28,983
252,28,342
253,28,51
254,28,49
255,28,160
256,28,274
257,28,984
258,28,37
259,28,965
260,28,34
261,28,653
262,28,795
263,28,476
264,28,823
265,28,429
266,28,127
267,28,555
268,28,173
269,28,561
270,28,454
271,28,527
272,28,436
273,28,223
274,28,367
275,28,215
276,28,332
277,28,545
278,28,438
279,28,893
280,28,951
281,28,295
282,28,216
283,28,869
284,28,418
285,28,299
286,28,1001
287,28,697
288,28,842
289,28,815
290,28,596
291,28,202
292,28,655
293,28,140
294,28,541
295,28,598
296,28,431
297,28,535
298,28,241
299,28,20
300,28,423
301,28,525
302,28,41
303,28,820
304,28,510
305,28,394
306,28,814
307,28,386
308,28,308
309,28,356
310,28,725
311,28,237
312,28,474
313,28,369
314,28,358
315,28,622
316,28,119
317,28,398
318,28,667
319,28,822
320,28,477
321,28,568
322,28,747
323,28,497
324,28,8
325,28,132
326,28,301
327,28,658
328,28,236
329,28,532
330,28,170
331,28,509
332,28,954
333,28,522
334,28,760
335,28,562
336,28,228
337,28,269
338,28,70
339,28,701
340,28,985
341,28,626
342,28,240
343,28,482
344,28,121
345,28,1000
346,28,763
347,28,604
348,28,769
349,28,976
350,28,310
351,28,185
352,28,881
353,28,584
354,28,443
355,28,422
356,28,925
357,28,799
358,28,485
359,28,563
360,28,421
361,28,460
362,28,1012
363,28,564
364,28,665
365,28,892
366,28,585
367,28,302
368,28,649
369,28,354
370,28,162
371,28,922
372,28,199
373,28,621
374,28,45
375,28,826
376,28,751
377,28,498
378,28,849
379,28,514
380,28,559
381,28,518
382,28,771
383,28,364
384,28,647
385,28,305
386,28,601
387,28,790
388,28,924
389,28,583
390,28,374
391,28,982
392,28,743
393,28,878
394,28,698
395,28,286
396,28,139
397,28,524
398,28,400
399,28,207
0,29,548
1,29,246
2,29,406
3,29,431
4,29,534
5,29,956
6,29,1006
7,29,631
8,29,278
9,29,527
10,29,557
11,29,400
12,29,600
13,29,818
14,29,652
15,29,650
16,29,785
17,29,977
18,29,522
19,29,367
20,29,714
21,29,0
22,29,369
23,29,43
24,29,712
25,29,629
26,29,155
27,29,287
28,29,901
29,29,140
30,29,462
31,29,394
32,29,1013
33,29,185
34,29,707
35,29,529
36,29,457
37,29,668
38,29,794
39,29,301
40,29,974
41,29,658
42,29,665
43,29,209
44,29,458
45,29,814
46,29,691
47,29,213
48,29,660
49,29,767
50,29,304
51,29,621
52,29,688
53,29,327
54,29,933
55,29,1007
56,29,592
57,29,265
58,29,309
59,29,684
60,29,686
61,29,479
62,29,840
63,29,879
64,29,808
65,29,586
66,29,398
67,29,845
68,29,429
69,29,749
70,29,433
71,29,363
72,29,649
73,29,626
74,29,175
75,29,506
76,29,616
77,29,297
78,29,713
79,29,784
80,29,669
81,29,678
82,29,329
83,29,260
84,29,410
85,29,661
86,29,958
87,29,214
88,29,968
89,29,682
90,29,811
91,29,428
92,29,594
93,29,220
94,29,786
95,29,885
96,29,252
97,29,883
98,29,499
99,29,618
100,29,979
101,29,802
102,29,627
103,29,467
104,29,788
105,29,614
106,29,136
107,29,266
108,29,396
109,29,657
110,29,279
111,29,482
112,29,280
113,29,820
114,29,466
115,29,451
116,29,119
117,29,48
118,29,101
119,29,606
120,29,868
121,29,463
122,29,312
123,29,748
124,29,142
125,29,432
126,29,104
127,29,387
128,29,690
129,29,145
130,29,434
131,29,1017
132,29,16
133,29,518
134,29,651
135,29,47
136,29,619
137,29,1005
138,29,35
139,29,526
140,29,51
141,29,760
142,29,607
143,29,114
144,29,141
145,29,792
146,29,849
147,29,243
148,29,190
149,29,100
150,29,988
151,29,550
152,29,566
153,29,509
154,29,174
155,29,502
156,29,292
157,29,952
158,29,827
159,29,628
160,29,106
161,29,440
162,29,341
163,29,98
164,29,402
165,29,67
166,29,339
167,29,838
168,29,842
169,29,655
170,29,460
171,29,473
172,29,336
173,29,165
174,29,865
175,29,597
176,29,78
177,29,689
178,29,909
179,29,203
180,29,973
181,29,921
182,29,745
183,29,701
184,29,393
185,29,405
186,29,822
187,29,20
188,29,256
189,29,775
190,29,335
191,29,528
192,29,333
193,29,967
194,29,580
195,29,938
196,29,390
197,29,982
198,29,620
199,29,308
200,29,378
201,29,723
202,29,980
203,29,807
204,29,303
205,29,212
206,29,485
207,29,201
208,29,567
209,29,722
210,29,218
211,29,667
212,29,832
213,29,135
214,29,179
215,29,3
216,29,948
217,29,740
218,29,565
219,29,800
220,29,947
221,29,234
222,29,156
223,29,364
224,29,656
225,29,418
226,29,787
227,29,1020
228,29,231
229,29,648
230,29,251
231,29,27
232,29,163
233,29,184
234,29,857
235,29,219
236,29,311
237,29,117
238,29,866
239,29,302
240,29,241
241,29,494
242,29,570
243,29,795
244,29,562
245,29,806
246,29,585
247,29,624
248,29,235
249,29,318
250,29,330
251,29,951
252,29,374
253,29,52
254,29,81
255,29,160
256,29,306
257,29,984
258,29,5
259,29,965
260,29,34
261,29,685
262,29,763
263,29,508
264,29,824
265,29,461
266,29,127
267,29,556
268,29,173
269,29,560
270,29,453
271,29,559
272,29,404
273,29,223
274,29,399
275,29,215
276,29,331
277,29,545
278,29,470
279,29,861
280,29,919
281,29,294
282,29,216
283,29,869
284,29,386
285,29,267
286,29,969
287,29,698
288,29,843
289,29,847
290,29,595
291,29,202
292,29,687
293,29,172
294,29,541
295,29,630
296,29,430
297,29,535
298,29,242
299,29,21
300,29,422
301,29,524
302,29,41
303,29,819
304,29,511
305,29,362
306,29,815
307,29,354
308,29,340
309,29,388
310,29,725
311,29,205
312,29,442
313,29,368
314,29,358
315,29,654
316,29,120
317,29,366
318,29,666
319,29,790
320,29,478
321,29,568
322,29,779
323,29,496
324,29,8
325,29,133
326,29,269
327,29,659
328,29,204
329,29,533
330,29,138
331,29,477
332,29,955
333,29,554
334,29,728
335,29,561
336,29,228
337,29,237
338,29,70
339,29,700
340,29,985
341,29,625
342,29,272
343,29,450
344,29,89
345,29,1001
346,29,762
347,29,605
348,29,737
349,29,976
350,29,310
351,29,153
352,29,913
353,29,583
354,29,443
355,29,454
356,29,926
357,29,799
358,29,486
359,29,531
360,29,421
361,29,459
362,29,1012
363,29,532
364,29,697
365,29,893
366,29,617
367,29,334
368,29,681
369,29,322
370,29,162
371,29,922
372,29,167
373,29,653
374,29,45
375,29,826
376,29,751
377,29,497
378,29,850
379,29,546
380,29,558
381,29,517
382,29,770
383,29,332
384,29,647
385,29,305
386,29,569
387,29,791
388,29,892
389,29,615
390,29,375
391,29,983
392,29,744
393,29,877
394,29,730
395,29,286
396,29,107
397,29,523
398,29,401
399,29,208
0,30,516
1,30,214
2,30,374
3,30,430
4,30,535
5,30,988
6,30,1007
7,30,632
8,30,310
9,30,559
10,30,525
11,30,399
12,30,601
13,30,786
14,30,653
15,30,650
16,30,784
17,30,1009
18,30,521
19,30,367
20,30,713
21,30,0
22,30,369
23,30,42
24,30,744
25,30,597
26,30,155
27,30,287
28,30,901
29,30,108
30,30,463
31,30,394
32,30,1013
33,30,184
34,30,675
35,30,561
36,30,458
37,30,669
38,30,793
39,30,302
40,30,973
41,30,659
42,30,665
43,30,241
44,30,426
45,30,813
46,30,690
47,30,181
48,30,661
49,30,767
50,30,305
51,30,622
52,30,687
53,30,326
54,30,933
55,30,1008
56,30,624
57,30,265
58,30,309
59,30,652
60,30,685
61,30,478
62,30,841
63,30,847
64,30,807
65,30,554
66,30,398
67,30,877
68,30,461
69,30,749
70,30,432
71,30,363
72,30,681
73,30,627
74,30,176
75,30,506
76,30,616
77,30,297
78,30,712
79,30,783
80,30,701
81,30,710
82,30,328
83,30,228
84,30,378
85,30,662
86,30,990
87,30,215
88,30,967
89,30,683
90,30,843
91,30,396
92,30,626
93,30,220
94,30,787
95,30,886
96,30,252
97,30,883
98,30,467
99,30,617
100,30,980
101,30,770
102,30,595
103,30,466
104,30,788
105,30,614
106,30,137
107,30,266
108,30,364
109,30,656
110,30,278
111,30,481
112,30,281
113,30,820
114,30,465
115,30,451
116,30,120
117,30,47
118,30,101
119,30,606
120,30,868
121,30,464
122,30,344
123,30,748
124,30,110
125,30,400
126,30,103
127,30,419
128,30,658
129,30,144
130,30,433
131,30,1017
132,30,16
133,30,519
134,30,619
135,30,15
136,30,618
137,30,1006
138,30,67
139,30,494
140,30,52
141,30,792
142,30,607
143,30,114
144,30,140
145,30,824
146,30,850
147,30,242
148,30,190
149,30,99
150,30,987
151,30,550
152,30,598
153,30,477
154,30,142
155,30,502
156,30,260
157,30,953
158,30,795
159,30,628
160,30,105
161,30,472
162,30,341
163,30,98
164,30,434
165,30,68
166,30,339
167,30,870
168,30,874
169,30,623
170,30,428
171,30,473
172,30,304
173,30,164
174,30,865
175,30,596
176,30,46
177,30,689
178,30,910
179,30,202
180,30,972
181,30,921
182,30,777
183,30,733
184,30,361
185,30,437
186,30,821
187,30,20
188,30,256
189,30,743
190,30,336
191,30,527
192,30,301
193,30,999
194,30,580
195,30,938
196,30,422
197,30,983
198,30,621
199,30,308
200,30,379
201,30,755
202,30,948
203,30,806
204,30,303
205,30,213
206,30,486
207,30,201
208,30,568
209,30,754
210,30,218
211,30,699
212,30,864
213,30,134
214,30,179
215,30,2
216,30,916
217,30,772
218,30,566
219,30,832
220,30,947
221,30,235
222,30,156
223,30,332
224,30,688
225,30,450
226,30,819
227,30,1020
228,30,199
229,30,648
230,30,251
231,30,27
232,30,131
233,30,216
234,30,857
235,30,219
236,30,312
237,30,118
238,30,898
239,30,334
240,30,240
241,30,493
242,30,571
243,30,794
244,30,562
245,30,838
246,30,585
247,30,625
248,30,236
249,30,318
250,30,331
251,30,951
252,30,375
253,30,84
254,30,113
255,30,160
256,30,307
257,30,952
258,30,5
259,30,965
260,30,34
261,30,684
262,30,763
263,30,509
264,30,825
265,30,460
266,30,127
267,30,557
268,30,141
269,30,592
270,30,421
271,30,558
272,30,405
273,30,223
274,30,431
275,30,183
276,30,299
277,30,545
278,30,471
279,30,829
280,30,919
281,30,294
282,30,217
283,30,869
284,30,354
285,30,267
286,30,968
287,30,730
288,30,842
289,30,815
290,30,563
291,30,234
292,30,655
293,30,171
294,30,541
295,30,630
296,30,429
297,30,503
298,30,274
299,30,22
300,30,454
301,30,556
302,30,41
303,30,818
304,30,511
305,30,330
306,30,816
307,30,322
308,30,340
309,30,388
310,30,725
311,30,205
312,30,410
313,30,368
314,30,390
315,30,686
316,30,88
317,30,366
318,30,667
319,30,791
320,30,510
321,30,600
322,30,811
323,30,496
324,30,8
325,30,165
326,30,269
327,30,660
328,30,172
329,30,534
330,30,106
331,30,445
332,30,956
333,30,555
334,30,760
335,30,560
336,30,227
337,30,237
338,30,70
339,30,700
340,30,985
341,30,657
342,30,272
343,30,449
344,30,89
345,30,1002
346,30,762
347,30,573
348,30,737
349,30,976
350,30,311
351,30,121
352,30,912
353,30,551
354,30,442
355,30,453
356,30,958
357,30,799
358,30,518
359,30,499
360,30,420
361,30,459
362,30,1012
363,30,533
364,30,698
365,30,893
366,30,649
367,30,335
368,30,680
369,30,323
370,30,162
371,30,922
372,30,135
373,30,654
374,30,45
375,30,826
376,30,751
377,30,529
378,30,882
379,30,578
380,30,590
381,30,485
382,30,738
383,30,333
384,30,679
385,30,306
386,30,569
387,30,823
388,30,892
389,30,647
390,30,343
391,30,984
392,30,776
393,30,876
394,30,731
395,30,286
396,30,75
397,30,523
398,30,402
399,30,209
0,31,517
1,31,214
2,31,375
3,31,462
4,31,503
5,31,987
6,31,1008
7,31,633
8,31,311
9,31,527
10,31,525
11,31,367
12,31,569
13,31,785
14,31,621
15,31,618
16,31,784
17,31,1009
18,31,520
19,31,335
20,31,712
21,31,0
22,31,369
23,31,41
24,31,745
25,31,565
26,31,155
27,31,287
28,31,933
29,31,140
30,31,463
31,31,393
32,31,1013
33,31,183
34,31,643
35,31,529
36,31,459
37,31,637
38,31,825
39,31,303
40,31,972
41,31,660
42,31,665
43,31,240
44,31,394
45,31,845
46,31,722
47,31,149
48,31,629
49,31,767
50,31,305
51,31,654
52,31,719
53,31,358
54,31,932
55,31,976
56,31,592
57,31,265
58,31,310
59,31,620
60,31,684
61,31,477
62,31,842
63,31,847
64,31,775
65,31,522
66,31,398
67,31,877
68,31,493
69,31,749
70,31,431
71,31,362
72,31,649
73,31,659
74,31,144
75,31,506
76,31,616
77,31,297
78,31,711
79,31,782
80,31,733
81,31,742
82,31,327
83,31,227
84,31,379
85,31,663
86,31,1022
87,31,216
88,31,966
89,31,683
90,31,875
91,31,364
92,31,625
93,31,220
94,31,755
95,31,887
96,31,252
97,31,883
98,31,435
99,31,585
100,31,981
101,31,770
102,31,594
103,31,498
104,31,787
105,31,614
106,31,137
107,31,266
108,31,332
109,31,688
110,31,246
111,31,449
112,31,249
113,31,852
114,31,466
115,31,450
116,31,121
117,31,15
118,31,101
119,31,606
120,31,868
121,31,432
122,31,376
123,31,748
124,31,109
125,31,399
126,31,102
127,31,451
128,31,626
129,31,112
130,31,465
131,31,1017
132,31,16
133,31,518
134,31,619
135,31,14
136,31,617
137,31,1007
138,31,66
139,31,494
140,31,20
141,31,824
142,31,607
143,31,114
144,31,172
145,31,823
146,31,850
147,31,243
148,31,190
149,31,98
150,31,955
151,31,551
152,31,598
153,31,445
154,31,110
155,31,534
156,31,228
157,31,952
158,31,796
159,31,627
160,31,104
161,31,472
162,31,341
163,31,97
164,31,433
165,31,67
166,31,307
167,31,869
168,31,906
169,31,655
170,31,429
171,31,473
172,31,272
173,31,165
174,31,865
175,31,628
176,31,47
177,31,690
178,31,878
179,31,201
180,31,971
181,31,921
182,31,809
183,31,765
184,31,329
185,31,469
186,31,820
187,31,21
188,31,256
189,31,743
190,31,368
191,31,526
192,31,333
193,31,1000
194,31,580
195,31,938
196,31,423
197,31,983
198,31,622
199,31,309
200,31,347
201,31,754
202,31,980
203,31,805
204,31,304
205,31,213
206,31,485
207,31,233
208,31,536
209,31,786
210,31,218
211,31,667
212,31,896
213,31,135
214,31,179
215,31,1
216,31,916
217,31,772
218,31,567
219,31,864
220,31,948
221,31,203
222,31,156
223,31,331
224,31,689
225,31,482
226,31,851
227,31,1020
228,31,200
229,31,680
230,31,251
231,31,27
232,31,99
233,31,184
234,31,857
235,31,219
236,31,313
237,31,119
238,31,930
239,31,302
240,31,239
241,31,492
242,31,539
243,31,795
244,31,563
245,31,870
246,31,553
247,31,624
248,31,235
249,31,318
250,31,363
251,31,951
252,31,407
253,31,85
254,31,145
255,31,160
256,31,308
257,31,984
258,31,5
259,31,965
260,31,34
261,31,652
262,31,762
263,31,509
264,31,826
265,31,428
266,31,127
267,31,556
268,31,141
269,31,560
270,31,421
271,31,557
272,31,373
273,31,223
274,31,430
275,31,215
276,31,299
277,31,545
278,31,471
279,31,797
280,31,919
281,31,294
282,31,217
283,31,901
284,31,353
285,31,267
286,31,967
287,31,731
288,31,874
289,31,814
290,31,531
291,31,202
292,31,656
293,31,139
294,31,540
295,31,630
296,31,461
297,31,504
298,31,242
299,31,23
300,31,486
301,31,555
302,31,9
303,31,819
304,31,511
305,31,298
306,31,817
307,31,354
308,31,340
309,31,420
310,31,725
311,31,237
312,31,378
313,31,400
314,31,422
315,31,685
316,31,87
317,31,366
318,31,668
319,31,792
320,31,542
321,31,632
322,31,810
323,31,496
324,31,8
325,31,197
326,31,301
327,31,692
328,31,171
329,31,566
330,31,107
331,31,413
332,31,957
333,31,587
334,31,760
335,31,561
336,31,195
337,31,236
338,31,70
339,31,701
340,31,986
341,31,658
342,31,273
343,31,417
344,31,88
345,31,1003
346,31,794
347,31,541
348,31,737
349,31,944
350,31,312
351,31,89
352,31,912
353,31,519
354,31,442
355,31,454
356,31,959
357,31,799
358,31,550
359,31,499
360,31,419
361,31,460
362,31,1012
363,31,501
364,31,730
365,31,893
366,31,648
367,31,336
368,31,681
369,31,291
370,31,162
371,31,922
372,31,136
373,31,653
374,31,45
375,31,858
376,31,751
377,31,528
378,31,881
379,31,610
380,31,558
381,31,453
382,31,706
383,31,334
384,31,678
385,31,306
386,31,568
387,31,822
388,31,892
389,31,679
390,31,343
391,31,985
392,31,777
393,31,876
394,31,763
395,31,286
396,31,43
397,31,523
398,31,403
399,31,210
0,32,485
1,32,215
2,32,343
3,32,494
4,32,471
5,32,955
6,32,976
7,32,665
8,32,312
9,32,559
10,32,557
11,32,335
12,32,537
13,32,785
14,32,653
15,32,617
16,32,784
17,32,1009
18,32,520
19,32,303
20,32,711
21,32,0
22,32,368
23,32,73
24,32,713
25,32,566
26,32,155
27,32,287
28,32,901
29,32,172
30,32,463
31,32,394
32,32,1013
33,32,151
34,32,643
35,32,528
36,32,458
37,32,605
38,32,857
39,32,304
40,32,971
41,32,661
42,32,697
43,32,239
44,32,362
45,32,844
46,32,721
47,32,117
48,32,630
49,32,767
50,32,306
51,32,686
52,32,751
53,32,390
54,32,933
55,32,977
56,32,560
57,32,297
58,32,310
59,32,619
60,32,683
61,32,476
62,32,874
63,32,847
64,32,776
65,32,521
66,32,399
67,32,877
68,32,493
69,32,749
70,32,430
71,32,330
72,32,649
73,32,691
74,32,112
75,32,506
76,32,616
77,32,329
78,32,679
79,32,781
80,32,765
81,32,743
82,32,326
83,32,195
84,32,347
85,32,664
86,32,1021
87,32,184
88,32,934
89,32,715
90,32,907
91,32,332
92,32,657
93,32,220
94,32,723
95,32,887
96,32,252
97,32,884
98,32,435
99,32,584
100,32,982
101,32,770
102,32,562
103,32,466
104,32,755
105,32,614
106,32,138
107,32,267
108,32,333
109,32,687
110,32,214
111,32,449
112,32,217
113,32,820
114,32,434
115,32,450
116,32,122
117,32,14
118,32,101
119,32,606
120,32,868
121,32,431
122,32,408
123,32,748
124,32,141
125,32,367
126,32,102
127,32,483
128,32,627
129,32,80
130,32,497
131,32,985
132,32,16
133,32,550
134,32,618
135,32,46
136,32,585
137,32,1008
138,32,98
139,32,526
140,32,21
141,32,792
142,32,607
143,32,114
144,32,173
145,32,791
146,32,851
147,32,242
148,32,190
149,32,97
150,32,923
151,32,519
152,32,597
153,32,413
154,32,109
155,32,535
156,32,229
157,32,953
158,32,796
159,32,659
160,32,104
161,32,504
162,32,373
163,32,129
164,32,433
165,32,35
166,32,308
167,32,870
168,32,905
169,32,656
170,32,461
171,32,473
172,32,273
173,32,165
174,32,865
175,32,660
176,32,48
177,32,690
178,32,878
179,32,233
180,32,1003
181,32,921
182,32,808
183,32,766
184,32,328
185,32,437
186,32,819
187,32,22
188,32,256
189,32,775
190,32,400
191,32,525
192,32,301
193,32,968
194,32,580
195,32,938
196,32,424
197,32,951
198,32,590
199,32,341
200,32,346
201,32,786
202,32,1012
203,32,837
204,32,272
205,32,213
206,32,484
207,32,265
208,32,568
209,32,818
210,32,218
211,32,667
212,32,928
213,32,135
214,32,179
215,32,33
216,32,916
217,32,772
218,32,567
219,32,896
220,32,980
221,32,171
222,32,156
223,32,363
224,32,689
225,32,514
226,32,883
227,32,1020
228,32,201
229,32,712
230,32,251
231,32,27
232,32,67
233,32,185
234,32,858
235,32,219
236,32,281
237,32,120
238,32,931
239,32,334
240,32,207
241,32,492
242,32,507
243,32,794
244,32,531
245,32,902
246,32,553
247,32,592
248,32,236
249,32,318
250,32,364
251,32,952
252,32,439
253,32,86
254,32,146
255,32,160
256,32,309
257,32,983
258,32,5
259,32,965
260,32,34
261,32,651
262,32,763
263,32,508
264,32,827
265,32,428
266,32,127
267,32,524
268,32,142
269,32,561
270,32,422
271,32,556
272,32,374
273,32,223
274,32,429
275,32,183
276,32,298
277,32,545
278,32,470
279,32,797
280,32,919
281,32,294
282,32,216
283,32,869
284,32,321
285,32,235
286,32,966
287,32,699
288,32,906
289,32,813
290,32,499
291,32,202
292,32,624
293,32,140
294,32,541
295,32,631
296,32,460
297,32,503
298,32,241
299,32,24
300,32,518
301,32,554
302,32,41
303,32,787
304,32,511
305,32,266
306,32,817
307,32,386
308,32,340
309,32,388
310,32,725
311,32,269
312,32,379
313,32,432
314,32,454
315,32,717
316,32,119
317,32,398
318,32,668
319,32,760
320,32,574
321,32,632
322,32,809
323,32,496
324,32,8
325,32,197
326,32,302
327,32,692
328,32,139
329,32,598
330,32,108
331,32,381
332,32,925
333,32,588
334,32,728
335,32,529
336,32,194
337,32,204
338,32,70
339,32,701
340,32,987
341,32,658
342,32,305
343,32,385
344,32,56
345,32,1004
346,32,793
347,32,509
348,32,737
349,32,944
350,32,344
351,32,88
352,32,912
353,32,487
354,32,442
355,32,486
356,32,991
357,32,799
358,32,551
359,32,498
360,32,420
361,32,459
362,32,1011
363,32,469
364,32,762
365,32,893
366,32,680
367,32,336
368,32,681
369,32,259
370,32,162
371,32,922
372,32,137
373,32,652
374,32,45
375,32,826
376,32,783
377,32,527
378,32,849
379,32,642
380,32,558
381,32,421
382,32,674
383,32,366
384,32,646
385,32,307
386,32,600
387,32,823
388,32,892
389,32,647
390,32,311
391,32,986
392,32,778
393,32,875
394,32,795
395,32,286
396,32,43
397,32,523
398,32,404
399,32,211
0,33,453
1,33,216
2,33,344
3,33,493
4,33,472
5,33,954
6,33,1008
7,33,666
8,33,312
9,33,560
10,33,557
11,33,334
12,33,505
13,33,786
14,33,654
15,33,618
16,33,784
17,33,1010
18,33,520
19,33,304
20,33,710
21,33,0
22,33,400
23,33,105
24,33,713
25,33,534
26,33,155
27,33,287
28,33,901
29,33,140
30,33,431
31,33,426
32,33,1013
33,33,119
34,33,643
35,33,529
36,33,459
37,33,573
38,33,889
39,33,336
40,33,970
41,33,662
42,33,697
43,33,238
44,33,330
45,33,843
46,33,753
47,33,116
48,33,631
49,33,767
50,33,305
51,33,687
52,33,783
53,33,422
54,33,933
55,33,976
56,33,561
57,33,298
58,33,311
59,33,587
60,33,682
61,33,476
62,33,875
63,33,847
64,33,775
65,33,521
66,33,367
67,33,877
68,33,461
69,33,750
70,33,429
71,33,329
72,33,649
73,33,723
74,33,113
75,33,506
76,33,617
77,33,361
78,33,647
79,33,780
80,33,797
81,33,743
82,33,325
83,33,163
84,33,315
85,33,665
86,33,1020
87,33,183
88,33,966
89,33,716
90,33,939
91,33,331
92,33,656
93,33,220
94,33,724
95,33,887
96,33,252
97,33,883
98,33,435
99,33,616
100,33,983
101,33,770
102,33,563
103,33,465
104,33,755
105,33,614
106,33,137
107,33,267
108,33,301
109,33,655
110,33,213
111,33,449
112,33,185
113,33,821
114,33,434
115,33,450
116,33,123
117,33,13
118,33,101
119,33,638
120,33,868
121,33,399
122,33,440
123,33,748
124,33,173
125,33,335
126,33,102
127,33,515
128,33,595
129,33,112
130,33,496
131,33,1017
132,33,16
133,33,550
134,33,619
135,33,47
136,33,584
137,33,1009
138,33,130
139,33,494
140,33,22
141,33,791
142,33,607
143,33,114
144,33,205
145,33,790
146,33,852
147,33,242
148,33,190
149,33,96
150,33,923
151,33,551
152,33,598
153,33,381
154,33,77
155,33,567
156,33,197
157,33,985
158,33,795
159,33,691
160,33,104
161,33,504
162,33,341
163,33,97
164,33,433
165,33,35
166,33,276
167,33,838
168,33,904
169,33,624
170,33,462
171,33,473
172,33,272
173,33,133
174,33,865
175,33,661
176,33,80
177,33,690
178,33,878
179,33,265
180,33,1003
181,33,921
182,33,809
183,33,798
184,33,327
185,33,438
186,33,818
187,33,54
188,33,256
189,33,807
190,33,401
191,33,525
192,33,269
193,33,969
194,33,580
195,33,938
196,33,392
197,33,952
198,33,558
199,33,309
200,33,378
201,33,787
202,33,980
203,33,836
204,33,240
205,33,212
206,33,516
207,33,297
208,33,569
209,33,850
210,33,218
211,33,667
212,33,960
213,33,135
214,33,179
215,33,65
216,33,916
217,33,772
218,33,566
219,33,897
220,33,981
221,33,139
222,33,156
223,33,364
224,33,721
225,33,546
226,33,882
227,33,1019
228,33,202
229,33,744
230,33,251
231,33,27
232,33,68
233,33,184
234,33,857
235,33,219
236,33,249
237,33,121
238,33,932
239,33,333
240,33,206
241,33,524
242,33,508
243,33,793
244,33,532
245,33,934
246,33,585
247,33,592
248,33,204
249,33,318
250,33,332
251,33,953
252,33,471
253,33,86
254,33,147
255,33,160
256,33,310
257,33,984
258,33,5
259,33,997
260,33,34
261,33,650
262,33,763
263,33,509
264,33,859
265,33,396
266,33,127
267,33,523
268,33,141
269,33,562
270,33,421
271,33,555
272,33,375
273,33,223
274,33,428
275,33,215
276,33,266
277,33,545
278,33,502
279,33,829
280,33,951
281,33,294
282,33,217
283,33,869
284,33,289
285,33,236
286,33,965
287,33,698
288,33,874
289,33,812
290,33,467
291,33,203
292,33,623
293,33,108
294,33,541
295,33,599
296,33,492
297,33,535
298,33,241
299,33,24
300,33,518
301,33,553
302,33,41
303,33,819
304,33,511
305,33,234
306,33,817
307,33,386
308,33,340
309,33,387
310,33,725
311,33,237
312,33,347
313,33,432
314,33,454
315,33,749
316,33,87
317,33,430
318,33,668
319,33,728
320,33,606
321,33,632
322,33,841
323,33,464
324,33,8
325,33,165
326,33,303
327,33,660
328,33,138
329,33,630
330,33,109
331,33,349
332,33,893
333,33,589
334,33,727
335,33,497
336,33,195
337,33,172
338,33,70
339,33,701
340,33,955
341,33,659
342,33,273
343,33,353
344,33,55
345,33,1005
346,33,825
347,33,477
348,33,737
349,33,944
350,33,376
351,33,56
352,33,912
353,33,486
354,33,442
355,33,485
356,33,991
357,33,799
358,33,552
359,33,499
360,33,388
361,33,460
362,33,1012
363,33,437
364,33,794
365,33,861
366,33,679
367,33,368
368,33,681
369,33,227
370,33,162
371,33,922
372,33,136
373,33,620
374,33,45
375,33,826
376,33,815
377,33,526
378,33,849
379,33,641
380,33,559
381,33,420
382,33,673
383,33,398
384,33,646
385,33,306
386,33,568
387,33,824
388,33,892
389,33,615
390,33,343
391,33,987
392,33,779
393,33,907
394,33,827
395,33,286
396,33,43
397,33,491
398,33,405
399,33,243
0,34,421
1,34,184
2,34,312
3,34,493
4,34,440
5,34,954
6,34,1007
7,34,667
8,34,311
9,34,560
10,34,558
11,34,333
12,34,473
13,34,786
14,34,686
15,34,650
16,34,784
17,34,1011
18,34,520
19,34,305
20,34,710
21,34,0
22,34,432
23,34,137
24,34,713
25,34,502
26,34,155
27,34,287
28,34,869
29,34,141
30,34,399
31,34,458
32,34,1013
33,34,87
34,34,643
35,34,497
36,34,459
37,34,541
38,34,888
39,34,335
40,34,1002
41,34,663
42,34,665
43,34,206
44,34,298
45,34,842
46,34,785
47,34,115
48,34,599
49,34,767
50,34,273
51,34,719
52,34,751
53,34,390
54,34,901
55,34,1008
56,34,561
57,34,266
58,34,343
59,34,555
60,34,714
61,34,475
62,34,876
63,34,847
64,34,743
65,34,521
66,34,366
67,34,877
68,34,462
69,34,749
70,34,461
71,34,361
72,34,681
73,34,724
74,34,114
75,34,506
76,34,616
77,34,362
78,34,646
79,34,812
80,34,796
81,34,744
82,34,357
83,34,131
84,34,283
85,34,633
86,34,1019
87,34,183
88,34,965
89,34,717
90,34,971
91,34,330
92,34,688
93,34,220
94,34,725
95,34,887
96,34,252
97,34,883
98,34,434
99,34,615
100,34,951
101,34,770
102,34,562
103,34,464
104,34,723
105,34,614
106,34,136
107,34,267
108,34,269
109,34,654
110,34,181
111,34,449
112,34,153
113,34,822
114,34,402
115,34,450
116,34,124
117,34,12
118,34,101
119,34,670
120,34,836
121,34,400
122,34,441
123,34,748
124,34,174
125,34,334
126,34,102
127,34,516
128,34,563
129,34,144
130,34,528
131,34,1017
132,34,16
133,34,518
134,34,618
135,34,47
136,34,552
137,34,1010
138,34,162
139,34,526
140,34,21
141,34,790
142,34,607
143,34,146
144,34,173
145,34,758
146,34,852
147,34,242
148,34,190
149,34,96
150,34,955
151,34,550
152,34,566
153,34,349
154,34,76
155,34,567
156,34,165
157,34,984
158,34,763
159,34,692
160,34,103
161,34,504
162,34,309
163,34,98
164,34,433
165,34,35
166,34,276
167,34,838
168,34,903
169,34,625
170,34,494
171,34,474
172,34,304
173,34,133
174,34,865
175,34,661
176,34,112
177,34,691
178,34,878
179,34,264
180,34,1003
181,34,921
182,34,809
183,34,830
184,34,295
185,34,470
186,34,850
187,34,22
188,34,256
189,34,775
190,34,369
191,34,557
192,34,237
193,34,970
194,34,580
195,34,938
196,34,393
197,34,953
198,34,559
199,34,277
200,34,410
201,34,819
202,34,980
203,34,835
204,34,208
205,34,213
206,34,517
207,34,297
208,34,570
209,34,882
210,34,218
211,34,699
212,34,960
213,34,135
214,34,179
215,34,97
216,34,916
217,34,772
218,34,565
219,34,929
220,34,982
221,34,107
222,34,156
223,34,396
224,34,753
225,34,578
226,34,881
227,34,1018
228,34,203
229,34,776
230,34,251
231,34,27
232,34,36
233,34,185
234,34,889
235,34,219
236,34,217
237,34,122
238,34,932
239,34,332
240,34,207
241,34,523
242,34,476
243,34,794
244,34,532
245,34,966
246,34,617
247,34,592
248,34,205
249,34,318
250,34,364
251,34,985
252,34,472
253,34,86
254,34,148
255,34,160
256,34,310
257,34,983
258,34,5
259,34,997
260,34,34
261,34,649
262,34,731
263,34,509
264,34,827
265,34,428
266,34,127
267,34,491
268,34,109
269,34,594
270,34,422
271,34,556
272,34,376
273,34,223
274,34,460
275,34,214
276,34,265
277,34,545
278,34,503
279,34,797
280,34,952
281,34,294
282,34,216
283,34,868
284,34,257
285,34,236
286,34,933
287,34,697
288,34,874
289,34,811
290,34,435
291,34,204
292,34,655
293,34,140
294,34,542
295,34,598
296,34,524
297,34,535
298,34,241
299,34,23
300,34,486
301,34,585
302,34,41
303,34,851
304,34,511
305,34,202
306,34,818
307,34,386
308,34,341
309,34,419
310,34,693
311,34,238
312,34,315
313,34,431
314,34,453
315,34,781
316,34,88
317,34,429
318,34,668
319,34,696
320,34,638
321,34,632
322,34,840
323,34,496
324,34,8
325,34,166
326,34,303
327,34,628
328,34,138
329,34,631
330,34,110
331,34,317
332,34,894
333,34,621
334,34,728
335,34,465
336,34,163
337,34,172
338,34,70
339,34,701
340,34,987
341,34,660
342,34,272
343,34,321
344,34,54
345,34,1005
346,34,857
347,34,445
348,34,737
349,34,976
350,34,408
351,34,24
352,34,912
353,34,454
354,34,442
355,34,485
356,34,991
357,34,799
358,34,551
359,34,499
360,34,356
361,34,492
362,34,1012
363,34,405
364,34,826
365,34,893
366,34,711
367,34,336
368,34,682
369,34,195
370,34,161
371,34,922
372,34,104
373,34,619
374,34,45
375,34,858
376,34,783
377,34,525
378,34,849
379,34,673
380,34,527
381,34,388
382,34,672
383,34,430
384,34,645
385,34,306
386,34,568
387,34,825
388,34,892
389,34,647
390,34,342
391,34,988
392,34,780
393,34,875
394,34,828
395,34,286
396,34,43
397,34,490
398,34,373
399,34,244
0,35,453
1,35,183
2,35,313
3,35,525
4,35,439
5,35,922
6,35,1006
7,35,668
8,35,279
9,35,528
10,35,558
11,35,301
12,35,441
13,35,786
14,35,687
15,35,650
16,35,784
17,35,1010
18,35,520
19,35,306
20,35,709
21,35,0
22,35,464
23,35,136
24,35,713
25,35,470
26,35,155
27,35,287
28,35,901
29,35,142
30,35,367
31,35,458
32,35,1013
33,35,86
34,35,643
35,35,465
36,35,491
37,35,509
38,35,887
39,35,334
40,35,1001
41,35,664
42,35,665
43,35,174
44,35,266
45,35,841
46,35,817
47,35,114
48,35,567
49,35,767
50,35,305
51,35,720
52,35,719
53,35,390
54,35,902
55,35,1007
56,35,562
57,35,265
58,35,344
59,35,555
60,35,746
61,35,476
62,35,877
63,35,847
64,35,742
65,35,521
66,35,398
67,35,878
68,35,430
69,35,749
70,35,493
71,35,362
72,35,680
73,35,723
74,35,146
75,35,506
76,35,616
77,35,330
78,35,645
79,35,780
80,35,828
81,35,745
82,35,356
83,35,99
84,35,283
85,35,601
86,35,1018
87,35,215
88,35,966
89,35,685
90,35,972
91,35,298
92,35,688
93,35,220
94,35,757
95,35,919
96,35,252
97,35,883
98,35,435
99,35,615
100,35,983
101,35,770
102,35,563
103,35,496
104,35,691
105,35,614
106,35,168
107,35,267
108,35,237
109,35,654
110,35,149
111,35,449
112,35,121
113,35,822
114,35,434
115,35,450
116,35,92
117,35,44
118,35,102
119,35,638
120,35,868
121,35,432
122,35,440
123,35,748
124,35,175
125,35,366
126,35,134
127,35,516
128,35,564
129,35,176
130,35,527
131,35,985
132,35,16
133,35,518
134,35,617
135,35,47
136,35,551
137,35,978
138,35,194
139,35,494
140,35,21
141,35,790
142,35,607
143,35,147
144,35,173
145,35,758
146,35,852
147,35,242
148,35,190
149,35,96
150,35,955
151,35,550
152,35,534
153,35,350
154,35,75
155,35,568
156,35,133
157,35,952
158,35,731
159,35,724
160,35,104
161,35,504
162,35,277
163,35,98
164,35,401
165,35,35
166,35,276
167,35,838
168,35,935
169,35,626
170,35,462
171,35,474
172,35,336
173,35,101
174,35,865
175,35,693
176,35,113
177,35,692
178,35,910
179,35,263
180,35,1003
181,35,920
182,35,809
183,35,862
184,35,294
185,35,469
186,35,849
187,35,22
188,35,256
189,35,743
190,35,370
191,35,557
192,35,205
193,35,970
194,35,580
195,35,938
196,35,394
197,35,954
198,35,560
199,35,245
200,35,410
201,35,851
202,35,980
203,35,867
204,35,208
205,35,214
206,35,549
207,35,297
208,35,571
209,35,914
210,35,218
211,35,667
212,35,960
213,35,135
214,35,179
215,35,129
216,35,916
217,35,772
218,35,566
219,35,929
220,35,1014
221,35,108
222,35,156
223,35,428
224,35,785
225,35,610
226,35,880
227,35,1017
228,35,171
229,35,808
230,35,251
231,35,27
232,35,36
233,35,184
234,35,889
235,35,219
236,35,185
237,35,123
238,35,933
239,35,331
240,35,207
241,35,523
242,35,444
243,35,794
244,35,532
245,35,998
246,35,649
247,35,592
248,35,206
249,35,318
250,35,332
251,35,984
252,35,473
253,35,118
254,35,148
255,35,160
256,35,311
257,35,982
258,35,5
259,35,997
260,35,34
261,35,648
262,35,730
263,35,508
264,35,827
265,35,429
266,35,127
267,35,490
268,35,77
269,35,595
270,35,421
271,35,556
272,35,377
273,35,223
274,35,459
275,35,246
276,35,264
277,35,545
278,35,503
279,35,797
280,35,951
281,35,326
282,35,216
283,35,869
284,35,225
285,35,204
286,35,965
287,35,697
288,35,842
289,35,810
290,35,403
291,35,203
292,35,656
293,35,140
294,35,541
295,35,630
296,35,492
297,35,535
298,35,241
299,35,55
300,35,454
301,35,584
302,35,41
303,35,850
304,35,511
305,35,170
306,35,819
307,35,386
308,35,342
309,35,420
310,35,725
311,35,238
312,35,315
313,35,399
314,35,485
315,35,813
316,35,87
317,35,461
318,35,700
319,35,728
320,35,637
321,35,632
322,35,839
323,35,497
324,35,8
325,35,165
326,35,304
327,35,627
328,35,137
329,35,663
330,35,110
331,35,285
332,35,894
333,35,622
334,35,760
335,35,433
336,35,131
337,35,172
338,35,70
339,35,701
340,35,986
341,35,661
342,35,272
343,35,289
344,35,54
345,35,1005
346,35,856
347,35,413
348,35,737
349,35,976
350,35,409
351,35,23
352,35,912
353,35,422
354,35,442
355,35,517
356,35,991
357,35,799
358,35,519
359,35,499
360,35,388
361,35,460
362,35,1012
363,35,373
364,35,858
365,35,893
366,35,710
367,35,368
368,35,681
369,35,163
370,35,162
371,35,921
372,35,105
373,35,618
374,35,45
375,35,857
376,35,751
377,35,524
378,35,881
379,35,705
380,35,559
381,35,387
382,35,673
383,35,431
384,35,677
385,35,307
386,35,569
387,35,826
388,35,892
389,35,679
390,35,343
391,35,989
392,35,781
393,35,875
394,35,829
395,35,286
396,35,43
397,35,522
398,35,341
399,35,244
0,36,454
1,36,151
2,36,281
3,36,557
4,36,440
5,36,954
6,36,974
7,36,668
8,36,311
9,36,527
10,36,558
11,36,269
12,36,442
13,36,818
14,36,688
15,36,618
16,36,784
17,36,1009
18,36,552
19,36,274
20,36,741
21,36,0
22,36,496
23,36,168
24,36,745
25,36,438
26,36,155
27,36,255
28,36,900
29,36,141
30,36,368
31,36,490
32,36,1013
33,36,85
34,36,643
35,36,433
36,36,459
37,36,477
38,36,886
39,36,366
40,36,1000
41,36,665
42,36,697
43,36,142
44,36,265
45,36,841
46,36,816
47,36,113
48,36,568
49,36,767
50,36,306
51,36,752
52,36,751
53,36,358
54,36,901
55,36,1006
56,36,563
57,36,297
58,36,376
59,36,555
60,36,778
61,36,476
62,36,878
63,36,847
64,36,743
65,36,489
66,36,430
67,36,879
68,36,431
69,36,749
70,36,492
71,36,362
72,36,680
73,36,755
74,36,114
75,36,505
76,36,648
77,36,298
78,36,613
79,36,779
80,36,827
81,36,746
82,36,356
83,36,99
84,36,283
85,36,569
86,36,1017
87,36,216
88,36,998
89,36,686
90,36,973
91,36,266
92,36,720
93,36,220
94,36,758
95,36,887
96,36,252
97,36,882
98,36,435
99,36,615
100,36,951
101,36,770
102,36,595
103,36,528
104,36,659
105,36,614
106,36,200
107,36,267
108,36,238
109,36,654
110,36,148
111,36,449
112,36,122
113,36,822
114,36,434
115,36,450
116,36,93
117,36,12
118,36,70
119,36,606
120,36,868
121,36,464
122,36,472
123,36,748
124,36,175
125,36,398
126,36,102
127,36,516
128,36,565
129,36,176
130,36,559
131,36,953
132,36,16
133,36,518
134,36,649
135,36,47
136,36,519
137,36,978
138,36,193
139,36,494
140,36,20
141,36,791
142,36,607
143,36,146
144,36,173
145,36,790
146,36,852
147,36,242
148,36,190
149,36,96
150,36,987
151,36,550
152,36,534
153,36,318
154,36,75
155,36,600
156,36,101
157,36,952
158,36,699
159,36,723
160,36,104
161,36,504
162,36,245
163,36,98
164,36,369
165,36,35
166,36,277
167,36,870
168,36,934
169,36,594
170,36,463
171,36,506
172,36,335
173,36,100
174,36,865
175,36,725
176,36,81
177,36,693
178,36,910
179,36,295
180,36,1003
181,36,921
182,36,808
183,36,894
184,36,293
185,36,501
186,36,817
187,36,21
188,36,256
189,36,775
190,36,402
191,36,589
192,36,237
193,36,970
194,36,580
195,36,938
196,36,426
197,36,955
198,36,561
199,36,246
200,36,378
201,36,883
202,36,980
203,36,866
204,36,208
205,36,215
206,36,581
207,36,329
208,36,571
209,36,914
210,36,218
211,36,667
212,36,960
213,36,135
214,36,179
215,36,161
216,36,916
217,36,772
218,36,566
219,36,929
220,36,982
221,36,76
222,36,156
223,36,428
224,36,786
225,36,610
226,36,912
227,36,1016
228,36,171
229,36,840
230,36,251
231,36,27
232,36,36
233,36,184
234,36,857
235,36,219
236,36,153
237,36,124
238,36,965
239,36,363
240,36,207
241,36,491
242,36,412
243,36,794
244,36,532
245,36,999
246,36,681
247,36,592
248,36,174
249,36,286
250,36,333
251,36,983
252,36,474
253,36,86
254,36,116
255,36,160
256,36,312
257,36,981
258,36,5
259,36,997
260,36,34
261,36,647
262,36,762
263,36,509
264,36,795
265,36,429
266,36,127
267,36,522
268,36,45
269,36,627
270,36,422
271,36,556
272,36,345
273,36,223
274,36,458
275,36,214
276,36,263
277,36,545
278,36,503
279,36,797
280,36,919
281,36,294
282,36,217
283,36,869
284,36,225
285,36,203
286,36,966
287,36,696
288,36,842
289,36,809
290,36,371
291,36,202
292,36,656
293,36,140
294,36,541
295,36,630
296,36,460
297,36,535
298,36,241
299,36,87
300,36,486
301,36,616
302,36,41
303,36,851
304,36,511
305,36,138
306,36,820
307,36,386
308,36,374
309,36,421
310,36,724
311,36,206
312,36,315
313,36,367
314,36,517
315,36,813
316,36,119
317,36,462
318,36,700
319,36,728
320,36,669
321,36,632
322,36,838
323,36,497
324,36,8
325,36,197
326,36,305
327,36,626
328,36,136
329,36,664
330,36,110
331,36,285
332,36,926
333,36,623
334,36,792
335,36,401
336,36,163
337,36,204
338,36,69
339,36,701
340,36,985
341,36,662
342,36,304
343,36,257
344,36,54
345,36,1005
346,36,856
347,36,414
348,36,736
349,36,976
350,36,441
351,36,22
352,36,913
353,36,390
354,36,410
355,36,549
356,36,991
357,36,799
358,36,520
359,36,499
360,36,420
361,36,461
362,36,1012
363,36,341
364,36,890
365,36,893
366,36,709
367,36,336
368,36,713
369,36,164
370,36,162
371,36,922
372,36,106
373,36,617
374,36,44
375,36,858
376,36,750
377,36,523
378,36,849
379,36,737
380,36,560
381,36,355
382,36,673
383,36,432
384,36,678
385,36,307
386,36,537
387,36,826
388,36,892
389,36,711
390,36,343
391,36,990
392,36,782
393,36,875
394,36,861
395,36,287
396,36,43
397,36,521
398,36,342
399,36,244
0,37,422
1,37,150
2,37,249
3,37,556
4,37,441
5,37,954
6,37,1006
7,37,669
8,37,311
9,37,526
10,37,557
11,37,237
12,37,410
13,37,786
14,37,689
15,37,618
16,37,816
17,37,1008
18,37,584
19,37,242
20,37,742
21,37,0
22,37,497
23,37,167
24,37,745
25,37,406
26,37,155
27,37,287
28,37,900
29,37,142
30,37,336
31,37,491
32,37,1013
33,37,84
34,37,643
35,37,434
36,37,459
37,37,476
38,37,885
39,37,398
40,37,968
41,37,633
42,37,665
43,37,110
44,37,233
45,37,809
46,37,848
47,37,81
48,37,569
49,37,767
50,37,338
51,37,784
52,37,751
53,37,326
54,37,901
55,37,1005
56,37,564
57,37,265
58,37,408
59,37,523
60,37,777
61,37,508
62,37,879
63,37,815
64,37,775
65,37,489
66,37,462
67,37,847
68,37,431
69,37,749
70,37,524
71,37,394
72,37,681
73,37,755
74,37,115
75,37,506
76,37,647
77,37,298
78,37,581
79,37,779
80,37,859
81,37,747
82,37,356
83,37,99
84,37,283
85,37,537
86,37,985
87,37,217
88,37,966
89,37,686
90,37,973
91,37,234
92,37,752
93,37,220
94,37,790
95,37,855
96,37,252
97,37,883
98,37,435
99,37,615
100,37,919
101,37,770
102,37,594
103,37,527
104,37,627
105,37,614
106,37,168
107,37,267
108,37,239
109,37,654
110,37,147
111,37,449
112,37,123
113,37,822
114,37,402
115,37,450
116,37,94
117,37,44
118,37,102
119,37,606
120,37,868
121,37,432
122,37,504
123,37,748
124,37,207
125,37,430
126,37,134
127,37,516
128,37,533
129,37,175
130,37,558
131,37,953
132,37,16
133,37,518
134,37,617
135,37,47
136,37,487
137,37,978
138,37,225
139,37,494
140,37,52
141,37,823
142,37,607
143,37,114
144,37,173
145,37,791
146,37,852
147,37,241
148,37,190
149,37,96
150,37,955
151,37,550
152,37,534
153,37,319
154,37,75
155,37,599
156,37,69
157,37,952
158,37,667
159,37,722
160,37,104
161,37,505
162,37,213
163,37,98
164,37,370
165,37,35
166,37,277
167,37,838
168,37,933
169,37,562
170,37,464
171,37,474
172,37,334
173,37,132
174,37,865
175,37,757
176,37,49
177,37,661
178,37,878
179,37,327
180,37,1003
181,37,921
182,37,840
183,37,926
184,37,261
185,37,501
186,37,817
187,37,20
188,37,256
189,37,776
190,37,403
191,37,589
192,37,236
193,37,970
194,37,580
195,37,938
196,37,458
197,37,956
198,37,529
199,37,278
200,37,379
201,37,915
202,37,948
203,37,898
204,37,176
205,37,216
206,37,549
207,37,297
208,37,571
209,37,914
210,37,186
211,37,668
212,37,960
213,37,103
214,37,179
215,37,161
216,37,916
217,37,772
218,37,566
219,37,929
220,37,983
221,37,77
222,37,188
223,37,460
224,37,787
225,37,610
226,37,944
227,37,1017
228,37,171
229,37,841
230,37,251
231,37,27
232,37,36
233,37,184
234,37,857
235,37,219
236,37,154
237,37,156
238,37,997
239,37,362
240,37,206
241,37,492
242,37,380
243,37,794
244,37,532
245,37,1000
246,37,713
247,37,560
248,37,174
249,37,318
250,37,333
251,37,951
252,37,475
253,37,87
254,37,148
255,37,160
256,37,313
257,37,980
258,37,5
259,37,996
260,37,34
261,37,646
262,37,763
263,37,509
264,37,795
265,37,429
266,37,127
267,37,490
268,37,13
269,37,626
270,37,390
271,37,555
272,37,346
273,37,223
274,37,457
275,37,214
276,37,231
277,37,545
278,37,503
279,37,797
280,37,887
281,37,294
282,37,218
283,37,869
284,37,224
285,37,203
286,37,934
287,37,697
288,37,842
289,37,808
290,37,339
291,37,202
292,37,656
293,37,140
294,37,541
295,37,630
296,37,461
297,37,535
298,37,209
299,37,88
300,37,454
301,37,648
302,37,41
303,37,819
304,37,511
305,37,106
306,37,821
307,37,386
308,37,375
309,37,453
310,37,725
311,37,205
312,37,315
313,37,335
314,37,517
315,37,813
316,37,119
317,37,463
318,37,700
319,37,728
320,37,701
321,37,632
322,37,837
323,37,465
324,37,8
325,37,197
326,37,306
327,37,658
328,37,135
329,37,696
330,37,109
331,37,285
332,37,925
333,37,624
334,37,792
335,37,369
336,37,195
337,37,204
338,37,70
339,37,733
340,37,984
341,37,663
342,37,305
343,37,257
344,37,54
345,37,1004
346,37,856
347,37,382
348,37,737
349,37,976
350,37,473
351,37,21
352,37,912
353,37,358
354,37,378
355,37,548
356,37,1023
357,37,799
358,37,552
359,37,499
360,37,421
361,37,493
362,37,1012
363,37,309
364,37,922
365,37,893
366,37,741
367,37,304
368,37,712
369,37,164
370,37,162
371,37,923
372,37,105
373,37,616
374,37,45
375,37,826
376,37,750
377,37,522
378,37,849
379,37,769
380,37,559
381,37,355
382,37,673
383,37,433
384,37,679
385,37,307
386,37,536
387,37,827
388,37,892
389,37,743
390,37,344
391,37,991
392,37,783
393,37,875
394,37,862
395,37,286
396,37,43
397,37,521
398,37,343
399,37,245
0,38,423
1,38,150
2,38,250
3,38,588
4,38,442
5,38,986
6,38,1006
7,38,669
8,38,311
9,38,494
10,38,589
11,38,205
12,38,378
13,38,786
14,38,690
15,38,619
16,38,815
17,38,1008
18,38,552
19,38,243
20,38,710
21,38,0
22,38,496
23,38,199
24,38,746
25,38,374
26,38,156
27,38,287
28,38,900
29,38,142
30,38,304
31,38,492
32,38,1013
33,38,85
34,38,643
35,38,402
36,38,459
37,38,444
38,38,884
39,38,430
40,38,967
41,38,601
42,38,665
43,38,109
44,38,233
45,38,808
46,38,847
47,38,49
48,38,537
49,38,767
50,38,370
51,38,785
52,38,783
53,38,294
54,38,901
55,38,1004
56,38,565
57,38,266
58,38,409
59,38,522
60,38,776
61,38,476
62,38,880
63,38,814
64,38,743
65,38,457
66,38,463
67,38,879
68,38,432
69,38,750
70,38,523
71,38,426
72,38,649
73,38,787
74,38,116
75,38,538
76,38,615
77,38,297
78,38,549
79,38,779
80,38,891
81,38,748
82,38,356
83,38,99
84,38,315
85,38,505
86,38,984
87,38,218
88,38,966
89,38,686
90,38,973
91,38,202
92,38,752
93,38,220
94,38,791
95,38,855
96,38,252
97,38,883
98,38,436
99,38,616
100,38,920
101,38,802
102,38,562
103,38,526
104,38,595
105,38,614
106,38,136
107,38,267
108,38,239
109,38,654
110,38,115
111,38,449
112,38,91
113,38,790
114,38,403
115,38,450
116,38,62
117,38,44
118,38,101
119,38,606
120,38,868
121,38,400
122,38,536
123,38,749
124,38,175
125,38,431
126,38,133
127,38,515
128,38,534
129,38,174
130,38,557
131,38,985
132,38,16
133,38,518
134,38,618
135,38,47
136,38,486
137,38,978
138,38,257
139,38,462
140,38,84
141,38,822
142,38,607
143,38,114
144,38,141
145,38,823
146,38,852
147,38,242
148,38,190
149,38,96
150,38,955
151,38,550
152,38,535
153,38,319
154,38,75
155,38,631
156,38,70
157,38,952
158,38,635
159,38,754
160,38,104
161,38,504
162,38,181
163,38,98
164,38,369
165,38,35
166,38,277
167,38,838
168,38,932
169,38,563
170,38,465
171,38,506
172,38,333
173,38,164
174,38,865
175,38,758
176,38,48
177,38,662
178,38,878
179,38,327
180,38,1002
181,38,921
182,38,841
183,38,958
184,38,261
185,38,533
186,38,816
187,38,52
188,38,224
189,38,775
190,38,435
191,38,590
192,38,237
193,38,970
194,38,579
195,38,938
196,38,490
197,38,957
198,38,497
199,38,310
200,38,380
201,38,947
202,38,980
203,38,930
204,38,144
205,38,217
206,38,517
207,38,265
208,38,571
209,38,914
210,38,186
211,38,667
212,38,960
213,38,135
214,38,179
215,38,161
216,38,916
217,38,772
218,38,566
219,38,929
220,38,951
221,38,76
222,38,188
223,38,428
224,38,819
225,38,610
226,38,943
227,38,1018
228,38,171
229,38,873
230,38,283
231,38,27
232,38,36
233,38,184
234,38,857
235,38,251
236,38,155
237,38,157
238,38,998
239,38,394
240,38,207
241,38,493
242,38,348
243,38,794
244,38,532
245,38,1001
246,38,745
247,38,559
248,38,173
249,38,318
250,38,301
251,38,919
252,38,507
253,38,88
254,38,148
255,38,160
256,38,345
257,38,979
258,38,5
259,38,997
260,38,34
261,38,646
262,38,763
263,38,509
264,38,827
265,38,429
266,38,127
267,38,491
268,38,12
269,38,627
270,38,390
271,38,555
272,38,347
273,38,223
274,38,458
275,38,214
276,38,230
277,38,545
278,38,503
279,38,797
280,38,887
281,38,293
282,38,219
283,38,869
284,38,225
285,38,204
286,38,933
287,38,697
288,38,842
289,38,807
290,38,307
291,38,201
292,38,655
293,38,140
294,38,541
295,38,630
296,38,460
297,38,567
298,38,241
299,38,120
300,38,454
301,38,647
302,38,41
303,38,851
304,38,511
305,38,74
306,38,821
307,38,386
308,38,376
309,38,485
310,38,725
311,38,206
312,38,316
313,38,334
314,38,516
315,38,813
316,38,119
317,38,464
318,38,668
319,38,727
320,38,733
321,38,632
322,38,836
323,38,466
324,38,8
325,38,197
326,38,338
327,38,658
328,38,134
329,38,728
330,38,77
331,38,285
332,38,893
333,38,656
334,38,792
335,38,401
336,38,227
337,38,236
338,38,102
339,38,765
340,38,983
341,38,695
342,38,305
343,38,256
344,38,54
345,38,1003
346,38,856
347,38,350
348,38,737
349,38,976
350,38,474
351,38,20
352,38,912
353,38,326
354,38,379
355,38,580
356,38,991
357,38,799
358,38,520
359,38,499
360,38,453
361,38,461
362,38,1012
363,38,308
364,38,954
365,38,892
366,38,740
367,38,272
368,38,713
369,38,165
370,38,162
371,38,922
372,38,106
373,38,584
374,38,45
375,38,826
376,38,751
377,38,521
378,38,849
379,38,770
380,38,558
381,38,355
382,38,673
383,38,434
384,38,680
385,38,306
386,38,568
387,38,828
388,38,924
389,38,744
390,38,312
391,38,959
392,38,784
393,38,875
394,38,862
395,38,286
396,38,43
397,38,489
398,38,344
399,38,245
0,39,424
1,39,150
2,39,218
3,39,620
4,39,443
5,39,985
6,39,1006
7,39,669
8,39,311
9,39,526
10,39,590
11,39,173
12,39,379
13,39,786
14,39,691
15,39,587
16,39,783
17,39,1008
18,39,520
19,39,211
20,39,710
21,39,0
22,39,496
23,39,231
24,39,745
25,39,342
26,39,124
27,39,287
28,39,901
29,39,110
30,39,303
31,39,493
32,39,1013
33,39,86
34,39,643
35,39,403
36,39,459
37,39,444
38,39,883
39,39,431
40,39,966
41,39,602
42,39,665
43,39,108
44,39,201
45,39,840
46,39,879
47,39,48
48,39,538
49,39,767
50,39,369
51,39,817
52,39,751
53,39,294
54,39,933
55,39,1005
56,39,533
57,39,266
58,39,410
59,39,490
60,39,808
61,39,476
62,39,881
63,39,814
64,39,742
65,39,489
66,39,462
67,39,878
68,39,433
69,39,750
70,39,555
71,39,394
72,39,649
73,39,819
74,39,117
75,39,570
76,39,615
77,39,297
78,39,548
79,39,779
80,39,891
81,39,749
82,39,356
83,39,99
84,39,283
85,39,537
86,39,983
87,39,186
88,39,934
89,39,686
90,39,973
91,39,170
92,39,784
93,39,220
94,39,823
95,39,887
96,39,253
97,39,882
98,39,437
99,39,617
100,39,921
101,39,834
102,39,561
103,39,558
104,39,596
105,39,614
106,39,137
107,39,267
108,39,239
109,39,654
110,39,114
111,39,449
112,39,92
113,39,791
114,39,404
115,39,450
116,39,62
117,39,44
118,39,69
119,39,606
120,39,868
121,39,432
122,39,568
123,39,781
124,39,176
125,39,399
126,39,101
127,39,516
128,39,535
129,39,142
130,39,589
131,39,1017
132,39,16
133,39,518
134,39,619
135,39,47
136,39,485
137,39,946
138,39,289
139,39,430
140,39,85
141,39,790
142,39,607
143,39,113
144,39,141
145,39,822
146,39,852
147,39,242
148,39,190
149,39,96
150,39,955
151,39,550
152,39,536
153,39,319
154,39,75
155,39,663
156,39,38
157,39,920
158,39,635
159,39,753
160,39,104
161,39,504
162,39,149
163,39,98
164,39,401
165,39,35
166,39,277
167,39,838
168,39,931
169,39,563
170,39,464
171,39,505
172,39,332
173,39,165
174,39,865
175,39,758
176,39,80
177,39,662
178,39,877
179,39,326
180,39,1003
181,39,953
182,39,809
183,39,990
184,39,261
185,39,532
186,39,815
187,39,84
188,39,256
189,39,743
190,39,436
191,39,622
192,39,237
193,39,970
194,39,580
195,39,938
196,39,491
197,39,957
198,39,465
199,39,309
200,39,412
201,39,948
202,39,980
203,39,962
204,39,112
205,39,217
206,39,549
207,39,233
208,39,571
209,39,914
210,39,187
211,39,667
212,39,960
213,39,135
214,39,179
215,39,161
216,39,916
217,39,772
218,39,565
219,39,929
220,39,952
221,39,77
222,39,188
223,39,460
224,39,818
225,39,610
226,39,942
227,39,1019
228,39,171
229,39,874
230,39,251
231,39,27
232,39,36
233,39,184
234,39,857
235,39,252
236,39,156
237,39,157
238,39,997
239,39,393
240,39,206
241,39,494
242,39,349
243,39,794
244,39,531
245,39,1002
246,39,777
247,39,527
248,39,174
249,39,318
250,39,302
251,39,951
252,39,539
253,39,88
254,39,148
255,39,160
256,39,346
257,39,978
258,39,5
259,39,965
260,39,34
261,39,645
262,39,763
263,39,509
264,39,827
265,39,428
266,39,127
267,39,492
268,39,11
269,39,627
270,39,390
271,39,554
272,39,348
273,39,223
274,39,457
275,39,214
276,39,229
277,39,545
278,39,503
279,39,797
280,39,919
281,39,293
282,39,219
283,39,869
284,39,193
285,39,204
286,39,932
287,39,697
288,39,842
289,39,775
290,39,308
291,39,202
292,39,656
293,39,140
294,39,541
295,39,630
296,39,461
297,39,566
298,39,241
299,39,121
300,39,454
301,39,646
302,39,41
303,39,851
304,39,511
305,39,42
306,39,821
307,39,386
308,39,377
309,39,453
310,39,725
311,39,205
312,39,315
313,39,333
314,39,517
315,39,813
316,39,119
317,39,463
318,39,668
319,39,728
320,39,734
321,39,632
322,39,835
323,39,498
324,39,8
325,39,197
326,39,339
327,39,658
328,39,133
329,39,760
330,39,78
331,39,285
332,39,894
333,39,688
334,39,792
335,39,400
336,39,228
337,39,236
338,39,70
339,39,733
340,39,982
341,39,696
342,39,304
343,39,257
344,39,54
345,39,1004
346,39,856
347,39,351
348,39,737
349,39,976
350,39,506
351,39,52
352,39,912
353,39,325
354,39,380
355,39,612
356,39,991
357,39,799
358,39,519
359,39,499
360,39,421
361,39,429
362,39,1012
363,39,276
364,39,986
365,39,893
366,39,739
367,39,273
368,39,713
369,39,166
370,39,162
371,39,922
372,39,106
373,39,616
374,39,45
375,39,826
376,39,752
377,39,553
378,39,849
379,39,802
380,39,559
381,39,355
382,39,673
383,39,435
384,39,681
385,39,305
386,39,567
387,39,828
388,39,892
389,39,776
390,39,344
391,39,927
392,39,785
393,39,875
394,39,862
395,39,286
396,39,43
397,39,521
398,39,345
399,39,245
0,40,424
1,40,151
2,40,219
3,40,652
4,40,443
5,40,986
6,40,1006
7,40,669
8,40,311
9,40,558
10,40,589
11,40,172
12,40,347
13,40,754
14,40,692
15,40,619
16,40,784
17,40,1008
18,40,520
19,40,212
20,40,710
21,40,0
22,40,464
23,40,230
24,40,713
25,40,310
26,40,123
27,40,255
28,40,901
29,40,142
30,40,304
31,40,492
32,40,1013
33,40,85
34,40,643
35,40,371
36,40,491
37,40,412
38,40,915
39,40,430
40,40,965
41,40,603
42,40,666
43,40,107
44,40,200
45,40,839
46,40,911
47,40,47
48,40,539
49,40,767
50,40,368
51,40,849
52,40,783
53,40,326
54,40,932
55,40,973
56,40,534
57,40,266
58,40,442
59,40,458
60,40,807
61,40,476
62,40,882
63,40,813
64,40,742
65,40,521
66,40,494
67,40,877
68,40,432
69,40,782
70,40,587
71,40,362
72,40,649
73,40,851
74,40,118
75,40,538
76,40,583
77,40,297
78,40,516
79,40,779
80,40,891
81,40,750
82,40,356
83,40,99
84,40,283
85,40,537
86,40,984
87,40,185
88,40,966
89,40,686
90,40,941
91,40,170
92,40,816
93,40,221
94,40,824
95,40,887
96,40,252
97,40,883
98,40,438
99,40,617
100,40,922
101,40,802
102,40,560
103,40,557
104,40,597
105,40,614
106,40,137
107,40,267
108,40,239
109,40,654
110,40,113
111,40,449
112,40,60
113,40,791
114,40,403
115,40,450
116,40,62
117,40,44
118,40,101
119,40,606
120,40,868
121,40,431
122,40,600
123,40,749
124,40,176
125,40,367
126,40,102
127,40,517
128,40,503
129,40,174
130,40,588
131,40,985
132,40,16
133,40,518
134,40,651
135,40,46
136,40,484
137,40,978
138,40,321
139,40,398
140,40,117
141,40,822
142,40,607
143,40,145
144,40,173
145,40,823
146,40,852
147,40,210
148,40,190
149,40,96
150,40,955
151,40,550
152,40,535
153,40,287
154,40,75
155,40,695
156,40,39
157,40,952
158,40,635
159,40,785
160,40,104
161,40,472
162,40,150
163,40,98
164,40,433
165,40,35
166,40,277
167,40,838
168,40,963
169,40,531
170,40,463
171,40,473
172,40,331
173,40,133
174,40,865
175,40,790
176,40,112
177,40,663
178,40,909
179,40,327
180,40,1004
181,40,921
182,40,809
183,40,989
184,40,261
185,40,564
186,40,814
187,40,52
188,40,256
189,40,711
190,40,437
191,40,621
192,40,238
193,40,970
194,40,580
195,40,938
196,40,490
197,40,957
198,40,466
199,40,309
200,40,380
201,40,949
202,40,980
203,40,962
204,40,144
205,40,218
206,40,581
207,40,201
208,40,570
209,40,914
210,40,186
211,40,667
212,40,960
213,40,135
214,40,179
215,40,161
216,40,916
217,40,772
218,40,566
219,40,929
220,40,953
221,40,77
222,40,156
223,40,459
224,40,819
225,40,610
226,40,942
227,40,1020
228,40,171
229,40,875
230,40,250
231,40,27
232,40,36
233,40,184
234,40,857
235,40,220
236,40,124
237,40,157
238,40,996
239,40,392
240,40,205
241,40,493
242,40,317
243,40,794
244,40,532
245,40,1003
246,40,777
247,40,526
248,40,175
249,40,318
250,40,303
251,40,983
252,40,571
253,40,88
254,40,148
255,40,160
256,40,378
257,40,977
258,40,5
259,40,933
260,40,34
261,40,646
262,40,763
263,40,509
264,40,827
265,40,396
266,40,127
267,40,460
268,40,11
269,40,627
270,40,390
271,40,555
272,40,349
273,40,223
274,40,489
275,40,214
276,40,228
277,40,545
278,40,504
279,40,797
280,40,951
281,40,294
282,40,251
283,40,869
284,40,193
285,40,204
286,40,931
287,40,665
288,40,842
289,40,743
290,40,276
291,40,202
292,40,656
293,40,140
294,40,541
295,40,630
296,40,429
297,40,567
298,40,242
299,40,122
300,40,454
301,40,678
302,40,41
303,40,850
304,40,511
305,40,10
306,40,821
307,40,386
308,40,377
309,40,421
310,40,725
311,40,237
312,40,315
313,40,333
314,40,549
315,40,781
316,40,119
317,40,462
318,40,668
319,40,728
320,40,766
321,40,632
322,40,834
323,40,497
324,40,8
325,40,197
326,40,340
327,40,658
328,40,132
329,40,792
330,40,110
331,40,285
332,40,894
333,40,689
334,40,793
335,40,401
336,40,227
337,40,236
338,40,70
339,40,701
340,40,981
341,40,697
342,40,336
343,40,225
344,40,54
345,40,1005
346,40,856
347,40,319
348,40,737
349,40,976
350,40,506
351,40,51
352,40,912
353,40,325
354,40,379
355,40,613
356,40,991
357,40,799
358,40,551
359,40,499
360,40,422
361,40,428
362,40,1012
363,40,244
364,40,1018
365,40,893
366,40,738
367,40,241
368,40,681
369,40,165
370,40,162
371,40,923
372,40,106
373,40,615
374,40,45
375,40,826
376,40,751
377,40,552
378,40,881
379,40,770
380,40,559
381,40,355
382,40,673
383,40,436
384,40,682
385,40,305
386,40,568
387,40,828
388,40,892
389,40,776
390,40,343
391,40,895
392,40,786
393,40,876
394,40,862
395,40,286
396,40,43
397,40,522
398,40,346
399,40,245
0,41,423
1,41,183
2,41,187
3,41,651
4,41,443
5,41,954
6,41,1007
7,41,669
8,41,311
9,41,559
10,41,588
11,41,171
12,41,315
13,41,786
14,41,693
15,41,618
16,41,784
17,41,1008
18,41,552
19,41,213
20,41,742
21,41,0
22,41,463
23,41,230
24,41,713
25,41,278
26,41,155
27,41,255
28,41,901
29,41,142
30,41,336
31,41,524
32,41,1013
33,41,84
34,41,643
35,41,339
36,41,492
37,41,380
38,41,914
39,41,431
40,41,997
41,41,604
42,41,665
43,41,107
44,41,199
45,41,838
46,41,911
47,41,48
48,41,540
49,41,767
50,41,400
51,41,881
52,41,783
53,41,358
54,41,933
55,41,1005
56,41,535
57,41,266
58,41,474
59,41,426
60,41,839
61,41,476
62,41,883
63,41,781
64,41,743
65,41,520
66,41,493
67,41,909
68,41,432
69,41,750
70,41,586
71,41,363
72,41,649
73,41,850
74,41,150
75,41,570
76,41,584
77,41,297
78,41,484
79,41,779
80,41,892
81,41,751
82,41,356
83,41,99
84,41,251
85,41,537
86,41,983
87,41,186
88,41,966
89,41,686
90,41,973
91,41,170
92,41,815
93,41,221
94,41,856
95,41,887
96,41,252
97,41,851
98,41,438
99,41,617
100,41,923
101,41,801
102,41,560
103,41,589
104,41,598
105,41,646
106,41,137
107,41,267
108,41,239
109,41,654
110,41,81
111,41,449
112,41,60
113,41,790
114,41,402
115,41,450
116,41,62
117,41,76
118,41,101
119,41,606
120,41,868
121,41,399
122,41,632
123,41,748
124,41,177
125,41,335
126,41,102
127,41,516
128,41,471
129,41,173
130,41,620
131,41,985
132,41,16
133,41,518
134,41,619
135,41,47
136,41,483
137,41,978
138,41,353
139,41,366
140,41,118
141,41,821
142,41,607
143,41,146
144,41,141
145,41,791
146,41,852
147,41,242
148,41,190
149,41,96
150,41,955
151,41,550
152,41,503
153,41,286
154,41,75
155,41,695
156,41,40
157,41,952
158,41,635
159,41,785
160,41,104
161,41,472
162,41,151
163,41,98
164,41,433
165,41,35
166,41,309
167,41,837
168,41,962
169,41,531
170,41,462
171,41,473
172,41,299
173,41,165
174,41,865
175,41,822
176,41,113
177,41,663
178,41,910
179,41,326
180,41,972
181,41,921
182,41,809
183,41,988
184,41,261
185,41,596
186,41,813
187,41,20
188,41,256
189,41,712
190,41,405
191,41,621
192,41,237
193,41,970
194,41,580
195,41,938
196,41,490
197,41,957
198,41,467
199,41,310
200,41,381
201,41,981
202,41,948
203,41,930
204,41,112
205,41,219
206,41,613
207,41,201
208,41,571
209,41,946
210,41,218
211,41,667
212,41,960
213,41,135
214,41,179
215,41,129
216,41,916
217,41,772
218,41,566
219,41,929
220,41,953
221,41,77
222,41,156
223,41,460
224,41,819
225,41,610
226,41,941
227,41,1020
228,41,203
229,41,876
230,41,249
231,41,27
232,41,36
233,41,184
234,41,857
235,41,220
236,41,92
237,41,157
238,41,996
239,41,424
240,41,205
241,41,525
242,41,285
243,41,794
244,41,532
245,41,1004
246,41,777
247,41,526
248,41,176
249,41,317
250,41,304
251,41,982
252,41,603
253,41,88
254,41,148
255,41,160
256,41,346
257,41,976
258,41,5
259,41,965
260,41,34
261,41,678
262,41,763
263,41,509
264,41,827
265,41,396
266,41,127
267,41,428
268,41,43
269,41,627
270,41,390
271,41,555
272,41,350
273,41,223
274,41,521
275,41,214
276,41,227
277,41,545
278,41,504
279,41,797
280,41,951
281,41,294
282,41,250
283,41,869
284,41,161
285,41,204
286,41,931
287,41,697
288,41,842
289,41,711
290,41,277
291,41,202
292,41,656
293,41,140
294,41,541
295,41,630
296,41,430
297,41,567
298,41,241
299,41,123
300,41,454
301,41,710
302,41,41
303,41,818
304,41,511
305,41,11
306,41,820
307,41,386
308,41,378
309,41,420
310,41,725
311,41,269
312,41,283
313,41,333
314,41,581
315,41,749
316,41,119
317,41,461
318,41,668
319,41,728
320,41,798
321,41,633
322,41,866
323,41,496
324,41,8
325,41,197
326,41,341
327,41,658
328,41,132
329,41,824
330,41,110
331,41,284
332,41,894
333,41,689
334,41,792
335,41,369
336,41,226
337,41,236
338,41,70
339,41,701
340,41,980
341,41,698
342,41,368
343,41,193
344,41,54
345,41,1006
346,41,855
347,41,287
348,41,736
349,41,944
350,41,538
351,41,51
352,41,912
353,41,325
354,41,379
355,41,645
356,41,991
357,41,799
358,41,583
359,41,499
360,41,421
361,41,429
362,41,1012
363,41,243
364,41,1018
365,41,893
366,41,737
367,41,209
368,41,681
369,41,164
370,41,162
371,41,891
372,41,106
373,41,614
374,41,45
375,41,826
376,41,752
377,41,551
378,41,882
379,41,802
380,41,527
381,41,355
382,41,673
383,41,437
384,41,682
385,41,305
386,41,568
387,41,828
388,41,924
389,41,776
390,41,343
391,41,895
392,41,787
393,41,877
394,41,862
395,41,318
396,41,44
397,41,523
398,41,347
399,41,245
0,42,422
1,42,183
2,42,155
3,42,683
4,42,443
5,42,954
6,42,1007
7,42,669
8,42,311
9,42,560
10,42,556
11,42,139
12,42,283
13,42,786
14,42,694
15,42,650
16,42,784
17,42,1008
18,42,551
19,42,214
20,42,742
21,42,0
22,42,462
23,42,230
24,42,713
25,42,246
26,42,123
27,42,254
28,42,901
29,42,142
30,42,304
31,42,524
32,42,1013
33,42,52
34,42,643
35,42,307
36,42,460
37,42,412
38,42,913
39,42,463
40,42,997
41,42,603
42,42,665
43,42,107
44,42,167
45,42,837
46,42,911
47,42,47
48,42,540
49,42,767
50,42,399
51,42,882
52,42,783
53,42,358
54,42,933
55,42,1006
56,42,536
57,42,266
58,42,474
59,42,394
60,42,839
61,42,476
62,42,884
63,42,813
64,42,775
65,42,552
66,42,492
67,42,877
68,42,432
69,42,749
70,42,618
71,42,363
72,42,649
73,42,851
74,42,151
75,42,602
76,42,616
77,42,297
78,42,484
79,42,779
80,42,891
81,42,752
82,42,356
83,42,99
84,42,252
85,42,538
86,42,983
87,42,186
88,42,966
89,42,686
90,42,972
91,42,170
92,42,814
93,42,221
94,42,857
95,42,887
96,42,220
97,42,883
98,42,470
99,42,617
100,42,924
101,42,802
102,42,528
103,42,588
104,42,599
105,42,614
106,42,137
107,42,267
108,42,239
109,42,654
110,42,81
111,42,449
112,42,28
113,42,758
114,42,434
115,42,450
116,42,62
117,42,44
118,42,101
119,42,606
120,42,868
121,42,431
122,42,664
123,42,748
124,42,176
125,42,334
126,42,102
127,42,516
128,42,439
129,42,172
130,42,652
131,42,985
132,42,16
133,42,518
134,42,619
135,42,46
136,42,451
137,42,978
138,42,385
139,42,367
140,42,117
141,42,822
142,42,607
143,42,146
144,42,173
145,42,790
146,42,852
147,42,242
148,42,190
149,42,96
150,42,955
151,42,549
152,42,502
153,42,318
154,42,75
155,42,695
156,42,8
157,42,952
158,42,667
159,42,785
160,42,104
161,42,504
162,42,119
163,42,98
164,42,433
165,42,35
166,42,277
167,42,869
168,42,961
169,42,531
170,42,494
171,42,473
172,42,298
173,42,165
174,42,865
175,42,854
176,42,114
177,42,663
178,42,878
179,42,326
180,42,1004
181,42,921
182,42,809
183,42,988
184,42,261
185,42,597
186,42,812
187,42,20
188,42,256
189,42,744
190,42,437
191,42,589
192,42,237
193,42,970
194,42,580
195,42,938
196,42,490
197,42,957
198,42,435
199,42,309
200,42,380
201,42,981
202,42,949
203,42,962
204,42,80
205,42,251
206,42,645
207,42,201
208,42,571
209,42,914
210,42,217
211,42,699
212,42,960
213,42,135
214,42,179
215,42,161
216,42,916
217,42,772
218,42,566
219,42,929
220,42,953
221,42,77
222,42,156
223,42,459
224,42,787
225,42,610
226,42,973
227,42,1020
228,42,171
229,42,908
230,42,250
231,42,27
232,42,36
233,42,184
234,42,889
235,42,219
236,42,60
237,42,157
238,42,996
239,42,423
240,42,205
241,42,493
242,42,253
243,42,794
244,42,532
245,42,1005
246,42,777
247,42,525
248,42,144
249,42,317
250,42,305
251,42,982
252,42,635
253,42,88
254,42,148
255,42,160
256,42,345
257,42,944
258,42,5
259,42,965
260,42,34
261,42,646
262,42,763
263,42,509
264,42,827
265,42,364
266,42,127
267,42,396
268,42,11
269,42,627
270,42,390
271,42,555
272,42,349
273,42,223
274,42,520
275,42,215
276,42,226
277,42,545
278,42,503
279,42,797
280,42,951
281,42,294
282,42,218
283,42,870
284,42,193
285,42,204
286,42,930
287,42,697
288,42,842
289,42,710
290,42,245
291,42,202
292,42,656
293,42,140
294,42,541
295,42,630
296,42,429
297,42,535
298,42,241
299,42,124
300,42,454
301,42,709
302,42,41
303,42,819
304,42,511
305,42,12
306,42,821
307,42,386
308,42,379
309,42,420
310,42,725
311,42,301
312,42,284
313,42,333
314,42,581
315,42,781
316,42,118
317,42,461
318,42,668
319,42,728
320,42,830
321,42,632
322,42,898
323,42,496
324,42,9
325,42,197
326,42,342
327,42,658
328,42,132
329,42,856
330,42,110
331,42,285
332,42,894
333,42,689
334,42,792
335,42,369
336,42,225
337,42,236
338,42,70
339,42,701
340,42,948
341,42,698
342,42,400
343,42,194
344,42,54
345,42,974
346,42,855
347,42,255
348,42,768
349,42,943
350,42,570
351,42,51
352,42,912
353,42,325
354,42,347
355,42,677
356,42,991
357,42,799
358,42,584
359,42,499
360,42,453
361,42,428
362,42,1012
363,42,211
364,42,1018
365,42,893
366,42,736
367,42,210
368,42,681
369,42,164
370,42,162
371,42,923
372,42,106
373,42,613
374,42,45
375,42,826
376,42,753
377,42,550
378,42,850
379,42,834
380,42,559
381,42,355
382,42,673
383,42,438
384,42,682
385,42,273
386,42,568
387,42,828
388,42,892
389,42,776
390,42,343
391,42,895
392,42,788
393,42,876
394,42,862
395,42,350
396,42,43
397,42,523
398,42,348
399,42,244
0,43,454
1,43,151
2,43,123
3,43,683
4,43,443
5,43,954
6,43,1008
7,43,669
8,43,311
9,43,528
10,43,556
11,43,138
12,43,251
13,43,786
14,43,695
15,43,651
16,43,784
17,43,976
18,43,519
19,43,215
20,43,710
21,43,0
22,43,461
23,43,230
24,43,713
25,43,246
26,43,91
27,43,255
28,43,901
29,43,142
30,43,304
31,43,523
32,43,1013
33,43,51
34,43,643
35,43,308
36,43,492
37,43,380
38,43,912
39,43,462
40,43,997
41,43,603
42,43,665
43,43,107
44,43,166
45,43,836
46,43,911
47,43,46
48,43,540
49,43,767
50,43,431
51,43,914
52,43,783
53,43,358
54,43,933
55,43,1007
56,43,537
57,43,266
58,43,474
59,43,362
60,43,839
61,43,476
62,43,885
63,43,814
64,43,775
65,43,553
66,43,491
67,43,877
68,43,464
69,43,749
70,43,650
71,43,363
72,43,649
73,43,883
74,43,150
75,43,570
76,43,616
77,43,297
78,43,484
79,43,779
80,43,891
81,43,753
82,43,356
83,43,99
84,43,284
85,43,506
86,43,983
87,43,186
88,43,966
89,43,686
90,43,1004
91,43,170
92,43,815
93,43,220
94,43,858
95,43,887
96,43,252
97,43,882
98,43,469
99,43,617
100,43,924
101,43,770
102,43,529
103,43,620
104,43,600
105,43,614
106,43,137
107,43,267
108,43,239
109,43,654
110,43,81
111,43,449
112,43,60
113,43,757
114,43,434
115,43,450
116,43,62
117,43,44
118,43,101
119,43,606
120,43,868
121,43,432
122,43,696
123,43,748
124,43,176
125,43,335
126,43,102
127,43,516
128,43,407
129,43,171
130,43,684
131,43,985
132,43,16
133,43,518
134,43,619
135,43,78
136,43,419
137,43,978
138,43,417
139,43,368
140,43,118
141,43,790
142,43,607
143,43,114
144,43,173
145,43,758
146,43,852
147,43,242
148,43,190
149,43,96
150,43,955
151,43,517
152,43,534
153,43,319
154,43,75
155,43,663
156,43,9
157,43,952
158,43,668
159,43,785
160,43,104
161,43,504
162,43,120
163,43,98
164,43,433
165,43,35
166,43,277
167,43,870
168,43,961
169,43,531
170,43,526
171,43,473
172,43,298
173,43,165
174,43,865
175,43,854
176,43,115
177,43,664
178,43,878
179,43,326
180,43,1003
181,43,921
182,43,809
183,43,988
184,43,261
185,43,597
186,43,811
187,43,20
188,43,256
189,43,743
190,43,437
191,43,557
192,43,237
193,43,970
194,43,580
195,43,938
196,43,490
197,43,957
198,43,403
199,43,309
200,43,379
201,43,980
202,43,981
203,43,962
204,43,80
205,43,219
206,43,645
207,43,201
208,43,571
209,43,915
210,43,216
211,43,731
212,43,960
213,43,135
214,43,178
215,43,129
216,43,916
217,43,772
218,43,566
219,43,897
220,43,953
221,43,77
222,43,156
223,43,459
224,43,788
225,43,610
226,43,972
227,43,1020
228,43,139
229,43,908
230,43,250
231,43,27
232,43,36
233,43,184
234,43,857
235,43,218
236,43,61
237,43,157
238,43,996
239,43,422
240,43,205
241,43,494
242,43,221
243,43,794
244,43,532
245,43,1006
246,43,777
247,43,524
248,43,112
249,43,317
250,43,306
251,43,982
252,43,667
253,43,88
254,43,148
255,43,160
256,43,345
257,43,945
258,43,5
259,43,965
260,43,34
261,43,646
262,43,763
263,43,509
264,43,827
265,43,332
266,43,127
267,43,364
268,43,10
269,43,627
270,43,390
271,43,555
272,43,350
273,43,191
274,43,552
275,43,183
276,43,227
277,43,545
278,43,503
279,43,797
280,43,951
281,43,294
282,43,217
283,43,838
284,43,193
285,43,204
286,43,929
287,43,697
288,43,842
289,43,709
290,43,213
291,43,202
292,43,656
293,43,140
294,43,541
295,43,630
296,43,428
297,43,535
298,43,241
299,43,92
300,43,453
301,43,741
302,43,40
303,43,787
304,43,511
305,43,12
306,43,821
307,43,386
308,43,347
309,43,420
310,43,725
311,43,333
312,43,283
313,43,334
314,43,613
315,43,813
316,43,119
317,43,460
318,43,700
319,43,728
320,43,862
321,43,632
322,43,930
323,43,496
324,43,41
325,43,197
326,43,343
327,43,658
328,43,132
329,43,888
330,43,110
331,43,285
332,43,893
333,43,689
334,43,792
335,43,369
336,43,226
337,43,236
338,43,70
339,43,701
340,43,947
341,43,699
342,43,400
343,43,162
344,43,54
345,43,973
346,43,856
347,43,223
348,43,769
349,43,944
350,43,538
351,43,19
352,43,880
353,43,325
354,43,346
355,43,677
356,43,991
357,43,799
358,43,584
359,43,499
360,43,421
361,43,396
362,43,1012
363,43,179
364,43,1018
365,43,861
366,43,768
367,43,211
368,43,681
369,43,164
370,43,161
371,43,922
372,43,106
373,43,612
374,43,45
375,43,826
376,43,721
377,43,549
378,43,849
379,43,834
380,43,559
381,43,355
382,43,673
383,43,439
384,43,682
385,43,305
386,43,568
387,43,828
388,43,892
389,43,776
390,43,344
391,43,895
392,43,820
393,43,875
394,43,894
395,43,318
396,43,43
397,43,522
398,43,349
399,43,245
0,44,422
1,44,119
2,44,91
3,44,683
4,44,443
5,44,954
6,44,976
7,44,669
8,44,311
9,44,496
10,44,557
11,44,137
12,44,219
13,44,786
14,44,696
15,44,619
16,44,784
17,44,944
18,44,520
19,44,183
20,44,710
21,44,0
22,44,460
23,44,230
24,44,713
25,44,246
26,44,59
27,44,287
28,44,901
29,44,142
30,44,304
31,44,524
32,44,1013
33,44,50
34,44,643
35,44,276
36,44,493
37,44,380
38,44,911
39,44,461
40,44,997
41,44,603
42,44,664
43,44,107
44,44,134
45,44,835
46,44,910
47,44,45
48,44,540
49,44,767
50,44,463
51,44,915
52,44,782
53,44,358
54,44,933
55,44,1008
56,44,537
57,44,266
58,44,473
59,44,362
60,44,839
61,44,476
62,44,886
63,44,815
64,44,775
65,44,521
66,44,523
67,44,877
68,44,465
69,44,749
70,44,650
71,44,363
72,44,649
73,44,883
74,44,151
75,44,538
76,44,616
77,44,297
78,44,484
79,44,779
80,44,891
81,44,754
82,44,356
83,44,99
84,44,283
85,44,474
86,44,983
87,44,186
88,44,966
89,44,686
90,44,972
91,44,170
92,44,783
93,44,188
94,44,890
95,44,887
96,44,252
97,44,882
98,44,468
99,44,617
100,44,924
101,44,770
102,44,561
103,44,652
104,44,568
105,44,614
106,44,136
107,44,267
108,44,239
109,44,654
110,44,81
111,44,450
112,44,60
113,44,725
114,44,434
115,44,418
116,44,62
117,44,12
118,44,101
119,44,606
120,44,868
121,44,431
122,44,697
123,44,748
124,44,176
125,44,367
126,44,102
127,44,516
128,44,375
129,44,203
130,44,716
131,44,985
132,44,16
133,44,518
134,44,587
135,44,46
136,44,387
137,44,978
138,44,449
139,44,369
140,44,117
141,44,758
142,44,607
143,44,114
144,44,173
145,44,757
146,44,852
147,44,242
148,44,190
149,44,96
150,44,955
151,44,549
152,44,534
153,44,319
154,44,75
155,44,695
156,44,10
157,44,952
158,44,700
159,44,785
160,44,104
161,44,504
162,44,120
163,44,98
164,44,433
165,44,35
166,44,277
167,44,838
168,44,961
169,44,531
170,44,494
171,44,441
172,44,298
173,44,165
174,44,865
175,44,854
176,44,115
177,44,663
178,44,878
179,44,326
180,44,1003
181,44,921
182,44,809
183,44,988
184,44,261
185,44,597
186,44,843
187,44,20
188,44,256
189,44,743
190,44,437
191,44,525
192,44,237
193,44,970
194,44,579
195,44,938
196,44,490
197,44,957
198,44,404
199,44,309
200,44,378
201,44,979
202,44,980
203,44,962
204,44,80
205,44,220
206,44,646
207,44,201
208,44,571
209,44,916
210,44,215
211,44,731
212,44,960
213,44,135
214,44,178
215,44,161
216,44,948
217,44,772
218,44,566
219,44,898
220,44,953
221,44,77
222,44,156
223,44,491
224,44,787
225,44,610
226,44,973
227,44,1020
228,44,171
229,44,908
230,44,251
231,44,27
232,44,36
233,44,185
234,44,857
235,44,218
236,44,29
237,44,157
238,44,996
239,44,421
240,44,205
241,44,462
242,44,222
243,44,794
244,44,532
245,44,1007
246,44,777
247,44,492
248,44,112
249,44,318
250,44,307
251,44,982
252,44,668
253,44,88
254,44,148
255,44,160
256,44,345
257,44,945
258,44,5
259,44,965
260,44,34
261,44,678
262,44,763
263,44,509
264,44,827
265,44,331
266,44,127
267,44,332
268,44,42
269,44,627
270,44,390
271,44,555
272,44,350
273,44,159
274,44,551
275,44,184
276,44,259
277,44,545
278,44,503
279,44,797
280,44,951
281,44,294
282,44,216
283,44,837
284,44,193
285,44,204
286,44,897
287,44,665
288,44,842
289,44,677
290,44,213
291,44,202
292,44,656
293,44,140
294,44,541
295,44,630
296,44,396
297,44,535
298,44,241
299,44,93
300,44,454
301,44,740
302,44,41
303,44,755
304,44,511
305,44,11
306,44,822
307,44,386
308,44,379
309,44,420
310,44,724
311,44,334
312,44,315
313,44,335
314,44,613
315,44,813
316,44,118
317,44,459
318,44,699
319,44,728
320,44,894
321,44,632
322,44,929
323,44,464
324,44,9
325,44,197
326,44,344
327,44,658
328,44,132
329,44,920
330,44,110
331,44,285
332,44,893
333,44,689
334,44,792
335,44,401
336,44,227
337,44,236
338,44,70
339,44,701
340,44,947
341,44,667
342,44,432
343,44,130
344,44,54
345,44,1005
346,44,856
347,44,191
348,44,737
349,44,912
350,44,506
351,44,51
352,44,880
353,44,325
354,44,346
355,44,645
356,44,991
357,44,799
358,44,552
359,44,499
360,44,453
361,44,364
362,44,1012
363,44,147
364,44,1018
365,44,861
366,44,800
367,44,179
368,44,681
369,44,164
370,44,162
371,44,922
372,44,106
373,44,580
374,44,44
375,44,826
376,44,720
377,44,548
378,44,849
379,44,834
380,44,559
381,44,355
382,44,673
383,44,471
384,44,682
385,44,305
386,44,536
387,44,828
388,44,892
389,44,776
390,44,312
391,44,927
392,44,821
393,44,875
394,44,895
395,44,286
396,44,43
397,44,522
398,44,349
399,44,245
0,45,423
1,45,151
2,45,59
3,45,683
4,45,443
5,45,986
6,45,944
7,45,669
8,45,311
9,45,528
10,45,557
11,45,105
12,45,187
13,45,786
14,45,697
15,45,618
16,45,784
17,45,945
18,45,520
19,45,184
20,45,710
21,45,0
22,45,459
23,45,230
24,45,713
25,45,246
26,45,27
27,45,287
28,45,901
29,45,142
30,45,304
31,45,492
32,45,1013
33,45,49
34,45,643
35,45,244
36,45,461
37,45,380
38,45,910
39,45,460
40,45,997
41,45,603
42,45,664
43,45,107
44,45,102
45,45,867
46,45,909
47,45,44
48,45,540
49,45,767
50,45,462
51,45,916
52,45,814
53,45,390
54,45,933
55,45,976
56,45,537
57,45,266
58,45,473
59,45,362
60,45,839
61,45,476
62,45,887
63,45,847
64,45,775
65,45,521
66,45,555
67,45,877
68,45,433
69,45,750
70,45,650
71,45,331
72,45,649
73,45,915
74,45,183
75,45,506
76,45,616
77,45,297
78,45,484
79,45,779
80,45,891
81,45,755
82,45,356
83,45,67
84,45,283
85,45,474
86,45,983
87,45,186
88,45,966
89,45,686
90,45,973
91,45,170
92,45,782
93,45,220
94,45,890
95,45,888
96,45,253
97,45,883
98,45,436
99,45,617
100,45,924
101,45,770
102,45,560
103,45,652
104,45,569
105,45,614
106,45,137
107,45,267
108,45,239
109,45,654
110,45,81
111,45,482
112,45,60
113,45,693
114,45,434
115,45,418
116,45,62
117,45,13
118,45,69
119,45,606
120,45,868
121,45,431
122,45,698
123,45,749
124,45,176
125,45,335
126,45,101
127,45,516
128,45,375
129,45,235
130,45,748
131,45,985
132,45,16
133,45,518
134,45,619
135,45,47
136,45,355
137,45,978
138,45,450
139,45,370
140,45,118
141,45,757
142,45,607
143,45,114
144,45,173
145,45,725
146,45,852
147,45,242
148,45,190
149,45,96
150,45,955
151,45,549
152,45,566
153,45,319
154,45,75
155,45,695
156,45,11
157,45,952
158,45,699
159,45,785
160,45,104
161,45,504
162,45,120
163,45,99
164,45,432
165,45,35
166,45,277
167,45,838
168,45,961
169,45,531
170,45,526
171,45,441
172,45,298
173,45,165
174,45,865
175,45,855
176,45,115
177,45,663
178,45,878
179,45,326
180,45,1003
181,45,922
182,45,809
183,45,988
184,45,261
185,45,597
186,45,843
187,45,20
188,45,256
189,45,743
190,45,437
191,45,525
192,45,237
193,45,970
194,45,580
195,45,938
196,45,490
197,45,957
198,45,405
199,45,309
200,45,410
201,45,980
202,45,948
203,45,962
204,45,80
205,45,252
206,45,678
207,45,201
208,45,571
209,45,884
210,45,214
211,45,731
212,45,960
213,45,135
214,45,179
215,45,161
216,45,947
217,45,772
218,45,567
219,45,897
220,45,953
221,45,77
222,45,156
223,45,523
224,45,787
225,45,610
226,45,941
227,45,1020
228,45,171
229,45,908
230,45,251
231,45,28
232,45,36
233,45,185
234,45,857
235,45,219
236,45,29
237,45,157
238,45,996
239,45,421
240,45,205
241,45,494
242,45,223
243,45,794
244,45,532
245,45,1008
246,45,777
247,45,491
248,45,112
249,45,318
250,45,308
251,45,982
252,45,700
253,45,88
254,45,148
255,45,160
256,45,313
257,45,977
258,45,5
259,45,965
260,45,34
261,45,679
262,45,763
263,45,509
264,45,827
265,45,332
266,45,127
267,45,333
268,45,41
269,45,627
270,45,422
271,45,554
272,45,350
273,45,158
274,45,550
275,45,216
276,45,227
277,45,545
278,45,535
279,45,797
280,45,951
281,45,294
282,45,215
283,45,869
284,45,193
285,45,204
286,45,929
287,45,665
288,45,842
289,45,645
290,45,213
291,45,202
292,45,656
293,45,140
294,45,541
295,45,630
296,45,364
297,45,534
298,45,241
299,45,93
300,45,454
301,45,739
302,45,9
303,45,723
304,45,511
305,45,12
306,45,854
307,45,386
308,45,379
309,45,420
310,45,724
311,45,366
312,45,315
313,45,334
314,45,581
315,45,813
316,45,119
317,45,458
318,45,667
319,45,728
320,45,895
321,45,632
322,45,928
323,45,496
324,45,8
325,45,197
326,45,345
327,45,658
328,45,132
329,45,921
330,45,110
331,45,285
332,45,894
333,45,689
334,45,792
335,45,369
336,45,228
337,45,236
338,45,70
339,45,701
340,45,946
341,45,635
342,45,464
343,45,98
344,45,54
345,45,1005
346,45,856
347,45,159
348,45,737
349,45,912
350,45,505
351,45,51
352,45,880
353,45,325
354,45,378
355,45,613
356,45,991
357,45,799
358,45,552
359,45,499
360,45,453
361,45,363
362,45,1012
363,45,146
364,45,1018
365,45,893
366,45,832
367,45,147
368,45,681
369,45,164
370,45,162
371,45,954
372,45,106
373,45,548
374,45,76
375,45,826
376,45,719
377,45,547
378,45,849
379,45,834
380,45,559
381,45,323
382,45,673
383,45,503
384,45,682
385,45,305
386,45,568
387,45,828
388,45,892
389,45,776
390,45,344
391,45,959
392,45,822
393,45,875
394,45,927
395,45,286
396,45,43
397,45,522
398,45,349
399,45,245
0,46,424
1,46,150
2,46,27
3,46,683
4,46,443
5,46,986
6,46,976
7,46,669
8,46,311
9,46,496
10,46,557
11,46,105
12,46,187
13,46,786
14,46,698
15,46,618
16,46,784
17,46,946
18,46,520
19,46,185
20,46,711
21,46,0
22,46,458
23,46,230
24,46,713
25,46,246
26,46,28
27,46,287
28,46,901
29,46,142
30,46,304
31,46,491
32,46,1013
33,46,48
34,46,643
35,46,245
36,46,462
37,46,380
38,46,909
39,46,492
40,46,997
41,46,603
42,46,665
43,46,107
44,46,101
45,46,867
46,46,941
47,46,12
48,46,540
49,46,767
50,46,494
51,46,916
52,46,815
53,46,422
54,46,933
55,46,1008
56,46,538
57,46,298
58,46,474
59,46,362
60,46,839
61,46,476
62,46,919
63,46,847
64,46,775
65,46,521
66,46,554
67,46,877
68,46,432
69,46,749
70,46,650
71,46,330
72,46,649
73,46,947
74,46,215
75,46,507
76,46,616
77,46,297
78,46,484
79,46,779
80,46,891
81,46,755
82,46,356
83,46,99
84,46,283
85,46,506
86,46,983
87,46,186
88,46,966
89,46,686
90,46,973
91,46,170
92,46,814
93,46,220
94,46,890
95,46,887
96,46,252
97,46,915
98,46,435
99,46,617
100,46,924
101,46,770
102,46,560
103,46,652
104,46,570
105,46,646
106,46,137
107,46,266
108,46,239
109,46,654
110,46,81
111,46,481
112,46,92
113,46,693
114,46,434
115,46,450
116,46,62
117,46,45
118,46,69
119,46,606
120,46,868
121,46,431
122,46,730
123,46,748
124,46,176
125,46,334
126,46,100
127,46,516
128,46,375
129,46,267
130,46,780
131,46,985
132,46,16
133,46,518
134,46,619
135,46,47
136,46,323
137,46,1010
138,46,482
139,46,338
140,46,119
141,46,725
142,46,607
143,46,114
144,46,173
145,46,724
146,46,852
147,46,242
148,46,190
149,46,96
150,46,955
151,46,581
152,46,534
153,46,319
154,46,75
155,46,695
156,46,10
157,46,952
158,46,667
159,46,785
160,46,104
161,46,504
162,46,120
163,46,98
164,46,400
165,46,35
166,46,277
167,46,838
168,46,993
169,46,531
170,46,558
171,46,473
172,46,299
173,46,165
174,46,865
175,46,855
176,46,116
177,46,663
178,46,878
179,46,326
180,46,1003
181,46,923
182,46,809
183,46,988
184,46,261
185,46,597
186,46,843
187,46,20
188,46,256
189,46,743
190,46,437
191,46,525
192,46,237
193,46,970
194,46,548
195,46,938
196,46,490
197,46,957
198,46,373
199,46,310
200,46,409
201,46,981
202,46,980
203,46,962
204,46,80
205,46,284
206,46,710
207,46,201
208,46,571
209,46,883
210,46,214
211,46,699
212,46,961
213,46,135
214,46,179
215,46,161
216,46,948
217,46,772
218,46,566
219,46,929
220,46,953
221,46,78
222,46,156
223,46,524
224,46,787
225,46,610
226,46,940
227,46,1020
228,46,171
229,46,908
230,46,251
231,46,60
232,46,36
233,46,153
234,46,857
235,46,219
236,46,29
237,46,157
238,46,996
239,46,453
240,46,205
241,46,526
242,46,191
243,46,794
244,46,532
245,46,1009
246,46,777
247,46,459
248,46,112
249,46,318
250,46,309
251,46,982
252,46,700
253,46,88
254,46,148
255,46,160
256,46,345
257,46,945
258,46,5
259,46,965
260,46,34
261,46,678
262,46,763
263,46,509
264,46,827
265,46,364
266,46,126
267,46,332
268,46,9
269,46,627
270,46,421
271,46,553
272,46,350
273,46,159
274,46,549
275,46,217
276,46,226
277,46,545
278,46,567
279,46,797
280,46,951
281,46,294
282,46,216
283,46,869
284,46,193
285,46,204
286,46,930
287,46,697
288,46,842
289,46,613
290,46,212
291,46,202
292,46,656
293,46,140
294,46,541
295,46,630
296,46,363
297,46,533
298,46,241
299,46,93
300,46,454
301,46,739
302,46,8
303,46,691
304,46,511
305,46,11
306,46,886
307,46,386
308,46,379
309,46,420
310,46,692
311,46,398
312,46,315
313,46,333
314,46,580
315,46,813
316,46,151
317,46,426
318,46,668
319,46,728
320,46,927
321,46,632
322,46,960
323,46,464
324,46,40
325,46,197
326,46,346
327,46,658
328,46,132
329,46,922
330,46,110
331,46,285
332,46,894
333,46,689
334,46,792
335,46,369
336,46,228
337,46,236
338,46,70
339,46,701
340,46,978
341,46,635
342,46,465
343,46,66
344,46,54
345,46,1005
346,46,856
347,46,127
348,46,737
349,46,944
350,46,537
351,46,51
352,46,912
353,46,325
354,46,410
355,46,614
356,46,991
357,46,799
358,46,552
359,46,499
360,46,485
361,46,331
362,46,1012
363,46,147
364,46,1018
365,46,893
366,46,864
367,46,115
368,46,681
369,46,164
370,46,162
371,46,954
372,46,106
373,46,547
374,46,77
375,46,826
376,46,751
377,46,546
378,46,849
379,46,834
380,46,559
381,46,291
382,46,673
383,46,535
384,46,682
385,46,305
386,46,568
387,46,828
388,46,892
389,46,776
390,46,343
391,46,959
392,46,854
393,46,875
394,46,926
395,46,286
396,46,43
397,46,523
398,46,349
399,46,213
0,47,392
1,47,150
2,47,28
3,47,683
4,47,443
5,47,954
6,47,1008
7,47,669
8,47,311
9,47,464
10,47,557
11,47,105
12,47,187
13,47,786
14,47,698
15,47,618
16,47,784
17,47,945
18,47,520
19,47,217
20,47,710
21,47,0
22,47,490
23,47,230
24,47,713
25,47,246
26,47,60
27,47,287
28,47,901
29,47,142
30,47,304
31,47,492
32,47,1013
33,47,48
34,47,643
35,47,213
36,47,463
37,47,380
38,47,908
39,47,524
40,47,997
41,47,603
42,47,665
43,47,107
44,47,100
45,47,867
46,47,909
47,47,11
48,47,540
49,47,767
50,47,493
51,47,884
52,47,783
53,47,454
54,47,933
55,47,1007
56,47,537
57,47,297
58,47,474
59,47,361
60,47,839
61,47,476
62,47,919
63,47,847
64,47,775
65,47,521
66,47,586
67,47,877
68,47,432
69,47,749
70,47,650
71,47,330
72,47,649
73,47,947
74,47,183
75,47,506
76,47,616
77,47,329
78,47,484
79,47,779
80,47,891
81,47,755
82,47,356
83,47,98
84,47,283
85,47,538
86,47,983
87,47,186
88,47,966
89,47,686
90,47,973
91,47,170
92,47,814
93,47,220
94,47,890
95,47,887
96,47,252
97,47,914
98,47,435
99,47,617
100,47,924
101,47,770
102,47,560
103,47,652
104,47,571
105,47,614
106,47,137
107,47,298
108,47,239
109,47,654
110,47,81
111,47,449
112,47,92
113,47,693
114,47,434
115,47,450
116,47,62
117,47,44
118,47,101
119,47,606
120,47,868
121,47,431
122,47,730
123,47,748
124,47,176
125,47,334
126,47,99
127,47,516
128,47,375
129,47,266
130,47,812
131,47,985
132,47,16
133,47,518
134,47,619
135,47,47
136,47,322
137,47,978
138,47,482
139,47,306
140,47,120
141,47,725
142,47,607
143,47,114
144,47,173
145,47,723
146,47,852
147,47,242
148,47,190
149,47,96
150,47,987
151,47,549
152,47,502
153,47,319
154,47,76
155,47,695
156,47,10
157,47,952
158,47,668
159,47,785
160,47,104
161,47,504
162,47,121
163,47,130
164,47,401
165,47,35
166,47,277
167,47,838
168,47,961
169,47,531
170,47,526
171,47,473
172,47,299
173,47,165
174,47,865
175,47,854
176,47,117
177,47,663
178,47,878
179,47,326
180,47,1003
181,47,955
182,47,809
183,47,988
184,47,261
185,47,597
186,47,843
187,47,20
188,47,256
189,47,743
190,47,437
191,47,525
192,47,237
193,47,970
194,47,580
195,47,938
196,47,522
197,47,957
198,47,374
199,47,309
200,47,410
201,47,981
202,47,980
203,47,962
204,47,80
205,47,285
206,47,709
207,47,201
208,47,539
209,47,915
210,47,215
211,47,699
212,47,960
213,47,135
214,47,179
215,47,161
216,47,916
217,47,772
218,47,534
219,47,929
220,47,953
221,47,77
222,47,156
223,47,556
224,47,787
225,47,610
226,47,972
227,47,1020
228,47,171
229,47,907
230,47,251
231,47,59
232,47,36
233,47,185
234,47,857
235,47,219
236,47,29
237,47,157
238,47,996
239,47,421
240,47,205
241,47,494
242,47,159
243,47,794
244,47,532
245,47,1010
246,47,777
247,47,458
248,47,112
249,47,318
250,47,341
251,47,982
252,47,701
253,47,88
254,47,148
255,47,160
256,47,345
257,47,944
258,47,5
259,47,965
260,47,33
261,47,646
262,47,763
263,47,509
264,47,827
265,47,396
266,47,158
267,47,331
268,47,9
269,47,627
270,47,422
271,47,554
272,47,350
273,47,127
274,47,550
275,47,216
276,47,226
277,47,513
278,47,566
279,47,797
280,47,951
281,47,294
282,47,184
283,47,869
284,47,193
285,47,204
286,47,930
287,47,697
288,47,842
289,47,581
290,47,212
291,47,202
292,47,656
293,47,140
294,47,541
295,47,630
296,47,362
297,47,533
298,47,241
299,47,93
300,47,453
301,47,739
302,47,40
303,47,692
304,47,511
305,47,43
306,47,885
307,47,386
308,47,379
309,47,420
310,47,724
311,47,430
312,47,315
313,47,333
314,47,612
315,47,813
316,47,119
317,47,394
318,47,700
319,47,728
320,47,959
321,47,632
322,47,992
323,47,465
324,47,41
325,47,197
326,47,378
327,47,658
328,47,132
329,47,923
330,47,110
331,47,286
332,47,895
333,47,689
334,47,792
335,47,369
336,47,228
337,47,236
338,47,70
339,47,733
340,47,979
341,47,667
342,47,433
343,47,34
344,47,54
345,47,1005
346,47,856
347,47,126
348,47,737
349,47,976
350,47,569
351,47,51
352,47,912
353,47,325
354,47,442
355,47,613
356,47,1023
357,47,799
358,47,552
359,47,499
360,47,485
361,47,363
362,47,1012
363,47,147
364,47,1018
365,47,893
366,47,864
367,47,116
368,47,681
369,47,164
370,47,162
371,47,922
372,47,106
373,47,515
374,47,45
375,47,826
376,47,751
377,47,545
378,47,849
379,47,834
380,47,559
381,47,323
382,47,673
383,47,567
384,47,682
385,47,305
386,47,568
387,47,828
388,47,892
389,47,776
390,47,343
391,47,991
392,47,886
393,47,875
394,47,894
395,47,254
396,47,75
397,47,523
398,47,349
399,47,181
0,48,393
1,48,150
2,48,29
3,48,683
4,48,443
5,48,953
6,48,1007
7,48,669
8,48,311
9,48,465
10,48,589
11,48,105
12,48,187
13,48,786
14,48,698
15,48,618
16,48,784
17,48,977
18,48,520
19,48,249
20,48,710
21,48,0
22,48,522
23,48,230
24,48,713
25,48,246
26,48,92
27,48,287
28,48,901
29,48,142
30,48,304
31,48,524
32,48,1014
33,48,48
34,48,643
35,48,181
36,48,464
37,48,380
38,48,907
39,48,525
40,48,997
41,48,603
42,48,665
43,48,107
44,48,99
45,48,867
46,48,910
47,48,10
48,48,540
49,48,767
50,48,492
51,48,916
52,48,783
53,48,486
54,48,933
55,48,1006
56,48,537
57,48,298
58,48,474
59,48,329
60,48,839
61,48,476
62,48,920
63,48,847
64,48,775
65,48,521
66,48,585
67,48,877
68,48,431
69,48,749
70,48,650
71,48,331
72,48,649
73,48,979
74,48,215
75,48,505
76,48,616
77,48,297
78,48,484
79,48,779
80,48,891
81,48,755
82,48,356
83,48,98
84,48,283
85,48,506
86,48,983
87,48,186
88,48,966
89,48,686
90,48,973
91,48,170
92,48,814
93,48,220
94,48,890
95,48,919
96,48,252
97,48,882
98,48,435
99,48,617
100,48,925
101,48,770
102,48,560
103,48,652
104,48,539
105,48,614
106,48,137
107,48,266
108,48,239
109,48,654
110,48,81
111,48,449
112,48,91
113,48,725
114,48,434
115,48,450
116,48,62
117,48,76
118,48,101
119,48,606
120,48,868
121,48,463
122,48,730
123,48,748
124,48,176
125,48,334
126,48,67
127,48,516
128,48,407
129,48,265
130,48,812
131,48,985
132,48,16
133,48,518
134,48,619
135,48,47
136,48,321
137,48,978
138,48,482
139,48,274
140,48,121
141,48,724
142,48,607
143,48,114
144,48,173
145,48,723
146,48,852
147,48,242
148,48,190
149,48,96
150,48,955
151,48,550
152,48,470
153,48,319
154,48,75
155,48,695
156,48,42
157,48,952
158,48,667
159,48,785
160,48,104
161,48,504
162,48,122
163,48,130
164,48,433
165,48,36
166,48,277
167,48,838
168,48,961
169,48,531
170,48,494
171,48,473
172,48,267
173,48,165
174,48,865
175,48,854
176,48,85
177,48,663
178,48,878
179,48,326
180,48,1003
181,48,954
182,48,809
183,48,988
184,48,261
185,48,597
186,48,843
187,48,20
188,48,256
189,48,743
190,48,437
191,48,557
192,48,237
193,48,970
194,48,548
195,48,938
196,48,554
197,48,957
198,48,375
199,48,309
200,48,410
201,48,1013
202,48,981
203,48,962
204,48,80
205,48,317
206,48,709
207,48,201
208,48,538
209,48,914
210,48,216
211,48,700
212,48,960
213,48,135
214,48,179
215,48,161
216,48,948
217,48,772
218,48,502
219,48,929
220,48,921
221,48,77
222,48,156
223,48,588
224,48,787
225,48,610
226,48,972
227,48,1020
228,48,171
229,48,939
230,48,251
231,48,27
232,48,4
233,48,217
234,48,857
235,48,219
236,48,61
237,48,157
238,48,996
239,48,421
240,48,205
241,48,493
242,48,127
243,48,794
244,48,532
245,48,1011
246,48,777
247,48,426
248,48,112
249,48,318
250,48,373
251,48,982
252,48,701
253,48,88
254,48,148
255,48,160
256,48,345
257,48,944
258,48,5
259,48,965
260,48,34
261,48,646
262,48,763
263,48,509
264,48,827
265,48,428
266,48,159
267,48,299
268,48,8
269,48,627
270,48,390
271,48,555
272,48,350
273,48,126
274,48,551
275,48,184
276,48,226
277,48,545
278,48,534
279,48,797
280,48,951
281,48,294
282,48,185
283,48,869
284,48,193
285,48,204
286,48,930
287,48,697
288,48,842
289,48,580
290,48,213
291,48,202
292,48,656
293,48,140
294,48,541
295,48,630
296,48,361
297,48,533
298,48,241
299,48,93
300,48,454
301,48,739
302,48,41
303,48,660
304,48,511
305,48,44
306,48,886
307,48,386
308,48,347
309,48,420
310,48,692
311,48,462
312,48,315
313,48,333
314,48,613
315,48,813
316,48,119
317,48,394
318,48,668
319,48,728
320,48,958
321,48,632
322,48,992
323,48,497
324,48,9
325,48,197
326,48,379
327,48,658
328,48,132
329,48,924
330,48,110
331,48,285
332,48,894
333,48,689
334,48,792
335,48,369
336,48,228
337,48,236
338,48,70
339,48,733
340,48,980
341,48,699
342,48,432
343,48,35
344,48,54
345,48,1005
346,48,856
347,48,94
348,48,737
349,48,976
350,48,570
351,48,51
352,48,912
353,48,325
354,48,442
355,48,645
356,48,991
357,48,799
358,48,552
359,48,499
360,48,453
361,48,364
362,48,1012
363,48,147
364,48,1018
365,48,893
366,48,864
367,48,117
368,48,681
369,48,164
370,48,162
371,48,922
372,48,106
373,48,483
374,48,45
375,48,826
376,48,751
377,48,544
378,48,849
379,48,834
380,48,559
381,48,355
382,48,673
383,48,599
384,48,682
385,48,305
386,48,568
387,48,828
388,48,892
389,48,776
390,48,343
391,48,959
392,48,887
393,48,875
394,48,862
395,48,286
396,48,43
397,48,523
398,48,349
399,48,149
0,49,361
1,49,151
2,49,29
3,49,683
4,49,443
5,49,921
6,49,1006
7,49,669
8,49,311
9,49,466
10,49,589
11,49,105
12,49,187
13,49,786
14,49,698
15,49,618
16,49,784
17,49,976
18,49,520
19,49,249
20,49,710
21,49,0
22,49,554
23,49,230
24,49,713
25,49,246
26,49,91
27,49,287
28,49,901
29,49,142
30,49,304
31,49,525
32,49,1014
33,49,48
34,49,643
35,49,149
36,49,465
37,49,412
38,49,906
39,49,557
40,49,997
41,49,603
42,49,665
43,49,107
44,49,131
45,49,867
46,49,910
47,49,9
48,49,540
49,49,767
50,49,524
51,49,915
52,49,783
53,49,487
54,49,933
55,49,1005
56,49,537
57,49,297
58,49,474
59,49,330
60,49,839
61,49,476
62,49,952
63,49,847
64,49,775
65,49,521
66,49,584
67,49,877
68,49,432
69,49,749
70,49,650
71,49,363
72,49,649
73,49,1011
74,49,215
75,49,506
76,49,616
77,49,265
78,49,484
79,49,779
80,49,891
81,49,755
82,49,356
83,49,98
84,49,283
85,49,538
86,49,984
87,49,186
88,49,966
89,49,686
90,49,941
91,49,170
92,49,814
93,49,220
94,49,858
95,49,920
96,49,252
97,49,883
98,49,435
99,49,617
100,49,926
101,49,770
102,49,560
103,49,652
104,49,539
105,49,614
106,49,137
107,49,298
108,49,239
109,49,654
110,49,81
111,49,449
112,49,59
113,49,757
114,49,434
115,49,450
116,49,30
117,49,44
118,49,101
119,49,606
120,49,868
121,49,431
122,49,730
123,49,748
124,49,176
125,49,334
126,49,99
127,49,516
128,49,375
129,49,264
130,49,812
131,49,985
132,49,16
133,49,518
134,49,619
135,49,47
136,49,320
137,49,978
138,49,482
139,49,242
140,49,122
141,49,725
142,49,607
143,49,114
144,49,173
145,49,723
146,49,852
147,49,241
148,49,190
149,49,96
150,49,955
151,49,549
152,49,470
153,49,319
154,49,75
155,49,695
156,49,10
157,49,951
158,49,635
159,49,785
160,49,104
161,49,504
162,49,154
163,49,130
164,49,433
165,49,35
166,49,277
167,49,838
168,49,961
169,49,531
170,49,526
171,49,473
172,49,266
173,49,165
174,49,865
175,49,822
176,49,84
177,49,663
178,49,878
179,49,326
180,49,1003
181,49,953
182,49,809
183,49,988
184,49,261
185,49,597
186,49,843
187,49,20
188,49,256
189,49,743
190,49,437
191,49,556
192,49,237
193,49,970
194,49,547
195,49,938
196,49,555
197,49,957
198,49,376
199,49,309
200,49,410
201,49,981
202,49,980
203,49,962
204,49,80
205,49,318
206,49,709
207,49,201
208,49,570
209,49,914
210,49,217
211,49,699
212,49,960
213,49,135
214,49,179
215,49,161
216,49,916
217,49,772
218,49,502
219,49,929
220,49,922
221,49,77
222,49,156
223,49,620
224,49,787
225,49,610
226,49,972
227,49,1020
228,49,171
229,49,940
230,49,251
231,49,27
232,49,36
233,49,185
234,49,857
235,49,219
236,49,61
237,49,157
238,49,996
239,49,421
240,49,205
241,49,493
242,49,95
243,49,794
244,49,532
245,49,1012
246,49,777
247,49,394
248,49,112
249,49,286
250,49,373
251,49,982
252,49,700
253,49,88
254,49,148
255,49,160
256,49,345
257,49,912
258,49,5
259,49,965
260,49,34
261,49,646
262,49,763
263,49,509
264,49,827
265,49,429
266,49,159
267,49,267
268,49,8
269,49,627
270,49,390
271,49,523
272,49,350
273,49,127
274,49,550
275,49,216
276,49,226
277,49,545
278,49,535
279,49,797
280,49,983
281,49,294
282,49,184
283,49,869
284,49,193
285,49,204
286,49,930
287,49,697
288,49,842
289,49,548
290,49,213
291,49,202
292,49,656
293,49,140
294,49,541
295,49,630
296,49,362
297,49,534
298,49,273
299,49,93
300,49,454
301,49,739
302,49,73
303,49,661
304,49,511
305,49,12
306,49,854
307,49,386
308,49,379
309,49,420
310,49,724
311,49,494
312,49,315
313,49,333
314,49,645
315,49,813
316,49,119
317,49,393
318,49,668
319,49,728
320,49,959
321,49,632
322,49,992
323,49,496
324,49,41
325,49,197
326,49,380
327,49,658
328,49,132
329,49,925
330,49,110
331,49,317
332,49,894
333,49,689
334,49,792
335,49,369
336,49,228
337,49,236
338,49,70
339,49,701
340,49,948
341,49,667
342,49,464
343,49,67
344,49,54
345,49,973
346,49,856
347,49,62
348,49,737
349,49,944
350,49,569
351,49,51
352,49,911
353,49,325
354,49,442
355,49,677
356,49,991
357,49,799
358,49,552
359,49,499
360,49,453
361,49,396
362,49,1013
363,49,147
364,49,1018
365,49,893
366,49,864
367,49,85
368,49,681
369,49,164
370,49,162
371,49,890
372,49,106
373,49,451
374,49,45
375,49,826
376,49,751
377,49,544
378,49,849
379,49,834
380,49,559
381,49,355
382,49,673
383,49,600
384,49,682
385,49,305
386,49,568
387,49,828
388,49,892
389,49,776
390,49,343
391,49,927
392,49,919
393,49,875
394,49,862
395,49,285
396,49,43
397,49,522
398,49,349
399,49,150
0,50,362
1,50,150
2,50,28
3,50,683
4,50,443
5,50,922
6,50,1006
7,50,669
8,50,311
9,50,467
10,50,588
11,50,105
12,50,187
13,50,786
14,50,698
15,50,618
16,50,784
17,50,1008
18,50,520
19,50,217
20,50,710
21,50,0
22,50,586
23,50,230
24,50,713
25,50,246
26,50,123
27,50,287
28,50,901
29,50,142
30,50,304
31,50,524
32,50,982
33,50,48
34,50,643
35,50,117
36,50,466
37,50,380
38,50,906
39,50,589
40,50,997
41,50,602
42,50,665
43,50,107
44,50,99
45,50,867
46,50,911
47,50,8
48,50,540
49,50,767
50,50,556
51,50,915
52,50,783
53,50,487
54,50,933
55,50,1004
56,50,537
57,50,265
58,50,474
59,50,330
60,50,839
61,50,476
62,50,951
63,50,847
64,50,775
65,50,521
66,50,584
67,50,877
68,50,432
69,50,749
70,50,650
71,50,363
72,50,649
73,50,1010
74,50,183
75,50,506
76,50,616
77,50,233
78,50,485
79,50,779
80,50,923
81,50,755
82,50,356
83,50,98
84,50,283
85,50,538
86,50,985
87,50,186
88,50,966
89,50,686
90,50,973
91,50,170
92,50,814
93,50,220
94,50,890
95,50,888
96,50,252
97,50,883
98,50,435
99,50,617
100,50,925
101,50,770
102,50,560
103,50,684
104,50,539
105,50,614
106,50,137
107,50,299
108,50,239
109,50,654
110,50,81
111,50,449
112,50,60
113,50,758
114,50,434
115,50,450
116,50,29
117,50,44
118,50,101
119,50,606
120,50,868
121,50,431
122,50,730
123,50,748
124,50,176
125,50,334
126,50,100
127,50,484
128,50,375
129,50,264
130,50,812
131,50,953
132,50,16
133,50,518
134,50,619
135,50,47
136,50,288
137,50,978
138,50,482
139,50,243
140,50,154
141,50,757
142,50,607
143,50,114
144,50,173
145,50,723
146,50,852
147,50,242
148,50,190
149,50,96
150,50,955
151,50,517
152,50,502
153,50,319
154,50,75
155,50,695
156,50,11
157,50,983
158,50,603
159,50,785
160,50,104
161,50,504
162,50,153
163,50,130
164,50,433
165,50,35
166,50,277
167,50,838
168,50,961
169,50,531
170,50,525
171,50,473
172,50,298
173,50,165
174,50,865
175,50,821
176,50,116
177,50,663
178,50,878
179,50,326
180,50,1003
181,50,921
182,50,809
183,50,988
184,50,261
185,50,597
186,50,843
187,50,20
188,50,256
189,50,743
190,50,437
191,50,557
192,50,237
193,50,970
194,50,548
195,50,938
196,50,554
197,50,957
198,50,344
199,50,309
200,50,410
201,50,949
202,50,980
203,50,962
204,50,80
205,50,350
206,50,741
207,50,201
208,50,571
209,50,914
210,50,218
211,50,667
212,50,960
213,50,135
214,50,179
215,50,161
216,50,916
217,50,772
218,50,534
219,50,929
220,50,954
221,50,77
222,50,156
223,50,652
224,50,787
225,50,610
226,50,972
227,50,1020
228,50,171
229,50,908
230,50,251
231,50,27
232,50,36
233,50,184
234,50,857
235,50,219
236,50,61
237,50,157
238,50,996
239,50,421
240,50,205
241,50,494
242,50,94
243,50,794
244,50,532
245,50,1013
246,50,777
247,50,393
248,50,112
249,50,318
250,50,373
251,50,981
252,50,700
253,50,88
254,50,148
255,50,160
256,50,345
257,50,944
258,50,5
259,50,965
260,50,34
261,50,646
262,50,763
263,50,509
264,50,827
265,50,429
266,50,158
267,50,235
268,50,40
269,50,627
270,50,390
271,50,555
272,50,382
273,50,159
274,50,549
275,50,215
276,50,226
277,50,545
278,50,503
279,50,797
280,50,984
281,50,294
282,50,216
283,50,869
284,50,193
285,50,204
286,50,930
287,50,697
288,50,842
289,50,516
290,50,213
291,50,202
292,50,656
293,50,140
294,50,541
295,50,630
296,50,394
297,50,535
298,50,241
299,50,93
300,50,454
301,50,739
302,50,41
303,50,662
304,50,511
305,50,12
306,50,822
307,50,386
308,50,379
309,50,420
310,50,725
311,50,526
312,50,315
313,50,333
314,50,677
315,50,813
316,50,119
317,50,392
318,50,668
319,50,728
320,50,959
321,50,633
322,50,992
323,50,496
324,50,9
325,50,197
326,50,381
327,50,658
328,50,132
329,50,893
330,50,110
331,50,285
332,50,862
333,50,689
334,50,792
335,50,369
336,50,228
337,50,236
338,50,70
339,50,701
340,50,947
341,50,635
342,50,464
343,50,68
344,50,54
345,50,1005
346,50,856
347,50,30
348,50,737
349,50,976
350,50,570
351,50,51
352,50,912
353,50,325
354,50,442
355,50,709
356,50,991
357,50,799
358,50,552
359,50,499
360,50,453
361,50,428
362,50,1014
363,50,147
364,50,1018
365,50,894
366,50,864
367,50,85
368,50,681
369,50,164
370,50,162
371,50,891
372,50,106
373,50,451
374,50,45
375,50,826
376,50,751
377,50,544
378,50,849
379,50,834
380,50,559
381,50,355
382,50,673
383,50,632
384,50,682
385,50,305
386,50,568
387,50,828
388,50,892
389,50,776
390,50,343
391,50,895
392,50,920
393,50,875
394,50,830
395,50,286
396,50,43
397,50,523
398,50,349
399,50,149
0,51,363
1,51,150
2,51,29
3,51,651
4,51,443
5,51,954
6,51,1006
7,51,669
8,51,311
9,51,468
10,51,589
11,51,105
12,51,187
13,51,786
14,51,698
15,51,618
16,51,784
17,51,1008
18,51,520
19,51,217
20,51,710
21,51,0
22,51,554
23,51,230
24,51,713
25,51,246
26,51,155
27,51,287
28,51,901
29,51,142
30,51,304
31,51,492
32,51,1014
33,51,48
34,51,643
35,51,149
36,51,467
37,51,380
38,51,906
39,51,621
40,51,997
41,51,603
42,51,665
43,51,107
44,51,67
45,51,867
46,51,911
47,51,40
48,51,540
49,51,767
50,51,524
51,51,915
52,51,783
53,51,487
54,51,933
55,51,1003
56,51,537
57,51,266
58,51,474
59,51,362
60,51,839
61,51,476
62,51,919
63,51,847
64,51,775
65,51,521
66,51,584
67,51,877
68,51,432
69,51,749
70,51,650
71,51,331
72,51,649
73,51,1010
74,51,215
75,51,506
76,51,616
77,51,265
78,51,484
79,51,779
80,51,955
81,51,755
82,51,356
83,51,99
84,51,283
85,51,538
86,51,984
87,51,185
88,51,966
89,51,686
90,51,973
91,51,170
92,51,814
93,51,220
94,51,890
95,51,887
96,51,252
97,51,883
98,51,435
99,51,617
100,51,924
101,51,770
102,51,560
103,51,683
104,51,539
105,51,614
106,51,137
107,51,267
108,51,239
109,51,654
110,51,81
111,51,449
112,51,60
113,51,790
114,51,434
115,51,450
116,51,30
117,51,44
118,51,133
119,51,606
120,51,868
121,51,431
122,51,730
123,51,748
124,51,176
125,51,334
126,51,101
127,51,516
128,51,375
129,51,264
130,51,812
131,51,985
132,51,16
133,51,486
134,51,619
135,51,47
136,51,256
137,51,978
138,51,482
139,51,243
140,51,186
141,51,725
142,51,607
143,51,114
144,51,173
145,51,723
146,51,852
147,51,242
148,51,190
149,51,96
150,51,956
151,51,518
152,51,534
153,51,319
154,51,75
155,51,695
156,51,11
157,51,951
158,51,635
159,51,785
160,51,104
161,51,504
162,51,121
163,51,98
164,51,433
165,51,35
166,51,277
167,51,838
168,51,961
169,51,531
170,51,526
171,51,473
172,51,298
173,51,165
174,51,865
175,51,822
176,51,115
177,51,663
178,51,878
179,51,326
180,51,971
181,51,921
182,51,809
183,51,988
184,51,261
185,51,597
186,51,843
187,51,20
188,51,224
189,51,743
190,51,437
191,51,525
192,51,237
193,51,970
194,51,580
195,51,938
196,51,522
197,51,957
198,51,345
199,51,309
200,51,410
201,51,949
202,51,980
203,51,962
204,51,80
205,51,382
206,51,741
207,51,201
208,51,571
209,51,914
210,51,218
211,51,699
212,51,960
213,51,135
214,51,179
215,51,161
216,51,916
217,51,772
218,51,566
219,51,929
220,51,953
221,51,77
222,51,156
223,51,684
224,51,787
225,51,610
226,51,972
227,51,1020
228,51,171
229,51,908
230,51,251
231,51,27
232,51,36
233,51,184
234,51,857
235,51,219
236,51,61
237,51,157
238,51,996
239,51,421
240,51,205
241,51,494
242,51,93
243,51,794
244,51,532
245,51,981
246,51,777
247,51,392
248,51,112
249,51,318
250,51,373
251,51,982
252,51,700
253,51,88
254,51,148
255,51,160
256,51,313
257,51,944
258,51,5
259,51,965
260,51,34
261,51,646
262,51,763
263,51,509
264,51,827
265,51,429
266,51,159
267,51,235
268,51,41
269,51,627
270,51,390
271,51,555
272,51,414
273,51,191
274,51,549
275,51,214
276,51,226
277,51,545
278,51,503
279,51,797
280,51,983
281,51,294
282,51,216
283,51,869
284,51,193
285,51,204
286,51,930
287,51,697
288,51,842
289,51,515
290,51,213
291,51,202
292,51,656
293,51,140
294,51,541
295,51,630
296,51,393
297,51,535
298,51,241
299,51,92
300,51,454
301,51,739
302,51,42
303,51,662
304,51,511
305,51,12
306,51,823
307,51,386
308,51,379
309,51,420
310,51,693
311,51,527
312,51,315
313,51,333
314,51,709
315,51,813
316,51,119
317,51,424
318,51,668
319,51,728
320,51,959
321,51,632
322,51,992
323,51,496
324,51,8
325,51,197
326,51,381
327,51,658
328,51,132
329,51,925
330,51,110
331,51,285
332,51,894
333,51,689
334,51,792
335,51,369
336,51,228
337,51,236
338,51,70
339,51,701
340,51,947
341,51,667
342,51,464
343,51,69
344,51,54
345,51,1005
346,51,856
347,51,31
348,51,737
349,51,976
350,51,570
351,51,51
352,51,912
353,51,325
354,51,442
355,51,708
356,51,991
357,51,799
358,51,552
359,51,499
360,51,453
361,51,460
362,51,1013
363,51,147
364,51,1018
365,51,893
366,51,864
367,51,85
368,51,681
369,51,164
370,51,162
371,51,923
372,51,106
373,51,451
374,51,45
375,51,826
376,51,751
377,51,544
378,51,849
379,51,834
380,51,559
381,51,355
382,51,673
383,51,664
384,51,682
385,51,305
386,51,568
387,51,828
388,51,892
389,51,776
390,51,343
391,51,895
392,51,920
393,51,875
394,51,862
395,51,286
396,51,43
397,51,523
398,51,349
399,51,181
0,52,364
1,52,150
2,52,30
3,52,683
4,52,443
5,52,954
6,52,1006
7,52,669
8,52,311
9,52,469
10,52,557
11,52,105
12,52,187
13,52,786
14,52,697
15,52,618
16,52,784
17,52,1008
18,52,520
19,52,185
20,52,710
21,52,0
22,52,554
23,52,230
24,52,713
25,52,278
26,52,155
27,52,287
28,52,901
29,52,142
30,52,304
31,52,492
32,52,1013
33,52,48
34,52,643
35,52,149
36,52,468
37,52,380
38,52,906
39,52,653
40,52,997
41,52,603
42,52,664
43,52,107
44,52,67
45,52,867
46,52,911
47,52,39
48,52,540
49,52,767
50,52,524
51,52,915
52,52,783
53,52,487
54,52,933
55,52,1002
56,52,537
57,52,266
58,52,474
59,52,362
60,52,839
61,52,476
62,52,919
63,52,847
64,52,775
65,52,521
66,52,584
67,52,877
68,52,432
69,52,749
70,52,650
71,52,363
72,52,649
73,52,1010
74,52,215
75,52,506
76,52,616
77,52,297
78,52,484
79,52,779
80,52,923
81,52,755
82,52,356
83,52,99
84,52,283
85,52,538
86,52,984
87,52,186
88,52,966
89,52,686
90,52,973
91,52,170
92,52,814
93,52,220
94,52,890
95,52,887
96,52,252
97,52,883
98,52,435
99,52,617
100,52,924
101,52,770
102,52,560
103,52,684
104,52,539
105,52,614
106,52,137
107,52,267
108,52,239
109,52,654
110,52,81
111,52,449
112,52,59
113,52,790
114,52,434
115,52,450
116,52,62
117,52,44
118,52,101
119,52,606
120,52,868
121,52,431
122,52,730
123,52,748
124,52,176
125,52,334
126,52,102
127,52,516
128,52,375
129,52,264
130,52,812
131,52,985
132,52,16
133,52,518
134,52,619
135,52,47
136,52,288
137,52,978
138,52,482
139,52,243
140,52,218
141,52,724
142,52,607
143,52,114
144,52,173
145,52,723
146,52,852
147,52,242
148,52,190
149,52,96
150,52,955
151,52,550
152,52,534
153,52,319
154,52,75
155,52,695
156,52,11
157,52,952
158,52,635
159,52,785
160,52,104
161,52,504
162,52,120
163,52,98
164,52,433
165,52,35
166,52,277
167,52,838
168,52,961
169,52,531
170,52,494
171,52,473
172,52,298
173,52,165
174,52,865
175,52,854
176,52,115
177,52,663
178,52,878
179,52,326
180,52,1003
181,52,921
182,52,809
183,52,988
184,52,261
185,52,597
186,52,843
187,52,20
188,52,256
189,52,743
190,52,437
191,52,525
192,52,237
193,52,970
194,52,580
195,52,938
196,52,490
197,52,957
198,52,313
199,52,309
200,52,410
201,52,981
202,52,980
203,52,962
204,52,80
205,52,381
206,52,709
207,52,201
208,52,571
209,52,914
210,52,250
211,52,698
212,52,960
213,52,135
214,52,179
215,52,161
216,52,916
217,52,772
218,52,566
219,52,929
220,52,953
221,52,77
222,52,156
223,52,685
224,52,787
225,52,610
226,52,972
227,52,1020
228,52,171
229,52,908
230,52,251
231,52,27
232,52,36
233,52,184
234,52,857
235,52,219
236,52,29
237,52,157
238,52,996
239,52,421
240,52,205
241,52,493
242,52,92
243,52,794
244,52,532
245,52,982
246,52,777
247,52,393
248,52,112
249,52,318
250,52,373
251,52,983
252,52,700
253,52,88
254,52,148
255,52,160
256,52,281
257,52,944
258,52,5
259,52,965
260,52,34
261,52,646
262,52,763
263,52,509
264,52,827
265,52,429
266,52,127
267,52,235
268,52,9
269,52,627
270,52,390
271,52,555
272,52,382
273,52,223
274,52,549
275,52,246
276,52,226
277,52,545
278,52,503
279,52,797
280,52,951
281,52,294
282,52,216
283,52,869
284,52,193
285,52,204
286,52,930
287,52,665
288,52,842
289,52,515
290,52,214
291,52,202
292,52,656
293,52,140
294,52,541
295,52,630
296,52,394
297,52,535
298,52,241
299,52,60
300,52,454
301,52,739
302,52,41
303,52,662
304,52,511
305,52,12
306,52,822
307,52,386
308,52,379
309,52,420
310,52,725
311,52,527
312,52,315
313,52,333
314,52,708
315,52,813
316,52,119
317,52,424
318,52,668
319,52,728
320,52,959
321,52,632
322,52,992
323,52,496
324,52,8
325,52,197
326,52,413
327,52,658
328,52,132
329,52,925
330,52,110
331,52,285
332,52,894
333,52,689
334,52,792
335,52,369
336,52,228
337,52,236
338,52,70
339,52,701
340,52,947
341,52,699
342,52,464
343,52,37
344,52,54
345,52,1005
346,52,856
347,52,31
348,52,737
349,52,976
350,52,570
351,52,51
352,52,912
353,52,325
354,52,442
355,52,707
356,52,991
357,52,799
358,52,552
359,52,499
360,52,453
361,52,460
362,52,1012
363,52,147
364,52,1018
365,52,893
366,52,864
367,52,85
368,52,681
369,52,164
370,52,162
371,52,922
372,52,106
373,52,451
374,52,45
375,52,826
376,52,751
377,52,544
378,52,849
379,52,834
380,52,559
381,52,355
382,52,673
383,52,696
384,52,682
385,52,305
386,52,568
387,52,828
388,52,892
389,52,776
390,52,343
391,52,895
392,52,920
393,52,875
394,52,862
395,52,286
396,52,43
397,52,523
398,52,349
399,52,213
0,53,332
1,53,150
2,53,30
3,53,683
4,53,443
5,53,954
6,53,1006
7,53,669
8,53,311
9,53,501
10,53,557
11,53,105
12,53,187
13,53,786
14,53,698
15,53,618
16,53,784
17,53,1008
18,53,520
19,53,185
20,53,710
21,53,0
22,53,554
23,53,230
24,53,713
25,53,246
26,53,155
27,53,287
28,53,901
29,53,142
30,53,304
31,53,492
32,53,1013
33,53,48
34,53,643
35,53,149
36,53,469
37,53,380
38,53,906
39,53,685
40,53,997
41,53,603
42,53,665
43,53,107
44,53,67
45,53,867
46,53,911
47,53,38
48,53,540
49,53,767
50,53,524
51,53,915
52,53,783
53,53,487
54,53,933
55,53,1002
56,53,537
57,53,266
58,53,474
59,53,362
60,53,839
61,53,476
62,53,919
63,53,847
64,53,775
65,53,521
66,53,584
67,53,877
68,53,432
69,53,749
70,53,650
71,53,363
72,53,649
73,53,1010
74,53,215
75,53,506
76,53,616
77,53,297
78,53,484
79,53,779
80,53,891
81,53,755
82,53,356
83,53,99
84,53,283
85,53,538
86,53,1016
87,53,186
88,53,966
89,53,686
90,53,973
91,53,170
92,53,814
93,53,220
94,53,890
95,53,887
96,53,252
97,53,883
98,53,435
99,53,617
100,53,924
101,53,770
102,53,560
103,53,652
104,53,539
105,53,614
106,53,137
107,53,267
108,53,239
109,53,654
110,53,81
111,53,449
112,53,59
113,53,790
114,53,434
115,53,450
116,53,62
117,53,44
118,53,101
119,53,606
120,53,868
121,53,431
122,53,730
123,53,748
124,53,176
125,53,334
126,53,102
127,53,516
128,53,375
129,53,264
130,53,812
131,53,985
132,53,16
133,53,518
134,53,619
135,53,47
136,53,256
137,53,978
138,53,482
139,53,243
140,53,250
141,53,724
142,53,607
143,53,114
144,53,173
145,53,723
146,53,852
147,53,242
148,53,190
149,53,96
150,53,955
151,53,550
152,53,534
153,53,319
154,53,75
155,53,695
156,53,11
157,53,984
158,53,635
159,53,785
160,53,104
161,53,504
162,53,120
163,53,98
164,53,433
165,53,35
166,53,277
167,53,838
168,53,961
169,53,531
170,53,462
171,53,473
172,53,298
173,53,165
174,53,865
175,53,854
176,53,115
177,53,663
178,53,878
179,53,326
180,53,1003
181,53,921
182,53,809
183,53,988
184,53,261
185,53,597
186,53,843
187,53,20
188,53,257
189,53,743
190,53,437
191,53,525
192,53,237
193,53,970
194,53,580
195,53,938
196,53,490
197,53,957
198,53,345
199,53,309
200,53,410
201,53,981
202,53,980
203,53,962
204,53,80
205,53,382
206,53,709
207,53,201
208,53,571
209,53,914
210,53,249
211,53,666
212,53,960
213,53,135
214,53,179
215,53,161
216,53,916
217,53,772
218,53,566
219,53,929
220,53,953
221,53,77
222,53,156
223,53,717
224,53,787
225,53,610
226,53,972
227,53,1020
228,53,171
229,53,908
230,53,251
231,53,27
232,53,36
233,53,184
234,53,857
235,53,219
236,53,29
237,53,157
238,53,996
239,53,421
240,53,205
241,53,494
242,53,60
243,53,794
244,53,532
245,53,983
246,53,777
247,53,361
248,53,112
249,53,318
250,53,373
251,53,951
252,53,700
253,53,88
254,53,148
255,53,160
256,53,313
257,53,944
258,53,5
259,53,965
260,53,34
261,53,646
262,53,763
263,53,509
264,53,827
265,53,429
266,53,127
267,53,235
268,53,9
269,53,627
270,53,390
271,53,555
272,53,350
273,53,223
274,53,549
275,53,214
276,53,226
277,53,545
278,53,503
279,53,797
280,53,952
281,53,294
282,53,216
283,53,869
284,53,193
285,53,204
286,53,930
287,53,697
288,53,842
289,53,515
290,53,213
291,53,202
292,53,656
293,53,140
294,53,541
295,53,630
296,53,393
297,53,535
298,53,241
299,53,61
300,53,454
301,53,739
302,53,41
303,53,662
304,53,511
305,53,12
306,53,821
307,53,386
308,53,379
309,53,420
310,53,725
311,53,527
312,53,315
313,53,333
314,53,740
315,53,813
316,53,119
317,53,424
318,53,668
319,53,728
320,53,959
321,53,632
322,53,992
323,53,496
324,53,8
325,53,197
326,53,381
327,53,658
328,53,132
329,53,925
330,53,110
331,53,285
332,53,894
333,53,689
334,53,792
335,53,369
336,53,228
337,53,236
338,53,70
339,53,701
340,53,947
341,53,699
342,53,464
343,53,37
344,53,54
345,53,1005
346,53,856
347,53,31
348,53,737
349,53,976
350,53,570
351,53,51
352,53,912
353,53,325
354,53,442
355,53,707
356,53,991
357,53,799
358,53,552
359,53,499
360,53,453
361,53,460
362,53,1012
363,53,147
364,53,1018
365,53,893
366,53,864
367,53,85
368,53,681
369,53,164
370,53,162
371,53,922
372,53,106
373,53,451
374,53,45
375,53,826
376,53,751
377,53,544
378,53,849
379,53,834
380,53,559
381,53,355
382,53,673
383,53,664
384,53,682
385,53,305
386,53,568
387,53,828
388,53,892
389,53,776
390,53,343
391,53,895
392,53,920
393,53,875
394,53,862
395,53,286
396,53,43
397,53,523
398,53,349
399,53,245
0,54,333
1,54,150
2,54,30
3,54,683
4,54,443
5,54,954
6,54,1006
7,54,669
8,54,311
9,54,469
10,54,557
11,54,105
12,54,187
13,54,786
14,54,698
15,54,618
16,54,784
17,54,1008
18,54,520
19,54,185
20,54,710
21,54,0
22,54,554
23,54,230
24,54,713
25,54,246
26,54,155
27,54,287
28,54,901
29,54,142
30,54,304
31,54,492
32,54,1013
33,54,48
34,54,643
35,54,149
36,54,470
37,54,380
38,54,906
39,54,717
40,54,997
41,54,603
42,54,665
43,54,107
44,54,67
45,54,867
46,54,911
47,54,6
48,54,540
49,54,767
50,54,524
51,54,915
52,54,783
53,54,487
54,54,933
55,54,1002
56,54,537
57,54,266
58,54,474
59,54,362
60,54,839
61,54,476
62,54,919
63,54,847
64,54,775
65,54,521
66,54,584
67,54,877
68,54,432
69,54,750
70,54,650
71,54,363
72,54,649
73,54,1010
74,54,215
75,54,506
76,54,616
77,54,297
78,54,484
79,54,779
80,54,891
81,54,755
82,54,356
83,54,99
84,54,283
85,54,538
86,54,1016
87,54,186
88,54,966
89,54,686
90,54,973
91,54,170
92,54,814
93,54,220
94,54,890
95,54,887
96,54,252
97,54,883
98,54,435
99,54,617
100,54,924
101,54,770
102,54,560
103,54,652
104,54,539
105,54,614
106,54,137
107,54,267
108,54,239
109,54,654
110,54,81
111,54,449
112,54,27
113,54,790
114,54,434
115,54,450
116,54,62
117,54,44
118,54,101
119,54,606
120,54,868
121,54,431
122,54,730
123,54,748
124,54,176
125,54,335
126,54,102
127,54,516
128,54,375
129,54,264
130,54,812
131,54,985
132,54,16
133,54,518
134,54,619
135,54,47
136,54,224
137,54,978
138,54,482
139,54,243
140,54,250
141,54,724
142,54,607
143,54,114
144,54,173
145,54,723
146,54,852
147,54,242
148,54,190
149,54,96
150,54,955
151,54,550
152,54,534
153,54,319
154,54,75
155,54,695
156,54,11
157,54,952
158,54,635
159,54,785
160,54,104
161,54,504
162,54,120
163,54,98
164,54,433
165,54,35
166,54,277
167,54,838
168,54,961
169,54,531
170,54,462
171,54,473
172,54,298
173,54,165
174,54,865
175,54,854
176,54,115
177,54,663
178,54,878
179,54,326
180,54,1003
181,54,921
182,54,809
183,54,988
184,54,261
185,54,597
186,54,843
187,54,20
188,54,256
189,54,743
190,54,437
191,54,525
192,54,237
193,54,970
194,54,580
195,54,938
196,54,490
197,54,957
198,54,344
199,54,309
200,54,410
201,54,981
202,54,980
203,54,962
204,54,80
205,54,414
206,54,709
207,54,201
208,54,571
209,54,914
210,54,217
211,54,667
212,54,960
213,54,135
214,54,179
215,54,161
216,54,916
217,54,804
218,54,566
219,54,929
220,54,953
221,54,77
222,54,156
223,54,749
224,54,787
225,54,610
226,54,972
227,54,1020
228,54,171
229,54,908
230,54,251
231,54,28
232,54,36
233,54,184
234,54,857
235,54,219
236,54,29
237,54,157
238,54,996
239,54,421
240,54,205
241,54,494
242,54,59
243,54,794
244,54,532
245,54,984
246,54,777
247,54,393
248,54,112
249,54,318
250,54,373
251,54,983
252,54,700
253,54,88
254,54,148
255,54,160
256,54,345
257,54,944
258,54,5
259,54,965
260,54,34
261,54,646
262,54,763
263,54,509
264,54,827
265,54,429
266,54,127
267,54,235
268,54,9
269,54,627
270,54,390
271,54,555
272,54,350
273,54,223
274,54,549
275,54,214
276,54,226
277,54,545
278,54,503
279,54,797
280,54,951
281,54,294
282,54,216
283,54,869
284,54,193
285,54,204
286,54,930
287,54,697
288,54,842
289,54,515
290,54,213
291,54,202
292,54,656
293,54,140
294,54,541
295,54,630
296,54,392
297,54,535
298,54,241
299,54,93
300,54,454
301,54,739
302,54,41
303,54,662
304,54,511
305,54,12
306,54,821
307,54,386
308,54,379
309,54,420
310,54,725
311,54,527
312,54,315
313,54,334
314,54,772
315,54,813
316,54,119
317,54,424
318,54,668
319,54,728
320,54,959
321,54,632
322,54,992
323,54,496
324,54,8
325,54,197
326,54,381
327,54,658
328,54,132
329,54,925
330,54,110
331,54,285
332,54,894
333,54,689
334,54,792
335,54,369
336,54,228
337,54,236
338,54,70
339,54,701
340,54,947
341,54,699
342,54,464
343,54,38
344,54,54
345,54,1005
346,54,856
347,54,31
348,54,737
349,54,976
350,54,570
351,54,51
352,54,912
353,54,325
354,54,442
355,54,707
356,54,991
357,54,799
358,54,552
359,54,499
360,54,453
361,54,460
362,54,1012
363,54,147
364,54,1018
365,54,893
366,54,864
367,54,85
368,54,681
369,54,164
370,54,162
371,54,922
372,54,106
373,54,451
374,54,45
375,54,826
376,54,751
377,54,544
378,54,849
379,54,834
380,54,559
381,54,355
382,54,673
383,54,664
384,54,682
385,54,305
386,54,568
387,54,828
388,54,892
389,54,776
390,54,343
391,54,895
392,54,920
393,54,875
394,54,862
395,54,286
396,54,43
397,54,523
398,54,349
399,54,245
0,55,301
1,55,150
2,55,30
3,55,683
4,55,443
5,55,986
6,55,1006
7,55,669
8,55,311
9,55,468
10,55,557
11,55,105
12,55,187
13,55,786
14,55,698
15,55,618
16,55,784
17,55,1008
18,55,520
19,55,185
20,55,710
21,55,0
22,55,554
23,55,230
24,55,713
25,55,246
26,55,155
27,55,287
28,55,901
29,55,142
30,55,304
31,55,492
32,55,1013
33,55,48
34,55,643
35,55,149
36,55,471
37,55,380
38,55,906
39,55,717
40,55,997
41,55,603
42,55,665
43,55,107
44,55,67
45,55,867
46,55,911
47,55,6
48,55,540
49,55,767
50,55,524
51,55,915
52,55,783
53,55,487
54,55,933
55,55,1002
56,55,537
57,55,266
58,55,474
59,55,362
60,55,839
61,55,476
62,55,919
63,55,847
64,55,775
65,55,521
66,55,584
67,55,877
68,55,432
69,55,782
70,55,650
71,55,363
72,55,649
73,55,1010
74,55,215
75,55,506
76,55,616
77,55,297
78,55,484
79,55,779
80,55,891
81,55,755
82,55,356
83,55,99
84,55,283
85,55,538
86,55,984
87,55,186
88,55,966
89,55,686
90,55,973
91,55,170
92,55,814
93,55,220
94,55,890
95,55,887
96,55,252
97,55,883
98,55,435
99,55,617
100,55,924
101,55,770
102,55,560
103,55,652
104,55,539
105,55,614
106,55,137
107,55,267
108,55,239
109,55,654
110,55,81
111,55,449
112,55,59
113,55,790
114,55,434
115,55,450
116,55,62
117,55,44
118,55,101
119,55,606
120,55,868
121,55,431
122,55,730
123,55,748
124,55,176
125,55,334
126,55,102
127,55,516
128,55,375
129,55,264
130,55,812
131,55,953
132,55,16
133,55,518
134,55,619
135,55,47
136,55,224
137,55,978
138,55,482
139,55,243
140,55,250
141,55,724
142,55,607
143,55,114
144,55,173
145,55,723
146,55,852
147,55,242
148,55,190
149,55,96
150,55,955
151,55,550
152,55,534
153,55,319
154,55,75
155,55,695
156,55,11
157,55,952
158,55,635
159,55,785
160,55,104
161,55,504
162,55,120
163,55,98
164,55,433
165,55,35
166,55,277
167,55,838
168,55,961
169,55,531
170,55,462
171,55,473
172,55,298
173,55,165
174,55,865
175,55,854
176,55,115
177,55,663
178,55,878
179,55,326
180,55,1003
181,55,921
182,55,809
183,55,988
184,55,261
185,55,597
186,55,843
187,55,20
188,55,256
189,55,743
190,55,437
191,55,525
192,55,237
193,55,970
194,55,580
195,55,938
196,55,490
197,55,957
198,55,312
199,55,309
200,55,410
201,55,981
202,55,980
203,55,962
204,55,80
205,55,414
206,55,709
207,55,201
208,55,571
209,55,914
210,55,218
211,55,667
212,55,960
213,55,135
214,55,179
215,55,161
216,55,916
217,55,805
218,55,566
219,55,929
220,55,954
221,55,77
222,55,156
223,55,750
224,55,787
225,55,610
226,55,972
227,55,1020
228,55,171
229,55,908
230,55,251
231,55,27
232,55,36
233,55,184
234,55,857
235,55,219
236,55,29
237,55,157
238,55,996
239,55,421
240,55,205
241,55,494
242,55,58
243,55,794
244,55,532
245,55,985
246,55,777
247,55,393
248,55,112
249,55,318
250,55,373
251,55,982
252,55,700
253,55,88
254,55,148
255,55,160
256,55,345
257,55,944
258,55,5
259,55,965
260,55,34
261,55,646
262,55,763
263,55,509
264,55,827
265,55,429
266,55,127
267,55,235
268,55,9
269,55,627
270,55,390
271,55,555
272,55,350
273,55,223
274,55,549
275,55,214
276,55,226
277,55,545
278,55,503
279,55,797
280,55,951
281,55,294
282,55,216
283,55,869
284,55,193
285,55,204
286,55,930
287,55,697
288,55,842
289,55,515
290,55,213
291,55,202
292,55,656
293,55,140
294,55,541
295,55,630
296,55,392
297,55,535
298,55,241
299,55,93
300,55,454
301,55,739
302,55,41
303,55,662
304,55,511
305,55,12
306,55,821
307,55,386
308,55,379
309,55,420
310,55,725
311,55,527
312,55,315
313,55,333
314,55,804
315,55,813
316,55,119
317,55,424
318,55,668
319,55,728
320,55,959
321,55,632
322,55,992
323,55,496
324,55,8
325,55,197
326,55,381
327,55,658
328,55,132
329,55,925
330,55,110
331,55,285
332,55,894
333,55,689
334,55,792
335,55,369
336,55,228
337,55,236
338,55,70
339,55,701
340,55,947
341,55,699
342,55,464
343,55,39
344,55,54
345,55,1005
346,55,856
347,55,31
348,55,737
349,55,976
350,55,570
351,55,51
352,55,912
353,55,325
354,55,442
355,55,707
356,55,991
357,55,799
358,55,552
359,55,499
360,55,453
361,55,460
362,55,1012
363,55,147
364,55,1018
365,55,893
366,55,864
367,55,85
368,55,681
369,55,164
370,55,162
371,55,922
372,55,106
373,55,451
374,55,45
375,55,826
376,55,751
377,55,544
378,55,849
379,55,834
380,55,559
381,55,355
382,55,673
383,55,664
384,55,682
385,55,305
386,55,568
387,55,828
388,55,892
389,55,776
390,55,343
391,55,895
392,55,920
393,55,875
394,55,862
395,55,286
396,55,43
397,55,523
398,55,349
399,55,245
0,56,301
1,56,150
2,56,30
3,56,683
4,56,443
5,56,954
6,56,1006
7,56,669
8,56,311
9,56,467
10,56,557
11,56,105
12,56,187
13,56,786
14,56,698
15,56,618
16,56,784
17,56,1008
18,56,520
19,56,185
20,56,710
21,56,0
22,56,554
23,56,230
24,56,713
25,56,246
26,56,155
27,56,287
28,56,901
29,56,142
30,56,304
31,56,492
32,56,1013
33,56,48
34,56,643
35,56,149
36,56,472
37,56,380
38,56,906
39,56,717
40,56,997
41,56,603
42,56,665
43,56,107
44,56,67
45,56,867
46,56,911
47,56,6
48,56,540
49,56,767
50,56,524
51,56,915
52,56,783
53,56,487
54,56,933
55,56,1002
56,56,537
57,56,266
58,56,474
59,56,362
60,56,839
61,56,476
62,56,919
63,56,847
64,56,775
65,56,521
66,56,584
67,56,877
68,56,432
69,56,781
70,56,650
71,56,363
72,56,649
73,56,1010
74,56,215
75,56,506
76,56,616
77,56,297
78,56,484
79,56,779
80,56,891
81,56,755
82,56,356
83,56,99
84,56,283
85,56,538
86,56,983
87,56,186
88,56,966
89,56,686
90,56,973
91,56,170
92,56,814
93,56,220
94,56,890
95,56,887
96,56,252
97,56,883
98,56,435
99,56,617
100,56,924
101,56,770
102,56,560
103,56,652
104,56,539
105,56,614
106,56,137
107,56,267
108,56,239
109,56,654
110,56,81
111,56,449
112,56,60
113,56,790
114,56,434
115,56,450
116,56,62
117,56,44
118,56,101
119,56,606
120,56,868
121,56,431
122,56,730
123,56,748
124,56,176
125,56,334
126,56,102
127,56,516
128,56,375
129,56,264
130,56,812
131,56,985
132,56,16
133,56,518
134,56,619
135,56,47
136,56,224
137,56,978
138,56,482
139,56,243
140,56,250
141,56,724
142,56,607
143,56,114
144,56,173
145,56,723
146,56,852
147,56,242
148,56,190
149,56,96
150,56,955
151,56,550
152,56,534
153,56,319
154,56,75
155,56,695
156,56,11
157,56,952
158,56,635
159,56,785
160,56,104
161,56,504
162,56,120
163,56,98
164,56,433
165,56,35
166,56,277
167,56,838
168,56,961
169,56,531
170,56,462
171,56,473
172,56,298
173,56,165
174,56,865
175,56,854
176,56,115
177,56,663
178,56,878
179,56,326
180,56,1003
181,56,921
182,56,809
183,56,988
184,56,261
185,56,597
186,56,843
187,56,20
188,56,256
189,56,743
190,56,437
191,56,525
192,56,237
193,56,970
194,56,580
195,56,938
196,56,490
197,56,957
198,56,313
199,56,309
200,56,410
201,56,981
202,56,980
203,56,962
204,56,80
205,56,414
206,56,709
207,56,201
208,56,571
209,56,914
210,56,218
211,56,667
212,56,960
213,56,135
214,56,179
215,56,161
216,56,916
217,56,806
218,56,566
219,56,929
220,56,953
221,56,77
222,56,156
223,56,751
224,56,787
225,56,610
226,56,972
227,56,1020
228,56,171
229,56,908
230,56,251
231,56,27
232,56,36
233,56,184
234,56,857
235,56,219
236,56,29
237,56,157
238,56,996
239,56,421
240,56,205
241,56,494
242,56,58
243,56,794
244,56,532
245,56,986
246,56,777
247,56,393
248,56,112
249,56,318
250,56,373
251,56,982
252,56,700
253,56,88
254,56,148
255,56,160
256,56,345
257,56,944
258,56,5
259,56,965
260,56,34
261,56,646
262,56,763
263,56,509
264,56,827
265,56,429
266,56,127
267,56,235
268,56,9
269,56,627
270,56,390
271,56,555
272,56,350
273,56,223
274,56,549
275,56,214
276,56,226
277,56,545
278,56,503
279,56,797
280,56,951
281,56,294
282,56,216
283,56,869
284,56,193
285,56,204
286,56,930
287,56,697
288,56,842
289,56,515
290,56,213
291,56,202
292,56,656
293,56,140
294,56,541
295,56,630
296,56,392
297,56,535
298,56,241
299,56,93
300,56,454
301,56,739
302,56,41
303,56,662
304,56,511
305,56,12
306,56,821
307,56,386
308,56,379
309,56,420
310,56,725
311,56,527
312,56,315
313,56,333
314,56,805
315,56,813
316,56,119
317,56,424
318,56,668
319,56,728
320,56,959
321,56,632
322,56,992
323,56,496
324,56,8
325,56,197
326,56,381
327,56,658
328,56,132
329,56,925
330,56,110
331,56,285
332,56,894
333,56,689
334,56,792
335,56,369
336,56,228
337,56,236
338,56,70
339,56,701
340,56,947
341,56,699
342,56,464
343,56,39
344,56,54
345,56,1005
346,56,856
347,56,31
348,56,737
349,56,976
350,56,570
351,56,51
352,56,912
353,56,325
354,56,442
355,56,707
356,56,991
357,56,799
358,56,552
359,56,499
360,56,453
361,56,460
362,56,1012
363,56,147
364,56,1018
365,56,893
366,56,864
367,56,85
368,56,681
369,56,164
370,56,162
371,56,922
372,56,106
373,56,451
374,56,45
375,56,826
376,56,719
377,56,544
378,56,849
379,56,834
380,56,559
381,56,355
382,56,673
383,56,664
384,56,682
385,56,305
386,56,568
387,56,828
388,56,892
389,56,776
390,56,343
391,56,895
392,56,920
393,56,875
394,56,862
395,56,286
396,56,43
397,56,523
398,56,349
399,56,245
0,57,301
1,57,150
2,57,30
3,57,683
4,57,443
5,57,954
6,57,1006
7,57,669
8,57,311
9,57,466
10,57,557
11,57,105
12,57,187
13,57,786
14,57,698
15,57,618
16,57,784
17,57,1008
18,57,520
19,57,185
20,57,710
21,57,0
22,57,554
23,57,230
24,57,713
25,57,246
26,57,155
27,57,287
28,57,901
29,57,142
30,57,304
31,57,492
32,57,1013
33,57,48
34,57,643
35,57,149
36,57,440
37,57,380
38,57,906
39,57,717
40,57,997
41,57,603
42,57,665
43,57,107
44,57,67
45,57,867
46,57,911
47,57,6
48,57,540
49,57,767
50,57,524
51,57,915
52,57,783
53,57,487
54,57,933
55,57,1002
56,57,537
57,57,266
58,57,474
59,57,362
60,57,839
61,57,476
62,57,919
63,57,847
64,57,775
65,57,521
66,57,584
67,57,877
68,57,432
69,57,749
70,57,650
71,57,363
72,57,649
73,57,1010
74,57,215
75,57,506
76,57,616
77,57,297
78,57,484
79,57,779
80,57,891
81,57,755
82,57,356
83,57,99
84,57,283
85,57,538
86,57,983
87,57,186
88,57,966
89,57,686
90,57,973
91,57,170
92,57,814
93,57,220
94,57,890
95,57,887
96,57,252
97,57,883
98,57,435
99,57,617
100,57,924
101,57,770
102,57,560
103,57,652
104,57,539
105,57,614
106,57,137
107,57,267
108,57,239
109,57,654
110,57,81
111,57,449
112,57,60
113,57,790
114,57,434
115,57,450
116,57,62
117,57,44
118,57,101
119,57,606
120,57,868
121,57,431
122,57,730
123,57,748
124,57,176
125,57,334
126,57,102
127,57,516
128,57,375
129,57,264
130,57,812
131,57,985
132,57,16
133,57,518
134,57,619
135,57,47
136,57,224
137,57,978
138,57,482
139,57,243
140,57,250
141,57,724
142,57,607
143,57,114
144,57,173
145,57,723
146,57,852
147,57,242
148,57,190
149,57,96
150,57,955
151,57,550
152,57,534
153,57,319
154,57,75
155,57,695
156,57,11
157,57,952
158,57,635
159,57,785
160,57,104
161,57,504
162,57,120
163,57,98
164,57,433
165,57,35
166,57,277
167,57,838
168,57,961
169,57,531
170,57,462
171,57,473
172,57,298
173,57,165
174,57,865
175,57,854
176,57,115
177,57,663
178,57,878
179,57,326
180,57,1003
181,57,921
182,57,809
183,57,988
184,57,261
185,57,597
186,57,843
187,57,20
188,57,256
189,57,743
190,57,437
191,57,525
192,57,237
193,57,970
194,57,580
195,57,938
196,57,490
197,57,957
198,57,313
199,57,309
200,57,410
201,57,981
202,57,980
203,57,962
204,57,80
205,57,414
206,57,709
207,57,201
208,57,571
209,57,914
210,57,218
211,57,667
212,57,960
213,57,135
214,57,179
215,57,161
216,57,916
217,57,805
218,57,566
219,57,929
220,57,953
221,57,77
222,57,156
223,57,752
224,57,787
225,57,610
226,57,972
227,57,1020
228,57,171
229,57,908
230,57,251
231,57,27
232,57,36
233,57,184
234,57,857
235,57,219
236,57,29
237,57,157
238,57,996
239,57,421
240,57,205
241,57,494
242,57,58
243,57,794
244,57,532
245,57,987
246,57,777
247,57,393
248,57,112
249,57,318
250,57,373
251,57,982
252,57,700
253,57,88
254,57,148
255,57,160
256,57,345
257,57,944
258,57,5
259,57,965
260,57,34
261,57,646
262,57,763
263,57,509
264,57,827
265,57,429
266,57,127
267,57,235
268,57,9
269,57,627
270,57,390
271,57,555
272,57,350
273,57,223
274,57,549
275,57,214
276,57,226
277,57,545
278,57,503
279,57,797
280,57,951
281,57,294
282,57,216
283,57,869
284,57,193
285,57,204
286,57,930
287,57,697
288,57,842
289,57,515
290,57,213
291,57,202
292,57,656
293,57,140
294,57,541
295,57,630
296,57,392
297,57,535
298,57,241
299,57,93
300,57,454
301,57,739
302,57,41
303,57,662
304,57,511
305,57,12
306,57,821
307,57,386
308,57,379
309,57,420
310,57,725
311,57,527
312,57,315
313,57,333
314,57,837
315,57,813
316,57,119
317,57,424
318,57,668
319,57,728
320,57,959
321,57,632
322,57,992
323,57,496
324,57,8
325,57,197
326,57,381
327,57,658
328,57,132
329,57,925
330,57,110
331,57,285
332,57,894
333,57,689
334,57,792
335,57,369
336,57,228
337,57,236
338,57,70
339,57,701
340,57,947
341,57,699
342,57,464
343,57,39
344,57,54
345,57,1005
346,57,856
347,57,31
348,57,737
349,57,976
350,57,570
351,57,51
352,57,912
353,57,325
354,57,442
355,57,707
356,57,991
357,57,799
358,57,552
359,57,499
360,57,453
361,57,460
362,57,1012
363,57,147
364,57,1018
365,57,893
366,57,864
367,57,85
368,57,681
369,57,164
370,57,162
371,57,922
372,57,106
373,57,451
374,57,45
375,57,826
376,57,751
377,57,544
378,57,849
379,57,834
380,57,559
381,57,355
382,57,673
383,57,664
384,57,682
385,57,305
386,57,568
387,57,828
388,57,892
389,57,776
390,57,343
391,57,895
392,57,920
393,57,875
394,57,862
395,57,286
396,57,43
397,57,523
398,57,349
399,57,245
0,58,301
1,58,150
2,58,30
3,58,683
4,58,443
5,58,954
6,58,1006
7,58,669
8,58,311
9,58,465
10,58,557
11,58,105
12,58,187
13,58,786
14,58,698
15,58,618
16,58,784
17,58,1008
18,58,520
19,58,185
20,58,710
21,58,0
22,58,554
23,58,230
24,58,713
25,58,246
26,58,155
27,58,287
28,58,901
29,58,142
30,58,304
31,58,492
32,58,1013
33,58,48
34,58,643
35,58,149
36,58,440
37,58,380
38,58,906
39,58,717
40,58,997
41,58,603
42,58,665
43,58,107
44,58,67
45,58,867
46,58,911
47,58,6
48,58,540
49,58,767
50,58,524
51,58,915
52,58,783
53,58,487
54,58,933
55,58,1002
56,58,537
57,58,266
58,58,474
59,58,362
60,58,839
61,58,476
62,58,919
63,58,847
64,58,775
65,58,521
66,58,584
67,58,877
68,58,432
69,58,749
70,58,650
71,58,363
72,58,649
73,58,1010
74,58,215
75,58,506
76,58,616
77,58,297
78,58,484
79,58,779
80,58,891
81,58,755
82,58,356
83,58,99
84,58,283
85,58,538
86,58,983
87,58,186
88,58,966
89,58,686
90,58,973
91,58,170
92,58,814
93,58,220
94,58,890
95,58,887
96,58,252
97,58,883
98,58,435
99,58,617
100,58,924
101,58,770
102,58,560
103,58,652
104,58,539
105,58,614
106,58,137
107,58,267
108,58,239
109,58,654
110,58,81
111,58,449
112,58,60
113,58,790
114,58,434
115,58,450
116,58,62
117,58,44
118,58,101
119,58,606
120,58,868
121,58,431
122,58,730
123,58,748
124,58,176
125,58,334
126,58,102
127,58,516
128,58,375
129,58,264
130,58,812
131,58,985
132,58,16
133,58,518
134,58,619
135,58,47
136,58,224
137,58,978
138,58,482
139,58,243
140,58,250
141,58,724
142,58,607
143,58,114
144,58,173
145,58,723
146,58,852
147,58,242
148,58,190
149,58,96
150,58,955
151,58,550
152,58,534
153,58,319
154,58,75
155,58,695
156,58,11
157,58,952
158,58,635
159,58,785
160,58,104
161,58,504
162,58,120
163,58,98
164,58,433
165,58,35
166,58,277
167,58,838
168,58,961
169,58,531
170,58,462
171,58,473
172,58,298
173,58,165
174,58,865
175,58,854
176,58,115
177,58,663
178,58,878
179,58,326
180,58,1003
181,58,921
182,58,809
183,58,989
184,58,261
185,58,597
186,58,843
187,58,20
188,58,256
189,58,743
190,58,437
191,58,525
192,58,237
193,58,970
194,58,580
195,58,938
196,58,490
197,58,957
198,58,313
199,58,309
200,58,410
201,58,981
202,58,980
203,58,962
204,58,80
205,58,414
206,58,709
207,58,201
208,58,571
209,58,914
210,58,218
211,58,667
212,58,960
213,58,135
214,58,179
215,58,161
216,58,916
217,58,804
218,58,566
219,58,929
220,58,953
221,58,77
222,58,156
223,58,753
224,58,787
225,58,610
226,58,972
227,58,1020
228,58,171
229,58,908
230,58,251
231,58,27
232,58,36
233,58,184
234,58,857
235,58,219
236,58,29
237,58,157
238,58,996
239,58,421
240,58,205
241,58,494
242,58,58
243,58,794
244,58,532
245,58,988
246,58,777
247,58,393
248,58,112
249,58,318
250,58,373
251,58,982
252,58,700
253,58,88
254,58,148
255,58,160
256,58,345
257,58,944
258,58,5
259,58,965
260,58,34
261,58,646
262,58,763
263,58,509
264,58,827
265,58,429
266,58,127
267,58,235
268,58,9
269,58,627
270,58,390
271,58,555
272,58,350
273,58,223
274,58,549
275,58,214
276,58,226
277,58,545
278,58,503
279,58,797
280,58,951
281,58,294
282,58,216
283,58,869
284,58,193
285,58,204
286,58,930
287,58,697
288,58,842
289,58,515
290,58,213
291,58,202
292,58,656
293,58,140
294,58,541
295,58,630
296,58,392
297,58,535
298,58,241
299,58,93
300,58,454
301,58,739
302,58,41
303,58,662
304,58,511
305,58,12
306,58,821
307,58,386
308,58,379
309,58,420
310,58,725
311,58,527
312,58,315
313,58,333
314,58,837
315,58,813
316,58,119
317,58,424
318,58,668
319,58,728
320,58,959
321,58,632
322,58,992
323,58,496
324,58,8
325,58,197
326,58,381
327,58,658
328,58,132
329,58,925
330,58,110
331,58,285
332,58,894
333,58,689
334,58,792
335,58,369
336,58,228
337,58,236
338,58,70
339,58,701
340,58,947
341,58,699
342,58,464
343,58,39
344,58,54
345,58,1005
346,58,856
347,58,31
348,58,737
349,58,976
350,58,570
351,58,51
352,58,912
353,58,325
354,58,442
355,58,707
356,58,991
357,58,799
358,58,552
359,58,499
360,58,453
361,58,460
362,58,1012
363,58,147
364,58,1018
365,58,893
366,58,864
367,58,85
368,58,681
369,58,164
370,58,162
371,58,922
372,58,106
373,58,451
374,58,45
375,58,826
376,58,751
377,58,544
378,58,849
379,58,834
380,58,559
381,58,355
382,58,673
383,58,664
384,58,682
385,58,305
386,58,568
387,58,828
388,58,892
389,58,776
390,58,343
391,58,895
392,58,920
393,58,875
394,58,862
395,58,286
396,58,43
397,58,523
398,58,349
399,58,245
0,59,301
1,59,150
2,59,30
3,59,683
4,59,443
5,59,954
6,59,1006
7,59,669
8,59,311
9,59,464
10,59,557
11,59,105
12,59,187
13,59,786
14,59,698
15,59,618
16,59,784
17,59,1008
18,59,520
19,59,185
20,59,710
21,59,0
22,59,554
23,59,230
24,59,713
25,59,246
26,59,155
27,59,287
28,59,901
29,59,142
30,59,304
31,59,492
32,59,1013
33,59,48
34,59,643
35,59,149
36,59,440
37,59,380
38,59,906
39,59,717
40,59,997
41,59,603
42,59,665
43,59,107
44,59,67
45,59,867
46,59,911
47,59,6
48,59,540
49,59,767
50,59,524
51,59,915
52,59,783
53,59,487
54,59,933
55,59,1002
56,59,537
57,59,266
58,59,474
59,59,362
60,59,839
61,59,476
62,59,919
63,59,847
64,59,775
65,59,521
66,59,584
67,59,877
68,59,431
69,59,749
70,59,650
71,59,363
72,59,649
73,59,1010
74,59,215
75,59,506
76,59,616
77,59,297
78,59,484
79,59,779
80,59,891
81,59,755
82,59,356
83,59,99
84,59,283
85,59,538
86,59,983
87,59,186
88,59,966
89,59,686
90,59,973
91,59,170
92,59,814
93,59,220
94,59,890
95,59,887
96,59,252
97,59,883
98,59,435
99,59,617
100,59,924
101,59,770
102,59,560
103,59,652
104,59,539
105,59,614
106,59,137
107,59,267
108,59,239
109,59,654
110,59,81
111,59,449
112,59,60
113,59,790
114,59,434
115,59,450
116,59,62
117,59,44
118,59,101
119,59,606
120,59,868
121,59,399
122,59,730
123,59,748
124,59,176
125,59,334
126,59,102
127,59,516
128,59,375
129,59,264
130,59,812
131,59,985
132,59,16
133,59,518
134,59,619
135,59,47
136,59,224
137,59,978
138,59,482
139,59,243
140,59,250
141,59,724
142,59,607
143,59,114
144,59,173
145,59,723
146,59,852
147,59,242
148,59,190
149,59,96
150,59,955
151,59,550
152,59,534
153,59,319
154,59,75
155,59,695
156,59,11
157,59,952
158,59,635
159,59,785
160,59,104
161,59,504
162,59,120
163,59,98
164,59,433
165,59,35
166,59,277
167,59,838
168,59,961
169,59,531
170,59,462
171,59,473
172,59,298
173,59,165
174,59,865
175,59,854
176,59,115
177,59,663
178,59,878
179,59,326
180,59,1003
181,59,921
182,59,809
183,59,1021
184,59,261
185,59,597
186,59,843
187,59,20
188,59,256
189,59,743
190,59,437
191,59,525
192,59,237
193,59,970
194,59,580
195,59,938
196,59,490
197,59,957
198,59,313
199,59,309
200,59,410
201,59,981
202,59,980
203,59,962
204,59,80
205,59,414
206,59,709
207,59,201
208,59,571
209,59,914
210,59,218
211,59,667
212,59,960
213,59,135
214,59,179
215,59,161
216,59,916
217,59,772
218,59,566
219,59,929
220,59,953
221,59,77
222,59,156
223,59,753
224,59,787
225,59,610
226,59,972
227,59,1020
228,59,171
229,59,908
230,59,251
231,59,27
232,59,36
233,59,184
234,59,857
235,59,219
236,59,29
237,59,157
238,59,996
239,59,421
240,59,205
241,59,494
242,59,58
243,59,794
244,59,532
245,59,989
246,59,777
247,59,393
248,59,112
249,59,318
250,59,373
251,59,982
252,59,700
253,59,88
254,59,148
255,59,160
256,59,345
257,59,944
258,59,5
259,59,965
260,59,34
261,59,646
262,59,763
263,59,509
264,59,827
265,59,429
266,59,127
267,59,235
268,59,9
269,59,627
270,59,390
271,59,555
272,59,350
273,59,223
274,59,549
275,59,214
276,59,226
277,59,545
278,59,503
279,59,797
280,59,951
281,59,294
282,59,216
283,59,869
284,59,193
285,59,204
286,59,930
287,59,697
288,59,842
289,59,515
290,59,213
291,59,202
292,59,656
293,59,140
294,59,541
295,59,630
296,59,392
297,59,535
298,59,241
299,59,93
300,59,454
301,59,739
302,59,41
303,59,662
304,59,511
305,59,12
306,59,821
307,59,386
308,59,379
309,59,420
310,59,725
311,59,527
312,59,315
313,59,333
314,59,837
315,59,813
316,59,119
317,59,424
318,59,668
319,59,728
320,59,959
321,59,632
322,59,992
323,59,496
324,59,8
325,59,197
326,59,381
327,59,658
328,59,132
329,59,925
330,59,110
331,59,285
332,59,894
333,59,689
334,59,792
335,59,369
336,59,228
337,59,236
338,59,70
339,59,701
340,59,947
341,59,699
342,59,432
343,59,39
344,59,54
345,59,1005
346,59,856
347,59,31
348,59,737
349,59,976
350,59,570
351,59,51
352,59,912
353,59,325
354,59,442
355,59,707
356,59,991
357,59,799
358,59,552
359,59,499
360,59,453
361,59,460
362,59,1012
363,59,147
364,59,1018
365,59,893
366,59,864
367,59,85
368,59,681
369,59,164
370,59,162
371,59,922
372,59,106
373,59,451
374,59,45
375,59,826
376,59,751
377,59,544
378,59,849
379,59,834
380,59,559
381,59,355
382,59,673
383,59,664
384,59,682
385,59,305
386,59,568
387,59,828
388,59,892
389,59,776
390,59,343
391,59,895
392,59,920
393,59,875
394,59,862
395,59,286
396,59,43
397,59,523
398,59,349
399,59,245
0,60,301
1,60,150
2,60,30
3,60,683
4,60,443
5,60,954
6,60,1006
7,60,669
8,60,311
9,60,463
10,60,557
11,60,105
12,60,187
13,60,786
14,60,698
15,60,618
16,60,784
17,60,1008
18,60,520
19,60,185
20,60,710
21,60,0
22,60,554
23,60,230
24,60,713
25,60,246
26,60,155
27,60,287
28,60,901
29,60,142
30,60,304
31,60,492
32,60,1013
33,60,48
34,60,643
35,60,149
36,60,440
37,60,380
38,60,906
39,60,717
40,60,997
41,60,603
42,60,665
43,60,107
44,60,67
45,60,867
46,60,911
47,60,6
48,60,540
49,60,767
50,60,524
51,60,915
52,60,783
53,60,487
54,60,933
55,60,1002
56,60,537
57,60,266
58,60,474
59,60,362
60,60,839
61,60,476
62,60,919
63,60,847
64,60,775
65,60,521
66,60,584
67,60,877
68,60,432
69,60,749
70,60,650
71,60,363
72,60,649
73,60,1010
74,60,215
75,60,506
76,60,616
77,60,297
78,60,484
79,60,779
80,60,891
81,60,755
82,60,356
83,60,99
84,60,283
85,60,538
86,60,983
87,60,186
88,60,966
89,60,686
90,60,973
91,60,170
92,60,814
93,60,220
94,60,890
95,60,887
96,60,252
97,60,883
98,60,435
99,60,617
100,60,956
101,60,770
102,60,560
103,60,652
104,60,539
105,60,614
106,60,137
107,60,267
108,60,239
109,60,654
110,60,81
111,60,449
112,60,60
113,60,790
114,60,434
115,60,450
116,60,62
117,60,44
118,60,101
119,60,606
120,60,868
121,60,431
122,60,730
123,60,748
124,60,176
125,60,334
126,60,102
127,60,516
128,60,375
129,60,264
130,60,812
131,60,985
132,60,16
133,60,518
134,60,619
135,60,47
136,60,224
137,60,978
138,60,482
139,60,243
140,60,250
141,60,724
142,60,607
143,60,114
144,60,173
145,60,723
146,60,852
147,60,242
148,60,190
149,60,96
150,60,955
151,60,550
152,60,534
153,60,319
154,60,75
155,60,695
156,60,11
157,60,952
158,60,635
159,60,785
160,60,104
161,60,504
162,60,120
163,60,98
164,60,433
165,60,35
166,60,277
167,60,838
168,60,961
169,60,531
170,60,462
171,60,473
172,60,298
173,60,165
174,60,865
175,60,854
176,60,115
177,60,663
178,60,878
179,60,326
180,60,1003
181,60,921
182,60,809
183,60,989
184,60,261
185,60,597
186,60,843
187,60,20
188,60,256
189,60,743
190,60,437
191,60,525
192,60,237
193,60,970
194,60,580
195,60,938
196,60,490
197,60,925
198,60,313
199,60,309
200,60,410
201,60,981
202,60,980
203,60,962
204,60,80
205,60,414
206,60,709
207,60,201
208,60,571
209,60,914
210,60,218
211,60,667
212,60,960
213,60,135
214,60,179
215,60,161
216,60,916
217,60,772
218,60,566
219,60,929
220,60,953
221,60,77
222,60,156
223,60,753
224,60,787
225,60,610
226,60,972
227,60,1020
228,60,171
229,60,908
230,60,251
231,60,27
232,60,36
233,60,184
234,60,857
235,60,219
236,60,29
237,60,157
238,60,996
239,60,421
240,60,205
241,60,494
242,60,58
243,60,794
244,60,532
245,60,957
246,60,777
247,60,393
248,60,112
249,60,318
250,60,373
251,60,982
252,60,700
253,60,88
254,60,148
255,60,160
256,60,345
257,60,944
258,60,5
259,60,965
260,60,34
261,60,646
262,60,763
263,60,509
264,60,827
265,60,429
266,60,127
267,60,235
268,60,9
269,60,627
270,60,390
271,60,555
272,60,350
273,60,223
274,60,549
275,60,214
276,60,226
277,60,545
278,60,503
279,60,797
280,60,951
281,60,294
282,60,216
283,60,869
284,60,193
285,60,204
286,60,930
287,60,697
288,60,842
289,60,515
290,60,213
291,60,202
292,60,656
293,60,140
294,60,541
295,60,630
296,60,392
297,60,535
298,60,241
299,60,93
300,60,454
301,60,739
302,60,41
303,60,662
304,60,511
305,60,12
306,60,821
307,60,386
308,60,379
309,60,420
310,60,725
311,60,527
312,60,315
313,60,333
314,60,837
315,60,813
316,60,119
317,60,424
318,60,668
319,60,728
320,60,959
321,60,632
322,60,992
323,60,496
324,60,8
325,60,197
326,60,381
327,60,658
328,60,132
329,60,924
330,60,110
331,60,285
332,60,894
333,60,689
334,60,792
335,60,369
336,60,228
337,60,236
338,60,70
339,60,701
340,60,947
341,60,699
342,60,464
343,60,39
344,60,54
345,60,1005
346,60,856
347,60,31
348,60,737
349,60,976
350,60,570
351,60,51
352,60,912
353,60,325
354,60,442
355,60,707
356,60,991
357,60,799
358,60,552
359,60,499
360,60,453
361,60,460
362,60,1012
363,60,147
364,60,1018
365,60,893
366,60,864
367,60,85
368,60,681
369,60,164
370,60,162
371,60,922
372,60,106
373,60,451
374,60,45
375,60,826
376,60,751
377,60,544
378,60,849
379,60,834
380,60,559
381,60,355
382,60,673
383,60,664
384,60,682
385,60,305
386,60,568
387,60,828
388,60,892
389,60,776
390,60,343
391,60,895
392,60,920
393,60,875
394,60,862
395,60,286
396,60,43
397,60,523
398,60,349
399,60,245
0,61,301
1,61,150
2,61,30
3,61,683
4,61,443
5,61,954
6,61,1006
7,61,669
8,61,311
9,61,463
10,61,557
11,61,105
12,61,187
13,61,786
14,61,698
15,61,618
16,61,784
17,61,1008
18,61,520
19,61,185
20,61,710
21,61,0
22,61,554
23,61,230
24,61,713
25,61,246
26,61,155
27,61,287
28,61,901
29,61,142
30,61,304
31,61,492
32,61,1013
33,61,48
34,61,643
35,61,149
36,61,440
37,61,380
38,61,906
39,61,717
40,61,997
41,61,603
42,61,665
43,61,107
44,61,67
45,61,867
46,61,911
47,61,6
48,61,540
49,61,767
50,61,524
51,61,915
52,61,783
53,61,487
54,61,933
55,61,1002
56,61,537
57,61,266
58,61,474
59,61,362
60,61,839
61,61,476
62,61,919
63,61,847
64,61,775
65,61,521
66,61,584
67,61,877
68,61,432
69,61,749
70,61,650
71,61,363
72,61,649
73,61,1010
74,61,215
75,61,506
76,61,616
77,61,297
78,61,484
79,61,779
80,61,891
81,61,755
82,61,356
83,61,99
84,61,283
85,61,538
86,61,983
87,61,186
88,61,966
89,61,686
90,61,973
91,61,170
92,61,814
93,61,220
94,61,890
95,61,887
96,61,252
97,61,883
98,61,435
99,61,617
100,61,924
101,61,770
102,61,560
103,61,652
104,61,539
105,61,614
106,61,137
107,61,267
108,61,239
109,61,654
110,61,81
111,61,449
112,61,60
113,61,790
114,61,434
115,61,450
116,61,62
117,61,44
118,61,101
119,61,606
120,61,868
121,61,431
122,61,730
123,61,748
124,61,176
125,61,334
126,61,102
127,61,516
128,61,375
129,61,264
130,61,812
131,61,985
132,61,16
133,61,518
134,61,619
135,61,47
136,61,224
137,61,978
138,61,482
139,61,243
140,61,250
141,61,724
142,61,607
143,61,114
144,61,173
145,61,723
146,61,852
147,61,242
148,61,190
149,61,96
150,61,955
151,61,550
152,61,534
153,61,319
154,61,75
155,61,695
156,61,11
157,61,952
158,61,635
159,61,785
160,61,104
161,61,504
162,61,120
163,61,98
164,61,433
165,61,35
166,61,277
167,61,838
168,61,961
169,61,531
170,61,462
171,61,473
172,61,298
173,61,165
174,61,865
175,61,854
176,61,115
177,61,663
178,61,878
179,61,326
180,61,1003
181,61,921
182,61,809
183,61,988
184,61,261
185,61,597
186,61,843
187,61,20
188,61,256
189,61,743
190,61,437
191,61,525
192,61,237
193,61,970
194,61,580
195,61,938
196,61,490
197,61,957
198,61,313
199,61,309
200,61,410
201,61,981
202,61,980
203,61,962
204,61,80
205,61,414
206,61,709
207,61,201
208,61,571
209,61,914
210,61,218
211,61,667
212,61,960
213,61,135
214,61,179
215,61,161
216,61,916
217,61,772
218,61,566
219,61,929
220,61,953
221,61,77
222,61,156
223,61,753
224,61,787
225,61,610
226,61,972
227,61,1020
228,61,171
229,61,908
230,61,251
231,61,27
232,61,36
233,61,184
234,61,857
235,61,219
236,61,29
237,61,157
238,61,996
239,61,421
240,61,205
241,61,494
242,61,58
243,61,794
244,61,532
245,61,989
246,61,777
247,61,393
248,61,112
249,61,318
250,61,373
251,61,982
252,61,700
253,61,88
254,61,148
255,61,160
256,61,345
257,61,944
258,61,5
259,61,965
260,61,34
261,61,646
262,61,763
263,61,509
264,61,827
265,61,429
266,61,127
267,61,235
268,61,9
269,61,627
270,61,390
271,61,555
272,61,350
273,61,223
274,61,549
275,61,214
276,61,226
277,61,545
278,61,503
279,61,797
280,61,951
281,61,294
282,61,216
283,61,869
284,61,193
285,61,204
286,61,930
287,61,697
288,61,842
289,61,515
290,61,213
291,61,202
292,61,656
293,61,140
294,61,541
295,61,630
296,61,392
297,61,535
298,61,241
299,61,93
300,61,454
301,61,739
302,61,41
303,61,662
304,61,511
305,61,12
306,61,821
307,61,386
308,61,379
309,61,420
310,61,725
311,61,527
312,61,315
313,61,333
314,61,837
315,61,813
316,61,119
317,61,424
318,61,668
319,61,728
320,61,959
321,61,632
322,61,992
323,61,496
324,61,8
325,61,197
326,61,381
327,61,658
328,61,132
329,61,925
330,61,110
331,61,285
332,61,894
333,61,689
334,61,792
335,61,369
336,61,228
337,61,236
338,61,70
339,61,701
340,61,947
341,61,699
342,61,464
343,61,39
344,61,54
345,61,1005
346,61,856
347,61,31
348,61,737
349,61,976
350,61,570
351,61,51
352,61,912
353,61,325
354,61,442
355,61,707
356,61,991
357,61,799
358,61,552
359,61,499
360,61,453
361,61,460
362,61,1012
363,61,147
364,61,1018
365,61,893
366,61,864
367,61,85
368,61,681
369,61,164
370,61,162
371,61,922
372,61,106
373,61,451
374,61,45
375,61,826
376,61,751
377,61,544
378,61,849
379,61,834
380,61,559
381,61,355
382,61,673
383,61,664
384,61,682
385,61,305
386,61,568
387,61,828
388,61,892
389,61,776
390,61,343
391,61,895
392,61,920
393,61,875
394,61,862
395,61,286
396,61,43
397,61,523
398,61,349
399,61,245
